ISO-10303-21;
HEADER;
FILE_DESCRIPTION (('STEP'), '1');
FILE_NAME ('C:\\projects\\3dmodel\\ansicCaseWirelessSwitchSupport.stp', '2026-02-03T21:07:11', ('Unknown'), ('Unknown'), 'HarmonyWare STEP v2.1.9', 'HarmonyWare Translators', '');
FILE_SCHEMA (('CONFIG_CONTROL_DESIGN'));
ENDSEC;

DATA;
#1 = CARTESIAN_POINT ('', (72.2840097423309, 112.548097038856, -5.));
#2 = CARTESIAN_POINT ('', (72.9911165235173, 111.84099025767, -5.));
#3 = CARTESIAN_POINT ('', (72.9911165235172, 111.133883476483, -5.));
#4 = CARTESIAN_POINT ('', (72.2840097423307, 111.133883476483, -5.));
#5 = CARTESIAN_POINT ('', (71.5769029611442, 111.84099025767, -5.));
#6 = CARTESIAN_POINT ('', (71.5769029611444, 112.548097038857, -5.));
#7 = CARTESIAN_POINT ('', (72.284009742331, 112.548097038856, -5.));
#8 = B_SPLINE_CURVE_WITH_KNOTS ('', 1, (#1, #2, #3, #4, #5, #6, #7), .UNSPECIFIED., .T., .U., (2, 1, 1, 1, 1, 1, 2), (0., 1., 1.70710678118655, 2.41421356237309, 3.41421356237309, 4.12132034355964, 4.82842712474619), .UNSPECIFIED.);
#9 = COLOUR_RGB ('', 0., 0.333333333333333, 1.);
#10 = DRAUGHTING_PRE_DEFINED_CURVE_FONT ('continuous');
#11 = CURVE_STYLE ('', #10, POSITIVE_LENGTH_MEASURE(1.E-6), #9);
#12 = PRESENTATION_STYLE_ASSIGNMENT ((#11));
#13 = STYLED_ITEM ('', (#12), #8);
#14 = PRESENTATION_LAYER_ASSIGNMENT ('Level 5', 'Level 5', (#8, #26, #54, #70, #375, #718, #1061, #1404, #1747, #2090, #2433, #2776, #3319, #4424, #5529));
#15 = GEOMETRIC_CURVE_SET ('', (#8, #26, #54, #70));
#16 = COLOUR_RGB ('', 0., 0.333333333333333, 1.);
#17 = DRAUGHTING_PRE_DEFINED_CURVE_FONT ('continuous');
#18 = CURVE_STYLE ('', #17, POSITIVE_LENGTH_MEASURE(1.E-6), #16);
#19 = PRESENTATION_STYLE_ASSIGNMENT ((#18));
#20 = STYLED_ITEM ('', (#19), #8);
#21 = CARTESIAN_POINT ('', (71.5769029611444, 106.451902961143, -4.5));
#22 = CARTESIAN_POINT ('', (80.9230970388558, 106.451902961143, -4.5));
#23 = CARTESIAN_POINT ('', (80.9230970388558, 118.64429111657, -4.5));
#24 = CARTESIAN_POINT ('', (71.5769029611444, 118.64429111657, -4.5));
#25 = CARTESIAN_POINT ('', (71.5769029611444, 106.451902961143, -4.5));
#26 = B_SPLINE_CURVE_WITH_KNOTS ('', 1, (#21, #22, #23, #24, #25), .UNSPECIFIED., .T., .U., (2, 1, 1, 1, 2), (0., 9.34619407771143, 21.5385822331387, 30.8847763108502, 43.0771644662775), .UNSPECIFIED.);
#27 = COLOUR_RGB ('', 0., 0.333333333333333, 1.);
#28 = DRAUGHTING_PRE_DEFINED_CURVE_FONT ('continuous');
#29 = CURVE_STYLE ('', #28, POSITIVE_LENGTH_MEASURE(1.E-6), #27);
#30 = PRESENTATION_STYLE_ASSIGNMENT ((#29));
#31 = STYLED_ITEM ('', (#30), #26);
#32 = COLOUR_RGB ('', 0., 0.333333333333333, 1.);
#33 = DRAUGHTING_PRE_DEFINED_CURVE_FONT ('continuous');
#34 = CURVE_STYLE ('', #33, POSITIVE_LENGTH_MEASURE(1.E-6), #32);
#35 = PRESENTATION_STYLE_ASSIGNMENT ((#34));
#36 = STYLED_ITEM ('', (#35), #26);
#37 = CARTESIAN_POINT ('', (71.5769029611444, 120.14429111657, -4.5));
#38 = CARTESIAN_POINT ('', (70.0769029611444, 120.14429111657, -4.5));
#39 = CARTESIAN_POINT ('', (70.0769029611444, 118.64429111657, -4.5));
#40 = CARTESIAN_POINT ('', (70.0769029611444, 112.548097038857, -4.5));
#41 = CARTESIAN_POINT ('', (70.0769029611444, 106.451902961143, -4.5));
#42 = CARTESIAN_POINT ('', (70.0769029611444, 104.951902961143, -4.5));
#43 = CARTESIAN_POINT ('', (71.5769029611444, 104.951902961143, -4.5));
#44 = CARTESIAN_POINT ('', (76.2500000000001, 104.951902961143, -4.5));
#45 = CARTESIAN_POINT ('', (80.9230970388558, 104.951902961143, -4.5));
#46 = CARTESIAN_POINT ('', (82.4230970388558, 104.951902961143, -4.5));
#47 = CARTESIAN_POINT ('', (82.4230970388558, 106.451902961143, -4.5));
#48 = CARTESIAN_POINT ('', (82.4230970388558, 112.548097038857, -4.5));
#49 = CARTESIAN_POINT ('', (82.4230970388558, 118.64429111657, -4.5));
#50 = CARTESIAN_POINT ('', (82.4230970388558, 120.14429111657, -4.5));
#51 = CARTESIAN_POINT ('', (80.9230970388558, 120.14429111657, -4.5));
#52 = CARTESIAN_POINT ('', (76.2500000000001, 120.14429111657, -4.5));
#53 = CARTESIAN_POINT ('', (71.5769029611444, 120.14429111657, -4.5));
#54 = (
   BOUNDED_CURVE ()
   B_SPLINE_CURVE (2, (#37, #38, #39, #40, #41, #42, #43, #44, #45, #46, #47, #48, #49, #50, #51, #52, #53), .UNSPECIFIED., .T., .U.)
   B_SPLINE_CURVE_WITH_KNOTS ((3, 2, 2, 2, 2, 2, 2, 2, 3), (0., 1., 13.1923881554273, 14.1923881554273, 23.5385822331387, 24.5385822331387, 36.730970388566, 37.730970388566, 47.0771644662775), .UNSPECIFIED.)
   CURVE ()
   GEOMETRIC_REPRESENTATION_ITEM ()
   RATIONAL_B_SPLINE_CURVE ((1., 0.707106781186548, 1., 1., 1., 0.707106781186548, 1., 1., 1., 0.707106781186548, 1., 1., 1., 0.707106781186548, 1., 1., 1.))
   REPRESENTATION_ITEM ('')
);
#55 = COLOUR_RGB ('', 0., 0.333333333333333, 1.);
#56 = DRAUGHTING_PRE_DEFINED_CURVE_FONT ('continuous');
#57 = CURVE_STYLE ('', #56, POSITIVE_LENGTH_MEASURE(1.E-6), #55);
#58 = PRESENTATION_STYLE_ASSIGNMENT ((#57));
#59 = STYLED_ITEM ('', (#58), #54);
#60 = COLOUR_RGB ('', 0., 0.333333333333333, 1.);
#61 = DRAUGHTING_PRE_DEFINED_CURVE_FONT ('continuous');
#62 = CURVE_STYLE ('', #61, POSITIVE_LENGTH_MEASURE(1.E-6), #60);
#63 = PRESENTATION_STYLE_ASSIGNMENT ((#62));
#64 = STYLED_ITEM ('', (#63), #54);
#65 = CARTESIAN_POINT ('', (75.5000000000001, 110.25, -3.50000000000011));
#66 = CARTESIAN_POINT ('', (77.0000000000001, 110.25, -3.50000000000011));
#67 = CARTESIAN_POINT ('', (77.0000000000001, 108.75, -3.50000000000011));
#68 = CARTESIAN_POINT ('', (75.5000000000001, 108.75, -3.50000000000011));
#69 = CARTESIAN_POINT ('', (75.5000000000001, 110.25, -3.50000000000011));
#70 = B_SPLINE_CURVE_WITH_KNOTS ('', 1, (#65, #66, #67, #68, #69), .UNSPECIFIED., .T., .U., (2, 1, 1, 1, 2), (0., 1.5, 3., 4.5, 6.), .UNSPECIFIED.);
#71 = COLOUR_RGB ('', 0., 0.333333333333333, 1.);
#72 = DRAUGHTING_PRE_DEFINED_CURVE_FONT ('continuous');
#73 = CURVE_STYLE ('', #72, POSITIVE_LENGTH_MEASURE(1.E-6), #71);
#74 = PRESENTATION_STYLE_ASSIGNMENT ((#73));
#75 = STYLED_ITEM ('', (#74), #70);
#76 = COLOUR_RGB ('', 0., 0.333333333333333, 1.);
#77 = DRAUGHTING_PRE_DEFINED_CURVE_FONT ('continuous');
#78 = CURVE_STYLE ('', #77, POSITIVE_LENGTH_MEASURE(1.E-6), #76);
#79 = PRESENTATION_STYLE_ASSIGNMENT ((#78));
#80 = STYLED_ITEM ('', (#79), #70);
#81 = (
   LENGTH_UNIT ()
   NAMED_UNIT (*)
   SI_UNIT ($, .METRE.)
);
#82 = (
   NAMED_UNIT (*)
   SI_UNIT ($, .STERADIAN.)
   SOLID_ANGLE_UNIT ()
);
#83 = (
   NAMED_UNIT (*)
   PLANE_ANGLE_UNIT ()
   SI_UNIT ($, .RADIAN.)
);
#84 = UNCERTAINTY_MEASURE_WITH_UNIT (LENGTH_MEASURE(0.001), #81, 'DISTANCE_ACCURACY_VALUE', '');
#85 = (
   GEOMETRIC_REPRESENTATION_CONTEXT (3)
   GLOBAL_UNCERTAINTY_ASSIGNED_CONTEXT ((#84))
   GLOBAL_UNIT_ASSIGNED_CONTEXT ((#81, #82, #83))
   REPRESENTATION_CONTEXT ('', '3D')
);
#86 = SHAPE_REPRESENTATION ('', (#513, #856, #1199, #1542, #1885, #2228, #2571, #2914, #3457, #4562, #5667), #85);
#87 = APPLICATION_CONTEXT ('configuration controlled 3D designs of mechanical parts and assemblies');
#88 = APPLICATION_PROTOCOL_DEFINITION ('International Standard', 'config_control_design', 1997, #87);
#89 = MECHANICAL_CONTEXT ('', #87, 'mechanical');
#90 = PRODUCT ('', '', '', (#89));
#91 = PERSON_AND_ORGANIZATION_ROLE ('design_owner');
#92 = PERSON ('#92', '', $, $, $, $);
#93 = ORGANIZATION ($, '', '');
#94 = PERSON_AND_ORGANIZATION (#92, #93);
#95 = CC_DESIGN_PERSON_AND_ORGANIZATION_ASSIGNMENT (#94, #91, (#90));
#96 = PRODUCT_RELATED_PRODUCT_CATEGORY ('detail', $, (#90));
#97 = PRODUCT_DEFINITION_FORMATION_WITH_SPECIFIED_SOURCE ('', '', #90, .NOT_KNOWN.);
#98 = APPROVAL_STATUS ('approved');
#99 = APPROVAL (#98, '');
#100 = CALENDAR_DATE (2026, 3, 2);
#101 = COORDINATED_UNIVERSAL_TIME_OFFSET (0, $, .AHEAD.);
#102 = LOCAL_TIME (21, 7, 11., #101);
#103 = DATE_AND_TIME (#100, #102);
#104 = APPROVAL_DATE_TIME (#103, #99);
#105 = APPROVAL_ROLE ('');
#106 = PERSON ('#106', '', $, $, $, $);
#107 = ORGANIZATION ($, '', '');
#108 = PERSON_AND_ORGANIZATION (#106, #107);
#109 = APPROVAL_PERSON_ORGANIZATION (#108, #99, #105);
#110 = CC_DESIGN_APPROVAL (#99, (#97));
#111 = PERSON_AND_ORGANIZATION_ROLE ('creator');
#112 = PERSON ('#112', '', $, $, $, $);
#113 = ORGANIZATION ($, '', '');
#114 = PERSON_AND_ORGANIZATION (#112, #113);
#115 = CC_DESIGN_PERSON_AND_ORGANIZATION_ASSIGNMENT (#114, #111, (#97));
#116 = PERSON_AND_ORGANIZATION_ROLE ('part_supplier');
#117 = PERSON ('#117', '', $, $, $, $);
#118 = ORGANIZATION ($, '', '');
#119 = PERSON_AND_ORGANIZATION (#117, #118);
#120 = CC_DESIGN_PERSON_AND_ORGANIZATION_ASSIGNMENT (#119, #116, (#97));
#121 = SECURITY_CLASSIFICATION_LEVEL ('unclassified');
#122 = SECURITY_CLASSIFICATION ('', '', #121);
#123 = APPROVAL_STATUS ('approved');
#124 = APPROVAL (#123, '');
#125 = CALENDAR_DATE (2026, 3, 2);
#126 = COORDINATED_UNIVERSAL_TIME_OFFSET (0, $, .AHEAD.);
#127 = LOCAL_TIME (21, 7, 11., #126);
#128 = DATE_AND_TIME (#125, #127);
#129 = APPROVAL_DATE_TIME (#128, #124);
#130 = APPROVAL_ROLE ('');
#131 = PERSON ('#131', '', $, $, $, $);
#132 = ORGANIZATION ($, '', '');
#133 = PERSON_AND_ORGANIZATION (#131, #132);
#134 = APPROVAL_PERSON_ORGANIZATION (#133, #124, #130);
#135 = CC_DESIGN_APPROVAL (#124, (#122));
#136 = DATE_TIME_ROLE ('classification_date');
#137 = CALENDAR_DATE (2026, 3, 2);
#138 = COORDINATED_UNIVERSAL_TIME_OFFSET (0, $, .AHEAD.);
#139 = LOCAL_TIME (21, 7, 11., #138);
#140 = DATE_AND_TIME (#137, #139);
#141 = CC_DESIGN_DATE_AND_TIME_ASSIGNMENT (#140, #136, (#122));
#142 = PERSON_AND_ORGANIZATION_ROLE ('classification_officer');
#143 = PERSON ('#143', '', $, $, $, $);
#144 = ORGANIZATION ($, '', '');
#145 = PERSON_AND_ORGANIZATION (#143, #144);
#146 = CC_DESIGN_PERSON_AND_ORGANIZATION_ASSIGNMENT (#145, #142, (#122));
#147 = CC_DESIGN_SECURITY_CLASSIFICATION (#122, (#97));
#148 = DESIGN_CONTEXT ('', #87, 'design');
#149 = APPROVAL_STATUS ('approved');
#150 = APPROVAL (#149, '');
#151 = CALENDAR_DATE (2026, 3, 2);
#152 = COORDINATED_UNIVERSAL_TIME_OFFSET (0, $, .AHEAD.);
#153 = LOCAL_TIME (21, 7, 11., #152);
#154 = DATE_AND_TIME (#151, #153);
#155 = APPROVAL_DATE_TIME (#154, #150);
#156 = APPROVAL_ROLE ('');
#157 = PERSON ('#157', '', $, $, $, $);
#158 = ORGANIZATION ($, '', '');
#159 = PERSON_AND_ORGANIZATION (#157, #158);
#160 = APPROVAL_PERSON_ORGANIZATION (#159, #150, #156);
#161 = CC_DESIGN_APPROVAL (#150, (*));
#162 = DATE_TIME_ROLE ('creation_date');
#163 = CALENDAR_DATE (2026, 3, 2);
#164 = COORDINATED_UNIVERSAL_TIME_OFFSET (0, $, .AHEAD.);
#165 = LOCAL_TIME (21, 7, 11., #164);
#166 = DATE_AND_TIME (#163, #165);
#167 = CC_DESIGN_DATE_AND_TIME_ASSIGNMENT (#166, #162, (*));
#168 = PERSON_AND_ORGANIZATION_ROLE ('creator');
#169 = PERSON ('#169', '', $, $, $, $);
#170 = ORGANIZATION ($, '', '');
#171 = PERSON_AND_ORGANIZATION (#169, #170);
#172 = CC_DESIGN_PERSON_AND_ORGANIZATION_ASSIGNMENT (#171, #168, (*));
#173 = PRODUCT_DEFINITION ('', '', #97, #148);
#174 = PRODUCT_DEFINITION_SHAPE ('', '', #173);
#175 = SHAPE_DEFINITION_REPRESENTATION (#174, #86);
#176 = SHAPE_REPRESENTATION_RELATIONSHIP ('', '', #86, #177);
#177 = GEOMETRICALLY_BOUNDED_WIREFRAME_SHAPE_REPRESENTATION ('', (#15), #85);
#178 = CARTESIAN_POINT ('', (71.5769029611442, 111.84099025767, -5.));
#179 = VERTEX_POINT ('', #178);
#180 = CARTESIAN_POINT ('', (71.5769029611444, 112.548097038857, -5.));
#181 = VERTEX_POINT ('', #180);
#182 = CARTESIAN_POINT ('', (71.5769029611442, 111.84099025767, -5.));
#183 = CARTESIAN_POINT ('', (71.5769029611444, 112.548097038857, -5.));
#184 = B_SPLINE_CURVE_WITH_KNOTS ('', 1, (#182, #183), .UNSPECIFIED., .F., .U., (2, 2), (3.41421356237309, 4.12132034355964), .UNSPECIFIED.);
#185 = EDGE_CURVE ('', #179, #181, #184, .T.);
#186 = ORIENTED_EDGE ('', *, *, #185, .T.);
#187 = CARTESIAN_POINT ('', (72.2840097423309, 112.548097038856, -5.));
#188 = VERTEX_POINT ('', #187);
#189 = CARTESIAN_POINT ('', (71.5769029611444, 112.548097038857, -5.));
#190 = CARTESIAN_POINT ('', (72.2840097423309, 112.548097038856, -5.));
#191 = B_SPLINE_CURVE_WITH_KNOTS ('', 1, (#189, #190), .UNSPECIFIED., .F., .U., (2, 2), (4.12132034355964, 4.82842712474619), .UNSPECIFIED.);
#192 = EDGE_CURVE ('', #181, #188, #191, .T.);
#193 = ORIENTED_EDGE ('', *, *, #192, .T.);
#194 = CARTESIAN_POINT ('', (72.9911165235173, 111.84099025767, -5.));
#195 = VERTEX_POINT ('', #194);
#196 = CARTESIAN_POINT ('', (72.2840097423309, 112.548097038856, -5.));
#197 = CARTESIAN_POINT ('', (72.9911165235173, 111.84099025767, -5.));
#198 = B_SPLINE_CURVE_WITH_KNOTS ('', 1, (#196, #197), .UNSPECIFIED., .F., .U., (2, 2), (0., 1.), .UNSPECIFIED.);
#199 = EDGE_CURVE ('', #188, #195, #198, .T.);
#200 = ORIENTED_EDGE ('', *, *, #199, .T.);
#201 = CARTESIAN_POINT ('', (72.9911165235172, 111.133883476483, -5.));
#202 = VERTEX_POINT ('', #201);
#203 = CARTESIAN_POINT ('', (72.9911165235173, 111.84099025767, -5.));
#204 = CARTESIAN_POINT ('', (72.9911165235172, 111.133883476483, -5.));
#205 = B_SPLINE_CURVE_WITH_KNOTS ('', 1, (#203, #204), .UNSPECIFIED., .F., .U., (2, 2), (1., 1.70710678118655), .UNSPECIFIED.);
#206 = EDGE_CURVE ('', #195, #202, #205, .T.);
#207 = ORIENTED_EDGE ('', *, *, #206, .T.);
#208 = CARTESIAN_POINT ('', (72.2840097423307, 111.133883476483, -5.));
#209 = VERTEX_POINT ('', #208);
#210 = CARTESIAN_POINT ('', (72.9911165235172, 111.133883476483, -5.));
#211 = CARTESIAN_POINT ('', (72.2840097423307, 111.133883476483, -5.));
#212 = B_SPLINE_CURVE_WITH_KNOTS ('', 1, (#210, #211), .UNSPECIFIED., .F., .U., (2, 2), (1.70710678118655, 2.41421356237309), .UNSPECIFIED.);
#213 = EDGE_CURVE ('', #202, #209, #212, .T.);
#214 = ORIENTED_EDGE ('', *, *, #213, .T.);
#215 = CARTESIAN_POINT ('', (72.2840097423307, 111.133883476483, -5.));
#216 = CARTESIAN_POINT ('', (71.5769029611442, 111.84099025767, -5.));
#217 = B_SPLINE_CURVE_WITH_KNOTS ('', 1, (#215, #216), .UNSPECIFIED., .F., .U., (2, 2), (2.41421356237309, 3.41421356237309), .UNSPECIFIED.);
#218 = EDGE_CURVE ('', #209, #179, #217, .T.);
#219 = ORIENTED_EDGE ('', *, *, #218, .T.);
#220 = EDGE_LOOP ('', (#186, #193, #200, #207, #214, #219));
#221 = FACE_OUTER_BOUND ('', #220, .T.);
#222 = CARTESIAN_POINT ('', (71.5769029611442, 111.133883476483, -5.));
#223 = CARTESIAN_POINT ('', (72.9911165235173, 111.133883476483, -5.));
#224 = CARTESIAN_POINT ('', (71.5769029611442, 112.548097038857, -5.));
#225 = CARTESIAN_POINT ('', (72.9911165235173, 112.548097038857, -5.));
#226 = B_SPLINE_SURFACE_WITH_KNOTS ('', 1, 1, ((#222, #223), (#224, #225)), .UNSPECIFIED., .F., .F., .U., (2, 2), (2, 2), (0.331641242574603, 0.668358757425377), (0.33164124257465, 0.668358757425353), .UNSPECIFIED.);
#227 = ADVANCED_FACE ('', (#221), #226, .T.);
#228 = CARTESIAN_POINT ('', (71.5769029611444, 112.548097038857, -4.5));
#229 = VERTEX_POINT ('', #228);
#230 = CARTESIAN_POINT ('', (71.5769029611444, 112.548097038857, -5.));
#231 = CARTESIAN_POINT ('', (71.5769029611444, 112.548097038857, -4.5));
#232 = B_SPLINE_CURVE_WITH_KNOTS ('', 1, (#230, #231), .UNSPECIFIED., .F., .U., (2, 2), (0., 1.), .UNSPECIFIED.);
#233 = EDGE_CURVE ('', #181, #229, #232, .T.);
#234 = ORIENTED_EDGE ('', *, *, #233, .F.);
#235 = ORIENTED_EDGE ('', *, *, #185, .F.);
#236 = CARTESIAN_POINT ('', (71.5769029611442, 111.84099025767, -4.5));
#237 = VERTEX_POINT ('', #236);
#238 = CARTESIAN_POINT ('', (71.5769029611442, 111.84099025767, -5.));
#239 = CARTESIAN_POINT ('', (71.5769029611442, 111.84099025767, -4.5));
#240 = B_SPLINE_CURVE_WITH_KNOTS ('', 1, (#238, #239), .UNSPECIFIED., .F., .U., (2, 2), (0., 1.), .UNSPECIFIED.);
#241 = EDGE_CURVE ('', #179, #237, #240, .T.);
#242 = ORIENTED_EDGE ('', *, *, #241, .T.);
#243 = CARTESIAN_POINT ('', (71.5769029611442, 111.84099025767, -4.5));
#244 = CARTESIAN_POINT ('', (71.5769029611444, 112.548097038857, -4.5));
#245 = B_SPLINE_CURVE_WITH_KNOTS ('', 1, (#243, #244), .UNSPECIFIED., .F., .U., (2, 2), (3.41421356237309, 4.12132034355964), .UNSPECIFIED.);
#246 = EDGE_CURVE ('', #237, #229, #245, .T.);
#247 = ORIENTED_EDGE ('', *, *, #246, .T.);
#248 = EDGE_LOOP ('', (#234, #235, #242, #247));
#249 = FACE_OUTER_BOUND ('', #248, .T.);
#250 = CARTESIAN_POINT ('', (71.5769029611442, 111.84099025767, -5.));
#251 = CARTESIAN_POINT ('', (71.5769029611444, 112.548097038857, -5.));
#252 = CARTESIAN_POINT ('', (71.5769029611442, 111.84099025767, -4.5));
#253 = CARTESIAN_POINT ('', (71.5769029611444, 112.548097038857, -4.5));
#254 = B_SPLINE_SURFACE_WITH_KNOTS ('', 1, 1, ((#250, #251), (#252, #253)), .UNSPECIFIED., .F., .F., .U., (2, 2), (2, 2), (0., 1.), (3.41421356237309, 4.12132034355964), .UNSPECIFIED.);
#255 = ADVANCED_FACE ('', (#249), #254, .T.);
#256 = ORIENTED_EDGE ('', *, *, #246, .F.);
#257 = CARTESIAN_POINT ('', (72.2840097423307, 111.133883476483, -4.5));
#258 = VERTEX_POINT ('', #257);
#259 = CARTESIAN_POINT ('', (72.2840097423307, 111.133883476483, -4.5));
#260 = CARTESIAN_POINT ('', (71.5769029611442, 111.84099025767, -4.5));
#261 = B_SPLINE_CURVE_WITH_KNOTS ('', 1, (#259, #260), .UNSPECIFIED., .F., .U., (2, 2), (2.41421356237309, 3.41421356237309), .UNSPECIFIED.);
#262 = EDGE_CURVE ('', #258, #237, #261, .T.);
#263 = ORIENTED_EDGE ('', *, *, #262, .F.);
#264 = CARTESIAN_POINT ('', (72.9911165235172, 111.133883476483, -4.5));
#265 = VERTEX_POINT ('', #264);
#266 = CARTESIAN_POINT ('', (72.9911165235172, 111.133883476483, -4.5));
#267 = CARTESIAN_POINT ('', (72.2840097423307, 111.133883476483, -4.5));
#268 = B_SPLINE_CURVE_WITH_KNOTS ('', 1, (#266, #267), .UNSPECIFIED., .F., .U., (2, 2), (1.70710678118655, 2.41421356237309), .UNSPECIFIED.);
#269 = EDGE_CURVE ('', #265, #258, #268, .T.);
#270 = ORIENTED_EDGE ('', *, *, #269, .F.);
#271 = CARTESIAN_POINT ('', (72.9911165235173, 111.84099025767, -4.5));
#272 = VERTEX_POINT ('', #271);
#273 = CARTESIAN_POINT ('', (72.9911165235173, 111.84099025767, -4.5));
#274 = CARTESIAN_POINT ('', (72.9911165235172, 111.133883476483, -4.5));
#275 = B_SPLINE_CURVE_WITH_KNOTS ('', 1, (#273, #274), .UNSPECIFIED., .F., .U., (2, 2), (1., 1.70710678118655), .UNSPECIFIED.);
#276 = EDGE_CURVE ('', #272, #265, #275, .T.);
#277 = ORIENTED_EDGE ('', *, *, #276, .F.);
#278 = CARTESIAN_POINT ('', (72.2840097423309, 112.548097038856, -4.5));
#279 = VERTEX_POINT ('', #278);
#280 = CARTESIAN_POINT ('', (72.2840097423309, 112.548097038856, -4.5));
#281 = CARTESIAN_POINT ('', (72.9911165235173, 111.84099025767, -4.5));
#282 = B_SPLINE_CURVE_WITH_KNOTS ('', 1, (#280, #281), .UNSPECIFIED., .F., .U., (2, 2), (0., 1.), .UNSPECIFIED.);
#283 = EDGE_CURVE ('', #279, #272, #282, .T.);
#284 = ORIENTED_EDGE ('', *, *, #283, .F.);
#285 = CARTESIAN_POINT ('', (71.5769029611444, 112.548097038857, -4.5));
#286 = CARTESIAN_POINT ('', (72.2840097423309, 112.548097038856, -4.5));
#287 = B_SPLINE_CURVE_WITH_KNOTS ('', 1, (#285, #286), .UNSPECIFIED., .F., .U., (2, 2), (4.12132034355964, 4.82842712474619), .UNSPECIFIED.);
#288 = EDGE_CURVE ('', #229, #279, #287, .T.);
#289 = ORIENTED_EDGE ('', *, *, #288, .F.);
#290 = EDGE_LOOP ('', (#256, #263, #270, #277, #284, #289));
#291 = FACE_OUTER_BOUND ('', #290, .T.);
#292 = CARTESIAN_POINT ('', (71.5769029611442, 111.133883476483, -4.5));
#293 = CARTESIAN_POINT ('', (71.5769029611442, 112.548097038857, -4.5));
#294 = CARTESIAN_POINT ('', (72.9911165235173, 111.133883476483, -4.5));
#295 = CARTESIAN_POINT ('', (72.9911165235173, 112.548097038857, -4.5));
#296 = B_SPLINE_SURFACE_WITH_KNOTS ('', 1, 1, ((#292, #293), (#294, #295)), .UNSPECIFIED., .F., .F., .U., (2, 2), (2, 2), (0.33164124257465, 0.668358757425353), (0.331641242574603, 0.668358757425377), .UNSPECIFIED.);
#297 = ADVANCED_FACE ('', (#291), #296, .T.);
#298 = ORIENTED_EDGE ('', *, *, #241, .F.);
#299 = ORIENTED_EDGE ('', *, *, #218, .F.);
#300 = CARTESIAN_POINT ('', (72.2840097423307, 111.133883476483, -5.));
#301 = CARTESIAN_POINT ('', (72.2840097423307, 111.133883476483, -4.5));
#302 = B_SPLINE_CURVE_WITH_KNOTS ('', 1, (#300, #301), .UNSPECIFIED., .F., .U., (2, 2), (0., 1.), .UNSPECIFIED.);
#303 = EDGE_CURVE ('', #209, #258, #302, .T.);
#304 = ORIENTED_EDGE ('', *, *, #303, .T.);
#305 = ORIENTED_EDGE ('', *, *, #262, .T.);
#306 = EDGE_LOOP ('', (#298, #299, #304, #305));
#307 = FACE_OUTER_BOUND ('', #306, .T.);
#308 = CARTESIAN_POINT ('', (72.2840097423307, 111.133883476483, -5.));
#309 = CARTESIAN_POINT ('', (71.5769029611442, 111.84099025767, -5.));
#310 = CARTESIAN_POINT ('', (72.2840097423307, 111.133883476483, -4.5));
#311 = CARTESIAN_POINT ('', (71.5769029611442, 111.84099025767, -4.5));
#312 = B_SPLINE_SURFACE_WITH_KNOTS ('', 1, 1, ((#308, #309), (#310, #311)), .UNSPECIFIED., .F., .F., .U., (2, 2), (2, 2), (0., 1.), (2.41421356237309, 3.41421356237309), .UNSPECIFIED.);
#313 = ADVANCED_FACE ('', (#307), #312, .T.);
#314 = ORIENTED_EDGE ('', *, *, #303, .F.);
#315 = ORIENTED_EDGE ('', *, *, #213, .F.);
#316 = CARTESIAN_POINT ('', (72.9911165235172, 111.133883476483, -5.));
#317 = CARTESIAN_POINT ('', (72.9911165235172, 111.133883476483, -4.5));
#318 = B_SPLINE_CURVE_WITH_KNOTS ('', 1, (#316, #317), .UNSPECIFIED., .F., .U., (2, 2), (0., 1.), .UNSPECIFIED.);
#319 = EDGE_CURVE ('', #202, #265, #318, .T.);
#320 = ORIENTED_EDGE ('', *, *, #319, .T.);
#321 = ORIENTED_EDGE ('', *, *, #269, .T.);
#322 = EDGE_LOOP ('', (#314, #315, #320, #321));
#323 = FACE_OUTER_BOUND ('', #322, .T.);
#324 = CARTESIAN_POINT ('', (72.9911165235172, 111.133883476483, -5.));
#325 = CARTESIAN_POINT ('', (72.2840097423306, 111.133883476483, -5.));
#326 = CARTESIAN_POINT ('', (72.9911165235172, 111.133883476483, -4.5));
#327 = CARTESIAN_POINT ('', (72.2840097423306, 111.133883476483, -4.5));
#328 = B_SPLINE_SURFACE_WITH_KNOTS ('', 1, 1, ((#324, #325), (#326, #327)), .UNSPECIFIED., .F., .F., .U., (2, 2), (2, 2), (0., 1.), (1.70710678118655, 2.41421356237309), .UNSPECIFIED.);
#329 = ADVANCED_FACE ('', (#323), #328, .T.);
#330 = ORIENTED_EDGE ('', *, *, #319, .F.);
#331 = ORIENTED_EDGE ('', *, *, #206, .F.);
#332 = CARTESIAN_POINT ('', (72.9911165235173, 111.84099025767, -5.));
#333 = CARTESIAN_POINT ('', (72.9911165235173, 111.84099025767, -4.5));
#334 = B_SPLINE_CURVE_WITH_KNOTS ('', 1, (#332, #333), .UNSPECIFIED., .F., .U., (2, 2), (0., 1.), .UNSPECIFIED.);
#335 = EDGE_CURVE ('', #195, #272, #334, .T.);
#336 = ORIENTED_EDGE ('', *, *, #335, .T.);
#337 = ORIENTED_EDGE ('', *, *, #276, .T.);
#338 = EDGE_LOOP ('', (#330, #331, #336, #337));
#339 = FACE_OUTER_BOUND ('', #338, .T.);
#340 = CARTESIAN_POINT ('', (72.9911165235173, 111.84099025767, -5.));
#341 = CARTESIAN_POINT ('', (72.9911165235172, 111.133883476483, -5.));
#342 = CARTESIAN_POINT ('', (72.9911165235173, 111.84099025767, -4.5));
#343 = CARTESIAN_POINT ('', (72.9911165235172, 111.133883476483, -4.5));
#344 = B_SPLINE_SURFACE_WITH_KNOTS ('', 1, 1, ((#340, #341), (#342, #343)), .UNSPECIFIED., .F., .F., .U., (2, 2), (2, 2), (0., 1.), (1., 1.70710678118655), .UNSPECIFIED.);
#345 = ADVANCED_FACE ('', (#339), #344, .T.);
#346 = ORIENTED_EDGE ('', *, *, #335, .F.);
#347 = ORIENTED_EDGE ('', *, *, #199, .F.);
#348 = CARTESIAN_POINT ('', (72.2840097423309, 112.548097038856, -5.));
#349 = CARTESIAN_POINT ('', (72.2840097423309, 112.548097038856, -4.5));
#350 = B_SPLINE_CURVE_WITH_KNOTS ('', 1, (#348, #349), .UNSPECIFIED., .F., .U., (2, 2), (0., 1.), .UNSPECIFIED.);
#351 = EDGE_CURVE ('', #188, #279, #350, .T.);
#352 = ORIENTED_EDGE ('', *, *, #351, .T.);
#353 = ORIENTED_EDGE ('', *, *, #283, .T.);
#354 = EDGE_LOOP ('', (#346, #347, #352, #353));
#355 = FACE_OUTER_BOUND ('', #354, .T.);
#356 = CARTESIAN_POINT ('', (72.2840097423309, 112.548097038856, -5.));
#357 = CARTESIAN_POINT ('', (72.9911165235173, 111.84099025767, -5.));
#358 = CARTESIAN_POINT ('', (72.2840097423309, 112.548097038856, -4.5));
#359 = CARTESIAN_POINT ('', (72.9911165235173, 111.84099025767, -4.5));
#360 = B_SPLINE_SURFACE_WITH_KNOTS ('', 1, 1, ((#356, #357), (#358, #359)), .UNSPECIFIED., .F., .F., .U., (2, 2), (2, 2), (0., 1.), (0., 1.), .UNSPECIFIED.);
#361 = ADVANCED_FACE ('', (#355), #360, .T.);
#362 = ORIENTED_EDGE ('', *, *, #351, .F.);
#363 = ORIENTED_EDGE ('', *, *, #192, .F.);
#364 = ORIENTED_EDGE ('', *, *, #233, .T.);
#365 = ORIENTED_EDGE ('', *, *, #288, .T.);
#366 = EDGE_LOOP ('', (#362, #363, #364, #365));
#367 = FACE_OUTER_BOUND ('', #366, .T.);
#368 = CARTESIAN_POINT ('', (71.5769029611444, 112.548097038857, -5.));
#369 = CARTESIAN_POINT ('', (72.2840097423309, 112.548097038856, -5.));
#370 = CARTESIAN_POINT ('', (71.5769029611444, 112.548097038857, -4.5));
#371 = CARTESIAN_POINT ('', (72.2840097423309, 112.548097038856, -4.5));
#372 = B_SPLINE_SURFACE_WITH_KNOTS ('', 1, 1, ((#368, #369), (#370, #371)), .UNSPECIFIED., .F., .F., .U., (2, 2), (2, 2), (0., 1.), (4.12132034355964, 4.82842712474619), .UNSPECIFIED.);
#373 = ADVANCED_FACE ('', (#367), #372, .T.);
#374 = CLOSED_SHELL ('', (#227, #255, #297, #313, #329, #345, #361, #373));
#375 = MANIFOLD_SOLID_BREP ('', #374);
#376 = COLOUR_RGB ('', 0., 0.333333333333333, 1.);
#377 = FILL_AREA_STYLE_COLOUR ('', #376);
#378 = FILL_AREA_STYLE ('', (#377));
#379 = SURFACE_STYLE_FILL_AREA (#378);
#380 = SURFACE_SIDE_STYLE ('', (#379));
#381 = SURFACE_STYLE_USAGE (.POSITIVE., #380);
#382 = PRESENTATION_STYLE_ASSIGNMENT ((#381));
#383 = STYLED_ITEM ('', (#382), #375);
#384 = (
   LENGTH_UNIT ()
   NAMED_UNIT (*)
   SI_UNIT ($, .METRE.)
);
#385 = (
   NAMED_UNIT (*)
   SI_UNIT ($, .STERADIAN.)
   SOLID_ANGLE_UNIT ()
);
#386 = (
   NAMED_UNIT (*)
   PLANE_ANGLE_UNIT ()
   SI_UNIT ($, .RADIAN.)
);
#387 = UNCERTAINTY_MEASURE_WITH_UNIT (LENGTH_MEASURE(0.001), #384, 'DISTANCE_ACCURACY_VALUE', '');
#388 = (
   GEOMETRIC_REPRESENTATION_CONTEXT (3)
   GLOBAL_UNCERTAINTY_ASSIGNED_CONTEXT ((#387))
   GLOBAL_UNIT_ASSIGNED_CONTEXT ((#384, #385, #386))
   REPRESENTATION_CONTEXT ('', '3D')
);
#389 = SHAPE_REPRESENTATION ('', (#517), #388);
#390 = APPLICATION_CONTEXT ('configuration controlled 3D designs of mechanical parts and assemblies');
#391 = APPLICATION_PROTOCOL_DEFINITION ('International Standard', 'config_control_design', 1997, #390);
#392 = MECHANICAL_CONTEXT ('', #390, 'mechanical');
#393 = PRODUCT ('', '', '', (#392));
#394 = PERSON_AND_ORGANIZATION_ROLE ('design_owner');
#395 = PERSON ('#395', '', $, $, $, $);
#396 = ORGANIZATION ($, '', '');
#397 = PERSON_AND_ORGANIZATION (#395, #396);
#398 = CC_DESIGN_PERSON_AND_ORGANIZATION_ASSIGNMENT (#397, #394, (#393));
#399 = PRODUCT_RELATED_PRODUCT_CATEGORY ('detail', $, (#393));
#400 = PRODUCT_DEFINITION_FORMATION_WITH_SPECIFIED_SOURCE ('', '', #393, .NOT_KNOWN.);
#401 = APPROVAL_STATUS ('approved');
#402 = APPROVAL (#401, '');
#403 = CALENDAR_DATE (2026, 3, 2);
#404 = COORDINATED_UNIVERSAL_TIME_OFFSET (0, $, .AHEAD.);
#405 = LOCAL_TIME (21, 7, 11., #404);
#406 = DATE_AND_TIME (#403, #405);
#407 = APPROVAL_DATE_TIME (#406, #402);
#408 = APPROVAL_ROLE ('');
#409 = PERSON ('#409', '', $, $, $, $);
#410 = ORGANIZATION ($, '', '');
#411 = PERSON_AND_ORGANIZATION (#409, #410);
#412 = APPROVAL_PERSON_ORGANIZATION (#411, #402, #408);
#413 = CC_DESIGN_APPROVAL (#402, (#400));
#414 = PERSON_AND_ORGANIZATION_ROLE ('creator');
#415 = PERSON ('#415', '', $, $, $, $);
#416 = ORGANIZATION ($, '', '');
#417 = PERSON_AND_ORGANIZATION (#415, #416);
#418 = CC_DESIGN_PERSON_AND_ORGANIZATION_ASSIGNMENT (#417, #414, (#400));
#419 = PERSON_AND_ORGANIZATION_ROLE ('part_supplier');
#420 = PERSON ('#420', '', $, $, $, $);
#421 = ORGANIZATION ($, '', '');
#422 = PERSON_AND_ORGANIZATION (#420, #421);
#423 = CC_DESIGN_PERSON_AND_ORGANIZATION_ASSIGNMENT (#422, #419, (#400));
#424 = SECURITY_CLASSIFICATION_LEVEL ('unclassified');
#425 = SECURITY_CLASSIFICATION ('', '', #424);
#426 = APPROVAL_STATUS ('approved');
#427 = APPROVAL (#426, '');
#428 = CALENDAR_DATE (2026, 3, 2);
#429 = COORDINATED_UNIVERSAL_TIME_OFFSET (0, $, .AHEAD.);
#430 = LOCAL_TIME (21, 7, 11., #429);
#431 = DATE_AND_TIME (#428, #430);
#432 = APPROVAL_DATE_TIME (#431, #427);
#433 = APPROVAL_ROLE ('');
#434 = PERSON ('#434', '', $, $, $, $);
#435 = ORGANIZATION ($, '', '');
#436 = PERSON_AND_ORGANIZATION (#434, #435);
#437 = APPROVAL_PERSON_ORGANIZATION (#436, #427, #433);
#438 = CC_DESIGN_APPROVAL (#427, (#425));
#439 = DATE_TIME_ROLE ('classification_date');
#440 = CALENDAR_DATE (2026, 3, 2);
#441 = COORDINATED_UNIVERSAL_TIME_OFFSET (0, $, .AHEAD.);
#442 = LOCAL_TIME (21, 7, 11., #441);
#443 = DATE_AND_TIME (#440, #442);
#444 = CC_DESIGN_DATE_AND_TIME_ASSIGNMENT (#443, #439, (#425));
#445 = PERSON_AND_ORGANIZATION_ROLE ('classification_officer');
#446 = PERSON ('#446', '', $, $, $, $);
#447 = ORGANIZATION ($, '', '');
#448 = PERSON_AND_ORGANIZATION (#446, #447);
#449 = CC_DESIGN_PERSON_AND_ORGANIZATION_ASSIGNMENT (#448, #445, (#425));
#450 = CC_DESIGN_SECURITY_CLASSIFICATION (#425, (#400));
#451 = DESIGN_CONTEXT ('', #390, 'design');
#452 = APPROVAL_STATUS ('approved');
#453 = APPROVAL (#452, '');
#454 = CALENDAR_DATE (2026, 3, 2);
#455 = COORDINATED_UNIVERSAL_TIME_OFFSET (0, $, .AHEAD.);
#456 = LOCAL_TIME (21, 7, 11., #455);
#457 = DATE_AND_TIME (#454, #456);
#458 = APPROVAL_DATE_TIME (#457, #453);
#459 = APPROVAL_ROLE ('');
#460 = PERSON ('#460', '', $, $, $, $);
#461 = ORGANIZATION ($, '', '');
#462 = PERSON_AND_ORGANIZATION (#460, #461);
#463 = APPROVAL_PERSON_ORGANIZATION (#462, #453, #459);
#464 = CC_DESIGN_APPROVAL (#453, (*));
#465 = DATE_TIME_ROLE ('creation_date');
#466 = CALENDAR_DATE (2026, 3, 2);
#467 = COORDINATED_UNIVERSAL_TIME_OFFSET (0, $, .AHEAD.);
#468 = LOCAL_TIME (21, 7, 11., #467);
#469 = DATE_AND_TIME (#466, #468);
#470 = CC_DESIGN_DATE_AND_TIME_ASSIGNMENT (#469, #465, (*));
#471 = PERSON_AND_ORGANIZATION_ROLE ('creator');
#472 = PERSON ('#472', '', $, $, $, $);
#473 = ORGANIZATION ($, '', '');
#474 = PERSON_AND_ORGANIZATION (#472, #473);
#475 = CC_DESIGN_PERSON_AND_ORGANIZATION_ASSIGNMENT (#474, #471, (*));
#476 = PRODUCT_DEFINITION ('', '', #400, #451);
#477 = PRODUCT_DEFINITION_SHAPE ('', '', #476);
#478 = SHAPE_DEFINITION_REPRESENTATION (#477, #389);
#479 = SHAPE_REPRESENTATION_RELATIONSHIP ('', '', #389, #480);
#480 = ADVANCED_BREP_SHAPE_REPRESENTATION ('', (#375), #388);
#481 = NEXT_ASSEMBLY_USAGE_OCCURRENCE ('#481', '', '', #173, #476, $);
#482 = SECURITY_CLASSIFICATION_LEVEL ('unclassified');
#483 = SECURITY_CLASSIFICATION ('', '', #482);
#484 = APPROVAL_STATUS ('approved');
#485 = APPROVAL (#484, '');
#486 = CALENDAR_DATE (2026, 3, 2);
#487 = COORDINATED_UNIVERSAL_TIME_OFFSET (0, $, .AHEAD.);
#488 = LOCAL_TIME (21, 7, 11., #487);
#489 = DATE_AND_TIME (#486, #488);
#490 = APPROVAL_DATE_TIME (#489, #485);
#491 = APPROVAL_ROLE ('');
#492 = PERSON ('#492', '', $, $, $, $);
#493 = ORGANIZATION ($, '', '');
#494 = PERSON_AND_ORGANIZATION (#492, #493);
#495 = APPROVAL_PERSON_ORGANIZATION (#494, #485, #491);
#496 = CC_DESIGN_APPROVAL (#485, (#483));
#497 = DATE_TIME_ROLE ('classification_date');
#498 = CALENDAR_DATE (2026, 3, 2);
#499 = COORDINATED_UNIVERSAL_TIME_OFFSET (0, $, .AHEAD.);
#500 = LOCAL_TIME (21, 7, 11., #499);
#501 = DATE_AND_TIME (#498, #500);
#502 = CC_DESIGN_DATE_AND_TIME_ASSIGNMENT (#501, #497, (#483));
#503 = PERSON_AND_ORGANIZATION_ROLE ('classification_officer');
#504 = PERSON ('#504', '', $, $, $, $);
#505 = ORGANIZATION ($, '', '');
#506 = PERSON_AND_ORGANIZATION (#504, #505);
#507 = CC_DESIGN_PERSON_AND_ORGANIZATION_ASSIGNMENT (#506, #503, (#483));
#508 = CC_DESIGN_SECURITY_CLASSIFICATION (#483, (#481));
#509 = PRODUCT_DEFINITION_SHAPE ('', '', #481);
#510 = CARTESIAN_POINT ('', (0., 0., 0.));
#511 = DIRECTION ('', (0., 0., 1.));
#512 = DIRECTION ('', (1., 0., 0.));
#513 = AXIS2_PLACEMENT_3D ('', #510, #511, #512);
#514 = CARTESIAN_POINT ('', (0., 0., 0.));
#515 = DIRECTION ('', (0., 0., 1.));
#516 = DIRECTION ('', (1., 0., 0.));
#517 = AXIS2_PLACEMENT_3D ('', #514, #515, #516);
#518 = ITEM_DEFINED_TRANSFORMATION ('', '', #513, #517);
#519 = (
   REPRESENTATION_RELATIONSHIP ('', '', #86, #389)
   REPRESENTATION_RELATIONSHIP_WITH_TRANSFORMATION (#518)
   SHAPE_REPRESENTATION_RELATIONSHIP ()
);
#520 = CONTEXT_DEPENDENT_SHAPE_REPRESENTATION (#519, #509);
#521 = CARTESIAN_POINT ('', (80.2159902576695, 111.133883476483, -5.));
#522 = VERTEX_POINT ('', #521);
#523 = CARTESIAN_POINT ('', (80.2159902576695, 111.133883476483, -4.5));
#524 = VERTEX_POINT ('', #523);
#525 = CARTESIAN_POINT ('', (80.2159902576695, 111.133883476483, -5.));
#526 = CARTESIAN_POINT ('', (80.2159902576695, 111.133883476483, -4.5));
#527 = B_SPLINE_CURVE_WITH_KNOTS ('', 1, (#525, #526), .UNSPECIFIED., .F., .U., (2, 2), (0., 1.), .UNSPECIFIED.);
#528 = EDGE_CURVE ('', #522, #524, #527, .T.);
#529 = ORIENTED_EDGE ('', *, *, #528, .T.);
#530 = CARTESIAN_POINT ('', (79.508883476483, 111.133883476483, -4.5));
#531 = VERTEX_POINT ('', #530);
#532 = CARTESIAN_POINT ('', (79.508883476483, 111.133883476483, -4.5));
#533 = CARTESIAN_POINT ('', (80.2159902576695, 111.133883476483, -4.5));
#534 = B_SPLINE_CURVE_WITH_KNOTS ('', 1, (#532, #533), .UNSPECIFIED., .F., .U., (2, 2), (1.70710678118655, 2.41421356237309), .UNSPECIFIED.);
#535 = EDGE_CURVE ('', #531, #524, #534, .T.);
#536 = ORIENTED_EDGE ('', *, *, #535, .F.);
#537 = CARTESIAN_POINT ('', (79.508883476483, 111.133883476483, -5.));
#538 = VERTEX_POINT ('', #537);
#539 = CARTESIAN_POINT ('', (79.508883476483, 111.133883476483, -5.));
#540 = CARTESIAN_POINT ('', (79.508883476483, 111.133883476483, -4.5));
#541 = B_SPLINE_CURVE_WITH_KNOTS ('', 1, (#539, #540), .UNSPECIFIED., .F., .U., (2, 2), (0., 1.), .UNSPECIFIED.);
#542 = EDGE_CURVE ('', #538, #531, #541, .T.);
#543 = ORIENTED_EDGE ('', *, *, #542, .F.);
#544 = CARTESIAN_POINT ('', (79.508883476483, 111.133883476483, -5.));
#545 = CARTESIAN_POINT ('', (80.2159902576695, 111.133883476483, -5.));
#546 = B_SPLINE_CURVE_WITH_KNOTS ('', 1, (#544, #545), .UNSPECIFIED., .F., .U., (2, 2), (1.70710678118655, 2.41421356237309), .UNSPECIFIED.);
#547 = EDGE_CURVE ('', #538, #522, #546, .T.);
#548 = ORIENTED_EDGE ('', *, *, #547, .T.);
#549 = EDGE_LOOP ('', (#529, #536, #543, #548));
#550 = FACE_OUTER_BOUND ('', #549, .T.);
#551 = CARTESIAN_POINT ('', (79.508883476483, 111.133883476483, -5.));
#552 = CARTESIAN_POINT ('', (79.508883476483, 111.133883476483, -4.5));
#553 = CARTESIAN_POINT ('', (80.2159902576696, 111.133883476483, -5.));
#554 = CARTESIAN_POINT ('', (80.2159902576696, 111.133883476483, -4.5));
#555 = B_SPLINE_SURFACE_WITH_KNOTS ('', 1, 1, ((#551, #552), (#553, #554)), .UNSPECIFIED., .F., .F., .U., (2, 2), (2, 2), (1.70710678118655, 2.41421356237309), (0., 1.), .UNSPECIFIED.);
#556 = ADVANCED_FACE ('', (#550), #555, .T.);
#557 = ORIENTED_EDGE ('', *, *, #542, .T.);
#558 = CARTESIAN_POINT ('', (79.5088834764829, 111.84099025767, -4.5));
#559 = VERTEX_POINT ('', #558);
#560 = CARTESIAN_POINT ('', (79.5088834764829, 111.84099025767, -4.5));
#561 = CARTESIAN_POINT ('', (79.508883476483, 111.133883476483, -4.5));
#562 = B_SPLINE_CURVE_WITH_KNOTS ('', 1, (#560, #561), .UNSPECIFIED., .F., .U., (2, 2), (1., 1.70710678118655), .UNSPECIFIED.);
#563 = EDGE_CURVE ('', #559, #531, #562, .T.);
#564 = ORIENTED_EDGE ('', *, *, #563, .F.);
#565 = CARTESIAN_POINT ('', (79.5088834764829, 111.84099025767, -5.));
#566 = VERTEX_POINT ('', #565);
#567 = CARTESIAN_POINT ('', (79.5088834764829, 111.84099025767, -5.));
#568 = CARTESIAN_POINT ('', (79.5088834764829, 111.84099025767, -4.5));
#569 = B_SPLINE_CURVE_WITH_KNOTS ('', 1, (#567, #568), .UNSPECIFIED., .F., .U., (2, 2), (0., 1.), .UNSPECIFIED.);
#570 = EDGE_CURVE ('', #566, #559, #569, .T.);
#571 = ORIENTED_EDGE ('', *, *, #570, .F.);
#572 = CARTESIAN_POINT ('', (79.5088834764829, 111.84099025767, -5.));
#573 = CARTESIAN_POINT ('', (79.508883476483, 111.133883476483, -5.));
#574 = B_SPLINE_CURVE_WITH_KNOTS ('', 1, (#572, #573), .UNSPECIFIED., .F., .U., (2, 2), (1., 1.70710678118655), .UNSPECIFIED.);
#575 = EDGE_CURVE ('', #566, #538, #574, .T.);
#576 = ORIENTED_EDGE ('', *, *, #575, .T.);
#577 = EDGE_LOOP ('', (#557, #564, #571, #576));
#578 = FACE_OUTER_BOUND ('', #577, .T.);
#579 = CARTESIAN_POINT ('', (79.5088834764829, 111.84099025767, -5.));
#580 = CARTESIAN_POINT ('', (79.5088834764829, 111.84099025767, -4.5));
#581 = CARTESIAN_POINT ('', (79.508883476483, 111.133883476483, -5.));
#582 = CARTESIAN_POINT ('', (79.508883476483, 111.133883476483, -4.5));
#583 = B_SPLINE_SURFACE_WITH_KNOTS ('', 1, 1, ((#579, #580), (#581, #582)), .UNSPECIFIED., .F., .F., .U., (2, 2), (2, 2), (1., 1.70710678118655), (0., 1.), .UNSPECIFIED.);
#584 = ADVANCED_FACE ('', (#578), #583, .T.);
#585 = ORIENTED_EDGE ('', *, *, #570, .T.);
#586 = CARTESIAN_POINT ('', (80.2159902576693, 112.548097038856, -4.5));
#587 = VERTEX_POINT ('', #586);
#588 = CARTESIAN_POINT ('', (80.2159902576693, 112.548097038856, -4.5));
#589 = CARTESIAN_POINT ('', (79.5088834764829, 111.84099025767, -4.5));
#590 = B_SPLINE_CURVE_WITH_KNOTS ('', 1, (#588, #589), .UNSPECIFIED., .F., .U., (2, 2), (0., 1.), .UNSPECIFIED.);
#591 = EDGE_CURVE ('', #587, #559, #590, .T.);
#592 = ORIENTED_EDGE ('', *, *, #591, .F.);
#593 = CARTESIAN_POINT ('', (80.2159902576693, 112.548097038856, -5.));
#594 = VERTEX_POINT ('', #593);
#595 = CARTESIAN_POINT ('', (80.2159902576693, 112.548097038856, -5.));
#596 = CARTESIAN_POINT ('', (80.2159902576693, 112.548097038856, -4.5));
#597 = B_SPLINE_CURVE_WITH_KNOTS ('', 1, (#595, #596), .UNSPECIFIED., .F., .U., (2, 2), (0., 1.), .UNSPECIFIED.);
#598 = EDGE_CURVE ('', #594, #587, #597, .T.);
#599 = ORIENTED_EDGE ('', *, *, #598, .F.);
#600 = CARTESIAN_POINT ('', (80.2159902576693, 112.548097038856, -5.));
#601 = CARTESIAN_POINT ('', (79.5088834764829, 111.84099025767, -5.));
#602 = B_SPLINE_CURVE_WITH_KNOTS ('', 1, (#600, #601), .UNSPECIFIED., .F., .U., (2, 2), (0., 1.), .UNSPECIFIED.);
#603 = EDGE_CURVE ('', #594, #566, #602, .T.);
#604 = ORIENTED_EDGE ('', *, *, #603, .T.);
#605 = EDGE_LOOP ('', (#585, #592, #599, #604));
#606 = FACE_OUTER_BOUND ('', #605, .T.);
#607 = CARTESIAN_POINT ('', (80.2159902576693, 112.548097038856, -5.));
#608 = CARTESIAN_POINT ('', (80.2159902576693, 112.548097038856, -4.5));
#609 = CARTESIAN_POINT ('', (79.5088834764829, 111.84099025767, -5.));
#610 = CARTESIAN_POINT ('', (79.5088834764829, 111.84099025767, -4.5));
#611 = B_SPLINE_SURFACE_WITH_KNOTS ('', 1, 1, ((#607, #608), (#609, #610)), .UNSPECIFIED., .F., .F., .U., (2, 2), (2, 2), (0., 1.), (0., 1.), .UNSPECIFIED.);
#612 = ADVANCED_FACE ('', (#606), #611, .T.);
#613 = ORIENTED_EDGE ('', *, *, #598, .T.);
#614 = CARTESIAN_POINT ('', (80.9230970388558, 112.548097038857, -4.5));
#615 = VERTEX_POINT ('', #614);
#616 = CARTESIAN_POINT ('', (80.9230970388558, 112.548097038857, -4.5));
#617 = CARTESIAN_POINT ('', (80.2159902576693, 112.548097038856, -4.5));
#618 = B_SPLINE_CURVE_WITH_KNOTS ('', 1, (#616, #617), .UNSPECIFIED., .F., .U., (2, 2), (4.12132034355964, 4.82842712474619), .UNSPECIFIED.);
#619 = EDGE_CURVE ('', #615, #587, #618, .T.);
#620 = ORIENTED_EDGE ('', *, *, #619, .F.);
#621 = CARTESIAN_POINT ('', (80.9230970388558, 112.548097038857, -5.));
#622 = VERTEX_POINT ('', #621);
#623 = CARTESIAN_POINT ('', (80.9230970388558, 112.548097038857, -5.));
#624 = CARTESIAN_POINT ('', (80.9230970388558, 112.548097038857, -4.5));
#625 = B_SPLINE_CURVE_WITH_KNOTS ('', 1, (#623, #624), .UNSPECIFIED., .F., .U., (2, 2), (0., 1.), .UNSPECIFIED.);
#626 = EDGE_CURVE ('', #622, #615, #625, .T.);
#627 = ORIENTED_EDGE ('', *, *, #626, .F.);
#628 = CARTESIAN_POINT ('', (80.9230970388558, 112.548097038857, -5.));
#629 = CARTESIAN_POINT ('', (80.2159902576693, 112.548097038856, -5.));
#630 = B_SPLINE_CURVE_WITH_KNOTS ('', 1, (#628, #629), .UNSPECIFIED., .F., .U., (2, 2), (4.12132034355964, 4.82842712474619), .UNSPECIFIED.);
#631 = EDGE_CURVE ('', #622, #594, #630, .T.);
#632 = ORIENTED_EDGE ('', *, *, #631, .T.);
#633 = EDGE_LOOP ('', (#613, #620, #627, #632));
#634 = FACE_OUTER_BOUND ('', #633, .T.);
#635 = CARTESIAN_POINT ('', (80.9230970388558, 112.548097038857, -5.));
#636 = CARTESIAN_POINT ('', (80.9230970388558, 112.548097038857, -4.5));
#637 = CARTESIAN_POINT ('', (80.2159902576693, 112.548097038856, -5.));
#638 = CARTESIAN_POINT ('', (80.2159902576693, 112.548097038856, -4.5));
#639 = B_SPLINE_SURFACE_WITH_KNOTS ('', 1, 1, ((#635, #636), (#637, #638)), .UNSPECIFIED., .F., .F., .U., (2, 2), (2, 2), (4.12132034355964, 4.82842712474619), (0., 1.), .UNSPECIFIED.);
#640 = ADVANCED_FACE ('', (#634), #639, .T.);
#641 = ORIENTED_EDGE ('', *, *, #626, .T.);
#642 = CARTESIAN_POINT ('', (80.923097038856, 111.84099025767, -4.5));
#643 = VERTEX_POINT ('', #642);
#644 = CARTESIAN_POINT ('', (80.923097038856, 111.84099025767, -4.5));
#645 = CARTESIAN_POINT ('', (80.9230970388558, 112.548097038857, -4.5));
#646 = B_SPLINE_CURVE_WITH_KNOTS ('', 1, (#644, #645), .UNSPECIFIED., .F., .U., (2, 2), (3.41421356237309, 4.12132034355964), .UNSPECIFIED.);
#647 = EDGE_CURVE ('', #643, #615, #646, .T.);
#648 = ORIENTED_EDGE ('', *, *, #647, .F.);
#649 = CARTESIAN_POINT ('', (80.923097038856, 111.84099025767, -5.));
#650 = VERTEX_POINT ('', #649);
#651 = CARTESIAN_POINT ('', (80.923097038856, 111.84099025767, -5.));
#652 = CARTESIAN_POINT ('', (80.923097038856, 111.84099025767, -4.5));
#653 = B_SPLINE_CURVE_WITH_KNOTS ('', 1, (#651, #652), .UNSPECIFIED., .F., .U., (2, 2), (0., 1.), .UNSPECIFIED.);
#654 = EDGE_CURVE ('', #650, #643, #653, .T.);
#655 = ORIENTED_EDGE ('', *, *, #654, .F.);
#656 = CARTESIAN_POINT ('', (80.923097038856, 111.84099025767, -5.));
#657 = CARTESIAN_POINT ('', (80.9230970388558, 112.548097038857, -5.));
#658 = B_SPLINE_CURVE_WITH_KNOTS ('', 1, (#656, #657), .UNSPECIFIED., .F., .U., (2, 2), (3.41421356237309, 4.12132034355964), .UNSPECIFIED.);
#659 = EDGE_CURVE ('', #650, #622, #658, .T.);
#660 = ORIENTED_EDGE ('', *, *, #659, .T.);
#661 = EDGE_LOOP ('', (#641, #648, #655, #660));
#662 = FACE_OUTER_BOUND ('', #661, .T.);
#663 = CARTESIAN_POINT ('', (80.923097038856, 111.84099025767, -5.));
#664 = CARTESIAN_POINT ('', (80.923097038856, 111.84099025767, -4.5));
#665 = CARTESIAN_POINT ('', (80.9230970388558, 112.548097038857, -5.));
#666 = CARTESIAN_POINT ('', (80.9230970388558, 112.548097038857, -4.5));
#667 = B_SPLINE_SURFACE_WITH_KNOTS ('', 1, 1, ((#663, #664), (#665, #666)), .UNSPECIFIED., .F., .F., .U., (2, 2), (2, 2), (3.41421356237309, 4.12132034355964), (0., 1.), .UNSPECIFIED.);
#668 = ADVANCED_FACE ('', (#662), #667, .T.);
#669 = ORIENTED_EDGE ('', *, *, #647, .T.);
#670 = ORIENTED_EDGE ('', *, *, #619, .T.);
#671 = ORIENTED_EDGE ('', *, *, #591, .T.);
#672 = ORIENTED_EDGE ('', *, *, #563, .T.);
#673 = ORIENTED_EDGE ('', *, *, #535, .T.);
#674 = CARTESIAN_POINT ('', (80.2159902576695, 111.133883476483, -4.5));
#675 = CARTESIAN_POINT ('', (80.923097038856, 111.84099025767, -4.5));
#676 = B_SPLINE_CURVE_WITH_KNOTS ('', 1, (#674, #675), .UNSPECIFIED., .F., .U., (2, 2), (2.41421356237309, 3.41421356237309), .UNSPECIFIED.);
#677 = EDGE_CURVE ('', #524, #643, #676, .T.);
#678 = ORIENTED_EDGE ('', *, *, #677, .T.);
#679 = EDGE_LOOP ('', (#669, #670, #671, #672, #673, #678));
#680 = FACE_OUTER_BOUND ('', #679, .T.);
#681 = CARTESIAN_POINT ('', (80.923097038856, 111.133883476483, -4.5));
#682 = CARTESIAN_POINT ('', (79.5088834764829, 111.133883476483, -4.5));
#683 = CARTESIAN_POINT ('', (80.923097038856, 112.548097038857, -4.5));
#684 = CARTESIAN_POINT ('', (79.5088834764829, 112.548097038857, -4.5));
#685 = B_SPLINE_SURFACE_WITH_KNOTS ('', 1, 1, ((#681, #682), (#683, #684)), .UNSPECIFIED., .F., .F., .U., (2, 2), (2, 2), (0.331641242574603, 0.668358757425377), (0.33164124257465, 0.668358757425353), .UNSPECIFIED.);
#686 = ADVANCED_FACE ('', (#680), #685, .T.);
#687 = ORIENTED_EDGE ('', *, *, #654, .T.);
#688 = ORIENTED_EDGE ('', *, *, #677, .F.);
#689 = ORIENTED_EDGE ('', *, *, #528, .F.);
#690 = CARTESIAN_POINT ('', (80.2159902576695, 111.133883476483, -5.));
#691 = CARTESIAN_POINT ('', (80.923097038856, 111.84099025767, -5.));
#692 = B_SPLINE_CURVE_WITH_KNOTS ('', 1, (#690, #691), .UNSPECIFIED., .F., .U., (2, 2), (2.41421356237309, 3.41421356237309), .UNSPECIFIED.);
#693 = EDGE_CURVE ('', #522, #650, #692, .T.);
#694 = ORIENTED_EDGE ('', *, *, #693, .T.);
#695 = EDGE_LOOP ('', (#687, #688, #689, #694));
#696 = FACE_OUTER_BOUND ('', #695, .T.);
#697 = CARTESIAN_POINT ('', (80.2159902576695, 111.133883476483, -5.));
#698 = CARTESIAN_POINT ('', (80.2159902576695, 111.133883476483, -4.5));
#699 = CARTESIAN_POINT ('', (80.923097038856, 111.84099025767, -5.));
#700 = CARTESIAN_POINT ('', (80.923097038856, 111.84099025767, -4.5));
#701 = B_SPLINE_SURFACE_WITH_KNOTS ('', 1, 1, ((#697, #698), (#699, #700)), .UNSPECIFIED., .F., .F., .U., (2, 2), (2, 2), (2.41421356237309, 3.41421356237309), (0., 1.), .UNSPECIFIED.);
#702 = ADVANCED_FACE ('', (#696), #701, .T.);
#703 = ORIENTED_EDGE ('', *, *, #659, .F.);
#704 = ORIENTED_EDGE ('', *, *, #693, .F.);
#705 = ORIENTED_EDGE ('', *, *, #547, .F.);
#706 = ORIENTED_EDGE ('', *, *, #575, .F.);
#707 = ORIENTED_EDGE ('', *, *, #603, .F.);
#708 = ORIENTED_EDGE ('', *, *, #631, .F.);
#709 = EDGE_LOOP ('', (#703, #704, #705, #706, #707, #708));
#710 = FACE_OUTER_BOUND ('', #709, .T.);
#711 = CARTESIAN_POINT ('', (80.923097038856, 111.133883476483, -5.));
#712 = CARTESIAN_POINT ('', (80.923097038856, 112.548097038857, -5.));
#713 = CARTESIAN_POINT ('', (79.5088834764829, 111.133883476483, -5.));
#714 = CARTESIAN_POINT ('', (79.5088834764829, 112.548097038857, -5.));
#715 = B_SPLINE_SURFACE_WITH_KNOTS ('', 1, 1, ((#711, #712), (#713, #714)), .UNSPECIFIED., .F., .F., .U., (2, 2), (2, 2), (0.33164124257465, 0.668358757425353), (0.331641242574603, 0.668358757425377), .UNSPECIFIED.);
#716 = ADVANCED_FACE ('', (#710), #715, .T.);
#717 = CLOSED_SHELL ('', (#556, #584, #612, #640, #668, #686, #702, #716));
#718 = MANIFOLD_SOLID_BREP ('', #717);
#719 = COLOUR_RGB ('', 0., 0.333333333333333, 1.);
#720 = FILL_AREA_STYLE_COLOUR ('', #719);
#721 = FILL_AREA_STYLE ('', (#720));
#722 = SURFACE_STYLE_FILL_AREA (#721);
#723 = SURFACE_SIDE_STYLE ('', (#722));
#724 = SURFACE_STYLE_USAGE (.POSITIVE., #723);
#725 = PRESENTATION_STYLE_ASSIGNMENT ((#724));
#726 = STYLED_ITEM ('', (#725), #718);
#727 = (
   LENGTH_UNIT ()
   NAMED_UNIT (*)
   SI_UNIT ($, .METRE.)
);
#728 = (
   NAMED_UNIT (*)
   SI_UNIT ($, .STERADIAN.)
   SOLID_ANGLE_UNIT ()
);
#729 = (
   NAMED_UNIT (*)
   PLANE_ANGLE_UNIT ()
   SI_UNIT ($, .RADIAN.)
);
#730 = UNCERTAINTY_MEASURE_WITH_UNIT (LENGTH_MEASURE(0.001), #727, 'DISTANCE_ACCURACY_VALUE', '');
#731 = (
   GEOMETRIC_REPRESENTATION_CONTEXT (3)
   GLOBAL_UNCERTAINTY_ASSIGNED_CONTEXT ((#730))
   GLOBAL_UNIT_ASSIGNED_CONTEXT ((#727, #728, #729))
   REPRESENTATION_CONTEXT ('', '3D')
);
#732 = SHAPE_REPRESENTATION ('', (#860), #731);
#733 = APPLICATION_CONTEXT ('configuration controlled 3D designs of mechanical parts and assemblies');
#734 = APPLICATION_PROTOCOL_DEFINITION ('International Standard', 'config_control_design', 1997, #733);
#735 = MECHANICAL_CONTEXT ('', #733, 'mechanical');
#736 = PRODUCT ('', '', '', (#735));
#737 = PERSON_AND_ORGANIZATION_ROLE ('design_owner');
#738 = PERSON ('#738', '', $, $, $, $);
#739 = ORGANIZATION ($, '', '');
#740 = PERSON_AND_ORGANIZATION (#738, #739);
#741 = CC_DESIGN_PERSON_AND_ORGANIZATION_ASSIGNMENT (#740, #737, (#736));
#742 = PRODUCT_RELATED_PRODUCT_CATEGORY ('detail', $, (#736));
#743 = PRODUCT_DEFINITION_FORMATION_WITH_SPECIFIED_SOURCE ('', '', #736, .NOT_KNOWN.);
#744 = APPROVAL_STATUS ('approved');
#745 = APPROVAL (#744, '');
#746 = CALENDAR_DATE (2026, 3, 2);
#747 = COORDINATED_UNIVERSAL_TIME_OFFSET (0, $, .AHEAD.);
#748 = LOCAL_TIME (21, 7, 11., #747);
#749 = DATE_AND_TIME (#746, #748);
#750 = APPROVAL_DATE_TIME (#749, #745);
#751 = APPROVAL_ROLE ('');
#752 = PERSON ('#752', '', $, $, $, $);
#753 = ORGANIZATION ($, '', '');
#754 = PERSON_AND_ORGANIZATION (#752, #753);
#755 = APPROVAL_PERSON_ORGANIZATION (#754, #745, #751);
#756 = CC_DESIGN_APPROVAL (#745, (#743));
#757 = PERSON_AND_ORGANIZATION_ROLE ('creator');
#758 = PERSON ('#758', '', $, $, $, $);
#759 = ORGANIZATION ($, '', '');
#760 = PERSON_AND_ORGANIZATION (#758, #759);
#761 = CC_DESIGN_PERSON_AND_ORGANIZATION_ASSIGNMENT (#760, #757, (#743));
#762 = PERSON_AND_ORGANIZATION_ROLE ('part_supplier');
#763 = PERSON ('#763', '', $, $, $, $);
#764 = ORGANIZATION ($, '', '');
#765 = PERSON_AND_ORGANIZATION (#763, #764);
#766 = CC_DESIGN_PERSON_AND_ORGANIZATION_ASSIGNMENT (#765, #762, (#743));
#767 = SECURITY_CLASSIFICATION_LEVEL ('unclassified');
#768 = SECURITY_CLASSIFICATION ('', '', #767);
#769 = APPROVAL_STATUS ('approved');
#770 = APPROVAL (#769, '');
#771 = CALENDAR_DATE (2026, 3, 2);
#772 = COORDINATED_UNIVERSAL_TIME_OFFSET (0, $, .AHEAD.);
#773 = LOCAL_TIME (21, 7, 11., #772);
#774 = DATE_AND_TIME (#771, #773);
#775 = APPROVAL_DATE_TIME (#774, #770);
#776 = APPROVAL_ROLE ('');
#777 = PERSON ('#777', '', $, $, $, $);
#778 = ORGANIZATION ($, '', '');
#779 = PERSON_AND_ORGANIZATION (#777, #778);
#780 = APPROVAL_PERSON_ORGANIZATION (#779, #770, #776);
#781 = CC_DESIGN_APPROVAL (#770, (#768));
#782 = DATE_TIME_ROLE ('classification_date');
#783 = CALENDAR_DATE (2026, 3, 2);
#784 = COORDINATED_UNIVERSAL_TIME_OFFSET (0, $, .AHEAD.);
#785 = LOCAL_TIME (21, 7, 11., #784);
#786 = DATE_AND_TIME (#783, #785);
#787 = CC_DESIGN_DATE_AND_TIME_ASSIGNMENT (#786, #782, (#768));
#788 = PERSON_AND_ORGANIZATION_ROLE ('classification_officer');
#789 = PERSON ('#789', '', $, $, $, $);
#790 = ORGANIZATION ($, '', '');
#791 = PERSON_AND_ORGANIZATION (#789, #790);
#792 = CC_DESIGN_PERSON_AND_ORGANIZATION_ASSIGNMENT (#791, #788, (#768));
#793 = CC_DESIGN_SECURITY_CLASSIFICATION (#768, (#743));
#794 = DESIGN_CONTEXT ('', #733, 'design');
#795 = APPROVAL_STATUS ('approved');
#796 = APPROVAL (#795, '');
#797 = CALENDAR_DATE (2026, 3, 2);
#798 = COORDINATED_UNIVERSAL_TIME_OFFSET (0, $, .AHEAD.);
#799 = LOCAL_TIME (21, 7, 11., #798);
#800 = DATE_AND_TIME (#797, #799);
#801 = APPROVAL_DATE_TIME (#800, #796);
#802 = APPROVAL_ROLE ('');
#803 = PERSON ('#803', '', $, $, $, $);
#804 = ORGANIZATION ($, '', '');
#805 = PERSON_AND_ORGANIZATION (#803, #804);
#806 = APPROVAL_PERSON_ORGANIZATION (#805, #796, #802);
#807 = CC_DESIGN_APPROVAL (#796, (*));
#808 = DATE_TIME_ROLE ('creation_date');
#809 = CALENDAR_DATE (2026, 3, 2);
#810 = COORDINATED_UNIVERSAL_TIME_OFFSET (0, $, .AHEAD.);
#811 = LOCAL_TIME (21, 7, 11., #810);
#812 = DATE_AND_TIME (#809, #811);
#813 = CC_DESIGN_DATE_AND_TIME_ASSIGNMENT (#812, #808, (*));
#814 = PERSON_AND_ORGANIZATION_ROLE ('creator');
#815 = PERSON ('#815', '', $, $, $, $);
#816 = ORGANIZATION ($, '', '');
#817 = PERSON_AND_ORGANIZATION (#815, #816);
#818 = CC_DESIGN_PERSON_AND_ORGANIZATION_ASSIGNMENT (#817, #814, (*));
#819 = PRODUCT_DEFINITION ('', '', #743, #794);
#820 = PRODUCT_DEFINITION_SHAPE ('', '', #819);
#821 = SHAPE_DEFINITION_REPRESENTATION (#820, #732);
#822 = SHAPE_REPRESENTATION_RELATIONSHIP ('', '', #732, #823);
#823 = ADVANCED_BREP_SHAPE_REPRESENTATION ('', (#718), #731);
#824 = NEXT_ASSEMBLY_USAGE_OCCURRENCE ('#824', '', '', #173, #819, $);
#825 = SECURITY_CLASSIFICATION_LEVEL ('unclassified');
#826 = SECURITY_CLASSIFICATION ('', '', #825);
#827 = APPROVAL_STATUS ('approved');
#828 = APPROVAL (#827, '');
#829 = CALENDAR_DATE (2026, 3, 2);
#830 = COORDINATED_UNIVERSAL_TIME_OFFSET (0, $, .AHEAD.);
#831 = LOCAL_TIME (21, 7, 11., #830);
#832 = DATE_AND_TIME (#829, #831);
#833 = APPROVAL_DATE_TIME (#832, #828);
#834 = APPROVAL_ROLE ('');
#835 = PERSON ('#835', '', $, $, $, $);
#836 = ORGANIZATION ($, '', '');
#837 = PERSON_AND_ORGANIZATION (#835, #836);
#838 = APPROVAL_PERSON_ORGANIZATION (#837, #828, #834);
#839 = CC_DESIGN_APPROVAL (#828, (#826));
#840 = DATE_TIME_ROLE ('classification_date');
#841 = CALENDAR_DATE (2026, 3, 2);
#842 = COORDINATED_UNIVERSAL_TIME_OFFSET (0, $, .AHEAD.);
#843 = LOCAL_TIME (21, 7, 11., #842);
#844 = DATE_AND_TIME (#841, #843);
#845 = CC_DESIGN_DATE_AND_TIME_ASSIGNMENT (#844, #840, (#826));
#846 = PERSON_AND_ORGANIZATION_ROLE ('classification_officer');
#847 = PERSON ('#847', '', $, $, $, $);
#848 = ORGANIZATION ($, '', '');
#849 = PERSON_AND_ORGANIZATION (#847, #848);
#850 = CC_DESIGN_PERSON_AND_ORGANIZATION_ASSIGNMENT (#849, #846, (#826));
#851 = CC_DESIGN_SECURITY_CLASSIFICATION (#826, (#824));
#852 = PRODUCT_DEFINITION_SHAPE ('', '', #824);
#853 = CARTESIAN_POINT ('', (0., 0., 0.));
#854 = DIRECTION ('', (0., 0., 1.));
#855 = DIRECTION ('', (1., 0., 0.));
#856 = AXIS2_PLACEMENT_3D ('', #853, #854, #855);
#857 = CARTESIAN_POINT ('', (0., 0., 0.));
#858 = DIRECTION ('', (0., 0., 1.));
#859 = DIRECTION ('', (1., 0., 0.));
#860 = AXIS2_PLACEMENT_3D ('', #857, #858, #859);
#861 = ITEM_DEFINED_TRANSFORMATION ('', '', #856, #860);
#862 = (
   REPRESENTATION_RELATIONSHIP ('', '', #86, #732)
   REPRESENTATION_RELATIONSHIP_WITH_TRANSFORMATION (#861)
   SHAPE_REPRESENTATION_RELATIONSHIP ()
);
#863 = CONTEXT_DEPENDENT_SHAPE_REPRESENTATION (#862, #852);
#864 = CARTESIAN_POINT ('', (72.9911165235172, 107.866116523516, -5.));
#865 = VERTEX_POINT ('', #864);
#866 = CARTESIAN_POINT ('', (72.9911165235172, 107.866116523516, -4.5));
#867 = VERTEX_POINT ('', #866);
#868 = CARTESIAN_POINT ('', (72.9911165235172, 107.866116523516, -5.));
#869 = CARTESIAN_POINT ('', (72.9911165235172, 107.866116523516, -4.5));
#870 = B_SPLINE_CURVE_WITH_KNOTS ('', 1, (#868, #869), .UNSPECIFIED., .F., .U., (2, 2), (0., 1.), .UNSPECIFIED.);
#871 = EDGE_CURVE ('', #865, #867, #870, .T.);
#872 = ORIENTED_EDGE ('', *, *, #871, .T.);
#873 = CARTESIAN_POINT ('', (72.9911165235173, 107.15900974233, -4.5));
#874 = VERTEX_POINT ('', #873);
#875 = CARTESIAN_POINT ('', (72.9911165235173, 107.15900974233, -4.5));
#876 = CARTESIAN_POINT ('', (72.9911165235172, 107.866116523516, -4.5));
#877 = B_SPLINE_CURVE_WITH_KNOTS ('', 1, (#875, #876), .UNSPECIFIED., .F., .U., (2, 2), (1., 1.70710678118655), .UNSPECIFIED.);
#878 = EDGE_CURVE ('', #874, #867, #877, .T.);
#879 = ORIENTED_EDGE ('', *, *, #878, .F.);
#880 = CARTESIAN_POINT ('', (72.9911165235173, 107.15900974233, -5.));
#881 = VERTEX_POINT ('', #880);
#882 = CARTESIAN_POINT ('', (72.9911165235173, 107.15900974233, -5.));
#883 = CARTESIAN_POINT ('', (72.9911165235173, 107.15900974233, -4.5));
#884 = B_SPLINE_CURVE_WITH_KNOTS ('', 1, (#882, #883), .UNSPECIFIED., .F., .U., (2, 2), (0., 1.), .UNSPECIFIED.);
#885 = EDGE_CURVE ('', #881, #874, #884, .T.);
#886 = ORIENTED_EDGE ('', *, *, #885, .F.);
#887 = CARTESIAN_POINT ('', (72.9911165235173, 107.15900974233, -5.));
#888 = CARTESIAN_POINT ('', (72.9911165235172, 107.866116523516, -5.));
#889 = B_SPLINE_CURVE_WITH_KNOTS ('', 1, (#887, #888), .UNSPECIFIED., .F., .U., (2, 2), (1., 1.70710678118655), .UNSPECIFIED.);
#890 = EDGE_CURVE ('', #881, #865, #889, .T.);
#891 = ORIENTED_EDGE ('', *, *, #890, .T.);
#892 = EDGE_LOOP ('', (#872, #879, #886, #891));
#893 = FACE_OUTER_BOUND ('', #892, .T.);
#894 = CARTESIAN_POINT ('', (72.9911165235173, 107.15900974233, -5.));
#895 = CARTESIAN_POINT ('', (72.9911165235173, 107.15900974233, -4.5));
#896 = CARTESIAN_POINT ('', (72.9911165235172, 107.866116523516, -5.));
#897 = CARTESIAN_POINT ('', (72.9911165235172, 107.866116523516, -4.5));
#898 = B_SPLINE_SURFACE_WITH_KNOTS ('', 1, 1, ((#894, #895), (#896, #897)), .UNSPECIFIED., .F., .F., .U., (2, 2), (2, 2), (1., 1.70710678118655), (0., 1.), .UNSPECIFIED.);
#899 = ADVANCED_FACE ('', (#893), #898, .T.);
#900 = ORIENTED_EDGE ('', *, *, #885, .T.);
#901 = CARTESIAN_POINT ('', (72.2840097423309, 106.451902961143, -4.5));
#902 = VERTEX_POINT ('', #901);
#903 = CARTESIAN_POINT ('', (72.2840097423309, 106.451902961143, -4.5));
#904 = CARTESIAN_POINT ('', (72.9911165235173, 107.15900974233, -4.5));
#905 = B_SPLINE_CURVE_WITH_KNOTS ('', 1, (#903, #904), .UNSPECIFIED., .F., .U., (2, 2), (0., 1.), .UNSPECIFIED.);
#906 = EDGE_CURVE ('', #902, #874, #905, .T.);
#907 = ORIENTED_EDGE ('', *, *, #906, .F.);
#908 = CARTESIAN_POINT ('', (72.2840097423309, 106.451902961143, -5.));
#909 = VERTEX_POINT ('', #908);
#910 = CARTESIAN_POINT ('', (72.2840097423309, 106.451902961143, -5.));
#911 = CARTESIAN_POINT ('', (72.2840097423309, 106.451902961143, -4.5));
#912 = B_SPLINE_CURVE_WITH_KNOTS ('', 1, (#910, #911), .UNSPECIFIED., .F., .U., (2, 2), (0., 1.), .UNSPECIFIED.);
#913 = EDGE_CURVE ('', #909, #902, #912, .T.);
#914 = ORIENTED_EDGE ('', *, *, #913, .F.);
#915 = CARTESIAN_POINT ('', (72.2840097423309, 106.451902961143, -5.));
#916 = CARTESIAN_POINT ('', (72.9911165235173, 107.15900974233, -5.));
#917 = B_SPLINE_CURVE_WITH_KNOTS ('', 1, (#915, #916), .UNSPECIFIED., .F., .U., (2, 2), (0., 1.), .UNSPECIFIED.);
#918 = EDGE_CURVE ('', #909, #881, #917, .T.);
#919 = ORIENTED_EDGE ('', *, *, #918, .T.);
#920 = EDGE_LOOP ('', (#900, #907, #914, #919));
#921 = FACE_OUTER_BOUND ('', #920, .T.);
#922 = CARTESIAN_POINT ('', (72.2840097423309, 106.451902961143, -5.));
#923 = CARTESIAN_POINT ('', (72.2840097423309, 106.451902961143, -4.5));
#924 = CARTESIAN_POINT ('', (72.9911165235173, 107.15900974233, -5.));
#925 = CARTESIAN_POINT ('', (72.9911165235173, 107.15900974233, -4.5));
#926 = B_SPLINE_SURFACE_WITH_KNOTS ('', 1, 1, ((#922, #923), (#924, #925)), .UNSPECIFIED., .F., .F., .U., (2, 2), (2, 2), (0., 1.), (0., 1.), .UNSPECIFIED.);
#927 = ADVANCED_FACE ('', (#921), #926, .T.);
#928 = ORIENTED_EDGE ('', *, *, #913, .T.);
#929 = CARTESIAN_POINT ('', (71.5769029611444, 106.451902961143, -4.5));
#930 = VERTEX_POINT ('', #929);
#931 = CARTESIAN_POINT ('', (71.5769029611444, 106.451902961143, -4.5));
#932 = CARTESIAN_POINT ('', (72.2840097423309, 106.451902961143, -4.5));
#933 = B_SPLINE_CURVE_WITH_KNOTS ('', 1, (#931, #932), .UNSPECIFIED., .F., .U., (2, 2), (4.12132034355964, 4.82842712474619), .UNSPECIFIED.);
#934 = EDGE_CURVE ('', #930, #902, #933, .T.);
#935 = ORIENTED_EDGE ('', *, *, #934, .F.);
#936 = CARTESIAN_POINT ('', (71.5769029611444, 106.451902961143, -5.));
#937 = VERTEX_POINT ('', #936);
#938 = CARTESIAN_POINT ('', (71.5769029611444, 106.451902961143, -5.));
#939 = CARTESIAN_POINT ('', (71.5769029611444, 106.451902961143, -4.5));
#940 = B_SPLINE_CURVE_WITH_KNOTS ('', 1, (#938, #939), .UNSPECIFIED., .F., .U., (2, 2), (0., 1.), .UNSPECIFIED.);
#941 = EDGE_CURVE ('', #937, #930, #940, .T.);
#942 = ORIENTED_EDGE ('', *, *, #941, .F.);
#943 = CARTESIAN_POINT ('', (71.5769029611444, 106.451902961143, -5.));
#944 = CARTESIAN_POINT ('', (72.2840097423309, 106.451902961143, -5.));
#945 = B_SPLINE_CURVE_WITH_KNOTS ('', 1, (#943, #944), .UNSPECIFIED., .F., .U., (2, 2), (4.12132034355964, 4.82842712474619), .UNSPECIFIED.);
#946 = EDGE_CURVE ('', #937, #909, #945, .T.);
#947 = ORIENTED_EDGE ('', *, *, #946, .T.);
#948 = EDGE_LOOP ('', (#928, #935, #942, #947));
#949 = FACE_OUTER_BOUND ('', #948, .T.);
#950 = CARTESIAN_POINT ('', (71.5769029611444, 106.451902961143, -5.));
#951 = CARTESIAN_POINT ('', (71.5769029611444, 106.451902961143, -4.5));
#952 = CARTESIAN_POINT ('', (72.2840097423309, 106.451902961143, -5.));
#953 = CARTESIAN_POINT ('', (72.2840097423309, 106.451902961143, -4.5));
#954 = B_SPLINE_SURFACE_WITH_KNOTS ('', 1, 1, ((#950, #951), (#952, #953)), .UNSPECIFIED., .F., .F., .U., (2, 2), (2, 2), (4.12132034355964, 4.82842712474619), (0., 1.), .UNSPECIFIED.);
#955 = ADVANCED_FACE ('', (#949), #954, .T.);
#956 = ORIENTED_EDGE ('', *, *, #941, .T.);
#957 = CARTESIAN_POINT ('', (71.5769029611442, 107.159009742329, -4.5));
#958 = VERTEX_POINT ('', #957);
#959 = CARTESIAN_POINT ('', (71.5769029611442, 107.159009742329, -4.5));
#960 = CARTESIAN_POINT ('', (71.5769029611444, 106.451902961143, -4.5));
#961 = B_SPLINE_CURVE_WITH_KNOTS ('', 1, (#959, #960), .UNSPECIFIED., .F., .U., (2, 2), (3.41421356237309, 4.12132034355964), .UNSPECIFIED.);
#962 = EDGE_CURVE ('', #958, #930, #961, .T.);
#963 = ORIENTED_EDGE ('', *, *, #962, .F.);
#964 = CARTESIAN_POINT ('', (71.5769029611442, 107.159009742329, -5.));
#965 = VERTEX_POINT ('', #964);
#966 = CARTESIAN_POINT ('', (71.5769029611442, 107.159009742329, -5.));
#967 = CARTESIAN_POINT ('', (71.5769029611442, 107.159009742329, -4.5));
#968 = B_SPLINE_CURVE_WITH_KNOTS ('', 1, (#966, #967), .UNSPECIFIED., .F., .U., (2, 2), (0., 1.), .UNSPECIFIED.);
#969 = EDGE_CURVE ('', #965, #958, #968, .T.);
#970 = ORIENTED_EDGE ('', *, *, #969, .F.);
#971 = CARTESIAN_POINT ('', (71.5769029611442, 107.159009742329, -5.));
#972 = CARTESIAN_POINT ('', (71.5769029611444, 106.451902961143, -5.));
#973 = B_SPLINE_CURVE_WITH_KNOTS ('', 1, (#971, #972), .UNSPECIFIED., .F., .U., (2, 2), (3.41421356237309, 4.12132034355964), .UNSPECIFIED.);
#974 = EDGE_CURVE ('', #965, #937, #973, .T.);
#975 = ORIENTED_EDGE ('', *, *, #974, .T.);
#976 = EDGE_LOOP ('', (#956, #963, #970, #975));
#977 = FACE_OUTER_BOUND ('', #976, .T.);
#978 = CARTESIAN_POINT ('', (71.5769029611442, 107.159009742329, -5.));
#979 = CARTESIAN_POINT ('', (71.5769029611442, 107.159009742329, -4.5));
#980 = CARTESIAN_POINT ('', (71.5769029611444, 106.451902961143, -5.));
#981 = CARTESIAN_POINT ('', (71.5769029611444, 106.451902961143, -4.5));
#982 = B_SPLINE_SURFACE_WITH_KNOTS ('', 1, 1, ((#978, #979), (#980, #981)), .UNSPECIFIED., .F., .F., .U., (2, 2), (2, 2), (3.41421356237309, 4.12132034355964), (0., 1.), .UNSPECIFIED.);
#983 = ADVANCED_FACE ('', (#977), #982, .T.);
#984 = ORIENTED_EDGE ('', *, *, #969, .T.);
#985 = CARTESIAN_POINT ('', (72.2840097423307, 107.866116523516, -4.5));
#986 = VERTEX_POINT ('', #985);
#987 = CARTESIAN_POINT ('', (72.2840097423307, 107.866116523516, -4.5));
#988 = CARTESIAN_POINT ('', (71.5769029611442, 107.159009742329, -4.5));
#989 = B_SPLINE_CURVE_WITH_KNOTS ('', 1, (#987, #988), .UNSPECIFIED., .F., .U., (2, 2), (2.41421356237309, 3.41421356237309), .UNSPECIFIED.);
#990 = EDGE_CURVE ('', #986, #958, #989, .T.);
#991 = ORIENTED_EDGE ('', *, *, #990, .F.);
#992 = CARTESIAN_POINT ('', (72.2840097423307, 107.866116523516, -5.));
#993 = VERTEX_POINT ('', #992);
#994 = CARTESIAN_POINT ('', (72.2840097423307, 107.866116523516, -5.));
#995 = CARTESIAN_POINT ('', (72.2840097423307, 107.866116523516, -4.5));
#996 = B_SPLINE_CURVE_WITH_KNOTS ('', 1, (#994, #995), .UNSPECIFIED., .F., .U., (2, 2), (0., 1.), .UNSPECIFIED.);
#997 = EDGE_CURVE ('', #993, #986, #996, .T.);
#998 = ORIENTED_EDGE ('', *, *, #997, .F.);
#999 = CARTESIAN_POINT ('', (72.2840097423307, 107.866116523516, -5.));
#1000 = CARTESIAN_POINT ('', (71.5769029611442, 107.159009742329, -5.));
#1001 = B_SPLINE_CURVE_WITH_KNOTS ('', 1, (#999, #1000), .UNSPECIFIED., .F., .U., (2, 2), (2.41421356237309, 3.41421356237309), .UNSPECIFIED.);
#1002 = EDGE_CURVE ('', #993, #965, #1001, .T.);
#1003 = ORIENTED_EDGE ('', *, *, #1002, .T.);
#1004 = EDGE_LOOP ('', (#984, #991, #998, #1003));
#1005 = FACE_OUTER_BOUND ('', #1004, .T.);
#1006 = CARTESIAN_POINT ('', (72.2840097423307, 107.866116523516, -5.));
#1007 = CARTESIAN_POINT ('', (72.2840097423307, 107.866116523516, -4.5));
#1008 = CARTESIAN_POINT ('', (71.5769029611442, 107.159009742329, -5.));
#1009 = CARTESIAN_POINT ('', (71.5769029611442, 107.159009742329, -4.5));
#1010 = B_SPLINE_SURFACE_WITH_KNOTS ('', 1, 1, ((#1006, #1007), (#1008, #1009)), .UNSPECIFIED., .F., .F., .U., (2, 2), (2, 2), (2.41421356237309, 3.41421356237309), (0., 1.), .UNSPECIFIED.);
#1011 = ADVANCED_FACE ('', (#1005), #1010, .T.);
#1012 = ORIENTED_EDGE ('', *, *, #962, .T.);
#1013 = ORIENTED_EDGE ('', *, *, #934, .T.);
#1014 = ORIENTED_EDGE ('', *, *, #906, .T.);
#1015 = ORIENTED_EDGE ('', *, *, #878, .T.);
#1016 = CARTESIAN_POINT ('', (72.9911165235172, 107.866116523516, -4.5));
#1017 = CARTESIAN_POINT ('', (72.2840097423307, 107.866116523516, -4.5));
#1018 = B_SPLINE_CURVE_WITH_KNOTS ('', 1, (#1016, #1017), .UNSPECIFIED., .F., .U., (2, 2), (1.70710678118655, 2.41421356237309), .UNSPECIFIED.);
#1019 = EDGE_CURVE ('', #867, #986, #1018, .T.);
#1020 = ORIENTED_EDGE ('', *, *, #1019, .T.);
#1021 = ORIENTED_EDGE ('', *, *, #990, .T.);
#1022 = EDGE_LOOP ('', (#1012, #1013, #1014, #1015, #1020, #1021));
#1023 = FACE_OUTER_BOUND ('', #1022, .T.);
#1024 = CARTESIAN_POINT ('', (71.5769029611442, 107.866116523516, -4.5));
#1025 = CARTESIAN_POINT ('', (72.9911165235173, 107.866116523516, -4.5));
#1026 = CARTESIAN_POINT ('', (71.5769029611442, 106.451902961143, -4.5));
#1027 = CARTESIAN_POINT ('', (72.9911165235173, 106.451902961143, -4.5));
#1028 = B_SPLINE_SURFACE_WITH_KNOTS ('', 1, 1, ((#1024, #1025), (#1026, #1027)), .UNSPECIFIED., .F., .F., .U., (2, 2), (2, 2), (0.331641242574603, 0.668358757425377), (0.33164124257465, 0.668358757425353), .UNSPECIFIED.);
#1029 = ADVANCED_FACE ('', (#1023), #1028, .T.);
#1030 = ORIENTED_EDGE ('', *, *, #997, .T.);
#1031 = ORIENTED_EDGE ('', *, *, #1019, .F.);
#1032 = ORIENTED_EDGE ('', *, *, #871, .F.);
#1033 = CARTESIAN_POINT ('', (72.9911165235172, 107.866116523516, -5.));
#1034 = CARTESIAN_POINT ('', (72.2840097423307, 107.866116523516, -5.));
#1035 = B_SPLINE_CURVE_WITH_KNOTS ('', 1, (#1033, #1034), .UNSPECIFIED., .F., .U., (2, 2), (1.70710678118655, 2.41421356237309), .UNSPECIFIED.);
#1036 = EDGE_CURVE ('', #865, #993, #1035, .T.);
#1037 = ORIENTED_EDGE ('', *, *, #1036, .T.);
#1038 = EDGE_LOOP ('', (#1030, #1031, #1032, #1037));
#1039 = FACE_OUTER_BOUND ('', #1038, .T.);
#1040 = CARTESIAN_POINT ('', (72.9911165235172, 107.866116523516, -5.));
#1041 = CARTESIAN_POINT ('', (72.9911165235172, 107.866116523516, -4.5));
#1042 = CARTESIAN_POINT ('', (72.2840097423306, 107.866116523516, -5.));
#1043 = CARTESIAN_POINT ('', (72.2840097423306, 107.866116523516, -4.5));
#1044 = B_SPLINE_SURFACE_WITH_KNOTS ('', 1, 1, ((#1040, #1041), (#1042, #1043)), .UNSPECIFIED., .F., .F., .U., (2, 2), (2, 2), (1.70710678118655, 2.41421356237309), (0., 1.), .UNSPECIFIED.);
#1045 = ADVANCED_FACE ('', (#1039), #1044, .T.);
#1046 = ORIENTED_EDGE ('', *, *, #974, .F.);
#1047 = ORIENTED_EDGE ('', *, *, #1002, .F.);
#1048 = ORIENTED_EDGE ('', *, *, #1036, .F.);
#1049 = ORIENTED_EDGE ('', *, *, #890, .F.);
#1050 = ORIENTED_EDGE ('', *, *, #918, .F.);
#1051 = ORIENTED_EDGE ('', *, *, #946, .F.);
#1052 = EDGE_LOOP ('', (#1046, #1047, #1048, #1049, #1050, #1051));
#1053 = FACE_OUTER_BOUND ('', #1052, .T.);
#1054 = CARTESIAN_POINT ('', (71.5769029611442, 107.866116523516, -5.));
#1055 = CARTESIAN_POINT ('', (71.5769029611442, 106.451902961143, -5.));
#1056 = CARTESIAN_POINT ('', (72.9911165235173, 107.866116523516, -5.));
#1057 = CARTESIAN_POINT ('', (72.9911165235173, 106.451902961143, -5.));
#1058 = B_SPLINE_SURFACE_WITH_KNOTS ('', 1, 1, ((#1054, #1055), (#1056, #1057)), .UNSPECIFIED., .F., .F., .U., (2, 2), (2, 2), (0.33164124257465, 0.668358757425353), (0.331641242574603, 0.668358757425377), .UNSPECIFIED.);
#1059 = ADVANCED_FACE ('', (#1053), #1058, .T.);
#1060 = CLOSED_SHELL ('', (#899, #927, #955, #983, #1011, #1029, #1045, #1059));
#1061 = MANIFOLD_SOLID_BREP ('', #1060);
#1062 = COLOUR_RGB ('', 0., 0.333333333333333, 1.);
#1063 = FILL_AREA_STYLE_COLOUR ('', #1062);
#1064 = FILL_AREA_STYLE ('', (#1063));
#1065 = SURFACE_STYLE_FILL_AREA (#1064);
#1066 = SURFACE_SIDE_STYLE ('', (#1065));
#1067 = SURFACE_STYLE_USAGE (.POSITIVE., #1066);
#1068 = PRESENTATION_STYLE_ASSIGNMENT ((#1067));
#1069 = STYLED_ITEM ('', (#1068), #1061);
#1070 = (
   LENGTH_UNIT ()
   NAMED_UNIT (*)
   SI_UNIT ($, .METRE.)
);
#1071 = (
   NAMED_UNIT (*)
   SI_UNIT ($, .STERADIAN.)
   SOLID_ANGLE_UNIT ()
);
#1072 = (
   NAMED_UNIT (*)
   PLANE_ANGLE_UNIT ()
   SI_UNIT ($, .RADIAN.)
);
#1073 = UNCERTAINTY_MEASURE_WITH_UNIT (LENGTH_MEASURE(0.001), #1070, 'DISTANCE_ACCURACY_VALUE', '');
#1074 = (
   GEOMETRIC_REPRESENTATION_CONTEXT (3)
   GLOBAL_UNCERTAINTY_ASSIGNED_CONTEXT ((#1073))
   GLOBAL_UNIT_ASSIGNED_CONTEXT ((#1070, #1071, #1072))
   REPRESENTATION_CONTEXT ('', '3D')
);
#1075 = SHAPE_REPRESENTATION ('', (#1203), #1074);
#1076 = APPLICATION_CONTEXT ('configuration controlled 3D designs of mechanical parts and assemblies');
#1077 = APPLICATION_PROTOCOL_DEFINITION ('International Standard', 'config_control_design', 1997, #1076);
#1078 = MECHANICAL_CONTEXT ('', #1076, 'mechanical');
#1079 = PRODUCT ('', '', '', (#1078));
#1080 = PERSON_AND_ORGANIZATION_ROLE ('design_owner');
#1081 = PERSON ('#1081', '', $, $, $, $);
#1082 = ORGANIZATION ($, '', '');
#1083 = PERSON_AND_ORGANIZATION (#1081, #1082);
#1084 = CC_DESIGN_PERSON_AND_ORGANIZATION_ASSIGNMENT (#1083, #1080, (#1079));
#1085 = PRODUCT_RELATED_PRODUCT_CATEGORY ('detail', $, (#1079));
#1086 = PRODUCT_DEFINITION_FORMATION_WITH_SPECIFIED_SOURCE ('', '', #1079, .NOT_KNOWN.);
#1087 = APPROVAL_STATUS ('approved');
#1088 = APPROVAL (#1087, '');
#1089 = CALENDAR_DATE (2026, 3, 2);
#1090 = COORDINATED_UNIVERSAL_TIME_OFFSET (0, $, .AHEAD.);
#1091 = LOCAL_TIME (21, 7, 11., #1090);
#1092 = DATE_AND_TIME (#1089, #1091);
#1093 = APPROVAL_DATE_TIME (#1092, #1088);
#1094 = APPROVAL_ROLE ('');
#1095 = PERSON ('#1095', '', $, $, $, $);
#1096 = ORGANIZATION ($, '', '');
#1097 = PERSON_AND_ORGANIZATION (#1095, #1096);
#1098 = APPROVAL_PERSON_ORGANIZATION (#1097, #1088, #1094);
#1099 = CC_DESIGN_APPROVAL (#1088, (#1086));
#1100 = PERSON_AND_ORGANIZATION_ROLE ('creator');
#1101 = PERSON ('#1101', '', $, $, $, $);
#1102 = ORGANIZATION ($, '', '');
#1103 = PERSON_AND_ORGANIZATION (#1101, #1102);
#1104 = CC_DESIGN_PERSON_AND_ORGANIZATION_ASSIGNMENT (#1103, #1100, (#1086));
#1105 = PERSON_AND_ORGANIZATION_ROLE ('part_supplier');
#1106 = PERSON ('#1106', '', $, $, $, $);
#1107 = ORGANIZATION ($, '', '');
#1108 = PERSON_AND_ORGANIZATION (#1106, #1107);
#1109 = CC_DESIGN_PERSON_AND_ORGANIZATION_ASSIGNMENT (#1108, #1105, (#1086));
#1110 = SECURITY_CLASSIFICATION_LEVEL ('unclassified');
#1111 = SECURITY_CLASSIFICATION ('', '', #1110);
#1112 = APPROVAL_STATUS ('approved');
#1113 = APPROVAL (#1112, '');
#1114 = CALENDAR_DATE (2026, 3, 2);
#1115 = COORDINATED_UNIVERSAL_TIME_OFFSET (0, $, .AHEAD.);
#1116 = LOCAL_TIME (21, 7, 11., #1115);
#1117 = DATE_AND_TIME (#1114, #1116);
#1118 = APPROVAL_DATE_TIME (#1117, #1113);
#1119 = APPROVAL_ROLE ('');
#1120 = PERSON ('#1120', '', $, $, $, $);
#1121 = ORGANIZATION ($, '', '');
#1122 = PERSON_AND_ORGANIZATION (#1120, #1121);
#1123 = APPROVAL_PERSON_ORGANIZATION (#1122, #1113, #1119);
#1124 = CC_DESIGN_APPROVAL (#1113, (#1111));
#1125 = DATE_TIME_ROLE ('classification_date');
#1126 = CALENDAR_DATE (2026, 3, 2);
#1127 = COORDINATED_UNIVERSAL_TIME_OFFSET (0, $, .AHEAD.);
#1128 = LOCAL_TIME (21, 7, 11., #1127);
#1129 = DATE_AND_TIME (#1126, #1128);
#1130 = CC_DESIGN_DATE_AND_TIME_ASSIGNMENT (#1129, #1125, (#1111));
#1131 = PERSON_AND_ORGANIZATION_ROLE ('classification_officer');
#1132 = PERSON ('#1132', '', $, $, $, $);
#1133 = ORGANIZATION ($, '', '');
#1134 = PERSON_AND_ORGANIZATION (#1132, #1133);
#1135 = CC_DESIGN_PERSON_AND_ORGANIZATION_ASSIGNMENT (#1134, #1131, (#1111));
#1136 = CC_DESIGN_SECURITY_CLASSIFICATION (#1111, (#1086));
#1137 = DESIGN_CONTEXT ('', #1076, 'design');
#1138 = APPROVAL_STATUS ('approved');
#1139 = APPROVAL (#1138, '');
#1140 = CALENDAR_DATE (2026, 3, 2);
#1141 = COORDINATED_UNIVERSAL_TIME_OFFSET (0, $, .AHEAD.);
#1142 = LOCAL_TIME (21, 7, 11., #1141);
#1143 = DATE_AND_TIME (#1140, #1142);
#1144 = APPROVAL_DATE_TIME (#1143, #1139);
#1145 = APPROVAL_ROLE ('');
#1146 = PERSON ('#1146', '', $, $, $, $);
#1147 = ORGANIZATION ($, '', '');
#1148 = PERSON_AND_ORGANIZATION (#1146, #1147);
#1149 = APPROVAL_PERSON_ORGANIZATION (#1148, #1139, #1145);
#1150 = CC_DESIGN_APPROVAL (#1139, (*));
#1151 = DATE_TIME_ROLE ('creation_date');
#1152 = CALENDAR_DATE (2026, 3, 2);
#1153 = COORDINATED_UNIVERSAL_TIME_OFFSET (0, $, .AHEAD.);
#1154 = LOCAL_TIME (21, 7, 11., #1153);
#1155 = DATE_AND_TIME (#1152, #1154);
#1156 = CC_DESIGN_DATE_AND_TIME_ASSIGNMENT (#1155, #1151, (*));
#1157 = PERSON_AND_ORGANIZATION_ROLE ('creator');
#1158 = PERSON ('#1158', '', $, $, $, $);
#1159 = ORGANIZATION ($, '', '');
#1160 = PERSON_AND_ORGANIZATION (#1158, #1159);
#1161 = CC_DESIGN_PERSON_AND_ORGANIZATION_ASSIGNMENT (#1160, #1157, (*));
#1162 = PRODUCT_DEFINITION ('', '', #1086, #1137);
#1163 = PRODUCT_DEFINITION_SHAPE ('', '', #1162);
#1164 = SHAPE_DEFINITION_REPRESENTATION (#1163, #1075);
#1165 = SHAPE_REPRESENTATION_RELATIONSHIP ('', '', #1075, #1166);
#1166 = ADVANCED_BREP_SHAPE_REPRESENTATION ('', (#1061), #1074);
#1167 = NEXT_ASSEMBLY_USAGE_OCCURRENCE ('#1167', '', '', #173, #1162, $);
#1168 = SECURITY_CLASSIFICATION_LEVEL ('unclassified');
#1169 = SECURITY_CLASSIFICATION ('', '', #1168);
#1170 = APPROVAL_STATUS ('approved');
#1171 = APPROVAL (#1170, '');
#1172 = CALENDAR_DATE (2026, 3, 2);
#1173 = COORDINATED_UNIVERSAL_TIME_OFFSET (0, $, .AHEAD.);
#1174 = LOCAL_TIME (21, 7, 11., #1173);
#1175 = DATE_AND_TIME (#1172, #1174);
#1176 = APPROVAL_DATE_TIME (#1175, #1171);
#1177 = APPROVAL_ROLE ('');
#1178 = PERSON ('#1178', '', $, $, $, $);
#1179 = ORGANIZATION ($, '', '');
#1180 = PERSON_AND_ORGANIZATION (#1178, #1179);
#1181 = APPROVAL_PERSON_ORGANIZATION (#1180, #1171, #1177);
#1182 = CC_DESIGN_APPROVAL (#1171, (#1169));
#1183 = DATE_TIME_ROLE ('classification_date');
#1184 = CALENDAR_DATE (2026, 3, 2);
#1185 = COORDINATED_UNIVERSAL_TIME_OFFSET (0, $, .AHEAD.);
#1186 = LOCAL_TIME (21, 7, 11., #1185);
#1187 = DATE_AND_TIME (#1184, #1186);
#1188 = CC_DESIGN_DATE_AND_TIME_ASSIGNMENT (#1187, #1183, (#1169));
#1189 = PERSON_AND_ORGANIZATION_ROLE ('classification_officer');
#1190 = PERSON ('#1190', '', $, $, $, $);
#1191 = ORGANIZATION ($, '', '');
#1192 = PERSON_AND_ORGANIZATION (#1190, #1191);
#1193 = CC_DESIGN_PERSON_AND_ORGANIZATION_ASSIGNMENT (#1192, #1189, (#1169));
#1194 = CC_DESIGN_SECURITY_CLASSIFICATION (#1169, (#1167));
#1195 = PRODUCT_DEFINITION_SHAPE ('', '', #1167);
#1196 = CARTESIAN_POINT ('', (0., 0., 0.));
#1197 = DIRECTION ('', (0., 0., 1.));
#1198 = DIRECTION ('', (1., 0., 0.));
#1199 = AXIS2_PLACEMENT_3D ('', #1196, #1197, #1198);
#1200 = CARTESIAN_POINT ('', (0., 0., 0.));
#1201 = DIRECTION ('', (0., 0., 1.));
#1202 = DIRECTION ('', (1., 0., 0.));
#1203 = AXIS2_PLACEMENT_3D ('', #1200, #1201, #1202);
#1204 = ITEM_DEFINED_TRANSFORMATION ('', '', #1199, #1203);
#1205 = (
   REPRESENTATION_RELATIONSHIP ('', '', #86, #1075)
   REPRESENTATION_RELATIONSHIP_WITH_TRANSFORMATION (#1204)
   SHAPE_REPRESENTATION_RELATIONSHIP ()
);
#1206 = CONTEXT_DEPENDENT_SHAPE_REPRESENTATION (#1205, #1195);
#1207 = CARTESIAN_POINT ('', (80.2159902576695, 107.866116523516, -5.));
#1208 = VERTEX_POINT ('', #1207);
#1209 = CARTESIAN_POINT ('', (80.2159902576695, 107.866116523516, -4.5));
#1210 = VERTEX_POINT ('', #1209);
#1211 = CARTESIAN_POINT ('', (80.2159902576695, 107.866116523516, -5.));
#1212 = CARTESIAN_POINT ('', (80.2159902576695, 107.866116523516, -4.5));
#1213 = B_SPLINE_CURVE_WITH_KNOTS ('', 1, (#1211, #1212), .UNSPECIFIED., .F., .U., (2, 2), (0., 1.), .UNSPECIFIED.);
#1214 = EDGE_CURVE ('', #1208, #1210, #1213, .T.);
#1215 = ORIENTED_EDGE ('', *, *, #1214, .F.);
#1216 = CARTESIAN_POINT ('', (79.508883476483, 107.866116523516, -5.));
#1217 = VERTEX_POINT ('', #1216);
#1218 = CARTESIAN_POINT ('', (79.508883476483, 107.866116523516, -5.));
#1219 = CARTESIAN_POINT ('', (80.2159902576695, 107.866116523516, -5.));
#1220 = B_SPLINE_CURVE_WITH_KNOTS ('', 1, (#1218, #1219), .UNSPECIFIED., .F., .U., (2, 2), (1.70710678118655, 2.41421356237309), .UNSPECIFIED.);
#1221 = EDGE_CURVE ('', #1217, #1208, #1220, .T.);
#1222 = ORIENTED_EDGE ('', *, *, #1221, .F.);
#1223 = CARTESIAN_POINT ('', (79.508883476483, 107.866116523516, -4.5));
#1224 = VERTEX_POINT ('', #1223);
#1225 = CARTESIAN_POINT ('', (79.508883476483, 107.866116523516, -5.));
#1226 = CARTESIAN_POINT ('', (79.508883476483, 107.866116523516, -4.5));
#1227 = B_SPLINE_CURVE_WITH_KNOTS ('', 1, (#1225, #1226), .UNSPECIFIED., .F., .U., (2, 2), (0., 1.), .UNSPECIFIED.);
#1228 = EDGE_CURVE ('', #1217, #1224, #1227, .T.);
#1229 = ORIENTED_EDGE ('', *, *, #1228, .T.);
#1230 = CARTESIAN_POINT ('', (79.508883476483, 107.866116523516, -4.5));
#1231 = CARTESIAN_POINT ('', (80.2159902576695, 107.866116523516, -4.5));
#1232 = B_SPLINE_CURVE_WITH_KNOTS ('', 1, (#1230, #1231), .UNSPECIFIED., .F., .U., (2, 2), (1.70710678118655, 2.41421356237309), .UNSPECIFIED.);
#1233 = EDGE_CURVE ('', #1224, #1210, #1232, .T.);
#1234 = ORIENTED_EDGE ('', *, *, #1233, .T.);
#1235 = EDGE_LOOP ('', (#1215, #1222, #1229, #1234));
#1236 = FACE_OUTER_BOUND ('', #1235, .T.);
#1237 = CARTESIAN_POINT ('', (79.508883476483, 107.866116523516, -5.));
#1238 = CARTESIAN_POINT ('', (80.2159902576696, 107.866116523516, -5.));
#1239 = CARTESIAN_POINT ('', (79.508883476483, 107.866116523516, -4.5));
#1240 = CARTESIAN_POINT ('', (80.2159902576696, 107.866116523516, -4.5));
#1241 = B_SPLINE_SURFACE_WITH_KNOTS ('', 1, 1, ((#1237, #1238), (#1239, #1240)), .UNSPECIFIED., .F., .F., .U., (2, 2), (2, 2), (0., 1.), (1.70710678118655, 2.41421356237309), .UNSPECIFIED.);
#1242 = ADVANCED_FACE ('', (#1236), #1241, .T.);
#1243 = CARTESIAN_POINT ('', (80.923097038856, 107.159009742329, -5.));
#1244 = VERTEX_POINT ('', #1243);
#1245 = CARTESIAN_POINT ('', (80.923097038856, 107.159009742329, -4.5));
#1246 = VERTEX_POINT ('', #1245);
#1247 = CARTESIAN_POINT ('', (80.923097038856, 107.159009742329, -5.));
#1248 = CARTESIAN_POINT ('', (80.923097038856, 107.159009742329, -4.5));
#1249 = B_SPLINE_CURVE_WITH_KNOTS ('', 1, (#1247, #1248), .UNSPECIFIED., .F., .U., (2, 2), (0., 1.), .UNSPECIFIED.);
#1250 = EDGE_CURVE ('', #1244, #1246, #1249, .T.);
#1251 = ORIENTED_EDGE ('', *, *, #1250, .F.);
#1252 = CARTESIAN_POINT ('', (80.2159902576695, 107.866116523516, -5.));
#1253 = CARTESIAN_POINT ('', (80.923097038856, 107.159009742329, -5.));
#1254 = B_SPLINE_CURVE_WITH_KNOTS ('', 1, (#1252, #1253), .UNSPECIFIED., .F., .U., (2, 2), (2.41421356237309, 3.41421356237309), .UNSPECIFIED.);
#1255 = EDGE_CURVE ('', #1208, #1244, #1254, .T.);
#1256 = ORIENTED_EDGE ('', *, *, #1255, .F.);
#1257 = ORIENTED_EDGE ('', *, *, #1214, .T.);
#1258 = CARTESIAN_POINT ('', (80.2159902576695, 107.866116523516, -4.5));
#1259 = CARTESIAN_POINT ('', (80.923097038856, 107.159009742329, -4.5));
#1260 = B_SPLINE_CURVE_WITH_KNOTS ('', 1, (#1258, #1259), .UNSPECIFIED., .F., .U., (2, 2), (2.41421356237309, 3.41421356237309), .UNSPECIFIED.);
#1261 = EDGE_CURVE ('', #1210, #1246, #1260, .T.);
#1262 = ORIENTED_EDGE ('', *, *, #1261, .T.);
#1263 = EDGE_LOOP ('', (#1251, #1256, #1257, #1262));
#1264 = FACE_OUTER_BOUND ('', #1263, .T.);
#1265 = CARTESIAN_POINT ('', (80.2159902576695, 107.866116523516, -5.));
#1266 = CARTESIAN_POINT ('', (80.923097038856, 107.159009742329, -5.));
#1267 = CARTESIAN_POINT ('', (80.2159902576695, 107.866116523516, -4.5));
#1268 = CARTESIAN_POINT ('', (80.923097038856, 107.159009742329, -4.5));
#1269 = B_SPLINE_SURFACE_WITH_KNOTS ('', 1, 1, ((#1265, #1266), (#1267, #1268)), .UNSPECIFIED., .F., .F., .U., (2, 2), (2, 2), (0., 1.), (2.41421356237309, 3.41421356237309), .UNSPECIFIED.);
#1270 = ADVANCED_FACE ('', (#1264), #1269, .T.);
#1271 = CARTESIAN_POINT ('', (80.9230970388558, 106.451902961143, -5.));
#1272 = VERTEX_POINT ('', #1271);
#1273 = CARTESIAN_POINT ('', (80.9230970388558, 106.451902961143, -4.5));
#1274 = VERTEX_POINT ('', #1273);
#1275 = CARTESIAN_POINT ('', (80.9230970388558, 106.451902961143, -5.));
#1276 = CARTESIAN_POINT ('', (80.9230970388558, 106.451902961143, -4.5));
#1277 = B_SPLINE_CURVE_WITH_KNOTS ('', 1, (#1275, #1276), .UNSPECIFIED., .F., .U., (2, 2), (0., 1.), .UNSPECIFIED.);
#1278 = EDGE_CURVE ('', #1272, #1274, #1277, .T.);
#1279 = ORIENTED_EDGE ('', *, *, #1278, .F.);
#1280 = CARTESIAN_POINT ('', (80.923097038856, 107.159009742329, -5.));
#1281 = CARTESIAN_POINT ('', (80.9230970388558, 106.451902961143, -5.));
#1282 = B_SPLINE_CURVE_WITH_KNOTS ('', 1, (#1280, #1281), .UNSPECIFIED., .F., .U., (2, 2), (3.41421356237309, 4.12132034355964), .UNSPECIFIED.);
#1283 = EDGE_CURVE ('', #1244, #1272, #1282, .T.);
#1284 = ORIENTED_EDGE ('', *, *, #1283, .F.);
#1285 = ORIENTED_EDGE ('', *, *, #1250, .T.);
#1286 = CARTESIAN_POINT ('', (80.923097038856, 107.159009742329, -4.5));
#1287 = CARTESIAN_POINT ('', (80.9230970388558, 106.451902961143, -4.5));
#1288 = B_SPLINE_CURVE_WITH_KNOTS ('', 1, (#1286, #1287), .UNSPECIFIED., .F., .U., (2, 2), (3.41421356237309, 4.12132034355964), .UNSPECIFIED.);
#1289 = EDGE_CURVE ('', #1246, #1274, #1288, .T.);
#1290 = ORIENTED_EDGE ('', *, *, #1289, .T.);
#1291 = EDGE_LOOP ('', (#1279, #1284, #1285, #1290));
#1292 = FACE_OUTER_BOUND ('', #1291, .T.);
#1293 = CARTESIAN_POINT ('', (80.923097038856, 107.159009742329, -5.));
#1294 = CARTESIAN_POINT ('', (80.9230970388558, 106.451902961143, -5.));
#1295 = CARTESIAN_POINT ('', (80.923097038856, 107.159009742329, -4.5));
#1296 = CARTESIAN_POINT ('', (80.9230970388558, 106.451902961143, -4.5));
#1297 = B_SPLINE_SURFACE_WITH_KNOTS ('', 1, 1, ((#1293, #1294), (#1295, #1296)), .UNSPECIFIED., .F., .F., .U., (2, 2), (2, 2), (0., 1.), (3.41421356237309, 4.12132034355964), .UNSPECIFIED.);
#1298 = ADVANCED_FACE ('', (#1292), #1297, .T.);
#1299 = CARTESIAN_POINT ('', (80.2159902576693, 106.451902961143, -5.));
#1300 = VERTEX_POINT ('', #1299);
#1301 = CARTESIAN_POINT ('', (80.2159902576693, 106.451902961143, -4.5));
#1302 = VERTEX_POINT ('', #1301);
#1303 = CARTESIAN_POINT ('', (80.2159902576693, 106.451902961143, -5.));
#1304 = CARTESIAN_POINT ('', (80.2159902576693, 106.451902961143, -4.5));
#1305 = B_SPLINE_CURVE_WITH_KNOTS ('', 1, (#1303, #1304), .UNSPECIFIED., .F., .U., (2, 2), (0., 1.), .UNSPECIFIED.);
#1306 = EDGE_CURVE ('', #1300, #1302, #1305, .T.);
#1307 = ORIENTED_EDGE ('', *, *, #1306, .F.);
#1308 = CARTESIAN_POINT ('', (80.9230970388558, 106.451902961143, -5.));
#1309 = CARTESIAN_POINT ('', (80.2159902576693, 106.451902961143, -5.));
#1310 = B_SPLINE_CURVE_WITH_KNOTS ('', 1, (#1308, #1309), .UNSPECIFIED., .F., .U., (2, 2), (4.12132034355964, 4.82842712474619), .UNSPECIFIED.);
#1311 = EDGE_CURVE ('', #1272, #1300, #1310, .T.);
#1312 = ORIENTED_EDGE ('', *, *, #1311, .F.);
#1313 = ORIENTED_EDGE ('', *, *, #1278, .T.);
#1314 = CARTESIAN_POINT ('', (80.9230970388558, 106.451902961143, -4.5));
#1315 = CARTESIAN_POINT ('', (80.2159902576693, 106.451902961143, -4.5));
#1316 = B_SPLINE_CURVE_WITH_KNOTS ('', 1, (#1314, #1315), .UNSPECIFIED., .F., .U., (2, 2), (4.12132034355964, 4.82842712474619), .UNSPECIFIED.);
#1317 = EDGE_CURVE ('', #1274, #1302, #1316, .T.);
#1318 = ORIENTED_EDGE ('', *, *, #1317, .T.);
#1319 = EDGE_LOOP ('', (#1307, #1312, #1313, #1318));
#1320 = FACE_OUTER_BOUND ('', #1319, .T.);
#1321 = CARTESIAN_POINT ('', (80.9230970388558, 106.451902961143, -5.));
#1322 = CARTESIAN_POINT ('', (80.2159902576693, 106.451902961143, -5.));
#1323 = CARTESIAN_POINT ('', (80.9230970388558, 106.451902961143, -4.5));
#1324 = CARTESIAN_POINT ('', (80.2159902576693, 106.451902961143, -4.5));
#1325 = B_SPLINE_SURFACE_WITH_KNOTS ('', 1, 1, ((#1321, #1322), (#1323, #1324)), .UNSPECIFIED., .F., .F., .U., (2, 2), (2, 2), (0., 1.), (4.12132034355964, 4.82842712474619), .UNSPECIFIED.);
#1326 = ADVANCED_FACE ('', (#1320), #1325, .T.);
#1327 = CARTESIAN_POINT ('', (79.5088834764829, 107.15900974233, -5.));
#1328 = VERTEX_POINT ('', #1327);
#1329 = CARTESIAN_POINT ('', (79.5088834764829, 107.15900974233, -4.5));
#1330 = VERTEX_POINT ('', #1329);
#1331 = CARTESIAN_POINT ('', (79.5088834764829, 107.15900974233, -5.));
#1332 = CARTESIAN_POINT ('', (79.5088834764829, 107.15900974233, -4.5));
#1333 = B_SPLINE_CURVE_WITH_KNOTS ('', 1, (#1331, #1332), .UNSPECIFIED., .F., .U., (2, 2), (0., 1.), .UNSPECIFIED.);
#1334 = EDGE_CURVE ('', #1328, #1330, #1333, .T.);
#1335 = ORIENTED_EDGE ('', *, *, #1334, .F.);
#1336 = CARTESIAN_POINT ('', (80.2159902576693, 106.451902961143, -5.));
#1337 = CARTESIAN_POINT ('', (79.5088834764829, 107.15900974233, -5.));
#1338 = B_SPLINE_CURVE_WITH_KNOTS ('', 1, (#1336, #1337), .UNSPECIFIED., .F., .U., (2, 2), (0., 1.), .UNSPECIFIED.);
#1339 = EDGE_CURVE ('', #1300, #1328, #1338, .T.);
#1340 = ORIENTED_EDGE ('', *, *, #1339, .F.);
#1341 = ORIENTED_EDGE ('', *, *, #1306, .T.);
#1342 = CARTESIAN_POINT ('', (80.2159902576693, 106.451902961143, -4.5));
#1343 = CARTESIAN_POINT ('', (79.5088834764829, 107.15900974233, -4.5));
#1344 = B_SPLINE_CURVE_WITH_KNOTS ('', 1, (#1342, #1343), .UNSPECIFIED., .F., .U., (2, 2), (0., 1.), .UNSPECIFIED.);
#1345 = EDGE_CURVE ('', #1302, #1330, #1344, .T.);
#1346 = ORIENTED_EDGE ('', *, *, #1345, .T.);
#1347 = EDGE_LOOP ('', (#1335, #1340, #1341, #1346));
#1348 = FACE_OUTER_BOUND ('', #1347, .T.);
#1349 = CARTESIAN_POINT ('', (80.2159902576693, 106.451902961143, -5.));
#1350 = CARTESIAN_POINT ('', (79.5088834764829, 107.15900974233, -5.));
#1351 = CARTESIAN_POINT ('', (80.2159902576693, 106.451902961143, -4.5));
#1352 = CARTESIAN_POINT ('', (79.5088834764829, 107.15900974233, -4.5));
#1353 = B_SPLINE_SURFACE_WITH_KNOTS ('', 1, 1, ((#1349, #1350), (#1351, #1352)), .UNSPECIFIED., .F., .F., .U., (2, 2), (2, 2), (0., 1.), (0., 1.), .UNSPECIFIED.);
#1354 = ADVANCED_FACE ('', (#1348), #1353, .T.);
#1355 = ORIENTED_EDGE ('', *, *, #1289, .F.);
#1356 = ORIENTED_EDGE ('', *, *, #1261, .F.);
#1357 = ORIENTED_EDGE ('', *, *, #1233, .F.);
#1358 = CARTESIAN_POINT ('', (79.5088834764829, 107.15900974233, -4.5));
#1359 = CARTESIAN_POINT ('', (79.508883476483, 107.866116523516, -4.5));
#1360 = B_SPLINE_CURVE_WITH_KNOTS ('', 1, (#1358, #1359), .UNSPECIFIED., .F., .U., (2, 2), (1., 1.70710678118655), .UNSPECIFIED.);
#1361 = EDGE_CURVE ('', #1330, #1224, #1360, .T.);
#1362 = ORIENTED_EDGE ('', *, *, #1361, .F.);
#1363 = ORIENTED_EDGE ('', *, *, #1345, .F.);
#1364 = ORIENTED_EDGE ('', *, *, #1317, .F.);
#1365 = EDGE_LOOP ('', (#1355, #1356, #1357, #1362, #1363, #1364));
#1366 = FACE_OUTER_BOUND ('', #1365, .T.);
#1367 = CARTESIAN_POINT ('', (80.923097038856, 107.866116523516, -4.5));
#1368 = CARTESIAN_POINT ('', (80.923097038856, 106.451902961143, -4.5));
#1369 = CARTESIAN_POINT ('', (79.5088834764829, 107.866116523516, -4.5));
#1370 = CARTESIAN_POINT ('', (79.5088834764829, 106.451902961143, -4.5));
#1371 = B_SPLINE_SURFACE_WITH_KNOTS ('', 1, 1, ((#1367, #1368), (#1369, #1370)), .UNSPECIFIED., .F., .F., .U., (2, 2), (2, 2), (0.33164124257465, 0.668358757425353), (0.331641242574603, 0.668358757425377), .UNSPECIFIED.);
#1372 = ADVANCED_FACE ('', (#1366), #1371, .T.);
#1373 = ORIENTED_EDGE ('', *, *, #1228, .F.);
#1374 = CARTESIAN_POINT ('', (79.5088834764829, 107.15900974233, -5.));
#1375 = CARTESIAN_POINT ('', (79.508883476483, 107.866116523516, -5.));
#1376 = B_SPLINE_CURVE_WITH_KNOTS ('', 1, (#1374, #1375), .UNSPECIFIED., .F., .U., (2, 2), (1., 1.70710678118655), .UNSPECIFIED.);
#1377 = EDGE_CURVE ('', #1328, #1217, #1376, .T.);
#1378 = ORIENTED_EDGE ('', *, *, #1377, .F.);
#1379 = ORIENTED_EDGE ('', *, *, #1334, .T.);
#1380 = ORIENTED_EDGE ('', *, *, #1361, .T.);
#1381 = EDGE_LOOP ('', (#1373, #1378, #1379, #1380));
#1382 = FACE_OUTER_BOUND ('', #1381, .T.);
#1383 = CARTESIAN_POINT ('', (79.5088834764829, 107.15900974233, -5.));
#1384 = CARTESIAN_POINT ('', (79.508883476483, 107.866116523516, -5.));
#1385 = CARTESIAN_POINT ('', (79.5088834764829, 107.15900974233, -4.5));
#1386 = CARTESIAN_POINT ('', (79.508883476483, 107.866116523516, -4.5));
#1387 = B_SPLINE_SURFACE_WITH_KNOTS ('', 1, 1, ((#1383, #1384), (#1385, #1386)), .UNSPECIFIED., .F., .F., .U., (2, 2), (2, 2), (0., 1.), (1., 1.70710678118655), .UNSPECIFIED.);
#1388 = ADVANCED_FACE ('', (#1382), #1387, .T.);
#1389 = ORIENTED_EDGE ('', *, *, #1283, .T.);
#1390 = ORIENTED_EDGE ('', *, *, #1311, .T.);
#1391 = ORIENTED_EDGE ('', *, *, #1339, .T.);
#1392 = ORIENTED_EDGE ('', *, *, #1377, .T.);
#1393 = ORIENTED_EDGE ('', *, *, #1221, .T.);
#1394 = ORIENTED_EDGE ('', *, *, #1255, .T.);
#1395 = EDGE_LOOP ('', (#1389, #1390, #1391, #1392, #1393, #1394));
#1396 = FACE_OUTER_BOUND ('', #1395, .T.);
#1397 = CARTESIAN_POINT ('', (80.923097038856, 107.866116523516, -5.));
#1398 = CARTESIAN_POINT ('', (79.5088834764829, 107.866116523516, -5.));
#1399 = CARTESIAN_POINT ('', (80.923097038856, 106.451902961143, -5.));
#1400 = CARTESIAN_POINT ('', (79.5088834764829, 106.451902961143, -5.));
#1401 = B_SPLINE_SURFACE_WITH_KNOTS ('', 1, 1, ((#1397, #1398), (#1399, #1400)), .UNSPECIFIED., .F., .F., .U., (2, 2), (2, 2), (0.331641242574603, 0.668358757425377), (0.33164124257465, 0.668358757425353), .UNSPECIFIED.);
#1402 = ADVANCED_FACE ('', (#1396), #1401, .T.);
#1403 = CLOSED_SHELL ('', (#1242, #1270, #1298, #1326, #1354, #1372, #1388, #1402));
#1404 = MANIFOLD_SOLID_BREP ('', #1403);
#1405 = COLOUR_RGB ('', 0., 0.333333333333333, 1.);
#1406 = FILL_AREA_STYLE_COLOUR ('', #1405);
#1407 = FILL_AREA_STYLE ('', (#1406));
#1408 = SURFACE_STYLE_FILL_AREA (#1407);
#1409 = SURFACE_SIDE_STYLE ('', (#1408));
#1410 = SURFACE_STYLE_USAGE (.POSITIVE., #1409);
#1411 = PRESENTATION_STYLE_ASSIGNMENT ((#1410));
#1412 = STYLED_ITEM ('', (#1411), #1404);
#1413 = (
   LENGTH_UNIT ()
   NAMED_UNIT (*)
   SI_UNIT ($, .METRE.)
);
#1414 = (
   NAMED_UNIT (*)
   SI_UNIT ($, .STERADIAN.)
   SOLID_ANGLE_UNIT ()
);
#1415 = (
   NAMED_UNIT (*)
   PLANE_ANGLE_UNIT ()
   SI_UNIT ($, .RADIAN.)
);
#1416 = UNCERTAINTY_MEASURE_WITH_UNIT (LENGTH_MEASURE(0.001), #1413, 'DISTANCE_ACCURACY_VALUE', '');
#1417 = (
   GEOMETRIC_REPRESENTATION_CONTEXT (3)
   GLOBAL_UNCERTAINTY_ASSIGNED_CONTEXT ((#1416))
   GLOBAL_UNIT_ASSIGNED_CONTEXT ((#1413, #1414, #1415))
   REPRESENTATION_CONTEXT ('', '3D')
);
#1418 = SHAPE_REPRESENTATION ('', (#1546), #1417);
#1419 = APPLICATION_CONTEXT ('configuration controlled 3D designs of mechanical parts and assemblies');
#1420 = APPLICATION_PROTOCOL_DEFINITION ('International Standard', 'config_control_design', 1997, #1419);
#1421 = MECHANICAL_CONTEXT ('', #1419, 'mechanical');
#1422 = PRODUCT ('', '', '', (#1421));
#1423 = PERSON_AND_ORGANIZATION_ROLE ('design_owner');
#1424 = PERSON ('#1424', '', $, $, $, $);
#1425 = ORGANIZATION ($, '', '');
#1426 = PERSON_AND_ORGANIZATION (#1424, #1425);
#1427 = CC_DESIGN_PERSON_AND_ORGANIZATION_ASSIGNMENT (#1426, #1423, (#1422));
#1428 = PRODUCT_RELATED_PRODUCT_CATEGORY ('detail', $, (#1422));
#1429 = PRODUCT_DEFINITION_FORMATION_WITH_SPECIFIED_SOURCE ('', '', #1422, .NOT_KNOWN.);
#1430 = APPROVAL_STATUS ('approved');
#1431 = APPROVAL (#1430, '');
#1432 = CALENDAR_DATE (2026, 3, 2);
#1433 = COORDINATED_UNIVERSAL_TIME_OFFSET (0, $, .AHEAD.);
#1434 = LOCAL_TIME (21, 7, 11., #1433);
#1435 = DATE_AND_TIME (#1432, #1434);
#1436 = APPROVAL_DATE_TIME (#1435, #1431);
#1437 = APPROVAL_ROLE ('');
#1438 = PERSON ('#1438', '', $, $, $, $);
#1439 = ORGANIZATION ($, '', '');
#1440 = PERSON_AND_ORGANIZATION (#1438, #1439);
#1441 = APPROVAL_PERSON_ORGANIZATION (#1440, #1431, #1437);
#1442 = CC_DESIGN_APPROVAL (#1431, (#1429));
#1443 = PERSON_AND_ORGANIZATION_ROLE ('creator');
#1444 = PERSON ('#1444', '', $, $, $, $);
#1445 = ORGANIZATION ($, '', '');
#1446 = PERSON_AND_ORGANIZATION (#1444, #1445);
#1447 = CC_DESIGN_PERSON_AND_ORGANIZATION_ASSIGNMENT (#1446, #1443, (#1429));
#1448 = PERSON_AND_ORGANIZATION_ROLE ('part_supplier');
#1449 = PERSON ('#1449', '', $, $, $, $);
#1450 = ORGANIZATION ($, '', '');
#1451 = PERSON_AND_ORGANIZATION (#1449, #1450);
#1452 = CC_DESIGN_PERSON_AND_ORGANIZATION_ASSIGNMENT (#1451, #1448, (#1429));
#1453 = SECURITY_CLASSIFICATION_LEVEL ('unclassified');
#1454 = SECURITY_CLASSIFICATION ('', '', #1453);
#1455 = APPROVAL_STATUS ('approved');
#1456 = APPROVAL (#1455, '');
#1457 = CALENDAR_DATE (2026, 3, 2);
#1458 = COORDINATED_UNIVERSAL_TIME_OFFSET (0, $, .AHEAD.);
#1459 = LOCAL_TIME (21, 7, 11., #1458);
#1460 = DATE_AND_TIME (#1457, #1459);
#1461 = APPROVAL_DATE_TIME (#1460, #1456);
#1462 = APPROVAL_ROLE ('');
#1463 = PERSON ('#1463', '', $, $, $, $);
#1464 = ORGANIZATION ($, '', '');
#1465 = PERSON_AND_ORGANIZATION (#1463, #1464);
#1466 = APPROVAL_PERSON_ORGANIZATION (#1465, #1456, #1462);
#1467 = CC_DESIGN_APPROVAL (#1456, (#1454));
#1468 = DATE_TIME_ROLE ('classification_date');
#1469 = CALENDAR_DATE (2026, 3, 2);
#1470 = COORDINATED_UNIVERSAL_TIME_OFFSET (0, $, .AHEAD.);
#1471 = LOCAL_TIME (21, 7, 11., #1470);
#1472 = DATE_AND_TIME (#1469, #1471);
#1473 = CC_DESIGN_DATE_AND_TIME_ASSIGNMENT (#1472, #1468, (#1454));
#1474 = PERSON_AND_ORGANIZATION_ROLE ('classification_officer');
#1475 = PERSON ('#1475', '', $, $, $, $);
#1476 = ORGANIZATION ($, '', '');
#1477 = PERSON_AND_ORGANIZATION (#1475, #1476);
#1478 = CC_DESIGN_PERSON_AND_ORGANIZATION_ASSIGNMENT (#1477, #1474, (#1454));
#1479 = CC_DESIGN_SECURITY_CLASSIFICATION (#1454, (#1429));
#1480 = DESIGN_CONTEXT ('', #1419, 'design');
#1481 = APPROVAL_STATUS ('approved');
#1482 = APPROVAL (#1481, '');
#1483 = CALENDAR_DATE (2026, 3, 2);
#1484 = COORDINATED_UNIVERSAL_TIME_OFFSET (0, $, .AHEAD.);
#1485 = LOCAL_TIME (21, 7, 11., #1484);
#1486 = DATE_AND_TIME (#1483, #1485);
#1487 = APPROVAL_DATE_TIME (#1486, #1482);
#1488 = APPROVAL_ROLE ('');
#1489 = PERSON ('#1489', '', $, $, $, $);
#1490 = ORGANIZATION ($, '', '');
#1491 = PERSON_AND_ORGANIZATION (#1489, #1490);
#1492 = APPROVAL_PERSON_ORGANIZATION (#1491, #1482, #1488);
#1493 = CC_DESIGN_APPROVAL (#1482, (*));
#1494 = DATE_TIME_ROLE ('creation_date');
#1495 = CALENDAR_DATE (2026, 3, 2);
#1496 = COORDINATED_UNIVERSAL_TIME_OFFSET (0, $, .AHEAD.);
#1497 = LOCAL_TIME (21, 7, 11., #1496);
#1498 = DATE_AND_TIME (#1495, #1497);
#1499 = CC_DESIGN_DATE_AND_TIME_ASSIGNMENT (#1498, #1494, (*));
#1500 = PERSON_AND_ORGANIZATION_ROLE ('creator');
#1501 = PERSON ('#1501', '', $, $, $, $);
#1502 = ORGANIZATION ($, '', '');
#1503 = PERSON_AND_ORGANIZATION (#1501, #1502);
#1504 = CC_DESIGN_PERSON_AND_ORGANIZATION_ASSIGNMENT (#1503, #1500, (*));
#1505 = PRODUCT_DEFINITION ('', '', #1429, #1480);
#1506 = PRODUCT_DEFINITION_SHAPE ('', '', #1505);
#1507 = SHAPE_DEFINITION_REPRESENTATION (#1506, #1418);
#1508 = SHAPE_REPRESENTATION_RELATIONSHIP ('', '', #1418, #1509);
#1509 = ADVANCED_BREP_SHAPE_REPRESENTATION ('', (#1404), #1417);
#1510 = NEXT_ASSEMBLY_USAGE_OCCURRENCE ('#1510', '', '', #173, #1505, $);
#1511 = SECURITY_CLASSIFICATION_LEVEL ('unclassified');
#1512 = SECURITY_CLASSIFICATION ('', '', #1511);
#1513 = APPROVAL_STATUS ('approved');
#1514 = APPROVAL (#1513, '');
#1515 = CALENDAR_DATE (2026, 3, 2);
#1516 = COORDINATED_UNIVERSAL_TIME_OFFSET (0, $, .AHEAD.);
#1517 = LOCAL_TIME (21, 7, 11., #1516);
#1518 = DATE_AND_TIME (#1515, #1517);
#1519 = APPROVAL_DATE_TIME (#1518, #1514);
#1520 = APPROVAL_ROLE ('');
#1521 = PERSON ('#1521', '', $, $, $, $);
#1522 = ORGANIZATION ($, '', '');
#1523 = PERSON_AND_ORGANIZATION (#1521, #1522);
#1524 = APPROVAL_PERSON_ORGANIZATION (#1523, #1514, #1520);
#1525 = CC_DESIGN_APPROVAL (#1514, (#1512));
#1526 = DATE_TIME_ROLE ('classification_date');
#1527 = CALENDAR_DATE (2026, 3, 2);
#1528 = COORDINATED_UNIVERSAL_TIME_OFFSET (0, $, .AHEAD.);
#1529 = LOCAL_TIME (21, 7, 11., #1528);
#1530 = DATE_AND_TIME (#1527, #1529);
#1531 = CC_DESIGN_DATE_AND_TIME_ASSIGNMENT (#1530, #1526, (#1512));
#1532 = PERSON_AND_ORGANIZATION_ROLE ('classification_officer');
#1533 = PERSON ('#1533', '', $, $, $, $);
#1534 = ORGANIZATION ($, '', '');
#1535 = PERSON_AND_ORGANIZATION (#1533, #1534);
#1536 = CC_DESIGN_PERSON_AND_ORGANIZATION_ASSIGNMENT (#1535, #1532, (#1512));
#1537 = CC_DESIGN_SECURITY_CLASSIFICATION (#1512, (#1510));
#1538 = PRODUCT_DEFINITION_SHAPE ('', '', #1510);
#1539 = CARTESIAN_POINT ('', (0., 0., 0.));
#1540 = DIRECTION ('', (0., 0., 1.));
#1541 = DIRECTION ('', (1., 0., 0.));
#1542 = AXIS2_PLACEMENT_3D ('', #1539, #1540, #1541);
#1543 = CARTESIAN_POINT ('', (0., 0., 0.));
#1544 = DIRECTION ('', (0., 0., 1.));
#1545 = DIRECTION ('', (1., 0., 0.));
#1546 = AXIS2_PLACEMENT_3D ('', #1543, #1544, #1545);
#1547 = ITEM_DEFINED_TRANSFORMATION ('', '', #1542, #1546);
#1548 = (
   REPRESENTATION_RELATIONSHIP ('', '', #86, #1418)
   REPRESENTATION_RELATIONSHIP_WITH_TRANSFORMATION (#1547)
   SHAPE_REPRESENTATION_RELATIONSHIP ()
);
#1549 = CONTEXT_DEPENDENT_SHAPE_REPRESENTATION (#1548, #1538);
#1550 = CARTESIAN_POINT ('', (71.5769029611442, 113.255203820043, -5.));
#1551 = VERTEX_POINT ('', #1550);
#1552 = CARTESIAN_POINT ('', (71.5769029611444, 112.548097038857, -5.));
#1553 = VERTEX_POINT ('', #1552);
#1554 = CARTESIAN_POINT ('', (71.5769029611442, 113.255203820043, -5.));
#1555 = CARTESIAN_POINT ('', (71.5769029611444, 112.548097038857, -5.));
#1556 = B_SPLINE_CURVE_WITH_KNOTS ('', 1, (#1554, #1555), .UNSPECIFIED., .F., .U., (2, 2), (3.41421356237309, 4.12132034355964), .UNSPECIFIED.);
#1557 = EDGE_CURVE ('', #1551, #1553, #1556, .T.);
#1558 = ORIENTED_EDGE ('', *, *, #1557, .F.);
#1559 = CARTESIAN_POINT ('', (72.2840097423307, 113.96231060123, -5.));
#1560 = VERTEX_POINT ('', #1559);
#1561 = CARTESIAN_POINT ('', (72.2840097423307, 113.96231060123, -5.));
#1562 = CARTESIAN_POINT ('', (71.5769029611442, 113.255203820043, -5.));
#1563 = B_SPLINE_CURVE_WITH_KNOTS ('', 1, (#1561, #1562), .UNSPECIFIED., .F., .U., (2, 2), (2.41421356237309, 3.41421356237309), .UNSPECIFIED.);
#1564 = EDGE_CURVE ('', #1560, #1551, #1563, .T.);
#1565 = ORIENTED_EDGE ('', *, *, #1564, .F.);
#1566 = CARTESIAN_POINT ('', (72.9911165235172, 113.96231060123, -5.));
#1567 = VERTEX_POINT ('', #1566);
#1568 = CARTESIAN_POINT ('', (72.9911165235172, 113.96231060123, -5.));
#1569 = CARTESIAN_POINT ('', (72.2840097423307, 113.96231060123, -5.));
#1570 = B_SPLINE_CURVE_WITH_KNOTS ('', 1, (#1568, #1569), .UNSPECIFIED., .F., .U., (2, 2), (1.70710678118655, 2.41421356237309), .UNSPECIFIED.);
#1571 = EDGE_CURVE ('', #1567, #1560, #1570, .T.);
#1572 = ORIENTED_EDGE ('', *, *, #1571, .F.);
#1573 = CARTESIAN_POINT ('', (72.9911165235173, 113.255203820043, -5.));
#1574 = VERTEX_POINT ('', #1573);
#1575 = CARTESIAN_POINT ('', (72.9911165235173, 113.255203820043, -5.));
#1576 = CARTESIAN_POINT ('', (72.9911165235172, 113.96231060123, -5.));
#1577 = B_SPLINE_CURVE_WITH_KNOTS ('', 1, (#1575, #1576), .UNSPECIFIED., .F., .U., (2, 2), (1., 1.70710678118655), .UNSPECIFIED.);
#1578 = EDGE_CURVE ('', #1574, #1567, #1577, .T.);
#1579 = ORIENTED_EDGE ('', *, *, #1578, .F.);
#1580 = CARTESIAN_POINT ('', (72.2840097423309, 112.548097038857, -5.));
#1581 = VERTEX_POINT ('', #1580);
#1582 = CARTESIAN_POINT ('', (72.2840097423309, 112.548097038857, -5.));
#1583 = CARTESIAN_POINT ('', (72.9911165235173, 113.255203820043, -5.));
#1584 = B_SPLINE_CURVE_WITH_KNOTS ('', 1, (#1582, #1583), .UNSPECIFIED., .F., .U., (2, 2), (0., 1.), .UNSPECIFIED.);
#1585 = EDGE_CURVE ('', #1581, #1574, #1584, .T.);
#1586 = ORIENTED_EDGE ('', *, *, #1585, .F.);
#1587 = CARTESIAN_POINT ('', (71.5769029611444, 112.548097038857, -5.));
#1588 = CARTESIAN_POINT ('', (72.2840097423309, 112.548097038857, -5.));
#1589 = B_SPLINE_CURVE_WITH_KNOTS ('', 1, (#1587, #1588), .UNSPECIFIED., .F., .U., (2, 2), (4.12132034355964, 4.82842712474619), .UNSPECIFIED.);
#1590 = EDGE_CURVE ('', #1553, #1581, #1589, .T.);
#1591 = ORIENTED_EDGE ('', *, *, #1590, .F.);
#1592 = EDGE_LOOP ('', (#1558, #1565, #1572, #1579, #1586, #1591));
#1593 = FACE_OUTER_BOUND ('', #1592, .T.);
#1594 = CARTESIAN_POINT ('', (71.5769029611442, 113.96231060123, -5.));
#1595 = CARTESIAN_POINT ('', (71.5769029611442, 112.548097038857, -5.));
#1596 = CARTESIAN_POINT ('', (72.9911165235173, 113.96231060123, -5.));
#1597 = CARTESIAN_POINT ('', (72.9911165235173, 112.548097038857, -5.));
#1598 = B_SPLINE_SURFACE_WITH_KNOTS ('', 1, 1, ((#1594, #1595), (#1596, #1597)), .UNSPECIFIED., .F., .F., .U., (2, 2), (2, 2), (0.33164124257465, 0.668358757425353), (0.331641242574603, 0.668358757425377), .UNSPECIFIED.);
#1599 = ADVANCED_FACE ('', (#1593), #1598, .T.);
#1600 = CARTESIAN_POINT ('', (72.9911165235173, 113.255203820043, -4.5));
#1601 = VERTEX_POINT ('', #1600);
#1602 = CARTESIAN_POINT ('', (72.9911165235173, 113.255203820043, -5.));
#1603 = CARTESIAN_POINT ('', (72.9911165235173, 113.255203820043, -4.5));
#1604 = B_SPLINE_CURVE_WITH_KNOTS ('', 1, (#1602, #1603), .UNSPECIFIED., .F., .U., (2, 2), (0., 1.), .UNSPECIFIED.);
#1605 = EDGE_CURVE ('', #1574, #1601, #1604, .T.);
#1606 = ORIENTED_EDGE ('', *, *, #1605, .T.);
#1607 = CARTESIAN_POINT ('', (72.2840097423309, 112.548097038857, -4.5));
#1608 = VERTEX_POINT ('', #1607);
#1609 = CARTESIAN_POINT ('', (72.2840097423309, 112.548097038857, -4.5));
#1610 = CARTESIAN_POINT ('', (72.9911165235173, 113.255203820043, -4.5));
#1611 = B_SPLINE_CURVE_WITH_KNOTS ('', 1, (#1609, #1610), .UNSPECIFIED., .F., .U., (2, 2), (0., 1.), .UNSPECIFIED.);
#1612 = EDGE_CURVE ('', #1608, #1601, #1611, .T.);
#1613 = ORIENTED_EDGE ('', *, *, #1612, .F.);
#1614 = CARTESIAN_POINT ('', (72.2840097423309, 112.548097038857, -5.));
#1615 = CARTESIAN_POINT ('', (72.2840097423309, 112.548097038857, -4.5));
#1616 = B_SPLINE_CURVE_WITH_KNOTS ('', 1, (#1614, #1615), .UNSPECIFIED., .F., .U., (2, 2), (0., 1.), .UNSPECIFIED.);
#1617 = EDGE_CURVE ('', #1581, #1608, #1616, .T.);
#1618 = ORIENTED_EDGE ('', *, *, #1617, .F.);
#1619 = ORIENTED_EDGE ('', *, *, #1585, .T.);
#1620 = EDGE_LOOP ('', (#1606, #1613, #1618, #1619));
#1621 = FACE_OUTER_BOUND ('', #1620, .T.);
#1622 = CARTESIAN_POINT ('', (72.2840097423309, 112.548097038857, -5.));
#1623 = CARTESIAN_POINT ('', (72.2840097423309, 112.548097038857, -4.5));
#1624 = CARTESIAN_POINT ('', (72.9911165235173, 113.255203820043, -5.));
#1625 = CARTESIAN_POINT ('', (72.9911165235173, 113.255203820043, -4.5));
#1626 = B_SPLINE_SURFACE_WITH_KNOTS ('', 1, 1, ((#1622, #1623), (#1624, #1625)), .UNSPECIFIED., .F., .F., .U., (2, 2), (2, 2), (0., 1.), (0., 1.), .UNSPECIFIED.);
#1627 = ADVANCED_FACE ('', (#1621), #1626, .T.);
#1628 = CARTESIAN_POINT ('', (71.5769029611442, 113.255203820043, -4.5));
#1629 = VERTEX_POINT ('', #1628);
#1630 = CARTESIAN_POINT ('', (71.5769029611444, 112.548097038857, -4.5));
#1631 = VERTEX_POINT ('', #1630);
#1632 = CARTESIAN_POINT ('', (71.5769029611442, 113.255203820043, -4.5));
#1633 = CARTESIAN_POINT ('', (71.5769029611444, 112.548097038857, -4.5));
#1634 = B_SPLINE_CURVE_WITH_KNOTS ('', 1, (#1632, #1633), .UNSPECIFIED., .F., .U., (2, 2), (3.41421356237309, 4.12132034355964), .UNSPECIFIED.);
#1635 = EDGE_CURVE ('', #1629, #1631, #1634, .T.);
#1636 = ORIENTED_EDGE ('', *, *, #1635, .T.);
#1637 = CARTESIAN_POINT ('', (71.5769029611444, 112.548097038857, -4.5));
#1638 = CARTESIAN_POINT ('', (72.2840097423309, 112.548097038857, -4.5));
#1639 = B_SPLINE_CURVE_WITH_KNOTS ('', 1, (#1637, #1638), .UNSPECIFIED., .F., .U., (2, 2), (4.12132034355964, 4.82842712474619), .UNSPECIFIED.);
#1640 = EDGE_CURVE ('', #1631, #1608, #1639, .T.);
#1641 = ORIENTED_EDGE ('', *, *, #1640, .T.);
#1642 = ORIENTED_EDGE ('', *, *, #1612, .T.);
#1643 = CARTESIAN_POINT ('', (72.9911165235172, 113.96231060123, -4.5));
#1644 = VERTEX_POINT ('', #1643);
#1645 = CARTESIAN_POINT ('', (72.9911165235173, 113.255203820043, -4.5));
#1646 = CARTESIAN_POINT ('', (72.9911165235172, 113.96231060123, -4.5));
#1647 = B_SPLINE_CURVE_WITH_KNOTS ('', 1, (#1645, #1646), .UNSPECIFIED., .F., .U., (2, 2), (1., 1.70710678118655), .UNSPECIFIED.);
#1648 = EDGE_CURVE ('', #1601, #1644, #1647, .T.);
#1649 = ORIENTED_EDGE ('', *, *, #1648, .T.);
#1650 = CARTESIAN_POINT ('', (72.2840097423307, 113.96231060123, -4.5));
#1651 = VERTEX_POINT ('', #1650);
#1652 = CARTESIAN_POINT ('', (72.9911165235172, 113.96231060123, -4.5));
#1653 = CARTESIAN_POINT ('', (72.2840097423307, 113.96231060123, -4.5));
#1654 = B_SPLINE_CURVE_WITH_KNOTS ('', 1, (#1652, #1653), .UNSPECIFIED., .F., .U., (2, 2), (1.70710678118655, 2.41421356237309), .UNSPECIFIED.);
#1655 = EDGE_CURVE ('', #1644, #1651, #1654, .T.);
#1656 = ORIENTED_EDGE ('', *, *, #1655, .T.);
#1657 = CARTESIAN_POINT ('', (72.2840097423307, 113.96231060123, -4.5));
#1658 = CARTESIAN_POINT ('', (71.5769029611442, 113.255203820043, -4.5));
#1659 = B_SPLINE_CURVE_WITH_KNOTS ('', 1, (#1657, #1658), .UNSPECIFIED., .F., .U., (2, 2), (2.41421356237309, 3.41421356237309), .UNSPECIFIED.);
#1660 = EDGE_CURVE ('', #1651, #1629, #1659, .T.);
#1661 = ORIENTED_EDGE ('', *, *, #1660, .T.);
#1662 = EDGE_LOOP ('', (#1636, #1641, #1642, #1649, #1656, #1661));
#1663 = FACE_OUTER_BOUND ('', #1662, .T.);
#1664 = CARTESIAN_POINT ('', (71.5769029611442, 113.96231060123, -4.5));
#1665 = CARTESIAN_POINT ('', (72.9911165235173, 113.96231060123, -4.5));
#1666 = CARTESIAN_POINT ('', (71.5769029611442, 112.548097038857, -4.5));
#1667 = CARTESIAN_POINT ('', (72.9911165235173, 112.548097038857, -4.5));
#1668 = B_SPLINE_SURFACE_WITH_KNOTS ('', 1, 1, ((#1664, #1665), (#1666, #1667)), .UNSPECIFIED., .F., .F., .U., (2, 2), (2, 2), (0.331641242574603, 0.668358757425377), (0.33164124257465, 0.668358757425353), .UNSPECIFIED.);
#1669 = ADVANCED_FACE ('', (#1663), #1668, .T.);
#1670 = CARTESIAN_POINT ('', (72.9911165235172, 113.96231060123, -5.));
#1671 = CARTESIAN_POINT ('', (72.9911165235172, 113.96231060123, -4.5));
#1672 = B_SPLINE_CURVE_WITH_KNOTS ('', 1, (#1670, #1671), .UNSPECIFIED., .F., .U., (2, 2), (0., 1.), .UNSPECIFIED.);
#1673 = EDGE_CURVE ('', #1567, #1644, #1672, .T.);
#1674 = ORIENTED_EDGE ('', *, *, #1673, .T.);
#1675 = ORIENTED_EDGE ('', *, *, #1648, .F.);
#1676 = ORIENTED_EDGE ('', *, *, #1605, .F.);
#1677 = ORIENTED_EDGE ('', *, *, #1578, .T.);
#1678 = EDGE_LOOP ('', (#1674, #1675, #1676, #1677));
#1679 = FACE_OUTER_BOUND ('', #1678, .T.);
#1680 = CARTESIAN_POINT ('', (72.9911165235173, 113.255203820043, -5.));
#1681 = CARTESIAN_POINT ('', (72.9911165235173, 113.255203820043, -4.5));
#1682 = CARTESIAN_POINT ('', (72.9911165235172, 113.96231060123, -5.));
#1683 = CARTESIAN_POINT ('', (72.9911165235172, 113.96231060123, -4.5));
#1684 = B_SPLINE_SURFACE_WITH_KNOTS ('', 1, 1, ((#1680, #1681), (#1682, #1683)), .UNSPECIFIED., .F., .F., .U., (2, 2), (2, 2), (1., 1.70710678118655), (0., 1.), .UNSPECIFIED.);
#1685 = ADVANCED_FACE ('', (#1679), #1684, .T.);
#1686 = CARTESIAN_POINT ('', (72.2840097423307, 113.96231060123, -5.));
#1687 = CARTESIAN_POINT ('', (72.2840097423307, 113.96231060123, -4.5));
#1688 = B_SPLINE_CURVE_WITH_KNOTS ('', 1, (#1686, #1687), .UNSPECIFIED., .F., .U., (2, 2), (0., 1.), .UNSPECIFIED.);
#1689 = EDGE_CURVE ('', #1560, #1651, #1688, .T.);
#1690 = ORIENTED_EDGE ('', *, *, #1689, .T.);
#1691 = ORIENTED_EDGE ('', *, *, #1655, .F.);
#1692 = ORIENTED_EDGE ('', *, *, #1673, .F.);
#1693 = ORIENTED_EDGE ('', *, *, #1571, .T.);
#1694 = EDGE_LOOP ('', (#1690, #1691, #1692, #1693));
#1695 = FACE_OUTER_BOUND ('', #1694, .T.);
#1696 = CARTESIAN_POINT ('', (72.9911165235172, 113.96231060123, -5.));
#1697 = CARTESIAN_POINT ('', (72.9911165235172, 113.96231060123, -4.5));
#1698 = CARTESIAN_POINT ('', (72.2840097423306, 113.96231060123, -5.));
#1699 = CARTESIAN_POINT ('', (72.2840097423306, 113.96231060123, -4.5));
#1700 = B_SPLINE_SURFACE_WITH_KNOTS ('', 1, 1, ((#1696, #1697), (#1698, #1699)), .UNSPECIFIED., .F., .F., .U., (2, 2), (2, 2), (1.70710678118655, 2.41421356237309), (0., 1.), .UNSPECIFIED.);
#1701 = ADVANCED_FACE ('', (#1695), #1700, .T.);
#1702 = CARTESIAN_POINT ('', (71.5769029611442, 113.255203820043, -5.));
#1703 = CARTESIAN_POINT ('', (71.5769029611442, 113.255203820043, -4.5));
#1704 = B_SPLINE_CURVE_WITH_KNOTS ('', 1, (#1702, #1703), .UNSPECIFIED., .F., .U., (2, 2), (0., 1.), .UNSPECIFIED.);
#1705 = EDGE_CURVE ('', #1551, #1629, #1704, .T.);
#1706 = ORIENTED_EDGE ('', *, *, #1705, .T.);
#1707 = ORIENTED_EDGE ('', *, *, #1660, .F.);
#1708 = ORIENTED_EDGE ('', *, *, #1689, .F.);
#1709 = ORIENTED_EDGE ('', *, *, #1564, .T.);
#1710 = EDGE_LOOP ('', (#1706, #1707, #1708, #1709));
#1711 = FACE_OUTER_BOUND ('', #1710, .T.);
#1712 = CARTESIAN_POINT ('', (72.2840097423307, 113.96231060123, -5.));
#1713 = CARTESIAN_POINT ('', (72.2840097423307, 113.96231060123, -4.5));
#1714 = CARTESIAN_POINT ('', (71.5769029611442, 113.255203820043, -5.));
#1715 = CARTESIAN_POINT ('', (71.5769029611442, 113.255203820043, -4.5));
#1716 = B_SPLINE_SURFACE_WITH_KNOTS ('', 1, 1, ((#1712, #1713), (#1714, #1715)), .UNSPECIFIED., .F., .F., .U., (2, 2), (2, 2), (2.41421356237309, 3.41421356237309), (0., 1.), .UNSPECIFIED.);
#1717 = ADVANCED_FACE ('', (#1711), #1716, .T.);
#1718 = CARTESIAN_POINT ('', (71.5769029611444, 112.548097038857, -5.));
#1719 = CARTESIAN_POINT ('', (71.5769029611444, 112.548097038857, -4.5));
#1720 = B_SPLINE_CURVE_WITH_KNOTS ('', 1, (#1718, #1719), .UNSPECIFIED., .F., .U., (2, 2), (0., 1.), .UNSPECIFIED.);
#1721 = EDGE_CURVE ('', #1553, #1631, #1720, .T.);
#1722 = ORIENTED_EDGE ('', *, *, #1721, .T.);
#1723 = ORIENTED_EDGE ('', *, *, #1635, .F.);
#1724 = ORIENTED_EDGE ('', *, *, #1705, .F.);
#1725 = ORIENTED_EDGE ('', *, *, #1557, .T.);
#1726 = EDGE_LOOP ('', (#1722, #1723, #1724, #1725));
#1727 = FACE_OUTER_BOUND ('', #1726, .T.);
#1728 = CARTESIAN_POINT ('', (71.5769029611442, 113.255203820043, -5.));
#1729 = CARTESIAN_POINT ('', (71.5769029611442, 113.255203820043, -4.5));
#1730 = CARTESIAN_POINT ('', (71.5769029611444, 112.548097038857, -5.));
#1731 = CARTESIAN_POINT ('', (71.5769029611444, 112.548097038857, -4.5));
#1732 = B_SPLINE_SURFACE_WITH_KNOTS ('', 1, 1, ((#1728, #1729), (#1730, #1731)), .UNSPECIFIED., .F., .F., .U., (2, 2), (2, 2), (3.41421356237309, 4.12132034355964), (0., 1.), .UNSPECIFIED.);
#1733 = ADVANCED_FACE ('', (#1727), #1732, .T.);
#1734 = ORIENTED_EDGE ('', *, *, #1617, .T.);
#1735 = ORIENTED_EDGE ('', *, *, #1640, .F.);
#1736 = ORIENTED_EDGE ('', *, *, #1721, .F.);
#1737 = ORIENTED_EDGE ('', *, *, #1590, .T.);
#1738 = EDGE_LOOP ('', (#1734, #1735, #1736, #1737));
#1739 = FACE_OUTER_BOUND ('', #1738, .T.);
#1740 = CARTESIAN_POINT ('', (71.5769029611444, 112.548097038857, -5.));
#1741 = CARTESIAN_POINT ('', (71.5769029611444, 112.548097038857, -4.5));
#1742 = CARTESIAN_POINT ('', (72.2840097423309, 112.548097038857, -5.));
#1743 = CARTESIAN_POINT ('', (72.2840097423309, 112.548097038857, -4.5));
#1744 = B_SPLINE_SURFACE_WITH_KNOTS ('', 1, 1, ((#1740, #1741), (#1742, #1743)), .UNSPECIFIED., .F., .F., .U., (2, 2), (2, 2), (4.12132034355964, 4.82842712474619), (0., 1.), .UNSPECIFIED.);
#1745 = ADVANCED_FACE ('', (#1739), #1744, .T.);
#1746 = CLOSED_SHELL ('', (#1599, #1627, #1669, #1685, #1701, #1717, #1733, #1745));
#1747 = MANIFOLD_SOLID_BREP ('', #1746);
#1748 = COLOUR_RGB ('', 0., 0.333333333333333, 1.);
#1749 = FILL_AREA_STYLE_COLOUR ('', #1748);
#1750 = FILL_AREA_STYLE ('', (#1749));
#1751 = SURFACE_STYLE_FILL_AREA (#1750);
#1752 = SURFACE_SIDE_STYLE ('', (#1751));
#1753 = SURFACE_STYLE_USAGE (.POSITIVE., #1752);
#1754 = PRESENTATION_STYLE_ASSIGNMENT ((#1753));
#1755 = STYLED_ITEM ('', (#1754), #1747);
#1756 = (
   LENGTH_UNIT ()
   NAMED_UNIT (*)
   SI_UNIT ($, .METRE.)
);
#1757 = (
   NAMED_UNIT (*)
   SI_UNIT ($, .STERADIAN.)
   SOLID_ANGLE_UNIT ()
);
#1758 = (
   NAMED_UNIT (*)
   PLANE_ANGLE_UNIT ()
   SI_UNIT ($, .RADIAN.)
);
#1759 = UNCERTAINTY_MEASURE_WITH_UNIT (LENGTH_MEASURE(0.001), #1756, 'DISTANCE_ACCURACY_VALUE', '');
#1760 = (
   GEOMETRIC_REPRESENTATION_CONTEXT (3)
   GLOBAL_UNCERTAINTY_ASSIGNED_CONTEXT ((#1759))
   GLOBAL_UNIT_ASSIGNED_CONTEXT ((#1756, #1757, #1758))
   REPRESENTATION_CONTEXT ('', '3D')
);
#1761 = SHAPE_REPRESENTATION ('', (#1889), #1760);
#1762 = APPLICATION_CONTEXT ('configuration controlled 3D designs of mechanical parts and assemblies');
#1763 = APPLICATION_PROTOCOL_DEFINITION ('International Standard', 'config_control_design', 1997, #1762);
#1764 = MECHANICAL_CONTEXT ('', #1762, 'mechanical');
#1765 = PRODUCT ('', '', '', (#1764));
#1766 = PERSON_AND_ORGANIZATION_ROLE ('design_owner');
#1767 = PERSON ('#1767', '', $, $, $, $);
#1768 = ORGANIZATION ($, '', '');
#1769 = PERSON_AND_ORGANIZATION (#1767, #1768);
#1770 = CC_DESIGN_PERSON_AND_ORGANIZATION_ASSIGNMENT (#1769, #1766, (#1765));
#1771 = PRODUCT_RELATED_PRODUCT_CATEGORY ('detail', $, (#1765));
#1772 = PRODUCT_DEFINITION_FORMATION_WITH_SPECIFIED_SOURCE ('', '', #1765, .NOT_KNOWN.);
#1773 = APPROVAL_STATUS ('approved');
#1774 = APPROVAL (#1773, '');
#1775 = CALENDAR_DATE (2026, 3, 2);
#1776 = COORDINATED_UNIVERSAL_TIME_OFFSET (0, $, .AHEAD.);
#1777 = LOCAL_TIME (21, 7, 11., #1776);
#1778 = DATE_AND_TIME (#1775, #1777);
#1779 = APPROVAL_DATE_TIME (#1778, #1774);
#1780 = APPROVAL_ROLE ('');
#1781 = PERSON ('#1781', '', $, $, $, $);
#1782 = ORGANIZATION ($, '', '');
#1783 = PERSON_AND_ORGANIZATION (#1781, #1782);
#1784 = APPROVAL_PERSON_ORGANIZATION (#1783, #1774, #1780);
#1785 = CC_DESIGN_APPROVAL (#1774, (#1772));
#1786 = PERSON_AND_ORGANIZATION_ROLE ('creator');
#1787 = PERSON ('#1787', '', $, $, $, $);
#1788 = ORGANIZATION ($, '', '');
#1789 = PERSON_AND_ORGANIZATION (#1787, #1788);
#1790 = CC_DESIGN_PERSON_AND_ORGANIZATION_ASSIGNMENT (#1789, #1786, (#1772));
#1791 = PERSON_AND_ORGANIZATION_ROLE ('part_supplier');
#1792 = PERSON ('#1792', '', $, $, $, $);
#1793 = ORGANIZATION ($, '', '');
#1794 = PERSON_AND_ORGANIZATION (#1792, #1793);
#1795 = CC_DESIGN_PERSON_AND_ORGANIZATION_ASSIGNMENT (#1794, #1791, (#1772));
#1796 = SECURITY_CLASSIFICATION_LEVEL ('unclassified');
#1797 = SECURITY_CLASSIFICATION ('', '', #1796);
#1798 = APPROVAL_STATUS ('approved');
#1799 = APPROVAL (#1798, '');
#1800 = CALENDAR_DATE (2026, 3, 2);
#1801 = COORDINATED_UNIVERSAL_TIME_OFFSET (0, $, .AHEAD.);
#1802 = LOCAL_TIME (21, 7, 11., #1801);
#1803 = DATE_AND_TIME (#1800, #1802);
#1804 = APPROVAL_DATE_TIME (#1803, #1799);
#1805 = APPROVAL_ROLE ('');
#1806 = PERSON ('#1806', '', $, $, $, $);
#1807 = ORGANIZATION ($, '', '');
#1808 = PERSON_AND_ORGANIZATION (#1806, #1807);
#1809 = APPROVAL_PERSON_ORGANIZATION (#1808, #1799, #1805);
#1810 = CC_DESIGN_APPROVAL (#1799, (#1797));
#1811 = DATE_TIME_ROLE ('classification_date');
#1812 = CALENDAR_DATE (2026, 3, 2);
#1813 = COORDINATED_UNIVERSAL_TIME_OFFSET (0, $, .AHEAD.);
#1814 = LOCAL_TIME (21, 7, 11., #1813);
#1815 = DATE_AND_TIME (#1812, #1814);
#1816 = CC_DESIGN_DATE_AND_TIME_ASSIGNMENT (#1815, #1811, (#1797));
#1817 = PERSON_AND_ORGANIZATION_ROLE ('classification_officer');
#1818 = PERSON ('#1818', '', $, $, $, $);
#1819 = ORGANIZATION ($, '', '');
#1820 = PERSON_AND_ORGANIZATION (#1818, #1819);
#1821 = CC_DESIGN_PERSON_AND_ORGANIZATION_ASSIGNMENT (#1820, #1817, (#1797));
#1822 = CC_DESIGN_SECURITY_CLASSIFICATION (#1797, (#1772));
#1823 = DESIGN_CONTEXT ('', #1762, 'design');
#1824 = APPROVAL_STATUS ('approved');
#1825 = APPROVAL (#1824, '');
#1826 = CALENDAR_DATE (2026, 3, 2);
#1827 = COORDINATED_UNIVERSAL_TIME_OFFSET (0, $, .AHEAD.);
#1828 = LOCAL_TIME (21, 7, 11., #1827);
#1829 = DATE_AND_TIME (#1826, #1828);
#1830 = APPROVAL_DATE_TIME (#1829, #1825);
#1831 = APPROVAL_ROLE ('');
#1832 = PERSON ('#1832', '', $, $, $, $);
#1833 = ORGANIZATION ($, '', '');
#1834 = PERSON_AND_ORGANIZATION (#1832, #1833);
#1835 = APPROVAL_PERSON_ORGANIZATION (#1834, #1825, #1831);
#1836 = CC_DESIGN_APPROVAL (#1825, (*));
#1837 = DATE_TIME_ROLE ('creation_date');
#1838 = CALENDAR_DATE (2026, 3, 2);
#1839 = COORDINATED_UNIVERSAL_TIME_OFFSET (0, $, .AHEAD.);
#1840 = LOCAL_TIME (21, 7, 11., #1839);
#1841 = DATE_AND_TIME (#1838, #1840);
#1842 = CC_DESIGN_DATE_AND_TIME_ASSIGNMENT (#1841, #1837, (*));
#1843 = PERSON_AND_ORGANIZATION_ROLE ('creator');
#1844 = PERSON ('#1844', '', $, $, $, $);
#1845 = ORGANIZATION ($, '', '');
#1846 = PERSON_AND_ORGANIZATION (#1844, #1845);
#1847 = CC_DESIGN_PERSON_AND_ORGANIZATION_ASSIGNMENT (#1846, #1843, (*));
#1848 = PRODUCT_DEFINITION ('', '', #1772, #1823);
#1849 = PRODUCT_DEFINITION_SHAPE ('', '', #1848);
#1850 = SHAPE_DEFINITION_REPRESENTATION (#1849, #1761);
#1851 = SHAPE_REPRESENTATION_RELATIONSHIP ('', '', #1761, #1852);
#1852 = ADVANCED_BREP_SHAPE_REPRESENTATION ('', (#1747), #1760);
#1853 = NEXT_ASSEMBLY_USAGE_OCCURRENCE ('#1853', '', '', #173, #1848, $);
#1854 = SECURITY_CLASSIFICATION_LEVEL ('unclassified');
#1855 = SECURITY_CLASSIFICATION ('', '', #1854);
#1856 = APPROVAL_STATUS ('approved');
#1857 = APPROVAL (#1856, '');
#1858 = CALENDAR_DATE (2026, 3, 2);
#1859 = COORDINATED_UNIVERSAL_TIME_OFFSET (0, $, .AHEAD.);
#1860 = LOCAL_TIME (21, 7, 11., #1859);
#1861 = DATE_AND_TIME (#1858, #1860);
#1862 = APPROVAL_DATE_TIME (#1861, #1857);
#1863 = APPROVAL_ROLE ('');
#1864 = PERSON ('#1864', '', $, $, $, $);
#1865 = ORGANIZATION ($, '', '');
#1866 = PERSON_AND_ORGANIZATION (#1864, #1865);
#1867 = APPROVAL_PERSON_ORGANIZATION (#1866, #1857, #1863);
#1868 = CC_DESIGN_APPROVAL (#1857, (#1855));
#1869 = DATE_TIME_ROLE ('classification_date');
#1870 = CALENDAR_DATE (2026, 3, 2);
#1871 = COORDINATED_UNIVERSAL_TIME_OFFSET (0, $, .AHEAD.);
#1872 = LOCAL_TIME (21, 7, 11., #1871);
#1873 = DATE_AND_TIME (#1870, #1872);
#1874 = CC_DESIGN_DATE_AND_TIME_ASSIGNMENT (#1873, #1869, (#1855));
#1875 = PERSON_AND_ORGANIZATION_ROLE ('classification_officer');
#1876 = PERSON ('#1876', '', $, $, $, $);
#1877 = ORGANIZATION ($, '', '');
#1878 = PERSON_AND_ORGANIZATION (#1876, #1877);
#1879 = CC_DESIGN_PERSON_AND_ORGANIZATION_ASSIGNMENT (#1878, #1875, (#1855));
#1880 = CC_DESIGN_SECURITY_CLASSIFICATION (#1855, (#1853));
#1881 = PRODUCT_DEFINITION_SHAPE ('', '', #1853);
#1882 = CARTESIAN_POINT ('', (0., 0., 0.));
#1883 = DIRECTION ('', (0., 0., 1.));
#1884 = DIRECTION ('', (1., 0., 0.));
#1885 = AXIS2_PLACEMENT_3D ('', #1882, #1883, #1884);
#1886 = CARTESIAN_POINT ('', (0., 0., 0.));
#1887 = DIRECTION ('', (0., 0., 1.));
#1888 = DIRECTION ('', (1., 0., 0.));
#1889 = AXIS2_PLACEMENT_3D ('', #1886, #1887, #1888);
#1890 = ITEM_DEFINED_TRANSFORMATION ('', '', #1885, #1889);
#1891 = (
   REPRESENTATION_RELATIONSHIP ('', '', #86, #1761)
   REPRESENTATION_RELATIONSHIP_WITH_TRANSFORMATION (#1890)
   SHAPE_REPRESENTATION_RELATIONSHIP ()
);
#1892 = CONTEXT_DEPENDENT_SHAPE_REPRESENTATION (#1891, #1881);
#1893 = CARTESIAN_POINT ('', (80.923097038856, 113.255203820043, -5.));
#1894 = VERTEX_POINT ('', #1893);
#1895 = CARTESIAN_POINT ('', (80.9230970388558, 112.548097038857, -5.));
#1896 = VERTEX_POINT ('', #1895);
#1897 = CARTESIAN_POINT ('', (80.923097038856, 113.255203820043, -5.));
#1898 = CARTESIAN_POINT ('', (80.9230970388558, 112.548097038857, -5.));
#1899 = B_SPLINE_CURVE_WITH_KNOTS ('', 1, (#1897, #1898), .UNSPECIFIED., .F., .U., (2, 2), (3.41421356237309, 4.12132034355964), .UNSPECIFIED.);
#1900 = EDGE_CURVE ('', #1894, #1896, #1899, .T.);
#1901 = ORIENTED_EDGE ('', *, *, #1900, .T.);
#1902 = CARTESIAN_POINT ('', (80.2159902576693, 112.548097038857, -5.));
#1903 = VERTEX_POINT ('', #1902);
#1904 = CARTESIAN_POINT ('', (80.9230970388558, 112.548097038857, -5.));
#1905 = CARTESIAN_POINT ('', (80.2159902576693, 112.548097038857, -5.));
#1906 = B_SPLINE_CURVE_WITH_KNOTS ('', 1, (#1904, #1905), .UNSPECIFIED., .F., .U., (2, 2), (4.12132034355964, 4.82842712474619), .UNSPECIFIED.);
#1907 = EDGE_CURVE ('', #1896, #1903, #1906, .T.);
#1908 = ORIENTED_EDGE ('', *, *, #1907, .T.);
#1909 = CARTESIAN_POINT ('', (79.5088834764829, 113.255203820043, -5.));
#1910 = VERTEX_POINT ('', #1909);
#1911 = CARTESIAN_POINT ('', (80.2159902576693, 112.548097038857, -5.));
#1912 = CARTESIAN_POINT ('', (79.5088834764829, 113.255203820043, -5.));
#1913 = B_SPLINE_CURVE_WITH_KNOTS ('', 1, (#1911, #1912), .UNSPECIFIED., .F., .U., (2, 2), (0., 1.), .UNSPECIFIED.);
#1914 = EDGE_CURVE ('', #1903, #1910, #1913, .T.);
#1915 = ORIENTED_EDGE ('', *, *, #1914, .T.);
#1916 = CARTESIAN_POINT ('', (79.508883476483, 113.96231060123, -5.));
#1917 = VERTEX_POINT ('', #1916);
#1918 = CARTESIAN_POINT ('', (79.5088834764829, 113.255203820043, -5.));
#1919 = CARTESIAN_POINT ('', (79.508883476483, 113.96231060123, -5.));
#1920 = B_SPLINE_CURVE_WITH_KNOTS ('', 1, (#1918, #1919), .UNSPECIFIED., .F., .U., (2, 2), (1., 1.70710678118655), .UNSPECIFIED.);
#1921 = EDGE_CURVE ('', #1910, #1917, #1920, .T.);
#1922 = ORIENTED_EDGE ('', *, *, #1921, .T.);
#1923 = CARTESIAN_POINT ('', (80.2159902576695, 113.96231060123, -5.));
#1924 = VERTEX_POINT ('', #1923);
#1925 = CARTESIAN_POINT ('', (79.508883476483, 113.96231060123, -5.));
#1926 = CARTESIAN_POINT ('', (80.2159902576695, 113.96231060123, -5.));
#1927 = B_SPLINE_CURVE_WITH_KNOTS ('', 1, (#1925, #1926), .UNSPECIFIED., .F., .U., (2, 2), (1.70710678118655, 2.41421356237309), .UNSPECIFIED.);
#1928 = EDGE_CURVE ('', #1917, #1924, #1927, .T.);
#1929 = ORIENTED_EDGE ('', *, *, #1928, .T.);
#1930 = CARTESIAN_POINT ('', (80.2159902576695, 113.96231060123, -5.));
#1931 = CARTESIAN_POINT ('', (80.923097038856, 113.255203820043, -5.));
#1932 = B_SPLINE_CURVE_WITH_KNOTS ('', 1, (#1930, #1931), .UNSPECIFIED., .F., .U., (2, 2), (2.41421356237309, 3.41421356237309), .UNSPECIFIED.);
#1933 = EDGE_CURVE ('', #1924, #1894, #1932, .T.);
#1934 = ORIENTED_EDGE ('', *, *, #1933, .T.);
#1935 = EDGE_LOOP ('', (#1901, #1908, #1915, #1922, #1929, #1934));
#1936 = FACE_OUTER_BOUND ('', #1935, .T.);
#1937 = CARTESIAN_POINT ('', (80.923097038856, 113.96231060123, -5.));
#1938 = CARTESIAN_POINT ('', (79.5088834764829, 113.96231060123, -5.));
#1939 = CARTESIAN_POINT ('', (80.923097038856, 112.548097038857, -5.));
#1940 = CARTESIAN_POINT ('', (79.5088834764829, 112.548097038857, -5.));
#1941 = B_SPLINE_SURFACE_WITH_KNOTS ('', 1, 1, ((#1937, #1938), (#1939, #1940)), .UNSPECIFIED., .F., .F., .U., (2, 2), (2, 2), (0.331641242574603, 0.668358757425377), (0.33164124257465, 0.668358757425353), .UNSPECIFIED.);
#1942 = ADVANCED_FACE ('', (#1936), #1941, .T.);
#1943 = CARTESIAN_POINT ('', (80.9230970388558, 112.548097038857, -4.5));
#1944 = VERTEX_POINT ('', #1943);
#1945 = CARTESIAN_POINT ('', (80.9230970388558, 112.548097038857, -5.));
#1946 = CARTESIAN_POINT ('', (80.9230970388558, 112.548097038857, -4.5));
#1947 = B_SPLINE_CURVE_WITH_KNOTS ('', 1, (#1945, #1946), .UNSPECIFIED., .F., .U., (2, 2), (0., 1.), .UNSPECIFIED.);
#1948 = EDGE_CURVE ('', #1896, #1944, #1947, .T.);
#1949 = ORIENTED_EDGE ('', *, *, #1948, .F.);
#1950 = ORIENTED_EDGE ('', *, *, #1900, .F.);
#1951 = CARTESIAN_POINT ('', (80.923097038856, 113.255203820043, -4.5));
#1952 = VERTEX_POINT ('', #1951);
#1953 = CARTESIAN_POINT ('', (80.923097038856, 113.255203820043, -5.));
#1954 = CARTESIAN_POINT ('', (80.923097038856, 113.255203820043, -4.5));
#1955 = B_SPLINE_CURVE_WITH_KNOTS ('', 1, (#1953, #1954), .UNSPECIFIED., .F., .U., (2, 2), (0., 1.), .UNSPECIFIED.);
#1956 = EDGE_CURVE ('', #1894, #1952, #1955, .T.);
#1957 = ORIENTED_EDGE ('', *, *, #1956, .T.);
#1958 = CARTESIAN_POINT ('', (80.923097038856, 113.255203820043, -4.5));
#1959 = CARTESIAN_POINT ('', (80.9230970388558, 112.548097038857, -4.5));
#1960 = B_SPLINE_CURVE_WITH_KNOTS ('', 1, (#1958, #1959), .UNSPECIFIED., .F., .U., (2, 2), (3.41421356237309, 4.12132034355964), .UNSPECIFIED.);
#1961 = EDGE_CURVE ('', #1952, #1944, #1960, .T.);
#1962 = ORIENTED_EDGE ('', *, *, #1961, .T.);
#1963 = EDGE_LOOP ('', (#1949, #1950, #1957, #1962));
#1964 = FACE_OUTER_BOUND ('', #1963, .T.);
#1965 = CARTESIAN_POINT ('', (80.923097038856, 113.255203820043, -5.));
#1966 = CARTESIAN_POINT ('', (80.9230970388558, 112.548097038857, -5.));
#1967 = CARTESIAN_POINT ('', (80.923097038856, 113.255203820043, -4.5));
#1968 = CARTESIAN_POINT ('', (80.9230970388558, 112.548097038857, -4.5));
#1969 = B_SPLINE_SURFACE_WITH_KNOTS ('', 1, 1, ((#1965, #1966), (#1967, #1968)), .UNSPECIFIED., .F., .F., .U., (2, 2), (2, 2), (0., 1.), (3.41421356237309, 4.12132034355964), .UNSPECIFIED.);
#1970 = ADVANCED_FACE ('', (#1964), #1969, .T.);
#1971 = ORIENTED_EDGE ('', *, *, #1961, .F.);
#1972 = CARTESIAN_POINT ('', (80.2159902576695, 113.96231060123, -4.5));
#1973 = VERTEX_POINT ('', #1972);
#1974 = CARTESIAN_POINT ('', (80.2159902576695, 113.96231060123, -4.5));
#1975 = CARTESIAN_POINT ('', (80.923097038856, 113.255203820043, -4.5));
#1976 = B_SPLINE_CURVE_WITH_KNOTS ('', 1, (#1974, #1975), .UNSPECIFIED., .F., .U., (2, 2), (2.41421356237309, 3.41421356237309), .UNSPECIFIED.);
#1977 = EDGE_CURVE ('', #1973, #1952, #1976, .T.);
#1978 = ORIENTED_EDGE ('', *, *, #1977, .F.);
#1979 = CARTESIAN_POINT ('', (79.508883476483, 113.96231060123, -4.5));
#1980 = VERTEX_POINT ('', #1979);
#1981 = CARTESIAN_POINT ('', (79.508883476483, 113.96231060123, -4.5));
#1982 = CARTESIAN_POINT ('', (80.2159902576695, 113.96231060123, -4.5));
#1983 = B_SPLINE_CURVE_WITH_KNOTS ('', 1, (#1981, #1982), .UNSPECIFIED., .F., .U., (2, 2), (1.70710678118655, 2.41421356237309), .UNSPECIFIED.);
#1984 = EDGE_CURVE ('', #1980, #1973, #1983, .T.);
#1985 = ORIENTED_EDGE ('', *, *, #1984, .F.);
#1986 = CARTESIAN_POINT ('', (79.5088834764829, 113.255203820043, -4.5));
#1987 = VERTEX_POINT ('', #1986);
#1988 = CARTESIAN_POINT ('', (79.5088834764829, 113.255203820043, -4.5));
#1989 = CARTESIAN_POINT ('', (79.508883476483, 113.96231060123, -4.5));
#1990 = B_SPLINE_CURVE_WITH_KNOTS ('', 1, (#1988, #1989), .UNSPECIFIED., .F., .U., (2, 2), (1., 1.70710678118655), .UNSPECIFIED.);
#1991 = EDGE_CURVE ('', #1987, #1980, #1990, .T.);
#1992 = ORIENTED_EDGE ('', *, *, #1991, .F.);
#1993 = CARTESIAN_POINT ('', (80.2159902576693, 112.548097038857, -4.5));
#1994 = VERTEX_POINT ('', #1993);
#1995 = CARTESIAN_POINT ('', (80.2159902576693, 112.548097038857, -4.5));
#1996 = CARTESIAN_POINT ('', (79.5088834764829, 113.255203820043, -4.5));
#1997 = B_SPLINE_CURVE_WITH_KNOTS ('', 1, (#1995, #1996), .UNSPECIFIED., .F., .U., (2, 2), (0., 1.), .UNSPECIFIED.);
#1998 = EDGE_CURVE ('', #1994, #1987, #1997, .T.);
#1999 = ORIENTED_EDGE ('', *, *, #1998, .F.);
#2000 = CARTESIAN_POINT ('', (80.9230970388558, 112.548097038857, -4.5));
#2001 = CARTESIAN_POINT ('', (80.2159902576693, 112.548097038857, -4.5));
#2002 = B_SPLINE_CURVE_WITH_KNOTS ('', 1, (#2000, #2001), .UNSPECIFIED., .F., .U., (2, 2), (4.12132034355964, 4.82842712474619), .UNSPECIFIED.);
#2003 = EDGE_CURVE ('', #1944, #1994, #2002, .T.);
#2004 = ORIENTED_EDGE ('', *, *, #2003, .F.);
#2005 = EDGE_LOOP ('', (#1971, #1978, #1985, #1992, #1999, #2004));
#2006 = FACE_OUTER_BOUND ('', #2005, .T.);
#2007 = CARTESIAN_POINT ('', (80.923097038856, 113.96231060123, -4.5));
#2008 = CARTESIAN_POINT ('', (80.923097038856, 112.548097038857, -4.5));
#2009 = CARTESIAN_POINT ('', (79.5088834764829, 113.96231060123, -4.5));
#2010 = CARTESIAN_POINT ('', (79.5088834764829, 112.548097038857, -4.5));
#2011 = B_SPLINE_SURFACE_WITH_KNOTS ('', 1, 1, ((#2007, #2008), (#2009, #2010)), .UNSPECIFIED., .F., .F., .U., (2, 2), (2, 2), (0.33164124257465, 0.668358757425353), (0.331641242574603, 0.668358757425377), .UNSPECIFIED.);
#2012 = ADVANCED_FACE ('', (#2006), #2011, .T.);
#2013 = ORIENTED_EDGE ('', *, *, #1956, .F.);
#2014 = ORIENTED_EDGE ('', *, *, #1933, .F.);
#2015 = CARTESIAN_POINT ('', (80.2159902576695, 113.96231060123, -5.));
#2016 = CARTESIAN_POINT ('', (80.2159902576695, 113.96231060123, -4.5));
#2017 = B_SPLINE_CURVE_WITH_KNOTS ('', 1, (#2015, #2016), .UNSPECIFIED., .F., .U., (2, 2), (0., 1.), .UNSPECIFIED.);
#2018 = EDGE_CURVE ('', #1924, #1973, #2017, .T.);
#2019 = ORIENTED_EDGE ('', *, *, #2018, .T.);
#2020 = ORIENTED_EDGE ('', *, *, #1977, .T.);
#2021 = EDGE_LOOP ('', (#2013, #2014, #2019, #2020));
#2022 = FACE_OUTER_BOUND ('', #2021, .T.);
#2023 = CARTESIAN_POINT ('', (80.2159902576695, 113.96231060123, -5.));
#2024 = CARTESIAN_POINT ('', (80.923097038856, 113.255203820043, -5.));
#2025 = CARTESIAN_POINT ('', (80.2159902576695, 113.96231060123, -4.5));
#2026 = CARTESIAN_POINT ('', (80.923097038856, 113.255203820043, -4.5));
#2027 = B_SPLINE_SURFACE_WITH_KNOTS ('', 1, 1, ((#2023, #2024), (#2025, #2026)), .UNSPECIFIED., .F., .F., .U., (2, 2), (2, 2), (0., 1.), (2.41421356237309, 3.41421356237309), .UNSPECIFIED.);
#2028 = ADVANCED_FACE ('', (#2022), #2027, .T.);
#2029 = ORIENTED_EDGE ('', *, *, #2018, .F.);
#2030 = ORIENTED_EDGE ('', *, *, #1928, .F.);
#2031 = CARTESIAN_POINT ('', (79.508883476483, 113.96231060123, -5.));
#2032 = CARTESIAN_POINT ('', (79.508883476483, 113.96231060123, -4.5));
#2033 = B_SPLINE_CURVE_WITH_KNOTS ('', 1, (#2031, #2032), .UNSPECIFIED., .F., .U., (2, 2), (0., 1.), .UNSPECIFIED.);
#2034 = EDGE_CURVE ('', #1917, #1980, #2033, .T.);
#2035 = ORIENTED_EDGE ('', *, *, #2034, .T.);
#2036 = ORIENTED_EDGE ('', *, *, #1984, .T.);
#2037 = EDGE_LOOP ('', (#2029, #2030, #2035, #2036));
#2038 = FACE_OUTER_BOUND ('', #2037, .T.);
#2039 = CARTESIAN_POINT ('', (79.508883476483, 113.96231060123, -5.));
#2040 = CARTESIAN_POINT ('', (80.2159902576696, 113.96231060123, -5.));
#2041 = CARTESIAN_POINT ('', (79.508883476483, 113.96231060123, -4.5));
#2042 = CARTESIAN_POINT ('', (80.2159902576696, 113.96231060123, -4.5));
#2043 = B_SPLINE_SURFACE_WITH_KNOTS ('', 1, 1, ((#2039, #2040), (#2041, #2042)), .UNSPECIFIED., .F., .F., .U., (2, 2), (2, 2), (0., 1.), (1.70710678118655, 2.41421356237309), .UNSPECIFIED.);
#2044 = ADVANCED_FACE ('', (#2038), #2043, .T.);
#2045 = ORIENTED_EDGE ('', *, *, #2034, .F.);
#2046 = ORIENTED_EDGE ('', *, *, #1921, .F.);
#2047 = CARTESIAN_POINT ('', (79.5088834764829, 113.255203820043, -5.));
#2048 = CARTESIAN_POINT ('', (79.5088834764829, 113.255203820043, -4.5));
#2049 = B_SPLINE_CURVE_WITH_KNOTS ('', 1, (#2047, #2048), .UNSPECIFIED., .F., .U., (2, 2), (0., 1.), .UNSPECIFIED.);
#2050 = EDGE_CURVE ('', #1910, #1987, #2049, .T.);
#2051 = ORIENTED_EDGE ('', *, *, #2050, .T.);
#2052 = ORIENTED_EDGE ('', *, *, #1991, .T.);
#2053 = EDGE_LOOP ('', (#2045, #2046, #2051, #2052));
#2054 = FACE_OUTER_BOUND ('', #2053, .T.);
#2055 = CARTESIAN_POINT ('', (79.5088834764829, 113.255203820043, -5.));
#2056 = CARTESIAN_POINT ('', (79.508883476483, 113.96231060123, -5.));
#2057 = CARTESIAN_POINT ('', (79.5088834764829, 113.255203820043, -4.5));
#2058 = CARTESIAN_POINT ('', (79.508883476483, 113.96231060123, -4.5));
#2059 = B_SPLINE_SURFACE_WITH_KNOTS ('', 1, 1, ((#2055, #2056), (#2057, #2058)), .UNSPECIFIED., .F., .F., .U., (2, 2), (2, 2), (0., 1.), (1., 1.70710678118655), .UNSPECIFIED.);
#2060 = ADVANCED_FACE ('', (#2054), #2059, .T.);
#2061 = ORIENTED_EDGE ('', *, *, #2050, .F.);
#2062 = ORIENTED_EDGE ('', *, *, #1914, .F.);
#2063 = CARTESIAN_POINT ('', (80.2159902576693, 112.548097038857, -5.));
#2064 = CARTESIAN_POINT ('', (80.2159902576693, 112.548097038857, -4.5));
#2065 = B_SPLINE_CURVE_WITH_KNOTS ('', 1, (#2063, #2064), .UNSPECIFIED., .F., .U., (2, 2), (0., 1.), .UNSPECIFIED.);
#2066 = EDGE_CURVE ('', #1903, #1994, #2065, .T.);
#2067 = ORIENTED_EDGE ('', *, *, #2066, .T.);
#2068 = ORIENTED_EDGE ('', *, *, #1998, .T.);
#2069 = EDGE_LOOP ('', (#2061, #2062, #2067, #2068));
#2070 = FACE_OUTER_BOUND ('', #2069, .T.);
#2071 = CARTESIAN_POINT ('', (80.2159902576693, 112.548097038857, -5.));
#2072 = CARTESIAN_POINT ('', (79.5088834764829, 113.255203820043, -5.));
#2073 = CARTESIAN_POINT ('', (80.2159902576693, 112.548097038857, -4.5));
#2074 = CARTESIAN_POINT ('', (79.5088834764829, 113.255203820043, -4.5));
#2075 = B_SPLINE_SURFACE_WITH_KNOTS ('', 1, 1, ((#2071, #2072), (#2073, #2074)), .UNSPECIFIED., .F., .F., .U., (2, 2), (2, 2), (0., 1.), (0., 1.), .UNSPECIFIED.);
#2076 = ADVANCED_FACE ('', (#2070), #2075, .T.);
#2077 = ORIENTED_EDGE ('', *, *, #2066, .F.);
#2078 = ORIENTED_EDGE ('', *, *, #1907, .F.);
#2079 = ORIENTED_EDGE ('', *, *, #1948, .T.);
#2080 = ORIENTED_EDGE ('', *, *, #2003, .T.);
#2081 = EDGE_LOOP ('', (#2077, #2078, #2079, #2080));
#2082 = FACE_OUTER_BOUND ('', #2081, .T.);
#2083 = CARTESIAN_POINT ('', (80.9230970388558, 112.548097038857, -5.));
#2084 = CARTESIAN_POINT ('', (80.2159902576693, 112.548097038857, -5.));
#2085 = CARTESIAN_POINT ('', (80.9230970388558, 112.548097038857, -4.5));
#2086 = CARTESIAN_POINT ('', (80.2159902576693, 112.548097038857, -4.5));
#2087 = B_SPLINE_SURFACE_WITH_KNOTS ('', 1, 1, ((#2083, #2084), (#2085, #2086)), .UNSPECIFIED., .F., .F., .U., (2, 2), (2, 2), (0., 1.), (4.12132034355964, 4.82842712474619), .UNSPECIFIED.);
#2088 = ADVANCED_FACE ('', (#2082), #2087, .T.);
#2089 = CLOSED_SHELL ('', (#1942, #1970, #2012, #2028, #2044, #2060, #2076, #2088));
#2090 = MANIFOLD_SOLID_BREP ('', #2089);
#2091 = COLOUR_RGB ('', 0., 0.333333333333333, 1.);
#2092 = FILL_AREA_STYLE_COLOUR ('', #2091);
#2093 = FILL_AREA_STYLE ('', (#2092));
#2094 = SURFACE_STYLE_FILL_AREA (#2093);
#2095 = SURFACE_SIDE_STYLE ('', (#2094));
#2096 = SURFACE_STYLE_USAGE (.POSITIVE., #2095);
#2097 = PRESENTATION_STYLE_ASSIGNMENT ((#2096));
#2098 = STYLED_ITEM ('', (#2097), #2090);
#2099 = (
   LENGTH_UNIT ()
   NAMED_UNIT (*)
   SI_UNIT ($, .METRE.)
);
#2100 = (
   NAMED_UNIT (*)
   SI_UNIT ($, .STERADIAN.)
   SOLID_ANGLE_UNIT ()
);
#2101 = (
   NAMED_UNIT (*)
   PLANE_ANGLE_UNIT ()
   SI_UNIT ($, .RADIAN.)
);
#2102 = UNCERTAINTY_MEASURE_WITH_UNIT (LENGTH_MEASURE(0.001), #2099, 'DISTANCE_ACCURACY_VALUE', '');
#2103 = (
   GEOMETRIC_REPRESENTATION_CONTEXT (3)
   GLOBAL_UNCERTAINTY_ASSIGNED_CONTEXT ((#2102))
   GLOBAL_UNIT_ASSIGNED_CONTEXT ((#2099, #2100, #2101))
   REPRESENTATION_CONTEXT ('', '3D')
);
#2104 = SHAPE_REPRESENTATION ('', (#2232), #2103);
#2105 = APPLICATION_CONTEXT ('configuration controlled 3D designs of mechanical parts and assemblies');
#2106 = APPLICATION_PROTOCOL_DEFINITION ('International Standard', 'config_control_design', 1997, #2105);
#2107 = MECHANICAL_CONTEXT ('', #2105, 'mechanical');
#2108 = PRODUCT ('', '', '', (#2107));
#2109 = PERSON_AND_ORGANIZATION_ROLE ('design_owner');
#2110 = PERSON ('#2110', '', $, $, $, $);
#2111 = ORGANIZATION ($, '', '');
#2112 = PERSON_AND_ORGANIZATION (#2110, #2111);
#2113 = CC_DESIGN_PERSON_AND_ORGANIZATION_ASSIGNMENT (#2112, #2109, (#2108));
#2114 = PRODUCT_RELATED_PRODUCT_CATEGORY ('detail', $, (#2108));
#2115 = PRODUCT_DEFINITION_FORMATION_WITH_SPECIFIED_SOURCE ('', '', #2108, .NOT_KNOWN.);
#2116 = APPROVAL_STATUS ('approved');
#2117 = APPROVAL (#2116, '');
#2118 = CALENDAR_DATE (2026, 3, 2);
#2119 = COORDINATED_UNIVERSAL_TIME_OFFSET (0, $, .AHEAD.);
#2120 = LOCAL_TIME (21, 7, 11., #2119);
#2121 = DATE_AND_TIME (#2118, #2120);
#2122 = APPROVAL_DATE_TIME (#2121, #2117);
#2123 = APPROVAL_ROLE ('');
#2124 = PERSON ('#2124', '', $, $, $, $);
#2125 = ORGANIZATION ($, '', '');
#2126 = PERSON_AND_ORGANIZATION (#2124, #2125);
#2127 = APPROVAL_PERSON_ORGANIZATION (#2126, #2117, #2123);
#2128 = CC_DESIGN_APPROVAL (#2117, (#2115));
#2129 = PERSON_AND_ORGANIZATION_ROLE ('creator');
#2130 = PERSON ('#2130', '', $, $, $, $);
#2131 = ORGANIZATION ($, '', '');
#2132 = PERSON_AND_ORGANIZATION (#2130, #2131);
#2133 = CC_DESIGN_PERSON_AND_ORGANIZATION_ASSIGNMENT (#2132, #2129, (#2115));
#2134 = PERSON_AND_ORGANIZATION_ROLE ('part_supplier');
#2135 = PERSON ('#2135', '', $, $, $, $);
#2136 = ORGANIZATION ($, '', '');
#2137 = PERSON_AND_ORGANIZATION (#2135, #2136);
#2138 = CC_DESIGN_PERSON_AND_ORGANIZATION_ASSIGNMENT (#2137, #2134, (#2115));
#2139 = SECURITY_CLASSIFICATION_LEVEL ('unclassified');
#2140 = SECURITY_CLASSIFICATION ('', '', #2139);
#2141 = APPROVAL_STATUS ('approved');
#2142 = APPROVAL (#2141, '');
#2143 = CALENDAR_DATE (2026, 3, 2);
#2144 = COORDINATED_UNIVERSAL_TIME_OFFSET (0, $, .AHEAD.);
#2145 = LOCAL_TIME (21, 7, 11., #2144);
#2146 = DATE_AND_TIME (#2143, #2145);
#2147 = APPROVAL_DATE_TIME (#2146, #2142);
#2148 = APPROVAL_ROLE ('');
#2149 = PERSON ('#2149', '', $, $, $, $);
#2150 = ORGANIZATION ($, '', '');
#2151 = PERSON_AND_ORGANIZATION (#2149, #2150);
#2152 = APPROVAL_PERSON_ORGANIZATION (#2151, #2142, #2148);
#2153 = CC_DESIGN_APPROVAL (#2142, (#2140));
#2154 = DATE_TIME_ROLE ('classification_date');
#2155 = CALENDAR_DATE (2026, 3, 2);
#2156 = COORDINATED_UNIVERSAL_TIME_OFFSET (0, $, .AHEAD.);
#2157 = LOCAL_TIME (21, 7, 11., #2156);
#2158 = DATE_AND_TIME (#2155, #2157);
#2159 = CC_DESIGN_DATE_AND_TIME_ASSIGNMENT (#2158, #2154, (#2140));
#2160 = PERSON_AND_ORGANIZATION_ROLE ('classification_officer');
#2161 = PERSON ('#2161', '', $, $, $, $);
#2162 = ORGANIZATION ($, '', '');
#2163 = PERSON_AND_ORGANIZATION (#2161, #2162);
#2164 = CC_DESIGN_PERSON_AND_ORGANIZATION_ASSIGNMENT (#2163, #2160, (#2140));
#2165 = CC_DESIGN_SECURITY_CLASSIFICATION (#2140, (#2115));
#2166 = DESIGN_CONTEXT ('', #2105, 'design');
#2167 = APPROVAL_STATUS ('approved');
#2168 = APPROVAL (#2167, '');
#2169 = CALENDAR_DATE (2026, 3, 2);
#2170 = COORDINATED_UNIVERSAL_TIME_OFFSET (0, $, .AHEAD.);
#2171 = LOCAL_TIME (21, 7, 11., #2170);
#2172 = DATE_AND_TIME (#2169, #2171);
#2173 = APPROVAL_DATE_TIME (#2172, #2168);
#2174 = APPROVAL_ROLE ('');
#2175 = PERSON ('#2175', '', $, $, $, $);
#2176 = ORGANIZATION ($, '', '');
#2177 = PERSON_AND_ORGANIZATION (#2175, #2176);
#2178 = APPROVAL_PERSON_ORGANIZATION (#2177, #2168, #2174);
#2179 = CC_DESIGN_APPROVAL (#2168, (*));
#2180 = DATE_TIME_ROLE ('creation_date');
#2181 = CALENDAR_DATE (2026, 3, 2);
#2182 = COORDINATED_UNIVERSAL_TIME_OFFSET (0, $, .AHEAD.);
#2183 = LOCAL_TIME (21, 7, 11., #2182);
#2184 = DATE_AND_TIME (#2181, #2183);
#2185 = CC_DESIGN_DATE_AND_TIME_ASSIGNMENT (#2184, #2180, (*));
#2186 = PERSON_AND_ORGANIZATION_ROLE ('creator');
#2187 = PERSON ('#2187', '', $, $, $, $);
#2188 = ORGANIZATION ($, '', '');
#2189 = PERSON_AND_ORGANIZATION (#2187, #2188);
#2190 = CC_DESIGN_PERSON_AND_ORGANIZATION_ASSIGNMENT (#2189, #2186, (*));
#2191 = PRODUCT_DEFINITION ('', '', #2115, #2166);
#2192 = PRODUCT_DEFINITION_SHAPE ('', '', #2191);
#2193 = SHAPE_DEFINITION_REPRESENTATION (#2192, #2104);
#2194 = SHAPE_REPRESENTATION_RELATIONSHIP ('', '', #2104, #2195);
#2195 = ADVANCED_BREP_SHAPE_REPRESENTATION ('', (#2090), #2103);
#2196 = NEXT_ASSEMBLY_USAGE_OCCURRENCE ('#2196', '', '', #173, #2191, $);
#2197 = SECURITY_CLASSIFICATION_LEVEL ('unclassified');
#2198 = SECURITY_CLASSIFICATION ('', '', #2197);
#2199 = APPROVAL_STATUS ('approved');
#2200 = APPROVAL (#2199, '');
#2201 = CALENDAR_DATE (2026, 3, 2);
#2202 = COORDINATED_UNIVERSAL_TIME_OFFSET (0, $, .AHEAD.);
#2203 = LOCAL_TIME (21, 7, 11., #2202);
#2204 = DATE_AND_TIME (#2201, #2203);
#2205 = APPROVAL_DATE_TIME (#2204, #2200);
#2206 = APPROVAL_ROLE ('');
#2207 = PERSON ('#2207', '', $, $, $, $);
#2208 = ORGANIZATION ($, '', '');
#2209 = PERSON_AND_ORGANIZATION (#2207, #2208);
#2210 = APPROVAL_PERSON_ORGANIZATION (#2209, #2200, #2206);
#2211 = CC_DESIGN_APPROVAL (#2200, (#2198));
#2212 = DATE_TIME_ROLE ('classification_date');
#2213 = CALENDAR_DATE (2026, 3, 2);
#2214 = COORDINATED_UNIVERSAL_TIME_OFFSET (0, $, .AHEAD.);
#2215 = LOCAL_TIME (21, 7, 11., #2214);
#2216 = DATE_AND_TIME (#2213, #2215);
#2217 = CC_DESIGN_DATE_AND_TIME_ASSIGNMENT (#2216, #2212, (#2198));
#2218 = PERSON_AND_ORGANIZATION_ROLE ('classification_officer');
#2219 = PERSON ('#2219', '', $, $, $, $);
#2220 = ORGANIZATION ($, '', '');
#2221 = PERSON_AND_ORGANIZATION (#2219, #2220);
#2222 = CC_DESIGN_PERSON_AND_ORGANIZATION_ASSIGNMENT (#2221, #2218, (#2198));
#2223 = CC_DESIGN_SECURITY_CLASSIFICATION (#2198, (#2196));
#2224 = PRODUCT_DEFINITION_SHAPE ('', '', #2196);
#2225 = CARTESIAN_POINT ('', (0., 0., 0.));
#2226 = DIRECTION ('', (0., 0., 1.));
#2227 = DIRECTION ('', (1., 0., 0.));
#2228 = AXIS2_PLACEMENT_3D ('', #2225, #2226, #2227);
#2229 = CARTESIAN_POINT ('', (0., 0., 0.));
#2230 = DIRECTION ('', (0., 0., 1.));
#2231 = DIRECTION ('', (1., 0., 0.));
#2232 = AXIS2_PLACEMENT_3D ('', #2229, #2230, #2231);
#2233 = ITEM_DEFINED_TRANSFORMATION ('', '', #2228, #2232);
#2234 = (
   REPRESENTATION_RELATIONSHIP ('', '', #86, #2104)
   REPRESENTATION_RELATIONSHIP_WITH_TRANSFORMATION (#2233)
   SHAPE_REPRESENTATION_RELATIONSHIP ()
);
#2235 = CONTEXT_DEPENDENT_SHAPE_REPRESENTATION (#2234, #2224);
#2236 = CARTESIAN_POINT ('', (72.2840097423309, 118.64429111657, -5.));
#2237 = VERTEX_POINT ('', #2236);
#2238 = CARTESIAN_POINT ('', (72.2840097423309, 118.64429111657, -4.5));
#2239 = VERTEX_POINT ('', #2238);
#2240 = CARTESIAN_POINT ('', (72.2840097423309, 118.64429111657, -5.));
#2241 = CARTESIAN_POINT ('', (72.2840097423309, 118.64429111657, -4.5));
#2242 = B_SPLINE_CURVE_WITH_KNOTS ('', 1, (#2240, #2241), .UNSPECIFIED., .F., .U., (2, 2), (0., 1.), .UNSPECIFIED.);
#2243 = EDGE_CURVE ('', #2237, #2239, #2242, .T.);
#2244 = ORIENTED_EDGE ('', *, *, #2243, .F.);
#2245 = CARTESIAN_POINT ('', (71.5769029611444, 118.64429111657, -5.));
#2246 = VERTEX_POINT ('', #2245);
#2247 = CARTESIAN_POINT ('', (71.5769029611444, 118.64429111657, -5.));
#2248 = CARTESIAN_POINT ('', (72.2840097423309, 118.64429111657, -5.));
#2249 = B_SPLINE_CURVE_WITH_KNOTS ('', 1, (#2247, #2248), .UNSPECIFIED., .F., .U., (2, 2), (4.12132034355964, 4.82842712474619), .UNSPECIFIED.);
#2250 = EDGE_CURVE ('', #2246, #2237, #2249, .T.);
#2251 = ORIENTED_EDGE ('', *, *, #2250, .F.);
#2252 = CARTESIAN_POINT ('', (71.5769029611444, 118.64429111657, -4.5));
#2253 = VERTEX_POINT ('', #2252);
#2254 = CARTESIAN_POINT ('', (71.5769029611444, 118.64429111657, -5.));
#2255 = CARTESIAN_POINT ('', (71.5769029611444, 118.64429111657, -4.5));
#2256 = B_SPLINE_CURVE_WITH_KNOTS ('', 1, (#2254, #2255), .UNSPECIFIED., .F., .U., (2, 2), (0., 1.), .UNSPECIFIED.);
#2257 = EDGE_CURVE ('', #2246, #2253, #2256, .T.);
#2258 = ORIENTED_EDGE ('', *, *, #2257, .T.);
#2259 = CARTESIAN_POINT ('', (71.5769029611444, 118.64429111657, -4.5));
#2260 = CARTESIAN_POINT ('', (72.2840097423309, 118.64429111657, -4.5));
#2261 = B_SPLINE_CURVE_WITH_KNOTS ('', 1, (#2259, #2260), .UNSPECIFIED., .F., .U., (2, 2), (4.12132034355964, 4.82842712474619), .UNSPECIFIED.);
#2262 = EDGE_CURVE ('', #2253, #2239, #2261, .T.);
#2263 = ORIENTED_EDGE ('', *, *, #2262, .T.);
#2264 = EDGE_LOOP ('', (#2244, #2251, #2258, #2263));
#2265 = FACE_OUTER_BOUND ('', #2264, .T.);
#2266 = CARTESIAN_POINT ('', (71.5769029611444, 118.64429111657, -5.));
#2267 = CARTESIAN_POINT ('', (72.2840097423309, 118.64429111657, -5.));
#2268 = CARTESIAN_POINT ('', (71.5769029611444, 118.64429111657, -4.5));
#2269 = CARTESIAN_POINT ('', (72.2840097423309, 118.64429111657, -4.5));
#2270 = B_SPLINE_SURFACE_WITH_KNOTS ('', 1, 1, ((#2266, #2267), (#2268, #2269)), .UNSPECIFIED., .F., .F., .U., (2, 2), (2, 2), (0., 1.), (4.12132034355964, 4.82842712474619), .UNSPECIFIED.);
#2271 = ADVANCED_FACE ('', (#2265), #2270, .T.);
#2272 = CARTESIAN_POINT ('', (72.9911165235173, 117.937184335383, -5.));
#2273 = VERTEX_POINT ('', #2272);
#2274 = CARTESIAN_POINT ('', (72.9911165235173, 117.937184335383, -4.5));
#2275 = VERTEX_POINT ('', #2274);
#2276 = CARTESIAN_POINT ('', (72.9911165235173, 117.937184335383, -5.));
#2277 = CARTESIAN_POINT ('', (72.9911165235173, 117.937184335383, -4.5));
#2278 = B_SPLINE_CURVE_WITH_KNOTS ('', 1, (#2276, #2277), .UNSPECIFIED., .F., .U., (2, 2), (0., 1.), .UNSPECIFIED.);
#2279 = EDGE_CURVE ('', #2273, #2275, #2278, .T.);
#2280 = ORIENTED_EDGE ('', *, *, #2279, .F.);
#2281 = CARTESIAN_POINT ('', (72.2840097423309, 118.64429111657, -5.));
#2282 = CARTESIAN_POINT ('', (72.9911165235173, 117.937184335383, -5.));
#2283 = B_SPLINE_CURVE_WITH_KNOTS ('', 1, (#2281, #2282), .UNSPECIFIED., .F., .U., (2, 2), (0., 1.), .UNSPECIFIED.);
#2284 = EDGE_CURVE ('', #2237, #2273, #2283, .T.);
#2285 = ORIENTED_EDGE ('', *, *, #2284, .F.);
#2286 = ORIENTED_EDGE ('', *, *, #2243, .T.);
#2287 = CARTESIAN_POINT ('', (72.2840097423309, 118.64429111657, -4.5));
#2288 = CARTESIAN_POINT ('', (72.9911165235173, 117.937184335383, -4.5));
#2289 = B_SPLINE_CURVE_WITH_KNOTS ('', 1, (#2287, #2288), .UNSPECIFIED., .F., .U., (2, 2), (0., 1.), .UNSPECIFIED.);
#2290 = EDGE_CURVE ('', #2239, #2275, #2289, .T.);
#2291 = ORIENTED_EDGE ('', *, *, #2290, .T.);
#2292 = EDGE_LOOP ('', (#2280, #2285, #2286, #2291));
#2293 = FACE_OUTER_BOUND ('', #2292, .T.);
#2294 = CARTESIAN_POINT ('', (72.2840097423309, 118.64429111657, -5.));
#2295 = CARTESIAN_POINT ('', (72.9911165235173, 117.937184335383, -5.));
#2296 = CARTESIAN_POINT ('', (72.2840097423309, 118.64429111657, -4.5));
#2297 = CARTESIAN_POINT ('', (72.9911165235173, 117.937184335383, -4.5));
#2298 = B_SPLINE_SURFACE_WITH_KNOTS ('', 1, 1, ((#2294, #2295), (#2296, #2297)), .UNSPECIFIED., .F., .F., .U., (2, 2), (2, 2), (0., 1.), (0., 1.), .UNSPECIFIED.);
#2299 = ADVANCED_FACE ('', (#2293), #2298, .T.);
#2300 = CARTESIAN_POINT ('', (72.9911165235172, 117.230077554197, -5.));
#2301 = VERTEX_POINT ('', #2300);
#2302 = CARTESIAN_POINT ('', (72.9911165235172, 117.230077554197, -4.5));
#2303 = VERTEX_POINT ('', #2302);
#2304 = CARTESIAN_POINT ('', (72.9911165235172, 117.230077554197, -5.));
#2305 = CARTESIAN_POINT ('', (72.9911165235172, 117.230077554197, -4.5));
#2306 = B_SPLINE_CURVE_WITH_KNOTS ('', 1, (#2304, #2305), .UNSPECIFIED., .F., .U., (2, 2), (0., 1.), .UNSPECIFIED.);
#2307 = EDGE_CURVE ('', #2301, #2303, #2306, .T.);
#2308 = ORIENTED_EDGE ('', *, *, #2307, .F.);
#2309 = CARTESIAN_POINT ('', (72.9911165235173, 117.937184335383, -5.));
#2310 = CARTESIAN_POINT ('', (72.9911165235172, 117.230077554197, -5.));
#2311 = B_SPLINE_CURVE_WITH_KNOTS ('', 1, (#2309, #2310), .UNSPECIFIED., .F., .U., (2, 2), (1., 1.70710678118655), .UNSPECIFIED.);
#2312 = EDGE_CURVE ('', #2273, #2301, #2311, .T.);
#2313 = ORIENTED_EDGE ('', *, *, #2312, .F.);
#2314 = ORIENTED_EDGE ('', *, *, #2279, .T.);
#2315 = CARTESIAN_POINT ('', (72.9911165235173, 117.937184335383, -4.5));
#2316 = CARTESIAN_POINT ('', (72.9911165235172, 117.230077554197, -4.5));
#2317 = B_SPLINE_CURVE_WITH_KNOTS ('', 1, (#2315, #2316), .UNSPECIFIED., .F., .U., (2, 2), (1., 1.70710678118655), .UNSPECIFIED.);
#2318 = EDGE_CURVE ('', #2275, #2303, #2317, .T.);
#2319 = ORIENTED_EDGE ('', *, *, #2318, .T.);
#2320 = EDGE_LOOP ('', (#2308, #2313, #2314, #2319));
#2321 = FACE_OUTER_BOUND ('', #2320, .T.);
#2322 = CARTESIAN_POINT ('', (72.9911165235173, 117.937184335383, -5.));
#2323 = CARTESIAN_POINT ('', (72.9911165235172, 117.230077554197, -5.));
#2324 = CARTESIAN_POINT ('', (72.9911165235173, 117.937184335383, -4.5));
#2325 = CARTESIAN_POINT ('', (72.9911165235172, 117.230077554197, -4.5));
#2326 = B_SPLINE_SURFACE_WITH_KNOTS ('', 1, 1, ((#2322, #2323), (#2324, #2325)), .UNSPECIFIED., .F., .F., .U., (2, 2), (2, 2), (0., 1.), (1., 1.70710678118655), .UNSPECIFIED.);
#2327 = ADVANCED_FACE ('', (#2321), #2326, .T.);
#2328 = CARTESIAN_POINT ('', (72.2840097423307, 117.230077554197, -5.));
#2329 = VERTEX_POINT ('', #2328);
#2330 = CARTESIAN_POINT ('', (72.2840097423307, 117.230077554197, -4.5));
#2331 = VERTEX_POINT ('', #2330);
#2332 = CARTESIAN_POINT ('', (72.2840097423307, 117.230077554197, -5.));
#2333 = CARTESIAN_POINT ('', (72.2840097423307, 117.230077554197, -4.5));
#2334 = B_SPLINE_CURVE_WITH_KNOTS ('', 1, (#2332, #2333), .UNSPECIFIED., .F., .U., (2, 2), (0., 1.), .UNSPECIFIED.);
#2335 = EDGE_CURVE ('', #2329, #2331, #2334, .T.);
#2336 = ORIENTED_EDGE ('', *, *, #2335, .F.);
#2337 = CARTESIAN_POINT ('', (72.9911165235172, 117.230077554197, -5.));
#2338 = CARTESIAN_POINT ('', (72.2840097423307, 117.230077554197, -5.));
#2339 = B_SPLINE_CURVE_WITH_KNOTS ('', 1, (#2337, #2338), .UNSPECIFIED., .F., .U., (2, 2), (1.70710678118655, 2.41421356237309), .UNSPECIFIED.);
#2340 = EDGE_CURVE ('', #2301, #2329, #2339, .T.);
#2341 = ORIENTED_EDGE ('', *, *, #2340, .F.);
#2342 = ORIENTED_EDGE ('', *, *, #2307, .T.);
#2343 = CARTESIAN_POINT ('', (72.9911165235172, 117.230077554197, -4.5));
#2344 = CARTESIAN_POINT ('', (72.2840097423307, 117.230077554197, -4.5));
#2345 = B_SPLINE_CURVE_WITH_KNOTS ('', 1, (#2343, #2344), .UNSPECIFIED., .F., .U., (2, 2), (1.70710678118655, 2.41421356237309), .UNSPECIFIED.);
#2346 = EDGE_CURVE ('', #2303, #2331, #2345, .T.);
#2347 = ORIENTED_EDGE ('', *, *, #2346, .T.);
#2348 = EDGE_LOOP ('', (#2336, #2341, #2342, #2347));
#2349 = FACE_OUTER_BOUND ('', #2348, .T.);
#2350 = CARTESIAN_POINT ('', (72.9911165235172, 117.230077554197, -5.));
#2351 = CARTESIAN_POINT ('', (72.2840097423306, 117.230077554197, -5.));
#2352 = CARTESIAN_POINT ('', (72.9911165235172, 117.230077554197, -4.5));
#2353 = CARTESIAN_POINT ('', (72.2840097423306, 117.230077554197, -4.5));
#2354 = B_SPLINE_SURFACE_WITH_KNOTS ('', 1, 1, ((#2350, #2351), (#2352, #2353)), .UNSPECIFIED., .F., .F., .U., (2, 2), (2, 2), (0., 1.), (1.70710678118655, 2.41421356237309), .UNSPECIFIED.);
#2355 = ADVANCED_FACE ('', (#2349), #2354, .T.);
#2356 = CARTESIAN_POINT ('', (71.5769029611442, 117.937184335384, -5.));
#2357 = VERTEX_POINT ('', #2356);
#2358 = CARTESIAN_POINT ('', (71.5769029611442, 117.937184335384, -4.5));
#2359 = VERTEX_POINT ('', #2358);
#2360 = CARTESIAN_POINT ('', (71.5769029611442, 117.937184335384, -5.));
#2361 = CARTESIAN_POINT ('', (71.5769029611442, 117.937184335384, -4.5));
#2362 = B_SPLINE_CURVE_WITH_KNOTS ('', 1, (#2360, #2361), .UNSPECIFIED., .F., .U., (2, 2), (0., 1.), .UNSPECIFIED.);
#2363 = EDGE_CURVE ('', #2357, #2359, #2362, .T.);
#2364 = ORIENTED_EDGE ('', *, *, #2363, .F.);
#2365 = CARTESIAN_POINT ('', (72.2840097423307, 117.230077554197, -5.));
#2366 = CARTESIAN_POINT ('', (71.5769029611442, 117.937184335384, -5.));
#2367 = B_SPLINE_CURVE_WITH_KNOTS ('', 1, (#2365, #2366), .UNSPECIFIED., .F., .U., (2, 2), (2.41421356237309, 3.41421356237309), .UNSPECIFIED.);
#2368 = EDGE_CURVE ('', #2329, #2357, #2367, .T.);
#2369 = ORIENTED_EDGE ('', *, *, #2368, .F.);
#2370 = ORIENTED_EDGE ('', *, *, #2335, .T.);
#2371 = CARTESIAN_POINT ('', (72.2840097423307, 117.230077554197, -4.5));
#2372 = CARTESIAN_POINT ('', (71.5769029611442, 117.937184335384, -4.5));
#2373 = B_SPLINE_CURVE_WITH_KNOTS ('', 1, (#2371, #2372), .UNSPECIFIED., .F., .U., (2, 2), (2.41421356237309, 3.41421356237309), .UNSPECIFIED.);
#2374 = EDGE_CURVE ('', #2331, #2359, #2373, .T.);
#2375 = ORIENTED_EDGE ('', *, *, #2374, .T.);
#2376 = EDGE_LOOP ('', (#2364, #2369, #2370, #2375));
#2377 = FACE_OUTER_BOUND ('', #2376, .T.);
#2378 = CARTESIAN_POINT ('', (72.2840097423307, 117.230077554197, -5.));
#2379 = CARTESIAN_POINT ('', (71.5769029611442, 117.937184335384, -5.));
#2380 = CARTESIAN_POINT ('', (72.2840097423307, 117.230077554197, -4.5));
#2381 = CARTESIAN_POINT ('', (71.5769029611442, 117.937184335384, -4.5));
#2382 = B_SPLINE_SURFACE_WITH_KNOTS ('', 1, 1, ((#2378, #2379), (#2380, #2381)), .UNSPECIFIED., .F., .F., .U., (2, 2), (2, 2), (0., 1.), (2.41421356237309, 3.41421356237309), .UNSPECIFIED.);
#2383 = ADVANCED_FACE ('', (#2377), #2382, .T.);
#2384 = CARTESIAN_POINT ('', (71.5769029611442, 117.937184335384, -4.5));
#2385 = CARTESIAN_POINT ('', (71.5769029611444, 118.64429111657, -4.5));
#2386 = B_SPLINE_CURVE_WITH_KNOTS ('', 1, (#2384, #2385), .UNSPECIFIED., .F., .U., (2, 2), (3.41421356237309, 4.12132034355964), .UNSPECIFIED.);
#2387 = EDGE_CURVE ('', #2359, #2253, #2386, .T.);
#2388 = ORIENTED_EDGE ('', *, *, #2387, .F.);
#2389 = ORIENTED_EDGE ('', *, *, #2374, .F.);
#2390 = ORIENTED_EDGE ('', *, *, #2346, .F.);
#2391 = ORIENTED_EDGE ('', *, *, #2318, .F.);
#2392 = ORIENTED_EDGE ('', *, *, #2290, .F.);
#2393 = ORIENTED_EDGE ('', *, *, #2262, .F.);
#2394 = EDGE_LOOP ('', (#2388, #2389, #2390, #2391, #2392, #2393));
#2395 = FACE_OUTER_BOUND ('', #2394, .T.);
#2396 = CARTESIAN_POINT ('', (71.5769029611442, 117.230077554197, -4.5));
#2397 = CARTESIAN_POINT ('', (71.5769029611442, 118.64429111657, -4.5));
#2398 = CARTESIAN_POINT ('', (72.9911165235173, 117.230077554197, -4.5));
#2399 = CARTESIAN_POINT ('', (72.9911165235173, 118.64429111657, -4.5));
#2400 = B_SPLINE_SURFACE_WITH_KNOTS ('', 1, 1, ((#2396, #2397), (#2398, #2399)), .UNSPECIFIED., .F., .F., .U., (2, 2), (2, 2), (0.33164124257465, 0.668358757425353), (0.331641242574603, 0.668358757425377), .UNSPECIFIED.);
#2401 = ADVANCED_FACE ('', (#2395), #2400, .T.);
#2402 = ORIENTED_EDGE ('', *, *, #2257, .F.);
#2403 = CARTESIAN_POINT ('', (71.5769029611442, 117.937184335384, -5.));
#2404 = CARTESIAN_POINT ('', (71.5769029611444, 118.64429111657, -5.));
#2405 = B_SPLINE_CURVE_WITH_KNOTS ('', 1, (#2403, #2404), .UNSPECIFIED., .F., .U., (2, 2), (3.41421356237309, 4.12132034355964), .UNSPECIFIED.);
#2406 = EDGE_CURVE ('', #2357, #2246, #2405, .T.);
#2407 = ORIENTED_EDGE ('', *, *, #2406, .F.);
#2408 = ORIENTED_EDGE ('', *, *, #2363, .T.);
#2409 = ORIENTED_EDGE ('', *, *, #2387, .T.);
#2410 = EDGE_LOOP ('', (#2402, #2407, #2408, #2409));
#2411 = FACE_OUTER_BOUND ('', #2410, .T.);
#2412 = CARTESIAN_POINT ('', (71.5769029611442, 117.937184335384, -5.));
#2413 = CARTESIAN_POINT ('', (71.5769029611444, 118.64429111657, -5.));
#2414 = CARTESIAN_POINT ('', (71.5769029611442, 117.937184335384, -4.5));
#2415 = CARTESIAN_POINT ('', (71.5769029611444, 118.64429111657, -4.5));
#2416 = B_SPLINE_SURFACE_WITH_KNOTS ('', 1, 1, ((#2412, #2413), (#2414, #2415)), .UNSPECIFIED., .F., .F., .U., (2, 2), (2, 2), (0., 1.), (3.41421356237309, 4.12132034355964), .UNSPECIFIED.);
#2417 = ADVANCED_FACE ('', (#2411), #2416, .T.);
#2418 = ORIENTED_EDGE ('', *, *, #2406, .T.);
#2419 = ORIENTED_EDGE ('', *, *, #2250, .T.);
#2420 = ORIENTED_EDGE ('', *, *, #2284, .T.);
#2421 = ORIENTED_EDGE ('', *, *, #2312, .T.);
#2422 = ORIENTED_EDGE ('', *, *, #2340, .T.);
#2423 = ORIENTED_EDGE ('', *, *, #2368, .T.);
#2424 = EDGE_LOOP ('', (#2418, #2419, #2420, #2421, #2422, #2423));
#2425 = FACE_OUTER_BOUND ('', #2424, .T.);
#2426 = CARTESIAN_POINT ('', (71.5769029611442, 117.230077554197, -5.));
#2427 = CARTESIAN_POINT ('', (72.9911165235173, 117.230077554197, -5.));
#2428 = CARTESIAN_POINT ('', (71.5769029611442, 118.64429111657, -5.));
#2429 = CARTESIAN_POINT ('', (72.9911165235173, 118.64429111657, -5.));
#2430 = B_SPLINE_SURFACE_WITH_KNOTS ('', 1, 1, ((#2426, #2427), (#2428, #2429)), .UNSPECIFIED., .F., .F., .U., (2, 2), (2, 2), (0.331641242574603, 0.668358757425377), (0.33164124257465, 0.668358757425353), .UNSPECIFIED.);
#2431 = ADVANCED_FACE ('', (#2425), #2430, .T.);
#2432 = CLOSED_SHELL ('', (#2271, #2299, #2327, #2355, #2383, #2401, #2417, #2431));
#2433 = MANIFOLD_SOLID_BREP ('', #2432);
#2434 = COLOUR_RGB ('', 0., 0.333333333333333, 1.);
#2435 = FILL_AREA_STYLE_COLOUR ('', #2434);
#2436 = FILL_AREA_STYLE ('', (#2435));
#2437 = SURFACE_STYLE_FILL_AREA (#2436);
#2438 = SURFACE_SIDE_STYLE ('', (#2437));
#2439 = SURFACE_STYLE_USAGE (.POSITIVE., #2438);
#2440 = PRESENTATION_STYLE_ASSIGNMENT ((#2439));
#2441 = STYLED_ITEM ('', (#2440), #2433);
#2442 = (
   LENGTH_UNIT ()
   NAMED_UNIT (*)
   SI_UNIT ($, .METRE.)
);
#2443 = (
   NAMED_UNIT (*)
   SI_UNIT ($, .STERADIAN.)
   SOLID_ANGLE_UNIT ()
);
#2444 = (
   NAMED_UNIT (*)
   PLANE_ANGLE_UNIT ()
   SI_UNIT ($, .RADIAN.)
);
#2445 = UNCERTAINTY_MEASURE_WITH_UNIT (LENGTH_MEASURE(0.001), #2442, 'DISTANCE_ACCURACY_VALUE', '');
#2446 = (
   GEOMETRIC_REPRESENTATION_CONTEXT (3)
   GLOBAL_UNCERTAINTY_ASSIGNED_CONTEXT ((#2445))
   GLOBAL_UNIT_ASSIGNED_CONTEXT ((#2442, #2443, #2444))
   REPRESENTATION_CONTEXT ('', '3D')
);
#2447 = SHAPE_REPRESENTATION ('', (#2575), #2446);
#2448 = APPLICATION_CONTEXT ('configuration controlled 3D designs of mechanical parts and assemblies');
#2449 = APPLICATION_PROTOCOL_DEFINITION ('International Standard', 'config_control_design', 1997, #2448);
#2450 = MECHANICAL_CONTEXT ('', #2448, 'mechanical');
#2451 = PRODUCT ('', '', '', (#2450));
#2452 = PERSON_AND_ORGANIZATION_ROLE ('design_owner');
#2453 = PERSON ('#2453', '', $, $, $, $);
#2454 = ORGANIZATION ($, '', '');
#2455 = PERSON_AND_ORGANIZATION (#2453, #2454);
#2456 = CC_DESIGN_PERSON_AND_ORGANIZATION_ASSIGNMENT (#2455, #2452, (#2451));
#2457 = PRODUCT_RELATED_PRODUCT_CATEGORY ('detail', $, (#2451));
#2458 = PRODUCT_DEFINITION_FORMATION_WITH_SPECIFIED_SOURCE ('', '', #2451, .NOT_KNOWN.);
#2459 = APPROVAL_STATUS ('approved');
#2460 = APPROVAL (#2459, '');
#2461 = CALENDAR_DATE (2026, 3, 2);
#2462 = COORDINATED_UNIVERSAL_TIME_OFFSET (0, $, .AHEAD.);
#2463 = LOCAL_TIME (21, 7, 11., #2462);
#2464 = DATE_AND_TIME (#2461, #2463);
#2465 = APPROVAL_DATE_TIME (#2464, #2460);
#2466 = APPROVAL_ROLE ('');
#2467 = PERSON ('#2467', '', $, $, $, $);
#2468 = ORGANIZATION ($, '', '');
#2469 = PERSON_AND_ORGANIZATION (#2467, #2468);
#2470 = APPROVAL_PERSON_ORGANIZATION (#2469, #2460, #2466);
#2471 = CC_DESIGN_APPROVAL (#2460, (#2458));
#2472 = PERSON_AND_ORGANIZATION_ROLE ('creator');
#2473 = PERSON ('#2473', '', $, $, $, $);
#2474 = ORGANIZATION ($, '', '');
#2475 = PERSON_AND_ORGANIZATION (#2473, #2474);
#2476 = CC_DESIGN_PERSON_AND_ORGANIZATION_ASSIGNMENT (#2475, #2472, (#2458));
#2477 = PERSON_AND_ORGANIZATION_ROLE ('part_supplier');
#2478 = PERSON ('#2478', '', $, $, $, $);
#2479 = ORGANIZATION ($, '', '');
#2480 = PERSON_AND_ORGANIZATION (#2478, #2479);
#2481 = CC_DESIGN_PERSON_AND_ORGANIZATION_ASSIGNMENT (#2480, #2477, (#2458));
#2482 = SECURITY_CLASSIFICATION_LEVEL ('unclassified');
#2483 = SECURITY_CLASSIFICATION ('', '', #2482);
#2484 = APPROVAL_STATUS ('approved');
#2485 = APPROVAL (#2484, '');
#2486 = CALENDAR_DATE (2026, 3, 2);
#2487 = COORDINATED_UNIVERSAL_TIME_OFFSET (0, $, .AHEAD.);
#2488 = LOCAL_TIME (21, 7, 11., #2487);
#2489 = DATE_AND_TIME (#2486, #2488);
#2490 = APPROVAL_DATE_TIME (#2489, #2485);
#2491 = APPROVAL_ROLE ('');
#2492 = PERSON ('#2492', '', $, $, $, $);
#2493 = ORGANIZATION ($, '', '');
#2494 = PERSON_AND_ORGANIZATION (#2492, #2493);
#2495 = APPROVAL_PERSON_ORGANIZATION (#2494, #2485, #2491);
#2496 = CC_DESIGN_APPROVAL (#2485, (#2483));
#2497 = DATE_TIME_ROLE ('classification_date');
#2498 = CALENDAR_DATE (2026, 3, 2);
#2499 = COORDINATED_UNIVERSAL_TIME_OFFSET (0, $, .AHEAD.);
#2500 = LOCAL_TIME (21, 7, 11., #2499);
#2501 = DATE_AND_TIME (#2498, #2500);
#2502 = CC_DESIGN_DATE_AND_TIME_ASSIGNMENT (#2501, #2497, (#2483));
#2503 = PERSON_AND_ORGANIZATION_ROLE ('classification_officer');
#2504 = PERSON ('#2504', '', $, $, $, $);
#2505 = ORGANIZATION ($, '', '');
#2506 = PERSON_AND_ORGANIZATION (#2504, #2505);
#2507 = CC_DESIGN_PERSON_AND_ORGANIZATION_ASSIGNMENT (#2506, #2503, (#2483));
#2508 = CC_DESIGN_SECURITY_CLASSIFICATION (#2483, (#2458));
#2509 = DESIGN_CONTEXT ('', #2448, 'design');
#2510 = APPROVAL_STATUS ('approved');
#2511 = APPROVAL (#2510, '');
#2512 = CALENDAR_DATE (2026, 3, 2);
#2513 = COORDINATED_UNIVERSAL_TIME_OFFSET (0, $, .AHEAD.);
#2514 = LOCAL_TIME (21, 7, 11., #2513);
#2515 = DATE_AND_TIME (#2512, #2514);
#2516 = APPROVAL_DATE_TIME (#2515, #2511);
#2517 = APPROVAL_ROLE ('');
#2518 = PERSON ('#2518', '', $, $, $, $);
#2519 = ORGANIZATION ($, '', '');
#2520 = PERSON_AND_ORGANIZATION (#2518, #2519);
#2521 = APPROVAL_PERSON_ORGANIZATION (#2520, #2511, #2517);
#2522 = CC_DESIGN_APPROVAL (#2511, (*));
#2523 = DATE_TIME_ROLE ('creation_date');
#2524 = CALENDAR_DATE (2026, 3, 2);
#2525 = COORDINATED_UNIVERSAL_TIME_OFFSET (0, $, .AHEAD.);
#2526 = LOCAL_TIME (21, 7, 11., #2525);
#2527 = DATE_AND_TIME (#2524, #2526);
#2528 = CC_DESIGN_DATE_AND_TIME_ASSIGNMENT (#2527, #2523, (*));
#2529 = PERSON_AND_ORGANIZATION_ROLE ('creator');
#2530 = PERSON ('#2530', '', $, $, $, $);
#2531 = ORGANIZATION ($, '', '');
#2532 = PERSON_AND_ORGANIZATION (#2530, #2531);
#2533 = CC_DESIGN_PERSON_AND_ORGANIZATION_ASSIGNMENT (#2532, #2529, (*));
#2534 = PRODUCT_DEFINITION ('', '', #2458, #2509);
#2535 = PRODUCT_DEFINITION_SHAPE ('', '', #2534);
#2536 = SHAPE_DEFINITION_REPRESENTATION (#2535, #2447);
#2537 = SHAPE_REPRESENTATION_RELATIONSHIP ('', '', #2447, #2538);
#2538 = ADVANCED_BREP_SHAPE_REPRESENTATION ('', (#2433), #2446);
#2539 = NEXT_ASSEMBLY_USAGE_OCCURRENCE ('#2539', '', '', #173, #2534, $);
#2540 = SECURITY_CLASSIFICATION_LEVEL ('unclassified');
#2541 = SECURITY_CLASSIFICATION ('', '', #2540);
#2542 = APPROVAL_STATUS ('approved');
#2543 = APPROVAL (#2542, '');
#2544 = CALENDAR_DATE (2026, 3, 2);
#2545 = COORDINATED_UNIVERSAL_TIME_OFFSET (0, $, .AHEAD.);
#2546 = LOCAL_TIME (21, 7, 11., #2545);
#2547 = DATE_AND_TIME (#2544, #2546);
#2548 = APPROVAL_DATE_TIME (#2547, #2543);
#2549 = APPROVAL_ROLE ('');
#2550 = PERSON ('#2550', '', $, $, $, $);
#2551 = ORGANIZATION ($, '', '');
#2552 = PERSON_AND_ORGANIZATION (#2550, #2551);
#2553 = APPROVAL_PERSON_ORGANIZATION (#2552, #2543, #2549);
#2554 = CC_DESIGN_APPROVAL (#2543, (#2541));
#2555 = DATE_TIME_ROLE ('classification_date');
#2556 = CALENDAR_DATE (2026, 3, 2);
#2557 = COORDINATED_UNIVERSAL_TIME_OFFSET (0, $, .AHEAD.);
#2558 = LOCAL_TIME (21, 7, 11., #2557);
#2559 = DATE_AND_TIME (#2556, #2558);
#2560 = CC_DESIGN_DATE_AND_TIME_ASSIGNMENT (#2559, #2555, (#2541));
#2561 = PERSON_AND_ORGANIZATION_ROLE ('classification_officer');
#2562 = PERSON ('#2562', '', $, $, $, $);
#2563 = ORGANIZATION ($, '', '');
#2564 = PERSON_AND_ORGANIZATION (#2562, #2563);
#2565 = CC_DESIGN_PERSON_AND_ORGANIZATION_ASSIGNMENT (#2564, #2561, (#2541));
#2566 = CC_DESIGN_SECURITY_CLASSIFICATION (#2541, (#2539));
#2567 = PRODUCT_DEFINITION_SHAPE ('', '', #2539);
#2568 = CARTESIAN_POINT ('', (0., 0., 0.));
#2569 = DIRECTION ('', (0., 0., 1.));
#2570 = DIRECTION ('', (1., 0., 0.));
#2571 = AXIS2_PLACEMENT_3D ('', #2568, #2569, #2570);
#2572 = CARTESIAN_POINT ('', (0., 0., 0.));
#2573 = DIRECTION ('', (0., 0., 1.));
#2574 = DIRECTION ('', (1., 0., 0.));
#2575 = AXIS2_PLACEMENT_3D ('', #2572, #2573, #2574);
#2576 = ITEM_DEFINED_TRANSFORMATION ('', '', #2571, #2575);
#2577 = (
   REPRESENTATION_RELATIONSHIP ('', '', #86, #2447)
   REPRESENTATION_RELATIONSHIP_WITH_TRANSFORMATION (#2576)
   SHAPE_REPRESENTATION_RELATIONSHIP ()
);
#2578 = CONTEXT_DEPENDENT_SHAPE_REPRESENTATION (#2577, #2567);
#2579 = CARTESIAN_POINT ('', (80.923097038856, 117.937184335384, -5.));
#2580 = VERTEX_POINT ('', #2579);
#2581 = CARTESIAN_POINT ('', (80.9230970388558, 118.64429111657, -5.));
#2582 = VERTEX_POINT ('', #2581);
#2583 = CARTESIAN_POINT ('', (80.923097038856, 117.937184335384, -5.));
#2584 = CARTESIAN_POINT ('', (80.9230970388558, 118.64429111657, -5.));
#2585 = B_SPLINE_CURVE_WITH_KNOTS ('', 1, (#2583, #2584), .UNSPECIFIED., .F., .U., (2, 2), (3.41421356237309, 4.12132034355964), .UNSPECIFIED.);
#2586 = EDGE_CURVE ('', #2580, #2582, #2585, .T.);
#2587 = ORIENTED_EDGE ('', *, *, #2586, .F.);
#2588 = CARTESIAN_POINT ('', (80.2159902576695, 117.230077554197, -5.));
#2589 = VERTEX_POINT ('', #2588);
#2590 = CARTESIAN_POINT ('', (80.2159902576695, 117.230077554197, -5.));
#2591 = CARTESIAN_POINT ('', (80.923097038856, 117.937184335384, -5.));
#2592 = B_SPLINE_CURVE_WITH_KNOTS ('', 1, (#2590, #2591), .UNSPECIFIED., .F., .U., (2, 2), (2.41421356237309, 3.41421356237309), .UNSPECIFIED.);
#2593 = EDGE_CURVE ('', #2589, #2580, #2592, .T.);
#2594 = ORIENTED_EDGE ('', *, *, #2593, .F.);
#2595 = CARTESIAN_POINT ('', (79.508883476483, 117.230077554197, -5.));
#2596 = VERTEX_POINT ('', #2595);
#2597 = CARTESIAN_POINT ('', (79.508883476483, 117.230077554197, -5.));
#2598 = CARTESIAN_POINT ('', (80.2159902576695, 117.230077554197, -5.));
#2599 = B_SPLINE_CURVE_WITH_KNOTS ('', 1, (#2597, #2598), .UNSPECIFIED., .F., .U., (2, 2), (1.70710678118655, 2.41421356237309), .UNSPECIFIED.);
#2600 = EDGE_CURVE ('', #2596, #2589, #2599, .T.);
#2601 = ORIENTED_EDGE ('', *, *, #2600, .F.);
#2602 = CARTESIAN_POINT ('', (79.5088834764829, 117.937184335383, -5.));
#2603 = VERTEX_POINT ('', #2602);
#2604 = CARTESIAN_POINT ('', (79.5088834764829, 117.937184335383, -5.));
#2605 = CARTESIAN_POINT ('', (79.508883476483, 117.230077554197, -5.));
#2606 = B_SPLINE_CURVE_WITH_KNOTS ('', 1, (#2604, #2605), .UNSPECIFIED., .F., .U., (2, 2), (1., 1.70710678118655), .UNSPECIFIED.);
#2607 = EDGE_CURVE ('', #2603, #2596, #2606, .T.);
#2608 = ORIENTED_EDGE ('', *, *, #2607, .F.);
#2609 = CARTESIAN_POINT ('', (80.2159902576693, 118.64429111657, -5.));
#2610 = VERTEX_POINT ('', #2609);
#2611 = CARTESIAN_POINT ('', (80.2159902576693, 118.64429111657, -5.));
#2612 = CARTESIAN_POINT ('', (79.5088834764829, 117.937184335383, -5.));
#2613 = B_SPLINE_CURVE_WITH_KNOTS ('', 1, (#2611, #2612), .UNSPECIFIED., .F., .U., (2, 2), (0., 1.), .UNSPECIFIED.);
#2614 = EDGE_CURVE ('', #2610, #2603, #2613, .T.);
#2615 = ORIENTED_EDGE ('', *, *, #2614, .F.);
#2616 = CARTESIAN_POINT ('', (80.9230970388558, 118.64429111657, -5.));
#2617 = CARTESIAN_POINT ('', (80.2159902576693, 118.64429111657, -5.));
#2618 = B_SPLINE_CURVE_WITH_KNOTS ('', 1, (#2616, #2617), .UNSPECIFIED., .F., .U., (2, 2), (4.12132034355964, 4.82842712474619), .UNSPECIFIED.);
#2619 = EDGE_CURVE ('', #2582, #2610, #2618, .T.);
#2620 = ORIENTED_EDGE ('', *, *, #2619, .F.);
#2621 = EDGE_LOOP ('', (#2587, #2594, #2601, #2608, #2615, #2620));
#2622 = FACE_OUTER_BOUND ('', #2621, .T.);
#2623 = CARTESIAN_POINT ('', (80.923097038856, 117.230077554197, -5.));
#2624 = CARTESIAN_POINT ('', (80.923097038856, 118.64429111657, -5.));
#2625 = CARTESIAN_POINT ('', (79.5088834764829, 117.230077554197, -5.));
#2626 = CARTESIAN_POINT ('', (79.5088834764829, 118.64429111657, -5.));
#2627 = B_SPLINE_SURFACE_WITH_KNOTS ('', 1, 1, ((#2623, #2624), (#2625, #2626)), .UNSPECIFIED., .F., .F., .U., (2, 2), (2, 2), (0.33164124257465, 0.668358757425353), (0.331641242574603, 0.668358757425377), .UNSPECIFIED.);
#2628 = ADVANCED_FACE ('', (#2622), #2627, .T.);
#2629 = CARTESIAN_POINT ('', (79.5088834764829, 117.937184335383, -4.5));
#2630 = VERTEX_POINT ('', #2629);
#2631 = CARTESIAN_POINT ('', (79.5088834764829, 117.937184335383, -5.));
#2632 = CARTESIAN_POINT ('', (79.5088834764829, 117.937184335383, -4.5));
#2633 = B_SPLINE_CURVE_WITH_KNOTS ('', 1, (#2631, #2632), .UNSPECIFIED., .F., .U., (2, 2), (0., 1.), .UNSPECIFIED.);
#2634 = EDGE_CURVE ('', #2603, #2630, #2633, .T.);
#2635 = ORIENTED_EDGE ('', *, *, #2634, .T.);
#2636 = CARTESIAN_POINT ('', (80.2159902576693, 118.64429111657, -4.5));
#2637 = VERTEX_POINT ('', #2636);
#2638 = CARTESIAN_POINT ('', (80.2159902576693, 118.64429111657, -4.5));
#2639 = CARTESIAN_POINT ('', (79.5088834764829, 117.937184335383, -4.5));
#2640 = B_SPLINE_CURVE_WITH_KNOTS ('', 1, (#2638, #2639), .UNSPECIFIED., .F., .U., (2, 2), (0., 1.), .UNSPECIFIED.);
#2641 = EDGE_CURVE ('', #2637, #2630, #2640, .T.);
#2642 = ORIENTED_EDGE ('', *, *, #2641, .F.);
#2643 = CARTESIAN_POINT ('', (80.2159902576693, 118.64429111657, -5.));
#2644 = CARTESIAN_POINT ('', (80.2159902576693, 118.64429111657, -4.5));
#2645 = B_SPLINE_CURVE_WITH_KNOTS ('', 1, (#2643, #2644), .UNSPECIFIED., .F., .U., (2, 2), (0., 1.), .UNSPECIFIED.);
#2646 = EDGE_CURVE ('', #2610, #2637, #2645, .T.);
#2647 = ORIENTED_EDGE ('', *, *, #2646, .F.);
#2648 = ORIENTED_EDGE ('', *, *, #2614, .T.);
#2649 = EDGE_LOOP ('', (#2635, #2642, #2647, #2648));
#2650 = FACE_OUTER_BOUND ('', #2649, .T.);
#2651 = CARTESIAN_POINT ('', (80.2159902576693, 118.64429111657, -5.));
#2652 = CARTESIAN_POINT ('', (80.2159902576693, 118.64429111657, -4.5));
#2653 = CARTESIAN_POINT ('', (79.5088834764829, 117.937184335383, -5.));
#2654 = CARTESIAN_POINT ('', (79.5088834764829, 117.937184335383, -4.5));
#2655 = B_SPLINE_SURFACE_WITH_KNOTS ('', 1, 1, ((#2651, #2652), (#2653, #2654)), .UNSPECIFIED., .F., .F., .U., (2, 2), (2, 2), (0., 1.), (0., 1.), .UNSPECIFIED.);
#2656 = ADVANCED_FACE ('', (#2650), #2655, .T.);
#2657 = CARTESIAN_POINT ('', (80.923097038856, 117.937184335384, -4.5));
#2658 = VERTEX_POINT ('', #2657);
#2659 = CARTESIAN_POINT ('', (80.9230970388558, 118.64429111657, -4.5));
#2660 = VERTEX_POINT ('', #2659);
#2661 = CARTESIAN_POINT ('', (80.923097038856, 117.937184335384, -4.5));
#2662 = CARTESIAN_POINT ('', (80.9230970388558, 118.64429111657, -4.5));
#2663 = B_SPLINE_CURVE_WITH_KNOTS ('', 1, (#2661, #2662), .UNSPECIFIED., .F., .U., (2, 2), (3.41421356237309, 4.12132034355964), .UNSPECIFIED.);
#2664 = EDGE_CURVE ('', #2658, #2660, #2663, .T.);
#2665 = ORIENTED_EDGE ('', *, *, #2664, .T.);
#2666 = CARTESIAN_POINT ('', (80.9230970388558, 118.64429111657, -4.5));
#2667 = CARTESIAN_POINT ('', (80.2159902576693, 118.64429111657, -4.5));
#2668 = B_SPLINE_CURVE_WITH_KNOTS ('', 1, (#2666, #2667), .UNSPECIFIED., .F., .U., (2, 2), (4.12132034355964, 4.82842712474619), .UNSPECIFIED.);
#2669 = EDGE_CURVE ('', #2660, #2637, #2668, .T.);
#2670 = ORIENTED_EDGE ('', *, *, #2669, .T.);
#2671 = ORIENTED_EDGE ('', *, *, #2641, .T.);
#2672 = CARTESIAN_POINT ('', (79.508883476483, 117.230077554197, -4.5));
#2673 = VERTEX_POINT ('', #2672);
#2674 = CARTESIAN_POINT ('', (79.5088834764829, 117.937184335383, -4.5));
#2675 = CARTESIAN_POINT ('', (79.508883476483, 117.230077554197, -4.5));
#2676 = B_SPLINE_CURVE_WITH_KNOTS ('', 1, (#2674, #2675), .UNSPECIFIED., .F., .U., (2, 2), (1., 1.70710678118655), .UNSPECIFIED.);
#2677 = EDGE_CURVE ('', #2630, #2673, #2676, .T.);
#2678 = ORIENTED_EDGE ('', *, *, #2677, .T.);
#2679 = CARTESIAN_POINT ('', (80.2159902576695, 117.230077554197, -4.5));
#2680 = VERTEX_POINT ('', #2679);
#2681 = CARTESIAN_POINT ('', (79.508883476483, 117.230077554197, -4.5));
#2682 = CARTESIAN_POINT ('', (80.2159902576695, 117.230077554197, -4.5));
#2683 = B_SPLINE_CURVE_WITH_KNOTS ('', 1, (#2681, #2682), .UNSPECIFIED., .F., .U., (2, 2), (1.70710678118655, 2.41421356237309), .UNSPECIFIED.);
#2684 = EDGE_CURVE ('', #2673, #2680, #2683, .T.);
#2685 = ORIENTED_EDGE ('', *, *, #2684, .T.);
#2686 = CARTESIAN_POINT ('', (80.2159902576695, 117.230077554197, -4.5));
#2687 = CARTESIAN_POINT ('', (80.923097038856, 117.937184335384, -4.5));
#2688 = B_SPLINE_CURVE_WITH_KNOTS ('', 1, (#2686, #2687), .UNSPECIFIED., .F., .U., (2, 2), (2.41421356237309, 3.41421356237309), .UNSPECIFIED.);
#2689 = EDGE_CURVE ('', #2680, #2658, #2688, .T.);
#2690 = ORIENTED_EDGE ('', *, *, #2689, .T.);
#2691 = EDGE_LOOP ('', (#2665, #2670, #2671, #2678, #2685, #2690));
#2692 = FACE_OUTER_BOUND ('', #2691, .T.);
#2693 = CARTESIAN_POINT ('', (80.923097038856, 117.230077554197, -4.5));
#2694 = CARTESIAN_POINT ('', (79.5088834764829, 117.230077554197, -4.5));
#2695 = CARTESIAN_POINT ('', (80.923097038856, 118.64429111657, -4.5));
#2696 = CARTESIAN_POINT ('', (79.5088834764829, 118.64429111657, -4.5));
#2697 = B_SPLINE_SURFACE_WITH_KNOTS ('', 1, 1, ((#2693, #2694), (#2695, #2696)), .UNSPECIFIED., .F., .F., .U., (2, 2), (2, 2), (0.331641242574603, 0.668358757425377), (0.33164124257465, 0.668358757425353), .UNSPECIFIED.);
#2698 = ADVANCED_FACE ('', (#2692), #2697, .T.);
#2699 = CARTESIAN_POINT ('', (79.508883476483, 117.230077554197, -5.));
#2700 = CARTESIAN_POINT ('', (79.508883476483, 117.230077554197, -4.5));
#2701 = B_SPLINE_CURVE_WITH_KNOTS ('', 1, (#2699, #2700), .UNSPECIFIED., .F., .U., (2, 2), (0., 1.), .UNSPECIFIED.);
#2702 = EDGE_CURVE ('', #2596, #2673, #2701, .T.);
#2703 = ORIENTED_EDGE ('', *, *, #2702, .T.);
#2704 = ORIENTED_EDGE ('', *, *, #2677, .F.);
#2705 = ORIENTED_EDGE ('', *, *, #2634, .F.);
#2706 = ORIENTED_EDGE ('', *, *, #2607, .T.);
#2707 = EDGE_LOOP ('', (#2703, #2704, #2705, #2706));
#2708 = FACE_OUTER_BOUND ('', #2707, .T.);
#2709 = CARTESIAN_POINT ('', (79.5088834764829, 117.937184335383, -5.));
#2710 = CARTESIAN_POINT ('', (79.5088834764829, 117.937184335383, -4.5));
#2711 = CARTESIAN_POINT ('', (79.508883476483, 117.230077554197, -5.));
#2712 = CARTESIAN_POINT ('', (79.508883476483, 117.230077554197, -4.5));
#2713 = B_SPLINE_SURFACE_WITH_KNOTS ('', 1, 1, ((#2709, #2710), (#2711, #2712)), .UNSPECIFIED., .F., .F., .U., (2, 2), (2, 2), (1., 1.70710678118655), (0., 1.), .UNSPECIFIED.);
#2714 = ADVANCED_FACE ('', (#2708), #2713, .T.);
#2715 = CARTESIAN_POINT ('', (80.2159902576695, 117.230077554197, -5.));
#2716 = CARTESIAN_POINT ('', (80.2159902576695, 117.230077554197, -4.5));
#2717 = B_SPLINE_CURVE_WITH_KNOTS ('', 1, (#2715, #2716), .UNSPECIFIED., .F., .U., (2, 2), (0., 1.), .UNSPECIFIED.);
#2718 = EDGE_CURVE ('', #2589, #2680, #2717, .T.);
#2719 = ORIENTED_EDGE ('', *, *, #2718, .T.);
#2720 = ORIENTED_EDGE ('', *, *, #2684, .F.);
#2721 = ORIENTED_EDGE ('', *, *, #2702, .F.);
#2722 = ORIENTED_EDGE ('', *, *, #2600, .T.);
#2723 = EDGE_LOOP ('', (#2719, #2720, #2721, #2722));
#2724 = FACE_OUTER_BOUND ('', #2723, .T.);
#2725 = CARTESIAN_POINT ('', (79.508883476483, 117.230077554197, -5.));
#2726 = CARTESIAN_POINT ('', (79.508883476483, 117.230077554197, -4.5));
#2727 = CARTESIAN_POINT ('', (80.2159902576696, 117.230077554197, -5.));
#2728 = CARTESIAN_POINT ('', (80.2159902576696, 117.230077554197, -4.5));
#2729 = B_SPLINE_SURFACE_WITH_KNOTS ('', 1, 1, ((#2725, #2726), (#2727, #2728)), .UNSPECIFIED., .F., .F., .U., (2, 2), (2, 2), (1.70710678118655, 2.41421356237309), (0., 1.), .UNSPECIFIED.);
#2730 = ADVANCED_FACE ('', (#2724), #2729, .T.);
#2731 = CARTESIAN_POINT ('', (80.923097038856, 117.937184335384, -5.));
#2732 = CARTESIAN_POINT ('', (80.923097038856, 117.937184335384, -4.5));
#2733 = B_SPLINE_CURVE_WITH_KNOTS ('', 1, (#2731, #2732), .UNSPECIFIED., .F., .U., (2, 2), (0., 1.), .UNSPECIFIED.);
#2734 = EDGE_CURVE ('', #2580, #2658, #2733, .T.);
#2735 = ORIENTED_EDGE ('', *, *, #2734, .T.);
#2736 = ORIENTED_EDGE ('', *, *, #2689, .F.);
#2737 = ORIENTED_EDGE ('', *, *, #2718, .F.);
#2738 = ORIENTED_EDGE ('', *, *, #2593, .T.);
#2739 = EDGE_LOOP ('', (#2735, #2736, #2737, #2738));
#2740 = FACE_OUTER_BOUND ('', #2739, .T.);
#2741 = CARTESIAN_POINT ('', (80.2159902576695, 117.230077554197, -5.));
#2742 = CARTESIAN_POINT ('', (80.2159902576695, 117.230077554197, -4.5));
#2743 = CARTESIAN_POINT ('', (80.923097038856, 117.937184335384, -5.));
#2744 = CARTESIAN_POINT ('', (80.923097038856, 117.937184335384, -4.5));
#2745 = B_SPLINE_SURFACE_WITH_KNOTS ('', 1, 1, ((#2741, #2742), (#2743, #2744)), .UNSPECIFIED., .F., .F., .U., (2, 2), (2, 2), (2.41421356237309, 3.41421356237309), (0., 1.), .UNSPECIFIED.);
#2746 = ADVANCED_FACE ('', (#2740), #2745, .T.);
#2747 = CARTESIAN_POINT ('', (80.9230970388558, 118.64429111657, -5.));
#2748 = CARTESIAN_POINT ('', (80.9230970388558, 118.64429111657, -4.5));
#2749 = B_SPLINE_CURVE_WITH_KNOTS ('', 1, (#2747, #2748), .UNSPECIFIED., .F., .U., (2, 2), (0., 1.), .UNSPECIFIED.);
#2750 = EDGE_CURVE ('', #2582, #2660, #2749, .T.);
#2751 = ORIENTED_EDGE ('', *, *, #2750, .T.);
#2752 = ORIENTED_EDGE ('', *, *, #2664, .F.);
#2753 = ORIENTED_EDGE ('', *, *, #2734, .F.);
#2754 = ORIENTED_EDGE ('', *, *, #2586, .T.);
#2755 = EDGE_LOOP ('', (#2751, #2752, #2753, #2754));
#2756 = FACE_OUTER_BOUND ('', #2755, .T.);
#2757 = CARTESIAN_POINT ('', (80.923097038856, 117.937184335384, -5.));
#2758 = CARTESIAN_POINT ('', (80.923097038856, 117.937184335384, -4.5));
#2759 = CARTESIAN_POINT ('', (80.9230970388558, 118.64429111657, -5.));
#2760 = CARTESIAN_POINT ('', (80.9230970388558, 118.64429111657, -4.5));
#2761 = B_SPLINE_SURFACE_WITH_KNOTS ('', 1, 1, ((#2757, #2758), (#2759, #2760)), .UNSPECIFIED., .F., .F., .U., (2, 2), (2, 2), (3.41421356237309, 4.12132034355964), (0., 1.), .UNSPECIFIED.);
#2762 = ADVANCED_FACE ('', (#2756), #2761, .T.);
#2763 = ORIENTED_EDGE ('', *, *, #2646, .T.);
#2764 = ORIENTED_EDGE ('', *, *, #2669, .F.);
#2765 = ORIENTED_EDGE ('', *, *, #2750, .F.);
#2766 = ORIENTED_EDGE ('', *, *, #2619, .T.);
#2767 = EDGE_LOOP ('', (#2763, #2764, #2765, #2766));
#2768 = FACE_OUTER_BOUND ('', #2767, .T.);
#2769 = CARTESIAN_POINT ('', (80.9230970388558, 118.64429111657, -5.));
#2770 = CARTESIAN_POINT ('', (80.9230970388558, 118.64429111657, -4.5));
#2771 = CARTESIAN_POINT ('', (80.2159902576693, 118.64429111657, -5.));
#2772 = CARTESIAN_POINT ('', (80.2159902576693, 118.64429111657, -4.5));
#2773 = B_SPLINE_SURFACE_WITH_KNOTS ('', 1, 1, ((#2769, #2770), (#2771, #2772)), .UNSPECIFIED., .F., .F., .U., (2, 2), (2, 2), (4.12132034355964, 4.82842712474619), (0., 1.), .UNSPECIFIED.);
#2774 = ADVANCED_FACE ('', (#2768), #2773, .T.);
#2775 = CLOSED_SHELL ('', (#2628, #2656, #2698, #2714, #2730, #2746, #2762, #2774));
#2776 = MANIFOLD_SOLID_BREP ('', #2775);
#2777 = COLOUR_RGB ('', 0., 0.333333333333333, 1.);
#2778 = FILL_AREA_STYLE_COLOUR ('', #2777);
#2779 = FILL_AREA_STYLE ('', (#2778));
#2780 = SURFACE_STYLE_FILL_AREA (#2779);
#2781 = SURFACE_SIDE_STYLE ('', (#2780));
#2782 = SURFACE_STYLE_USAGE (.POSITIVE., #2781);
#2783 = PRESENTATION_STYLE_ASSIGNMENT ((#2782));
#2784 = STYLED_ITEM ('', (#2783), #2776);
#2785 = (
   LENGTH_UNIT ()
   NAMED_UNIT (*)
   SI_UNIT ($, .METRE.)
);
#2786 = (
   NAMED_UNIT (*)
   SI_UNIT ($, .STERADIAN.)
   SOLID_ANGLE_UNIT ()
);
#2787 = (
   NAMED_UNIT (*)
   PLANE_ANGLE_UNIT ()
   SI_UNIT ($, .RADIAN.)
);
#2788 = UNCERTAINTY_MEASURE_WITH_UNIT (LENGTH_MEASURE(0.001), #2785, 'DISTANCE_ACCURACY_VALUE', '');
#2789 = (
   GEOMETRIC_REPRESENTATION_CONTEXT (3)
   GLOBAL_UNCERTAINTY_ASSIGNED_CONTEXT ((#2788))
   GLOBAL_UNIT_ASSIGNED_CONTEXT ((#2785, #2786, #2787))
   REPRESENTATION_CONTEXT ('', '3D')
);
#2790 = SHAPE_REPRESENTATION ('', (#2918), #2789);
#2791 = APPLICATION_CONTEXT ('configuration controlled 3D designs of mechanical parts and assemblies');
#2792 = APPLICATION_PROTOCOL_DEFINITION ('International Standard', 'config_control_design', 1997, #2791);
#2793 = MECHANICAL_CONTEXT ('', #2791, 'mechanical');
#2794 = PRODUCT ('', '', '', (#2793));
#2795 = PERSON_AND_ORGANIZATION_ROLE ('design_owner');
#2796 = PERSON ('#2796', '', $, $, $, $);
#2797 = ORGANIZATION ($, '', '');
#2798 = PERSON_AND_ORGANIZATION (#2796, #2797);
#2799 = CC_DESIGN_PERSON_AND_ORGANIZATION_ASSIGNMENT (#2798, #2795, (#2794));
#2800 = PRODUCT_RELATED_PRODUCT_CATEGORY ('detail', $, (#2794));
#2801 = PRODUCT_DEFINITION_FORMATION_WITH_SPECIFIED_SOURCE ('', '', #2794, .NOT_KNOWN.);
#2802 = APPROVAL_STATUS ('approved');
#2803 = APPROVAL (#2802, '');
#2804 = CALENDAR_DATE (2026, 3, 2);
#2805 = COORDINATED_UNIVERSAL_TIME_OFFSET (0, $, .AHEAD.);
#2806 = LOCAL_TIME (21, 7, 11., #2805);
#2807 = DATE_AND_TIME (#2804, #2806);
#2808 = APPROVAL_DATE_TIME (#2807, #2803);
#2809 = APPROVAL_ROLE ('');
#2810 = PERSON ('#2810', '', $, $, $, $);
#2811 = ORGANIZATION ($, '', '');
#2812 = PERSON_AND_ORGANIZATION (#2810, #2811);
#2813 = APPROVAL_PERSON_ORGANIZATION (#2812, #2803, #2809);
#2814 = CC_DESIGN_APPROVAL (#2803, (#2801));
#2815 = PERSON_AND_ORGANIZATION_ROLE ('creator');
#2816 = PERSON ('#2816', '', $, $, $, $);
#2817 = ORGANIZATION ($, '', '');
#2818 = PERSON_AND_ORGANIZATION (#2816, #2817);
#2819 = CC_DESIGN_PERSON_AND_ORGANIZATION_ASSIGNMENT (#2818, #2815, (#2801));
#2820 = PERSON_AND_ORGANIZATION_ROLE ('part_supplier');
#2821 = PERSON ('#2821', '', $, $, $, $);
#2822 = ORGANIZATION ($, '', '');
#2823 = PERSON_AND_ORGANIZATION (#2821, #2822);
#2824 = CC_DESIGN_PERSON_AND_ORGANIZATION_ASSIGNMENT (#2823, #2820, (#2801));
#2825 = SECURITY_CLASSIFICATION_LEVEL ('unclassified');
#2826 = SECURITY_CLASSIFICATION ('', '', #2825);
#2827 = APPROVAL_STATUS ('approved');
#2828 = APPROVAL (#2827, '');
#2829 = CALENDAR_DATE (2026, 3, 2);
#2830 = COORDINATED_UNIVERSAL_TIME_OFFSET (0, $, .AHEAD.);
#2831 = LOCAL_TIME (21, 7, 11., #2830);
#2832 = DATE_AND_TIME (#2829, #2831);
#2833 = APPROVAL_DATE_TIME (#2832, #2828);
#2834 = APPROVAL_ROLE ('');
#2835 = PERSON ('#2835', '', $, $, $, $);
#2836 = ORGANIZATION ($, '', '');
#2837 = PERSON_AND_ORGANIZATION (#2835, #2836);
#2838 = APPROVAL_PERSON_ORGANIZATION (#2837, #2828, #2834);
#2839 = CC_DESIGN_APPROVAL (#2828, (#2826));
#2840 = DATE_TIME_ROLE ('classification_date');
#2841 = CALENDAR_DATE (2026, 3, 2);
#2842 = COORDINATED_UNIVERSAL_TIME_OFFSET (0, $, .AHEAD.);
#2843 = LOCAL_TIME (21, 7, 11., #2842);
#2844 = DATE_AND_TIME (#2841, #2843);
#2845 = CC_DESIGN_DATE_AND_TIME_ASSIGNMENT (#2844, #2840, (#2826));
#2846 = PERSON_AND_ORGANIZATION_ROLE ('classification_officer');
#2847 = PERSON ('#2847', '', $, $, $, $);
#2848 = ORGANIZATION ($, '', '');
#2849 = PERSON_AND_ORGANIZATION (#2847, #2848);
#2850 = CC_DESIGN_PERSON_AND_ORGANIZATION_ASSIGNMENT (#2849, #2846, (#2826));
#2851 = CC_DESIGN_SECURITY_CLASSIFICATION (#2826, (#2801));
#2852 = DESIGN_CONTEXT ('', #2791, 'design');
#2853 = APPROVAL_STATUS ('approved');
#2854 = APPROVAL (#2853, '');
#2855 = CALENDAR_DATE (2026, 3, 2);
#2856 = COORDINATED_UNIVERSAL_TIME_OFFSET (0, $, .AHEAD.);
#2857 = LOCAL_TIME (21, 7, 11., #2856);
#2858 = DATE_AND_TIME (#2855, #2857);
#2859 = APPROVAL_DATE_TIME (#2858, #2854);
#2860 = APPROVAL_ROLE ('');
#2861 = PERSON ('#2861', '', $, $, $, $);
#2862 = ORGANIZATION ($, '', '');
#2863 = PERSON_AND_ORGANIZATION (#2861, #2862);
#2864 = APPROVAL_PERSON_ORGANIZATION (#2863, #2854, #2860);
#2865 = CC_DESIGN_APPROVAL (#2854, (*));
#2866 = DATE_TIME_ROLE ('creation_date');
#2867 = CALENDAR_DATE (2026, 3, 2);
#2868 = COORDINATED_UNIVERSAL_TIME_OFFSET (0, $, .AHEAD.);
#2869 = LOCAL_TIME (21, 7, 11., #2868);
#2870 = DATE_AND_TIME (#2867, #2869);
#2871 = CC_DESIGN_DATE_AND_TIME_ASSIGNMENT (#2870, #2866, (*));
#2872 = PERSON_AND_ORGANIZATION_ROLE ('creator');
#2873 = PERSON ('#2873', '', $, $, $, $);
#2874 = ORGANIZATION ($, '', '');
#2875 = PERSON_AND_ORGANIZATION (#2873, #2874);
#2876 = CC_DESIGN_PERSON_AND_ORGANIZATION_ASSIGNMENT (#2875, #2872, (*));
#2877 = PRODUCT_DEFINITION ('', '', #2801, #2852);
#2878 = PRODUCT_DEFINITION_SHAPE ('', '', #2877);
#2879 = SHAPE_DEFINITION_REPRESENTATION (#2878, #2790);
#2880 = SHAPE_REPRESENTATION_RELATIONSHIP ('', '', #2790, #2881);
#2881 = ADVANCED_BREP_SHAPE_REPRESENTATION ('', (#2776), #2789);
#2882 = NEXT_ASSEMBLY_USAGE_OCCURRENCE ('#2882', '', '', #173, #2877, $);
#2883 = SECURITY_CLASSIFICATION_LEVEL ('unclassified');
#2884 = SECURITY_CLASSIFICATION ('', '', #2883);
#2885 = APPROVAL_STATUS ('approved');
#2886 = APPROVAL (#2885, '');
#2887 = CALENDAR_DATE (2026, 3, 2);
#2888 = COORDINATED_UNIVERSAL_TIME_OFFSET (0, $, .AHEAD.);
#2889 = LOCAL_TIME (21, 7, 11., #2888);
#2890 = DATE_AND_TIME (#2887, #2889);
#2891 = APPROVAL_DATE_TIME (#2890, #2886);
#2892 = APPROVAL_ROLE ('');
#2893 = PERSON ('#2893', '', $, $, $, $);
#2894 = ORGANIZATION ($, '', '');
#2895 = PERSON_AND_ORGANIZATION (#2893, #2894);
#2896 = APPROVAL_PERSON_ORGANIZATION (#2895, #2886, #2892);
#2897 = CC_DESIGN_APPROVAL (#2886, (#2884));
#2898 = DATE_TIME_ROLE ('classification_date');
#2899 = CALENDAR_DATE (2026, 3, 2);
#2900 = COORDINATED_UNIVERSAL_TIME_OFFSET (0, $, .AHEAD.);
#2901 = LOCAL_TIME (21, 7, 11., #2900);
#2902 = DATE_AND_TIME (#2899, #2901);
#2903 = CC_DESIGN_DATE_AND_TIME_ASSIGNMENT (#2902, #2898, (#2884));
#2904 = PERSON_AND_ORGANIZATION_ROLE ('classification_officer');
#2905 = PERSON ('#2905', '', $, $, $, $);
#2906 = ORGANIZATION ($, '', '');
#2907 = PERSON_AND_ORGANIZATION (#2905, #2906);
#2908 = CC_DESIGN_PERSON_AND_ORGANIZATION_ASSIGNMENT (#2907, #2904, (#2884));
#2909 = CC_DESIGN_SECURITY_CLASSIFICATION (#2884, (#2882));
#2910 = PRODUCT_DEFINITION_SHAPE ('', '', #2882);
#2911 = CARTESIAN_POINT ('', (0., 0., 0.));
#2912 = DIRECTION ('', (0., 0., 1.));
#2913 = DIRECTION ('', (1., 0., 0.));
#2914 = AXIS2_PLACEMENT_3D ('', #2911, #2912, #2913);
#2915 = CARTESIAN_POINT ('', (0., 0., 0.));
#2916 = DIRECTION ('', (0., 0., 1.));
#2917 = DIRECTION ('', (1., 0., 0.));
#2918 = AXIS2_PLACEMENT_3D ('', #2915, #2916, #2917);
#2919 = ITEM_DEFINED_TRANSFORMATION ('', '', #2914, #2918);
#2920 = (
   REPRESENTATION_RELATIONSHIP ('', '', #86, #2790)
   REPRESENTATION_RELATIONSHIP_WITH_TRANSFORMATION (#2919)
   SHAPE_REPRESENTATION_RELATIONSHIP ()
);
#2921 = CONTEXT_DEPENDENT_SHAPE_REPRESENTATION (#2920, #2910);
#2922 = CARTESIAN_POINT ('', (80.9230970388558, 104.951902961143, -4.5));
#2923 = VERTEX_POINT ('', #2922);
#2924 = CARTESIAN_POINT ('', (80.9230970388558, 104.951902961143, -5.));
#2925 = VERTEX_POINT ('', #2924);
#2926 = CARTESIAN_POINT ('', (80.9230970388558, 104.951902961143, -4.5));
#2927 = CARTESIAN_POINT ('', (80.9230970388558, 104.951902961143, -5.));
#2928 = B_SPLINE_CURVE_WITH_KNOTS ('', 1, (#2926, #2927), .UNSPECIFIED., .F., .U., (2, 2), (0., 1.), .UNSPECIFIED.);
#2929 = EDGE_CURVE ('', #2923, #2925, #2928, .T.);
#2930 = ORIENTED_EDGE ('', *, *, #2929, .F.);
#2931 = CARTESIAN_POINT ('', (71.5769029611444, 104.951902961143, -4.5));
#2932 = VERTEX_POINT ('', #2931);
#2933 = CARTESIAN_POINT ('', (71.5769029611444, 104.951902961143, -4.5));
#2934 = CARTESIAN_POINT ('', (80.9230970388558, 104.951902961143, -4.5));
#2935 = B_SPLINE_CURVE_WITH_KNOTS ('', 1, (#2933, #2934), .UNSPECIFIED., .F., .U., (2, 2), (14.1923881554273, 23.5385822331387), .UNSPECIFIED.);
#2936 = EDGE_CURVE ('', #2932, #2923, #2935, .T.);
#2937 = ORIENTED_EDGE ('', *, *, #2936, .F.);
#2938 = CARTESIAN_POINT ('', (71.5769029611444, 104.951902961143, -5.));
#2939 = VERTEX_POINT ('', #2938);
#2940 = CARTESIAN_POINT ('', (71.5769029611444, 104.951902961143, -4.5));
#2941 = CARTESIAN_POINT ('', (71.5769029611444, 104.951902961143, -5.));
#2942 = B_SPLINE_CURVE_WITH_KNOTS ('', 1, (#2940, #2941), .UNSPECIFIED., .F., .U., (2, 2), (0., 1.), .UNSPECIFIED.);
#2943 = EDGE_CURVE ('', #2932, #2939, #2942, .T.);
#2944 = ORIENTED_EDGE ('', *, *, #2943, .T.);
#2945 = CARTESIAN_POINT ('', (71.5769029611444, 104.951902961143, -5.));
#2946 = CARTESIAN_POINT ('', (80.9230970388558, 104.951902961143, -5.));
#2947 = B_SPLINE_CURVE_WITH_KNOTS ('', 1, (#2945, #2946), .UNSPECIFIED., .F., .U., (2, 2), (14.1923881554273, 23.5385822331387), .UNSPECIFIED.);
#2948 = EDGE_CURVE ('', #2939, #2925, #2947, .T.);
#2949 = ORIENTED_EDGE ('', *, *, #2948, .T.);
#2950 = EDGE_LOOP ('', (#2930, #2937, #2944, #2949));
#2951 = FACE_OUTER_BOUND ('', #2950, .T.);
#2952 = CARTESIAN_POINT ('', (71.5769029611444, 104.951902961143, -4.5));
#2953 = CARTESIAN_POINT ('', (80.9230970388558, 104.951902961143, -4.5));
#2954 = CARTESIAN_POINT ('', (71.5769029611444, 104.951902961143, -5.));
#2955 = CARTESIAN_POINT ('', (80.9230970388558, 104.951902961143, -5.));
#2956 = B_SPLINE_SURFACE_WITH_KNOTS ('', 1, 1, ((#2952, #2953), (#2954, #2955)), .UNSPECIFIED., .F., .F., .U., (2, 2), (2, 2), (0., 1.), (14.1923881554273, 23.5385822331387), .UNSPECIFIED.);
#2957 = ADVANCED_FACE ('', (#2951), #2956, .T.);
#2958 = CARTESIAN_POINT ('', (82.4230970388558, 106.451902961143, -4.5));
#2959 = VERTEX_POINT ('', #2958);
#2960 = CARTESIAN_POINT ('', (82.4230970388558, 106.451902961143, -5.));
#2961 = VERTEX_POINT ('', #2960);
#2962 = CARTESIAN_POINT ('', (82.4230970388558, 106.451902961143, -4.5));
#2963 = CARTESIAN_POINT ('', (82.4230970388558, 106.451902961143, -5.));
#2964 = B_SPLINE_CURVE_WITH_KNOTS ('', 1, (#2962, #2963), .UNSPECIFIED., .F., .U., (2, 2), (0., 1.), .UNSPECIFIED.);
#2965 = EDGE_CURVE ('', #2959, #2961, #2964, .T.);
#2966 = ORIENTED_EDGE ('', *, *, #2965, .F.);
#2967 = CARTESIAN_POINT ('', (80.9230970388558, 104.951902961143, -4.5));
#2968 = CARTESIAN_POINT ('', (82.4230970388558, 104.951902961143, -4.5));
#2969 = CARTESIAN_POINT ('', (82.4230970388558, 106.451902961143, -4.5));
#2970 = (
   BOUNDED_CURVE ()
   B_SPLINE_CURVE (2, (#2967, #2968, #2969), .UNSPECIFIED., .F., .U.)
   B_SPLINE_CURVE_WITH_KNOTS ((3, 3), (23.5385822331387, 24.5385822331387), .UNSPECIFIED.)
   CURVE ()
   GEOMETRIC_REPRESENTATION_ITEM ()
   RATIONAL_B_SPLINE_CURVE ((1., 0.707106781186548, 1.))
   REPRESENTATION_ITEM ('')
);
#2971 = EDGE_CURVE ('', #2923, #2959, #2970, .T.);
#2972 = ORIENTED_EDGE ('', *, *, #2971, .F.);
#2973 = ORIENTED_EDGE ('', *, *, #2929, .T.);
#2974 = CARTESIAN_POINT ('', (80.9230970388558, 104.951902961143, -5.));
#2975 = CARTESIAN_POINT ('', (82.4230970388558, 104.951902961143, -5.));
#2976 = CARTESIAN_POINT ('', (82.4230970388558, 106.451902961143, -5.));
#2977 = (
   BOUNDED_CURVE ()
   B_SPLINE_CURVE (2, (#2974, #2975, #2976), .UNSPECIFIED., .F., .U.)
   B_SPLINE_CURVE_WITH_KNOTS ((3, 3), (23.5385822331387, 24.5385822331387), .UNSPECIFIED.)
   CURVE ()
   GEOMETRIC_REPRESENTATION_ITEM ()
   RATIONAL_B_SPLINE_CURVE ((1., 0.707106781186548, 1.))
   REPRESENTATION_ITEM ('')
);
#2978 = EDGE_CURVE ('', #2925, #2961, #2977, .T.);
#2979 = ORIENTED_EDGE ('', *, *, #2978, .T.);
#2980 = EDGE_LOOP ('', (#2966, #2972, #2973, #2979));
#2981 = FACE_OUTER_BOUND ('', #2980, .T.);
#2982 = CARTESIAN_POINT ('', (80.9230970388558, 104.951902961143, -4.5));
#2983 = CARTESIAN_POINT ('', (82.4230970388558, 104.951902961143, -4.5));
#2984 = CARTESIAN_POINT ('', (82.4230970388558, 106.451902961143, -4.5));
#2985 = CARTESIAN_POINT ('', (80.9230970388558, 104.951902961143, -5.));
#2986 = CARTESIAN_POINT ('', (82.4230970388558, 104.951902961143, -5.));
#2987 = CARTESIAN_POINT ('', (82.4230970388558, 106.451902961143, -5.));
#2988 = (
   BOUNDED_SURFACE ()
   B_SPLINE_SURFACE (1, 2, ((#2982, #2983, #2984), (#2985, #2986, #2987)), .UNSPECIFIED., .F., .F., .U.)
   B_SPLINE_SURFACE_WITH_KNOTS ((2, 2), (3, 3), (0., 1.), (23.5385822331387, 24.5385822331387), .UNSPECIFIED.)
   GEOMETRIC_REPRESENTATION_ITEM ()
   RATIONAL_B_SPLINE_SURFACE (((1., 0.707106781186548, 1.), (1., 0.707106781186548, 1.)))
   REPRESENTATION_ITEM ('')
   SURFACE ()
);
#2989 = ADVANCED_FACE ('', (#2981), #2988, .T.);
#2990 = CARTESIAN_POINT ('', (82.4230970388558, 118.64429111657, -4.5));
#2991 = VERTEX_POINT ('', #2990);
#2992 = CARTESIAN_POINT ('', (82.4230970388558, 118.64429111657, -5.));
#2993 = VERTEX_POINT ('', #2992);
#2994 = CARTESIAN_POINT ('', (82.4230970388558, 118.64429111657, -4.5));
#2995 = CARTESIAN_POINT ('', (82.4230970388558, 118.64429111657, -5.));
#2996 = B_SPLINE_CURVE_WITH_KNOTS ('', 1, (#2994, #2995), .UNSPECIFIED., .F., .U., (2, 2), (0., 1.), .UNSPECIFIED.);
#2997 = EDGE_CURVE ('', #2991, #2993, #2996, .T.);
#2998 = ORIENTED_EDGE ('', *, *, #2997, .F.);
#2999 = CARTESIAN_POINT ('', (82.4230970388558, 106.451902961143, -4.5));
#3000 = CARTESIAN_POINT ('', (82.4230970388558, 118.64429111657, -4.5));
#3001 = B_SPLINE_CURVE_WITH_KNOTS ('', 1, (#2999, #3000), .UNSPECIFIED., .F., .U., (2, 2), (24.5385822331387, 36.730970388566), .UNSPECIFIED.);
#3002 = EDGE_CURVE ('', #2959, #2991, #3001, .T.);
#3003 = ORIENTED_EDGE ('', *, *, #3002, .F.);
#3004 = ORIENTED_EDGE ('', *, *, #2965, .T.);
#3005 = CARTESIAN_POINT ('', (82.4230970388558, 106.451902961143, -5.));
#3006 = CARTESIAN_POINT ('', (82.4230970388558, 118.64429111657, -5.));
#3007 = B_SPLINE_CURVE_WITH_KNOTS ('', 1, (#3005, #3006), .UNSPECIFIED., .F., .U., (2, 2), (24.5385822331387, 36.730970388566), .UNSPECIFIED.);
#3008 = EDGE_CURVE ('', #2961, #2993, #3007, .T.);
#3009 = ORIENTED_EDGE ('', *, *, #3008, .T.);
#3010 = EDGE_LOOP ('', (#2998, #3003, #3004, #3009));
#3011 = FACE_OUTER_BOUND ('', #3010, .T.);
#3012 = CARTESIAN_POINT ('', (82.4230970388558, 106.451902961143, -4.5));
#3013 = CARTESIAN_POINT ('', (82.4230970388558, 118.64429111657, -4.5));
#3014 = CARTESIAN_POINT ('', (82.4230970388558, 106.451902961143, -5.));
#3015 = CARTESIAN_POINT ('', (82.4230970388558, 118.64429111657, -5.));
#3016 = B_SPLINE_SURFACE_WITH_KNOTS ('', 1, 1, ((#3012, #3013), (#3014, #3015)), .UNSPECIFIED., .F., .F., .U., (2, 2), (2, 2), (0., 1.), (24.5385822331387, 36.730970388566), .UNSPECIFIED.);
#3017 = ADVANCED_FACE ('', (#3011), #3016, .T.);
#3018 = CARTESIAN_POINT ('', (80.9230970388558, 120.14429111657, -4.5));
#3019 = VERTEX_POINT ('', #3018);
#3020 = CARTESIAN_POINT ('', (80.9230970388558, 120.14429111657, -5.));
#3021 = VERTEX_POINT ('', #3020);
#3022 = CARTESIAN_POINT ('', (80.9230970388558, 120.14429111657, -4.5));
#3023 = CARTESIAN_POINT ('', (80.9230970388558, 120.14429111657, -5.));
#3024 = B_SPLINE_CURVE_WITH_KNOTS ('', 1, (#3022, #3023), .UNSPECIFIED., .F., .U., (2, 2), (0., 1.), .UNSPECIFIED.);
#3025 = EDGE_CURVE ('', #3019, #3021, #3024, .T.);
#3026 = ORIENTED_EDGE ('', *, *, #3025, .F.);
#3027 = CARTESIAN_POINT ('', (82.4230970388558, 118.64429111657, -4.5));
#3028 = CARTESIAN_POINT ('', (82.4230970388558, 120.14429111657, -4.5));
#3029 = CARTESIAN_POINT ('', (80.9230970388558, 120.14429111657, -4.5));
#3030 = (
   BOUNDED_CURVE ()
   B_SPLINE_CURVE (2, (#3027, #3028, #3029), .UNSPECIFIED., .F., .U.)
   B_SPLINE_CURVE_WITH_KNOTS ((3, 3), (36.730970388566, 37.730970388566), .UNSPECIFIED.)
   CURVE ()
   GEOMETRIC_REPRESENTATION_ITEM ()
   RATIONAL_B_SPLINE_CURVE ((1., 0.707106781186548, 1.))
   REPRESENTATION_ITEM ('')
);
#3031 = EDGE_CURVE ('', #2991, #3019, #3030, .T.);
#3032 = ORIENTED_EDGE ('', *, *, #3031, .F.);
#3033 = ORIENTED_EDGE ('', *, *, #2997, .T.);
#3034 = CARTESIAN_POINT ('', (82.4230970388558, 118.64429111657, -5.));
#3035 = CARTESIAN_POINT ('', (82.4230970388558, 120.14429111657, -5.));
#3036 = CARTESIAN_POINT ('', (80.9230970388558, 120.14429111657, -5.));
#3037 = (
   BOUNDED_CURVE ()
   B_SPLINE_CURVE (2, (#3034, #3035, #3036), .UNSPECIFIED., .F., .U.)
   B_SPLINE_CURVE_WITH_KNOTS ((3, 3), (36.730970388566, 37.730970388566), .UNSPECIFIED.)
   CURVE ()
   GEOMETRIC_REPRESENTATION_ITEM ()
   RATIONAL_B_SPLINE_CURVE ((1., 0.707106781186548, 1.))
   REPRESENTATION_ITEM ('')
);
#3038 = EDGE_CURVE ('', #2993, #3021, #3037, .T.);
#3039 = ORIENTED_EDGE ('', *, *, #3038, .T.);
#3040 = EDGE_LOOP ('', (#3026, #3032, #3033, #3039));
#3041 = FACE_OUTER_BOUND ('', #3040, .T.);
#3042 = CARTESIAN_POINT ('', (82.4230970388558, 118.64429111657, -4.5));
#3043 = CARTESIAN_POINT ('', (82.4230970388558, 120.14429111657, -4.5));
#3044 = CARTESIAN_POINT ('', (80.9230970388558, 120.14429111657, -4.5));
#3045 = CARTESIAN_POINT ('', (82.4230970388558, 118.64429111657, -5.));
#3046 = CARTESIAN_POINT ('', (82.4230970388558, 120.14429111657, -5.));
#3047 = CARTESIAN_POINT ('', (80.9230970388558, 120.14429111657, -5.));
#3048 = (
   BOUNDED_SURFACE ()
   B_SPLINE_SURFACE (1, 2, ((#3042, #3043, #3044), (#3045, #3046, #3047)), .UNSPECIFIED., .F., .F., .U.)
   B_SPLINE_SURFACE_WITH_KNOTS ((2, 2), (3, 3), (0., 1.), (36.730970388566, 37.730970388566), .UNSPECIFIED.)
   GEOMETRIC_REPRESENTATION_ITEM ()
   RATIONAL_B_SPLINE_SURFACE (((1., 0.707106781186548, 1.), (1., 0.707106781186548, 1.)))
   REPRESENTATION_ITEM ('')
   SURFACE ()
);
#3049 = ADVANCED_FACE ('', (#3041), #3048, .T.);
#3050 = CARTESIAN_POINT ('', (71.5769029611444, 120.14429111657, -4.5));
#3051 = VERTEX_POINT ('', #3050);
#3052 = CARTESIAN_POINT ('', (71.5769029611444, 120.14429111657, -5.));
#3053 = VERTEX_POINT ('', #3052);
#3054 = CARTESIAN_POINT ('', (71.5769029611444, 120.14429111657, -4.5));
#3055 = CARTESIAN_POINT ('', (71.5769029611444, 120.14429111657, -5.));
#3056 = B_SPLINE_CURVE_WITH_KNOTS ('', 1, (#3054, #3055), .UNSPECIFIED., .F., .U., (2, 2), (0., 1.), .UNSPECIFIED.);
#3057 = EDGE_CURVE ('', #3051, #3053, #3056, .T.);
#3058 = ORIENTED_EDGE ('', *, *, #3057, .F.);
#3059 = CARTESIAN_POINT ('', (80.9230970388558, 120.14429111657, -4.5));
#3060 = CARTESIAN_POINT ('', (71.5769029611444, 120.14429111657, -4.5));
#3061 = B_SPLINE_CURVE_WITH_KNOTS ('', 1, (#3059, #3060), .UNSPECIFIED., .F., .U., (2, 2), (37.730970388566, 47.0771644662775), .UNSPECIFIED.);
#3062 = EDGE_CURVE ('', #3019, #3051, #3061, .T.);
#3063 = ORIENTED_EDGE ('', *, *, #3062, .F.);
#3064 = ORIENTED_EDGE ('', *, *, #3025, .T.);
#3065 = CARTESIAN_POINT ('', (80.9230970388558, 120.14429111657, -5.));
#3066 = CARTESIAN_POINT ('', (71.5769029611444, 120.14429111657, -5.));
#3067 = B_SPLINE_CURVE_WITH_KNOTS ('', 1, (#3065, #3066), .UNSPECIFIED., .F., .U., (2, 2), (37.730970388566, 47.0771644662775), .UNSPECIFIED.);
#3068 = EDGE_CURVE ('', #3021, #3053, #3067, .T.);
#3069 = ORIENTED_EDGE ('', *, *, #3068, .T.);
#3070 = EDGE_LOOP ('', (#3058, #3063, #3064, #3069));
#3071 = FACE_OUTER_BOUND ('', #3070, .T.);
#3072 = CARTESIAN_POINT ('', (80.9230970388558, 120.14429111657, -4.5));
#3073 = CARTESIAN_POINT ('', (71.5769029611444, 120.14429111657, -4.5));
#3074 = CARTESIAN_POINT ('', (80.9230970388558, 120.14429111657, -5.));
#3075 = CARTESIAN_POINT ('', (71.5769029611444, 120.14429111657, -5.));
#3076 = B_SPLINE_SURFACE_WITH_KNOTS ('', 1, 1, ((#3072, #3073), (#3074, #3075)), .UNSPECIFIED., .F., .F., .U., (2, 2), (2, 2), (0., 1.), (37.730970388566, 47.0771644662775), .UNSPECIFIED.);
#3077 = ADVANCED_FACE ('', (#3071), #3076, .T.);
#3078 = CARTESIAN_POINT ('', (70.0769029611444, 118.64429111657, -4.5));
#3079 = VERTEX_POINT ('', #3078);
#3080 = CARTESIAN_POINT ('', (70.0769029611444, 118.64429111657, -5.));
#3081 = VERTEX_POINT ('', #3080);
#3082 = CARTESIAN_POINT ('', (70.0769029611444, 118.64429111657, -4.5));
#3083 = CARTESIAN_POINT ('', (70.0769029611444, 118.64429111657, -5.));
#3084 = B_SPLINE_CURVE_WITH_KNOTS ('', 1, (#3082, #3083), .UNSPECIFIED., .F., .U., (2, 2), (0., 1.), .UNSPECIFIED.);
#3085 = EDGE_CURVE ('', #3079, #3081, #3084, .T.);
#3086 = ORIENTED_EDGE ('', *, *, #3085, .F.);
#3087 = CARTESIAN_POINT ('', (71.5769029611444, 120.14429111657, -4.5));
#3088 = CARTESIAN_POINT ('', (70.0769029611444, 120.14429111657, -4.5));
#3089 = CARTESIAN_POINT ('', (70.0769029611444, 118.64429111657, -4.5));
#3090 = (
   BOUNDED_CURVE ()
   B_SPLINE_CURVE (2, (#3087, #3088, #3089), .UNSPECIFIED., .F., .U.)
   B_SPLINE_CURVE_WITH_KNOTS ((3, 3), (0., 1.), .UNSPECIFIED.)
   CURVE ()
   GEOMETRIC_REPRESENTATION_ITEM ()
   RATIONAL_B_SPLINE_CURVE ((1., 0.707106781186548, 1.))
   REPRESENTATION_ITEM ('')
);
#3091 = EDGE_CURVE ('', #3051, #3079, #3090, .T.);
#3092 = ORIENTED_EDGE ('', *, *, #3091, .F.);
#3093 = ORIENTED_EDGE ('', *, *, #3057, .T.);
#3094 = CARTESIAN_POINT ('', (71.5769029611444, 120.14429111657, -5.));
#3095 = CARTESIAN_POINT ('', (70.0769029611444, 120.14429111657, -5.));
#3096 = CARTESIAN_POINT ('', (70.0769029611444, 118.64429111657, -5.));
#3097 = (
   BOUNDED_CURVE ()
   B_SPLINE_CURVE (2, (#3094, #3095, #3096), .UNSPECIFIED., .F., .U.)
   B_SPLINE_CURVE_WITH_KNOTS ((3, 3), (0., 1.), .UNSPECIFIED.)
   CURVE ()
   GEOMETRIC_REPRESENTATION_ITEM ()
   RATIONAL_B_SPLINE_CURVE ((1., 0.707106781186548, 1.))
   REPRESENTATION_ITEM ('')
);
#3098 = EDGE_CURVE ('', #3053, #3081, #3097, .T.);
#3099 = ORIENTED_EDGE ('', *, *, #3098, .T.);
#3100 = EDGE_LOOP ('', (#3086, #3092, #3093, #3099));
#3101 = FACE_OUTER_BOUND ('', #3100, .T.);
#3102 = CARTESIAN_POINT ('', (71.5769029611444, 120.14429111657, -4.5));
#3103 = CARTESIAN_POINT ('', (70.0769029611444, 120.14429111657, -4.5));
#3104 = CARTESIAN_POINT ('', (70.0769029611444, 118.64429111657, -4.5));
#3105 = CARTESIAN_POINT ('', (71.5769029611444, 120.14429111657, -5.));
#3106 = CARTESIAN_POINT ('', (70.0769029611444, 120.14429111657, -5.));
#3107 = CARTESIAN_POINT ('', (70.0769029611444, 118.64429111657, -5.));
#3108 = (
   BOUNDED_SURFACE ()
   B_SPLINE_SURFACE (1, 2, ((#3102, #3103, #3104), (#3105, #3106, #3107)), .UNSPECIFIED., .F., .F., .U.)
   B_SPLINE_SURFACE_WITH_KNOTS ((2, 2), (3, 3), (0., 1.), (0., 1.), .UNSPECIFIED.)
   GEOMETRIC_REPRESENTATION_ITEM ()
   RATIONAL_B_SPLINE_SURFACE (((1., 0.707106781186548, 1.), (1., 0.707106781186548, 1.)))
   REPRESENTATION_ITEM ('')
   SURFACE ()
);
#3109 = ADVANCED_FACE ('', (#3101), #3108, .T.);
#3110 = CARTESIAN_POINT ('', (70.0769029611444, 106.451902961143, -4.5));
#3111 = VERTEX_POINT ('', #3110);
#3112 = CARTESIAN_POINT ('', (70.0769029611444, 106.451902961143, -5.));
#3113 = VERTEX_POINT ('', #3112);
#3114 = CARTESIAN_POINT ('', (70.0769029611444, 106.451902961143, -4.5));
#3115 = CARTESIAN_POINT ('', (70.0769029611444, 106.451902961143, -5.));
#3116 = B_SPLINE_CURVE_WITH_KNOTS ('', 1, (#3114, #3115), .UNSPECIFIED., .F., .U., (2, 2), (0., 1.), .UNSPECIFIED.);
#3117 = EDGE_CURVE ('', #3111, #3113, #3116, .T.);
#3118 = ORIENTED_EDGE ('', *, *, #3117, .F.);
#3119 = CARTESIAN_POINT ('', (70.0769029611444, 118.64429111657, -4.5));
#3120 = CARTESIAN_POINT ('', (70.0769029611444, 106.451902961143, -4.5));
#3121 = B_SPLINE_CURVE_WITH_KNOTS ('', 1, (#3119, #3120), .UNSPECIFIED., .F., .U., (2, 2), (1., 13.1923881554273), .UNSPECIFIED.);
#3122 = EDGE_CURVE ('', #3079, #3111, #3121, .T.);
#3123 = ORIENTED_EDGE ('', *, *, #3122, .F.);
#3124 = ORIENTED_EDGE ('', *, *, #3085, .T.);
#3125 = CARTESIAN_POINT ('', (70.0769029611444, 118.64429111657, -5.));
#3126 = CARTESIAN_POINT ('', (70.0769029611444, 106.451902961143, -5.));
#3127 = B_SPLINE_CURVE_WITH_KNOTS ('', 1, (#3125, #3126), .UNSPECIFIED., .F., .U., (2, 2), (1., 13.1923881554273), .UNSPECIFIED.);
#3128 = EDGE_CURVE ('', #3081, #3113, #3127, .T.);
#3129 = ORIENTED_EDGE ('', *, *, #3128, .T.);
#3130 = EDGE_LOOP ('', (#3118, #3123, #3124, #3129));
#3131 = FACE_OUTER_BOUND ('', #3130, .T.);
#3132 = CARTESIAN_POINT ('', (70.0769029611444, 118.64429111657, -4.5));
#3133 = CARTESIAN_POINT ('', (70.0769029611444, 106.451902961143, -4.5));
#3134 = CARTESIAN_POINT ('', (70.0769029611444, 118.64429111657, -5.));
#3135 = CARTESIAN_POINT ('', (70.0769029611444, 106.451902961143, -5.));
#3136 = B_SPLINE_SURFACE_WITH_KNOTS ('', 1, 1, ((#3132, #3133), (#3134, #3135)), .UNSPECIFIED., .F., .F., .U., (2, 2), (2, 2), (0., 1.), (1., 13.1923881554273), .UNSPECIFIED.);
#3137 = ADVANCED_FACE ('', (#3131), #3136, .T.);
#3138 = ORIENTED_EDGE ('', *, *, #3038, .F.);
#3139 = ORIENTED_EDGE ('', *, *, #3008, .F.);
#3140 = ORIENTED_EDGE ('', *, *, #2978, .F.);
#3141 = ORIENTED_EDGE ('', *, *, #2948, .F.);
#3142 = CARTESIAN_POINT ('', (70.0769029611444, 106.451902961143, -5.));
#3143 = CARTESIAN_POINT ('', (70.0769029611444, 104.951902961143, -5.));
#3144 = CARTESIAN_POINT ('', (71.5769029611444, 104.951902961143, -5.));
#3145 = (
   BOUNDED_CURVE ()
   B_SPLINE_CURVE (2, (#3142, #3143, #3144), .UNSPECIFIED., .F., .U.)
   B_SPLINE_CURVE_WITH_KNOTS ((3, 3), (13.1923881554273, 14.1923881554273), .UNSPECIFIED.)
   CURVE ()
   GEOMETRIC_REPRESENTATION_ITEM ()
   RATIONAL_B_SPLINE_CURVE ((1., 0.707106781186548, 1.))
   REPRESENTATION_ITEM ('')
);
#3146 = EDGE_CURVE ('', #3113, #2939, #3145, .T.);
#3147 = ORIENTED_EDGE ('', *, *, #3146, .F.);
#3148 = ORIENTED_EDGE ('', *, *, #3128, .F.);
#3149 = ORIENTED_EDGE ('', *, *, #3098, .F.);
#3150 = ORIENTED_EDGE ('', *, *, #3068, .F.);
#3151 = EDGE_LOOP ('', (#3138, #3139, #3140, #3141, #3147, #3148, #3149, #3150));
#3152 = FACE_OUTER_BOUND ('', #3151, .T.);
#3153 = CARTESIAN_POINT ('', (71.5769029611444, 106.451902961143, -5.));
#3154 = VERTEX_POINT ('', #3153);
#3155 = CARTESIAN_POINT ('', (80.9230970388558, 106.451902961143, -5.));
#3156 = VERTEX_POINT ('', #3155);
#3157 = CARTESIAN_POINT ('', (71.5769029611444, 106.451902961143, -5.));
#3158 = CARTESIAN_POINT ('', (80.9230970388558, 106.451902961143, -5.));
#3159 = B_SPLINE_CURVE_WITH_KNOTS ('', 1, (#3157, #3158), .UNSPECIFIED., .F., .U., (2, 2), (0., 9.34619407771143), .UNSPECIFIED.);
#3160 = EDGE_CURVE ('', #3154, #3156, #3159, .T.);
#3161 = ORIENTED_EDGE ('', *, *, #3160, .T.);
#3162 = CARTESIAN_POINT ('', (80.9230970388558, 118.64429111657, -5.));
#3163 = VERTEX_POINT ('', #3162);
#3164 = CARTESIAN_POINT ('', (80.9230970388558, 106.451902961143, -5.));
#3165 = CARTESIAN_POINT ('', (80.9230970388558, 118.64429111657, -5.));
#3166 = B_SPLINE_CURVE_WITH_KNOTS ('', 1, (#3164, #3165), .UNSPECIFIED., .F., .U., (2, 2), (9.34619407771143, 21.5385822331387), .UNSPECIFIED.);
#3167 = EDGE_CURVE ('', #3156, #3163, #3166, .T.);
#3168 = ORIENTED_EDGE ('', *, *, #3167, .T.);
#3169 = CARTESIAN_POINT ('', (71.5769029611444, 118.64429111657, -5.));
#3170 = VERTEX_POINT ('', #3169);
#3171 = CARTESIAN_POINT ('', (80.9230970388558, 118.64429111657, -5.));
#3172 = CARTESIAN_POINT ('', (71.5769029611444, 118.64429111657, -5.));
#3173 = B_SPLINE_CURVE_WITH_KNOTS ('', 1, (#3171, #3172), .UNSPECIFIED., .F., .U., (2, 2), (21.5385822331387, 30.8847763108502), .UNSPECIFIED.);
#3174 = EDGE_CURVE ('', #3163, #3170, #3173, .T.);
#3175 = ORIENTED_EDGE ('', *, *, #3174, .T.);
#3176 = CARTESIAN_POINT ('', (71.5769029611444, 118.64429111657, -5.));
#3177 = CARTESIAN_POINT ('', (71.5769029611444, 106.451902961143, -5.));
#3178 = B_SPLINE_CURVE_WITH_KNOTS ('', 1, (#3176, #3177), .UNSPECIFIED., .F., .U., (2, 2), (30.8847763108502, 43.0771644662775), .UNSPECIFIED.);
#3179 = EDGE_CURVE ('', #3170, #3154, #3178, .T.);
#3180 = ORIENTED_EDGE ('', *, *, #3179, .T.);
#3181 = EDGE_LOOP ('', (#3161, #3168, #3175, #3180));
#3182 = FACE_BOUND ('', #3181, .T.);
#3183 = CARTESIAN_POINT ('', (82.4230970388558, 104.951902961143, -5.));
#3184 = CARTESIAN_POINT ('', (82.4230970388558, 120.14429111657, -5.));
#3185 = CARTESIAN_POINT ('', (70.0769029611444, 104.951902961143, -5.));
#3186 = CARTESIAN_POINT ('', (70.0769029611444, 120.14429111657, -5.));
#3187 = B_SPLINE_SURFACE_WITH_KNOTS ('', 1, 1, ((#3183, #3184), (#3185, #3186)), .UNSPECIFIED., .F., .F., .U., (2, 2), (2, 2), (0.349841473047055, 0.650158526952943), (0.31522511213114, 0.684774887868861), .UNSPECIFIED.);
#3188 = ADVANCED_FACE ('', (#3152, #3182), #3187, .T.);
#3189 = CARTESIAN_POINT ('', (71.5769029611444, 118.64429111657, -4.5));
#3190 = VERTEX_POINT ('', #3189);
#3191 = CARTESIAN_POINT ('', (71.5769029611444, 118.64429111657, -4.5));
#3192 = CARTESIAN_POINT ('', (71.5769029611444, 118.64429111657, -5.));
#3193 = B_SPLINE_CURVE_WITH_KNOTS ('', 1, (#3191, #3192), .UNSPECIFIED., .F., .U., (2, 2), (0., 1.), .UNSPECIFIED.);
#3194 = EDGE_CURVE ('', #3190, #3170, #3193, .T.);
#3195 = ORIENTED_EDGE ('', *, *, #3194, .T.);
#3196 = ORIENTED_EDGE ('', *, *, #3174, .F.);
#3197 = CARTESIAN_POINT ('', (80.9230970388558, 118.64429111657, -4.5));
#3198 = VERTEX_POINT ('', #3197);
#3199 = CARTESIAN_POINT ('', (80.9230970388558, 118.64429111657, -4.5));
#3200 = CARTESIAN_POINT ('', (80.9230970388558, 118.64429111657, -5.));
#3201 = B_SPLINE_CURVE_WITH_KNOTS ('', 1, (#3199, #3200), .UNSPECIFIED., .F., .U., (2, 2), (0., 1.), .UNSPECIFIED.);
#3202 = EDGE_CURVE ('', #3198, #3163, #3201, .T.);
#3203 = ORIENTED_EDGE ('', *, *, #3202, .F.);
#3204 = CARTESIAN_POINT ('', (80.9230970388558, 118.64429111657, -4.5));
#3205 = CARTESIAN_POINT ('', (71.5769029611444, 118.64429111657, -4.5));
#3206 = B_SPLINE_CURVE_WITH_KNOTS ('', 1, (#3204, #3205), .UNSPECIFIED., .F., .U., (2, 2), (21.5385822331387, 30.8847763108502), .UNSPECIFIED.);
#3207 = EDGE_CURVE ('', #3198, #3190, #3206, .T.);
#3208 = ORIENTED_EDGE ('', *, *, #3207, .T.);
#3209 = EDGE_LOOP ('', (#3195, #3196, #3203, #3208));
#3210 = FACE_OUTER_BOUND ('', #3209, .T.);
#3211 = CARTESIAN_POINT ('', (80.9230970388558, 118.64429111657, -4.5));
#3212 = CARTESIAN_POINT ('', (80.9230970388558, 118.64429111657, -5.));
#3213 = CARTESIAN_POINT ('', (71.5769029611444, 118.64429111657, -4.5));
#3214 = CARTESIAN_POINT ('', (71.5769029611444, 118.64429111657, -5.));
#3215 = B_SPLINE_SURFACE_WITH_KNOTS ('', 1, 1, ((#3211, #3212), (#3213, #3214)), .UNSPECIFIED., .F., .F., .U., (2, 2), (2, 2), (21.5385822331387, 30.8847763108502), (0., 1.), .UNSPECIFIED.);
#3216 = ADVANCED_FACE ('', (#3210), #3215, .T.);
#3217 = ORIENTED_EDGE ('', *, *, #3202, .T.);
#3218 = ORIENTED_EDGE ('', *, *, #3167, .F.);
#3219 = CARTESIAN_POINT ('', (80.9230970388558, 106.451902961143, -4.5));
#3220 = VERTEX_POINT ('', #3219);
#3221 = CARTESIAN_POINT ('', (80.9230970388558, 106.451902961143, -4.5));
#3222 = CARTESIAN_POINT ('', (80.9230970388558, 106.451902961143, -5.));
#3223 = B_SPLINE_CURVE_WITH_KNOTS ('', 1, (#3221, #3222), .UNSPECIFIED., .F., .U., (2, 2), (0., 1.), .UNSPECIFIED.);
#3224 = EDGE_CURVE ('', #3220, #3156, #3223, .T.);
#3225 = ORIENTED_EDGE ('', *, *, #3224, .F.);
#3226 = CARTESIAN_POINT ('', (80.9230970388558, 106.451902961143, -4.5));
#3227 = CARTESIAN_POINT ('', (80.9230970388558, 118.64429111657, -4.5));
#3228 = B_SPLINE_CURVE_WITH_KNOTS ('', 1, (#3226, #3227), .UNSPECIFIED., .F., .U., (2, 2), (9.34619407771143, 21.5385822331387), .UNSPECIFIED.);
#3229 = EDGE_CURVE ('', #3220, #3198, #3228, .T.);
#3230 = ORIENTED_EDGE ('', *, *, #3229, .T.);
#3231 = EDGE_LOOP ('', (#3217, #3218, #3225, #3230));
#3232 = FACE_OUTER_BOUND ('', #3231, .T.);
#3233 = CARTESIAN_POINT ('', (80.9230970388558, 106.451902961143, -4.5));
#3234 = CARTESIAN_POINT ('', (80.9230970388558, 106.451902961143, -5.));
#3235 = CARTESIAN_POINT ('', (80.9230970388558, 118.64429111657, -4.5));
#3236 = CARTESIAN_POINT ('', (80.9230970388558, 118.64429111657, -5.));
#3237 = B_SPLINE_SURFACE_WITH_KNOTS ('', 1, 1, ((#3233, #3234), (#3235, #3236)), .UNSPECIFIED., .F., .F., .U., (2, 2), (2, 2), (9.34619407771143, 21.5385822331387), (0., 1.), .UNSPECIFIED.);
#3238 = ADVANCED_FACE ('', (#3232), #3237, .T.);
#3239 = ORIENTED_EDGE ('', *, *, #3224, .T.);
#3240 = ORIENTED_EDGE ('', *, *, #3160, .F.);
#3241 = CARTESIAN_POINT ('', (71.5769029611444, 106.451902961143, -4.5));
#3242 = VERTEX_POINT ('', #3241);
#3243 = CARTESIAN_POINT ('', (71.5769029611444, 106.451902961143, -4.5));
#3244 = CARTESIAN_POINT ('', (71.5769029611444, 106.451902961143, -5.));
#3245 = B_SPLINE_CURVE_WITH_KNOTS ('', 1, (#3243, #3244), .UNSPECIFIED., .F., .U., (2, 2), (0., 1.), .UNSPECIFIED.);
#3246 = EDGE_CURVE ('', #3242, #3154, #3245, .T.);
#3247 = ORIENTED_EDGE ('', *, *, #3246, .F.);
#3248 = CARTESIAN_POINT ('', (71.5769029611444, 106.451902961143, -4.5));
#3249 = CARTESIAN_POINT ('', (80.9230970388558, 106.451902961143, -4.5));
#3250 = B_SPLINE_CURVE_WITH_KNOTS ('', 1, (#3248, #3249), .UNSPECIFIED., .F., .U., (2, 2), (0., 9.34619407771143), .UNSPECIFIED.);
#3251 = EDGE_CURVE ('', #3242, #3220, #3250, .T.);
#3252 = ORIENTED_EDGE ('', *, *, #3251, .T.);
#3253 = EDGE_LOOP ('', (#3239, #3240, #3247, #3252));
#3254 = FACE_OUTER_BOUND ('', #3253, .T.);
#3255 = CARTESIAN_POINT ('', (71.5769029611444, 106.451902961143, -4.5));
#3256 = CARTESIAN_POINT ('', (71.5769029611444, 106.451902961143, -5.));
#3257 = CARTESIAN_POINT ('', (80.9230970388558, 106.451902961143, -4.5));
#3258 = CARTESIAN_POINT ('', (80.9230970388558, 106.451902961143, -5.));
#3259 = B_SPLINE_SURFACE_WITH_KNOTS ('', 1, 1, ((#3255, #3256), (#3257, #3258)), .UNSPECIFIED., .F., .F., .U., (2, 2), (2, 2), (0., 9.34619407771143), (0., 1.), .UNSPECIFIED.);
#3260 = ADVANCED_FACE ('', (#3254), #3259, .T.);
#3261 = ORIENTED_EDGE ('', *, *, #3246, .T.);
#3262 = ORIENTED_EDGE ('', *, *, #3179, .F.);
#3263 = ORIENTED_EDGE ('', *, *, #3194, .F.);
#3264 = CARTESIAN_POINT ('', (71.5769029611444, 118.64429111657, -4.5));
#3265 = CARTESIAN_POINT ('', (71.5769029611444, 106.451902961143, -4.5));
#3266 = B_SPLINE_CURVE_WITH_KNOTS ('', 1, (#3264, #3265), .UNSPECIFIED., .F., .U., (2, 2), (30.8847763108502, 43.0771644662775), .UNSPECIFIED.);
#3267 = EDGE_CURVE ('', #3190, #3242, #3266, .T.);
#3268 = ORIENTED_EDGE ('', *, *, #3267, .T.);
#3269 = EDGE_LOOP ('', (#3261, #3262, #3263, #3268));
#3270 = FACE_OUTER_BOUND ('', #3269, .T.);
#3271 = CARTESIAN_POINT ('', (71.5769029611444, 118.64429111657, -4.5));
#3272 = CARTESIAN_POINT ('', (71.5769029611444, 118.64429111657, -5.));
#3273 = CARTESIAN_POINT ('', (71.5769029611444, 106.451902961143, -4.5));
#3274 = CARTESIAN_POINT ('', (71.5769029611444, 106.451902961143, -5.));
#3275 = B_SPLINE_SURFACE_WITH_KNOTS ('', 1, 1, ((#3271, #3272), (#3273, #3274)), .UNSPECIFIED., .F., .F., .U., (2, 2), (2, 2), (30.8847763108502, 43.0771644662775), (0., 1.), .UNSPECIFIED.);
#3276 = ADVANCED_FACE ('', (#3270), #3275, .T.);
#3277 = ORIENTED_EDGE ('', *, *, #2943, .F.);
#3278 = CARTESIAN_POINT ('', (70.0769029611444, 106.451902961143, -4.5));
#3279 = CARTESIAN_POINT ('', (70.0769029611444, 104.951902961143, -4.5));
#3280 = CARTESIAN_POINT ('', (71.5769029611444, 104.951902961143, -4.5));
#3281 = (
   BOUNDED_CURVE ()
   B_SPLINE_CURVE (2, (#3278, #3279, #3280), .UNSPECIFIED., .F., .U.)
   B_SPLINE_CURVE_WITH_KNOTS ((3, 3), (13.1923881554273, 14.1923881554273), .UNSPECIFIED.)
   CURVE ()
   GEOMETRIC_REPRESENTATION_ITEM ()
   RATIONAL_B_SPLINE_CURVE ((1., 0.707106781186548, 1.))
   REPRESENTATION_ITEM ('')
);
#3282 = EDGE_CURVE ('', #3111, #2932, #3281, .T.);
#3283 = ORIENTED_EDGE ('', *, *, #3282, .F.);
#3284 = ORIENTED_EDGE ('', *, *, #3117, .T.);
#3285 = ORIENTED_EDGE ('', *, *, #3146, .T.);
#3286 = EDGE_LOOP ('', (#3277, #3283, #3284, #3285));
#3287 = FACE_OUTER_BOUND ('', #3286, .T.);
#3288 = CARTESIAN_POINT ('', (70.0769029611444, 106.451902961143, -4.5));
#3289 = CARTESIAN_POINT ('', (70.0769029611444, 104.951902961143, -4.5));
#3290 = CARTESIAN_POINT ('', (71.5769029611444, 104.951902961143, -4.5));
#3291 = CARTESIAN_POINT ('', (70.0769029611444, 106.451902961143, -5.));
#3292 = CARTESIAN_POINT ('', (70.0769029611444, 104.951902961143, -5.));
#3293 = CARTESIAN_POINT ('', (71.5769029611444, 104.951902961143, -5.));
#3294 = (
   BOUNDED_SURFACE ()
   B_SPLINE_SURFACE (1, 2, ((#3288, #3289, #3290), (#3291, #3292, #3293)), .UNSPECIFIED., .F., .F., .U.)
   B_SPLINE_SURFACE_WITH_KNOTS ((2, 2), (3, 3), (0., 1.), (13.1923881554273, 14.1923881554273), .UNSPECIFIED.)
   GEOMETRIC_REPRESENTATION_ITEM ()
   RATIONAL_B_SPLINE_SURFACE (((1., 0.707106781186548, 1.), (1., 0.707106781186548, 1.)))
   REPRESENTATION_ITEM ('')
   SURFACE ()
);
#3295 = ADVANCED_FACE ('', (#3287), #3294, .T.);
#3296 = ORIENTED_EDGE ('', *, *, #3031, .T.);
#3297 = ORIENTED_EDGE ('', *, *, #3062, .T.);
#3298 = ORIENTED_EDGE ('', *, *, #3091, .T.);
#3299 = ORIENTED_EDGE ('', *, *, #3122, .T.);
#3300 = ORIENTED_EDGE ('', *, *, #3282, .T.);
#3301 = ORIENTED_EDGE ('', *, *, #2936, .T.);
#3302 = ORIENTED_EDGE ('', *, *, #2971, .T.);
#3303 = ORIENTED_EDGE ('', *, *, #3002, .T.);
#3304 = EDGE_LOOP ('', (#3296, #3297, #3298, #3299, #3300, #3301, #3302, #3303));
#3305 = FACE_OUTER_BOUND ('', #3304, .T.);
#3306 = ORIENTED_EDGE ('', *, *, #3251, .F.);
#3307 = ORIENTED_EDGE ('', *, *, #3267, .F.);
#3308 = ORIENTED_EDGE ('', *, *, #3207, .F.);
#3309 = ORIENTED_EDGE ('', *, *, #3229, .F.);
#3310 = EDGE_LOOP ('', (#3306, #3307, #3308, #3309));
#3311 = FACE_BOUND ('', #3310, .T.);
#3312 = CARTESIAN_POINT ('', (82.4230970388558, 104.951902961143, -4.5));
#3313 = CARTESIAN_POINT ('', (70.0769029611444, 104.951902961143, -4.5));
#3314 = CARTESIAN_POINT ('', (82.4230970388558, 120.14429111657, -4.5));
#3315 = CARTESIAN_POINT ('', (70.0769029611444, 120.14429111657, -4.5));
#3316 = B_SPLINE_SURFACE_WITH_KNOTS ('', 1, 1, ((#3312, #3313), (#3314, #3315)), .UNSPECIFIED., .F., .F., .U., (2, 2), (2, 2), (0.31522511213114, 0.684774887868861), (0.349841473047055, 0.650158526952943), .UNSPECIFIED.);
#3317 = ADVANCED_FACE ('', (#3305, #3311), #3316, .T.);
#3318 = CLOSED_SHELL ('', (#2957, #2989, #3017, #3049, #3077, #3109, #3137, #3188, #3216, #3238, #3260, #3276, #3295, #3317));
#3319 = MANIFOLD_SOLID_BREP ('', #3318);
#3320 = COLOUR_RGB ('', 0., 0.333333333333333, 1.);
#3321 = FILL_AREA_STYLE_COLOUR ('', #3320);
#3322 = FILL_AREA_STYLE ('', (#3321));
#3323 = SURFACE_STYLE_FILL_AREA (#3322);
#3324 = SURFACE_SIDE_STYLE ('', (#3323));
#3325 = SURFACE_STYLE_USAGE (.POSITIVE., #3324);
#3326 = PRESENTATION_STYLE_ASSIGNMENT ((#3325));
#3327 = STYLED_ITEM ('', (#3326), #3319);
#3328 = (
   LENGTH_UNIT ()
   NAMED_UNIT (*)
   SI_UNIT ($, .METRE.)
);
#3329 = (
   NAMED_UNIT (*)
   SI_UNIT ($, .STERADIAN.)
   SOLID_ANGLE_UNIT ()
);
#3330 = (
   NAMED_UNIT (*)
   PLANE_ANGLE_UNIT ()
   SI_UNIT ($, .RADIAN.)
);
#3331 = UNCERTAINTY_MEASURE_WITH_UNIT (LENGTH_MEASURE(0.001), #3328, 'DISTANCE_ACCURACY_VALUE', '');
#3332 = (
   GEOMETRIC_REPRESENTATION_CONTEXT (3)
   GLOBAL_UNCERTAINTY_ASSIGNED_CONTEXT ((#3331))
   GLOBAL_UNIT_ASSIGNED_CONTEXT ((#3328, #3329, #3330))
   REPRESENTATION_CONTEXT ('', '3D')
);
#3333 = SHAPE_REPRESENTATION ('', (#3461), #3332);
#3334 = APPLICATION_CONTEXT ('configuration controlled 3D designs of mechanical parts and assemblies');
#3335 = APPLICATION_PROTOCOL_DEFINITION ('International Standard', 'config_control_design', 1997, #3334);
#3336 = MECHANICAL_CONTEXT ('', #3334, 'mechanical');
#3337 = PRODUCT ('', '', '', (#3336));
#3338 = PERSON_AND_ORGANIZATION_ROLE ('design_owner');
#3339 = PERSON ('#3339', '', $, $, $, $);
#3340 = ORGANIZATION ($, '', '');
#3341 = PERSON_AND_ORGANIZATION (#3339, #3340);
#3342 = CC_DESIGN_PERSON_AND_ORGANIZATION_ASSIGNMENT (#3341, #3338, (#3337));
#3343 = PRODUCT_RELATED_PRODUCT_CATEGORY ('detail', $, (#3337));
#3344 = PRODUCT_DEFINITION_FORMATION_WITH_SPECIFIED_SOURCE ('', '', #3337, .NOT_KNOWN.);
#3345 = APPROVAL_STATUS ('approved');
#3346 = APPROVAL (#3345, '');
#3347 = CALENDAR_DATE (2026, 3, 2);
#3348 = COORDINATED_UNIVERSAL_TIME_OFFSET (0, $, .AHEAD.);
#3349 = LOCAL_TIME (21, 7, 11., #3348);
#3350 = DATE_AND_TIME (#3347, #3349);
#3351 = APPROVAL_DATE_TIME (#3350, #3346);
#3352 = APPROVAL_ROLE ('');
#3353 = PERSON ('#3353', '', $, $, $, $);
#3354 = ORGANIZATION ($, '', '');
#3355 = PERSON_AND_ORGANIZATION (#3353, #3354);
#3356 = APPROVAL_PERSON_ORGANIZATION (#3355, #3346, #3352);
#3357 = CC_DESIGN_APPROVAL (#3346, (#3344));
#3358 = PERSON_AND_ORGANIZATION_ROLE ('creator');
#3359 = PERSON ('#3359', '', $, $, $, $);
#3360 = ORGANIZATION ($, '', '');
#3361 = PERSON_AND_ORGANIZATION (#3359, #3360);
#3362 = CC_DESIGN_PERSON_AND_ORGANIZATION_ASSIGNMENT (#3361, #3358, (#3344));
#3363 = PERSON_AND_ORGANIZATION_ROLE ('part_supplier');
#3364 = PERSON ('#3364', '', $, $, $, $);
#3365 = ORGANIZATION ($, '', '');
#3366 = PERSON_AND_ORGANIZATION (#3364, #3365);
#3367 = CC_DESIGN_PERSON_AND_ORGANIZATION_ASSIGNMENT (#3366, #3363, (#3344));
#3368 = SECURITY_CLASSIFICATION_LEVEL ('unclassified');
#3369 = SECURITY_CLASSIFICATION ('', '', #3368);
#3370 = APPROVAL_STATUS ('approved');
#3371 = APPROVAL (#3370, '');
#3372 = CALENDAR_DATE (2026, 3, 2);
#3373 = COORDINATED_UNIVERSAL_TIME_OFFSET (0, $, .AHEAD.);
#3374 = LOCAL_TIME (21, 7, 11., #3373);
#3375 = DATE_AND_TIME (#3372, #3374);
#3376 = APPROVAL_DATE_TIME (#3375, #3371);
#3377 = APPROVAL_ROLE ('');
#3378 = PERSON ('#3378', '', $, $, $, $);
#3379 = ORGANIZATION ($, '', '');
#3380 = PERSON_AND_ORGANIZATION (#3378, #3379);
#3381 = APPROVAL_PERSON_ORGANIZATION (#3380, #3371, #3377);
#3382 = CC_DESIGN_APPROVAL (#3371, (#3369));
#3383 = DATE_TIME_ROLE ('classification_date');
#3384 = CALENDAR_DATE (2026, 3, 2);
#3385 = COORDINATED_UNIVERSAL_TIME_OFFSET (0, $, .AHEAD.);
#3386 = LOCAL_TIME (21, 7, 11., #3385);
#3387 = DATE_AND_TIME (#3384, #3386);
#3388 = CC_DESIGN_DATE_AND_TIME_ASSIGNMENT (#3387, #3383, (#3369));
#3389 = PERSON_AND_ORGANIZATION_ROLE ('classification_officer');
#3390 = PERSON ('#3390', '', $, $, $, $);
#3391 = ORGANIZATION ($, '', '');
#3392 = PERSON_AND_ORGANIZATION (#3390, #3391);
#3393 = CC_DESIGN_PERSON_AND_ORGANIZATION_ASSIGNMENT (#3392, #3389, (#3369));
#3394 = CC_DESIGN_SECURITY_CLASSIFICATION (#3369, (#3344));
#3395 = DESIGN_CONTEXT ('', #3334, 'design');
#3396 = APPROVAL_STATUS ('approved');
#3397 = APPROVAL (#3396, '');
#3398 = CALENDAR_DATE (2026, 3, 2);
#3399 = COORDINATED_UNIVERSAL_TIME_OFFSET (0, $, .AHEAD.);
#3400 = LOCAL_TIME (21, 7, 11., #3399);
#3401 = DATE_AND_TIME (#3398, #3400);
#3402 = APPROVAL_DATE_TIME (#3401, #3397);
#3403 = APPROVAL_ROLE ('');
#3404 = PERSON ('#3404', '', $, $, $, $);
#3405 = ORGANIZATION ($, '', '');
#3406 = PERSON_AND_ORGANIZATION (#3404, #3405);
#3407 = APPROVAL_PERSON_ORGANIZATION (#3406, #3397, #3403);
#3408 = CC_DESIGN_APPROVAL (#3397, (*));
#3409 = DATE_TIME_ROLE ('creation_date');
#3410 = CALENDAR_DATE (2026, 3, 2);
#3411 = COORDINATED_UNIVERSAL_TIME_OFFSET (0, $, .AHEAD.);
#3412 = LOCAL_TIME (21, 7, 11., #3411);
#3413 = DATE_AND_TIME (#3410, #3412);
#3414 = CC_DESIGN_DATE_AND_TIME_ASSIGNMENT (#3413, #3409, (*));
#3415 = PERSON_AND_ORGANIZATION_ROLE ('creator');
#3416 = PERSON ('#3416', '', $, $, $, $);
#3417 = ORGANIZATION ($, '', '');
#3418 = PERSON_AND_ORGANIZATION (#3416, #3417);
#3419 = CC_DESIGN_PERSON_AND_ORGANIZATION_ASSIGNMENT (#3418, #3415, (*));
#3420 = PRODUCT_DEFINITION ('', '', #3344, #3395);
#3421 = PRODUCT_DEFINITION_SHAPE ('', '', #3420);
#3422 = SHAPE_DEFINITION_REPRESENTATION (#3421, #3333);
#3423 = SHAPE_REPRESENTATION_RELATIONSHIP ('', '', #3333, #3424);
#3424 = ADVANCED_BREP_SHAPE_REPRESENTATION ('', (#3319), #3332);
#3425 = NEXT_ASSEMBLY_USAGE_OCCURRENCE ('#3425', '', '', #173, #3420, $);
#3426 = SECURITY_CLASSIFICATION_LEVEL ('unclassified');
#3427 = SECURITY_CLASSIFICATION ('', '', #3426);
#3428 = APPROVAL_STATUS ('approved');
#3429 = APPROVAL (#3428, '');
#3430 = CALENDAR_DATE (2026, 3, 2);
#3431 = COORDINATED_UNIVERSAL_TIME_OFFSET (0, $, .AHEAD.);
#3432 = LOCAL_TIME (21, 7, 11., #3431);
#3433 = DATE_AND_TIME (#3430, #3432);
#3434 = APPROVAL_DATE_TIME (#3433, #3429);
#3435 = APPROVAL_ROLE ('');
#3436 = PERSON ('#3436', '', $, $, $, $);
#3437 = ORGANIZATION ($, '', '');
#3438 = PERSON_AND_ORGANIZATION (#3436, #3437);
#3439 = APPROVAL_PERSON_ORGANIZATION (#3438, #3429, #3435);
#3440 = CC_DESIGN_APPROVAL (#3429, (#3427));
#3441 = DATE_TIME_ROLE ('classification_date');
#3442 = CALENDAR_DATE (2026, 3, 2);
#3443 = COORDINATED_UNIVERSAL_TIME_OFFSET (0, $, .AHEAD.);
#3444 = LOCAL_TIME (21, 7, 11., #3443);
#3445 = DATE_AND_TIME (#3442, #3444);
#3446 = CC_DESIGN_DATE_AND_TIME_ASSIGNMENT (#3445, #3441, (#3427));
#3447 = PERSON_AND_ORGANIZATION_ROLE ('classification_officer');
#3448 = PERSON ('#3448', '', $, $, $, $);
#3449 = ORGANIZATION ($, '', '');
#3450 = PERSON_AND_ORGANIZATION (#3448, #3449);
#3451 = CC_DESIGN_PERSON_AND_ORGANIZATION_ASSIGNMENT (#3450, #3447, (#3427));
#3452 = CC_DESIGN_SECURITY_CLASSIFICATION (#3427, (#3425));
#3453 = PRODUCT_DEFINITION_SHAPE ('', '', #3425);
#3454 = CARTESIAN_POINT ('', (0., 0., 0.));
#3455 = DIRECTION ('', (0., 0., 1.));
#3456 = DIRECTION ('', (1., 0., 0.));
#3457 = AXIS2_PLACEMENT_3D ('', #3454, #3455, #3456);
#3458 = CARTESIAN_POINT ('', (0., 0., 0.));
#3459 = DIRECTION ('', (0., 0., 1.));
#3460 = DIRECTION ('', (1., 0., 0.));
#3461 = AXIS2_PLACEMENT_3D ('', #3458, #3459, #3460);
#3462 = ITEM_DEFINED_TRANSFORMATION ('', '', #3457, #3461);
#3463 = (
   REPRESENTATION_RELATIONSHIP ('', '', #86, #3333)
   REPRESENTATION_RELATIONSHIP_WITH_TRANSFORMATION (#3462)
   SHAPE_REPRESENTATION_RELATIONSHIP ()
);
#3464 = CONTEXT_DEPENDENT_SHAPE_REPRESENTATION (#3463, #3453);
#3465 = CARTESIAN_POINT ('', (75.5000000000001, 114.846194077713, -3.50000000000011));
#3466 = VERTEX_POINT ('', #3465);
#3467 = CARTESIAN_POINT ('', (75.5000000000001, 116.346194077713, -3.50000000000011));
#3468 = VERTEX_POINT ('', #3467);
#3469 = CARTESIAN_POINT ('', (75.5000000000001, 114.846194077713, -3.50000000000011));
#3470 = CARTESIAN_POINT ('', (75.5000000000001, 116.346194077713, -3.50000000000011));
#3471 = B_SPLINE_CURVE_WITH_KNOTS ('', 1, (#3469, #3470), .UNSPECIFIED., .F., .U., (2, 2), (4.5, 6.), .UNSPECIFIED.);
#3472 = EDGE_CURVE ('', #3466, #3468, #3471, .T.);
#3473 = ORIENTED_EDGE ('', *, *, #3472, .T.);
#3474 = CARTESIAN_POINT ('', (77.0000000000001, 116.346194077713, -3.50000000000011));
#3475 = VERTEX_POINT ('', #3474);
#3476 = CARTESIAN_POINT ('', (75.5000000000001, 116.346194077713, -3.50000000000011));
#3477 = CARTESIAN_POINT ('', (77.0000000000001, 116.346194077713, -3.50000000000011));
#3478 = B_SPLINE_CURVE_WITH_KNOTS ('', 1, (#3476, #3477), .UNSPECIFIED., .F., .U., (2, 2), (0., 1.5), .UNSPECIFIED.);
#3479 = EDGE_CURVE ('', #3468, #3475, #3478, .T.);
#3480 = ORIENTED_EDGE ('', *, *, #3479, .T.);
#3481 = CARTESIAN_POINT ('', (77.0000000000001, 114.846194077713, -3.50000000000011));
#3482 = VERTEX_POINT ('', #3481);
#3483 = CARTESIAN_POINT ('', (77.0000000000001, 116.346194077713, -3.50000000000011));
#3484 = CARTESIAN_POINT ('', (77.0000000000001, 114.846194077713, -3.50000000000011));
#3485 = B_SPLINE_CURVE_WITH_KNOTS ('', 1, (#3483, #3484), .UNSPECIFIED., .F., .U., (2, 2), (1.5, 3.), .UNSPECIFIED.);
#3486 = EDGE_CURVE ('', #3475, #3482, #3485, .T.);
#3487 = ORIENTED_EDGE ('', *, *, #3486, .T.);
#3488 = CARTESIAN_POINT ('', (77.0000000000001, 114.846194077713, -3.50000000000011));
#3489 = CARTESIAN_POINT ('', (75.5000000000001, 114.846194077713, -3.50000000000011));
#3490 = B_SPLINE_CURVE_WITH_KNOTS ('', 1, (#3488, #3489), .UNSPECIFIED., .F., .U., (2, 2), (3., 4.5), .UNSPECIFIED.);
#3491 = EDGE_CURVE ('', #3482, #3466, #3490, .T.);
#3492 = ORIENTED_EDGE ('', *, *, #3491, .T.);
#3493 = EDGE_LOOP ('', (#3473, #3480, #3487, #3492));
#3494 = FACE_OUTER_BOUND ('', #3493, .T.);
#3495 = CARTESIAN_POINT ('', (75.5000000000001, 114.846194077713, -3.50000000000011));
#3496 = CARTESIAN_POINT ('', (77.0000000000001, 114.846194077713, -3.50000000000011));
#3497 = CARTESIAN_POINT ('', (75.5000000000001, 116.346194077713, -3.50000000000011));
#3498 = CARTESIAN_POINT ('', (77.0000000000001, 116.346194077713, -3.50000000000011));
#3499 = B_SPLINE_SURFACE_WITH_KNOTS ('', 1, 1, ((#3495, #3496), (#3497, #3498)), .UNSPECIFIED., .F., .F., .U., (2, 2), (2, 2), (0.331641242574628, 0.668358757425365), (0.331641242574635, 0.668358757425372), .UNSPECIFIED.);
#3500 = ADVANCED_FACE ('', (#3494), #3499, .T.);
#3501 = CARTESIAN_POINT ('', (78.1249999999998, 114.846194077713, -4.50000000000021));
#3502 = VERTEX_POINT ('', #3501);
#3503 = CARTESIAN_POINT ('', (77.1249999999999, 113.846194077713, -4.49999999999991));
#3504 = VERTEX_POINT ('', #3503);
#3505 = CARTESIAN_POINT ('', (78.1249999999998, 114.846194077713, -4.49999999999992));
#3506 = CARTESIAN_POINT ('', (78.1249999999998, 113.846194077713, -4.49999999999945));
#3507 = CARTESIAN_POINT ('', (77.1249999999998, 113.846194077713, -4.50000000000049));
#3508 = (
   BOUNDED_CURVE ()
   B_SPLINE_CURVE (2, (#3505, #3506, #3507), .UNSPECIFIED., .F., .U.)
   B_SPLINE_CURVE_WITH_KNOTS ((3, 3), (0., 1.), .UNSPECIFIED.)
   CURVE ()
   GEOMETRIC_REPRESENTATION_ITEM ()
   RATIONAL_B_SPLINE_CURVE ((1., 0.70710678118652, 1.))
   REPRESENTATION_ITEM ('')
);
#3509 = EDGE_CURVE ('', #3502, #3504, #3508, .T.);
#3510 = ORIENTED_EDGE ('', *, *, #3509, .F.);
#3511 = CARTESIAN_POINT ('', (77.8749999999999, 114.846194077713, -4.25000000000019));
#3512 = VERTEX_POINT ('', #3511);
#3513 = CARTESIAN_POINT ('', (77.8749999999999, 114.846194077713, -4.25000000000019));
#3514 = CARTESIAN_POINT ('', (78.1249999999998, 114.846194077713, -4.49999999999992));
#3515 = B_SPLINE_CURVE_WITH_KNOTS ('', 1, (#3513, #3514), .UNSPECIFIED., .F., .U., (2, 2), (0., 1.), .UNSPECIFIED.);
#3516 = EDGE_CURVE ('', #3512, #3502, #3515, .T.);
#3517 = ORIENTED_EDGE ('', *, *, #3516, .F.);
#3518 = CARTESIAN_POINT ('', (77.1249999999999, 114.096194077713, -4.25000000000046));
#3519 = VERTEX_POINT ('', #3518);
#3520 = CARTESIAN_POINT ('', (77.8749999999999, 114.846194077713, -4.25000000000019));
#3521 = CARTESIAN_POINT ('', (77.8749999999999, 114.096194077713, -4.24999999999988));
#3522 = CARTESIAN_POINT ('', (77.1249999999999, 114.096194077713, -4.25000000000046));
#3523 = (
   BOUNDED_CURVE ()
   B_SPLINE_CURVE (2, (#3520, #3521, #3522), .UNSPECIFIED., .F., .U.)
   B_SPLINE_CURVE_WITH_KNOTS ((3, 3), (9., 10.), .UNSPECIFIED.)
   CURVE ()
   GEOMETRIC_REPRESENTATION_ITEM ()
   RATIONAL_B_SPLINE_CURVE ((1., 0.707106781186508, 1.))
   REPRESENTATION_ITEM ('')
);
#3524 = EDGE_CURVE ('', #3512, #3519, #3523, .T.);
#3525 = ORIENTED_EDGE ('', *, *, #3524, .T.);
#3526 = CARTESIAN_POINT ('', (77.1249999999999, 114.096194077713, -4.25000000000046));
#3527 = CARTESIAN_POINT ('', (77.1249999999999, 113.846194077713, -4.50000000000041));
#3528 = B_SPLINE_CURVE_WITH_KNOTS ('', 1, (#3526, #3527), .UNSPECIFIED., .F., .U., (2, 2), (0., 1.), .UNSPECIFIED.);
#3529 = EDGE_CURVE ('', #3519, #3504, #3528, .T.);
#3530 = ORIENTED_EDGE ('', *, *, #3529, .T.);
#3531 = EDGE_LOOP ('', (#3510, #3517, #3525, #3530));
#3532 = FACE_OUTER_BOUND ('', #3531, .T.);
#3533 = CARTESIAN_POINT ('', (77.8749999999999, 114.846194077713, -4.25000000000019));
#3534 = CARTESIAN_POINT ('', (78.1249999999998, 114.846194077713, -4.49999999999992));
#3535 = CARTESIAN_POINT ('', (77.8750466126079, 114.787325271214, -4.25000000000016));
#3536 = CARTESIAN_POINT ('', (78.125062150144, 114.767702335715, -4.49999999999989));
#3537 = CARTESIAN_POINT ('', (77.8644367472275, 114.694369815374, -4.25000000000014));
#3538 = CARTESIAN_POINT ('', (78.11091566297, 114.643761727928, -4.49999999999981));
#3539 = CARTESIAN_POINT ('', (77.8245545843529, 114.5697399354, -4.25000000000011));
#3540 = CARTESIAN_POINT ('', (78.0577394458039, 114.477588554629, -4.49999999999981));
#3541 = CARTESIAN_POINT ('', (77.7813628108598, 114.478566186268, -4.25000000000009));
#3542 = CARTESIAN_POINT ('', (78.0001504144798, 114.356023555787, -4.49999999999979));
#3543 = CARTESIAN_POINT ('', (77.7251660581693, 114.392472241956, -4.25000000000008));
#3544 = CARTESIAN_POINT ('', (77.9252214108924, 114.241231630037, -4.49999999999982));
#3545 = CARTESIAN_POINT ('', (77.6570231553531, 114.31417092236, -4.25000000000016));
#3546 = CARTESIAN_POINT ('', (77.8343642071375, 114.136829870575, -4.49999999999989));
#3547 = CARTESIAN_POINT ('', (77.5787218357569, 114.246028019544, -4.25000000000016));
#3548 = CARTESIAN_POINT ('', (77.7299624476759, 114.045972666821, -4.49999999999996));
#3549 = CARTESIAN_POINT ('', (77.4926278914446, 114.189831266853, -4.25000000000022));
#3550 = CARTESIAN_POINT ('', (77.6151705219262, 113.971043663233, -4.50000000000004));
#3551 = CARTESIAN_POINT ('', (77.4014541423127, 114.14663949336, -4.25000000000031));
#3552 = CARTESIAN_POINT ('', (77.4936055230836, 113.913454631909, -4.50000000000014));
#3553 = CARTESIAN_POINT ('', (77.2768242623387, 114.106757330486, -4.25000000000028));
#3554 = CARTESIAN_POINT ('', (77.327432349785, 113.860278414743, -4.50000000000029));
#3555 = CARTESIAN_POINT ('', (77.1838688064987, 114.096147465105, -4.25000000000042));
#3556 = CARTESIAN_POINT ('', (77.2034917419982, 113.846131927569, -4.50000000000038));
#3557 = CARTESIAN_POINT ('', (77.1249999999999, 114.096194077713, -4.25000000000046));
#3558 = CARTESIAN_POINT ('', (77.1249999999998, 113.846194077713, -4.50000000000049));
#3559 = B_SPLINE_SURFACE_WITH_KNOTS ('', 3, 1, ((#3533, #3534), (#3535, #3536), (#3537, #3538), (#3539, #3540), (#3541, #3542), (#3543, #3544), (#3545, #3546), (#3547, #3548), (#3549, #3550), (#3551, #3552), (#3553, #3554), (#3555, #3556), (#3557, #3558)), .UNSPECIFIED., .F., .F., .U., (4, 1, 1, 1, 1, 1, 1, 1, 1, 1, 4), (2, 2), (0., 0.166666666666665, 0.250000000000001, 0.333333333333332, 0.416666666666667, 0.499999999999997, 0.583333333333334, 0.666666666666666, 0.749999999999987, 0.83333333333333, 1.), (0., 1.), .UNSPECIFIED.);
#3560 = ADVANCED_FACE ('', (#3532), #3559, .T.);
#3561 = CARTESIAN_POINT ('', (80.1249999999998, 116.346194077713, -4.50000000000035));
#3562 = VERTEX_POINT ('', #3561);
#3563 = CARTESIAN_POINT ('', (80.1249999999999, 114.846194077713, -4.49999999999964));
#3564 = VERTEX_POINT ('', #3563);
#3565 = CARTESIAN_POINT ('', (80.1249999999998, 116.346194077713, -4.50000000000036));
#3566 = CARTESIAN_POINT ('', (80.1249999999999, 114.846194077713, -4.49999999999964));
#3567 = B_SPLINE_CURVE_WITH_KNOTS ('', 1, (#3565, #3566), .UNSPECIFIED., .F., .U., (2, 2), (8., 9.), .UNSPECIFIED.);
#3568 = EDGE_CURVE ('', #3562, #3564, #3567, .T.);
#3569 = ORIENTED_EDGE ('', *, *, #3568, .F.);
#3570 = CARTESIAN_POINT ('', (78.6249999999998, 117.846194077713, -4.50000000000066));
#3571 = VERTEX_POINT ('', #3570);
#3572 = CARTESIAN_POINT ('', (78.6249999999998, 117.846194077713, -4.50000000000068));
#3573 = CARTESIAN_POINT ('', (80.1249999999998, 117.846194077713, -4.50000000000066));
#3574 = CARTESIAN_POINT ('', (80.1249999999998, 116.346194077713, -4.50000000000036));
#3575 = (
   BOUNDED_CURVE ()
   B_SPLINE_CURVE (2, (#3572, #3573, #3574), .UNSPECIFIED., .F., .U.)
   B_SPLINE_CURVE_WITH_KNOTS ((3, 3), (7., 8.), .UNSPECIFIED.)
   CURVE ()
   GEOMETRIC_REPRESENTATION_ITEM ()
   RATIONAL_B_SPLINE_CURVE ((1., 0.707106781186552, 1.))
   REPRESENTATION_ITEM ('')
);
#3576 = EDGE_CURVE ('', #3571, #3562, #3575, .T.);
#3577 = ORIENTED_EDGE ('', *, *, #3576, .F.);
#3578 = CARTESIAN_POINT ('', (73.875, 117.846194077713, -4.50000000000104));
#3579 = VERTEX_POINT ('', #3578);
#3580 = CARTESIAN_POINT ('', (73.875, 117.846194077713, -4.50000000000106));
#3581 = CARTESIAN_POINT ('', (78.6249999999998, 117.846194077713, -4.50000000000068));
#3582 = B_SPLINE_CURVE_WITH_KNOTS ('', 1, (#3580, #3581), .UNSPECIFIED., .F., .U., (2, 2), (0., 1.), .UNSPECIFIED.);
#3583 = EDGE_CURVE ('', #3579, #3571, #3582, .T.);
#3584 = ORIENTED_EDGE ('', *, *, #3583, .F.);
#3585 = CARTESIAN_POINT ('', (72.3749999999999, 116.346194077713, -4.50000000000036));
#3586 = VERTEX_POINT ('', #3585);
#3587 = CARTESIAN_POINT ('', (72.3749999999999, 116.346194077713, -4.50000000000036));
#3588 = CARTESIAN_POINT ('', (72.3749999999999, 117.846194077713, -4.50000000000065));
#3589 = CARTESIAN_POINT ('', (73.875, 117.846194077713, -4.50000000000106));
#3590 = (
   BOUNDED_CURVE ()
   B_SPLINE_CURVE (2, (#3587, #3588, #3589), .UNSPECIFIED., .F., .U.)
   B_SPLINE_CURVE_WITH_KNOTS ((3, 3), (13., 14.), .UNSPECIFIED.)
   CURVE ()
   GEOMETRIC_REPRESENTATION_ITEM ()
   RATIONAL_B_SPLINE_CURVE ((1., 0.707106781186508, 1.))
   REPRESENTATION_ITEM ('')
);
#3591 = EDGE_CURVE ('', #3586, #3579, #3590, .T.);
#3592 = ORIENTED_EDGE ('', *, *, #3591, .F.);
#3593 = CARTESIAN_POINT ('', (72.3749999999999, 114.846194077713, -4.49999999999996));
#3594 = VERTEX_POINT ('', #3593);
#3595 = CARTESIAN_POINT ('', (72.3749999999999, 114.846194077713, -4.49999999999996));
#3596 = CARTESIAN_POINT ('', (72.3749999999999, 116.346194077713, -4.50000000000036));
#3597 = B_SPLINE_CURVE_WITH_KNOTS ('', 1, (#3595, #3596), .UNSPECIFIED., .F., .U., (2, 2), (12., 13.), .UNSPECIFIED.);
#3598 = EDGE_CURVE ('', #3594, #3586, #3597, .T.);
#3599 = ORIENTED_EDGE ('', *, *, #3598, .F.);
#3600 = CARTESIAN_POINT ('', (73.875, 113.346194077713, -4.50000000000001));
#3601 = VERTEX_POINT ('', #3600);
#3602 = CARTESIAN_POINT ('', (73.875, 113.346194077713, -4.50000000000001));
#3603 = CARTESIAN_POINT ('', (72.375, 113.346194077713, -4.50000000000006));
#3604 = CARTESIAN_POINT ('', (72.3749999999999, 114.846194077713, -4.49999999999996));
#3605 = (
   BOUNDED_CURVE ()
   B_SPLINE_CURVE (2, (#3602, #3603, #3604), .UNSPECIFIED., .F., .U.)
   B_SPLINE_CURVE_WITH_KNOTS ((3, 3), (11., 12.), .UNSPECIFIED.)
   CURVE ()
   GEOMETRIC_REPRESENTATION_ITEM ()
   RATIONAL_B_SPLINE_CURVE ((1., 0.707106781186579, 1.))
   REPRESENTATION_ITEM ('')
);
#3606 = EDGE_CURVE ('', #3601, #3594, #3605, .T.);
#3607 = ORIENTED_EDGE ('', *, *, #3606, .F.);
#3608 = CARTESIAN_POINT ('', (78.6249999999998, 113.346194077713, -4.50000000000019));
#3609 = VERTEX_POINT ('', #3608);
#3610 = CARTESIAN_POINT ('', (78.6249999999998, 113.346194077713, -4.50000000000019));
#3611 = CARTESIAN_POINT ('', (73.875, 113.346194077713, -4.50000000000001));
#3612 = B_SPLINE_CURVE_WITH_KNOTS ('', 1, (#3610, #3611), .UNSPECIFIED., .F., .U., (2, 2), (0., 1.), .UNSPECIFIED.);
#3613 = EDGE_CURVE ('', #3609, #3601, #3612, .T.);
#3614 = ORIENTED_EDGE ('', *, *, #3613, .F.);
#3615 = CARTESIAN_POINT ('', (80.1249999999999, 114.846194077713, -4.49999999999964));
#3616 = CARTESIAN_POINT ('', (80.1249999999999, 113.346194077713, -4.49999999999897));
#3617 = CARTESIAN_POINT ('', (78.6249999999998, 113.346194077713, -4.50000000000019));
#3618 = (
   BOUNDED_CURVE ()
   B_SPLINE_CURVE (2, (#3615, #3616, #3617), .UNSPECIFIED., .F., .U.)
   B_SPLINE_CURVE_WITH_KNOTS ((3, 3), (9., 10.), .UNSPECIFIED.)
   CURVE ()
   GEOMETRIC_REPRESENTATION_ITEM ()
   RATIONAL_B_SPLINE_CURVE ((1., 0.707106781186508, 1.))
   REPRESENTATION_ITEM ('')
);
#3619 = EDGE_CURVE ('', #3564, #3609, #3618, .T.);
#3620 = ORIENTED_EDGE ('', *, *, #3619, .F.);
#3621 = EDGE_LOOP ('', (#3569, #3577, #3584, #3592, #3599, #3607, #3614, #3620));
#3622 = FACE_OUTER_BOUND ('', #3621, .T.);
#3623 = CARTESIAN_POINT ('', (74.375, 116.346194077713, -4.50000000000016));
#3624 = VERTEX_POINT ('', #3623);
#3625 = CARTESIAN_POINT ('', (75.3749999999998, 117.346194077712, -4.50000000000056));
#3626 = VERTEX_POINT ('', #3625);
#3627 = CARTESIAN_POINT ('', (74.375, 116.346194077713, -4.50000000000018));
#3628 = CARTESIAN_POINT ('', (74.3750000000001, 117.346194077713, -4.50000000000006));
#3629 = CARTESIAN_POINT ('', (75.3749999999997, 117.346194077713, -4.50000000000149));
#3630 = (
   BOUNDED_CURVE ()
   B_SPLINE_CURVE (2, (#3627, #3628, #3629), .UNSPECIFIED., .F., .U.)
   B_SPLINE_CURVE_WITH_KNOTS ((3, 3), (0., 1.), .UNSPECIFIED.)
   CURVE ()
   GEOMETRIC_REPRESENTATION_ITEM ()
   RATIONAL_B_SPLINE_CURVE ((1., 0.707106781186825, 1.))
   REPRESENTATION_ITEM ('')
);
#3631 = EDGE_CURVE ('', #3624, #3626, #3630, .T.);
#3632 = ORIENTED_EDGE ('', *, *, #3631, .T.);
#3633 = CARTESIAN_POINT ('', (77.1249999999998, 117.346194077713, -4.50000000000053));
#3634 = VERTEX_POINT ('', #3633);
#3635 = CARTESIAN_POINT ('', (77.1249999999998, 117.346194077713, -4.50000000000053));
#3636 = CARTESIAN_POINT ('', (76.5416666666665, 117.346194077713, -4.50000000000055));
#3637 = CARTESIAN_POINT ('', (75.9583333333332, 117.346194077713, -4.50000000000055));
#3638 = CARTESIAN_POINT ('', (75.3749999999998, 117.346194077713, -4.50000000000056));
#3639 = B_SPLINE_CURVE_WITH_KNOTS ('', 3, (#3635, #3636, #3637, #3638), .UNSPECIFIED., .F., .U., (4, 4), (0., 1.74999999999999), .UNSPECIFIED.);
#3640 = EDGE_CURVE ('', #3634, #3626, #3639, .T.);
#3641 = ORIENTED_EDGE ('', *, *, #3640, .F.);
#3642 = CARTESIAN_POINT ('', (78.1249999999998, 116.346194077713, -4.49999999999992));
#3643 = VERTEX_POINT ('', #3642);
#3644 = CARTESIAN_POINT ('', (77.1249999999998, 117.346194077713, -4.50000000000076));
#3645 = CARTESIAN_POINT ('', (78.1249999999998, 117.346194077713, -4.50000000000082));
#3646 = CARTESIAN_POINT ('', (78.1249999999998, 116.346194077713, -4.49999999999994));
#3647 = (
   BOUNDED_CURVE ()
   B_SPLINE_CURVE (2, (#3644, #3645, #3646), .UNSPECIFIED., .F., .U.)
   B_SPLINE_CURVE_WITH_KNOTS ((3, 3), (0., 1.), .UNSPECIFIED.)
   CURVE ()
   GEOMETRIC_REPRESENTATION_ITEM ()
   RATIONAL_B_SPLINE_CURVE ((1., 0.707106781186566, 1.))
   REPRESENTATION_ITEM ('')
);
#3648 = EDGE_CURVE ('', #3634, #3643, #3647, .T.);
#3649 = ORIENTED_EDGE ('', *, *, #3648, .T.);
#3650 = CARTESIAN_POINT ('', (78.1249999999998, 116.346194077713, -4.50000000000053));
#3651 = CARTESIAN_POINT ('', (78.1249999999999, 115.846194077713, -4.50000000000031));
#3652 = CARTESIAN_POINT ('', (78.1249999999998, 115.346194077713, -4.50000000000038));
#3653 = CARTESIAN_POINT ('', (78.1249999999998, 114.846194077713, -4.50000000000021));
#3654 = B_SPLINE_CURVE_WITH_KNOTS ('', 3, (#3650, #3651, #3652, #3653), .UNSPECIFIED., .F., .U., (4, 4), (0., 1.), .UNSPECIFIED.);
#3655 = EDGE_CURVE ('', #3643, #3502, #3654, .T.);
#3656 = ORIENTED_EDGE ('', *, *, #3655, .T.);
#3657 = ORIENTED_EDGE ('', *, *, #3509, .T.);
#3658 = CARTESIAN_POINT ('', (75.3749999999999, 113.846194077713, -4.49999999999984));
#3659 = VERTEX_POINT ('', #3658);
#3660 = CARTESIAN_POINT ('', (75.3749999999999, 113.846194077713, -4.49999999999984));
#3661 = CARTESIAN_POINT ('', (75.9583333333332, 113.846194077713, -4.49999999999982));
#3662 = CARTESIAN_POINT ('', (76.5416666666665, 113.846194077713, -4.49999999999992));
#3663 = CARTESIAN_POINT ('', (77.1249999999999, 113.846194077714, -4.49999999999991));
#3664 = B_SPLINE_CURVE_WITH_KNOTS ('', 3, (#3660, #3661, #3662, #3663), .UNSPECIFIED., .F., .U., (4, 4), (0., 1.74999999999996), .UNSPECIFIED.);
#3665 = EDGE_CURVE ('', #3659, #3504, #3664, .T.);
#3666 = ORIENTED_EDGE ('', *, *, #3665, .F.);
#3667 = CARTESIAN_POINT ('', (74.3749999999999, 114.846194077713, -4.49999999999986));
#3668 = VERTEX_POINT ('', #3667);
#3669 = CARTESIAN_POINT ('', (75.3749999999999, 113.846194077713, -4.49999999999974));
#3670 = CARTESIAN_POINT ('', (74.3749999999999, 113.846194077713, -4.49999999999967));
#3671 = CARTESIAN_POINT ('', (74.3749999999999, 114.846194077713, -4.49999999999986));
#3672 = (
   BOUNDED_CURVE ()
   B_SPLINE_CURVE (2, (#3669, #3670, #3671), .UNSPECIFIED., .F., .U.)
   B_SPLINE_CURVE_WITH_KNOTS ((3, 3), (0., 1.), .UNSPECIFIED.)
   CURVE ()
   GEOMETRIC_REPRESENTATION_ITEM ()
   RATIONAL_B_SPLINE_CURVE ((1., 0.707106781186548, 1.))
   REPRESENTATION_ITEM ('')
);
#3673 = EDGE_CURVE ('', #3659, #3668, #3672, .T.);
#3674 = ORIENTED_EDGE ('', *, *, #3673, .T.);
#3675 = CARTESIAN_POINT ('', (74.375, 114.846194077713, -4.49999999999958));
#3676 = CARTESIAN_POINT ('', (74.3749999999998, 116.346194077713, -4.5000000000005));
#3677 = B_SPLINE_CURVE_WITH_KNOTS ('', 1, (#3675, #3676), .UNSPECIFIED., .F., .U., (2, 2), (0., 1.), .UNSPECIFIED.);
#3678 = EDGE_CURVE ('', #3668, #3624, #3677, .T.);
#3679 = ORIENTED_EDGE ('', *, *, #3678, .T.);
#3680 = EDGE_LOOP ('', (#3632, #3641, #3649, #3656, #3657, #3666, #3674, #3679));
#3681 = FACE_BOUND ('', #3680, .T.);
#3682 = CARTESIAN_POINT ('', (72.3749999999999, 113.346194077713, -4.49999999999992));
#3683 = CARTESIAN_POINT ('', (72.3749999999999, 117.846194077713, -4.50000000000073));
#3684 = CARTESIAN_POINT ('', (80.1249999999999, 113.346194077713, -4.49999999999975));
#3685 = CARTESIAN_POINT ('', (80.1249999999999, 117.846194077713, -4.50000000000057));
#3686 = B_SPLINE_SURFACE_WITH_KNOTS ('', 1, 1, ((#3682, #3683), (#3684, #3685)), .UNSPECIFIED., .F., .F., .U., (2, 2), (2, 2), (0.214030755869478, 0.693222462250352), (0.360879827179745, 0.639120172820254), .UNSPECIFIED.);
#3687 = ADVANCED_FACE ('', (#3622, #3681), #3686, .T.);
#3688 = ORIENTED_EDGE ('', *, *, #3673, .F.);
#3689 = CARTESIAN_POINT ('', (75.3749999999999, 114.096194077713, -4.24999999999979));
#3690 = VERTEX_POINT ('', #3689);
#3691 = CARTESIAN_POINT ('', (75.3749999999999, 114.096194077713, -4.24999999999979));
#3692 = CARTESIAN_POINT ('', (75.3749999999999, 113.846194077713, -4.49999999999974));
#3693 = B_SPLINE_CURVE_WITH_KNOTS ('', 1, (#3691, #3692), .UNSPECIFIED., .F., .U., (2, 2), (0., 1.), .UNSPECIFIED.);
#3694 = EDGE_CURVE ('', #3690, #3659, #3693, .T.);
#3695 = ORIENTED_EDGE ('', *, *, #3694, .F.);
#3696 = CARTESIAN_POINT ('', (74.625, 114.846194077713, -4.24999999999959));
#3697 = VERTEX_POINT ('', #3696);
#3698 = CARTESIAN_POINT ('', (75.3749999999999, 114.096194077713, -4.24999999999979));
#3699 = CARTESIAN_POINT ('', (74.6249999999998, 114.096194077713, -4.24999999999982));
#3700 = CARTESIAN_POINT ('', (74.625, 114.846194077713, -4.24999999999959));
#3701 = (
   BOUNDED_CURVE ()
   B_SPLINE_CURVE (2, (#3698, #3699, #3700), .UNSPECIFIED., .F., .U.)
   B_SPLINE_CURVE_WITH_KNOTS ((3, 3), (11., 12.), .UNSPECIFIED.)
   CURVE ()
   GEOMETRIC_REPRESENTATION_ITEM ()
   RATIONAL_B_SPLINE_CURVE ((1., 0.707106781186481, 1.))
   REPRESENTATION_ITEM ('')
);
#3702 = EDGE_CURVE ('', #3690, #3697, #3701, .T.);
#3703 = ORIENTED_EDGE ('', *, *, #3702, .T.);
#3704 = CARTESIAN_POINT ('', (74.625, 114.846194077713, -4.24999999999959));
#3705 = CARTESIAN_POINT ('', (74.375, 114.846194077713, -4.49999999999958));
#3706 = B_SPLINE_CURVE_WITH_KNOTS ('', 1, (#3704, #3705), .UNSPECIFIED., .F., .U., (2, 2), (0., 1.), .UNSPECIFIED.);
#3707 = EDGE_CURVE ('', #3697, #3668, #3706, .T.);
#3708 = ORIENTED_EDGE ('', *, *, #3707, .T.);
#3709 = EDGE_LOOP ('', (#3688, #3695, #3703, #3708));
#3710 = FACE_OUTER_BOUND ('', #3709, .T.);
#3711 = CARTESIAN_POINT ('', (75.3749999999999, 114.096194077713, -4.24999999999979));
#3712 = CARTESIAN_POINT ('', (75.3749999999999, 113.846194077713, -4.49999999999974));
#3713 = CARTESIAN_POINT ('', (75.316131193501, 114.096147465105, -4.24999999999984));
#3714 = CARTESIAN_POINT ('', (75.2965082580015, 113.846131927569, -4.49999999999972));
#3715 = CARTESIAN_POINT ('', (75.2231757376611, 114.106757330486, -4.24999999999974));
#3716 = CARTESIAN_POINT ('', (75.1725676502147, 113.860278414743, -4.49999999999972));
#3717 = CARTESIAN_POINT ('', (75.0985458576871, 114.14663949336, -4.24999999999982));
#3718 = CARTESIAN_POINT ('', (75.0063944769161, 113.913454631909, -4.49999999999974));
#3719 = CARTESIAN_POINT ('', (75.0073721085551, 114.189831266853, -4.24999999999977));
#3720 = CARTESIAN_POINT ('', (74.8848294780735, 113.971043663233, -4.49999999999974));
#3721 = CARTESIAN_POINT ('', (74.9212781642428, 114.246028019544, -4.24999999999978));
#3722 = CARTESIAN_POINT ('', (74.7700375523238, 114.04597266682, -4.49999999999972));
#3723 = CARTESIAN_POINT ('', (74.8429768446467, 114.31417092236, -4.24999999999972));
#3724 = CARTESIAN_POINT ('', (74.6656357928622, 114.136829870575, -4.49999999999977));
#3725 = CARTESIAN_POINT ('', (74.7748339418305, 114.392472241956, -4.24999999999974));
#3726 = CARTESIAN_POINT ('', (74.5747785891073, 114.241231630037, -4.49999999999974));
#3727 = CARTESIAN_POINT ('', (74.71863718914, 114.478566186268, -4.24999999999969));
#3728 = CARTESIAN_POINT ('', (74.49984958552, 114.356023555787, -4.49999999999975));
#3729 = CARTESIAN_POINT ('', (74.6754454156469, 114.5697399354, -4.24999999999968));
#3730 = CARTESIAN_POINT ('', (74.4422605541959, 114.477588554629, -4.49999999999984));
#3731 = CARTESIAN_POINT ('', (74.6355632527724, 114.694369815374, -4.24999999999962));
#3732 = CARTESIAN_POINT ('', (74.3890843370297, 114.643761727928, -4.49999999999975));
#3733 = CARTESIAN_POINT ('', (74.6249533873918, 114.787325271214, -4.24999999999964));
#3734 = CARTESIAN_POINT ('', (74.3749378498557, 114.767702335715, -4.49999999999988));
#3735 = CARTESIAN_POINT ('', (74.625, 114.846194077713, -4.24999999999959));
#3736 = CARTESIAN_POINT ('', (74.3749999999999, 114.846194077713, -4.49999999999986));
#3737 = B_SPLINE_SURFACE_WITH_KNOTS ('', 3, 1, ((#3711, #3712), (#3713, #3714), (#3715, #3716), (#3717, #3718), (#3719, #3720), (#3721, #3722), (#3723, #3724), (#3725, #3726), (#3727, #3728), (#3729, #3730), (#3731, #3732), (#3733, #3734), (#3735, #3736)), .UNSPECIFIED., .F., .F., .U., (4, 1, 1, 1, 1, 1, 1, 1, 1, 1, 4), (2, 2), (0., 0.166666666666646, 0.249999999999999, 0.333333333333319, 0.41666666666666, 0.499999999999983, 0.583333333333317, 0.666666666666657, 0.749999999999988, 0.833333333333324, 1.), (0., 1.), .UNSPECIFIED.);
#3738 = ADVANCED_FACE ('', (#3710), #3737, .T.);
#3739 = CARTESIAN_POINT ('', (74.6250000000001, 114.846194077713, -2.99999999999959));
#3740 = VERTEX_POINT ('', #3739);
#3741 = CARTESIAN_POINT ('', (74.625, 114.846194077713, -4.24999999999959));
#3742 = CARTESIAN_POINT ('', (74.6250000000001, 114.846194077713, -2.99999999999959));
#3743 = B_SPLINE_CURVE_WITH_KNOTS ('', 1, (#3741, #3742), .UNSPECIFIED., .F., .U., (2, 2), (0., 1.), .UNSPECIFIED.);
#3744 = EDGE_CURVE ('', #3697, #3740, #3743, .T.);
#3745 = ORIENTED_EDGE ('', *, *, #3744, .F.);
#3746 = ORIENTED_EDGE ('', *, *, #3702, .F.);
#3747 = CARTESIAN_POINT ('', (75.375, 114.096194077713, -2.99999999999979));
#3748 = VERTEX_POINT ('', #3747);
#3749 = CARTESIAN_POINT ('', (75.3749999999999, 114.096194077713, -4.24999999999979));
#3750 = CARTESIAN_POINT ('', (75.375, 114.096194077713, -2.99999999999979));
#3751 = B_SPLINE_CURVE_WITH_KNOTS ('', 1, (#3749, #3750), .UNSPECIFIED., .F., .U., (2, 2), (0., 1.), .UNSPECIFIED.);
#3752 = EDGE_CURVE ('', #3690, #3748, #3751, .T.);
#3753 = ORIENTED_EDGE ('', *, *, #3752, .T.);
#3754 = CARTESIAN_POINT ('', (75.375, 114.096194077713, -2.99999999999979));
#3755 = CARTESIAN_POINT ('', (74.6249999999999, 114.096194077713, -2.99999999999981));
#3756 = CARTESIAN_POINT ('', (74.6250000000001, 114.846194077713, -2.99999999999959));
#3757 = (
   BOUNDED_CURVE ()
   B_SPLINE_CURVE (2, (#3754, #3755, #3756), .UNSPECIFIED., .F., .U.)
   B_SPLINE_CURVE_WITH_KNOTS ((3, 3), (11., 12.), .UNSPECIFIED.)
   CURVE ()
   GEOMETRIC_REPRESENTATION_ITEM ()
   RATIONAL_B_SPLINE_CURVE ((1., 0.707106781186481, 1.))
   REPRESENTATION_ITEM ('')
);
#3758 = EDGE_CURVE ('', #3748, #3740, #3757, .T.);
#3759 = ORIENTED_EDGE ('', *, *, #3758, .T.);
#3760 = EDGE_LOOP ('', (#3745, #3746, #3753, #3759));
#3761 = FACE_OUTER_BOUND ('', #3760, .T.);
#3762 = CARTESIAN_POINT ('', (75.3749999999999, 114.096194077713, -4.24999999999979));
#3763 = CARTESIAN_POINT ('', (74.6249999999998, 114.096194077713, -4.24999999999982));
#3764 = CARTESIAN_POINT ('', (74.625, 114.846194077713, -4.24999999999959));
#3765 = CARTESIAN_POINT ('', (75.375, 114.096194077713, -2.99999999999979));
#3766 = CARTESIAN_POINT ('', (74.6249999999999, 114.096194077713, -2.99999999999981));
#3767 = CARTESIAN_POINT ('', (74.6250000000001, 114.846194077713, -2.99999999999959));
#3768 = (
   BOUNDED_SURFACE ()
   B_SPLINE_SURFACE (1, 2, ((#3762, #3763, #3764), (#3765, #3766, #3767)), .UNSPECIFIED., .F., .F., .U.)
   B_SPLINE_SURFACE_WITH_KNOTS ((2, 2), (3, 3), (0., 1.), (11., 12.), .UNSPECIFIED.)
   GEOMETRIC_REPRESENTATION_ITEM ()
   RATIONAL_B_SPLINE_SURFACE (((1., 0.707106781186481, 1.), (1., 0.707106781186481, 1.)))
   REPRESENTATION_ITEM ('')
   SURFACE ()
);
#3769 = ADVANCED_FACE ('', (#3761), #3768, .T.);
#3770 = CARTESIAN_POINT ('', (74.6249999999999, 116.346194077713, -4.25000000000052));
#3771 = VERTEX_POINT ('', #3770);
#3772 = CARTESIAN_POINT ('', (74.6249999999999, 116.346194077713, -3.00000000000052));
#3773 = VERTEX_POINT ('', #3772);
#3774 = CARTESIAN_POINT ('', (74.6249999999999, 116.346194077713, -4.25000000000053));
#3775 = CARTESIAN_POINT ('', (74.6249999999999, 116.346194077713, -3.00000000000053));
#3776 = B_SPLINE_CURVE_WITH_KNOTS ('', 1, (#3774, #3775), .UNSPECIFIED., .F., .U., (2, 2), (0., 1.), .UNSPECIFIED.);
#3777 = EDGE_CURVE ('', #3771, #3773, #3776, .T.);
#3778 = ORIENTED_EDGE ('', *, *, #3777, .F.);
#3779 = CARTESIAN_POINT ('', (74.625, 114.846194077713, -4.24999999999959));
#3780 = CARTESIAN_POINT ('', (74.6249999999999, 116.346194077713, -4.25000000000053));
#3781 = B_SPLINE_CURVE_WITH_KNOTS ('', 1, (#3779, #3780), .UNSPECIFIED., .F., .U., (2, 2), (12., 13.), .UNSPECIFIED.);
#3782 = EDGE_CURVE ('', #3697, #3771, #3781, .T.);
#3783 = ORIENTED_EDGE ('', *, *, #3782, .F.);
#3784 = ORIENTED_EDGE ('', *, *, #3744, .T.);
#3785 = CARTESIAN_POINT ('', (74.6250000000001, 114.846194077713, -2.99999999999959));
#3786 = CARTESIAN_POINT ('', (74.6249999999999, 116.346194077713, -3.00000000000053));
#3787 = B_SPLINE_CURVE_WITH_KNOTS ('', 1, (#3785, #3786), .UNSPECIFIED., .F., .U., (2, 2), (12., 13.), .UNSPECIFIED.);
#3788 = EDGE_CURVE ('', #3740, #3773, #3787, .T.);
#3789 = ORIENTED_EDGE ('', *, *, #3788, .T.);
#3790 = EDGE_LOOP ('', (#3778, #3783, #3784, #3789));
#3791 = FACE_OUTER_BOUND ('', #3790, .T.);
#3792 = CARTESIAN_POINT ('', (74.625, 114.846194077713, -4.24999999999959));
#3793 = CARTESIAN_POINT ('', (74.6249999999999, 116.346194077713, -4.25000000000053));
#3794 = CARTESIAN_POINT ('', (74.6250000000001, 114.846194077713, -2.99999999999959));
#3795 = CARTESIAN_POINT ('', (74.6249999999999, 116.346194077713, -3.00000000000053));
#3796 = B_SPLINE_SURFACE_WITH_KNOTS ('', 1, 1, ((#3792, #3793), (#3794, #3795)), .UNSPECIFIED., .F., .F., .U., (2, 2), (2, 2), (0., 1.), (12., 13.), .UNSPECIFIED.);
#3797 = ADVANCED_FACE ('', (#3791), #3796, .T.);
#3798 = CARTESIAN_POINT ('', (75.3749999999999, 117.096194077713, -4.25000000000097));
#3799 = VERTEX_POINT ('', #3798);
#3800 = CARTESIAN_POINT ('', (75.3749999999999, 117.096194077713, -3.00000000000097));
#3801 = VERTEX_POINT ('', #3800);
#3802 = CARTESIAN_POINT ('', (75.3749999999999, 117.096194077713, -4.25000000000099));
#3803 = CARTESIAN_POINT ('', (75.3749999999999, 117.096194077713, -3.00000000000099));
#3804 = B_SPLINE_CURVE_WITH_KNOTS ('', 1, (#3802, #3803), .UNSPECIFIED., .F., .U., (2, 2), (0., 1.), .UNSPECIFIED.);
#3805 = EDGE_CURVE ('', #3799, #3801, #3804, .T.);
#3806 = ORIENTED_EDGE ('', *, *, #3805, .F.);
#3807 = CARTESIAN_POINT ('', (74.6249999999999, 116.346194077713, -4.25000000000053));
#3808 = CARTESIAN_POINT ('', (74.6249999999998, 117.096194077713, -4.2500000000006));
#3809 = CARTESIAN_POINT ('', (75.3749999999999, 117.096194077713, -4.25000000000099));
#3810 = (
   BOUNDED_CURVE ()
   B_SPLINE_CURVE (2, (#3807, #3808, #3809), .UNSPECIFIED., .F., .U.)
   B_SPLINE_CURVE_WITH_KNOTS ((3, 3), (13., 14.), .UNSPECIFIED.)
   CURVE ()
   GEOMETRIC_REPRESENTATION_ITEM ()
   RATIONAL_B_SPLINE_CURVE ((1., 0.707106781186508, 1.))
   REPRESENTATION_ITEM ('')
);
#3811 = EDGE_CURVE ('', #3771, #3799, #3810, .T.);
#3812 = ORIENTED_EDGE ('', *, *, #3811, .F.);
#3813 = ORIENTED_EDGE ('', *, *, #3777, .T.);
#3814 = CARTESIAN_POINT ('', (74.6249999999999, 116.346194077713, -3.00000000000053));
#3815 = CARTESIAN_POINT ('', (74.6249999999999, 117.096194077713, -3.0000000000006));
#3816 = CARTESIAN_POINT ('', (75.3749999999999, 117.096194077713, -3.00000000000099));
#3817 = (
   BOUNDED_CURVE ()
   B_SPLINE_CURVE (2, (#3814, #3815, #3816), .UNSPECIFIED., .F., .U.)
   B_SPLINE_CURVE_WITH_KNOTS ((3, 3), (13., 14.), .UNSPECIFIED.)
   CURVE ()
   GEOMETRIC_REPRESENTATION_ITEM ()
   RATIONAL_B_SPLINE_CURVE ((1., 0.707106781186508, 1.))
   REPRESENTATION_ITEM ('')
);
#3818 = EDGE_CURVE ('', #3773, #3801, #3817, .T.);
#3819 = ORIENTED_EDGE ('', *, *, #3818, .T.);
#3820 = EDGE_LOOP ('', (#3806, #3812, #3813, #3819));
#3821 = FACE_OUTER_BOUND ('', #3820, .T.);
#3822 = CARTESIAN_POINT ('', (74.6249999999999, 116.346194077713, -4.25000000000053));
#3823 = CARTESIAN_POINT ('', (74.6249999999998, 117.096194077713, -4.2500000000006));
#3824 = CARTESIAN_POINT ('', (75.3749999999999, 117.096194077713, -4.25000000000099));
#3825 = CARTESIAN_POINT ('', (74.6249999999999, 116.346194077713, -3.00000000000053));
#3826 = CARTESIAN_POINT ('', (74.6249999999999, 117.096194077713, -3.0000000000006));
#3827 = CARTESIAN_POINT ('', (75.3749999999999, 117.096194077713, -3.00000000000099));
#3828 = (
   BOUNDED_SURFACE ()
   B_SPLINE_SURFACE (1, 2, ((#3822, #3823, #3824), (#3825, #3826, #3827)), .UNSPECIFIED., .F., .F., .U.)
   B_SPLINE_SURFACE_WITH_KNOTS ((2, 2), (3, 3), (0., 1.), (13., 14.), .UNSPECIFIED.)
   GEOMETRIC_REPRESENTATION_ITEM ()
   RATIONAL_B_SPLINE_SURFACE (((1., 0.707106781186508, 1.), (1., 0.707106781186508, 1.)))
   REPRESENTATION_ITEM ('')
   SURFACE ()
);
#3829 = ADVANCED_FACE ('', (#3821), #3828, .T.);
#3830 = CARTESIAN_POINT ('', (77.1249999999998, 117.096194077713, -4.25000000000053));
#3831 = VERTEX_POINT ('', #3830);
#3832 = CARTESIAN_POINT ('', (77.1249999999999, 117.096194077713, -3.00000000000053));
#3833 = VERTEX_POINT ('', #3832);
#3834 = CARTESIAN_POINT ('', (77.1249999999998, 117.096194077713, -4.25000000000055));
#3835 = CARTESIAN_POINT ('', (77.1249999999999, 117.096194077713, -3.00000000000055));
#3836 = B_SPLINE_CURVE_WITH_KNOTS ('', 1, (#3834, #3835), .UNSPECIFIED., .F., .U., (2, 2), (0., 1.), .UNSPECIFIED.);
#3837 = EDGE_CURVE ('', #3831, #3833, #3836, .T.);
#3838 = ORIENTED_EDGE ('', *, *, #3837, .F.);
#3839 = CARTESIAN_POINT ('', (75.3749999999999, 117.096194077713, -4.25000000000099));
#3840 = CARTESIAN_POINT ('', (77.1249999999998, 117.096194077713, -4.25000000000055));
#3841 = B_SPLINE_CURVE_WITH_KNOTS ('', 1, (#3839, #3840), .UNSPECIFIED., .F., .U., (2, 2), (14., 15.), .UNSPECIFIED.);
#3842 = EDGE_CURVE ('', #3799, #3831, #3841, .T.);
#3843 = ORIENTED_EDGE ('', *, *, #3842, .F.);
#3844 = ORIENTED_EDGE ('', *, *, #3805, .T.);
#3845 = CARTESIAN_POINT ('', (75.3749999999999, 117.096194077713, -3.00000000000099));
#3846 = CARTESIAN_POINT ('', (77.1249999999999, 117.096194077713, -3.00000000000055));
#3847 = B_SPLINE_CURVE_WITH_KNOTS ('', 1, (#3845, #3846), .UNSPECIFIED., .F., .U., (2, 2), (14., 15.), .UNSPECIFIED.);
#3848 = EDGE_CURVE ('', #3801, #3833, #3847, .T.);
#3849 = ORIENTED_EDGE ('', *, *, #3848, .T.);
#3850 = EDGE_LOOP ('', (#3838, #3843, #3844, #3849));
#3851 = FACE_OUTER_BOUND ('', #3850, .T.);
#3852 = CARTESIAN_POINT ('', (75.3749999999999, 117.096194077713, -4.25000000000099));
#3853 = CARTESIAN_POINT ('', (77.1249999999998, 117.096194077713, -4.25000000000055));
#3854 = CARTESIAN_POINT ('', (75.3749999999999, 117.096194077713, -3.00000000000099));
#3855 = CARTESIAN_POINT ('', (77.1249999999999, 117.096194077713, -3.00000000000055));
#3856 = B_SPLINE_SURFACE_WITH_KNOTS ('', 1, 1, ((#3852, #3853), (#3854, #3855)), .UNSPECIFIED., .F., .F., .U., (2, 2), (2, 2), (0., 1.), (14., 15.), .UNSPECIFIED.);
#3857 = ADVANCED_FACE ('', (#3851), #3856, .T.);
#3858 = CARTESIAN_POINT ('', (77.8749999999998, 116.346194077713, -4.2500000000005));
#3859 = VERTEX_POINT ('', #3858);
#3860 = CARTESIAN_POINT ('', (77.8749999999999, 116.346194077713, -3.0000000000005));
#3861 = VERTEX_POINT ('', #3860);
#3862 = CARTESIAN_POINT ('', (77.8749999999998, 116.346194077713, -4.25000000000052));
#3863 = CARTESIAN_POINT ('', (77.8749999999999, 116.346194077713, -3.00000000000052));
#3864 = B_SPLINE_CURVE_WITH_KNOTS ('', 1, (#3862, #3863), .UNSPECIFIED., .F., .U., (2, 2), (0., 1.), .UNSPECIFIED.);
#3865 = EDGE_CURVE ('', #3859, #3861, #3864, .T.);
#3866 = ORIENTED_EDGE ('', *, *, #3865, .F.);
#3867 = CARTESIAN_POINT ('', (77.1249999999998, 117.096194077713, -4.25000000000055));
#3868 = CARTESIAN_POINT ('', (77.8749999999998, 117.096194077713, -4.25000000000046));
#3869 = CARTESIAN_POINT ('', (77.8749999999998, 116.346194077713, -4.25000000000052));
#3870 = (
   BOUNDED_CURVE ()
   B_SPLINE_CURVE (2, (#3867, #3868, #3869), .UNSPECIFIED., .F., .U.)
   B_SPLINE_CURVE_WITH_KNOTS ((3, 3), (15., 16.), .UNSPECIFIED.)
   CURVE ()
   GEOMETRIC_REPRESENTATION_ITEM ()
   RATIONAL_B_SPLINE_CURVE ((1., 0.707106781186552, 1.))
   REPRESENTATION_ITEM ('')
);
#3871 = EDGE_CURVE ('', #3831, #3859, #3870, .T.);
#3872 = ORIENTED_EDGE ('', *, *, #3871, .F.);
#3873 = ORIENTED_EDGE ('', *, *, #3837, .T.);
#3874 = CARTESIAN_POINT ('', (77.1249999999999, 117.096194077713, -3.00000000000055));
#3875 = CARTESIAN_POINT ('', (77.8749999999999, 117.096194077713, -3.00000000000046));
#3876 = CARTESIAN_POINT ('', (77.8749999999999, 116.346194077713, -3.00000000000052));
#3877 = (
   BOUNDED_CURVE ()
   B_SPLINE_CURVE (2, (#3874, #3875, #3876), .UNSPECIFIED., .F., .U.)
   B_SPLINE_CURVE_WITH_KNOTS ((3, 3), (15., 16.), .UNSPECIFIED.)
   CURVE ()
   GEOMETRIC_REPRESENTATION_ITEM ()
   RATIONAL_B_SPLINE_CURVE ((1., 0.707106781186552, 1.))
   REPRESENTATION_ITEM ('')
);
#3878 = EDGE_CURVE ('', #3833, #3861, #3877, .T.);
#3879 = ORIENTED_EDGE ('', *, *, #3878, .T.);
#3880 = EDGE_LOOP ('', (#3866, #3872, #3873, #3879));
#3881 = FACE_OUTER_BOUND ('', #3880, .T.);
#3882 = CARTESIAN_POINT ('', (77.1249999999998, 117.096194077713, -4.25000000000055));
#3883 = CARTESIAN_POINT ('', (77.8749999999998, 117.096194077713, -4.25000000000046));
#3884 = CARTESIAN_POINT ('', (77.8749999999998, 116.346194077713, -4.25000000000052));
#3885 = CARTESIAN_POINT ('', (77.1249999999999, 117.096194077713, -3.00000000000055));
#3886 = CARTESIAN_POINT ('', (77.8749999999999, 117.096194077713, -3.00000000000046));
#3887 = CARTESIAN_POINT ('', (77.8749999999999, 116.346194077713, -3.00000000000052));
#3888 = (
   BOUNDED_SURFACE ()
   B_SPLINE_SURFACE (1, 2, ((#3882, #3883, #3884), (#3885, #3886, #3887)), .UNSPECIFIED., .F., .F., .U.)
   B_SPLINE_SURFACE_WITH_KNOTS ((2, 2), (3, 3), (0., 1.), (15., 16.), .UNSPECIFIED.)
   GEOMETRIC_REPRESENTATION_ITEM ()
   RATIONAL_B_SPLINE_SURFACE (((1., 0.707106781186552, 1.), (1., 0.707106781186552, 1.)))
   REPRESENTATION_ITEM ('')
   SURFACE ()
);
#3889 = ADVANCED_FACE ('', (#3881), #3888, .T.);
#3890 = CARTESIAN_POINT ('', (77.8749999999999, 114.846194077713, -3.00000000000019));
#3891 = VERTEX_POINT ('', #3890);
#3892 = CARTESIAN_POINT ('', (77.8749999999999, 114.846194077713, -4.25000000000019));
#3893 = CARTESIAN_POINT ('', (77.8749999999999, 114.846194077713, -3.00000000000019));
#3894 = B_SPLINE_CURVE_WITH_KNOTS ('', 1, (#3892, #3893), .UNSPECIFIED., .F., .U., (2, 2), (0., 1.), .UNSPECIFIED.);
#3895 = EDGE_CURVE ('', #3512, #3891, #3894, .T.);
#3896 = ORIENTED_EDGE ('', *, *, #3895, .F.);
#3897 = CARTESIAN_POINT ('', (77.8749999999998, 116.346194077713, -4.25000000000052));
#3898 = CARTESIAN_POINT ('', (77.8749999999999, 114.846194077713, -4.25000000000019));
#3899 = B_SPLINE_CURVE_WITH_KNOTS ('', 1, (#3897, #3898), .UNSPECIFIED., .F., .U., (2, 2), (8., 9.), .UNSPECIFIED.);
#3900 = EDGE_CURVE ('', #3859, #3512, #3899, .T.);
#3901 = ORIENTED_EDGE ('', *, *, #3900, .F.);
#3902 = ORIENTED_EDGE ('', *, *, #3865, .T.);
#3903 = CARTESIAN_POINT ('', (77.8749999999999, 116.346194077713, -3.00000000000052));
#3904 = CARTESIAN_POINT ('', (77.8749999999999, 114.846194077713, -3.00000000000019));
#3905 = B_SPLINE_CURVE_WITH_KNOTS ('', 1, (#3903, #3904), .UNSPECIFIED., .F., .U., (2, 2), (8., 9.), .UNSPECIFIED.);
#3906 = EDGE_CURVE ('', #3861, #3891, #3905, .T.);
#3907 = ORIENTED_EDGE ('', *, *, #3906, .T.);
#3908 = EDGE_LOOP ('', (#3896, #3901, #3902, #3907));
#3909 = FACE_OUTER_BOUND ('', #3908, .T.);
#3910 = CARTESIAN_POINT ('', (77.8749999999998, 116.346194077713, -4.25000000000052));
#3911 = CARTESIAN_POINT ('', (77.8749999999999, 114.846194077713, -4.25000000000019));
#3912 = CARTESIAN_POINT ('', (77.8749999999999, 116.346194077714, -3.00000000000052));
#3913 = CARTESIAN_POINT ('', (77.8749999999999, 114.846194077713, -3.00000000000019));
#3914 = B_SPLINE_SURFACE_WITH_KNOTS ('', 1, 1, ((#3910, #3911), (#3912, #3913)), .UNSPECIFIED., .F., .F., .U., (2, 2), (2, 2), (0., 1.), (8., 9.), .UNSPECIFIED.);
#3915 = ADVANCED_FACE ('', (#3909), #3914, .T.);
#3916 = ORIENTED_EDGE ('', *, *, #3848, .F.);
#3917 = ORIENTED_EDGE ('', *, *, #3818, .F.);
#3918 = ORIENTED_EDGE ('', *, *, #3788, .F.);
#3919 = ORIENTED_EDGE ('', *, *, #3758, .F.);
#3920 = CARTESIAN_POINT ('', (77.1249999999999, 114.096194077713, -3.00000000000046));
#3921 = VERTEX_POINT ('', #3920);
#3922 = CARTESIAN_POINT ('', (77.1249999999999, 114.096194077714, -3.00000000000046));
#3923 = CARTESIAN_POINT ('', (75.375, 114.096194077713, -2.99999999999979));
#3924 = B_SPLINE_CURVE_WITH_KNOTS ('', 1, (#3922, #3923), .UNSPECIFIED., .F., .U., (2, 2), (10., 11.), .UNSPECIFIED.);
#3925 = EDGE_CURVE ('', #3921, #3748, #3924, .T.);
#3926 = ORIENTED_EDGE ('', *, *, #3925, .F.);
#3927 = CARTESIAN_POINT ('', (77.8749999999999, 114.846194077713, -3.00000000000019));
#3928 = CARTESIAN_POINT ('', (77.875, 114.096194077713, -2.99999999999985));
#3929 = CARTESIAN_POINT ('', (77.1249999999999, 114.096194077714, -3.00000000000046));
#3930 = (
   BOUNDED_CURVE ()
   B_SPLINE_CURVE (2, (#3927, #3928, #3929), .UNSPECIFIED., .F., .U.)
   B_SPLINE_CURVE_WITH_KNOTS ((3, 3), (9., 10.), .UNSPECIFIED.)
   CURVE ()
   GEOMETRIC_REPRESENTATION_ITEM ()
   RATIONAL_B_SPLINE_CURVE ((1., 0.707106781186508, 1.))
   REPRESENTATION_ITEM ('')
);
#3931 = EDGE_CURVE ('', #3891, #3921, #3930, .T.);
#3932 = ORIENTED_EDGE ('', *, *, #3931, .F.);
#3933 = ORIENTED_EDGE ('', *, *, #3906, .F.);
#3934 = ORIENTED_EDGE ('', *, *, #3878, .F.);
#3935 = EDGE_LOOP ('', (#3916, #3917, #3918, #3919, #3926, #3932, #3933, #3934));
#3936 = FACE_OUTER_BOUND ('', #3935, .T.);
#3937 = CARTESIAN_POINT ('', (74.6249999999999, 114.096194077713, -2.99999999999984));
#3938 = CARTESIAN_POINT ('', (74.6249999999999, 117.096194077713, -3.00000000000053));
#3939 = CARTESIAN_POINT ('', (77.8749999999999, 114.096194077713, -3.00000000000009));
#3940 = CARTESIAN_POINT ('', (77.8749999999999, 117.096194077713, -3.00000000000078));
#3941 = B_SPLINE_SURFACE_WITH_KNOTS ('', 1, 1, ((#3937, #3938), (#3939, #3940)), .UNSPECIFIED., .F., .F., .U., (2, 2), (2, 2), (0.325046798898217, 0.674953201101779), (0.338504737444505, 0.66149526255549), .UNSPECIFIED.);
#3942 = ADVANCED_FACE ('', (#3936), #3941, .T.);
#3943 = ORIENTED_EDGE ('', *, *, #3752, .F.);
#3944 = CARTESIAN_POINT ('', (77.1249999999999, 114.096194077713, -4.25000000000046));
#3945 = CARTESIAN_POINT ('', (75.3749999999999, 114.096194077713, -4.24999999999979));
#3946 = B_SPLINE_CURVE_WITH_KNOTS ('', 1, (#3944, #3945), .UNSPECIFIED., .F., .U., (2, 2), (10., 11.), .UNSPECIFIED.);
#3947 = EDGE_CURVE ('', #3519, #3690, #3946, .T.);
#3948 = ORIENTED_EDGE ('', *, *, #3947, .F.);
#3949 = CARTESIAN_POINT ('', (77.1249999999999, 114.096194077713, -4.25000000000046));
#3950 = CARTESIAN_POINT ('', (77.1249999999999, 114.096194077714, -3.00000000000046));
#3951 = B_SPLINE_CURVE_WITH_KNOTS ('', 1, (#3949, #3950), .UNSPECIFIED., .F., .U., (2, 2), (0., 1.), .UNSPECIFIED.);
#3952 = EDGE_CURVE ('', #3519, #3921, #3951, .T.);
#3953 = ORIENTED_EDGE ('', *, *, #3952, .T.);
#3954 = ORIENTED_EDGE ('', *, *, #3925, .T.);
#3955 = EDGE_LOOP ('', (#3943, #3948, #3953, #3954));
#3956 = FACE_OUTER_BOUND ('', #3955, .T.);
#3957 = CARTESIAN_POINT ('', (77.1249999999999, 114.096194077713, -4.25000000000046));
#3958 = CARTESIAN_POINT ('', (75.3749999999999, 114.096194077713, -4.24999999999979));
#3959 = CARTESIAN_POINT ('', (77.1249999999999, 114.096194077714, -3.00000000000046));
#3960 = CARTESIAN_POINT ('', (75.375, 114.096194077713, -2.99999999999979));
#3961 = B_SPLINE_SURFACE_WITH_KNOTS ('', 1, 1, ((#3957, #3958), (#3959, #3960)), .UNSPECIFIED., .F., .F., .U., (2, 2), (2, 2), (0., 1.), (10., 11.), .UNSPECIFIED.);
#3962 = ADVANCED_FACE ('', (#3956), #3961, .T.);
#3963 = ORIENTED_EDGE ('', *, *, #3648, .F.);
#3964 = CARTESIAN_POINT ('', (77.1249999999998, 117.096194077713, -4.25000000000055));
#3965 = CARTESIAN_POINT ('', (77.1249999999998, 117.346194077713, -4.50000000000059));
#3966 = B_SPLINE_CURVE_WITH_KNOTS ('', 1, (#3964, #3965), .UNSPECIFIED., .F., .U., (2, 2), (0., 1.), .UNSPECIFIED.);
#3967 = EDGE_CURVE ('', #3831, #3634, #3966, .T.);
#3968 = ORIENTED_EDGE ('', *, *, #3967, .F.);
#3969 = ORIENTED_EDGE ('', *, *, #3871, .T.);
#3970 = CARTESIAN_POINT ('', (77.8749999999998, 116.346194077713, -4.25000000000052));
#3971 = CARTESIAN_POINT ('', (78.1249999999998, 116.346194077713, -4.50000000000053));
#3972 = B_SPLINE_CURVE_WITH_KNOTS ('', 1, (#3970, #3971), .UNSPECIFIED., .F., .U., (2, 2), (0., 1.), .UNSPECIFIED.);
#3973 = EDGE_CURVE ('', #3859, #3643, #3972, .T.);
#3974 = ORIENTED_EDGE ('', *, *, #3973, .T.);
#3975 = EDGE_LOOP ('', (#3963, #3968, #3969, #3974));
#3976 = FACE_OUTER_BOUND ('', #3975, .T.);
#3977 = CARTESIAN_POINT ('', (77.1249999999998, 117.096194077713, -4.25000000000055));
#3978 = CARTESIAN_POINT ('', (77.1249999999998, 117.346194077713, -4.50000000000076));
#3979 = CARTESIAN_POINT ('', (77.1838688064987, 117.096240690321, -4.25000000000053));
#3980 = CARTESIAN_POINT ('', (77.2034917419982, 117.346256227857, -4.50000000000073));
#3981 = CARTESIAN_POINT ('', (77.2768242623386, 117.085630824941, -4.25000000000056));
#3982 = CARTESIAN_POINT ('', (77.3274323497849, 117.332109740683, -4.50000000000082));
#3983 = CARTESIAN_POINT ('', (77.4014541423127, 117.045748662066, -4.25000000000055));
#3984 = CARTESIAN_POINT ('', (77.4936055230836, 117.278933523517, -4.50000000000072));
#3985 = CARTESIAN_POINT ('', (77.4926278914446, 117.002556888573, -4.25000000000046));
#3986 = CARTESIAN_POINT ('', (77.6151705219261, 117.221344492193, -4.50000000000068));
#3987 = CARTESIAN_POINT ('', (77.5787218357569, 116.946360135883, -4.25000000000053));
#3988 = CARTESIAN_POINT ('', (77.7299624476759, 117.146415488606, -4.50000000000063));
#3989 = CARTESIAN_POINT ('', (77.6570231553531, 116.878217233066, -4.25000000000049));
#3990 = CARTESIAN_POINT ('', (77.8343642071375, 117.055558284851, -4.50000000000055));
#3991 = CARTESIAN_POINT ('', (77.7251660581693, 116.79991591347, -4.25000000000053));
#3992 = CARTESIAN_POINT ('', (77.9252214108924, 116.951156525389, -4.50000000000045));
#3993 = CARTESIAN_POINT ('', (77.7813628108598, 116.713821969158, -4.25000000000048));
#3994 = CARTESIAN_POINT ('', (78.0001504144798, 116.836364599639, -4.50000000000038));
#3995 = CARTESIAN_POINT ('', (77.8245545843528, 116.622648220026, -4.25000000000053));
#3996 = CARTESIAN_POINT ('', (78.0577394458038, 116.714799600797, -4.50000000000028));
#3997 = CARTESIAN_POINT ('', (77.8644367472274, 116.498018340052, -4.25000000000046));
#3998 = CARTESIAN_POINT ('', (78.11091566297, 116.548626427498, -4.50000000000011));
#3999 = CARTESIAN_POINT ('', (77.8750466126079, 116.405062884212, -4.25000000000056));
#4000 = CARTESIAN_POINT ('', (78.125062150144, 116.424685819712, -4.50000000000002));
#4001 = CARTESIAN_POINT ('', (77.8749999999998, 116.346194077713, -4.25000000000052));
#4002 = CARTESIAN_POINT ('', (78.1249999999998, 116.346194077713, -4.49999999999994));
#4003 = B_SPLINE_SURFACE_WITH_KNOTS ('', 3, 1, ((#3977, #3978), (#3979, #3980), (#3981, #3982), (#3983, #3984), (#3985, #3986), (#3987, #3988), (#3989, #3990), (#3991, #3992), (#3993, #3994), (#3995, #3996), (#3997, #3998), (#3999, #4000), (#4001, #4002)), .UNSPECIFIED., .F., .F., .U., (4, 1, 1, 1, 1, 1, 1, 1, 1, 1, 4), (2, 2), (0., 0.166666666666666, 0.249999999999998, 0.333333333333332, 0.416666666666664, 0.499999999999987, 0.58333333333332, 0.666666666666663, 0.749999999999995, 0.833333333333326, 1.), (0., 1.), .UNSPECIFIED.);
#4004 = ADVANCED_FACE ('', (#3976), #4003, .T.);
#4005 = ORIENTED_EDGE ('', *, *, #3640, .T.);
#4006 = CARTESIAN_POINT ('', (75.3749999999999, 117.096194077713, -4.25000000000099));
#4007 = CARTESIAN_POINT ('', (75.3749999999997, 117.346194077713, -4.50000000000149));
#4008 = B_SPLINE_CURVE_WITH_KNOTS ('', 1, (#4006, #4007), .UNSPECIFIED., .F., .U., (2, 2), (0., 1.), .UNSPECIFIED.);
#4009 = EDGE_CURVE ('', #3799, #3626, #4008, .T.);
#4010 = ORIENTED_EDGE ('', *, *, #4009, .F.);
#4011 = ORIENTED_EDGE ('', *, *, #3842, .T.);
#4012 = ORIENTED_EDGE ('', *, *, #3967, .T.);
#4013 = EDGE_LOOP ('', (#4005, #4010, #4011, #4012));
#4014 = FACE_OUTER_BOUND ('', #4013, .T.);
#4015 = CARTESIAN_POINT ('', (75.3749999999999, 117.096194077713, -4.25000000000099));
#4016 = CARTESIAN_POINT ('', (75.3749999999998, 117.346194077713, -4.50000000000103));
#4017 = CARTESIAN_POINT ('', (75.9583333333332, 117.096194077713, -4.2500000000008));
#4018 = CARTESIAN_POINT ('', (75.9583333333332, 117.346194077713, -4.50000000000089));
#4019 = CARTESIAN_POINT ('', (76.5416666666665, 117.096194077713, -4.25000000000075));
#4020 = CARTESIAN_POINT ('', (76.5416666666665, 117.346194077713, -4.50000000000073));
#4021 = CARTESIAN_POINT ('', (77.1249999999998, 117.096194077713, -4.25000000000055));
#4022 = CARTESIAN_POINT ('', (77.1249999999998, 117.346194077713, -4.50000000000059));
#4023 = B_SPLINE_SURFACE_WITH_KNOTS ('', 3, 1, ((#4015, #4016), (#4017, #4018), (#4019, #4020), (#4021, #4022)), .UNSPECIFIED., .F., .F., .U., (4, 4), (2, 2), (0., 1.), (0., 1.), .UNSPECIFIED.);
#4024 = ADVANCED_FACE ('', (#4014), #4023, .T.);
#4025 = ORIENTED_EDGE ('', *, *, #3631, .F.);
#4026 = CARTESIAN_POINT ('', (74.6249999999999, 116.346194077713, -4.25000000000053));
#4027 = CARTESIAN_POINT ('', (74.375, 116.346194077713, -4.50000000000018));
#4028 = B_SPLINE_CURVE_WITH_KNOTS ('', 1, (#4026, #4027), .UNSPECIFIED., .F., .U., (2, 2), (0., 1.), .UNSPECIFIED.);
#4029 = EDGE_CURVE ('', #3771, #3624, #4028, .T.);
#4030 = ORIENTED_EDGE ('', *, *, #4029, .F.);
#4031 = ORIENTED_EDGE ('', *, *, #3811, .T.);
#4032 = ORIENTED_EDGE ('', *, *, #4009, .T.);
#4033 = EDGE_LOOP ('', (#4025, #4030, #4031, #4032));
#4034 = FACE_OUTER_BOUND ('', #4033, .T.);
#4035 = CARTESIAN_POINT ('', (74.6249999999999, 116.346194077713, -4.25000000000053));
#4036 = CARTESIAN_POINT ('', (74.375, 116.346194077713, -4.50000000000018));
#4037 = CARTESIAN_POINT ('', (74.6249533873918, 116.405062884212, -4.2500000000005));
#4038 = CARTESIAN_POINT ('', (74.3749378498559, 116.424685819712, -4.50000000000014));
#4039 = CARTESIAN_POINT ('', (74.6355632527722, 116.498018340052, -4.2500000000006));
#4040 = CARTESIAN_POINT ('', (74.3890843370298, 116.548626427498, -4.50000000000023));
#4041 = CARTESIAN_POINT ('', (74.6754454156469, 116.622648220026, -4.25000000000056));
#4042 = CARTESIAN_POINT ('', (74.442260554196, 116.714799600797, -4.50000000000022));
#4043 = CARTESIAN_POINT ('', (74.7186371891399, 116.713821969158, -4.25000000000059));
#4044 = CARTESIAN_POINT ('', (74.4998495855201, 116.836364599639, -4.50000000000033));
#4045 = CARTESIAN_POINT ('', (74.7748339418304, 116.79991591347, -4.25000000000066));
#4046 = CARTESIAN_POINT ('', (74.5747785891073, 116.951156525389, -4.50000000000039));
#4047 = CARTESIAN_POINT ('', (74.8429768446466, 116.878217233066, -4.2500000000007));
#4048 = CARTESIAN_POINT ('', (74.6656357928623, 117.055558284851, -4.50000000000049));
#4049 = CARTESIAN_POINT ('', (74.9212781642428, 116.946360135883, -4.25000000000068));
#4050 = CARTESIAN_POINT ('', (74.7700375523237, 117.146415488606, -4.5000000000006));
#4051 = CARTESIAN_POINT ('', (75.0073721085551, 117.002556888573, -4.25000000000082));
#4052 = CARTESIAN_POINT ('', (74.8848294780735, 117.221344492193, -4.50000000000085));
#4053 = CARTESIAN_POINT ('', (75.098545857687, 117.045748662066, -4.25000000000083));
#4054 = CARTESIAN_POINT ('', (75.0063944769159, 117.278933523517, -4.50000000000096));
#4055 = CARTESIAN_POINT ('', (75.2231757376611, 117.085630824941, -4.25000000000092));
#4056 = CARTESIAN_POINT ('', (75.1725676502147, 117.332109740683, -4.50000000000114));
#4057 = CARTESIAN_POINT ('', (75.316131193501, 117.096240690321, -4.25000000000096));
#4058 = CARTESIAN_POINT ('', (75.2965082580012, 117.346256227857, -4.50000000000141));
#4059 = CARTESIAN_POINT ('', (75.3749999999999, 117.096194077713, -4.25000000000099));
#4060 = CARTESIAN_POINT ('', (75.3749999999997, 117.346194077713, -4.50000000000149));
#4061 = B_SPLINE_SURFACE_WITH_KNOTS ('', 3, 1, ((#4035, #4036), (#4037, #4038), (#4039, #4040), (#4041, #4042), (#4043, #4044), (#4045, #4046), (#4047, #4048), (#4049, #4050), (#4051, #4052), (#4053, #4054), (#4055, #4056), (#4057, #4058), (#4059, #4060)), .UNSPECIFIED., .F., .F., .U., (4, 1, 1, 1, 1, 1, 1, 1, 1, 1, 4), (2, 2), (0., 0.166666666666646, 0.249999999999972, 0.333333333333298, 0.416666666666629, 0.499999999999958, 0.583333333333297, 0.666666666666621, 0.74999999999998, 0.833333333333309, 1.), (0., 1.), .UNSPECIFIED.);
#4062 = ADVANCED_FACE ('', (#4034), #4061, .T.);
#4063 = ORIENTED_EDGE ('', *, *, #3678, .F.);
#4064 = ORIENTED_EDGE ('', *, *, #3707, .F.);
#4065 = ORIENTED_EDGE ('', *, *, #3782, .T.);
#4066 = ORIENTED_EDGE ('', *, *, #4029, .T.);
#4067 = EDGE_LOOP ('', (#4063, #4064, #4065, #4066));
#4068 = FACE_OUTER_BOUND ('', #4067, .T.);
#4069 = CARTESIAN_POINT ('', (74.625, 114.846194077713, -4.24999999999959));
#4070 = CARTESIAN_POINT ('', (74.375, 114.846194077713, -4.49999999999958));
#4071 = CARTESIAN_POINT ('', (74.6249999999999, 115.346194077713, -4.24999999999992));
#4072 = CARTESIAN_POINT ('', (74.3749999999999, 115.346194077713, -4.49999999999989));
#4073 = CARTESIAN_POINT ('', (74.6249999999999, 115.846194077713, -4.25000000000021));
#4074 = CARTESIAN_POINT ('', (74.3749999999999, 115.846194077713, -4.50000000000021));
#4075 = CARTESIAN_POINT ('', (74.6249999999999, 116.346194077713, -4.25000000000053));
#4076 = CARTESIAN_POINT ('', (74.3749999999998, 116.346194077713, -4.5000000000005));
#4077 = B_SPLINE_SURFACE_WITH_KNOTS ('', 3, 1, ((#4069, #4070), (#4071, #4072), (#4073, #4074), (#4075, #4076)), .UNSPECIFIED., .F., .F., .U., (4, 4), (2, 2), (0., 1.), (0., 1.), .UNSPECIFIED.);
#4078 = ADVANCED_FACE ('', (#4068), #4077, .T.);
#4079 = CARTESIAN_POINT ('', (73.875, 113.346194077713, -5.00000000000001));
#4080 = VERTEX_POINT ('', #4079);
#4081 = CARTESIAN_POINT ('', (73.875, 113.346194077713, -4.50000000000001));
#4082 = CARTESIAN_POINT ('', (73.875, 113.346194077713, -5.00000000000001));
#4083 = B_SPLINE_CURVE_WITH_KNOTS ('', 1, (#4081, #4082), .UNSPECIFIED., .F., .U., (2, 2), (0., 1.), .UNSPECIFIED.);
#4084 = EDGE_CURVE ('', #3601, #4080, #4083, .T.);
#4085 = ORIENTED_EDGE ('', *, *, #4084, .T.);
#4086 = CARTESIAN_POINT ('', (78.6249999999998, 113.346194077713, -5.00000000000019));
#4087 = VERTEX_POINT ('', #4086);
#4088 = CARTESIAN_POINT ('', (78.6249999999998, 113.346194077713, -5.00000000000019));
#4089 = CARTESIAN_POINT ('', (73.875, 113.346194077713, -5.00000000000001));
#4090 = B_SPLINE_CURVE_WITH_KNOTS ('', 1, (#4088, #4089), .UNSPECIFIED., .F., .U., (2, 2), (0., 1.), .UNSPECIFIED.);
#4091 = EDGE_CURVE ('', #4087, #4080, #4090, .T.);
#4092 = ORIENTED_EDGE ('', *, *, #4091, .F.);
#4093 = CARTESIAN_POINT ('', (78.6249999999998, 113.346194077713, -4.50000000000019));
#4094 = CARTESIAN_POINT ('', (78.6249999999998, 113.346194077713, -5.00000000000019));
#4095 = B_SPLINE_CURVE_WITH_KNOTS ('', 1, (#4093, #4094), .UNSPECIFIED., .F., .U., (2, 2), (0., 1.), .UNSPECIFIED.);
#4096 = EDGE_CURVE ('', #3609, #4087, #4095, .T.);
#4097 = ORIENTED_EDGE ('', *, *, #4096, .F.);
#4098 = ORIENTED_EDGE ('', *, *, #3613, .T.);
#4099 = EDGE_LOOP ('', (#4085, #4092, #4097, #4098));
#4100 = FACE_OUTER_BOUND ('', #4099, .T.);
#4101 = CARTESIAN_POINT ('', (78.6249999999998, 113.346194077713, -4.49999999999633));
#4102 = CARTESIAN_POINT ('', (78.6249999999998, 113.346194077713, -5.00000000000019));
#4103 = CARTESIAN_POINT ('', (73.875, 113.346194077713, -4.49999999999596));
#4104 = CARTESIAN_POINT ('', (73.875, 113.346194077713, -4.99999999999982));
#4105 = B_SPLINE_SURFACE_WITH_KNOTS ('', 1, 1, ((#4101, #4102), (#4103, #4104)), .UNSPECIFIED., .F., .F., .U., (2, 2), (2, 2), (10., 11.4615384615385), (-7.73070496506989E-12, 1.), .UNSPECIFIED.);
#4106 = ADVANCED_FACE ('', (#4100), #4105, .T.);
#4107 = CARTESIAN_POINT ('', (80.1249999999998, 116.346194077713, -5.00000000000035));
#4108 = VERTEX_POINT ('', #4107);
#4109 = CARTESIAN_POINT ('', (80.1249999999999, 114.846194077713, -4.99999999999964));
#4110 = VERTEX_POINT ('', #4109);
#4111 = CARTESIAN_POINT ('', (80.1249999999998, 116.346194077713, -5.00000000000036));
#4112 = CARTESIAN_POINT ('', (80.1249999999999, 114.846194077713, -4.99999999999964));
#4113 = B_SPLINE_CURVE_WITH_KNOTS ('', 1, (#4111, #4112), .UNSPECIFIED., .F., .U., (2, 2), (8., 9.), .UNSPECIFIED.);
#4114 = EDGE_CURVE ('', #4108, #4110, #4113, .T.);
#4115 = ORIENTED_EDGE ('', *, *, #4114, .T.);
#4116 = CARTESIAN_POINT ('', (80.1249999999999, 114.846194077713, -4.99999999999964));
#4117 = CARTESIAN_POINT ('', (80.1249999999999, 113.346194077713, -4.99999999999897));
#4118 = CARTESIAN_POINT ('', (78.6249999999998, 113.346194077713, -5.00000000000019));
#4119 = (
   BOUNDED_CURVE ()
   B_SPLINE_CURVE (2, (#4116, #4117, #4118), .UNSPECIFIED., .F., .U.)
   B_SPLINE_CURVE_WITH_KNOTS ((3, 3), (9., 10.), .UNSPECIFIED.)
   CURVE ()
   GEOMETRIC_REPRESENTATION_ITEM ()
   RATIONAL_B_SPLINE_CURVE ((1., 0.707106781186508, 1.))
   REPRESENTATION_ITEM ('')
);
#4120 = EDGE_CURVE ('', #4110, #4087, #4119, .T.);
#4121 = ORIENTED_EDGE ('', *, *, #4120, .T.);
#4122 = ORIENTED_EDGE ('', *, *, #4091, .T.);
#4123 = CARTESIAN_POINT ('', (72.3749999999999, 114.846194077713, -4.99999999999996));
#4124 = VERTEX_POINT ('', #4123);
#4125 = CARTESIAN_POINT ('', (73.875, 113.346194077713, -5.00000000000001));
#4126 = CARTESIAN_POINT ('', (72.375, 113.346194077713, -5.00000000000004));
#4127 = CARTESIAN_POINT ('', (72.3749999999999, 114.846194077713, -4.99999999999996));
#4128 = (
   BOUNDED_CURVE ()
   B_SPLINE_CURVE (2, (#4125, #4126, #4127), .UNSPECIFIED., .F., .U.)
   B_SPLINE_CURVE_WITH_KNOTS ((3, 3), (11., 12.), .UNSPECIFIED.)
   CURVE ()
   GEOMETRIC_REPRESENTATION_ITEM ()
   RATIONAL_B_SPLINE_CURVE ((1., 0.707106781186579, 1.))
   REPRESENTATION_ITEM ('')
);
#4129 = EDGE_CURVE ('', #4080, #4124, #4128, .T.);
#4130 = ORIENTED_EDGE ('', *, *, #4129, .T.);
#4131 = CARTESIAN_POINT ('', (72.3749999999999, 116.346194077713, -5.00000000000036));
#4132 = VERTEX_POINT ('', #4131);
#4133 = CARTESIAN_POINT ('', (72.3749999999999, 114.846194077713, -4.99999999999996));
#4134 = CARTESIAN_POINT ('', (72.3749999999999, 116.346194077713, -5.00000000000036));
#4135 = B_SPLINE_CURVE_WITH_KNOTS ('', 1, (#4133, #4134), .UNSPECIFIED., .F., .U., (2, 2), (12., 13.), .UNSPECIFIED.);
#4136 = EDGE_CURVE ('', #4124, #4132, #4135, .T.);
#4137 = ORIENTED_EDGE ('', *, *, #4136, .T.);
#4138 = CARTESIAN_POINT ('', (73.875, 117.846194077713, -5.00000000000104));
#4139 = VERTEX_POINT ('', #4138);
#4140 = CARTESIAN_POINT ('', (72.3749999999999, 116.346194077713, -5.00000000000036));
#4141 = CARTESIAN_POINT ('', (72.3749999999999, 117.846194077713, -5.00000000000065));
#4142 = CARTESIAN_POINT ('', (73.875, 117.846194077713, -5.00000000000106));
#4143 = (
   BOUNDED_CURVE ()
   B_SPLINE_CURVE (2, (#4140, #4141, #4142), .UNSPECIFIED., .F., .U.)
   B_SPLINE_CURVE_WITH_KNOTS ((3, 3), (13., 14.), .UNSPECIFIED.)
   CURVE ()
   GEOMETRIC_REPRESENTATION_ITEM ()
   RATIONAL_B_SPLINE_CURVE ((1., 0.707106781186508, 1.))
   REPRESENTATION_ITEM ('')
);
#4144 = EDGE_CURVE ('', #4132, #4139, #4143, .T.);
#4145 = ORIENTED_EDGE ('', *, *, #4144, .T.);
#4146 = CARTESIAN_POINT ('', (78.6249999999999, 117.846194077713, -5.00000000000066));
#4147 = VERTEX_POINT ('', #4146);
#4148 = CARTESIAN_POINT ('', (73.875, 117.846194077713, -5.00000000000106));
#4149 = CARTESIAN_POINT ('', (78.6249999999999, 117.846194077713, -5.00000000000068));
#4150 = B_SPLINE_CURVE_WITH_KNOTS ('', 1, (#4148, #4149), .UNSPECIFIED., .F., .U., (2, 2), (0., 1.), .UNSPECIFIED.);
#4151 = EDGE_CURVE ('', #4139, #4147, #4150, .T.);
#4152 = ORIENTED_EDGE ('', *, *, #4151, .T.);
#4153 = CARTESIAN_POINT ('', (78.6249999999999, 117.846194077713, -5.00000000000068));
#4154 = CARTESIAN_POINT ('', (80.1249999999998, 117.846194077713, -5.00000000000066));
#4155 = CARTESIAN_POINT ('', (80.1249999999998, 116.346194077713, -5.00000000000036));
#4156 = (
   BOUNDED_CURVE ()
   B_SPLINE_CURVE (2, (#4153, #4154, #4155), .UNSPECIFIED., .F., .U.)
   B_SPLINE_CURVE_WITH_KNOTS ((3, 3), (7., 8.), .UNSPECIFIED.)
   CURVE ()
   GEOMETRIC_REPRESENTATION_ITEM ()
   RATIONAL_B_SPLINE_CURVE ((1., 0.707106781186552, 1.))
   REPRESENTATION_ITEM ('')
);
#4157 = EDGE_CURVE ('', #4147, #4108, #4156, .T.);
#4158 = ORIENTED_EDGE ('', *, *, #4157, .T.);
#4159 = EDGE_LOOP ('', (#4115, #4121, #4122, #4130, #4137, #4145, #4152, #4158));
#4160 = FACE_OUTER_BOUND ('', #4159, .T.);
#4161 = CARTESIAN_POINT ('', (75.5000000000001, 116.346194077713, -5.0000000000004));
#4162 = VERTEX_POINT ('', #4161);
#4163 = CARTESIAN_POINT ('', (75.5000000000001, 114.846194077713, -5.00000000000012));
#4164 = VERTEX_POINT ('', #4163);
#4165 = CARTESIAN_POINT ('', (75.5000000000001, 116.346194077713, -5.0000000000004));
#4166 = CARTESIAN_POINT ('', (75.5000000000001, 114.846194077713, -5.00000000000012));
#4167 = B_SPLINE_CURVE_WITH_KNOTS ('', 1, (#4165, #4166), .UNSPECIFIED., .F., .U., (2, 2), (0., 1.), .UNSPECIFIED.);
#4168 = EDGE_CURVE ('', #4162, #4164, #4167, .T.);
#4169 = ORIENTED_EDGE ('', *, *, #4168, .T.);
#4170 = CARTESIAN_POINT ('', (77.0000000000001, 114.846194077713, -5.00000000000009));
#4171 = VERTEX_POINT ('', #4170);
#4172 = CARTESIAN_POINT ('', (75.5000000000001, 114.846194077713, -5.00000000000012));
#4173 = CARTESIAN_POINT ('', (77.0000000000001, 114.846194077713, -5.00000000000009));
#4174 = B_SPLINE_CURVE_WITH_KNOTS ('', 1, (#4172, #4173), .UNSPECIFIED., .F., .U., (2, 2), (0., 1.), .UNSPECIFIED.);
#4175 = EDGE_CURVE ('', #4164, #4171, #4174, .T.);
#4176 = ORIENTED_EDGE ('', *, *, #4175, .T.);
#4177 = CARTESIAN_POINT ('', (77.0000000000001, 116.346194077713, -5.00000000000036));
#4178 = VERTEX_POINT ('', #4177);
#4179 = CARTESIAN_POINT ('', (77.0000000000001, 114.846194077713, -5.00000000000009));
#4180 = CARTESIAN_POINT ('', (77.0000000000001, 116.346194077713, -5.00000000000036));
#4181 = B_SPLINE_CURVE_WITH_KNOTS ('', 1, (#4179, #4180), .UNSPECIFIED., .F., .U., (2, 2), (0., 1.), .UNSPECIFIED.);
#4182 = EDGE_CURVE ('', #4171, #4178, #4181, .T.);
#4183 = ORIENTED_EDGE ('', *, *, #4182, .T.);
#4184 = CARTESIAN_POINT ('', (77.0000000000001, 116.346194077713, -5.00000000000036));
#4185 = CARTESIAN_POINT ('', (75.5000000000001, 116.346194077713, -5.0000000000004));
#4186 = B_SPLINE_CURVE_WITH_KNOTS ('', 1, (#4184, #4185), .UNSPECIFIED., .F., .U., (2, 2), (0., 1.), .UNSPECIFIED.);
#4187 = EDGE_CURVE ('', #4178, #4162, #4186, .T.);
#4188 = ORIENTED_EDGE ('', *, *, #4187, .T.);
#4189 = EDGE_LOOP ('', (#4169, #4176, #4183, #4188));
#4190 = FACE_BOUND ('', #4189, .T.);
#4191 = CARTESIAN_POINT ('', (72.3749999999999, 113.346194077713, -4.99999999999992));
#4192 = CARTESIAN_POINT ('', (80.1249999999999, 113.346194077713, -4.99999999999975));
#4193 = CARTESIAN_POINT ('', (72.3749999999999, 117.846194077713, -5.00000000000073));
#4194 = CARTESIAN_POINT ('', (80.1249999999999, 117.846194077713, -5.00000000000057));
#4195 = B_SPLINE_SURFACE_WITH_KNOTS ('', 1, 1, ((#4191, #4192), (#4193, #4194)), .UNSPECIFIED., .F., .F., .U., (2, 2), (2, 2), (0.360879827179743, 0.639120172820255), (0.214030755869477, 0.693222462250352), .UNSPECIFIED.);
#4196 = ADVANCED_FACE ('', (#4160, #4190), #4195, .T.);
#4197 = CARTESIAN_POINT ('', (72.3749999999999, 114.846194077713, -4.49999999999996));
#4198 = CARTESIAN_POINT ('', (72.3749999999999, 114.846194077713, -4.99999999999996));
#4199 = B_SPLINE_CURVE_WITH_KNOTS ('', 1, (#4197, #4198), .UNSPECIFIED., .F., .U., (2, 2), (0., 1.), .UNSPECIFIED.);
#4200 = EDGE_CURVE ('', #3594, #4124, #4199, .T.);
#4201 = ORIENTED_EDGE ('', *, *, #4200, .T.);
#4202 = ORIENTED_EDGE ('', *, *, #4129, .F.);
#4203 = ORIENTED_EDGE ('', *, *, #4084, .F.);
#4204 = ORIENTED_EDGE ('', *, *, #3606, .T.);
#4205 = EDGE_LOOP ('', (#4201, #4202, #4203, #4204));
#4206 = FACE_OUTER_BOUND ('', #4205, .T.);
#4207 = CARTESIAN_POINT ('', (73.875, 113.346194077713, -4.50000000000001));
#4208 = CARTESIAN_POINT ('', (73.875, 113.346194077713, -5.00000000000001));
#4209 = CARTESIAN_POINT ('', (72.375, 113.346194077713, -4.50000000000006));
#4210 = CARTESIAN_POINT ('', (72.375, 113.346194077713, -5.00000000000004));
#4211 = CARTESIAN_POINT ('', (72.3749999999999, 114.846194077713, -4.49999999999996));
#4212 = CARTESIAN_POINT ('', (72.3749999999999, 114.846194077713, -4.99999999999996));
#4213 = (
   BOUNDED_SURFACE ()
   B_SPLINE_SURFACE (2, 1, ((#4207, #4208), (#4209, #4210), (#4211, #4212)), .UNSPECIFIED., .F., .F., .U.)
   B_SPLINE_SURFACE_WITH_KNOTS ((3, 3), (2, 2), (11., 12.), (0., 1.), .UNSPECIFIED.)
   GEOMETRIC_REPRESENTATION_ITEM ()
   RATIONAL_B_SPLINE_SURFACE (((1., 1.), (0.707106781186579, 0.707106781186579), (1., 1.)))
   REPRESENTATION_ITEM ('')
   SURFACE ()
);
#4214 = ADVANCED_FACE ('', (#4206), #4213, .T.);
#4215 = CARTESIAN_POINT ('', (72.3749999999999, 116.346194077713, -4.50000000000036));
#4216 = CARTESIAN_POINT ('', (72.3749999999999, 116.346194077713, -5.00000000000036));
#4217 = B_SPLINE_CURVE_WITH_KNOTS ('', 1, (#4215, #4216), .UNSPECIFIED., .F., .U., (2, 2), (0., 1.), .UNSPECIFIED.);
#4218 = EDGE_CURVE ('', #3586, #4132, #4217, .T.);
#4219 = ORIENTED_EDGE ('', *, *, #4218, .T.);
#4220 = ORIENTED_EDGE ('', *, *, #4136, .F.);
#4221 = ORIENTED_EDGE ('', *, *, #4200, .F.);
#4222 = ORIENTED_EDGE ('', *, *, #3598, .T.);
#4223 = EDGE_LOOP ('', (#4219, #4220, #4221, #4222));
#4224 = FACE_OUTER_BOUND ('', #4223, .T.);
#4225 = CARTESIAN_POINT ('', (72.3749999999999, 114.846194077713, -4.49999999999996));
#4226 = CARTESIAN_POINT ('', (72.3749999999999, 114.846194077713, -4.99999999999996));
#4227 = CARTESIAN_POINT ('', (72.3749999999999, 116.346194077713, -4.50000000000036));
#4228 = CARTESIAN_POINT ('', (72.3749999999999, 116.346194077713, -5.00000000000036));
#4229 = B_SPLINE_SURFACE_WITH_KNOTS ('', 1, 1, ((#4225, #4226), (#4227, #4228)), .UNSPECIFIED., .F., .F., .U., (2, 2), (2, 2), (12., 13.), (0., 1.), .UNSPECIFIED.);
#4230 = ADVANCED_FACE ('', (#4224), #4229, .T.);
#4231 = CARTESIAN_POINT ('', (73.875, 117.846194077713, -4.50000000000106));
#4232 = CARTESIAN_POINT ('', (73.875, 117.846194077713, -5.00000000000106));
#4233 = B_SPLINE_CURVE_WITH_KNOTS ('', 1, (#4231, #4232), .UNSPECIFIED., .F., .U., (2, 2), (0., 1.), .UNSPECIFIED.);
#4234 = EDGE_CURVE ('', #3579, #4139, #4233, .T.);
#4235 = ORIENTED_EDGE ('', *, *, #4234, .T.);
#4236 = ORIENTED_EDGE ('', *, *, #4144, .F.);
#4237 = ORIENTED_EDGE ('', *, *, #4218, .F.);
#4238 = ORIENTED_EDGE ('', *, *, #3591, .T.);
#4239 = EDGE_LOOP ('', (#4235, #4236, #4237, #4238));
#4240 = FACE_OUTER_BOUND ('', #4239, .T.);
#4241 = CARTESIAN_POINT ('', (72.3749999999999, 116.346194077713, -4.50000000000036));
#4242 = CARTESIAN_POINT ('', (72.3749999999999, 116.346194077713, -5.00000000000036));
#4243 = CARTESIAN_POINT ('', (72.3749999999999, 117.846194077713, -4.50000000000065));
#4244 = CARTESIAN_POINT ('', (72.3749999999999, 117.846194077713, -5.00000000000065));
#4245 = CARTESIAN_POINT ('', (73.875, 117.846194077713, -4.50000000000106));
#4246 = CARTESIAN_POINT ('', (73.875, 117.846194077713, -5.00000000000106));
#4247 = (
   BOUNDED_SURFACE ()
   B_SPLINE_SURFACE (2, 1, ((#4241, #4242), (#4243, #4244), (#4245, #4246)), .UNSPECIFIED., .F., .F., .U.)
   B_SPLINE_SURFACE_WITH_KNOTS ((3, 3), (2, 2), (13., 14.), (0., 1.), .UNSPECIFIED.)
   GEOMETRIC_REPRESENTATION_ITEM ()
   RATIONAL_B_SPLINE_SURFACE (((1., 1.), (0.707106781186508, 0.707106781186508), (1., 1.)))
   REPRESENTATION_ITEM ('')
   SURFACE ()
);
#4248 = ADVANCED_FACE ('', (#4240), #4247, .T.);
#4249 = ORIENTED_EDGE ('', *, *, #4151, .F.);
#4250 = ORIENTED_EDGE ('', *, *, #4234, .F.);
#4251 = ORIENTED_EDGE ('', *, *, #3583, .T.);
#4252 = CARTESIAN_POINT ('', (78.6249999999998, 117.846194077713, -4.50000000000068));
#4253 = CARTESIAN_POINT ('', (78.6249999999999, 117.846194077713, -5.00000000000068));
#4254 = B_SPLINE_CURVE_WITH_KNOTS ('', 1, (#4252, #4253), .UNSPECIFIED., .F., .U., (2, 2), (0., 1.), .UNSPECIFIED.);
#4255 = EDGE_CURVE ('', #3571, #4147, #4254, .T.);
#4256 = ORIENTED_EDGE ('', *, *, #4255, .T.);
#4257 = EDGE_LOOP ('', (#4249, #4250, #4251, #4256));
#4258 = FACE_OUTER_BOUND ('', #4257, .T.);
#4259 = CARTESIAN_POINT ('', (73.875, 117.846194077713, -4.49999999999951));
#4260 = CARTESIAN_POINT ('', (73.875, 117.846194077713, -5.00000000000097));
#4261 = CARTESIAN_POINT ('', (78.6249999999998, 117.846194077713, -4.49999999999924));
#4262 = CARTESIAN_POINT ('', (78.6249999999999, 117.846194077713, -5.0000000000007));
#4263 = B_SPLINE_SURFACE_WITH_KNOTS ('', 1, 1, ((#4259, #4260), (#4261, #4262)), .UNSPECIFIED., .F., .F., .U., (2, 2), (2, 2), (13.5384615384615, 15.), (-2.88480350718602E-12, 1.), .UNSPECIFIED.);
#4264 = ADVANCED_FACE ('', (#4258), #4263, .T.);
#4265 = CARTESIAN_POINT ('', (80.1249999999998, 116.346194077713, -4.50000000000036));
#4266 = CARTESIAN_POINT ('', (80.1249999999998, 116.346194077713, -5.00000000000036));
#4267 = B_SPLINE_CURVE_WITH_KNOTS ('', 1, (#4265, #4266), .UNSPECIFIED., .F., .U., (2, 2), (0., 1.), .UNSPECIFIED.);
#4268 = EDGE_CURVE ('', #3562, #4108, #4267, .T.);
#4269 = ORIENTED_EDGE ('', *, *, #4268, .T.);
#4270 = ORIENTED_EDGE ('', *, *, #4157, .F.);
#4271 = ORIENTED_EDGE ('', *, *, #4255, .F.);
#4272 = ORIENTED_EDGE ('', *, *, #3576, .T.);
#4273 = EDGE_LOOP ('', (#4269, #4270, #4271, #4272));
#4274 = FACE_OUTER_BOUND ('', #4273, .T.);
#4275 = CARTESIAN_POINT ('', (78.6249999999998, 117.846194077713, -4.50000000000068));
#4276 = CARTESIAN_POINT ('', (78.6249999999999, 117.846194077713, -5.00000000000068));
#4277 = CARTESIAN_POINT ('', (80.1249999999998, 117.846194077713, -4.50000000000066));
#4278 = CARTESIAN_POINT ('', (80.1249999999998, 117.846194077713, -5.00000000000066));
#4279 = CARTESIAN_POINT ('', (80.1249999999998, 116.346194077713, -4.50000000000036));
#4280 = CARTESIAN_POINT ('', (80.1249999999998, 116.346194077713, -5.00000000000036));
#4281 = (
   BOUNDED_SURFACE ()
   B_SPLINE_SURFACE (2, 1, ((#4275, #4276), (#4277, #4278), (#4279, #4280)), .UNSPECIFIED., .F., .F., .U.)
   B_SPLINE_SURFACE_WITH_KNOTS ((3, 3), (2, 2), (7., 8.), (0., 1.), .UNSPECIFIED.)
   GEOMETRIC_REPRESENTATION_ITEM ()
   RATIONAL_B_SPLINE_SURFACE (((1., 1.), (0.707106781186552, 0.707106781186552), (1., 1.)))
   REPRESENTATION_ITEM ('')
   SURFACE ()
);
#4282 = ADVANCED_FACE ('', (#4274), #4281, .T.);
#4283 = CARTESIAN_POINT ('', (80.1249999999999, 114.846194077713, -4.49999999999964));
#4284 = CARTESIAN_POINT ('', (80.1249999999999, 114.846194077713, -4.99999999999964));
#4285 = B_SPLINE_CURVE_WITH_KNOTS ('', 1, (#4283, #4284), .UNSPECIFIED., .F., .U., (2, 2), (0., 1.), .UNSPECIFIED.);
#4286 = EDGE_CURVE ('', #3564, #4110, #4285, .T.);
#4287 = ORIENTED_EDGE ('', *, *, #4286, .T.);
#4288 = ORIENTED_EDGE ('', *, *, #4114, .F.);
#4289 = ORIENTED_EDGE ('', *, *, #4268, .F.);
#4290 = ORIENTED_EDGE ('', *, *, #3568, .T.);
#4291 = EDGE_LOOP ('', (#4287, #4288, #4289, #4290));
#4292 = FACE_OUTER_BOUND ('', #4291, .T.);
#4293 = CARTESIAN_POINT ('', (80.1249999999998, 116.346194077713, -4.50000000000036));
#4294 = CARTESIAN_POINT ('', (80.1249999999998, 116.346194077713, -5.00000000000036));
#4295 = CARTESIAN_POINT ('', (80.1249999999999, 114.846194077713, -4.49999999999964));
#4296 = CARTESIAN_POINT ('', (80.1249999999999, 114.846194077713, -4.99999999999964));
#4297 = B_SPLINE_SURFACE_WITH_KNOTS ('', 1, 1, ((#4293, #4294), (#4295, #4296)), .UNSPECIFIED., .F., .F., .U., (2, 2), (2, 2), (8., 9.), (0., 1.), .UNSPECIFIED.);
#4298 = ADVANCED_FACE ('', (#4292), #4297, .T.);
#4299 = ORIENTED_EDGE ('', *, *, #4096, .T.);
#4300 = ORIENTED_EDGE ('', *, *, #4120, .F.);
#4301 = ORIENTED_EDGE ('', *, *, #4286, .F.);
#4302 = ORIENTED_EDGE ('', *, *, #3619, .T.);
#4303 = EDGE_LOOP ('', (#4299, #4300, #4301, #4302));
#4304 = FACE_OUTER_BOUND ('', #4303, .T.);
#4305 = CARTESIAN_POINT ('', (80.1249999999999, 114.846194077713, -4.49999999999964));
#4306 = CARTESIAN_POINT ('', (80.1249999999999, 114.846194077713, -4.99999999999964));
#4307 = CARTESIAN_POINT ('', (80.1249999999999, 113.346194077713, -4.49999999999897));
#4308 = CARTESIAN_POINT ('', (80.1249999999999, 113.346194077713, -4.99999999999897));
#4309 = CARTESIAN_POINT ('', (78.6249999999998, 113.346194077713, -4.50000000000019));
#4310 = CARTESIAN_POINT ('', (78.6249999999998, 113.346194077713, -5.00000000000019));
#4311 = (
   BOUNDED_SURFACE ()
   B_SPLINE_SURFACE (2, 1, ((#4305, #4306), (#4307, #4308), (#4309, #4310)), .UNSPECIFIED., .F., .F., .U.)
   B_SPLINE_SURFACE_WITH_KNOTS ((3, 3), (2, 2), (9., 10.), (0., 1.), .UNSPECIFIED.)
   GEOMETRIC_REPRESENTATION_ITEM ()
   RATIONAL_B_SPLINE_SURFACE (((1., 1.), (0.707106781186508, 0.707106781186508), (1., 1.)))
   REPRESENTATION_ITEM ('')
   SURFACE ()
);
#4312 = ADVANCED_FACE ('', (#4304), #4311, .T.);
#4313 = ORIENTED_EDGE ('', *, *, #3665, .T.);
#4314 = ORIENTED_EDGE ('', *, *, #3529, .F.);
#4315 = ORIENTED_EDGE ('', *, *, #3947, .T.);
#4316 = ORIENTED_EDGE ('', *, *, #3694, .T.);
#4317 = EDGE_LOOP ('', (#4313, #4314, #4315, #4316));
#4318 = FACE_OUTER_BOUND ('', #4317, .T.);
#4319 = CARTESIAN_POINT ('', (77.1249999999999, 114.096194077713, -4.25000000000046));
#4320 = CARTESIAN_POINT ('', (77.1249999999999, 113.846194077713, -4.50000000000041));
#4321 = CARTESIAN_POINT ('', (76.5416666666665, 114.096194077713, -4.25000000000031));
#4322 = CARTESIAN_POINT ('', (76.5416666666665, 113.846194077713, -4.50000000000023));
#4323 = CARTESIAN_POINT ('', (75.9583333333332, 114.096194077713, -4.24999999999998));
#4324 = CARTESIAN_POINT ('', (75.9583333333332, 113.846194077713, -4.49999999999994));
#4325 = CARTESIAN_POINT ('', (75.3749999999999, 114.096194077713, -4.24999999999979));
#4326 = CARTESIAN_POINT ('', (75.3749999999999, 113.846194077713, -4.49999999999974));
#4327 = B_SPLINE_SURFACE_WITH_KNOTS ('', 3, 1, ((#4319, #4320), (#4321, #4322), (#4323, #4324), (#4325, #4326)), .UNSPECIFIED., .F., .F., .U., (4, 4), (2, 2), (0., 1.), (0., 1.), .UNSPECIFIED.);
#4328 = ADVANCED_FACE ('', (#4318), #4327, .T.);
#4329 = ORIENTED_EDGE ('', *, *, #3952, .F.);
#4330 = ORIENTED_EDGE ('', *, *, #3524, .F.);
#4331 = ORIENTED_EDGE ('', *, *, #3895, .T.);
#4332 = ORIENTED_EDGE ('', *, *, #3931, .T.);
#4333 = EDGE_LOOP ('', (#4329, #4330, #4331, #4332));
#4334 = FACE_OUTER_BOUND ('', #4333, .T.);
#4335 = CARTESIAN_POINT ('', (77.8749999999999, 114.846194077713, -4.25000000000019));
#4336 = CARTESIAN_POINT ('', (77.8749999999999, 114.096194077713, -4.24999999999988));
#4337 = CARTESIAN_POINT ('', (77.1249999999999, 114.096194077713, -4.25000000000046));
#4338 = CARTESIAN_POINT ('', (77.8749999999999, 114.846194077713, -3.00000000000019));
#4339 = CARTESIAN_POINT ('', (77.875, 114.096194077713, -2.99999999999985));
#4340 = CARTESIAN_POINT ('', (77.1249999999999, 114.096194077714, -3.00000000000046));
#4341 = (
   BOUNDED_SURFACE ()
   B_SPLINE_SURFACE (1, 2, ((#4335, #4336, #4337), (#4338, #4339, #4340)), .UNSPECIFIED., .F., .F., .U.)
   B_SPLINE_SURFACE_WITH_KNOTS ((2, 2), (3, 3), (0., 1.), (9., 10.), .UNSPECIFIED.)
   GEOMETRIC_REPRESENTATION_ITEM ()
   RATIONAL_B_SPLINE_SURFACE (((1., 0.707106781186508, 1.), (1., 0.707106781186508, 1.)))
   REPRESENTATION_ITEM ('')
   SURFACE ()
);
#4342 = ADVANCED_FACE ('', (#4334), #4341, .T.);
#4343 = ORIENTED_EDGE ('', *, *, #3655, .F.);
#4344 = ORIENTED_EDGE ('', *, *, #3973, .F.);
#4345 = ORIENTED_EDGE ('', *, *, #3900, .T.);
#4346 = ORIENTED_EDGE ('', *, *, #3516, .T.);
#4347 = EDGE_LOOP ('', (#4343, #4344, #4345, #4346));
#4348 = FACE_OUTER_BOUND ('', #4347, .T.);
#4349 = CARTESIAN_POINT ('', (77.8749999999998, 116.346194077713, -4.25000000000052));
#4350 = CARTESIAN_POINT ('', (78.1249999999998, 116.346194077713, -4.50000000000053));
#4351 = CARTESIAN_POINT ('', (77.8749999999999, 115.846194077713, -4.25000000000035));
#4352 = CARTESIAN_POINT ('', (78.1249999999999, 115.846194077713, -4.50000000000031));
#4353 = CARTESIAN_POINT ('', (77.8749999999998, 115.346194077713, -4.25000000000033));
#4354 = CARTESIAN_POINT ('', (78.1249999999998, 115.346194077713, -4.50000000000038));
#4355 = CARTESIAN_POINT ('', (77.8749999999999, 114.846194077713, -4.25000000000019));
#4356 = CARTESIAN_POINT ('', (78.1249999999998, 114.846194077713, -4.50000000000021));
#4357 = B_SPLINE_SURFACE_WITH_KNOTS ('', 3, 1, ((#4349, #4350), (#4351, #4352), (#4353, #4354), (#4355, #4356)), .UNSPECIFIED., .F., .F., .U., (4, 4), (2, 2), (0., 1.), (0., 1.), .UNSPECIFIED.);
#4358 = ADVANCED_FACE ('', (#4348), #4357, .T.);
#4359 = ORIENTED_EDGE ('', *, *, #4175, .F.);
#4360 = CARTESIAN_POINT ('', (75.5000000000001, 114.846194077713, -3.50000000000011));
#4361 = CARTESIAN_POINT ('', (75.5000000000001, 114.846194077713, -5.00000000000012));
#4362 = B_SPLINE_CURVE_WITH_KNOTS ('', 1, (#4360, #4361), .UNSPECIFIED., .F., .U., (2, 2), (0., 0.857142857142866), .UNSPECIFIED.);
#4363 = EDGE_CURVE ('', #3466, #4164, #4362, .T.);
#4364 = ORIENTED_EDGE ('', *, *, #4363, .F.);
#4365 = ORIENTED_EDGE ('', *, *, #3491, .F.);
#4366 = CARTESIAN_POINT ('', (77.0000000000001, 114.846194077713, -3.50000000000011));
#4367 = CARTESIAN_POINT ('', (77.0000000000001, 114.846194077713, -5.00000000000009));
#4368 = B_SPLINE_CURVE_WITH_KNOTS ('', 1, (#4366, #4367), .UNSPECIFIED., .F., .U., (2, 2), (0., 0.857142857142848), .UNSPECIFIED.);
#4369 = EDGE_CURVE ('', #3482, #4171, #4368, .T.);
#4370 = ORIENTED_EDGE ('', *, *, #4369, .T.);
#4371 = EDGE_LOOP ('', (#4359, #4364, #4365, #4370));
#4372 = FACE_OUTER_BOUND ('', #4371, .T.);
#4373 = CARTESIAN_POINT ('', (77.0000000000001, 114.846194077713, -3.50000000000011));
#4374 = CARTESIAN_POINT ('', (75.5000000000001, 114.846194077713, -3.50000000000011));
#4375 = CARTESIAN_POINT ('', (77.0000000000001, 114.846194077713, -5.00000000000012));
#4376 = CARTESIAN_POINT ('', (75.5000000000001, 114.846194077713, -5.00000000000012));
#4377 = B_SPLINE_SURFACE_WITH_KNOTS ('', 1, 1, ((#4373, #4374), (#4375, #4376)), .UNSPECIFIED., .F., .F., .U., (2, 2), (2, 2), (0., 0.857142857142866), (3., 4.5), .UNSPECIFIED.);
#4378 = ADVANCED_FACE ('', (#4372), #4377, .T.);
#4379 = ORIENTED_EDGE ('', *, *, #4182, .F.);
#4380 = ORIENTED_EDGE ('', *, *, #4369, .F.);
#4381 = ORIENTED_EDGE ('', *, *, #3486, .F.);
#4382 = CARTESIAN_POINT ('', (77.0000000000001, 116.346194077713, -3.50000000000011));
#4383 = CARTESIAN_POINT ('', (77.0000000000001, 116.346194077713, -5.00000000000036));
#4384 = B_SPLINE_CURVE_WITH_KNOTS ('', 1, (#4382, #4383), .UNSPECIFIED., .F., .U., (2, 2), (0., 0.857142857143004), .UNSPECIFIED.);
#4385 = EDGE_CURVE ('', #3475, #4178, #4384, .T.);
#4386 = ORIENTED_EDGE ('', *, *, #4385, .T.);
#4387 = EDGE_LOOP ('', (#4379, #4380, #4381, #4386));
#4388 = FACE_OUTER_BOUND ('', #4387, .T.);
#4389 = CARTESIAN_POINT ('', (77.0000000000001, 116.346194077713, -3.50000000000011));
#4390 = CARTESIAN_POINT ('', (77.0000000000001, 114.846194077713, -3.50000000000011));
#4391 = CARTESIAN_POINT ('', (77.0000000000001, 116.346194077713, -5.00000000000036));
#4392 = CARTESIAN_POINT ('', (77.0000000000001, 114.846194077713, -5.00000000000036));
#4393 = B_SPLINE_SURFACE_WITH_KNOTS ('', 1, 1, ((#4389, #4390), (#4391, #4392)), .UNSPECIFIED., .F., .F., .U., (2, 2), (2, 2), (0., 0.857142857143004), (1.5, 3.), .UNSPECIFIED.);
#4394 = ADVANCED_FACE ('', (#4388), #4393, .T.);
#4395 = ORIENTED_EDGE ('', *, *, #4187, .F.);
#4396 = ORIENTED_EDGE ('', *, *, #4385, .F.);
#4397 = ORIENTED_EDGE ('', *, *, #3479, .F.);
#4398 = CARTESIAN_POINT ('', (75.5000000000001, 116.346194077713, -3.50000000000011));
#4399 = CARTESIAN_POINT ('', (75.5000000000001, 116.346194077713, -5.0000000000004));
#4400 = B_SPLINE_CURVE_WITH_KNOTS ('', 1, (#4398, #4399), .UNSPECIFIED., .F., .U., (2, 2), (0., 0.857142857143023), .UNSPECIFIED.);
#4401 = EDGE_CURVE ('', #3468, #4162, #4400, .T.);
#4402 = ORIENTED_EDGE ('', *, *, #4401, .T.);
#4403 = EDGE_LOOP ('', (#4395, #4396, #4397, #4402));
#4404 = FACE_OUTER_BOUND ('', #4403, .T.);
#4405 = CARTESIAN_POINT ('', (75.5000000000001, 116.346194077713, -3.50000000000011));
#4406 = CARTESIAN_POINT ('', (77.0000000000001, 116.346194077713, -3.50000000000011));
#4407 = CARTESIAN_POINT ('', (75.5000000000001, 116.346194077713, -5.0000000000004));
#4408 = CARTESIAN_POINT ('', (77.0000000000001, 116.346194077713, -5.0000000000004));
#4409 = B_SPLINE_SURFACE_WITH_KNOTS ('', 1, 1, ((#4405, #4406), (#4407, #4408)), .UNSPECIFIED., .F., .F., .U., (2, 2), (2, 2), (0., 0.857142857143023), (0., 1.5), .UNSPECIFIED.);
#4410 = ADVANCED_FACE ('', (#4404), #4409, .T.);
#4411 = ORIENTED_EDGE ('', *, *, #4168, .F.);
#4412 = ORIENTED_EDGE ('', *, *, #4401, .F.);
#4413 = ORIENTED_EDGE ('', *, *, #3472, .F.);
#4414 = ORIENTED_EDGE ('', *, *, #4363, .T.);
#4415 = EDGE_LOOP ('', (#4411, #4412, #4413, #4414));
#4416 = FACE_OUTER_BOUND ('', #4415, .T.);
#4417 = CARTESIAN_POINT ('', (75.5000000000001, 114.846194077713, -3.50000000000011));
#4418 = CARTESIAN_POINT ('', (75.5000000000001, 116.346194077713, -3.50000000000011));
#4419 = CARTESIAN_POINT ('', (75.5000000000001, 114.846194077713, -5.0000000000004));
#4420 = CARTESIAN_POINT ('', (75.5000000000001, 116.346194077713, -5.0000000000004));
#4421 = B_SPLINE_SURFACE_WITH_KNOTS ('', 1, 1, ((#4417, #4418), (#4419, #4420)), .UNSPECIFIED., .F., .F., .U., (2, 2), (2, 2), (0., 0.857142857143023), (4.5, 6.), .UNSPECIFIED.);
#4422 = ADVANCED_FACE ('', (#4416), #4421, .T.);
#4423 = CLOSED_SHELL ('', (#3500, #3560, #3687, #3738, #3769, #3797, #3829, #3857, #3889, #3915, #3942, #3962, #4004, #4024, #4062, #4078, #4106, #4196, #4214, #4230, #4248, #4264, #4282, #4298, #4312, #4328, #4342, #4358, #4378, #4394, #4410, #4422));
#4424 = MANIFOLD_SOLID_BREP ('', #4423);
#4425 = COLOUR_RGB ('', 0., 0.333333333333333, 1.);
#4426 = FILL_AREA_STYLE_COLOUR ('', #4425);
#4427 = FILL_AREA_STYLE ('', (#4426));
#4428 = SURFACE_STYLE_FILL_AREA (#4427);
#4429 = SURFACE_SIDE_STYLE ('', (#4428));
#4430 = SURFACE_STYLE_USAGE (.POSITIVE., #4429);
#4431 = PRESENTATION_STYLE_ASSIGNMENT ((#4430));
#4432 = STYLED_ITEM ('', (#4431), #4424);
#4433 = (
   LENGTH_UNIT ()
   NAMED_UNIT (*)
   SI_UNIT ($, .METRE.)
);
#4434 = (
   NAMED_UNIT (*)
   SI_UNIT ($, .STERADIAN.)
   SOLID_ANGLE_UNIT ()
);
#4435 = (
   NAMED_UNIT (*)
   PLANE_ANGLE_UNIT ()
   SI_UNIT ($, .RADIAN.)
);
#4436 = UNCERTAINTY_MEASURE_WITH_UNIT (LENGTH_MEASURE(0.001), #4433, 'DISTANCE_ACCURACY_VALUE', '');
#4437 = (
   GEOMETRIC_REPRESENTATION_CONTEXT (3)
   GLOBAL_UNCERTAINTY_ASSIGNED_CONTEXT ((#4436))
   GLOBAL_UNIT_ASSIGNED_CONTEXT ((#4433, #4434, #4435))
   REPRESENTATION_CONTEXT ('', '3D')
);
#4438 = SHAPE_REPRESENTATION ('', (#4566), #4437);
#4439 = APPLICATION_CONTEXT ('configuration controlled 3D designs of mechanical parts and assemblies');
#4440 = APPLICATION_PROTOCOL_DEFINITION ('International Standard', 'config_control_design', 1997, #4439);
#4441 = MECHANICAL_CONTEXT ('', #4439, 'mechanical');
#4442 = PRODUCT ('', '', '', (#4441));
#4443 = PERSON_AND_ORGANIZATION_ROLE ('design_owner');
#4444 = PERSON ('#4444', '', $, $, $, $);
#4445 = ORGANIZATION ($, '', '');
#4446 = PERSON_AND_ORGANIZATION (#4444, #4445);
#4447 = CC_DESIGN_PERSON_AND_ORGANIZATION_ASSIGNMENT (#4446, #4443, (#4442));
#4448 = PRODUCT_RELATED_PRODUCT_CATEGORY ('detail', $, (#4442));
#4449 = PRODUCT_DEFINITION_FORMATION_WITH_SPECIFIED_SOURCE ('', '', #4442, .NOT_KNOWN.);
#4450 = APPROVAL_STATUS ('approved');
#4451 = APPROVAL (#4450, '');
#4452 = CALENDAR_DATE (2026, 3, 2);
#4453 = COORDINATED_UNIVERSAL_TIME_OFFSET (0, $, .AHEAD.);
#4454 = LOCAL_TIME (21, 7, 11., #4453);
#4455 = DATE_AND_TIME (#4452, #4454);
#4456 = APPROVAL_DATE_TIME (#4455, #4451);
#4457 = APPROVAL_ROLE ('');
#4458 = PERSON ('#4458', '', $, $, $, $);
#4459 = ORGANIZATION ($, '', '');
#4460 = PERSON_AND_ORGANIZATION (#4458, #4459);
#4461 = APPROVAL_PERSON_ORGANIZATION (#4460, #4451, #4457);
#4462 = CC_DESIGN_APPROVAL (#4451, (#4449));
#4463 = PERSON_AND_ORGANIZATION_ROLE ('creator');
#4464 = PERSON ('#4464', '', $, $, $, $);
#4465 = ORGANIZATION ($, '', '');
#4466 = PERSON_AND_ORGANIZATION (#4464, #4465);
#4467 = CC_DESIGN_PERSON_AND_ORGANIZATION_ASSIGNMENT (#4466, #4463, (#4449));
#4468 = PERSON_AND_ORGANIZATION_ROLE ('part_supplier');
#4469 = PERSON ('#4469', '', $, $, $, $);
#4470 = ORGANIZATION ($, '', '');
#4471 = PERSON_AND_ORGANIZATION (#4469, #4470);
#4472 = CC_DESIGN_PERSON_AND_ORGANIZATION_ASSIGNMENT (#4471, #4468, (#4449));
#4473 = SECURITY_CLASSIFICATION_LEVEL ('unclassified');
#4474 = SECURITY_CLASSIFICATION ('', '', #4473);
#4475 = APPROVAL_STATUS ('approved');
#4476 = APPROVAL (#4475, '');
#4477 = CALENDAR_DATE (2026, 3, 2);
#4478 = COORDINATED_UNIVERSAL_TIME_OFFSET (0, $, .AHEAD.);
#4479 = LOCAL_TIME (21, 7, 11., #4478);
#4480 = DATE_AND_TIME (#4477, #4479);
#4481 = APPROVAL_DATE_TIME (#4480, #4476);
#4482 = APPROVAL_ROLE ('');
#4483 = PERSON ('#4483', '', $, $, $, $);
#4484 = ORGANIZATION ($, '', '');
#4485 = PERSON_AND_ORGANIZATION (#4483, #4484);
#4486 = APPROVAL_PERSON_ORGANIZATION (#4485, #4476, #4482);
#4487 = CC_DESIGN_APPROVAL (#4476, (#4474));
#4488 = DATE_TIME_ROLE ('classification_date');
#4489 = CALENDAR_DATE (2026, 3, 2);
#4490 = COORDINATED_UNIVERSAL_TIME_OFFSET (0, $, .AHEAD.);
#4491 = LOCAL_TIME (21, 7, 11., #4490);
#4492 = DATE_AND_TIME (#4489, #4491);
#4493 = CC_DESIGN_DATE_AND_TIME_ASSIGNMENT (#4492, #4488, (#4474));
#4494 = PERSON_AND_ORGANIZATION_ROLE ('classification_officer');
#4495 = PERSON ('#4495', '', $, $, $, $);
#4496 = ORGANIZATION ($, '', '');
#4497 = PERSON_AND_ORGANIZATION (#4495, #4496);
#4498 = CC_DESIGN_PERSON_AND_ORGANIZATION_ASSIGNMENT (#4497, #4494, (#4474));
#4499 = CC_DESIGN_SECURITY_CLASSIFICATION (#4474, (#4449));
#4500 = DESIGN_CONTEXT ('', #4439, 'design');
#4501 = APPROVAL_STATUS ('approved');
#4502 = APPROVAL (#4501, '');
#4503 = CALENDAR_DATE (2026, 3, 2);
#4504 = COORDINATED_UNIVERSAL_TIME_OFFSET (0, $, .AHEAD.);
#4505 = LOCAL_TIME (21, 7, 11., #4504);
#4506 = DATE_AND_TIME (#4503, #4505);
#4507 = APPROVAL_DATE_TIME (#4506, #4502);
#4508 = APPROVAL_ROLE ('');
#4509 = PERSON ('#4509', '', $, $, $, $);
#4510 = ORGANIZATION ($, '', '');
#4511 = PERSON_AND_ORGANIZATION (#4509, #4510);
#4512 = APPROVAL_PERSON_ORGANIZATION (#4511, #4502, #4508);
#4513 = CC_DESIGN_APPROVAL (#4502, (*));
#4514 = DATE_TIME_ROLE ('creation_date');
#4515 = CALENDAR_DATE (2026, 3, 2);
#4516 = COORDINATED_UNIVERSAL_TIME_OFFSET (0, $, .AHEAD.);
#4517 = LOCAL_TIME (21, 7, 11., #4516);
#4518 = DATE_AND_TIME (#4515, #4517);
#4519 = CC_DESIGN_DATE_AND_TIME_ASSIGNMENT (#4518, #4514, (*));
#4520 = PERSON_AND_ORGANIZATION_ROLE ('creator');
#4521 = PERSON ('#4521', '', $, $, $, $);
#4522 = ORGANIZATION ($, '', '');
#4523 = PERSON_AND_ORGANIZATION (#4521, #4522);
#4524 = CC_DESIGN_PERSON_AND_ORGANIZATION_ASSIGNMENT (#4523, #4520, (*));
#4525 = PRODUCT_DEFINITION ('', '', #4449, #4500);
#4526 = PRODUCT_DEFINITION_SHAPE ('', '', #4525);
#4527 = SHAPE_DEFINITION_REPRESENTATION (#4526, #4438);
#4528 = SHAPE_REPRESENTATION_RELATIONSHIP ('', '', #4438, #4529);
#4529 = ADVANCED_BREP_SHAPE_REPRESENTATION ('', (#4424), #4437);
#4530 = NEXT_ASSEMBLY_USAGE_OCCURRENCE ('#4530', '', '', #173, #4525, $);
#4531 = SECURITY_CLASSIFICATION_LEVEL ('unclassified');
#4532 = SECURITY_CLASSIFICATION ('', '', #4531);
#4533 = APPROVAL_STATUS ('approved');
#4534 = APPROVAL (#4533, '');
#4535 = CALENDAR_DATE (2026, 3, 2);
#4536 = COORDINATED_UNIVERSAL_TIME_OFFSET (0, $, .AHEAD.);
#4537 = LOCAL_TIME (21, 7, 11., #4536);
#4538 = DATE_AND_TIME (#4535, #4537);
#4539 = APPROVAL_DATE_TIME (#4538, #4534);
#4540 = APPROVAL_ROLE ('');
#4541 = PERSON ('#4541', '', $, $, $, $);
#4542 = ORGANIZATION ($, '', '');
#4543 = PERSON_AND_ORGANIZATION (#4541, #4542);
#4544 = APPROVAL_PERSON_ORGANIZATION (#4543, #4534, #4540);
#4545 = CC_DESIGN_APPROVAL (#4534, (#4532));
#4546 = DATE_TIME_ROLE ('classification_date');
#4547 = CALENDAR_DATE (2026, 3, 2);
#4548 = COORDINATED_UNIVERSAL_TIME_OFFSET (0, $, .AHEAD.);
#4549 = LOCAL_TIME (21, 7, 11., #4548);
#4550 = DATE_AND_TIME (#4547, #4549);
#4551 = CC_DESIGN_DATE_AND_TIME_ASSIGNMENT (#4550, #4546, (#4532));
#4552 = PERSON_AND_ORGANIZATION_ROLE ('classification_officer');
#4553 = PERSON ('#4553', '', $, $, $, $);
#4554 = ORGANIZATION ($, '', '');
#4555 = PERSON_AND_ORGANIZATION (#4553, #4554);
#4556 = CC_DESIGN_PERSON_AND_ORGANIZATION_ASSIGNMENT (#4555, #4552, (#4532));
#4557 = CC_DESIGN_SECURITY_CLASSIFICATION (#4532, (#4530));
#4558 = PRODUCT_DEFINITION_SHAPE ('', '', #4530);
#4559 = CARTESIAN_POINT ('', (0., 0., 0.));
#4560 = DIRECTION ('', (0., 0., 1.));
#4561 = DIRECTION ('', (1., 0., 0.));
#4562 = AXIS2_PLACEMENT_3D ('', #4559, #4560, #4561);
#4563 = CARTESIAN_POINT ('', (0., 0., 0.));
#4564 = DIRECTION ('', (0., 0., 1.));
#4565 = DIRECTION ('', (1., 0., 0.));
#4566 = AXIS2_PLACEMENT_3D ('', #4563, #4564, #4565);
#4567 = ITEM_DEFINED_TRANSFORMATION ('', '', #4562, #4566);
#4568 = (
   REPRESENTATION_RELATIONSHIP ('', '', #86, #4438)
   REPRESENTATION_RELATIONSHIP_WITH_TRANSFORMATION (#4567)
   SHAPE_REPRESENTATION_RELATIONSHIP ()
);
#4569 = CONTEXT_DEPENDENT_SHAPE_REPRESENTATION (#4568, #4558);
#4570 = CARTESIAN_POINT ('', (75.5000000000001, 108.75, -3.50000000000011));
#4571 = VERTEX_POINT ('', #4570);
#4572 = CARTESIAN_POINT ('', (75.5000000000001, 110.25, -3.50000000000011));
#4573 = VERTEX_POINT ('', #4572);
#4574 = CARTESIAN_POINT ('', (75.5000000000001, 108.75, -3.50000000000011));
#4575 = CARTESIAN_POINT ('', (75.5000000000001, 110.25, -3.50000000000011));
#4576 = B_SPLINE_CURVE_WITH_KNOTS ('', 1, (#4574, #4575), .UNSPECIFIED., .F., .U., (2, 2), (4.5, 6.), .UNSPECIFIED.);
#4577 = EDGE_CURVE ('', #4571, #4573, #4576, .T.);
#4578 = ORIENTED_EDGE ('', *, *, #4577, .T.);
#4579 = CARTESIAN_POINT ('', (77.0000000000001, 110.25, -3.50000000000011));
#4580 = VERTEX_POINT ('', #4579);
#4581 = CARTESIAN_POINT ('', (75.5000000000001, 110.25, -3.50000000000011));
#4582 = CARTESIAN_POINT ('', (77.0000000000001, 110.25, -3.50000000000011));
#4583 = B_SPLINE_CURVE_WITH_KNOTS ('', 1, (#4581, #4582), .UNSPECIFIED., .F., .U., (2, 2), (0., 1.5), .UNSPECIFIED.);
#4584 = EDGE_CURVE ('', #4573, #4580, #4583, .T.);
#4585 = ORIENTED_EDGE ('', *, *, #4584, .T.);
#4586 = CARTESIAN_POINT ('', (77.0000000000001, 108.75, -3.50000000000011));
#4587 = VERTEX_POINT ('', #4586);
#4588 = CARTESIAN_POINT ('', (77.0000000000001, 110.25, -3.50000000000011));
#4589 = CARTESIAN_POINT ('', (77.0000000000001, 108.75, -3.50000000000011));
#4590 = B_SPLINE_CURVE_WITH_KNOTS ('', 1, (#4588, #4589), .UNSPECIFIED., .F., .U., (2, 2), (1.5, 3.), .UNSPECIFIED.);
#4591 = EDGE_CURVE ('', #4580, #4587, #4590, .T.);
#4592 = ORIENTED_EDGE ('', *, *, #4591, .T.);
#4593 = CARTESIAN_POINT ('', (77.0000000000001, 108.75, -3.50000000000011));
#4594 = CARTESIAN_POINT ('', (75.5000000000001, 108.75, -3.50000000000011));
#4595 = B_SPLINE_CURVE_WITH_KNOTS ('', 1, (#4593, #4594), .UNSPECIFIED., .F., .U., (2, 2), (3., 4.5), .UNSPECIFIED.);
#4596 = EDGE_CURVE ('', #4587, #4571, #4595, .T.);
#4597 = ORIENTED_EDGE ('', *, *, #4596, .T.);
#4598 = EDGE_LOOP ('', (#4578, #4585, #4592, #4597));
#4599 = FACE_OUTER_BOUND ('', #4598, .T.);
#4600 = CARTESIAN_POINT ('', (75.5000000000001, 108.75, -3.50000000000011));
#4601 = CARTESIAN_POINT ('', (77.0000000000001, 108.75, -3.50000000000011));
#4602 = CARTESIAN_POINT ('', (75.5000000000001, 110.25, -3.50000000000011));
#4603 = CARTESIAN_POINT ('', (77.0000000000001, 110.25, -3.50000000000011));
#4604 = B_SPLINE_SURFACE_WITH_KNOTS ('', 1, 1, ((#4600, #4601), (#4602, #4603)), .UNSPECIFIED., .F., .F., .U., (2, 2), (2, 2), (0.331641242574628, 0.668358757425365), (0.331641242574635, 0.668358757425372), .UNSPECIFIED.);
#4605 = ADVANCED_FACE ('', (#4599), #4604, .T.);
#4606 = CARTESIAN_POINT ('', (77.1249999999998, 107.75, -4.50000000000053));
#4607 = VERTEX_POINT ('', #4606);
#4608 = CARTESIAN_POINT ('', (75.3749999999998, 107.750000000001, -4.50000000000056));
#4609 = VERTEX_POINT ('', #4608);
#4610 = CARTESIAN_POINT ('', (77.1249999999998, 107.75, -4.50000000000053));
#4611 = CARTESIAN_POINT ('', (76.5416666666665, 107.75, -4.50000000000055));
#4612 = CARTESIAN_POINT ('', (75.9583333333332, 107.75, -4.50000000000055));
#4613 = CARTESIAN_POINT ('', (75.3749999999998, 107.75, -4.50000000000056));
#4614 = B_SPLINE_CURVE_WITH_KNOTS ('', 3, (#4610, #4611, #4612, #4613), .UNSPECIFIED., .F., .U., (4, 4), (0., 1.74999999999999), .UNSPECIFIED.);
#4615 = EDGE_CURVE ('', #4607, #4609, #4614, .T.);
#4616 = ORIENTED_EDGE ('', *, *, #4615, .F.);
#4617 = CARTESIAN_POINT ('', (77.1249999999998, 108., -4.25000000000053));
#4618 = VERTEX_POINT ('', #4617);
#4619 = CARTESIAN_POINT ('', (77.1249999999998, 108., -4.25000000000055));
#4620 = CARTESIAN_POINT ('', (77.1249999999998, 107.75, -4.50000000000059));
#4621 = B_SPLINE_CURVE_WITH_KNOTS ('', 1, (#4619, #4620), .UNSPECIFIED., .F., .U., (2, 2), (0., 1.), .UNSPECIFIED.);
#4622 = EDGE_CURVE ('', #4618, #4607, #4621, .T.);
#4623 = ORIENTED_EDGE ('', *, *, #4622, .F.);
#4624 = CARTESIAN_POINT ('', (75.3749999999999, 108., -4.25000000000097));
#4625 = VERTEX_POINT ('', #4624);
#4626 = CARTESIAN_POINT ('', (75.3749999999999, 108., -4.25000000000099));
#4627 = CARTESIAN_POINT ('', (77.1249999999998, 108., -4.25000000000055));
#4628 = B_SPLINE_CURVE_WITH_KNOTS ('', 1, (#4626, #4627), .UNSPECIFIED., .F., .U., (2, 2), (14., 15.), .UNSPECIFIED.);
#4629 = EDGE_CURVE ('', #4625, #4618, #4628, .T.);
#4630 = ORIENTED_EDGE ('', *, *, #4629, .F.);
#4631 = CARTESIAN_POINT ('', (75.3749999999999, 108., -4.25000000000099));
#4632 = CARTESIAN_POINT ('', (75.3749999999997, 107.75, -4.50000000000149));
#4633 = B_SPLINE_CURVE_WITH_KNOTS ('', 1, (#4631, #4632), .UNSPECIFIED., .F., .U., (2, 2), (0., 1.), .UNSPECIFIED.);
#4634 = EDGE_CURVE ('', #4625, #4609, #4633, .T.);
#4635 = ORIENTED_EDGE ('', *, *, #4634, .T.);
#4636 = EDGE_LOOP ('', (#4616, #4623, #4630, #4635));
#4637 = FACE_OUTER_BOUND ('', #4636, .T.);
#4638 = CARTESIAN_POINT ('', (75.3749999999999, 108., -4.25000000000099));
#4639 = CARTESIAN_POINT ('', (75.9583333333332, 108., -4.2500000000008));
#4640 = CARTESIAN_POINT ('', (76.5416666666665, 108., -4.25000000000075));
#4641 = CARTESIAN_POINT ('', (77.1249999999998, 108., -4.25000000000055));
#4642 = CARTESIAN_POINT ('', (75.3749999999998, 107.75, -4.50000000000103));
#4643 = CARTESIAN_POINT ('', (75.9583333333332, 107.75, -4.50000000000089));
#4644 = CARTESIAN_POINT ('', (76.5416666666665, 107.75, -4.50000000000073));
#4645 = CARTESIAN_POINT ('', (77.1249999999998, 107.75, -4.50000000000059));
#4646 = B_SPLINE_SURFACE_WITH_KNOTS ('', 1, 3, ((#4638, #4639, #4640, #4641), (#4642, #4643, #4644, #4645)), .UNSPECIFIED., .F., .F., .U., (2, 2), (4, 4), (0., 1.), (0., 1.), .UNSPECIFIED.);
#4647 = ADVANCED_FACE ('', (#4637), #4646, .T.);
#4648 = CARTESIAN_POINT ('', (77.1249999999999, 108., -3.00000000000053));
#4649 = VERTEX_POINT ('', #4648);
#4650 = CARTESIAN_POINT ('', (77.1249999999998, 108., -4.25000000000054));
#4651 = CARTESIAN_POINT ('', (77.1249999999999, 108., -3.00000000000054));
#4652 = B_SPLINE_CURVE_WITH_KNOTS ('', 1, (#4650, #4651), .UNSPECIFIED., .F., .U., (2, 2), (0., 1.), .UNSPECIFIED.);
#4653 = EDGE_CURVE ('', #4618, #4649, #4652, .T.);
#4654 = ORIENTED_EDGE ('', *, *, #4653, .T.);
#4655 = CARTESIAN_POINT ('', (75.3749999999999, 108., -3.00000000000097));
#4656 = VERTEX_POINT ('', #4655);
#4657 = CARTESIAN_POINT ('', (75.3749999999999, 108., -3.00000000000099));
#4658 = CARTESIAN_POINT ('', (77.1249999999999, 108., -3.00000000000055));
#4659 = B_SPLINE_CURVE_WITH_KNOTS ('', 1, (#4657, #4658), .UNSPECIFIED., .F., .U., (2, 2), (14., 15.), .UNSPECIFIED.);
#4660 = EDGE_CURVE ('', #4656, #4649, #4659, .T.);
#4661 = ORIENTED_EDGE ('', *, *, #4660, .F.);
#4662 = CARTESIAN_POINT ('', (75.3749999999999, 108., -4.25000000000098));
#4663 = CARTESIAN_POINT ('', (75.3749999999999, 108., -3.00000000000098));
#4664 = B_SPLINE_CURVE_WITH_KNOTS ('', 1, (#4662, #4663), .UNSPECIFIED., .F., .U., (2, 2), (0., 1.), .UNSPECIFIED.);
#4665 = EDGE_CURVE ('', #4625, #4656, #4664, .T.);
#4666 = ORIENTED_EDGE ('', *, *, #4665, .F.);
#4667 = ORIENTED_EDGE ('', *, *, #4629, .T.);
#4668 = EDGE_LOOP ('', (#4654, #4661, #4666, #4667));
#4669 = FACE_OUTER_BOUND ('', #4668, .T.);
#4670 = CARTESIAN_POINT ('', (75.3749999999999, 108., -4.25000000000099));
#4671 = CARTESIAN_POINT ('', (75.3749999999999, 108., -3.00000000000099));
#4672 = CARTESIAN_POINT ('', (77.1249999999998, 108., -4.25000000000055));
#4673 = CARTESIAN_POINT ('', (77.1249999999999, 108., -3.00000000000055));
#4674 = B_SPLINE_SURFACE_WITH_KNOTS ('', 1, 1, ((#4670, #4671), (#4672, #4673)), .UNSPECIFIED., .F., .F., .U., (2, 2), (2, 2), (14., 15.), (0., 1.), .UNSPECIFIED.);
#4675 = ADVANCED_FACE ('', (#4669), #4674, .T.);
#4676 = ORIENTED_EDGE ('', *, *, #4665, .T.);
#4677 = CARTESIAN_POINT ('', (74.6249999999999, 108.75, -3.00000000000052));
#4678 = VERTEX_POINT ('', #4677);
#4679 = CARTESIAN_POINT ('', (74.6249999999999, 108.75, -3.00000000000053));
#4680 = CARTESIAN_POINT ('', (74.6249999999999, 108., -3.0000000000006));
#4681 = CARTESIAN_POINT ('', (75.3749999999999, 108., -3.00000000000099));
#4682 = (
   BOUNDED_CURVE ()
   B_SPLINE_CURVE (2, (#4679, #4680, #4681), .UNSPECIFIED., .F., .U.)
   B_SPLINE_CURVE_WITH_KNOTS ((3, 3), (13., 14.), .UNSPECIFIED.)
   CURVE ()
   GEOMETRIC_REPRESENTATION_ITEM ()
   RATIONAL_B_SPLINE_CURVE ((1., 0.707106781186508, 1.))
   REPRESENTATION_ITEM ('')
);
#4683 = EDGE_CURVE ('', #4678, #4656, #4682, .T.);
#4684 = ORIENTED_EDGE ('', *, *, #4683, .F.);
#4685 = CARTESIAN_POINT ('', (74.6249999999999, 108.75, -4.25000000000052));
#4686 = VERTEX_POINT ('', #4685);
#4687 = CARTESIAN_POINT ('', (74.6249999999999, 108.75, -4.25000000000053));
#4688 = CARTESIAN_POINT ('', (74.6249999999999, 108.75, -3.00000000000053));
#4689 = B_SPLINE_CURVE_WITH_KNOTS ('', 1, (#4687, #4688), .UNSPECIFIED., .F., .U., (2, 2), (0., 1.), .UNSPECIFIED.);
#4690 = EDGE_CURVE ('', #4686, #4678, #4689, .T.);
#4691 = ORIENTED_EDGE ('', *, *, #4690, .F.);
#4692 = CARTESIAN_POINT ('', (74.6249999999999, 108.75, -4.25000000000053));
#4693 = CARTESIAN_POINT ('', (74.6249999999998, 108., -4.2500000000006));
#4694 = CARTESIAN_POINT ('', (75.3749999999999, 108., -4.25000000000099));
#4695 = (
   BOUNDED_CURVE ()
   B_SPLINE_CURVE (2, (#4692, #4693, #4694), .UNSPECIFIED., .F., .U.)
   B_SPLINE_CURVE_WITH_KNOTS ((3, 3), (13., 14.), .UNSPECIFIED.)
   CURVE ()
   GEOMETRIC_REPRESENTATION_ITEM ()
   RATIONAL_B_SPLINE_CURVE ((1., 0.707106781186508, 1.))
   REPRESENTATION_ITEM ('')
);
#4696 = EDGE_CURVE ('', #4686, #4625, #4695, .T.);
#4697 = ORIENTED_EDGE ('', *, *, #4696, .T.);
#4698 = EDGE_LOOP ('', (#4676, #4684, #4691, #4697));
#4699 = FACE_OUTER_BOUND ('', #4698, .T.);
#4700 = CARTESIAN_POINT ('', (74.6249999999999, 108.75, -4.25000000000053));
#4701 = CARTESIAN_POINT ('', (74.6249999999999, 108.75, -3.00000000000053));
#4702 = CARTESIAN_POINT ('', (74.6249999999998, 108., -4.2500000000006));
#4703 = CARTESIAN_POINT ('', (74.6249999999999, 108., -3.0000000000006));
#4704 = CARTESIAN_POINT ('', (75.3749999999999, 108., -4.25000000000099));
#4705 = CARTESIAN_POINT ('', (75.3749999999999, 108., -3.00000000000099));
#4706 = (
   BOUNDED_SURFACE ()
   B_SPLINE_SURFACE (2, 1, ((#4700, #4701), (#4702, #4703), (#4704, #4705)), .UNSPECIFIED., .F., .F., .U.)
   B_SPLINE_SURFACE_WITH_KNOTS ((3, 3), (2, 2), (13., 14.), (0., 1.), .UNSPECIFIED.)
   GEOMETRIC_REPRESENTATION_ITEM ()
   RATIONAL_B_SPLINE_SURFACE (((1., 1.), (0.707106781186508, 0.707106781186508), (1., 1.)))
   REPRESENTATION_ITEM ('')
   SURFACE ()
);
#4707 = ADVANCED_FACE ('', (#4699), #4706, .T.);
#4708 = ORIENTED_EDGE ('', *, *, #4690, .T.);
#4709 = CARTESIAN_POINT ('', (74.6250000000001, 110.25, -2.99999999999959));
#4710 = VERTEX_POINT ('', #4709);
#4711 = CARTESIAN_POINT ('', (74.6250000000001, 110.25, -2.99999999999959));
#4712 = CARTESIAN_POINT ('', (74.6249999999999, 108.75, -3.00000000000053));
#4713 = B_SPLINE_CURVE_WITH_KNOTS ('', 1, (#4711, #4712), .UNSPECIFIED., .F., .U., (2, 2), (12., 13.), .UNSPECIFIED.);
#4714 = EDGE_CURVE ('', #4710, #4678, #4713, .T.);
#4715 = ORIENTED_EDGE ('', *, *, #4714, .F.);
#4716 = CARTESIAN_POINT ('', (74.625, 110.25, -4.24999999999959));
#4717 = VERTEX_POINT ('', #4716);
#4718 = CARTESIAN_POINT ('', (74.625, 110.25, -4.24999999999959));
#4719 = CARTESIAN_POINT ('', (74.6250000000001, 110.25, -2.99999999999959));
#4720 = B_SPLINE_CURVE_WITH_KNOTS ('', 1, (#4718, #4719), .UNSPECIFIED., .F., .U., (2, 2), (0., 1.), .UNSPECIFIED.);
#4721 = EDGE_CURVE ('', #4717, #4710, #4720, .T.);
#4722 = ORIENTED_EDGE ('', *, *, #4721, .F.);
#4723 = CARTESIAN_POINT ('', (74.625, 110.25, -4.24999999999959));
#4724 = CARTESIAN_POINT ('', (74.6249999999999, 108.75, -4.25000000000053));
#4725 = B_SPLINE_CURVE_WITH_KNOTS ('', 1, (#4723, #4724), .UNSPECIFIED., .F., .U., (2, 2), (12., 13.), .UNSPECIFIED.);
#4726 = EDGE_CURVE ('', #4717, #4686, #4725, .T.);
#4727 = ORIENTED_EDGE ('', *, *, #4726, .T.);
#4728 = EDGE_LOOP ('', (#4708, #4715, #4722, #4727));
#4729 = FACE_OUTER_BOUND ('', #4728, .T.);
#4730 = CARTESIAN_POINT ('', (74.625, 110.25, -4.24999999999959));
#4731 = CARTESIAN_POINT ('', (74.6250000000001, 110.25, -2.99999999999959));
#4732 = CARTESIAN_POINT ('', (74.6249999999999, 108.75, -4.25000000000053));
#4733 = CARTESIAN_POINT ('', (74.6249999999999, 108.75, -3.00000000000053));
#4734 = B_SPLINE_SURFACE_WITH_KNOTS ('', 1, 1, ((#4730, #4731), (#4732, #4733)), .UNSPECIFIED., .F., .F., .U., (2, 2), (2, 2), (12., 13.), (0., 1.), .UNSPECIFIED.);
#4735 = ADVANCED_FACE ('', (#4729), #4734, .T.);
#4736 = ORIENTED_EDGE ('', *, *, #4721, .T.);
#4737 = CARTESIAN_POINT ('', (75.375, 111., -2.99999999999979));
#4738 = VERTEX_POINT ('', #4737);
#4739 = CARTESIAN_POINT ('', (75.375, 111., -2.99999999999979));
#4740 = CARTESIAN_POINT ('', (74.6249999999999, 111., -2.99999999999981));
#4741 = CARTESIAN_POINT ('', (74.6250000000001, 110.25, -2.99999999999959));
#4742 = (
   BOUNDED_CURVE ()
   B_SPLINE_CURVE (2, (#4739, #4740, #4741), .UNSPECIFIED., .F., .U.)
   B_SPLINE_CURVE_WITH_KNOTS ((3, 3), (11., 12.), .UNSPECIFIED.)
   CURVE ()
   GEOMETRIC_REPRESENTATION_ITEM ()
   RATIONAL_B_SPLINE_CURVE ((1., 0.707106781186481, 1.))
   REPRESENTATION_ITEM ('')
);
#4743 = EDGE_CURVE ('', #4738, #4710, #4742, .T.);
#4744 = ORIENTED_EDGE ('', *, *, #4743, .F.);
#4745 = CARTESIAN_POINT ('', (75.3749999999999, 111., -4.24999999999979));
#4746 = VERTEX_POINT ('', #4745);
#4747 = CARTESIAN_POINT ('', (75.3749999999999, 111., -4.24999999999979));
#4748 = CARTESIAN_POINT ('', (75.375, 111., -2.99999999999979));
#4749 = B_SPLINE_CURVE_WITH_KNOTS ('', 1, (#4747, #4748), .UNSPECIFIED., .F., .U., (2, 2), (0., 1.), .UNSPECIFIED.);
#4750 = EDGE_CURVE ('', #4746, #4738, #4749, .T.);
#4751 = ORIENTED_EDGE ('', *, *, #4750, .F.);
#4752 = CARTESIAN_POINT ('', (75.3749999999999, 111., -4.24999999999979));
#4753 = CARTESIAN_POINT ('', (74.6249999999998, 111., -4.24999999999982));
#4754 = CARTESIAN_POINT ('', (74.625, 110.25, -4.24999999999959));
#4755 = (
   BOUNDED_CURVE ()
   B_SPLINE_CURVE (2, (#4752, #4753, #4754), .UNSPECIFIED., .F., .U.)
   B_SPLINE_CURVE_WITH_KNOTS ((3, 3), (11., 12.), .UNSPECIFIED.)
   CURVE ()
   GEOMETRIC_REPRESENTATION_ITEM ()
   RATIONAL_B_SPLINE_CURVE ((1., 0.707106781186481, 1.))
   REPRESENTATION_ITEM ('')
);
#4756 = EDGE_CURVE ('', #4746, #4717, #4755, .T.);
#4757 = ORIENTED_EDGE ('', *, *, #4756, .T.);
#4758 = EDGE_LOOP ('', (#4736, #4744, #4751, #4757));
#4759 = FACE_OUTER_BOUND ('', #4758, .T.);
#4760 = CARTESIAN_POINT ('', (75.3749999999999, 111., -4.24999999999979));
#4761 = CARTESIAN_POINT ('', (75.375, 111., -2.99999999999979));
#4762 = CARTESIAN_POINT ('', (74.6249999999998, 111., -4.24999999999982));
#4763 = CARTESIAN_POINT ('', (74.6249999999999, 111., -2.99999999999981));
#4764 = CARTESIAN_POINT ('', (74.625, 110.25, -4.24999999999959));
#4765 = CARTESIAN_POINT ('', (74.6250000000001, 110.25, -2.99999999999959));
#4766 = (
   BOUNDED_SURFACE ()
   B_SPLINE_SURFACE (2, 1, ((#4760, #4761), (#4762, #4763), (#4764, #4765)), .UNSPECIFIED., .F., .F., .U.)
   B_SPLINE_SURFACE_WITH_KNOTS ((3, 3), (2, 2), (11., 12.), (0., 1.), .UNSPECIFIED.)
   GEOMETRIC_REPRESENTATION_ITEM ()
   RATIONAL_B_SPLINE_SURFACE (((1., 1.), (0.707106781186481, 0.707106781186481), (1., 1.)))
   REPRESENTATION_ITEM ('')
   SURFACE ()
);
#4767 = ADVANCED_FACE ('', (#4759), #4766, .T.);
#4768 = ORIENTED_EDGE ('', *, *, #4750, .T.);
#4769 = CARTESIAN_POINT ('', (77.1249999999999, 111., -3.00000000000046));
#4770 = VERTEX_POINT ('', #4769);
#4771 = CARTESIAN_POINT ('', (77.1249999999999, 111., -3.00000000000046));
#4772 = CARTESIAN_POINT ('', (75.375, 111., -2.99999999999979));
#4773 = B_SPLINE_CURVE_WITH_KNOTS ('', 1, (#4771, #4772), .UNSPECIFIED., .F., .U., (2, 2), (10., 11.), .UNSPECIFIED.);
#4774 = EDGE_CURVE ('', #4770, #4738, #4773, .T.);
#4775 = ORIENTED_EDGE ('', *, *, #4774, .F.);
#4776 = CARTESIAN_POINT ('', (77.1249999999999, 111., -4.25000000000046));
#4777 = VERTEX_POINT ('', #4776);
#4778 = CARTESIAN_POINT ('', (77.1249999999999, 111., -4.25000000000046));
#4779 = CARTESIAN_POINT ('', (77.1249999999999, 111., -3.00000000000046));
#4780 = B_SPLINE_CURVE_WITH_KNOTS ('', 1, (#4778, #4779), .UNSPECIFIED., .F., .U., (2, 2), (0., 1.), .UNSPECIFIED.);
#4781 = EDGE_CURVE ('', #4777, #4770, #4780, .T.);
#4782 = ORIENTED_EDGE ('', *, *, #4781, .F.);
#4783 = CARTESIAN_POINT ('', (77.1249999999999, 111., -4.25000000000046));
#4784 = CARTESIAN_POINT ('', (75.3749999999999, 111., -4.24999999999979));
#4785 = B_SPLINE_CURVE_WITH_KNOTS ('', 1, (#4783, #4784), .UNSPECIFIED., .F., .U., (2, 2), (10., 11.), .UNSPECIFIED.);
#4786 = EDGE_CURVE ('', #4777, #4746, #4785, .T.);
#4787 = ORIENTED_EDGE ('', *, *, #4786, .T.);
#4788 = EDGE_LOOP ('', (#4768, #4775, #4782, #4787));
#4789 = FACE_OUTER_BOUND ('', #4788, .T.);
#4790 = CARTESIAN_POINT ('', (77.1249999999999, 111., -4.25000000000046));
#4791 = CARTESIAN_POINT ('', (77.1249999999999, 111., -3.00000000000046));
#4792 = CARTESIAN_POINT ('', (75.3749999999999, 111., -4.24999999999979));
#4793 = CARTESIAN_POINT ('', (75.375, 111., -2.99999999999979));
#4794 = B_SPLINE_SURFACE_WITH_KNOTS ('', 1, 1, ((#4790, #4791), (#4792, #4793)), .UNSPECIFIED., .F., .F., .U., (2, 2), (2, 2), (10., 11.), (0., 1.), .UNSPECIFIED.);
#4795 = ADVANCED_FACE ('', (#4789), #4794, .T.);
#4796 = ORIENTED_EDGE ('', *, *, #4781, .T.);
#4797 = CARTESIAN_POINT ('', (77.8749999999999, 110.25, -3.00000000000019));
#4798 = VERTEX_POINT ('', #4797);
#4799 = CARTESIAN_POINT ('', (77.8749999999999, 110.25, -3.00000000000019));
#4800 = CARTESIAN_POINT ('', (77.875, 111., -2.99999999999985));
#4801 = CARTESIAN_POINT ('', (77.1249999999999, 111., -3.00000000000046));
#4802 = (
   BOUNDED_CURVE ()
   B_SPLINE_CURVE (2, (#4799, #4800, #4801), .UNSPECIFIED., .F., .U.)
   B_SPLINE_CURVE_WITH_KNOTS ((3, 3), (9., 10.), .UNSPECIFIED.)
   CURVE ()
   GEOMETRIC_REPRESENTATION_ITEM ()
   RATIONAL_B_SPLINE_CURVE ((1., 0.707106781186508, 1.))
   REPRESENTATION_ITEM ('')
);
#4803 = EDGE_CURVE ('', #4798, #4770, #4802, .T.);
#4804 = ORIENTED_EDGE ('', *, *, #4803, .F.);
#4805 = CARTESIAN_POINT ('', (77.8749999999999, 110.25, -4.25000000000019));
#4806 = VERTEX_POINT ('', #4805);
#4807 = CARTESIAN_POINT ('', (77.8749999999999, 110.25, -4.25000000000019));
#4808 = CARTESIAN_POINT ('', (77.8749999999999, 110.25, -3.00000000000019));
#4809 = B_SPLINE_CURVE_WITH_KNOTS ('', 1, (#4807, #4808), .UNSPECIFIED., .F., .U., (2, 2), (0., 1.), .UNSPECIFIED.);
#4810 = EDGE_CURVE ('', #4806, #4798, #4809, .T.);
#4811 = ORIENTED_EDGE ('', *, *, #4810, .F.);
#4812 = CARTESIAN_POINT ('', (77.8749999999999, 110.25, -4.25000000000019));
#4813 = CARTESIAN_POINT ('', (77.8749999999999, 111., -4.24999999999988));
#4814 = CARTESIAN_POINT ('', (77.1249999999999, 111., -4.25000000000046));
#4815 = (
   BOUNDED_CURVE ()
   B_SPLINE_CURVE (2, (#4812, #4813, #4814), .UNSPECIFIED., .F., .U.)
   B_SPLINE_CURVE_WITH_KNOTS ((3, 3), (9., 10.), .UNSPECIFIED.)
   CURVE ()
   GEOMETRIC_REPRESENTATION_ITEM ()
   RATIONAL_B_SPLINE_CURVE ((1., 0.707106781186508, 1.))
   REPRESENTATION_ITEM ('')
);
#4816 = EDGE_CURVE ('', #4806, #4777, #4815, .T.);
#4817 = ORIENTED_EDGE ('', *, *, #4816, .T.);
#4818 = EDGE_LOOP ('', (#4796, #4804, #4811, #4817));
#4819 = FACE_OUTER_BOUND ('', #4818, .T.);
#4820 = CARTESIAN_POINT ('', (77.8749999999999, 110.25, -4.25000000000019));
#4821 = CARTESIAN_POINT ('', (77.8749999999999, 110.25, -3.00000000000019));
#4822 = CARTESIAN_POINT ('', (77.8749999999999, 111., -4.24999999999988));
#4823 = CARTESIAN_POINT ('', (77.875, 111., -2.99999999999985));
#4824 = CARTESIAN_POINT ('', (77.1249999999999, 111., -4.25000000000046));
#4825 = CARTESIAN_POINT ('', (77.1249999999999, 111., -3.00000000000046));
#4826 = (
   BOUNDED_SURFACE ()
   B_SPLINE_SURFACE (2, 1, ((#4820, #4821), (#4822, #4823), (#4824, #4825)), .UNSPECIFIED., .F., .F., .U.)
   B_SPLINE_SURFACE_WITH_KNOTS ((3, 3), (2, 2), (9., 10.), (0., 1.), .UNSPECIFIED.)
   GEOMETRIC_REPRESENTATION_ITEM ()
   RATIONAL_B_SPLINE_SURFACE (((1., 1.), (0.707106781186508, 0.707106781186508), (1., 1.)))
   REPRESENTATION_ITEM ('')
   SURFACE ()
);
#4827 = ADVANCED_FACE ('', (#4819), #4826, .T.);
#4828 = ORIENTED_EDGE ('', *, *, #4810, .T.);
#4829 = CARTESIAN_POINT ('', (77.8749999999999, 108.75, -3.0000000000005));
#4830 = VERTEX_POINT ('', #4829);
#4831 = CARTESIAN_POINT ('', (77.8749999999999, 108.75, -3.00000000000052));
#4832 = CARTESIAN_POINT ('', (77.8749999999999, 110.25, -3.00000000000019));
#4833 = B_SPLINE_CURVE_WITH_KNOTS ('', 1, (#4831, #4832), .UNSPECIFIED., .F., .U., (2, 2), (8., 9.), .UNSPECIFIED.);
#4834 = EDGE_CURVE ('', #4830, #4798, #4833, .T.);
#4835 = ORIENTED_EDGE ('', *, *, #4834, .F.);
#4836 = CARTESIAN_POINT ('', (77.8749999999998, 108.75, -4.2500000000005));
#4837 = VERTEX_POINT ('', #4836);
#4838 = CARTESIAN_POINT ('', (77.8749999999998, 108.75, -4.25000000000051));
#4839 = CARTESIAN_POINT ('', (77.8749999999999, 108.75, -3.00000000000051));
#4840 = B_SPLINE_CURVE_WITH_KNOTS ('', 1, (#4838, #4839), .UNSPECIFIED., .F., .U., (2, 2), (0., 1.), .UNSPECIFIED.);
#4841 = EDGE_CURVE ('', #4837, #4830, #4840, .T.);
#4842 = ORIENTED_EDGE ('', *, *, #4841, .F.);
#4843 = CARTESIAN_POINT ('', (77.8749999999998, 108.75, -4.25000000000052));
#4844 = CARTESIAN_POINT ('', (77.8749999999999, 110.25, -4.25000000000019));
#4845 = B_SPLINE_CURVE_WITH_KNOTS ('', 1, (#4843, #4844), .UNSPECIFIED., .F., .U., (2, 2), (8., 9.), .UNSPECIFIED.);
#4846 = EDGE_CURVE ('', #4837, #4806, #4845, .T.);
#4847 = ORIENTED_EDGE ('', *, *, #4846, .T.);
#4848 = EDGE_LOOP ('', (#4828, #4835, #4842, #4847));
#4849 = FACE_OUTER_BOUND ('', #4848, .T.);
#4850 = CARTESIAN_POINT ('', (77.8749999999998, 108.75, -4.25000000000052));
#4851 = CARTESIAN_POINT ('', (77.8749999999999, 108.75, -3.00000000000052));
#4852 = CARTESIAN_POINT ('', (77.8749999999999, 110.25, -4.25000000000019));
#4853 = CARTESIAN_POINT ('', (77.8749999999999, 110.25, -3.00000000000019));
#4854 = B_SPLINE_SURFACE_WITH_KNOTS ('', 1, 1, ((#4850, #4851), (#4852, #4853)), .UNSPECIFIED., .F., .F., .U., (2, 2), (2, 2), (8., 9.), (0., 1.), .UNSPECIFIED.);
#4855 = ADVANCED_FACE ('', (#4849), #4854, .T.);
#4856 = CARTESIAN_POINT ('', (78.1249999999998, 108.75, -4.49999999999992));
#4857 = VERTEX_POINT ('', #4856);
#4858 = CARTESIAN_POINT ('', (78.1249999999998, 110.25, -4.50000000000021));
#4859 = VERTEX_POINT ('', #4858);
#4860 = CARTESIAN_POINT ('', (78.1249999999998, 108.75, -4.50000000000053));
#4861 = CARTESIAN_POINT ('', (78.1249999999999, 109.25, -4.50000000000031));
#4862 = CARTESIAN_POINT ('', (78.1249999999998, 109.75, -4.50000000000038));
#4863 = CARTESIAN_POINT ('', (78.1249999999998, 110.25, -4.50000000000021));
#4864 = B_SPLINE_CURVE_WITH_KNOTS ('', 3, (#4860, #4861, #4862, #4863), .UNSPECIFIED., .F., .U., (4, 4), (0., 1.), .UNSPECIFIED.);
#4865 = EDGE_CURVE ('', #4857, #4859, #4864, .T.);
#4866 = ORIENTED_EDGE ('', *, *, #4865, .T.);
#4867 = CARTESIAN_POINT ('', (77.8749999999999, 110.25, -4.25000000000019));
#4868 = CARTESIAN_POINT ('', (78.1249999999998, 110.25, -4.49999999999992));
#4869 = B_SPLINE_CURVE_WITH_KNOTS ('', 1, (#4867, #4868), .UNSPECIFIED., .F., .U., (2, 2), (0., 1.), .UNSPECIFIED.);
#4870 = EDGE_CURVE ('', #4806, #4859, #4869, .T.);
#4871 = ORIENTED_EDGE ('', *, *, #4870, .F.);
#4872 = ORIENTED_EDGE ('', *, *, #4846, .F.);
#4873 = CARTESIAN_POINT ('', (77.8749999999998, 108.75, -4.25000000000052));
#4874 = CARTESIAN_POINT ('', (78.1249999999998, 108.75, -4.50000000000053));
#4875 = B_SPLINE_CURVE_WITH_KNOTS ('', 1, (#4873, #4874), .UNSPECIFIED., .F., .U., (2, 2), (0., 1.), .UNSPECIFIED.);
#4876 = EDGE_CURVE ('', #4837, #4857, #4875, .T.);
#4877 = ORIENTED_EDGE ('', *, *, #4876, .T.);
#4878 = EDGE_LOOP ('', (#4866, #4871, #4872, #4877));
#4879 = FACE_OUTER_BOUND ('', #4878, .T.);
#4880 = CARTESIAN_POINT ('', (77.8749999999998, 108.75, -4.25000000000052));
#4881 = CARTESIAN_POINT ('', (77.8749999999999, 109.25, -4.25000000000035));
#4882 = CARTESIAN_POINT ('', (77.8749999999998, 109.75, -4.25000000000033));
#4883 = CARTESIAN_POINT ('', (77.8749999999999, 110.25, -4.25000000000019));
#4884 = CARTESIAN_POINT ('', (78.1249999999998, 108.75, -4.50000000000053));
#4885 = CARTESIAN_POINT ('', (78.1249999999999, 109.25, -4.50000000000031));
#4886 = CARTESIAN_POINT ('', (78.1249999999998, 109.75, -4.50000000000038));
#4887 = CARTESIAN_POINT ('', (78.1249999999998, 110.25, -4.50000000000021));
#4888 = B_SPLINE_SURFACE_WITH_KNOTS ('', 1, 3, ((#4880, #4881, #4882, #4883), (#4884, #4885, #4886, #4887)), .UNSPECIFIED., .F., .F., .U., (2, 2), (4, 4), (0., 1.), (0., 1.), .UNSPECIFIED.);
#4889 = ADVANCED_FACE ('', (#4879), #4888, .T.);
#4890 = CARTESIAN_POINT ('', (77.1249999999999, 111.25, -4.49999999999991));
#4891 = VERTEX_POINT ('', #4890);
#4892 = CARTESIAN_POINT ('', (78.1249999999998, 110.25, -4.49999999999992));
#4893 = CARTESIAN_POINT ('', (78.1249999999998, 111.25, -4.49999999999945));
#4894 = CARTESIAN_POINT ('', (77.1249999999998, 111.25, -4.50000000000049));
#4895 = (
   BOUNDED_CURVE ()
   B_SPLINE_CURVE (2, (#4892, #4893, #4894), .UNSPECIFIED., .F., .U.)
   B_SPLINE_CURVE_WITH_KNOTS ((3, 3), (0., 1.), .UNSPECIFIED.)
   CURVE ()
   GEOMETRIC_REPRESENTATION_ITEM ()
   RATIONAL_B_SPLINE_CURVE ((1., 0.70710678118652, 1.))
   REPRESENTATION_ITEM ('')
);
#4896 = EDGE_CURVE ('', #4859, #4891, #4895, .T.);
#4897 = ORIENTED_EDGE ('', *, *, #4896, .T.);
#4898 = CARTESIAN_POINT ('', (77.1249999999999, 111., -4.25000000000046));
#4899 = CARTESIAN_POINT ('', (77.1249999999999, 111.25, -4.50000000000041));
#4900 = B_SPLINE_CURVE_WITH_KNOTS ('', 1, (#4898, #4899), .UNSPECIFIED., .F., .U., (2, 2), (0., 1.), .UNSPECIFIED.);
#4901 = EDGE_CURVE ('', #4777, #4891, #4900, .T.);
#4902 = ORIENTED_EDGE ('', *, *, #4901, .F.);
#4903 = ORIENTED_EDGE ('', *, *, #4816, .F.);
#4904 = ORIENTED_EDGE ('', *, *, #4870, .T.);
#4905 = EDGE_LOOP ('', (#4897, #4902, #4903, #4904));
#4906 = FACE_OUTER_BOUND ('', #4905, .T.);
#4907 = CARTESIAN_POINT ('', (77.8749999999999, 110.25, -4.25000000000019));
#4908 = CARTESIAN_POINT ('', (77.8750466126079, 110.308868806499, -4.25000000000016));
#4909 = CARTESIAN_POINT ('', (77.8644367472275, 110.401824262339, -4.25000000000014));
#4910 = CARTESIAN_POINT ('', (77.8245545843529, 110.526454142313, -4.25000000000011));
#4911 = CARTESIAN_POINT ('', (77.7813628108598, 110.617627891445, -4.25000000000009));
#4912 = CARTESIAN_POINT ('', (77.7251660581693, 110.703721835757, -4.25000000000008));
#4913 = CARTESIAN_POINT ('', (77.6570231553531, 110.782023155353, -4.25000000000016));
#4914 = CARTESIAN_POINT ('', (77.5787218357569, 110.850166058169, -4.25000000000016));
#4915 = CARTESIAN_POINT ('', (77.4926278914446, 110.90636281086, -4.25000000000022));
#4916 = CARTESIAN_POINT ('', (77.4014541423127, 110.949554584353, -4.25000000000031));
#4917 = CARTESIAN_POINT ('', (77.2768242623387, 110.989436747227, -4.25000000000028));
#4918 = CARTESIAN_POINT ('', (77.1838688064987, 111.000046612608, -4.25000000000042));
#4919 = CARTESIAN_POINT ('', (77.1249999999999, 111., -4.25000000000046));
#4920 = CARTESIAN_POINT ('', (78.1249999999998, 110.25, -4.49999999999992));
#4921 = CARTESIAN_POINT ('', (78.125062150144, 110.328491741998, -4.49999999999989));
#4922 = CARTESIAN_POINT ('', (78.11091566297, 110.452432349785, -4.49999999999981));
#4923 = CARTESIAN_POINT ('', (78.0577394458039, 110.618605523084, -4.49999999999981));
#4924 = CARTESIAN_POINT ('', (78.0001504144798, 110.740170521926, -4.49999999999979));
#4925 = CARTESIAN_POINT ('', (77.9252214108924, 110.854962447676, -4.49999999999982));
#4926 = CARTESIAN_POINT ('', (77.8343642071375, 110.959364207138, -4.49999999999989));
#4927 = CARTESIAN_POINT ('', (77.7299624476759, 111.050221410893, -4.49999999999996));
#4928 = CARTESIAN_POINT ('', (77.6151705219262, 111.12515041448, -4.50000000000004));
#4929 = CARTESIAN_POINT ('', (77.4936055230836, 111.182739445804, -4.50000000000014));
#4930 = CARTESIAN_POINT ('', (77.327432349785, 111.23591566297, -4.50000000000029));
#4931 = CARTESIAN_POINT ('', (77.2034917419982, 111.250062150144, -4.50000000000038));
#4932 = CARTESIAN_POINT ('', (77.1249999999998, 111.25, -4.50000000000049));
#4933 = B_SPLINE_SURFACE_WITH_KNOTS ('', 1, 3, ((#4907, #4908, #4909, #4910, #4911, #4912, #4913, #4914, #4915, #4916, #4917, #4918, #4919), (#4920, #4921, #4922, #4923, #4924, #4925, #4926, #4927, #4928, #4929, #4930, #4931, #4932)), .UNSPECIFIED., .F., .F., .U., (2, 2), (4, 1, 1, 1, 1, 1, 1, 1, 1, 1, 4), (0., 1.), (0., 0.166666666666665, 0.250000000000001, 0.333333333333332, 0.416666666666667, 0.499999999999997, 0.583333333333334, 0.666666666666666, 0.749999999999987, 0.83333333333333, 1.), .UNSPECIFIED.);
#4934 = ADVANCED_FACE ('', (#4906), #4933, .T.);
#4935 = CARTESIAN_POINT ('', (75.3749999999999, 111.25, -4.49999999999984));
#4936 = VERTEX_POINT ('', #4935);
#4937 = CARTESIAN_POINT ('', (75.3749999999999, 111.25, -4.49999999999984));
#4938 = CARTESIAN_POINT ('', (75.9583333333332, 111.25, -4.49999999999982));
#4939 = CARTESIAN_POINT ('', (76.5416666666665, 111.25, -4.49999999999992));
#4940 = CARTESIAN_POINT ('', (77.1249999999999, 111.249999999999, -4.49999999999991));
#4941 = B_SPLINE_CURVE_WITH_KNOTS ('', 3, (#4937, #4938, #4939, #4940), .UNSPECIFIED., .F., .U., (4, 4), (0., 1.74999999999996), .UNSPECIFIED.);
#4942 = EDGE_CURVE ('', #4936, #4891, #4941, .T.);
#4943 = ORIENTED_EDGE ('', *, *, #4942, .F.);
#4944 = CARTESIAN_POINT ('', (75.3749999999999, 111., -4.24999999999979));
#4945 = CARTESIAN_POINT ('', (75.3749999999999, 111.25, -4.49999999999974));
#4946 = B_SPLINE_CURVE_WITH_KNOTS ('', 1, (#4944, #4945), .UNSPECIFIED., .F., .U., (2, 2), (0., 1.), .UNSPECIFIED.);
#4947 = EDGE_CURVE ('', #4746, #4936, #4946, .T.);
#4948 = ORIENTED_EDGE ('', *, *, #4947, .F.);
#4949 = ORIENTED_EDGE ('', *, *, #4786, .F.);
#4950 = ORIENTED_EDGE ('', *, *, #4901, .T.);
#4951 = EDGE_LOOP ('', (#4943, #4948, #4949, #4950));
#4952 = FACE_OUTER_BOUND ('', #4951, .T.);
#4953 = CARTESIAN_POINT ('', (77.1249999999999, 111., -4.25000000000046));
#4954 = CARTESIAN_POINT ('', (76.5416666666665, 111., -4.25000000000031));
#4955 = CARTESIAN_POINT ('', (75.9583333333332, 111., -4.24999999999998));
#4956 = CARTESIAN_POINT ('', (75.3749999999999, 111., -4.24999999999979));
#4957 = CARTESIAN_POINT ('', (77.1249999999999, 111.25, -4.50000000000041));
#4958 = CARTESIAN_POINT ('', (76.5416666666665, 111.25, -4.50000000000023));
#4959 = CARTESIAN_POINT ('', (75.9583333333332, 111.25, -4.49999999999994));
#4960 = CARTESIAN_POINT ('', (75.3749999999999, 111.25, -4.49999999999974));
#4961 = B_SPLINE_SURFACE_WITH_KNOTS ('', 1, 3, ((#4953, #4954, #4955, #4956), (#4957, #4958, #4959, #4960)), .UNSPECIFIED., .F., .F., .U., (2, 2), (4, 4), (0., 1.), (0., 1.), .UNSPECIFIED.);
#4962 = ADVANCED_FACE ('', (#4952), #4961, .T.);
#4963 = CARTESIAN_POINT ('', (74.3749999999999, 110.25, -4.49999999999986));
#4964 = VERTEX_POINT ('', #4963);
#4965 = CARTESIAN_POINT ('', (75.3749999999999, 111.25, -4.49999999999974));
#4966 = CARTESIAN_POINT ('', (74.3749999999999, 111.25, -4.49999999999967));
#4967 = CARTESIAN_POINT ('', (74.3749999999999, 110.25, -4.49999999999986));
#4968 = (
   BOUNDED_CURVE ()
   B_SPLINE_CURVE (2, (#4965, #4966, #4967), .UNSPECIFIED., .F., .U.)
   B_SPLINE_CURVE_WITH_KNOTS ((3, 3), (0., 1.), .UNSPECIFIED.)
   CURVE ()
   GEOMETRIC_REPRESENTATION_ITEM ()
   RATIONAL_B_SPLINE_CURVE ((1., 0.707106781186548, 1.))
   REPRESENTATION_ITEM ('')
);
#4969 = EDGE_CURVE ('', #4936, #4964, #4968, .T.);
#4970 = ORIENTED_EDGE ('', *, *, #4969, .T.);
#4971 = CARTESIAN_POINT ('', (74.625, 110.25, -4.24999999999959));
#4972 = CARTESIAN_POINT ('', (74.375, 110.25, -4.49999999999958));
#4973 = B_SPLINE_CURVE_WITH_KNOTS ('', 1, (#4971, #4972), .UNSPECIFIED., .F., .U., (2, 2), (0., 1.), .UNSPECIFIED.);
#4974 = EDGE_CURVE ('', #4717, #4964, #4973, .T.);
#4975 = ORIENTED_EDGE ('', *, *, #4974, .F.);
#4976 = ORIENTED_EDGE ('', *, *, #4756, .F.);
#4977 = ORIENTED_EDGE ('', *, *, #4947, .T.);
#4978 = EDGE_LOOP ('', (#4970, #4975, #4976, #4977));
#4979 = FACE_OUTER_BOUND ('', #4978, .T.);
#4980 = CARTESIAN_POINT ('', (75.3749999999999, 111., -4.24999999999979));
#4981 = CARTESIAN_POINT ('', (75.316131193501, 111.000046612608, -4.24999999999984));
#4982 = CARTESIAN_POINT ('', (75.2231757376611, 110.989436747228, -4.24999999999974));
#4983 = CARTESIAN_POINT ('', (75.0985458576871, 110.949554584353, -4.24999999999982));
#4984 = CARTESIAN_POINT ('', (75.0073721085551, 110.90636281086, -4.24999999999977));
#4985 = CARTESIAN_POINT ('', (74.9212781642428, 110.850166058169, -4.24999999999978));
#4986 = CARTESIAN_POINT ('', (74.8429768446467, 110.782023155353, -4.24999999999972));
#4987 = CARTESIAN_POINT ('', (74.7748339418305, 110.703721835757, -4.24999999999974));
#4988 = CARTESIAN_POINT ('', (74.71863718914, 110.617627891445, -4.24999999999969));
#4989 = CARTESIAN_POINT ('', (74.6754454156469, 110.526454142313, -4.24999999999968));
#4990 = CARTESIAN_POINT ('', (74.6355632527724, 110.401824262339, -4.24999999999962));
#4991 = CARTESIAN_POINT ('', (74.6249533873918, 110.308868806499, -4.24999999999964));
#4992 = CARTESIAN_POINT ('', (74.625, 110.25, -4.24999999999959));
#4993 = CARTESIAN_POINT ('', (75.3749999999999, 111.25, -4.49999999999974));
#4994 = CARTESIAN_POINT ('', (75.2965082580015, 111.250062150144, -4.49999999999972));
#4995 = CARTESIAN_POINT ('', (75.1725676502147, 111.23591566297, -4.49999999999972));
#4996 = CARTESIAN_POINT ('', (75.0063944769161, 111.182739445804, -4.49999999999974));
#4997 = CARTESIAN_POINT ('', (74.8848294780735, 111.12515041448, -4.49999999999974));
#4998 = CARTESIAN_POINT ('', (74.7700375523238, 111.050221410893, -4.49999999999972));
#4999 = CARTESIAN_POINT ('', (74.6656357928622, 110.959364207138, -4.49999999999977));
#5000 = CARTESIAN_POINT ('', (74.5747785891073, 110.854962447676, -4.49999999999974));
#5001 = CARTESIAN_POINT ('', (74.49984958552, 110.740170521926, -4.49999999999975));
#5002 = CARTESIAN_POINT ('', (74.4422605541959, 110.618605523084, -4.49999999999984));
#5003 = CARTESIAN_POINT ('', (74.3890843370297, 110.452432349785, -4.49999999999975));
#5004 = CARTESIAN_POINT ('', (74.3749378498557, 110.328491741998, -4.49999999999988));
#5005 = CARTESIAN_POINT ('', (74.3749999999999, 110.25, -4.49999999999986));
#5006 = B_SPLINE_SURFACE_WITH_KNOTS ('', 1, 3, ((#4980, #4981, #4982, #4983, #4984, #4985, #4986, #4987, #4988, #4989, #4990, #4991, #4992), (#4993, #4994, #4995, #4996, #4997, #4998, #4999, #5000, #5001, #5002, #5003, #5004, #5005)), .UNSPECIFIED., .F., .F., .U., (2, 2), (4, 1, 1, 1, 1, 1, 1, 1, 1, 1, 4), (0., 1.), (0., 0.166666666666646, 0.249999999999999, 0.333333333333319, 0.41666666666666, 0.499999999999983, 0.583333333333317, 0.666666666666657, 0.749999999999988, 0.833333333333324, 1.), .UNSPECIFIED.);
#5007 = ADVANCED_FACE ('', (#4979), #5006, .T.);
#5008 = CARTESIAN_POINT ('', (74.375, 108.75, -4.50000000000016));
#5009 = VERTEX_POINT ('', #5008);
#5010 = CARTESIAN_POINT ('', (74.375, 110.25, -4.49999999999958));
#5011 = CARTESIAN_POINT ('', (74.3749999999998, 108.75, -4.50000000000051));
#5012 = B_SPLINE_CURVE_WITH_KNOTS ('', 1, (#5010, #5011), .UNSPECIFIED., .F., .U., (2, 2), (0., 1.), .UNSPECIFIED.);
#5013 = EDGE_CURVE ('', #4964, #5009, #5012, .T.);
#5014 = ORIENTED_EDGE ('', *, *, #5013, .T.);
#5015 = CARTESIAN_POINT ('', (74.6249999999999, 108.75, -4.25000000000053));
#5016 = CARTESIAN_POINT ('', (74.375, 108.75, -4.50000000000018));
#5017 = B_SPLINE_CURVE_WITH_KNOTS ('', 1, (#5015, #5016), .UNSPECIFIED., .F., .U., (2, 2), (0., 1.), .UNSPECIFIED.);
#5018 = EDGE_CURVE ('', #4686, #5009, #5017, .T.);
#5019 = ORIENTED_EDGE ('', *, *, #5018, .F.);
#5020 = ORIENTED_EDGE ('', *, *, #4726, .F.);
#5021 = ORIENTED_EDGE ('', *, *, #4974, .T.);
#5022 = EDGE_LOOP ('', (#5014, #5019, #5020, #5021));
#5023 = FACE_OUTER_BOUND ('', #5022, .T.);
#5024 = CARTESIAN_POINT ('', (74.625, 110.25, -4.24999999999959));
#5025 = CARTESIAN_POINT ('', (74.6249999999999, 109.75, -4.24999999999992));
#5026 = CARTESIAN_POINT ('', (74.6249999999999, 109.25, -4.25000000000021));
#5027 = CARTESIAN_POINT ('', (74.6249999999999, 108.75, -4.25000000000053));
#5028 = CARTESIAN_POINT ('', (74.375, 110.25, -4.49999999999958));
#5029 = CARTESIAN_POINT ('', (74.3749999999999, 109.75, -4.49999999999989));
#5030 = CARTESIAN_POINT ('', (74.3749999999999, 109.25, -4.50000000000021));
#5031 = CARTESIAN_POINT ('', (74.3749999999998, 108.75, -4.5000000000005));
#5032 = B_SPLINE_SURFACE_WITH_KNOTS ('', 1, 3, ((#5024, #5025, #5026, #5027), (#5028, #5029, #5030, #5031)), .UNSPECIFIED., .F., .F., .U., (2, 2), (4, 4), (0., 1.), (0., 1.), .UNSPECIFIED.);
#5033 = ADVANCED_FACE ('', (#5023), #5032, .T.);
#5034 = ORIENTED_EDGE ('', *, *, #4660, .T.);
#5035 = CARTESIAN_POINT ('', (77.1249999999999, 108., -3.00000000000055));
#5036 = CARTESIAN_POINT ('', (77.8749999999999, 108., -3.00000000000046));
#5037 = CARTESIAN_POINT ('', (77.8749999999999, 108.75, -3.00000000000052));
#5038 = (
   BOUNDED_CURVE ()
   B_SPLINE_CURVE (2, (#5035, #5036, #5037), .UNSPECIFIED., .F., .U.)
   B_SPLINE_CURVE_WITH_KNOTS ((3, 3), (15., 16.), .UNSPECIFIED.)
   CURVE ()
   GEOMETRIC_REPRESENTATION_ITEM ()
   RATIONAL_B_SPLINE_CURVE ((1., 0.707106781186552, 1.))
   REPRESENTATION_ITEM ('')
);
#5039 = EDGE_CURVE ('', #4649, #4830, #5038, .T.);
#5040 = ORIENTED_EDGE ('', *, *, #5039, .T.);
#5041 = ORIENTED_EDGE ('', *, *, #4834, .T.);
#5042 = ORIENTED_EDGE ('', *, *, #4803, .T.);
#5043 = ORIENTED_EDGE ('', *, *, #4774, .T.);
#5044 = ORIENTED_EDGE ('', *, *, #4743, .T.);
#5045 = ORIENTED_EDGE ('', *, *, #4714, .T.);
#5046 = ORIENTED_EDGE ('', *, *, #4683, .T.);
#5047 = EDGE_LOOP ('', (#5034, #5040, #5041, #5042, #5043, #5044, #5045, #5046));
#5048 = FACE_OUTER_BOUND ('', #5047, .T.);
#5049 = CARTESIAN_POINT ('', (74.6249999999999, 111., -2.99999999999984));
#5050 = CARTESIAN_POINT ('', (77.8749999999999, 111., -3.00000000000009));
#5051 = CARTESIAN_POINT ('', (74.6249999999999, 108., -3.00000000000053));
#5052 = CARTESIAN_POINT ('', (77.8749999999999, 108., -3.00000000000078));
#5053 = B_SPLINE_SURFACE_WITH_KNOTS ('', 1, 1, ((#5049, #5050), (#5051, #5052)), .UNSPECIFIED., .F., .F., .U., (2, 2), (2, 2), (0.338504737444505, 0.66149526255549), (0.325046798898217, 0.674953201101779), .UNSPECIFIED.);
#5054 = ADVANCED_FACE ('', (#5048), #5053, .T.);
#5055 = ORIENTED_EDGE ('', *, *, #4841, .T.);
#5056 = ORIENTED_EDGE ('', *, *, #5039, .F.);
#5057 = ORIENTED_EDGE ('', *, *, #4653, .F.);
#5058 = CARTESIAN_POINT ('', (77.1249999999998, 108., -4.25000000000055));
#5059 = CARTESIAN_POINT ('', (77.8749999999998, 108., -4.25000000000046));
#5060 = CARTESIAN_POINT ('', (77.8749999999998, 108.75, -4.25000000000052));
#5061 = (
   BOUNDED_CURVE ()
   B_SPLINE_CURVE (2, (#5058, #5059, #5060), .UNSPECIFIED., .F., .U.)
   B_SPLINE_CURVE_WITH_KNOTS ((3, 3), (15., 16.), .UNSPECIFIED.)
   CURVE ()
   GEOMETRIC_REPRESENTATION_ITEM ()
   RATIONAL_B_SPLINE_CURVE ((1., 0.707106781186552, 1.))
   REPRESENTATION_ITEM ('')
);
#5062 = EDGE_CURVE ('', #4618, #4837, #5061, .T.);
#5063 = ORIENTED_EDGE ('', *, *, #5062, .T.);
#5064 = EDGE_LOOP ('', (#5055, #5056, #5057, #5063));
#5065 = FACE_OUTER_BOUND ('', #5064, .T.);
#5066 = CARTESIAN_POINT ('', (77.1249999999998, 108., -4.25000000000055));
#5067 = CARTESIAN_POINT ('', (77.1249999999999, 108., -3.00000000000055));
#5068 = CARTESIAN_POINT ('', (77.8749999999998, 108., -4.25000000000046));
#5069 = CARTESIAN_POINT ('', (77.8749999999999, 108., -3.00000000000046));
#5070 = CARTESIAN_POINT ('', (77.8749999999998, 108.75, -4.25000000000052));
#5071 = CARTESIAN_POINT ('', (77.8749999999999, 108.75, -3.00000000000052));
#5072 = (
   BOUNDED_SURFACE ()
   B_SPLINE_SURFACE (2, 1, ((#5066, #5067), (#5068, #5069), (#5070, #5071)), .UNSPECIFIED., .F., .F., .U.)
   B_SPLINE_SURFACE_WITH_KNOTS ((3, 3), (2, 2), (15., 16.), (0., 1.), .UNSPECIFIED.)
   GEOMETRIC_REPRESENTATION_ITEM ()
   RATIONAL_B_SPLINE_SURFACE (((1., 1.), (0.707106781186552, 0.707106781186552), (1., 1.)))
   REPRESENTATION_ITEM ('')
   SURFACE ()
);
#5073 = ADVANCED_FACE ('', (#5065), #5072, .T.);
#5074 = CARTESIAN_POINT ('', (77.1249999999998, 107.75, -4.50000000000076));
#5075 = CARTESIAN_POINT ('', (78.1249999999998, 107.75, -4.50000000000082));
#5076 = CARTESIAN_POINT ('', (78.1249999999998, 108.75, -4.49999999999994));
#5077 = (
   BOUNDED_CURVE ()
   B_SPLINE_CURVE (2, (#5074, #5075, #5076), .UNSPECIFIED., .F., .U.)
   B_SPLINE_CURVE_WITH_KNOTS ((3, 3), (0., 1.), .UNSPECIFIED.)
   CURVE ()
   GEOMETRIC_REPRESENTATION_ITEM ()
   RATIONAL_B_SPLINE_CURVE ((1., 0.707106781186566, 1.))
   REPRESENTATION_ITEM ('')
);
#5078 = EDGE_CURVE ('', #4607, #4857, #5077, .T.);
#5079 = ORIENTED_EDGE ('', *, *, #5078, .T.);
#5080 = ORIENTED_EDGE ('', *, *, #4876, .F.);
#5081 = ORIENTED_EDGE ('', *, *, #5062, .F.);
#5082 = ORIENTED_EDGE ('', *, *, #4622, .T.);
#5083 = EDGE_LOOP ('', (#5079, #5080, #5081, #5082));
#5084 = FACE_OUTER_BOUND ('', #5083, .T.);
#5085 = CARTESIAN_POINT ('', (77.1249999999998, 108., -4.25000000000055));
#5086 = CARTESIAN_POINT ('', (77.1838688064987, 107.999953387392, -4.25000000000053));
#5087 = CARTESIAN_POINT ('', (77.2768242623386, 108.010563252772, -4.25000000000056));
#5088 = CARTESIAN_POINT ('', (77.4014541423127, 108.050445415647, -4.25000000000055));
#5089 = CARTESIAN_POINT ('', (77.4926278914446, 108.09363718914, -4.25000000000046));
#5090 = CARTESIAN_POINT ('', (77.5787218357569, 108.14983394183, -4.25000000000053));
#5091 = CARTESIAN_POINT ('', (77.6570231553531, 108.217976844647, -4.25000000000049));
#5092 = CARTESIAN_POINT ('', (77.7251660581693, 108.296278164243, -4.25000000000053));
#5093 = CARTESIAN_POINT ('', (77.7813628108598, 108.382372108555, -4.25000000000048));
#5094 = CARTESIAN_POINT ('', (77.8245545843528, 108.473545857687, -4.25000000000053));
#5095 = CARTESIAN_POINT ('', (77.8644367472274, 108.598175737661, -4.25000000000046));
#5096 = CARTESIAN_POINT ('', (77.8750466126079, 108.691131193501, -4.25000000000056));
#5097 = CARTESIAN_POINT ('', (77.8749999999998, 108.75, -4.25000000000052));
#5098 = CARTESIAN_POINT ('', (77.1249999999998, 107.75, -4.50000000000076));
#5099 = CARTESIAN_POINT ('', (77.2034917419982, 107.749937849856, -4.50000000000073));
#5100 = CARTESIAN_POINT ('', (77.3274323497849, 107.76408433703, -4.50000000000082));
#5101 = CARTESIAN_POINT ('', (77.4936055230836, 107.817260554196, -4.50000000000072));
#5102 = CARTESIAN_POINT ('', (77.6151705219261, 107.87484958552, -4.50000000000068));
#5103 = CARTESIAN_POINT ('', (77.7299624476759, 107.949778589107, -4.50000000000063));
#5104 = CARTESIAN_POINT ('', (77.8343642071375, 108.040635792862, -4.50000000000055));
#5105 = CARTESIAN_POINT ('', (77.9252214108924, 108.145037552324, -4.50000000000045));
#5106 = CARTESIAN_POINT ('', (78.0001504144798, 108.259829478074, -4.50000000000038));
#5107 = CARTESIAN_POINT ('', (78.0577394458038, 108.381394476916, -4.50000000000028));
#5108 = CARTESIAN_POINT ('', (78.11091566297, 108.547567650215, -4.50000000000011));
#5109 = CARTESIAN_POINT ('', (78.125062150144, 108.671508258001, -4.50000000000002));
#5110 = CARTESIAN_POINT ('', (78.1249999999998, 108.75, -4.49999999999994));
#5111 = B_SPLINE_SURFACE_WITH_KNOTS ('', 1, 3, ((#5085, #5086, #5087, #5088, #5089, #5090, #5091, #5092, #5093, #5094, #5095, #5096, #5097), (#5098, #5099, #5100, #5101, #5102, #5103, #5104, #5105, #5106, #5107, #5108, #5109, #5110)), .UNSPECIFIED., .F., .F., .U., (2, 2), (4, 1, 1, 1, 1, 1, 1, 1, 1, 1, 4), (0., 1.), (0., 0.166666666666666, 0.249999999999998, 0.333333333333332, 0.416666666666664, 0.499999999999987, 0.58333333333332, 0.666666666666663, 0.749999999999995, 0.833333333333326, 1.), .UNSPECIFIED.);
#5112 = ADVANCED_FACE ('', (#5084), #5111, .T.);
#5113 = CARTESIAN_POINT ('', (80.1249999999998, 108.75, -4.50000000000035));
#5114 = VERTEX_POINT ('', #5113);
#5115 = CARTESIAN_POINT ('', (80.1249999999999, 110.25, -4.49999999999964));
#5116 = VERTEX_POINT ('', #5115);
#5117 = CARTESIAN_POINT ('', (80.1249999999998, 108.75, -4.50000000000036));
#5118 = CARTESIAN_POINT ('', (80.1249999999999, 110.25, -4.49999999999964));
#5119 = B_SPLINE_CURVE_WITH_KNOTS ('', 1, (#5117, #5118), .UNSPECIFIED., .F., .U., (2, 2), (8., 9.), .UNSPECIFIED.);
#5120 = EDGE_CURVE ('', #5114, #5116, #5119, .T.);
#5121 = ORIENTED_EDGE ('', *, *, #5120, .T.);
#5122 = CARTESIAN_POINT ('', (78.6249999999998, 111.75, -4.50000000000019));
#5123 = VERTEX_POINT ('', #5122);
#5124 = CARTESIAN_POINT ('', (80.1249999999999, 110.25, -4.49999999999964));
#5125 = CARTESIAN_POINT ('', (80.1249999999999, 111.75, -4.49999999999897));
#5126 = CARTESIAN_POINT ('', (78.6249999999998, 111.75, -4.50000000000019));
#5127 = (
   BOUNDED_CURVE ()
   B_SPLINE_CURVE (2, (#5124, #5125, #5126), .UNSPECIFIED., .F., .U.)
   B_SPLINE_CURVE_WITH_KNOTS ((3, 3), (9., 10.), .UNSPECIFIED.)
   CURVE ()
   GEOMETRIC_REPRESENTATION_ITEM ()
   RATIONAL_B_SPLINE_CURVE ((1., 0.707106781186508, 1.))
   REPRESENTATION_ITEM ('')
);
#5128 = EDGE_CURVE ('', #5116, #5123, #5127, .T.);
#5129 = ORIENTED_EDGE ('', *, *, #5128, .T.);
#5130 = CARTESIAN_POINT ('', (73.875, 111.75, -4.50000000000001));
#5131 = VERTEX_POINT ('', #5130);
#5132 = CARTESIAN_POINT ('', (78.6249999999998, 111.75, -4.50000000000018));
#5133 = CARTESIAN_POINT ('', (73.875, 111.75, -4.5));
#5134 = B_SPLINE_CURVE_WITH_KNOTS ('', 1, (#5132, #5133), .UNSPECIFIED., .F., .U., (2, 2), (0., 1.), .UNSPECIFIED.);
#5135 = EDGE_CURVE ('', #5123, #5131, #5134, .T.);
#5136 = ORIENTED_EDGE ('', *, *, #5135, .T.);
#5137 = CARTESIAN_POINT ('', (72.3749999999999, 110.25, -4.49999999999996));
#5138 = VERTEX_POINT ('', #5137);
#5139 = CARTESIAN_POINT ('', (73.875, 111.75, -4.50000000000001));
#5140 = CARTESIAN_POINT ('', (72.375, 111.75, -4.50000000000006));
#5141 = CARTESIAN_POINT ('', (72.3749999999999, 110.25, -4.49999999999996));
#5142 = (
   BOUNDED_CURVE ()
   B_SPLINE_CURVE (2, (#5139, #5140, #5141), .UNSPECIFIED., .F., .U.)
   B_SPLINE_CURVE_WITH_KNOTS ((3, 3), (11., 12.), .UNSPECIFIED.)
   CURVE ()
   GEOMETRIC_REPRESENTATION_ITEM ()
   RATIONAL_B_SPLINE_CURVE ((1., 0.707106781186579, 1.))
   REPRESENTATION_ITEM ('')
);
#5143 = EDGE_CURVE ('', #5131, #5138, #5142, .T.);
#5144 = ORIENTED_EDGE ('', *, *, #5143, .T.);
#5145 = CARTESIAN_POINT ('', (72.3749999999999, 108.75, -4.50000000000036));
#5146 = VERTEX_POINT ('', #5145);
#5147 = CARTESIAN_POINT ('', (72.3749999999999, 110.25, -4.49999999999996));
#5148 = CARTESIAN_POINT ('', (72.3749999999999, 108.75, -4.50000000000036));
#5149 = B_SPLINE_CURVE_WITH_KNOTS ('', 1, (#5147, #5148), .UNSPECIFIED., .F., .U., (2, 2), (12., 13.), .UNSPECIFIED.);
#5150 = EDGE_CURVE ('', #5138, #5146, #5149, .T.);
#5151 = ORIENTED_EDGE ('', *, *, #5150, .T.);
#5152 = CARTESIAN_POINT ('', (73.875, 107.25, -4.50000000000104));
#5153 = VERTEX_POINT ('', #5152);
#5154 = CARTESIAN_POINT ('', (72.3749999999999, 108.75, -4.50000000000036));
#5155 = CARTESIAN_POINT ('', (72.3749999999999, 107.25, -4.50000000000065));
#5156 = CARTESIAN_POINT ('', (73.875, 107.25, -4.50000000000106));
#5157 = (
   BOUNDED_CURVE ()
   B_SPLINE_CURVE (2, (#5154, #5155, #5156), .UNSPECIFIED., .F., .U.)
   B_SPLINE_CURVE_WITH_KNOTS ((3, 3), (13., 14.), .UNSPECIFIED.)
   CURVE ()
   GEOMETRIC_REPRESENTATION_ITEM ()
   RATIONAL_B_SPLINE_CURVE ((1., 0.707106781186508, 1.))
   REPRESENTATION_ITEM ('')
);
#5158 = EDGE_CURVE ('', #5146, #5153, #5157, .T.);
#5159 = ORIENTED_EDGE ('', *, *, #5158, .T.);
#5160 = CARTESIAN_POINT ('', (78.6249999999998, 107.25, -4.50000000000066));
#5161 = VERTEX_POINT ('', #5160);
#5162 = CARTESIAN_POINT ('', (73.875, 107.25, -4.50000000000106));
#5163 = CARTESIAN_POINT ('', (78.6249999999998, 107.25, -4.50000000000068));
#5164 = B_SPLINE_CURVE_WITH_KNOTS ('', 1, (#5162, #5163), .UNSPECIFIED., .F., .U., (2, 2), (0., 1.), .UNSPECIFIED.);
#5165 = EDGE_CURVE ('', #5153, #5161, #5164, .T.);
#5166 = ORIENTED_EDGE ('', *, *, #5165, .T.);
#5167 = CARTESIAN_POINT ('', (78.6249999999998, 107.25, -4.50000000000068));
#5168 = CARTESIAN_POINT ('', (80.1249999999998, 107.25, -4.50000000000066));
#5169 = CARTESIAN_POINT ('', (80.1249999999998, 108.75, -4.50000000000036));
#5170 = (
   BOUNDED_CURVE ()
   B_SPLINE_CURVE (2, (#5167, #5168, #5169), .UNSPECIFIED., .F., .U.)
   B_SPLINE_CURVE_WITH_KNOTS ((3, 3), (7., 8.), .UNSPECIFIED.)
   CURVE ()
   GEOMETRIC_REPRESENTATION_ITEM ()
   RATIONAL_B_SPLINE_CURVE ((1., 0.707106781186552, 1.))
   REPRESENTATION_ITEM ('')
);
#5171 = EDGE_CURVE ('', #5161, #5114, #5170, .T.);
#5172 = ORIENTED_EDGE ('', *, *, #5171, .T.);
#5173 = EDGE_LOOP ('', (#5121, #5129, #5136, #5144, #5151, #5159, #5166, #5172));
#5174 = FACE_OUTER_BOUND ('', #5173, .T.);
#5175 = CARTESIAN_POINT ('', (74.375, 108.75, -4.50000000000018));
#5176 = CARTESIAN_POINT ('', (74.3750000000001, 107.75, -4.50000000000006));
#5177 = CARTESIAN_POINT ('', (75.3749999999997, 107.75, -4.50000000000149));
#5178 = (
   BOUNDED_CURVE ()
   B_SPLINE_CURVE (2, (#5175, #5176, #5177), .UNSPECIFIED., .F., .U.)
   B_SPLINE_CURVE_WITH_KNOTS ((3, 3), (0., 1.), .UNSPECIFIED.)
   CURVE ()
   GEOMETRIC_REPRESENTATION_ITEM ()
   RATIONAL_B_SPLINE_CURVE ((1., 0.707106781186825, 1.))
   REPRESENTATION_ITEM ('')
);
#5179 = EDGE_CURVE ('', #5009, #4609, #5178, .T.);
#5180 = ORIENTED_EDGE ('', *, *, #5179, .F.);
#5181 = ORIENTED_EDGE ('', *, *, #5013, .F.);
#5182 = ORIENTED_EDGE ('', *, *, #4969, .F.);
#5183 = ORIENTED_EDGE ('', *, *, #4942, .T.);
#5184 = ORIENTED_EDGE ('', *, *, #4896, .F.);
#5185 = ORIENTED_EDGE ('', *, *, #4865, .F.);
#5186 = ORIENTED_EDGE ('', *, *, #5078, .F.);
#5187 = ORIENTED_EDGE ('', *, *, #4615, .T.);
#5188 = EDGE_LOOP ('', (#5180, #5181, #5182, #5183, #5184, #5185, #5186, #5187));
#5189 = FACE_BOUND ('', #5188, .T.);
#5190 = CARTESIAN_POINT ('', (72.3749999999999, 111.75, -4.49999999999992));
#5191 = CARTESIAN_POINT ('', (80.1249999999999, 111.75, -4.49999999999975));
#5192 = CARTESIAN_POINT ('', (72.3749999999999, 107.25, -4.50000000000073));
#5193 = CARTESIAN_POINT ('', (80.1249999999999, 107.25, -4.50000000000057));
#5194 = B_SPLINE_SURFACE_WITH_KNOTS ('', 1, 1, ((#5190, #5191), (#5192, #5193)), .UNSPECIFIED., .F., .F., .U., (2, 2), (2, 2), (0.360879827179745, 0.639120172820255), (0.214030755869478, 0.693222462250352), .UNSPECIFIED.);
#5195 = ADVANCED_FACE ('', (#5174, #5189), #5194, .T.);
#5196 = CARTESIAN_POINT ('', (80.1249999999999, 110.25, -4.99999999999964));
#5197 = VERTEX_POINT ('', #5196);
#5198 = CARTESIAN_POINT ('', (80.1249999999999, 110.25, -4.49999999999964));
#5199 = CARTESIAN_POINT ('', (80.1249999999999, 110.25, -4.99999999999964));
#5200 = B_SPLINE_CURVE_WITH_KNOTS ('', 1, (#5198, #5199), .UNSPECIFIED., .F., .U., (2, 2), (0., 1.), .UNSPECIFIED.);
#5201 = EDGE_CURVE ('', #5116, #5197, #5200, .T.);
#5202 = ORIENTED_EDGE ('', *, *, #5201, .F.);
#5203 = ORIENTED_EDGE ('', *, *, #5120, .F.);
#5204 = CARTESIAN_POINT ('', (80.1249999999998, 108.75, -5.00000000000035));
#5205 = VERTEX_POINT ('', #5204);
#5206 = CARTESIAN_POINT ('', (80.1249999999998, 108.75, -4.50000000000036));
#5207 = CARTESIAN_POINT ('', (80.1249999999998, 108.75, -5.00000000000036));
#5208 = B_SPLINE_CURVE_WITH_KNOTS ('', 1, (#5206, #5207), .UNSPECIFIED., .F., .U., (2, 2), (0., 1.), .UNSPECIFIED.);
#5209 = EDGE_CURVE ('', #5114, #5205, #5208, .T.);
#5210 = ORIENTED_EDGE ('', *, *, #5209, .T.);
#5211 = CARTESIAN_POINT ('', (80.1249999999998, 108.75, -5.00000000000036));
#5212 = CARTESIAN_POINT ('', (80.1249999999999, 110.25, -4.99999999999964));
#5213 = B_SPLINE_CURVE_WITH_KNOTS ('', 1, (#5211, #5212), .UNSPECIFIED., .F., .U., (2, 2), (8., 9.), .UNSPECIFIED.);
#5214 = EDGE_CURVE ('', #5205, #5197, #5213, .T.);
#5215 = ORIENTED_EDGE ('', *, *, #5214, .T.);
#5216 = EDGE_LOOP ('', (#5202, #5203, #5210, #5215));
#5217 = FACE_OUTER_BOUND ('', #5216, .T.);
#5218 = CARTESIAN_POINT ('', (80.1249999999998, 108.75, -4.50000000000036));
#5219 = CARTESIAN_POINT ('', (80.1249999999999, 110.25, -4.49999999999964));
#5220 = CARTESIAN_POINT ('', (80.1249999999998, 108.75, -5.00000000000036));
#5221 = CARTESIAN_POINT ('', (80.1249999999999, 110.25, -4.99999999999964));
#5222 = B_SPLINE_SURFACE_WITH_KNOTS ('', 1, 1, ((#5218, #5219), (#5220, #5221)), .UNSPECIFIED., .F., .F., .U., (2, 2), (2, 2), (0., 1.), (8., 9.), .UNSPECIFIED.);
#5223 = ADVANCED_FACE ('', (#5217), #5222, .T.);
#5224 = ORIENTED_EDGE ('', *, *, #5214, .F.);
#5225 = CARTESIAN_POINT ('', (78.6249999999999, 107.25, -5.00000000000066));
#5226 = VERTEX_POINT ('', #5225);
#5227 = CARTESIAN_POINT ('', (78.6249999999999, 107.25, -5.00000000000068));
#5228 = CARTESIAN_POINT ('', (80.1249999999998, 107.25, -5.00000000000066));
#5229 = CARTESIAN_POINT ('', (80.1249999999998, 108.75, -5.00000000000036));
#5230 = (
   BOUNDED_CURVE ()
   B_SPLINE_CURVE (2, (#5227, #5228, #5229), .UNSPECIFIED., .F., .U.)
   B_SPLINE_CURVE_WITH_KNOTS ((3, 3), (7., 8.), .UNSPECIFIED.)
   CURVE ()
   GEOMETRIC_REPRESENTATION_ITEM ()
   RATIONAL_B_SPLINE_CURVE ((1., 0.707106781186552, 1.))
   REPRESENTATION_ITEM ('')
);
#5231 = EDGE_CURVE ('', #5226, #5205, #5230, .T.);
#5232 = ORIENTED_EDGE ('', *, *, #5231, .F.);
#5233 = CARTESIAN_POINT ('', (73.875, 107.250000000001, -5.00000000000104));
#5234 = VERTEX_POINT ('', #5233);
#5235 = CARTESIAN_POINT ('', (73.875, 107.25, -5.00000000000106));
#5236 = CARTESIAN_POINT ('', (78.6249999999999, 107.25, -5.00000000000068));
#5237 = B_SPLINE_CURVE_WITH_KNOTS ('', 1, (#5235, #5236), .UNSPECIFIED., .F., .U., (2, 2), (0., 1.), .UNSPECIFIED.);
#5238 = EDGE_CURVE ('', #5234, #5226, #5237, .T.);
#5239 = ORIENTED_EDGE ('', *, *, #5238, .F.);
#5240 = CARTESIAN_POINT ('', (72.3749999999999, 108.75, -5.00000000000036));
#5241 = VERTEX_POINT ('', #5240);
#5242 = CARTESIAN_POINT ('', (72.3749999999999, 108.75, -5.00000000000036));
#5243 = CARTESIAN_POINT ('', (72.3749999999999, 107.25, -5.00000000000065));
#5244 = CARTESIAN_POINT ('', (73.875, 107.25, -5.00000000000106));
#5245 = (
   BOUNDED_CURVE ()
   B_SPLINE_CURVE (2, (#5242, #5243, #5244), .UNSPECIFIED., .F., .U.)
   B_SPLINE_CURVE_WITH_KNOTS ((3, 3), (13., 14.), .UNSPECIFIED.)
   CURVE ()
   GEOMETRIC_REPRESENTATION_ITEM ()
   RATIONAL_B_SPLINE_CURVE ((1., 0.707106781186508, 1.))
   REPRESENTATION_ITEM ('')
);
#5246 = EDGE_CURVE ('', #5241, #5234, #5245, .T.);
#5247 = ORIENTED_EDGE ('', *, *, #5246, .F.);
#5248 = CARTESIAN_POINT ('', (72.3749999999999, 110.25, -4.99999999999996));
#5249 = VERTEX_POINT ('', #5248);
#5250 = CARTESIAN_POINT ('', (72.3749999999999, 110.25, -4.99999999999996));
#5251 = CARTESIAN_POINT ('', (72.3749999999999, 108.75, -5.00000000000036));
#5252 = B_SPLINE_CURVE_WITH_KNOTS ('', 1, (#5250, #5251), .UNSPECIFIED., .F., .U., (2, 2), (12., 13.), .UNSPECIFIED.);
#5253 = EDGE_CURVE ('', #5249, #5241, #5252, .T.);
#5254 = ORIENTED_EDGE ('', *, *, #5253, .F.);
#5255 = CARTESIAN_POINT ('', (73.875, 111.75, -5.00000000000001));
#5256 = VERTEX_POINT ('', #5255);
#5257 = CARTESIAN_POINT ('', (73.875, 111.75, -5.00000000000001));
#5258 = CARTESIAN_POINT ('', (72.375, 111.75, -5.00000000000004));
#5259 = CARTESIAN_POINT ('', (72.3749999999999, 110.25, -4.99999999999996));
#5260 = (
   BOUNDED_CURVE ()
   B_SPLINE_CURVE (2, (#5257, #5258, #5259), .UNSPECIFIED., .F., .U.)
   B_SPLINE_CURVE_WITH_KNOTS ((3, 3), (11., 12.), .UNSPECIFIED.)
   CURVE ()
   GEOMETRIC_REPRESENTATION_ITEM ()
   RATIONAL_B_SPLINE_CURVE ((1., 0.707106781186579, 1.))
   REPRESENTATION_ITEM ('')
);
#5261 = EDGE_CURVE ('', #5256, #5249, #5260, .T.);
#5262 = ORIENTED_EDGE ('', *, *, #5261, .F.);
#5263 = CARTESIAN_POINT ('', (78.6249999999998, 111.75, -5.00000000000019));
#5264 = VERTEX_POINT ('', #5263);
#5265 = CARTESIAN_POINT ('', (78.6249999999998, 111.75, -5.00000000000018));
#5266 = CARTESIAN_POINT ('', (73.875, 111.75, -5.));
#5267 = B_SPLINE_CURVE_WITH_KNOTS ('', 1, (#5265, #5266), .UNSPECIFIED., .F., .U., (2, 2), (0., 1.), .UNSPECIFIED.);
#5268 = EDGE_CURVE ('', #5264, #5256, #5267, .T.);
#5269 = ORIENTED_EDGE ('', *, *, #5268, .F.);
#5270 = CARTESIAN_POINT ('', (80.1249999999999, 110.25, -4.99999999999964));
#5271 = CARTESIAN_POINT ('', (80.1249999999999, 111.75, -4.99999999999897));
#5272 = CARTESIAN_POINT ('', (78.6249999999998, 111.75, -5.00000000000019));
#5273 = (
   BOUNDED_CURVE ()
   B_SPLINE_CURVE (2, (#5270, #5271, #5272), .UNSPECIFIED., .F., .U.)
   B_SPLINE_CURVE_WITH_KNOTS ((3, 3), (9., 10.), .UNSPECIFIED.)
   CURVE ()
   GEOMETRIC_REPRESENTATION_ITEM ()
   RATIONAL_B_SPLINE_CURVE ((1., 0.707106781186508, 1.))
   REPRESENTATION_ITEM ('')
);
#5274 = EDGE_CURVE ('', #5197, #5264, #5273, .T.);
#5275 = ORIENTED_EDGE ('', *, *, #5274, .F.);
#5276 = EDGE_LOOP ('', (#5224, #5232, #5239, #5247, #5254, #5262, #5269, #5275));
#5277 = FACE_OUTER_BOUND ('', #5276, .T.);
#5278 = CARTESIAN_POINT ('', (75.5000000000001, 108.75, -5.0000000000004));
#5279 = VERTEX_POINT ('', #5278);
#5280 = CARTESIAN_POINT ('', (75.5000000000001, 110.25, -5.00000000000012));
#5281 = VERTEX_POINT ('', #5280);
#5282 = CARTESIAN_POINT ('', (75.5000000000001, 108.75, -5.0000000000004));
#5283 = CARTESIAN_POINT ('', (75.5000000000001, 110.25, -5.00000000000012));
#5284 = B_SPLINE_CURVE_WITH_KNOTS ('', 1, (#5282, #5283), .UNSPECIFIED., .F., .U., (2, 2), (0., 1.), .UNSPECIFIED.);
#5285 = EDGE_CURVE ('', #5279, #5281, #5284, .T.);
#5286 = ORIENTED_EDGE ('', *, *, #5285, .F.);
#5287 = CARTESIAN_POINT ('', (77.0000000000001, 108.75, -5.00000000000036));
#5288 = VERTEX_POINT ('', #5287);
#5289 = CARTESIAN_POINT ('', (77.0000000000001, 108.75, -5.00000000000036));
#5290 = CARTESIAN_POINT ('', (75.5000000000001, 108.75, -5.0000000000004));
#5291 = B_SPLINE_CURVE_WITH_KNOTS ('', 1, (#5289, #5290), .UNSPECIFIED., .F., .U., (2, 2), (0., 1.), .UNSPECIFIED.);
#5292 = EDGE_CURVE ('', #5288, #5279, #5291, .T.);
#5293 = ORIENTED_EDGE ('', *, *, #5292, .F.);
#5294 = CARTESIAN_POINT ('', (77.0000000000001, 110.25, -5.00000000000009));
#5295 = VERTEX_POINT ('', #5294);
#5296 = CARTESIAN_POINT ('', (77.0000000000001, 110.25, -5.00000000000009));
#5297 = CARTESIAN_POINT ('', (77.0000000000001, 108.75, -5.00000000000036));
#5298 = B_SPLINE_CURVE_WITH_KNOTS ('', 1, (#5296, #5297), .UNSPECIFIED., .F., .U., (2, 2), (0., 1.), .UNSPECIFIED.);
#5299 = EDGE_CURVE ('', #5295, #5288, #5298, .T.);
#5300 = ORIENTED_EDGE ('', *, *, #5299, .F.);
#5301 = CARTESIAN_POINT ('', (75.5000000000001, 110.25, -5.00000000000012));
#5302 = CARTESIAN_POINT ('', (77.0000000000001, 110.25, -5.00000000000009));
#5303 = B_SPLINE_CURVE_WITH_KNOTS ('', 1, (#5301, #5302), .UNSPECIFIED., .F., .U., (2, 2), (0., 1.), .UNSPECIFIED.);
#5304 = EDGE_CURVE ('', #5281, #5295, #5303, .T.);
#5305 = ORIENTED_EDGE ('', *, *, #5304, .F.);
#5306 = EDGE_LOOP ('', (#5286, #5293, #5300, #5305));
#5307 = FACE_BOUND ('', #5306, .T.);
#5308 = CARTESIAN_POINT ('', (72.3749999999999, 111.75, -4.99999999999992));
#5309 = CARTESIAN_POINT ('', (72.3749999999999, 107.25, -5.00000000000073));
#5310 = CARTESIAN_POINT ('', (80.1249999999999, 111.75, -4.99999999999975));
#5311 = CARTESIAN_POINT ('', (80.1249999999999, 107.25, -5.00000000000057));
#5312 = B_SPLINE_SURFACE_WITH_KNOTS ('', 1, 1, ((#5308, #5309), (#5310, #5311)), .UNSPECIFIED., .F., .F., .U., (2, 2), (2, 2), (0.214030755869477, 0.693222462250353), (0.360879827179743, 0.639120172820254), .UNSPECIFIED.);
#5313 = ADVANCED_FACE ('', (#5277, #5307), #5312, .T.);
#5314 = ORIENTED_EDGE ('', *, *, #5209, .F.);
#5315 = ORIENTED_EDGE ('', *, *, #5171, .F.);
#5316 = CARTESIAN_POINT ('', (78.6249999999998, 107.25, -4.50000000000068));
#5317 = CARTESIAN_POINT ('', (78.6249999999999, 107.25, -5.00000000000068));
#5318 = B_SPLINE_CURVE_WITH_KNOTS ('', 1, (#5316, #5317), .UNSPECIFIED., .F., .U., (2, 2), (0., 1.), .UNSPECIFIED.);
#5319 = EDGE_CURVE ('', #5161, #5226, #5318, .T.);
#5320 = ORIENTED_EDGE ('', *, *, #5319, .T.);
#5321 = ORIENTED_EDGE ('', *, *, #5231, .T.);
#5322 = EDGE_LOOP ('', (#5314, #5315, #5320, #5321));
#5323 = FACE_OUTER_BOUND ('', #5322, .T.);
#5324 = CARTESIAN_POINT ('', (78.6249999999998, 107.25, -4.50000000000068));
#5325 = CARTESIAN_POINT ('', (80.1249999999998, 107.25, -4.50000000000066));
#5326 = CARTESIAN_POINT ('', (80.1249999999998, 108.75, -4.50000000000036));
#5327 = CARTESIAN_POINT ('', (78.6249999999999, 107.25, -5.00000000000068));
#5328 = CARTESIAN_POINT ('', (80.1249999999998, 107.25, -5.00000000000066));
#5329 = CARTESIAN_POINT ('', (80.1249999999998, 108.75, -5.00000000000036));
#5330 = (
   BOUNDED_SURFACE ()
   B_SPLINE_SURFACE (1, 2, ((#5324, #5325, #5326), (#5327, #5328, #5329)), .UNSPECIFIED., .F., .F., .U.)
   B_SPLINE_SURFACE_WITH_KNOTS ((2, 2), (3, 3), (0., 1.), (7., 8.), .UNSPECIFIED.)
   GEOMETRIC_REPRESENTATION_ITEM ()
   RATIONAL_B_SPLINE_SURFACE (((1., 0.707106781186552, 1.), (1., 0.707106781186552, 1.)))
   REPRESENTATION_ITEM ('')
   SURFACE ()
);
#5331 = ADVANCED_FACE ('', (#5323), #5330, .T.);
#5332 = ORIENTED_EDGE ('', *, *, #5238, .T.);
#5333 = ORIENTED_EDGE ('', *, *, #5319, .F.);
#5334 = ORIENTED_EDGE ('', *, *, #5165, .F.);
#5335 = CARTESIAN_POINT ('', (73.875, 107.25, -4.50000000000106));
#5336 = CARTESIAN_POINT ('', (73.875, 107.25, -5.00000000000106));
#5337 = B_SPLINE_CURVE_WITH_KNOTS ('', 1, (#5335, #5336), .UNSPECIFIED., .F., .U., (2, 2), (0., 1.), .UNSPECIFIED.);
#5338 = EDGE_CURVE ('', #5153, #5234, #5337, .T.);
#5339 = ORIENTED_EDGE ('', *, *, #5338, .T.);
#5340 = EDGE_LOOP ('', (#5332, #5333, #5334, #5339));
#5341 = FACE_OUTER_BOUND ('', #5340, .T.);
#5342 = CARTESIAN_POINT ('', (73.875, 107.25, -4.49999999999951));
#5343 = CARTESIAN_POINT ('', (78.6249999999998, 107.25, -4.49999999999924));
#5344 = CARTESIAN_POINT ('', (73.875, 107.25, -5.00000000000097));
#5345 = CARTESIAN_POINT ('', (78.6249999999999, 107.25, -5.0000000000007));
#5346 = B_SPLINE_SURFACE_WITH_KNOTS ('', 1, 1, ((#5342, #5343), (#5344, #5345)), .UNSPECIFIED., .F., .F., .U., (2, 2), (2, 2), (-2.88480350718602E-12, 1.), (13.5384615384615, 15.), .UNSPECIFIED.);
#5347 = ADVANCED_FACE ('', (#5341), #5346, .T.);
#5348 = ORIENTED_EDGE ('', *, *, #5338, .F.);
#5349 = ORIENTED_EDGE ('', *, *, #5158, .F.);
#5350 = CARTESIAN_POINT ('', (72.3749999999999, 108.75, -4.50000000000036));
#5351 = CARTESIAN_POINT ('', (72.3749999999999, 108.75, -5.00000000000036));
#5352 = B_SPLINE_CURVE_WITH_KNOTS ('', 1, (#5350, #5351), .UNSPECIFIED., .F., .U., (2, 2), (0., 1.), .UNSPECIFIED.);
#5353 = EDGE_CURVE ('', #5146, #5241, #5352, .T.);
#5354 = ORIENTED_EDGE ('', *, *, #5353, .T.);
#5355 = ORIENTED_EDGE ('', *, *, #5246, .T.);
#5356 = EDGE_LOOP ('', (#5348, #5349, #5354, #5355));
#5357 = FACE_OUTER_BOUND ('', #5356, .T.);
#5358 = CARTESIAN_POINT ('', (72.3749999999999, 108.75, -4.50000000000036));
#5359 = CARTESIAN_POINT ('', (72.3749999999999, 107.25, -4.50000000000065));
#5360 = CARTESIAN_POINT ('', (73.875, 107.25, -4.50000000000106));
#5361 = CARTESIAN_POINT ('', (72.3749999999999, 108.75, -5.00000000000036));
#5362 = CARTESIAN_POINT ('', (72.3749999999999, 107.25, -5.00000000000065));
#5363 = CARTESIAN_POINT ('', (73.875, 107.25, -5.00000000000106));
#5364 = (
   BOUNDED_SURFACE ()
   B_SPLINE_SURFACE (1, 2, ((#5358, #5359, #5360), (#5361, #5362, #5363)), .UNSPECIFIED., .F., .F., .U.)
   B_SPLINE_SURFACE_WITH_KNOTS ((2, 2), (3, 3), (0., 1.), (13., 14.), .UNSPECIFIED.)
   GEOMETRIC_REPRESENTATION_ITEM ()
   RATIONAL_B_SPLINE_SURFACE (((1., 0.707106781186508, 1.), (1., 0.707106781186508, 1.)))
   REPRESENTATION_ITEM ('')
   SURFACE ()
);
#5365 = ADVANCED_FACE ('', (#5357), #5364, .T.);
#5366 = ORIENTED_EDGE ('', *, *, #5353, .F.);
#5367 = ORIENTED_EDGE ('', *, *, #5150, .F.);
#5368 = CARTESIAN_POINT ('', (72.3749999999999, 110.25, -4.49999999999996));
#5369 = CARTESIAN_POINT ('', (72.3749999999999, 110.25, -4.99999999999996));
#5370 = B_SPLINE_CURVE_WITH_KNOTS ('', 1, (#5368, #5369), .UNSPECIFIED., .F., .U., (2, 2), (0., 1.), .UNSPECIFIED.);
#5371 = EDGE_CURVE ('', #5138, #5249, #5370, .T.);
#5372 = ORIENTED_EDGE ('', *, *, #5371, .T.);
#5373 = ORIENTED_EDGE ('', *, *, #5253, .T.);
#5374 = EDGE_LOOP ('', (#5366, #5367, #5372, #5373));
#5375 = FACE_OUTER_BOUND ('', #5374, .T.);
#5376 = CARTESIAN_POINT ('', (72.3749999999999, 110.25, -4.49999999999996));
#5377 = CARTESIAN_POINT ('', (72.3749999999999, 108.75, -4.50000000000036));
#5378 = CARTESIAN_POINT ('', (72.3749999999999, 110.25, -4.99999999999996));
#5379 = CARTESIAN_POINT ('', (72.3749999999999, 108.75, -5.00000000000036));
#5380 = B_SPLINE_SURFACE_WITH_KNOTS ('', 1, 1, ((#5376, #5377), (#5378, #5379)), .UNSPECIFIED., .F., .F., .U., (2, 2), (2, 2), (0., 1.), (12., 13.), .UNSPECIFIED.);
#5381 = ADVANCED_FACE ('', (#5375), #5380, .T.);
#5382 = ORIENTED_EDGE ('', *, *, #5371, .F.);
#5383 = ORIENTED_EDGE ('', *, *, #5143, .F.);
#5384 = CARTESIAN_POINT ('', (73.875, 111.75, -4.50000000000001));
#5385 = CARTESIAN_POINT ('', (73.875, 111.75, -5.00000000000001));
#5386 = B_SPLINE_CURVE_WITH_KNOTS ('', 1, (#5384, #5385), .UNSPECIFIED., .F., .U., (2, 2), (0., 1.), .UNSPECIFIED.);
#5387 = EDGE_CURVE ('', #5131, #5256, #5386, .T.);
#5388 = ORIENTED_EDGE ('', *, *, #5387, .T.);
#5389 = ORIENTED_EDGE ('', *, *, #5261, .T.);
#5390 = EDGE_LOOP ('', (#5382, #5383, #5388, #5389));
#5391 = FACE_OUTER_BOUND ('', #5390, .T.);
#5392 = CARTESIAN_POINT ('', (73.875, 111.75, -4.50000000000001));
#5393 = CARTESIAN_POINT ('', (72.375, 111.75, -4.50000000000006));
#5394 = CARTESIAN_POINT ('', (72.3749999999999, 110.25, -4.49999999999996));
#5395 = CARTESIAN_POINT ('', (73.875, 111.75, -5.00000000000001));
#5396 = CARTESIAN_POINT ('', (72.375, 111.75, -5.00000000000004));
#5397 = CARTESIAN_POINT ('', (72.3749999999999, 110.25, -4.99999999999996));
#5398 = (
   BOUNDED_SURFACE ()
   B_SPLINE_SURFACE (1, 2, ((#5392, #5393, #5394), (#5395, #5396, #5397)), .UNSPECIFIED., .F., .F., .U.)
   B_SPLINE_SURFACE_WITH_KNOTS ((2, 2), (3, 3), (0., 1.), (11., 12.), .UNSPECIFIED.)
   GEOMETRIC_REPRESENTATION_ITEM ()
   RATIONAL_B_SPLINE_SURFACE (((1., 0.707106781186579, 1.), (1., 0.707106781186579, 1.)))
   REPRESENTATION_ITEM ('')
   SURFACE ()
);
#5399 = ADVANCED_FACE ('', (#5391), #5398, .T.);
#5400 = ORIENTED_EDGE ('', *, *, #5387, .F.);
#5401 = ORIENTED_EDGE ('', *, *, #5135, .F.);
#5402 = CARTESIAN_POINT ('', (78.6249999999998, 111.75, -4.50000000000018));
#5403 = CARTESIAN_POINT ('', (78.6249999999998, 111.75, -5.00000000000018));
#5404 = B_SPLINE_CURVE_WITH_KNOTS ('', 1, (#5402, #5403), .UNSPECIFIED., .F., .U., (2, 2), (0., 1.), .UNSPECIFIED.);
#5405 = EDGE_CURVE ('', #5123, #5264, #5404, .T.);
#5406 = ORIENTED_EDGE ('', *, *, #5405, .T.);
#5407 = ORIENTED_EDGE ('', *, *, #5268, .T.);
#5408 = EDGE_LOOP ('', (#5400, #5401, #5406, #5407));
#5409 = FACE_OUTER_BOUND ('', #5408, .T.);
#5410 = CARTESIAN_POINT ('', (78.6249999999998, 111.75, -4.49999999999633));
#5411 = CARTESIAN_POINT ('', (73.875, 111.75, -4.49999999999596));
#5412 = CARTESIAN_POINT ('', (78.6249999999998, 111.75, -5.00000000000019));
#5413 = CARTESIAN_POINT ('', (73.875, 111.75, -4.99999999999982));
#5414 = B_SPLINE_SURFACE_WITH_KNOTS ('', 1, 1, ((#5410, #5411), (#5412, #5413)), .UNSPECIFIED., .F., .F., .U., (2, 2), (2, 2), (-7.73070496506989E-12, 1.), (10., 11.4615384615385), .UNSPECIFIED.);
#5415 = ADVANCED_FACE ('', (#5409), #5414, .T.);
#5416 = ORIENTED_EDGE ('', *, *, #5405, .F.);
#5417 = ORIENTED_EDGE ('', *, *, #5128, .F.);
#5418 = ORIENTED_EDGE ('', *, *, #5201, .T.);
#5419 = ORIENTED_EDGE ('', *, *, #5274, .T.);
#5420 = EDGE_LOOP ('', (#5416, #5417, #5418, #5419));
#5421 = FACE_OUTER_BOUND ('', #5420, .T.);
#5422 = CARTESIAN_POINT ('', (80.1249999999999, 110.25, -4.49999999999964));
#5423 = CARTESIAN_POINT ('', (80.1249999999999, 111.75, -4.49999999999897));
#5424 = CARTESIAN_POINT ('', (78.6249999999998, 111.75, -4.50000000000019));
#5425 = CARTESIAN_POINT ('', (80.1249999999999, 110.25, -4.99999999999964));
#5426 = CARTESIAN_POINT ('', (80.1249999999999, 111.75, -4.99999999999897));
#5427 = CARTESIAN_POINT ('', (78.6249999999998, 111.75, -5.00000000000019));
#5428 = (
   BOUNDED_SURFACE ()
   B_SPLINE_SURFACE (1, 2, ((#5422, #5423, #5424), (#5425, #5426, #5427)), .UNSPECIFIED., .F., .F., .U.)
   B_SPLINE_SURFACE_WITH_KNOTS ((2, 2), (3, 3), (0., 1.), (9., 10.), .UNSPECIFIED.)
   GEOMETRIC_REPRESENTATION_ITEM ()
   RATIONAL_B_SPLINE_SURFACE (((1., 0.707106781186508, 1.), (1., 0.707106781186508, 1.)))
   REPRESENTATION_ITEM ('')
   SURFACE ()
);
#5429 = ADVANCED_FACE ('', (#5421), #5428, .T.);
#5430 = ORIENTED_EDGE ('', *, *, #5179, .T.);
#5431 = ORIENTED_EDGE ('', *, *, #4634, .F.);
#5432 = ORIENTED_EDGE ('', *, *, #4696, .F.);
#5433 = ORIENTED_EDGE ('', *, *, #5018, .T.);
#5434 = EDGE_LOOP ('', (#5430, #5431, #5432, #5433));
#5435 = FACE_OUTER_BOUND ('', #5434, .T.);
#5436 = CARTESIAN_POINT ('', (74.6249999999999, 108.75, -4.25000000000053));
#5437 = CARTESIAN_POINT ('', (74.6249533873918, 108.691131193501, -4.2500000000005));
#5438 = CARTESIAN_POINT ('', (74.6355632527722, 108.598175737661, -4.2500000000006));
#5439 = CARTESIAN_POINT ('', (74.6754454156469, 108.473545857687, -4.25000000000056));
#5440 = CARTESIAN_POINT ('', (74.7186371891399, 108.382372108555, -4.25000000000059));
#5441 = CARTESIAN_POINT ('', (74.7748339418304, 108.296278164243, -4.25000000000066));
#5442 = CARTESIAN_POINT ('', (74.8429768446466, 108.217976844647, -4.2500000000007));
#5443 = CARTESIAN_POINT ('', (74.9212781642428, 108.14983394183, -4.25000000000068));
#5444 = CARTESIAN_POINT ('', (75.0073721085551, 108.09363718914, -4.25000000000082));
#5445 = CARTESIAN_POINT ('', (75.098545857687, 108.050445415647, -4.25000000000083));
#5446 = CARTESIAN_POINT ('', (75.2231757376611, 108.010563252772, -4.25000000000092));
#5447 = CARTESIAN_POINT ('', (75.316131193501, 107.999953387392, -4.25000000000096));
#5448 = CARTESIAN_POINT ('', (75.3749999999999, 108., -4.25000000000099));
#5449 = CARTESIAN_POINT ('', (74.375, 108.75, -4.50000000000018));
#5450 = CARTESIAN_POINT ('', (74.3749378498559, 108.671508258001, -4.50000000000014));
#5451 = CARTESIAN_POINT ('', (74.3890843370298, 108.547567650215, -4.50000000000023));
#5452 = CARTESIAN_POINT ('', (74.442260554196, 108.381394476916, -4.50000000000022));
#5453 = CARTESIAN_POINT ('', (74.4998495855201, 108.259829478074, -4.50000000000033));
#5454 = CARTESIAN_POINT ('', (74.5747785891073, 108.145037552324, -4.50000000000039));
#5455 = CARTESIAN_POINT ('', (74.6656357928623, 108.040635792862, -4.50000000000049));
#5456 = CARTESIAN_POINT ('', (74.7700375523237, 107.949778589107, -4.5000000000006));
#5457 = CARTESIAN_POINT ('', (74.8848294780735, 107.87484958552, -4.50000000000085));
#5458 = CARTESIAN_POINT ('', (75.0063944769159, 107.817260554196, -4.50000000000096));
#5459 = CARTESIAN_POINT ('', (75.1725676502147, 107.76408433703, -4.50000000000114));
#5460 = CARTESIAN_POINT ('', (75.2965082580012, 107.749937849856, -4.50000000000141));
#5461 = CARTESIAN_POINT ('', (75.3749999999997, 107.75, -4.50000000000149));
#5462 = B_SPLINE_SURFACE_WITH_KNOTS ('', 1, 3, ((#5436, #5437, #5438, #5439, #5440, #5441, #5442, #5443, #5444, #5445, #5446, #5447, #5448), (#5449, #5450, #5451, #5452, #5453, #5454, #5455, #5456, #5457, #5458, #5459, #5460, #5461)), .UNSPECIFIED., .F., .F., .U., (2, 2), (4, 1, 1, 1, 1, 1, 1, 1, 1, 1, 4), (0., 1.), (0., 0.166666666666646, 0.249999999999972, 0.333333333333298, 0.416666666666629, 0.499999999999958, 0.583333333333297, 0.666666666666621, 0.74999999999998, 0.833333333333309, 1.), .UNSPECIFIED.);
#5463 = ADVANCED_FACE ('', (#5435), #5462, .T.);
#5464 = ORIENTED_EDGE ('', *, *, #5292, .T.);
#5465 = CARTESIAN_POINT ('', (75.5000000000001, 108.75, -3.50000000000011));
#5466 = CARTESIAN_POINT ('', (75.5000000000001, 108.75, -5.0000000000004));
#5467 = B_SPLINE_CURVE_WITH_KNOTS ('', 1, (#5465, #5466), .UNSPECIFIED., .F., .U., (2, 2), (0., 0.857142857143023), .UNSPECIFIED.);
#5468 = EDGE_CURVE ('', #4571, #5279, #5467, .T.);
#5469 = ORIENTED_EDGE ('', *, *, #5468, .F.);
#5470 = ORIENTED_EDGE ('', *, *, #4596, .F.);
#5471 = CARTESIAN_POINT ('', (77.0000000000001, 108.75, -3.50000000000011));
#5472 = CARTESIAN_POINT ('', (77.0000000000001, 108.75, -5.00000000000036));
#5473 = B_SPLINE_CURVE_WITH_KNOTS ('', 1, (#5471, #5472), .UNSPECIFIED., .F., .U., (2, 2), (0., 0.857142857143004), .UNSPECIFIED.);
#5474 = EDGE_CURVE ('', #4587, #5288, #5473, .T.);
#5475 = ORIENTED_EDGE ('', *, *, #5474, .T.);
#5476 = EDGE_LOOP ('', (#5464, #5469, #5470, #5475));
#5477 = FACE_OUTER_BOUND ('', #5476, .T.);
#5478 = CARTESIAN_POINT ('', (77.0000000000001, 108.75, -3.50000000000011));
#5479 = CARTESIAN_POINT ('', (75.5000000000001, 108.75, -3.50000000000011));
#5480 = CARTESIAN_POINT ('', (77.0000000000001, 108.75, -5.0000000000004));
#5481 = CARTESIAN_POINT ('', (75.5000000000001, 108.75, -5.0000000000004));
#5482 = B_SPLINE_SURFACE_WITH_KNOTS ('', 1, 1, ((#5478, #5479), (#5480, #5481)), .UNSPECIFIED., .F., .F., .U., (2, 2), (2, 2), (0., 0.857142857143023), (3., 4.5), .UNSPECIFIED.);
#5483 = ADVANCED_FACE ('', (#5477), #5482, .T.);
#5484 = ORIENTED_EDGE ('', *, *, #5299, .T.);
#5485 = ORIENTED_EDGE ('', *, *, #5474, .F.);
#5486 = ORIENTED_EDGE ('', *, *, #4591, .F.);
#5487 = CARTESIAN_POINT ('', (77.0000000000001, 110.25, -3.50000000000011));
#5488 = CARTESIAN_POINT ('', (77.0000000000001, 110.25, -5.00000000000009));
#5489 = B_SPLINE_CURVE_WITH_KNOTS ('', 1, (#5487, #5488), .UNSPECIFIED., .F., .U., (2, 2), (0., 0.857142857142848), .UNSPECIFIED.);
#5490 = EDGE_CURVE ('', #4580, #5295, #5489, .T.);
#5491 = ORIENTED_EDGE ('', *, *, #5490, .T.);
#5492 = EDGE_LOOP ('', (#5484, #5485, #5486, #5491));
#5493 = FACE_OUTER_BOUND ('', #5492, .T.);
#5494 = CARTESIAN_POINT ('', (77.0000000000001, 110.25, -3.50000000000011));
#5495 = CARTESIAN_POINT ('', (77.0000000000001, 108.75, -3.50000000000011));
#5496 = CARTESIAN_POINT ('', (77.0000000000001, 110.25, -5.00000000000036));
#5497 = CARTESIAN_POINT ('', (77.0000000000001, 108.75, -5.00000000000036));
#5498 = B_SPLINE_SURFACE_WITH_KNOTS ('', 1, 1, ((#5494, #5495), (#5496, #5497)), .UNSPECIFIED., .F., .F., .U., (2, 2), (2, 2), (0., 0.857142857143004), (1.5, 3.), .UNSPECIFIED.);
#5499 = ADVANCED_FACE ('', (#5493), #5498, .T.);
#5500 = ORIENTED_EDGE ('', *, *, #5304, .T.);
#5501 = ORIENTED_EDGE ('', *, *, #5490, .F.);
#5502 = ORIENTED_EDGE ('', *, *, #4584, .F.);
#5503 = CARTESIAN_POINT ('', (75.5000000000001, 110.25, -3.50000000000011));
#5504 = CARTESIAN_POINT ('', (75.5000000000001, 110.25, -5.00000000000012));
#5505 = B_SPLINE_CURVE_WITH_KNOTS ('', 1, (#5503, #5504), .UNSPECIFIED., .F., .U., (2, 2), (0., 0.857142857142866), .UNSPECIFIED.);
#5506 = EDGE_CURVE ('', #4573, #5281, #5505, .T.);
#5507 = ORIENTED_EDGE ('', *, *, #5506, .T.);
#5508 = EDGE_LOOP ('', (#5500, #5501, #5502, #5507));
#5509 = FACE_OUTER_BOUND ('', #5508, .T.);
#5510 = CARTESIAN_POINT ('', (75.5000000000001, 110.25, -3.50000000000011));
#5511 = CARTESIAN_POINT ('', (77.0000000000001, 110.25, -3.50000000000011));
#5512 = CARTESIAN_POINT ('', (75.5000000000001, 110.25, -5.00000000000012));
#5513 = CARTESIAN_POINT ('', (77.0000000000001, 110.25, -5.00000000000012));
#5514 = B_SPLINE_SURFACE_WITH_KNOTS ('', 1, 1, ((#5510, #5511), (#5512, #5513)), .UNSPECIFIED., .F., .F., .U., (2, 2), (2, 2), (0., 0.857142857142866), (0., 1.5), .UNSPECIFIED.);
#5515 = ADVANCED_FACE ('', (#5509), #5514, .T.);
#5516 = ORIENTED_EDGE ('', *, *, #5285, .T.);
#5517 = ORIENTED_EDGE ('', *, *, #5506, .F.);
#5518 = ORIENTED_EDGE ('', *, *, #4577, .F.);
#5519 = ORIENTED_EDGE ('', *, *, #5468, .T.);
#5520 = EDGE_LOOP ('', (#5516, #5517, #5518, #5519));
#5521 = FACE_OUTER_BOUND ('', #5520, .T.);
#5522 = CARTESIAN_POINT ('', (75.5000000000001, 108.75, -3.50000000000011));
#5523 = CARTESIAN_POINT ('', (75.5000000000001, 110.25, -3.50000000000011));
#5524 = CARTESIAN_POINT ('', (75.5000000000001, 108.75, -5.0000000000004));
#5525 = CARTESIAN_POINT ('', (75.5000000000001, 110.25, -5.0000000000004));
#5526 = B_SPLINE_SURFACE_WITH_KNOTS ('', 1, 1, ((#5522, #5523), (#5524, #5525)), .UNSPECIFIED., .F., .F., .U., (2, 2), (2, 2), (0., 0.857142857143023), (4.5, 6.), .UNSPECIFIED.);
#5527 = ADVANCED_FACE ('', (#5521), #5526, .T.);
#5528 = CLOSED_SHELL ('', (#4605, #4647, #4675, #4707, #4735, #4767, #4795, #4827, #4855, #4889, #4934, #4962, #5007, #5033, #5054, #5073, #5112, #5195, #5223, #5313, #5331, #5347, #5365, #5381, #5399, #5415, #5429, #5463, #5483, #5499, #5515, #5527));
#5529 = MANIFOLD_SOLID_BREP ('', #5528);
#5530 = COLOUR_RGB ('', 0., 0.333333333333333, 1.);
#5531 = FILL_AREA_STYLE_COLOUR ('', #5530);
#5532 = FILL_AREA_STYLE ('', (#5531));
#5533 = SURFACE_STYLE_FILL_AREA (#5532);
#5534 = SURFACE_SIDE_STYLE ('', (#5533));
#5535 = SURFACE_STYLE_USAGE (.POSITIVE., #5534);
#5536 = PRESENTATION_STYLE_ASSIGNMENT ((#5535));
#5537 = STYLED_ITEM ('', (#5536), #5529);
#5538 = (
   LENGTH_UNIT ()
   NAMED_UNIT (*)
   SI_UNIT ($, .METRE.)
);
#5539 = (
   NAMED_UNIT (*)
   SI_UNIT ($, .STERADIAN.)
   SOLID_ANGLE_UNIT ()
);
#5540 = (
   NAMED_UNIT (*)
   PLANE_ANGLE_UNIT ()
   SI_UNIT ($, .RADIAN.)
);
#5541 = UNCERTAINTY_MEASURE_WITH_UNIT (LENGTH_MEASURE(0.001), #5538, 'DISTANCE_ACCURACY_VALUE', '');
#5542 = (
   GEOMETRIC_REPRESENTATION_CONTEXT (3)
   GLOBAL_UNCERTAINTY_ASSIGNED_CONTEXT ((#5541))
   GLOBAL_UNIT_ASSIGNED_CONTEXT ((#5538, #5539, #5540))
   REPRESENTATION_CONTEXT ('', '3D')
);
#5543 = SHAPE_REPRESENTATION ('', (#5671), #5542);
#5544 = APPLICATION_CONTEXT ('configuration controlled 3D designs of mechanical parts and assemblies');
#5545 = APPLICATION_PROTOCOL_DEFINITION ('International Standard', 'config_control_design', 1997, #5544);
#5546 = MECHANICAL_CONTEXT ('', #5544, 'mechanical');
#5547 = PRODUCT ('', '', '', (#5546));
#5548 = PERSON_AND_ORGANIZATION_ROLE ('design_owner');
#5549 = PERSON ('#5549', '', $, $, $, $);
#5550 = ORGANIZATION ($, '', '');
#5551 = PERSON_AND_ORGANIZATION (#5549, #5550);
#5552 = CC_DESIGN_PERSON_AND_ORGANIZATION_ASSIGNMENT (#5551, #5548, (#5547));
#5553 = PRODUCT_RELATED_PRODUCT_CATEGORY ('detail', $, (#5547));
#5554 = PRODUCT_DEFINITION_FORMATION_WITH_SPECIFIED_SOURCE ('', '', #5547, .NOT_KNOWN.);
#5555 = APPROVAL_STATUS ('approved');
#5556 = APPROVAL (#5555, '');
#5557 = CALENDAR_DATE (2026, 3, 2);
#5558 = COORDINATED_UNIVERSAL_TIME_OFFSET (0, $, .AHEAD.);
#5559 = LOCAL_TIME (21, 7, 11., #5558);
#5560 = DATE_AND_TIME (#5557, #5559);
#5561 = APPROVAL_DATE_TIME (#5560, #5556);
#5562 = APPROVAL_ROLE ('');
#5563 = PERSON ('#5563', '', $, $, $, $);
#5564 = ORGANIZATION ($, '', '');
#5565 = PERSON_AND_ORGANIZATION (#5563, #5564);
#5566 = APPROVAL_PERSON_ORGANIZATION (#5565, #5556, #5562);
#5567 = CC_DESIGN_APPROVAL (#5556, (#5554));
#5568 = PERSON_AND_ORGANIZATION_ROLE ('creator');
#5569 = PERSON ('#5569', '', $, $, $, $);
#5570 = ORGANIZATION ($, '', '');
#5571 = PERSON_AND_ORGANIZATION (#5569, #5570);
#5572 = CC_DESIGN_PERSON_AND_ORGANIZATION_ASSIGNMENT (#5571, #5568, (#5554));
#5573 = PERSON_AND_ORGANIZATION_ROLE ('part_supplier');
#5574 = PERSON ('#5574', '', $, $, $, $);
#5575 = ORGANIZATION ($, '', '');
#5576 = PERSON_AND_ORGANIZATION (#5574, #5575);
#5577 = CC_DESIGN_PERSON_AND_ORGANIZATION_ASSIGNMENT (#5576, #5573, (#5554));
#5578 = SECURITY_CLASSIFICATION_LEVEL ('unclassified');
#5579 = SECURITY_CLASSIFICATION ('', '', #5578);
#5580 = APPROVAL_STATUS ('approved');
#5581 = APPROVAL (#5580, '');
#5582 = CALENDAR_DATE (2026, 3, 2);
#5583 = COORDINATED_UNIVERSAL_TIME_OFFSET (0, $, .AHEAD.);
#5584 = LOCAL_TIME (21, 7, 11., #5583);
#5585 = DATE_AND_TIME (#5582, #5584);
#5586 = APPROVAL_DATE_TIME (#5585, #5581);
#5587 = APPROVAL_ROLE ('');
#5588 = PERSON ('#5588', '', $, $, $, $);
#5589 = ORGANIZATION ($, '', '');
#5590 = PERSON_AND_ORGANIZATION (#5588, #5589);
#5591 = APPROVAL_PERSON_ORGANIZATION (#5590, #5581, #5587);
#5592 = CC_DESIGN_APPROVAL (#5581, (#5579));
#5593 = DATE_TIME_ROLE ('classification_date');
#5594 = CALENDAR_DATE (2026, 3, 2);
#5595 = COORDINATED_UNIVERSAL_TIME_OFFSET (0, $, .AHEAD.);
#5596 = LOCAL_TIME (21, 7, 11., #5595);
#5597 = DATE_AND_TIME (#5594, #5596);
#5598 = CC_DESIGN_DATE_AND_TIME_ASSIGNMENT (#5597, #5593, (#5579));
#5599 = PERSON_AND_ORGANIZATION_ROLE ('classification_officer');
#5600 = PERSON ('#5600', '', $, $, $, $);
#5601 = ORGANIZATION ($, '', '');
#5602 = PERSON_AND_ORGANIZATION (#5600, #5601);
#5603 = CC_DESIGN_PERSON_AND_ORGANIZATION_ASSIGNMENT (#5602, #5599, (#5579));
#5604 = CC_DESIGN_SECURITY_CLASSIFICATION (#5579, (#5554));
#5605 = DESIGN_CONTEXT ('', #5544, 'design');
#5606 = APPROVAL_STATUS ('approved');
#5607 = APPROVAL (#5606, '');
#5608 = CALENDAR_DATE (2026, 3, 2);
#5609 = COORDINATED_UNIVERSAL_TIME_OFFSET (0, $, .AHEAD.);
#5610 = LOCAL_TIME (21, 7, 11., #5609);
#5611 = DATE_AND_TIME (#5608, #5610);
#5612 = APPROVAL_DATE_TIME (#5611, #5607);
#5613 = APPROVAL_ROLE ('');
#5614 = PERSON ('#5614', '', $, $, $, $);
#5615 = ORGANIZATION ($, '', '');
#5616 = PERSON_AND_ORGANIZATION (#5614, #5615);
#5617 = APPROVAL_PERSON_ORGANIZATION (#5616, #5607, #5613);
#5618 = CC_DESIGN_APPROVAL (#5607, (*));
#5619 = DATE_TIME_ROLE ('creation_date');
#5620 = CALENDAR_DATE (2026, 3, 2);
#5621 = COORDINATED_UNIVERSAL_TIME_OFFSET (0, $, .AHEAD.);
#5622 = LOCAL_TIME (21, 7, 11., #5621);
#5623 = DATE_AND_TIME (#5620, #5622);
#5624 = CC_DESIGN_DATE_AND_TIME_ASSIGNMENT (#5623, #5619, (*));
#5625 = PERSON_AND_ORGANIZATION_ROLE ('creator');
#5626 = PERSON ('#5626', '', $, $, $, $);
#5627 = ORGANIZATION ($, '', '');
#5628 = PERSON_AND_ORGANIZATION (#5626, #5627);
#5629 = CC_DESIGN_PERSON_AND_ORGANIZATION_ASSIGNMENT (#5628, #5625, (*));
#5630 = PRODUCT_DEFINITION ('', '', #5554, #5605);
#5631 = PRODUCT_DEFINITION_SHAPE ('', '', #5630);
#5632 = SHAPE_DEFINITION_REPRESENTATION (#5631, #5543);
#5633 = SHAPE_REPRESENTATION_RELATIONSHIP ('', '', #5543, #5634);
#5634 = ADVANCED_BREP_SHAPE_REPRESENTATION ('', (#5529), #5542);
#5635 = NEXT_ASSEMBLY_USAGE_OCCURRENCE ('#5635', '', '', #173, #5630, $);
#5636 = SECURITY_CLASSIFICATION_LEVEL ('unclassified');
#5637 = SECURITY_CLASSIFICATION ('', '', #5636);
#5638 = APPROVAL_STATUS ('approved');
#5639 = APPROVAL (#5638, '');
#5640 = CALENDAR_DATE (2026, 3, 2);
#5641 = COORDINATED_UNIVERSAL_TIME_OFFSET (0, $, .AHEAD.);
#5642 = LOCAL_TIME (21, 7, 11., #5641);
#5643 = DATE_AND_TIME (#5640, #5642);
#5644 = APPROVAL_DATE_TIME (#5643, #5639);
#5645 = APPROVAL_ROLE ('');
#5646 = PERSON ('#5646', '', $, $, $, $);
#5647 = ORGANIZATION ($, '', '');
#5648 = PERSON_AND_ORGANIZATION (#5646, #5647);
#5649 = APPROVAL_PERSON_ORGANIZATION (#5648, #5639, #5645);
#5650 = CC_DESIGN_APPROVAL (#5639, (#5637));
#5651 = DATE_TIME_ROLE ('classification_date');
#5652 = CALENDAR_DATE (2026, 3, 2);
#5653 = COORDINATED_UNIVERSAL_TIME_OFFSET (0, $, .AHEAD.);
#5654 = LOCAL_TIME (21, 7, 11., #5653);
#5655 = DATE_AND_TIME (#5652, #5654);
#5656 = CC_DESIGN_DATE_AND_TIME_ASSIGNMENT (#5655, #5651, (#5637));
#5657 = PERSON_AND_ORGANIZATION_ROLE ('classification_officer');
#5658 = PERSON ('#5658', '', $, $, $, $);
#5659 = ORGANIZATION ($, '', '');
#5660 = PERSON_AND_ORGANIZATION (#5658, #5659);
#5661 = CC_DESIGN_PERSON_AND_ORGANIZATION_ASSIGNMENT (#5660, #5657, (#5637));
#5662 = CC_DESIGN_SECURITY_CLASSIFICATION (#5637, (#5635));
#5663 = PRODUCT_DEFINITION_SHAPE ('', '', #5635);
#5664 = CARTESIAN_POINT ('', (0., 0., 0.));
#5665 = DIRECTION ('', (0., 0., 1.));
#5666 = DIRECTION ('', (1., 0., 0.));
#5667 = AXIS2_PLACEMENT_3D ('', #5664, #5665, #5666);
#5668 = CARTESIAN_POINT ('', (0., 0., 0.));
#5669 = DIRECTION ('', (0., 0., 1.));
#5670 = DIRECTION ('', (1., 0., 0.));
#5671 = AXIS2_PLACEMENT_3D ('', #5668, #5669, #5670);
#5672 = ITEM_DEFINED_TRANSFORMATION ('', '', #5667, #5671);
#5673 = (
   REPRESENTATION_RELATIONSHIP ('', '', #86, #5543)
   REPRESENTATION_RELATIONSHIP_WITH_TRANSFORMATION (#5672)
   SHAPE_REPRESENTATION_RELATIONSHIP ()
);
#5674 = CONTEXT_DEPENDENT_SHAPE_REPRESENTATION (#5673, #5663);
ENDSEC;
END-ISO-10303-21;
