ISO-10303-21;
HEADER;
FILE_DESCRIPTION (('STEP'), '1');
FILE_NAME ('C:\\projects\\3dmodel\\ansicCaseWirelessSwitch.stp', '2026-02-07T09:25:58', ('Unknown'), ('Unknown'), 'HarmonyWare STEP v2.1.9', 'HarmonyWare Translators', '');
FILE_SCHEMA (('CONFIG_CONTROL_DESIGN'));
ENDSEC;

DATA;
#1 = (
   LENGTH_UNIT ()
   NAMED_UNIT (*)
   SI_UNIT ($, .METRE.)
);
#2 = (
   NAMED_UNIT (*)
   SI_UNIT ($, .STERADIAN.)
   SOLID_ANGLE_UNIT ()
);
#3 = (
   NAMED_UNIT (*)
   PLANE_ANGLE_UNIT ()
   SI_UNIT ($, .RADIAN.)
);
#4 = UNCERTAINTY_MEASURE_WITH_UNIT (LENGTH_MEASURE(0.001), #1, 'DISTANCE_ACCURACY_VALUE', '');
#5 = (
   GEOMETRIC_REPRESENTATION_CONTEXT (3)
   GLOBAL_UNCERTAINTY_ASSIGNED_CONTEXT ((#4))
   GLOBAL_UNIT_ASSIGNED_CONTEXT ((#1, #2, #3))
   REPRESENTATION_CONTEXT ('', '3D')
);
#6 = SHAPE_REPRESENTATION ('', (#1498, #2907), #5);
#7 = APPLICATION_CONTEXT ('configuration controlled 3D designs of mechanical parts and assemblies');
#8 = APPLICATION_PROTOCOL_DEFINITION ('International Standard', 'config_control_design', 1997, #7);
#9 = MECHANICAL_CONTEXT ('', #7, 'mechanical');
#10 = PRODUCT ('', '', '', (#9));
#11 = PERSON_AND_ORGANIZATION_ROLE ('design_owner');
#12 = PERSON ('#12', '', $, $, $, $);
#13 = ORGANIZATION ($, '', '');
#14 = PERSON_AND_ORGANIZATION (#12, #13);
#15 = CC_DESIGN_PERSON_AND_ORGANIZATION_ASSIGNMENT (#14, #11, (#10));
#16 = PRODUCT_RELATED_PRODUCT_CATEGORY ('detail', $, (#10));
#17 = PRODUCT_DEFINITION_FORMATION_WITH_SPECIFIED_SOURCE ('', '', #10, .NOT_KNOWN.);
#18 = APPROVAL_STATUS ('approved');
#19 = APPROVAL (#18, '');
#20 = CALENDAR_DATE (2026, 7, 2);
#21 = COORDINATED_UNIVERSAL_TIME_OFFSET (0, $, .AHEAD.);
#22 = LOCAL_TIME (9, 25, 58., #21);
#23 = DATE_AND_TIME (#20, #22);
#24 = APPROVAL_DATE_TIME (#23, #19);
#25 = APPROVAL_ROLE ('');
#26 = PERSON ('#26', '', $, $, $, $);
#27 = ORGANIZATION ($, '', '');
#28 = PERSON_AND_ORGANIZATION (#26, #27);
#29 = APPROVAL_PERSON_ORGANIZATION (#28, #19, #25);
#30 = CC_DESIGN_APPROVAL (#19, (#17));
#31 = PERSON_AND_ORGANIZATION_ROLE ('creator');
#32 = PERSON ('#32', '', $, $, $, $);
#33 = ORGANIZATION ($, '', '');
#34 = PERSON_AND_ORGANIZATION (#32, #33);
#35 = CC_DESIGN_PERSON_AND_ORGANIZATION_ASSIGNMENT (#34, #31, (#17));
#36 = PERSON_AND_ORGANIZATION_ROLE ('part_supplier');
#37 = PERSON ('#37', '', $, $, $, $);
#38 = ORGANIZATION ($, '', '');
#39 = PERSON_AND_ORGANIZATION (#37, #38);
#40 = CC_DESIGN_PERSON_AND_ORGANIZATION_ASSIGNMENT (#39, #36, (#17));
#41 = SECURITY_CLASSIFICATION_LEVEL ('unclassified');
#42 = SECURITY_CLASSIFICATION ('', '', #41);
#43 = APPROVAL_STATUS ('approved');
#44 = APPROVAL (#43, '');
#45 = CALENDAR_DATE (2026, 7, 2);
#46 = COORDINATED_UNIVERSAL_TIME_OFFSET (0, $, .AHEAD.);
#47 = LOCAL_TIME (9, 25, 58., #46);
#48 = DATE_AND_TIME (#45, #47);
#49 = APPROVAL_DATE_TIME (#48, #44);
#50 = APPROVAL_ROLE ('');
#51 = PERSON ('#51', '', $, $, $, $);
#52 = ORGANIZATION ($, '', '');
#53 = PERSON_AND_ORGANIZATION (#51, #52);
#54 = APPROVAL_PERSON_ORGANIZATION (#53, #44, #50);
#55 = CC_DESIGN_APPROVAL (#44, (#42));
#56 = DATE_TIME_ROLE ('classification_date');
#57 = CALENDAR_DATE (2026, 7, 2);
#58 = COORDINATED_UNIVERSAL_TIME_OFFSET (0, $, .AHEAD.);
#59 = LOCAL_TIME (9, 25, 58., #58);
#60 = DATE_AND_TIME (#57, #59);
#61 = CC_DESIGN_DATE_AND_TIME_ASSIGNMENT (#60, #56, (#42));
#62 = PERSON_AND_ORGANIZATION_ROLE ('classification_officer');
#63 = PERSON ('#63', '', $, $, $, $);
#64 = ORGANIZATION ($, '', '');
#65 = PERSON_AND_ORGANIZATION (#63, #64);
#66 = CC_DESIGN_PERSON_AND_ORGANIZATION_ASSIGNMENT (#65, #62, (#42));
#67 = CC_DESIGN_SECURITY_CLASSIFICATION (#42, (#17));
#68 = DESIGN_CONTEXT ('', #7, 'design');
#69 = APPROVAL_STATUS ('approved');
#70 = APPROVAL (#69, '');
#71 = CALENDAR_DATE (2026, 7, 2);
#72 = COORDINATED_UNIVERSAL_TIME_OFFSET (0, $, .AHEAD.);
#73 = LOCAL_TIME (9, 25, 58., #72);
#74 = DATE_AND_TIME (#71, #73);
#75 = APPROVAL_DATE_TIME (#74, #70);
#76 = APPROVAL_ROLE ('');
#77 = PERSON ('#77', '', $, $, $, $);
#78 = ORGANIZATION ($, '', '');
#79 = PERSON_AND_ORGANIZATION (#77, #78);
#80 = APPROVAL_PERSON_ORGANIZATION (#79, #70, #76);
#81 = CC_DESIGN_APPROVAL (#70, (*));
#82 = DATE_TIME_ROLE ('creation_date');
#83 = CALENDAR_DATE (2026, 7, 2);
#84 = COORDINATED_UNIVERSAL_TIME_OFFSET (0, $, .AHEAD.);
#85 = LOCAL_TIME (9, 25, 58., #84);
#86 = DATE_AND_TIME (#83, #85);
#87 = CC_DESIGN_DATE_AND_TIME_ASSIGNMENT (#86, #82, (*));
#88 = PERSON_AND_ORGANIZATION_ROLE ('creator');
#89 = PERSON ('#89', '', $, $, $, $);
#90 = ORGANIZATION ($, '', '');
#91 = PERSON_AND_ORGANIZATION (#89, #90);
#92 = CC_DESIGN_PERSON_AND_ORGANIZATION_ASSIGNMENT (#91, #88, (*));
#93 = PRODUCT_DEFINITION ('', '', #17, #68);
#94 = PRODUCT_DEFINITION_SHAPE ('', '', #93);
#95 = SHAPE_DEFINITION_REPRESENTATION (#94, #6);
#96 = CARTESIAN_POINT ('', (80.1249999999998, 110.25, -4.50000000000035));
#97 = VERTEX_POINT ('', #96);
#98 = CARTESIAN_POINT ('', (80.1249999999999, 108.75, -4.49999999999964));
#99 = VERTEX_POINT ('', #98);
#100 = CARTESIAN_POINT ('', (80.1249999999998, 110.25, -4.50000000000036));
#101 = CARTESIAN_POINT ('', (80.1249999999999, 108.75, -4.49999999999964));
#102 = B_SPLINE_CURVE_WITH_KNOTS ('', 1, (#100, #101), .UNSPECIFIED., .F., .U., (2, 2), (8., 9.), .UNSPECIFIED.);
#103 = EDGE_CURVE ('', #97, #99, #102, .T.);
#104 = ORIENTED_EDGE ('', *, *, #103, .T.);
#105 = CARTESIAN_POINT ('', (80.1249999999999, 108.749999999999, -4.99999999999964));
#106 = VERTEX_POINT ('', #105);
#107 = CARTESIAN_POINT ('', (80.1249999999999, 108.75, -4.49999999999964));
#108 = CARTESIAN_POINT ('', (80.1249999999999, 108.75, -4.99999999999964));
#109 = B_SPLINE_CURVE_WITH_KNOTS ('', 1, (#107, #108), .UNSPECIFIED., .F., .U., (2, 2), (0., 1.), .UNSPECIFIED.);
#110 = EDGE_CURVE ('', #99, #106, #109, .T.);
#111 = ORIENTED_EDGE ('', *, *, #110, .T.);
#112 = CARTESIAN_POINT ('', (80.1249999999998, 110.25, -5.00000000000035));
#113 = VERTEX_POINT ('', #112);
#114 = CARTESIAN_POINT ('', (80.1249999999998, 110.25, -5.00000000000036));
#115 = CARTESIAN_POINT ('', (80.1249999999999, 108.75, -4.99999999999964));
#116 = B_SPLINE_CURVE_WITH_KNOTS ('', 1, (#114, #115), .UNSPECIFIED., .F., .U., (2, 2), (8., 9.), .UNSPECIFIED.);
#117 = EDGE_CURVE ('', #113, #106, #116, .T.);
#118 = ORIENTED_EDGE ('', *, *, #117, .F.);
#119 = CARTESIAN_POINT ('', (80.1249999999998, 110.25, -4.50000000000036));
#120 = CARTESIAN_POINT ('', (80.1249999999998, 110.25, -5.00000000000036));
#121 = B_SPLINE_CURVE_WITH_KNOTS ('', 1, (#119, #120), .UNSPECIFIED., .F., .U., (2, 2), (0., 1.), .UNSPECIFIED.);
#122 = EDGE_CURVE ('', #97, #113, #121, .T.);
#123 = ORIENTED_EDGE ('', *, *, #122, .F.);
#124 = EDGE_LOOP ('', (#104, #111, #118, #123));
#125 = FACE_OUTER_BOUND ('', #124, .T.);
#126 = CARTESIAN_POINT ('', (80.1249999999998, 110.25, -4.50000000000036));
#127 = CARTESIAN_POINT ('', (80.1249999999998, 110.25, -5.00000000000036));
#128 = CARTESIAN_POINT ('', (80.1249999999999, 108.75, -4.49999999999964));
#129 = CARTESIAN_POINT ('', (80.1249999999999, 108.75, -4.99999999999964));
#130 = B_SPLINE_SURFACE_WITH_KNOTS ('', 1, 1, ((#126, #127), (#128, #129)), .UNSPECIFIED., .F., .F., .U., (2, 2), (2, 2), (8., 9.), (0., 1.), .UNSPECIFIED.);
#131 = ADVANCED_FACE ('', (#125), #130, .T.);
#132 = CARTESIAN_POINT ('', (72.3749999999999, 110.249999999999, -5.00000000000036));
#133 = VERTEX_POINT ('', #132);
#134 = CARTESIAN_POINT ('', (73.875, 111.749999999999, -5.00000000000104));
#135 = VERTEX_POINT ('', #134);
#136 = CARTESIAN_POINT ('', (72.3749999999999, 110.25, -5.00000000000036));
#137 = CARTESIAN_POINT ('', (72.3749999999999, 111.75, -5.00000000000065));
#138 = CARTESIAN_POINT ('', (73.875, 111.75, -5.00000000000106));
#139 = (
   BOUNDED_CURVE ()
   B_SPLINE_CURVE (2, (#136, #137, #138), .UNSPECIFIED., .F., .U.)
   B_SPLINE_CURVE_WITH_KNOTS ((3, 3), (13., 14.), .UNSPECIFIED.)
   CURVE ()
   GEOMETRIC_REPRESENTATION_ITEM ()
   RATIONAL_B_SPLINE_CURVE ((1., 0.707106781186508, 1.))
   REPRESENTATION_ITEM ('')
);
#140 = EDGE_CURVE ('', #133, #135, #139, .T.);
#141 = ORIENTED_EDGE ('', *, *, #140, .T.);
#142 = CARTESIAN_POINT ('', (78.6249999999999, 111.749999999999, -5.00000000000066));
#143 = VERTEX_POINT ('', #142);
#144 = CARTESIAN_POINT ('', (73.875, 111.75, -5.00000000000106));
#145 = CARTESIAN_POINT ('', (78.6249999999999, 111.75, -5.00000000000068));
#146 = B_SPLINE_CURVE_WITH_KNOTS ('', 1, (#144, #145), .UNSPECIFIED., .F., .U., (2, 2), (0., 1.), .UNSPECIFIED.);
#147 = EDGE_CURVE ('', #135, #143, #146, .T.);
#148 = ORIENTED_EDGE ('', *, *, #147, .T.);
#149 = CARTESIAN_POINT ('', (78.6249999999999, 111.75, -5.00000000000068));
#150 = CARTESIAN_POINT ('', (80.1249999999998, 111.75, -5.00000000000066));
#151 = CARTESIAN_POINT ('', (80.1249999999998, 110.25, -5.00000000000036));
#152 = (
   BOUNDED_CURVE ()
   B_SPLINE_CURVE (2, (#149, #150, #151), .UNSPECIFIED., .F., .U.)
   B_SPLINE_CURVE_WITH_KNOTS ((3, 3), (7., 8.), .UNSPECIFIED.)
   CURVE ()
   GEOMETRIC_REPRESENTATION_ITEM ()
   RATIONAL_B_SPLINE_CURVE ((1., 0.707106781186552, 1.))
   REPRESENTATION_ITEM ('')
);
#153 = EDGE_CURVE ('', #143, #113, #152, .T.);
#154 = ORIENTED_EDGE ('', *, *, #153, .T.);
#155 = ORIENTED_EDGE ('', *, *, #117, .T.);
#156 = CARTESIAN_POINT ('', (78.6249999999998, 107.25, -5.00000000000019));
#157 = VERTEX_POINT ('', #156);
#158 = CARTESIAN_POINT ('', (80.1249999999999, 108.75, -4.99999999999964));
#159 = CARTESIAN_POINT ('', (80.1249999999999, 107.25, -4.99999999999897));
#160 = CARTESIAN_POINT ('', (78.6249999999998, 107.25, -5.00000000000019));
#161 = (
   BOUNDED_CURVE ()
   B_SPLINE_CURVE (2, (#158, #159, #160), .UNSPECIFIED., .F., .U.)
   B_SPLINE_CURVE_WITH_KNOTS ((3, 3), (9., 10.), .UNSPECIFIED.)
   CURVE ()
   GEOMETRIC_REPRESENTATION_ITEM ()
   RATIONAL_B_SPLINE_CURVE ((1., 0.707106781186508, 1.))
   REPRESENTATION_ITEM ('')
);
#162 = EDGE_CURVE ('', #106, #157, #161, .T.);
#163 = ORIENTED_EDGE ('', *, *, #162, .T.);
#164 = CARTESIAN_POINT ('', (73.875, 107.249999999999, -5.00000000000001));
#165 = VERTEX_POINT ('', #164);
#166 = CARTESIAN_POINT ('', (78.6249999999998, 107.25, -5.00000000000019));
#167 = CARTESIAN_POINT ('', (73.875, 107.25, -5.00000000000001));
#168 = B_SPLINE_CURVE_WITH_KNOTS ('', 1, (#166, #167), .UNSPECIFIED., .F., .U., (2, 2), (0., 1.), .UNSPECIFIED.);
#169 = EDGE_CURVE ('', #157, #165, #168, .T.);
#170 = ORIENTED_EDGE ('', *, *, #169, .T.);
#171 = CARTESIAN_POINT ('', (72.3749999999999, 108.749999999999, -4.99999999999996));
#172 = VERTEX_POINT ('', #171);
#173 = CARTESIAN_POINT ('', (73.875, 107.25, -5.00000000000001));
#174 = CARTESIAN_POINT ('', (72.375, 107.25, -5.00000000000004));
#175 = CARTESIAN_POINT ('', (72.3749999999999, 108.75, -4.99999999999996));
#176 = (
   BOUNDED_CURVE ()
   B_SPLINE_CURVE (2, (#173, #174, #175), .UNSPECIFIED., .F., .U.)
   B_SPLINE_CURVE_WITH_KNOTS ((3, 3), (11., 12.), .UNSPECIFIED.)
   CURVE ()
   GEOMETRIC_REPRESENTATION_ITEM ()
   RATIONAL_B_SPLINE_CURVE ((1., 0.707106781186579, 1.))
   REPRESENTATION_ITEM ('')
);
#177 = EDGE_CURVE ('', #165, #172, #176, .T.);
#178 = ORIENTED_EDGE ('', *, *, #177, .T.);
#179 = CARTESIAN_POINT ('', (72.3749999999999, 108.75, -4.99999999999996));
#180 = CARTESIAN_POINT ('', (72.3749999999999, 110.25, -5.00000000000036));
#181 = B_SPLINE_CURVE_WITH_KNOTS ('', 1, (#179, #180), .UNSPECIFIED., .F., .U., (2, 2), (12., 13.), .UNSPECIFIED.);
#182 = EDGE_CURVE ('', #172, #133, #181, .T.);
#183 = ORIENTED_EDGE ('', *, *, #182, .T.);
#184 = EDGE_LOOP ('', (#141, #148, #154, #155, #163, #170, #178, #183));
#185 = FACE_OUTER_BOUND ('', #184, .T.);
#186 = CARTESIAN_POINT ('', (75.5000000000001, 107.750000000001, -5.0000000000004));
#187 = VERTEX_POINT ('', #186);
#188 = CARTESIAN_POINT ('', (75.5000000000001, 108.75, -5.00000000000012));
#189 = VERTEX_POINT ('', #188);
#190 = CARTESIAN_POINT ('', (75.5000000000001, 107.750000000001, -5.0000000000004));
#191 = CARTESIAN_POINT ('', (75.5000000000001, 108.75, -5.0000000000004));
#192 = B_SPLINE_CURVE_WITH_KNOTS ('', 1, (#190, #191), .UNSPECIFIED., .F., .U., (2, 2), (0., 0.285714285714221), .UNSPECIFIED.);
#193 = EDGE_CURVE ('', #187, #189, #192, .T.);
#194 = ORIENTED_EDGE ('', *, *, #193, .F.);
#195 = CARTESIAN_POINT ('', (77.0000000000001, 107.750000000001, -4.99999999999991));
#196 = VERTEX_POINT ('', #195);
#197 = CARTESIAN_POINT ('', (77.0000000000001, 107.750000000001, -5.00000000000036));
#198 = CARTESIAN_POINT ('', (75.5000000000001, 107.750000000001, -5.0000000000004));
#199 = B_SPLINE_CURVE_WITH_KNOTS ('', 1, (#197, #198), .UNSPECIFIED., .F., .U., (2, 2), (0., 1.), .UNSPECIFIED.);
#200 = EDGE_CURVE ('', #196, #187, #199, .T.);
#201 = ORIENTED_EDGE ('', *, *, #200, .F.);
#202 = CARTESIAN_POINT ('', (77.0000000000001, 111.25, -5.00000000000055));
#203 = VERTEX_POINT ('', #202);
#204 = CARTESIAN_POINT ('', (77.0000000000001, 107.750000000001, -4.99999999999991));
#205 = CARTESIAN_POINT ('', (77.0000000000001, 111.25, -5.00000000000055));
#206 = B_SPLINE_CURVE_WITH_KNOTS ('', 1, (#204, #205), .UNSPECIFIED., .F., .U., (2, 2), (0., 1.), .UNSPECIFIED.);
#207 = EDGE_CURVE ('', #196, #203, #206, .T.);
#208 = ORIENTED_EDGE ('', *, *, #207, .T.);
#209 = CARTESIAN_POINT ('', (75.5000000000001, 111.25, -5.0000000000004));
#210 = VERTEX_POINT ('', #209);
#211 = CARTESIAN_POINT ('', (77.0000000000001, 111.25, -5.00000000000036));
#212 = CARTESIAN_POINT ('', (75.5000000000001, 111.25, -5.0000000000004));
#213 = B_SPLINE_CURVE_WITH_KNOTS ('', 1, (#211, #212), .UNSPECIFIED., .F., .U., (2, 2), (0., 1.), .UNSPECIFIED.);
#214 = EDGE_CURVE ('', #203, #210, #213, .T.);
#215 = ORIENTED_EDGE ('', *, *, #214, .T.);
#216 = CARTESIAN_POINT ('', (75.5000000000001, 110.25, -5.0000000000004));
#217 = VERTEX_POINT ('', #216);
#218 = CARTESIAN_POINT ('', (75.5000000000001, 110.25, -5.0000000000004));
#219 = CARTESIAN_POINT ('', (75.5000000000001, 111.25, -5.0000000000004));
#220 = B_SPLINE_CURVE_WITH_KNOTS ('', 1, (#218, #219), .UNSPECIFIED., .F., .U., (2, 2), (0.714285714285779, 1.), .UNSPECIFIED.);
#221 = EDGE_CURVE ('', #217, #210, #220, .T.);
#222 = ORIENTED_EDGE ('', *, *, #221, .F.);
#223 = CARTESIAN_POINT ('', (75.5000000000001, 110.25, -5.0000000000004));
#224 = CARTESIAN_POINT ('', (75.5000000000001, 108.75, -5.00000000000012));
#225 = B_SPLINE_CURVE_WITH_KNOTS ('', 1, (#223, #224), .UNSPECIFIED., .F., .U., (2, 2), (0., 1.), .UNSPECIFIED.);
#226 = EDGE_CURVE ('', #217, #189, #225, .T.);
#227 = ORIENTED_EDGE ('', *, *, #226, .T.);
#228 = EDGE_LOOP ('', (#194, #201, #208, #215, #222, #227));
#229 = FACE_BOUND ('', #228, .T.);
#230 = CARTESIAN_POINT ('', (72.3749999999999, 107.25, -4.99999999999992));
#231 = CARTESIAN_POINT ('', (80.1249999999999, 107.25, -4.99999999999975));
#232 = CARTESIAN_POINT ('', (72.3749999999999, 111.75, -5.00000000000073));
#233 = CARTESIAN_POINT ('', (80.1249999999999, 111.75, -5.00000000000057));
#234 = B_SPLINE_SURFACE_WITH_KNOTS ('', 1, 1, ((#230, #231), (#232, #233)), .UNSPECIFIED., .F., .F., .U., (2, 2), (2, 2), (0.360879827179743, 0.639120172820255), (0.214030755869477, 0.693222462250353), .UNSPECIFIED.);
#235 = ADVANCED_FACE ('', (#185, #229), #234, .T.);
#236 = ORIENTED_EDGE ('', *, *, #193, .T.);
#237 = ORIENTED_EDGE ('', *, *, #226, .F.);
#238 = ORIENTED_EDGE ('', *, *, #221, .T.);
#239 = CARTESIAN_POINT ('', (75.5000000000001, 111.249999999999, -4.50000000000056));
#240 = VERTEX_POINT ('', #239);
#241 = CARTESIAN_POINT ('', (75.5000000000001, 111.25, -4.500000000001));
#242 = CARTESIAN_POINT ('', (75.5000000000001, 111.25, -5.0000000000004));
#243 = B_SPLINE_CURVE_WITH_KNOTS ('', 1, (#241, #242), .UNSPECIFIED., .F., .U., (2, 2), (0.571428571429082, 0.857142857143023), .UNSPECIFIED.);
#244 = EDGE_CURVE ('', #240, #210, #243, .T.);
#245 = ORIENTED_EDGE ('', *, *, #244, .F.);
#246 = CARTESIAN_POINT ('', (75.5000000000001, 111., -4.25000000000096));
#247 = VERTEX_POINT ('', #246);
#248 = CARTESIAN_POINT ('', (75.5000000000001, 111.25, -4.500000000001));
#249 = CARTESIAN_POINT ('', (75.5000000000001, 111.166666666666, -4.41666666666764));
#250 = CARTESIAN_POINT ('', (75.5000000000001, 111.083333333333, -4.3333333333343));
#251 = CARTESIAN_POINT ('', (75.5000000000001, 111., -4.25000000000094));
#252 = B_SPLINE_CURVE_WITH_KNOTS ('', 3, (#248, #249, #250, #251), .UNSPECIFIED., .F., .U., (4, 4), (0., 0.35355339059329), .UNSPECIFIED.);
#253 = EDGE_CURVE ('', #240, #247, #252, .T.);
#254 = ORIENTED_EDGE ('', *, *, #253, .T.);
#255 = CARTESIAN_POINT ('', (75.5000000000001, 111., -3.50000000000011));
#256 = VERTEX_POINT ('', #255);
#257 = CARTESIAN_POINT ('', (75.5000000000001, 111., -4.24999999999312));
#258 = CARTESIAN_POINT ('', (75.5000000000001, 111., -3.50000000000011));
#259 = B_SPLINE_CURVE_WITH_KNOTS ('', 1, (#257, #258), .UNSPECIFIED., .F., .U., (2, 2), (0., 1.), .UNSPECIFIED.);
#260 = EDGE_CURVE ('', #247, #256, #259, .T.);
#261 = ORIENTED_EDGE ('', *, *, #260, .T.);
#262 = CARTESIAN_POINT ('', (75.5000000000001, 108., -3.50000000000011));
#263 = VERTEX_POINT ('', #262);
#264 = CARTESIAN_POINT ('', (75.5000000000001, 108., -3.50000000000011));
#265 = CARTESIAN_POINT ('', (75.5000000000001, 111., -3.50000000000011));
#266 = B_SPLINE_CURVE_WITH_KNOTS ('', 1, (#264, #265), .UNSPECIFIED., .F., .U., (2, 2), (0., 1.), .UNSPECIFIED.);
#267 = EDGE_CURVE ('', #263, #256, #266, .T.);
#268 = ORIENTED_EDGE ('', *, *, #267, .F.);
#269 = CARTESIAN_POINT ('', (75.5000000000001, 108., -4.24999999999984));
#270 = VERTEX_POINT ('', #269);
#271 = CARTESIAN_POINT ('', (75.5000000000001, 108., -3.50000000000011));
#272 = CARTESIAN_POINT ('', (75.5000000000001, 108., -4.24999999999436));
#273 = B_SPLINE_CURVE_WITH_KNOTS ('', 1, (#271, #272), .UNSPECIFIED., .F., .U., (2, 2), (0., 1.), .UNSPECIFIED.);
#274 = EDGE_CURVE ('', #263, #270, #273, .T.);
#275 = ORIENTED_EDGE ('', *, *, #274, .T.);
#276 = CARTESIAN_POINT ('', (75.5000000000001, 107.75, -4.49999999999983));
#277 = VERTEX_POINT ('', #276);
#278 = CARTESIAN_POINT ('', (75.5000000000001, 107.75, -4.49999999999978));
#279 = CARTESIAN_POINT ('', (75.5000000000001, 107.833333333334, -4.41666666666646));
#280 = CARTESIAN_POINT ('', (75.5000000000001, 107.916666666667, -4.33333333333315));
#281 = CARTESIAN_POINT ('', (75.5000000000001, 108., -4.24999999999984));
#282 = B_SPLINE_CURVE_WITH_KNOTS ('', 3, (#278, #279, #280, #281), .UNSPECIFIED., .F., .U., (4, 4), (0., 0.353553390593265), .UNSPECIFIED.);
#283 = EDGE_CURVE ('', #277, #270, #282, .T.);
#284 = ORIENTED_EDGE ('', *, *, #283, .F.);
#285 = CARTESIAN_POINT ('', (75.5000000000001, 107.750000000001, -4.49999999999978));
#286 = CARTESIAN_POINT ('', (75.5000000000001, 107.750000000001, -5.0000000000004));
#287 = B_SPLINE_CURVE_WITH_KNOTS ('', 1, (#285, #286), .UNSPECIFIED., .F., .U., (2, 2), (0.571428571428383, 0.857142857143023), .UNSPECIFIED.);
#288 = EDGE_CURVE ('', #277, #187, #287, .T.);
#289 = ORIENTED_EDGE ('', *, *, #288, .T.);
#290 = EDGE_LOOP ('', (#236, #237, #238, #245, #254, #261, #268, #275, #284, #289));
#291 = FACE_OUTER_BOUND ('', #290, .T.);
#292 = CARTESIAN_POINT ('', (75.5000000000001, 107.750000000001, -3.50000000000011));
#293 = CARTESIAN_POINT ('', (75.5000000000001, 111.25, -3.50000000000011));
#294 = CARTESIAN_POINT ('', (75.5000000000001, 107.750000000001, -5.0000000000004));
#295 = CARTESIAN_POINT ('', (75.5000000000001, 111.25, -5.0000000000004));
#296 = B_SPLINE_SURFACE_WITH_KNOTS ('', 1, 1, ((#292, #293), (#294, #295)), .UNSPECIFIED., .F., .F., .U., (2, 2), (2, 2), (0., 0.857142857143023), (3.50000000000053, 6.99999999999947), .UNSPECIFIED.);
#297 = ADVANCED_FACE ('', (#291), #296, .T.);
#298 = CARTESIAN_POINT ('', (75.3749999999999, 107.749999999999, -4.49999999999984));
#299 = VERTEX_POINT ('', #298);
#300 = CARTESIAN_POINT ('', (75.3749999999999, 107.75, -4.49999999999984));
#301 = CARTESIAN_POINT ('', (75.4166666666666, 107.75, -4.49999999999984));
#302 = CARTESIAN_POINT ('', (75.4583333333334, 107.75, -4.49999999999984));
#303 = CARTESIAN_POINT ('', (75.5000000000001, 107.75, -4.49999999999984));
#304 = B_SPLINE_CURVE_WITH_KNOTS ('', 3, (#300, #301, #302, #303), .UNSPECIFIED., .F., .U., (4, 4), (0., 0.125000000000188), .UNSPECIFIED.);
#305 = EDGE_CURVE ('', #299, #277, #304, .T.);
#306 = ORIENTED_EDGE ('', *, *, #305, .T.);
#307 = ORIENTED_EDGE ('', *, *, #283, .T.);
#308 = CARTESIAN_POINT ('', (75.3749999999999, 108., -4.24999999999979));
#309 = VERTEX_POINT ('', #308);
#310 = CARTESIAN_POINT ('', (75.5000000000001, 108., -4.24999999999984));
#311 = CARTESIAN_POINT ('', (75.3749999999999, 108., -4.24999999999979));
#312 = B_SPLINE_CURVE_WITH_KNOTS ('', 1, (#310, #311), .UNSPECIFIED., .F., .U., (2, 2), (10.9285714285713, 11.), .UNSPECIFIED.);
#313 = EDGE_CURVE ('', #270, #309, #312, .T.);
#314 = ORIENTED_EDGE ('', *, *, #313, .T.);
#315 = CARTESIAN_POINT ('', (75.3749999999999, 108., -4.24999999999979));
#316 = CARTESIAN_POINT ('', (75.3749999999999, 107.75, -4.49999999999974));
#317 = B_SPLINE_CURVE_WITH_KNOTS ('', 1, (#315, #316), .UNSPECIFIED., .F., .U., (2, 2), (0., 1.), .UNSPECIFIED.);
#318 = EDGE_CURVE ('', #309, #299, #317, .T.);
#319 = ORIENTED_EDGE ('', *, *, #318, .T.);
#320 = EDGE_LOOP ('', (#306, #307, #314, #319));
#321 = FACE_OUTER_BOUND ('', #320, .T.);
#322 = CARTESIAN_POINT ('', (75.5000000000001, 108., -4.24999999999984));
#323 = CARTESIAN_POINT ('', (75.5000000000001, 107.75, -4.49999999999978));
#324 = CARTESIAN_POINT ('', (75.4583333333334, 108., -4.24999999999982));
#325 = CARTESIAN_POINT ('', (75.4583333333334, 107.75, -4.49999999999977));
#326 = CARTESIAN_POINT ('', (75.4166666666666, 108., -4.24999999999981));
#327 = CARTESIAN_POINT ('', (75.4166666666666, 107.75, -4.49999999999975));
#328 = CARTESIAN_POINT ('', (75.3749999999999, 108., -4.24999999999979));
#329 = CARTESIAN_POINT ('', (75.3749999999999, 107.75, -4.49999999999974));
#330 = B_SPLINE_SURFACE_WITH_KNOTS ('', 3, 1, ((#322, #323), (#324, #325), (#326, #327), (#328, #329)), .UNSPECIFIED., .F., .F., .U., (4, 4), (2, 2), (0.928571428571319, 1.), (0., 1.), .UNSPECIFIED.);
#331 = ADVANCED_FACE ('', (#321), #330, .T.);
#332 = ORIENTED_EDGE ('', *, *, #318, .F.);
#333 = CARTESIAN_POINT ('', (74.625, 108.75, -4.24999999999959));
#334 = VERTEX_POINT ('', #333);
#335 = CARTESIAN_POINT ('', (75.3749999999999, 108., -4.24999999999979));
#336 = CARTESIAN_POINT ('', (74.6249999999998, 108., -4.24999999999982));
#337 = CARTESIAN_POINT ('', (74.625, 108.75, -4.24999999999959));
#338 = (
   BOUNDED_CURVE ()
   B_SPLINE_CURVE (2, (#335, #336, #337), .UNSPECIFIED., .F., .U.)
   B_SPLINE_CURVE_WITH_KNOTS ((3, 3), (11., 12.), .UNSPECIFIED.)
   CURVE ()
   GEOMETRIC_REPRESENTATION_ITEM ()
   RATIONAL_B_SPLINE_CURVE ((1., 0.707106781186481, 1.))
   REPRESENTATION_ITEM ('')
);
#339 = EDGE_CURVE ('', #309, #334, #338, .T.);
#340 = ORIENTED_EDGE ('', *, *, #339, .T.);
#341 = CARTESIAN_POINT ('', (74.3749999999999, 108.75, -4.49999999999986));
#342 = VERTEX_POINT ('', #341);
#343 = CARTESIAN_POINT ('', (74.625, 108.75, -4.24999999999959));
#344 = CARTESIAN_POINT ('', (74.375, 108.75, -4.49999999999958));
#345 = B_SPLINE_CURVE_WITH_KNOTS ('', 1, (#343, #344), .UNSPECIFIED., .F., .U., (2, 2), (0., 1.), .UNSPECIFIED.);
#346 = EDGE_CURVE ('', #334, #342, #345, .T.);
#347 = ORIENTED_EDGE ('', *, *, #346, .T.);
#348 = CARTESIAN_POINT ('', (75.3749999999999, 107.75, -4.49999999999974));
#349 = CARTESIAN_POINT ('', (74.3749999999999, 107.75, -4.49999999999967));
#350 = CARTESIAN_POINT ('', (74.3749999999999, 108.75, -4.49999999999986));
#351 = (
   BOUNDED_CURVE ()
   B_SPLINE_CURVE (2, (#348, #349, #350), .UNSPECIFIED., .F., .U.)
   B_SPLINE_CURVE_WITH_KNOTS ((3, 3), (0., 1.), .UNSPECIFIED.)
   CURVE ()
   GEOMETRIC_REPRESENTATION_ITEM ()
   RATIONAL_B_SPLINE_CURVE ((1., 0.707106781186548, 1.))
   REPRESENTATION_ITEM ('')
);
#352 = EDGE_CURVE ('', #299, #342, #351, .T.);
#353 = ORIENTED_EDGE ('', *, *, #352, .F.);
#354 = EDGE_LOOP ('', (#332, #340, #347, #353));
#355 = FACE_OUTER_BOUND ('', #354, .T.);
#356 = CARTESIAN_POINT ('', (75.3749999999999, 108., -4.24999999999979));
#357 = CARTESIAN_POINT ('', (75.3749999999999, 107.75, -4.49999999999974));
#358 = CARTESIAN_POINT ('', (75.316131193501, 107.999953387392, -4.24999999999984));
#359 = CARTESIAN_POINT ('', (75.2965082580015, 107.749937849856, -4.49999999999972));
#360 = CARTESIAN_POINT ('', (75.2231757376611, 108.010563252772, -4.24999999999974));
#361 = CARTESIAN_POINT ('', (75.1725676502147, 107.76408433703, -4.49999999999972));
#362 = CARTESIAN_POINT ('', (75.0985458576871, 108.050445415647, -4.24999999999982));
#363 = CARTESIAN_POINT ('', (75.0063944769161, 107.817260554196, -4.49999999999974));
#364 = CARTESIAN_POINT ('', (75.0073721085551, 108.09363718914, -4.24999999999977));
#365 = CARTESIAN_POINT ('', (74.8848294780735, 107.87484958552, -4.49999999999974));
#366 = CARTESIAN_POINT ('', (74.9212781642428, 108.149833941831, -4.24999999999978));
#367 = CARTESIAN_POINT ('', (74.7700375523238, 107.949778589107, -4.49999999999972));
#368 = CARTESIAN_POINT ('', (74.8429768446467, 108.217976844647, -4.24999999999972));
#369 = CARTESIAN_POINT ('', (74.6656357928622, 108.040635792862, -4.49999999999977));
#370 = CARTESIAN_POINT ('', (74.7748339418305, 108.296278164243, -4.24999999999974));
#371 = CARTESIAN_POINT ('', (74.5747785891073, 108.145037552324, -4.49999999999974));
#372 = CARTESIAN_POINT ('', (74.71863718914, 108.382372108555, -4.24999999999969));
#373 = CARTESIAN_POINT ('', (74.49984958552, 108.259829478074, -4.49999999999975));
#374 = CARTESIAN_POINT ('', (74.6754454156469, 108.473545857687, -4.24999999999968));
#375 = CARTESIAN_POINT ('', (74.4422605541959, 108.381394476916, -4.49999999999984));
#376 = CARTESIAN_POINT ('', (74.6355632527724, 108.598175737661, -4.24999999999962));
#377 = CARTESIAN_POINT ('', (74.3890843370297, 108.547567650215, -4.49999999999975));
#378 = CARTESIAN_POINT ('', (74.6249533873918, 108.691131193501, -4.24999999999964));
#379 = CARTESIAN_POINT ('', (74.3749378498557, 108.671508258001, -4.49999999999988));
#380 = CARTESIAN_POINT ('', (74.625, 108.75, -4.24999999999959));
#381 = CARTESIAN_POINT ('', (74.3749999999999, 108.75, -4.49999999999986));
#382 = B_SPLINE_SURFACE_WITH_KNOTS ('', 3, 1, ((#356, #357), (#358, #359), (#360, #361), (#362, #363), (#364, #365), (#366, #367), (#368, #369), (#370, #371), (#372, #373), (#374, #375), (#376, #377), (#378, #379), (#380, #381)), .UNSPECIFIED., .F., .F., .U., (4, 1, 1, 1, 1, 1, 1, 1, 1, 1, 4), (2, 2), (0., 0.166666666666646, 0.249999999999999, 0.333333333333319, 0.41666666666666, 0.499999999999983, 0.583333333333317, 0.666666666666657, 0.749999999999988, 0.833333333333324, 1.), (0., 1.), .UNSPECIFIED.);
#383 = ADVANCED_FACE ('', (#355), #382, .T.);
#384 = ORIENTED_EDGE ('', *, *, #346, .F.);
#385 = CARTESIAN_POINT ('', (74.6249999999999, 110.25, -4.25000000000052));
#386 = VERTEX_POINT ('', #385);
#387 = CARTESIAN_POINT ('', (74.625, 108.75, -4.24999999999959));
#388 = CARTESIAN_POINT ('', (74.6249999999999, 110.25, -4.25000000000053));
#389 = B_SPLINE_CURVE_WITH_KNOTS ('', 1, (#387, #388), .UNSPECIFIED., .F., .U., (2, 2), (12., 13.), .UNSPECIFIED.);
#390 = EDGE_CURVE ('', #334, #386, #389, .T.);
#391 = ORIENTED_EDGE ('', *, *, #390, .T.);
#392 = CARTESIAN_POINT ('', (74.375, 110.25, -4.50000000000016));
#393 = VERTEX_POINT ('', #392);
#394 = CARTESIAN_POINT ('', (74.6249999999999, 110.25, -4.25000000000053));
#395 = CARTESIAN_POINT ('', (74.375, 110.25, -4.50000000000018));
#396 = B_SPLINE_CURVE_WITH_KNOTS ('', 1, (#394, #395), .UNSPECIFIED., .F., .U., (2, 2), (0., 1.), .UNSPECIFIED.);
#397 = EDGE_CURVE ('', #386, #393, #396, .T.);
#398 = ORIENTED_EDGE ('', *, *, #397, .T.);
#399 = CARTESIAN_POINT ('', (74.375, 108.75, -4.49999999999958));
#400 = CARTESIAN_POINT ('', (74.3749999999998, 110.25, -4.5000000000005));
#401 = B_SPLINE_CURVE_WITH_KNOTS ('', 1, (#399, #400), .UNSPECIFIED., .F., .U., (2, 2), (0., 1.), .UNSPECIFIED.);
#402 = EDGE_CURVE ('', #342, #393, #401, .T.);
#403 = ORIENTED_EDGE ('', *, *, #402, .F.);
#404 = EDGE_LOOP ('', (#384, #391, #398, #403));
#405 = FACE_OUTER_BOUND ('', #404, .T.);
#406 = CARTESIAN_POINT ('', (74.625, 108.75, -4.24999999999959));
#407 = CARTESIAN_POINT ('', (74.375, 108.75, -4.49999999999958));
#408 = CARTESIAN_POINT ('', (74.6249999999999, 109.25, -4.24999999999992));
#409 = CARTESIAN_POINT ('', (74.3749999999999, 109.25, -4.49999999999989));
#410 = CARTESIAN_POINT ('', (74.6249999999999, 109.75, -4.25000000000021));
#411 = CARTESIAN_POINT ('', (74.3749999999999, 109.75, -4.50000000000021));
#412 = CARTESIAN_POINT ('', (74.6249999999999, 110.25, -4.25000000000053));
#413 = CARTESIAN_POINT ('', (74.3749999999998, 110.25, -4.5000000000005));
#414 = B_SPLINE_SURFACE_WITH_KNOTS ('', 3, 1, ((#406, #407), (#408, #409), (#410, #411), (#412, #413)), .UNSPECIFIED., .F., .F., .U., (4, 4), (2, 2), (0., 1.), (0., 1.), .UNSPECIFIED.);
#415 = ADVANCED_FACE ('', (#405), #414, .T.);
#416 = ORIENTED_EDGE ('', *, *, #397, .F.);
#417 = CARTESIAN_POINT ('', (75.3749999999999, 111., -4.25000000000097));
#418 = VERTEX_POINT ('', #417);
#419 = CARTESIAN_POINT ('', (74.6249999999999, 110.25, -4.25000000000053));
#420 = CARTESIAN_POINT ('', (74.6249999999998, 111., -4.2500000000006));
#421 = CARTESIAN_POINT ('', (75.3749999999999, 111., -4.25000000000099));
#422 = (
   BOUNDED_CURVE ()
   B_SPLINE_CURVE (2, (#419, #420, #421), .UNSPECIFIED., .F., .U.)
   B_SPLINE_CURVE_WITH_KNOTS ((3, 3), (13., 14.), .UNSPECIFIED.)
   CURVE ()
   GEOMETRIC_REPRESENTATION_ITEM ()
   RATIONAL_B_SPLINE_CURVE ((1., 0.707106781186508, 1.))
   REPRESENTATION_ITEM ('')
);
#423 = EDGE_CURVE ('', #386, #418, #422, .T.);
#424 = ORIENTED_EDGE ('', *, *, #423, .T.);
#425 = CARTESIAN_POINT ('', (75.3749999999998, 111.249999999999, -4.50000000000056));
#426 = VERTEX_POINT ('', #425);
#427 = CARTESIAN_POINT ('', (75.3749999999999, 111., -4.25000000000099));
#428 = CARTESIAN_POINT ('', (75.3749999999997, 111.25, -4.50000000000149));
#429 = B_SPLINE_CURVE_WITH_KNOTS ('', 1, (#427, #428), .UNSPECIFIED., .F., .U., (2, 2), (0., 1.), .UNSPECIFIED.);
#430 = EDGE_CURVE ('', #418, #426, #429, .T.);
#431 = ORIENTED_EDGE ('', *, *, #430, .T.);
#432 = CARTESIAN_POINT ('', (74.375, 110.25, -4.50000000000018));
#433 = CARTESIAN_POINT ('', (74.3750000000001, 111.25, -4.50000000000006));
#434 = CARTESIAN_POINT ('', (75.3749999999997, 111.25, -4.50000000000149));
#435 = (
   BOUNDED_CURVE ()
   B_SPLINE_CURVE (2, (#432, #433, #434), .UNSPECIFIED., .F., .U.)
   B_SPLINE_CURVE_WITH_KNOTS ((3, 3), (0., 1.), .UNSPECIFIED.)
   CURVE ()
   GEOMETRIC_REPRESENTATION_ITEM ()
   RATIONAL_B_SPLINE_CURVE ((1., 0.707106781186825, 1.))
   REPRESENTATION_ITEM ('')
);
#436 = EDGE_CURVE ('', #393, #426, #435, .T.);
#437 = ORIENTED_EDGE ('', *, *, #436, .F.);
#438 = EDGE_LOOP ('', (#416, #424, #431, #437));
#439 = FACE_OUTER_BOUND ('', #438, .T.);
#440 = CARTESIAN_POINT ('', (74.6249999999999, 110.25, -4.25000000000053));
#441 = CARTESIAN_POINT ('', (74.375, 110.25, -4.50000000000018));
#442 = CARTESIAN_POINT ('', (74.6249533873918, 110.308868806499, -4.2500000000005));
#443 = CARTESIAN_POINT ('', (74.3749378498559, 110.328491741998, -4.50000000000014));
#444 = CARTESIAN_POINT ('', (74.6355632527722, 110.401824262339, -4.2500000000006));
#445 = CARTESIAN_POINT ('', (74.3890843370298, 110.452432349785, -4.50000000000023));
#446 = CARTESIAN_POINT ('', (74.6754454156469, 110.526454142313, -4.25000000000056));
#447 = CARTESIAN_POINT ('', (74.442260554196, 110.618605523084, -4.50000000000022));
#448 = CARTESIAN_POINT ('', (74.7186371891399, 110.617627891445, -4.25000000000059));
#449 = CARTESIAN_POINT ('', (74.4998495855201, 110.740170521926, -4.50000000000033));
#450 = CARTESIAN_POINT ('', (74.7748339418304, 110.703721835757, -4.25000000000066));
#451 = CARTESIAN_POINT ('', (74.5747785891073, 110.854962447676, -4.50000000000039));
#452 = CARTESIAN_POINT ('', (74.8429768446466, 110.782023155353, -4.2500000000007));
#453 = CARTESIAN_POINT ('', (74.6656357928623, 110.959364207138, -4.50000000000049));
#454 = CARTESIAN_POINT ('', (74.9212781642428, 110.850166058169, -4.25000000000068));
#455 = CARTESIAN_POINT ('', (74.7700375523237, 111.050221410893, -4.5000000000006));
#456 = CARTESIAN_POINT ('', (75.0073721085551, 110.90636281086, -4.25000000000082));
#457 = CARTESIAN_POINT ('', (74.8848294780735, 111.12515041448, -4.50000000000085));
#458 = CARTESIAN_POINT ('', (75.098545857687, 110.949554584353, -4.25000000000083));
#459 = CARTESIAN_POINT ('', (75.0063944769159, 111.182739445804, -4.50000000000096));
#460 = CARTESIAN_POINT ('', (75.2231757376611, 110.989436747228, -4.25000000000092));
#461 = CARTESIAN_POINT ('', (75.1725676502147, 111.23591566297, -4.50000000000114));
#462 = CARTESIAN_POINT ('', (75.316131193501, 111.000046612608, -4.25000000000096));
#463 = CARTESIAN_POINT ('', (75.2965082580012, 111.250062150144, -4.50000000000141));
#464 = CARTESIAN_POINT ('', (75.3749999999999, 111., -4.25000000000099));
#465 = CARTESIAN_POINT ('', (75.3749999999997, 111.25, -4.50000000000149));
#466 = B_SPLINE_SURFACE_WITH_KNOTS ('', 3, 1, ((#440, #441), (#442, #443), (#444, #445), (#446, #447), (#448, #449), (#450, #451), (#452, #453), (#454, #455), (#456, #457), (#458, #459), (#460, #461), (#462, #463), (#464, #465)), .UNSPECIFIED., .F., .F., .U., (4, 1, 1, 1, 1, 1, 1, 1, 1, 1, 4), (2, 2), (0., 0.166666666666646, 0.249999999999972, 0.333333333333298, 0.416666666666629, 0.499999999999958, 0.583333333333297, 0.666666666666621, 0.74999999999998, 0.833333333333309, 1.), (0., 1.), .UNSPECIFIED.);
#467 = ADVANCED_FACE ('', (#439), #466, .T.);
#468 = ORIENTED_EDGE ('', *, *, #423, .F.);
#469 = CARTESIAN_POINT ('', (74.6249999999999, 110.25, -3.00000000000052));
#470 = VERTEX_POINT ('', #469);
#471 = CARTESIAN_POINT ('', (74.6249999999999, 110.25, -4.25000000000053));
#472 = CARTESIAN_POINT ('', (74.6249999999999, 110.25, -3.00000000000053));
#473 = B_SPLINE_CURVE_WITH_KNOTS ('', 1, (#471, #472), .UNSPECIFIED., .F., .U., (2, 2), (0., 1.), .UNSPECIFIED.);
#474 = EDGE_CURVE ('', #386, #470, #473, .T.);
#475 = ORIENTED_EDGE ('', *, *, #474, .T.);
#476 = CARTESIAN_POINT ('', (75.3749999999999, 111., -3.00000000000097));
#477 = VERTEX_POINT ('', #476);
#478 = CARTESIAN_POINT ('', (74.6249999999999, 110.25, -3.00000000000053));
#479 = CARTESIAN_POINT ('', (74.6249999999999, 111., -3.0000000000006));
#480 = CARTESIAN_POINT ('', (75.3749999999999, 111., -3.00000000000099));
#481 = (
   BOUNDED_CURVE ()
   B_SPLINE_CURVE (2, (#478, #479, #480), .UNSPECIFIED., .F., .U.)
   B_SPLINE_CURVE_WITH_KNOTS ((3, 3), (13., 14.), .UNSPECIFIED.)
   CURVE ()
   GEOMETRIC_REPRESENTATION_ITEM ()
   RATIONAL_B_SPLINE_CURVE ((1., 0.707106781186508, 1.))
   REPRESENTATION_ITEM ('')
);
#482 = EDGE_CURVE ('', #470, #477, #481, .T.);
#483 = ORIENTED_EDGE ('', *, *, #482, .T.);
#484 = CARTESIAN_POINT ('', (75.3749999999999, 111., -4.25000000000099));
#485 = CARTESIAN_POINT ('', (75.3749999999999, 111., -3.00000000000099));
#486 = B_SPLINE_CURVE_WITH_KNOTS ('', 1, (#484, #485), .UNSPECIFIED., .F., .U., (2, 2), (0., 1.), .UNSPECIFIED.);
#487 = EDGE_CURVE ('', #418, #477, #486, .T.);
#488 = ORIENTED_EDGE ('', *, *, #487, .F.);
#489 = EDGE_LOOP ('', (#468, #475, #483, #488));
#490 = FACE_OUTER_BOUND ('', #489, .T.);
#491 = CARTESIAN_POINT ('', (74.6249999999999, 110.25, -4.25000000000053));
#492 = CARTESIAN_POINT ('', (74.6249999999998, 111., -4.2500000000006));
#493 = CARTESIAN_POINT ('', (75.3749999999999, 111., -4.25000000000099));
#494 = CARTESIAN_POINT ('', (74.6249999999999, 110.25, -3.00000000000053));
#495 = CARTESIAN_POINT ('', (74.6249999999999, 111., -3.0000000000006));
#496 = CARTESIAN_POINT ('', (75.3749999999999, 111., -3.00000000000099));
#497 = (
   BOUNDED_SURFACE ()
   B_SPLINE_SURFACE (1, 2, ((#491, #492, #493), (#494, #495, #496)), .UNSPECIFIED., .F., .F., .U.)
   B_SPLINE_SURFACE_WITH_KNOTS ((2, 2), (3, 3), (0., 1.), (13., 14.), .UNSPECIFIED.)
   GEOMETRIC_REPRESENTATION_ITEM ()
   RATIONAL_B_SPLINE_SURFACE (((1., 0.707106781186508, 1.), (1., 0.707106781186508, 1.)))
   REPRESENTATION_ITEM ('')
   SURFACE ()
);
#498 = ADVANCED_FACE ('', (#490), #497, .T.);
#499 = CARTESIAN_POINT ('', (77.1249999999998, 111., -4.25000000000053));
#500 = VERTEX_POINT ('', #499);
#501 = CARTESIAN_POINT ('', (77.8749999999998, 110.25, -4.2500000000005));
#502 = VERTEX_POINT ('', #501);
#503 = CARTESIAN_POINT ('', (77.1249999999998, 111., -4.25000000000055));
#504 = CARTESIAN_POINT ('', (77.8749999999998, 111., -4.25000000000046));
#505 = CARTESIAN_POINT ('', (77.8749999999998, 110.25, -4.25000000000052));
#506 = (
   BOUNDED_CURVE ()
   B_SPLINE_CURVE (2, (#503, #504, #505), .UNSPECIFIED., .F., .U.)
   B_SPLINE_CURVE_WITH_KNOTS ((3, 3), (15., 16.), .UNSPECIFIED.)
   CURVE ()
   GEOMETRIC_REPRESENTATION_ITEM ()
   RATIONAL_B_SPLINE_CURVE ((1., 0.707106781186552, 1.))
   REPRESENTATION_ITEM ('')
);
#507 = EDGE_CURVE ('', #500, #502, #506, .T.);
#508 = ORIENTED_EDGE ('', *, *, #507, .F.);
#509 = CARTESIAN_POINT ('', (77.1249999999999, 111., -3.00000000000053));
#510 = VERTEX_POINT ('', #509);
#511 = CARTESIAN_POINT ('', (77.1249999999998, 111., -4.25000000000055));
#512 = CARTESIAN_POINT ('', (77.1249999999999, 111., -3.00000000000055));
#513 = B_SPLINE_CURVE_WITH_KNOTS ('', 1, (#511, #512), .UNSPECIFIED., .F., .U., (2, 2), (0., 1.), .UNSPECIFIED.);
#514 = EDGE_CURVE ('', #500, #510, #513, .T.);
#515 = ORIENTED_EDGE ('', *, *, #514, .T.);
#516 = CARTESIAN_POINT ('', (77.8749999999999, 110.25, -3.0000000000005));
#517 = VERTEX_POINT ('', #516);
#518 = CARTESIAN_POINT ('', (77.1249999999999, 111., -3.00000000000055));
#519 = CARTESIAN_POINT ('', (77.8749999999999, 111., -3.00000000000046));
#520 = CARTESIAN_POINT ('', (77.8749999999999, 110.25, -3.00000000000052));
#521 = (
   BOUNDED_CURVE ()
   B_SPLINE_CURVE (2, (#518, #519, #520), .UNSPECIFIED., .F., .U.)
   B_SPLINE_CURVE_WITH_KNOTS ((3, 3), (15., 16.), .UNSPECIFIED.)
   CURVE ()
   GEOMETRIC_REPRESENTATION_ITEM ()
   RATIONAL_B_SPLINE_CURVE ((1., 0.707106781186552, 1.))
   REPRESENTATION_ITEM ('')
);
#522 = EDGE_CURVE ('', #510, #517, #521, .T.);
#523 = ORIENTED_EDGE ('', *, *, #522, .T.);
#524 = CARTESIAN_POINT ('', (77.8749999999998, 110.25, -4.25000000000052));
#525 = CARTESIAN_POINT ('', (77.8749999999999, 110.25, -3.00000000000052));
#526 = B_SPLINE_CURVE_WITH_KNOTS ('', 1, (#524, #525), .UNSPECIFIED., .F., .U., (2, 2), (0., 1.), .UNSPECIFIED.);
#527 = EDGE_CURVE ('', #502, #517, #526, .T.);
#528 = ORIENTED_EDGE ('', *, *, #527, .F.);
#529 = EDGE_LOOP ('', (#508, #515, #523, #528));
#530 = FACE_OUTER_BOUND ('', #529, .T.);
#531 = CARTESIAN_POINT ('', (77.1249999999998, 111., -4.25000000000055));
#532 = CARTESIAN_POINT ('', (77.8749999999998, 111., -4.25000000000046));
#533 = CARTESIAN_POINT ('', (77.8749999999998, 110.25, -4.25000000000052));
#534 = CARTESIAN_POINT ('', (77.1249999999999, 111., -3.00000000000055));
#535 = CARTESIAN_POINT ('', (77.8749999999999, 111., -3.00000000000046));
#536 = CARTESIAN_POINT ('', (77.8749999999999, 110.25, -3.00000000000052));
#537 = (
   BOUNDED_SURFACE ()
   B_SPLINE_SURFACE (1, 2, ((#531, #532, #533), (#534, #535, #536)), .UNSPECIFIED., .F., .F., .U.)
   B_SPLINE_SURFACE_WITH_KNOTS ((2, 2), (3, 3), (0., 1.), (15., 16.), .UNSPECIFIED.)
   GEOMETRIC_REPRESENTATION_ITEM ()
   RATIONAL_B_SPLINE_SURFACE (((1., 0.707106781186552, 1.), (1., 0.707106781186552, 1.)))
   REPRESENTATION_ITEM ('')
   SURFACE ()
);
#538 = ADVANCED_FACE ('', (#530), #537, .T.);
#539 = CARTESIAN_POINT ('', (77.1249999999998, 111.25, -4.50000000000053));
#540 = VERTEX_POINT ('', #539);
#541 = CARTESIAN_POINT ('', (77.1249999999998, 111., -4.25000000000055));
#542 = CARTESIAN_POINT ('', (77.1249999999998, 111.25, -4.50000000000059));
#543 = B_SPLINE_CURVE_WITH_KNOTS ('', 1, (#541, #542), .UNSPECIFIED., .F., .U., (2, 2), (0., 1.), .UNSPECIFIED.);
#544 = EDGE_CURVE ('', #500, #540, #543, .T.);
#545 = ORIENTED_EDGE ('', *, *, #544, .F.);
#546 = ORIENTED_EDGE ('', *, *, #507, .T.);
#547 = CARTESIAN_POINT ('', (78.1249999999998, 110.25, -4.49999999999992));
#548 = VERTEX_POINT ('', #547);
#549 = CARTESIAN_POINT ('', (77.8749999999998, 110.25, -4.25000000000052));
#550 = CARTESIAN_POINT ('', (78.1249999999998, 110.25, -4.50000000000053));
#551 = B_SPLINE_CURVE_WITH_KNOTS ('', 1, (#549, #550), .UNSPECIFIED., .F., .U., (2, 2), (0., 1.), .UNSPECIFIED.);
#552 = EDGE_CURVE ('', #502, #548, #551, .T.);
#553 = ORIENTED_EDGE ('', *, *, #552, .T.);
#554 = CARTESIAN_POINT ('', (77.1249999999998, 111.25, -4.50000000000076));
#555 = CARTESIAN_POINT ('', (78.1249999999998, 111.25, -4.50000000000082));
#556 = CARTESIAN_POINT ('', (78.1249999999998, 110.25, -4.49999999999994));
#557 = (
   BOUNDED_CURVE ()
   B_SPLINE_CURVE (2, (#554, #555, #556), .UNSPECIFIED., .F., .U.)
   B_SPLINE_CURVE_WITH_KNOTS ((3, 3), (0., 1.), .UNSPECIFIED.)
   CURVE ()
   GEOMETRIC_REPRESENTATION_ITEM ()
   RATIONAL_B_SPLINE_CURVE ((1., 0.707106781186566, 1.))
   REPRESENTATION_ITEM ('')
);
#558 = EDGE_CURVE ('', #540, #548, #557, .T.);
#559 = ORIENTED_EDGE ('', *, *, #558, .F.);
#560 = EDGE_LOOP ('', (#545, #546, #553, #559));
#561 = FACE_OUTER_BOUND ('', #560, .T.);
#562 = CARTESIAN_POINT ('', (77.1249999999998, 111., -4.25000000000055));
#563 = CARTESIAN_POINT ('', (77.1249999999998, 111.25, -4.50000000000076));
#564 = CARTESIAN_POINT ('', (77.1838688064987, 111.000046612608, -4.25000000000053));
#565 = CARTESIAN_POINT ('', (77.2034917419982, 111.250062150144, -4.50000000000073));
#566 = CARTESIAN_POINT ('', (77.2768242623386, 110.989436747228, -4.25000000000056));
#567 = CARTESIAN_POINT ('', (77.3274323497849, 111.23591566297, -4.50000000000082));
#568 = CARTESIAN_POINT ('', (77.4014541423127, 110.949554584353, -4.25000000000055));
#569 = CARTESIAN_POINT ('', (77.4936055230836, 111.182739445804, -4.50000000000072));
#570 = CARTESIAN_POINT ('', (77.4926278914446, 110.90636281086, -4.25000000000046));
#571 = CARTESIAN_POINT ('', (77.6151705219261, 111.12515041448, -4.50000000000068));
#572 = CARTESIAN_POINT ('', (77.5787218357569, 110.850166058169, -4.25000000000053));
#573 = CARTESIAN_POINT ('', (77.7299624476759, 111.050221410893, -4.50000000000063));
#574 = CARTESIAN_POINT ('', (77.6570231553531, 110.782023155353, -4.25000000000049));
#575 = CARTESIAN_POINT ('', (77.8343642071375, 110.959364207138, -4.50000000000055));
#576 = CARTESIAN_POINT ('', (77.7251660581693, 110.703721835757, -4.25000000000053));
#577 = CARTESIAN_POINT ('', (77.9252214108924, 110.854962447676, -4.50000000000045));
#578 = CARTESIAN_POINT ('', (77.7813628108598, 110.617627891445, -4.25000000000048));
#579 = CARTESIAN_POINT ('', (78.0001504144798, 110.740170521926, -4.50000000000038));
#580 = CARTESIAN_POINT ('', (77.8245545843528, 110.526454142313, -4.25000000000053));
#581 = CARTESIAN_POINT ('', (78.0577394458038, 110.618605523084, -4.50000000000028));
#582 = CARTESIAN_POINT ('', (77.8644367472274, 110.401824262339, -4.25000000000046));
#583 = CARTESIAN_POINT ('', (78.11091566297, 110.452432349785, -4.50000000000011));
#584 = CARTESIAN_POINT ('', (77.8750466126079, 110.308868806499, -4.25000000000056));
#585 = CARTESIAN_POINT ('', (78.125062150144, 110.328491741998, -4.50000000000002));
#586 = CARTESIAN_POINT ('', (77.8749999999998, 110.25, -4.25000000000052));
#587 = CARTESIAN_POINT ('', (78.1249999999998, 110.25, -4.49999999999994));
#588 = B_SPLINE_SURFACE_WITH_KNOTS ('', 3, 1, ((#562, #563), (#564, #565), (#566, #567), (#568, #569), (#570, #571), (#572, #573), (#574, #575), (#576, #577), (#578, #579), (#580, #581), (#582, #583), (#584, #585), (#586, #587)), .UNSPECIFIED., .F., .F., .U., (4, 1, 1, 1, 1, 1, 1, 1, 1, 1, 4), (2, 2), (0., 0.166666666666666, 0.249999999999998, 0.333333333333332, 0.416666666666664, 0.499999999999987, 0.58333333333332, 0.666666666666663, 0.749999999999995, 0.833333333333326, 1.), (0., 1.), .UNSPECIFIED.);
#589 = ADVANCED_FACE ('', (#561), #588, .T.);
#590 = CARTESIAN_POINT ('', (77.0000000000001, 111.25, -4.50000000000054));
#591 = VERTEX_POINT ('', #590);
#592 = CARTESIAN_POINT ('', (77.1249999999998, 111.25, -4.50000000000053));
#593 = CARTESIAN_POINT ('', (77.0833333333332, 111.25, -4.50000000000053));
#594 = CARTESIAN_POINT ('', (77.0416666666667, 111.25, -4.50000000000054));
#595 = CARTESIAN_POINT ('', (77.0000000000001, 111.25, -4.50000000000054));
#596 = B_SPLINE_CURVE_WITH_KNOTS ('', 3, (#592, #593, #594, #595), .UNSPECIFIED., .F., .U., (4, 4), (0., 0.124999999999689), .UNSPECIFIED.);
#597 = EDGE_CURVE ('', #540, #591, #596, .T.);
#598 = ORIENTED_EDGE ('', *, *, #597, .T.);
#599 = CARTESIAN_POINT ('', (77.0000000000001, 111., -4.25000000000058));
#600 = VERTEX_POINT ('', #599);
#601 = CARTESIAN_POINT ('', (77.0000000000001, 111.25, -4.50000000000062));
#602 = CARTESIAN_POINT ('', (77.0000000000001, 111.166666666666, -4.41666666666727));
#603 = CARTESIAN_POINT ('', (77.0000000000001, 111.083333333333, -4.33333333333393));
#604 = CARTESIAN_POINT ('', (77.0000000000001, 111., -4.25000000000059));
#605 = B_SPLINE_CURVE_WITH_KNOTS ('', 3, (#601, #602, #603, #604), .UNSPECIFIED., .F., .U., (4, 4), (0., 0.353553390593267), .UNSPECIFIED.);
#606 = EDGE_CURVE ('', #591, #600, #605, .T.);
#607 = ORIENTED_EDGE ('', *, *, #606, .T.);
#608 = CARTESIAN_POINT ('', (77.0000000000001, 111., -4.25000000000058));
#609 = CARTESIAN_POINT ('', (77.1249999999998, 111., -4.25000000000055));
#610 = B_SPLINE_CURVE_WITH_KNOTS ('', 1, (#608, #609), .UNSPECIFIED., .F., .U., (2, 2), (14.9285714285716, 15.), .UNSPECIFIED.);
#611 = EDGE_CURVE ('', #600, #500, #610, .T.);
#612 = ORIENTED_EDGE ('', *, *, #611, .T.);
#613 = ORIENTED_EDGE ('', *, *, #544, .T.);
#614 = EDGE_LOOP ('', (#598, #607, #612, #613));
#615 = FACE_OUTER_BOUND ('', #614, .T.);
#616 = CARTESIAN_POINT ('', (77.0000000000001, 111., -4.25000000000059));
#617 = CARTESIAN_POINT ('', (77.0000000000001, 111.25, -4.50000000000062));
#618 = CARTESIAN_POINT ('', (77.0416666666667, 111., -4.25000000000057));
#619 = CARTESIAN_POINT ('', (77.0416666666666, 111.25, -4.50000000000061));
#620 = CARTESIAN_POINT ('', (77.0833333333333, 111., -4.25000000000056));
#621 = CARTESIAN_POINT ('', (77.0833333333332, 111.25, -4.5000000000006));
#622 = CARTESIAN_POINT ('', (77.1249999999998, 111., -4.25000000000055));
#623 = CARTESIAN_POINT ('', (77.1249999999998, 111.25, -4.50000000000059));
#624 = B_SPLINE_SURFACE_WITH_KNOTS ('', 3, 1, ((#616, #617), (#618, #619), (#620, #621), (#622, #623)), .UNSPECIFIED., .F., .F., .U., (4, 4), (2, 2), (0.92857142857157, 1.), (0., 1.), .UNSPECIFIED.);
#625 = ADVANCED_FACE ('', (#615), #624, .T.);
#626 = ORIENTED_EDGE ('', *, *, #552, .F.);
#627 = CARTESIAN_POINT ('', (77.8749999999999, 108.75, -4.25000000000019));
#628 = VERTEX_POINT ('', #627);
#629 = CARTESIAN_POINT ('', (77.8749999999998, 110.25, -4.25000000000052));
#630 = CARTESIAN_POINT ('', (77.8749999999999, 108.75, -4.25000000000019));
#631 = B_SPLINE_CURVE_WITH_KNOTS ('', 1, (#629, #630), .UNSPECIFIED., .F., .U., (2, 2), (8., 9.), .UNSPECIFIED.);
#632 = EDGE_CURVE ('', #502, #628, #631, .T.);
#633 = ORIENTED_EDGE ('', *, *, #632, .T.);
#634 = CARTESIAN_POINT ('', (78.1249999999998, 108.75, -4.50000000000021));
#635 = VERTEX_POINT ('', #634);
#636 = CARTESIAN_POINT ('', (77.8749999999999, 108.75, -4.25000000000019));
#637 = CARTESIAN_POINT ('', (78.1249999999998, 108.75, -4.49999999999992));
#638 = B_SPLINE_CURVE_WITH_KNOTS ('', 1, (#636, #637), .UNSPECIFIED., .F., .U., (2, 2), (0., 1.), .UNSPECIFIED.);
#639 = EDGE_CURVE ('', #628, #635, #638, .T.);
#640 = ORIENTED_EDGE ('', *, *, #639, .T.);
#641 = CARTESIAN_POINT ('', (78.1249999999998, 110.25, -4.50000000000053));
#642 = CARTESIAN_POINT ('', (78.1249999999999, 109.75, -4.50000000000031));
#643 = CARTESIAN_POINT ('', (78.1249999999998, 109.25, -4.50000000000038));
#644 = CARTESIAN_POINT ('', (78.1249999999998, 108.75, -4.50000000000021));
#645 = B_SPLINE_CURVE_WITH_KNOTS ('', 3, (#641, #642, #643, #644), .UNSPECIFIED., .F., .U., (4, 4), (0., 1.), .UNSPECIFIED.);
#646 = EDGE_CURVE ('', #548, #635, #645, .T.);
#647 = ORIENTED_EDGE ('', *, *, #646, .F.);
#648 = EDGE_LOOP ('', (#626, #633, #640, #647));
#649 = FACE_OUTER_BOUND ('', #648, .T.);
#650 = CARTESIAN_POINT ('', (77.8749999999998, 110.25, -4.25000000000052));
#651 = CARTESIAN_POINT ('', (78.1249999999998, 110.25, -4.50000000000053));
#652 = CARTESIAN_POINT ('', (77.8749999999999, 109.75, -4.25000000000035));
#653 = CARTESIAN_POINT ('', (78.1249999999999, 109.75, -4.50000000000031));
#654 = CARTESIAN_POINT ('', (77.8749999999998, 109.25, -4.25000000000033));
#655 = CARTESIAN_POINT ('', (78.1249999999998, 109.25, -4.50000000000038));
#656 = CARTESIAN_POINT ('', (77.8749999999999, 108.75, -4.25000000000019));
#657 = CARTESIAN_POINT ('', (78.1249999999998, 108.75, -4.50000000000021));
#658 = B_SPLINE_SURFACE_WITH_KNOTS ('', 3, 1, ((#650, #651), (#652, #653), (#654, #655), (#656, #657)), .UNSPECIFIED., .F., .F., .U., (4, 4), (2, 2), (0., 1.), (0., 1.), .UNSPECIFIED.);
#659 = ADVANCED_FACE ('', (#649), #658, .T.);
#660 = ORIENTED_EDGE ('', *, *, #639, .F.);
#661 = CARTESIAN_POINT ('', (77.1249999999999, 108., -4.25000000000046));
#662 = VERTEX_POINT ('', #661);
#663 = CARTESIAN_POINT ('', (77.8749999999999, 108.75, -4.25000000000019));
#664 = CARTESIAN_POINT ('', (77.8749999999999, 108., -4.24999999999988));
#665 = CARTESIAN_POINT ('', (77.1249999999999, 108., -4.25000000000046));
#666 = (
   BOUNDED_CURVE ()
   B_SPLINE_CURVE (2, (#663, #664, #665), .UNSPECIFIED., .F., .U.)
   B_SPLINE_CURVE_WITH_KNOTS ((3, 3), (9., 10.), .UNSPECIFIED.)
   CURVE ()
   GEOMETRIC_REPRESENTATION_ITEM ()
   RATIONAL_B_SPLINE_CURVE ((1., 0.707106781186508, 1.))
   REPRESENTATION_ITEM ('')
);
#667 = EDGE_CURVE ('', #628, #662, #666, .T.);
#668 = ORIENTED_EDGE ('', *, *, #667, .T.);
#669 = CARTESIAN_POINT ('', (77.1249999999999, 107.75, -4.49999999999991));
#670 = VERTEX_POINT ('', #669);
#671 = CARTESIAN_POINT ('', (77.1249999999999, 108., -4.25000000000046));
#672 = CARTESIAN_POINT ('', (77.1249999999999, 107.75, -4.50000000000041));
#673 = B_SPLINE_CURVE_WITH_KNOTS ('', 1, (#671, #672), .UNSPECIFIED., .F., .U., (2, 2), (0., 1.), .UNSPECIFIED.);
#674 = EDGE_CURVE ('', #662, #670, #673, .T.);
#675 = ORIENTED_EDGE ('', *, *, #674, .T.);
#676 = CARTESIAN_POINT ('', (78.1249999999998, 108.75, -4.49999999999992));
#677 = CARTESIAN_POINT ('', (78.1249999999998, 107.75, -4.49999999999945));
#678 = CARTESIAN_POINT ('', (77.1249999999998, 107.75, -4.50000000000049));
#679 = (
   BOUNDED_CURVE ()
   B_SPLINE_CURVE (2, (#676, #677, #678), .UNSPECIFIED., .F., .U.)
   B_SPLINE_CURVE_WITH_KNOTS ((3, 3), (0., 1.), .UNSPECIFIED.)
   CURVE ()
   GEOMETRIC_REPRESENTATION_ITEM ()
   RATIONAL_B_SPLINE_CURVE ((1., 0.70710678118652, 1.))
   REPRESENTATION_ITEM ('')
);
#680 = EDGE_CURVE ('', #635, #670, #679, .T.);
#681 = ORIENTED_EDGE ('', *, *, #680, .F.);
#682 = EDGE_LOOP ('', (#660, #668, #675, #681));
#683 = FACE_OUTER_BOUND ('', #682, .T.);
#684 = CARTESIAN_POINT ('', (77.8749999999999, 108.75, -4.25000000000019));
#685 = CARTESIAN_POINT ('', (78.1249999999998, 108.75, -4.49999999999992));
#686 = CARTESIAN_POINT ('', (77.8750466126079, 108.691131193501, -4.25000000000016));
#687 = CARTESIAN_POINT ('', (78.125062150144, 108.671508258001, -4.49999999999989));
#688 = CARTESIAN_POINT ('', (77.8644367472275, 108.598175737661, -4.25000000000014));
#689 = CARTESIAN_POINT ('', (78.11091566297, 108.547567650215, -4.49999999999981));
#690 = CARTESIAN_POINT ('', (77.8245545843529, 108.473545857687, -4.25000000000011));
#691 = CARTESIAN_POINT ('', (78.0577394458039, 108.381394476916, -4.49999999999981));
#692 = CARTESIAN_POINT ('', (77.7813628108598, 108.382372108555, -4.25000000000009));
#693 = CARTESIAN_POINT ('', (78.0001504144798, 108.259829478074, -4.49999999999979));
#694 = CARTESIAN_POINT ('', (77.7251660581693, 108.296278164243, -4.25000000000008));
#695 = CARTESIAN_POINT ('', (77.9252214108924, 108.145037552324, -4.49999999999982));
#696 = CARTESIAN_POINT ('', (77.6570231553531, 108.217976844647, -4.25000000000016));
#697 = CARTESIAN_POINT ('', (77.8343642071375, 108.040635792862, -4.49999999999989));
#698 = CARTESIAN_POINT ('', (77.5787218357569, 108.149833941831, -4.25000000000016));
#699 = CARTESIAN_POINT ('', (77.7299624476759, 107.949778589107, -4.49999999999996));
#700 = CARTESIAN_POINT ('', (77.4926278914446, 108.09363718914, -4.25000000000022));
#701 = CARTESIAN_POINT ('', (77.6151705219262, 107.87484958552, -4.50000000000004));
#702 = CARTESIAN_POINT ('', (77.4014541423127, 108.050445415647, -4.25000000000031));
#703 = CARTESIAN_POINT ('', (77.4936055230836, 107.817260554196, -4.50000000000014));
#704 = CARTESIAN_POINT ('', (77.2768242623387, 108.010563252772, -4.25000000000028));
#705 = CARTESIAN_POINT ('', (77.327432349785, 107.76408433703, -4.50000000000029));
#706 = CARTESIAN_POINT ('', (77.1838688064987, 107.999953387392, -4.25000000000042));
#707 = CARTESIAN_POINT ('', (77.2034917419982, 107.749937849856, -4.50000000000038));
#708 = CARTESIAN_POINT ('', (77.1249999999999, 108., -4.25000000000046));
#709 = CARTESIAN_POINT ('', (77.1249999999998, 107.75, -4.50000000000049));
#710 = B_SPLINE_SURFACE_WITH_KNOTS ('', 3, 1, ((#684, #685), (#686, #687), (#688, #689), (#690, #691), (#692, #693), (#694, #695), (#696, #697), (#698, #699), (#700, #701), (#702, #703), (#704, #705), (#706, #707), (#708, #709)), .UNSPECIFIED., .F., .F., .U., (4, 1, 1, 1, 1, 1, 1, 1, 1, 1, 4), (2, 2), (0., 0.166666666666665, 0.250000000000001, 0.333333333333332, 0.416666666666667, 0.499999999999997, 0.583333333333334, 0.666666666666666, 0.749999999999987, 0.83333333333333, 1.), (0., 1.), .UNSPECIFIED.);
#711 = ADVANCED_FACE ('', (#683), #710, .T.);
#712 = CARTESIAN_POINT ('', (77.0000000000001, 108., -4.25000000000041));
#713 = VERTEX_POINT ('', #712);
#714 = CARTESIAN_POINT ('', (77.1249999999999, 108., -4.25000000000046));
#715 = CARTESIAN_POINT ('', (77.0000000000001, 108., -4.25000000000041));
#716 = B_SPLINE_CURVE_WITH_KNOTS ('', 1, (#714, #715), .UNSPECIFIED., .F., .U., (2, 2), (10., 10.0714285714284), .UNSPECIFIED.);
#717 = EDGE_CURVE ('', #662, #713, #716, .T.);
#718 = ORIENTED_EDGE ('', *, *, #717, .T.);
#719 = CARTESIAN_POINT ('', (77.0000000000001, 107.75, -4.49999999999991));
#720 = VERTEX_POINT ('', #719);
#721 = CARTESIAN_POINT ('', (77.0000000000001, 107.75, -4.50000000000037));
#722 = CARTESIAN_POINT ('', (77.0000000000001, 107.833333333334, -4.41666666666705));
#723 = CARTESIAN_POINT ('', (77.0000000000001, 107.916666666667, -4.33333333333374));
#724 = CARTESIAN_POINT ('', (77.0000000000001, 108., -4.25000000000042));
#725 = B_SPLINE_CURVE_WITH_KNOTS ('', 3, (#721, #722, #723, #724), .UNSPECIFIED., .F., .U., (4, 4), (0., 0.353553390593271), .UNSPECIFIED.);
#726 = EDGE_CURVE ('', #720, #713, #725, .T.);
#727 = ORIENTED_EDGE ('', *, *, #726, .F.);
#728 = CARTESIAN_POINT ('', (77.0000000000001, 107.75, -4.49999999999991));
#729 = CARTESIAN_POINT ('', (77.0416666666667, 107.75, -4.49999999999991));
#730 = CARTESIAN_POINT ('', (77.0833333333333, 107.75, -4.49999999999991));
#731 = CARTESIAN_POINT ('', (77.1249999999999, 107.750000000001, -4.49999999999991));
#732 = B_SPLINE_CURVE_WITH_KNOTS ('', 3, (#728, #729, #730, #731), .UNSPECIFIED., .F., .U., (4, 4), (1.6250000000002, 1.74999999999996), .UNSPECIFIED.);
#733 = EDGE_CURVE ('', #720, #670, #732, .T.);
#734 = ORIENTED_EDGE ('', *, *, #733, .T.);
#735 = ORIENTED_EDGE ('', *, *, #674, .F.);
#736 = EDGE_LOOP ('', (#718, #727, #734, #735));
#737 = FACE_OUTER_BOUND ('', #736, .T.);
#738 = CARTESIAN_POINT ('', (77.1249999999999, 108., -4.25000000000046));
#739 = CARTESIAN_POINT ('', (77.1249999999999, 107.75, -4.50000000000041));
#740 = CARTESIAN_POINT ('', (77.0833333333333, 108., -4.25000000000045));
#741 = CARTESIAN_POINT ('', (77.0833333333333, 107.75, -4.50000000000039));
#742 = CARTESIAN_POINT ('', (77.0416666666667, 108., -4.25000000000044));
#743 = CARTESIAN_POINT ('', (77.0416666666667, 107.75, -4.50000000000038));
#744 = CARTESIAN_POINT ('', (77.0000000000001, 108., -4.25000000000043));
#745 = CARTESIAN_POINT ('', (77.0000000000001, 107.75, -4.50000000000037));
#746 = B_SPLINE_SURFACE_WITH_KNOTS ('', 3, 1, ((#738, #739), (#740, #741), (#742, #743), (#744, #745)), .UNSPECIFIED., .F., .F., .U., (4, 4), (2, 2), (0., 0.0714285714284427), (0., 1.), .UNSPECIFIED.);
#747 = ADVANCED_FACE ('', (#737), #746, .T.);
#748 = ORIENTED_EDGE ('', *, *, #667, .F.);
#749 = CARTESIAN_POINT ('', (77.8749999999999, 108.75, -3.00000000000019));
#750 = VERTEX_POINT ('', #749);
#751 = CARTESIAN_POINT ('', (77.8749999999999, 108.75, -4.25000000000019));
#752 = CARTESIAN_POINT ('', (77.8749999999999, 108.75, -3.00000000000019));
#753 = B_SPLINE_CURVE_WITH_KNOTS ('', 1, (#751, #752), .UNSPECIFIED., .F., .U., (2, 2), (0., 1.), .UNSPECIFIED.);
#754 = EDGE_CURVE ('', #628, #750, #753, .T.);
#755 = ORIENTED_EDGE ('', *, *, #754, .T.);
#756 = CARTESIAN_POINT ('', (77.1249999999999, 108., -3.00000000000046));
#757 = VERTEX_POINT ('', #756);
#758 = CARTESIAN_POINT ('', (77.8749999999999, 108.75, -3.00000000000019));
#759 = CARTESIAN_POINT ('', (77.875, 108., -2.99999999999985));
#760 = CARTESIAN_POINT ('', (77.1249999999999, 108., -3.00000000000046));
#761 = (
   BOUNDED_CURVE ()
   B_SPLINE_CURVE (2, (#758, #759, #760), .UNSPECIFIED., .F., .U.)
   B_SPLINE_CURVE_WITH_KNOTS ((3, 3), (9., 10.), .UNSPECIFIED.)
   CURVE ()
   GEOMETRIC_REPRESENTATION_ITEM ()
   RATIONAL_B_SPLINE_CURVE ((1., 0.707106781186508, 1.))
   REPRESENTATION_ITEM ('')
);
#762 = EDGE_CURVE ('', #750, #757, #761, .T.);
#763 = ORIENTED_EDGE ('', *, *, #762, .T.);
#764 = CARTESIAN_POINT ('', (77.1249999999999, 108., -4.25000000000046));
#765 = CARTESIAN_POINT ('', (77.1249999999999, 108., -3.00000000000046));
#766 = B_SPLINE_CURVE_WITH_KNOTS ('', 1, (#764, #765), .UNSPECIFIED., .F., .U., (2, 2), (0., 1.), .UNSPECIFIED.);
#767 = EDGE_CURVE ('', #662, #757, #766, .T.);
#768 = ORIENTED_EDGE ('', *, *, #767, .F.);
#769 = EDGE_LOOP ('', (#748, #755, #763, #768));
#770 = FACE_OUTER_BOUND ('', #769, .T.);
#771 = CARTESIAN_POINT ('', (77.8749999999999, 108.75, -4.25000000000019));
#772 = CARTESIAN_POINT ('', (77.8749999999999, 108., -4.24999999999988));
#773 = CARTESIAN_POINT ('', (77.1249999999999, 108., -4.25000000000046));
#774 = CARTESIAN_POINT ('', (77.8749999999999, 108.75, -3.00000000000019));
#775 = CARTESIAN_POINT ('', (77.875, 108., -2.99999999999985));
#776 = CARTESIAN_POINT ('', (77.1249999999999, 108., -3.00000000000046));
#777 = (
   BOUNDED_SURFACE ()
   B_SPLINE_SURFACE (1, 2, ((#771, #772, #773), (#774, #775, #776)), .UNSPECIFIED., .F., .F., .U.)
   B_SPLINE_SURFACE_WITH_KNOTS ((2, 2), (3, 3), (0., 1.), (9., 10.), .UNSPECIFIED.)
   GEOMETRIC_REPRESENTATION_ITEM ()
   RATIONAL_B_SPLINE_SURFACE (((1., 0.707106781186508, 1.), (1., 0.707106781186508, 1.)))
   REPRESENTATION_ITEM ('')
   SURFACE ()
);
#778 = ADVANCED_FACE ('', (#770), #777, .T.);
#779 = ORIENTED_EDGE ('', *, *, #339, .F.);
#780 = CARTESIAN_POINT ('', (75.375, 108., -2.99999999999979));
#781 = VERTEX_POINT ('', #780);
#782 = CARTESIAN_POINT ('', (75.3749999999999, 108., -4.24999999999979));
#783 = CARTESIAN_POINT ('', (75.375, 108., -2.99999999999979));
#784 = B_SPLINE_CURVE_WITH_KNOTS ('', 1, (#782, #783), .UNSPECIFIED., .F., .U., (2, 2), (0., 1.), .UNSPECIFIED.);
#785 = EDGE_CURVE ('', #309, #781, #784, .T.);
#786 = ORIENTED_EDGE ('', *, *, #785, .T.);
#787 = CARTESIAN_POINT ('', (74.6250000000001, 108.75, -2.99999999999959));
#788 = VERTEX_POINT ('', #787);
#789 = CARTESIAN_POINT ('', (75.375, 108., -2.99999999999979));
#790 = CARTESIAN_POINT ('', (74.6249999999999, 108., -2.99999999999981));
#791 = CARTESIAN_POINT ('', (74.6250000000001, 108.75, -2.99999999999959));
#792 = (
   BOUNDED_CURVE ()
   B_SPLINE_CURVE (2, (#789, #790, #791), .UNSPECIFIED., .F., .U.)
   B_SPLINE_CURVE_WITH_KNOTS ((3, 3), (11., 12.), .UNSPECIFIED.)
   CURVE ()
   GEOMETRIC_REPRESENTATION_ITEM ()
   RATIONAL_B_SPLINE_CURVE ((1., 0.707106781186481, 1.))
   REPRESENTATION_ITEM ('')
);
#793 = EDGE_CURVE ('', #781, #788, #792, .T.);
#794 = ORIENTED_EDGE ('', *, *, #793, .T.);
#795 = CARTESIAN_POINT ('', (74.625, 108.75, -4.24999999999959));
#796 = CARTESIAN_POINT ('', (74.6250000000001, 108.75, -2.99999999999959));
#797 = B_SPLINE_CURVE_WITH_KNOTS ('', 1, (#795, #796), .UNSPECIFIED., .F., .U., (2, 2), (0., 1.), .UNSPECIFIED.);
#798 = EDGE_CURVE ('', #334, #788, #797, .T.);
#799 = ORIENTED_EDGE ('', *, *, #798, .F.);
#800 = EDGE_LOOP ('', (#779, #786, #794, #799));
#801 = FACE_OUTER_BOUND ('', #800, .T.);
#802 = CARTESIAN_POINT ('', (75.3749999999999, 108., -4.24999999999979));
#803 = CARTESIAN_POINT ('', (74.6249999999998, 108., -4.24999999999982));
#804 = CARTESIAN_POINT ('', (74.625, 108.75, -4.24999999999959));
#805 = CARTESIAN_POINT ('', (75.375, 108., -2.99999999999979));
#806 = CARTESIAN_POINT ('', (74.6249999999999, 108., -2.99999999999981));
#807 = CARTESIAN_POINT ('', (74.6250000000001, 108.75, -2.99999999999959));
#808 = (
   BOUNDED_SURFACE ()
   B_SPLINE_SURFACE (1, 2, ((#802, #803, #804), (#805, #806, #807)), .UNSPECIFIED., .F., .F., .U.)
   B_SPLINE_SURFACE_WITH_KNOTS ((2, 2), (3, 3), (0., 1.), (11., 12.), .UNSPECIFIED.)
   GEOMETRIC_REPRESENTATION_ITEM ()
   RATIONAL_B_SPLINE_SURFACE (((1., 0.707106781186481, 1.), (1., 0.707106781186481, 1.)))
   REPRESENTATION_ITEM ('')
   SURFACE ()
);
#809 = ADVANCED_FACE ('', (#801), #808, .T.);
#810 = CARTESIAN_POINT ('', (77.0000000000001, 108., -3.50000000000011));
#811 = VERTEX_POINT ('', #810);
#812 = CARTESIAN_POINT ('', (75.5000000000001, 108., -3.50000000000011));
#813 = CARTESIAN_POINT ('', (77.0000000000001, 108., -3.50000000000011));
#814 = B_SPLINE_CURVE_WITH_KNOTS ('', 1, (#812, #813), .UNSPECIFIED., .F., .U., (2, 2), (0., 1.), .UNSPECIFIED.);
#815 = EDGE_CURVE ('', #263, #811, #814, .T.);
#816 = ORIENTED_EDGE ('', *, *, #815, .F.);
#817 = ORIENTED_EDGE ('', *, *, #267, .T.);
#818 = CARTESIAN_POINT ('', (77.0000000000001, 111., -3.50000000000011));
#819 = VERTEX_POINT ('', #818);
#820 = CARTESIAN_POINT ('', (77.0000000000001, 111., -3.50000000000011));
#821 = CARTESIAN_POINT ('', (75.5000000000001, 111., -3.50000000000011));
#822 = B_SPLINE_CURVE_WITH_KNOTS ('', 1, (#820, #821), .UNSPECIFIED., .F., .U., (2, 2), (0., 1.), .UNSPECIFIED.);
#823 = EDGE_CURVE ('', #819, #256, #822, .T.);
#824 = ORIENTED_EDGE ('', *, *, #823, .F.);
#825 = CARTESIAN_POINT ('', (77.0000000000001, 110.25, -3.50000000000011));
#826 = VERTEX_POINT ('', #825);
#827 = CARTESIAN_POINT ('', (77.0000000000001, 110.25, -3.50000000000011));
#828 = CARTESIAN_POINT ('', (77.0000000000001, 111., -3.50000000000011));
#829 = B_SPLINE_CURVE_WITH_KNOTS ('', 1, (#827, #828), .UNSPECIFIED., .F., .U., (2, 2), (0.714285714285779, 0.928571428571553), .UNSPECIFIED.);
#830 = EDGE_CURVE ('', #826, #819, #829, .T.);
#831 = ORIENTED_EDGE ('', *, *, #830, .F.);
#832 = CARTESIAN_POINT ('', (77.0000000000001, 108.75, -3.50000000000011));
#833 = VERTEX_POINT ('', #832);
#834 = CARTESIAN_POINT ('', (77.0000000000001, 110.25, -3.50000000000011));
#835 = CARTESIAN_POINT ('', (77.0000000000001, 108.75, -3.50000000000011));
#836 = B_SPLINE_CURVE_WITH_KNOTS ('', 1, (#834, #835), .UNSPECIFIED., .F., .U., (2, 2), (1.5, 3.), .UNSPECIFIED.);
#837 = EDGE_CURVE ('', #826, #833, #836, .T.);
#838 = ORIENTED_EDGE ('', *, *, #837, .T.);
#839 = CARTESIAN_POINT ('', (77.0000000000001, 108., -3.50000000000011));
#840 = CARTESIAN_POINT ('', (77.0000000000001, 108.75, -3.50000000000011));
#841 = B_SPLINE_CURVE_WITH_KNOTS ('', 1, (#839, #840), .UNSPECIFIED., .F., .U., (2, 2), (0.0714285714284508, 0.285714285714221), .UNSPECIFIED.);
#842 = EDGE_CURVE ('', #811, #833, #841, .T.);
#843 = ORIENTED_EDGE ('', *, *, #842, .F.);
#844 = EDGE_LOOP ('', (#816, #817, #824, #831, #838, #843));
#845 = FACE_OUTER_BOUND ('', #844, .T.);
#846 = CARTESIAN_POINT ('', (75.5000000000001, 108., -3.50000000000011));
#847 = CARTESIAN_POINT ('', (77.0000000000001, 108., -3.50000000000011));
#848 = CARTESIAN_POINT ('', (75.5000000000001, 111., -3.50000000000011));
#849 = CARTESIAN_POINT ('', (77.0000000000001, 111., -3.50000000000011));
#850 = B_SPLINE_SURFACE_WITH_KNOTS ('', 1, 1, ((#846, #847), (#848, #849)), .UNSPECIFIED., .F., .F., .U., (2, 2), (2, 2), (0.163282485149247, 0.83671751485073), (0.331641242574635, 0.668358757425372), .UNSPECIFIED.);
#851 = ADVANCED_FACE ('', (#845), #850, .T.);
#852 = CARTESIAN_POINT ('', (75.3749999999999, 111., -4.25000000000099));
#853 = CARTESIAN_POINT ('', (75.5000000000001, 111., -4.25000000000096));
#854 = B_SPLINE_CURVE_WITH_KNOTS ('', 1, (#852, #853), .UNSPECIFIED., .F., .U., (2, 2), (14., 14.0714285714287), .UNSPECIFIED.);
#855 = EDGE_CURVE ('', #418, #247, #854, .T.);
#856 = ORIENTED_EDGE ('', *, *, #855, .T.);
#857 = ORIENTED_EDGE ('', *, *, #253, .F.);
#858 = CARTESIAN_POINT ('', (75.5000000000001, 111.249999999999, -4.50000000000056));
#859 = CARTESIAN_POINT ('', (75.4583333333333, 111.249999999999, -4.50000000000056));
#860 = CARTESIAN_POINT ('', (75.4166666666666, 111.249999999999, -4.50000000000056));
#861 = CARTESIAN_POINT ('', (75.3749999999998, 111.249999999999, -4.50000000000056));
#862 = B_SPLINE_CURVE_WITH_KNOTS ('', 3, (#858, #859, #860, #861), .UNSPECIFIED., .F., .U., (4, 4), (1.62499999999973, 1.74999999999999), .UNSPECIFIED.);
#863 = EDGE_CURVE ('', #240, #426, #862, .T.);
#864 = ORIENTED_EDGE ('', *, *, #863, .T.);
#865 = ORIENTED_EDGE ('', *, *, #430, .F.);
#866 = EDGE_LOOP ('', (#856, #857, #864, #865));
#867 = FACE_OUTER_BOUND ('', #866, .T.);
#868 = CARTESIAN_POINT ('', (75.3749999999999, 111., -4.25000000000099));
#869 = CARTESIAN_POINT ('', (75.3749999999998, 111.25, -4.50000000000103));
#870 = CARTESIAN_POINT ('', (75.4166666666666, 111., -4.25000000000097));
#871 = CARTESIAN_POINT ('', (75.4166666666666, 111.25, -4.50000000000102));
#872 = CARTESIAN_POINT ('', (75.4583333333334, 111., -4.25000000000096));
#873 = CARTESIAN_POINT ('', (75.4583333333333, 111.25, -4.50000000000101));
#874 = CARTESIAN_POINT ('', (75.5000000000001, 111., -4.25000000000095));
#875 = CARTESIAN_POINT ('', (75.5000000000001, 111.25, -4.500000000001));
#876 = B_SPLINE_SURFACE_WITH_KNOTS ('', 3, 1, ((#868, #869), (#870, #871), (#872, #873), (#874, #875)), .UNSPECIFIED., .F., .F., .U., (4, 4), (2, 2), (0., 0.0714285714287189), (0., 1.), .UNSPECIFIED.);
#877 = ADVANCED_FACE ('', (#867), #876, .T.);
#878 = CARTESIAN_POINT ('', (77.0000000000001, 111.25, -4.50000000000062));
#879 = CARTESIAN_POINT ('', (77.0000000000001, 111.25, -5.00000000000036));
#880 = B_SPLINE_CURVE_WITH_KNOTS ('', 1, (#878, #879), .UNSPECIFIED., .F., .U., (2, 2), (0.571428571428865, 0.857142857143004), .UNSPECIFIED.);
#881 = EDGE_CURVE ('', #591, #203, #880, .T.);
#882 = ORIENTED_EDGE ('', *, *, #881, .F.);
#883 = CARTESIAN_POINT ('', (77.0000000000001, 111.25, -4.50000000000054));
#884 = CARTESIAN_POINT ('', (76.5000000000001, 111.25, -4.50000000000055));
#885 = CARTESIAN_POINT ('', (76.0000000000001, 111.25, -4.50000000000055));
#886 = CARTESIAN_POINT ('', (75.5000000000001, 111.249999999999, -4.50000000000056));
#887 = B_SPLINE_CURVE_WITH_KNOTS ('', 3, (#883, #884, #885, #886), .UNSPECIFIED., .F., .U., (4, 4), (0.124999999999689, 1.62499999999973), .UNSPECIFIED.);
#888 = EDGE_CURVE ('', #591, #240, #887, .T.);
#889 = ORIENTED_EDGE ('', *, *, #888, .T.);
#890 = ORIENTED_EDGE ('', *, *, #244, .T.);
#891 = ORIENTED_EDGE ('', *, *, #214, .F.);
#892 = EDGE_LOOP ('', (#882, #889, #890, #891));
#893 = FACE_OUTER_BOUND ('', #892, .T.);
#894 = CARTESIAN_POINT ('', (75.5000000000001, 111.25, -4.50000000000058));
#895 = CARTESIAN_POINT ('', (77.0000000000001, 111.25, -4.50000000000058));
#896 = CARTESIAN_POINT ('', (75.5000000000001, 111.25, -5.0000000000004));
#897 = CARTESIAN_POINT ('', (77.0000000000001, 111.25, -5.0000000000004));
#898 = B_SPLINE_SURFACE_WITH_KNOTS ('', 1, 1, ((#894, #895), (#896, #897)), .UNSPECIFIED., .F., .F., .U., (2, 2), (2, 2), (0.571428571428841, 0.857142857143023), (0., 1.5), .UNSPECIFIED.);
#899 = ADVANCED_FACE ('', (#893), #898, .T.);
#900 = ORIENTED_EDGE ('', *, *, #881, .T.);
#901 = ORIENTED_EDGE ('', *, *, #207, .F.);
#902 = CARTESIAN_POINT ('', (77.0000000000001, 107.750000000001, -4.50000000000037));
#903 = CARTESIAN_POINT ('', (77.0000000000001, 107.750000000001, -5.00000000000036));
#904 = B_SPLINE_CURVE_WITH_KNOTS ('', 1, (#902, #903), .UNSPECIFIED., .F., .U., (2, 2), (0.571428571428721, 0.857142857143004), .UNSPECIFIED.);
#905 = EDGE_CURVE ('', #720, #196, #904, .T.);
#906 = ORIENTED_EDGE ('', *, *, #905, .F.);
#907 = ORIENTED_EDGE ('', *, *, #726, .T.);
#908 = CARTESIAN_POINT ('', (77.0000000000001, 108., -3.50000000000011));
#909 = CARTESIAN_POINT ('', (77.0000000000001, 108., -4.24999999999493));
#910 = B_SPLINE_CURVE_WITH_KNOTS ('', 1, (#908, #909), .UNSPECIFIED., .F., .U., (2, 2), (0., 1.), .UNSPECIFIED.);
#911 = EDGE_CURVE ('', #811, #713, #910, .T.);
#912 = ORIENTED_EDGE ('', *, *, #911, .F.);
#913 = ORIENTED_EDGE ('', *, *, #842, .T.);
#914 = ORIENTED_EDGE ('', *, *, #837, .F.);
#915 = ORIENTED_EDGE ('', *, *, #830, .T.);
#916 = CARTESIAN_POINT ('', (77.0000000000001, 111., -4.24999999999274));
#917 = CARTESIAN_POINT ('', (77.0000000000001, 111., -3.50000000000011));
#918 = B_SPLINE_CURVE_WITH_KNOTS ('', 1, (#916, #917), .UNSPECIFIED., .F., .U., (2, 2), (0., 1.), .UNSPECIFIED.);
#919 = EDGE_CURVE ('', #600, #819, #918, .T.);
#920 = ORIENTED_EDGE ('', *, *, #919, .F.);
#921 = ORIENTED_EDGE ('', *, *, #606, .F.);
#922 = EDGE_LOOP ('', (#900, #901, #906, #907, #912, #913, #914, #915, #920, #921));
#923 = FACE_OUTER_BOUND ('', #922, .T.);
#924 = CARTESIAN_POINT ('', (77.0000000000001, 111.25, -3.50000000000011));
#925 = CARTESIAN_POINT ('', (77.0000000000001, 107.750000000001, -3.50000000000011));
#926 = CARTESIAN_POINT ('', (77.0000000000001, 111.25, -5.00000000000041));
#927 = CARTESIAN_POINT ('', (77.0000000000001, 107.750000000001, -5.00000000000041));
#928 = B_SPLINE_SURFACE_WITH_KNOTS ('', 1, 1, ((#924, #925), (#926, #927)), .UNSPECIFIED., .F., .F., .U., (2, 2), (2, 2), (0., 0.85714285714303), (0.500000000000526, 3.99999999999947), .UNSPECIFIED.);
#929 = ADVANCED_FACE ('', (#923), #928, .T.);
#930 = ORIENTED_EDGE ('', *, *, #905, .T.);
#931 = ORIENTED_EDGE ('', *, *, #200, .T.);
#932 = ORIENTED_EDGE ('', *, *, #288, .F.);
#933 = CARTESIAN_POINT ('', (75.5000000000001, 107.75, -4.49999999999984));
#934 = CARTESIAN_POINT ('', (76.0000000000001, 107.75, -4.49999999999984));
#935 = CARTESIAN_POINT ('', (76.5000000000001, 107.75, -4.49999999999991));
#936 = CARTESIAN_POINT ('', (77.0000000000001, 107.75, -4.49999999999991));
#937 = B_SPLINE_CURVE_WITH_KNOTS ('', 3, (#933, #934, #935, #936), .UNSPECIFIED., .F., .U., (4, 4), (0.125000000000188, 1.6250000000002), .UNSPECIFIED.);
#938 = EDGE_CURVE ('', #277, #720, #937, .T.);
#939 = ORIENTED_EDGE ('', *, *, #938, .T.);
#940 = EDGE_LOOP ('', (#930, #931, #932, #939));
#941 = FACE_OUTER_BOUND ('', #940, .T.);
#942 = CARTESIAN_POINT ('', (75.5000000000001, 107.750000000001, -4.49999999999981));
#943 = CARTESIAN_POINT ('', (75.5000000000001, 107.750000000001, -5.0000000000004));
#944 = CARTESIAN_POINT ('', (77.0000000000001, 107.750000000001, -4.49999999999981));
#945 = CARTESIAN_POINT ('', (77.0000000000001, 107.750000000001, -5.0000000000004));
#946 = B_SPLINE_SURFACE_WITH_KNOTS ('', 1, 1, ((#942, #943), (#944, #945)), .UNSPECIFIED., .F., .F., .U., (2, 2), (2, 2), (0., 1.5), (0.5714285714284, 0.857142857143023), .UNSPECIFIED.);
#947 = ADVANCED_FACE ('', (#941), #946, .T.);
#948 = CARTESIAN_POINT ('', (72.3749999999999, 110.25, -4.50000000000036));
#949 = VERTEX_POINT ('', #948);
#950 = CARTESIAN_POINT ('', (73.875, 111.75, -4.50000000000104));
#951 = VERTEX_POINT ('', #950);
#952 = CARTESIAN_POINT ('', (72.3749999999999, 110.25, -4.50000000000036));
#953 = CARTESIAN_POINT ('', (72.3749999999999, 111.75, -4.50000000000065));
#954 = CARTESIAN_POINT ('', (73.875, 111.75, -4.50000000000106));
#955 = (
   BOUNDED_CURVE ()
   B_SPLINE_CURVE (2, (#952, #953, #954), .UNSPECIFIED., .F., .U.)
   B_SPLINE_CURVE_WITH_KNOTS ((3, 3), (13., 14.), .UNSPECIFIED.)
   CURVE ()
   GEOMETRIC_REPRESENTATION_ITEM ()
   RATIONAL_B_SPLINE_CURVE ((1., 0.707106781186508, 1.))
   REPRESENTATION_ITEM ('')
);
#956 = EDGE_CURVE ('', #949, #951, #955, .T.);
#957 = ORIENTED_EDGE ('', *, *, #956, .T.);
#958 = CARTESIAN_POINT ('', (73.875, 111.75, -4.50000000000106));
#959 = CARTESIAN_POINT ('', (73.875, 111.75, -5.00000000000106));
#960 = B_SPLINE_CURVE_WITH_KNOTS ('', 1, (#958, #959), .UNSPECIFIED., .F., .U., (2, 2), (0., 1.), .UNSPECIFIED.);
#961 = EDGE_CURVE ('', #951, #135, #960, .T.);
#962 = ORIENTED_EDGE ('', *, *, #961, .T.);
#963 = ORIENTED_EDGE ('', *, *, #140, .F.);
#964 = CARTESIAN_POINT ('', (72.3749999999999, 110.25, -4.50000000000036));
#965 = CARTESIAN_POINT ('', (72.3749999999999, 110.25, -5.00000000000036));
#966 = B_SPLINE_CURVE_WITH_KNOTS ('', 1, (#964, #965), .UNSPECIFIED., .F., .U., (2, 2), (0., 1.), .UNSPECIFIED.);
#967 = EDGE_CURVE ('', #949, #133, #966, .T.);
#968 = ORIENTED_EDGE ('', *, *, #967, .F.);
#969 = EDGE_LOOP ('', (#957, #962, #963, #968));
#970 = FACE_OUTER_BOUND ('', #969, .T.);
#971 = CARTESIAN_POINT ('', (72.3749999999999, 110.25, -4.50000000000036));
#972 = CARTESIAN_POINT ('', (72.3749999999999, 110.25, -5.00000000000036));
#973 = CARTESIAN_POINT ('', (72.3749999999999, 111.75, -4.50000000000065));
#974 = CARTESIAN_POINT ('', (72.3749999999999, 111.75, -5.00000000000065));
#975 = CARTESIAN_POINT ('', (73.875, 111.75, -4.50000000000106));
#976 = CARTESIAN_POINT ('', (73.875, 111.75, -5.00000000000106));
#977 = (
   BOUNDED_SURFACE ()
   B_SPLINE_SURFACE (2, 1, ((#971, #972), (#973, #974), (#975, #976)), .UNSPECIFIED., .F., .F., .U.)
   B_SPLINE_SURFACE_WITH_KNOTS ((3, 3), (2, 2), (13., 14.), (0., 1.), .UNSPECIFIED.)
   GEOMETRIC_REPRESENTATION_ITEM ()
   RATIONAL_B_SPLINE_SURFACE (((1., 1.), (0.707106781186508, 0.707106781186508), (1., 1.)))
   REPRESENTATION_ITEM ('')
   SURFACE ()
);
#978 = ADVANCED_FACE ('', (#970), #977, .T.);
#979 = CARTESIAN_POINT ('', (72.3749999999999, 108.75, -4.49999999999996));
#980 = VERTEX_POINT ('', #979);
#981 = CARTESIAN_POINT ('', (72.3749999999999, 108.75, -4.49999999999996));
#982 = CARTESIAN_POINT ('', (72.3749999999999, 110.25, -4.50000000000036));
#983 = B_SPLINE_CURVE_WITH_KNOTS ('', 1, (#981, #982), .UNSPECIFIED., .F., .U., (2, 2), (12., 13.), .UNSPECIFIED.);
#984 = EDGE_CURVE ('', #980, #949, #983, .T.);
#985 = ORIENTED_EDGE ('', *, *, #984, .T.);
#986 = ORIENTED_EDGE ('', *, *, #967, .T.);
#987 = ORIENTED_EDGE ('', *, *, #182, .F.);
#988 = CARTESIAN_POINT ('', (72.3749999999999, 108.75, -4.49999999999996));
#989 = CARTESIAN_POINT ('', (72.3749999999999, 108.75, -4.99999999999996));
#990 = B_SPLINE_CURVE_WITH_KNOTS ('', 1, (#988, #989), .UNSPECIFIED., .F., .U., (2, 2), (0., 1.), .UNSPECIFIED.);
#991 = EDGE_CURVE ('', #980, #172, #990, .T.);
#992 = ORIENTED_EDGE ('', *, *, #991, .F.);
#993 = EDGE_LOOP ('', (#985, #986, #987, #992));
#994 = FACE_OUTER_BOUND ('', #993, .T.);
#995 = CARTESIAN_POINT ('', (72.3749999999999, 108.75, -4.49999999999996));
#996 = CARTESIAN_POINT ('', (72.3749999999999, 108.75, -4.99999999999996));
#997 = CARTESIAN_POINT ('', (72.3749999999999, 110.25, -4.50000000000036));
#998 = CARTESIAN_POINT ('', (72.3749999999999, 110.25, -5.00000000000036));
#999 = B_SPLINE_SURFACE_WITH_KNOTS ('', 1, 1, ((#995, #996), (#997, #998)), .UNSPECIFIED., .F., .F., .U., (2, 2), (2, 2), (12., 13.), (0., 1.), .UNSPECIFIED.);
#1000 = ADVANCED_FACE ('', (#994), #999, .T.);
#1001 = CARTESIAN_POINT ('', (73.875, 107.25, -4.50000000000001));
#1002 = VERTEX_POINT ('', #1001);
#1003 = CARTESIAN_POINT ('', (73.875, 107.25, -4.50000000000001));
#1004 = CARTESIAN_POINT ('', (72.375, 107.25, -4.50000000000006));
#1005 = CARTESIAN_POINT ('', (72.3749999999999, 108.75, -4.49999999999996));
#1006 = (
   BOUNDED_CURVE ()
   B_SPLINE_CURVE (2, (#1003, #1004, #1005), .UNSPECIFIED., .F., .U.)
   B_SPLINE_CURVE_WITH_KNOTS ((3, 3), (11., 12.), .UNSPECIFIED.)
   CURVE ()
   GEOMETRIC_REPRESENTATION_ITEM ()
   RATIONAL_B_SPLINE_CURVE ((1., 0.707106781186579, 1.))
   REPRESENTATION_ITEM ('')
);
#1007 = EDGE_CURVE ('', #1002, #980, #1006, .T.);
#1008 = ORIENTED_EDGE ('', *, *, #1007, .T.);
#1009 = ORIENTED_EDGE ('', *, *, #991, .T.);
#1010 = ORIENTED_EDGE ('', *, *, #177, .F.);
#1011 = CARTESIAN_POINT ('', (73.875, 107.25, -4.50000000000001));
#1012 = CARTESIAN_POINT ('', (73.875, 107.25, -5.00000000000001));
#1013 = B_SPLINE_CURVE_WITH_KNOTS ('', 1, (#1011, #1012), .UNSPECIFIED., .F., .U., (2, 2), (0., 1.), .UNSPECIFIED.);
#1014 = EDGE_CURVE ('', #1002, #165, #1013, .T.);
#1015 = ORIENTED_EDGE ('', *, *, #1014, .F.);
#1016 = EDGE_LOOP ('', (#1008, #1009, #1010, #1015));
#1017 = FACE_OUTER_BOUND ('', #1016, .T.);
#1018 = CARTESIAN_POINT ('', (73.875, 107.25, -4.50000000000001));
#1019 = CARTESIAN_POINT ('', (73.875, 107.25, -5.00000000000001));
#1020 = CARTESIAN_POINT ('', (72.375, 107.25, -4.50000000000006));
#1021 = CARTESIAN_POINT ('', (72.375, 107.25, -5.00000000000004));
#1022 = CARTESIAN_POINT ('', (72.3749999999999, 108.75, -4.49999999999996));
#1023 = CARTESIAN_POINT ('', (72.3749999999999, 108.75, -4.99999999999996));
#1024 = (
   BOUNDED_SURFACE ()
   B_SPLINE_SURFACE (2, 1, ((#1018, #1019), (#1020, #1021), (#1022, #1023)), .UNSPECIFIED., .F., .F., .U.)
   B_SPLINE_SURFACE_WITH_KNOTS ((3, 3), (2, 2), (11., 12.), (0., 1.), .UNSPECIFIED.)
   GEOMETRIC_REPRESENTATION_ITEM ()
   RATIONAL_B_SPLINE_SURFACE (((1., 1.), (0.707106781186579, 0.707106781186579), (1., 1.)))
   REPRESENTATION_ITEM ('')
   SURFACE ()
);
#1025 = ADVANCED_FACE ('', (#1017), #1024, .T.);
#1026 = CARTESIAN_POINT ('', (78.6249999999998, 107.25, -4.50000000000019));
#1027 = VERTEX_POINT ('', #1026);
#1028 = CARTESIAN_POINT ('', (78.6249999999998, 107.25, -4.50000000000019));
#1029 = CARTESIAN_POINT ('', (73.875, 107.25, -4.50000000000001));
#1030 = B_SPLINE_CURVE_WITH_KNOTS ('', 1, (#1028, #1029), .UNSPECIFIED., .F., .U., (2, 2), (0., 1.), .UNSPECIFIED.);
#1031 = EDGE_CURVE ('', #1027, #1002, #1030, .T.);
#1032 = ORIENTED_EDGE ('', *, *, #1031, .T.);
#1033 = ORIENTED_EDGE ('', *, *, #1014, .T.);
#1034 = ORIENTED_EDGE ('', *, *, #169, .F.);
#1035 = CARTESIAN_POINT ('', (78.6249999999998, 107.25, -4.50000000000019));
#1036 = CARTESIAN_POINT ('', (78.6249999999998, 107.25, -5.00000000000019));
#1037 = B_SPLINE_CURVE_WITH_KNOTS ('', 1, (#1035, #1036), .UNSPECIFIED., .F., .U., (2, 2), (0., 1.), .UNSPECIFIED.);
#1038 = EDGE_CURVE ('', #1027, #157, #1037, .T.);
#1039 = ORIENTED_EDGE ('', *, *, #1038, .F.);
#1040 = EDGE_LOOP ('', (#1032, #1033, #1034, #1039));
#1041 = FACE_OUTER_BOUND ('', #1040, .T.);
#1042 = CARTESIAN_POINT ('', (78.6249999999998, 107.25, -4.49999999999633));
#1043 = CARTESIAN_POINT ('', (78.6249999999998, 107.25, -5.00000000000019));
#1044 = CARTESIAN_POINT ('', (73.875, 107.25, -4.49999999999596));
#1045 = CARTESIAN_POINT ('', (73.875, 107.25, -4.99999999999982));
#1046 = B_SPLINE_SURFACE_WITH_KNOTS ('', 1, 1, ((#1042, #1043), (#1044, #1045)), .UNSPECIFIED., .F., .F., .U., (2, 2), (2, 2), (10., 11.4615384615385), (-7.73070496506989E-12, 1.), .UNSPECIFIED.);
#1047 = ADVANCED_FACE ('', (#1041), #1046, .T.);
#1048 = CARTESIAN_POINT ('', (78.6249999999998, 111.75, -4.50000000000066));
#1049 = VERTEX_POINT ('', #1048);
#1050 = CARTESIAN_POINT ('', (78.6249999999998, 111.75, -4.50000000000068));
#1051 = CARTESIAN_POINT ('', (78.6249999999999, 111.75, -5.00000000000068));
#1052 = B_SPLINE_CURVE_WITH_KNOTS ('', 1, (#1050, #1051), .UNSPECIFIED., .F., .U., (2, 2), (0., 1.), .UNSPECIFIED.);
#1053 = EDGE_CURVE ('', #1049, #143, #1052, .T.);
#1054 = ORIENTED_EDGE ('', *, *, #1053, .T.);
#1055 = ORIENTED_EDGE ('', *, *, #147, .F.);
#1056 = ORIENTED_EDGE ('', *, *, #961, .F.);
#1057 = CARTESIAN_POINT ('', (73.875, 111.75, -4.50000000000106));
#1058 = CARTESIAN_POINT ('', (78.6249999999998, 111.75, -4.50000000000068));
#1059 = B_SPLINE_CURVE_WITH_KNOTS ('', 1, (#1057, #1058), .UNSPECIFIED., .F., .U., (2, 2), (0., 1.), .UNSPECIFIED.);
#1060 = EDGE_CURVE ('', #951, #1049, #1059, .T.);
#1061 = ORIENTED_EDGE ('', *, *, #1060, .T.);
#1062 = EDGE_LOOP ('', (#1054, #1055, #1056, #1061));
#1063 = FACE_OUTER_BOUND ('', #1062, .T.);
#1064 = CARTESIAN_POINT ('', (73.875, 111.75, -4.49999999999951));
#1065 = CARTESIAN_POINT ('', (73.875, 111.75, -5.00000000000097));
#1066 = CARTESIAN_POINT ('', (78.6249999999998, 111.75, -4.49999999999924));
#1067 = CARTESIAN_POINT ('', (78.6249999999999, 111.75, -5.0000000000007));
#1068 = B_SPLINE_SURFACE_WITH_KNOTS ('', 1, 1, ((#1064, #1065), (#1066, #1067)), .UNSPECIFIED., .F., .F., .U., (2, 2), (2, 2), (13.5384615384615, 15.), (-2.88480350718602E-12, 1.), .UNSPECIFIED.);
#1069 = ADVANCED_FACE ('', (#1063), #1068, .T.);
#1070 = CARTESIAN_POINT ('', (80.1249999999999, 108.75, -4.49999999999964));
#1071 = CARTESIAN_POINT ('', (80.1249999999999, 107.25, -4.49999999999897));
#1072 = CARTESIAN_POINT ('', (78.6249999999998, 107.25, -4.50000000000019));
#1073 = (
   BOUNDED_CURVE ()
   B_SPLINE_CURVE (2, (#1070, #1071, #1072), .UNSPECIFIED., .F., .U.)
   B_SPLINE_CURVE_WITH_KNOTS ((3, 3), (9., 10.), .UNSPECIFIED.)
   CURVE ()
   GEOMETRIC_REPRESENTATION_ITEM ()
   RATIONAL_B_SPLINE_CURVE ((1., 0.707106781186508, 1.))
   REPRESENTATION_ITEM ('')
);
#1074 = EDGE_CURVE ('', #99, #1027, #1073, .T.);
#1075 = ORIENTED_EDGE ('', *, *, #1074, .T.);
#1076 = ORIENTED_EDGE ('', *, *, #1038, .T.);
#1077 = ORIENTED_EDGE ('', *, *, #162, .F.);
#1078 = ORIENTED_EDGE ('', *, *, #110, .F.);
#1079 = EDGE_LOOP ('', (#1075, #1076, #1077, #1078));
#1080 = FACE_OUTER_BOUND ('', #1079, .T.);
#1081 = CARTESIAN_POINT ('', (80.1249999999999, 108.75, -4.49999999999964));
#1082 = CARTESIAN_POINT ('', (80.1249999999999, 108.75, -4.99999999999964));
#1083 = CARTESIAN_POINT ('', (80.1249999999999, 107.25, -4.49999999999897));
#1084 = CARTESIAN_POINT ('', (80.1249999999999, 107.25, -4.99999999999897));
#1085 = CARTESIAN_POINT ('', (78.6249999999998, 107.25, -4.50000000000019));
#1086 = CARTESIAN_POINT ('', (78.6249999999998, 107.25, -5.00000000000019));
#1087 = (
   BOUNDED_SURFACE ()
   B_SPLINE_SURFACE (2, 1, ((#1081, #1082), (#1083, #1084), (#1085, #1086)), .UNSPECIFIED., .F., .F., .U.)
   B_SPLINE_SURFACE_WITH_KNOTS ((3, 3), (2, 2), (9., 10.), (0., 1.), .UNSPECIFIED.)
   GEOMETRIC_REPRESENTATION_ITEM ()
   RATIONAL_B_SPLINE_SURFACE (((1., 1.), (0.707106781186508, 0.707106781186508), (1., 1.)))
   REPRESENTATION_ITEM ('')
   SURFACE ()
);
#1088 = ADVANCED_FACE ('', (#1080), #1087, .T.);
#1089 = ORIENTED_EDGE ('', *, *, #956, .F.);
#1090 = ORIENTED_EDGE ('', *, *, #984, .F.);
#1091 = ORIENTED_EDGE ('', *, *, #1007, .F.);
#1092 = ORIENTED_EDGE ('', *, *, #1031, .F.);
#1093 = ORIENTED_EDGE ('', *, *, #1074, .F.);
#1094 = ORIENTED_EDGE ('', *, *, #103, .F.);
#1095 = CARTESIAN_POINT ('', (78.6249999999998, 111.75, -4.50000000000068));
#1096 = CARTESIAN_POINT ('', (80.1249999999998, 111.75, -4.50000000000066));
#1097 = CARTESIAN_POINT ('', (80.1249999999998, 110.25, -4.50000000000036));
#1098 = (
   BOUNDED_CURVE ()
   B_SPLINE_CURVE (2, (#1095, #1096, #1097), .UNSPECIFIED., .F., .U.)
   B_SPLINE_CURVE_WITH_KNOTS ((3, 3), (7., 8.), .UNSPECIFIED.)
   CURVE ()
   GEOMETRIC_REPRESENTATION_ITEM ()
   RATIONAL_B_SPLINE_CURVE ((1., 0.707106781186552, 1.))
   REPRESENTATION_ITEM ('')
);
#1099 = EDGE_CURVE ('', #1049, #97, #1098, .T.);
#1100 = ORIENTED_EDGE ('', *, *, #1099, .F.);
#1101 = ORIENTED_EDGE ('', *, *, #1060, .F.);
#1102 = EDGE_LOOP ('', (#1089, #1090, #1091, #1092, #1093, #1094, #1100, #1101));
#1103 = FACE_OUTER_BOUND ('', #1102, .T.);
#1104 = ORIENTED_EDGE ('', *, *, #646, .T.);
#1105 = ORIENTED_EDGE ('', *, *, #680, .T.);
#1106 = ORIENTED_EDGE ('', *, *, #733, .F.);
#1107 = ORIENTED_EDGE ('', *, *, #938, .F.);
#1108 = ORIENTED_EDGE ('', *, *, #305, .F.);
#1109 = ORIENTED_EDGE ('', *, *, #352, .T.);
#1110 = ORIENTED_EDGE ('', *, *, #402, .T.);
#1111 = ORIENTED_EDGE ('', *, *, #436, .T.);
#1112 = ORIENTED_EDGE ('', *, *, #863, .F.);
#1113 = ORIENTED_EDGE ('', *, *, #888, .F.);
#1114 = ORIENTED_EDGE ('', *, *, #597, .F.);
#1115 = ORIENTED_EDGE ('', *, *, #558, .T.);
#1116 = EDGE_LOOP ('', (#1104, #1105, #1106, #1107, #1108, #1109, #1110, #1111, #1112, #1113, #1114, #1115));
#1117 = FACE_BOUND ('', #1116, .T.);
#1118 = CARTESIAN_POINT ('', (72.3749999999999, 107.25, -4.49999999999992));
#1119 = CARTESIAN_POINT ('', (72.3749999999999, 111.75, -4.50000000000073));
#1120 = CARTESIAN_POINT ('', (80.1249999999999, 107.25, -4.49999999999975));
#1121 = CARTESIAN_POINT ('', (80.1249999999999, 111.75, -4.50000000000057));
#1122 = B_SPLINE_SURFACE_WITH_KNOTS ('', 1, 1, ((#1118, #1119), (#1120, #1121)), .UNSPECIFIED., .F., .F., .U., (2, 2), (2, 2), (0.214030755869478, 0.693222462250353), (0.360879827179744, 0.639120172820254), .UNSPECIFIED.);
#1123 = ADVANCED_FACE ('', (#1103, #1117), #1122, .T.);
#1124 = ORIENTED_EDGE ('', *, *, #1099, .T.);
#1125 = ORIENTED_EDGE ('', *, *, #122, .T.);
#1126 = ORIENTED_EDGE ('', *, *, #153, .F.);
#1127 = ORIENTED_EDGE ('', *, *, #1053, .F.);
#1128 = EDGE_LOOP ('', (#1124, #1125, #1126, #1127));
#1129 = FACE_OUTER_BOUND ('', #1128, .T.);
#1130 = CARTESIAN_POINT ('', (78.6249999999998, 111.75, -4.50000000000068));
#1131 = CARTESIAN_POINT ('', (78.6249999999999, 111.75, -5.00000000000068));
#1132 = CARTESIAN_POINT ('', (80.1249999999998, 111.75, -4.50000000000066));
#1133 = CARTESIAN_POINT ('', (80.1249999999998, 111.75, -5.00000000000066));
#1134 = CARTESIAN_POINT ('', (80.1249999999998, 110.25, -4.50000000000036));
#1135 = CARTESIAN_POINT ('', (80.1249999999998, 110.25, -5.00000000000036));
#1136 = (
   BOUNDED_SURFACE ()
   B_SPLINE_SURFACE (2, 1, ((#1130, #1131), (#1132, #1133), (#1134, #1135)), .UNSPECIFIED., .F., .F., .U.)
   B_SPLINE_SURFACE_WITH_KNOTS ((3, 3), (2, 2), (7., 8.), (0., 1.), .UNSPECIFIED.)
   GEOMETRIC_REPRESENTATION_ITEM ()
   RATIONAL_B_SPLINE_SURFACE (((1., 1.), (0.707106781186552, 0.707106781186552), (1., 1.)))
   REPRESENTATION_ITEM ('')
   SURFACE ()
);
#1137 = ADVANCED_FACE ('', (#1129), #1136, .T.);
#1138 = CARTESIAN_POINT ('', (74.625, 110.25, -2.50000000000053));
#1139 = VERTEX_POINT ('', #1138);
#1140 = CARTESIAN_POINT ('', (74.6249999999999, 110.25, -3.00000000000053));
#1141 = CARTESIAN_POINT ('', (74.625, 110.25, -2.50000000000053));
#1142 = B_SPLINE_CURVE_WITH_KNOTS ('', 1, (#1140, #1141), .UNSPECIFIED., .F., .U., (2, 2), (0., 1.), .UNSPECIFIED.);
#1143 = EDGE_CURVE ('', #470, #1139, #1142, .T.);
#1144 = ORIENTED_EDGE ('', *, *, #1143, .F.);
#1145 = ORIENTED_EDGE ('', *, *, #474, .F.);
#1146 = ORIENTED_EDGE ('', *, *, #390, .F.);
#1147 = ORIENTED_EDGE ('', *, *, #798, .T.);
#1148 = CARTESIAN_POINT ('', (74.6250000000001, 108.75, -2.49999999999959));
#1149 = VERTEX_POINT ('', #1148);
#1150 = CARTESIAN_POINT ('', (74.6250000000001, 108.75, -2.99999999999959));
#1151 = CARTESIAN_POINT ('', (74.6250000000001, 108.75, -2.49999999999959));
#1152 = B_SPLINE_CURVE_WITH_KNOTS ('', 1, (#1150, #1151), .UNSPECIFIED., .F., .U., (2, 2), (0., 1.), .UNSPECIFIED.);
#1153 = EDGE_CURVE ('', #788, #1149, #1152, .T.);
#1154 = ORIENTED_EDGE ('', *, *, #1153, .T.);
#1155 = CARTESIAN_POINT ('', (74.6250000000001, 108.75, -2.49999999999959));
#1156 = CARTESIAN_POINT ('', (74.625, 110.25, -2.50000000000053));
#1157 = B_SPLINE_CURVE_WITH_KNOTS ('', 1, (#1155, #1156), .UNSPECIFIED., .F., .U., (2, 2), (12., 13.), .UNSPECIFIED.);
#1158 = EDGE_CURVE ('', #1149, #1139, #1157, .T.);
#1159 = ORIENTED_EDGE ('', *, *, #1158, .T.);
#1160 = EDGE_LOOP ('', (#1144, #1145, #1146, #1147, #1154, #1159));
#1161 = FACE_OUTER_BOUND ('', #1160, .T.);
#1162 = CARTESIAN_POINT ('', (74.6249999999999, 108.75, -4.25000000000735));
#1163 = CARTESIAN_POINT ('', (74.6249999999998, 110.250000000001, -4.25000000000829));
#1164 = CARTESIAN_POINT ('', (74.6250000000001, 108.75, -2.49999999999959));
#1165 = CARTESIAN_POINT ('', (74.625, 110.250000000001, -2.50000000000053));
#1166 = B_SPLINE_SURFACE_WITH_KNOTS ('', 1, 1, ((#1162, #1163), (#1164, #1165)), .UNSPECIFIED., .F., .F., .U., (2, 2), (2, 2), (-2.50000000001552, 1.), (12., 13.0000000000003), .UNSPECIFIED.);
#1167 = ADVANCED_FACE ('', (#1161), #1166, .T.);
#1168 = ORIENTED_EDGE ('', *, *, #793, .F.);
#1169 = CARTESIAN_POINT ('', (75.375, 108., -2.49999999999979));
#1170 = VERTEX_POINT ('', #1169);
#1171 = CARTESIAN_POINT ('', (75.375, 108., -2.99999999999979));
#1172 = CARTESIAN_POINT ('', (75.375, 108., -2.49999999999979));
#1173 = B_SPLINE_CURVE_WITH_KNOTS ('', 1, (#1171, #1172), .UNSPECIFIED., .F., .U., (2, 2), (0., 1.), .UNSPECIFIED.);
#1174 = EDGE_CURVE ('', #781, #1170, #1173, .T.);
#1175 = ORIENTED_EDGE ('', *, *, #1174, .T.);
#1176 = CARTESIAN_POINT ('', (75.375, 108., -2.49999999999979));
#1177 = CARTESIAN_POINT ('', (74.625, 108., -2.49999999999981));
#1178 = CARTESIAN_POINT ('', (74.6250000000001, 108.75, -2.49999999999959));
#1179 = (
   BOUNDED_CURVE ()
   B_SPLINE_CURVE (2, (#1176, #1177, #1178), .UNSPECIFIED., .F., .U.)
   B_SPLINE_CURVE_WITH_KNOTS ((3, 3), (11., 12.), .UNSPECIFIED.)
   CURVE ()
   GEOMETRIC_REPRESENTATION_ITEM ()
   RATIONAL_B_SPLINE_CURVE ((1., 0.707106781186481, 1.))
   REPRESENTATION_ITEM ('')
);
#1180 = EDGE_CURVE ('', #1170, #1149, #1179, .T.);
#1181 = ORIENTED_EDGE ('', *, *, #1180, .T.);
#1182 = ORIENTED_EDGE ('', *, *, #1153, .F.);
#1183 = EDGE_LOOP ('', (#1168, #1175, #1181, #1182));
#1184 = FACE_OUTER_BOUND ('', #1183, .T.);
#1185 = CARTESIAN_POINT ('', (75.375, 108., -2.99999999999979));
#1186 = CARTESIAN_POINT ('', (74.6249999999999, 108., -2.99999999999981));
#1187 = CARTESIAN_POINT ('', (74.6250000000001, 108.75, -2.99999999999959));
#1188 = CARTESIAN_POINT ('', (75.375, 108., -2.49999999999979));
#1189 = CARTESIAN_POINT ('', (74.625, 108., -2.49999999999981));
#1190 = CARTESIAN_POINT ('', (74.6250000000001, 108.75, -2.49999999999959));
#1191 = (
   BOUNDED_SURFACE ()
   B_SPLINE_SURFACE (1, 2, ((#1185, #1186, #1187), (#1188, #1189, #1190)), .UNSPECIFIED., .F., .F., .U.)
   B_SPLINE_SURFACE_WITH_KNOTS ((2, 2), (3, 3), (0., 1.), (11., 12.), .UNSPECIFIED.)
   GEOMETRIC_REPRESENTATION_ITEM ()
   RATIONAL_B_SPLINE_SURFACE (((1., 0.707106781186481, 1.), (1., 0.707106781186481, 1.)))
   REPRESENTATION_ITEM ('')
   SURFACE ()
);
#1192 = ADVANCED_FACE ('', (#1184), #1191, .T.);
#1193 = ORIENTED_EDGE ('', *, *, #1174, .F.);
#1194 = ORIENTED_EDGE ('', *, *, #785, .F.);
#1195 = ORIENTED_EDGE ('', *, *, #313, .F.);
#1196 = ORIENTED_EDGE ('', *, *, #274, .F.);
#1197 = ORIENTED_EDGE ('', *, *, #815, .T.);
#1198 = ORIENTED_EDGE ('', *, *, #911, .T.);
#1199 = ORIENTED_EDGE ('', *, *, #717, .F.);
#1200 = ORIENTED_EDGE ('', *, *, #767, .T.);
#1201 = CARTESIAN_POINT ('', (77.125, 108., -2.50000000000046));
#1202 = VERTEX_POINT ('', #1201);
#1203 = CARTESIAN_POINT ('', (77.1249999999999, 108., -3.00000000000046));
#1204 = CARTESIAN_POINT ('', (77.125, 108., -2.50000000000046));
#1205 = B_SPLINE_CURVE_WITH_KNOTS ('', 1, (#1203, #1204), .UNSPECIFIED., .F., .U., (2, 2), (0., 1.), .UNSPECIFIED.);
#1206 = EDGE_CURVE ('', #757, #1202, #1205, .T.);
#1207 = ORIENTED_EDGE ('', *, *, #1206, .T.);
#1208 = CARTESIAN_POINT ('', (77.125, 108., -2.50000000000046));
#1209 = CARTESIAN_POINT ('', (75.375, 108., -2.49999999999979));
#1210 = B_SPLINE_CURVE_WITH_KNOTS ('', 1, (#1208, #1209), .UNSPECIFIED., .F., .U., (2, 2), (10., 11.), .UNSPECIFIED.);
#1211 = EDGE_CURVE ('', #1202, #1170, #1210, .T.);
#1212 = ORIENTED_EDGE ('', *, *, #1211, .T.);
#1213 = EDGE_LOOP ('', (#1193, #1194, #1195, #1196, #1197, #1198, #1199, #1200, #1207, #1212));
#1214 = FACE_OUTER_BOUND ('', #1213, .T.);
#1215 = CARTESIAN_POINT ('', (77.1250000000002, 108., -4.24999999998979));
#1216 = CARTESIAN_POINT ('', (75.3749999999999, 108., -4.24999999998912));
#1217 = CARTESIAN_POINT ('', (77.1250000000004, 108., -2.50000000000046));
#1218 = CARTESIAN_POINT ('', (75.375, 108., -2.49999999999979));
#1219 = B_SPLINE_SURFACE_WITH_KNOTS ('', 1, 1, ((#1215, #1216), (#1217, #1218)), .UNSPECIFIED., .F., .F., .U., (2, 2), (2, 2), (-2.49999999997866, 1.), (9.99999999999978, 11.), .UNSPECIFIED.);
#1220 = ADVANCED_FACE ('', (#1214), #1219, .T.);
#1221 = ORIENTED_EDGE ('', *, *, #762, .F.);
#1222 = CARTESIAN_POINT ('', (77.875, 108.75, -2.50000000000019));
#1223 = VERTEX_POINT ('', #1222);
#1224 = CARTESIAN_POINT ('', (77.8749999999999, 108.75, -3.00000000000019));
#1225 = CARTESIAN_POINT ('', (77.875, 108.75, -2.50000000000019));
#1226 = B_SPLINE_CURVE_WITH_KNOTS ('', 1, (#1224, #1225), .UNSPECIFIED., .F., .U., (2, 2), (0., 1.), .UNSPECIFIED.);
#1227 = EDGE_CURVE ('', #750, #1223, #1226, .T.);
#1228 = ORIENTED_EDGE ('', *, *, #1227, .T.);
#1229 = CARTESIAN_POINT ('', (77.875, 108.75, -2.50000000000019));
#1230 = CARTESIAN_POINT ('', (77.875, 108., -2.49999999999985));
#1231 = CARTESIAN_POINT ('', (77.125, 108., -2.50000000000046));
#1232 = (
   BOUNDED_CURVE ()
   B_SPLINE_CURVE (2, (#1229, #1230, #1231), .UNSPECIFIED., .F., .U.)
   B_SPLINE_CURVE_WITH_KNOTS ((3, 3), (9., 10.), .UNSPECIFIED.)
   CURVE ()
   GEOMETRIC_REPRESENTATION_ITEM ()
   RATIONAL_B_SPLINE_CURVE ((1., 0.707106781186508, 1.))
   REPRESENTATION_ITEM ('')
);
#1233 = EDGE_CURVE ('', #1223, #1202, #1232, .T.);
#1234 = ORIENTED_EDGE ('', *, *, #1233, .T.);
#1235 = ORIENTED_EDGE ('', *, *, #1206, .F.);
#1236 = EDGE_LOOP ('', (#1221, #1228, #1234, #1235));
#1237 = FACE_OUTER_BOUND ('', #1236, .T.);
#1238 = CARTESIAN_POINT ('', (77.8749999999999, 108.75, -3.00000000000019));
#1239 = CARTESIAN_POINT ('', (77.875, 108., -2.99999999999985));
#1240 = CARTESIAN_POINT ('', (77.1249999999999, 108., -3.00000000000046));
#1241 = CARTESIAN_POINT ('', (77.875, 108.75, -2.50000000000019));
#1242 = CARTESIAN_POINT ('', (77.875, 108., -2.49999999999985));
#1243 = CARTESIAN_POINT ('', (77.125, 108., -2.50000000000046));
#1244 = (
   BOUNDED_SURFACE ()
   B_SPLINE_SURFACE (1, 2, ((#1238, #1239, #1240), (#1241, #1242, #1243)), .UNSPECIFIED., .F., .F., .U.)
   B_SPLINE_SURFACE_WITH_KNOTS ((2, 2), (3, 3), (0., 1.), (9., 10.), .UNSPECIFIED.)
   GEOMETRIC_REPRESENTATION_ITEM ()
   RATIONAL_B_SPLINE_SURFACE (((1., 0.707106781186508, 1.), (1., 0.707106781186508, 1.)))
   REPRESENTATION_ITEM ('')
   SURFACE ()
);
#1245 = ADVANCED_FACE ('', (#1237), #1244, .T.);
#1246 = ORIENTED_EDGE ('', *, *, #1227, .F.);
#1247 = ORIENTED_EDGE ('', *, *, #754, .F.);
#1248 = ORIENTED_EDGE ('', *, *, #632, .F.);
#1249 = ORIENTED_EDGE ('', *, *, #527, .T.);
#1250 = CARTESIAN_POINT ('', (77.875, 110.25, -2.50000000000052));
#1251 = VERTEX_POINT ('', #1250);
#1252 = CARTESIAN_POINT ('', (77.8749999999999, 110.25, -3.00000000000052));
#1253 = CARTESIAN_POINT ('', (77.875, 110.25, -2.50000000000052));
#1254 = B_SPLINE_CURVE_WITH_KNOTS ('', 1, (#1252, #1253), .UNSPECIFIED., .F., .U., (2, 2), (0., 1.), .UNSPECIFIED.);
#1255 = EDGE_CURVE ('', #517, #1251, #1254, .T.);
#1256 = ORIENTED_EDGE ('', *, *, #1255, .T.);
#1257 = CARTESIAN_POINT ('', (77.875, 110.25, -2.50000000000052));
#1258 = CARTESIAN_POINT ('', (77.875, 108.75, -2.50000000000019));
#1259 = B_SPLINE_CURVE_WITH_KNOTS ('', 1, (#1257, #1258), .UNSPECIFIED., .F., .U., (2, 2), (8., 9.), .UNSPECIFIED.);
#1260 = EDGE_CURVE ('', #1251, #1223, #1259, .T.);
#1261 = ORIENTED_EDGE ('', *, *, #1260, .T.);
#1262 = EDGE_LOOP ('', (#1246, #1247, #1248, #1249, #1256, #1261));
#1263 = FACE_OUTER_BOUND ('', #1262, .T.);
#1264 = CARTESIAN_POINT ('', (77.8749999999998, 110.25, -4.25000000000063));
#1265 = CARTESIAN_POINT ('', (77.8749999999998, 108.75, -4.2500000000003));
#1266 = CARTESIAN_POINT ('', (77.875, 110.25, -2.50000000000052));
#1267 = CARTESIAN_POINT ('', (77.875, 108.75, -2.50000000000019));
#1268 = B_SPLINE_SURFACE_WITH_KNOTS ('', 1, 1, ((#1264, #1265), (#1266, #1267)), .UNSPECIFIED., .F., .F., .U., (2, 2), (2, 2), (-2.50000000000022, 1.), (7.99999999999998, 9.), .UNSPECIFIED.);
#1269 = ADVANCED_FACE ('', (#1263), #1268, .T.);
#1270 = ORIENTED_EDGE ('', *, *, #522, .F.);
#1271 = CARTESIAN_POINT ('', (77.125, 111., -2.50000000000055));
#1272 = VERTEX_POINT ('', #1271);
#1273 = CARTESIAN_POINT ('', (77.1249999999999, 111., -3.00000000000055));
#1274 = CARTESIAN_POINT ('', (77.125, 111., -2.50000000000055));
#1275 = B_SPLINE_CURVE_WITH_KNOTS ('', 1, (#1273, #1274), .UNSPECIFIED., .F., .U., (2, 2), (0., 1.), .UNSPECIFIED.);
#1276 = EDGE_CURVE ('', #510, #1272, #1275, .T.);
#1277 = ORIENTED_EDGE ('', *, *, #1276, .T.);
#1278 = CARTESIAN_POINT ('', (77.125, 111., -2.50000000000055));
#1279 = CARTESIAN_POINT ('', (77.8749999999999, 111., -2.50000000000046));
#1280 = CARTESIAN_POINT ('', (77.875, 110.25, -2.50000000000052));
#1281 = (
   BOUNDED_CURVE ()
   B_SPLINE_CURVE (2, (#1278, #1279, #1280), .UNSPECIFIED., .F., .U.)
   B_SPLINE_CURVE_WITH_KNOTS ((3, 3), (15., 16.), .UNSPECIFIED.)
   CURVE ()
   GEOMETRIC_REPRESENTATION_ITEM ()
   RATIONAL_B_SPLINE_CURVE ((1., 0.707106781186552, 1.))
   REPRESENTATION_ITEM ('')
);
#1282 = EDGE_CURVE ('', #1272, #1251, #1281, .T.);
#1283 = ORIENTED_EDGE ('', *, *, #1282, .T.);
#1284 = ORIENTED_EDGE ('', *, *, #1255, .F.);
#1285 = EDGE_LOOP ('', (#1270, #1277, #1283, #1284));
#1286 = FACE_OUTER_BOUND ('', #1285, .T.);
#1287 = CARTESIAN_POINT ('', (77.1249999999999, 111., -3.00000000000055));
#1288 = CARTESIAN_POINT ('', (77.8749999999999, 111., -3.00000000000046));
#1289 = CARTESIAN_POINT ('', (77.8749999999999, 110.25, -3.00000000000052));
#1290 = CARTESIAN_POINT ('', (77.125, 111., -2.50000000000055));
#1291 = CARTESIAN_POINT ('', (77.8749999999999, 111., -2.50000000000046));
#1292 = CARTESIAN_POINT ('', (77.875, 110.25, -2.50000000000052));
#1293 = (
   BOUNDED_SURFACE ()
   B_SPLINE_SURFACE (1, 2, ((#1287, #1288, #1289), (#1290, #1291, #1292)), .UNSPECIFIED., .F., .F., .U.)
   B_SPLINE_SURFACE_WITH_KNOTS ((2, 2), (3, 3), (0., 1.), (15., 16.), .UNSPECIFIED.)
   GEOMETRIC_REPRESENTATION_ITEM ()
   RATIONAL_B_SPLINE_SURFACE (((1., 0.707106781186552, 1.), (1., 0.707106781186552, 1.)))
   REPRESENTATION_ITEM ('')
   SURFACE ()
);
#1294 = ADVANCED_FACE ('', (#1286), #1293, .T.);
#1295 = ORIENTED_EDGE ('', *, *, #1276, .F.);
#1296 = ORIENTED_EDGE ('', *, *, #514, .F.);
#1297 = ORIENTED_EDGE ('', *, *, #611, .F.);
#1298 = ORIENTED_EDGE ('', *, *, #919, .T.);
#1299 = ORIENTED_EDGE ('', *, *, #823, .T.);
#1300 = ORIENTED_EDGE ('', *, *, #260, .F.);
#1301 = ORIENTED_EDGE ('', *, *, #855, .F.);
#1302 = ORIENTED_EDGE ('', *, *, #487, .T.);
#1303 = CARTESIAN_POINT ('', (75.375, 111., -2.50000000000099));
#1304 = VERTEX_POINT ('', #1303);
#1305 = CARTESIAN_POINT ('', (75.3749999999999, 111., -3.00000000000099));
#1306 = CARTESIAN_POINT ('', (75.375, 111., -2.50000000000099));
#1307 = B_SPLINE_CURVE_WITH_KNOTS ('', 1, (#1305, #1306), .UNSPECIFIED., .F., .U., (2, 2), (0., 1.), .UNSPECIFIED.);
#1308 = EDGE_CURVE ('', #477, #1304, #1307, .T.);
#1309 = ORIENTED_EDGE ('', *, *, #1308, .T.);
#1310 = CARTESIAN_POINT ('', (75.375, 111., -2.50000000000099));
#1311 = CARTESIAN_POINT ('', (77.125, 111., -2.50000000000055));
#1312 = B_SPLINE_CURVE_WITH_KNOTS ('', 1, (#1310, #1311), .UNSPECIFIED., .F., .U., (2, 2), (14., 15.), .UNSPECIFIED.);
#1313 = EDGE_CURVE ('', #1304, #1272, #1312, .T.);
#1314 = ORIENTED_EDGE ('', *, *, #1313, .T.);
#1315 = EDGE_LOOP ('', (#1295, #1296, #1297, #1298, #1299, #1300, #1301, #1302, #1309, #1314));
#1316 = FACE_OUTER_BOUND ('', #1315, .T.);
#1317 = CARTESIAN_POINT ('', (75.3749999999994, 111., -4.24999999998489));
#1318 = CARTESIAN_POINT ('', (77.1249999999998, 111., -4.24999999998445));
#1319 = CARTESIAN_POINT ('', (75.3749999999996, 111., -2.50000000000099));
#1320 = CARTESIAN_POINT ('', (77.125, 111., -2.50000000000055));
#1321 = B_SPLINE_SURFACE_WITH_KNOTS ('', 1, 1, ((#1317, #1318), (#1319, #1320)), .UNSPECIFIED., .F., .F., .U., (2, 2), (2, 2), (-2.49999999996781, 1.), (13.9999999999998, 15.), .UNSPECIFIED.);
#1322 = ADVANCED_FACE ('', (#1316), #1321, .T.);
#1323 = ORIENTED_EDGE ('', *, *, #482, .F.);
#1324 = ORIENTED_EDGE ('', *, *, #1143, .T.);
#1325 = CARTESIAN_POINT ('', (74.625, 110.25, -2.50000000000053));
#1326 = CARTESIAN_POINT ('', (74.625, 111., -2.5000000000006));
#1327 = CARTESIAN_POINT ('', (75.375, 111., -2.50000000000099));
#1328 = (
   BOUNDED_CURVE ()
   B_SPLINE_CURVE (2, (#1325, #1326, #1327), .UNSPECIFIED., .F., .U.)
   B_SPLINE_CURVE_WITH_KNOTS ((3, 3), (13., 14.), .UNSPECIFIED.)
   CURVE ()
   GEOMETRIC_REPRESENTATION_ITEM ()
   RATIONAL_B_SPLINE_CURVE ((1., 0.707106781186508, 1.))
   REPRESENTATION_ITEM ('')
);
#1329 = EDGE_CURVE ('', #1139, #1304, #1328, .T.);
#1330 = ORIENTED_EDGE ('', *, *, #1329, .T.);
#1331 = ORIENTED_EDGE ('', *, *, #1308, .F.);
#1332 = EDGE_LOOP ('', (#1323, #1324, #1330, #1331));
#1333 = FACE_OUTER_BOUND ('', #1332, .T.);
#1334 = CARTESIAN_POINT ('', (74.6249999999999, 110.25, -3.00000000000053));
#1335 = CARTESIAN_POINT ('', (74.6249999999999, 111., -3.0000000000006));
#1336 = CARTESIAN_POINT ('', (75.3749999999999, 111., -3.00000000000099));
#1337 = CARTESIAN_POINT ('', (74.625, 110.25, -2.50000000000053));
#1338 = CARTESIAN_POINT ('', (74.625, 111., -2.5000000000006));
#1339 = CARTESIAN_POINT ('', (75.375, 111., -2.50000000000099));
#1340 = (
   BOUNDED_SURFACE ()
   B_SPLINE_SURFACE (1, 2, ((#1334, #1335, #1336), (#1337, #1338, #1339)), .UNSPECIFIED., .F., .F., .U.)
   B_SPLINE_SURFACE_WITH_KNOTS ((2, 2), (3, 3), (0., 1.), (13., 14.), .UNSPECIFIED.)
   GEOMETRIC_REPRESENTATION_ITEM ()
   RATIONAL_B_SPLINE_SURFACE (((1., 0.707106781186508, 1.), (1., 0.707106781186508, 1.)))
   REPRESENTATION_ITEM ('')
   SURFACE ()
);
#1341 = ADVANCED_FACE ('', (#1333), #1340, .T.);
#1342 = ORIENTED_EDGE ('', *, *, #1180, .F.);
#1343 = ORIENTED_EDGE ('', *, *, #1211, .F.);
#1344 = ORIENTED_EDGE ('', *, *, #1233, .F.);
#1345 = ORIENTED_EDGE ('', *, *, #1260, .F.);
#1346 = ORIENTED_EDGE ('', *, *, #1282, .F.);
#1347 = ORIENTED_EDGE ('', *, *, #1313, .F.);
#1348 = ORIENTED_EDGE ('', *, *, #1329, .F.);
#1349 = ORIENTED_EDGE ('', *, *, #1158, .F.);
#1350 = EDGE_LOOP ('', (#1342, #1343, #1344, #1345, #1346, #1347, #1348, #1349));
#1351 = FACE_OUTER_BOUND ('', #1350, .T.);
#1352 = CARTESIAN_POINT ('', (74.625, 108., -2.49999999999984));
#1353 = CARTESIAN_POINT ('', (74.625, 111., -2.50000000000053));
#1354 = CARTESIAN_POINT ('', (77.875, 108., -2.50000000000009));
#1355 = CARTESIAN_POINT ('', (77.875, 111., -2.50000000000078));
#1356 = B_SPLINE_SURFACE_WITH_KNOTS ('', 1, 1, ((#1352, #1353), (#1354, #1355)), .UNSPECIFIED., .F., .F., .U., (2, 2), (2, 2), (0.325046798898217, 0.674953201101779), (0.338504737444505, 0.66149526255549), .UNSPECIFIED.);
#1357 = ADVANCED_FACE ('', (#1351), #1356, .T.);
#1358 = CLOSED_SHELL ('', (#131, #235, #297, #331, #383, #415, #467, #498, #538, #589, #625, #659, #711, #747, #778, #809, #851, #877, #899, #929, #947, #978, #1000, #1025, #1047, #1069, #1088, #1123, #1137, #1167, #1192, #1220, #1245, #1269, #1294, #1322, #1341, #1357));
#1359 = MANIFOLD_SOLID_BREP ('', #1358);
#1360 = PRESENTATION_LAYER_ASSIGNMENT ('Level 5', 'Level 5', (#1359, #2769));
#1361 = COLOUR_RGB ('', 0., 0.333333333333333, 1.);
#1362 = FILL_AREA_STYLE_COLOUR ('', #1361);
#1363 = FILL_AREA_STYLE ('', (#1362));
#1364 = SURFACE_STYLE_FILL_AREA (#1363);
#1365 = SURFACE_SIDE_STYLE ('', (#1364));
#1366 = SURFACE_STYLE_USAGE (.POSITIVE., #1365);
#1367 = PRESENTATION_STYLE_ASSIGNMENT ((#1366));
#1368 = STYLED_ITEM ('', (#1367), #1359);
#1369 = (
   LENGTH_UNIT ()
   NAMED_UNIT (*)
   SI_UNIT ($, .METRE.)
);
#1370 = (
   NAMED_UNIT (*)
   SI_UNIT ($, .STERADIAN.)
   SOLID_ANGLE_UNIT ()
);
#1371 = (
   NAMED_UNIT (*)
   PLANE_ANGLE_UNIT ()
   SI_UNIT ($, .RADIAN.)
);
#1372 = UNCERTAINTY_MEASURE_WITH_UNIT (LENGTH_MEASURE(0.001), #1369, 'DISTANCE_ACCURACY_VALUE', '');
#1373 = (
   GEOMETRIC_REPRESENTATION_CONTEXT (3)
   GLOBAL_UNCERTAINTY_ASSIGNED_CONTEXT ((#1372))
   GLOBAL_UNIT_ASSIGNED_CONTEXT ((#1369, #1370, #1371))
   REPRESENTATION_CONTEXT ('', '3D')
);
#1374 = SHAPE_REPRESENTATION ('', (#1502), #1373);
#1375 = APPLICATION_CONTEXT ('configuration controlled 3D designs of mechanical parts and assemblies');
#1376 = APPLICATION_PROTOCOL_DEFINITION ('International Standard', 'config_control_design', 1997, #1375);
#1377 = MECHANICAL_CONTEXT ('', #1375, 'mechanical');
#1378 = PRODUCT ('', '', '', (#1377));
#1379 = PERSON_AND_ORGANIZATION_ROLE ('design_owner');
#1380 = PERSON ('#1380', '', $, $, $, $);
#1381 = ORGANIZATION ($, '', '');
#1382 = PERSON_AND_ORGANIZATION (#1380, #1381);
#1383 = CC_DESIGN_PERSON_AND_ORGANIZATION_ASSIGNMENT (#1382, #1379, (#1378));
#1384 = PRODUCT_RELATED_PRODUCT_CATEGORY ('detail', $, (#1378));
#1385 = PRODUCT_DEFINITION_FORMATION_WITH_SPECIFIED_SOURCE ('', '', #1378, .NOT_KNOWN.);
#1386 = APPROVAL_STATUS ('approved');
#1387 = APPROVAL (#1386, '');
#1388 = CALENDAR_DATE (2026, 7, 2);
#1389 = COORDINATED_UNIVERSAL_TIME_OFFSET (0, $, .AHEAD.);
#1390 = LOCAL_TIME (9, 25, 58., #1389);
#1391 = DATE_AND_TIME (#1388, #1390);
#1392 = APPROVAL_DATE_TIME (#1391, #1387);
#1393 = APPROVAL_ROLE ('');
#1394 = PERSON ('#1394', '', $, $, $, $);
#1395 = ORGANIZATION ($, '', '');
#1396 = PERSON_AND_ORGANIZATION (#1394, #1395);
#1397 = APPROVAL_PERSON_ORGANIZATION (#1396, #1387, #1393);
#1398 = CC_DESIGN_APPROVAL (#1387, (#1385));
#1399 = PERSON_AND_ORGANIZATION_ROLE ('creator');
#1400 = PERSON ('#1400', '', $, $, $, $);
#1401 = ORGANIZATION ($, '', '');
#1402 = PERSON_AND_ORGANIZATION (#1400, #1401);
#1403 = CC_DESIGN_PERSON_AND_ORGANIZATION_ASSIGNMENT (#1402, #1399, (#1385));
#1404 = PERSON_AND_ORGANIZATION_ROLE ('part_supplier');
#1405 = PERSON ('#1405', '', $, $, $, $);
#1406 = ORGANIZATION ($, '', '');
#1407 = PERSON_AND_ORGANIZATION (#1405, #1406);
#1408 = CC_DESIGN_PERSON_AND_ORGANIZATION_ASSIGNMENT (#1407, #1404, (#1385));
#1409 = SECURITY_CLASSIFICATION_LEVEL ('unclassified');
#1410 = SECURITY_CLASSIFICATION ('', '', #1409);
#1411 = APPROVAL_STATUS ('approved');
#1412 = APPROVAL (#1411, '');
#1413 = CALENDAR_DATE (2026, 7, 2);
#1414 = COORDINATED_UNIVERSAL_TIME_OFFSET (0, $, .AHEAD.);
#1415 = LOCAL_TIME (9, 25, 58., #1414);
#1416 = DATE_AND_TIME (#1413, #1415);
#1417 = APPROVAL_DATE_TIME (#1416, #1412);
#1418 = APPROVAL_ROLE ('');
#1419 = PERSON ('#1419', '', $, $, $, $);
#1420 = ORGANIZATION ($, '', '');
#1421 = PERSON_AND_ORGANIZATION (#1419, #1420);
#1422 = APPROVAL_PERSON_ORGANIZATION (#1421, #1412, #1418);
#1423 = CC_DESIGN_APPROVAL (#1412, (#1410));
#1424 = DATE_TIME_ROLE ('classification_date');
#1425 = CALENDAR_DATE (2026, 7, 2);
#1426 = COORDINATED_UNIVERSAL_TIME_OFFSET (0, $, .AHEAD.);
#1427 = LOCAL_TIME (9, 25, 58., #1426);
#1428 = DATE_AND_TIME (#1425, #1427);
#1429 = CC_DESIGN_DATE_AND_TIME_ASSIGNMENT (#1428, #1424, (#1410));
#1430 = PERSON_AND_ORGANIZATION_ROLE ('classification_officer');
#1431 = PERSON ('#1431', '', $, $, $, $);
#1432 = ORGANIZATION ($, '', '');
#1433 = PERSON_AND_ORGANIZATION (#1431, #1432);
#1434 = CC_DESIGN_PERSON_AND_ORGANIZATION_ASSIGNMENT (#1433, #1430, (#1410));
#1435 = CC_DESIGN_SECURITY_CLASSIFICATION (#1410, (#1385));
#1436 = DESIGN_CONTEXT ('', #1375, 'design');
#1437 = APPROVAL_STATUS ('approved');
#1438 = APPROVAL (#1437, '');
#1439 = CALENDAR_DATE (2026, 7, 2);
#1440 = COORDINATED_UNIVERSAL_TIME_OFFSET (0, $, .AHEAD.);
#1441 = LOCAL_TIME (9, 25, 58., #1440);
#1442 = DATE_AND_TIME (#1439, #1441);
#1443 = APPROVAL_DATE_TIME (#1442, #1438);
#1444 = APPROVAL_ROLE ('');
#1445 = PERSON ('#1445', '', $, $, $, $);
#1446 = ORGANIZATION ($, '', '');
#1447 = PERSON_AND_ORGANIZATION (#1445, #1446);
#1448 = APPROVAL_PERSON_ORGANIZATION (#1447, #1438, #1444);
#1449 = CC_DESIGN_APPROVAL (#1438, (*));
#1450 = DATE_TIME_ROLE ('creation_date');
#1451 = CALENDAR_DATE (2026, 7, 2);
#1452 = COORDINATED_UNIVERSAL_TIME_OFFSET (0, $, .AHEAD.);
#1453 = LOCAL_TIME (9, 25, 58., #1452);
#1454 = DATE_AND_TIME (#1451, #1453);
#1455 = CC_DESIGN_DATE_AND_TIME_ASSIGNMENT (#1454, #1450, (*));
#1456 = PERSON_AND_ORGANIZATION_ROLE ('creator');
#1457 = PERSON ('#1457', '', $, $, $, $);
#1458 = ORGANIZATION ($, '', '');
#1459 = PERSON_AND_ORGANIZATION (#1457, #1458);
#1460 = CC_DESIGN_PERSON_AND_ORGANIZATION_ASSIGNMENT (#1459, #1456, (*));
#1461 = PRODUCT_DEFINITION ('', '', #1385, #1436);
#1462 = PRODUCT_DEFINITION_SHAPE ('', '', #1461);
#1463 = SHAPE_DEFINITION_REPRESENTATION (#1462, #1374);
#1464 = SHAPE_REPRESENTATION_RELATIONSHIP ('', '', #1374, #1465);
#1465 = ADVANCED_BREP_SHAPE_REPRESENTATION ('', (#1359), #1373);
#1466 = NEXT_ASSEMBLY_USAGE_OCCURRENCE ('#1466', '', '', #93, #1461, $);
#1467 = SECURITY_CLASSIFICATION_LEVEL ('unclassified');
#1468 = SECURITY_CLASSIFICATION ('', '', #1467);
#1469 = APPROVAL_STATUS ('approved');
#1470 = APPROVAL (#1469, '');
#1471 = CALENDAR_DATE (2026, 7, 2);
#1472 = COORDINATED_UNIVERSAL_TIME_OFFSET (0, $, .AHEAD.);
#1473 = LOCAL_TIME (9, 25, 58., #1472);
#1474 = DATE_AND_TIME (#1471, #1473);
#1475 = APPROVAL_DATE_TIME (#1474, #1470);
#1476 = APPROVAL_ROLE ('');
#1477 = PERSON ('#1477', '', $, $, $, $);
#1478 = ORGANIZATION ($, '', '');
#1479 = PERSON_AND_ORGANIZATION (#1477, #1478);
#1480 = APPROVAL_PERSON_ORGANIZATION (#1479, #1470, #1476);
#1481 = CC_DESIGN_APPROVAL (#1470, (#1468));
#1482 = DATE_TIME_ROLE ('classification_date');
#1483 = CALENDAR_DATE (2026, 7, 2);
#1484 = COORDINATED_UNIVERSAL_TIME_OFFSET (0, $, .AHEAD.);
#1485 = LOCAL_TIME (9, 25, 58., #1484);
#1486 = DATE_AND_TIME (#1483, #1485);
#1487 = CC_DESIGN_DATE_AND_TIME_ASSIGNMENT (#1486, #1482, (#1468));
#1488 = PERSON_AND_ORGANIZATION_ROLE ('classification_officer');
#1489 = PERSON ('#1489', '', $, $, $, $);
#1490 = ORGANIZATION ($, '', '');
#1491 = PERSON_AND_ORGANIZATION (#1489, #1490);
#1492 = CC_DESIGN_PERSON_AND_ORGANIZATION_ASSIGNMENT (#1491, #1488, (#1468));
#1493 = CC_DESIGN_SECURITY_CLASSIFICATION (#1468, (#1466));
#1494 = PRODUCT_DEFINITION_SHAPE ('', '', #1466);
#1495 = CARTESIAN_POINT ('', (0., 0., 0.));
#1496 = DIRECTION ('', (0., 0., 1.));
#1497 = DIRECTION ('', (1., 0., 0.));
#1498 = AXIS2_PLACEMENT_3D ('', #1495, #1496, #1497);
#1499 = CARTESIAN_POINT ('', (0., 0., 0.));
#1500 = DIRECTION ('', (0., 0., 1.));
#1501 = DIRECTION ('', (1., 0., 0.));
#1502 = AXIS2_PLACEMENT_3D ('', #1499, #1500, #1501);
#1503 = ITEM_DEFINED_TRANSFORMATION ('', '', #1498, #1502);
#1504 = (
   REPRESENTATION_RELATIONSHIP ('', '', #6, #1374)
   REPRESENTATION_RELATIONSHIP_WITH_TRANSFORMATION (#1503)
   SHAPE_REPRESENTATION_RELATIONSHIP ()
);
#1505 = CONTEXT_DEPENDENT_SHAPE_REPRESENTATION (#1504, #1494);
#1506 = CARTESIAN_POINT ('', (74.6249999999999, 116.346194077713, -4.25000000000052));
#1507 = VERTEX_POINT ('', #1506);
#1508 = CARTESIAN_POINT ('', (75.3749999999999, 117.096194077713, -4.25000000000097));
#1509 = VERTEX_POINT ('', #1508);
#1510 = CARTESIAN_POINT ('', (74.6249999999999, 116.346194077713, -4.25000000000053));
#1511 = CARTESIAN_POINT ('', (74.6249999999998, 117.096194077713, -4.2500000000006));
#1512 = CARTESIAN_POINT ('', (75.3749999999999, 117.096194077713, -4.25000000000099));
#1513 = (
   BOUNDED_CURVE ()
   B_SPLINE_CURVE (2, (#1510, #1511, #1512), .UNSPECIFIED., .F., .U.)
   B_SPLINE_CURVE_WITH_KNOTS ((3, 3), (13., 14.), .UNSPECIFIED.)
   CURVE ()
   GEOMETRIC_REPRESENTATION_ITEM ()
   RATIONAL_B_SPLINE_CURVE ((1., 0.707106781186508, 1.))
   REPRESENTATION_ITEM ('')
);
#1514 = EDGE_CURVE ('', #1507, #1509, #1513, .T.);
#1515 = ORIENTED_EDGE ('', *, *, #1514, .F.);
#1516 = CARTESIAN_POINT ('', (74.6249999999999, 116.346194077713, -3.00000000000052));
#1517 = VERTEX_POINT ('', #1516);
#1518 = CARTESIAN_POINT ('', (74.6249999999999, 116.346194077713, -4.25000000000053));
#1519 = CARTESIAN_POINT ('', (74.6249999999999, 116.346194077713, -3.00000000000053));
#1520 = B_SPLINE_CURVE_WITH_KNOTS ('', 1, (#1518, #1519), .UNSPECIFIED., .F., .U., (2, 2), (0., 1.), .UNSPECIFIED.);
#1521 = EDGE_CURVE ('', #1507, #1517, #1520, .T.);
#1522 = ORIENTED_EDGE ('', *, *, #1521, .T.);
#1523 = CARTESIAN_POINT ('', (75.3749999999999, 117.096194077713, -3.00000000000097));
#1524 = VERTEX_POINT ('', #1523);
#1525 = CARTESIAN_POINT ('', (74.6249999999999, 116.346194077713, -3.00000000000053));
#1526 = CARTESIAN_POINT ('', (74.6249999999999, 117.096194077713, -3.0000000000006));
#1527 = CARTESIAN_POINT ('', (75.3749999999999, 117.096194077713, -3.00000000000099));
#1528 = (
   BOUNDED_CURVE ()
   B_SPLINE_CURVE (2, (#1525, #1526, #1527), .UNSPECIFIED., .F., .U.)
   B_SPLINE_CURVE_WITH_KNOTS ((3, 3), (13., 14.), .UNSPECIFIED.)
   CURVE ()
   GEOMETRIC_REPRESENTATION_ITEM ()
   RATIONAL_B_SPLINE_CURVE ((1., 0.707106781186508, 1.))
   REPRESENTATION_ITEM ('')
);
#1529 = EDGE_CURVE ('', #1517, #1524, #1528, .T.);
#1530 = ORIENTED_EDGE ('', *, *, #1529, .T.);
#1531 = CARTESIAN_POINT ('', (75.3749999999999, 117.096194077713, -4.25000000000099));
#1532 = CARTESIAN_POINT ('', (75.3749999999999, 117.096194077713, -3.00000000000099));
#1533 = B_SPLINE_CURVE_WITH_KNOTS ('', 1, (#1531, #1532), .UNSPECIFIED., .F., .U., (2, 2), (0., 1.), .UNSPECIFIED.);
#1534 = EDGE_CURVE ('', #1509, #1524, #1533, .T.);
#1535 = ORIENTED_EDGE ('', *, *, #1534, .F.);
#1536 = EDGE_LOOP ('', (#1515, #1522, #1530, #1535));
#1537 = FACE_OUTER_BOUND ('', #1536, .T.);
#1538 = CARTESIAN_POINT ('', (74.6249999999999, 116.346194077713, -4.25000000000053));
#1539 = CARTESIAN_POINT ('', (74.6249999999998, 117.096194077713, -4.2500000000006));
#1540 = CARTESIAN_POINT ('', (75.3749999999999, 117.096194077713, -4.25000000000099));
#1541 = CARTESIAN_POINT ('', (74.6249999999999, 116.346194077713, -3.00000000000053));
#1542 = CARTESIAN_POINT ('', (74.6249999999999, 117.096194077713, -3.0000000000006));
#1543 = CARTESIAN_POINT ('', (75.3749999999999, 117.096194077713, -3.00000000000099));
#1544 = (
   BOUNDED_SURFACE ()
   B_SPLINE_SURFACE (1, 2, ((#1538, #1539, #1540), (#1541, #1542, #1543)), .UNSPECIFIED., .F., .F., .U.)
   B_SPLINE_SURFACE_WITH_KNOTS ((2, 2), (3, 3), (0., 1.), (13., 14.), .UNSPECIFIED.)
   GEOMETRIC_REPRESENTATION_ITEM ()
   RATIONAL_B_SPLINE_SURFACE (((1., 0.707106781186508, 1.), (1., 0.707106781186508, 1.)))
   REPRESENTATION_ITEM ('')
   SURFACE ()
);
#1545 = ADVANCED_FACE ('', (#1537), #1544, .T.);
#1546 = CARTESIAN_POINT ('', (74.375, 116.346194077713, -4.50000000000016));
#1547 = VERTEX_POINT ('', #1546);
#1548 = CARTESIAN_POINT ('', (74.6249999999999, 116.346194077713, -4.25000000000053));
#1549 = CARTESIAN_POINT ('', (74.375, 116.346194077713, -4.50000000000018));
#1550 = B_SPLINE_CURVE_WITH_KNOTS ('', 1, (#1548, #1549), .UNSPECIFIED., .F., .U., (2, 2), (0., 1.), .UNSPECIFIED.);
#1551 = EDGE_CURVE ('', #1507, #1547, #1550, .T.);
#1552 = ORIENTED_EDGE ('', *, *, #1551, .F.);
#1553 = ORIENTED_EDGE ('', *, *, #1514, .T.);
#1554 = CARTESIAN_POINT ('', (75.3749999999998, 117.346194077712, -4.50000000000056));
#1555 = VERTEX_POINT ('', #1554);
#1556 = CARTESIAN_POINT ('', (75.3749999999999, 117.096194077713, -4.25000000000099));
#1557 = CARTESIAN_POINT ('', (75.3749999999997, 117.346194077713, -4.50000000000149));
#1558 = B_SPLINE_CURVE_WITH_KNOTS ('', 1, (#1556, #1557), .UNSPECIFIED., .F., .U., (2, 2), (0., 1.), .UNSPECIFIED.);
#1559 = EDGE_CURVE ('', #1509, #1555, #1558, .T.);
#1560 = ORIENTED_EDGE ('', *, *, #1559, .T.);
#1561 = CARTESIAN_POINT ('', (74.375, 116.346194077713, -4.50000000000018));
#1562 = CARTESIAN_POINT ('', (74.3750000000001, 117.346194077713, -4.50000000000006));
#1563 = CARTESIAN_POINT ('', (75.3749999999997, 117.346194077713, -4.50000000000149));
#1564 = (
   BOUNDED_CURVE ()
   B_SPLINE_CURVE (2, (#1561, #1562, #1563), .UNSPECIFIED., .F., .U.)
   B_SPLINE_CURVE_WITH_KNOTS ((3, 3), (0., 1.), .UNSPECIFIED.)
   CURVE ()
   GEOMETRIC_REPRESENTATION_ITEM ()
   RATIONAL_B_SPLINE_CURVE ((1., 0.707106781186825, 1.))
   REPRESENTATION_ITEM ('')
);
#1565 = EDGE_CURVE ('', #1547, #1555, #1564, .T.);
#1566 = ORIENTED_EDGE ('', *, *, #1565, .F.);
#1567 = EDGE_LOOP ('', (#1552, #1553, #1560, #1566));
#1568 = FACE_OUTER_BOUND ('', #1567, .T.);
#1569 = CARTESIAN_POINT ('', (74.6249999999999, 116.346194077713, -4.25000000000053));
#1570 = CARTESIAN_POINT ('', (74.375, 116.346194077713, -4.50000000000018));
#1571 = CARTESIAN_POINT ('', (74.6249533873918, 116.405062884212, -4.2500000000005));
#1572 = CARTESIAN_POINT ('', (74.3749378498559, 116.424685819712, -4.50000000000014));
#1573 = CARTESIAN_POINT ('', (74.6355632527722, 116.498018340052, -4.2500000000006));
#1574 = CARTESIAN_POINT ('', (74.3890843370298, 116.548626427498, -4.50000000000023));
#1575 = CARTESIAN_POINT ('', (74.6754454156469, 116.622648220026, -4.25000000000056));
#1576 = CARTESIAN_POINT ('', (74.442260554196, 116.714799600797, -4.50000000000022));
#1577 = CARTESIAN_POINT ('', (74.7186371891399, 116.713821969158, -4.25000000000059));
#1578 = CARTESIAN_POINT ('', (74.4998495855201, 116.836364599639, -4.50000000000033));
#1579 = CARTESIAN_POINT ('', (74.7748339418304, 116.79991591347, -4.25000000000066));
#1580 = CARTESIAN_POINT ('', (74.5747785891073, 116.951156525389, -4.50000000000039));
#1581 = CARTESIAN_POINT ('', (74.8429768446466, 116.878217233066, -4.2500000000007));
#1582 = CARTESIAN_POINT ('', (74.6656357928623, 117.055558284851, -4.50000000000049));
#1583 = CARTESIAN_POINT ('', (74.9212781642428, 116.946360135883, -4.25000000000068));
#1584 = CARTESIAN_POINT ('', (74.7700375523237, 117.146415488606, -4.5000000000006));
#1585 = CARTESIAN_POINT ('', (75.0073721085551, 117.002556888573, -4.25000000000082));
#1586 = CARTESIAN_POINT ('', (74.8848294780735, 117.221344492193, -4.50000000000085));
#1587 = CARTESIAN_POINT ('', (75.098545857687, 117.045748662066, -4.25000000000083));
#1588 = CARTESIAN_POINT ('', (75.0063944769159, 117.278933523517, -4.50000000000096));
#1589 = CARTESIAN_POINT ('', (75.2231757376611, 117.085630824941, -4.25000000000092));
#1590 = CARTESIAN_POINT ('', (75.1725676502147, 117.332109740683, -4.50000000000114));
#1591 = CARTESIAN_POINT ('', (75.316131193501, 117.096240690321, -4.25000000000096));
#1592 = CARTESIAN_POINT ('', (75.2965082580012, 117.346256227857, -4.50000000000141));
#1593 = CARTESIAN_POINT ('', (75.3749999999999, 117.096194077713, -4.25000000000099));
#1594 = CARTESIAN_POINT ('', (75.3749999999997, 117.346194077713, -4.50000000000149));
#1595 = B_SPLINE_SURFACE_WITH_KNOTS ('', 3, 1, ((#1569, #1570), (#1571, #1572), (#1573, #1574), (#1575, #1576), (#1577, #1578), (#1579, #1580), (#1581, #1582), (#1583, #1584), (#1585, #1586), (#1587, #1588), (#1589, #1590), (#1591, #1592), (#1593, #1594)), .UNSPECIFIED., .F., .F., .U., (4, 1, 1, 1, 1, 1, 1, 1, 1, 1, 4), (2, 2), (0., 0.166666666666646, 0.249999999999972, 0.333333333333298, 0.416666666666629, 0.499999999999958, 0.583333333333297, 0.666666666666621, 0.74999999999998, 0.833333333333309, 1.), (0., 1.), .UNSPECIFIED.);
#1596 = ADVANCED_FACE ('', (#1568), #1595, .T.);
#1597 = CARTESIAN_POINT ('', (74.625, 114.846194077713, -4.24999999999959));
#1598 = VERTEX_POINT ('', #1597);
#1599 = CARTESIAN_POINT ('', (74.3749999999999, 114.846194077713, -4.49999999999986));
#1600 = VERTEX_POINT ('', #1599);
#1601 = CARTESIAN_POINT ('', (74.625, 114.846194077713, -4.24999999999959));
#1602 = CARTESIAN_POINT ('', (74.375, 114.846194077713, -4.49999999999958));
#1603 = B_SPLINE_CURVE_WITH_KNOTS ('', 1, (#1601, #1602), .UNSPECIFIED., .F., .U., (2, 2), (0., 1.), .UNSPECIFIED.);
#1604 = EDGE_CURVE ('', #1598, #1600, #1603, .T.);
#1605 = ORIENTED_EDGE ('', *, *, #1604, .F.);
#1606 = CARTESIAN_POINT ('', (74.625, 114.846194077713, -4.24999999999959));
#1607 = CARTESIAN_POINT ('', (74.6249999999999, 116.346194077713, -4.25000000000053));
#1608 = B_SPLINE_CURVE_WITH_KNOTS ('', 1, (#1606, #1607), .UNSPECIFIED., .F., .U., (2, 2), (12., 13.), .UNSPECIFIED.);
#1609 = EDGE_CURVE ('', #1598, #1507, #1608, .T.);
#1610 = ORIENTED_EDGE ('', *, *, #1609, .T.);
#1611 = ORIENTED_EDGE ('', *, *, #1551, .T.);
#1612 = CARTESIAN_POINT ('', (74.375, 114.846194077713, -4.49999999999958));
#1613 = CARTESIAN_POINT ('', (74.3749999999998, 116.346194077713, -4.5000000000005));
#1614 = B_SPLINE_CURVE_WITH_KNOTS ('', 1, (#1612, #1613), .UNSPECIFIED., .F., .U., (2, 2), (0., 1.), .UNSPECIFIED.);
#1615 = EDGE_CURVE ('', #1600, #1547, #1614, .T.);
#1616 = ORIENTED_EDGE ('', *, *, #1615, .F.);
#1617 = EDGE_LOOP ('', (#1605, #1610, #1611, #1616));
#1618 = FACE_OUTER_BOUND ('', #1617, .T.);
#1619 = CARTESIAN_POINT ('', (74.625, 114.846194077713, -4.24999999999959));
#1620 = CARTESIAN_POINT ('', (74.375, 114.846194077713, -4.49999999999958));
#1621 = CARTESIAN_POINT ('', (74.6249999999999, 115.346194077713, -4.24999999999992));
#1622 = CARTESIAN_POINT ('', (74.3749999999999, 115.346194077713, -4.49999999999989));
#1623 = CARTESIAN_POINT ('', (74.6249999999999, 115.846194077713, -4.25000000000021));
#1624 = CARTESIAN_POINT ('', (74.3749999999999, 115.846194077713, -4.50000000000021));
#1625 = CARTESIAN_POINT ('', (74.6249999999999, 116.346194077713, -4.25000000000053));
#1626 = CARTESIAN_POINT ('', (74.3749999999998, 116.346194077713, -4.5000000000005));
#1627 = B_SPLINE_SURFACE_WITH_KNOTS ('', 3, 1, ((#1619, #1620), (#1621, #1622), (#1623, #1624), (#1625, #1626)), .UNSPECIFIED., .F., .F., .U., (4, 4), (2, 2), (0., 1.), (0., 1.), .UNSPECIFIED.);
#1628 = ADVANCED_FACE ('', (#1618), #1627, .T.);
#1629 = CARTESIAN_POINT ('', (75.3749999999999, 114.096194077713, -4.24999999999979));
#1630 = VERTEX_POINT ('', #1629);
#1631 = CARTESIAN_POINT ('', (75.3749999999999, 113.846194077713, -4.49999999999984));
#1632 = VERTEX_POINT ('', #1631);
#1633 = CARTESIAN_POINT ('', (75.3749999999999, 114.096194077713, -4.24999999999979));
#1634 = CARTESIAN_POINT ('', (75.3749999999999, 113.846194077713, -4.49999999999974));
#1635 = B_SPLINE_CURVE_WITH_KNOTS ('', 1, (#1633, #1634), .UNSPECIFIED., .F., .U., (2, 2), (0., 1.), .UNSPECIFIED.);
#1636 = EDGE_CURVE ('', #1630, #1632, #1635, .T.);
#1637 = ORIENTED_EDGE ('', *, *, #1636, .F.);
#1638 = CARTESIAN_POINT ('', (75.3749999999999, 114.096194077713, -4.24999999999979));
#1639 = CARTESIAN_POINT ('', (74.6249999999998, 114.096194077713, -4.24999999999982));
#1640 = CARTESIAN_POINT ('', (74.625, 114.846194077713, -4.24999999999959));
#1641 = (
   BOUNDED_CURVE ()
   B_SPLINE_CURVE (2, (#1638, #1639, #1640), .UNSPECIFIED., .F., .U.)
   B_SPLINE_CURVE_WITH_KNOTS ((3, 3), (11., 12.), .UNSPECIFIED.)
   CURVE ()
   GEOMETRIC_REPRESENTATION_ITEM ()
   RATIONAL_B_SPLINE_CURVE ((1., 0.707106781186481, 1.))
   REPRESENTATION_ITEM ('')
);
#1642 = EDGE_CURVE ('', #1630, #1598, #1641, .T.);
#1643 = ORIENTED_EDGE ('', *, *, #1642, .T.);
#1644 = ORIENTED_EDGE ('', *, *, #1604, .T.);
#1645 = CARTESIAN_POINT ('', (75.3749999999999, 113.846194077713, -4.49999999999974));
#1646 = CARTESIAN_POINT ('', (74.3749999999999, 113.846194077713, -4.49999999999967));
#1647 = CARTESIAN_POINT ('', (74.3749999999999, 114.846194077713, -4.49999999999986));
#1648 = (
   BOUNDED_CURVE ()
   B_SPLINE_CURVE (2, (#1645, #1646, #1647), .UNSPECIFIED., .F., .U.)
   B_SPLINE_CURVE_WITH_KNOTS ((3, 3), (0., 1.), .UNSPECIFIED.)
   CURVE ()
   GEOMETRIC_REPRESENTATION_ITEM ()
   RATIONAL_B_SPLINE_CURVE ((1., 0.707106781186548, 1.))
   REPRESENTATION_ITEM ('')
);
#1649 = EDGE_CURVE ('', #1632, #1600, #1648, .T.);
#1650 = ORIENTED_EDGE ('', *, *, #1649, .F.);
#1651 = EDGE_LOOP ('', (#1637, #1643, #1644, #1650));
#1652 = FACE_OUTER_BOUND ('', #1651, .T.);
#1653 = CARTESIAN_POINT ('', (75.3749999999999, 114.096194077713, -4.24999999999979));
#1654 = CARTESIAN_POINT ('', (75.3749999999999, 113.846194077713, -4.49999999999974));
#1655 = CARTESIAN_POINT ('', (75.316131193501, 114.096147465105, -4.24999999999984));
#1656 = CARTESIAN_POINT ('', (75.2965082580015, 113.846131927569, -4.49999999999972));
#1657 = CARTESIAN_POINT ('', (75.2231757376611, 114.106757330486, -4.24999999999974));
#1658 = CARTESIAN_POINT ('', (75.1725676502147, 113.860278414743, -4.49999999999972));
#1659 = CARTESIAN_POINT ('', (75.0985458576871, 114.14663949336, -4.24999999999982));
#1660 = CARTESIAN_POINT ('', (75.0063944769161, 113.913454631909, -4.49999999999974));
#1661 = CARTESIAN_POINT ('', (75.0073721085551, 114.189831266853, -4.24999999999977));
#1662 = CARTESIAN_POINT ('', (74.8848294780735, 113.971043663233, -4.49999999999974));
#1663 = CARTESIAN_POINT ('', (74.9212781642428, 114.246028019544, -4.24999999999978));
#1664 = CARTESIAN_POINT ('', (74.7700375523238, 114.04597266682, -4.49999999999972));
#1665 = CARTESIAN_POINT ('', (74.8429768446467, 114.31417092236, -4.24999999999972));
#1666 = CARTESIAN_POINT ('', (74.6656357928622, 114.136829870575, -4.49999999999977));
#1667 = CARTESIAN_POINT ('', (74.7748339418305, 114.392472241956, -4.24999999999974));
#1668 = CARTESIAN_POINT ('', (74.5747785891073, 114.241231630037, -4.49999999999974));
#1669 = CARTESIAN_POINT ('', (74.71863718914, 114.478566186268, -4.24999999999969));
#1670 = CARTESIAN_POINT ('', (74.49984958552, 114.356023555787, -4.49999999999975));
#1671 = CARTESIAN_POINT ('', (74.6754454156469, 114.5697399354, -4.24999999999968));
#1672 = CARTESIAN_POINT ('', (74.4422605541959, 114.477588554629, -4.49999999999984));
#1673 = CARTESIAN_POINT ('', (74.6355632527724, 114.694369815374, -4.24999999999962));
#1674 = CARTESIAN_POINT ('', (74.3890843370297, 114.643761727928, -4.49999999999975));
#1675 = CARTESIAN_POINT ('', (74.6249533873918, 114.787325271214, -4.24999999999964));
#1676 = CARTESIAN_POINT ('', (74.3749378498557, 114.767702335715, -4.49999999999988));
#1677 = CARTESIAN_POINT ('', (74.625, 114.846194077713, -4.24999999999959));
#1678 = CARTESIAN_POINT ('', (74.3749999999999, 114.846194077713, -4.49999999999986));
#1679 = B_SPLINE_SURFACE_WITH_KNOTS ('', 3, 1, ((#1653, #1654), (#1655, #1656), (#1657, #1658), (#1659, #1660), (#1661, #1662), (#1663, #1664), (#1665, #1666), (#1667, #1668), (#1669, #1670), (#1671, #1672), (#1673, #1674), (#1675, #1676), (#1677, #1678)), .UNSPECIFIED., .F., .F., .U., (4, 1, 1, 1, 1, 1, 1, 1, 1, 1, 4), (2, 2), (0., 0.166666666666646, 0.249999999999999, 0.333333333333319, 0.41666666666666, 0.499999999999983, 0.583333333333317, 0.666666666666657, 0.749999999999988, 0.833333333333324, 1.), (0., 1.), .UNSPECIFIED.);
#1680 = ADVANCED_FACE ('', (#1652), #1679, .T.);
#1681 = CARTESIAN_POINT ('', (75.5000000000001, 113.846194077713, -4.49999999999983));
#1682 = VERTEX_POINT ('', #1681);
#1683 = CARTESIAN_POINT ('', (75.3749999999999, 113.846194077713, -4.49999999999984));
#1684 = CARTESIAN_POINT ('', (75.4166666666666, 113.846194077713, -4.49999999999984));
#1685 = CARTESIAN_POINT ('', (75.4583333333334, 113.846194077713, -4.49999999999984));
#1686 = CARTESIAN_POINT ('', (75.5000000000001, 113.846194077713, -4.49999999999984));
#1687 = B_SPLINE_CURVE_WITH_KNOTS ('', 3, (#1683, #1684, #1685, #1686), .UNSPECIFIED., .F., .U., (4, 4), (0., 0.125000000000188), .UNSPECIFIED.);
#1688 = EDGE_CURVE ('', #1632, #1682, #1687, .T.);
#1689 = ORIENTED_EDGE ('', *, *, #1688, .T.);
#1690 = CARTESIAN_POINT ('', (75.5000000000001, 114.096194077713, -4.24999999999984));
#1691 = VERTEX_POINT ('', #1690);
#1692 = CARTESIAN_POINT ('', (75.5000000000001, 113.846194077713, -4.49999999999978));
#1693 = CARTESIAN_POINT ('', (75.5000000000001, 113.929527411047, -4.41666666666646));
#1694 = CARTESIAN_POINT ('', (75.5000000000001, 114.01286074438, -4.33333333333315));
#1695 = CARTESIAN_POINT ('', (75.5000000000001, 114.096194077713, -4.24999999999984));
#1696 = B_SPLINE_CURVE_WITH_KNOTS ('', 3, (#1692, #1693, #1694, #1695), .UNSPECIFIED., .F., .U., (4, 4), (0., 0.353553390593265), .UNSPECIFIED.);
#1697 = EDGE_CURVE ('', #1682, #1691, #1696, .T.);
#1698 = ORIENTED_EDGE ('', *, *, #1697, .T.);
#1699 = CARTESIAN_POINT ('', (75.5000000000001, 114.096194077713, -4.24999999999984));
#1700 = CARTESIAN_POINT ('', (75.3749999999999, 114.096194077713, -4.24999999999979));
#1701 = B_SPLINE_CURVE_WITH_KNOTS ('', 1, (#1699, #1700), .UNSPECIFIED., .F., .U., (2, 2), (10.9285714285713, 11.), .UNSPECIFIED.);
#1702 = EDGE_CURVE ('', #1691, #1630, #1701, .T.);
#1703 = ORIENTED_EDGE ('', *, *, #1702, .T.);
#1704 = ORIENTED_EDGE ('', *, *, #1636, .T.);
#1705 = EDGE_LOOP ('', (#1689, #1698, #1703, #1704));
#1706 = FACE_OUTER_BOUND ('', #1705, .T.);
#1707 = CARTESIAN_POINT ('', (75.5000000000001, 114.096194077713, -4.24999999999984));
#1708 = CARTESIAN_POINT ('', (75.5000000000001, 113.846194077713, -4.49999999999978));
#1709 = CARTESIAN_POINT ('', (75.4583333333334, 114.096194077713, -4.24999999999982));
#1710 = CARTESIAN_POINT ('', (75.4583333333334, 113.846194077713, -4.49999999999977));
#1711 = CARTESIAN_POINT ('', (75.4166666666666, 114.096194077713, -4.24999999999981));
#1712 = CARTESIAN_POINT ('', (75.4166666666666, 113.846194077713, -4.49999999999975));
#1713 = CARTESIAN_POINT ('', (75.3749999999999, 114.096194077713, -4.24999999999979));
#1714 = CARTESIAN_POINT ('', (75.3749999999999, 113.846194077713, -4.49999999999974));
#1715 = B_SPLINE_SURFACE_WITH_KNOTS ('', 3, 1, ((#1707, #1708), (#1709, #1710), (#1711, #1712), (#1713, #1714)), .UNSPECIFIED., .F., .F., .U., (4, 4), (2, 2), (0.928571428571319, 1.), (0., 1.), .UNSPECIFIED.);
#1716 = ADVANCED_FACE ('', (#1706), #1715, .T.);
#1717 = CARTESIAN_POINT ('', (77.1249999999999, 114.096194077713, -4.25000000000046));
#1718 = VERTEX_POINT ('', #1717);
#1719 = CARTESIAN_POINT ('', (77.1249999999999, 114.096194077713, -3.00000000000046));
#1720 = VERTEX_POINT ('', #1719);
#1721 = CARTESIAN_POINT ('', (77.1249999999999, 114.096194077713, -4.25000000000046));
#1722 = CARTESIAN_POINT ('', (77.1249999999999, 114.096194077714, -3.00000000000046));
#1723 = B_SPLINE_CURVE_WITH_KNOTS ('', 1, (#1721, #1722), .UNSPECIFIED., .F., .U., (2, 2), (0., 1.), .UNSPECIFIED.);
#1724 = EDGE_CURVE ('', #1718, #1720, #1723, .T.);
#1725 = ORIENTED_EDGE ('', *, *, #1724, .T.);
#1726 = CARTESIAN_POINT ('', (77.125, 114.096194077714, -2.50000000000046));
#1727 = VERTEX_POINT ('', #1726);
#1728 = CARTESIAN_POINT ('', (77.1249999999999, 114.096194077714, -3.00000000000046));
#1729 = CARTESIAN_POINT ('', (77.125, 114.096194077714, -2.50000000000046));
#1730 = B_SPLINE_CURVE_WITH_KNOTS ('', 1, (#1728, #1729), .UNSPECIFIED., .F., .U., (2, 2), (0., 1.), .UNSPECIFIED.);
#1731 = EDGE_CURVE ('', #1720, #1727, #1730, .T.);
#1732 = ORIENTED_EDGE ('', *, *, #1731, .T.);
#1733 = CARTESIAN_POINT ('', (75.375, 114.096194077714, -2.49999999999979));
#1734 = VERTEX_POINT ('', #1733);
#1735 = CARTESIAN_POINT ('', (77.125, 114.096194077714, -2.50000000000046));
#1736 = CARTESIAN_POINT ('', (75.375, 114.096194077714, -2.49999999999979));
#1737 = B_SPLINE_CURVE_WITH_KNOTS ('', 1, (#1735, #1736), .UNSPECIFIED., .F., .U., (2, 2), (10., 11.), .UNSPECIFIED.);
#1738 = EDGE_CURVE ('', #1727, #1734, #1737, .T.);
#1739 = ORIENTED_EDGE ('', *, *, #1738, .T.);
#1740 = CARTESIAN_POINT ('', (75.375, 114.096194077713, -2.99999999999979));
#1741 = VERTEX_POINT ('', #1740);
#1742 = CARTESIAN_POINT ('', (75.375, 114.096194077713, -2.99999999999979));
#1743 = CARTESIAN_POINT ('', (75.375, 114.096194077714, -2.49999999999979));
#1744 = B_SPLINE_CURVE_WITH_KNOTS ('', 1, (#1742, #1743), .UNSPECIFIED., .F., .U., (2, 2), (0., 1.), .UNSPECIFIED.);
#1745 = EDGE_CURVE ('', #1741, #1734, #1744, .T.);
#1746 = ORIENTED_EDGE ('', *, *, #1745, .F.);
#1747 = CARTESIAN_POINT ('', (75.3749999999999, 114.096194077713, -4.24999999999979));
#1748 = CARTESIAN_POINT ('', (75.375, 114.096194077713, -2.99999999999979));
#1749 = B_SPLINE_CURVE_WITH_KNOTS ('', 1, (#1747, #1748), .UNSPECIFIED., .F., .U., (2, 2), (0., 1.), .UNSPECIFIED.);
#1750 = EDGE_CURVE ('', #1630, #1741, #1749, .T.);
#1751 = ORIENTED_EDGE ('', *, *, #1750, .F.);
#1752 = ORIENTED_EDGE ('', *, *, #1702, .F.);
#1753 = CARTESIAN_POINT ('', (75.5000000000001, 114.096194077713, -3.50000000000011));
#1754 = VERTEX_POINT ('', #1753);
#1755 = CARTESIAN_POINT ('', (75.5000000000001, 114.096194077713, -3.50000000000011));
#1756 = CARTESIAN_POINT ('', (75.5000000000001, 114.096194077713, -4.24999999999436));
#1757 = B_SPLINE_CURVE_WITH_KNOTS ('', 1, (#1755, #1756), .UNSPECIFIED., .F., .U., (2, 2), (0., 1.), .UNSPECIFIED.);
#1758 = EDGE_CURVE ('', #1754, #1691, #1757, .T.);
#1759 = ORIENTED_EDGE ('', *, *, #1758, .F.);
#1760 = CARTESIAN_POINT ('', (77.0000000000001, 114.096194077713, -3.50000000000011));
#1761 = VERTEX_POINT ('', #1760);
#1762 = CARTESIAN_POINT ('', (75.5000000000001, 114.096194077713, -3.50000000000011));
#1763 = CARTESIAN_POINT ('', (77.0000000000001, 114.096194077713, -3.50000000000011));
#1764 = B_SPLINE_CURVE_WITH_KNOTS ('', 1, (#1762, #1763), .UNSPECIFIED., .F., .U., (2, 2), (0., 1.), .UNSPECIFIED.);
#1765 = EDGE_CURVE ('', #1754, #1761, #1764, .T.);
#1766 = ORIENTED_EDGE ('', *, *, #1765, .T.);
#1767 = CARTESIAN_POINT ('', (77.0000000000001, 114.096194077713, -4.25000000000041));
#1768 = VERTEX_POINT ('', #1767);
#1769 = CARTESIAN_POINT ('', (77.0000000000001, 114.096194077713, -3.50000000000011));
#1770 = CARTESIAN_POINT ('', (77.0000000000001, 114.096194077713, -4.24999999999493));
#1771 = B_SPLINE_CURVE_WITH_KNOTS ('', 1, (#1769, #1770), .UNSPECIFIED., .F., .U., (2, 2), (0., 1.), .UNSPECIFIED.);
#1772 = EDGE_CURVE ('', #1761, #1768, #1771, .T.);
#1773 = ORIENTED_EDGE ('', *, *, #1772, .T.);
#1774 = CARTESIAN_POINT ('', (77.1249999999999, 114.096194077713, -4.25000000000046));
#1775 = CARTESIAN_POINT ('', (77.0000000000001, 114.096194077713, -4.25000000000041));
#1776 = B_SPLINE_CURVE_WITH_KNOTS ('', 1, (#1774, #1775), .UNSPECIFIED., .F., .U., (2, 2), (10., 10.0714285714284), .UNSPECIFIED.);
#1777 = EDGE_CURVE ('', #1718, #1768, #1776, .T.);
#1778 = ORIENTED_EDGE ('', *, *, #1777, .F.);
#1779 = EDGE_LOOP ('', (#1725, #1732, #1739, #1746, #1751, #1752, #1759, #1766, #1773, #1778));
#1780 = FACE_OUTER_BOUND ('', #1779, .T.);
#1781 = CARTESIAN_POINT ('', (77.1249999999999, 114.096194077713, -4.25000000000046));
#1782 = CARTESIAN_POINT ('', (75.3749999999994, 114.096194077713, -4.24999999999979));
#1783 = CARTESIAN_POINT ('', (77.125, 114.096194077714, -2.49999999999443));
#1784 = CARTESIAN_POINT ('', (75.3749999999995, 114.096194077714, -2.49999999999376));
#1785 = B_SPLINE_SURFACE_WITH_KNOTS ('', 1, 1, ((#1781, #1782), (#1783, #1784)), .UNSPECIFIED., .F., .F., .U., (2, 2), (2, 2), (0., 1.40000000000483), (10., 11.0000000000003), .UNSPECIFIED.);
#1786 = ADVANCED_FACE ('', (#1780), #1785, .T.);
#1787 = CARTESIAN_POINT ('', (77.8749999999999, 114.846194077713, -4.25000000000019));
#1788 = VERTEX_POINT ('', #1787);
#1789 = CARTESIAN_POINT ('', (77.8749999999999, 114.846194077713, -4.25000000000019));
#1790 = CARTESIAN_POINT ('', (77.8749999999999, 114.096194077713, -4.24999999999988));
#1791 = CARTESIAN_POINT ('', (77.1249999999999, 114.096194077713, -4.25000000000046));
#1792 = (
   BOUNDED_CURVE ()
   B_SPLINE_CURVE (2, (#1789, #1790, #1791), .UNSPECIFIED., .F., .U.)
   B_SPLINE_CURVE_WITH_KNOTS ((3, 3), (9., 10.), .UNSPECIFIED.)
   CURVE ()
   GEOMETRIC_REPRESENTATION_ITEM ()
   RATIONAL_B_SPLINE_CURVE ((1., 0.707106781186508, 1.))
   REPRESENTATION_ITEM ('')
);
#1793 = EDGE_CURVE ('', #1788, #1718, #1792, .T.);
#1794 = ORIENTED_EDGE ('', *, *, #1793, .F.);
#1795 = CARTESIAN_POINT ('', (77.8749999999999, 114.846194077713, -3.00000000000019));
#1796 = VERTEX_POINT ('', #1795);
#1797 = CARTESIAN_POINT ('', (77.8749999999999, 114.846194077713, -4.25000000000019));
#1798 = CARTESIAN_POINT ('', (77.8749999999999, 114.846194077713, -3.00000000000019));
#1799 = B_SPLINE_CURVE_WITH_KNOTS ('', 1, (#1797, #1798), .UNSPECIFIED., .F., .U., (2, 2), (0., 1.), .UNSPECIFIED.);
#1800 = EDGE_CURVE ('', #1788, #1796, #1799, .T.);
#1801 = ORIENTED_EDGE ('', *, *, #1800, .T.);
#1802 = CARTESIAN_POINT ('', (77.8749999999999, 114.846194077713, -3.00000000000019));
#1803 = CARTESIAN_POINT ('', (77.875, 114.096194077713, -2.99999999999985));
#1804 = CARTESIAN_POINT ('', (77.1249999999999, 114.096194077714, -3.00000000000046));
#1805 = (
   BOUNDED_CURVE ()
   B_SPLINE_CURVE (2, (#1802, #1803, #1804), .UNSPECIFIED., .F., .U.)
   B_SPLINE_CURVE_WITH_KNOTS ((3, 3), (9., 10.), .UNSPECIFIED.)
   CURVE ()
   GEOMETRIC_REPRESENTATION_ITEM ()
   RATIONAL_B_SPLINE_CURVE ((1., 0.707106781186508, 1.))
   REPRESENTATION_ITEM ('')
);
#1806 = EDGE_CURVE ('', #1796, #1720, #1805, .T.);
#1807 = ORIENTED_EDGE ('', *, *, #1806, .T.);
#1808 = ORIENTED_EDGE ('', *, *, #1724, .F.);
#1809 = EDGE_LOOP ('', (#1794, #1801, #1807, #1808));
#1810 = FACE_OUTER_BOUND ('', #1809, .T.);
#1811 = CARTESIAN_POINT ('', (77.8749999999999, 114.846194077713, -4.25000000000019));
#1812 = CARTESIAN_POINT ('', (77.8749999999999, 114.096194077713, -4.24999999999988));
#1813 = CARTESIAN_POINT ('', (77.1249999999999, 114.096194077713, -4.25000000000046));
#1814 = CARTESIAN_POINT ('', (77.8749999999999, 114.846194077713, -3.00000000000019));
#1815 = CARTESIAN_POINT ('', (77.875, 114.096194077713, -2.99999999999985));
#1816 = CARTESIAN_POINT ('', (77.1249999999999, 114.096194077714, -3.00000000000046));
#1817 = (
   BOUNDED_SURFACE ()
   B_SPLINE_SURFACE (1, 2, ((#1811, #1812, #1813), (#1814, #1815, #1816)), .UNSPECIFIED., .F., .F., .U.)
   B_SPLINE_SURFACE_WITH_KNOTS ((2, 2), (3, 3), (0., 1.), (9., 10.), .UNSPECIFIED.)
   GEOMETRIC_REPRESENTATION_ITEM ()
   RATIONAL_B_SPLINE_SURFACE (((1., 0.707106781186508, 1.), (1., 0.707106781186508, 1.)))
   REPRESENTATION_ITEM ('')
   SURFACE ()
);
#1818 = ADVANCED_FACE ('', (#1810), #1817, .T.);
#1819 = CARTESIAN_POINT ('', (78.1249999999998, 114.846194077713, -4.50000000000021));
#1820 = VERTEX_POINT ('', #1819);
#1821 = CARTESIAN_POINT ('', (77.8749999999999, 114.846194077713, -4.25000000000019));
#1822 = CARTESIAN_POINT ('', (78.1249999999998, 114.846194077713, -4.49999999999992));
#1823 = B_SPLINE_CURVE_WITH_KNOTS ('', 1, (#1821, #1822), .UNSPECIFIED., .F., .U., (2, 2), (0., 1.), .UNSPECIFIED.);
#1824 = EDGE_CURVE ('', #1788, #1820, #1823, .T.);
#1825 = ORIENTED_EDGE ('', *, *, #1824, .F.);
#1826 = ORIENTED_EDGE ('', *, *, #1793, .T.);
#1827 = CARTESIAN_POINT ('', (77.1249999999999, 113.846194077713, -4.49999999999991));
#1828 = VERTEX_POINT ('', #1827);
#1829 = CARTESIAN_POINT ('', (77.1249999999999, 114.096194077713, -4.25000000000046));
#1830 = CARTESIAN_POINT ('', (77.1249999999999, 113.846194077713, -4.50000000000041));
#1831 = B_SPLINE_CURVE_WITH_KNOTS ('', 1, (#1829, #1830), .UNSPECIFIED., .F., .U., (2, 2), (0., 1.), .UNSPECIFIED.);
#1832 = EDGE_CURVE ('', #1718, #1828, #1831, .T.);
#1833 = ORIENTED_EDGE ('', *, *, #1832, .T.);
#1834 = CARTESIAN_POINT ('', (78.1249999999998, 114.846194077713, -4.49999999999992));
#1835 = CARTESIAN_POINT ('', (78.1249999999998, 113.846194077713, -4.49999999999945));
#1836 = CARTESIAN_POINT ('', (77.1249999999998, 113.846194077713, -4.50000000000049));
#1837 = (
   BOUNDED_CURVE ()
   B_SPLINE_CURVE (2, (#1834, #1835, #1836), .UNSPECIFIED., .F., .U.)
   B_SPLINE_CURVE_WITH_KNOTS ((3, 3), (0., 1.), .UNSPECIFIED.)
   CURVE ()
   GEOMETRIC_REPRESENTATION_ITEM ()
   RATIONAL_B_SPLINE_CURVE ((1., 0.70710678118652, 1.))
   REPRESENTATION_ITEM ('')
);
#1838 = EDGE_CURVE ('', #1820, #1828, #1837, .T.);
#1839 = ORIENTED_EDGE ('', *, *, #1838, .F.);
#1840 = EDGE_LOOP ('', (#1825, #1826, #1833, #1839));
#1841 = FACE_OUTER_BOUND ('', #1840, .T.);
#1842 = CARTESIAN_POINT ('', (77.8749999999999, 114.846194077713, -4.25000000000019));
#1843 = CARTESIAN_POINT ('', (78.1249999999998, 114.846194077713, -4.49999999999992));
#1844 = CARTESIAN_POINT ('', (77.8750466126079, 114.787325271214, -4.25000000000016));
#1845 = CARTESIAN_POINT ('', (78.125062150144, 114.767702335715, -4.49999999999989));
#1846 = CARTESIAN_POINT ('', (77.8644367472275, 114.694369815374, -4.25000000000014));
#1847 = CARTESIAN_POINT ('', (78.11091566297, 114.643761727928, -4.49999999999981));
#1848 = CARTESIAN_POINT ('', (77.8245545843529, 114.5697399354, -4.25000000000011));
#1849 = CARTESIAN_POINT ('', (78.0577394458039, 114.477588554629, -4.49999999999981));
#1850 = CARTESIAN_POINT ('', (77.7813628108598, 114.478566186268, -4.25000000000009));
#1851 = CARTESIAN_POINT ('', (78.0001504144798, 114.356023555787, -4.49999999999979));
#1852 = CARTESIAN_POINT ('', (77.7251660581693, 114.392472241956, -4.25000000000008));
#1853 = CARTESIAN_POINT ('', (77.9252214108924, 114.241231630037, -4.49999999999982));
#1854 = CARTESIAN_POINT ('', (77.6570231553531, 114.31417092236, -4.25000000000016));
#1855 = CARTESIAN_POINT ('', (77.8343642071375, 114.136829870575, -4.49999999999989));
#1856 = CARTESIAN_POINT ('', (77.5787218357569, 114.246028019544, -4.25000000000016));
#1857 = CARTESIAN_POINT ('', (77.7299624476759, 114.045972666821, -4.49999999999996));
#1858 = CARTESIAN_POINT ('', (77.4926278914446, 114.189831266853, -4.25000000000022));
#1859 = CARTESIAN_POINT ('', (77.6151705219262, 113.971043663233, -4.50000000000004));
#1860 = CARTESIAN_POINT ('', (77.4014541423127, 114.14663949336, -4.25000000000031));
#1861 = CARTESIAN_POINT ('', (77.4936055230836, 113.913454631909, -4.50000000000014));
#1862 = CARTESIAN_POINT ('', (77.2768242623387, 114.106757330486, -4.25000000000028));
#1863 = CARTESIAN_POINT ('', (77.327432349785, 113.860278414743, -4.50000000000029));
#1864 = CARTESIAN_POINT ('', (77.1838688064987, 114.096147465105, -4.25000000000042));
#1865 = CARTESIAN_POINT ('', (77.2034917419982, 113.846131927569, -4.50000000000038));
#1866 = CARTESIAN_POINT ('', (77.1249999999999, 114.096194077713, -4.25000000000046));
#1867 = CARTESIAN_POINT ('', (77.1249999999998, 113.846194077713, -4.50000000000049));
#1868 = B_SPLINE_SURFACE_WITH_KNOTS ('', 3, 1, ((#1842, #1843), (#1844, #1845), (#1846, #1847), (#1848, #1849), (#1850, #1851), (#1852, #1853), (#1854, #1855), (#1856, #1857), (#1858, #1859), (#1860, #1861), (#1862, #1863), (#1864, #1865), (#1866, #1867)), .UNSPECIFIED., .F., .F., .U., (4, 1, 1, 1, 1, 1, 1, 1, 1, 1, 4), (2, 2), (0., 0.166666666666665, 0.250000000000001, 0.333333333333332, 0.416666666666667, 0.499999999999997, 0.583333333333334, 0.666666666666666, 0.749999999999987, 0.83333333333333, 1.), (0., 1.), .UNSPECIFIED.);
#1869 = ADVANCED_FACE ('', (#1841), #1868, .T.);
#1870 = CARTESIAN_POINT ('', (77.8749999999998, 116.346194077713, -4.2500000000005));
#1871 = VERTEX_POINT ('', #1870);
#1872 = CARTESIAN_POINT ('', (78.1249999999998, 116.346194077713, -4.49999999999992));
#1873 = VERTEX_POINT ('', #1872);
#1874 = CARTESIAN_POINT ('', (77.8749999999998, 116.346194077713, -4.25000000000052));
#1875 = CARTESIAN_POINT ('', (78.1249999999998, 116.346194077713, -4.50000000000053));
#1876 = B_SPLINE_CURVE_WITH_KNOTS ('', 1, (#1874, #1875), .UNSPECIFIED., .F., .U., (2, 2), (0., 1.), .UNSPECIFIED.);
#1877 = EDGE_CURVE ('', #1871, #1873, #1876, .T.);
#1878 = ORIENTED_EDGE ('', *, *, #1877, .F.);
#1879 = CARTESIAN_POINT ('', (77.8749999999998, 116.346194077713, -4.25000000000052));
#1880 = CARTESIAN_POINT ('', (77.8749999999999, 114.846194077713, -4.25000000000019));
#1881 = B_SPLINE_CURVE_WITH_KNOTS ('', 1, (#1879, #1880), .UNSPECIFIED., .F., .U., (2, 2), (8., 9.), .UNSPECIFIED.);
#1882 = EDGE_CURVE ('', #1871, #1788, #1881, .T.);
#1883 = ORIENTED_EDGE ('', *, *, #1882, .T.);
#1884 = ORIENTED_EDGE ('', *, *, #1824, .T.);
#1885 = CARTESIAN_POINT ('', (78.1249999999998, 116.346194077713, -4.50000000000053));
#1886 = CARTESIAN_POINT ('', (78.1249999999999, 115.846194077713, -4.50000000000031));
#1887 = CARTESIAN_POINT ('', (78.1249999999998, 115.346194077713, -4.50000000000038));
#1888 = CARTESIAN_POINT ('', (78.1249999999998, 114.846194077713, -4.50000000000021));
#1889 = B_SPLINE_CURVE_WITH_KNOTS ('', 3, (#1885, #1886, #1887, #1888), .UNSPECIFIED., .F., .U., (4, 4), (0., 1.), .UNSPECIFIED.);
#1890 = EDGE_CURVE ('', #1873, #1820, #1889, .T.);
#1891 = ORIENTED_EDGE ('', *, *, #1890, .F.);
#1892 = EDGE_LOOP ('', (#1878, #1883, #1884, #1891));
#1893 = FACE_OUTER_BOUND ('', #1892, .T.);
#1894 = CARTESIAN_POINT ('', (77.8749999999998, 116.346194077713, -4.25000000000052));
#1895 = CARTESIAN_POINT ('', (78.1249999999998, 116.346194077713, -4.50000000000053));
#1896 = CARTESIAN_POINT ('', (77.8749999999999, 115.846194077713, -4.25000000000035));
#1897 = CARTESIAN_POINT ('', (78.1249999999999, 115.846194077713, -4.50000000000031));
#1898 = CARTESIAN_POINT ('', (77.8749999999998, 115.346194077713, -4.25000000000033));
#1899 = CARTESIAN_POINT ('', (78.1249999999998, 115.346194077713, -4.50000000000038));
#1900 = CARTESIAN_POINT ('', (77.8749999999999, 114.846194077713, -4.25000000000019));
#1901 = CARTESIAN_POINT ('', (78.1249999999998, 114.846194077713, -4.50000000000021));
#1902 = B_SPLINE_SURFACE_WITH_KNOTS ('', 3, 1, ((#1894, #1895), (#1896, #1897), (#1898, #1899), (#1900, #1901)), .UNSPECIFIED., .F., .F., .U., (4, 4), (2, 2), (0., 1.), (0., 1.), .UNSPECIFIED.);
#1903 = ADVANCED_FACE ('', (#1893), #1902, .T.);
#1904 = CARTESIAN_POINT ('', (77.1249999999998, 117.096194077713, -4.25000000000053));
#1905 = VERTEX_POINT ('', #1904);
#1906 = CARTESIAN_POINT ('', (77.1249999999998, 117.346194077713, -4.50000000000053));
#1907 = VERTEX_POINT ('', #1906);
#1908 = CARTESIAN_POINT ('', (77.1249999999998, 117.096194077713, -4.25000000000055));
#1909 = CARTESIAN_POINT ('', (77.1249999999998, 117.346194077713, -4.50000000000059));
#1910 = B_SPLINE_CURVE_WITH_KNOTS ('', 1, (#1908, #1909), .UNSPECIFIED., .F., .U., (2, 2), (0., 1.), .UNSPECIFIED.);
#1911 = EDGE_CURVE ('', #1905, #1907, #1910, .T.);
#1912 = ORIENTED_EDGE ('', *, *, #1911, .F.);
#1913 = CARTESIAN_POINT ('', (77.1249999999998, 117.096194077713, -4.25000000000055));
#1914 = CARTESIAN_POINT ('', (77.8749999999998, 117.096194077713, -4.25000000000046));
#1915 = CARTESIAN_POINT ('', (77.8749999999998, 116.346194077713, -4.25000000000052));
#1916 = (
   BOUNDED_CURVE ()
   B_SPLINE_CURVE (2, (#1913, #1914, #1915), .UNSPECIFIED., .F., .U.)
   B_SPLINE_CURVE_WITH_KNOTS ((3, 3), (15., 16.), .UNSPECIFIED.)
   CURVE ()
   GEOMETRIC_REPRESENTATION_ITEM ()
   RATIONAL_B_SPLINE_CURVE ((1., 0.707106781186552, 1.))
   REPRESENTATION_ITEM ('')
);
#1917 = EDGE_CURVE ('', #1905, #1871, #1916, .T.);
#1918 = ORIENTED_EDGE ('', *, *, #1917, .T.);
#1919 = ORIENTED_EDGE ('', *, *, #1877, .T.);
#1920 = CARTESIAN_POINT ('', (77.1249999999998, 117.346194077713, -4.50000000000076));
#1921 = CARTESIAN_POINT ('', (78.1249999999998, 117.346194077713, -4.50000000000082));
#1922 = CARTESIAN_POINT ('', (78.1249999999998, 116.346194077713, -4.49999999999994));
#1923 = (
   BOUNDED_CURVE ()
   B_SPLINE_CURVE (2, (#1920, #1921, #1922), .UNSPECIFIED., .F., .U.)
   B_SPLINE_CURVE_WITH_KNOTS ((3, 3), (0., 1.), .UNSPECIFIED.)
   CURVE ()
   GEOMETRIC_REPRESENTATION_ITEM ()
   RATIONAL_B_SPLINE_CURVE ((1., 0.707106781186566, 1.))
   REPRESENTATION_ITEM ('')
);
#1924 = EDGE_CURVE ('', #1907, #1873, #1923, .T.);
#1925 = ORIENTED_EDGE ('', *, *, #1924, .F.);
#1926 = EDGE_LOOP ('', (#1912, #1918, #1919, #1925));
#1927 = FACE_OUTER_BOUND ('', #1926, .T.);
#1928 = CARTESIAN_POINT ('', (77.1249999999998, 117.096194077713, -4.25000000000055));
#1929 = CARTESIAN_POINT ('', (77.1249999999998, 117.346194077713, -4.50000000000076));
#1930 = CARTESIAN_POINT ('', (77.1838688064987, 117.096240690321, -4.25000000000053));
#1931 = CARTESIAN_POINT ('', (77.2034917419982, 117.346256227857, -4.50000000000073));
#1932 = CARTESIAN_POINT ('', (77.2768242623386, 117.085630824941, -4.25000000000056));
#1933 = CARTESIAN_POINT ('', (77.3274323497849, 117.332109740683, -4.50000000000082));
#1934 = CARTESIAN_POINT ('', (77.4014541423127, 117.045748662066, -4.25000000000055));
#1935 = CARTESIAN_POINT ('', (77.4936055230836, 117.278933523517, -4.50000000000072));
#1936 = CARTESIAN_POINT ('', (77.4926278914446, 117.002556888573, -4.25000000000046));
#1937 = CARTESIAN_POINT ('', (77.6151705219261, 117.221344492193, -4.50000000000068));
#1938 = CARTESIAN_POINT ('', (77.5787218357569, 116.946360135883, -4.25000000000053));
#1939 = CARTESIAN_POINT ('', (77.7299624476759, 117.146415488606, -4.50000000000063));
#1940 = CARTESIAN_POINT ('', (77.6570231553531, 116.878217233066, -4.25000000000049));
#1941 = CARTESIAN_POINT ('', (77.8343642071375, 117.055558284851, -4.50000000000055));
#1942 = CARTESIAN_POINT ('', (77.7251660581693, 116.79991591347, -4.25000000000053));
#1943 = CARTESIAN_POINT ('', (77.9252214108924, 116.951156525389, -4.50000000000045));
#1944 = CARTESIAN_POINT ('', (77.7813628108598, 116.713821969158, -4.25000000000048));
#1945 = CARTESIAN_POINT ('', (78.0001504144798, 116.836364599639, -4.50000000000038));
#1946 = CARTESIAN_POINT ('', (77.8245545843528, 116.622648220026, -4.25000000000053));
#1947 = CARTESIAN_POINT ('', (78.0577394458038, 116.714799600797, -4.50000000000028));
#1948 = CARTESIAN_POINT ('', (77.8644367472274, 116.498018340052, -4.25000000000046));
#1949 = CARTESIAN_POINT ('', (78.11091566297, 116.548626427498, -4.50000000000011));
#1950 = CARTESIAN_POINT ('', (77.8750466126079, 116.405062884212, -4.25000000000056));
#1951 = CARTESIAN_POINT ('', (78.125062150144, 116.424685819712, -4.50000000000002));
#1952 = CARTESIAN_POINT ('', (77.8749999999998, 116.346194077713, -4.25000000000052));
#1953 = CARTESIAN_POINT ('', (78.1249999999998, 116.346194077713, -4.49999999999994));
#1954 = B_SPLINE_SURFACE_WITH_KNOTS ('', 3, 1, ((#1928, #1929), (#1930, #1931), (#1932, #1933), (#1934, #1935), (#1936, #1937), (#1938, #1939), (#1940, #1941), (#1942, #1943), (#1944, #1945), (#1946, #1947), (#1948, #1949), (#1950, #1951), (#1952, #1953)), .UNSPECIFIED., .F., .F., .U., (4, 1, 1, 1, 1, 1, 1, 1, 1, 1, 4), (2, 2), (0., 0.166666666666666, 0.249999999999998, 0.333333333333332, 0.416666666666664, 0.499999999999987, 0.58333333333332, 0.666666666666663, 0.749999999999995, 0.833333333333326, 1.), (0., 1.), .UNSPECIFIED.);
#1955 = ADVANCED_FACE ('', (#1927), #1954, .T.);
#1956 = CARTESIAN_POINT ('', (77.0000000000001, 117.346194077713, -4.50000000000054));
#1957 = VERTEX_POINT ('', #1956);
#1958 = CARTESIAN_POINT ('', (77.1249999999998, 117.346194077713, -4.50000000000053));
#1959 = CARTESIAN_POINT ('', (77.0833333333332, 117.346194077713, -4.50000000000053));
#1960 = CARTESIAN_POINT ('', (77.0416666666667, 117.346194077713, -4.50000000000054));
#1961 = CARTESIAN_POINT ('', (77.0000000000001, 117.346194077713, -4.50000000000054));
#1962 = B_SPLINE_CURVE_WITH_KNOTS ('', 3, (#1958, #1959, #1960, #1961), .UNSPECIFIED., .F., .U., (4, 4), (0., 0.124999999999689), .UNSPECIFIED.);
#1963 = EDGE_CURVE ('', #1907, #1957, #1962, .T.);
#1964 = ORIENTED_EDGE ('', *, *, #1963, .T.);
#1965 = CARTESIAN_POINT ('', (77.0000000000001, 117.096194077713, -4.25000000000058));
#1966 = VERTEX_POINT ('', #1965);
#1967 = CARTESIAN_POINT ('', (77.0000000000001, 117.346194077713, -4.50000000000062));
#1968 = CARTESIAN_POINT ('', (77.0000000000001, 117.26286074438, -4.41666666666727));
#1969 = CARTESIAN_POINT ('', (77.0000000000001, 117.179527411046, -4.33333333333393));
#1970 = CARTESIAN_POINT ('', (77.0000000000001, 117.096194077713, -4.25000000000059));
#1971 = B_SPLINE_CURVE_WITH_KNOTS ('', 3, (#1967, #1968, #1969, #1970), .UNSPECIFIED., .F., .U., (4, 4), (0., 0.353553390593267), .UNSPECIFIED.);
#1972 = EDGE_CURVE ('', #1957, #1966, #1971, .T.);
#1973 = ORIENTED_EDGE ('', *, *, #1972, .T.);
#1974 = CARTESIAN_POINT ('', (77.0000000000001, 117.096194077713, -4.25000000000058));
#1975 = CARTESIAN_POINT ('', (77.1249999999998, 117.096194077713, -4.25000000000055));
#1976 = B_SPLINE_CURVE_WITH_KNOTS ('', 1, (#1974, #1975), .UNSPECIFIED., .F., .U., (2, 2), (14.9285714285716, 15.), .UNSPECIFIED.);
#1977 = EDGE_CURVE ('', #1966, #1905, #1976, .T.);
#1978 = ORIENTED_EDGE ('', *, *, #1977, .T.);
#1979 = ORIENTED_EDGE ('', *, *, #1911, .T.);
#1980 = EDGE_LOOP ('', (#1964, #1973, #1978, #1979));
#1981 = FACE_OUTER_BOUND ('', #1980, .T.);
#1982 = CARTESIAN_POINT ('', (77.0000000000001, 117.096194077713, -4.25000000000059));
#1983 = CARTESIAN_POINT ('', (77.0000000000001, 117.346194077713, -4.50000000000062));
#1984 = CARTESIAN_POINT ('', (77.0416666666667, 117.096194077713, -4.25000000000057));
#1985 = CARTESIAN_POINT ('', (77.0416666666666, 117.346194077713, -4.50000000000061));
#1986 = CARTESIAN_POINT ('', (77.0833333333333, 117.096194077713, -4.25000000000056));
#1987 = CARTESIAN_POINT ('', (77.0833333333332, 117.346194077713, -4.5000000000006));
#1988 = CARTESIAN_POINT ('', (77.1249999999998, 117.096194077713, -4.25000000000055));
#1989 = CARTESIAN_POINT ('', (77.1249999999998, 117.346194077713, -4.50000000000059));
#1990 = B_SPLINE_SURFACE_WITH_KNOTS ('', 3, 1, ((#1982, #1983), (#1984, #1985), (#1986, #1987), (#1988, #1989)), .UNSPECIFIED., .F., .F., .U., (4, 4), (2, 2), (0.92857142857157, 1.), (0., 1.), .UNSPECIFIED.);
#1991 = ADVANCED_FACE ('', (#1981), #1990, .T.);
#1992 = ORIENTED_EDGE ('', *, *, #1917, .F.);
#1993 = CARTESIAN_POINT ('', (77.1249999999999, 117.096194077713, -3.00000000000053));
#1994 = VERTEX_POINT ('', #1993);
#1995 = CARTESIAN_POINT ('', (77.1249999999998, 117.096194077713, -4.25000000000055));
#1996 = CARTESIAN_POINT ('', (77.1249999999999, 117.096194077713, -3.00000000000055));
#1997 = B_SPLINE_CURVE_WITH_KNOTS ('', 1, (#1995, #1996), .UNSPECIFIED., .F., .U., (2, 2), (0., 1.), .UNSPECIFIED.);
#1998 = EDGE_CURVE ('', #1905, #1994, #1997, .T.);
#1999 = ORIENTED_EDGE ('', *, *, #1998, .T.);
#2000 = CARTESIAN_POINT ('', (77.8749999999999, 116.346194077713, -3.0000000000005));
#2001 = VERTEX_POINT ('', #2000);
#2002 = CARTESIAN_POINT ('', (77.1249999999999, 117.096194077713, -3.00000000000055));
#2003 = CARTESIAN_POINT ('', (77.8749999999999, 117.096194077713, -3.00000000000046));
#2004 = CARTESIAN_POINT ('', (77.8749999999999, 116.346194077713, -3.00000000000052));
#2005 = (
   BOUNDED_CURVE ()
   B_SPLINE_CURVE (2, (#2002, #2003, #2004), .UNSPECIFIED., .F., .U.)
   B_SPLINE_CURVE_WITH_KNOTS ((3, 3), (15., 16.), .UNSPECIFIED.)
   CURVE ()
   GEOMETRIC_REPRESENTATION_ITEM ()
   RATIONAL_B_SPLINE_CURVE ((1., 0.707106781186552, 1.))
   REPRESENTATION_ITEM ('')
);
#2006 = EDGE_CURVE ('', #1994, #2001, #2005, .T.);
#2007 = ORIENTED_EDGE ('', *, *, #2006, .T.);
#2008 = CARTESIAN_POINT ('', (77.8749999999998, 116.346194077713, -4.25000000000052));
#2009 = CARTESIAN_POINT ('', (77.8749999999999, 116.346194077713, -3.00000000000052));
#2010 = B_SPLINE_CURVE_WITH_KNOTS ('', 1, (#2008, #2009), .UNSPECIFIED., .F., .U., (2, 2), (0., 1.), .UNSPECIFIED.);
#2011 = EDGE_CURVE ('', #1871, #2001, #2010, .T.);
#2012 = ORIENTED_EDGE ('', *, *, #2011, .F.);
#2013 = EDGE_LOOP ('', (#1992, #1999, #2007, #2012));
#2014 = FACE_OUTER_BOUND ('', #2013, .T.);
#2015 = CARTESIAN_POINT ('', (77.1249999999998, 117.096194077713, -4.25000000000055));
#2016 = CARTESIAN_POINT ('', (77.8749999999998, 117.096194077713, -4.25000000000046));
#2017 = CARTESIAN_POINT ('', (77.8749999999998, 116.346194077713, -4.25000000000052));
#2018 = CARTESIAN_POINT ('', (77.1249999999999, 117.096194077713, -3.00000000000055));
#2019 = CARTESIAN_POINT ('', (77.8749999999999, 117.096194077713, -3.00000000000046));
#2020 = CARTESIAN_POINT ('', (77.8749999999999, 116.346194077713, -3.00000000000052));
#2021 = (
   BOUNDED_SURFACE ()
   B_SPLINE_SURFACE (1, 2, ((#2015, #2016, #2017), (#2018, #2019, #2020)), .UNSPECIFIED., .F., .F., .U.)
   B_SPLINE_SURFACE_WITH_KNOTS ((2, 2), (3, 3), (0., 1.), (15., 16.), .UNSPECIFIED.)
   GEOMETRIC_REPRESENTATION_ITEM ()
   RATIONAL_B_SPLINE_SURFACE (((1., 0.707106781186552, 1.), (1., 0.707106781186552, 1.)))
   REPRESENTATION_ITEM ('')
   SURFACE ()
);
#2022 = ADVANCED_FACE ('', (#2014), #2021, .T.);
#2023 = ORIENTED_EDGE ('', *, *, #2011, .T.);
#2024 = CARTESIAN_POINT ('', (77.875, 116.346194077714, -2.50000000000052));
#2025 = VERTEX_POINT ('', #2024);
#2026 = CARTESIAN_POINT ('', (77.8749999999999, 116.346194077713, -3.00000000000052));
#2027 = CARTESIAN_POINT ('', (77.875, 116.346194077714, -2.50000000000052));
#2028 = B_SPLINE_CURVE_WITH_KNOTS ('', 1, (#2026, #2027), .UNSPECIFIED., .F., .U., (2, 2), (0., 1.), .UNSPECIFIED.);
#2029 = EDGE_CURVE ('', #2001, #2025, #2028, .T.);
#2030 = ORIENTED_EDGE ('', *, *, #2029, .T.);
#2031 = CARTESIAN_POINT ('', (77.875, 114.846194077714, -2.50000000000019));
#2032 = VERTEX_POINT ('', #2031);
#2033 = CARTESIAN_POINT ('', (77.875, 116.346194077714, -2.50000000000052));
#2034 = CARTESIAN_POINT ('', (77.875, 114.846194077714, -2.50000000000019));
#2035 = B_SPLINE_CURVE_WITH_KNOTS ('', 1, (#2033, #2034), .UNSPECIFIED., .F., .U., (2, 2), (8., 9.), .UNSPECIFIED.);
#2036 = EDGE_CURVE ('', #2025, #2032, #2035, .T.);
#2037 = ORIENTED_EDGE ('', *, *, #2036, .T.);
#2038 = CARTESIAN_POINT ('', (77.8749999999999, 114.846194077713, -3.00000000000019));
#2039 = CARTESIAN_POINT ('', (77.875, 114.846194077714, -2.50000000000019));
#2040 = B_SPLINE_CURVE_WITH_KNOTS ('', 1, (#2038, #2039), .UNSPECIFIED., .F., .U., (2, 2), (0., 1.), .UNSPECIFIED.);
#2041 = EDGE_CURVE ('', #1796, #2032, #2040, .T.);
#2042 = ORIENTED_EDGE ('', *, *, #2041, .F.);
#2043 = ORIENTED_EDGE ('', *, *, #1800, .F.);
#2044 = ORIENTED_EDGE ('', *, *, #1882, .F.);
#2045 = EDGE_LOOP ('', (#2023, #2030, #2037, #2042, #2043, #2044));
#2046 = FACE_OUTER_BOUND ('', #2045, .T.);
#2047 = CARTESIAN_POINT ('', (77.8749999999998, 116.346194077713, -4.25000000000052));
#2048 = CARTESIAN_POINT ('', (77.8749999999999, 114.846194077713, -4.25000000000019));
#2049 = CARTESIAN_POINT ('', (77.8749999999999, 116.346194077714, -2.50000000000063));
#2050 = CARTESIAN_POINT ('', (77.875, 114.846194077714, -2.50000000000031));
#2051 = B_SPLINE_SURFACE_WITH_KNOTS ('', 1, 1, ((#2047, #2048), (#2049, #2050)), .UNSPECIFIED., .F., .F., .U., (2, 2), (2, 2), (0., 1.39999999999991), (8., 9.00000000000002), .UNSPECIFIED.);
#2052 = ADVANCED_FACE ('', (#2046), #2051, .T.);
#2053 = ORIENTED_EDGE ('', *, *, #1777, .T.);
#2054 = CARTESIAN_POINT ('', (77.0000000000001, 113.846194077714, -4.49999999999991));
#2055 = VERTEX_POINT ('', #2054);
#2056 = CARTESIAN_POINT ('', (77.0000000000001, 113.846194077714, -4.50000000000037));
#2057 = CARTESIAN_POINT ('', (77.0000000000001, 113.929527411047, -4.41666666666705));
#2058 = CARTESIAN_POINT ('', (77.0000000000001, 114.01286074438, -4.33333333333374));
#2059 = CARTESIAN_POINT ('', (77.0000000000001, 114.096194077713, -4.25000000000042));
#2060 = B_SPLINE_CURVE_WITH_KNOTS ('', 3, (#2056, #2057, #2058, #2059), .UNSPECIFIED., .F., .U., (4, 4), (0., 0.353553390593271), .UNSPECIFIED.);
#2061 = EDGE_CURVE ('', #2055, #1768, #2060, .T.);
#2062 = ORIENTED_EDGE ('', *, *, #2061, .F.);
#2063 = CARTESIAN_POINT ('', (77.0000000000001, 113.846194077714, -4.49999999999991));
#2064 = CARTESIAN_POINT ('', (77.0416666666667, 113.846194077714, -4.49999999999991));
#2065 = CARTESIAN_POINT ('', (77.0833333333333, 113.846194077714, -4.49999999999991));
#2066 = CARTESIAN_POINT ('', (77.1249999999999, 113.846194077714, -4.49999999999991));
#2067 = B_SPLINE_CURVE_WITH_KNOTS ('', 3, (#2063, #2064, #2065, #2066), .UNSPECIFIED., .F., .U., (4, 4), (1.6250000000002, 1.74999999999996), .UNSPECIFIED.);
#2068 = EDGE_CURVE ('', #2055, #1828, #2067, .T.);
#2069 = ORIENTED_EDGE ('', *, *, #2068, .T.);
#2070 = ORIENTED_EDGE ('', *, *, #1832, .F.);
#2071 = EDGE_LOOP ('', (#2053, #2062, #2069, #2070));
#2072 = FACE_OUTER_BOUND ('', #2071, .T.);
#2073 = CARTESIAN_POINT ('', (77.1249999999999, 114.096194077713, -4.25000000000046));
#2074 = CARTESIAN_POINT ('', (77.1249999999999, 113.846194077713, -4.50000000000041));
#2075 = CARTESIAN_POINT ('', (77.0833333333333, 114.096194077713, -4.25000000000045));
#2076 = CARTESIAN_POINT ('', (77.0833333333333, 113.846194077713, -4.50000000000039));
#2077 = CARTESIAN_POINT ('', (77.0416666666667, 114.096194077713, -4.25000000000044));
#2078 = CARTESIAN_POINT ('', (77.0416666666667, 113.846194077713, -4.50000000000038));
#2079 = CARTESIAN_POINT ('', (77.0000000000001, 114.096194077713, -4.25000000000043));
#2080 = CARTESIAN_POINT ('', (77.0000000000001, 113.846194077713, -4.50000000000037));
#2081 = B_SPLINE_SURFACE_WITH_KNOTS ('', 3, 1, ((#2073, #2074), (#2075, #2076), (#2077, #2078), (#2079, #2080)), .UNSPECIFIED., .F., .F., .U., (4, 4), (2, 2), (0., 0.0714285714284427), (0., 1.), .UNSPECIFIED.);
#2082 = ADVANCED_FACE ('', (#2072), #2081, .T.);
#2083 = CARTESIAN_POINT ('', (77.0000000000001, 117.346194077713, -5.00000000000055));
#2084 = VERTEX_POINT ('', #2083);
#2085 = CARTESIAN_POINT ('', (77.0000000000001, 117.346194077713, -4.50000000000062));
#2086 = CARTESIAN_POINT ('', (77.0000000000001, 117.346194077713, -5.00000000000036));
#2087 = B_SPLINE_CURVE_WITH_KNOTS ('', 1, (#2085, #2086), .UNSPECIFIED., .F., .U., (2, 2), (0.571428571428865, 0.857142857143004), .UNSPECIFIED.);
#2088 = EDGE_CURVE ('', #1957, #2084, #2087, .T.);
#2089 = ORIENTED_EDGE ('', *, *, #2088, .T.);
#2090 = CARTESIAN_POINT ('', (77.0000000000001, 113.846194077714, -4.99999999999991));
#2091 = VERTEX_POINT ('', #2090);
#2092 = CARTESIAN_POINT ('', (77.0000000000001, 113.846194077714, -4.99999999999991));
#2093 = CARTESIAN_POINT ('', (77.0000000000001, 117.346194077713, -5.00000000000055));
#2094 = B_SPLINE_CURVE_WITH_KNOTS ('', 1, (#2092, #2093), .UNSPECIFIED., .F., .U., (2, 2), (0., 1.), .UNSPECIFIED.);
#2095 = EDGE_CURVE ('', #2091, #2084, #2094, .T.);
#2096 = ORIENTED_EDGE ('', *, *, #2095, .F.);
#2097 = CARTESIAN_POINT ('', (77.0000000000001, 113.846194077714, -4.50000000000037));
#2098 = CARTESIAN_POINT ('', (77.0000000000001, 113.846194077714, -5.00000000000036));
#2099 = B_SPLINE_CURVE_WITH_KNOTS ('', 1, (#2097, #2098), .UNSPECIFIED., .F., .U., (2, 2), (0.571428571428721, 0.857142857143004), .UNSPECIFIED.);
#2100 = EDGE_CURVE ('', #2055, #2091, #2099, .T.);
#2101 = ORIENTED_EDGE ('', *, *, #2100, .F.);
#2102 = ORIENTED_EDGE ('', *, *, #2061, .T.);
#2103 = ORIENTED_EDGE ('', *, *, #1772, .F.);
#2104 = CARTESIAN_POINT ('', (77.0000000000001, 114.846194077713, -3.50000000000011));
#2105 = VERTEX_POINT ('', #2104);
#2106 = CARTESIAN_POINT ('', (77.0000000000001, 114.096194077713, -3.50000000000011));
#2107 = CARTESIAN_POINT ('', (77.0000000000001, 114.846194077713, -3.50000000000011));
#2108 = B_SPLINE_CURVE_WITH_KNOTS ('', 1, (#2106, #2107), .UNSPECIFIED., .F., .U., (2, 2), (0.0714285714284508, 0.285714285714221), .UNSPECIFIED.);
#2109 = EDGE_CURVE ('', #1761, #2105, #2108, .T.);
#2110 = ORIENTED_EDGE ('', *, *, #2109, .T.);
#2111 = CARTESIAN_POINT ('', (77.0000000000001, 116.346194077713, -3.50000000000011));
#2112 = VERTEX_POINT ('', #2111);
#2113 = CARTESIAN_POINT ('', (77.0000000000001, 116.346194077713, -3.50000000000011));
#2114 = CARTESIAN_POINT ('', (77.0000000000001, 114.846194077713, -3.50000000000011));
#2115 = B_SPLINE_CURVE_WITH_KNOTS ('', 1, (#2113, #2114), .UNSPECIFIED., .F., .U., (2, 2), (1.5, 3.), .UNSPECIFIED.);
#2116 = EDGE_CURVE ('', #2112, #2105, #2115, .T.);
#2117 = ORIENTED_EDGE ('', *, *, #2116, .F.);
#2118 = CARTESIAN_POINT ('', (77.0000000000001, 117.096194077713, -3.50000000000011));
#2119 = VERTEX_POINT ('', #2118);
#2120 = CARTESIAN_POINT ('', (77.0000000000001, 116.346194077713, -3.50000000000011));
#2121 = CARTESIAN_POINT ('', (77.0000000000001, 117.096194077713, -3.50000000000011));
#2122 = B_SPLINE_CURVE_WITH_KNOTS ('', 1, (#2120, #2121), .UNSPECIFIED., .F., .U., (2, 2), (0.714285714285779, 0.928571428571553), .UNSPECIFIED.);
#2123 = EDGE_CURVE ('', #2112, #2119, #2122, .T.);
#2124 = ORIENTED_EDGE ('', *, *, #2123, .T.);
#2125 = CARTESIAN_POINT ('', (77.0000000000001, 117.096194077713, -4.24999999999274));
#2126 = CARTESIAN_POINT ('', (77.0000000000001, 117.096194077713, -3.50000000000011));
#2127 = B_SPLINE_CURVE_WITH_KNOTS ('', 1, (#2125, #2126), .UNSPECIFIED., .F., .U., (2, 2), (0., 1.), .UNSPECIFIED.);
#2128 = EDGE_CURVE ('', #1966, #2119, #2127, .T.);
#2129 = ORIENTED_EDGE ('', *, *, #2128, .F.);
#2130 = ORIENTED_EDGE ('', *, *, #1972, .F.);
#2131 = EDGE_LOOP ('', (#2089, #2096, #2101, #2102, #2103, #2110, #2117, #2124, #2129, #2130));
#2132 = FACE_OUTER_BOUND ('', #2131, .T.);
#2133 = CARTESIAN_POINT ('', (77.0000000000001, 117.346194077713, -3.50000000000011));
#2134 = CARTESIAN_POINT ('', (77.0000000000001, 113.846194077714, -3.50000000000011));
#2135 = CARTESIAN_POINT ('', (77.0000000000001, 117.346194077713, -5.00000000000041));
#2136 = CARTESIAN_POINT ('', (77.0000000000001, 113.846194077714, -5.00000000000041));
#2137 = B_SPLINE_SURFACE_WITH_KNOTS ('', 1, 1, ((#2133, #2134), (#2135, #2136)), .UNSPECIFIED., .F., .F., .U., (2, 2), (2, 2), (0., 0.85714285714303), (0.500000000000526, 3.99999999999947), .UNSPECIFIED.);
#2138 = ADVANCED_FACE ('', (#2132), #2137, .T.);
#2139 = ORIENTED_EDGE ('', *, *, #2088, .F.);
#2140 = CARTESIAN_POINT ('', (75.5000000000001, 117.346194077713, -4.50000000000056));
#2141 = VERTEX_POINT ('', #2140);
#2142 = CARTESIAN_POINT ('', (77.0000000000001, 117.346194077713, -4.50000000000054));
#2143 = CARTESIAN_POINT ('', (76.5000000000001, 117.346194077713, -4.50000000000055));
#2144 = CARTESIAN_POINT ('', (76.0000000000001, 117.346194077713, -4.50000000000055));
#2145 = CARTESIAN_POINT ('', (75.5000000000001, 117.346194077713, -4.50000000000056));
#2146 = B_SPLINE_CURVE_WITH_KNOTS ('', 3, (#2142, #2143, #2144, #2145), .UNSPECIFIED., .F., .U., (4, 4), (0.124999999999689, 1.62499999999973), .UNSPECIFIED.);
#2147 = EDGE_CURVE ('', #1957, #2141, #2146, .T.);
#2148 = ORIENTED_EDGE ('', *, *, #2147, .T.);
#2149 = CARTESIAN_POINT ('', (75.5000000000001, 117.346194077713, -5.0000000000004));
#2150 = VERTEX_POINT ('', #2149);
#2151 = CARTESIAN_POINT ('', (75.5000000000001, 117.346194077713, -4.500000000001));
#2152 = CARTESIAN_POINT ('', (75.5000000000001, 117.346194077713, -5.0000000000004));
#2153 = B_SPLINE_CURVE_WITH_KNOTS ('', 1, (#2151, #2152), .UNSPECIFIED., .F., .U., (2, 2), (0.571428571429082, 0.857142857143023), .UNSPECIFIED.);
#2154 = EDGE_CURVE ('', #2141, #2150, #2153, .T.);
#2155 = ORIENTED_EDGE ('', *, *, #2154, .T.);
#2156 = CARTESIAN_POINT ('', (77.0000000000001, 117.346194077713, -5.00000000000036));
#2157 = CARTESIAN_POINT ('', (75.5000000000001, 117.346194077713, -5.0000000000004));
#2158 = B_SPLINE_CURVE_WITH_KNOTS ('', 1, (#2156, #2157), .UNSPECIFIED., .F., .U., (2, 2), (0., 1.), .UNSPECIFIED.);
#2159 = EDGE_CURVE ('', #2084, #2150, #2158, .T.);
#2160 = ORIENTED_EDGE ('', *, *, #2159, .F.);
#2161 = EDGE_LOOP ('', (#2139, #2148, #2155, #2160));
#2162 = FACE_OUTER_BOUND ('', #2161, .T.);
#2163 = CARTESIAN_POINT ('', (75.5000000000001, 117.346194077713, -4.50000000000058));
#2164 = CARTESIAN_POINT ('', (77.0000000000001, 117.346194077713, -4.50000000000058));
#2165 = CARTESIAN_POINT ('', (75.5000000000001, 117.346194077713, -5.0000000000004));
#2166 = CARTESIAN_POINT ('', (77.0000000000001, 117.346194077713, -5.0000000000004));
#2167 = B_SPLINE_SURFACE_WITH_KNOTS ('', 1, 1, ((#2163, #2164), (#2165, #2166)), .UNSPECIFIED., .F., .F., .U., (2, 2), (2, 2), (0.571428571428841, 0.857142857143023), (0., 1.5), .UNSPECIFIED.);
#2168 = ADVANCED_FACE ('', (#2162), #2167, .T.);
#2169 = ORIENTED_EDGE ('', *, *, #2100, .T.);
#2170 = CARTESIAN_POINT ('', (75.5000000000001, 113.846194077714, -5.0000000000004));
#2171 = VERTEX_POINT ('', #2170);
#2172 = CARTESIAN_POINT ('', (77.0000000000001, 113.846194077714, -5.00000000000036));
#2173 = CARTESIAN_POINT ('', (75.5000000000001, 113.846194077714, -5.0000000000004));
#2174 = B_SPLINE_CURVE_WITH_KNOTS ('', 1, (#2172, #2173), .UNSPECIFIED., .F., .U., (2, 2), (0., 1.), .UNSPECIFIED.);
#2175 = EDGE_CURVE ('', #2091, #2171, #2174, .T.);
#2176 = ORIENTED_EDGE ('', *, *, #2175, .T.);
#2177 = CARTESIAN_POINT ('', (75.5000000000001, 113.846194077714, -4.49999999999978));
#2178 = CARTESIAN_POINT ('', (75.5000000000001, 113.846194077714, -5.0000000000004));
#2179 = B_SPLINE_CURVE_WITH_KNOTS ('', 1, (#2177, #2178), .UNSPECIFIED., .F., .U., (2, 2), (0.571428571428383, 0.857142857143023), .UNSPECIFIED.);
#2180 = EDGE_CURVE ('', #1682, #2171, #2179, .T.);
#2181 = ORIENTED_EDGE ('', *, *, #2180, .F.);
#2182 = CARTESIAN_POINT ('', (75.5000000000001, 113.846194077713, -4.49999999999984));
#2183 = CARTESIAN_POINT ('', (76.0000000000001, 113.846194077713, -4.49999999999984));
#2184 = CARTESIAN_POINT ('', (76.5000000000001, 113.846194077713, -4.49999999999991));
#2185 = CARTESIAN_POINT ('', (77.0000000000001, 113.846194077714, -4.49999999999991));
#2186 = B_SPLINE_CURVE_WITH_KNOTS ('', 3, (#2182, #2183, #2184, #2185), .UNSPECIFIED., .F., .U., (4, 4), (0.125000000000188, 1.6250000000002), .UNSPECIFIED.);
#2187 = EDGE_CURVE ('', #1682, #2055, #2186, .T.);
#2188 = ORIENTED_EDGE ('', *, *, #2187, .T.);
#2189 = EDGE_LOOP ('', (#2169, #2176, #2181, #2188));
#2190 = FACE_OUTER_BOUND ('', #2189, .T.);
#2191 = CARTESIAN_POINT ('', (75.5000000000001, 113.846194077714, -4.49999999999981));
#2192 = CARTESIAN_POINT ('', (75.5000000000001, 113.846194077714, -5.0000000000004));
#2193 = CARTESIAN_POINT ('', (77.0000000000001, 113.846194077714, -4.49999999999981));
#2194 = CARTESIAN_POINT ('', (77.0000000000001, 113.846194077714, -5.0000000000004));
#2195 = B_SPLINE_SURFACE_WITH_KNOTS ('', 1, 1, ((#2191, #2192), (#2193, #2194)), .UNSPECIFIED., .F., .F., .U., (2, 2), (2, 2), (0., 1.5), (0.5714285714284, 0.857142857143023), .UNSPECIFIED.);
#2196 = ADVANCED_FACE ('', (#2190), #2195, .T.);
#2197 = CARTESIAN_POINT ('', (72.3749999999999, 116.346194077713, -5.00000000000036));
#2198 = VERTEX_POINT ('', #2197);
#2199 = CARTESIAN_POINT ('', (73.875, 117.846194077713, -5.00000000000104));
#2200 = VERTEX_POINT ('', #2199);
#2201 = CARTESIAN_POINT ('', (72.3749999999999, 116.346194077713, -5.00000000000036));
#2202 = CARTESIAN_POINT ('', (72.3749999999999, 117.846194077713, -5.00000000000065));
#2203 = CARTESIAN_POINT ('', (73.875, 117.846194077713, -5.00000000000106));
#2204 = (
   BOUNDED_CURVE ()
   B_SPLINE_CURVE (2, (#2201, #2202, #2203), .UNSPECIFIED., .F., .U.)
   B_SPLINE_CURVE_WITH_KNOTS ((3, 3), (13., 14.), .UNSPECIFIED.)
   CURVE ()
   GEOMETRIC_REPRESENTATION_ITEM ()
   RATIONAL_B_SPLINE_CURVE ((1., 0.707106781186508, 1.))
   REPRESENTATION_ITEM ('')
);
#2205 = EDGE_CURVE ('', #2198, #2200, #2204, .T.);
#2206 = ORIENTED_EDGE ('', *, *, #2205, .T.);
#2207 = CARTESIAN_POINT ('', (78.6249999999999, 117.846194077713, -5.00000000000066));
#2208 = VERTEX_POINT ('', #2207);
#2209 = CARTESIAN_POINT ('', (73.875, 117.846194077713, -5.00000000000106));
#2210 = CARTESIAN_POINT ('', (78.6249999999999, 117.846194077713, -5.00000000000068));
#2211 = B_SPLINE_CURVE_WITH_KNOTS ('', 1, (#2209, #2210), .UNSPECIFIED., .F., .U., (2, 2), (0., 1.), .UNSPECIFIED.);
#2212 = EDGE_CURVE ('', #2200, #2208, #2211, .T.);
#2213 = ORIENTED_EDGE ('', *, *, #2212, .T.);
#2214 = CARTESIAN_POINT ('', (80.1249999999998, 116.346194077713, -5.00000000000035));
#2215 = VERTEX_POINT ('', #2214);
#2216 = CARTESIAN_POINT ('', (78.6249999999999, 117.846194077713, -5.00000000000068));
#2217 = CARTESIAN_POINT ('', (80.1249999999998, 117.846194077713, -5.00000000000066));
#2218 = CARTESIAN_POINT ('', (80.1249999999998, 116.346194077713, -5.00000000000036));
#2219 = (
   BOUNDED_CURVE ()
   B_SPLINE_CURVE (2, (#2216, #2217, #2218), .UNSPECIFIED., .F., .U.)
   B_SPLINE_CURVE_WITH_KNOTS ((3, 3), (7., 8.), .UNSPECIFIED.)
   CURVE ()
   GEOMETRIC_REPRESENTATION_ITEM ()
   RATIONAL_B_SPLINE_CURVE ((1., 0.707106781186552, 1.))
   REPRESENTATION_ITEM ('')
);
#2220 = EDGE_CURVE ('', #2208, #2215, #2219, .T.);
#2221 = ORIENTED_EDGE ('', *, *, #2220, .T.);
#2222 = CARTESIAN_POINT ('', (80.1249999999999, 114.846194077713, -4.99999999999964));
#2223 = VERTEX_POINT ('', #2222);
#2224 = CARTESIAN_POINT ('', (80.1249999999998, 116.346194077713, -5.00000000000036));
#2225 = CARTESIAN_POINT ('', (80.1249999999999, 114.846194077713, -4.99999999999964));
#2226 = B_SPLINE_CURVE_WITH_KNOTS ('', 1, (#2224, #2225), .UNSPECIFIED., .F., .U., (2, 2), (8., 9.), .UNSPECIFIED.);
#2227 = EDGE_CURVE ('', #2215, #2223, #2226, .T.);
#2228 = ORIENTED_EDGE ('', *, *, #2227, .T.);
#2229 = CARTESIAN_POINT ('', (78.6249999999998, 113.346194077713, -5.00000000000019));
#2230 = VERTEX_POINT ('', #2229);
#2231 = CARTESIAN_POINT ('', (80.1249999999999, 114.846194077713, -4.99999999999964));
#2232 = CARTESIAN_POINT ('', (80.1249999999999, 113.346194077713, -4.99999999999897));
#2233 = CARTESIAN_POINT ('', (78.6249999999998, 113.346194077713, -5.00000000000019));
#2234 = (
   BOUNDED_CURVE ()
   B_SPLINE_CURVE (2, (#2231, #2232, #2233), .UNSPECIFIED., .F., .U.)
   B_SPLINE_CURVE_WITH_KNOTS ((3, 3), (9., 10.), .UNSPECIFIED.)
   CURVE ()
   GEOMETRIC_REPRESENTATION_ITEM ()
   RATIONAL_B_SPLINE_CURVE ((1., 0.707106781186508, 1.))
   REPRESENTATION_ITEM ('')
);
#2235 = EDGE_CURVE ('', #2223, #2230, #2234, .T.);
#2236 = ORIENTED_EDGE ('', *, *, #2235, .T.);
#2237 = CARTESIAN_POINT ('', (73.875, 113.346194077713, -5.00000000000001));
#2238 = VERTEX_POINT ('', #2237);
#2239 = CARTESIAN_POINT ('', (78.6249999999998, 113.346194077713, -5.00000000000019));
#2240 = CARTESIAN_POINT ('', (73.875, 113.346194077713, -5.00000000000001));
#2241 = B_SPLINE_CURVE_WITH_KNOTS ('', 1, (#2239, #2240), .UNSPECIFIED., .F., .U., (2, 2), (0., 1.), .UNSPECIFIED.);
#2242 = EDGE_CURVE ('', #2230, #2238, #2241, .T.);
#2243 = ORIENTED_EDGE ('', *, *, #2242, .T.);
#2244 = CARTESIAN_POINT ('', (72.3749999999999, 114.846194077713, -4.99999999999996));
#2245 = VERTEX_POINT ('', #2244);
#2246 = CARTESIAN_POINT ('', (73.875, 113.346194077713, -5.00000000000001));
#2247 = CARTESIAN_POINT ('', (72.375, 113.346194077713, -5.00000000000004));
#2248 = CARTESIAN_POINT ('', (72.3749999999999, 114.846194077713, -4.99999999999996));
#2249 = (
   BOUNDED_CURVE ()
   B_SPLINE_CURVE (2, (#2246, #2247, #2248), .UNSPECIFIED., .F., .U.)
   B_SPLINE_CURVE_WITH_KNOTS ((3, 3), (11., 12.), .UNSPECIFIED.)
   CURVE ()
   GEOMETRIC_REPRESENTATION_ITEM ()
   RATIONAL_B_SPLINE_CURVE ((1., 0.707106781186579, 1.))
   REPRESENTATION_ITEM ('')
);
#2250 = EDGE_CURVE ('', #2238, #2245, #2249, .T.);
#2251 = ORIENTED_EDGE ('', *, *, #2250, .T.);
#2252 = CARTESIAN_POINT ('', (72.3749999999999, 114.846194077713, -4.99999999999996));
#2253 = CARTESIAN_POINT ('', (72.3749999999999, 116.346194077713, -5.00000000000036));
#2254 = B_SPLINE_CURVE_WITH_KNOTS ('', 1, (#2252, #2253), .UNSPECIFIED., .F., .U., (2, 2), (12., 13.), .UNSPECIFIED.);
#2255 = EDGE_CURVE ('', #2245, #2198, #2254, .T.);
#2256 = ORIENTED_EDGE ('', *, *, #2255, .T.);
#2257 = EDGE_LOOP ('', (#2206, #2213, #2221, #2228, #2236, #2243, #2251, #2256));
#2258 = FACE_OUTER_BOUND ('', #2257, .T.);
#2259 = CARTESIAN_POINT ('', (75.5000000000001, 114.846194077713, -5.00000000000012));
#2260 = VERTEX_POINT ('', #2259);
#2261 = CARTESIAN_POINT ('', (75.5000000000001, 113.846194077714, -5.0000000000004));
#2262 = CARTESIAN_POINT ('', (75.5000000000001, 114.846194077713, -5.0000000000004));
#2263 = B_SPLINE_CURVE_WITH_KNOTS ('', 1, (#2261, #2262), .UNSPECIFIED., .F., .U., (2, 2), (0., 0.285714285714221), .UNSPECIFIED.);
#2264 = EDGE_CURVE ('', #2171, #2260, #2263, .T.);
#2265 = ORIENTED_EDGE ('', *, *, #2264, .F.);
#2266 = ORIENTED_EDGE ('', *, *, #2175, .F.);
#2267 = ORIENTED_EDGE ('', *, *, #2095, .T.);
#2268 = ORIENTED_EDGE ('', *, *, #2159, .T.);
#2269 = CARTESIAN_POINT ('', (75.5000000000001, 116.346194077713, -5.0000000000004));
#2270 = VERTEX_POINT ('', #2269);
#2271 = CARTESIAN_POINT ('', (75.5000000000001, 116.346194077713, -5.0000000000004));
#2272 = CARTESIAN_POINT ('', (75.5000000000001, 117.346194077713, -5.0000000000004));
#2273 = B_SPLINE_CURVE_WITH_KNOTS ('', 1, (#2271, #2272), .UNSPECIFIED., .F., .U., (2, 2), (0.714285714285779, 1.), .UNSPECIFIED.);
#2274 = EDGE_CURVE ('', #2270, #2150, #2273, .T.);
#2275 = ORIENTED_EDGE ('', *, *, #2274, .F.);
#2276 = CARTESIAN_POINT ('', (75.5000000000001, 116.346194077713, -5.0000000000004));
#2277 = CARTESIAN_POINT ('', (75.5000000000001, 114.846194077713, -5.00000000000012));
#2278 = B_SPLINE_CURVE_WITH_KNOTS ('', 1, (#2276, #2277), .UNSPECIFIED., .F., .U., (2, 2), (0., 1.), .UNSPECIFIED.);
#2279 = EDGE_CURVE ('', #2270, #2260, #2278, .T.);
#2280 = ORIENTED_EDGE ('', *, *, #2279, .T.);
#2281 = EDGE_LOOP ('', (#2265, #2266, #2267, #2268, #2275, #2280));
#2282 = FACE_BOUND ('', #2281, .T.);
#2283 = CARTESIAN_POINT ('', (72.3749999999999, 113.346194077713, -4.99999999999992));
#2284 = CARTESIAN_POINT ('', (80.1249999999999, 113.346194077713, -4.99999999999975));
#2285 = CARTESIAN_POINT ('', (72.3749999999999, 117.846194077713, -5.00000000000073));
#2286 = CARTESIAN_POINT ('', (80.1249999999999, 117.846194077713, -5.00000000000057));
#2287 = B_SPLINE_SURFACE_WITH_KNOTS ('', 1, 1, ((#2283, #2284), (#2285, #2286)), .UNSPECIFIED., .F., .F., .U., (2, 2), (2, 2), (0.360879827179743, 0.639120172820255), (0.214030755869477, 0.693222462250353), .UNSPECIFIED.);
#2288 = ADVANCED_FACE ('', (#2258, #2282), #2287, .T.);
#2289 = CARTESIAN_POINT ('', (72.3749999999999, 116.346194077713, -4.50000000000036));
#2290 = VERTEX_POINT ('', #2289);
#2291 = CARTESIAN_POINT ('', (73.875, 117.846194077713, -4.50000000000104));
#2292 = VERTEX_POINT ('', #2291);
#2293 = CARTESIAN_POINT ('', (72.3749999999999, 116.346194077713, -4.50000000000036));
#2294 = CARTESIAN_POINT ('', (72.3749999999999, 117.846194077713, -4.50000000000065));
#2295 = CARTESIAN_POINT ('', (73.875, 117.846194077713, -4.50000000000106));
#2296 = (
   BOUNDED_CURVE ()
   B_SPLINE_CURVE (2, (#2293, #2294, #2295), .UNSPECIFIED., .F., .U.)
   B_SPLINE_CURVE_WITH_KNOTS ((3, 3), (13., 14.), .UNSPECIFIED.)
   CURVE ()
   GEOMETRIC_REPRESENTATION_ITEM ()
   RATIONAL_B_SPLINE_CURVE ((1., 0.707106781186508, 1.))
   REPRESENTATION_ITEM ('')
);
#2297 = EDGE_CURVE ('', #2290, #2292, #2296, .T.);
#2298 = ORIENTED_EDGE ('', *, *, #2297, .T.);
#2299 = CARTESIAN_POINT ('', (73.875, 117.846194077713, -4.50000000000106));
#2300 = CARTESIAN_POINT ('', (73.875, 117.846194077713, -5.00000000000106));
#2301 = B_SPLINE_CURVE_WITH_KNOTS ('', 1, (#2299, #2300), .UNSPECIFIED., .F., .U., (2, 2), (0., 1.), .UNSPECIFIED.);
#2302 = EDGE_CURVE ('', #2292, #2200, #2301, .T.);
#2303 = ORIENTED_EDGE ('', *, *, #2302, .T.);
#2304 = ORIENTED_EDGE ('', *, *, #2205, .F.);
#2305 = CARTESIAN_POINT ('', (72.3749999999999, 116.346194077713, -4.50000000000036));
#2306 = CARTESIAN_POINT ('', (72.3749999999999, 116.346194077713, -5.00000000000036));
#2307 = B_SPLINE_CURVE_WITH_KNOTS ('', 1, (#2305, #2306), .UNSPECIFIED., .F., .U., (2, 2), (0., 1.), .UNSPECIFIED.);
#2308 = EDGE_CURVE ('', #2290, #2198, #2307, .T.);
#2309 = ORIENTED_EDGE ('', *, *, #2308, .F.);
#2310 = EDGE_LOOP ('', (#2298, #2303, #2304, #2309));
#2311 = FACE_OUTER_BOUND ('', #2310, .T.);
#2312 = CARTESIAN_POINT ('', (72.3749999999999, 116.346194077713, -4.50000000000036));
#2313 = CARTESIAN_POINT ('', (72.3749999999999, 116.346194077713, -5.00000000000036));
#2314 = CARTESIAN_POINT ('', (72.3749999999999, 117.846194077713, -4.50000000000065));
#2315 = CARTESIAN_POINT ('', (72.3749999999999, 117.846194077713, -5.00000000000065));
#2316 = CARTESIAN_POINT ('', (73.875, 117.846194077713, -4.50000000000106));
#2317 = CARTESIAN_POINT ('', (73.875, 117.846194077713, -5.00000000000106));
#2318 = (
   BOUNDED_SURFACE ()
   B_SPLINE_SURFACE (2, 1, ((#2312, #2313), (#2314, #2315), (#2316, #2317)), .UNSPECIFIED., .F., .F., .U.)
   B_SPLINE_SURFACE_WITH_KNOTS ((3, 3), (2, 2), (13., 14.), (0., 1.), .UNSPECIFIED.)
   GEOMETRIC_REPRESENTATION_ITEM ()
   RATIONAL_B_SPLINE_SURFACE (((1., 1.), (0.707106781186508, 0.707106781186508), (1., 1.)))
   REPRESENTATION_ITEM ('')
   SURFACE ()
);
#2319 = ADVANCED_FACE ('', (#2311), #2318, .T.);
#2320 = CARTESIAN_POINT ('', (72.3749999999999, 114.846194077713, -4.49999999999996));
#2321 = VERTEX_POINT ('', #2320);
#2322 = CARTESIAN_POINT ('', (72.3749999999999, 114.846194077713, -4.49999999999996));
#2323 = CARTESIAN_POINT ('', (72.3749999999999, 116.346194077713, -4.50000000000036));
#2324 = B_SPLINE_CURVE_WITH_KNOTS ('', 1, (#2322, #2323), .UNSPECIFIED., .F., .U., (2, 2), (12., 13.), .UNSPECIFIED.);
#2325 = EDGE_CURVE ('', #2321, #2290, #2324, .T.);
#2326 = ORIENTED_EDGE ('', *, *, #2325, .T.);
#2327 = ORIENTED_EDGE ('', *, *, #2308, .T.);
#2328 = ORIENTED_EDGE ('', *, *, #2255, .F.);
#2329 = CARTESIAN_POINT ('', (72.3749999999999, 114.846194077713, -4.49999999999996));
#2330 = CARTESIAN_POINT ('', (72.3749999999999, 114.846194077713, -4.99999999999996));
#2331 = B_SPLINE_CURVE_WITH_KNOTS ('', 1, (#2329, #2330), .UNSPECIFIED., .F., .U., (2, 2), (0., 1.), .UNSPECIFIED.);
#2332 = EDGE_CURVE ('', #2321, #2245, #2331, .T.);
#2333 = ORIENTED_EDGE ('', *, *, #2332, .F.);
#2334 = EDGE_LOOP ('', (#2326, #2327, #2328, #2333));
#2335 = FACE_OUTER_BOUND ('', #2334, .T.);
#2336 = CARTESIAN_POINT ('', (72.3749999999999, 114.846194077713, -4.49999999999996));
#2337 = CARTESIAN_POINT ('', (72.3749999999999, 114.846194077713, -4.99999999999996));
#2338 = CARTESIAN_POINT ('', (72.3749999999999, 116.346194077713, -4.50000000000036));
#2339 = CARTESIAN_POINT ('', (72.3749999999999, 116.346194077713, -5.00000000000036));
#2340 = B_SPLINE_SURFACE_WITH_KNOTS ('', 1, 1, ((#2336, #2337), (#2338, #2339)), .UNSPECIFIED., .F., .F., .U., (2, 2), (2, 2), (12., 13.), (0., 1.), .UNSPECIFIED.);
#2341 = ADVANCED_FACE ('', (#2335), #2340, .T.);
#2342 = CARTESIAN_POINT ('', (73.875, 113.346194077713, -4.50000000000001));
#2343 = VERTEX_POINT ('', #2342);
#2344 = CARTESIAN_POINT ('', (73.875, 113.346194077713, -4.50000000000001));
#2345 = CARTESIAN_POINT ('', (72.375, 113.346194077713, -4.50000000000006));
#2346 = CARTESIAN_POINT ('', (72.3749999999999, 114.846194077713, -4.49999999999996));
#2347 = (
   BOUNDED_CURVE ()
   B_SPLINE_CURVE (2, (#2344, #2345, #2346), .UNSPECIFIED., .F., .U.)
   B_SPLINE_CURVE_WITH_KNOTS ((3, 3), (11., 12.), .UNSPECIFIED.)
   CURVE ()
   GEOMETRIC_REPRESENTATION_ITEM ()
   RATIONAL_B_SPLINE_CURVE ((1., 0.707106781186579, 1.))
   REPRESENTATION_ITEM ('')
);
#2348 = EDGE_CURVE ('', #2343, #2321, #2347, .T.);
#2349 = ORIENTED_EDGE ('', *, *, #2348, .T.);
#2350 = ORIENTED_EDGE ('', *, *, #2332, .T.);
#2351 = ORIENTED_EDGE ('', *, *, #2250, .F.);
#2352 = CARTESIAN_POINT ('', (73.875, 113.346194077713, -4.50000000000001));
#2353 = CARTESIAN_POINT ('', (73.875, 113.346194077713, -5.00000000000001));
#2354 = B_SPLINE_CURVE_WITH_KNOTS ('', 1, (#2352, #2353), .UNSPECIFIED., .F., .U., (2, 2), (0., 1.), .UNSPECIFIED.);
#2355 = EDGE_CURVE ('', #2343, #2238, #2354, .T.);
#2356 = ORIENTED_EDGE ('', *, *, #2355, .F.);
#2357 = EDGE_LOOP ('', (#2349, #2350, #2351, #2356));
#2358 = FACE_OUTER_BOUND ('', #2357, .T.);
#2359 = CARTESIAN_POINT ('', (73.875, 113.346194077713, -4.50000000000001));
#2360 = CARTESIAN_POINT ('', (73.875, 113.346194077713, -5.00000000000001));
#2361 = CARTESIAN_POINT ('', (72.375, 113.346194077713, -4.50000000000006));
#2362 = CARTESIAN_POINT ('', (72.375, 113.346194077713, -5.00000000000004));
#2363 = CARTESIAN_POINT ('', (72.3749999999999, 114.846194077713, -4.49999999999996));
#2364 = CARTESIAN_POINT ('', (72.3749999999999, 114.846194077713, -4.99999999999996));
#2365 = (
   BOUNDED_SURFACE ()
   B_SPLINE_SURFACE (2, 1, ((#2359, #2360), (#2361, #2362), (#2363, #2364)), .UNSPECIFIED., .F., .F., .U.)
   B_SPLINE_SURFACE_WITH_KNOTS ((3, 3), (2, 2), (11., 12.), (0., 1.), .UNSPECIFIED.)
   GEOMETRIC_REPRESENTATION_ITEM ()
   RATIONAL_B_SPLINE_SURFACE (((1., 1.), (0.707106781186579, 0.707106781186579), (1., 1.)))
   REPRESENTATION_ITEM ('')
   SURFACE ()
);
#2366 = ADVANCED_FACE ('', (#2358), #2365, .T.);
#2367 = CARTESIAN_POINT ('', (78.6249999999998, 113.346194077713, -4.50000000000019));
#2368 = VERTEX_POINT ('', #2367);
#2369 = CARTESIAN_POINT ('', (78.6249999999998, 113.346194077713, -4.50000000000019));
#2370 = CARTESIAN_POINT ('', (73.875, 113.346194077713, -4.50000000000001));
#2371 = B_SPLINE_CURVE_WITH_KNOTS ('', 1, (#2369, #2370), .UNSPECIFIED., .F., .U., (2, 2), (0., 1.), .UNSPECIFIED.);
#2372 = EDGE_CURVE ('', #2368, #2343, #2371, .T.);
#2373 = ORIENTED_EDGE ('', *, *, #2372, .T.);
#2374 = ORIENTED_EDGE ('', *, *, #2355, .T.);
#2375 = ORIENTED_EDGE ('', *, *, #2242, .F.);
#2376 = CARTESIAN_POINT ('', (78.6249999999998, 113.346194077713, -4.50000000000019));
#2377 = CARTESIAN_POINT ('', (78.6249999999998, 113.346194077713, -5.00000000000019));
#2378 = B_SPLINE_CURVE_WITH_KNOTS ('', 1, (#2376, #2377), .UNSPECIFIED., .F., .U., (2, 2), (0., 1.), .UNSPECIFIED.);
#2379 = EDGE_CURVE ('', #2368, #2230, #2378, .T.);
#2380 = ORIENTED_EDGE ('', *, *, #2379, .F.);
#2381 = EDGE_LOOP ('', (#2373, #2374, #2375, #2380));
#2382 = FACE_OUTER_BOUND ('', #2381, .T.);
#2383 = CARTESIAN_POINT ('', (78.6249999999998, 113.346194077713, -4.49999999999633));
#2384 = CARTESIAN_POINT ('', (78.6249999999998, 113.346194077713, -5.00000000000019));
#2385 = CARTESIAN_POINT ('', (73.875, 113.346194077713, -4.49999999999596));
#2386 = CARTESIAN_POINT ('', (73.875, 113.346194077713, -4.99999999999982));
#2387 = B_SPLINE_SURFACE_WITH_KNOTS ('', 1, 1, ((#2383, #2384), (#2385, #2386)), .UNSPECIFIED., .F., .F., .U., (2, 2), (2, 2), (10., 11.4615384615385), (-7.73070496506989E-12, 1.), .UNSPECIFIED.);
#2388 = ADVANCED_FACE ('', (#2382), #2387, .T.);
#2389 = CARTESIAN_POINT ('', (80.1249999999999, 114.846194077713, -4.49999999999964));
#2390 = VERTEX_POINT ('', #2389);
#2391 = CARTESIAN_POINT ('', (80.1249999999999, 114.846194077713, -4.49999999999964));
#2392 = CARTESIAN_POINT ('', (80.1249999999999, 113.346194077713, -4.49999999999897));
#2393 = CARTESIAN_POINT ('', (78.6249999999998, 113.346194077713, -4.50000000000019));
#2394 = (
   BOUNDED_CURVE ()
   B_SPLINE_CURVE (2, (#2391, #2392, #2393), .UNSPECIFIED., .F., .U.)
   B_SPLINE_CURVE_WITH_KNOTS ((3, 3), (9., 10.), .UNSPECIFIED.)
   CURVE ()
   GEOMETRIC_REPRESENTATION_ITEM ()
   RATIONAL_B_SPLINE_CURVE ((1., 0.707106781186508, 1.))
   REPRESENTATION_ITEM ('')
);
#2395 = EDGE_CURVE ('', #2390, #2368, #2394, .T.);
#2396 = ORIENTED_EDGE ('', *, *, #2395, .T.);
#2397 = ORIENTED_EDGE ('', *, *, #2379, .T.);
#2398 = ORIENTED_EDGE ('', *, *, #2235, .F.);
#2399 = CARTESIAN_POINT ('', (80.1249999999999, 114.846194077713, -4.49999999999964));
#2400 = CARTESIAN_POINT ('', (80.1249999999999, 114.846194077713, -4.99999999999964));
#2401 = B_SPLINE_CURVE_WITH_KNOTS ('', 1, (#2399, #2400), .UNSPECIFIED., .F., .U., (2, 2), (0., 1.), .UNSPECIFIED.);
#2402 = EDGE_CURVE ('', #2390, #2223, #2401, .T.);
#2403 = ORIENTED_EDGE ('', *, *, #2402, .F.);
#2404 = EDGE_LOOP ('', (#2396, #2397, #2398, #2403));
#2405 = FACE_OUTER_BOUND ('', #2404, .T.);
#2406 = CARTESIAN_POINT ('', (80.1249999999999, 114.846194077713, -4.49999999999964));
#2407 = CARTESIAN_POINT ('', (80.1249999999999, 114.846194077713, -4.99999999999964));
#2408 = CARTESIAN_POINT ('', (80.1249999999999, 113.346194077713, -4.49999999999897));
#2409 = CARTESIAN_POINT ('', (80.1249999999999, 113.346194077713, -4.99999999999897));
#2410 = CARTESIAN_POINT ('', (78.6249999999998, 113.346194077713, -4.50000000000019));
#2411 = CARTESIAN_POINT ('', (78.6249999999998, 113.346194077713, -5.00000000000019));
#2412 = (
   BOUNDED_SURFACE ()
   B_SPLINE_SURFACE (2, 1, ((#2406, #2407), (#2408, #2409), (#2410, #2411)), .UNSPECIFIED., .F., .F., .U.)
   B_SPLINE_SURFACE_WITH_KNOTS ((3, 3), (2, 2), (9., 10.), (0., 1.), .UNSPECIFIED.)
   GEOMETRIC_REPRESENTATION_ITEM ()
   RATIONAL_B_SPLINE_SURFACE (((1., 1.), (0.707106781186508, 0.707106781186508), (1., 1.)))
   REPRESENTATION_ITEM ('')
   SURFACE ()
);
#2413 = ADVANCED_FACE ('', (#2405), #2412, .T.);
#2414 = CARTESIAN_POINT ('', (80.1249999999998, 116.346194077713, -4.50000000000035));
#2415 = VERTEX_POINT ('', #2414);
#2416 = CARTESIAN_POINT ('', (80.1249999999998, 116.346194077713, -4.50000000000036));
#2417 = CARTESIAN_POINT ('', (80.1249999999999, 114.846194077713, -4.49999999999964));
#2418 = B_SPLINE_CURVE_WITH_KNOTS ('', 1, (#2416, #2417), .UNSPECIFIED., .F., .U., (2, 2), (8., 9.), .UNSPECIFIED.);
#2419 = EDGE_CURVE ('', #2415, #2390, #2418, .T.);
#2420 = ORIENTED_EDGE ('', *, *, #2419, .T.);
#2421 = ORIENTED_EDGE ('', *, *, #2402, .T.);
#2422 = ORIENTED_EDGE ('', *, *, #2227, .F.);
#2423 = CARTESIAN_POINT ('', (80.1249999999998, 116.346194077713, -4.50000000000036));
#2424 = CARTESIAN_POINT ('', (80.1249999999998, 116.346194077713, -5.00000000000036));
#2425 = B_SPLINE_CURVE_WITH_KNOTS ('', 1, (#2423, #2424), .UNSPECIFIED., .F., .U., (2, 2), (0., 1.), .UNSPECIFIED.);
#2426 = EDGE_CURVE ('', #2415, #2215, #2425, .T.);
#2427 = ORIENTED_EDGE ('', *, *, #2426, .F.);
#2428 = EDGE_LOOP ('', (#2420, #2421, #2422, #2427));
#2429 = FACE_OUTER_BOUND ('', #2428, .T.);
#2430 = CARTESIAN_POINT ('', (80.1249999999998, 116.346194077713, -4.50000000000036));
#2431 = CARTESIAN_POINT ('', (80.1249999999998, 116.346194077713, -5.00000000000036));
#2432 = CARTESIAN_POINT ('', (80.1249999999999, 114.846194077713, -4.49999999999964));
#2433 = CARTESIAN_POINT ('', (80.1249999999999, 114.846194077713, -4.99999999999964));
#2434 = B_SPLINE_SURFACE_WITH_KNOTS ('', 1, 1, ((#2430, #2431), (#2432, #2433)), .UNSPECIFIED., .F., .F., .U., (2, 2), (2, 2), (8., 9.), (0., 1.), .UNSPECIFIED.);
#2435 = ADVANCED_FACE ('', (#2429), #2434, .T.);
#2436 = CARTESIAN_POINT ('', (78.6249999999998, 117.846194077713, -4.50000000000066));
#2437 = VERTEX_POINT ('', #2436);
#2438 = CARTESIAN_POINT ('', (78.6249999999998, 117.846194077713, -4.50000000000068));
#2439 = CARTESIAN_POINT ('', (80.1249999999998, 117.846194077713, -4.50000000000066));
#2440 = CARTESIAN_POINT ('', (80.1249999999998, 116.346194077713, -4.50000000000036));
#2441 = (
   BOUNDED_CURVE ()
   B_SPLINE_CURVE (2, (#2438, #2439, #2440), .UNSPECIFIED., .F., .U.)
   B_SPLINE_CURVE_WITH_KNOTS ((3, 3), (7., 8.), .UNSPECIFIED.)
   CURVE ()
   GEOMETRIC_REPRESENTATION_ITEM ()
   RATIONAL_B_SPLINE_CURVE ((1., 0.707106781186552, 1.))
   REPRESENTATION_ITEM ('')
);
#2442 = EDGE_CURVE ('', #2437, #2415, #2441, .T.);
#2443 = ORIENTED_EDGE ('', *, *, #2442, .T.);
#2444 = ORIENTED_EDGE ('', *, *, #2426, .T.);
#2445 = ORIENTED_EDGE ('', *, *, #2220, .F.);
#2446 = CARTESIAN_POINT ('', (78.6249999999998, 117.846194077713, -4.50000000000068));
#2447 = CARTESIAN_POINT ('', (78.6249999999999, 117.846194077713, -5.00000000000068));
#2448 = B_SPLINE_CURVE_WITH_KNOTS ('', 1, (#2446, #2447), .UNSPECIFIED., .F., .U., (2, 2), (0., 1.), .UNSPECIFIED.);
#2449 = EDGE_CURVE ('', #2437, #2208, #2448, .T.);
#2450 = ORIENTED_EDGE ('', *, *, #2449, .F.);
#2451 = EDGE_LOOP ('', (#2443, #2444, #2445, #2450));
#2452 = FACE_OUTER_BOUND ('', #2451, .T.);
#2453 = CARTESIAN_POINT ('', (78.6249999999998, 117.846194077713, -4.50000000000068));
#2454 = CARTESIAN_POINT ('', (78.6249999999999, 117.846194077713, -5.00000000000068));
#2455 = CARTESIAN_POINT ('', (80.1249999999998, 117.846194077713, -4.50000000000066));
#2456 = CARTESIAN_POINT ('', (80.1249999999998, 117.846194077713, -5.00000000000066));
#2457 = CARTESIAN_POINT ('', (80.1249999999998, 116.346194077713, -4.50000000000036));
#2458 = CARTESIAN_POINT ('', (80.1249999999998, 116.346194077713, -5.00000000000036));
#2459 = (
   BOUNDED_SURFACE ()
   B_SPLINE_SURFACE (2, 1, ((#2453, #2454), (#2455, #2456), (#2457, #2458)), .UNSPECIFIED., .F., .F., .U.)
   B_SPLINE_SURFACE_WITH_KNOTS ((3, 3), (2, 2), (7., 8.), (0., 1.), .UNSPECIFIED.)
   GEOMETRIC_REPRESENTATION_ITEM ()
   RATIONAL_B_SPLINE_SURFACE (((1., 1.), (0.707106781186552, 0.707106781186552), (1., 1.)))
   REPRESENTATION_ITEM ('')
   SURFACE ()
);
#2460 = ADVANCED_FACE ('', (#2452), #2459, .T.);
#2461 = ORIENTED_EDGE ('', *, *, #2449, .T.);
#2462 = ORIENTED_EDGE ('', *, *, #2212, .F.);
#2463 = ORIENTED_EDGE ('', *, *, #2302, .F.);
#2464 = CARTESIAN_POINT ('', (73.875, 117.846194077713, -4.50000000000106));
#2465 = CARTESIAN_POINT ('', (78.6249999999998, 117.846194077713, -4.50000000000068));
#2466 = B_SPLINE_CURVE_WITH_KNOTS ('', 1, (#2464, #2465), .UNSPECIFIED., .F., .U., (2, 2), (0., 1.), .UNSPECIFIED.);
#2467 = EDGE_CURVE ('', #2292, #2437, #2466, .T.);
#2468 = ORIENTED_EDGE ('', *, *, #2467, .T.);
#2469 = EDGE_LOOP ('', (#2461, #2462, #2463, #2468));
#2470 = FACE_OUTER_BOUND ('', #2469, .T.);
#2471 = CARTESIAN_POINT ('', (73.875, 117.846194077713, -4.49999999999951));
#2472 = CARTESIAN_POINT ('', (73.875, 117.846194077713, -5.00000000000097));
#2473 = CARTESIAN_POINT ('', (78.6249999999998, 117.846194077713, -4.49999999999924));
#2474 = CARTESIAN_POINT ('', (78.6249999999999, 117.846194077713, -5.0000000000007));
#2475 = B_SPLINE_SURFACE_WITH_KNOTS ('', 1, 1, ((#2471, #2472), (#2473, #2474)), .UNSPECIFIED., .F., .F., .U., (2, 2), (2, 2), (13.5384615384615, 15.), (-2.88480350718602E-12, 1.), .UNSPECIFIED.);
#2476 = ADVANCED_FACE ('', (#2470), #2475, .T.);
#2477 = ORIENTED_EDGE ('', *, *, #1765, .F.);
#2478 = CARTESIAN_POINT ('', (75.5000000000001, 117.096194077713, -3.50000000000011));
#2479 = VERTEX_POINT ('', #2478);
#2480 = CARTESIAN_POINT ('', (75.5000000000001, 114.096194077713, -3.50000000000011));
#2481 = CARTESIAN_POINT ('', (75.5000000000001, 117.096194077713, -3.50000000000011));
#2482 = B_SPLINE_CURVE_WITH_KNOTS ('', 1, (#2480, #2481), .UNSPECIFIED., .F., .U., (2, 2), (0., 1.), .UNSPECIFIED.);
#2483 = EDGE_CURVE ('', #1754, #2479, #2482, .T.);
#2484 = ORIENTED_EDGE ('', *, *, #2483, .T.);
#2485 = CARTESIAN_POINT ('', (77.0000000000001, 117.096194077713, -3.50000000000011));
#2486 = CARTESIAN_POINT ('', (75.5000000000001, 117.096194077713, -3.50000000000011));
#2487 = B_SPLINE_CURVE_WITH_KNOTS ('', 1, (#2485, #2486), .UNSPECIFIED., .F., .U., (2, 2), (0., 1.), .UNSPECIFIED.);
#2488 = EDGE_CURVE ('', #2119, #2479, #2487, .T.);
#2489 = ORIENTED_EDGE ('', *, *, #2488, .F.);
#2490 = ORIENTED_EDGE ('', *, *, #2123, .F.);
#2491 = ORIENTED_EDGE ('', *, *, #2116, .T.);
#2492 = ORIENTED_EDGE ('', *, *, #2109, .F.);
#2493 = EDGE_LOOP ('', (#2477, #2484, #2489, #2490, #2491, #2492));
#2494 = FACE_OUTER_BOUND ('', #2493, .T.);
#2495 = CARTESIAN_POINT ('', (75.5000000000001, 114.096194077713, -3.50000000000011));
#2496 = CARTESIAN_POINT ('', (77.0000000000001, 114.096194077713, -3.50000000000011));
#2497 = CARTESIAN_POINT ('', (75.5000000000001, 117.096194077713, -3.50000000000011));
#2498 = CARTESIAN_POINT ('', (77.0000000000001, 117.096194077713, -3.50000000000011));
#2499 = B_SPLINE_SURFACE_WITH_KNOTS ('', 1, 1, ((#2495, #2496), (#2497, #2498)), .UNSPECIFIED., .F., .F., .U., (2, 2), (2, 2), (0.163282485149247, 0.83671751485073), (0.331641242574635, 0.668358757425372), .UNSPECIFIED.);
#2500 = ADVANCED_FACE ('', (#2494), #2499, .T.);
#2501 = ORIENTED_EDGE ('', *, *, #2264, .T.);
#2502 = ORIENTED_EDGE ('', *, *, #2279, .F.);
#2503 = ORIENTED_EDGE ('', *, *, #2274, .T.);
#2504 = ORIENTED_EDGE ('', *, *, #2154, .F.);
#2505 = CARTESIAN_POINT ('', (75.5000000000001, 117.096194077713, -4.25000000000096));
#2506 = VERTEX_POINT ('', #2505);
#2507 = CARTESIAN_POINT ('', (75.5000000000001, 117.346194077713, -4.500000000001));
#2508 = CARTESIAN_POINT ('', (75.5000000000001, 117.26286074438, -4.41666666666764));
#2509 = CARTESIAN_POINT ('', (75.5000000000001, 117.179527411046, -4.3333333333343));
#2510 = CARTESIAN_POINT ('', (75.5000000000001, 117.096194077713, -4.25000000000094));
#2511 = B_SPLINE_CURVE_WITH_KNOTS ('', 3, (#2507, #2508, #2509, #2510), .UNSPECIFIED., .F., .U., (4, 4), (0., 0.35355339059329), .UNSPECIFIED.);
#2512 = EDGE_CURVE ('', #2141, #2506, #2511, .T.);
#2513 = ORIENTED_EDGE ('', *, *, #2512, .T.);
#2514 = CARTESIAN_POINT ('', (75.5000000000001, 117.096194077713, -4.24999999999312));
#2515 = CARTESIAN_POINT ('', (75.5000000000001, 117.096194077713, -3.50000000000011));
#2516 = B_SPLINE_CURVE_WITH_KNOTS ('', 1, (#2514, #2515), .UNSPECIFIED., .F., .U., (2, 2), (0., 1.), .UNSPECIFIED.);
#2517 = EDGE_CURVE ('', #2506, #2479, #2516, .T.);
#2518 = ORIENTED_EDGE ('', *, *, #2517, .T.);
#2519 = ORIENTED_EDGE ('', *, *, #2483, .F.);
#2520 = ORIENTED_EDGE ('', *, *, #1758, .T.);
#2521 = ORIENTED_EDGE ('', *, *, #1697, .F.);
#2522 = ORIENTED_EDGE ('', *, *, #2180, .T.);
#2523 = EDGE_LOOP ('', (#2501, #2502, #2503, #2504, #2513, #2518, #2519, #2520, #2521, #2522));
#2524 = FACE_OUTER_BOUND ('', #2523, .T.);
#2525 = CARTESIAN_POINT ('', (75.5000000000001, 113.846194077714, -3.50000000000011));
#2526 = CARTESIAN_POINT ('', (75.5000000000001, 117.346194077713, -3.50000000000011));
#2527 = CARTESIAN_POINT ('', (75.5000000000001, 113.846194077714, -5.0000000000004));
#2528 = CARTESIAN_POINT ('', (75.5000000000001, 117.346194077713, -5.0000000000004));
#2529 = B_SPLINE_SURFACE_WITH_KNOTS ('', 1, 1, ((#2525, #2526), (#2527, #2528)), .UNSPECIFIED., .F., .F., .U., (2, 2), (2, 2), (0., 0.857142857143023), (3.50000000000053, 6.99999999999947), .UNSPECIFIED.);
#2530 = ADVANCED_FACE ('', (#2524), #2529, .T.);
#2531 = ORIENTED_EDGE ('', *, *, #1642, .F.);
#2532 = ORIENTED_EDGE ('', *, *, #1750, .T.);
#2533 = CARTESIAN_POINT ('', (74.6250000000001, 114.846194077713, -2.99999999999959));
#2534 = VERTEX_POINT ('', #2533);
#2535 = CARTESIAN_POINT ('', (75.375, 114.096194077713, -2.99999999999979));
#2536 = CARTESIAN_POINT ('', (74.6249999999999, 114.096194077713, -2.99999999999981));
#2537 = CARTESIAN_POINT ('', (74.6250000000001, 114.846194077713, -2.99999999999959));
#2538 = (
   BOUNDED_CURVE ()
   B_SPLINE_CURVE (2, (#2535, #2536, #2537), .UNSPECIFIED., .F., .U.)
   B_SPLINE_CURVE_WITH_KNOTS ((3, 3), (11., 12.), .UNSPECIFIED.)
   CURVE ()
   GEOMETRIC_REPRESENTATION_ITEM ()
   RATIONAL_B_SPLINE_CURVE ((1., 0.707106781186481, 1.))
   REPRESENTATION_ITEM ('')
);
#2539 = EDGE_CURVE ('', #1741, #2534, #2538, .T.);
#2540 = ORIENTED_EDGE ('', *, *, #2539, .T.);
#2541 = CARTESIAN_POINT ('', (74.625, 114.846194077713, -4.24999999999959));
#2542 = CARTESIAN_POINT ('', (74.6250000000001, 114.846194077713, -2.99999999999959));
#2543 = B_SPLINE_CURVE_WITH_KNOTS ('', 1, (#2541, #2542), .UNSPECIFIED., .F., .U., (2, 2), (0., 1.), .UNSPECIFIED.);
#2544 = EDGE_CURVE ('', #1598, #2534, #2543, .T.);
#2545 = ORIENTED_EDGE ('', *, *, #2544, .F.);
#2546 = EDGE_LOOP ('', (#2531, #2532, #2540, #2545));
#2547 = FACE_OUTER_BOUND ('', #2546, .T.);
#2548 = CARTESIAN_POINT ('', (75.3749999999999, 114.096194077713, -4.24999999999979));
#2549 = CARTESIAN_POINT ('', (74.6249999999998, 114.096194077713, -4.24999999999982));
#2550 = CARTESIAN_POINT ('', (74.625, 114.846194077713, -4.24999999999959));
#2551 = CARTESIAN_POINT ('', (75.375, 114.096194077713, -2.99999999999979));
#2552 = CARTESIAN_POINT ('', (74.6249999999999, 114.096194077713, -2.99999999999981));
#2553 = CARTESIAN_POINT ('', (74.6250000000001, 114.846194077713, -2.99999999999959));
#2554 = (
   BOUNDED_SURFACE ()
   B_SPLINE_SURFACE (1, 2, ((#2548, #2549, #2550), (#2551, #2552, #2553)), .UNSPECIFIED., .F., .F., .U.)
   B_SPLINE_SURFACE_WITH_KNOTS ((2, 2), (3, 3), (0., 1.), (11., 12.), .UNSPECIFIED.)
   GEOMETRIC_REPRESENTATION_ITEM ()
   RATIONAL_B_SPLINE_SURFACE (((1., 0.707106781186481, 1.), (1., 0.707106781186481, 1.)))
   REPRESENTATION_ITEM ('')
   SURFACE ()
);
#2555 = ADVANCED_FACE ('', (#2547), #2554, .T.);
#2556 = ORIENTED_EDGE ('', *, *, #2297, .F.);
#2557 = ORIENTED_EDGE ('', *, *, #2325, .F.);
#2558 = ORIENTED_EDGE ('', *, *, #2348, .F.);
#2559 = ORIENTED_EDGE ('', *, *, #2372, .F.);
#2560 = ORIENTED_EDGE ('', *, *, #2395, .F.);
#2561 = ORIENTED_EDGE ('', *, *, #2419, .F.);
#2562 = ORIENTED_EDGE ('', *, *, #2442, .F.);
#2563 = ORIENTED_EDGE ('', *, *, #2467, .F.);
#2564 = EDGE_LOOP ('', (#2556, #2557, #2558, #2559, #2560, #2561, #2562, #2563));
#2565 = FACE_OUTER_BOUND ('', #2564, .T.);
#2566 = ORIENTED_EDGE ('', *, *, #1890, .T.);
#2567 = ORIENTED_EDGE ('', *, *, #1838, .T.);
#2568 = ORIENTED_EDGE ('', *, *, #2068, .F.);
#2569 = ORIENTED_EDGE ('', *, *, #2187, .F.);
#2570 = ORIENTED_EDGE ('', *, *, #1688, .F.);
#2571 = ORIENTED_EDGE ('', *, *, #1649, .T.);
#2572 = ORIENTED_EDGE ('', *, *, #1615, .T.);
#2573 = ORIENTED_EDGE ('', *, *, #1565, .T.);
#2574 = CARTESIAN_POINT ('', (75.5000000000001, 117.346194077713, -4.50000000000056));
#2575 = CARTESIAN_POINT ('', (75.4583333333333, 117.346194077713, -4.50000000000056));
#2576 = CARTESIAN_POINT ('', (75.4166666666666, 117.346194077713, -4.50000000000056));
#2577 = CARTESIAN_POINT ('', (75.3749999999998, 117.346194077713, -4.50000000000056));
#2578 = B_SPLINE_CURVE_WITH_KNOTS ('', 3, (#2574, #2575, #2576, #2577), .UNSPECIFIED., .F., .U., (4, 4), (1.62499999999973, 1.74999999999999), .UNSPECIFIED.);
#2579 = EDGE_CURVE ('', #2141, #1555, #2578, .T.);
#2580 = ORIENTED_EDGE ('', *, *, #2579, .F.);
#2581 = ORIENTED_EDGE ('', *, *, #2147, .F.);
#2582 = ORIENTED_EDGE ('', *, *, #1963, .F.);
#2583 = ORIENTED_EDGE ('', *, *, #1924, .T.);
#2584 = EDGE_LOOP ('', (#2566, #2567, #2568, #2569, #2570, #2571, #2572, #2573, #2580, #2581, #2582, #2583));
#2585 = FACE_BOUND ('', #2584, .T.);
#2586 = CARTESIAN_POINT ('', (72.3749999999999, 113.346194077713, -4.49999999999992));
#2587 = CARTESIAN_POINT ('', (72.3749999999999, 117.846194077713, -4.50000000000073));
#2588 = CARTESIAN_POINT ('', (80.1249999999999, 113.346194077713, -4.49999999999975));
#2589 = CARTESIAN_POINT ('', (80.1249999999999, 117.846194077713, -4.50000000000057));
#2590 = B_SPLINE_SURFACE_WITH_KNOTS ('', 1, 1, ((#2586, #2587), (#2588, #2589)), .UNSPECIFIED., .F., .F., .U., (2, 2), (2, 2), (0.214030755869478, 0.693222462250353), (0.360879827179744, 0.639120172820254), .UNSPECIFIED.);
#2591 = ADVANCED_FACE ('', (#2565, #2585), #2590, .T.);
#2592 = CARTESIAN_POINT ('', (75.3749999999999, 117.096194077713, -4.25000000000099));
#2593 = CARTESIAN_POINT ('', (75.5000000000001, 117.096194077713, -4.25000000000096));
#2594 = B_SPLINE_CURVE_WITH_KNOTS ('', 1, (#2592, #2593), .UNSPECIFIED., .F., .U., (2, 2), (14., 14.0714285714287), .UNSPECIFIED.);
#2595 = EDGE_CURVE ('', #1509, #2506, #2594, .T.);
#2596 = ORIENTED_EDGE ('', *, *, #2595, .T.);
#2597 = ORIENTED_EDGE ('', *, *, #2512, .F.);
#2598 = ORIENTED_EDGE ('', *, *, #2579, .T.);
#2599 = ORIENTED_EDGE ('', *, *, #1559, .F.);
#2600 = EDGE_LOOP ('', (#2596, #2597, #2598, #2599));
#2601 = FACE_OUTER_BOUND ('', #2600, .T.);
#2602 = CARTESIAN_POINT ('', (75.3749999999999, 117.096194077713, -4.25000000000099));
#2603 = CARTESIAN_POINT ('', (75.3749999999998, 117.346194077713, -4.50000000000103));
#2604 = CARTESIAN_POINT ('', (75.4166666666666, 117.096194077713, -4.25000000000097));
#2605 = CARTESIAN_POINT ('', (75.4166666666666, 117.346194077713, -4.50000000000102));
#2606 = CARTESIAN_POINT ('', (75.4583333333334, 117.096194077713, -4.25000000000096));
#2607 = CARTESIAN_POINT ('', (75.4583333333333, 117.346194077713, -4.50000000000101));
#2608 = CARTESIAN_POINT ('', (75.5000000000001, 117.096194077713, -4.25000000000095));
#2609 = CARTESIAN_POINT ('', (75.5000000000001, 117.346194077713, -4.500000000001));
#2610 = B_SPLINE_SURFACE_WITH_KNOTS ('', 3, 1, ((#2602, #2603), (#2604, #2605), (#2606, #2607), (#2608, #2609)), .UNSPECIFIED., .F., .F., .U., (4, 4), (2, 2), (0., 0.0714285714287189), (0., 1.), .UNSPECIFIED.);
#2611 = ADVANCED_FACE ('', (#2601), #2610, .T.);
#2612 = ORIENTED_EDGE ('', *, *, #1534, .T.);
#2613 = CARTESIAN_POINT ('', (75.375, 117.096194077713, -2.50000000000099));
#2614 = VERTEX_POINT ('', #2613);
#2615 = CARTESIAN_POINT ('', (75.3749999999999, 117.096194077713, -3.00000000000099));
#2616 = CARTESIAN_POINT ('', (75.375, 117.096194077713, -2.50000000000099));
#2617 = B_SPLINE_CURVE_WITH_KNOTS ('', 1, (#2615, #2616), .UNSPECIFIED., .F., .U., (2, 2), (0., 1.), .UNSPECIFIED.);
#2618 = EDGE_CURVE ('', #1524, #2614, #2617, .T.);
#2619 = ORIENTED_EDGE ('', *, *, #2618, .T.);
#2620 = CARTESIAN_POINT ('', (77.125, 117.096194077714, -2.50000000000055));
#2621 = VERTEX_POINT ('', #2620);
#2622 = CARTESIAN_POINT ('', (75.375, 117.096194077713, -2.50000000000099));
#2623 = CARTESIAN_POINT ('', (77.125, 117.096194077714, -2.50000000000055));
#2624 = B_SPLINE_CURVE_WITH_KNOTS ('', 1, (#2622, #2623), .UNSPECIFIED., .F., .U., (2, 2), (14., 15.), .UNSPECIFIED.);
#2625 = EDGE_CURVE ('', #2614, #2621, #2624, .T.);
#2626 = ORIENTED_EDGE ('', *, *, #2625, .T.);
#2627 = CARTESIAN_POINT ('', (77.1249999999999, 117.096194077713, -3.00000000000055));
#2628 = CARTESIAN_POINT ('', (77.125, 117.096194077714, -2.50000000000055));
#2629 = B_SPLINE_CURVE_WITH_KNOTS ('', 1, (#2627, #2628), .UNSPECIFIED., .F., .U., (2, 2), (0., 1.), .UNSPECIFIED.);
#2630 = EDGE_CURVE ('', #1994, #2621, #2629, .T.);
#2631 = ORIENTED_EDGE ('', *, *, #2630, .F.);
#2632 = ORIENTED_EDGE ('', *, *, #1998, .F.);
#2633 = ORIENTED_EDGE ('', *, *, #1977, .F.);
#2634 = ORIENTED_EDGE ('', *, *, #2128, .T.);
#2635 = ORIENTED_EDGE ('', *, *, #2488, .T.);
#2636 = ORIENTED_EDGE ('', *, *, #2517, .F.);
#2637 = ORIENTED_EDGE ('', *, *, #2595, .F.);
#2638 = EDGE_LOOP ('', (#2612, #2619, #2626, #2631, #2632, #2633, #2634, #2635, #2636, #2637));
#2639 = FACE_OUTER_BOUND ('', #2638, .T.);
#2640 = CARTESIAN_POINT ('', (75.3749999999999, 117.096194077713, -4.25000000000099));
#2641 = CARTESIAN_POINT ('', (77.1250000000004, 117.096194077713, -4.25000000000055));
#2642 = CARTESIAN_POINT ('', (75.375, 117.096194077713, -2.49999999999259));
#2643 = CARTESIAN_POINT ('', (77.1250000000005, 117.096194077714, -2.49999999999215));
#2644 = B_SPLINE_SURFACE_WITH_KNOTS ('', 1, 1, ((#2640, #2641), (#2642, #2643)), .UNSPECIFIED., .F., .F., .U., (2, 2), (2, 2), (0., 1.40000000000672), (14., 15.0000000000003), .UNSPECIFIED.);
#2645 = ADVANCED_FACE ('', (#2639), #2644, .T.);
#2646 = CARTESIAN_POINT ('', (74.625, 116.346194077714, -2.50000000000053));
#2647 = VERTEX_POINT ('', #2646);
#2648 = CARTESIAN_POINT ('', (74.6249999999999, 116.346194077713, -3.00000000000053));
#2649 = CARTESIAN_POINT ('', (74.625, 116.346194077714, -2.50000000000053));
#2650 = B_SPLINE_CURVE_WITH_KNOTS ('', 1, (#2648, #2649), .UNSPECIFIED., .F., .U., (2, 2), (0., 1.), .UNSPECIFIED.);
#2651 = EDGE_CURVE ('', #1517, #2647, #2650, .T.);
#2652 = ORIENTED_EDGE ('', *, *, #2651, .F.);
#2653 = ORIENTED_EDGE ('', *, *, #1521, .F.);
#2654 = ORIENTED_EDGE ('', *, *, #1609, .F.);
#2655 = ORIENTED_EDGE ('', *, *, #2544, .T.);
#2656 = CARTESIAN_POINT ('', (74.6250000000001, 114.846194077714, -2.49999999999959));
#2657 = VERTEX_POINT ('', #2656);
#2658 = CARTESIAN_POINT ('', (74.6250000000001, 114.846194077713, -2.99999999999959));
#2659 = CARTESIAN_POINT ('', (74.6250000000001, 114.846194077714, -2.49999999999959));
#2660 = B_SPLINE_CURVE_WITH_KNOTS ('', 1, (#2658, #2659), .UNSPECIFIED., .F., .U., (2, 2), (0., 1.), .UNSPECIFIED.);
#2661 = EDGE_CURVE ('', #2534, #2657, #2660, .T.);
#2662 = ORIENTED_EDGE ('', *, *, #2661, .T.);
#2663 = CARTESIAN_POINT ('', (74.6250000000001, 114.846194077714, -2.49999999999959));
#2664 = CARTESIAN_POINT ('', (74.625, 116.346194077714, -2.50000000000053));
#2665 = B_SPLINE_CURVE_WITH_KNOTS ('', 1, (#2663, #2664), .UNSPECIFIED., .F., .U., (2, 2), (12., 13.), .UNSPECIFIED.);
#2666 = EDGE_CURVE ('', #2657, #2647, #2665, .T.);
#2667 = ORIENTED_EDGE ('', *, *, #2666, .T.);
#2668 = EDGE_LOOP ('', (#2652, #2653, #2654, #2655, #2662, #2667));
#2669 = FACE_OUTER_BOUND ('', #2668, .T.);
#2670 = CARTESIAN_POINT ('', (74.6249999999999, 114.846194077713, -4.25000000000735));
#2671 = CARTESIAN_POINT ('', (74.6249999999998, 116.346194077714, -4.25000000000829));
#2672 = CARTESIAN_POINT ('', (74.6250000000001, 114.846194077714, -2.49999999999959));
#2673 = CARTESIAN_POINT ('', (74.625, 116.346194077714, -2.50000000000053));
#2674 = B_SPLINE_SURFACE_WITH_KNOTS ('', 1, 1, ((#2670, #2671), (#2672, #2673)), .UNSPECIFIED., .F., .F., .U., (2, 2), (2, 2), (-2.50000000001552, 1.), (12., 13.0000000000003), .UNSPECIFIED.);
#2675 = ADVANCED_FACE ('', (#2669), #2674, .T.);
#2676 = ORIENTED_EDGE ('', *, *, #2539, .F.);
#2677 = ORIENTED_EDGE ('', *, *, #1745, .T.);
#2678 = CARTESIAN_POINT ('', (75.375, 114.096194077714, -2.49999999999979));
#2679 = CARTESIAN_POINT ('', (74.625, 114.096194077714, -2.49999999999981));
#2680 = CARTESIAN_POINT ('', (74.6250000000001, 114.846194077714, -2.49999999999959));
#2681 = (
   BOUNDED_CURVE ()
   B_SPLINE_CURVE (2, (#2678, #2679, #2680), .UNSPECIFIED., .F., .U.)
   B_SPLINE_CURVE_WITH_KNOTS ((3, 3), (11., 12.), .UNSPECIFIED.)
   CURVE ()
   GEOMETRIC_REPRESENTATION_ITEM ()
   RATIONAL_B_SPLINE_CURVE ((1., 0.707106781186481, 1.))
   REPRESENTATION_ITEM ('')
);
#2682 = EDGE_CURVE ('', #1734, #2657, #2681, .T.);
#2683 = ORIENTED_EDGE ('', *, *, #2682, .T.);
#2684 = ORIENTED_EDGE ('', *, *, #2661, .F.);
#2685 = EDGE_LOOP ('', (#2676, #2677, #2683, #2684));
#2686 = FACE_OUTER_BOUND ('', #2685, .T.);
#2687 = CARTESIAN_POINT ('', (75.375, 114.096194077713, -2.99999999999979));
#2688 = CARTESIAN_POINT ('', (74.6249999999999, 114.096194077713, -2.99999999999981));
#2689 = CARTESIAN_POINT ('', (74.6250000000001, 114.846194077713, -2.99999999999959));
#2690 = CARTESIAN_POINT ('', (75.375, 114.096194077714, -2.49999999999979));
#2691 = CARTESIAN_POINT ('', (74.625, 114.096194077714, -2.49999999999981));
#2692 = CARTESIAN_POINT ('', (74.6250000000001, 114.846194077714, -2.49999999999959));
#2693 = (
   BOUNDED_SURFACE ()
   B_SPLINE_SURFACE (1, 2, ((#2687, #2688, #2689), (#2690, #2691, #2692)), .UNSPECIFIED., .F., .F., .U.)
   B_SPLINE_SURFACE_WITH_KNOTS ((2, 2), (3, 3), (0., 1.), (11., 12.), .UNSPECIFIED.)
   GEOMETRIC_REPRESENTATION_ITEM ()
   RATIONAL_B_SPLINE_SURFACE (((1., 0.707106781186481, 1.), (1., 0.707106781186481, 1.)))
   REPRESENTATION_ITEM ('')
   SURFACE ()
);
#2694 = ADVANCED_FACE ('', (#2686), #2693, .T.);
#2695 = ORIENTED_EDGE ('', *, *, #1806, .F.);
#2696 = ORIENTED_EDGE ('', *, *, #2041, .T.);
#2697 = CARTESIAN_POINT ('', (77.875, 114.846194077714, -2.50000000000019));
#2698 = CARTESIAN_POINT ('', (77.875, 114.096194077714, -2.49999999999985));
#2699 = CARTESIAN_POINT ('', (77.125, 114.096194077714, -2.50000000000046));
#2700 = (
   BOUNDED_CURVE ()
   B_SPLINE_CURVE (2, (#2697, #2698, #2699), .UNSPECIFIED., .F., .U.)
   B_SPLINE_CURVE_WITH_KNOTS ((3, 3), (9., 10.), .UNSPECIFIED.)
   CURVE ()
   GEOMETRIC_REPRESENTATION_ITEM ()
   RATIONAL_B_SPLINE_CURVE ((1., 0.707106781186508, 1.))
   REPRESENTATION_ITEM ('')
);
#2701 = EDGE_CURVE ('', #2032, #1727, #2700, .T.);
#2702 = ORIENTED_EDGE ('', *, *, #2701, .T.);
#2703 = ORIENTED_EDGE ('', *, *, #1731, .F.);
#2704 = EDGE_LOOP ('', (#2695, #2696, #2702, #2703));
#2705 = FACE_OUTER_BOUND ('', #2704, .T.);
#2706 = CARTESIAN_POINT ('', (77.8749999999999, 114.846194077713, -3.00000000000019));
#2707 = CARTESIAN_POINT ('', (77.875, 114.096194077713, -2.99999999999985));
#2708 = CARTESIAN_POINT ('', (77.1249999999999, 114.096194077714, -3.00000000000046));
#2709 = CARTESIAN_POINT ('', (77.875, 114.846194077714, -2.50000000000019));
#2710 = CARTESIAN_POINT ('', (77.875, 114.096194077714, -2.49999999999985));
#2711 = CARTESIAN_POINT ('', (77.125, 114.096194077714, -2.50000000000046));
#2712 = (
   BOUNDED_SURFACE ()
   B_SPLINE_SURFACE (1, 2, ((#2706, #2707, #2708), (#2709, #2710, #2711)), .UNSPECIFIED., .F., .F., .U.)
   B_SPLINE_SURFACE_WITH_KNOTS ((2, 2), (3, 3), (0., 1.), (9., 10.), .UNSPECIFIED.)
   GEOMETRIC_REPRESENTATION_ITEM ()
   RATIONAL_B_SPLINE_SURFACE (((1., 0.707106781186508, 1.), (1., 0.707106781186508, 1.)))
   REPRESENTATION_ITEM ('')
   SURFACE ()
);
#2713 = ADVANCED_FACE ('', (#2705), #2712, .T.);
#2714 = ORIENTED_EDGE ('', *, *, #2006, .F.);
#2715 = ORIENTED_EDGE ('', *, *, #2630, .T.);
#2716 = CARTESIAN_POINT ('', (77.125, 117.096194077714, -2.50000000000055));
#2717 = CARTESIAN_POINT ('', (77.8749999999999, 117.096194077714, -2.50000000000046));
#2718 = CARTESIAN_POINT ('', (77.875, 116.346194077714, -2.50000000000052));
#2719 = (
   BOUNDED_CURVE ()
   B_SPLINE_CURVE (2, (#2716, #2717, #2718), .UNSPECIFIED., .F., .U.)
   B_SPLINE_CURVE_WITH_KNOTS ((3, 3), (15., 16.), .UNSPECIFIED.)
   CURVE ()
   GEOMETRIC_REPRESENTATION_ITEM ()
   RATIONAL_B_SPLINE_CURVE ((1., 0.707106781186552, 1.))
   REPRESENTATION_ITEM ('')
);
#2720 = EDGE_CURVE ('', #2621, #2025, #2719, .T.);
#2721 = ORIENTED_EDGE ('', *, *, #2720, .T.);
#2722 = ORIENTED_EDGE ('', *, *, #2029, .F.);
#2723 = EDGE_LOOP ('', (#2714, #2715, #2721, #2722));
#2724 = FACE_OUTER_BOUND ('', #2723, .T.);
#2725 = CARTESIAN_POINT ('', (77.1249999999999, 117.096194077713, -3.00000000000055));
#2726 = CARTESIAN_POINT ('', (77.8749999999999, 117.096194077713, -3.00000000000046));
#2727 = CARTESIAN_POINT ('', (77.8749999999999, 116.346194077713, -3.00000000000052));
#2728 = CARTESIAN_POINT ('', (77.125, 117.096194077714, -2.50000000000055));
#2729 = CARTESIAN_POINT ('', (77.8749999999999, 117.096194077714, -2.50000000000046));
#2730 = CARTESIAN_POINT ('', (77.875, 116.346194077714, -2.50000000000052));
#2731 = (
   BOUNDED_SURFACE ()
   B_SPLINE_SURFACE (1, 2, ((#2725, #2726, #2727), (#2728, #2729, #2730)), .UNSPECIFIED., .F., .F., .U.)
   B_SPLINE_SURFACE_WITH_KNOTS ((2, 2), (3, 3), (0., 1.), (15., 16.), .UNSPECIFIED.)
   GEOMETRIC_REPRESENTATION_ITEM ()
   RATIONAL_B_SPLINE_SURFACE (((1., 0.707106781186552, 1.), (1., 0.707106781186552, 1.)))
   REPRESENTATION_ITEM ('')
   SURFACE ()
);
#2732 = ADVANCED_FACE ('', (#2724), #2731, .T.);
#2733 = ORIENTED_EDGE ('', *, *, #1529, .F.);
#2734 = ORIENTED_EDGE ('', *, *, #2651, .T.);
#2735 = CARTESIAN_POINT ('', (74.625, 116.346194077714, -2.50000000000053));
#2736 = CARTESIAN_POINT ('', (74.625, 117.096194077714, -2.5000000000006));
#2737 = CARTESIAN_POINT ('', (75.375, 117.096194077713, -2.50000000000099));
#2738 = (
   BOUNDED_CURVE ()
   B_SPLINE_CURVE (2, (#2735, #2736, #2737), .UNSPECIFIED., .F., .U.)
   B_SPLINE_CURVE_WITH_KNOTS ((3, 3), (13., 14.), .UNSPECIFIED.)
   CURVE ()
   GEOMETRIC_REPRESENTATION_ITEM ()
   RATIONAL_B_SPLINE_CURVE ((1., 0.707106781186508, 1.))
   REPRESENTATION_ITEM ('')
);
#2739 = EDGE_CURVE ('', #2647, #2614, #2738, .T.);
#2740 = ORIENTED_EDGE ('', *, *, #2739, .T.);
#2741 = ORIENTED_EDGE ('', *, *, #2618, .F.);
#2742 = EDGE_LOOP ('', (#2733, #2734, #2740, #2741));
#2743 = FACE_OUTER_BOUND ('', #2742, .T.);
#2744 = CARTESIAN_POINT ('', (74.6249999999999, 116.346194077713, -3.00000000000053));
#2745 = CARTESIAN_POINT ('', (74.6249999999999, 117.096194077713, -3.0000000000006));
#2746 = CARTESIAN_POINT ('', (75.3749999999999, 117.096194077713, -3.00000000000099));
#2747 = CARTESIAN_POINT ('', (74.625, 116.346194077714, -2.50000000000053));
#2748 = CARTESIAN_POINT ('', (74.625, 117.096194077714, -2.5000000000006));
#2749 = CARTESIAN_POINT ('', (75.375, 117.096194077713, -2.50000000000099));
#2750 = (
   BOUNDED_SURFACE ()
   B_SPLINE_SURFACE (1, 2, ((#2744, #2745, #2746), (#2747, #2748, #2749)), .UNSPECIFIED., .F., .F., .U.)
   B_SPLINE_SURFACE_WITH_KNOTS ((2, 2), (3, 3), (0., 1.), (13., 14.), .UNSPECIFIED.)
   GEOMETRIC_REPRESENTATION_ITEM ()
   RATIONAL_B_SPLINE_SURFACE (((1., 0.707106781186508, 1.), (1., 0.707106781186508, 1.)))
   REPRESENTATION_ITEM ('')
   SURFACE ()
);
#2751 = ADVANCED_FACE ('', (#2743), #2750, .T.);
#2752 = ORIENTED_EDGE ('', *, *, #2682, .F.);
#2753 = ORIENTED_EDGE ('', *, *, #1738, .F.);
#2754 = ORIENTED_EDGE ('', *, *, #2701, .F.);
#2755 = ORIENTED_EDGE ('', *, *, #2036, .F.);
#2756 = ORIENTED_EDGE ('', *, *, #2720, .F.);
#2757 = ORIENTED_EDGE ('', *, *, #2625, .F.);
#2758 = ORIENTED_EDGE ('', *, *, #2739, .F.);
#2759 = ORIENTED_EDGE ('', *, *, #2666, .F.);
#2760 = EDGE_LOOP ('', (#2752, #2753, #2754, #2755, #2756, #2757, #2758, #2759));
#2761 = FACE_OUTER_BOUND ('', #2760, .T.);
#2762 = CARTESIAN_POINT ('', (74.625, 114.096194077714, -2.49999999999984));
#2763 = CARTESIAN_POINT ('', (74.625, 117.096194077714, -2.50000000000053));
#2764 = CARTESIAN_POINT ('', (77.875, 114.096194077714, -2.50000000000009));
#2765 = CARTESIAN_POINT ('', (77.875, 117.096194077714, -2.50000000000078));
#2766 = B_SPLINE_SURFACE_WITH_KNOTS ('', 1, 1, ((#2762, #2763), (#2764, #2765)), .UNSPECIFIED., .F., .F., .U., (2, 2), (2, 2), (0.325046798898217, 0.674953201101779), (0.338504737444505, 0.66149526255549), .UNSPECIFIED.);
#2767 = ADVANCED_FACE ('', (#2761), #2766, .T.);
#2768 = CLOSED_SHELL ('', (#1545, #1596, #1628, #1680, #1716, #1786, #1818, #1869, #1903, #1955, #1991, #2022, #2052, #2082, #2138, #2168, #2196, #2288, #2319, #2341, #2366, #2388, #2413, #2435, #2460, #2476, #2500, #2530, #2555, #2591, #2611, #2645, #2675, #2694, #2713, #2732, #2751, #2767));
#2769 = MANIFOLD_SOLID_BREP ('', #2768);
#2770 = COLOUR_RGB ('', 0., 0.333333333333333, 1.);
#2771 = FILL_AREA_STYLE_COLOUR ('', #2770);
#2772 = FILL_AREA_STYLE ('', (#2771));
#2773 = SURFACE_STYLE_FILL_AREA (#2772);
#2774 = SURFACE_SIDE_STYLE ('', (#2773));
#2775 = SURFACE_STYLE_USAGE (.POSITIVE., #2774);
#2776 = PRESENTATION_STYLE_ASSIGNMENT ((#2775));
#2777 = STYLED_ITEM ('', (#2776), #2769);
#2778 = (
   LENGTH_UNIT ()
   NAMED_UNIT (*)
   SI_UNIT ($, .METRE.)
);
#2779 = (
   NAMED_UNIT (*)
   SI_UNIT ($, .STERADIAN.)
   SOLID_ANGLE_UNIT ()
);
#2780 = (
   NAMED_UNIT (*)
   PLANE_ANGLE_UNIT ()
   SI_UNIT ($, .RADIAN.)
);
#2781 = UNCERTAINTY_MEASURE_WITH_UNIT (LENGTH_MEASURE(0.001), #2778, 'DISTANCE_ACCURACY_VALUE', '');
#2782 = (
   GEOMETRIC_REPRESENTATION_CONTEXT (3)
   GLOBAL_UNCERTAINTY_ASSIGNED_CONTEXT ((#2781))
   GLOBAL_UNIT_ASSIGNED_CONTEXT ((#2778, #2779, #2780))
   REPRESENTATION_CONTEXT ('', '3D')
);
#2783 = SHAPE_REPRESENTATION ('', (#2911), #2782);
#2784 = APPLICATION_CONTEXT ('configuration controlled 3D designs of mechanical parts and assemblies');
#2785 = APPLICATION_PROTOCOL_DEFINITION ('International Standard', 'config_control_design', 1997, #2784);
#2786 = MECHANICAL_CONTEXT ('', #2784, 'mechanical');
#2787 = PRODUCT ('', '', '', (#2786));
#2788 = PERSON_AND_ORGANIZATION_ROLE ('design_owner');
#2789 = PERSON ('#2789', '', $, $, $, $);
#2790 = ORGANIZATION ($, '', '');
#2791 = PERSON_AND_ORGANIZATION (#2789, #2790);
#2792 = CC_DESIGN_PERSON_AND_ORGANIZATION_ASSIGNMENT (#2791, #2788, (#2787));
#2793 = PRODUCT_RELATED_PRODUCT_CATEGORY ('detail', $, (#2787));
#2794 = PRODUCT_DEFINITION_FORMATION_WITH_SPECIFIED_SOURCE ('', '', #2787, .NOT_KNOWN.);
#2795 = APPROVAL_STATUS ('approved');
#2796 = APPROVAL (#2795, '');
#2797 = CALENDAR_DATE (2026, 7, 2);
#2798 = COORDINATED_UNIVERSAL_TIME_OFFSET (0, $, .AHEAD.);
#2799 = LOCAL_TIME (9, 25, 58., #2798);
#2800 = DATE_AND_TIME (#2797, #2799);
#2801 = APPROVAL_DATE_TIME (#2800, #2796);
#2802 = APPROVAL_ROLE ('');
#2803 = PERSON ('#2803', '', $, $, $, $);
#2804 = ORGANIZATION ($, '', '');
#2805 = PERSON_AND_ORGANIZATION (#2803, #2804);
#2806 = APPROVAL_PERSON_ORGANIZATION (#2805, #2796, #2802);
#2807 = CC_DESIGN_APPROVAL (#2796, (#2794));
#2808 = PERSON_AND_ORGANIZATION_ROLE ('creator');
#2809 = PERSON ('#2809', '', $, $, $, $);
#2810 = ORGANIZATION ($, '', '');
#2811 = PERSON_AND_ORGANIZATION (#2809, #2810);
#2812 = CC_DESIGN_PERSON_AND_ORGANIZATION_ASSIGNMENT (#2811, #2808, (#2794));
#2813 = PERSON_AND_ORGANIZATION_ROLE ('part_supplier');
#2814 = PERSON ('#2814', '', $, $, $, $);
#2815 = ORGANIZATION ($, '', '');
#2816 = PERSON_AND_ORGANIZATION (#2814, #2815);
#2817 = CC_DESIGN_PERSON_AND_ORGANIZATION_ASSIGNMENT (#2816, #2813, (#2794));
#2818 = SECURITY_CLASSIFICATION_LEVEL ('unclassified');
#2819 = SECURITY_CLASSIFICATION ('', '', #2818);
#2820 = APPROVAL_STATUS ('approved');
#2821 = APPROVAL (#2820, '');
#2822 = CALENDAR_DATE (2026, 7, 2);
#2823 = COORDINATED_UNIVERSAL_TIME_OFFSET (0, $, .AHEAD.);
#2824 = LOCAL_TIME (9, 25, 58., #2823);
#2825 = DATE_AND_TIME (#2822, #2824);
#2826 = APPROVAL_DATE_TIME (#2825, #2821);
#2827 = APPROVAL_ROLE ('');
#2828 = PERSON ('#2828', '', $, $, $, $);
#2829 = ORGANIZATION ($, '', '');
#2830 = PERSON_AND_ORGANIZATION (#2828, #2829);
#2831 = APPROVAL_PERSON_ORGANIZATION (#2830, #2821, #2827);
#2832 = CC_DESIGN_APPROVAL (#2821, (#2819));
#2833 = DATE_TIME_ROLE ('classification_date');
#2834 = CALENDAR_DATE (2026, 7, 2);
#2835 = COORDINATED_UNIVERSAL_TIME_OFFSET (0, $, .AHEAD.);
#2836 = LOCAL_TIME (9, 25, 58., #2835);
#2837 = DATE_AND_TIME (#2834, #2836);
#2838 = CC_DESIGN_DATE_AND_TIME_ASSIGNMENT (#2837, #2833, (#2819));
#2839 = PERSON_AND_ORGANIZATION_ROLE ('classification_officer');
#2840 = PERSON ('#2840', '', $, $, $, $);
#2841 = ORGANIZATION ($, '', '');
#2842 = PERSON_AND_ORGANIZATION (#2840, #2841);
#2843 = CC_DESIGN_PERSON_AND_ORGANIZATION_ASSIGNMENT (#2842, #2839, (#2819));
#2844 = CC_DESIGN_SECURITY_CLASSIFICATION (#2819, (#2794));
#2845 = DESIGN_CONTEXT ('', #2784, 'design');
#2846 = APPROVAL_STATUS ('approved');
#2847 = APPROVAL (#2846, '');
#2848 = CALENDAR_DATE (2026, 7, 2);
#2849 = COORDINATED_UNIVERSAL_TIME_OFFSET (0, $, .AHEAD.);
#2850 = LOCAL_TIME (9, 25, 58., #2849);
#2851 = DATE_AND_TIME (#2848, #2850);
#2852 = APPROVAL_DATE_TIME (#2851, #2847);
#2853 = APPROVAL_ROLE ('');
#2854 = PERSON ('#2854', '', $, $, $, $);
#2855 = ORGANIZATION ($, '', '');
#2856 = PERSON_AND_ORGANIZATION (#2854, #2855);
#2857 = APPROVAL_PERSON_ORGANIZATION (#2856, #2847, #2853);
#2858 = CC_DESIGN_APPROVAL (#2847, (*));
#2859 = DATE_TIME_ROLE ('creation_date');
#2860 = CALENDAR_DATE (2026, 7, 2);
#2861 = COORDINATED_UNIVERSAL_TIME_OFFSET (0, $, .AHEAD.);
#2862 = LOCAL_TIME (9, 25, 58., #2861);
#2863 = DATE_AND_TIME (#2860, #2862);
#2864 = CC_DESIGN_DATE_AND_TIME_ASSIGNMENT (#2863, #2859, (*));
#2865 = PERSON_AND_ORGANIZATION_ROLE ('creator');
#2866 = PERSON ('#2866', '', $, $, $, $);
#2867 = ORGANIZATION ($, '', '');
#2868 = PERSON_AND_ORGANIZATION (#2866, #2867);
#2869 = CC_DESIGN_PERSON_AND_ORGANIZATION_ASSIGNMENT (#2868, #2865, (*));
#2870 = PRODUCT_DEFINITION ('', '', #2794, #2845);
#2871 = PRODUCT_DEFINITION_SHAPE ('', '', #2870);
#2872 = SHAPE_DEFINITION_REPRESENTATION (#2871, #2783);
#2873 = SHAPE_REPRESENTATION_RELATIONSHIP ('', '', #2783, #2874);
#2874 = ADVANCED_BREP_SHAPE_REPRESENTATION ('', (#2769), #2782);
#2875 = NEXT_ASSEMBLY_USAGE_OCCURRENCE ('#2875', '', '', #93, #2870, $);
#2876 = SECURITY_CLASSIFICATION_LEVEL ('unclassified');
#2877 = SECURITY_CLASSIFICATION ('', '', #2876);
#2878 = APPROVAL_STATUS ('approved');
#2879 = APPROVAL (#2878, '');
#2880 = CALENDAR_DATE (2026, 7, 2);
#2881 = COORDINATED_UNIVERSAL_TIME_OFFSET (0, $, .AHEAD.);
#2882 = LOCAL_TIME (9, 25, 58., #2881);
#2883 = DATE_AND_TIME (#2880, #2882);
#2884 = APPROVAL_DATE_TIME (#2883, #2879);
#2885 = APPROVAL_ROLE ('');
#2886 = PERSON ('#2886', '', $, $, $, $);
#2887 = ORGANIZATION ($, '', '');
#2888 = PERSON_AND_ORGANIZATION (#2886, #2887);
#2889 = APPROVAL_PERSON_ORGANIZATION (#2888, #2879, #2885);
#2890 = CC_DESIGN_APPROVAL (#2879, (#2877));
#2891 = DATE_TIME_ROLE ('classification_date');
#2892 = CALENDAR_DATE (2026, 7, 2);
#2893 = COORDINATED_UNIVERSAL_TIME_OFFSET (0, $, .AHEAD.);
#2894 = LOCAL_TIME (9, 25, 58., #2893);
#2895 = DATE_AND_TIME (#2892, #2894);
#2896 = CC_DESIGN_DATE_AND_TIME_ASSIGNMENT (#2895, #2891, (#2877));
#2897 = PERSON_AND_ORGANIZATION_ROLE ('classification_officer');
#2898 = PERSON ('#2898', '', $, $, $, $);
#2899 = ORGANIZATION ($, '', '');
#2900 = PERSON_AND_ORGANIZATION (#2898, #2899);
#2901 = CC_DESIGN_PERSON_AND_ORGANIZATION_ASSIGNMENT (#2900, #2897, (#2877));
#2902 = CC_DESIGN_SECURITY_CLASSIFICATION (#2877, (#2875));
#2903 = PRODUCT_DEFINITION_SHAPE ('', '', #2875);
#2904 = CARTESIAN_POINT ('', (0., 0., 0.));
#2905 = DIRECTION ('', (0., 0., 1.));
#2906 = DIRECTION ('', (1., 0., 0.));
#2907 = AXIS2_PLACEMENT_3D ('', #2904, #2905, #2906);
#2908 = CARTESIAN_POINT ('', (0., 0., 0.));
#2909 = DIRECTION ('', (0., 0., 1.));
#2910 = DIRECTION ('', (1., 0., 0.));
#2911 = AXIS2_PLACEMENT_3D ('', #2908, #2909, #2910);
#2912 = ITEM_DEFINED_TRANSFORMATION ('', '', #2907, #2911);
#2913 = (
   REPRESENTATION_RELATIONSHIP ('', '', #6, #2783)
   REPRESENTATION_RELATIONSHIP_WITH_TRANSFORMATION (#2912)
   SHAPE_REPRESENTATION_RELATIONSHIP ()
);
#2914 = CONTEXT_DEPENDENT_SHAPE_REPRESENTATION (#2913, #2903);
ENDSEC;
END-ISO-10303-21;
