ISO-10303-21;
HEADER;
FILE_DESCRIPTION (('STEP'), '1');
FILE_NAME ('C:\\projects\\3dmodel\\ansikBackDefaultR.stp', '2026-01-29T22:09:01', ('Unknown'), ('Unknown'), 'HarmonyWare STEP v2.1.9', 'HarmonyWare Translators', '');
FILE_SCHEMA (('CONFIG_CONTROL_DESIGN'));
ENDSEC;

DATA;
#1 = (
   LENGTH_UNIT ()
   NAMED_UNIT (*)
   SI_UNIT ($, .METRE.)
);
#2 = (
   NAMED_UNIT (*)
   SI_UNIT ($, .STERADIAN.)
   SOLID_ANGLE_UNIT ()
);
#3 = (
   NAMED_UNIT (*)
   PLANE_ANGLE_UNIT ()
   SI_UNIT ($, .RADIAN.)
);
#4 = UNCERTAINTY_MEASURE_WITH_UNIT (LENGTH_MEASURE(0.001), #1, 'DISTANCE_ACCURACY_VALUE', '');
#5 = (
   GEOMETRIC_REPRESENTATION_CONTEXT (3)
   GLOBAL_UNCERTAINTY_ASSIGNED_CONTEXT ((#4))
   GLOBAL_UNIT_ASSIGNED_CONTEXT ((#1, #2, #3))
   REPRESENTATION_CONTEXT ('', '3D')
);
#6 = SHAPE_REPRESENTATION ('', (#4320), #5);
#7 = APPLICATION_CONTEXT ('configuration controlled 3D designs of mechanical parts and assemblies');
#8 = APPLICATION_PROTOCOL_DEFINITION ('International Standard', 'config_control_design', 1997, #7);
#9 = MECHANICAL_CONTEXT ('', #7, 'mechanical');
#10 = PRODUCT ('', '', '', (#9));
#11 = PERSON_AND_ORGANIZATION_ROLE ('design_owner');
#12 = PERSON ('#12', '', $, $, $, $);
#13 = ORGANIZATION ($, '', '');
#14 = PERSON_AND_ORGANIZATION (#12, #13);
#15 = CC_DESIGN_PERSON_AND_ORGANIZATION_ASSIGNMENT (#14, #11, (#10));
#16 = PRODUCT_RELATED_PRODUCT_CATEGORY ('detail', $, (#10));
#17 = PRODUCT_DEFINITION_FORMATION_WITH_SPECIFIED_SOURCE ('', '', #10, .NOT_KNOWN.);
#18 = APPROVAL_STATUS ('approved');
#19 = APPROVAL (#18, '');
#20 = CALENDAR_DATE (2026, 29, 1);
#21 = COORDINATED_UNIVERSAL_TIME_OFFSET (0, $, .AHEAD.);
#22 = LOCAL_TIME (22, 9, 1., #21);
#23 = DATE_AND_TIME (#20, #22);
#24 = APPROVAL_DATE_TIME (#23, #19);
#25 = APPROVAL_ROLE ('');
#26 = PERSON ('#26', '', $, $, $, $);
#27 = ORGANIZATION ($, '', '');
#28 = PERSON_AND_ORGANIZATION (#26, #27);
#29 = APPROVAL_PERSON_ORGANIZATION (#28, #19, #25);
#30 = CC_DESIGN_APPROVAL (#19, (#17));
#31 = PERSON_AND_ORGANIZATION_ROLE ('creator');
#32 = PERSON ('#32', '', $, $, $, $);
#33 = ORGANIZATION ($, '', '');
#34 = PERSON_AND_ORGANIZATION (#32, #33);
#35 = CC_DESIGN_PERSON_AND_ORGANIZATION_ASSIGNMENT (#34, #31, (#17));
#36 = PERSON_AND_ORGANIZATION_ROLE ('part_supplier');
#37 = PERSON ('#37', '', $, $, $, $);
#38 = ORGANIZATION ($, '', '');
#39 = PERSON_AND_ORGANIZATION (#37, #38);
#40 = CC_DESIGN_PERSON_AND_ORGANIZATION_ASSIGNMENT (#39, #36, (#17));
#41 = SECURITY_CLASSIFICATION_LEVEL ('unclassified');
#42 = SECURITY_CLASSIFICATION ('', '', #41);
#43 = APPROVAL_STATUS ('approved');
#44 = APPROVAL (#43, '');
#45 = CALENDAR_DATE (2026, 29, 1);
#46 = COORDINATED_UNIVERSAL_TIME_OFFSET (0, $, .AHEAD.);
#47 = LOCAL_TIME (22, 9, 1., #46);
#48 = DATE_AND_TIME (#45, #47);
#49 = APPROVAL_DATE_TIME (#48, #44);
#50 = APPROVAL_ROLE ('');
#51 = PERSON ('#51', '', $, $, $, $);
#52 = ORGANIZATION ($, '', '');
#53 = PERSON_AND_ORGANIZATION (#51, #52);
#54 = APPROVAL_PERSON_ORGANIZATION (#53, #44, #50);
#55 = CC_DESIGN_APPROVAL (#44, (#42));
#56 = DATE_TIME_ROLE ('classification_date');
#57 = CALENDAR_DATE (2026, 29, 1);
#58 = COORDINATED_UNIVERSAL_TIME_OFFSET (0, $, .AHEAD.);
#59 = LOCAL_TIME (22, 9, 1., #58);
#60 = DATE_AND_TIME (#57, #59);
#61 = CC_DESIGN_DATE_AND_TIME_ASSIGNMENT (#60, #56, (#42));
#62 = PERSON_AND_ORGANIZATION_ROLE ('classification_officer');
#63 = PERSON ('#63', '', $, $, $, $);
#64 = ORGANIZATION ($, '', '');
#65 = PERSON_AND_ORGANIZATION (#63, #64);
#66 = CC_DESIGN_PERSON_AND_ORGANIZATION_ASSIGNMENT (#65, #62, (#42));
#67 = CC_DESIGN_SECURITY_CLASSIFICATION (#42, (#17));
#68 = DESIGN_CONTEXT ('', #7, 'design');
#69 = APPROVAL_STATUS ('approved');
#70 = APPROVAL (#69, '');
#71 = CALENDAR_DATE (2026, 29, 1);
#72 = COORDINATED_UNIVERSAL_TIME_OFFSET (0, $, .AHEAD.);
#73 = LOCAL_TIME (22, 9, 1., #72);
#74 = DATE_AND_TIME (#71, #73);
#75 = APPROVAL_DATE_TIME (#74, #70);
#76 = APPROVAL_ROLE ('');
#77 = PERSON ('#77', '', $, $, $, $);
#78 = ORGANIZATION ($, '', '');
#79 = PERSON_AND_ORGANIZATION (#77, #78);
#80 = APPROVAL_PERSON_ORGANIZATION (#79, #70, #76);
#81 = CC_DESIGN_APPROVAL (#70, (*));
#82 = DATE_TIME_ROLE ('creation_date');
#83 = CALENDAR_DATE (2026, 29, 1);
#84 = COORDINATED_UNIVERSAL_TIME_OFFSET (0, $, .AHEAD.);
#85 = LOCAL_TIME (22, 9, 1., #84);
#86 = DATE_AND_TIME (#83, #85);
#87 = CC_DESIGN_DATE_AND_TIME_ASSIGNMENT (#86, #82, (*));
#88 = PERSON_AND_ORGANIZATION_ROLE ('creator');
#89 = PERSON ('#89', '', $, $, $, $);
#90 = ORGANIZATION ($, '', '');
#91 = PERSON_AND_ORGANIZATION (#89, #90);
#92 = CC_DESIGN_PERSON_AND_ORGANIZATION_ASSIGNMENT (#91, #88, (*));
#93 = PRODUCT_DEFINITION ('', '', #17, #68);
#94 = PRODUCT_DEFINITION_SHAPE ('', '', #93);
#95 = SHAPE_DEFINITION_REPRESENTATION (#94, #6);
#96 = CARTESIAN_POINT ('', (17.5, 81.5000000000001, -5.));
#97 = VERTEX_POINT ('', #96);
#98 = CARTESIAN_POINT ('', (17.5, 82.0000000000001, -4.5));
#99 = VERTEX_POINT ('', #98);
#100 = CARTESIAN_POINT ('', (17.5, 81.5000000000001, -5.));
#101 = CARTESIAN_POINT ('', (17.5, 82.0000000000001, -4.5));
#102 = B_SPLINE_CURVE_WITH_KNOTS ('', 1, (#100, #101), .UNSPECIFIED., .F., .U., (2, 2), (0., 1.), .UNSPECIFIED.);
#103 = EDGE_CURVE ('', #97, #99, #102, .T.);
#104 = ORIENTED_EDGE ('', *, *, #103, .T.);
#105 = CARTESIAN_POINT ('', (17.5, 93.0000000000001, -4.5));
#106 = VERTEX_POINT ('', #105);
#107 = CARTESIAN_POINT ('', (17.5, 82.0000000000001, -4.5));
#108 = CARTESIAN_POINT ('', (23., 82.0000000000001, -4.5));
#109 = CARTESIAN_POINT ('', (23., 87.5000000000001, -4.5));
#110 = CARTESIAN_POINT ('', (23., 93.0000000000001, -4.5));
#111 = CARTESIAN_POINT ('', (17.5, 93.0000000000001, -4.5));
#112 = (
   BOUNDED_CURVE ()
   B_SPLINE_CURVE (2, (#107, #108, #109, #110, #111), .UNSPECIFIED., .F., .U.)
   B_SPLINE_CURVE_WITH_KNOTS ((3, 2, 3), (0.5, 0.75, 1.), .UNSPECIFIED.)
   CURVE ()
   GEOMETRIC_REPRESENTATION_ITEM ()
   RATIONAL_B_SPLINE_CURVE ((1., 0.707106781186548, 1., 0.707106781186548, 1.))
   REPRESENTATION_ITEM ('')
);
#113 = EDGE_CURVE ('', #99, #106, #112, .T.);
#114 = ORIENTED_EDGE ('', *, *, #113, .T.);
#115 = CARTESIAN_POINT ('', (17.5, 93.5000000000001, -5.));
#116 = VERTEX_POINT ('', #115);
#117 = CARTESIAN_POINT ('', (17.5, 93.5000000000001, -5.));
#118 = CARTESIAN_POINT ('', (17.5, 93.0000000000001, -4.5));
#119 = B_SPLINE_CURVE_WITH_KNOTS ('', 1, (#117, #118), .UNSPECIFIED., .F., .U., (2, 2), (0., 1.), .UNSPECIFIED.);
#120 = EDGE_CURVE ('', #116, #106, #119, .T.);
#121 = ORIENTED_EDGE ('', *, *, #120, .F.);
#122 = CARTESIAN_POINT ('', (17.5, 81.5000000000001, -5.));
#123 = CARTESIAN_POINT ('', (17.5591340356785, 81.5000000000001, -5.));
#124 = CARTESIAN_POINT ('', (17.6774021070354, 81.5017363842717, -5.));
#125 = CARTESIAN_POINT ('', (17.9173048620078, 81.5124033735862, -5.));
#126 = CARTESIAN_POINT ('', (18.2212949817202, 81.5396800617833, -5.));
#127 = CARTESIAN_POINT ('', (18.5912907691796, 81.5960426463907, -5.));
#128 = CARTESIAN_POINT ('', (18.9642118283988, 81.6771560896581, -5.));
#129 = CARTESIAN_POINT ('', (19.3377421579264, 81.7838977853495, -5.));
#130 = CARTESIAN_POINT ('', (19.7093361221284, 81.9168568837483, -5.));
#131 = CARTESIAN_POINT ('', (20.0763228977875, 82.0762958414104, -5.));
#132 = CARTESIAN_POINT ('', (20.4359422274658, 82.2621191724223, -5.));
#133 = CARTESIAN_POINT ('', (20.7854085431406, 82.4738523812031, -5.));
#134 = CARTESIAN_POINT ('', (21.1219747218371, 82.7106328988945, -5.));
#135 = CARTESIAN_POINT ('', (21.4429996881215, 82.9712144320918, -5.));
#136 = CARTESIAN_POINT ('', (21.7460147166715, 83.2539852833286, -5.));
#137 = CARTESIAN_POINT ('', (22.0287855679083, 83.5570003118787, -5.));
#138 = CARTESIAN_POINT ('', (22.2893671011056, 83.878025278163, -5.));
#139 = CARTESIAN_POINT ('', (22.526147618797, 84.2145914568596, -5.));
#140 = CARTESIAN_POINT ('', (22.7378808275778, 84.5640577725343, -5.));
#141 = CARTESIAN_POINT ('', (22.9237041585897, 84.9236771022126, -5.));
#142 = CARTESIAN_POINT ('', (23.0831431162518, 85.2906638778718, -5.));
#143 = CARTESIAN_POINT ('', (23.2161022146506, 85.6622578420737, -5.));
#144 = CARTESIAN_POINT ('', (23.322843910342, 86.0357881716013, -5.));
#145 = CARTESIAN_POINT ('', (23.4039573536095, 86.4087092308206, -5.));
#146 = CARTESIAN_POINT ('', (23.4603199382168, 86.7787050182799, -5.));
#147 = CARTESIAN_POINT ('', (23.4875966264139, 87.0826951379923, -5.));
#148 = CARTESIAN_POINT ('', (23.4982636157284, 87.3225978929647, -5.));
#149 = CARTESIAN_POINT ('', (23.5008681921358, 87.5000000000001, -5.));
#150 = CARTESIAN_POINT ('', (23.4982636157284, 87.6774021070355, -5.));
#151 = CARTESIAN_POINT ('', (23.4875966264139, 87.9173048620079, -5.));
#152 = CARTESIAN_POINT ('', (23.4603199382168, 88.2212949817203, -5.));
#153 = CARTESIAN_POINT ('', (23.4039573536095, 88.5912907691796, -5.));
#154 = CARTESIAN_POINT ('', (23.322843910342, 88.9642118283989, -5.));
#155 = CARTESIAN_POINT ('', (23.2161022146506, 89.3377421579265, -5.));
#156 = CARTESIAN_POINT ('', (23.0831431162518, 89.7093361221284, -5.));
#157 = CARTESIAN_POINT ('', (22.9237041585897, 90.0763228977876, -5.));
#158 = CARTESIAN_POINT ('', (22.7378808275779, 90.4359422274659, -5.));
#159 = CARTESIAN_POINT ('', (22.5261476187964, 90.7854085431406, -5.));
#160 = CARTESIAN_POINT ('', (22.2893671011079, 91.1219747218374, -5.));
#161 = CARTESIAN_POINT ('', (22.0287855678997, 91.442999688121, -5.));
#162 = CARTESIAN_POINT ('', (21.7460147167037, 91.7460147166736, -5.));
#163 = CARTESIAN_POINT ('', (21.4429996880014, 92.0287855679012, -5.));
#164 = CARTESIAN_POINT ('', (21.1219747222852, 92.2893671011325, -5.));
#165 = CARTESIAN_POINT ('', (20.785408541468, 92.5261476186972, -5.));
#166 = CARTESIAN_POINT ('', (20.4359422337079, 92.7378808279505, -5.));
#167 = CARTESIAN_POINT ('', (20.0763228744918, 92.9237041571991, -5.));
#168 = CARTESIAN_POINT ('', (19.7093362090693, 93.0831431214423, -5.));
#169 = CARTESIAN_POINT ('', (19.3377418334584, 93.2161021952799, -5.));
#170 = CARTESIAN_POINT ('', (18.96421303933, 93.3228439826348, -5.));
#171 = CARTESIAN_POINT ('', (18.5912862499227, 93.4039570838098, -5.));
#172 = CARTESIAN_POINT ('', (18.0979870471141, 93.479108898895, -5.));
#173 = CARTESIAN_POINT ('', (17.73567231585, 93.5000178598918, -5.));
#174 = CARTESIAN_POINT ('', (17.5, 93.5000000000001, -5.));
#175 = B_SPLINE_CURVE_WITH_KNOTS ('', 3, (#122, #123, #124, #125, #126, #127, #128, #129, #130, #131, #132, #133, #134, #135, #136, #137, #138, #139, #140, #141, #142, #143, #144, #145, #146, #147, #148, #149, #150, #151, #152, #153, #154, #155, #156, #157, #158, #159, #160, #161, #162, #163, #164, #165, #166, #167, #168, #169, #170, #171, #172, #173, #174), .UNSPECIFIED., .F., .U., (4, 1, 1, 1, 1, 1, 1, 1, 1, 1, 1, 1, 1, 1, 1, 1, 1, 1, 1, 1, 1, 1, 1, 1, 1, 1, 1, 1, 1, 1, 1, 1, 1, 1, 1, 1, 1, 1, 1, 1, 1, 1, 1, 1, 1, 1, 1, 1, 1, 1, 4), (0.5, 0.505208333333334, 0.510416666666666, 0.520833333333334, 0.53125, 0.541666666666667, 0.552083333333333, 0.5625, 0.572916666666667, 0.583333333333333, 0.59375, 0.604166666666667, 0.614583333333334, 0.625, 0.635416666666667, 0.645833333333333, 0.65625, 0.666666666666667, 0.677083333333334, 0.6875, 0.697916666666666, 0.708333333333334, 0.71875, 0.729166666666667, 0.739583333333333, 0.744791666666667, 0.75, 0.755208333333333, 0.760416666666667, 0.770833333333333, 0.78125, 0.791666666666666, 0.802083333333333, 0.8125, 0.822916666666667, 0.833333333333333, 0.84375, 0.854166666666667, 0.864583333333333, 0.875, 0.885416666666667, 0.895833333333333, 0.90625, 0.916666666666666, 0.927083333333333, 0.9375, 0.947916666666667, 0.958333333333333, 0.96875, 0.979166666666667, 1.), .UNSPECIFIED.);
#176 = EDGE_CURVE ('', #97, #116, #175, .T.);
#177 = ORIENTED_EDGE ('', *, *, #176, .F.);
#178 = EDGE_LOOP ('', (#104, #114, #121, #177));
#179 = FACE_OUTER_BOUND ('', #178, .T.);
#180 = CARTESIAN_POINT ('', (17.5, 81.5000000000001, -5.));
#181 = CARTESIAN_POINT ('', (17.5591340356785, 81.5000000000001, -5.));
#182 = CARTESIAN_POINT ('', (17.6774021070354, 81.5017363842717, -5.));
#183 = CARTESIAN_POINT ('', (17.9173048620078, 81.5124033735862, -5.));
#184 = CARTESIAN_POINT ('', (18.2212949817202, 81.5396800617833, -5.));
#185 = CARTESIAN_POINT ('', (18.5912907691796, 81.5960426463907, -5.));
#186 = CARTESIAN_POINT ('', (18.9642118283988, 81.6771560896581, -5.));
#187 = CARTESIAN_POINT ('', (19.3377421579264, 81.7838977853495, -5.));
#188 = CARTESIAN_POINT ('', (19.7093361221284, 81.9168568837483, -5.));
#189 = CARTESIAN_POINT ('', (20.0763228977875, 82.0762958414104, -5.));
#190 = CARTESIAN_POINT ('', (20.4359422274658, 82.2621191724223, -5.));
#191 = CARTESIAN_POINT ('', (20.7854085431406, 82.4738523812031, -5.));
#192 = CARTESIAN_POINT ('', (21.1219747218371, 82.7106328988945, -5.));
#193 = CARTESIAN_POINT ('', (21.4429996881215, 82.9712144320918, -5.));
#194 = CARTESIAN_POINT ('', (21.7460147166715, 83.2539852833286, -5.));
#195 = CARTESIAN_POINT ('', (22.0287855679083, 83.5570003118787, -5.));
#196 = CARTESIAN_POINT ('', (22.2893671011056, 83.878025278163, -5.));
#197 = CARTESIAN_POINT ('', (22.526147618797, 84.2145914568596, -5.));
#198 = CARTESIAN_POINT ('', (22.7378808275778, 84.5640577725343, -5.));
#199 = CARTESIAN_POINT ('', (22.9237041585897, 84.9236771022126, -5.));
#200 = CARTESIAN_POINT ('', (23.0831431162518, 85.2906638778718, -5.));
#201 = CARTESIAN_POINT ('', (23.2161022146506, 85.6622578420737, -5.));
#202 = CARTESIAN_POINT ('', (23.322843910342, 86.0357881716013, -5.));
#203 = CARTESIAN_POINT ('', (23.4039573536095, 86.4087092308206, -5.));
#204 = CARTESIAN_POINT ('', (23.4603199382168, 86.7787050182799, -5.));
#205 = CARTESIAN_POINT ('', (23.4875966264139, 87.0826951379923, -5.));
#206 = CARTESIAN_POINT ('', (23.4982636157284, 87.3225978929647, -5.));
#207 = CARTESIAN_POINT ('', (23.5008681921358, 87.5000000000001, -5.));
#208 = CARTESIAN_POINT ('', (23.4982636157284, 87.6774021070355, -5.));
#209 = CARTESIAN_POINT ('', (23.4875966264139, 87.9173048620079, -5.));
#210 = CARTESIAN_POINT ('', (23.4603199382168, 88.2212949817203, -5.));
#211 = CARTESIAN_POINT ('', (23.4039573536095, 88.5912907691796, -5.));
#212 = CARTESIAN_POINT ('', (23.322843910342, 88.9642118283989, -5.));
#213 = CARTESIAN_POINT ('', (23.2161022146506, 89.3377421579265, -5.));
#214 = CARTESIAN_POINT ('', (23.0831431162518, 89.7093361221284, -5.));
#215 = CARTESIAN_POINT ('', (22.9237041585897, 90.0763228977876, -5.));
#216 = CARTESIAN_POINT ('', (22.7378808275779, 90.4359422274659, -5.));
#217 = CARTESIAN_POINT ('', (22.5261476187964, 90.7854085431406, -5.));
#218 = CARTESIAN_POINT ('', (22.2893671011079, 91.1219747218374, -5.));
#219 = CARTESIAN_POINT ('', (22.0287855678997, 91.442999688121, -5.));
#220 = CARTESIAN_POINT ('', (21.7460147167037, 91.7460147166736, -5.));
#221 = CARTESIAN_POINT ('', (21.4429996880014, 92.0287855679012, -5.));
#222 = CARTESIAN_POINT ('', (21.1219747222852, 92.2893671011325, -5.));
#223 = CARTESIAN_POINT ('', (20.785408541468, 92.5261476186972, -5.));
#224 = CARTESIAN_POINT ('', (20.4359422337079, 92.7378808279505, -5.));
#225 = CARTESIAN_POINT ('', (20.0763228744918, 92.9237041571991, -5.));
#226 = CARTESIAN_POINT ('', (19.7093362090693, 93.0831431214423, -5.));
#227 = CARTESIAN_POINT ('', (19.3377418334584, 93.2161021952799, -5.));
#228 = CARTESIAN_POINT ('', (18.96421303933, 93.3228439826348, -5.));
#229 = CARTESIAN_POINT ('', (18.5912862499227, 93.4039570838098, -5.));
#230 = CARTESIAN_POINT ('', (18.0979870471141, 93.479108898895, -5.));
#231 = CARTESIAN_POINT ('', (17.73567231585, 93.5000178598918, -5.));
#232 = CARTESIAN_POINT ('', (17.5, 93.5000000000001, -5.));
#233 = CARTESIAN_POINT ('', (17.5, 82.0000000000001, -4.5));
#234 = CARTESIAN_POINT ('', (17.5542061993719, 82.0000000000001, -4.5));
#235 = CARTESIAN_POINT ('', (17.6626185981157, 82.0015916855824, -4.5));
#236 = CARTESIAN_POINT ('', (17.8825294568405, 82.0113697591207, -4.5));
#237 = CARTESIAN_POINT ('', (18.1611870665768, 82.036373389968, -4.5));
#238 = CARTESIAN_POINT ('', (18.5003498717479, 82.0880390925248, -4.5));
#239 = CARTESIAN_POINT ('', (18.8421941760322, 82.1623930821866, -4.5));
#240 = CARTESIAN_POINT ('', (19.1845969780992, 82.2602396365704, -4.5));
#241 = CARTESIAN_POINT ('', (19.5252247786176, 82.3821188101026, -4.5));
#242 = CARTESIAN_POINT ('', (19.8616293229719, 82.5282711879595, -4.5));
#243 = CARTESIAN_POINT ('', (20.191280375177, 82.6986092413871, -4.5));
#244 = CARTESIAN_POINT ('', (20.5116244978788, 82.8926980161029, -4.5));
#245 = CARTESIAN_POINT ('', (20.8201434950173, 83.1097468239866, -4.5));
#246 = CARTESIAN_POINT ('', (21.114416380778, 83.3486132294175, -4.5));
#247 = CARTESIAN_POINT ('', (21.3921801569489, 83.6078198430512, -4.5));
#248 = CARTESIAN_POINT ('', (21.6513867705826, 83.8855836192221, -4.5));
#249 = CARTESIAN_POINT ('', (21.8902531760135, 84.1798565049828, -4.5));
#250 = CARTESIAN_POINT ('', (22.1073019838972, 84.4883755021212, -4.5));
#251 = CARTESIAN_POINT ('', (22.301390758613, 84.8087196248232, -4.5));
#252 = CARTESIAN_POINT ('', (22.4717288120406, 85.1383706770282, -4.5));
#253 = CARTESIAN_POINT ('', (22.6178811898975, 85.4747752213825, -4.5));
#254 = CARTESIAN_POINT ('', (22.7397603634297, 85.8154030219009, -4.5));
#255 = CARTESIAN_POINT ('', (22.8376069178135, 86.1578058239679, -4.5));
#256 = CARTESIAN_POINT ('', (22.9119609074753, 86.4996501282522, -4.5));
#257 = CARTESIAN_POINT ('', (22.963626610032, 86.8388129334232, -4.5));
#258 = CARTESIAN_POINT ('', (22.9886302408794, 87.1174705431597, -4.5));
#259 = CARTESIAN_POINT ('', (22.9984083144177, 87.3373814018843, -4.5));
#260 = CARTESIAN_POINT ('', (23.0007958427911, 87.5000000000001, -4.5));
#261 = CARTESIAN_POINT ('', (22.9984083144177, 87.6626185981159, -4.5));
#262 = CARTESIAN_POINT ('', (22.9886302408794, 87.8825294568406, -4.5));
#263 = CARTESIAN_POINT ('', (22.9636266100321, 88.161187066577, -4.5));
#264 = CARTESIAN_POINT ('', (22.9119609074753, 88.500349871748, -4.5));
#265 = CARTESIAN_POINT ('', (22.8376069178135, 88.8421941760324, -4.5));
#266 = CARTESIAN_POINT ('', (22.7397603634297, 89.1845969780993, -4.5));
#267 = CARTESIAN_POINT ('', (22.6178811898975, 89.5252247786178, -4.5));
#268 = CARTESIAN_POINT ('', (22.4717288120405, 89.8616293229721, -4.5));
#269 = CARTESIAN_POINT ('', (22.3013907586131, 90.1912803751771, -4.5));
#270 = CARTESIAN_POINT ('', (22.1073019838967, 90.5116244978789, -4.5));
#271 = CARTESIAN_POINT ('', (21.8902531760156, 90.8201434950176, -4.5));
#272 = CARTESIAN_POINT ('', (21.6513867705747, 91.1144163807776, -4.5));
#273 = CARTESIAN_POINT ('', (21.3921801569784, 91.3921801569507, -4.5));
#274 = CARTESIAN_POINT ('', (21.1144163806679, 91.6513867705761, -4.5));
#275 = CARTESIAN_POINT ('', (20.8201434954281, 91.8902531760381, -4.5));
#276 = CARTESIAN_POINT ('', (20.5116244963457, 92.1073019838059, -4.5));
#277 = CARTESIAN_POINT ('', (20.1912803808989, 92.3013907589546, -4.5));
#278 = CARTESIAN_POINT ('', (19.8616293016175, 92.4717288107658, -4.5));
#279 = CARTESIAN_POINT ('', (19.5252248583135, 92.6178811946554, -4.5));
#280 = CARTESIAN_POINT ('', (19.1845966806702, 92.7397603456733, -4.5));
#281 = CARTESIAN_POINT ('', (18.8421952860525, 92.8376069840819, -4.5));
#282 = CARTESIAN_POINT ('', (18.5003457290958, 92.911960660159, -4.5));
#283 = CARTESIAN_POINT ('', (18.0481547931879, 92.9808498239871, -4.5));
#284 = CARTESIAN_POINT ('', (17.7160329561959, 93.0000163715675, -4.5));
#285 = CARTESIAN_POINT ('', (17.5, 93.0000000000001, -4.5));
#286 = B_SPLINE_SURFACE_WITH_KNOTS ('', 1, 3, ((#180, #181, #182, #183, #184, #185, #186, #187, #188, #189, #190, #191, #192, #193, #194, #195, #196, #197, #198, #199, #200, #201, #202, #203, #204, #205, #206, #207, #208, #209, #210, #211, #212, #213, #214, #215, #216, #217, #218, #219, #220, #221, #222, #223, #224, #225, #226, #227, #228, #229, #230, #231, #232), (#233, #234, #235, #236, #237, #238, #239, #240, #241, #242, #243, #244, #245, #246, #247, #248, #249, #250, #251, #252, #253, #254, #255, #256, #257, #258, #259, #260, #261, #262, #263, #264, #265, #266, #267, #268, #269, #270, #271, #272, #273, #274, #275, #276, #277, #278, #279, #280, #281, #282, #283, #284, #285)), .UNSPECIFIED., .F., .F., .U., (2, 2), (4, 1, 1, 1, 1, 1, 1, 1, 1, 1, 1, 1, 1, 1, 1, 1, 1, 1, 1, 1, 1, 1, 1, 1, 1, 1, 1, 1, 1, 1, 1, 1, 1, 1, 1, 1, 1, 1, 1, 1, 1, 1, 1, 1, 1, 1, 1, 1, 1, 1, 4), (0., 1.), (0.5, 0.505208333333334, 0.510416666666666, 0.520833333333334, 0.53125, 0.541666666666667, 0.552083333333333, 0.5625, 0.572916666666667, 0.583333333333333, 0.59375, 0.604166666666667, 0.614583333333334, 0.625, 0.635416666666667, 0.645833333333333, 0.65625, 0.666666666666667, 0.677083333333334, 0.6875, 0.697916666666666, 0.708333333333334, 0.71875, 0.729166666666667, 0.739583333333333, 0.744791666666667, 0.75, 0.755208333333333, 0.760416666666667, 0.770833333333333, 0.78125, 0.791666666666666, 0.802083333333333, 0.8125, 0.822916666666667, 0.833333333333333, 0.84375, 0.854166666666667, 0.864583333333333, 0.875, 0.885416666666667, 0.895833333333333, 0.90625, 0.916666666666666, 0.927083333333333, 0.9375, 0.947916666666667, 0.958333333333333, 0.96875, 0.979166666666667, 1.), .UNSPECIFIED.);
#287 = ADVANCED_FACE ('', (#179), #286, .T.);
#288 = CARTESIAN_POINT ('', (9.49999999999993, 100.5, -5.));
#289 = VERTEX_POINT ('', #288);
#290 = CARTESIAN_POINT ('', (8.50000000000034, 99.5000000000003, -5.));
#291 = VERTEX_POINT ('', #290);
#292 = CARTESIAN_POINT ('', (9.49999999999993, 100.5, -5.));
#293 = CARTESIAN_POINT ('', (8.50000000000002, 100.5, -5.));
#294 = CARTESIAN_POINT ('', (8.50000000000034, 99.5000000000003, -5.));
#295 = (
   BOUNDED_CURVE ()
   B_SPLINE_CURVE (2, (#292, #293, #294), .UNSPECIFIED., .F., .U.)
   B_SPLINE_CURVE_WITH_KNOTS ((3, 3), (1869.44364894272, 1870.44364894272), .UNSPECIFIED.)
   CURVE ()
   GEOMETRIC_REPRESENTATION_ITEM ()
   RATIONAL_B_SPLINE_CURVE ((1., 0.707106781186414, 1.))
   REPRESENTATION_ITEM ('')
);
#296 = EDGE_CURVE ('', #289, #291, #295, .T.);
#297 = ORIENTED_EDGE ('', *, *, #296, .F.);
#298 = CARTESIAN_POINT ('', (130.5, 100.5, -5.));
#299 = VERTEX_POINT ('', #298);
#300 = CARTESIAN_POINT ('', (130.5, 100.5, -5.));
#301 = CARTESIAN_POINT ('', (9.49999999999993, 100.5, -5.));
#302 = B_SPLINE_CURVE_WITH_KNOTS ('', 1, (#300, #301), .UNSPECIFIED., .F., .U., (2, 2), (1748.44364894272, 1869.44364894272), .UNSPECIFIED.);
#303 = EDGE_CURVE ('', #299, #289, #302, .T.);
#304 = ORIENTED_EDGE ('', *, *, #303, .F.);
#305 = CARTESIAN_POINT ('', (131.5, 99.5, -5.));
#306 = VERTEX_POINT ('', #305);
#307 = CARTESIAN_POINT ('', (131.5, 99.5, -5.));
#308 = CARTESIAN_POINT ('', (131.5, 100.5, -5.));
#309 = CARTESIAN_POINT ('', (130.5, 100.5, -5.));
#310 = (
   BOUNDED_CURVE ()
   B_SPLINE_CURVE (2, (#307, #308, #309), .UNSPECIFIED., .F., .U.)
   B_SPLINE_CURVE_WITH_KNOTS ((3, 3), (1747.44364894272, 1748.44364894272), .UNSPECIFIED.)
   CURVE ()
   GEOMETRIC_REPRESENTATION_ITEM ()
   RATIONAL_B_SPLINE_CURVE ((1., 0.707106781186573, 1.))
   REPRESENTATION_ITEM ('')
);
#311 = EDGE_CURVE ('', #306, #299, #310, .T.);
#312 = ORIENTED_EDGE ('', *, *, #311, .F.);
#313 = CARTESIAN_POINT ('', (131.5, 95.5000000000002, -5.));
#314 = VERTEX_POINT ('', #313);
#315 = CARTESIAN_POINT ('', (131.5, 95.5000000000002, -5.));
#316 = CARTESIAN_POINT ('', (131.5, 99.5, -5.));
#317 = B_SPLINE_CURVE_WITH_KNOTS ('', 1, (#315, #316), .UNSPECIFIED., .F., .U., (2, 2), (1743.44364894272, 1747.44364894272), .UNSPECIFIED.);
#318 = EDGE_CURVE ('', #314, #306, #317, .T.);
#319 = ORIENTED_EDGE ('', *, *, #318, .F.);
#320 = CARTESIAN_POINT ('', (119.99871765395, 95.4705026550296, -5.));
#321 = VERTEX_POINT ('', #320);
#322 = CARTESIAN_POINT ('', (119.99871765395, 95.4705026550296, -5.));
#323 = CARTESIAN_POINT ('', (131.5, 95.5000000000002, -5.));
#324 = B_SPLINE_CURVE_WITH_KNOTS ('', 1, (#322, #323), .UNSPECIFIED., .F., .U., (2, 2), (1731.9423287708, 1743.44364894272), .UNSPECIFIED.);
#325 = EDGE_CURVE ('', #321, #314, #324, .T.);
#326 = ORIENTED_EDGE ('', *, *, #325, .F.);
#327 = CARTESIAN_POINT ('', (119.5, 94.9705042994436, -5.));
#328 = VERTEX_POINT ('', #327);
#329 = CARTESIAN_POINT ('', (119.5, 94.9705042994436, -5.));
#330 = CARTESIAN_POINT ('', (119.5, 95.4692235935963, -5.));
#331 = CARTESIAN_POINT ('', (119.99871765395, 95.4705026550296, -5.));
#332 = (
   BOUNDED_CURVE ()
   B_SPLINE_CURVE (2, (#329, #330, #331), .UNSPECIFIED., .F., .U.)
   B_SPLINE_CURVE_WITH_KNOTS ((3, 3), (1730.9423287708, 1731.9423287708), .UNSPECIFIED.)
   CURVE ()
   GEOMETRIC_REPRESENTATION_ITEM ()
   RATIONAL_B_SPLINE_CURVE ((1., 0.708012956131025, 1.))
   REPRESENTATION_ITEM ('')
);
#333 = EDGE_CURVE ('', #328, #321, #332, .T.);
#334 = ORIENTED_EDGE ('', *, *, #333, .F.);
#335 = CARTESIAN_POINT ('', (119.5, 83.0000000000001, -5.));
#336 = VERTEX_POINT ('', #335);
#337 = CARTESIAN_POINT ('', (119.5, 83.0000000000001, -5.));
#338 = CARTESIAN_POINT ('', (119.5, 94.9705042994436, -5.));
#339 = B_SPLINE_CURVE_WITH_KNOTS ('', 1, (#337, #338), .UNSPECIFIED., .F., .U., (2, 2), (1718.97182447136, 1730.9423287708), .UNSPECIFIED.);
#340 = EDGE_CURVE ('', #336, #328, #339, .T.);
#341 = ORIENTED_EDGE ('', *, *, #340, .F.);
#342 = CARTESIAN_POINT ('', (120., 82.5000000000001, -5.));
#343 = VERTEX_POINT ('', #342);
#344 = CARTESIAN_POINT ('', (120., 82.5000000000001, -5.));
#345 = CARTESIAN_POINT ('', (119.5, 82.5000000000001, -5.));
#346 = CARTESIAN_POINT ('', (119.5, 83.0000000000001, -5.));
#347 = (
   BOUNDED_CURVE ()
   B_SPLINE_CURVE (2, (#344, #345, #346), .UNSPECIFIED., .F., .U.)
   B_SPLINE_CURVE_WITH_KNOTS ((3, 3), (1717.97182447136, 1718.97182447136), .UNSPECIFIED.)
   CURVE ()
   GEOMETRIC_REPRESENTATION_ITEM ()
   RATIONAL_B_SPLINE_CURVE ((1., 0.707106781186568, 1.))
   REPRESENTATION_ITEM ('')
);
#348 = EDGE_CURVE ('', #343, #336, #347, .T.);
#349 = ORIENTED_EDGE ('', *, *, #348, .F.);
#350 = CARTESIAN_POINT ('', (131.5, 82.5000000000003, -5.));
#351 = VERTEX_POINT ('', #350);
#352 = CARTESIAN_POINT ('', (131.5, 82.5000000000003, -5.));
#353 = CARTESIAN_POINT ('', (120., 82.5000000000001, -5.));
#354 = B_SPLINE_CURVE_WITH_KNOTS ('', 1, (#352, #353), .UNSPECIFIED., .F., .U., (2, 2), (1706.47182447136, 1717.97182447136), .UNSPECIFIED.);
#355 = EDGE_CURVE ('', #351, #343, #354, .T.);
#356 = ORIENTED_EDGE ('', *, *, #355, .F.);
#357 = CARTESIAN_POINT ('', (131.5, -0.999999999999966, -5.));
#358 = VERTEX_POINT ('', #357);
#359 = CARTESIAN_POINT ('', (131.5, -0.999999999999966, -5.));
#360 = CARTESIAN_POINT ('', (131.5, 82.5000000000003, -5.));
#361 = B_SPLINE_CURVE_WITH_KNOTS ('', 1, (#359, #360), .UNSPECIFIED., .F., .U., (2, 2), (1622.97182447136, 1706.47182447136), .UNSPECIFIED.);
#362 = EDGE_CURVE ('', #358, #351, #361, .T.);
#363 = ORIENTED_EDGE ('', *, *, #362, .F.);
#364 = CARTESIAN_POINT ('', (130.5, -1.99999999999997, -5.));
#365 = VERTEX_POINT ('', #364);
#366 = CARTESIAN_POINT ('', (130.5, -1.99999999999997, -5.));
#367 = CARTESIAN_POINT ('', (131.5, -1.99999999999997, -5.));
#368 = CARTESIAN_POINT ('', (131.5, -0.999999999999966, -5.));
#369 = (
   BOUNDED_CURVE ()
   B_SPLINE_CURVE (2, (#366, #367, #368), .UNSPECIFIED., .F., .U.)
   B_SPLINE_CURVE_WITH_KNOTS ((3, 3), (1621.97182447136, 1622.97182447136), .UNSPECIFIED.)
   CURVE ()
   GEOMETRIC_REPRESENTATION_ITEM ()
   RATIONAL_B_SPLINE_CURVE ((1., 0.70710678118656, 1.))
   REPRESENTATION_ITEM ('')
);
#370 = EDGE_CURVE ('', #365, #358, #369, .T.);
#371 = ORIENTED_EDGE ('', *, *, #370, .F.);
#372 = CARTESIAN_POINT ('', (80.9999999999999, -1.99999999999988, -5.));
#373 = VERTEX_POINT ('', #372);
#374 = CARTESIAN_POINT ('', (80.9999999999999, -1.99999999999988, -5.));
#375 = CARTESIAN_POINT ('', (130.5, -1.99999999999997, -5.));
#376 = B_SPLINE_CURVE_WITH_KNOTS ('', 1, (#374, #375), .UNSPECIFIED., .F., .U., (2, 2), (1572.47182447136, 1621.97182447136), .UNSPECIFIED.);
#377 = EDGE_CURVE ('', #373, #365, #376, .T.);
#378 = ORIENTED_EDGE ('', *, *, #377, .F.);
#379 = CARTESIAN_POINT ('', (80.2928932188134, -1.29289321881345, -5.));
#380 = VERTEX_POINT ('', #379);
#381 = CARTESIAN_POINT ('', (80.2928932188134, -1.29289321881345, -5.));
#382 = CARTESIAN_POINT ('', (80.9999999999999, -1.99999999999988, -5.));
#383 = B_SPLINE_CURVE_WITH_KNOTS ('', 1, (#381, #382), .UNSPECIFIED., .F., .U., (2, 2), (2043.61522181797, 2044.61522181797), .UNSPECIFIED.);
#384 = EDGE_CURVE ('', #380, #373, #383, .T.);
#385 = ORIENTED_EDGE ('', *, *, #384, .F.);
#386 = CARTESIAN_POINT ('', (79.5857864376269, -1., -5.));
#387 = VERTEX_POINT ('', #386);
#388 = CARTESIAN_POINT ('', (79.5857864376269, -1., -5.));
#389 = CARTESIAN_POINT ('', (80., -0.999999999999994, -5.));
#390 = CARTESIAN_POINT ('', (80.2928932188134, -1.29289321881345, -5.));
#391 = (
   BOUNDED_CURVE ()
   B_SPLINE_CURVE (2, (#388, #389, #390), .UNSPECIFIED., .F., .U.)
   B_SPLINE_CURVE_WITH_KNOTS ((3, 3), (2042.61522181797, 2043.61522181797), .UNSPECIFIED.)
   CURVE ()
   GEOMETRIC_REPRESENTATION_ITEM ()
   RATIONAL_B_SPLINE_CURVE ((1., 0.923879532511286, 1.))
   REPRESENTATION_ITEM ('')
);
#392 = EDGE_CURVE ('', #387, #380, #391, .T.);
#393 = ORIENTED_EDGE ('', *, *, #392, .F.);
#394 = CARTESIAN_POINT ('', (60.4142135623731, -1., -5.));
#395 = VERTEX_POINT ('', #394);
#396 = CARTESIAN_POINT ('', (60.4142135623731, -1., -5.));
#397 = CARTESIAN_POINT ('', (79.5857864376269, -1., -5.));
#398 = B_SPLINE_CURVE_WITH_KNOTS ('', 1, (#396, #397), .UNSPECIFIED., .F., .U., (2, 2), (2023.44364894272, 2042.61522181797), .UNSPECIFIED.);
#399 = EDGE_CURVE ('', #395, #387, #398, .T.);
#400 = ORIENTED_EDGE ('', *, *, #399, .F.);
#401 = CARTESIAN_POINT ('', (59.7071067811865, -1.29289321881345, -5.));
#402 = VERTEX_POINT ('', #401);
#403 = CARTESIAN_POINT ('', (59.7071067811865, -1.29289321881345, -5.));
#404 = CARTESIAN_POINT ('', (60., -1., -5.));
#405 = CARTESIAN_POINT ('', (60.4142135623731, -1., -5.));
#406 = (
   BOUNDED_CURVE ()
   B_SPLINE_CURVE (2, (#403, #404, #405), .UNSPECIFIED., .F., .U.)
   B_SPLINE_CURVE_WITH_KNOTS ((3, 3), (2022.44364894272, 2023.44364894272), .UNSPECIFIED.)
   CURVE ()
   GEOMETRIC_REPRESENTATION_ITEM ()
   RATIONAL_B_SPLINE_CURVE ((1., 0.923879532511289, 1.))
   REPRESENTATION_ITEM ('')
);
#407 = EDGE_CURVE ('', #402, #395, #406, .T.);
#408 = ORIENTED_EDGE ('', *, *, #407, .F.);
#409 = CARTESIAN_POINT ('', (59., -1.99999999999999, -5.));
#410 = VERTEX_POINT ('', #409);
#411 = CARTESIAN_POINT ('', (59., -1.99999999999999, -5.));
#412 = CARTESIAN_POINT ('', (59.7071067811865, -1.29289321881345, -5.));
#413 = B_SPLINE_CURVE_WITH_KNOTS ('', 1, (#411, #412), .UNSPECIFIED., .F., .U., (2, 2), (2021.44364894272, 2022.44364894272), .UNSPECIFIED.);
#414 = EDGE_CURVE ('', #410, #402, #413, .T.);
#415 = ORIENTED_EDGE ('', *, *, #414, .F.);
#416 = CARTESIAN_POINT ('', (9.49999999999999, -1.99999999999999, -5.));
#417 = VERTEX_POINT ('', #416);
#418 = CARTESIAN_POINT ('', (9.49999999999999, -1.99999999999999, -5.));
#419 = CARTESIAN_POINT ('', (59., -1.99999999999999, -5.));
#420 = B_SPLINE_CURVE_WITH_KNOTS ('', 1, (#418, #419), .UNSPECIFIED., .F., .U., (2, 2), (1971.94364894272, 2021.44364894272), .UNSPECIFIED.);
#421 = EDGE_CURVE ('', #417, #410, #420, .T.);
#422 = ORIENTED_EDGE ('', *, *, #421, .F.);
#423 = CARTESIAN_POINT ('', (8.49999999999999, -1., -5.));
#424 = VERTEX_POINT ('', #423);
#425 = CARTESIAN_POINT ('', (8.49999999999999, -1., -5.));
#426 = CARTESIAN_POINT ('', (8.49999999999999, -2., -5.));
#427 = CARTESIAN_POINT ('', (9.49999999999999, -1.99999999999999, -5.));
#428 = (
   BOUNDED_CURVE ()
   B_SPLINE_CURVE (2, (#425, #426, #427), .UNSPECIFIED., .F., .U.)
   B_SPLINE_CURVE_WITH_KNOTS ((3, 3), (1970.94364894272, 1971.94364894272), .UNSPECIFIED.)
   CURVE ()
   GEOMETRIC_REPRESENTATION_ITEM ()
   RATIONAL_B_SPLINE_CURVE ((1., 0.707106781186544, 1.))
   REPRESENTATION_ITEM ('')
);
#429 = EDGE_CURVE ('', #424, #417, #428, .T.);
#430 = ORIENTED_EDGE ('', *, *, #429, .F.);
#431 = CARTESIAN_POINT ('', (8.50000000000034, 99.5000000000003, -5.));
#432 = CARTESIAN_POINT ('', (8.49999999999999, -1., -5.));
#433 = B_SPLINE_CURVE_WITH_KNOTS ('', 1, (#431, #432), .UNSPECIFIED., .F., .U., (2, 2), (1870.44364894272, 1970.94364894272), .UNSPECIFIED.);
#434 = EDGE_CURVE ('', #291, #424, #433, .T.);
#435 = ORIENTED_EDGE ('', *, *, #434, .F.);
#436 = EDGE_LOOP ('', (#297, #304, #312, #319, #326, #334, #341, #349, #356, #363, #371, #378, #385, #393, #400, #408, #415, #422, #430, #435));
#437 = FACE_OUTER_BOUND ('', #436, .T.);
#438 = CARTESIAN_POINT ('', (17.5, 93.5000000000001, -5.));
#439 = CARTESIAN_POINT ('', (17.2643276841499, 93.5000178598918, -5.));
#440 = CARTESIAN_POINT ('', (16.9020129528859, 93.479108898895, -5.));
#441 = CARTESIAN_POINT ('', (16.4087137500773, 93.4039570838097, -5.));
#442 = CARTESIAN_POINT ('', (16.03578696067, 93.3228439826348, -5.));
#443 = CARTESIAN_POINT ('', (15.6622581665416, 93.21610219528, -5.));
#444 = CARTESIAN_POINT ('', (15.2906637909307, 93.0831431214423, -5.));
#445 = CARTESIAN_POINT ('', (14.9236771255082, 92.9237041571991, -5.));
#446 = CARTESIAN_POINT ('', (14.5640577662921, 92.7378808279505, -5.));
#447 = CARTESIAN_POINT ('', (14.214591458532, 92.5261476186973, -5.));
#448 = CARTESIAN_POINT ('', (13.8780252777148, 92.2893671011325, -5.));
#449 = CARTESIAN_POINT ('', (13.5570003119986, 92.0287855679012, -5.));
#450 = CARTESIAN_POINT ('', (13.2539852832963, 91.7460147166735, -5.));
#451 = CARTESIAN_POINT ('', (12.9712144321003, 91.4429996881211, -5.));
#452 = CARTESIAN_POINT ('', (12.7106328988921, 91.1219747218373, -5.));
#453 = CARTESIAN_POINT ('', (12.4738523812036, 90.7854085431406, -5.));
#454 = CARTESIAN_POINT ('', (12.2621191724221, 90.4359422274659, -5.));
#455 = CARTESIAN_POINT ('', (12.0762958414103, 90.0763228977876, -5.));
#456 = CARTESIAN_POINT ('', (11.9168568837482, 89.7093361221285, -5.));
#457 = CARTESIAN_POINT ('', (11.7838977853494, 89.3377421579265, -5.));
#458 = CARTESIAN_POINT ('', (11.677156089658, 88.9642118283989, -5.));
#459 = CARTESIAN_POINT ('', (11.5960426463905, 88.5912907691797, -5.));
#460 = CARTESIAN_POINT ('', (11.5396800617832, 88.2212949817203, -5.));
#461 = CARTESIAN_POINT ('', (11.5124033735861, 87.9173048620079, -5.));
#462 = CARTESIAN_POINT ('', (11.5017363842716, 87.6774021070355, -5.));
#463 = CARTESIAN_POINT ('', (11.4991318078642, 87.5000000000001, -5.));
#464 = CARTESIAN_POINT ('', (11.5017363842716, 87.3225978929647, -5.));
#465 = CARTESIAN_POINT ('', (11.5124033735861, 87.0826951379923, -5.));
#466 = CARTESIAN_POINT ('', (11.5396800617832, 86.7787050182799, -5.));
#467 = CARTESIAN_POINT ('', (11.5960426463905, 86.4087092308206, -5.));
#468 = CARTESIAN_POINT ('', (11.677156089658, 86.0357881716013, -5.));
#469 = CARTESIAN_POINT ('', (11.7838977853494, 85.6622578420737, -5.));
#470 = CARTESIAN_POINT ('', (11.9168568837482, 85.2906638778718, -5.));
#471 = CARTESIAN_POINT ('', (12.0762958414103, 84.9236771022126, -5.));
#472 = CARTESIAN_POINT ('', (12.2621191724222, 84.5640577725343, -5.));
#473 = CARTESIAN_POINT ('', (12.473852381203, 84.2145914568595, -5.));
#474 = CARTESIAN_POINT ('', (12.7106328988944, 83.8780252781631, -5.));
#475 = CARTESIAN_POINT ('', (12.9712144320917, 83.5570003118787, -5.));
#476 = CARTESIAN_POINT ('', (13.2539852833285, 83.2539852833286, -5.));
#477 = CARTESIAN_POINT ('', (13.5570003118785, 82.9712144320918, -5.));
#478 = CARTESIAN_POINT ('', (13.8780252781629, 82.7106328988945, -5.));
#479 = CARTESIAN_POINT ('', (14.2145914568594, 82.4738523812031, -5.));
#480 = CARTESIAN_POINT ('', (14.5640577725342, 82.2621191724223, -5.));
#481 = CARTESIAN_POINT ('', (14.9236771022125, 82.0762958414104, -5.));
#482 = CARTESIAN_POINT ('', (15.2906638778716, 81.9168568837483, -5.));
#483 = CARTESIAN_POINT ('', (15.6622578420736, 81.7838977853495, -5.));
#484 = CARTESIAN_POINT ('', (16.0357881716012, 81.6771560896581, -5.));
#485 = CARTESIAN_POINT ('', (16.4087092308205, 81.5960426463907, -5.));
#486 = CARTESIAN_POINT ('', (16.7787050182798, 81.5396800617833, -5.));
#487 = CARTESIAN_POINT ('', (17.0826951379922, 81.5124033735862, -5.));
#488 = CARTESIAN_POINT ('', (17.3225978929646, 81.5017363842717, -5.));
#489 = CARTESIAN_POINT ('', (17.4408659643215, 81.5000000000001, -5.));
#490 = CARTESIAN_POINT ('', (17.5, 81.5000000000001, -5.));
#491 = B_SPLINE_CURVE_WITH_KNOTS ('', 3, (#438, #439, #440, #441, #442, #443, #444, #445, #446, #447, #448, #449, #450, #451, #452, #453, #454, #455, #456, #457, #458, #459, #460, #461, #462, #463, #464, #465, #466, #467, #468, #469, #470, #471, #472, #473, #474, #475, #476, #477, #478, #479, #480, #481, #482, #483, #484, #485, #486, #487, #488, #489, #490), .UNSPECIFIED., .F., .U., (4, 1, 1, 1, 1, 1, 1, 1, 1, 1, 1, 1, 1, 1, 1, 1, 1, 1, 1, 1, 1, 1, 1, 1, 1, 1, 1, 1, 1, 1, 1, 1, 1, 1, 1, 1, 1, 1, 1, 1, 1, 1, 1, 1, 1, 1, 1, 1, 1, 1, 4), (0., 0.0208333333333332, 0.03125, 0.0416666666666667, 0.0520833333333334, 0.0625000000000003, 0.0729166666666667, 0.0833333333333336, 0.0937499999999999, 0.104166666666667, 0.114583333333333, 0.125, 0.135416666666667, 0.145833333333334, 0.15625, 0.166666666666667, 0.177083333333333, 0.1875, 0.197916666666667, 0.208333333333333, 0.21875, 0.229166666666666, 0.239583333333333, 0.244791666666667, 0.25, 0.255208333333334, 0.260416666666666, 0.270833333333334, 0.28125, 0.291666666666667, 0.302083333333334, 0.3125, 0.322916666666667, 0.333333333333334, 0.34375, 0.354166666666667, 0.364583333333333, 0.375, 0.385416666666667, 0.395833333333334, 0.40625, 0.416666666666667, 0.427083333333334, 0.4375, 0.447916666666667, 0.458333333333334, 0.46875, 0.479166666666667, 0.489583333333334, 0.494791666666667, 0.5), .UNSPECIFIED.);
#492 = EDGE_CURVE ('', #116, #97, #491, .T.);
#493 = ORIENTED_EDGE ('', *, *, #492, .T.);
#494 = ORIENTED_EDGE ('', *, *, #176, .T.);
#495 = EDGE_LOOP ('', (#493, #494));
#496 = FACE_BOUND ('', #495, .T.);
#497 = CARTESIAN_POINT ('', (107.5, 93.5000000000001, -5.));
#498 = VERTEX_POINT ('', #497);
#499 = CARTESIAN_POINT ('', (107.5, 81.5000000000001, -5.));
#500 = VERTEX_POINT ('', #499);
#501 = CARTESIAN_POINT ('', (107.5, 93.5000000000001, -5.));
#502 = CARTESIAN_POINT ('', (107.26432768415, 93.5000178598917, -5.));
#503 = CARTESIAN_POINT ('', (106.902012952886, 93.479108898895, -5.));
#504 = CARTESIAN_POINT ('', (106.408713750077, 93.4039570838097, -5.));
#505 = CARTESIAN_POINT ('', (106.03578696067, 93.3228439826348, -5.));
#506 = CARTESIAN_POINT ('', (105.662258166542, 93.2161021952799, -5.));
#507 = CARTESIAN_POINT ('', (105.290663790931, 93.0831431214423, -5.));
#508 = CARTESIAN_POINT ('', (104.923677125508, 92.9237041571991, -5.));
#509 = CARTESIAN_POINT ('', (104.564057766292, 92.7378808279505, -5.));
#510 = CARTESIAN_POINT ('', (104.214591458532, 92.5261476186973, -5.));
#511 = CARTESIAN_POINT ('', (103.878025277715, 92.2893671011324, -5.));
#512 = CARTESIAN_POINT ('', (103.557000311999, 92.0287855679012, -5.));
#513 = CARTESIAN_POINT ('', (103.253985283296, 91.7460147166735, -5.));
#514 = CARTESIAN_POINT ('', (102.9712144321, 91.4429996881211, -5.));
#515 = CARTESIAN_POINT ('', (102.710632898892, 91.1219747218373, -5.));
#516 = CARTESIAN_POINT ('', (102.473852381204, 90.7854085431406, -5.));
#517 = CARTESIAN_POINT ('', (102.262119172422, 90.4359422274659, -5.));
#518 = CARTESIAN_POINT ('', (102.07629584141, 90.0763228977876, -5.));
#519 = CARTESIAN_POINT ('', (101.916856883748, 89.7093361221285, -5.));
#520 = CARTESIAN_POINT ('', (101.783897785349, 89.3377421579265, -5.));
#521 = CARTESIAN_POINT ('', (101.677156089658, 88.9642118283989, -5.));
#522 = CARTESIAN_POINT ('', (101.596042646391, 88.5912907691797, -5.));
#523 = CARTESIAN_POINT ('', (101.539680061783, 88.2212949817203, -5.));
#524 = CARTESIAN_POINT ('', (101.512403373586, 87.9173048620079, -5.));
#525 = CARTESIAN_POINT ('', (101.501736384272, 87.6774021070355, -5.));
#526 = CARTESIAN_POINT ('', (101.499131807864, 87.5000000000001, -5.));
#527 = CARTESIAN_POINT ('', (101.501736384272, 87.3225978929647, -5.));
#528 = CARTESIAN_POINT ('', (101.512403373586, 87.0826951379923, -5.));
#529 = CARTESIAN_POINT ('', (101.539680061783, 86.7787050182799, -5.));
#530 = CARTESIAN_POINT ('', (101.596042646391, 86.4087092308205, -5.));
#531 = CARTESIAN_POINT ('', (101.677156089658, 86.0357881716013, -5.));
#532 = CARTESIAN_POINT ('', (101.783897785349, 85.6622578420737, -5.));
#533 = CARTESIAN_POINT ('', (101.916856883748, 85.2906638778717, -5.));
#534 = CARTESIAN_POINT ('', (102.07629584141, 84.9236771022126, -5.));
#535 = CARTESIAN_POINT ('', (102.262119172422, 84.5640577725343, -5.));
#536 = CARTESIAN_POINT ('', (102.473852381203, 84.2145914568595, -5.));
#537 = CARTESIAN_POINT ('', (102.710632898894, 83.8780252781631, -5.));
#538 = CARTESIAN_POINT ('', (102.971214432092, 83.5570003118786, -5.));
#539 = CARTESIAN_POINT ('', (103.253985283329, 83.2539852833286, -5.));
#540 = CARTESIAN_POINT ('', (103.557000311879, 82.9712144320918, -5.));
#541 = CARTESIAN_POINT ('', (103.878025278163, 82.7106328988945, -5.));
#542 = CARTESIAN_POINT ('', (104.214591456859, 82.4738523812031, -5.));
#543 = CARTESIAN_POINT ('', (104.564057772534, 82.2621191724223, -5.));
#544 = CARTESIAN_POINT ('', (104.923677102212, 82.0762958414104, -5.));
#545 = CARTESIAN_POINT ('', (105.290663877872, 81.9168568837483, -5.));
#546 = CARTESIAN_POINT ('', (105.662257842074, 81.7838977853495, -5.));
#547 = CARTESIAN_POINT ('', (106.035788171601, 81.6771560896581, -5.));
#548 = CARTESIAN_POINT ('', (106.40870923082, 81.5960426463906, -5.));
#549 = CARTESIAN_POINT ('', (106.77870501828, 81.5396800617834, -5.));
#550 = CARTESIAN_POINT ('', (107.082695137992, 81.5124033735862, -5.));
#551 = CARTESIAN_POINT ('', (107.322597892965, 81.5017363842717, -5.));
#552 = CARTESIAN_POINT ('', (107.440865964322, 81.5000000000001, -5.));
#553 = CARTESIAN_POINT ('', (107.5, 81.5000000000001, -5.));
#554 = B_SPLINE_CURVE_WITH_KNOTS ('', 3, (#501, #502, #503, #504, #505, #506, #507, #508, #509, #510, #511, #512, #513, #514, #515, #516, #517, #518, #519, #520, #521, #522, #523, #524, #525, #526, #527, #528, #529, #530, #531, #532, #533, #534, #535, #536, #537, #538, #539, #540, #541, #542, #543, #544, #545, #546, #547, #548, #549, #550, #551, #552, #553), .UNSPECIFIED., .F., .U., (4, 1, 1, 1, 1, 1, 1, 1, 1, 1, 1, 1, 1, 1, 1, 1, 1, 1, 1, 1, 1, 1, 1, 1, 1, 1, 1, 1, 1, 1, 1, 1, 1, 1, 1, 1, 1, 1, 1, 1, 1, 1, 1, 1, 1, 1, 1, 1, 1, 1, 4), (0., 0.0208333333333333, 0.0312499999999998, 0.0416666666666668, 0.0520833333333338, 0.0625000000000002, 0.0729166666666662, 0.0833333333333337, 0.0937500000000002, 0.104166666666667, 0.114583333333334, 0.125, 0.135416666666667, 0.145833333333333, 0.156250000000001, 0.166666666666667, 0.177083333333333, 0.1875, 0.197916666666667, 0.208333333333333, 0.21875, 0.229166666666667, 0.239583333333333, 0.244791666666667, 0.25, 0.255208333333334, 0.260416666666666, 0.270833333333334, 0.28125, 0.291666666666667, 0.302083333333334, 0.3125, 0.322916666666667, 0.333333333333334, 0.34375, 0.354166666666667, 0.364583333333334, 0.375000000000001, 0.385416666666667, 0.395833333333334, 0.40625, 0.416666666666667, 0.427083333333334, 0.437500000000001, 0.447916666666667, 0.458333333333334, 0.468750000000001, 0.479166666666667, 0.489583333333334, 0.494791666666667, 0.5), .UNSPECIFIED.);
#555 = EDGE_CURVE ('', #498, #500, #554, .T.);
#556 = ORIENTED_EDGE ('', *, *, #555, .T.);
#557 = CARTESIAN_POINT ('', (107.5, 81.5000000000001, -5.));
#558 = CARTESIAN_POINT ('', (107.559134035678, 81.5000000000001, -5.));
#559 = CARTESIAN_POINT ('', (107.677402107035, 81.5017363842717, -5.));
#560 = CARTESIAN_POINT ('', (107.917304862008, 81.5124033735862, -5.));
#561 = CARTESIAN_POINT ('', (108.22129498172, 81.5396800617833, -5.));
#562 = CARTESIAN_POINT ('', (108.59129076918, 81.5960426463907, -5.));
#563 = CARTESIAN_POINT ('', (108.964211828399, 81.6771560896581, -5.));
#564 = CARTESIAN_POINT ('', (109.337742157926, 81.7838977853495, -5.));
#565 = CARTESIAN_POINT ('', (109.709336122128, 81.9168568837483, -5.));
#566 = CARTESIAN_POINT ('', (110.076322897788, 82.0762958414104, -5.));
#567 = CARTESIAN_POINT ('', (110.435942227466, 82.2621191724224, -5.));
#568 = CARTESIAN_POINT ('', (110.785408543141, 82.4738523812031, -5.));
#569 = CARTESIAN_POINT ('', (111.121974721837, 82.7106328988945, -5.));
#570 = CARTESIAN_POINT ('', (111.442999688121, 82.9712144320919, -5.));
#571 = CARTESIAN_POINT ('', (111.746014716671, 83.2539852833285, -5.));
#572 = CARTESIAN_POINT ('', (112.028785567908, 83.5570003118787, -5.));
#573 = CARTESIAN_POINT ('', (112.289367101106, 83.878025278163, -5.));
#574 = CARTESIAN_POINT ('', (112.526147618797, 84.2145914568596, -5.));
#575 = CARTESIAN_POINT ('', (112.737880827578, 84.5640577725343, -5.));
#576 = CARTESIAN_POINT ('', (112.92370415859, 84.9236771022126, -5.));
#577 = CARTESIAN_POINT ('', (113.083143116252, 85.2906638778717, -5.));
#578 = CARTESIAN_POINT ('', (113.216102214651, 85.6622578420737, -5.));
#579 = CARTESIAN_POINT ('', (113.322843910342, 86.0357881716013, -5.));
#580 = CARTESIAN_POINT ('', (113.403957353609, 86.4087092308206, -5.));
#581 = CARTESIAN_POINT ('', (113.460319938217, 86.7787050182799, -5.));
#582 = CARTESIAN_POINT ('', (113.487596626414, 87.0826951379923, -5.));
#583 = CARTESIAN_POINT ('', (113.498263615728, 87.3225978929647, -5.));
#584 = CARTESIAN_POINT ('', (113.500868192136, 87.5000000000001, -5.));
#585 = CARTESIAN_POINT ('', (113.498263615728, 87.6774021070355, -5.));
#586 = CARTESIAN_POINT ('', (113.487596626414, 87.9173048620079, -5.));
#587 = CARTESIAN_POINT ('', (113.460319938217, 88.2212949817203, -5.));
#588 = CARTESIAN_POINT ('', (113.40395735361, 88.5912907691797, -5.));
#589 = CARTESIAN_POINT ('', (113.322843910342, 88.9642118283989, -5.));
#590 = CARTESIAN_POINT ('', (113.216102214651, 89.3377421579265, -5.));
#591 = CARTESIAN_POINT ('', (113.083143116252, 89.7093361221284, -5.));
#592 = CARTESIAN_POINT ('', (112.92370415859, 90.0763228977877, -5.));
#593 = CARTESIAN_POINT ('', (112.737880827578, 90.4359422274659, -5.));
#594 = CARTESIAN_POINT ('', (112.526147618796, 90.7854085431407, -5.));
#595 = CARTESIAN_POINT ('', (112.289367101108, 91.1219747218374, -5.));
#596 = CARTESIAN_POINT ('', (112.0287855679, 91.442999688121, -5.));
#597 = CARTESIAN_POINT ('', (111.746014716704, 91.7460147166736, -5.));
#598 = CARTESIAN_POINT ('', (111.442999688001, 92.0287855679012, -5.));
#599 = CARTESIAN_POINT ('', (111.121974722285, 92.2893671011325, -5.));
#600 = CARTESIAN_POINT ('', (110.785408541468, 92.5261476186973, -5.));
#601 = CARTESIAN_POINT ('', (110.435942233708, 92.7378808279505, -5.));
#602 = CARTESIAN_POINT ('', (110.076322874492, 92.9237041571991, -5.));
#603 = CARTESIAN_POINT ('', (109.709336209069, 93.0831431214422, -5.));
#604 = CARTESIAN_POINT ('', (109.337741833458, 93.2161021952799, -5.));
#605 = CARTESIAN_POINT ('', (108.96421303933, 93.3228439826347, -5.));
#606 = CARTESIAN_POINT ('', (108.591286249923, 93.4039570838097, -5.));
#607 = CARTESIAN_POINT ('', (108.097987047114, 93.479108898895, -5.));
#608 = CARTESIAN_POINT ('', (107.73567231585, 93.5000178598918, -5.));
#609 = CARTESIAN_POINT ('', (107.5, 93.5000000000001, -5.));
#610 = B_SPLINE_CURVE_WITH_KNOTS ('', 3, (#557, #558, #559, #560, #561, #562, #563, #564, #565, #566, #567, #568, #569, #570, #571, #572, #573, #574, #575, #576, #577, #578, #579, #580, #581, #582, #583, #584, #585, #586, #587, #588, #589, #590, #591, #592, #593, #594, #595, #596, #597, #598, #599, #600, #601, #602, #603, #604, #605, #606, #607, #608, #609), .UNSPECIFIED., .F., .U., (4, 1, 1, 1, 1, 1, 1, 1, 1, 1, 1, 1, 1, 1, 1, 1, 1, 1, 1, 1, 1, 1, 1, 1, 1, 1, 1, 1, 1, 1, 1, 1, 1, 1, 1, 1, 1, 1, 1, 1, 1, 1, 1, 1, 1, 1, 1, 1, 1, 1, 4), (0.5, 0.505208333333334, 0.510416666666668, 0.520833333333334, 0.531250000000001, 0.541666666666668, 0.552083333333333, 0.5625, 0.572916666666667, 0.583333333333333, 0.593750000000001, 0.604166666666667, 0.614583333333334, 0.625000000000001, 0.635416666666667, 0.645833333333333, 0.65625, 0.666666666666667, 0.677083333333334, 0.6875, 0.697916666666666, 0.708333333333334, 0.71875, 0.729166666666667, 0.739583333333333, 0.744791666666666, 0.75, 0.755208333333333, 0.760416666666667, 0.770833333333333, 0.781249999999999, 0.791666666666666, 0.802083333333333, 0.8125, 0.822916666666666, 0.833333333333333, 0.84375, 0.854166666666666, 0.864583333333333, 0.875, 0.885416666666667, 0.895833333333333, 0.906249999999999, 0.916666666666666, 0.927083333333333, 0.9375, 0.947916666666666, 0.958333333333333, 0.96875, 0.979166666666667, 1.), .UNSPECIFIED.);
#611 = EDGE_CURVE ('', #500, #498, #610, .T.);
#612 = ORIENTED_EDGE ('', *, *, #611, .T.);
#613 = EDGE_LOOP ('', (#556, #612));
#614 = FACE_BOUND ('', #613, .T.);
#615 = CARTESIAN_POINT ('', (17.5, 17.0000000000001, -5.));
#616 = VERTEX_POINT ('', #615);
#617 = CARTESIAN_POINT ('', (17.5, 5.00000000000011, -5.));
#618 = VERTEX_POINT ('', #617);
#619 = CARTESIAN_POINT ('', (17.5, 17.0000000000001, -5.));
#620 = CARTESIAN_POINT ('', (17.2643276841499, 17.0000178598918, -5.));
#621 = CARTESIAN_POINT ('', (16.9020129528859, 16.979108898895, -5.));
#622 = CARTESIAN_POINT ('', (16.4087137500772, 16.9039570838097, -5.));
#623 = CARTESIAN_POINT ('', (16.03578696067, 16.8228439826348, -5.));
#624 = CARTESIAN_POINT ('', (15.6622581665416, 16.71610219528, -5.));
#625 = CARTESIAN_POINT ('', (15.2906637909307, 16.5831431214423, -5.));
#626 = CARTESIAN_POINT ('', (14.9236771255082, 16.4237041571991, -5.));
#627 = CARTESIAN_POINT ('', (14.5640577662921, 16.2378808279505, -5.));
#628 = CARTESIAN_POINT ('', (14.214591458532, 16.0261476186973, -5.));
#629 = CARTESIAN_POINT ('', (13.8780252777148, 15.7893671011325, -5.));
#630 = CARTESIAN_POINT ('', (13.5570003119986, 15.5287855679012, -5.));
#631 = CARTESIAN_POINT ('', (13.2539852832963, 15.2460147166735, -5.));
#632 = CARTESIAN_POINT ('', (12.9712144321003, 14.9429996881211, -5.));
#633 = CARTESIAN_POINT ('', (12.7106328988921, 14.6219747218373, -5.));
#634 = CARTESIAN_POINT ('', (12.4738523812036, 14.2854085431406, -5.));
#635 = CARTESIAN_POINT ('', (12.2621191724221, 13.9359422274659, -5.));
#636 = CARTESIAN_POINT ('', (12.0762958414103, 13.5763228977876, -5.));
#637 = CARTESIAN_POINT ('', (11.9168568837482, 13.2093361221285, -5.));
#638 = CARTESIAN_POINT ('', (11.7838977853494, 12.8377421579266, -5.));
#639 = CARTESIAN_POINT ('', (11.677156089658, 12.4642118283989, -5.));
#640 = CARTESIAN_POINT ('', (11.5960426463905, 12.0912907691797, -5.));
#641 = CARTESIAN_POINT ('', (11.5396800617832, 11.7212949817203, -5.));
#642 = CARTESIAN_POINT ('', (11.5124033735861, 11.4173048620079, -5.));
#643 = CARTESIAN_POINT ('', (11.5017363842716, 11.1774021070355, -5.));
#644 = CARTESIAN_POINT ('', (11.4991318078642, 11.0000000000001, -5.));
#645 = CARTESIAN_POINT ('', (11.5017363842716, 10.8225978929647, -5.));
#646 = CARTESIAN_POINT ('', (11.5124033735861, 10.5826951379923, -5.));
#647 = CARTESIAN_POINT ('', (11.5396800617832, 10.2787050182799, -5.));
#648 = CARTESIAN_POINT ('', (11.5960426463905, 9.90870923082057, -5.));
#649 = CARTESIAN_POINT ('', (11.677156089658, 9.53578817160132, -5.));
#650 = CARTESIAN_POINT ('', (11.7838977853494, 9.16225784207368, -5.));
#651 = CARTESIAN_POINT ('', (11.9168568837482, 8.79066387787175, -5.));
#652 = CARTESIAN_POINT ('', (12.0762958414103, 8.42367710221258, -5.));
#653 = CARTESIAN_POINT ('', (12.2621191724222, 8.06405777253432, -5.));
#654 = CARTESIAN_POINT ('', (12.473852381203, 7.71459145685955, -5.));
#655 = CARTESIAN_POINT ('', (12.7106328988944, 7.37802527816304, -5.));
#656 = CARTESIAN_POINT ('', (12.9712144320917, 7.05700031187865, -5.));
#657 = CARTESIAN_POINT ('', (13.2539852833285, 6.75398528332863, -5.));
#658 = CARTESIAN_POINT ('', (13.5570003118785, 6.47121443209183, -5.));
#659 = CARTESIAN_POINT ('', (13.8780252781629, 6.21063289889451, -5.));
#660 = CARTESIAN_POINT ('', (14.2145914568594, 5.97385238120309, -5.));
#661 = CARTESIAN_POINT ('', (14.5640577725342, 5.76211917242235, -5.));
#662 = CARTESIAN_POINT ('', (14.9236771022125, 5.57629584141038, -5.));
#663 = CARTESIAN_POINT ('', (15.2906638778716, 5.41685688374832, -5.));
#664 = CARTESIAN_POINT ('', (15.6622578420736, 5.28389778534951, -5.));
#665 = CARTESIAN_POINT ('', (16.0357881716012, 5.17715608965812, -5.));
#666 = CARTESIAN_POINT ('', (16.4087092308204, 5.09604264639064, -5.));
#667 = CARTESIAN_POINT ('', (16.7787050182798, 5.03968006178333, -5.));
#668 = CARTESIAN_POINT ('', (17.0826951379922, 5.0124033735862, -5.));
#669 = CARTESIAN_POINT ('', (17.3225978929646, 5.00173638427171, -5.));
#670 = CARTESIAN_POINT ('', (17.4408659643215, 5.00000000000011, -5.));
#671 = CARTESIAN_POINT ('', (17.5, 5.00000000000011, -5.));
#672 = B_SPLINE_CURVE_WITH_KNOTS ('', 3, (#619, #620, #621, #622, #623, #624, #625, #626, #627, #628, #629, #630, #631, #632, #633, #634, #635, #636, #637, #638, #639, #640, #641, #642, #643, #644, #645, #646, #647, #648, #649, #650, #651, #652, #653, #654, #655, #656, #657, #658, #659, #660, #661, #662, #663, #664, #665, #666, #667, #668, #669, #670, #671), .UNSPECIFIED., .F., .U., (4, 1, 1, 1, 1, 1, 1, 1, 1, 1, 1, 1, 1, 1, 1, 1, 1, 1, 1, 1, 1, 1, 1, 1, 1, 1, 1, 1, 1, 1, 1, 1, 1, 1, 1, 1, 1, 1, 1, 1, 1, 1, 1, 1, 1, 1, 1, 1, 1, 1, 4), (0., 0.0208333333333332, 0.0312499999999998, 0.0416666666666667, 0.0520833333333334, 0.0625000000000001, 0.0729166666666667, 0.0833333333333334, 0.09375, 0.104166666666667, 0.114583333333333, 0.125, 0.135416666666667, 0.145833333333333, 0.15625, 0.166666666666667, 0.177083333333333, 0.1875, 0.197916666666667, 0.208333333333333, 0.21875, 0.229166666666667, 0.239583333333333, 0.244791666666667, 0.25, 0.255208333333333, 0.260416666666667, 0.270833333333333, 0.28125, 0.291666666666667, 0.302083333333333, 0.3125, 0.322916666666667, 0.333333333333333, 0.34375, 0.354166666666667, 0.364583333333334, 0.375, 0.385416666666667, 0.395833333333334, 0.40625, 0.416666666666667, 0.427083333333334, 0.4375, 0.447916666666667, 0.458333333333334, 0.46875, 0.479166666666667, 0.489583333333334, 0.494791666666667, 0.5), .UNSPECIFIED.);
#673 = EDGE_CURVE ('', #616, #618, #672, .T.);
#674 = ORIENTED_EDGE ('', *, *, #673, .T.);
#675 = CARTESIAN_POINT ('', (17.5, 5.00000000000011, -5.));
#676 = CARTESIAN_POINT ('', (17.5591340356785, 5.00000000000011, -5.));
#677 = CARTESIAN_POINT ('', (17.6774021070354, 5.00173638427171, -5.));
#678 = CARTESIAN_POINT ('', (17.9173048620078, 5.0124033735862, -5.));
#679 = CARTESIAN_POINT ('', (18.2212949817202, 5.03968006178333, -5.));
#680 = CARTESIAN_POINT ('', (18.5912907691795, 5.09604264639064, -5.));
#681 = CARTESIAN_POINT ('', (18.9642118283988, 5.17715608965812, -5.));
#682 = CARTESIAN_POINT ('', (19.3377421579264, 5.28389778534951, -5.));
#683 = CARTESIAN_POINT ('', (19.7093361221284, 5.41685688374832, -5.));
#684 = CARTESIAN_POINT ('', (20.0763228977875, 5.57629584141038, -5.));
#685 = CARTESIAN_POINT ('', (20.4359422274658, 5.76211917242235, -5.));
#686 = CARTESIAN_POINT ('', (20.7854085431406, 5.97385238120309, -5.));
#687 = CARTESIAN_POINT ('', (21.1219747218371, 6.21063289889451, -5.));
#688 = CARTESIAN_POINT ('', (21.4429996881215, 6.47121443209183, -5.));
#689 = CARTESIAN_POINT ('', (21.7460147166715, 6.75398528332862, -5.));
#690 = CARTESIAN_POINT ('', (22.0287855679083, 7.05700031187865, -5.));
#691 = CARTESIAN_POINT ('', (22.2893671011056, 7.37802527816303, -5.));
#692 = CARTESIAN_POINT ('', (22.526147618797, 7.71459145685955, -5.));
#693 = CARTESIAN_POINT ('', (22.7378808275778, 8.06405777253432, -5.));
#694 = CARTESIAN_POINT ('', (22.9237041585897, 8.42367710221257, -5.));
#695 = CARTESIAN_POINT ('', (23.0831431162518, 8.79066387787175, -5.));
#696 = CARTESIAN_POINT ('', (23.2161022146506, 9.16225784207367, -5.));
#697 = CARTESIAN_POINT ('', (23.322843910342, 9.53578817160131, -5.));
#698 = CARTESIAN_POINT ('', (23.4039573536095, 9.90870923082057, -5.));
#699 = CARTESIAN_POINT ('', (23.4603199382168, 10.2787050182799, -5.));
#700 = CARTESIAN_POINT ('', (23.4875966264139, 10.5826951379923, -5.));
#701 = CARTESIAN_POINT ('', (23.4982636157284, 10.8225978929647, -5.));
#702 = CARTESIAN_POINT ('', (23.5008681921358, 11.0000000000001, -5.));
#703 = CARTESIAN_POINT ('', (23.4982636157284, 11.1774021070355, -5.));
#704 = CARTESIAN_POINT ('', (23.4875966264139, 11.4173048620079, -5.));
#705 = CARTESIAN_POINT ('', (23.4603199382168, 11.7212949817203, -5.));
#706 = CARTESIAN_POINT ('', (23.4039573536095, 12.0912907691797, -5.));
#707 = CARTESIAN_POINT ('', (23.322843910342, 12.4642118283989, -5.));
#708 = CARTESIAN_POINT ('', (23.2161022146506, 12.8377421579266, -5.));
#709 = CARTESIAN_POINT ('', (23.0831431162518, 13.2093361221285, -5.));
#710 = CARTESIAN_POINT ('', (22.9237041585897, 13.5763228977877, -5.));
#711 = CARTESIAN_POINT ('', (22.7378808275779, 13.9359422274659, -5.));
#712 = CARTESIAN_POINT ('', (22.5261476187964, 14.2854085431406, -5.));
#713 = CARTESIAN_POINT ('', (22.2893671011079, 14.6219747218373, -5.));
#714 = CARTESIAN_POINT ('', (22.0287855678997, 14.9429996881211, -5.));
#715 = CARTESIAN_POINT ('', (21.7460147167037, 15.2460147166735, -5.));
#716 = CARTESIAN_POINT ('', (21.4429996880014, 15.5287855679012, -5.));
#717 = CARTESIAN_POINT ('', (21.1219747222852, 15.7893671011325, -5.));
#718 = CARTESIAN_POINT ('', (20.785408541468, 16.0261476186973, -5.));
#719 = CARTESIAN_POINT ('', (20.4359422337079, 16.2378808279505, -5.));
#720 = CARTESIAN_POINT ('', (20.0763228744918, 16.4237041571991, -5.));
#721 = CARTESIAN_POINT ('', (19.7093362090693, 16.5831431214423, -5.));
#722 = CARTESIAN_POINT ('', (19.3377418334584, 16.71610219528, -5.));
#723 = CARTESIAN_POINT ('', (18.96421303933, 16.8228439826348, -5.));
#724 = CARTESIAN_POINT ('', (18.5912862499227, 16.9039570838097, -5.));
#725 = CARTESIAN_POINT ('', (18.0979870471141, 16.979108898895, -5.));
#726 = CARTESIAN_POINT ('', (17.73567231585, 17.0000178598918, -5.));
#727 = CARTESIAN_POINT ('', (17.5, 17.0000000000001, -5.));
#728 = B_SPLINE_CURVE_WITH_KNOTS ('', 3, (#675, #676, #677, #678, #679, #680, #681, #682, #683, #684, #685, #686, #687, #688, #689, #690, #691, #692, #693, #694, #695, #696, #697, #698, #699, #700, #701, #702, #703, #704, #705, #706, #707, #708, #709, #710, #711, #712, #713, #714, #715, #716, #717, #718, #719, #720, #721, #722, #723, #724, #725, #726, #727), .UNSPECIFIED., .F., .U., (4, 1, 1, 1, 1, 1, 1, 1, 1, 1, 1, 1, 1, 1, 1, 1, 1, 1, 1, 1, 1, 1, 1, 1, 1, 1, 1, 1, 1, 1, 1, 1, 1, 1, 1, 1, 1, 1, 1, 1, 1, 1, 1, 1, 1, 1, 1, 1, 1, 1, 4), (0.5, 0.505208333333334, 0.510416666666667, 0.520833333333334, 0.53125, 0.541666666666667, 0.552083333333333, 0.5625, 0.572916666666667, 0.583333333333333, 0.59375, 0.604166666666667, 0.614583333333334, 0.625, 0.635416666666667, 0.645833333333333, 0.65625, 0.666666666666667, 0.677083333333333, 0.6875, 0.697916666666667, 0.708333333333333, 0.71875, 0.729166666666667, 0.739583333333333, 0.744791666666667, 0.75, 0.755208333333333, 0.760416666666667, 0.770833333333333, 0.78125, 0.791666666666667, 0.802083333333333, 0.8125, 0.822916666666667, 0.833333333333333, 0.84375, 0.854166666666667, 0.864583333333333, 0.875, 0.885416666666667, 0.895833333333333, 0.90625, 0.916666666666666, 0.927083333333333, 0.9375, 0.947916666666667, 0.958333333333333, 0.96875, 0.979166666666667, 1.), .UNSPECIFIED.);
#729 = EDGE_CURVE ('', #618, #616, #728, .T.);
#730 = ORIENTED_EDGE ('', *, *, #729, .T.);
#731 = EDGE_LOOP ('', (#674, #730));
#732 = FACE_BOUND ('', #731, .T.);
#733 = CARTESIAN_POINT ('', (122.5, 17.0000000000001, -5.));
#734 = VERTEX_POINT ('', #733);
#735 = CARTESIAN_POINT ('', (122.5, 5.00000000000011, -5.));
#736 = VERTEX_POINT ('', #735);
#737 = CARTESIAN_POINT ('', (122.5, 17.0000000000001, -5.));
#738 = CARTESIAN_POINT ('', (122.26432768415, 17.0000178598918, -5.));
#739 = CARTESIAN_POINT ('', (121.902012952886, 16.979108898895, -5.));
#740 = CARTESIAN_POINT ('', (121.408713750077, 16.9039570838097, -5.));
#741 = CARTESIAN_POINT ('', (121.03578696067, 16.8228439826348, -5.));
#742 = CARTESIAN_POINT ('', (120.662258166542, 16.71610219528, -5.));
#743 = CARTESIAN_POINT ('', (120.290663790931, 16.5831431214423, -5.));
#744 = CARTESIAN_POINT ('', (119.923677125508, 16.4237041571991, -5.));
#745 = CARTESIAN_POINT ('', (119.564057766292, 16.2378808279505, -5.));
#746 = CARTESIAN_POINT ('', (119.214591458532, 16.0261476186973, -5.));
#747 = CARTESIAN_POINT ('', (118.878025277715, 15.7893671011325, -5.));
#748 = CARTESIAN_POINT ('', (118.557000311999, 15.5287855679012, -5.));
#749 = CARTESIAN_POINT ('', (118.253985283296, 15.2460147166735, -5.));
#750 = CARTESIAN_POINT ('', (117.9712144321, 14.9429996881211, -5.));
#751 = CARTESIAN_POINT ('', (117.710632898892, 14.6219747218373, -5.));
#752 = CARTESIAN_POINT ('', (117.473852381204, 14.2854085431406, -5.));
#753 = CARTESIAN_POINT ('', (117.262119172422, 13.9359422274659, -5.));
#754 = CARTESIAN_POINT ('', (117.07629584141, 13.5763228977876, -5.));
#755 = CARTESIAN_POINT ('', (116.916856883748, 13.2093361221285, -5.));
#756 = CARTESIAN_POINT ('', (116.783897785349, 12.8377421579266, -5.));
#757 = CARTESIAN_POINT ('', (116.677156089658, 12.4642118283989, -5.));
#758 = CARTESIAN_POINT ('', (116.59604264639, 12.0912907691797, -5.));
#759 = CARTESIAN_POINT ('', (116.539680061783, 11.7212949817203, -5.));
#760 = CARTESIAN_POINT ('', (116.512403373586, 11.4173048620079, -5.));
#761 = CARTESIAN_POINT ('', (116.501736384272, 11.1774021070355, -5.));
#762 = CARTESIAN_POINT ('', (116.499131807864, 11.0000000000001, -5.));
#763 = CARTESIAN_POINT ('', (116.501736384272, 10.8225978929647, -5.));
#764 = CARTESIAN_POINT ('', (116.512403373586, 10.5826951379923, -5.));
#765 = CARTESIAN_POINT ('', (116.539680061783, 10.2787050182799, -5.));
#766 = CARTESIAN_POINT ('', (116.596042646391, 9.90870923082057, -5.));
#767 = CARTESIAN_POINT ('', (116.677156089658, 9.53578817160132, -5.));
#768 = CARTESIAN_POINT ('', (116.783897785349, 9.16225784207366, -5.));
#769 = CARTESIAN_POINT ('', (116.916856883748, 8.79066387787176, -5.));
#770 = CARTESIAN_POINT ('', (117.07629584141, 8.42367710221258, -5.));
#771 = CARTESIAN_POINT ('', (117.262119172422, 8.06405777253432, -5.));
#772 = CARTESIAN_POINT ('', (117.473852381203, 7.71459145685956, -5.));
#773 = CARTESIAN_POINT ('', (117.710632898894, 7.37802527816304, -5.));
#774 = CARTESIAN_POINT ('', (117.971214432092, 7.05700031187863, -5.));
#775 = CARTESIAN_POINT ('', (118.253985283328, 6.75398528332863, -5.));
#776 = CARTESIAN_POINT ('', (118.557000311879, 6.47121443209184, -5.));
#777 = CARTESIAN_POINT ('', (118.878025278163, 6.2106328988945, -5.));
#778 = CARTESIAN_POINT ('', (119.214591456859, 5.9738523812031, -5.));
#779 = CARTESIAN_POINT ('', (119.564057772534, 5.76211917242235, -5.));
#780 = CARTESIAN_POINT ('', (119.923677102212, 5.57629584141038, -5.));
#781 = CARTESIAN_POINT ('', (120.290663877872, 5.41685688374833, -5.));
#782 = CARTESIAN_POINT ('', (120.662257842074, 5.28389778534951, -5.));
#783 = CARTESIAN_POINT ('', (121.035788171601, 5.17715608965812, -5.));
#784 = CARTESIAN_POINT ('', (121.40870923082, 5.09604264639064, -5.));
#785 = CARTESIAN_POINT ('', (121.77870501828, 5.03968006178333, -5.));
#786 = CARTESIAN_POINT ('', (122.082695137992, 5.0124033735862, -5.));
#787 = CARTESIAN_POINT ('', (122.322597892965, 5.00173638427171, -5.));
#788 = CARTESIAN_POINT ('', (122.440865964322, 5.00000000000011, -5.));
#789 = CARTESIAN_POINT ('', (122.5, 5.00000000000011, -5.));
#790 = B_SPLINE_CURVE_WITH_KNOTS ('', 3, (#737, #738, #739, #740, #741, #742, #743, #744, #745, #746, #747, #748, #749, #750, #751, #752, #753, #754, #755, #756, #757, #758, #759, #760, #761, #762, #763, #764, #765, #766, #767, #768, #769, #770, #771, #772, #773, #774, #775, #776, #777, #778, #779, #780, #781, #782, #783, #784, #785, #786, #787, #788, #789), .UNSPECIFIED., .F., .U., (4, 1, 1, 1, 1, 1, 1, 1, 1, 1, 1, 1, 1, 1, 1, 1, 1, 1, 1, 1, 1, 1, 1, 1, 1, 1, 1, 1, 1, 1, 1, 1, 1, 1, 1, 1, 1, 1, 1, 1, 1, 1, 1, 1, 1, 1, 1, 1, 1, 1, 4), (0., 0.0208333333333331, 0.0312500000000002, 0.0416666666666664, 0.0520833333333333, 0.0625000000000001, 0.0729166666666668, 0.0833333333333333, 0.0937499999999996, 0.104166666666667, 0.114583333333334, 0.125, 0.135416666666666, 0.145833333333333, 0.15625, 0.166666666666667, 0.177083333333333, 0.1875, 0.197916666666667, 0.208333333333333, 0.21875, 0.229166666666667, 0.239583333333333, 0.244791666666667, 0.25, 0.255208333333333, 0.260416666666667, 0.270833333333333, 0.28125, 0.291666666666666, 0.302083333333333, 0.3125, 0.322916666666666, 0.333333333333333, 0.34375, 0.354166666666666, 0.364583333333333, 0.375, 0.385416666666666, 0.395833333333333, 0.40625, 0.416666666666666, 0.427083333333333, 0.437499999999999, 0.447916666666666, 0.458333333333333, 0.468749999999999, 0.479166666666666, 0.489583333333333, 0.494791666666666, 0.5), .UNSPECIFIED.);
#791 = EDGE_CURVE ('', #734, #736, #790, .T.);
#792 = ORIENTED_EDGE ('', *, *, #791, .T.);
#793 = CARTESIAN_POINT ('', (122.5, 5.00000000000011, -5.));
#794 = CARTESIAN_POINT ('', (122.559134035678, 5.00000000000011, -5.));
#795 = CARTESIAN_POINT ('', (122.677402107035, 5.00173638427171, -5.));
#796 = CARTESIAN_POINT ('', (122.917304862008, 5.0124033735862, -5.));
#797 = CARTESIAN_POINT ('', (123.22129498172, 5.03968006178333, -5.));
#798 = CARTESIAN_POINT ('', (123.59129076918, 5.09604264639064, -5.));
#799 = CARTESIAN_POINT ('', (123.964211828399, 5.17715608965812, -5.));
#800 = CARTESIAN_POINT ('', (124.337742157926, 5.28389778534951, -5.));
#801 = CARTESIAN_POINT ('', (124.709336122128, 5.41685688374832, -5.));
#802 = CARTESIAN_POINT ('', (125.076322897788, 5.57629584141038, -5.));
#803 = CARTESIAN_POINT ('', (125.435942227466, 5.76211917242235, -5.));
#804 = CARTESIAN_POINT ('', (125.785408543141, 5.9738523812031, -5.));
#805 = CARTESIAN_POINT ('', (126.121974721837, 6.2106328988945, -5.));
#806 = CARTESIAN_POINT ('', (126.442999688121, 6.47121443209185, -5.));
#807 = CARTESIAN_POINT ('', (126.746014716672, 6.75398528332862, -5.));
#808 = CARTESIAN_POINT ('', (127.028785567908, 7.05700031187865, -5.));
#809 = CARTESIAN_POINT ('', (127.289367101106, 7.37802527816303, -5.));
#810 = CARTESIAN_POINT ('', (127.526147618797, 7.71459145685956, -5.));
#811 = CARTESIAN_POINT ('', (127.737880827578, 8.06405777253432, -5.));
#812 = CARTESIAN_POINT ('', (127.92370415859, 8.42367710221258, -5.));
#813 = CARTESIAN_POINT ('', (128.083143116252, 8.79066387787175, -5.));
#814 = CARTESIAN_POINT ('', (128.216102214651, 9.16225784207368, -5.));
#815 = CARTESIAN_POINT ('', (128.322843910342, 9.53578817160131, -5.));
#816 = CARTESIAN_POINT ('', (128.40395735361, 9.90870923082057, -5.));
#817 = CARTESIAN_POINT ('', (128.460319938217, 10.2787050182799, -5.));
#818 = CARTESIAN_POINT ('', (128.487596626414, 10.5826951379923, -5.));
#819 = CARTESIAN_POINT ('', (128.498263615728, 10.8225978929647, -5.));
#820 = CARTESIAN_POINT ('', (128.500868192136, 11.0000000000001, -5.));
#821 = CARTESIAN_POINT ('', (128.498263615728, 11.1774021070355, -5.));
#822 = CARTESIAN_POINT ('', (128.487596626414, 11.4173048620079, -5.));
#823 = CARTESIAN_POINT ('', (128.460319938217, 11.7212949817203, -5.));
#824 = CARTESIAN_POINT ('', (128.403957353609, 12.0912907691797, -5.));
#825 = CARTESIAN_POINT ('', (128.322843910342, 12.4642118283989, -5.));
#826 = CARTESIAN_POINT ('', (128.216102214651, 12.8377421579265, -5.));
#827 = CARTESIAN_POINT ('', (128.083143116252, 13.2093361221285, -5.));
#828 = CARTESIAN_POINT ('', (127.92370415859, 13.5763228977876, -5.));
#829 = CARTESIAN_POINT ('', (127.737880827578, 13.9359422274659, -5.));
#830 = CARTESIAN_POINT ('', (127.526147618796, 14.2854085431406, -5.));
#831 = CARTESIAN_POINT ('', (127.289367101108, 14.6219747218373, -5.));
#832 = CARTESIAN_POINT ('', (127.0287855679, 14.9429996881211, -5.));
#833 = CARTESIAN_POINT ('', (126.746014716704, 15.2460147166735, -5.));
#834 = CARTESIAN_POINT ('', (126.442999688001, 15.5287855679012, -5.));
#835 = CARTESIAN_POINT ('', (126.121974722285, 15.7893671011325, -5.));
#836 = CARTESIAN_POINT ('', (125.785408541468, 16.0261476186973, -5.));
#837 = CARTESIAN_POINT ('', (125.435942233708, 16.2378808279506, -5.));
#838 = CARTESIAN_POINT ('', (125.076322874492, 16.4237041571991, -5.));
#839 = CARTESIAN_POINT ('', (124.709336209069, 16.5831431214423, -5.));
#840 = CARTESIAN_POINT ('', (124.337741833458, 16.7161021952799, -5.));
#841 = CARTESIAN_POINT ('', (123.96421303933, 16.8228439826348, -5.));
#842 = CARTESIAN_POINT ('', (123.591286249923, 16.9039570838097, -5.));
#843 = CARTESIAN_POINT ('', (123.097987047114, 16.979108898895, -5.));
#844 = CARTESIAN_POINT ('', (122.73567231585, 17.0000178598918, -5.));
#845 = CARTESIAN_POINT ('', (122.5, 17.0000000000001, -5.));
#846 = B_SPLINE_CURVE_WITH_KNOTS ('', 3, (#793, #794, #795, #796, #797, #798, #799, #800, #801, #802, #803, #804, #805, #806, #807, #808, #809, #810, #811, #812, #813, #814, #815, #816, #817, #818, #819, #820, #821, #822, #823, #824, #825, #826, #827, #828, #829, #830, #831, #832, #833, #834, #835, #836, #837, #838, #839, #840, #841, #842, #843, #844, #845), .UNSPECIFIED., .F., .U., (4, 1, 1, 1, 1, 1, 1, 1, 1, 1, 1, 1, 1, 1, 1, 1, 1, 1, 1, 1, 1, 1, 1, 1, 1, 1, 1, 1, 1, 1, 1, 1, 1, 1, 1, 1, 1, 1, 1, 1, 1, 1, 1, 1, 1, 1, 1, 1, 1, 1, 4), (0.5, 0.505208333333333, 0.510416666666666, 0.520833333333332, 0.531249999999999, 0.541666666666666, 0.552083333333332, 0.562499999999999, 0.572916666666666, 0.583333333333332, 0.59375, 0.604166666666667, 0.614583333333333, 0.625, 0.635416666666667, 0.645833333333333, 0.65625, 0.666666666666666, 0.677083333333333, 0.6875, 0.697916666666667, 0.708333333333333, 0.71875, 0.729166666666666, 0.739583333333333, 0.744791666666667, 0.75, 0.755208333333333, 0.760416666666667, 0.770833333333333, 0.78125, 0.791666666666667, 0.802083333333334, 0.8125, 0.822916666666667, 0.833333333333334, 0.84375, 0.854166666666667, 0.864583333333333, 0.875, 0.885416666666667, 0.895833333333333, 0.90625, 0.916666666666666, 0.927083333333334, 0.9375, 0.947916666666667, 0.958333333333333, 0.96875, 0.979166666666667, 1.), .UNSPECIFIED.);
#847 = EDGE_CURVE ('', #736, #734, #846, .T.);
#848 = ORIENTED_EDGE ('', *, *, #847, .T.);
#849 = EDGE_LOOP ('', (#792, #848));
#850 = FACE_BOUND ('', #849, .T.);
#851 = CARTESIAN_POINT ('', (130.5, 56., -5.));
#852 = VERTEX_POINT ('', #851);
#853 = CARTESIAN_POINT ('', (127.5, 56., -5.));
#854 = VERTEX_POINT ('', #853);
#855 = CARTESIAN_POINT ('', (130.5, 56., -5.));
#856 = CARTESIAN_POINT ('', (130.500002599365, 56.0589198954861, -5.));
#857 = CARTESIAN_POINT ('', (130.493040408131, 56.1796842064797, -5.));
#858 = CARTESIAN_POINT ('', (130.458926940127, 56.3659698176233, -5.));
#859 = CARTESIAN_POINT ('', (130.399110633766, 56.5529065832021, -5.));
#860 = CARTESIAN_POINT ('', (130.312725234369, 56.735256235625, -5.));
#861 = CARTESIAN_POINT ('', (130.200332200681, 56.9074435619957, -5.));
#862 = CARTESIAN_POINT ('', (130.06404636069, 57.0640462960447, -5.));
#863 = CARTESIAN_POINT ('', (129.907443387238, 57.2003322845043, -5.));
#864 = CARTESIAN_POINT ('', (129.735256870009, 57.3127249637198, -5.));
#865 = CARTESIAN_POINT ('', (129.552904220424, 57.3991116325408, -5.));
#866 = CARTESIAN_POINT ('', (129.397132898698, 57.4489546184892, -5.));
#867 = CARTESIAN_POINT ('', (129.272814968346, 57.4759887614147, -5.));
#868 = CARTESIAN_POINT ('', (129.180354182216, 57.4900801158695, -5.));
#869 = CARTESIAN_POINT ('', (129.08901268632, 57.4982630427395, -5.));
#870 = CARTESIAN_POINT ('', (129., 57.5008684786306, -5.));
#871 = CARTESIAN_POINT ('', (128.910987313679, 57.4982630427382, -5.));
#872 = CARTESIAN_POINT ('', (128.819645817786, 57.4900801158751, -5.));
#873 = CARTESIAN_POINT ('', (128.727185031646, 57.4759887613938, -5.));
#874 = CARTESIAN_POINT ('', (128.602867101348, 57.4489546186003, -5.));
#875 = CARTESIAN_POINT ('', (128.447095779198, 57.3991116316455, -5.));
#876 = CARTESIAN_POINT ('', (128.264743131372, 57.3127249669884, -5.));
#877 = CARTESIAN_POINT ('', (128.092556607617, 57.2003322723252, -5.));
#878 = CARTESIAN_POINT ('', (127.935953658507, 57.0640463414927, -5.));
#879 = CARTESIAN_POINT ('', (127.799667727675, 56.9074433923829, -5.));
#880 = CARTESIAN_POINT ('', (127.687275033012, 56.7352568686283, -5.));
#881 = CARTESIAN_POINT ('', (127.600888368354, 56.5529042208017, -5.));
#882 = CARTESIAN_POINT ('', (127.5510453814, 56.3971328986516, -5.));
#883 = CARTESIAN_POINT ('', (127.524011238606, 56.2728149683545, -5.));
#884 = CARTESIAN_POINT ('', (127.509919884125, 56.1803541822141, -5.));
#885 = CARTESIAN_POINT ('', (127.501736957262, 56.0890126863206, -5.));
#886 = CARTESIAN_POINT ('', (127.5, 56.0296708954402, -5.));
#887 = CARTESIAN_POINT ('', (127.5, 56., -5.));
#888 = B_SPLINE_CURVE_WITH_KNOTS ('', 3, (#855, #856, #857, #858, #859, #860, #861, #862, #863, #864, #865, #866, #867, #868, #869, #870, #871, #872, #873, #874, #875, #876, #877, #878, #879, #880, #881, #882, #883, #884, #885, #886, #887), .UNSPECIFIED., .F., .U., (4, 1, 1, 1, 1, 1, 1, 1, 1, 1, 1, 1, 1, 1, 1, 1, 1, 1, 1, 1, 1, 1, 1, 1, 1, 1, 1, 1, 1, 1, 4), (0., 0.0208333333333336, 0.0416666666666659, 0.0624999999999998, 0.0833333333333341, 0.104166666666666, 0.125, 0.145833333333334, 0.166666666666667, 0.187500000000001, 0.208333333333334, 0.218749999999999, 0.229166666666666, 0.239583333333333, 0.25, 0.260416666666666, 0.270833333333333, 0.281249999999999, 0.291666666666664, 0.312499999999999, 0.333333333333329, 0.354166666666661, 0.374999999999995, 0.395833333333327, 0.41666666666666, 0.437499999999993, 0.458333333333324, 0.468749999999992, 0.479166666666657, 0.489583333333324, 0.5), .UNSPECIFIED.);
#889 = EDGE_CURVE ('', #852, #854, #888, .T.);
#890 = ORIENTED_EDGE ('', *, *, #889, .T.);
#891 = CARTESIAN_POINT ('', (127.5, 56., -5.));
#892 = CARTESIAN_POINT ('', (127.5, 55.9703291045598, -5.));
#893 = CARTESIAN_POINT ('', (127.501736957262, 55.9109873136793, -5.));
#894 = CARTESIAN_POINT ('', (127.509919884125, 55.8196458177859, -5.));
#895 = CARTESIAN_POINT ('', (127.524011238606, 55.7271850316455, -5.));
#896 = CARTESIAN_POINT ('', (127.5510453814, 55.6028671013484, -5.));
#897 = CARTESIAN_POINT ('', (127.600888368354, 55.4470957791982, -5.));
#898 = CARTESIAN_POINT ('', (127.687275033012, 55.2647431313717, -5.));
#899 = CARTESIAN_POINT ('', (127.799667727675, 55.0925566076171, -5.));
#900 = CARTESIAN_POINT ('', (127.935953658507, 54.9359536585073, -5.));
#901 = CARTESIAN_POINT ('', (128.092556607617, 54.7996677276748, -5.));
#902 = CARTESIAN_POINT ('', (128.264743131372, 54.6872750330116, -5.));
#903 = CARTESIAN_POINT ('', (128.447095779198, 54.6008883683544, -5.));
#904 = CARTESIAN_POINT ('', (128.602867101348, 54.5510453813997, -5.));
#905 = CARTESIAN_POINT ('', (128.727185031645, 54.5240112386061, -5.));
#906 = CARTESIAN_POINT ('', (128.819645817786, 54.5099198841249, -5.));
#907 = CARTESIAN_POINT ('', (128.910987313679, 54.5017369572618, -5.));
#908 = CARTESIAN_POINT ('', (129., 54.4991315213694, -5.));
#909 = CARTESIAN_POINT ('', (129.08901268632, 54.5017369572604, -5.));
#910 = CARTESIAN_POINT ('', (129.180354182216, 54.5099198841305, -5.));
#911 = CARTESIAN_POINT ('', (129.272814968346, 54.5240112385852, -5.));
#912 = CARTESIAN_POINT ('', (129.397132898698, 54.5510453815108, -5.));
#913 = CARTESIAN_POINT ('', (129.552904220424, 54.6008883674592, -5.));
#914 = CARTESIAN_POINT ('', (129.735256870009, 54.6872750362802, -5.));
#915 = CARTESIAN_POINT ('', (129.907443387238, 54.7996677154956, -5.));
#916 = CARTESIAN_POINT ('', (130.06404636069, 54.9359537039553, -5.));
#917 = CARTESIAN_POINT ('', (130.200332200681, 55.0925564380043, -5.));
#918 = CARTESIAN_POINT ('', (130.312725234369, 55.264743764375, -5.));
#919 = CARTESIAN_POINT ('', (130.399110633766, 55.4470934167979, -5.));
#920 = CARTESIAN_POINT ('', (130.458926940128, 55.6340301823766, -5.));
#921 = CARTESIAN_POINT ('', (130.493040408131, 55.8203157935203, -5.));
#922 = CARTESIAN_POINT ('', (130.500002599365, 55.9410801045139, -5.));
#923 = CARTESIAN_POINT ('', (130.5, 56., -5.));
#924 = B_SPLINE_CURVE_WITH_KNOTS ('', 3, (#891, #892, #893, #894, #895, #896, #897, #898, #899, #900, #901, #902, #903, #904, #905, #906, #907, #908, #909, #910, #911, #912, #913, #914, #915, #916, #917, #918, #919, #920, #921, #922, #923), .UNSPECIFIED., .F., .U., (4, 1, 1, 1, 1, 1, 1, 1, 1, 1, 1, 1, 1, 1, 1, 1, 1, 1, 1, 1, 1, 1, 1, 1, 1, 1, 1, 1, 1, 1, 4), (0.5, 0.510416666666657, 0.520833333333323, 0.531249999999991, 0.541666666666658, 0.562499999999993, 0.583333333333327, 0.604166666666661, 0.624999999999994, 0.64583333333333, 0.666666666666664, 0.687499999999996, 0.708333333333332, 0.718749999999998, 0.729166666666666, 0.739583333333333, 0.75, 0.760416666666667, 0.770833333333334, 0.781250000000001, 0.791666666666667, 0.812500000000001, 0.833333333333332, 0.85416666666667, 0.875000000000002, 0.895833333333335, 0.916666666666669, 0.937500000000001, 0.958333333333334, 0.979166666666667, 1.), .UNSPECIFIED.);
#925 = EDGE_CURVE ('', #854, #852, #924, .T.);
#926 = ORIENTED_EDGE ('', *, *, #925, .T.);
#927 = EDGE_LOOP ('', (#890, #926));
#928 = FACE_BOUND ('', #927, .T.);
#929 = CARTESIAN_POINT ('', (130.5, 98., -5.));
#930 = VERTEX_POINT ('', #929);
#931 = CARTESIAN_POINT ('', (127.5, 98., -5.));
#932 = VERTEX_POINT ('', #931);
#933 = CARTESIAN_POINT ('', (130.5, 98., -5.));
#934 = CARTESIAN_POINT ('', (130.500002599365, 98.0589198954861, -5.));
#935 = CARTESIAN_POINT ('', (130.493040408131, 98.1796842064797, -5.));
#936 = CARTESIAN_POINT ('', (130.458926940128, 98.3659698176234, -5.));
#937 = CARTESIAN_POINT ('', (130.399110633766, 98.5529065832021, -5.));
#938 = CARTESIAN_POINT ('', (130.312725234369, 98.735256235625, -5.));
#939 = CARTESIAN_POINT ('', (130.200332200681, 98.9074435619957, -5.));
#940 = CARTESIAN_POINT ('', (130.06404636069, 99.0640462960447, -5.));
#941 = CARTESIAN_POINT ('', (129.907443387238, 99.2003322845043, -5.));
#942 = CARTESIAN_POINT ('', (129.735256870009, 99.3127249637198, -5.));
#943 = CARTESIAN_POINT ('', (129.552904220424, 99.3991116325407, -5.));
#944 = CARTESIAN_POINT ('', (129.397132898699, 99.4489546184892, -5.));
#945 = CARTESIAN_POINT ('', (129.272814968346, 99.4759887614148, -5.));
#946 = CARTESIAN_POINT ('', (129.180354182216, 99.4900801158695, -5.));
#947 = CARTESIAN_POINT ('', (129.08901268632, 99.4982630427396, -5.));
#948 = CARTESIAN_POINT ('', (129., 99.5008684786305, -5.));
#949 = CARTESIAN_POINT ('', (128.910987313679, 99.4982630427382, -5.));
#950 = CARTESIAN_POINT ('', (128.819645817786, 99.4900801158751, -5.));
#951 = CARTESIAN_POINT ('', (128.727185031646, 99.4759887613939, -5.));
#952 = CARTESIAN_POINT ('', (128.602867101348, 99.4489546186003, -5.));
#953 = CARTESIAN_POINT ('', (128.447095779198, 99.3991116316456, -5.));
#954 = CARTESIAN_POINT ('', (128.264743131372, 99.3127249669884, -5.));
#955 = CARTESIAN_POINT ('', (128.092556607617, 99.2003322723252, -5.));
#956 = CARTESIAN_POINT ('', (127.935953658507, 99.0640463414927, -5.));
#957 = CARTESIAN_POINT ('', (127.799667727675, 98.9074433923829, -5.));
#958 = CARTESIAN_POINT ('', (127.687275033012, 98.7352568686283, -5.));
#959 = CARTESIAN_POINT ('', (127.600888368354, 98.5529042208018, -5.));
#960 = CARTESIAN_POINT ('', (127.5510453814, 98.3971328986516, -5.));
#961 = CARTESIAN_POINT ('', (127.524011238606, 98.2728149683545, -5.));
#962 = CARTESIAN_POINT ('', (127.509919884125, 98.1803541822141, -5.));
#963 = CARTESIAN_POINT ('', (127.501736957262, 98.0890126863207, -5.));
#964 = CARTESIAN_POINT ('', (127.5, 98.0296708954402, -5.));
#965 = CARTESIAN_POINT ('', (127.5, 98., -5.));
#966 = B_SPLINE_CURVE_WITH_KNOTS ('', 3, (#933, #934, #935, #936, #937, #938, #939, #940, #941, #942, #943, #944, #945, #946, #947, #948, #949, #950, #951, #952, #953, #954, #955, #956, #957, #958, #959, #960, #961, #962, #963, #964, #965), .UNSPECIFIED., .F., .U., (4, 1, 1, 1, 1, 1, 1, 1, 1, 1, 1, 1, 1, 1, 1, 1, 1, 1, 1, 1, 1, 1, 1, 1, 1, 1, 1, 1, 1, 1, 4), (0., 0.0208333333333351, 0.0416666666666666, 0.0624999999999997, 0.0833333333333339, 0.104166666666666, 0.125, 0.145833333333334, 0.166666666666667, 0.1875, 0.208333333333334, 0.218749999999999, 0.229166666666667, 0.239583333333333, 0.25, 0.260416666666667, 0.270833333333334, 0.281250000000001, 0.291666666666667, 0.312500000000002, 0.333333333333333, 0.354166666666664, 0.375, 0.395833333333333, 0.416666666666667, 0.437500000000001, 0.458333333333332, 0.468750000000001, 0.479166666666667, 0.489583333333334, 0.5), .UNSPECIFIED.);
#967 = EDGE_CURVE ('', #930, #932, #966, .T.);
#968 = ORIENTED_EDGE ('', *, *, #967, .T.);
#969 = CARTESIAN_POINT ('', (127.5, 98., -5.));
#970 = CARTESIAN_POINT ('', (127.5, 97.9703291045598, -5.));
#971 = CARTESIAN_POINT ('', (127.501736957262, 97.9109873136793, -5.));
#972 = CARTESIAN_POINT ('', (127.509919884125, 97.8196458177859, -5.));
#973 = CARTESIAN_POINT ('', (127.524011238606, 97.7271850316455, -5.));
#974 = CARTESIAN_POINT ('', (127.5510453814, 97.6028671013485, -5.));
#975 = CARTESIAN_POINT ('', (127.600888368354, 97.4470957791982, -5.));
#976 = CARTESIAN_POINT ('', (127.687275033012, 97.2647431313717, -5.));
#977 = CARTESIAN_POINT ('', (127.799667727675, 97.0925566076171, -5.));
#978 = CARTESIAN_POINT ('', (127.935953658507, 96.9359536585073, -5.));
#979 = CARTESIAN_POINT ('', (128.092556607617, 96.7996677276748, -5.));
#980 = CARTESIAN_POINT ('', (128.264743131372, 96.6872750330116, -5.));
#981 = CARTESIAN_POINT ('', (128.447095779198, 96.6008883683544, -5.));
#982 = CARTESIAN_POINT ('', (128.602867101348, 96.5510453813997, -5.));
#983 = CARTESIAN_POINT ('', (128.727185031646, 96.5240112386062, -5.));
#984 = CARTESIAN_POINT ('', (128.819645817786, 96.5099198841249, -5.));
#985 = CARTESIAN_POINT ('', (128.910987313679, 96.5017369572618, -5.));
#986 = CARTESIAN_POINT ('', (129., 96.4991315213695, -5.));
#987 = CARTESIAN_POINT ('', (129.08901268632, 96.5017369572604, -5.));
#988 = CARTESIAN_POINT ('', (129.180354182216, 96.5099198841305, -5.));
#989 = CARTESIAN_POINT ('', (129.272814968346, 96.5240112385852, -5.));
#990 = CARTESIAN_POINT ('', (129.397132898698, 96.5510453815108, -5.));
#991 = CARTESIAN_POINT ('', (129.552904220424, 96.6008883674592, -5.));
#992 = CARTESIAN_POINT ('', (129.735256870009, 96.6872750362802, -5.));
#993 = CARTESIAN_POINT ('', (129.907443387238, 96.7996677154957, -5.));
#994 = CARTESIAN_POINT ('', (130.06404636069, 96.9359537039553, -5.));
#995 = CARTESIAN_POINT ('', (130.200332200681, 97.0925564380043, -5.));
#996 = CARTESIAN_POINT ('', (130.312725234369, 97.264743764375, -5.));
#997 = CARTESIAN_POINT ('', (130.399110633766, 97.4470934167979, -5.));
#998 = CARTESIAN_POINT ('', (130.458926940128, 97.6340301823766, -5.));
#999 = CARTESIAN_POINT ('', (130.493040408131, 97.8203157935203, -5.));
#1000 = CARTESIAN_POINT ('', (130.500002599365, 97.9410801045138, -5.));
#1001 = CARTESIAN_POINT ('', (130.5, 98., -5.));
#1002 = B_SPLINE_CURVE_WITH_KNOTS ('', 3, (#969, #970, #971, #972, #973, #974, #975, #976, #977, #978, #979, #980, #981, #982, #983, #984, #985, #986, #987, #988, #989, #990, #991, #992, #993, #994, #995, #996, #997, #998, #999, #1000, #1001), .UNSPECIFIED., .F., .U., (4, 1, 1, 1, 1, 1, 1, 1, 1, 1, 1, 1, 1, 1, 1, 1, 1, 1, 1, 1, 1, 1, 1, 1, 1, 1, 1, 1, 1, 1, 4), (0.5, 0.510416666666666, 0.520833333333333, 0.531249999999999, 0.541666666666665, 0.5625, 0.583333333333333, 0.604166666666666, 0.624999999999999, 0.645833333333334, 0.666666666666667, 0.687499999999998, 0.708333333333333, 0.718749999999999, 0.729166666666666, 0.739583333333333, 0.75, 0.760416666666667, 0.770833333333334, 0.781250000000001, 0.791666666666667, 0.812499999999999, 0.83333333333333, 0.854166666666669, 0.875000000000001, 0.895833333333333, 0.916666666666666, 0.937499999999999, 0.958333333333333, 0.979166666666667, 1.), .UNSPECIFIED.);
#1003 = EDGE_CURVE ('', #932, #930, #1002, .T.);
#1004 = ORIENTED_EDGE ('', *, *, #1003, .T.);
#1005 = EDGE_LOOP ('', (#968, #1004));
#1006 = FACE_BOUND ('', #1005, .T.);
#1007 = CARTESIAN_POINT ('', (12.5, 98., -5.));
#1008 = VERTEX_POINT ('', #1007);
#1009 = CARTESIAN_POINT ('', (9.5, 98., -5.));
#1010 = VERTEX_POINT ('', #1009);
#1011 = CARTESIAN_POINT ('', (12.5, 98., -5.));
#1012 = CARTESIAN_POINT ('', (12.5000025993651, 98.0589198954861, -5.));
#1013 = CARTESIAN_POINT ('', (12.4930404081306, 98.1796842064797, -5.));
#1014 = CARTESIAN_POINT ('', (12.4589269401275, 98.3659698176234, -5.));
#1015 = CARTESIAN_POINT ('', (12.3991106337662, 98.5529065832021, -5.));
#1016 = CARTESIAN_POINT ('', (12.3127252343694, 98.7352562356249, -5.));
#1017 = CARTESIAN_POINT ('', (12.2003322006806, 98.9074435619958, -5.));
#1018 = CARTESIAN_POINT ('', (12.06404636069, 99.0640462960447, -5.));
#1019 = CARTESIAN_POINT ('', (11.9074433872384, 99.2003322845043, -5.));
#1020 = CARTESIAN_POINT ('', (11.7352568700089, 99.3127249637198, -5.));
#1021 = CARTESIAN_POINT ('', (11.5529042204236, 99.3991116325408, -5.));
#1022 = CARTESIAN_POINT ('', (11.3971328986985, 99.4489546184892, -5.));
#1023 = CARTESIAN_POINT ('', (11.2728149683456, 99.4759887614147, -5.));
#1024 = CARTESIAN_POINT ('', (11.1803541822164, 99.4900801158696, -5.));
#1025 = CARTESIAN_POINT ('', (11.08901268632, 99.4982630427396, -5.));
#1026 = CARTESIAN_POINT ('', (11.0000000000002, 99.5008684786305, -5.));
#1027 = CARTESIAN_POINT ('', (10.9109873136793, 99.4982630427382, -5.));
#1028 = CARTESIAN_POINT ('', (10.8196458177859, 99.4900801158751, -5.));
#1029 = CARTESIAN_POINT ('', (10.7271850316455, 99.4759887613939, -5.));
#1030 = CARTESIAN_POINT ('', (10.6028671013484, 99.4489546186003, -5.));
#1031 = CARTESIAN_POINT ('', (10.4470957791982, 99.3991116316456, -5.));
#1032 = CARTESIAN_POINT ('', (10.2647431313717, 99.3127249669884, -5.));
#1033 = CARTESIAN_POINT ('', (10.0925566076171, 99.2003322723252, -5.));
#1034 = CARTESIAN_POINT ('', (9.9359536585073, 99.0640463414927, -5.));
#1035 = CARTESIAN_POINT ('', (9.7996677276748, 98.9074433923829, -5.));
#1036 = CARTESIAN_POINT ('', (9.68727503301158, 98.7352568686283, -5.));
#1037 = CARTESIAN_POINT ('', (9.60088836835446, 98.5529042208018, -5.));
#1038 = CARTESIAN_POINT ('', (9.55104538139967, 98.3971328986516, -5.));
#1039 = CARTESIAN_POINT ('', (9.52401123860617, 98.2728149683545, -5.));
#1040 = CARTESIAN_POINT ('', (9.50991988412485, 98.1803541822141, -5.));
#1041 = CARTESIAN_POINT ('', (9.50173695726193, 98.0890126863207, -5.));
#1042 = CARTESIAN_POINT ('', (9.5, 98.0296708954402, -5.));
#1043 = CARTESIAN_POINT ('', (9.5, 98., -5.));
#1044 = B_SPLINE_CURVE_WITH_KNOTS ('', 3, (#1011, #1012, #1013, #1014, #1015, #1016, #1017, #1018, #1019, #1020, #1021, #1022, #1023, #1024, #1025, #1026, #1027, #1028, #1029, #1030, #1031, #1032, #1033, #1034, #1035, #1036, #1037, #1038, #1039, #1040, #1041, #1042, #1043), .UNSPECIFIED., .F., .U., (4, 1, 1, 1, 1, 1, 1, 1, 1, 1, 1, 1, 1, 1, 1, 1, 1, 1, 1, 1, 1, 1, 1, 1, 1, 1, 1, 1, 1, 1, 4), (0., 0.0208333333333349, 0.0416666666666662, 0.0624999999999992, 0.0833333333333326, 0.104166666666666, 0.125, 0.145833333333333, 0.166666666666666, 0.1875, 0.208333333333333, 0.21875, 0.229166666666667, 0.239583333333333, 0.25, 0.260416666666667, 0.270833333333334, 0.281250000000001, 0.291666666666668, 0.312500000000002, 0.333333333333336, 0.354166666666668, 0.375000000000003, 0.395833333333337, 0.416666666666672, 0.437500000000006, 0.458333333333338, 0.468750000000007, 0.479166666666673, 0.48958333333334, 0.5), .UNSPECIFIED.);
#1045 = EDGE_CURVE ('', #1008, #1010, #1044, .T.);
#1046 = ORIENTED_EDGE ('', *, *, #1045, .T.);
#1047 = CARTESIAN_POINT ('', (9.5, 98., -5.));
#1048 = CARTESIAN_POINT ('', (9.5, 97.9703291045598, -5.));
#1049 = CARTESIAN_POINT ('', (9.50173695726193, 97.9109873136794, -5.));
#1050 = CARTESIAN_POINT ('', (9.50991988412485, 97.8196458177859, -5.));
#1051 = CARTESIAN_POINT ('', (9.52401123860617, 97.7271850316455, -5.));
#1052 = CARTESIAN_POINT ('', (9.5510453813997, 97.6028671013485, -5.));
#1053 = CARTESIAN_POINT ('', (9.60088836835444, 97.4470957791982, -5.));
#1054 = CARTESIAN_POINT ('', (9.68727503301157, 97.2647431313717, -5.));
#1055 = CARTESIAN_POINT ('', (9.79966772767481, 97.0925566076171, -5.));
#1056 = CARTESIAN_POINT ('', (9.93595365850729, 96.9359536585073, -5.));
#1057 = CARTESIAN_POINT ('', (10.0925566076171, 96.7996677276748, -5.));
#1058 = CARTESIAN_POINT ('', (10.2647431313717, 96.6872750330116, -5.));
#1059 = CARTESIAN_POINT ('', (10.4470957791982, 96.6008883683544, -5.));
#1060 = CARTESIAN_POINT ('', (10.6028671013484, 96.5510453813997, -5.));
#1061 = CARTESIAN_POINT ('', (10.7271850316455, 96.5240112386061, -5.));
#1062 = CARTESIAN_POINT ('', (10.8196458177859, 96.5099198841249, -5.));
#1063 = CARTESIAN_POINT ('', (10.9109873136793, 96.5017369572618, -5.));
#1064 = CARTESIAN_POINT ('', (11.0000000000002, 96.4991315213694, -5.));
#1065 = CARTESIAN_POINT ('', (11.08901268632, 96.5017369572604, -5.));
#1066 = CARTESIAN_POINT ('', (11.1803541822164, 96.5099198841305, -5.));
#1067 = CARTESIAN_POINT ('', (11.2728149683456, 96.5240112385852, -5.));
#1068 = CARTESIAN_POINT ('', (11.3971328986985, 96.5510453815108, -5.));
#1069 = CARTESIAN_POINT ('', (11.5529042204236, 96.6008883674592, -5.));
#1070 = CARTESIAN_POINT ('', (11.7352568700089, 96.6872750362801, -5.));
#1071 = CARTESIAN_POINT ('', (11.9074433872384, 96.7996677154957, -5.));
#1072 = CARTESIAN_POINT ('', (12.06404636069, 96.9359537039553, -5.));
#1073 = CARTESIAN_POINT ('', (12.2003322006806, 97.0925564380043, -5.));
#1074 = CARTESIAN_POINT ('', (12.3127252343694, 97.264743764375, -5.));
#1075 = CARTESIAN_POINT ('', (12.3991106337662, 97.4470934167979, -5.));
#1076 = CARTESIAN_POINT ('', (12.4589269401275, 97.6340301823766, -5.));
#1077 = CARTESIAN_POINT ('', (12.4930404081306, 97.8203157935203, -5.));
#1078 = CARTESIAN_POINT ('', (12.5000025993651, 97.9410801045139, -5.));
#1079 = CARTESIAN_POINT ('', (12.5, 98., -5.));
#1080 = B_SPLINE_CURVE_WITH_KNOTS ('', 3, (#1047, #1048, #1049, #1050, #1051, #1052, #1053, #1054, #1055, #1056, #1057, #1058, #1059, #1060, #1061, #1062, #1063, #1064, #1065, #1066, #1067, #1068, #1069, #1070, #1071, #1072, #1073, #1074, #1075, #1076, #1077, #1078, #1079), .UNSPECIFIED., .F., .U., (4, 1, 1, 1, 1, 1, 1, 1, 1, 1, 1, 1, 1, 1, 1, 1, 1, 1, 1, 1, 1, 1, 1, 1, 1, 1, 1, 1, 1, 1, 4), (0.5, 0.510416666666673, 0.52083333333334, 0.531250000000005, 0.54166666666667, 0.562500000000006, 0.583333333333337, 0.604166666666668, 0.625000000000003, 0.645833333333335, 0.666666666666668, 0.687500000000002, 0.708333333333334, 0.718750000000001, 0.729166666666667, 0.739583333333333, 0.75, 0.760416666666667, 0.770833333333333, 0.78125, 0.791666666666666, 0.812499999999999, 0.833333333333332, 0.854166666666667, 0.875, 0.895833333333332, 0.916666666666665, 0.937499999999999, 0.958333333333333, 0.979166666666666, 1.), .UNSPECIFIED.);
#1081 = EDGE_CURVE ('', #1010, #1008, #1080, .T.);
#1082 = ORIENTED_EDGE ('', *, *, #1081, .T.);
#1083 = EDGE_LOOP ('', (#1046, #1082));
#1084 = FACE_BOUND ('', #1083, .T.);
#1085 = CARTESIAN_POINT ('', (12.5, 56., -5.));
#1086 = VERTEX_POINT ('', #1085);
#1087 = CARTESIAN_POINT ('', (9.5, 56., -5.));
#1088 = VERTEX_POINT ('', #1087);
#1089 = CARTESIAN_POINT ('', (12.5, 56., -5.));
#1090 = CARTESIAN_POINT ('', (12.5000025993651, 56.0589198954861, -5.));
#1091 = CARTESIAN_POINT ('', (12.4930404081306, 56.1796842064796, -5.));
#1092 = CARTESIAN_POINT ('', (12.4589269401275, 56.3659698176234, -5.));
#1093 = CARTESIAN_POINT ('', (12.3991106337662, 56.5529065832021, -5.));
#1094 = CARTESIAN_POINT ('', (12.3127252343694, 56.735256235625, -5.));
#1095 = CARTESIAN_POINT ('', (12.2003322006806, 56.9074435619957, -5.));
#1096 = CARTESIAN_POINT ('', (12.06404636069, 57.0640462960447, -5.));
#1097 = CARTESIAN_POINT ('', (11.9074433872384, 57.2003322845043, -5.));
#1098 = CARTESIAN_POINT ('', (11.735256870009, 57.3127249637198, -5.));
#1099 = CARTESIAN_POINT ('', (11.5529042204236, 57.3991116325408, -5.));
#1100 = CARTESIAN_POINT ('', (11.3971328986985, 57.4489546184892, -5.));
#1101 = CARTESIAN_POINT ('', (11.2728149683456, 57.4759887614147, -5.));
#1102 = CARTESIAN_POINT ('', (11.1803541822164, 57.4900801158695, -5.));
#1103 = CARTESIAN_POINT ('', (11.08901268632, 57.4982630427396, -5.));
#1104 = CARTESIAN_POINT ('', (11.0000000000002, 57.5008684786305, -5.));
#1105 = CARTESIAN_POINT ('', (10.9109873136793, 57.4982630427382, -5.));
#1106 = CARTESIAN_POINT ('', (10.8196458177859, 57.4900801158751, -5.));
#1107 = CARTESIAN_POINT ('', (10.7271850316455, 57.4759887613938, -5.));
#1108 = CARTESIAN_POINT ('', (10.6028671013484, 57.4489546186003, -5.));
#1109 = CARTESIAN_POINT ('', (10.4470957791982, 57.3991116316455, -5.));
#1110 = CARTESIAN_POINT ('', (10.2647431313717, 57.3127249669884, -5.));
#1111 = CARTESIAN_POINT ('', (10.0925566076171, 57.2003322723252, -5.));
#1112 = CARTESIAN_POINT ('', (9.93595365850729, 57.0640463414927, -5.));
#1113 = CARTESIAN_POINT ('', (9.7996677276748, 56.9074433923829, -5.));
#1114 = CARTESIAN_POINT ('', (9.68727503301157, 56.7352568686283, -5.));
#1115 = CARTESIAN_POINT ('', (9.60088836835446, 56.5529042208018, -5.));
#1116 = CARTESIAN_POINT ('', (9.55104538139968, 56.3971328986516, -5.));
#1117 = CARTESIAN_POINT ('', (9.52401123860617, 56.2728149683545, -5.));
#1118 = CARTESIAN_POINT ('', (9.50991988412485, 56.1803541822141, -5.));
#1119 = CARTESIAN_POINT ('', (9.50173695726193, 56.0890126863206, -5.));
#1120 = CARTESIAN_POINT ('', (9.5, 56.0296708954402, -5.));
#1121 = CARTESIAN_POINT ('', (9.5, 56., -5.));
#1122 = B_SPLINE_CURVE_WITH_KNOTS ('', 3, (#1089, #1090, #1091, #1092, #1093, #1094, #1095, #1096, #1097, #1098, #1099, #1100, #1101, #1102, #1103, #1104, #1105, #1106, #1107, #1108, #1109, #1110, #1111, #1112, #1113, #1114, #1115, #1116, #1117, #1118, #1119, #1120, #1121), .UNSPECIFIED., .F., .U., (4, 1, 1, 1, 1, 1, 1, 1, 1, 1, 1, 1, 1, 1, 1, 1, 1, 1, 1, 1, 1, 1, 1, 1, 1, 1, 1, 1, 1, 1, 4), (0., 0.0208333333333336, 0.0416666666666657, 0.0624999999999995, 0.083333333333333, 0.104166666666666, 0.125, 0.145833333333333, 0.166666666666667, 0.1875, 0.208333333333333, 0.21875, 0.229166666666667, 0.239583333333333, 0.25, 0.260416666666666, 0.270833333333333, 0.28125, 0.291666666666666, 0.312499999999999, 0.333333333333332, 0.354166666666665, 0.374999999999998, 0.395833333333331, 0.416666666666665, 0.437499999999998, 0.45833333333333, 0.468749999999998, 0.479166666666663, 0.48958333333333, 0.5), .UNSPECIFIED.);
#1123 = EDGE_CURVE ('', #1086, #1088, #1122, .T.);
#1124 = ORIENTED_EDGE ('', *, *, #1123, .T.);
#1125 = CARTESIAN_POINT ('', (9.5, 56., -5.));
#1126 = CARTESIAN_POINT ('', (9.5, 55.9703291045598, -5.));
#1127 = CARTESIAN_POINT ('', (9.50173695726193, 55.9109873136793, -5.));
#1128 = CARTESIAN_POINT ('', (9.50991988412486, 55.8196458177859, -5.));
#1129 = CARTESIAN_POINT ('', (9.52401123860617, 55.7271850316455, -5.));
#1130 = CARTESIAN_POINT ('', (9.55104538139969, 55.6028671013484, -5.));
#1131 = CARTESIAN_POINT ('', (9.60088836835445, 55.4470957791982, -5.));
#1132 = CARTESIAN_POINT ('', (9.68727503301156, 55.2647431313717, -5.));
#1133 = CARTESIAN_POINT ('', (9.79966772767481, 55.0925566076171, -5.));
#1134 = CARTESIAN_POINT ('', (9.93595365850729, 54.9359536585073, -5.));
#1135 = CARTESIAN_POINT ('', (10.0925566076171, 54.7996677276748, -5.));
#1136 = CARTESIAN_POINT ('', (10.2647431313717, 54.6872750330116, -5.));
#1137 = CARTESIAN_POINT ('', (10.4470957791982, 54.6008883683544, -5.));
#1138 = CARTESIAN_POINT ('', (10.6028671013485, 54.5510453813997, -5.));
#1139 = CARTESIAN_POINT ('', (10.7271850316455, 54.5240112386061, -5.));
#1140 = CARTESIAN_POINT ('', (10.8196458177859, 54.5099198841249, -5.));
#1141 = CARTESIAN_POINT ('', (10.9109873136793, 54.5017369572618, -5.));
#1142 = CARTESIAN_POINT ('', (11.0000000000002, 54.4991315213694, -5.));
#1143 = CARTESIAN_POINT ('', (11.08901268632, 54.5017369572604, -5.));
#1144 = CARTESIAN_POINT ('', (11.1803541822164, 54.5099198841304, -5.));
#1145 = CARTESIAN_POINT ('', (11.2728149683456, 54.5240112385852, -5.));
#1146 = CARTESIAN_POINT ('', (11.3971328986985, 54.5510453815108, -5.));
#1147 = CARTESIAN_POINT ('', (11.5529042204236, 54.6008883674592, -5.));
#1148 = CARTESIAN_POINT ('', (11.7352568700089, 54.6872750362802, -5.));
#1149 = CARTESIAN_POINT ('', (11.9074433872384, 54.7996677154957, -5.));
#1150 = CARTESIAN_POINT ('', (12.06404636069, 54.9359537039553, -5.));
#1151 = CARTESIAN_POINT ('', (12.2003322006806, 55.0925564380043, -5.));
#1152 = CARTESIAN_POINT ('', (12.3127252343694, 55.264743764375, -5.));
#1153 = CARTESIAN_POINT ('', (12.3991106337662, 55.4470934167979, -5.));
#1154 = CARTESIAN_POINT ('', (12.4589269401275, 55.6340301823766, -5.));
#1155 = CARTESIAN_POINT ('', (12.4930404081306, 55.8203157935203, -5.));
#1156 = CARTESIAN_POINT ('', (12.5000025993652, 55.9410801045139, -5.));
#1157 = CARTESIAN_POINT ('', (12.5, 56., -5.));
#1158 = B_SPLINE_CURVE_WITH_KNOTS ('', 3, (#1125, #1126, #1127, #1128, #1129, #1130, #1131, #1132, #1133, #1134, #1135, #1136, #1137, #1138, #1139, #1140, #1141, #1142, #1143, #1144, #1145, #1146, #1147, #1148, #1149, #1150, #1151, #1152, #1153, #1154, #1155, #1156, #1157), .UNSPECIFIED., .F., .U., (4, 1, 1, 1, 1, 1, 1, 1, 1, 1, 1, 1, 1, 1, 1, 1, 1, 1, 1, 1, 1, 1, 1, 1, 1, 1, 1, 1, 1, 1, 4), (0.5, 0.510416666666662, 0.52083333333333, 0.531249999999997, 0.541666666666664, 0.562499999999997, 0.583333333333331, 0.604166666666664, 0.624999999999998, 0.645833333333332, 0.666666666666665, 0.687499999999999, 0.708333333333332, 0.71875, 0.729166666666666, 0.739583333333333, 0.75, 0.760416666666667, 0.770833333333333, 0.78125, 0.791666666666667, 0.8125, 0.833333333333334, 0.854166666666668, 0.875000000000001, 0.895833333333334, 0.916666666666668, 0.9375, 0.958333333333334, 0.979166666666667, 1.), .UNSPECIFIED.);
#1159 = EDGE_CURVE ('', #1088, #1086, #1158, .T.);
#1160 = ORIENTED_EDGE ('', *, *, #1159, .T.);
#1161 = EDGE_LOOP ('', (#1124, #1160));
#1162 = FACE_BOUND ('', #1161, .T.);
#1163 = CARTESIAN_POINT ('', (130.5, 0.5, -5.));
#1164 = VERTEX_POINT ('', #1163);
#1165 = CARTESIAN_POINT ('', (127.5, 0.5, -5.));
#1166 = VERTEX_POINT ('', #1165);
#1167 = CARTESIAN_POINT ('', (130.5, 0.5, -5.));
#1168 = CARTESIAN_POINT ('', (130.500002599365, 0.558919895486121, -5.));
#1169 = CARTESIAN_POINT ('', (130.493040408131, 0.679684206479681, -5.));
#1170 = CARTESIAN_POINT ('', (130.458926940128, 0.865969817623367, -5.));
#1171 = CARTESIAN_POINT ('', (130.399110633766, 1.05290658320212, -5.));
#1172 = CARTESIAN_POINT ('', (130.312725234369, 1.23525623562498, -5.));
#1173 = CARTESIAN_POINT ('', (130.200332200681, 1.40744356199572, -5.));
#1174 = CARTESIAN_POINT ('', (130.06404636069, 1.56404629604472, -5.));
#1175 = CARTESIAN_POINT ('', (129.907443387238, 1.70033228450433, -5.));
#1176 = CARTESIAN_POINT ('', (129.735256870009, 1.81272496371983, -5.));
#1177 = CARTESIAN_POINT ('', (129.552904220424, 1.89911163254078, -5.));
#1178 = CARTESIAN_POINT ('', (129.397132898698, 1.94895461848921, -5.));
#1179 = CARTESIAN_POINT ('', (129.272814968346, 1.97598876141476, -5.));
#1180 = CARTESIAN_POINT ('', (129.180354182216, 1.99008011586954, -5.));
#1181 = CARTESIAN_POINT ('', (129.08901268632, 1.99826304273958, -5.));
#1182 = CARTESIAN_POINT ('', (129., 2.00086847863056, -5.));
#1183 = CARTESIAN_POINT ('', (128.910987313679, 1.99826304273818, -5.));
#1184 = CARTESIAN_POINT ('', (128.819645817786, 1.99008011587512, -5.));
#1185 = CARTESIAN_POINT ('', (128.727185031646, 1.97598876139384, -5.));
#1186 = CARTESIAN_POINT ('', (128.602867101348, 1.9489546186003, -5.));
#1187 = CARTESIAN_POINT ('', (128.447095779198, 1.89911163164555, -5.));
#1188 = CARTESIAN_POINT ('', (128.264743131372, 1.81272496698841, -5.));
#1189 = CARTESIAN_POINT ('', (128.092556607617, 1.70033227232519, -5.));
#1190 = CARTESIAN_POINT ('', (127.935953658507, 1.56404634149271, -5.));
#1191 = CARTESIAN_POINT ('', (127.799667727675, 1.40744339238289, -5.));
#1192 = CARTESIAN_POINT ('', (127.687275033012, 1.23525686862828, -5.));
#1193 = CARTESIAN_POINT ('', (127.600888368354, 1.05290422080176, -5.));
#1194 = CARTESIAN_POINT ('', (127.5510453814, 0.897132898651561, -5.));
#1195 = CARTESIAN_POINT ('', (127.524011238606, 0.772814968354479, -5.));
#1196 = CARTESIAN_POINT ('', (127.509919884125, 0.680354182214079, -5.));
#1197 = CARTESIAN_POINT ('', (127.501736957262, 0.58901268632061, -5.));
#1198 = CARTESIAN_POINT ('', (127.5, 0.529670895440243, -5.));
#1199 = CARTESIAN_POINT ('', (127.5, 0.5, -5.));
#1200 = B_SPLINE_CURVE_WITH_KNOTS ('', 3, (#1167, #1168, #1169, #1170, #1171, #1172, #1173, #1174, #1175, #1176, #1177, #1178, #1179, #1180, #1181, #1182, #1183, #1184, #1185, #1186, #1187, #1188, #1189, #1190, #1191, #1192, #1193, #1194, #1195, #1196, #1197, #1198, #1199), .UNSPECIFIED., .F., .U., (4, 1, 1, 1, 1, 1, 1, 1, 1, 1, 1, 1, 1, 1, 1, 1, 1, 1, 1, 1, 1, 1, 1, 1, 1, 1, 1, 1, 1, 1, 4), (0., 0.0208333333333332, 0.0416666666666667, 0.0625, 0.0833333333333341, 0.104166666666666, 0.124999999999999, 0.145833333333334, 0.166666666666667, 0.1875, 0.208333333333334, 0.218749999999999, 0.229166666666666, 0.239583333333333, 0.25, 0.260416666666666, 0.270833333333333, 0.281249999999999, 0.291666666666665, 0.3125, 0.33333333333333, 0.354166666666662, 0.374999999999996, 0.395833333333328, 0.416666666666661, 0.437499999999994, 0.458333333333327, 0.468749999999993, 0.479166666666659, 0.489583333333326, 0.5), .UNSPECIFIED.);
#1201 = EDGE_CURVE ('', #1164, #1166, #1200, .T.);
#1202 = ORIENTED_EDGE ('', *, *, #1201, .T.);
#1203 = CARTESIAN_POINT ('', (127.5, 0.5, -5.));
#1204 = CARTESIAN_POINT ('', (127.5, 0.4703291045598, -5.));
#1205 = CARTESIAN_POINT ('', (127.501736957262, 0.410987313679284, -5.));
#1206 = CARTESIAN_POINT ('', (127.509919884125, 0.319645817785937, -5.));
#1207 = CARTESIAN_POINT ('', (127.524011238606, 0.227185031645518, -5.));
#1208 = CARTESIAN_POINT ('', (127.5510453814, 0.102867101348442, -5.));
#1209 = CARTESIAN_POINT ('', (127.600888368354, -0.0529042208017606, -5.));
#1210 = CARTESIAN_POINT ('', (127.687275033012, -0.235256868628284, -5.));
#1211 = CARTESIAN_POINT ('', (127.799667727675, -0.407443392382879, -5.));
#1212 = CARTESIAN_POINT ('', (127.935953658507, -0.564046341492717, -5.));
#1213 = CARTESIAN_POINT ('', (128.092556607617, -0.700332272325185, -5.));
#1214 = CARTESIAN_POINT ('', (128.264743131372, -0.812724966988414, -5.));
#1215 = CARTESIAN_POINT ('', (128.447095779198, -0.899111631645555, -5.));
#1216 = CARTESIAN_POINT ('', (128.602867101348, -0.948954618600301, -5.));
#1217 = CARTESIAN_POINT ('', (128.727185031646, -0.975988761393839, -5.));
#1218 = CARTESIAN_POINT ('', (128.819645817786, -0.990080115875115, -5.));
#1219 = CARTESIAN_POINT ('', (128.910987313679, -0.998263042738181, -5.));
#1220 = CARTESIAN_POINT ('', (129., -1.00086847863056, -5.));
#1221 = CARTESIAN_POINT ('', (129.08901268632, -0.998263042739576, -5.));
#1222 = CARTESIAN_POINT ('', (129.180354182216, -0.990080115869537, -5.));
#1223 = CARTESIAN_POINT ('', (129.272814968346, -0.975988761414756, -5.));
#1224 = CARTESIAN_POINT ('', (129.397132898699, -0.948954618489212, -5.));
#1225 = CARTESIAN_POINT ('', (129.552904220424, -0.89911163254079, -5.));
#1226 = CARTESIAN_POINT ('', (129.735256870009, -0.812724963719801, -5.));
#1227 = CARTESIAN_POINT ('', (129.907443387238, -0.700332284504363, -5.));
#1228 = CARTESIAN_POINT ('', (130.06404636069, -0.564046296044709, -5.));
#1229 = CARTESIAN_POINT ('', (130.200332200681, -0.407443561995707, -5.));
#1230 = CARTESIAN_POINT ('', (130.312725234369, -0.235256235624997, -5.));
#1231 = CARTESIAN_POINT ('', (130.399110633766, -0.0529065832021125, -5.));
#1232 = CARTESIAN_POINT ('', (130.458926940127, 0.134030182376629, -5.));
#1233 = CARTESIAN_POINT ('', (130.493040408131, 0.320315793520319, -5.));
#1234 = CARTESIAN_POINT ('', (130.500002599365, 0.441080104513879, -5.));
#1235 = CARTESIAN_POINT ('', (130.5, 0.5, -5.));
#1236 = B_SPLINE_CURVE_WITH_KNOTS ('', 3, (#1203, #1204, #1205, #1206, #1207, #1208, #1209, #1210, #1211, #1212, #1213, #1214, #1215, #1216, #1217, #1218, #1219, #1220, #1221, #1222, #1223, #1224, #1225, #1226, #1227, #1228, #1229, #1230, #1231, #1232, #1233, #1234, #1235), .UNSPECIFIED., .F., .U., (4, 1, 1, 1, 1, 1, 1, 1, 1, 1, 1, 1, 1, 1, 1, 1, 1, 1, 1, 1, 1, 1, 1, 1, 1, 1, 1, 1, 1, 1, 4), (0.5, 0.510416666666659, 0.520833333333326, 0.531249999999993, 0.54166666666666, 0.562499999999994, 0.583333333333328, 0.604166666666663, 0.624999999999995, 0.645833333333331, 0.666666666666665, 0.687499999999996, 0.708333333333332, 0.718749999999999, 0.729166666666666, 0.739583333333333, 0.75, 0.760416666666667, 0.770833333333334, 0.781250000000001, 0.791666666666667, 0.8125, 0.833333333333331, 0.85416666666667, 0.875000000000002, 0.895833333333335, 0.916666666666669, 0.937500000000001, 0.958333333333334, 0.979166666666667, 1.), .UNSPECIFIED.);
#1237 = EDGE_CURVE ('', #1166, #1164, #1236, .T.);
#1238 = ORIENTED_EDGE ('', *, *, #1237, .T.);
#1239 = EDGE_LOOP ('', (#1202, #1238));
#1240 = FACE_BOUND ('', #1239, .T.);
#1241 = CARTESIAN_POINT ('', (12.5, 0.5, -5.));
#1242 = VERTEX_POINT ('', #1241);
#1243 = CARTESIAN_POINT ('', (9.5, 0.5, -5.));
#1244 = VERTEX_POINT ('', #1243);
#1245 = CARTESIAN_POINT ('', (12.5, 0.5, -5.));
#1246 = CARTESIAN_POINT ('', (12.5000025993651, 0.558919895486124, -5.));
#1247 = CARTESIAN_POINT ('', (12.4930404081306, 0.679684206479679, -5.));
#1248 = CARTESIAN_POINT ('', (12.4589269401275, 0.865969817623369, -5.));
#1249 = CARTESIAN_POINT ('', (12.3991106337662, 1.05290658320212, -5.));
#1250 = CARTESIAN_POINT ('', (12.3127252343694, 1.23525623562499, -5.));
#1251 = CARTESIAN_POINT ('', (12.2003322006806, 1.40744356199571, -5.));
#1252 = CARTESIAN_POINT ('', (12.06404636069, 1.56404629604471, -5.));
#1253 = CARTESIAN_POINT ('', (11.9074433872384, 1.70033228450434, -5.));
#1254 = CARTESIAN_POINT ('', (11.7352568700089, 1.81272496371983, -5.));
#1255 = CARTESIAN_POINT ('', (11.5529042204236, 1.89911163254078, -5.));
#1256 = CARTESIAN_POINT ('', (11.3971328986985, 1.94895461848921, -5.));
#1257 = CARTESIAN_POINT ('', (11.2728149683456, 1.97598876141475, -5.));
#1258 = CARTESIAN_POINT ('', (11.1803541822164, 1.99008011586954, -5.));
#1259 = CARTESIAN_POINT ('', (11.08901268632, 1.99826304273958, -5.));
#1260 = CARTESIAN_POINT ('', (11.0000000000002, 2.00086847863056, -5.));
#1261 = CARTESIAN_POINT ('', (10.9109873136793, 1.99826304273818, -5.));
#1262 = CARTESIAN_POINT ('', (10.8196458177859, 1.99008011587512, -5.));
#1263 = CARTESIAN_POINT ('', (10.7271850316455, 1.97598876139384, -5.));
#1264 = CARTESIAN_POINT ('', (10.6028671013484, 1.94895461860031, -5.));
#1265 = CARTESIAN_POINT ('', (10.4470957791982, 1.89911163164554, -5.));
#1266 = CARTESIAN_POINT ('', (10.2647431313717, 1.81272496698842, -5.));
#1267 = CARTESIAN_POINT ('', (10.0925566076171, 1.70033227232519, -5.));
#1268 = CARTESIAN_POINT ('', (9.93595365850729, 1.5640463414927, -5.));
#1269 = CARTESIAN_POINT ('', (9.7996677276748, 1.40744339238289, -5.));
#1270 = CARTESIAN_POINT ('', (9.68727503301157, 1.23525686862828, -5.));
#1271 = CARTESIAN_POINT ('', (9.60088836835445, 1.05290422080176, -5.));
#1272 = CARTESIAN_POINT ('', (9.55104538139969, 0.89713289865156, -5.));
#1273 = CARTESIAN_POINT ('', (9.52401123860617, 0.772814968354479, -5.));
#1274 = CARTESIAN_POINT ('', (9.50991988412485, 0.680354182214074, -5.));
#1275 = CARTESIAN_POINT ('', (9.50173695726193, 0.589012686320652, -5.));
#1276 = CARTESIAN_POINT ('', (9.5, 0.529670895440226, -5.));
#1277 = CARTESIAN_POINT ('', (9.5, 0.5, -5.));
#1278 = B_SPLINE_CURVE_WITH_KNOTS ('', 3, (#1245, #1246, #1247, #1248, #1249, #1250, #1251, #1252, #1253, #1254, #1255, #1256, #1257, #1258, #1259, #1260, #1261, #1262, #1263, #1264, #1265, #1266, #1267, #1268, #1269, #1270, #1271, #1272, #1273, #1274, #1275, #1276, #1277), .UNSPECIFIED., .F., .U., (4, 1, 1, 1, 1, 1, 1, 1, 1, 1, 1, 1, 1, 1, 1, 1, 1, 1, 1, 1, 1, 1, 1, 1, 1, 1, 1, 1, 1, 1, 4), (0., 0.0208333333333332, 0.0416666666666665, 0.0624999999999997, 0.083333333333333, 0.104166666666666, 0.125, 0.145833333333333, 0.166666666666666, 0.1875, 0.208333333333333, 0.21875, 0.229166666666667, 0.239583333333333, 0.25, 0.260416666666666, 0.270833333333333, 0.28125, 0.291666666666666, 0.3125, 0.333333333333333, 0.354166666666666, 0.374999999999999, 0.395833333333332, 0.416666666666666, 0.437499999999999, 0.458333333333332, 0.468749999999998, 0.479166666666665, 0.489583333333332, 0.5), .UNSPECIFIED.);
#1279 = EDGE_CURVE ('', #1242, #1244, #1278, .T.);
#1280 = ORIENTED_EDGE ('', *, *, #1279, .T.);
#1281 = CARTESIAN_POINT ('', (9.5, 0.5, -5.));
#1282 = CARTESIAN_POINT ('', (9.5, 0.470329104559784, -5.));
#1283 = CARTESIAN_POINT ('', (9.50173695726192, 0.410987313679325, -5.));
#1284 = CARTESIAN_POINT ('', (9.50991988412485, 0.31964581778593, -5.));
#1285 = CARTESIAN_POINT ('', (9.52401123860617, 0.227185031645518, -5.));
#1286 = CARTESIAN_POINT ('', (9.55104538139969, 0.102867101348443, -5.));
#1287 = CARTESIAN_POINT ('', (9.60088836835445, -0.0529042208017567, -5.));
#1288 = CARTESIAN_POINT ('', (9.68727503301157, -0.235256868628285, -5.));
#1289 = CARTESIAN_POINT ('', (9.7996677276748, -0.40744339238289, -5.));
#1290 = CARTESIAN_POINT ('', (9.93595365850729, -0.564046341492702, -5.));
#1291 = CARTESIAN_POINT ('', (10.0925566076171, -0.700332272325194, -5.));
#1292 = CARTESIAN_POINT ('', (10.2647431313717, -0.812724966988421, -5.));
#1293 = CARTESIAN_POINT ('', (10.4470957791982, -0.899111631645542, -5.));
#1294 = CARTESIAN_POINT ('', (10.6028671013484, -0.948954618600306, -5.));
#1295 = CARTESIAN_POINT ('', (10.7271850316455, -0.975988761393838, -5.));
#1296 = CARTESIAN_POINT ('', (10.8196458177859, -0.990080115875116, -5.));
#1297 = CARTESIAN_POINT ('', (10.9109873136793, -0.998263042738181, -5.));
#1298 = CARTESIAN_POINT ('', (11.0000000000002, -1.00086847863056, -5.));
#1299 = CARTESIAN_POINT ('', (11.08901268632, -0.998263042739576, -5.));
#1300 = CARTESIAN_POINT ('', (11.1803541822164, -0.990080115869538, -5.));
#1301 = CARTESIAN_POINT ('', (11.2728149683456, -0.975988761414755, -5.));
#1302 = CARTESIAN_POINT ('', (11.3971328986985, -0.948954618489215, -5.));
#1303 = CARTESIAN_POINT ('', (11.5529042204236, -0.89911163254078, -5.));
#1304 = CARTESIAN_POINT ('', (11.7352568700089, -0.812724963719825, -5.));
#1305 = CARTESIAN_POINT ('', (11.9074433872384, -0.700332284504342, -5.));
#1306 = CARTESIAN_POINT ('', (12.06404636069, -0.564046296044709, -5.));
#1307 = CARTESIAN_POINT ('', (12.2003322006806, -0.407443561995713, -5.));
#1308 = CARTESIAN_POINT ('', (12.3127252343694, -0.23525623562499, -5.));
#1309 = CARTESIAN_POINT ('', (12.3991106337662, -0.0529065832021171, -5.));
#1310 = CARTESIAN_POINT ('', (12.4589269401275, 0.13403018237663, -5.));
#1311 = CARTESIAN_POINT ('', (12.4930404081306, 0.320315793520319, -5.));
#1312 = CARTESIAN_POINT ('', (12.5000025993652, 0.441080104513878, -5.));
#1313 = CARTESIAN_POINT ('', (12.5, 0.5, -5.));
#1314 = B_SPLINE_CURVE_WITH_KNOTS ('', 3, (#1281, #1282, #1283, #1284, #1285, #1286, #1287, #1288, #1289, #1290, #1291, #1292, #1293, #1294, #1295, #1296, #1297, #1298, #1299, #1300, #1301, #1302, #1303, #1304, #1305, #1306, #1307, #1308, #1309, #1310, #1311, #1312, #1313), .UNSPECIFIED., .F., .U., (4, 1, 1, 1, 1, 1, 1, 1, 1, 1, 1, 1, 1, 1, 1, 1, 1, 1, 1, 1, 1, 1, 1, 1, 1, 1, 1, 1, 1, 1, 4), (0.5, 0.510416666666665, 0.520833333333331, 0.531249999999998, 0.541666666666665, 0.562499999999998, 0.583333333333331, 0.604166666666665, 0.624999999999999, 0.645833333333332, 0.666666666666666, 0.687499999999999, 0.708333333333333, 0.71875, 0.729166666666666, 0.739583333333333, 0.75, 0.760416666666667, 0.770833333333333, 0.78125, 0.791666666666667, 0.8125, 0.833333333333334, 0.854166666666667, 0.875000000000001, 0.895833333333334, 0.916666666666667, 0.937500000000001, 0.958333333333334, 0.979166666666667, 1.), .UNSPECIFIED.);
#1315 = EDGE_CURVE ('', #1244, #1242, #1314, .T.);
#1316 = ORIENTED_EDGE ('', *, *, #1315, .T.);
#1317 = EDGE_LOOP ('', (#1280, #1316));
#1318 = FACE_BOUND ('', #1317, .T.);
#1319 = CARTESIAN_POINT ('', (131.5, -1.99999999999999, -5.));
#1320 = CARTESIAN_POINT ('', (131.5, 100.5, -5.));
#1321 = CARTESIAN_POINT ('', (8.50000000000003, -1.99999999999999, -5.));
#1322 = CARTESIAN_POINT ('', (8.50000000000003, 100.5, -5.));
#1323 = B_SPLINE_SURFACE_WITH_KNOTS ('', 1, 1, ((#1319, #1320), (#1321, #1322)), .UNSPECIFIED., .F., .F., .U., (2, 2), (2, 2), (0.350069561686429, 0.71588921863756), (0.352108190577603, 0.656957904703546), .UNSPECIFIED.);
#1324 = ADVANCED_FACE ('', (#437, #496, #614, #732, #850, #928, #1006, #1084, #1162, #1240, #1318), #1323, .T.);
#1325 = CARTESIAN_POINT ('', (10., 0.500000000000008, -4.5));
#1326 = VERTEX_POINT ('', #1325);
#1327 = CARTESIAN_POINT ('', (9.5, 0.5, -5.));
#1328 = CARTESIAN_POINT ('', (10., 0.499999999999987, -4.5));
#1329 = B_SPLINE_CURVE_WITH_KNOTS ('', 1, (#1327, #1328), .UNSPECIFIED., .F., .U., (2, 2), (0., 1.), .UNSPECIFIED.);
#1330 = EDGE_CURVE ('', #1244, #1326, #1329, .T.);
#1331 = ORIENTED_EDGE ('', *, *, #1330, .T.);
#1332 = CARTESIAN_POINT ('', (12., 0.5, -4.5));
#1333 = VERTEX_POINT ('', #1332);
#1334 = CARTESIAN_POINT ('', (10., 0.500000000000008, -4.5));
#1335 = CARTESIAN_POINT ('', (10., -0.499999999999992, -4.5));
#1336 = CARTESIAN_POINT ('', (11., -0.499999999999996, -4.5));
#1337 = CARTESIAN_POINT ('', (12., -0.5, -4.5));
#1338 = CARTESIAN_POINT ('', (12., 0.5, -4.5));
#1339 = (
   BOUNDED_CURVE ()
   B_SPLINE_CURVE (2, (#1334, #1335, #1336, #1337, #1338), .UNSPECIFIED., .F., .U.)
   B_SPLINE_CURVE_WITH_KNOTS ((3, 2, 3), (0.5, 0.75, 1.), .UNSPECIFIED.)
   CURVE ()
   GEOMETRIC_REPRESENTATION_ITEM ()
   RATIONAL_B_SPLINE_CURVE ((1., 0.707106781186548, 1., 0.707106781186548, 1.))
   REPRESENTATION_ITEM ('')
);
#1340 = EDGE_CURVE ('', #1326, #1333, #1339, .T.);
#1341 = ORIENTED_EDGE ('', *, *, #1340, .T.);
#1342 = CARTESIAN_POINT ('', (12.5, 0.5, -5.));
#1343 = CARTESIAN_POINT ('', (12., 0.499999999999997, -4.5));
#1344 = B_SPLINE_CURVE_WITH_KNOTS ('', 1, (#1342, #1343), .UNSPECIFIED., .F., .U., (2, 2), (0., 1.), .UNSPECIFIED.);
#1345 = EDGE_CURVE ('', #1242, #1333, #1344, .T.);
#1346 = ORIENTED_EDGE ('', *, *, #1345, .F.);
#1347 = ORIENTED_EDGE ('', *, *, #1315, .F.);
#1348 = EDGE_LOOP ('', (#1331, #1341, #1346, #1347));
#1349 = FACE_OUTER_BOUND ('', #1348, .T.);
#1350 = CARTESIAN_POINT ('', (9.5, 0.5, -5.));
#1351 = CARTESIAN_POINT ('', (9.5, 0.470329104559784, -5.));
#1352 = CARTESIAN_POINT ('', (9.50173695726192, 0.410987313679325, -5.));
#1353 = CARTESIAN_POINT ('', (9.50991988412485, 0.31964581778593, -5.));
#1354 = CARTESIAN_POINT ('', (9.52401123860617, 0.227185031645518, -5.));
#1355 = CARTESIAN_POINT ('', (9.55104538139969, 0.102867101348443, -5.));
#1356 = CARTESIAN_POINT ('', (9.60088836835445, -0.0529042208017567, -5.));
#1357 = CARTESIAN_POINT ('', (9.68727503301157, -0.235256868628285, -5.));
#1358 = CARTESIAN_POINT ('', (9.7996677276748, -0.40744339238289, -5.));
#1359 = CARTESIAN_POINT ('', (9.93595365850729, -0.564046341492702, -5.));
#1360 = CARTESIAN_POINT ('', (10.0925566076171, -0.700332272325194, -5.));
#1361 = CARTESIAN_POINT ('', (10.2647431313717, -0.812724966988421, -5.));
#1362 = CARTESIAN_POINT ('', (10.4470957791982, -0.899111631645542, -5.));
#1363 = CARTESIAN_POINT ('', (10.6028671013484, -0.948954618600306, -5.));
#1364 = CARTESIAN_POINT ('', (10.7271850316455, -0.975988761393838, -5.));
#1365 = CARTESIAN_POINT ('', (10.8196458177859, -0.990080115875116, -5.));
#1366 = CARTESIAN_POINT ('', (10.9109873136793, -0.998263042738181, -5.));
#1367 = CARTESIAN_POINT ('', (11.0000000000002, -1.00086847863056, -5.));
#1368 = CARTESIAN_POINT ('', (11.08901268632, -0.998263042739576, -5.));
#1369 = CARTESIAN_POINT ('', (11.1803541822164, -0.990080115869538, -5.));
#1370 = CARTESIAN_POINT ('', (11.2728149683456, -0.975988761414755, -5.));
#1371 = CARTESIAN_POINT ('', (11.3971328986985, -0.948954618489215, -5.));
#1372 = CARTESIAN_POINT ('', (11.5529042204236, -0.89911163254078, -5.));
#1373 = CARTESIAN_POINT ('', (11.7352568700089, -0.812724963719825, -5.));
#1374 = CARTESIAN_POINT ('', (11.9074433872384, -0.700332284504342, -5.));
#1375 = CARTESIAN_POINT ('', (12.06404636069, -0.564046296044709, -5.));
#1376 = CARTESIAN_POINT ('', (12.2003322006806, -0.407443561995713, -5.));
#1377 = CARTESIAN_POINT ('', (12.3127252343694, -0.23525623562499, -5.));
#1378 = CARTESIAN_POINT ('', (12.3991106337662, -0.0529065832021171, -5.));
#1379 = CARTESIAN_POINT ('', (12.4589269401275, 0.13403018237663, -5.));
#1380 = CARTESIAN_POINT ('', (12.4930404081306, 0.320315793520319, -5.));
#1381 = CARTESIAN_POINT ('', (12.5000025993652, 0.441080104513878, -5.));
#1382 = CARTESIAN_POINT ('', (12.5, 0.5, -5.));
#1383 = CARTESIAN_POINT ('', (10., 0.499999999999987, -4.5));
#1384 = CARTESIAN_POINT ('', (10., 0.480219403039842, -4.5));
#1385 = CARTESIAN_POINT ('', (10.0011579715079, 0.440658209119536, -4.5));
#1386 = CARTESIAN_POINT ('', (10.0066132560832, 0.379763878523939, -4.5));
#1387 = CARTESIAN_POINT ('', (10.0160074924041, 0.318123354430331, -4.5));
#1388 = CARTESIAN_POINT ('', (10.0340302542665, 0.235244734232281, -4.5));
#1389 = CARTESIAN_POINT ('', (10.0672589122363, 0.131397186132147, -4.5));
#1390 = CARTESIAN_POINT ('', (10.1248500220077, 0.00982875424779499, -4.5));
#1391 = CARTESIAN_POINT ('', (10.1997784851165, -0.104962261588608, -4.5));
#1392 = CARTESIAN_POINT ('', (10.2906357723382, -0.209364227661815, -4.5));
#1393 = CARTESIAN_POINT ('', (10.3950377384114, -0.300221514883476, -4.5));
#1394 = CARTESIAN_POINT ('', (10.5098287542478, -0.375149977992292, -4.5));
#1395 = CARTESIAN_POINT ('', (10.6313971861322, -0.432741087763705, -4.5));
#1396 = CARTESIAN_POINT ('', (10.7352447342323, -0.465969745733547, -4.5));
#1397 = CARTESIAN_POINT ('', (10.8181233544303, -0.4839925075959, -4.5));
#1398 = CARTESIAN_POINT ('', (10.879763878524, -0.493386743916751, -4.5));
#1399 = CARTESIAN_POINT ('', (10.9406582091195, -0.498842028492127, -4.5));
#1400 = CARTESIAN_POINT ('', (11.0000000000001, -0.500578985753712, -4.5));
#1401 = CARTESIAN_POINT ('', (11.05934179088, -0.498842028493056, -4.5));
#1402 = CARTESIAN_POINT ('', (11.1202361214776, -0.493386743913031, -4.5));
#1403 = CARTESIAN_POINT ('', (11.1818766455638, -0.483992507609842, -4.5));
#1404 = CARTESIAN_POINT ('', (11.264755265799, -0.465969745659483, -4.5));
#1405 = CARTESIAN_POINT ('', (11.3686028136157, -0.432741088360527, -4.5));
#1406 = CARTESIAN_POINT ('', (11.4901712466726, -0.375149975813223, -4.5));
#1407 = CARTESIAN_POINT ('', (11.6049622581589, -0.300221523002902, -4.5));
#1408 = CARTESIAN_POINT ('', (11.70936424046, -0.209364197363146, -4.5));
#1409 = CARTESIAN_POINT ('', (11.8002214671204, -0.104962374663815, -4.5));
#1410 = CARTESIAN_POINT ('', (11.8751501562463, 0.00982917625000083, -4.5));
#1411 = CARTESIAN_POINT ('', (11.9327404225108, 0.131395611198584, -4.5));
#1412 = CARTESIAN_POINT ('', (11.972617960085, 0.256020121584416, -4.5));
#1413 = CARTESIAN_POINT ('', (11.9953602720871, 0.380210529013543, -4.5));
#1414 = CARTESIAN_POINT ('', (12.0000017329101, 0.460720069675916, -4.5));
#1415 = CARTESIAN_POINT ('', (12., 0.499999999999997, -4.5));
#1416 = B_SPLINE_SURFACE_WITH_KNOTS ('', 1, 3, ((#1350, #1351, #1352, #1353, #1354, #1355, #1356, #1357, #1358, #1359, #1360, #1361, #1362, #1363, #1364, #1365, #1366, #1367, #1368, #1369, #1370, #1371, #1372, #1373, #1374, #1375, #1376, #1377, #1378, #1379, #1380, #1381, #1382), (#1383, #1384, #1385, #1386, #1387, #1388, #1389, #1390, #1391, #1392, #1393, #1394, #1395, #1396, #1397, #1398, #1399, #1400, #1401, #1402, #1403, #1404, #1405, #1406, #1407, #1408, #1409, #1410, #1411, #1412, #1413, #1414, #1415)), .UNSPECIFIED., .F., .F., .U., (2, 2), (4, 1, 1, 1, 1, 1, 1, 1, 1, 1, 1, 1, 1, 1, 1, 1, 1, 1, 1, 1, 1, 1, 1, 1, 1, 1, 1, 1, 1, 1, 4), (0., 1.), (0.5, 0.510416666666665, 0.520833333333331, 0.531249999999998, 0.541666666666665, 0.562499999999998, 0.583333333333331, 0.604166666666665, 0.624999999999999, 0.645833333333332, 0.666666666666666, 0.687499999999999, 0.708333333333333, 0.71875, 0.729166666666666, 0.739583333333333, 0.75, 0.760416666666667, 0.770833333333333, 0.78125, 0.791666666666667, 0.8125, 0.833333333333334, 0.854166666666667, 0.875000000000001, 0.895833333333334, 0.916666666666667, 0.937500000000001, 0.958333333333334, 0.979166666666667, 1.), .UNSPECIFIED.);
#1417 = ADVANCED_FACE ('', (#1349), #1416, .T.);
#1418 = CARTESIAN_POINT ('', (10., 0.5, -3.5));
#1419 = VERTEX_POINT ('', #1418);
#1420 = CARTESIAN_POINT ('', (10., 0.5, -3.5));
#1421 = CARTESIAN_POINT ('', (10., 0.5, -4.5));
#1422 = B_SPLINE_CURVE_WITH_KNOTS ('', 1, (#1420, #1421), .UNSPECIFIED., .F., .U., (2, 2), (0., 0.666666666666668), .UNSPECIFIED.);
#1423 = EDGE_CURVE ('', #1419, #1326, #1422, .T.);
#1424 = ORIENTED_EDGE ('', *, *, #1423, .T.);
#1425 = CARTESIAN_POINT ('', (12., 0.5, -4.5));
#1426 = CARTESIAN_POINT ('', (12., 1.5, -4.5));
#1427 = CARTESIAN_POINT ('', (11., 1.5, -4.5));
#1428 = CARTESIAN_POINT ('', (10., 1.50000000000001, -4.5));
#1429 = CARTESIAN_POINT ('', (10., 0.500000000000008, -4.5));
#1430 = (
   BOUNDED_CURVE ()
   B_SPLINE_CURVE (2, (#1425, #1426, #1427, #1428, #1429), .UNSPECIFIED., .F., .U.)
   B_SPLINE_CURVE_WITH_KNOTS ((3, 2, 3), (0., 0.25, 0.5), .UNSPECIFIED.)
   CURVE ()
   GEOMETRIC_REPRESENTATION_ITEM ()
   RATIONAL_B_SPLINE_CURVE ((1., 0.707106781186548, 1., 0.707106781186548, 1.))
   REPRESENTATION_ITEM ('')
);
#1431 = EDGE_CURVE ('', #1333, #1326, #1430, .T.);
#1432 = ORIENTED_EDGE ('', *, *, #1431, .F.);
#1433 = CARTESIAN_POINT ('', (12., 0.5, -3.5));
#1434 = VERTEX_POINT ('', #1433);
#1435 = CARTESIAN_POINT ('', (12., 0.5, -3.5));
#1436 = CARTESIAN_POINT ('', (12., 0.5, -4.5));
#1437 = B_SPLINE_CURVE_WITH_KNOTS ('', 1, (#1435, #1436), .UNSPECIFIED., .F., .U., (2, 2), (0., 0.666666666666668), .UNSPECIFIED.);
#1438 = EDGE_CURVE ('', #1434, #1333, #1437, .T.);
#1439 = ORIENTED_EDGE ('', *, *, #1438, .F.);
#1440 = CARTESIAN_POINT ('', (12., 0.5, -3.5));
#1441 = CARTESIAN_POINT ('', (12., 1.5, -3.5));
#1442 = CARTESIAN_POINT ('', (11., 1.5, -3.5));
#1443 = CARTESIAN_POINT ('', (10., 1.5, -3.5));
#1444 = CARTESIAN_POINT ('', (10., 0.5, -3.5));
#1445 = (
   BOUNDED_CURVE ()
   B_SPLINE_CURVE (2, (#1440, #1441, #1442, #1443, #1444), .UNSPECIFIED., .F., .U.)
   B_SPLINE_CURVE_WITH_KNOTS ((3, 2, 3), (0., 0.25, 0.5), .UNSPECIFIED.)
   CURVE ()
   GEOMETRIC_REPRESENTATION_ITEM ()
   RATIONAL_B_SPLINE_CURVE ((1., 0.707106781186548, 1., 0.707106781186548, 1.))
   REPRESENTATION_ITEM ('')
);
#1446 = EDGE_CURVE ('', #1434, #1419, #1445, .T.);
#1447 = ORIENTED_EDGE ('', *, *, #1446, .T.);
#1448 = EDGE_LOOP ('', (#1424, #1432, #1439, #1447));
#1449 = FACE_OUTER_BOUND ('', #1448, .T.);
#1450 = CARTESIAN_POINT ('', (12., 0.5, -3.5));
#1451 = CARTESIAN_POINT ('', (12., 0.5, -4.5));
#1452 = CARTESIAN_POINT ('', (12., 1.5, -3.5));
#1453 = CARTESIAN_POINT ('', (12., 1.5, -4.5));
#1454 = CARTESIAN_POINT ('', (11., 1.5, -3.5));
#1455 = CARTESIAN_POINT ('', (11., 1.5, -4.5));
#1456 = CARTESIAN_POINT ('', (10., 1.5, -3.5));
#1457 = CARTESIAN_POINT ('', (10., 1.5, -4.5));
#1458 = CARTESIAN_POINT ('', (10., 0.5, -3.5));
#1459 = CARTESIAN_POINT ('', (10., 0.5, -4.5));
#1460 = (
   BOUNDED_SURFACE ()
   B_SPLINE_SURFACE (2, 1, ((#1450, #1451), (#1452, #1453), (#1454, #1455), (#1456, #1457), (#1458, #1459)), .UNSPECIFIED., .F., .F., .U.)
   B_SPLINE_SURFACE_WITH_KNOTS ((3, 2, 3), (2, 2), (0., 0.25, 0.5), (0., 0.666666666666668), .UNSPECIFIED.)
   GEOMETRIC_REPRESENTATION_ITEM ()
   RATIONAL_B_SPLINE_SURFACE (((1., 1.), (0.707106781186548, 0.707106781186548), (1., 1.), (0.707106781186548, 0.707106781186548), (1., 1.)))
   REPRESENTATION_ITEM ('')
   SURFACE ()
);
#1461 = ADVANCED_FACE ('', (#1449), #1460, .T.);
#1462 = CARTESIAN_POINT ('', (9.49999999999993, 100.5, -3.5));
#1463 = VERTEX_POINT ('', #1462);
#1464 = CARTESIAN_POINT ('', (8.50000000000034, 99.5000000000003, -3.5));
#1465 = VERTEX_POINT ('', #1464);
#1466 = CARTESIAN_POINT ('', (9.49999999999993, 100.5, -3.5));
#1467 = CARTESIAN_POINT ('', (8.50000000000002, 100.5, -3.5));
#1468 = CARTESIAN_POINT ('', (8.50000000000034, 99.5000000000003, -3.5));
#1469 = (
   BOUNDED_CURVE ()
   B_SPLINE_CURVE (2, (#1466, #1467, #1468), .UNSPECIFIED., .F., .U.)
   B_SPLINE_CURVE_WITH_KNOTS ((3, 3), (1869.44364894272, 1870.44364894272), .UNSPECIFIED.)
   CURVE ()
   GEOMETRIC_REPRESENTATION_ITEM ()
   RATIONAL_B_SPLINE_CURVE ((1., 0.707106781186414, 1.))
   REPRESENTATION_ITEM ('')
);
#1470 = EDGE_CURVE ('', #1463, #1465, #1469, .T.);
#1471 = ORIENTED_EDGE ('', *, *, #1470, .T.);
#1472 = CARTESIAN_POINT ('', (8.49999999999999, -1., -3.5));
#1473 = VERTEX_POINT ('', #1472);
#1474 = CARTESIAN_POINT ('', (8.50000000000034, 99.5000000000003, -3.5));
#1475 = CARTESIAN_POINT ('', (8.49999999999999, -1., -3.5));
#1476 = B_SPLINE_CURVE_WITH_KNOTS ('', 1, (#1474, #1475), .UNSPECIFIED., .F., .U., (2, 2), (1870.44364894272, 1970.94364894272), .UNSPECIFIED.);
#1477 = EDGE_CURVE ('', #1465, #1473, #1476, .T.);
#1478 = ORIENTED_EDGE ('', *, *, #1477, .T.);
#1479 = CARTESIAN_POINT ('', (9.49999999999999, -1.99999999999999, -3.5));
#1480 = VERTEX_POINT ('', #1479);
#1481 = CARTESIAN_POINT ('', (8.49999999999999, -1., -3.5));
#1482 = CARTESIAN_POINT ('', (8.49999999999999, -2., -3.5));
#1483 = CARTESIAN_POINT ('', (9.49999999999999, -1.99999999999999, -3.5));
#1484 = (
   BOUNDED_CURVE ()
   B_SPLINE_CURVE (2, (#1481, #1482, #1483), .UNSPECIFIED., .F., .U.)
   B_SPLINE_CURVE_WITH_KNOTS ((3, 3), (1970.94364894272, 1971.94364894272), .UNSPECIFIED.)
   CURVE ()
   GEOMETRIC_REPRESENTATION_ITEM ()
   RATIONAL_B_SPLINE_CURVE ((1., 0.707106781186544, 1.))
   REPRESENTATION_ITEM ('')
);
#1485 = EDGE_CURVE ('', #1473, #1480, #1484, .T.);
#1486 = ORIENTED_EDGE ('', *, *, #1485, .T.);
#1487 = CARTESIAN_POINT ('', (59., -1.99999999999999, -3.5));
#1488 = VERTEX_POINT ('', #1487);
#1489 = CARTESIAN_POINT ('', (9.49999999999999, -1.99999999999999, -3.5));
#1490 = CARTESIAN_POINT ('', (59., -1.99999999999999, -3.5));
#1491 = B_SPLINE_CURVE_WITH_KNOTS ('', 1, (#1489, #1490), .UNSPECIFIED., .F., .U., (2, 2), (1971.94364894272, 2021.44364894272), .UNSPECIFIED.);
#1492 = EDGE_CURVE ('', #1480, #1488, #1491, .T.);
#1493 = ORIENTED_EDGE ('', *, *, #1492, .T.);
#1494 = CARTESIAN_POINT ('', (59.7071067811865, -1.29289321881345, -3.5));
#1495 = VERTEX_POINT ('', #1494);
#1496 = CARTESIAN_POINT ('', (59., -1.99999999999999, -3.5));
#1497 = CARTESIAN_POINT ('', (59.7071067811865, -1.29289321881345, -3.5));
#1498 = B_SPLINE_CURVE_WITH_KNOTS ('', 1, (#1496, #1497), .UNSPECIFIED., .F., .U., (2, 2), (2021.44364894272, 2022.44364894272), .UNSPECIFIED.);
#1499 = EDGE_CURVE ('', #1488, #1495, #1498, .T.);
#1500 = ORIENTED_EDGE ('', *, *, #1499, .T.);
#1501 = CARTESIAN_POINT ('', (60.4142135623731, -1., -3.5));
#1502 = VERTEX_POINT ('', #1501);
#1503 = CARTESIAN_POINT ('', (59.7071067811865, -1.29289321881345, -3.5));
#1504 = CARTESIAN_POINT ('', (60., -1., -3.5));
#1505 = CARTESIAN_POINT ('', (60.4142135623731, -1., -3.5));
#1506 = (
   BOUNDED_CURVE ()
   B_SPLINE_CURVE (2, (#1503, #1504, #1505), .UNSPECIFIED., .F., .U.)
   B_SPLINE_CURVE_WITH_KNOTS ((3, 3), (2022.44364894272, 2023.44364894272), .UNSPECIFIED.)
   CURVE ()
   GEOMETRIC_REPRESENTATION_ITEM ()
   RATIONAL_B_SPLINE_CURVE ((1., 0.923879532511289, 1.))
   REPRESENTATION_ITEM ('')
);
#1507 = EDGE_CURVE ('', #1495, #1502, #1506, .T.);
#1508 = ORIENTED_EDGE ('', *, *, #1507, .T.);
#1509 = CARTESIAN_POINT ('', (79.5857864376269, -1., -3.5));
#1510 = VERTEX_POINT ('', #1509);
#1511 = CARTESIAN_POINT ('', (60.4142135623731, -1., -3.5));
#1512 = CARTESIAN_POINT ('', (79.5857864376269, -1., -3.5));
#1513 = B_SPLINE_CURVE_WITH_KNOTS ('', 1, (#1511, #1512), .UNSPECIFIED., .F., .U., (2, 2), (2023.44364894272, 2042.61522181797), .UNSPECIFIED.);
#1514 = EDGE_CURVE ('', #1502, #1510, #1513, .T.);
#1515 = ORIENTED_EDGE ('', *, *, #1514, .T.);
#1516 = CARTESIAN_POINT ('', (80.2928932188134, -1.29289321881345, -3.5));
#1517 = VERTEX_POINT ('', #1516);
#1518 = CARTESIAN_POINT ('', (79.5857864376269, -1., -3.5));
#1519 = CARTESIAN_POINT ('', (80., -0.999999999999994, -3.5));
#1520 = CARTESIAN_POINT ('', (80.2928932188134, -1.29289321881345, -3.5));
#1521 = (
   BOUNDED_CURVE ()
   B_SPLINE_CURVE (2, (#1518, #1519, #1520), .UNSPECIFIED., .F., .U.)
   B_SPLINE_CURVE_WITH_KNOTS ((3, 3), (2042.61522181797, 2043.61522181797), .UNSPECIFIED.)
   CURVE ()
   GEOMETRIC_REPRESENTATION_ITEM ()
   RATIONAL_B_SPLINE_CURVE ((1., 0.923879532511286, 1.))
   REPRESENTATION_ITEM ('')
);
#1522 = EDGE_CURVE ('', #1510, #1517, #1521, .T.);
#1523 = ORIENTED_EDGE ('', *, *, #1522, .T.);
#1524 = CARTESIAN_POINT ('', (80.9999999999999, -1.99999999999988, -3.5));
#1525 = VERTEX_POINT ('', #1524);
#1526 = CARTESIAN_POINT ('', (80.2928932188134, -1.29289321881345, -3.5));
#1527 = CARTESIAN_POINT ('', (80.9999999999999, -1.99999999999988, -3.5));
#1528 = B_SPLINE_CURVE_WITH_KNOTS ('', 1, (#1526, #1527), .UNSPECIFIED., .F., .U., (2, 2), (2043.61522181797, 2044.61522181797), .UNSPECIFIED.);
#1529 = EDGE_CURVE ('', #1517, #1525, #1528, .T.);
#1530 = ORIENTED_EDGE ('', *, *, #1529, .T.);
#1531 = CARTESIAN_POINT ('', (130.5, -1.99999999999997, -3.5));
#1532 = VERTEX_POINT ('', #1531);
#1533 = CARTESIAN_POINT ('', (80.9999999999999, -1.99999999999988, -3.5));
#1534 = CARTESIAN_POINT ('', (130.5, -1.99999999999997, -3.5));
#1535 = B_SPLINE_CURVE_WITH_KNOTS ('', 1, (#1533, #1534), .UNSPECIFIED., .F., .U., (2, 2), (1572.47182447136, 1621.97182447136), .UNSPECIFIED.);
#1536 = EDGE_CURVE ('', #1525, #1532, #1535, .T.);
#1537 = ORIENTED_EDGE ('', *, *, #1536, .T.);
#1538 = CARTESIAN_POINT ('', (131.5, -0.999999999999966, -3.5));
#1539 = VERTEX_POINT ('', #1538);
#1540 = CARTESIAN_POINT ('', (130.5, -1.99999999999997, -3.5));
#1541 = CARTESIAN_POINT ('', (131.5, -1.99999999999997, -3.5));
#1542 = CARTESIAN_POINT ('', (131.5, -0.999999999999966, -3.5));
#1543 = (
   BOUNDED_CURVE ()
   B_SPLINE_CURVE (2, (#1540, #1541, #1542), .UNSPECIFIED., .F., .U.)
   B_SPLINE_CURVE_WITH_KNOTS ((3, 3), (1621.97182447136, 1622.97182447136), .UNSPECIFIED.)
   CURVE ()
   GEOMETRIC_REPRESENTATION_ITEM ()
   RATIONAL_B_SPLINE_CURVE ((1., 0.70710678118656, 1.))
   REPRESENTATION_ITEM ('')
);
#1544 = EDGE_CURVE ('', #1532, #1539, #1543, .T.);
#1545 = ORIENTED_EDGE ('', *, *, #1544, .T.);
#1546 = CARTESIAN_POINT ('', (131.5, 82.5000000000003, -3.5));
#1547 = VERTEX_POINT ('', #1546);
#1548 = CARTESIAN_POINT ('', (131.5, -0.999999999999966, -3.5));
#1549 = CARTESIAN_POINT ('', (131.5, 82.5000000000003, -3.5));
#1550 = B_SPLINE_CURVE_WITH_KNOTS ('', 1, (#1548, #1549), .UNSPECIFIED., .F., .U., (2, 2), (1622.97182447136, 1706.47182447136), .UNSPECIFIED.);
#1551 = EDGE_CURVE ('', #1539, #1547, #1550, .T.);
#1552 = ORIENTED_EDGE ('', *, *, #1551, .T.);
#1553 = CARTESIAN_POINT ('', (120., 82.5000000000001, -3.5));
#1554 = VERTEX_POINT ('', #1553);
#1555 = CARTESIAN_POINT ('', (131.5, 82.5000000000003, -3.5));
#1556 = CARTESIAN_POINT ('', (120., 82.5000000000001, -3.5));
#1557 = B_SPLINE_CURVE_WITH_KNOTS ('', 1, (#1555, #1556), .UNSPECIFIED., .F., .U., (2, 2), (1706.47182447136, 1717.97182447136), .UNSPECIFIED.);
#1558 = EDGE_CURVE ('', #1547, #1554, #1557, .T.);
#1559 = ORIENTED_EDGE ('', *, *, #1558, .T.);
#1560 = CARTESIAN_POINT ('', (119.5, 83.0000000000001, -3.5));
#1561 = VERTEX_POINT ('', #1560);
#1562 = CARTESIAN_POINT ('', (120., 82.5000000000001, -3.5));
#1563 = CARTESIAN_POINT ('', (119.5, 82.5000000000001, -3.5));
#1564 = CARTESIAN_POINT ('', (119.5, 83.0000000000001, -3.5));
#1565 = (
   BOUNDED_CURVE ()
   B_SPLINE_CURVE (2, (#1562, #1563, #1564), .UNSPECIFIED., .F., .U.)
   B_SPLINE_CURVE_WITH_KNOTS ((3, 3), (1717.97182447136, 1718.97182447136), .UNSPECIFIED.)
   CURVE ()
   GEOMETRIC_REPRESENTATION_ITEM ()
   RATIONAL_B_SPLINE_CURVE ((1., 0.707106781186568, 1.))
   REPRESENTATION_ITEM ('')
);
#1566 = EDGE_CURVE ('', #1554, #1561, #1565, .T.);
#1567 = ORIENTED_EDGE ('', *, *, #1566, .T.);
#1568 = CARTESIAN_POINT ('', (119.5, 94.9705042994436, -3.5));
#1569 = VERTEX_POINT ('', #1568);
#1570 = CARTESIAN_POINT ('', (119.5, 83.0000000000001, -3.5));
#1571 = CARTESIAN_POINT ('', (119.5, 94.9705042994436, -3.5));
#1572 = B_SPLINE_CURVE_WITH_KNOTS ('', 1, (#1570, #1571), .UNSPECIFIED., .F., .U., (2, 2), (1718.97182447136, 1730.9423287708), .UNSPECIFIED.);
#1573 = EDGE_CURVE ('', #1561, #1569, #1572, .T.);
#1574 = ORIENTED_EDGE ('', *, *, #1573, .T.);
#1575 = CARTESIAN_POINT ('', (119.99871765395, 95.4705026550296, -3.5));
#1576 = VERTEX_POINT ('', #1575);
#1577 = CARTESIAN_POINT ('', (119.5, 94.9705042994436, -3.5));
#1578 = CARTESIAN_POINT ('', (119.5, 95.4692235935963, -3.5));
#1579 = CARTESIAN_POINT ('', (119.99871765395, 95.4705026550296, -3.5));
#1580 = (
   BOUNDED_CURVE ()
   B_SPLINE_CURVE (2, (#1577, #1578, #1579), .UNSPECIFIED., .F., .U.)
   B_SPLINE_CURVE_WITH_KNOTS ((3, 3), (1730.9423287708, 1731.9423287708), .UNSPECIFIED.)
   CURVE ()
   GEOMETRIC_REPRESENTATION_ITEM ()
   RATIONAL_B_SPLINE_CURVE ((1., 0.708012956131025, 1.))
   REPRESENTATION_ITEM ('')
);
#1581 = EDGE_CURVE ('', #1569, #1576, #1580, .T.);
#1582 = ORIENTED_EDGE ('', *, *, #1581, .T.);
#1583 = CARTESIAN_POINT ('', (131.5, 95.5000000000002, -3.5));
#1584 = VERTEX_POINT ('', #1583);
#1585 = CARTESIAN_POINT ('', (119.99871765395, 95.4705026550296, -3.5));
#1586 = CARTESIAN_POINT ('', (131.5, 95.5000000000002, -3.5));
#1587 = B_SPLINE_CURVE_WITH_KNOTS ('', 1, (#1585, #1586), .UNSPECIFIED., .F., .U., (2, 2), (1731.9423287708, 1743.44364894272), .UNSPECIFIED.);
#1588 = EDGE_CURVE ('', #1576, #1584, #1587, .T.);
#1589 = ORIENTED_EDGE ('', *, *, #1588, .T.);
#1590 = CARTESIAN_POINT ('', (131.5, 99.5, -3.5));
#1591 = VERTEX_POINT ('', #1590);
#1592 = CARTESIAN_POINT ('', (131.5, 95.5000000000002, -3.5));
#1593 = CARTESIAN_POINT ('', (131.5, 99.5, -3.5));
#1594 = B_SPLINE_CURVE_WITH_KNOTS ('', 1, (#1592, #1593), .UNSPECIFIED., .F., .U., (2, 2), (1743.44364894272, 1747.44364894272), .UNSPECIFIED.);
#1595 = EDGE_CURVE ('', #1584, #1591, #1594, .T.);
#1596 = ORIENTED_EDGE ('', *, *, #1595, .T.);
#1597 = CARTESIAN_POINT ('', (130.5, 100.5, -3.5));
#1598 = VERTEX_POINT ('', #1597);
#1599 = CARTESIAN_POINT ('', (131.5, 99.5, -3.5));
#1600 = CARTESIAN_POINT ('', (131.5, 100.5, -3.5));
#1601 = CARTESIAN_POINT ('', (130.5, 100.5, -3.5));
#1602 = (
   BOUNDED_CURVE ()
   B_SPLINE_CURVE (2, (#1599, #1600, #1601), .UNSPECIFIED., .F., .U.)
   B_SPLINE_CURVE_WITH_KNOTS ((3, 3), (1747.44364894272, 1748.44364894272), .UNSPECIFIED.)
   CURVE ()
   GEOMETRIC_REPRESENTATION_ITEM ()
   RATIONAL_B_SPLINE_CURVE ((1., 0.707106781186573, 1.))
   REPRESENTATION_ITEM ('')
);
#1603 = EDGE_CURVE ('', #1591, #1598, #1602, .T.);
#1604 = ORIENTED_EDGE ('', *, *, #1603, .T.);
#1605 = CARTESIAN_POINT ('', (130.5, 100.5, -3.5));
#1606 = CARTESIAN_POINT ('', (9.49999999999993, 100.5, -3.5));
#1607 = B_SPLINE_CURVE_WITH_KNOTS ('', 1, (#1605, #1606), .UNSPECIFIED., .F., .U., (2, 2), (1748.44364894272, 1869.44364894272), .UNSPECIFIED.);
#1608 = EDGE_CURVE ('', #1598, #1463, #1607, .T.);
#1609 = ORIENTED_EDGE ('', *, *, #1608, .T.);
#1610 = EDGE_LOOP ('', (#1471, #1478, #1486, #1493, #1500, #1508, #1515, #1523, #1530, #1537, #1545, #1552, #1559, #1567, #1574, #1582, #1589, #1596, #1604, #1609));
#1611 = FACE_OUTER_BOUND ('', #1610, .T.);
#1612 = CARTESIAN_POINT ('', (12., 56., -3.5));
#1613 = VERTEX_POINT ('', #1612);
#1614 = CARTESIAN_POINT ('', (10., 56., -3.5));
#1615 = VERTEX_POINT ('', #1614);
#1616 = CARTESIAN_POINT ('', (12., 56., -3.5));
#1617 = CARTESIAN_POINT ('', (12., 57., -3.5));
#1618 = CARTESIAN_POINT ('', (11., 57., -3.5));
#1619 = CARTESIAN_POINT ('', (10., 57., -3.5));
#1620 = CARTESIAN_POINT ('', (10., 56., -3.5));
#1621 = (
   BOUNDED_CURVE ()
   B_SPLINE_CURVE (2, (#1616, #1617, #1618, #1619, #1620), .UNSPECIFIED., .F., .U.)
   B_SPLINE_CURVE_WITH_KNOTS ((3, 2, 3), (0., 0.25, 0.5), .UNSPECIFIED.)
   CURVE ()
   GEOMETRIC_REPRESENTATION_ITEM ()
   RATIONAL_B_SPLINE_CURVE ((1., 0.707106781186548, 1., 0.707106781186548, 1.))
   REPRESENTATION_ITEM ('')
);
#1622 = EDGE_CURVE ('', #1613, #1615, #1621, .T.);
#1623 = ORIENTED_EDGE ('', *, *, #1622, .F.);
#1624 = CARTESIAN_POINT ('', (10., 56., -3.5));
#1625 = CARTESIAN_POINT ('', (10., 55., -3.5));
#1626 = CARTESIAN_POINT ('', (11., 55., -3.5));
#1627 = CARTESIAN_POINT ('', (12., 55., -3.5));
#1628 = CARTESIAN_POINT ('', (12., 56., -3.5));
#1629 = (
   BOUNDED_CURVE ()
   B_SPLINE_CURVE (2, (#1624, #1625, #1626, #1627, #1628), .UNSPECIFIED., .F., .U.)
   B_SPLINE_CURVE_WITH_KNOTS ((3, 2, 3), (0.5, 0.75, 1.), .UNSPECIFIED.)
   CURVE ()
   GEOMETRIC_REPRESENTATION_ITEM ()
   RATIONAL_B_SPLINE_CURVE ((1., 0.707106781186548, 1., 0.707106781186548, 1.))
   REPRESENTATION_ITEM ('')
);
#1630 = EDGE_CURVE ('', #1615, #1613, #1629, .T.);
#1631 = ORIENTED_EDGE ('', *, *, #1630, .F.);
#1632 = EDGE_LOOP ('', (#1623, #1631));
#1633 = FACE_BOUND ('', #1632, .T.);
#1634 = CARTESIAN_POINT ('', (130., 56., -3.5));
#1635 = VERTEX_POINT ('', #1634);
#1636 = CARTESIAN_POINT ('', (128., 56., -3.5));
#1637 = VERTEX_POINT ('', #1636);
#1638 = CARTESIAN_POINT ('', (130., 56., -3.5));
#1639 = CARTESIAN_POINT ('', (130., 57., -3.5));
#1640 = CARTESIAN_POINT ('', (129., 57., -3.5));
#1641 = CARTESIAN_POINT ('', (128., 57., -3.5));
#1642 = CARTESIAN_POINT ('', (128., 56., -3.5));
#1643 = (
   BOUNDED_CURVE ()
   B_SPLINE_CURVE (2, (#1638, #1639, #1640, #1641, #1642), .UNSPECIFIED., .F., .U.)
   B_SPLINE_CURVE_WITH_KNOTS ((3, 2, 3), (0., 0.25, 0.5), .UNSPECIFIED.)
   CURVE ()
   GEOMETRIC_REPRESENTATION_ITEM ()
   RATIONAL_B_SPLINE_CURVE ((1., 0.707106781186548, 1., 0.707106781186548, 1.))
   REPRESENTATION_ITEM ('')
);
#1644 = EDGE_CURVE ('', #1635, #1637, #1643, .T.);
#1645 = ORIENTED_EDGE ('', *, *, #1644, .F.);
#1646 = CARTESIAN_POINT ('', (128., 56., -3.5));
#1647 = CARTESIAN_POINT ('', (128., 55., -3.5));
#1648 = CARTESIAN_POINT ('', (129., 55., -3.5));
#1649 = CARTESIAN_POINT ('', (130., 55., -3.5));
#1650 = CARTESIAN_POINT ('', (130., 56., -3.5));
#1651 = (
   BOUNDED_CURVE ()
   B_SPLINE_CURVE (2, (#1646, #1647, #1648, #1649, #1650), .UNSPECIFIED., .F., .U.)
   B_SPLINE_CURVE_WITH_KNOTS ((3, 2, 3), (0.5, 0.75, 1.), .UNSPECIFIED.)
   CURVE ()
   GEOMETRIC_REPRESENTATION_ITEM ()
   RATIONAL_B_SPLINE_CURVE ((1., 0.707106781186548, 1., 0.707106781186548, 1.))
   REPRESENTATION_ITEM ('')
);
#1652 = EDGE_CURVE ('', #1637, #1635, #1651, .T.);
#1653 = ORIENTED_EDGE ('', *, *, #1652, .F.);
#1654 = EDGE_LOOP ('', (#1645, #1653));
#1655 = FACE_BOUND ('', #1654, .T.);
#1656 = ORIENTED_EDGE ('', *, *, #1446, .F.);
#1657 = CARTESIAN_POINT ('', (10., 0.5, -3.5));
#1658 = CARTESIAN_POINT ('', (10., -0.5, -3.5));
#1659 = CARTESIAN_POINT ('', (11., -0.5, -3.5));
#1660 = CARTESIAN_POINT ('', (12., -0.5, -3.5));
#1661 = CARTESIAN_POINT ('', (12., 0.5, -3.5));
#1662 = (
   BOUNDED_CURVE ()
   B_SPLINE_CURVE (2, (#1657, #1658, #1659, #1660, #1661), .UNSPECIFIED., .F., .U.)
   B_SPLINE_CURVE_WITH_KNOTS ((3, 2, 3), (0.5, 0.75, 1.), .UNSPECIFIED.)
   CURVE ()
   GEOMETRIC_REPRESENTATION_ITEM ()
   RATIONAL_B_SPLINE_CURVE ((1., 0.707106781186548, 1., 0.707106781186548, 1.))
   REPRESENTATION_ITEM ('')
);
#1663 = EDGE_CURVE ('', #1419, #1434, #1662, .T.);
#1664 = ORIENTED_EDGE ('', *, *, #1663, .F.);
#1665 = EDGE_LOOP ('', (#1656, #1664));
#1666 = FACE_BOUND ('', #1665, .T.);
#1667 = CARTESIAN_POINT ('', (130., 0.5, -3.5));
#1668 = VERTEX_POINT ('', #1667);
#1669 = CARTESIAN_POINT ('', (128., 0.5, -3.5));
#1670 = VERTEX_POINT ('', #1669);
#1671 = CARTESIAN_POINT ('', (130., 0.5, -3.5));
#1672 = CARTESIAN_POINT ('', (130., 1.5, -3.5));
#1673 = CARTESIAN_POINT ('', (129., 1.5, -3.5));
#1674 = CARTESIAN_POINT ('', (128., 1.5, -3.5));
#1675 = CARTESIAN_POINT ('', (128., 0.5, -3.5));
#1676 = (
   BOUNDED_CURVE ()
   B_SPLINE_CURVE (2, (#1671, #1672, #1673, #1674, #1675), .UNSPECIFIED., .F., .U.)
   B_SPLINE_CURVE_WITH_KNOTS ((3, 2, 3), (0., 0.25, 0.5), .UNSPECIFIED.)
   CURVE ()
   GEOMETRIC_REPRESENTATION_ITEM ()
   RATIONAL_B_SPLINE_CURVE ((1., 0.707106781186548, 1., 0.707106781186548, 1.))
   REPRESENTATION_ITEM ('')
);
#1677 = EDGE_CURVE ('', #1668, #1670, #1676, .T.);
#1678 = ORIENTED_EDGE ('', *, *, #1677, .F.);
#1679 = CARTESIAN_POINT ('', (128., 0.5, -3.5));
#1680 = CARTESIAN_POINT ('', (128., -0.5, -3.5));
#1681 = CARTESIAN_POINT ('', (129., -0.5, -3.5));
#1682 = CARTESIAN_POINT ('', (130., -0.5, -3.5));
#1683 = CARTESIAN_POINT ('', (130., 0.5, -3.5));
#1684 = (
   BOUNDED_CURVE ()
   B_SPLINE_CURVE (2, (#1679, #1680, #1681, #1682, #1683), .UNSPECIFIED., .F., .U.)
   B_SPLINE_CURVE_WITH_KNOTS ((3, 2, 3), (0.5, 0.75, 1.), .UNSPECIFIED.)
   CURVE ()
   GEOMETRIC_REPRESENTATION_ITEM ()
   RATIONAL_B_SPLINE_CURVE ((1., 0.707106781186548, 1., 0.707106781186548, 1.))
   REPRESENTATION_ITEM ('')
);
#1685 = EDGE_CURVE ('', #1670, #1668, #1684, .T.);
#1686 = ORIENTED_EDGE ('', *, *, #1685, .F.);
#1687 = EDGE_LOOP ('', (#1678, #1686));
#1688 = FACE_BOUND ('', #1687, .T.);
#1689 = CARTESIAN_POINT ('', (130., 98., -3.5));
#1690 = VERTEX_POINT ('', #1689);
#1691 = CARTESIAN_POINT ('', (128., 98., -3.5));
#1692 = VERTEX_POINT ('', #1691);
#1693 = CARTESIAN_POINT ('', (130., 98., -3.5));
#1694 = CARTESIAN_POINT ('', (130., 99., -3.5));
#1695 = CARTESIAN_POINT ('', (129., 99., -3.5));
#1696 = CARTESIAN_POINT ('', (128., 99., -3.5));
#1697 = CARTESIAN_POINT ('', (128., 98., -3.5));
#1698 = (
   BOUNDED_CURVE ()
   B_SPLINE_CURVE (2, (#1693, #1694, #1695, #1696, #1697), .UNSPECIFIED., .F., .U.)
   B_SPLINE_CURVE_WITH_KNOTS ((3, 2, 3), (0., 0.25, 0.5), .UNSPECIFIED.)
   CURVE ()
   GEOMETRIC_REPRESENTATION_ITEM ()
   RATIONAL_B_SPLINE_CURVE ((1., 0.707106781186548, 1., 0.707106781186548, 1.))
   REPRESENTATION_ITEM ('')
);
#1699 = EDGE_CURVE ('', #1690, #1692, #1698, .T.);
#1700 = ORIENTED_EDGE ('', *, *, #1699, .F.);
#1701 = CARTESIAN_POINT ('', (128., 98., -3.5));
#1702 = CARTESIAN_POINT ('', (128., 97., -3.5));
#1703 = CARTESIAN_POINT ('', (129., 97., -3.5));
#1704 = CARTESIAN_POINT ('', (130., 97., -3.5));
#1705 = CARTESIAN_POINT ('', (130., 98., -3.5));
#1706 = (
   BOUNDED_CURVE ()
   B_SPLINE_CURVE (2, (#1701, #1702, #1703, #1704, #1705), .UNSPECIFIED., .F., .U.)
   B_SPLINE_CURVE_WITH_KNOTS ((3, 2, 3), (0.5, 0.75, 1.), .UNSPECIFIED.)
   CURVE ()
   GEOMETRIC_REPRESENTATION_ITEM ()
   RATIONAL_B_SPLINE_CURVE ((1., 0.707106781186548, 1., 0.707106781186548, 1.))
   REPRESENTATION_ITEM ('')
);
#1707 = EDGE_CURVE ('', #1692, #1690, #1706, .T.);
#1708 = ORIENTED_EDGE ('', *, *, #1707, .F.);
#1709 = EDGE_LOOP ('', (#1700, #1708));
#1710 = FACE_BOUND ('', #1709, .T.);
#1711 = CARTESIAN_POINT ('', (12., 98., -3.5));
#1712 = VERTEX_POINT ('', #1711);
#1713 = CARTESIAN_POINT ('', (10., 98., -3.5));
#1714 = VERTEX_POINT ('', #1713);
#1715 = CARTESIAN_POINT ('', (12., 98., -3.5));
#1716 = CARTESIAN_POINT ('', (12., 99., -3.5));
#1717 = CARTESIAN_POINT ('', (11., 99., -3.5));
#1718 = CARTESIAN_POINT ('', (10., 99., -3.5));
#1719 = CARTESIAN_POINT ('', (10., 98., -3.5));
#1720 = (
   BOUNDED_CURVE ()
   B_SPLINE_CURVE (2, (#1715, #1716, #1717, #1718, #1719), .UNSPECIFIED., .F., .U.)
   B_SPLINE_CURVE_WITH_KNOTS ((3, 2, 3), (0., 0.25, 0.5), .UNSPECIFIED.)
   CURVE ()
   GEOMETRIC_REPRESENTATION_ITEM ()
   RATIONAL_B_SPLINE_CURVE ((1., 0.707106781186548, 1., 0.707106781186548, 1.))
   REPRESENTATION_ITEM ('')
);
#1721 = EDGE_CURVE ('', #1712, #1714, #1720, .T.);
#1722 = ORIENTED_EDGE ('', *, *, #1721, .F.);
#1723 = CARTESIAN_POINT ('', (10., 98., -3.5));
#1724 = CARTESIAN_POINT ('', (10., 97., -3.5));
#1725 = CARTESIAN_POINT ('', (11., 97., -3.5));
#1726 = CARTESIAN_POINT ('', (12., 97., -3.5));
#1727 = CARTESIAN_POINT ('', (12., 98., -3.5));
#1728 = (
   BOUNDED_CURVE ()
   B_SPLINE_CURVE (2, (#1723, #1724, #1725, #1726, #1727), .UNSPECIFIED., .F., .U.)
   B_SPLINE_CURVE_WITH_KNOTS ((3, 2, 3), (0.5, 0.75, 1.), .UNSPECIFIED.)
   CURVE ()
   GEOMETRIC_REPRESENTATION_ITEM ()
   RATIONAL_B_SPLINE_CURVE ((1., 0.707106781186548, 1., 0.707106781186548, 1.))
   REPRESENTATION_ITEM ('')
);
#1729 = EDGE_CURVE ('', #1714, #1712, #1728, .T.);
#1730 = ORIENTED_EDGE ('', *, *, #1729, .F.);
#1731 = EDGE_LOOP ('', (#1722, #1730));
#1732 = FACE_BOUND ('', #1731, .T.);
#1733 = CARTESIAN_POINT ('', (131.5, -1.99999999999999, -3.5));
#1734 = CARTESIAN_POINT ('', (8.49999999999997, -1.99999999999999, -3.5));
#1735 = CARTESIAN_POINT ('', (131.5, 100.5, -3.5));
#1736 = CARTESIAN_POINT ('', (8.49999999999997, 100.5, -3.5));
#1737 = B_SPLINE_SURFACE_WITH_KNOTS ('', 1, 1, ((#1733, #1734), (#1735, #1736)), .UNSPECIFIED., .F., .F., .U., (2, 2), (2, 2), (0.352108190577603, 0.656957904703546), (0.350069561686429, 0.71588921863756), .UNSPECIFIED.);
#1738 = ADVANCED_FACE ('', (#1611, #1633, #1655, #1666, #1688, #1710, #1732), #1737, .T.);
#1739 = CARTESIAN_POINT ('', (10., 98., -4.5));
#1740 = VERTEX_POINT ('', #1739);
#1741 = CARTESIAN_POINT ('', (10., 98., -3.5));
#1742 = CARTESIAN_POINT ('', (10., 98., -4.5));
#1743 = B_SPLINE_CURVE_WITH_KNOTS ('', 1, (#1741, #1742), .UNSPECIFIED., .F., .U., (2, 2), (0., 0.666666666666668), .UNSPECIFIED.);
#1744 = EDGE_CURVE ('', #1714, #1740, #1743, .T.);
#1745 = ORIENTED_EDGE ('', *, *, #1744, .T.);
#1746 = CARTESIAN_POINT ('', (12., 98., -4.5));
#1747 = VERTEX_POINT ('', #1746);
#1748 = CARTESIAN_POINT ('', (12., 98., -4.5));
#1749 = CARTESIAN_POINT ('', (12., 99., -4.5));
#1750 = CARTESIAN_POINT ('', (11., 99., -4.5));
#1751 = CARTESIAN_POINT ('', (10., 99., -4.5));
#1752 = CARTESIAN_POINT ('', (10., 98., -4.5));
#1753 = (
   BOUNDED_CURVE ()
   B_SPLINE_CURVE (2, (#1748, #1749, #1750, #1751, #1752), .UNSPECIFIED., .F., .U.)
   B_SPLINE_CURVE_WITH_KNOTS ((3, 2, 3), (0., 0.25, 0.5), .UNSPECIFIED.)
   CURVE ()
   GEOMETRIC_REPRESENTATION_ITEM ()
   RATIONAL_B_SPLINE_CURVE ((1., 0.707106781186548, 1., 0.707106781186548, 1.))
   REPRESENTATION_ITEM ('')
);
#1754 = EDGE_CURVE ('', #1747, #1740, #1753, .T.);
#1755 = ORIENTED_EDGE ('', *, *, #1754, .F.);
#1756 = CARTESIAN_POINT ('', (12., 98., -3.5));
#1757 = CARTESIAN_POINT ('', (12., 98., -4.5));
#1758 = B_SPLINE_CURVE_WITH_KNOTS ('', 1, (#1756, #1757), .UNSPECIFIED., .F., .U., (2, 2), (0., 0.666666666666668), .UNSPECIFIED.);
#1759 = EDGE_CURVE ('', #1712, #1747, #1758, .T.);
#1760 = ORIENTED_EDGE ('', *, *, #1759, .F.);
#1761 = ORIENTED_EDGE ('', *, *, #1721, .T.);
#1762 = EDGE_LOOP ('', (#1745, #1755, #1760, #1761));
#1763 = FACE_OUTER_BOUND ('', #1762, .T.);
#1764 = CARTESIAN_POINT ('', (12., 98., -3.5));
#1765 = CARTESIAN_POINT ('', (12., 98., -4.5));
#1766 = CARTESIAN_POINT ('', (12., 99., -3.5));
#1767 = CARTESIAN_POINT ('', (12., 99., -4.5));
#1768 = CARTESIAN_POINT ('', (11., 99., -3.5));
#1769 = CARTESIAN_POINT ('', (11., 99., -4.5));
#1770 = CARTESIAN_POINT ('', (10., 99., -3.5));
#1771 = CARTESIAN_POINT ('', (10., 99., -4.5));
#1772 = CARTESIAN_POINT ('', (10., 98., -3.5));
#1773 = CARTESIAN_POINT ('', (10., 98., -4.5));
#1774 = (
   BOUNDED_SURFACE ()
   B_SPLINE_SURFACE (2, 1, ((#1764, #1765), (#1766, #1767), (#1768, #1769), (#1770, #1771), (#1772, #1773)), .UNSPECIFIED., .F., .F., .U.)
   B_SPLINE_SURFACE_WITH_KNOTS ((3, 2, 3), (2, 2), (0., 0.25, 0.5), (0., 0.666666666666668), .UNSPECIFIED.)
   GEOMETRIC_REPRESENTATION_ITEM ()
   RATIONAL_B_SPLINE_SURFACE (((1., 1.), (0.707106781186548, 0.707106781186548), (1., 1.), (0.707106781186548, 0.707106781186548), (1., 1.)))
   REPRESENTATION_ITEM ('')
   SURFACE ()
);
#1775 = ADVANCED_FACE ('', (#1763), #1774, .T.);
#1776 = CARTESIAN_POINT ('', (128., 98.0000000000001, -4.5));
#1777 = VERTEX_POINT ('', #1776);
#1778 = CARTESIAN_POINT ('', (128., 98., -3.5));
#1779 = CARTESIAN_POINT ('', (128., 98., -4.5));
#1780 = B_SPLINE_CURVE_WITH_KNOTS ('', 1, (#1778, #1779), .UNSPECIFIED., .F., .U., (2, 2), (0., 0.666666666666668), .UNSPECIFIED.);
#1781 = EDGE_CURVE ('', #1692, #1777, #1780, .T.);
#1782 = ORIENTED_EDGE ('', *, *, #1781, .T.);
#1783 = CARTESIAN_POINT ('', (130., 98., -4.5));
#1784 = VERTEX_POINT ('', #1783);
#1785 = CARTESIAN_POINT ('', (130., 98., -4.5));
#1786 = CARTESIAN_POINT ('', (130., 99., -4.5));
#1787 = CARTESIAN_POINT ('', (129., 99., -4.5));
#1788 = CARTESIAN_POINT ('', (128., 99., -4.5));
#1789 = CARTESIAN_POINT ('', (128., 98.0000000000001, -4.5));
#1790 = (
   BOUNDED_CURVE ()
   B_SPLINE_CURVE (2, (#1785, #1786, #1787, #1788, #1789), .UNSPECIFIED., .F., .U.)
   B_SPLINE_CURVE_WITH_KNOTS ((3, 2, 3), (0., 0.25, 0.5), .UNSPECIFIED.)
   CURVE ()
   GEOMETRIC_REPRESENTATION_ITEM ()
   RATIONAL_B_SPLINE_CURVE ((1., 0.707106781186548, 1., 0.707106781186548, 1.))
   REPRESENTATION_ITEM ('')
);
#1791 = EDGE_CURVE ('', #1784, #1777, #1790, .T.);
#1792 = ORIENTED_EDGE ('', *, *, #1791, .F.);
#1793 = CARTESIAN_POINT ('', (130., 98., -3.5));
#1794 = CARTESIAN_POINT ('', (130., 98., -4.5));
#1795 = B_SPLINE_CURVE_WITH_KNOTS ('', 1, (#1793, #1794), .UNSPECIFIED., .F., .U., (2, 2), (0., 0.666666666666668), .UNSPECIFIED.);
#1796 = EDGE_CURVE ('', #1690, #1784, #1795, .T.);
#1797 = ORIENTED_EDGE ('', *, *, #1796, .F.);
#1798 = ORIENTED_EDGE ('', *, *, #1699, .T.);
#1799 = EDGE_LOOP ('', (#1782, #1792, #1797, #1798));
#1800 = FACE_OUTER_BOUND ('', #1799, .T.);
#1801 = CARTESIAN_POINT ('', (130., 98., -3.5));
#1802 = CARTESIAN_POINT ('', (130., 98., -4.5));
#1803 = CARTESIAN_POINT ('', (130., 99., -3.5));
#1804 = CARTESIAN_POINT ('', (130., 99., -4.5));
#1805 = CARTESIAN_POINT ('', (129., 99., -3.5));
#1806 = CARTESIAN_POINT ('', (129., 99., -4.5));
#1807 = CARTESIAN_POINT ('', (128., 99., -3.5));
#1808 = CARTESIAN_POINT ('', (128., 99., -4.5));
#1809 = CARTESIAN_POINT ('', (128., 98., -3.5));
#1810 = CARTESIAN_POINT ('', (128., 98., -4.5));
#1811 = (
   BOUNDED_SURFACE ()
   B_SPLINE_SURFACE (2, 1, ((#1801, #1802), (#1803, #1804), (#1805, #1806), (#1807, #1808), (#1809, #1810)), .UNSPECIFIED., .F., .F., .U.)
   B_SPLINE_SURFACE_WITH_KNOTS ((3, 2, 3), (2, 2), (0., 0.25, 0.5), (0., 0.666666666666668), .UNSPECIFIED.)
   GEOMETRIC_REPRESENTATION_ITEM ()
   RATIONAL_B_SPLINE_SURFACE (((1., 1.), (0.707106781186548, 0.707106781186548), (1., 1.), (0.707106781186548, 0.707106781186548), (1., 1.)))
   REPRESENTATION_ITEM ('')
   SURFACE ()
);
#1812 = ADVANCED_FACE ('', (#1800), #1811, .T.);
#1813 = CARTESIAN_POINT ('', (128., 0.500000000000035, -4.5));
#1814 = VERTEX_POINT ('', #1813);
#1815 = CARTESIAN_POINT ('', (128., 0.5, -3.5));
#1816 = CARTESIAN_POINT ('', (128., 0.5, -4.5));
#1817 = B_SPLINE_CURVE_WITH_KNOTS ('', 1, (#1815, #1816), .UNSPECIFIED., .F., .U., (2, 2), (0., 0.666666666666668), .UNSPECIFIED.);
#1818 = EDGE_CURVE ('', #1670, #1814, #1817, .T.);
#1819 = ORIENTED_EDGE ('', *, *, #1818, .T.);
#1820 = CARTESIAN_POINT ('', (130., 0.5, -4.5));
#1821 = VERTEX_POINT ('', #1820);
#1822 = CARTESIAN_POINT ('', (130., 0.5, -4.5));
#1823 = CARTESIAN_POINT ('', (130., 1.5, -4.5));
#1824 = CARTESIAN_POINT ('', (129., 1.50000000000002, -4.5));
#1825 = CARTESIAN_POINT ('', (128., 1.50000000000003, -4.5));
#1826 = CARTESIAN_POINT ('', (128., 0.500000000000035, -4.5));
#1827 = (
   BOUNDED_CURVE ()
   B_SPLINE_CURVE (2, (#1822, #1823, #1824, #1825, #1826), .UNSPECIFIED., .F., .U.)
   B_SPLINE_CURVE_WITH_KNOTS ((3, 2, 3), (0., 0.25, 0.5), .UNSPECIFIED.)
   CURVE ()
   GEOMETRIC_REPRESENTATION_ITEM ()
   RATIONAL_B_SPLINE_CURVE ((1., 0.707106781186548, 1., 0.707106781186548, 1.))
   REPRESENTATION_ITEM ('')
);
#1828 = EDGE_CURVE ('', #1821, #1814, #1827, .T.);
#1829 = ORIENTED_EDGE ('', *, *, #1828, .F.);
#1830 = CARTESIAN_POINT ('', (130., 0.5, -3.5));
#1831 = CARTESIAN_POINT ('', (130., 0.5, -4.5));
#1832 = B_SPLINE_CURVE_WITH_KNOTS ('', 1, (#1830, #1831), .UNSPECIFIED., .F., .U., (2, 2), (0., 0.666666666666668), .UNSPECIFIED.);
#1833 = EDGE_CURVE ('', #1668, #1821, #1832, .T.);
#1834 = ORIENTED_EDGE ('', *, *, #1833, .F.);
#1835 = ORIENTED_EDGE ('', *, *, #1677, .T.);
#1836 = EDGE_LOOP ('', (#1819, #1829, #1834, #1835));
#1837 = FACE_OUTER_BOUND ('', #1836, .T.);
#1838 = CARTESIAN_POINT ('', (130., 0.5, -3.5));
#1839 = CARTESIAN_POINT ('', (130., 0.5, -4.5));
#1840 = CARTESIAN_POINT ('', (130., 1.5, -3.5));
#1841 = CARTESIAN_POINT ('', (130., 1.5, -4.5));
#1842 = CARTESIAN_POINT ('', (129., 1.5, -3.5));
#1843 = CARTESIAN_POINT ('', (129., 1.5, -4.5));
#1844 = CARTESIAN_POINT ('', (128., 1.5, -3.5));
#1845 = CARTESIAN_POINT ('', (128., 1.5, -4.5));
#1846 = CARTESIAN_POINT ('', (128., 0.5, -3.5));
#1847 = CARTESIAN_POINT ('', (128., 0.5, -4.5));
#1848 = (
   BOUNDED_SURFACE ()
   B_SPLINE_SURFACE (2, 1, ((#1838, #1839), (#1840, #1841), (#1842, #1843), (#1844, #1845), (#1846, #1847)), .UNSPECIFIED., .F., .F., .U.)
   B_SPLINE_SURFACE_WITH_KNOTS ((3, 2, 3), (2, 2), (0., 0.25, 0.5), (0., 0.666666666666668), .UNSPECIFIED.)
   GEOMETRIC_REPRESENTATION_ITEM ()
   RATIONAL_B_SPLINE_SURFACE (((1., 1.), (0.707106781186548, 0.707106781186548), (1., 1.), (0.707106781186548, 0.707106781186548), (1., 1.)))
   REPRESENTATION_ITEM ('')
   SURFACE ()
);
#1849 = ADVANCED_FACE ('', (#1837), #1848, .T.);
#1850 = CARTESIAN_POINT ('', (128., 56., -4.5));
#1851 = VERTEX_POINT ('', #1850);
#1852 = CARTESIAN_POINT ('', (128., 56., -3.5));
#1853 = CARTESIAN_POINT ('', (128., 56., -4.5));
#1854 = B_SPLINE_CURVE_WITH_KNOTS ('', 1, (#1852, #1853), .UNSPECIFIED., .F., .U., (2, 2), (0., 0.666666666666668), .UNSPECIFIED.);
#1855 = EDGE_CURVE ('', #1637, #1851, #1854, .T.);
#1856 = ORIENTED_EDGE ('', *, *, #1855, .T.);
#1857 = CARTESIAN_POINT ('', (130., 56., -4.5));
#1858 = VERTEX_POINT ('', #1857);
#1859 = CARTESIAN_POINT ('', (130., 56., -4.5));
#1860 = CARTESIAN_POINT ('', (130., 57., -4.5));
#1861 = CARTESIAN_POINT ('', (129., 57., -4.5));
#1862 = CARTESIAN_POINT ('', (128., 57., -4.5));
#1863 = CARTESIAN_POINT ('', (128., 56., -4.5));
#1864 = (
   BOUNDED_CURVE ()
   B_SPLINE_CURVE (2, (#1859, #1860, #1861, #1862, #1863), .UNSPECIFIED., .F., .U.)
   B_SPLINE_CURVE_WITH_KNOTS ((3, 2, 3), (0., 0.25, 0.5), .UNSPECIFIED.)
   CURVE ()
   GEOMETRIC_REPRESENTATION_ITEM ()
   RATIONAL_B_SPLINE_CURVE ((1., 0.707106781186548, 1., 0.707106781186548, 1.))
   REPRESENTATION_ITEM ('')
);
#1865 = EDGE_CURVE ('', #1858, #1851, #1864, .T.);
#1866 = ORIENTED_EDGE ('', *, *, #1865, .F.);
#1867 = CARTESIAN_POINT ('', (130., 56., -3.5));
#1868 = CARTESIAN_POINT ('', (130., 56., -4.5));
#1869 = B_SPLINE_CURVE_WITH_KNOTS ('', 1, (#1867, #1868), .UNSPECIFIED., .F., .U., (2, 2), (0., 0.666666666666668), .UNSPECIFIED.);
#1870 = EDGE_CURVE ('', #1635, #1858, #1869, .T.);
#1871 = ORIENTED_EDGE ('', *, *, #1870, .F.);
#1872 = ORIENTED_EDGE ('', *, *, #1644, .T.);
#1873 = EDGE_LOOP ('', (#1856, #1866, #1871, #1872));
#1874 = FACE_OUTER_BOUND ('', #1873, .T.);
#1875 = CARTESIAN_POINT ('', (130., 56., -3.5));
#1876 = CARTESIAN_POINT ('', (130., 56., -4.5));
#1877 = CARTESIAN_POINT ('', (130., 57., -3.5));
#1878 = CARTESIAN_POINT ('', (130., 57., -4.5));
#1879 = CARTESIAN_POINT ('', (129., 57., -3.5));
#1880 = CARTESIAN_POINT ('', (129., 57., -4.5));
#1881 = CARTESIAN_POINT ('', (128., 57., -3.5));
#1882 = CARTESIAN_POINT ('', (128., 57., -4.5));
#1883 = CARTESIAN_POINT ('', (128., 56., -3.5));
#1884 = CARTESIAN_POINT ('', (128., 56., -4.5));
#1885 = (
   BOUNDED_SURFACE ()
   B_SPLINE_SURFACE (2, 1, ((#1875, #1876), (#1877, #1878), (#1879, #1880), (#1881, #1882), (#1883, #1884)), .UNSPECIFIED., .F., .F., .U.)
   B_SPLINE_SURFACE_WITH_KNOTS ((3, 2, 3), (2, 2), (0., 0.25, 0.5), (0., 0.666666666666668), .UNSPECIFIED.)
   GEOMETRIC_REPRESENTATION_ITEM ()
   RATIONAL_B_SPLINE_SURFACE (((1., 1.), (0.707106781186548, 0.707106781186548), (1., 1.), (0.707106781186548, 0.707106781186548), (1., 1.)))
   REPRESENTATION_ITEM ('')
   SURFACE ()
);
#1886 = ADVANCED_FACE ('', (#1874), #1885, .T.);
#1887 = CARTESIAN_POINT ('', (9.99999999999999, 56., -4.5));
#1888 = VERTEX_POINT ('', #1887);
#1889 = CARTESIAN_POINT ('', (10., 56., -3.5));
#1890 = CARTESIAN_POINT ('', (10., 56., -4.5));
#1891 = B_SPLINE_CURVE_WITH_KNOTS ('', 1, (#1889, #1890), .UNSPECIFIED., .F., .U., (2, 2), (0., 0.666666666666668), .UNSPECIFIED.);
#1892 = EDGE_CURVE ('', #1615, #1888, #1891, .T.);
#1893 = ORIENTED_EDGE ('', *, *, #1892, .T.);
#1894 = CARTESIAN_POINT ('', (12., 56., -4.5));
#1895 = VERTEX_POINT ('', #1894);
#1896 = CARTESIAN_POINT ('', (12., 56., -4.5));
#1897 = CARTESIAN_POINT ('', (12., 57., -4.5));
#1898 = CARTESIAN_POINT ('', (11., 57., -4.5));
#1899 = CARTESIAN_POINT ('', (9.99999999999998, 57., -4.5));
#1900 = CARTESIAN_POINT ('', (9.99999999999999, 56., -4.5));
#1901 = (
   BOUNDED_CURVE ()
   B_SPLINE_CURVE (2, (#1896, #1897, #1898, #1899, #1900), .UNSPECIFIED., .F., .U.)
   B_SPLINE_CURVE_WITH_KNOTS ((3, 2, 3), (0., 0.25, 0.5), .UNSPECIFIED.)
   CURVE ()
   GEOMETRIC_REPRESENTATION_ITEM ()
   RATIONAL_B_SPLINE_CURVE ((1., 0.707106781186548, 1., 0.707106781186548, 1.))
   REPRESENTATION_ITEM ('')
);
#1902 = EDGE_CURVE ('', #1895, #1888, #1901, .T.);
#1903 = ORIENTED_EDGE ('', *, *, #1902, .F.);
#1904 = CARTESIAN_POINT ('', (12., 56., -3.5));
#1905 = CARTESIAN_POINT ('', (12., 56., -4.5));
#1906 = B_SPLINE_CURVE_WITH_KNOTS ('', 1, (#1904, #1905), .UNSPECIFIED., .F., .U., (2, 2), (0., 0.666666666666668), .UNSPECIFIED.);
#1907 = EDGE_CURVE ('', #1613, #1895, #1906, .T.);
#1908 = ORIENTED_EDGE ('', *, *, #1907, .F.);
#1909 = ORIENTED_EDGE ('', *, *, #1622, .T.);
#1910 = EDGE_LOOP ('', (#1893, #1903, #1908, #1909));
#1911 = FACE_OUTER_BOUND ('', #1910, .T.);
#1912 = CARTESIAN_POINT ('', (12., 56., -3.5));
#1913 = CARTESIAN_POINT ('', (12., 56., -4.5));
#1914 = CARTESIAN_POINT ('', (12., 57., -3.5));
#1915 = CARTESIAN_POINT ('', (12., 57., -4.5));
#1916 = CARTESIAN_POINT ('', (11., 57., -3.5));
#1917 = CARTESIAN_POINT ('', (11., 57., -4.5));
#1918 = CARTESIAN_POINT ('', (10., 57., -3.5));
#1919 = CARTESIAN_POINT ('', (10., 57., -4.5));
#1920 = CARTESIAN_POINT ('', (10., 56., -3.5));
#1921 = CARTESIAN_POINT ('', (10., 56., -4.5));
#1922 = (
   BOUNDED_SURFACE ()
   B_SPLINE_SURFACE (2, 1, ((#1912, #1913), (#1914, #1915), (#1916, #1917), (#1918, #1919), (#1920, #1921)), .UNSPECIFIED., .F., .F., .U.)
   B_SPLINE_SURFACE_WITH_KNOTS ((3, 2, 3), (2, 2), (0., 0.25, 0.5), (0., 0.666666666666668), .UNSPECIFIED.)
   GEOMETRIC_REPRESENTATION_ITEM ()
   RATIONAL_B_SPLINE_SURFACE (((1., 1.), (0.707106781186548, 0.707106781186548), (1., 1.), (0.707106781186548, 0.707106781186548), (1., 1.)))
   REPRESENTATION_ITEM ('')
   SURFACE ()
);
#1923 = ADVANCED_FACE ('', (#1911), #1922, .T.);
#1924 = CARTESIAN_POINT ('', (127.5, 0.5, -5.));
#1925 = CARTESIAN_POINT ('', (128., 0.499999999999945, -4.5));
#1926 = B_SPLINE_CURVE_WITH_KNOTS ('', 1, (#1924, #1925), .UNSPECIFIED., .F., .U., (2, 2), (0., 1.), .UNSPECIFIED.);
#1927 = EDGE_CURVE ('', #1166, #1814, #1926, .T.);
#1928 = ORIENTED_EDGE ('', *, *, #1927, .T.);
#1929 = CARTESIAN_POINT ('', (128., 0.500000000000035, -4.5));
#1930 = CARTESIAN_POINT ('', (128., -0.499999999999965, -4.5));
#1931 = CARTESIAN_POINT ('', (129., -0.499999999999983, -4.5));
#1932 = CARTESIAN_POINT ('', (130., -0.5, -4.5));
#1933 = CARTESIAN_POINT ('', (130., 0.5, -4.5));
#1934 = (
   BOUNDED_CURVE ()
   B_SPLINE_CURVE (2, (#1929, #1930, #1931, #1932, #1933), .UNSPECIFIED., .F., .U.)
   B_SPLINE_CURVE_WITH_KNOTS ((3, 2, 3), (0.5, 0.75, 1.), .UNSPECIFIED.)
   CURVE ()
   GEOMETRIC_REPRESENTATION_ITEM ()
   RATIONAL_B_SPLINE_CURVE ((1., 0.707106781186548, 1., 0.707106781186548, 1.))
   REPRESENTATION_ITEM ('')
);
#1935 = EDGE_CURVE ('', #1814, #1821, #1934, .T.);
#1936 = ORIENTED_EDGE ('', *, *, #1935, .T.);
#1937 = CARTESIAN_POINT ('', (130.5, 0.5, -5.));
#1938 = CARTESIAN_POINT ('', (130., 0.499999999999989, -4.5));
#1939 = B_SPLINE_CURVE_WITH_KNOTS ('', 1, (#1937, #1938), .UNSPECIFIED., .F., .U., (2, 2), (0., 1.), .UNSPECIFIED.);
#1940 = EDGE_CURVE ('', #1164, #1821, #1939, .T.);
#1941 = ORIENTED_EDGE ('', *, *, #1940, .F.);
#1942 = ORIENTED_EDGE ('', *, *, #1237, .F.);
#1943 = EDGE_LOOP ('', (#1928, #1936, #1941, #1942));
#1944 = FACE_OUTER_BOUND ('', #1943, .T.);
#1945 = CARTESIAN_POINT ('', (127.5, 0.5, -5.));
#1946 = CARTESIAN_POINT ('', (127.5, 0.4703291045598, -5.));
#1947 = CARTESIAN_POINT ('', (127.501736957262, 0.410987313679284, -5.));
#1948 = CARTESIAN_POINT ('', (127.509919884125, 0.319645817785937, -5.));
#1949 = CARTESIAN_POINT ('', (127.524011238606, 0.227185031645518, -5.));
#1950 = CARTESIAN_POINT ('', (127.5510453814, 0.102867101348442, -5.));
#1951 = CARTESIAN_POINT ('', (127.600888368354, -0.0529042208017606, -5.));
#1952 = CARTESIAN_POINT ('', (127.687275033012, -0.235256868628284, -5.));
#1953 = CARTESIAN_POINT ('', (127.799667727675, -0.407443392382879, -5.));
#1954 = CARTESIAN_POINT ('', (127.935953658507, -0.564046341492717, -5.));
#1955 = CARTESIAN_POINT ('', (128.092556607617, -0.700332272325185, -5.));
#1956 = CARTESIAN_POINT ('', (128.264743131372, -0.812724966988414, -5.));
#1957 = CARTESIAN_POINT ('', (128.447095779198, -0.899111631645555, -5.));
#1958 = CARTESIAN_POINT ('', (128.602867101348, -0.948954618600301, -5.));
#1959 = CARTESIAN_POINT ('', (128.727185031646, -0.975988761393839, -5.));
#1960 = CARTESIAN_POINT ('', (128.819645817786, -0.990080115875115, -5.));
#1961 = CARTESIAN_POINT ('', (128.910987313679, -0.998263042738181, -5.));
#1962 = CARTESIAN_POINT ('', (129., -1.00086847863056, -5.));
#1963 = CARTESIAN_POINT ('', (129.08901268632, -0.998263042739576, -5.));
#1964 = CARTESIAN_POINT ('', (129.180354182216, -0.990080115869537, -5.));
#1965 = CARTESIAN_POINT ('', (129.272814968346, -0.975988761414756, -5.));
#1966 = CARTESIAN_POINT ('', (129.397132898699, -0.948954618489212, -5.));
#1967 = CARTESIAN_POINT ('', (129.552904220424, -0.89911163254079, -5.));
#1968 = CARTESIAN_POINT ('', (129.735256870009, -0.812724963719801, -5.));
#1969 = CARTESIAN_POINT ('', (129.907443387238, -0.700332284504363, -5.));
#1970 = CARTESIAN_POINT ('', (130.06404636069, -0.564046296044709, -5.));
#1971 = CARTESIAN_POINT ('', (130.200332200681, -0.407443561995707, -5.));
#1972 = CARTESIAN_POINT ('', (130.312725234369, -0.235256235624997, -5.));
#1973 = CARTESIAN_POINT ('', (130.399110633766, -0.0529065832021125, -5.));
#1974 = CARTESIAN_POINT ('', (130.458926940127, 0.134030182376629, -5.));
#1975 = CARTESIAN_POINT ('', (130.493040408131, 0.320315793520319, -5.));
#1976 = CARTESIAN_POINT ('', (130.500002599365, 0.441080104513879, -5.));
#1977 = CARTESIAN_POINT ('', (130.5, 0.5, -5.));
#1978 = CARTESIAN_POINT ('', (128., 0.499999999999945, -4.5));
#1979 = CARTESIAN_POINT ('', (128., 0.480219403039811, -4.5));
#1980 = CARTESIAN_POINT ('', (128.001157971508, 0.440658209119467, -4.5));
#1981 = CARTESIAN_POINT ('', (128.006613256083, 0.379763878523902, -4.5));
#1982 = CARTESIAN_POINT ('', (128.016007492404, 0.318123354430289, -4.5));
#1983 = CARTESIAN_POINT ('', (128.034030254266, 0.235244734232238, -4.5));
#1984 = CARTESIAN_POINT ('', (128.067258912236, 0.131397186132103, -4.5));
#1985 = CARTESIAN_POINT ('', (128.124850022008, 0.00982875424775479, -4.5));
#1986 = CARTESIAN_POINT ('', (128.199778485116, -0.104962261588641, -4.5));
#1987 = CARTESIAN_POINT ('', (128.290635772338, -0.209364227661864, -4.5));
#1988 = CARTESIAN_POINT ('', (128.395037738411, -0.300221514883507, -4.5));
#1989 = CARTESIAN_POINT ('', (128.509828754248, -0.375149977992324, -4.5));
#1990 = CARTESIAN_POINT ('', (128.631397186132, -0.432741087763747, -4.5));
#1991 = CARTESIAN_POINT ('', (128.735244734232, -0.465969745733575, -4.5));
#1992 = CARTESIAN_POINT ('', (128.81812335443, -0.483992507595931, -4.5));
#1993 = CARTESIAN_POINT ('', (128.879763878524, -0.493386743916781, -4.5));
#1994 = CARTESIAN_POINT ('', (128.940658209119, -0.498842028492156, -4.5));
#1995 = CARTESIAN_POINT ('', (129., -0.50057898575374, -4.5));
#1996 = CARTESIAN_POINT ('', (129.05934179088, -0.498842028493083, -4.5));
#1997 = CARTESIAN_POINT ('', (129.120236121478, -0.493386743913056, -4.5));
#1998 = CARTESIAN_POINT ('', (129.181876645564, -0.483992507609868, -4.5));
#1999 = CARTESIAN_POINT ('', (129.264755265799, -0.465969745659504, -4.5));
#2000 = CARTESIAN_POINT ('', (129.368602813616, -0.432741088360554, -4.5));
#2001 = CARTESIAN_POINT ('', (129.490171246673, -0.375149975813227, -4.5));
#2002 = CARTESIAN_POINT ('', (129.604962258159, -0.300221523002932, -4.5));
#2003 = CARTESIAN_POINT ('', (129.70936424046, -0.209364197363161, -4.5));
#2004 = CARTESIAN_POINT ('', (129.80022146712, -0.104962374663824, -4.5));
#2005 = CARTESIAN_POINT ('', (129.875150156246, 0.00982917624998463, -4.5));
#2006 = CARTESIAN_POINT ('', (129.932740422511, 0.131395611198576, -4.5));
#2007 = CARTESIAN_POINT ('', (129.972617960085, 0.256020121584406, -4.5));
#2008 = CARTESIAN_POINT ('', (129.995360272087, 0.380210529013534, -4.5));
#2009 = CARTESIAN_POINT ('', (130.00000173291, 0.460720069675908, -4.5));
#2010 = CARTESIAN_POINT ('', (130., 0.499999999999989, -4.5));
#2011 = B_SPLINE_SURFACE_WITH_KNOTS ('', 1, 3, ((#1945, #1946, #1947, #1948, #1949, #1950, #1951, #1952, #1953, #1954, #1955, #1956, #1957, #1958, #1959, #1960, #1961, #1962, #1963, #1964, #1965, #1966, #1967, #1968, #1969, #1970, #1971, #1972, #1973, #1974, #1975, #1976, #1977), (#1978, #1979, #1980, #1981, #1982, #1983, #1984, #1985, #1986, #1987, #1988, #1989, #1990, #1991, #1992, #1993, #1994, #1995, #1996, #1997, #1998, #1999, #2000, #2001, #2002, #2003, #2004, #2005, #2006, #2007, #2008, #2009, #2010)), .UNSPECIFIED., .F., .F., .U., (2, 2), (4, 1, 1, 1, 1, 1, 1, 1, 1, 1, 1, 1, 1, 1, 1, 1, 1, 1, 1, 1, 1, 1, 1, 1, 1, 1, 1, 1, 1, 1, 4), (0., 1.), (0.5, 0.510416666666659, 0.520833333333326, 0.531249999999993, 0.54166666666666, 0.562499999999994, 0.583333333333328, 0.604166666666663, 0.624999999999995, 0.645833333333331, 0.666666666666665, 0.687499999999996, 0.708333333333332, 0.718749999999999, 0.729166666666666, 0.739583333333333, 0.75, 0.760416666666667, 0.770833333333334, 0.781250000000001, 0.791666666666667, 0.8125, 0.833333333333331, 0.85416666666667, 0.875000000000002, 0.895833333333335, 0.916666666666669, 0.937500000000001, 0.958333333333334, 0.979166666666667, 1.), .UNSPECIFIED.);
#2012 = ADVANCED_FACE ('', (#1944), #2011, .T.);
#2013 = CARTESIAN_POINT ('', (9.5, 56., -5.));
#2014 = CARTESIAN_POINT ('', (9.99999999999999, 56., -4.5));
#2015 = B_SPLINE_CURVE_WITH_KNOTS ('', 1, (#2013, #2014), .UNSPECIFIED., .F., .U., (2, 2), (0., 1.), .UNSPECIFIED.);
#2016 = EDGE_CURVE ('', #1088, #1888, #2015, .T.);
#2017 = ORIENTED_EDGE ('', *, *, #2016, .T.);
#2018 = CARTESIAN_POINT ('', (9.99999999999999, 56., -4.5));
#2019 = CARTESIAN_POINT ('', (10., 55., -4.5));
#2020 = CARTESIAN_POINT ('', (11., 55., -4.5));
#2021 = CARTESIAN_POINT ('', (12., 55., -4.5));
#2022 = CARTESIAN_POINT ('', (12., 56., -4.5));
#2023 = (
   BOUNDED_CURVE ()
   B_SPLINE_CURVE (2, (#2018, #2019, #2020, #2021, #2022), .UNSPECIFIED., .F., .U.)
   B_SPLINE_CURVE_WITH_KNOTS ((3, 2, 3), (0.5, 0.75, 1.), .UNSPECIFIED.)
   CURVE ()
   GEOMETRIC_REPRESENTATION_ITEM ()
   RATIONAL_B_SPLINE_CURVE ((1., 0.707106781186548, 1., 0.707106781186548, 1.))
   REPRESENTATION_ITEM ('')
);
#2024 = EDGE_CURVE ('', #1888, #1895, #2023, .T.);
#2025 = ORIENTED_EDGE ('', *, *, #2024, .T.);
#2026 = CARTESIAN_POINT ('', (12.5, 56., -5.));
#2027 = CARTESIAN_POINT ('', (12., 56., -4.5));
#2028 = B_SPLINE_CURVE_WITH_KNOTS ('', 1, (#2026, #2027), .UNSPECIFIED., .F., .U., (2, 2), (0., 1.), .UNSPECIFIED.);
#2029 = EDGE_CURVE ('', #1086, #1895, #2028, .T.);
#2030 = ORIENTED_EDGE ('', *, *, #2029, .F.);
#2031 = ORIENTED_EDGE ('', *, *, #1159, .F.);
#2032 = EDGE_LOOP ('', (#2017, #2025, #2030, #2031));
#2033 = FACE_OUTER_BOUND ('', #2032, .T.);
#2034 = CARTESIAN_POINT ('', (9.5, 56., -5.));
#2035 = CARTESIAN_POINT ('', (9.5, 55.9703291045598, -5.));
#2036 = CARTESIAN_POINT ('', (9.50173695726193, 55.9109873136793, -5.));
#2037 = CARTESIAN_POINT ('', (9.50991988412486, 55.8196458177859, -5.));
#2038 = CARTESIAN_POINT ('', (9.52401123860617, 55.7271850316455, -5.));
#2039 = CARTESIAN_POINT ('', (9.55104538139969, 55.6028671013484, -5.));
#2040 = CARTESIAN_POINT ('', (9.60088836835445, 55.4470957791982, -5.));
#2041 = CARTESIAN_POINT ('', (9.68727503301156, 55.2647431313717, -5.));
#2042 = CARTESIAN_POINT ('', (9.79966772767481, 55.0925566076171, -5.));
#2043 = CARTESIAN_POINT ('', (9.93595365850729, 54.9359536585073, -5.));
#2044 = CARTESIAN_POINT ('', (10.0925566076171, 54.7996677276748, -5.));
#2045 = CARTESIAN_POINT ('', (10.2647431313717, 54.6872750330116, -5.));
#2046 = CARTESIAN_POINT ('', (10.4470957791982, 54.6008883683544, -5.));
#2047 = CARTESIAN_POINT ('', (10.6028671013485, 54.5510453813997, -5.));
#2048 = CARTESIAN_POINT ('', (10.7271850316455, 54.5240112386061, -5.));
#2049 = CARTESIAN_POINT ('', (10.8196458177859, 54.5099198841249, -5.));
#2050 = CARTESIAN_POINT ('', (10.9109873136793, 54.5017369572618, -5.));
#2051 = CARTESIAN_POINT ('', (11.0000000000002, 54.4991315213694, -5.));
#2052 = CARTESIAN_POINT ('', (11.08901268632, 54.5017369572604, -5.));
#2053 = CARTESIAN_POINT ('', (11.1803541822164, 54.5099198841304, -5.));
#2054 = CARTESIAN_POINT ('', (11.2728149683456, 54.5240112385852, -5.));
#2055 = CARTESIAN_POINT ('', (11.3971328986985, 54.5510453815108, -5.));
#2056 = CARTESIAN_POINT ('', (11.5529042204236, 54.6008883674592, -5.));
#2057 = CARTESIAN_POINT ('', (11.7352568700089, 54.6872750362802, -5.));
#2058 = CARTESIAN_POINT ('', (11.9074433872384, 54.7996677154957, -5.));
#2059 = CARTESIAN_POINT ('', (12.06404636069, 54.9359537039553, -5.));
#2060 = CARTESIAN_POINT ('', (12.2003322006806, 55.0925564380043, -5.));
#2061 = CARTESIAN_POINT ('', (12.3127252343694, 55.264743764375, -5.));
#2062 = CARTESIAN_POINT ('', (12.3991106337662, 55.4470934167979, -5.));
#2063 = CARTESIAN_POINT ('', (12.4589269401275, 55.6340301823766, -5.));
#2064 = CARTESIAN_POINT ('', (12.4930404081306, 55.8203157935203, -5.));
#2065 = CARTESIAN_POINT ('', (12.5000025993652, 55.9410801045139, -5.));
#2066 = CARTESIAN_POINT ('', (12.5, 56., -5.));
#2067 = CARTESIAN_POINT ('', (9.99999999999999, 56., -4.5));
#2068 = CARTESIAN_POINT ('', (9.99999999999999, 55.9802194030398, -4.5));
#2069 = CARTESIAN_POINT ('', (10.0011579715079, 55.9406582091195, -4.5));
#2070 = CARTESIAN_POINT ('', (10.0066132560832, 55.8797638785239, -4.5));
#2071 = CARTESIAN_POINT ('', (10.0160074924041, 55.8181233544303, -4.5));
#2072 = CARTESIAN_POINT ('', (10.0340302542665, 55.7352447342322, -4.5));
#2073 = CARTESIAN_POINT ('', (10.0672589122363, 55.6313971861321, -4.5));
#2074 = CARTESIAN_POINT ('', (10.1248500220077, 55.5098287542478, -4.5));
#2075 = CARTESIAN_POINT ('', (10.1997784851165, 55.3950377384114, -4.5));
#2076 = CARTESIAN_POINT ('', (10.2906357723382, 55.2906357723382, -4.5));
#2077 = CARTESIAN_POINT ('', (10.3950377384114, 55.1997784851165, -4.5));
#2078 = CARTESIAN_POINT ('', (10.5098287542478, 55.1248500220077, -4.5));
#2079 = CARTESIAN_POINT ('', (10.6313971861322, 55.0672589122363, -4.5));
#2080 = CARTESIAN_POINT ('', (10.7352447342323, 55.0340302542665, -4.5));
#2081 = CARTESIAN_POINT ('', (10.8181233544303, 55.0160074924041, -4.5));
#2082 = CARTESIAN_POINT ('', (10.879763878524, 55.0066132560832, -4.5));
#2083 = CARTESIAN_POINT ('', (10.9406582091195, 55.0011579715079, -4.5));
#2084 = CARTESIAN_POINT ('', (11.0000000000001, 54.9994210142463, -4.5));
#2085 = CARTESIAN_POINT ('', (11.05934179088, 55.0011579715069, -4.5));
#2086 = CARTESIAN_POINT ('', (11.1202361214776, 55.0066132560869, -4.5));
#2087 = CARTESIAN_POINT ('', (11.1818766455638, 55.0160074923902, -4.5));
#2088 = CARTESIAN_POINT ('', (11.264755265799, 55.0340302543405, -4.5));
#2089 = CARTESIAN_POINT ('', (11.3686028136157, 55.0672589116395, -4.5));
#2090 = CARTESIAN_POINT ('', (11.4901712466726, 55.1248500241868, -4.5));
#2091 = CARTESIAN_POINT ('', (11.6049622581589, 55.1997784769971, -4.5));
#2092 = CARTESIAN_POINT ('', (11.70936424046, 55.2906358026368, -4.5));
#2093 = CARTESIAN_POINT ('', (11.8002214671204, 55.3950376253362, -4.5));
#2094 = CARTESIAN_POINT ('', (11.8751501562463, 55.50982917625, -4.5));
#2095 = CARTESIAN_POINT ('', (11.9327404225108, 55.6313956111986, -4.5));
#2096 = CARTESIAN_POINT ('', (11.972617960085, 55.7560201215844, -4.5));
#2097 = CARTESIAN_POINT ('', (11.9953602720871, 55.8802105290135, -4.5));
#2098 = CARTESIAN_POINT ('', (12.0000017329101, 55.9607200696759, -4.5));
#2099 = CARTESIAN_POINT ('', (12., 56., -4.5));
#2100 = B_SPLINE_SURFACE_WITH_KNOTS ('', 1, 3, ((#2034, #2035, #2036, #2037, #2038, #2039, #2040, #2041, #2042, #2043, #2044, #2045, #2046, #2047, #2048, #2049, #2050, #2051, #2052, #2053, #2054, #2055, #2056, #2057, #2058, #2059, #2060, #2061, #2062, #2063, #2064, #2065, #2066), (#2067, #2068, #2069, #2070, #2071, #2072, #2073, #2074, #2075, #2076, #2077, #2078, #2079, #2080, #2081, #2082, #2083, #2084, #2085, #2086, #2087, #2088, #2089, #2090, #2091, #2092, #2093, #2094, #2095, #2096, #2097, #2098, #2099)), .UNSPECIFIED., .F., .F., .U., (2, 2), (4, 1, 1, 1, 1, 1, 1, 1, 1, 1, 1, 1, 1, 1, 1, 1, 1, 1, 1, 1, 1, 1, 1, 1, 1, 1, 1, 1, 1, 1, 4), (0., 1.), (0.5, 0.510416666666662, 0.52083333333333, 0.531249999999997, 0.541666666666664, 0.562499999999997, 0.583333333333331, 0.604166666666664, 0.624999999999998, 0.645833333333332, 0.666666666666665, 0.687499999999999, 0.708333333333332, 0.71875, 0.729166666666666, 0.739583333333333, 0.75, 0.760416666666667, 0.770833333333333, 0.78125, 0.791666666666667, 0.8125, 0.833333333333334, 0.854166666666668, 0.875000000000001, 0.895833333333334, 0.916666666666668, 0.9375, 0.958333333333334, 0.979166666666667, 1.), .UNSPECIFIED.);
#2101 = ADVANCED_FACE ('', (#2033), #2100, .T.);
#2102 = CARTESIAN_POINT ('', (9.5, 98., -5.));
#2103 = CARTESIAN_POINT ('', (10., 98.0000000000001, -4.5));
#2104 = B_SPLINE_CURVE_WITH_KNOTS ('', 1, (#2102, #2103), .UNSPECIFIED., .F., .U., (2, 2), (0., 1.), .UNSPECIFIED.);
#2105 = EDGE_CURVE ('', #1010, #1740, #2104, .T.);
#2106 = ORIENTED_EDGE ('', *, *, #2105, .T.);
#2107 = CARTESIAN_POINT ('', (10., 98., -4.5));
#2108 = CARTESIAN_POINT ('', (10., 97., -4.5));
#2109 = CARTESIAN_POINT ('', (11., 97., -4.5));
#2110 = CARTESIAN_POINT ('', (12., 97., -4.5));
#2111 = CARTESIAN_POINT ('', (12., 98., -4.5));
#2112 = (
   BOUNDED_CURVE ()
   B_SPLINE_CURVE (2, (#2107, #2108, #2109, #2110, #2111), .UNSPECIFIED., .F., .U.)
   B_SPLINE_CURVE_WITH_KNOTS ((3, 2, 3), (0.5, 0.75, 1.), .UNSPECIFIED.)
   CURVE ()
   GEOMETRIC_REPRESENTATION_ITEM ()
   RATIONAL_B_SPLINE_CURVE ((1., 0.707106781186548, 1., 0.707106781186548, 1.))
   REPRESENTATION_ITEM ('')
);
#2113 = EDGE_CURVE ('', #1740, #1747, #2112, .T.);
#2114 = ORIENTED_EDGE ('', *, *, #2113, .T.);
#2115 = CARTESIAN_POINT ('', (12.5, 98., -5.));
#2116 = CARTESIAN_POINT ('', (12., 98., -4.5));
#2117 = B_SPLINE_CURVE_WITH_KNOTS ('', 1, (#2115, #2116), .UNSPECIFIED., .F., .U., (2, 2), (0., 1.), .UNSPECIFIED.);
#2118 = EDGE_CURVE ('', #1008, #1747, #2117, .T.);
#2119 = ORIENTED_EDGE ('', *, *, #2118, .F.);
#2120 = ORIENTED_EDGE ('', *, *, #1081, .F.);
#2121 = EDGE_LOOP ('', (#2106, #2114, #2119, #2120));
#2122 = FACE_OUTER_BOUND ('', #2121, .T.);
#2123 = CARTESIAN_POINT ('', (9.5, 98., -5.));
#2124 = CARTESIAN_POINT ('', (9.5, 97.9703291045598, -5.));
#2125 = CARTESIAN_POINT ('', (9.50173695726193, 97.9109873136794, -5.));
#2126 = CARTESIAN_POINT ('', (9.50991988412485, 97.8196458177859, -5.));
#2127 = CARTESIAN_POINT ('', (9.52401123860617, 97.7271850316455, -5.));
#2128 = CARTESIAN_POINT ('', (9.5510453813997, 97.6028671013485, -5.));
#2129 = CARTESIAN_POINT ('', (9.60088836835444, 97.4470957791982, -5.));
#2130 = CARTESIAN_POINT ('', (9.68727503301157, 97.2647431313717, -5.));
#2131 = CARTESIAN_POINT ('', (9.79966772767481, 97.0925566076171, -5.));
#2132 = CARTESIAN_POINT ('', (9.93595365850729, 96.9359536585073, -5.));
#2133 = CARTESIAN_POINT ('', (10.0925566076171, 96.7996677276748, -5.));
#2134 = CARTESIAN_POINT ('', (10.2647431313717, 96.6872750330116, -5.));
#2135 = CARTESIAN_POINT ('', (10.4470957791982, 96.6008883683544, -5.));
#2136 = CARTESIAN_POINT ('', (10.6028671013484, 96.5510453813997, -5.));
#2137 = CARTESIAN_POINT ('', (10.7271850316455, 96.5240112386061, -5.));
#2138 = CARTESIAN_POINT ('', (10.8196458177859, 96.5099198841249, -5.));
#2139 = CARTESIAN_POINT ('', (10.9109873136793, 96.5017369572618, -5.));
#2140 = CARTESIAN_POINT ('', (11.0000000000002, 96.4991315213694, -5.));
#2141 = CARTESIAN_POINT ('', (11.08901268632, 96.5017369572604, -5.));
#2142 = CARTESIAN_POINT ('', (11.1803541822164, 96.5099198841305, -5.));
#2143 = CARTESIAN_POINT ('', (11.2728149683456, 96.5240112385852, -5.));
#2144 = CARTESIAN_POINT ('', (11.3971328986985, 96.5510453815108, -5.));
#2145 = CARTESIAN_POINT ('', (11.5529042204236, 96.6008883674592, -5.));
#2146 = CARTESIAN_POINT ('', (11.7352568700089, 96.6872750362801, -5.));
#2147 = CARTESIAN_POINT ('', (11.9074433872384, 96.7996677154957, -5.));
#2148 = CARTESIAN_POINT ('', (12.06404636069, 96.9359537039553, -5.));
#2149 = CARTESIAN_POINT ('', (12.2003322006806, 97.0925564380043, -5.));
#2150 = CARTESIAN_POINT ('', (12.3127252343694, 97.264743764375, -5.));
#2151 = CARTESIAN_POINT ('', (12.3991106337662, 97.4470934167979, -5.));
#2152 = CARTESIAN_POINT ('', (12.4589269401275, 97.6340301823766, -5.));
#2153 = CARTESIAN_POINT ('', (12.4930404081306, 97.8203157935203, -5.));
#2154 = CARTESIAN_POINT ('', (12.5000025993651, 97.9410801045139, -5.));
#2155 = CARTESIAN_POINT ('', (12.5, 98., -5.));
#2156 = CARTESIAN_POINT ('', (10., 98.0000000000001, -4.5));
#2157 = CARTESIAN_POINT ('', (10., 97.9802194030399, -4.5));
#2158 = CARTESIAN_POINT ('', (10.001157971508, 97.9406582091196, -4.5));
#2159 = CARTESIAN_POINT ('', (10.0066132560832, 97.879763878524, -4.5));
#2160 = CARTESIAN_POINT ('', (10.0160074924041, 97.8181233544303, -4.5));
#2161 = CARTESIAN_POINT ('', (10.0340302542665, 97.7352447342324, -4.5));
#2162 = CARTESIAN_POINT ('', (10.0672589122363, 97.6313971861322, -4.5));
#2163 = CARTESIAN_POINT ('', (10.1248500220077, 97.5098287542478, -4.5));
#2164 = CARTESIAN_POINT ('', (10.1997784851165, 97.3950377384115, -4.5));
#2165 = CARTESIAN_POINT ('', (10.2906357723382, 97.2906357723382, -4.5));
#2166 = CARTESIAN_POINT ('', (10.3950377384114, 97.1997784851165, -4.5));
#2167 = CARTESIAN_POINT ('', (10.5098287542478, 97.1248500220078, -4.5));
#2168 = CARTESIAN_POINT ('', (10.6313971861321, 97.0672589122363, -4.5));
#2169 = CARTESIAN_POINT ('', (10.7352447342323, 97.0340302542665, -4.5));
#2170 = CARTESIAN_POINT ('', (10.8181233544303, 97.0160074924041, -4.5));
#2171 = CARTESIAN_POINT ('', (10.879763878524, 97.0066132560833, -4.5));
#2172 = CARTESIAN_POINT ('', (10.9406582091195, 97.0011579715079, -4.5));
#2173 = CARTESIAN_POINT ('', (11.0000000000001, 96.9994210142463, -4.5));
#2174 = CARTESIAN_POINT ('', (11.05934179088, 97.001157971507, -4.5));
#2175 = CARTESIAN_POINT ('', (11.1202361214776, 97.006613256087, -4.5));
#2176 = CARTESIAN_POINT ('', (11.1818766455638, 97.0160074923902, -4.5));
#2177 = CARTESIAN_POINT ('', (11.264755265799, 97.0340302543406, -4.5));
#2178 = CARTESIAN_POINT ('', (11.3686028136157, 97.0672589116395, -4.5));
#2179 = CARTESIAN_POINT ('', (11.4901712466726, 97.1248500241868, -4.5));
#2180 = CARTESIAN_POINT ('', (11.6049622581589, 97.1997784769972, -4.5));
#2181 = CARTESIAN_POINT ('', (11.70936424046, 97.2906358026369, -4.5));
#2182 = CARTESIAN_POINT ('', (11.8002214671204, 97.3950376253362, -4.5));
#2183 = CARTESIAN_POINT ('', (11.8751501562463, 97.5098291762501, -4.5));
#2184 = CARTESIAN_POINT ('', (11.9327404225108, 97.6313956111987, -4.5));
#2185 = CARTESIAN_POINT ('', (11.972617960085, 97.7560201215844, -4.5));
#2186 = CARTESIAN_POINT ('', (11.9953602720871, 97.8802105290136, -4.5));
#2187 = CARTESIAN_POINT ('', (12.0000017329101, 97.9607200696759, -4.5));
#2188 = CARTESIAN_POINT ('', (12., 98., -4.5));
#2189 = B_SPLINE_SURFACE_WITH_KNOTS ('', 1, 3, ((#2123, #2124, #2125, #2126, #2127, #2128, #2129, #2130, #2131, #2132, #2133, #2134, #2135, #2136, #2137, #2138, #2139, #2140, #2141, #2142, #2143, #2144, #2145, #2146, #2147, #2148, #2149, #2150, #2151, #2152, #2153, #2154, #2155), (#2156, #2157, #2158, #2159, #2160, #2161, #2162, #2163, #2164, #2165, #2166, #2167, #2168, #2169, #2170, #2171, #2172, #2173, #2174, #2175, #2176, #2177, #2178, #2179, #2180, #2181, #2182, #2183, #2184, #2185, #2186, #2187, #2188)), .UNSPECIFIED., .F., .F., .U., (2, 2), (4, 1, 1, 1, 1, 1, 1, 1, 1, 1, 1, 1, 1, 1, 1, 1, 1, 1, 1, 1, 1, 1, 1, 1, 1, 1, 1, 1, 1, 1, 4), (0., 1.), (0.5, 0.510416666666673, 0.52083333333334, 0.531250000000005, 0.54166666666667, 0.562500000000006, 0.583333333333337, 0.604166666666668, 0.625000000000003, 0.645833333333335, 0.666666666666668, 0.687500000000002, 0.708333333333334, 0.718750000000001, 0.729166666666667, 0.739583333333333, 0.75, 0.760416666666667, 0.770833333333333, 0.78125, 0.791666666666666, 0.812499999999999, 0.833333333333332, 0.854166666666667, 0.875, 0.895833333333332, 0.916666666666665, 0.937499999999999, 0.958333333333333, 0.979166666666666, 1.), .UNSPECIFIED.);
#2190 = ADVANCED_FACE ('', (#2122), #2189, .T.);
#2191 = CARTESIAN_POINT ('', (127.5, 98., -5.));
#2192 = CARTESIAN_POINT ('', (128., 98., -4.5));
#2193 = B_SPLINE_CURVE_WITH_KNOTS ('', 1, (#2191, #2192), .UNSPECIFIED., .F., .U., (2, 2), (0., 1.), .UNSPECIFIED.);
#2194 = EDGE_CURVE ('', #932, #1777, #2193, .T.);
#2195 = ORIENTED_EDGE ('', *, *, #2194, .T.);
#2196 = CARTESIAN_POINT ('', (128., 98.0000000000001, -4.5));
#2197 = CARTESIAN_POINT ('', (128., 97.0000000000001, -4.5));
#2198 = CARTESIAN_POINT ('', (129., 97., -4.5));
#2199 = CARTESIAN_POINT ('', (130., 97., -4.5));
#2200 = CARTESIAN_POINT ('', (130., 98., -4.5));
#2201 = (
   BOUNDED_CURVE ()
   B_SPLINE_CURVE (2, (#2196, #2197, #2198, #2199, #2200), .UNSPECIFIED., .F., .U.)
   B_SPLINE_CURVE_WITH_KNOTS ((3, 2, 3), (0.5, 0.75, 1.), .UNSPECIFIED.)
   CURVE ()
   GEOMETRIC_REPRESENTATION_ITEM ()
   RATIONAL_B_SPLINE_CURVE ((1., 0.707106781186548, 1., 0.707106781186548, 1.))
   REPRESENTATION_ITEM ('')
);
#2202 = EDGE_CURVE ('', #1777, #1784, #2201, .T.);
#2203 = ORIENTED_EDGE ('', *, *, #2202, .T.);
#2204 = CARTESIAN_POINT ('', (130.5, 98., -5.));
#2205 = CARTESIAN_POINT ('', (130., 98., -4.5));
#2206 = B_SPLINE_CURVE_WITH_KNOTS ('', 1, (#2204, #2205), .UNSPECIFIED., .F., .U., (2, 2), (0., 1.), .UNSPECIFIED.);
#2207 = EDGE_CURVE ('', #930, #1784, #2206, .T.);
#2208 = ORIENTED_EDGE ('', *, *, #2207, .F.);
#2209 = ORIENTED_EDGE ('', *, *, #1003, .F.);
#2210 = EDGE_LOOP ('', (#2195, #2203, #2208, #2209));
#2211 = FACE_OUTER_BOUND ('', #2210, .T.);
#2212 = CARTESIAN_POINT ('', (127.5, 98., -5.));
#2213 = CARTESIAN_POINT ('', (127.5, 97.9703291045598, -5.));
#2214 = CARTESIAN_POINT ('', (127.501736957262, 97.9109873136793, -5.));
#2215 = CARTESIAN_POINT ('', (127.509919884125, 97.8196458177859, -5.));
#2216 = CARTESIAN_POINT ('', (127.524011238606, 97.7271850316455, -5.));
#2217 = CARTESIAN_POINT ('', (127.5510453814, 97.6028671013485, -5.));
#2218 = CARTESIAN_POINT ('', (127.600888368354, 97.4470957791982, -5.));
#2219 = CARTESIAN_POINT ('', (127.687275033012, 97.2647431313717, -5.));
#2220 = CARTESIAN_POINT ('', (127.799667727675, 97.0925566076171, -5.));
#2221 = CARTESIAN_POINT ('', (127.935953658507, 96.9359536585073, -5.));
#2222 = CARTESIAN_POINT ('', (128.092556607617, 96.7996677276748, -5.));
#2223 = CARTESIAN_POINT ('', (128.264743131372, 96.6872750330116, -5.));
#2224 = CARTESIAN_POINT ('', (128.447095779198, 96.6008883683544, -5.));
#2225 = CARTESIAN_POINT ('', (128.602867101348, 96.5510453813997, -5.));
#2226 = CARTESIAN_POINT ('', (128.727185031646, 96.5240112386062, -5.));
#2227 = CARTESIAN_POINT ('', (128.819645817786, 96.5099198841249, -5.));
#2228 = CARTESIAN_POINT ('', (128.910987313679, 96.5017369572618, -5.));
#2229 = CARTESIAN_POINT ('', (129., 96.4991315213695, -5.));
#2230 = CARTESIAN_POINT ('', (129.08901268632, 96.5017369572604, -5.));
#2231 = CARTESIAN_POINT ('', (129.180354182216, 96.5099198841305, -5.));
#2232 = CARTESIAN_POINT ('', (129.272814968346, 96.5240112385852, -5.));
#2233 = CARTESIAN_POINT ('', (129.397132898698, 96.5510453815108, -5.));
#2234 = CARTESIAN_POINT ('', (129.552904220424, 96.6008883674592, -5.));
#2235 = CARTESIAN_POINT ('', (129.735256870009, 96.6872750362802, -5.));
#2236 = CARTESIAN_POINT ('', (129.907443387238, 96.7996677154957, -5.));
#2237 = CARTESIAN_POINT ('', (130.06404636069, 96.9359537039553, -5.));
#2238 = CARTESIAN_POINT ('', (130.200332200681, 97.0925564380043, -5.));
#2239 = CARTESIAN_POINT ('', (130.312725234369, 97.264743764375, -5.));
#2240 = CARTESIAN_POINT ('', (130.399110633766, 97.4470934167979, -5.));
#2241 = CARTESIAN_POINT ('', (130.458926940128, 97.6340301823766, -5.));
#2242 = CARTESIAN_POINT ('', (130.493040408131, 97.8203157935203, -5.));
#2243 = CARTESIAN_POINT ('', (130.500002599365, 97.9410801045138, -5.));
#2244 = CARTESIAN_POINT ('', (130.5, 98., -5.));
#2245 = CARTESIAN_POINT ('', (128., 98., -4.5));
#2246 = CARTESIAN_POINT ('', (128., 97.9802194030399, -4.5));
#2247 = CARTESIAN_POINT ('', (128.001157971508, 97.9406582091195, -4.5));
#2248 = CARTESIAN_POINT ('', (128.006613256083, 97.8797638785239, -4.5));
#2249 = CARTESIAN_POINT ('', (128.016007492404, 97.8181233544304, -4.5));
#2250 = CARTESIAN_POINT ('', (128.034030254266, 97.7352447342323, -4.5));
#2251 = CARTESIAN_POINT ('', (128.067258912236, 97.6313971861322, -4.5));
#2252 = CARTESIAN_POINT ('', (128.124850022008, 97.5098287542478, -4.5));
#2253 = CARTESIAN_POINT ('', (128.199778485117, 97.3950377384114, -4.5));
#2254 = CARTESIAN_POINT ('', (128.290635772338, 97.2906357723382, -4.5));
#2255 = CARTESIAN_POINT ('', (128.395037738411, 97.1997784851165, -4.5));
#2256 = CARTESIAN_POINT ('', (128.509828754248, 97.1248500220077, -4.5));
#2257 = CARTESIAN_POINT ('', (128.631397186132, 97.0672589122363, -4.5));
#2258 = CARTESIAN_POINT ('', (128.735244734232, 97.0340302542665, -4.5));
#2259 = CARTESIAN_POINT ('', (128.81812335443, 97.0160074924041, -4.5));
#2260 = CARTESIAN_POINT ('', (128.879763878524, 97.0066132560832, -4.5));
#2261 = CARTESIAN_POINT ('', (128.940658209119, 97.0011579715079, -4.5));
#2262 = CARTESIAN_POINT ('', (129., 96.9994210142463, -4.5));
#2263 = CARTESIAN_POINT ('', (129.05934179088, 97.0011579715069, -4.5));
#2264 = CARTESIAN_POINT ('', (129.120236121478, 97.006613256087, -4.5));
#2265 = CARTESIAN_POINT ('', (129.181876645564, 97.0160074923901, -4.5));
#2266 = CARTESIAN_POINT ('', (129.264755265799, 97.0340302543405, -4.5));
#2267 = CARTESIAN_POINT ('', (129.368602813616, 97.0672589116394, -4.5));
#2268 = CARTESIAN_POINT ('', (129.490171246673, 97.1248500241868, -4.5));
#2269 = CARTESIAN_POINT ('', (129.604962258159, 97.1997784769972, -4.5));
#2270 = CARTESIAN_POINT ('', (129.70936424046, 97.2906358026368, -4.5));
#2271 = CARTESIAN_POINT ('', (129.80022146712, 97.3950376253362, -4.5));
#2272 = CARTESIAN_POINT ('', (129.875150156246, 97.5098291762501, -4.5));
#2273 = CARTESIAN_POINT ('', (129.932740422511, 97.6313956111985, -4.5));
#2274 = CARTESIAN_POINT ('', (129.972617960085, 97.7560201215844, -4.5));
#2275 = CARTESIAN_POINT ('', (129.995360272087, 97.8802105290136, -4.5));
#2276 = CARTESIAN_POINT ('', (130.00000173291, 97.9607200696759, -4.5));
#2277 = CARTESIAN_POINT ('', (130., 98., -4.5));
#2278 = B_SPLINE_SURFACE_WITH_KNOTS ('', 1, 3, ((#2212, #2213, #2214, #2215, #2216, #2217, #2218, #2219, #2220, #2221, #2222, #2223, #2224, #2225, #2226, #2227, #2228, #2229, #2230, #2231, #2232, #2233, #2234, #2235, #2236, #2237, #2238, #2239, #2240, #2241, #2242, #2243, #2244), (#2245, #2246, #2247, #2248, #2249, #2250, #2251, #2252, #2253, #2254, #2255, #2256, #2257, #2258, #2259, #2260, #2261, #2262, #2263, #2264, #2265, #2266, #2267, #2268, #2269, #2270, #2271, #2272, #2273, #2274, #2275, #2276, #2277)), .UNSPECIFIED., .F., .F., .U., (2, 2), (4, 1, 1, 1, 1, 1, 1, 1, 1, 1, 1, 1, 1, 1, 1, 1, 1, 1, 1, 1, 1, 1, 1, 1, 1, 1, 1, 1, 1, 1, 4), (0., 1.), (0.5, 0.510416666666666, 0.520833333333333, 0.531249999999999, 0.541666666666665, 0.5625, 0.583333333333333, 0.604166666666666, 0.624999999999999, 0.645833333333334, 0.666666666666667, 0.687499999999998, 0.708333333333333, 0.718749999999999, 0.729166666666666, 0.739583333333333, 0.75, 0.760416666666667, 0.770833333333334, 0.781250000000001, 0.791666666666667, 0.812499999999999, 0.83333333333333, 0.854166666666669, 0.875000000000001, 0.895833333333333, 0.916666666666666, 0.937499999999999, 0.958333333333333, 0.979166666666667, 1.), .UNSPECIFIED.);
#2279 = ADVANCED_FACE ('', (#2211), #2278, .T.);
#2280 = CARTESIAN_POINT ('', (127.5, 56., -5.));
#2281 = CARTESIAN_POINT ('', (128., 55.9999999999999, -4.5));
#2282 = B_SPLINE_CURVE_WITH_KNOTS ('', 1, (#2280, #2281), .UNSPECIFIED., .F., .U., (2, 2), (0., 1.), .UNSPECIFIED.);
#2283 = EDGE_CURVE ('', #854, #1851, #2282, .T.);
#2284 = ORIENTED_EDGE ('', *, *, #2283, .T.);
#2285 = CARTESIAN_POINT ('', (128., 56., -4.5));
#2286 = CARTESIAN_POINT ('', (128., 55., -4.5));
#2287 = CARTESIAN_POINT ('', (129., 55., -4.5));
#2288 = CARTESIAN_POINT ('', (130., 55., -4.5));
#2289 = CARTESIAN_POINT ('', (130., 56., -4.5));
#2290 = (
   BOUNDED_CURVE ()
   B_SPLINE_CURVE (2, (#2285, #2286, #2287, #2288, #2289), .UNSPECIFIED., .F., .U.)
   B_SPLINE_CURVE_WITH_KNOTS ((3, 2, 3), (0.5, 0.75, 1.), .UNSPECIFIED.)
   CURVE ()
   GEOMETRIC_REPRESENTATION_ITEM ()
   RATIONAL_B_SPLINE_CURVE ((1., 0.707106781186548, 1., 0.707106781186548, 1.))
   REPRESENTATION_ITEM ('')
);
#2291 = EDGE_CURVE ('', #1851, #1858, #2290, .T.);
#2292 = ORIENTED_EDGE ('', *, *, #2291, .T.);
#2293 = CARTESIAN_POINT ('', (130.5, 56., -5.));
#2294 = CARTESIAN_POINT ('', (130., 56., -4.5));
#2295 = B_SPLINE_CURVE_WITH_KNOTS ('', 1, (#2293, #2294), .UNSPECIFIED., .F., .U., (2, 2), (0., 1.), .UNSPECIFIED.);
#2296 = EDGE_CURVE ('', #852, #1858, #2295, .T.);
#2297 = ORIENTED_EDGE ('', *, *, #2296, .F.);
#2298 = ORIENTED_EDGE ('', *, *, #925, .F.);
#2299 = EDGE_LOOP ('', (#2284, #2292, #2297, #2298));
#2300 = FACE_OUTER_BOUND ('', #2299, .T.);
#2301 = CARTESIAN_POINT ('', (127.5, 56., -5.));
#2302 = CARTESIAN_POINT ('', (127.5, 55.9703291045598, -5.));
#2303 = CARTESIAN_POINT ('', (127.501736957262, 55.9109873136793, -5.));
#2304 = CARTESIAN_POINT ('', (127.509919884125, 55.8196458177859, -5.));
#2305 = CARTESIAN_POINT ('', (127.524011238606, 55.7271850316455, -5.));
#2306 = CARTESIAN_POINT ('', (127.5510453814, 55.6028671013484, -5.));
#2307 = CARTESIAN_POINT ('', (127.600888368354, 55.4470957791982, -5.));
#2308 = CARTESIAN_POINT ('', (127.687275033012, 55.2647431313717, -5.));
#2309 = CARTESIAN_POINT ('', (127.799667727675, 55.0925566076171, -5.));
#2310 = CARTESIAN_POINT ('', (127.935953658507, 54.9359536585073, -5.));
#2311 = CARTESIAN_POINT ('', (128.092556607617, 54.7996677276748, -5.));
#2312 = CARTESIAN_POINT ('', (128.264743131372, 54.6872750330116, -5.));
#2313 = CARTESIAN_POINT ('', (128.447095779198, 54.6008883683544, -5.));
#2314 = CARTESIAN_POINT ('', (128.602867101348, 54.5510453813997, -5.));
#2315 = CARTESIAN_POINT ('', (128.727185031645, 54.5240112386061, -5.));
#2316 = CARTESIAN_POINT ('', (128.819645817786, 54.5099198841249, -5.));
#2317 = CARTESIAN_POINT ('', (128.910987313679, 54.5017369572618, -5.));
#2318 = CARTESIAN_POINT ('', (129., 54.4991315213694, -5.));
#2319 = CARTESIAN_POINT ('', (129.08901268632, 54.5017369572604, -5.));
#2320 = CARTESIAN_POINT ('', (129.180354182216, 54.5099198841305, -5.));
#2321 = CARTESIAN_POINT ('', (129.272814968346, 54.5240112385852, -5.));
#2322 = CARTESIAN_POINT ('', (129.397132898698, 54.5510453815108, -5.));
#2323 = CARTESIAN_POINT ('', (129.552904220424, 54.6008883674592, -5.));
#2324 = CARTESIAN_POINT ('', (129.735256870009, 54.6872750362802, -5.));
#2325 = CARTESIAN_POINT ('', (129.907443387238, 54.7996677154956, -5.));
#2326 = CARTESIAN_POINT ('', (130.06404636069, 54.9359537039553, -5.));
#2327 = CARTESIAN_POINT ('', (130.200332200681, 55.0925564380043, -5.));
#2328 = CARTESIAN_POINT ('', (130.312725234369, 55.264743764375, -5.));
#2329 = CARTESIAN_POINT ('', (130.399110633766, 55.4470934167979, -5.));
#2330 = CARTESIAN_POINT ('', (130.458926940128, 55.6340301823766, -5.));
#2331 = CARTESIAN_POINT ('', (130.493040408131, 55.8203157935203, -5.));
#2332 = CARTESIAN_POINT ('', (130.500002599365, 55.9410801045139, -5.));
#2333 = CARTESIAN_POINT ('', (130.5, 56., -5.));
#2334 = CARTESIAN_POINT ('', (128., 55.9999999999999, -4.5));
#2335 = CARTESIAN_POINT ('', (128., 55.9802194030398, -4.5));
#2336 = CARTESIAN_POINT ('', (128.001157971508, 55.9406582091194, -4.5));
#2337 = CARTESIAN_POINT ('', (128.006613256083, 55.8797638785239, -4.5));
#2338 = CARTESIAN_POINT ('', (128.016007492404, 55.8181233544303, -4.5));
#2339 = CARTESIAN_POINT ('', (128.034030254266, 55.7352447342322, -4.5));
#2340 = CARTESIAN_POINT ('', (128.067258912236, 55.6313971861321, -4.5));
#2341 = CARTESIAN_POINT ('', (128.124850022008, 55.5098287542477, -4.5));
#2342 = CARTESIAN_POINT ('', (128.199778485117, 55.3950377384113, -4.5));
#2343 = CARTESIAN_POINT ('', (128.290635772338, 55.2906357723381, -4.5));
#2344 = CARTESIAN_POINT ('', (128.395037738411, 55.1997784851165, -4.5));
#2345 = CARTESIAN_POINT ('', (128.509828754248, 55.1248500220077, -4.5));
#2346 = CARTESIAN_POINT ('', (128.631397186132, 55.0672589122362, -4.5));
#2347 = CARTESIAN_POINT ('', (128.735244734232, 55.0340302542664, -4.5));
#2348 = CARTESIAN_POINT ('', (128.81812335443, 55.016007492404, -4.5));
#2349 = CARTESIAN_POINT ('', (128.879763878524, 55.0066132560832, -4.5));
#2350 = CARTESIAN_POINT ('', (128.940658209119, 55.0011579715078, -4.5));
#2351 = CARTESIAN_POINT ('', (129., 54.9994210142462, -4.5));
#2352 = CARTESIAN_POINT ('', (129.05934179088, 55.0011579715069, -4.5));
#2353 = CARTESIAN_POINT ('', (129.120236121478, 55.0066132560869, -4.5));
#2354 = CARTESIAN_POINT ('', (129.181876645564, 55.0160074923901, -4.5));
#2355 = CARTESIAN_POINT ('', (129.264755265799, 55.0340302543405, -4.5));
#2356 = CARTESIAN_POINT ('', (129.368602813616, 55.0672589116394, -4.5));
#2357 = CARTESIAN_POINT ('', (129.490171246673, 55.1248500241867, -4.5));
#2358 = CARTESIAN_POINT ('', (129.604962258159, 55.1997784769971, -4.5));
#2359 = CARTESIAN_POINT ('', (129.70936424046, 55.2906358026368, -4.5));
#2360 = CARTESIAN_POINT ('', (129.80022146712, 55.3950376253362, -4.5));
#2361 = CARTESIAN_POINT ('', (129.875150156246, 55.50982917625, -4.5));
#2362 = CARTESIAN_POINT ('', (129.932740422511, 55.6313956111986, -4.5));
#2363 = CARTESIAN_POINT ('', (129.972617960085, 55.7560201215844, -4.5));
#2364 = CARTESIAN_POINT ('', (129.995360272087, 55.8802105290135, -4.5));
#2365 = CARTESIAN_POINT ('', (130.00000173291, 55.9607200696759, -4.5));
#2366 = CARTESIAN_POINT ('', (130., 56., -4.5));
#2367 = B_SPLINE_SURFACE_WITH_KNOTS ('', 1, 3, ((#2301, #2302, #2303, #2304, #2305, #2306, #2307, #2308, #2309, #2310, #2311, #2312, #2313, #2314, #2315, #2316, #2317, #2318, #2319, #2320, #2321, #2322, #2323, #2324, #2325, #2326, #2327, #2328, #2329, #2330, #2331, #2332, #2333), (#2334, #2335, #2336, #2337, #2338, #2339, #2340, #2341, #2342, #2343, #2344, #2345, #2346, #2347, #2348, #2349, #2350, #2351, #2352, #2353, #2354, #2355, #2356, #2357, #2358, #2359, #2360, #2361, #2362, #2363, #2364, #2365, #2366)), .UNSPECIFIED., .F., .F., .U., (2, 2), (4, 1, 1, 1, 1, 1, 1, 1, 1, 1, 1, 1, 1, 1, 1, 1, 1, 1, 1, 1, 1, 1, 1, 1, 1, 1, 1, 1, 1, 1, 4), (0., 1.), (0.5, 0.510416666666657, 0.520833333333323, 0.531249999999991, 0.541666666666658, 0.562499999999993, 0.583333333333327, 0.604166666666661, 0.624999999999994, 0.64583333333333, 0.666666666666664, 0.687499999999996, 0.708333333333332, 0.718749999999998, 0.729166666666666, 0.739583333333333, 0.75, 0.760416666666667, 0.770833333333334, 0.781250000000001, 0.791666666666667, 0.812500000000001, 0.833333333333332, 0.85416666666667, 0.875000000000002, 0.895833333333335, 0.916666666666669, 0.937500000000001, 0.958333333333334, 0.979166666666667, 1.), .UNSPECIFIED.);
#2368 = ADVANCED_FACE ('', (#2300), #2367, .T.);
#2369 = CARTESIAN_POINT ('', (122.5, 5.5000000000001, -4.5));
#2370 = VERTEX_POINT ('', #2369);
#2371 = CARTESIAN_POINT ('', (122.5, 5.00000000000011, -5.));
#2372 = CARTESIAN_POINT ('', (122.5, 5.5000000000001, -4.5));
#2373 = B_SPLINE_CURVE_WITH_KNOTS ('', 1, (#2371, #2372), .UNSPECIFIED., .F., .U., (2, 2), (0., 1.), .UNSPECIFIED.);
#2374 = EDGE_CURVE ('', #736, #2370, #2373, .T.);
#2375 = ORIENTED_EDGE ('', *, *, #2374, .T.);
#2376 = CARTESIAN_POINT ('', (122.5, 16.5000000000001, -4.5));
#2377 = VERTEX_POINT ('', #2376);
#2378 = CARTESIAN_POINT ('', (122.5, 5.5000000000001, -4.5));
#2379 = CARTESIAN_POINT ('', (128., 5.50000000000011, -4.5));
#2380 = CARTESIAN_POINT ('', (128., 11.0000000000001, -4.5));
#2381 = CARTESIAN_POINT ('', (128., 16.5000000000001, -4.5));
#2382 = CARTESIAN_POINT ('', (122.5, 16.5000000000001, -4.5));
#2383 = (
   BOUNDED_CURVE ()
   B_SPLINE_CURVE (2, (#2378, #2379, #2380, #2381, #2382), .UNSPECIFIED., .F., .U.)
   B_SPLINE_CURVE_WITH_KNOTS ((3, 2, 3), (0.5, 0.75, 1.), .UNSPECIFIED.)
   CURVE ()
   GEOMETRIC_REPRESENTATION_ITEM ()
   RATIONAL_B_SPLINE_CURVE ((1., 0.707106781186548, 1., 0.707106781186548, 1.))
   REPRESENTATION_ITEM ('')
);
#2384 = EDGE_CURVE ('', #2370, #2377, #2383, .T.);
#2385 = ORIENTED_EDGE ('', *, *, #2384, .T.);
#2386 = CARTESIAN_POINT ('', (122.5, 17.0000000000001, -5.));
#2387 = CARTESIAN_POINT ('', (122.5, 16.5000000000001, -4.5));
#2388 = B_SPLINE_CURVE_WITH_KNOTS ('', 1, (#2386, #2387), .UNSPECIFIED., .F., .U., (2, 2), (0., 1.), .UNSPECIFIED.);
#2389 = EDGE_CURVE ('', #734, #2377, #2388, .T.);
#2390 = ORIENTED_EDGE ('', *, *, #2389, .F.);
#2391 = ORIENTED_EDGE ('', *, *, #847, .F.);
#2392 = EDGE_LOOP ('', (#2375, #2385, #2390, #2391));
#2393 = FACE_OUTER_BOUND ('', #2392, .T.);
#2394 = CARTESIAN_POINT ('', (122.5, 5.00000000000011, -5.));
#2395 = CARTESIAN_POINT ('', (122.559134035678, 5.00000000000011, -5.));
#2396 = CARTESIAN_POINT ('', (122.677402107035, 5.00173638427171, -5.));
#2397 = CARTESIAN_POINT ('', (122.917304862008, 5.0124033735862, -5.));
#2398 = CARTESIAN_POINT ('', (123.22129498172, 5.03968006178333, -5.));
#2399 = CARTESIAN_POINT ('', (123.59129076918, 5.09604264639064, -5.));
#2400 = CARTESIAN_POINT ('', (123.964211828399, 5.17715608965812, -5.));
#2401 = CARTESIAN_POINT ('', (124.337742157926, 5.28389778534951, -5.));
#2402 = CARTESIAN_POINT ('', (124.709336122128, 5.41685688374832, -5.));
#2403 = CARTESIAN_POINT ('', (125.076322897788, 5.57629584141038, -5.));
#2404 = CARTESIAN_POINT ('', (125.435942227466, 5.76211917242235, -5.));
#2405 = CARTESIAN_POINT ('', (125.785408543141, 5.9738523812031, -5.));
#2406 = CARTESIAN_POINT ('', (126.121974721837, 6.2106328988945, -5.));
#2407 = CARTESIAN_POINT ('', (126.442999688121, 6.47121443209185, -5.));
#2408 = CARTESIAN_POINT ('', (126.746014716672, 6.75398528332862, -5.));
#2409 = CARTESIAN_POINT ('', (127.028785567908, 7.05700031187865, -5.));
#2410 = CARTESIAN_POINT ('', (127.289367101106, 7.37802527816303, -5.));
#2411 = CARTESIAN_POINT ('', (127.526147618797, 7.71459145685956, -5.));
#2412 = CARTESIAN_POINT ('', (127.737880827578, 8.06405777253432, -5.));
#2413 = CARTESIAN_POINT ('', (127.92370415859, 8.42367710221258, -5.));
#2414 = CARTESIAN_POINT ('', (128.083143116252, 8.79066387787175, -5.));
#2415 = CARTESIAN_POINT ('', (128.216102214651, 9.16225784207368, -5.));
#2416 = CARTESIAN_POINT ('', (128.322843910342, 9.53578817160131, -5.));
#2417 = CARTESIAN_POINT ('', (128.40395735361, 9.90870923082057, -5.));
#2418 = CARTESIAN_POINT ('', (128.460319938217, 10.2787050182799, -5.));
#2419 = CARTESIAN_POINT ('', (128.487596626414, 10.5826951379923, -5.));
#2420 = CARTESIAN_POINT ('', (128.498263615728, 10.8225978929647, -5.));
#2421 = CARTESIAN_POINT ('', (128.500868192136, 11.0000000000001, -5.));
#2422 = CARTESIAN_POINT ('', (128.498263615728, 11.1774021070355, -5.));
#2423 = CARTESIAN_POINT ('', (128.487596626414, 11.4173048620079, -5.));
#2424 = CARTESIAN_POINT ('', (128.460319938217, 11.7212949817203, -5.));
#2425 = CARTESIAN_POINT ('', (128.403957353609, 12.0912907691797, -5.));
#2426 = CARTESIAN_POINT ('', (128.322843910342, 12.4642118283989, -5.));
#2427 = CARTESIAN_POINT ('', (128.216102214651, 12.8377421579265, -5.));
#2428 = CARTESIAN_POINT ('', (128.083143116252, 13.2093361221285, -5.));
#2429 = CARTESIAN_POINT ('', (127.92370415859, 13.5763228977876, -5.));
#2430 = CARTESIAN_POINT ('', (127.737880827578, 13.9359422274659, -5.));
#2431 = CARTESIAN_POINT ('', (127.526147618796, 14.2854085431406, -5.));
#2432 = CARTESIAN_POINT ('', (127.289367101108, 14.6219747218373, -5.));
#2433 = CARTESIAN_POINT ('', (127.0287855679, 14.9429996881211, -5.));
#2434 = CARTESIAN_POINT ('', (126.746014716704, 15.2460147166735, -5.));
#2435 = CARTESIAN_POINT ('', (126.442999688001, 15.5287855679012, -5.));
#2436 = CARTESIAN_POINT ('', (126.121974722285, 15.7893671011325, -5.));
#2437 = CARTESIAN_POINT ('', (125.785408541468, 16.0261476186973, -5.));
#2438 = CARTESIAN_POINT ('', (125.435942233708, 16.2378808279506, -5.));
#2439 = CARTESIAN_POINT ('', (125.076322874492, 16.4237041571991, -5.));
#2440 = CARTESIAN_POINT ('', (124.709336209069, 16.5831431214423, -5.));
#2441 = CARTESIAN_POINT ('', (124.337741833458, 16.7161021952799, -5.));
#2442 = CARTESIAN_POINT ('', (123.96421303933, 16.8228439826348, -5.));
#2443 = CARTESIAN_POINT ('', (123.591286249923, 16.9039570838097, -5.));
#2444 = CARTESIAN_POINT ('', (123.097987047114, 16.979108898895, -5.));
#2445 = CARTESIAN_POINT ('', (122.73567231585, 17.0000178598918, -5.));
#2446 = CARTESIAN_POINT ('', (122.5, 17.0000000000001, -5.));
#2447 = CARTESIAN_POINT ('', (122.5, 5.5000000000001, -4.5));
#2448 = CARTESIAN_POINT ('', (122.554206199372, 5.5000000000001, -4.5));
#2449 = CARTESIAN_POINT ('', (122.662618598116, 5.5015916855824, -4.5));
#2450 = CARTESIAN_POINT ('', (122.882529456841, 5.51136975912068, -4.5));
#2451 = CARTESIAN_POINT ('', (123.161187066577, 5.53637338996805, -4.5));
#2452 = CARTESIAN_POINT ('', (123.500349871748, 5.58803909252475, -4.5));
#2453 = CARTESIAN_POINT ('', (123.842194176032, 5.66239308218661, -4.5));
#2454 = CARTESIAN_POINT ('', (124.184596978099, 5.76023963657039, -4.5));
#2455 = CARTESIAN_POINT ('', (124.525224778618, 5.88211881010263, -4.5));
#2456 = CARTESIAN_POINT ('', (124.861629322972, 6.02827118795951, -4.5));
#2457 = CARTESIAN_POINT ('', (125.191280375177, 6.19860924138716, -4.5));
#2458 = CARTESIAN_POINT ('', (125.511624497879, 6.39269801610284, -4.5));
#2459 = CARTESIAN_POINT ('', (125.820143495017, 6.60974682398663, -4.5));
#2460 = CARTESIAN_POINT ('', (126.114416380778, 6.84861322941753, -4.5));
#2461 = CARTESIAN_POINT ('', (126.392180156949, 7.10781984305124, -4.5));
#2462 = CARTESIAN_POINT ('', (126.651386770583, 7.3855836192221, -4.5));
#2463 = CARTESIAN_POINT ('', (126.890253176013, 7.67985650498278, -4.5));
#2464 = CARTESIAN_POINT ('', (127.107301983897, 7.98837550212126, -4.5));
#2465 = CARTESIAN_POINT ('', (127.301390758613, 8.30871962482313, -4.5));
#2466 = CARTESIAN_POINT ('', (127.471728812041, 8.63837067702821, -4.5));
#2467 = CARTESIAN_POINT ('', (127.617881189897, 8.97477522138244, -4.5));
#2468 = CARTESIAN_POINT ('', (127.73976036343, 9.31540302190088, -4.5));
#2469 = CARTESIAN_POINT ('', (127.837606917814, 9.65780582396787, -4.5));
#2470 = CARTESIAN_POINT ('', (127.911960907475, 9.9996501282522, -4.5));
#2471 = CARTESIAN_POINT ('', (127.963626610032, 10.3388129334232, -4.5));
#2472 = CARTESIAN_POINT ('', (127.988630240879, 10.6174705431596, -4.5));
#2473 = CARTESIAN_POINT ('', (127.998408314418, 10.8373814018843, -4.5));
#2474 = CARTESIAN_POINT ('', (128.000795842791, 11.0000000000001, -4.5));
#2475 = CARTESIAN_POINT ('', (127.998408314418, 11.1626185981159, -4.5));
#2476 = CARTESIAN_POINT ('', (127.988630240879, 11.3825294568406, -4.5));
#2477 = CARTESIAN_POINT ('', (127.963626610032, 11.661187066577, -4.5));
#2478 = CARTESIAN_POINT ('', (127.911960907475, 12.000349871748, -4.5));
#2479 = CARTESIAN_POINT ('', (127.837606917813, 12.3421941760324, -4.5));
#2480 = CARTESIAN_POINT ('', (127.73976036343, 12.6845969780993, -4.5));
#2481 = CARTESIAN_POINT ('', (127.617881189897, 13.0252247786178, -4.5));
#2482 = CARTESIAN_POINT ('', (127.471728812041, 13.361629322972, -4.5));
#2483 = CARTESIAN_POINT ('', (127.301390758613, 13.6912803751771, -4.5));
#2484 = CARTESIAN_POINT ('', (127.107301983897, 14.0116244978789, -4.5));
#2485 = CARTESIAN_POINT ('', (126.890253176016, 14.3201434950176, -4.5));
#2486 = CARTESIAN_POINT ('', (126.651386770575, 14.6144163807776, -4.5));
#2487 = CARTESIAN_POINT ('', (126.392180156978, 14.8921801569507, -4.5));
#2488 = CARTESIAN_POINT ('', (126.114416380668, 15.1513867705761, -4.5));
#2489 = CARTESIAN_POINT ('', (125.820143495428, 15.3902531760381, -4.5));
#2490 = CARTESIAN_POINT ('', (125.511624496346, 15.6073019838058, -4.5));
#2491 = CARTESIAN_POINT ('', (125.191280380899, 15.8013907589547, -4.5));
#2492 = CARTESIAN_POINT ('', (124.861629301617, 15.9717288107658, -4.5));
#2493 = CARTESIAN_POINT ('', (124.525224858314, 16.1178811946554, -4.5));
#2494 = CARTESIAN_POINT ('', (124.18459668067, 16.2397603456733, -4.5));
#2495 = CARTESIAN_POINT ('', (123.842195286053, 16.3376069840819, -4.5));
#2496 = CARTESIAN_POINT ('', (123.500345729096, 16.4119606601589, -4.5));
#2497 = CARTESIAN_POINT ('', (123.048154793188, 16.4808498239871, -4.5));
#2498 = CARTESIAN_POINT ('', (122.716032956196, 16.5000163715675, -4.5));
#2499 = CARTESIAN_POINT ('', (122.5, 16.5000000000001, -4.5));
#2500 = B_SPLINE_SURFACE_WITH_KNOTS ('', 1, 3, ((#2394, #2395, #2396, #2397, #2398, #2399, #2400, #2401, #2402, #2403, #2404, #2405, #2406, #2407, #2408, #2409, #2410, #2411, #2412, #2413, #2414, #2415, #2416, #2417, #2418, #2419, #2420, #2421, #2422, #2423, #2424, #2425, #2426, #2427, #2428, #2429, #2430, #2431, #2432, #2433, #2434, #2435, #2436, #2437, #2438, #2439, #2440, #2441, #2442, #2443, #2444, #2445, #2446), (#2447, #2448, #2449, #2450, #2451, #2452, #2453, #2454, #2455, #2456, #2457, #2458, #2459, #2460, #2461, #2462, #2463, #2464, #2465, #2466, #2467, #2468, #2469, #2470, #2471, #2472, #2473, #2474, #2475, #2476, #2477, #2478, #2479, #2480, #2481, #2482, #2483, #2484, #2485, #2486, #2487, #2488, #2489, #2490, #2491, #2492, #2493, #2494, #2495, #2496, #2497, #2498, #2499)), .UNSPECIFIED., .F., .F., .U., (2, 2), (4, 1, 1, 1, 1, 1, 1, 1, 1, 1, 1, 1, 1, 1, 1, 1, 1, 1, 1, 1, 1, 1, 1, 1, 1, 1, 1, 1, 1, 1, 1, 1, 1, 1, 1, 1, 1, 1, 1, 1, 1, 1, 1, 1, 1, 1, 1, 1, 1, 1, 4), (0., 1.), (0.5, 0.505208333333333, 0.510416666666666, 0.520833333333332, 0.531249999999999, 0.541666666666666, 0.552083333333332, 0.562499999999999, 0.572916666666666, 0.583333333333332, 0.59375, 0.604166666666667, 0.614583333333333, 0.625, 0.635416666666667, 0.645833333333333, 0.65625, 0.666666666666666, 0.677083333333333, 0.6875, 0.697916666666667, 0.708333333333333, 0.71875, 0.729166666666666, 0.739583333333333, 0.744791666666667, 0.75, 0.755208333333333, 0.760416666666667, 0.770833333333333, 0.78125, 0.791666666666667, 0.802083333333334, 0.8125, 0.822916666666667, 0.833333333333334, 0.84375, 0.854166666666667, 0.864583333333333, 0.875, 0.885416666666667, 0.895833333333333, 0.90625, 0.916666666666666, 0.927083333333334, 0.9375, 0.947916666666667, 0.958333333333333, 0.96875, 0.979166666666667, 1.), .UNSPECIFIED.);
#2501 = ADVANCED_FACE ('', (#2393), #2500, .T.);
#2502 = CARTESIAN_POINT ('', (122.5, 16.5000000000001, -4.5));
#2503 = CARTESIAN_POINT ('', (117., 16.5000000000001, -4.5));
#2504 = CARTESIAN_POINT ('', (117., 11.0000000000001, -4.5));
#2505 = CARTESIAN_POINT ('', (117., 5.50000000000009, -4.5));
#2506 = CARTESIAN_POINT ('', (122.5, 5.5000000000001, -4.5));
#2507 = (
   BOUNDED_CURVE ()
   B_SPLINE_CURVE (2, (#2502, #2503, #2504, #2505, #2506), .UNSPECIFIED., .F., .U.)
   B_SPLINE_CURVE_WITH_KNOTS ((3, 2, 3), (0., 0.25, 0.5), .UNSPECIFIED.)
   CURVE ()
   GEOMETRIC_REPRESENTATION_ITEM ()
   RATIONAL_B_SPLINE_CURVE ((1., 0.707106781186548, 1., 0.707106781186548, 1.))
   REPRESENTATION_ITEM ('')
);
#2508 = EDGE_CURVE ('', #2377, #2370, #2507, .T.);
#2509 = ORIENTED_EDGE ('', *, *, #2508, .F.);
#2510 = ORIENTED_EDGE ('', *, *, #2384, .F.);
#2511 = EDGE_LOOP ('', (#2509, #2510));
#2512 = FACE_OUTER_BOUND ('', #2511, .T.);
#2513 = CARTESIAN_POINT ('', (128., 5.5000000000001, -4.5));
#2514 = CARTESIAN_POINT ('', (128., 16.5000000000001, -4.5));
#2515 = CARTESIAN_POINT ('', (117., 5.5000000000001, -4.5));
#2516 = CARTESIAN_POINT ('', (117., 16.5000000000001, -4.5));
#2517 = B_SPLINE_SURFACE_WITH_KNOTS ('', 1, 1, ((#2513, #2514), (#2515, #2516)), .UNSPECIFIED., .F., .F., .U., (2, 2), (2, 2), (0.310610165995492, 0.647327680846228), (0.337681841079454, 0.67439935593019), .UNSPECIFIED.);
#2518 = ADVANCED_FACE ('', (#2512), #2517, .T.);
#2519 = CARTESIAN_POINT ('', (17.5, 5.50000000000011, -4.5));
#2520 = VERTEX_POINT ('', #2519);
#2521 = CARTESIAN_POINT ('', (17.5, 5.00000000000011, -5.));
#2522 = CARTESIAN_POINT ('', (17.5, 5.50000000000011, -4.5));
#2523 = B_SPLINE_CURVE_WITH_KNOTS ('', 1, (#2521, #2522), .UNSPECIFIED., .F., .U., (2, 2), (0., 1.), .UNSPECIFIED.);
#2524 = EDGE_CURVE ('', #618, #2520, #2523, .T.);
#2525 = ORIENTED_EDGE ('', *, *, #2524, .T.);
#2526 = CARTESIAN_POINT ('', (17.5, 16.5000000000001, -4.5));
#2527 = VERTEX_POINT ('', #2526);
#2528 = CARTESIAN_POINT ('', (17.5, 5.50000000000011, -4.5));
#2529 = CARTESIAN_POINT ('', (23., 5.50000000000011, -4.5));
#2530 = CARTESIAN_POINT ('', (23., 11.0000000000001, -4.5));
#2531 = CARTESIAN_POINT ('', (23., 16.5000000000001, -4.5));
#2532 = CARTESIAN_POINT ('', (17.5, 16.5000000000001, -4.5));
#2533 = (
   BOUNDED_CURVE ()
   B_SPLINE_CURVE (2, (#2528, #2529, #2530, #2531, #2532), .UNSPECIFIED., .F., .U.)
   B_SPLINE_CURVE_WITH_KNOTS ((3, 2, 3), (0.5, 0.75, 1.), .UNSPECIFIED.)
   CURVE ()
   GEOMETRIC_REPRESENTATION_ITEM ()
   RATIONAL_B_SPLINE_CURVE ((1., 0.707106781186548, 1., 0.707106781186548, 1.))
   REPRESENTATION_ITEM ('')
);
#2534 = EDGE_CURVE ('', #2520, #2527, #2533, .T.);
#2535 = ORIENTED_EDGE ('', *, *, #2534, .T.);
#2536 = CARTESIAN_POINT ('', (17.5, 17.0000000000001, -5.));
#2537 = CARTESIAN_POINT ('', (17.5, 16.5000000000001, -4.5));
#2538 = B_SPLINE_CURVE_WITH_KNOTS ('', 1, (#2536, #2537), .UNSPECIFIED., .F., .U., (2, 2), (0., 1.), .UNSPECIFIED.);
#2539 = EDGE_CURVE ('', #616, #2527, #2538, .T.);
#2540 = ORIENTED_EDGE ('', *, *, #2539, .F.);
#2541 = ORIENTED_EDGE ('', *, *, #729, .F.);
#2542 = EDGE_LOOP ('', (#2525, #2535, #2540, #2541));
#2543 = FACE_OUTER_BOUND ('', #2542, .T.);
#2544 = CARTESIAN_POINT ('', (17.5, 5.00000000000011, -5.));
#2545 = CARTESIAN_POINT ('', (17.5591340356785, 5.00000000000011, -5.));
#2546 = CARTESIAN_POINT ('', (17.6774021070354, 5.00173638427171, -5.));
#2547 = CARTESIAN_POINT ('', (17.9173048620078, 5.0124033735862, -5.));
#2548 = CARTESIAN_POINT ('', (18.2212949817202, 5.03968006178333, -5.));
#2549 = CARTESIAN_POINT ('', (18.5912907691795, 5.09604264639064, -5.));
#2550 = CARTESIAN_POINT ('', (18.9642118283988, 5.17715608965812, -5.));
#2551 = CARTESIAN_POINT ('', (19.3377421579264, 5.28389778534951, -5.));
#2552 = CARTESIAN_POINT ('', (19.7093361221284, 5.41685688374832, -5.));
#2553 = CARTESIAN_POINT ('', (20.0763228977875, 5.57629584141038, -5.));
#2554 = CARTESIAN_POINT ('', (20.4359422274658, 5.76211917242235, -5.));
#2555 = CARTESIAN_POINT ('', (20.7854085431406, 5.97385238120309, -5.));
#2556 = CARTESIAN_POINT ('', (21.1219747218371, 6.21063289889451, -5.));
#2557 = CARTESIAN_POINT ('', (21.4429996881215, 6.47121443209183, -5.));
#2558 = CARTESIAN_POINT ('', (21.7460147166715, 6.75398528332862, -5.));
#2559 = CARTESIAN_POINT ('', (22.0287855679083, 7.05700031187865, -5.));
#2560 = CARTESIAN_POINT ('', (22.2893671011056, 7.37802527816303, -5.));
#2561 = CARTESIAN_POINT ('', (22.526147618797, 7.71459145685955, -5.));
#2562 = CARTESIAN_POINT ('', (22.7378808275778, 8.06405777253432, -5.));
#2563 = CARTESIAN_POINT ('', (22.9237041585897, 8.42367710221257, -5.));
#2564 = CARTESIAN_POINT ('', (23.0831431162518, 8.79066387787175, -5.));
#2565 = CARTESIAN_POINT ('', (23.2161022146506, 9.16225784207367, -5.));
#2566 = CARTESIAN_POINT ('', (23.322843910342, 9.53578817160131, -5.));
#2567 = CARTESIAN_POINT ('', (23.4039573536095, 9.90870923082057, -5.));
#2568 = CARTESIAN_POINT ('', (23.4603199382168, 10.2787050182799, -5.));
#2569 = CARTESIAN_POINT ('', (23.4875966264139, 10.5826951379923, -5.));
#2570 = CARTESIAN_POINT ('', (23.4982636157284, 10.8225978929647, -5.));
#2571 = CARTESIAN_POINT ('', (23.5008681921358, 11.0000000000001, -5.));
#2572 = CARTESIAN_POINT ('', (23.4982636157284, 11.1774021070355, -5.));
#2573 = CARTESIAN_POINT ('', (23.4875966264139, 11.4173048620079, -5.));
#2574 = CARTESIAN_POINT ('', (23.4603199382168, 11.7212949817203, -5.));
#2575 = CARTESIAN_POINT ('', (23.4039573536095, 12.0912907691797, -5.));
#2576 = CARTESIAN_POINT ('', (23.322843910342, 12.4642118283989, -5.));
#2577 = CARTESIAN_POINT ('', (23.2161022146506, 12.8377421579266, -5.));
#2578 = CARTESIAN_POINT ('', (23.0831431162518, 13.2093361221285, -5.));
#2579 = CARTESIAN_POINT ('', (22.9237041585897, 13.5763228977877, -5.));
#2580 = CARTESIAN_POINT ('', (22.7378808275779, 13.9359422274659, -5.));
#2581 = CARTESIAN_POINT ('', (22.5261476187964, 14.2854085431406, -5.));
#2582 = CARTESIAN_POINT ('', (22.2893671011079, 14.6219747218373, -5.));
#2583 = CARTESIAN_POINT ('', (22.0287855678997, 14.9429996881211, -5.));
#2584 = CARTESIAN_POINT ('', (21.7460147167037, 15.2460147166735, -5.));
#2585 = CARTESIAN_POINT ('', (21.4429996880014, 15.5287855679012, -5.));
#2586 = CARTESIAN_POINT ('', (21.1219747222852, 15.7893671011325, -5.));
#2587 = CARTESIAN_POINT ('', (20.785408541468, 16.0261476186973, -5.));
#2588 = CARTESIAN_POINT ('', (20.4359422337079, 16.2378808279505, -5.));
#2589 = CARTESIAN_POINT ('', (20.0763228744918, 16.4237041571991, -5.));
#2590 = CARTESIAN_POINT ('', (19.7093362090693, 16.5831431214423, -5.));
#2591 = CARTESIAN_POINT ('', (19.3377418334584, 16.71610219528, -5.));
#2592 = CARTESIAN_POINT ('', (18.96421303933, 16.8228439826348, -5.));
#2593 = CARTESIAN_POINT ('', (18.5912862499227, 16.9039570838097, -5.));
#2594 = CARTESIAN_POINT ('', (18.0979870471141, 16.979108898895, -5.));
#2595 = CARTESIAN_POINT ('', (17.73567231585, 17.0000178598918, -5.));
#2596 = CARTESIAN_POINT ('', (17.5, 17.0000000000001, -5.));
#2597 = CARTESIAN_POINT ('', (17.5, 5.50000000000011, -4.5));
#2598 = CARTESIAN_POINT ('', (17.5542061993719, 5.50000000000011, -4.5));
#2599 = CARTESIAN_POINT ('', (17.6626185981158, 5.50159168558241, -4.5));
#2600 = CARTESIAN_POINT ('', (17.8825294568405, 5.51136975912069, -4.5));
#2601 = CARTESIAN_POINT ('', (18.1611870665769, 5.53637338996806, -4.5));
#2602 = CARTESIAN_POINT ('', (18.5003498717479, 5.58803909252476, -4.5));
#2603 = CARTESIAN_POINT ('', (18.8421941760322, 5.66239308218662, -4.5));
#2604 = CARTESIAN_POINT ('', (19.1845969780992, 5.7602396365704, -4.5));
#2605 = CARTESIAN_POINT ('', (19.5252247786176, 5.88211881010263, -4.5));
#2606 = CARTESIAN_POINT ('', (19.8616293229719, 6.02827118795952, -4.5));
#2607 = CARTESIAN_POINT ('', (20.191280375177, 6.19860924138716, -4.5));
#2608 = CARTESIAN_POINT ('', (20.5116244978788, 6.39269801610284, -4.5));
#2609 = CARTESIAN_POINT ('', (20.8201434950173, 6.60974682398664, -4.5));
#2610 = CARTESIAN_POINT ('', (21.114416380778, 6.84861322941752, -4.5));
#2611 = CARTESIAN_POINT ('', (21.3921801569489, 7.10781984305124, -4.5));
#2612 = CARTESIAN_POINT ('', (21.6513867705826, 7.3855836192221, -4.5));
#2613 = CARTESIAN_POINT ('', (21.8902531760135, 7.67985650498278, -4.5));
#2614 = CARTESIAN_POINT ('', (22.1073019838973, 7.98837550212126, -4.5));
#2615 = CARTESIAN_POINT ('', (22.3013907586129, 8.30871962482313, -4.5));
#2616 = CARTESIAN_POINT ('', (22.4717288120406, 8.6383706770282, -4.5));
#2617 = CARTESIAN_POINT ('', (22.6178811898975, 8.97477522138244, -4.5));
#2618 = CARTESIAN_POINT ('', (22.7397603634297, 9.31540302190086, -4.5));
#2619 = CARTESIAN_POINT ('', (22.8376069178135, 9.65780582396787, -4.5));
#2620 = CARTESIAN_POINT ('', (22.9119609074753, 9.99965012825219, -4.5));
#2621 = CARTESIAN_POINT ('', (22.9636266100321, 10.3388129334232, -4.5));
#2622 = CARTESIAN_POINT ('', (22.9886302408794, 10.6174705431596, -4.5));
#2623 = CARTESIAN_POINT ('', (22.9984083144177, 10.8373814018843, -4.5));
#2624 = CARTESIAN_POINT ('', (23.0007958427911, 11.0000000000001, -4.5));
#2625 = CARTESIAN_POINT ('', (22.9984083144177, 11.1626185981159, -4.5));
#2626 = CARTESIAN_POINT ('', (22.9886302408794, 11.3825294568406, -4.5));
#2627 = CARTESIAN_POINT ('', (22.9636266100321, 11.661187066577, -4.5));
#2628 = CARTESIAN_POINT ('', (22.9119609074753, 12.000349871748, -4.5));
#2629 = CARTESIAN_POINT ('', (22.8376069178135, 12.3421941760323, -4.5));
#2630 = CARTESIAN_POINT ('', (22.7397603634297, 12.6845969780993, -4.5));
#2631 = CARTESIAN_POINT ('', (22.6178811898975, 13.0252247786178, -4.5));
#2632 = CARTESIAN_POINT ('', (22.4717288120405, 13.361629322972, -4.5));
#2633 = CARTESIAN_POINT ('', (22.3013907586131, 13.6912803751771, -4.5));
#2634 = CARTESIAN_POINT ('', (22.1073019838967, 14.0116244978789, -4.5));
#2635 = CARTESIAN_POINT ('', (21.8902531760156, 14.3201434950176, -4.5));
#2636 = CARTESIAN_POINT ('', (21.6513867705747, 14.6144163807776, -4.5));
#2637 = CARTESIAN_POINT ('', (21.3921801569784, 14.8921801569507, -4.5));
#2638 = CARTESIAN_POINT ('', (21.1144163806679, 15.1513867705761, -4.5));
#2639 = CARTESIAN_POINT ('', (20.8201434954281, 15.3902531760381, -4.5));
#2640 = CARTESIAN_POINT ('', (20.5116244963457, 15.6073019838058, -4.5));
#2641 = CARTESIAN_POINT ('', (20.1912803808989, 15.8013907589547, -4.5));
#2642 = CARTESIAN_POINT ('', (19.8616293016175, 15.9717288107658, -4.5));
#2643 = CARTESIAN_POINT ('', (19.5252248583135, 16.1178811946554, -4.5));
#2644 = CARTESIAN_POINT ('', (19.1845966806702, 16.2397603456733, -4.5));
#2645 = CARTESIAN_POINT ('', (18.8421952860525, 16.3376069840819, -4.5));
#2646 = CARTESIAN_POINT ('', (18.5003457290958, 16.4119606601589, -4.5));
#2647 = CARTESIAN_POINT ('', (18.0481547931879, 16.4808498239871, -4.5));
#2648 = CARTESIAN_POINT ('', (17.7160329561959, 16.5000163715675, -4.5));
#2649 = CARTESIAN_POINT ('', (17.5, 16.5000000000001, -4.5));
#2650 = B_SPLINE_SURFACE_WITH_KNOTS ('', 1, 3, ((#2544, #2545, #2546, #2547, #2548, #2549, #2550, #2551, #2552, #2553, #2554, #2555, #2556, #2557, #2558, #2559, #2560, #2561, #2562, #2563, #2564, #2565, #2566, #2567, #2568, #2569, #2570, #2571, #2572, #2573, #2574, #2575, #2576, #2577, #2578, #2579, #2580, #2581, #2582, #2583, #2584, #2585, #2586, #2587, #2588, #2589, #2590, #2591, #2592, #2593, #2594, #2595, #2596), (#2597, #2598, #2599, #2600, #2601, #2602, #2603, #2604, #2605, #2606, #2607, #2608, #2609, #2610, #2611, #2612, #2613, #2614, #2615, #2616, #2617, #2618, #2619, #2620, #2621, #2622, #2623, #2624, #2625, #2626, #2627, #2628, #2629, #2630, #2631, #2632, #2633, #2634, #2635, #2636, #2637, #2638, #2639, #2640, #2641, #2642, #2643, #2644, #2645, #2646, #2647, #2648, #2649)), .UNSPECIFIED., .F., .F., .U., (2, 2), (4, 1, 1, 1, 1, 1, 1, 1, 1, 1, 1, 1, 1, 1, 1, 1, 1, 1, 1, 1, 1, 1, 1, 1, 1, 1, 1, 1, 1, 1, 1, 1, 1, 1, 1, 1, 1, 1, 1, 1, 1, 1, 1, 1, 1, 1, 1, 1, 1, 1, 4), (0., 1.), (0.5, 0.505208333333334, 0.510416666666667, 0.520833333333334, 0.53125, 0.541666666666667, 0.552083333333333, 0.5625, 0.572916666666667, 0.583333333333333, 0.59375, 0.604166666666667, 0.614583333333334, 0.625, 0.635416666666667, 0.645833333333333, 0.65625, 0.666666666666667, 0.677083333333333, 0.6875, 0.697916666666667, 0.708333333333333, 0.71875, 0.729166666666667, 0.739583333333333, 0.744791666666667, 0.75, 0.755208333333333, 0.760416666666667, 0.770833333333333, 0.78125, 0.791666666666667, 0.802083333333333, 0.8125, 0.822916666666667, 0.833333333333333, 0.84375, 0.854166666666667, 0.864583333333333, 0.875, 0.885416666666667, 0.895833333333333, 0.90625, 0.916666666666666, 0.927083333333333, 0.9375, 0.947916666666667, 0.958333333333333, 0.96875, 0.979166666666667, 1.), .UNSPECIFIED.);
#2651 = ADVANCED_FACE ('', (#2543), #2650, .T.);
#2652 = CARTESIAN_POINT ('', (17.5, 16.5000000000001, -4.5));
#2653 = CARTESIAN_POINT ('', (12., 16.5000000000001, -4.5));
#2654 = CARTESIAN_POINT ('', (12., 11.0000000000001, -4.5));
#2655 = CARTESIAN_POINT ('', (12., 5.50000000000012, -4.5));
#2656 = CARTESIAN_POINT ('', (17.5, 5.50000000000011, -4.5));
#2657 = (
   BOUNDED_CURVE ()
   B_SPLINE_CURVE (2, (#2652, #2653, #2654, #2655, #2656), .UNSPECIFIED., .F., .U.)
   B_SPLINE_CURVE_WITH_KNOTS ((3, 2, 3), (0., 0.25, 0.5), .UNSPECIFIED.)
   CURVE ()
   GEOMETRIC_REPRESENTATION_ITEM ()
   RATIONAL_B_SPLINE_CURVE ((1., 0.707106781186548, 1., 0.707106781186548, 1.))
   REPRESENTATION_ITEM ('')
);
#2658 = EDGE_CURVE ('', #2527, #2520, #2657, .T.);
#2659 = ORIENTED_EDGE ('', *, *, #2658, .F.);
#2660 = ORIENTED_EDGE ('', *, *, #2534, .F.);
#2661 = EDGE_LOOP ('', (#2659, #2660));
#2662 = FACE_OUTER_BOUND ('', #2661, .T.);
#2663 = CARTESIAN_POINT ('', (23., 5.50000000000011, -4.5));
#2664 = CARTESIAN_POINT ('', (23., 16.5000000000001, -4.5));
#2665 = CARTESIAN_POINT ('', (12., 5.50000000000011, -4.5));
#2666 = CARTESIAN_POINT ('', (12., 16.5000000000001, -4.5));
#2667 = B_SPLINE_SURFACE_WITH_KNOTS ('', 1, 1, ((#2663, #2664), (#2665, #2666)), .UNSPECIFIED., .F., .F., .U., (2, 2), (2, 2), (0.310610165995491, 0.647327680846227), (0.337681841079454, 0.67439935593019), .UNSPECIFIED.);
#2668 = ADVANCED_FACE ('', (#2662), #2667, .T.);
#2669 = CARTESIAN_POINT ('', (107.5, 82.0000000000001, -4.5));
#2670 = VERTEX_POINT ('', #2669);
#2671 = CARTESIAN_POINT ('', (107.5, 81.5000000000001, -5.));
#2672 = CARTESIAN_POINT ('', (107.5, 82.0000000000001, -4.5));
#2673 = B_SPLINE_CURVE_WITH_KNOTS ('', 1, (#2671, #2672), .UNSPECIFIED., .F., .U., (2, 2), (0., 1.), .UNSPECIFIED.);
#2674 = EDGE_CURVE ('', #500, #2670, #2673, .T.);
#2675 = ORIENTED_EDGE ('', *, *, #2674, .T.);
#2676 = CARTESIAN_POINT ('', (107.5, 93.0000000000001, -4.5));
#2677 = VERTEX_POINT ('', #2676);
#2678 = CARTESIAN_POINT ('', (107.5, 82.0000000000001, -4.5));
#2679 = CARTESIAN_POINT ('', (113., 82.0000000000001, -4.5));
#2680 = CARTESIAN_POINT ('', (113., 87.5000000000001, -4.5));
#2681 = CARTESIAN_POINT ('', (113., 93.0000000000001, -4.5));
#2682 = CARTESIAN_POINT ('', (107.5, 93.0000000000001, -4.5));
#2683 = (
   BOUNDED_CURVE ()
   B_SPLINE_CURVE (2, (#2678, #2679, #2680, #2681, #2682), .UNSPECIFIED., .F., .U.)
   B_SPLINE_CURVE_WITH_KNOTS ((3, 2, 3), (0.5, 0.75, 1.), .UNSPECIFIED.)
   CURVE ()
   GEOMETRIC_REPRESENTATION_ITEM ()
   RATIONAL_B_SPLINE_CURVE ((1., 0.707106781186548, 1., 0.707106781186548, 1.))
   REPRESENTATION_ITEM ('')
);
#2684 = EDGE_CURVE ('', #2670, #2677, #2683, .T.);
#2685 = ORIENTED_EDGE ('', *, *, #2684, .T.);
#2686 = CARTESIAN_POINT ('', (107.5, 93.5000000000001, -5.));
#2687 = CARTESIAN_POINT ('', (107.5, 93.0000000000001, -4.5));
#2688 = B_SPLINE_CURVE_WITH_KNOTS ('', 1, (#2686, #2687), .UNSPECIFIED., .F., .U., (2, 2), (0., 1.), .UNSPECIFIED.);
#2689 = EDGE_CURVE ('', #498, #2677, #2688, .T.);
#2690 = ORIENTED_EDGE ('', *, *, #2689, .F.);
#2691 = ORIENTED_EDGE ('', *, *, #611, .F.);
#2692 = EDGE_LOOP ('', (#2675, #2685, #2690, #2691));
#2693 = FACE_OUTER_BOUND ('', #2692, .T.);
#2694 = CARTESIAN_POINT ('', (107.5, 81.5000000000001, -5.));
#2695 = CARTESIAN_POINT ('', (107.559134035678, 81.5000000000001, -5.));
#2696 = CARTESIAN_POINT ('', (107.677402107035, 81.5017363842717, -5.));
#2697 = CARTESIAN_POINT ('', (107.917304862008, 81.5124033735862, -5.));
#2698 = CARTESIAN_POINT ('', (108.22129498172, 81.5396800617833, -5.));
#2699 = CARTESIAN_POINT ('', (108.59129076918, 81.5960426463907, -5.));
#2700 = CARTESIAN_POINT ('', (108.964211828399, 81.6771560896581, -5.));
#2701 = CARTESIAN_POINT ('', (109.337742157926, 81.7838977853495, -5.));
#2702 = CARTESIAN_POINT ('', (109.709336122128, 81.9168568837483, -5.));
#2703 = CARTESIAN_POINT ('', (110.076322897788, 82.0762958414104, -5.));
#2704 = CARTESIAN_POINT ('', (110.435942227466, 82.2621191724224, -5.));
#2705 = CARTESIAN_POINT ('', (110.785408543141, 82.4738523812031, -5.));
#2706 = CARTESIAN_POINT ('', (111.121974721837, 82.7106328988945, -5.));
#2707 = CARTESIAN_POINT ('', (111.442999688121, 82.9712144320919, -5.));
#2708 = CARTESIAN_POINT ('', (111.746014716671, 83.2539852833285, -5.));
#2709 = CARTESIAN_POINT ('', (112.028785567908, 83.5570003118787, -5.));
#2710 = CARTESIAN_POINT ('', (112.289367101106, 83.878025278163, -5.));
#2711 = CARTESIAN_POINT ('', (112.526147618797, 84.2145914568596, -5.));
#2712 = CARTESIAN_POINT ('', (112.737880827578, 84.5640577725343, -5.));
#2713 = CARTESIAN_POINT ('', (112.92370415859, 84.9236771022126, -5.));
#2714 = CARTESIAN_POINT ('', (113.083143116252, 85.2906638778717, -5.));
#2715 = CARTESIAN_POINT ('', (113.216102214651, 85.6622578420737, -5.));
#2716 = CARTESIAN_POINT ('', (113.322843910342, 86.0357881716013, -5.));
#2717 = CARTESIAN_POINT ('', (113.403957353609, 86.4087092308206, -5.));
#2718 = CARTESIAN_POINT ('', (113.460319938217, 86.7787050182799, -5.));
#2719 = CARTESIAN_POINT ('', (113.487596626414, 87.0826951379923, -5.));
#2720 = CARTESIAN_POINT ('', (113.498263615728, 87.3225978929647, -5.));
#2721 = CARTESIAN_POINT ('', (113.500868192136, 87.5000000000001, -5.));
#2722 = CARTESIAN_POINT ('', (113.498263615728, 87.6774021070355, -5.));
#2723 = CARTESIAN_POINT ('', (113.487596626414, 87.9173048620079, -5.));
#2724 = CARTESIAN_POINT ('', (113.460319938217, 88.2212949817203, -5.));
#2725 = CARTESIAN_POINT ('', (113.40395735361, 88.5912907691797, -5.));
#2726 = CARTESIAN_POINT ('', (113.322843910342, 88.9642118283989, -5.));
#2727 = CARTESIAN_POINT ('', (113.216102214651, 89.3377421579265, -5.));
#2728 = CARTESIAN_POINT ('', (113.083143116252, 89.7093361221284, -5.));
#2729 = CARTESIAN_POINT ('', (112.92370415859, 90.0763228977877, -5.));
#2730 = CARTESIAN_POINT ('', (112.737880827578, 90.4359422274659, -5.));
#2731 = CARTESIAN_POINT ('', (112.526147618796, 90.7854085431407, -5.));
#2732 = CARTESIAN_POINT ('', (112.289367101108, 91.1219747218374, -5.));
#2733 = CARTESIAN_POINT ('', (112.0287855679, 91.442999688121, -5.));
#2734 = CARTESIAN_POINT ('', (111.746014716704, 91.7460147166736, -5.));
#2735 = CARTESIAN_POINT ('', (111.442999688001, 92.0287855679012, -5.));
#2736 = CARTESIAN_POINT ('', (111.121974722285, 92.2893671011325, -5.));
#2737 = CARTESIAN_POINT ('', (110.785408541468, 92.5261476186973, -5.));
#2738 = CARTESIAN_POINT ('', (110.435942233708, 92.7378808279505, -5.));
#2739 = CARTESIAN_POINT ('', (110.076322874492, 92.9237041571991, -5.));
#2740 = CARTESIAN_POINT ('', (109.709336209069, 93.0831431214422, -5.));
#2741 = CARTESIAN_POINT ('', (109.337741833458, 93.2161021952799, -5.));
#2742 = CARTESIAN_POINT ('', (108.96421303933, 93.3228439826347, -5.));
#2743 = CARTESIAN_POINT ('', (108.591286249923, 93.4039570838097, -5.));
#2744 = CARTESIAN_POINT ('', (108.097987047114, 93.479108898895, -5.));
#2745 = CARTESIAN_POINT ('', (107.73567231585, 93.5000178598918, -5.));
#2746 = CARTESIAN_POINT ('', (107.5, 93.5000000000001, -5.));
#2747 = CARTESIAN_POINT ('', (107.5, 82.0000000000001, -4.5));
#2748 = CARTESIAN_POINT ('', (107.554206199372, 82.0000000000001, -4.5));
#2749 = CARTESIAN_POINT ('', (107.662618598116, 82.0015916855825, -4.5));
#2750 = CARTESIAN_POINT ('', (107.88252945684, 82.0113697591207, -4.5));
#2751 = CARTESIAN_POINT ('', (108.161187066577, 82.0363733899681, -4.5));
#2752 = CARTESIAN_POINT ('', (108.500349871748, 82.0880390925248, -4.5));
#2753 = CARTESIAN_POINT ('', (108.842194176032, 82.1623930821867, -4.5));
#2754 = CARTESIAN_POINT ('', (109.184596978099, 82.2602396365704, -4.5));
#2755 = CARTESIAN_POINT ('', (109.525224778618, 82.3821188101027, -4.5));
#2756 = CARTESIAN_POINT ('', (109.861629322972, 82.5282711879595, -4.5));
#2757 = CARTESIAN_POINT ('', (110.191280375177, 82.6986092413872, -4.5));
#2758 = CARTESIAN_POINT ('', (110.511624497879, 82.8926980161029, -4.5));
#2759 = CARTESIAN_POINT ('', (110.820143495017, 83.1097468239867, -4.5));
#2760 = CARTESIAN_POINT ('', (111.114416380778, 83.3486132294176, -4.5));
#2761 = CARTESIAN_POINT ('', (111.392180156949, 83.6078198430512, -4.5));
#2762 = CARTESIAN_POINT ('', (111.651386770583, 83.8855836192221, -4.5));
#2763 = CARTESIAN_POINT ('', (111.890253176013, 84.1798565049828, -4.5));
#2764 = CARTESIAN_POINT ('', (112.107301983897, 84.4883755021213, -4.5));
#2765 = CARTESIAN_POINT ('', (112.301390758613, 84.8087196248232, -4.5));
#2766 = CARTESIAN_POINT ('', (112.471728812041, 85.1383706770282, -4.5));
#2767 = CARTESIAN_POINT ('', (112.617881189897, 85.4747752213825, -4.5));
#2768 = CARTESIAN_POINT ('', (112.73976036343, 85.8154030219009, -4.5));
#2769 = CARTESIAN_POINT ('', (112.837606917814, 86.1578058239679, -4.5));
#2770 = CARTESIAN_POINT ('', (112.911960907475, 86.4996501282522, -4.5));
#2771 = CARTESIAN_POINT ('', (112.963626610032, 86.8388129334233, -4.5));
#2772 = CARTESIAN_POINT ('', (112.988630240879, 87.1174705431596, -4.5));
#2773 = CARTESIAN_POINT ('', (112.998408314418, 87.3373814018843, -4.5));
#2774 = CARTESIAN_POINT ('', (113.000795842791, 87.5000000000001, -4.5));
#2775 = CARTESIAN_POINT ('', (112.998408314418, 87.6626185981159, -4.5));
#2776 = CARTESIAN_POINT ('', (112.988630240879, 87.8825294568406, -4.5));
#2777 = CARTESIAN_POINT ('', (112.963626610032, 88.161187066577, -4.5));
#2778 = CARTESIAN_POINT ('', (112.911960907475, 88.5003498717481, -4.5));
#2779 = CARTESIAN_POINT ('', (112.837606917813, 88.8421941760323, -4.5));
#2780 = CARTESIAN_POINT ('', (112.73976036343, 89.1845969780994, -4.5));
#2781 = CARTESIAN_POINT ('', (112.617881189897, 89.5252247786177, -4.5));
#2782 = CARTESIAN_POINT ('', (112.471728812041, 89.8616293229721, -4.5));
#2783 = CARTESIAN_POINT ('', (112.301390758613, 90.1912803751771, -4.5));
#2784 = CARTESIAN_POINT ('', (112.107301983897, 90.5116244978789, -4.5));
#2785 = CARTESIAN_POINT ('', (111.890253176016, 90.8201434950176, -4.5));
#2786 = CARTESIAN_POINT ('', (111.651386770575, 91.1144163807777, -4.5));
#2787 = CARTESIAN_POINT ('', (111.392180156978, 91.3921801569508, -4.5));
#2788 = CARTESIAN_POINT ('', (111.114416380668, 91.6513867705761, -4.5));
#2789 = CARTESIAN_POINT ('', (110.820143495428, 91.8902531760381, -4.5));
#2790 = CARTESIAN_POINT ('', (110.511624496346, 92.1073019838059, -4.5));
#2791 = CARTESIAN_POINT ('', (110.191280380899, 92.3013907589547, -4.5));
#2792 = CARTESIAN_POINT ('', (109.861629301617, 92.4717288107659, -4.5));
#2793 = CARTESIAN_POINT ('', (109.525224858314, 92.6178811946555, -4.5));
#2794 = CARTESIAN_POINT ('', (109.18459668067, 92.7397603456733, -4.5));
#2795 = CARTESIAN_POINT ('', (108.842195286053, 92.8376069840819, -4.5));
#2796 = CARTESIAN_POINT ('', (108.500345729096, 92.911960660159, -4.5));
#2797 = CARTESIAN_POINT ('', (108.048154793188, 92.9808498239871, -4.5));
#2798 = CARTESIAN_POINT ('', (107.716032956196, 93.0000163715675, -4.5));
#2799 = CARTESIAN_POINT ('', (107.5, 93.0000000000001, -4.5));
#2800 = B_SPLINE_SURFACE_WITH_KNOTS ('', 1, 3, ((#2694, #2695, #2696, #2697, #2698, #2699, #2700, #2701, #2702, #2703, #2704, #2705, #2706, #2707, #2708, #2709, #2710, #2711, #2712, #2713, #2714, #2715, #2716, #2717, #2718, #2719, #2720, #2721, #2722, #2723, #2724, #2725, #2726, #2727, #2728, #2729, #2730, #2731, #2732, #2733, #2734, #2735, #2736, #2737, #2738, #2739, #2740, #2741, #2742, #2743, #2744, #2745, #2746), (#2747, #2748, #2749, #2750, #2751, #2752, #2753, #2754, #2755, #2756, #2757, #2758, #2759, #2760, #2761, #2762, #2763, #2764, #2765, #2766, #2767, #2768, #2769, #2770, #2771, #2772, #2773, #2774, #2775, #2776, #2777, #2778, #2779, #2780, #2781, #2782, #2783, #2784, #2785, #2786, #2787, #2788, #2789, #2790, #2791, #2792, #2793, #2794, #2795, #2796, #2797, #2798, #2799)), .UNSPECIFIED., .F., .F., .U., (2, 2), (4, 1, 1, 1, 1, 1, 1, 1, 1, 1, 1, 1, 1, 1, 1, 1, 1, 1, 1, 1, 1, 1, 1, 1, 1, 1, 1, 1, 1, 1, 1, 1, 1, 1, 1, 1, 1, 1, 1, 1, 1, 1, 1, 1, 1, 1, 1, 1, 1, 1, 4), (0., 1.), (0.5, 0.505208333333334, 0.510416666666668, 0.520833333333334, 0.531250000000001, 0.541666666666668, 0.552083333333333, 0.5625, 0.572916666666667, 0.583333333333333, 0.593750000000001, 0.604166666666667, 0.614583333333334, 0.625000000000001, 0.635416666666667, 0.645833333333333, 0.65625, 0.666666666666667, 0.677083333333334, 0.6875, 0.697916666666666, 0.708333333333334, 0.71875, 0.729166666666667, 0.739583333333333, 0.744791666666666, 0.75, 0.755208333333333, 0.760416666666667, 0.770833333333333, 0.781249999999999, 0.791666666666666, 0.802083333333333, 0.8125, 0.822916666666666, 0.833333333333333, 0.84375, 0.854166666666666, 0.864583333333333, 0.875, 0.885416666666667, 0.895833333333333, 0.906249999999999, 0.916666666666666, 0.927083333333333, 0.9375, 0.947916666666666, 0.958333333333333, 0.96875, 0.979166666666667, 1.), .UNSPECIFIED.);
#2801 = ADVANCED_FACE ('', (#2693), #2800, .T.);
#2802 = CARTESIAN_POINT ('', (107.5, 93.0000000000001, -4.5));
#2803 = CARTESIAN_POINT ('', (102., 93.0000000000002, -4.5));
#2804 = CARTESIAN_POINT ('', (102., 87.5000000000002, -4.5));
#2805 = CARTESIAN_POINT ('', (102., 82.0000000000002, -4.5));
#2806 = CARTESIAN_POINT ('', (107.5, 82.0000000000001, -4.5));
#2807 = (
   BOUNDED_CURVE ()
   B_SPLINE_CURVE (2, (#2802, #2803, #2804, #2805, #2806), .UNSPECIFIED., .F., .U.)
   B_SPLINE_CURVE_WITH_KNOTS ((3, 2, 3), (0., 0.25, 0.5), .UNSPECIFIED.)
   CURVE ()
   GEOMETRIC_REPRESENTATION_ITEM ()
   RATIONAL_B_SPLINE_CURVE ((1., 0.707106781186548, 1., 0.707106781186548, 1.))
   REPRESENTATION_ITEM ('')
);
#2808 = EDGE_CURVE ('', #2677, #2670, #2807, .T.);
#2809 = ORIENTED_EDGE ('', *, *, #2808, .F.);
#2810 = ORIENTED_EDGE ('', *, *, #2684, .F.);
#2811 = EDGE_LOOP ('', (#2809, #2810));
#2812 = FACE_OUTER_BOUND ('', #2811, .T.);
#2813 = CARTESIAN_POINT ('', (113., 82.0000000000001, -4.5));
#2814 = CARTESIAN_POINT ('', (113., 93.0000000000001, -4.5));
#2815 = CARTESIAN_POINT ('', (102., 82.0000000000001, -4.5));
#2816 = CARTESIAN_POINT ('', (102., 93.0000000000001, -4.5));
#2817 = B_SPLINE_SURFACE_WITH_KNOTS ('', 1, 1, ((#2813, #2814), (#2815, #2816)), .UNSPECIFIED., .F., .F., .U., (2, 2), (2, 2), (0.310610165995491, 0.647327680846227), (0.337681841079454, 0.67439935593019), .UNSPECIFIED.);
#2818 = ADVANCED_FACE ('', (#2812), #2817, .T.);
#2819 = ORIENTED_EDGE ('', *, *, #1485, .F.);
#2820 = CARTESIAN_POINT ('', (8.49999999999999, -1., -3.5));
#2821 = CARTESIAN_POINT ('', (8.49999999999999, -1., -5.));
#2822 = B_SPLINE_CURVE_WITH_KNOTS ('', 1, (#2820, #2821), .UNSPECIFIED., .F., .U., (2, 2), (0., 1.), .UNSPECIFIED.);
#2823 = EDGE_CURVE ('', #1473, #424, #2822, .T.);
#2824 = ORIENTED_EDGE ('', *, *, #2823, .T.);
#2825 = ORIENTED_EDGE ('', *, *, #429, .T.);
#2826 = CARTESIAN_POINT ('', (9.5, -1.99999999999999, -3.5));
#2827 = CARTESIAN_POINT ('', (9.5, -1.99999999999999, -5.));
#2828 = B_SPLINE_CURVE_WITH_KNOTS ('', 1, (#2826, #2827), .UNSPECIFIED., .F., .U., (2, 2), (0., 1.), .UNSPECIFIED.);
#2829 = EDGE_CURVE ('', #1480, #417, #2828, .T.);
#2830 = ORIENTED_EDGE ('', *, *, #2829, .F.);
#2831 = EDGE_LOOP ('', (#2819, #2824, #2825, #2830));
#2832 = FACE_OUTER_BOUND ('', #2831, .T.);
#2833 = CARTESIAN_POINT ('', (8.49999999999999, -1., -3.5));
#2834 = CARTESIAN_POINT ('', (8.49999999999999, -2., -3.5));
#2835 = CARTESIAN_POINT ('', (9.49999999999999, -1.99999999999999, -3.5));
#2836 = CARTESIAN_POINT ('', (8.49999999999999, -1., -5.));
#2837 = CARTESIAN_POINT ('', (8.49999999999999, -2., -5.));
#2838 = CARTESIAN_POINT ('', (9.49999999999999, -1.99999999999999, -5.));
#2839 = (
   BOUNDED_SURFACE ()
   B_SPLINE_SURFACE (1, 2, ((#2833, #2834, #2835), (#2836, #2837, #2838)), .UNSPECIFIED., .F., .F., .U.)
   B_SPLINE_SURFACE_WITH_KNOTS ((2, 2), (3, 3), (0., 1.), (1970.94364894272, 1971.94364894272), .UNSPECIFIED.)
   GEOMETRIC_REPRESENTATION_ITEM ()
   RATIONAL_B_SPLINE_SURFACE (((1., 0.707106781186544, 1.), (1., 0.707106781186544, 1.)))
   REPRESENTATION_ITEM ('')
   SURFACE ()
);
#2840 = ADVANCED_FACE ('', (#2832), #2839, .T.);
#2841 = ORIENTED_EDGE ('', *, *, #1492, .F.);
#2842 = ORIENTED_EDGE ('', *, *, #2829, .T.);
#2843 = ORIENTED_EDGE ('', *, *, #421, .T.);
#2844 = CARTESIAN_POINT ('', (59., -2., -3.5));
#2845 = CARTESIAN_POINT ('', (59., -2., -5.));
#2846 = B_SPLINE_CURVE_WITH_KNOTS ('', 1, (#2844, #2845), .UNSPECIFIED., .F., .U., (2, 2), (0., 1.), .UNSPECIFIED.);
#2847 = EDGE_CURVE ('', #1488, #410, #2846, .T.);
#2848 = ORIENTED_EDGE ('', *, *, #2847, .F.);
#2849 = EDGE_LOOP ('', (#2841, #2842, #2843, #2848));
#2850 = FACE_OUTER_BOUND ('', #2849, .T.);
#2851 = CARTESIAN_POINT ('', (9.5, -1.99999999999999, -3.5));
#2852 = CARTESIAN_POINT ('', (59., -1.99999999999999, -3.5));
#2853 = CARTESIAN_POINT ('', (9.5, -1.99999999999999, -5.));
#2854 = CARTESIAN_POINT ('', (59., -1.99999999999999, -5.));
#2855 = B_SPLINE_SURFACE_WITH_KNOTS ('', 1, 1, ((#2851, #2852), (#2853, #2854)), .UNSPECIFIED., .F., .F., .U., (2, 2), (2, 2), (0., 1.), (0., 1.), .UNSPECIFIED.);
#2856 = ADVANCED_FACE ('', (#2850), #2855, .T.);
#2857 = ORIENTED_EDGE ('', *, *, #1499, .F.);
#2858 = ORIENTED_EDGE ('', *, *, #2847, .T.);
#2859 = ORIENTED_EDGE ('', *, *, #414, .T.);
#2860 = CARTESIAN_POINT ('', (59.7071067811865, -1.29289321881345, -3.5));
#2861 = CARTESIAN_POINT ('', (59.7071067811865, -1.29289321881345, -5.));
#2862 = B_SPLINE_CURVE_WITH_KNOTS ('', 1, (#2860, #2861), .UNSPECIFIED., .F., .U., (2, 2), (0., 1.), .UNSPECIFIED.);
#2863 = EDGE_CURVE ('', #1495, #402, #2862, .T.);
#2864 = ORIENTED_EDGE ('', *, *, #2863, .F.);
#2865 = EDGE_LOOP ('', (#2857, #2858, #2859, #2864));
#2866 = FACE_OUTER_BOUND ('', #2865, .T.);
#2867 = CARTESIAN_POINT ('', (59., -2., -3.5));
#2868 = CARTESIAN_POINT ('', (59.7071067811866, -1.29289321881345, -3.5));
#2869 = CARTESIAN_POINT ('', (59., -2., -5.));
#2870 = CARTESIAN_POINT ('', (59.7071067811866, -1.29289321881345, -5.));
#2871 = B_SPLINE_SURFACE_WITH_KNOTS ('', 1, 1, ((#2867, #2868), (#2869, #2870)), .UNSPECIFIED., .F., .F., .U., (2, 2), (2, 2), (0., 1.), (0., 1.), .UNSPECIFIED.);
#2872 = ADVANCED_FACE ('', (#2866), #2871, .T.);
#2873 = ORIENTED_EDGE ('', *, *, #1507, .F.);
#2874 = ORIENTED_EDGE ('', *, *, #2863, .T.);
#2875 = ORIENTED_EDGE ('', *, *, #407, .T.);
#2876 = CARTESIAN_POINT ('', (60.4142135623731, -1., -3.5));
#2877 = CARTESIAN_POINT ('', (60.4142135623731, -1., -5.));
#2878 = B_SPLINE_CURVE_WITH_KNOTS ('', 1, (#2876, #2877), .UNSPECIFIED., .F., .U., (2, 2), (0., 1.), .UNSPECIFIED.);
#2879 = EDGE_CURVE ('', #1502, #395, #2878, .T.);
#2880 = ORIENTED_EDGE ('', *, *, #2879, .F.);
#2881 = EDGE_LOOP ('', (#2873, #2874, #2875, #2880));
#2882 = FACE_OUTER_BOUND ('', #2881, .T.);
#2883 = CARTESIAN_POINT ('', (59.7071067811865, -1.29289321881345, -3.5));
#2884 = CARTESIAN_POINT ('', (60., -1., -3.5));
#2885 = CARTESIAN_POINT ('', (60.4142135623731, -1., -3.5));
#2886 = CARTESIAN_POINT ('', (59.7071067811865, -1.29289321881345, -5.));
#2887 = CARTESIAN_POINT ('', (60., -1., -5.));
#2888 = CARTESIAN_POINT ('', (60.4142135623731, -1., -5.));
#2889 = (
   BOUNDED_SURFACE ()
   B_SPLINE_SURFACE (1, 2, ((#2883, #2884, #2885), (#2886, #2887, #2888)), .UNSPECIFIED., .F., .F., .U.)
   B_SPLINE_SURFACE_WITH_KNOTS ((2, 2), (3, 3), (0., 1.), (2022.44364894272, 2023.44364894272), .UNSPECIFIED.)
   GEOMETRIC_REPRESENTATION_ITEM ()
   RATIONAL_B_SPLINE_SURFACE (((1., 0.923879532511289, 1.), (1., 0.923879532511289, 1.)))
   REPRESENTATION_ITEM ('')
   SURFACE ()
);
#2890 = ADVANCED_FACE ('', (#2882), #2889, .T.);
#2891 = ORIENTED_EDGE ('', *, *, #1514, .F.);
#2892 = ORIENTED_EDGE ('', *, *, #2879, .T.);
#2893 = ORIENTED_EDGE ('', *, *, #399, .T.);
#2894 = CARTESIAN_POINT ('', (79.5857864376269, -1., -3.5));
#2895 = CARTESIAN_POINT ('', (79.5857864376269, -1., -5.));
#2896 = B_SPLINE_CURVE_WITH_KNOTS ('', 1, (#2894, #2895), .UNSPECIFIED., .F., .U., (2, 2), (0., 1.), .UNSPECIFIED.);
#2897 = EDGE_CURVE ('', #1510, #387, #2896, .T.);
#2898 = ORIENTED_EDGE ('', *, *, #2897, .F.);
#2899 = EDGE_LOOP ('', (#2891, #2892, #2893, #2898));
#2900 = FACE_OUTER_BOUND ('', #2899, .T.);
#2901 = CARTESIAN_POINT ('', (60.4142135623731, -1., -3.5));
#2902 = CARTESIAN_POINT ('', (79.5857864376269, -1., -3.5));
#2903 = CARTESIAN_POINT ('', (60.4142135623731, -1., -5.));
#2904 = CARTESIAN_POINT ('', (79.5857864376269, -1., -5.));
#2905 = B_SPLINE_SURFACE_WITH_KNOTS ('', 1, 1, ((#2901, #2902), (#2903, #2904)), .UNSPECIFIED., .F., .F., .U., (2, 2), (2, 2), (0., 1.), (0., 1.), .UNSPECIFIED.);
#2906 = ADVANCED_FACE ('', (#2900), #2905, .T.);
#2907 = ORIENTED_EDGE ('', *, *, #1522, .F.);
#2908 = ORIENTED_EDGE ('', *, *, #2897, .T.);
#2909 = ORIENTED_EDGE ('', *, *, #392, .T.);
#2910 = CARTESIAN_POINT ('', (80.2928932188134, -1.29289321881345, -3.5));
#2911 = CARTESIAN_POINT ('', (80.2928932188134, -1.29289321881345, -5.));
#2912 = B_SPLINE_CURVE_WITH_KNOTS ('', 1, (#2910, #2911), .UNSPECIFIED., .F., .U., (2, 2), (0., 1.), .UNSPECIFIED.);
#2913 = EDGE_CURVE ('', #1517, #380, #2912, .T.);
#2914 = ORIENTED_EDGE ('', *, *, #2913, .F.);
#2915 = EDGE_LOOP ('', (#2907, #2908, #2909, #2914));
#2916 = FACE_OUTER_BOUND ('', #2915, .T.);
#2917 = CARTESIAN_POINT ('', (79.5857864376269, -1., -3.5));
#2918 = CARTESIAN_POINT ('', (80., -0.999999999999994, -3.5));
#2919 = CARTESIAN_POINT ('', (80.2928932188134, -1.29289321881345, -3.5));
#2920 = CARTESIAN_POINT ('', (79.5857864376269, -1., -5.));
#2921 = CARTESIAN_POINT ('', (80., -0.999999999999994, -5.));
#2922 = CARTESIAN_POINT ('', (80.2928932188134, -1.29289321881345, -5.));
#2923 = (
   BOUNDED_SURFACE ()
   B_SPLINE_SURFACE (1, 2, ((#2917, #2918, #2919), (#2920, #2921, #2922)), .UNSPECIFIED., .F., .F., .U.)
   B_SPLINE_SURFACE_WITH_KNOTS ((2, 2), (3, 3), (0., 1.), (2042.61522181797, 2043.61522181797), .UNSPECIFIED.)
   GEOMETRIC_REPRESENTATION_ITEM ()
   RATIONAL_B_SPLINE_SURFACE (((1., 0.923879532511286, 1.), (1., 0.923879532511286, 1.)))
   REPRESENTATION_ITEM ('')
   SURFACE ()
);
#2924 = ADVANCED_FACE ('', (#2916), #2923, .T.);
#2925 = ORIENTED_EDGE ('', *, *, #1529, .F.);
#2926 = ORIENTED_EDGE ('', *, *, #2913, .T.);
#2927 = ORIENTED_EDGE ('', *, *, #384, .T.);
#2928 = CARTESIAN_POINT ('', (81., -1.99999999999988, -3.5));
#2929 = CARTESIAN_POINT ('', (81., -1.99999999999988, -5.));
#2930 = B_SPLINE_CURVE_WITH_KNOTS ('', 1, (#2928, #2929), .UNSPECIFIED., .F., .U., (2, 2), (0., 1.), .UNSPECIFIED.);
#2931 = EDGE_CURVE ('', #1525, #373, #2930, .T.);
#2932 = ORIENTED_EDGE ('', *, *, #2931, .F.);
#2933 = EDGE_LOOP ('', (#2925, #2926, #2927, #2932));
#2934 = FACE_OUTER_BOUND ('', #2933, .T.);
#2935 = CARTESIAN_POINT ('', (80.2928932188136, -1.29289321881333, -3.5));
#2936 = CARTESIAN_POINT ('', (80.9999999999998, -1.99999999999954, -3.5));
#2937 = CARTESIAN_POINT ('', (80.2928932188136, -1.29289321881333, -5.));
#2938 = CARTESIAN_POINT ('', (80.9999999999998, -1.99999999999954, -5.));
#2939 = B_SPLINE_SURFACE_WITH_KNOTS ('', 1, 1, ((#2935, #2936), (#2937, #2938)), .UNSPECIFIED., .F., .F., .U., (2, 2), (2, 2), (0., 1.), (0., 1.), .UNSPECIFIED.);
#2940 = ADVANCED_FACE ('', (#2934), #2939, .T.);
#2941 = ORIENTED_EDGE ('', *, *, #1536, .F.);
#2942 = ORIENTED_EDGE ('', *, *, #2931, .T.);
#2943 = ORIENTED_EDGE ('', *, *, #377, .T.);
#2944 = CARTESIAN_POINT ('', (130.5, -1.99999999999997, -3.5));
#2945 = CARTESIAN_POINT ('', (130.5, -1.99999999999997, -5.));
#2946 = B_SPLINE_CURVE_WITH_KNOTS ('', 1, (#2944, #2945), .UNSPECIFIED., .F., .U., (2, 2), (0., 1.), .UNSPECIFIED.);
#2947 = EDGE_CURVE ('', #1532, #365, #2946, .T.);
#2948 = ORIENTED_EDGE ('', *, *, #2947, .F.);
#2949 = EDGE_LOOP ('', (#2941, #2942, #2943, #2948));
#2950 = FACE_OUTER_BOUND ('', #2949, .T.);
#2951 = CARTESIAN_POINT ('', (81., -1.99999999999988, -3.5));
#2952 = CARTESIAN_POINT ('', (130.5, -1.99999999999997, -3.5));
#2953 = CARTESIAN_POINT ('', (81., -1.99999999999988, -5.));
#2954 = CARTESIAN_POINT ('', (130.5, -1.99999999999997, -5.));
#2955 = B_SPLINE_SURFACE_WITH_KNOTS ('', 1, 1, ((#2951, #2952), (#2953, #2954)), .UNSPECIFIED., .F., .F., .U., (2, 2), (2, 2), (0., 1.), (0., 1.), .UNSPECIFIED.);
#2956 = ADVANCED_FACE ('', (#2950), #2955, .T.);
#2957 = ORIENTED_EDGE ('', *, *, #1544, .F.);
#2958 = ORIENTED_EDGE ('', *, *, #2947, .T.);
#2959 = ORIENTED_EDGE ('', *, *, #370, .T.);
#2960 = CARTESIAN_POINT ('', (131.5, -1., -3.5));
#2961 = CARTESIAN_POINT ('', (131.5, -1., -5.));
#2962 = B_SPLINE_CURVE_WITH_KNOTS ('', 1, (#2960, #2961), .UNSPECIFIED., .F., .U., (2, 2), (0., 1.), .UNSPECIFIED.);
#2963 = EDGE_CURVE ('', #1539, #358, #2962, .T.);
#2964 = ORIENTED_EDGE ('', *, *, #2963, .F.);
#2965 = EDGE_LOOP ('', (#2957, #2958, #2959, #2964));
#2966 = FACE_OUTER_BOUND ('', #2965, .T.);
#2967 = CARTESIAN_POINT ('', (130.5, -1.99999999999997, -3.5));
#2968 = CARTESIAN_POINT ('', (131.5, -1.99999999999997, -3.5));
#2969 = CARTESIAN_POINT ('', (131.5, -0.999999999999966, -3.5));
#2970 = CARTESIAN_POINT ('', (130.5, -1.99999999999997, -5.));
#2971 = CARTESIAN_POINT ('', (131.5, -1.99999999999997, -5.));
#2972 = CARTESIAN_POINT ('', (131.5, -0.999999999999966, -5.));
#2973 = (
   BOUNDED_SURFACE ()
   B_SPLINE_SURFACE (1, 2, ((#2967, #2968, #2969), (#2970, #2971, #2972)), .UNSPECIFIED., .F., .F., .U.)
   B_SPLINE_SURFACE_WITH_KNOTS ((2, 2), (3, 3), (0., 1.), (1621.97182447136, 1622.97182447136), .UNSPECIFIED.)
   GEOMETRIC_REPRESENTATION_ITEM ()
   RATIONAL_B_SPLINE_SURFACE (((1., 0.70710678118656, 1.), (1., 0.70710678118656, 1.)))
   REPRESENTATION_ITEM ('')
   SURFACE ()
);
#2974 = ADVANCED_FACE ('', (#2966), #2973, .T.);
#2975 = ORIENTED_EDGE ('', *, *, #1551, .F.);
#2976 = ORIENTED_EDGE ('', *, *, #2963, .T.);
#2977 = ORIENTED_EDGE ('', *, *, #362, .T.);
#2978 = CARTESIAN_POINT ('', (131.5, 82.5000000000003, -3.5));
#2979 = CARTESIAN_POINT ('', (131.5, 82.5000000000003, -5.));
#2980 = B_SPLINE_CURVE_WITH_KNOTS ('', 1, (#2978, #2979), .UNSPECIFIED., .F., .U., (2, 2), (0., 1.), .UNSPECIFIED.);
#2981 = EDGE_CURVE ('', #1547, #351, #2980, .T.);
#2982 = ORIENTED_EDGE ('', *, *, #2981, .F.);
#2983 = EDGE_LOOP ('', (#2975, #2976, #2977, #2982));
#2984 = FACE_OUTER_BOUND ('', #2983, .T.);
#2985 = CARTESIAN_POINT ('', (131.5, -1., -3.5));
#2986 = CARTESIAN_POINT ('', (131.5, 82.5000000000002, -3.5));
#2987 = CARTESIAN_POINT ('', (131.5, -1., -5.));
#2988 = CARTESIAN_POINT ('', (131.5, 82.5000000000002, -5.));
#2989 = B_SPLINE_SURFACE_WITH_KNOTS ('', 1, 1, ((#2985, #2986), (#2987, #2988)), .UNSPECIFIED., .F., .F., .U., (2, 2), (2, 2), (0., 1.), (0., 1.), .UNSPECIFIED.);
#2990 = ADVANCED_FACE ('', (#2984), #2989, .T.);
#2991 = ORIENTED_EDGE ('', *, *, #1558, .F.);
#2992 = ORIENTED_EDGE ('', *, *, #2981, .T.);
#2993 = ORIENTED_EDGE ('', *, *, #355, .T.);
#2994 = CARTESIAN_POINT ('', (120., 82.5000000000001, -3.5));
#2995 = CARTESIAN_POINT ('', (120., 82.5000000000001, -5.));
#2996 = B_SPLINE_CURVE_WITH_KNOTS ('', 1, (#2994, #2995), .UNSPECIFIED., .F., .U., (2, 2), (0., 1.), .UNSPECIFIED.);
#2997 = EDGE_CURVE ('', #1554, #343, #2996, .T.);
#2998 = ORIENTED_EDGE ('', *, *, #2997, .F.);
#2999 = EDGE_LOOP ('', (#2991, #2992, #2993, #2998));
#3000 = FACE_OUTER_BOUND ('', #2999, .T.);
#3001 = CARTESIAN_POINT ('', (131.5, 82.5000000000003, -3.5));
#3002 = CARTESIAN_POINT ('', (120., 82.5000000000001, -3.5));
#3003 = CARTESIAN_POINT ('', (131.5, 82.5000000000003, -5.));
#3004 = CARTESIAN_POINT ('', (120., 82.5000000000001, -5.));
#3005 = B_SPLINE_SURFACE_WITH_KNOTS ('', 1, 1, ((#3001, #3002), (#3003, #3004)), .UNSPECIFIED., .F., .F., .U., (2, 2), (2, 2), (0., 1.), (0., 1.), .UNSPECIFIED.);
#3006 = ADVANCED_FACE ('', (#3000), #3005, .T.);
#3007 = ORIENTED_EDGE ('', *, *, #1566, .F.);
#3008 = ORIENTED_EDGE ('', *, *, #2997, .T.);
#3009 = ORIENTED_EDGE ('', *, *, #348, .T.);
#3010 = CARTESIAN_POINT ('', (119.5, 83., -3.5));
#3011 = CARTESIAN_POINT ('', (119.5, 83., -5.));
#3012 = B_SPLINE_CURVE_WITH_KNOTS ('', 1, (#3010, #3011), .UNSPECIFIED., .F., .U., (2, 2), (0., 1.), .UNSPECIFIED.);
#3013 = EDGE_CURVE ('', #1561, #336, #3012, .T.);
#3014 = ORIENTED_EDGE ('', *, *, #3013, .F.);
#3015 = EDGE_LOOP ('', (#3007, #3008, #3009, #3014));
#3016 = FACE_OUTER_BOUND ('', #3015, .T.);
#3017 = CARTESIAN_POINT ('', (120., 82.5000000000001, -3.5));
#3018 = CARTESIAN_POINT ('', (119.5, 82.5000000000001, -3.5));
#3019 = CARTESIAN_POINT ('', (119.5, 83.0000000000001, -3.5));
#3020 = CARTESIAN_POINT ('', (120., 82.5000000000001, -5.));
#3021 = CARTESIAN_POINT ('', (119.5, 82.5000000000001, -5.));
#3022 = CARTESIAN_POINT ('', (119.5, 83.0000000000001, -5.));
#3023 = (
   BOUNDED_SURFACE ()
   B_SPLINE_SURFACE (1, 2, ((#3017, #3018, #3019), (#3020, #3021, #3022)), .UNSPECIFIED., .F., .F., .U.)
   B_SPLINE_SURFACE_WITH_KNOTS ((2, 2), (3, 3), (0., 1.), (1717.97182447136, 1718.97182447136), .UNSPECIFIED.)
   GEOMETRIC_REPRESENTATION_ITEM ()
   RATIONAL_B_SPLINE_SURFACE (((1., 0.707106781186568, 1.), (1., 0.707106781186568, 1.)))
   REPRESENTATION_ITEM ('')
   SURFACE ()
);
#3024 = ADVANCED_FACE ('', (#3016), #3023, .T.);
#3025 = ORIENTED_EDGE ('', *, *, #1573, .F.);
#3026 = ORIENTED_EDGE ('', *, *, #3013, .T.);
#3027 = ORIENTED_EDGE ('', *, *, #340, .T.);
#3028 = CARTESIAN_POINT ('', (119.5, 94.9705042994436, -3.5));
#3029 = CARTESIAN_POINT ('', (119.5, 94.9705042994436, -5.));
#3030 = B_SPLINE_CURVE_WITH_KNOTS ('', 1, (#3028, #3029), .UNSPECIFIED., .F., .U., (2, 2), (0., 1.), .UNSPECIFIED.);
#3031 = EDGE_CURVE ('', #1569, #328, #3030, .T.);
#3032 = ORIENTED_EDGE ('', *, *, #3031, .F.);
#3033 = EDGE_LOOP ('', (#3025, #3026, #3027, #3032));
#3034 = FACE_OUTER_BOUND ('', #3033, .T.);
#3035 = CARTESIAN_POINT ('', (119.5, 83., -3.5));
#3036 = CARTESIAN_POINT ('', (119.5, 94.9705042994435, -3.5));
#3037 = CARTESIAN_POINT ('', (119.5, 83., -5.));
#3038 = CARTESIAN_POINT ('', (119.5, 94.9705042994435, -5.));
#3039 = B_SPLINE_SURFACE_WITH_KNOTS ('', 1, 1, ((#3035, #3036), (#3037, #3038)), .UNSPECIFIED., .F., .F., .U., (2, 2), (2, 2), (0., 1.), (0., 1.), .UNSPECIFIED.);
#3040 = ADVANCED_FACE ('', (#3034), #3039, .T.);
#3041 = ORIENTED_EDGE ('', *, *, #1581, .F.);
#3042 = ORIENTED_EDGE ('', *, *, #3031, .T.);
#3043 = ORIENTED_EDGE ('', *, *, #333, .T.);
#3044 = CARTESIAN_POINT ('', (119.998717653951, 95.4705026550296, -3.5));
#3045 = CARTESIAN_POINT ('', (119.998717653951, 95.4705026550296, -5.));
#3046 = B_SPLINE_CURVE_WITH_KNOTS ('', 1, (#3044, #3045), .UNSPECIFIED., .F., .U., (2, 2), (0., 1.), .UNSPECIFIED.);
#3047 = EDGE_CURVE ('', #1576, #321, #3046, .T.);
#3048 = ORIENTED_EDGE ('', *, *, #3047, .F.);
#3049 = EDGE_LOOP ('', (#3041, #3042, #3043, #3048));
#3050 = FACE_OUTER_BOUND ('', #3049, .T.);
#3051 = CARTESIAN_POINT ('', (119.5, 94.9705042994436, -3.5));
#3052 = CARTESIAN_POINT ('', (119.5, 95.4692235935963, -3.5));
#3053 = CARTESIAN_POINT ('', (119.99871765395, 95.4705026550296, -3.5));
#3054 = CARTESIAN_POINT ('', (119.5, 94.9705042994436, -5.));
#3055 = CARTESIAN_POINT ('', (119.5, 95.4692235935963, -5.));
#3056 = CARTESIAN_POINT ('', (119.99871765395, 95.4705026550296, -5.));
#3057 = (
   BOUNDED_SURFACE ()
   B_SPLINE_SURFACE (1, 2, ((#3051, #3052, #3053), (#3054, #3055, #3056)), .UNSPECIFIED., .F., .F., .U.)
   B_SPLINE_SURFACE_WITH_KNOTS ((2, 2), (3, 3), (0., 1.), (1730.9423287708, 1731.9423287708), .UNSPECIFIED.)
   GEOMETRIC_REPRESENTATION_ITEM ()
   RATIONAL_B_SPLINE_SURFACE (((1., 0.708012956131025, 1.), (1., 0.708012956131025, 1.)))
   REPRESENTATION_ITEM ('')
   SURFACE ()
);
#3058 = ADVANCED_FACE ('', (#3050), #3057, .T.);
#3059 = ORIENTED_EDGE ('', *, *, #1588, .F.);
#3060 = ORIENTED_EDGE ('', *, *, #3047, .T.);
#3061 = ORIENTED_EDGE ('', *, *, #325, .T.);
#3062 = CARTESIAN_POINT ('', (131.5, 95.5000000000002, -3.5));
#3063 = CARTESIAN_POINT ('', (131.5, 95.5000000000002, -5.));
#3064 = B_SPLINE_CURVE_WITH_KNOTS ('', 1, (#3062, #3063), .UNSPECIFIED., .F., .U., (2, 2), (0., 1.), .UNSPECIFIED.);
#3065 = EDGE_CURVE ('', #1584, #314, #3064, .T.);
#3066 = ORIENTED_EDGE ('', *, *, #3065, .F.);
#3067 = EDGE_LOOP ('', (#3059, #3060, #3061, #3066));
#3068 = FACE_OUTER_BOUND ('', #3067, .T.);
#3069 = CARTESIAN_POINT ('', (119.998717653951, 95.4705026550296, -3.5));
#3070 = CARTESIAN_POINT ('', (131.5, 95.5000000000002, -3.5));
#3071 = CARTESIAN_POINT ('', (119.998717653951, 95.4705026550296, -5.));
#3072 = CARTESIAN_POINT ('', (131.5, 95.5000000000002, -5.));
#3073 = B_SPLINE_SURFACE_WITH_KNOTS ('', 1, 1, ((#3069, #3070), (#3071, #3072)), .UNSPECIFIED., .F., .F., .U., (2, 2), (2, 2), (0., 1.), (0., 1.), .UNSPECIFIED.);
#3074 = ADVANCED_FACE ('', (#3068), #3073, .T.);
#3075 = ORIENTED_EDGE ('', *, *, #1595, .F.);
#3076 = ORIENTED_EDGE ('', *, *, #3065, .T.);
#3077 = ORIENTED_EDGE ('', *, *, #318, .T.);
#3078 = CARTESIAN_POINT ('', (131.5, 99.5, -3.5));
#3079 = CARTESIAN_POINT ('', (131.5, 99.5, -5.));
#3080 = B_SPLINE_CURVE_WITH_KNOTS ('', 1, (#3078, #3079), .UNSPECIFIED., .F., .U., (2, 2), (0., 1.), .UNSPECIFIED.);
#3081 = EDGE_CURVE ('', #1591, #306, #3080, .T.);
#3082 = ORIENTED_EDGE ('', *, *, #3081, .F.);
#3083 = EDGE_LOOP ('', (#3075, #3076, #3077, #3082));
#3084 = FACE_OUTER_BOUND ('', #3083, .T.);
#3085 = CARTESIAN_POINT ('', (131.5, 95.5000000000002, -3.5));
#3086 = CARTESIAN_POINT ('', (131.5, 99.4999999999998, -3.5));
#3087 = CARTESIAN_POINT ('', (131.5, 95.5000000000002, -5.));
#3088 = CARTESIAN_POINT ('', (131.5, 99.4999999999998, -5.));
#3089 = B_SPLINE_SURFACE_WITH_KNOTS ('', 1, 1, ((#3085, #3086), (#3087, #3088)), .UNSPECIFIED., .F., .F., .U., (2, 2), (2, 2), (0., 1.), (0., 1.), .UNSPECIFIED.);
#3090 = ADVANCED_FACE ('', (#3084), #3089, .T.);
#3091 = ORIENTED_EDGE ('', *, *, #1603, .F.);
#3092 = ORIENTED_EDGE ('', *, *, #3081, .T.);
#3093 = ORIENTED_EDGE ('', *, *, #311, .T.);
#3094 = CARTESIAN_POINT ('', (130.5, 100.5, -3.5));
#3095 = CARTESIAN_POINT ('', (130.5, 100.5, -5.));
#3096 = B_SPLINE_CURVE_WITH_KNOTS ('', 1, (#3094, #3095), .UNSPECIFIED., .F., .U., (2, 2), (0., 1.), .UNSPECIFIED.);
#3097 = EDGE_CURVE ('', #1598, #299, #3096, .T.);
#3098 = ORIENTED_EDGE ('', *, *, #3097, .F.);
#3099 = EDGE_LOOP ('', (#3091, #3092, #3093, #3098));
#3100 = FACE_OUTER_BOUND ('', #3099, .T.);
#3101 = CARTESIAN_POINT ('', (131.5, 99.5, -3.5));
#3102 = CARTESIAN_POINT ('', (131.5, 100.5, -3.5));
#3103 = CARTESIAN_POINT ('', (130.5, 100.5, -3.5));
#3104 = CARTESIAN_POINT ('', (131.5, 99.5, -5.));
#3105 = CARTESIAN_POINT ('', (131.5, 100.5, -5.));
#3106 = CARTESIAN_POINT ('', (130.5, 100.5, -5.));
#3107 = (
   BOUNDED_SURFACE ()
   B_SPLINE_SURFACE (1, 2, ((#3101, #3102, #3103), (#3104, #3105, #3106)), .UNSPECIFIED., .F., .F., .U.)
   B_SPLINE_SURFACE_WITH_KNOTS ((2, 2), (3, 3), (0., 1.), (1747.44364894272, 1748.44364894272), .UNSPECIFIED.)
   GEOMETRIC_REPRESENTATION_ITEM ()
   RATIONAL_B_SPLINE_SURFACE (((1., 0.707106781186573, 1.), (1., 0.707106781186573, 1.)))
   REPRESENTATION_ITEM ('')
   SURFACE ()
);
#3108 = ADVANCED_FACE ('', (#3100), #3107, .T.);
#3109 = ORIENTED_EDGE ('', *, *, #1608, .F.);
#3110 = ORIENTED_EDGE ('', *, *, #3097, .T.);
#3111 = ORIENTED_EDGE ('', *, *, #303, .T.);
#3112 = CARTESIAN_POINT ('', (9.49999999999993, 100.5, -3.5));
#3113 = CARTESIAN_POINT ('', (9.49999999999993, 100.5, -5.));
#3114 = B_SPLINE_CURVE_WITH_KNOTS ('', 1, (#3112, #3113), .UNSPECIFIED., .F., .U., (2, 2), (0., 1.), .UNSPECIFIED.);
#3115 = EDGE_CURVE ('', #1463, #289, #3114, .T.);
#3116 = ORIENTED_EDGE ('', *, *, #3115, .F.);
#3117 = EDGE_LOOP ('', (#3109, #3110, #3111, #3116));
#3118 = FACE_OUTER_BOUND ('', #3117, .T.);
#3119 = CARTESIAN_POINT ('', (130.5, 100.5, -3.5));
#3120 = CARTESIAN_POINT ('', (9.5, 100.5, -3.5));
#3121 = CARTESIAN_POINT ('', (130.5, 100.5, -5.));
#3122 = CARTESIAN_POINT ('', (9.5, 100.5, -5.));
#3123 = B_SPLINE_SURFACE_WITH_KNOTS ('', 1, 1, ((#3119, #3120), (#3121, #3122)), .UNSPECIFIED., .F., .F., .U., (2, 2), (2, 2), (0., 1.), (0., 1.), .UNSPECIFIED.);
#3124 = ADVANCED_FACE ('', (#3118), #3123, .T.);
#3125 = ORIENTED_EDGE ('', *, *, #1470, .F.);
#3126 = ORIENTED_EDGE ('', *, *, #3115, .T.);
#3127 = ORIENTED_EDGE ('', *, *, #296, .T.);
#3128 = CARTESIAN_POINT ('', (8.50000000000034, 99.5000000000002, -3.5));
#3129 = CARTESIAN_POINT ('', (8.50000000000034, 99.5000000000002, -5.));
#3130 = B_SPLINE_CURVE_WITH_KNOTS ('', 1, (#3128, #3129), .UNSPECIFIED., .F., .U., (2, 2), (0., 1.), .UNSPECIFIED.);
#3131 = EDGE_CURVE ('', #1465, #291, #3130, .T.);
#3132 = ORIENTED_EDGE ('', *, *, #3131, .F.);
#3133 = EDGE_LOOP ('', (#3125, #3126, #3127, #3132));
#3134 = FACE_OUTER_BOUND ('', #3133, .T.);
#3135 = CARTESIAN_POINT ('', (9.49999999999993, 100.5, -3.5));
#3136 = CARTESIAN_POINT ('', (8.50000000000002, 100.5, -3.5));
#3137 = CARTESIAN_POINT ('', (8.50000000000034, 99.5000000000003, -3.5));
#3138 = CARTESIAN_POINT ('', (9.49999999999993, 100.5, -5.));
#3139 = CARTESIAN_POINT ('', (8.50000000000002, 100.5, -5.));
#3140 = CARTESIAN_POINT ('', (8.50000000000034, 99.5000000000003, -5.));
#3141 = (
   BOUNDED_SURFACE ()
   B_SPLINE_SURFACE (1, 2, ((#3135, #3136, #3137), (#3138, #3139, #3140)), .UNSPECIFIED., .F., .F., .U.)
   B_SPLINE_SURFACE_WITH_KNOTS ((2, 2), (3, 3), (0., 1.), (1869.44364894272, 1870.44364894272), .UNSPECIFIED.)
   GEOMETRIC_REPRESENTATION_ITEM ()
   RATIONAL_B_SPLINE_SURFACE (((1., 0.707106781186414, 1.), (1., 0.707106781186414, 1.)))
   REPRESENTATION_ITEM ('')
   SURFACE ()
);
#3142 = ADVANCED_FACE ('', (#3134), #3141, .T.);
#3143 = ORIENTED_EDGE ('', *, *, #1477, .F.);
#3144 = ORIENTED_EDGE ('', *, *, #3131, .T.);
#3145 = ORIENTED_EDGE ('', *, *, #434, .T.);
#3146 = ORIENTED_EDGE ('', *, *, #2823, .F.);
#3147 = EDGE_LOOP ('', (#3143, #3144, #3145, #3146));
#3148 = FACE_OUTER_BOUND ('', #3147, .T.);
#3149 = CARTESIAN_POINT ('', (8.50000000000034, 99.5000000000002, -3.5));
#3150 = CARTESIAN_POINT ('', (8.49999999999999, -1., -3.5));
#3151 = CARTESIAN_POINT ('', (8.50000000000034, 99.5000000000002, -5.));
#3152 = CARTESIAN_POINT ('', (8.49999999999999, -1., -5.));
#3153 = B_SPLINE_SURFACE_WITH_KNOTS ('', 1, 1, ((#3149, #3150), (#3151, #3152)), .UNSPECIFIED., .F., .F., .U., (2, 2), (2, 2), (0., 1.), (0., 1.), .UNSPECIFIED.);
#3154 = ADVANCED_FACE ('', (#3148), #3153, .T.);
#3155 = CARTESIAN_POINT ('', (17.5, 93.0000000000001, -4.5));
#3156 = CARTESIAN_POINT ('', (12., 93.0000000000001, -4.5));
#3157 = CARTESIAN_POINT ('', (12., 87.5000000000001, -4.5));
#3158 = CARTESIAN_POINT ('', (12., 82.0000000000001, -4.5));
#3159 = CARTESIAN_POINT ('', (17.5, 82.0000000000001, -4.5));
#3160 = (
   BOUNDED_CURVE ()
   B_SPLINE_CURVE (2, (#3155, #3156, #3157, #3158, #3159), .UNSPECIFIED., .F., .U.)
   B_SPLINE_CURVE_WITH_KNOTS ((3, 2, 3), (0., 0.25, 0.5), .UNSPECIFIED.)
   CURVE ()
   GEOMETRIC_REPRESENTATION_ITEM ()
   RATIONAL_B_SPLINE_CURVE ((1., 0.707106781186548, 1., 0.707106781186548, 1.))
   REPRESENTATION_ITEM ('')
);
#3161 = EDGE_CURVE ('', #106, #99, #3160, .T.);
#3162 = ORIENTED_EDGE ('', *, *, #3161, .F.);
#3163 = ORIENTED_EDGE ('', *, *, #113, .F.);
#3164 = EDGE_LOOP ('', (#3162, #3163));
#3165 = FACE_OUTER_BOUND ('', #3164, .T.);
#3166 = CARTESIAN_POINT ('', (23., 82.0000000000001, -4.5));
#3167 = CARTESIAN_POINT ('', (23., 93.0000000000001, -4.5));
#3168 = CARTESIAN_POINT ('', (12., 82.0000000000001, -4.5));
#3169 = CARTESIAN_POINT ('', (12., 93.0000000000001, -4.5));
#3170 = B_SPLINE_SURFACE_WITH_KNOTS ('', 1, 1, ((#3166, #3167), (#3168, #3169)), .UNSPECIFIED., .F., .F., .U., (2, 2), (2, 2), (0.310610165995491, 0.647327680846227), (0.337681841079454, 0.67439935593019), .UNSPECIFIED.);
#3171 = ADVANCED_FACE ('', (#3165), #3170, .T.);
#3172 = ORIENTED_EDGE ('', *, *, #103, .F.);
#3173 = ORIENTED_EDGE ('', *, *, #492, .F.);
#3174 = ORIENTED_EDGE ('', *, *, #120, .T.);
#3175 = ORIENTED_EDGE ('', *, *, #3161, .T.);
#3176 = EDGE_LOOP ('', (#3172, #3173, #3174, #3175));
#3177 = FACE_OUTER_BOUND ('', #3176, .T.);
#3178 = CARTESIAN_POINT ('', (17.5, 93.5000000000001, -5.));
#3179 = CARTESIAN_POINT ('', (17.2643276841499, 93.5000178598918, -5.));
#3180 = CARTESIAN_POINT ('', (16.9020129528859, 93.479108898895, -5.));
#3181 = CARTESIAN_POINT ('', (16.4087137500773, 93.4039570838097, -5.));
#3182 = CARTESIAN_POINT ('', (16.03578696067, 93.3228439826348, -5.));
#3183 = CARTESIAN_POINT ('', (15.6622581665416, 93.21610219528, -5.));
#3184 = CARTESIAN_POINT ('', (15.2906637909307, 93.0831431214423, -5.));
#3185 = CARTESIAN_POINT ('', (14.9236771255082, 92.9237041571991, -5.));
#3186 = CARTESIAN_POINT ('', (14.5640577662921, 92.7378808279505, -5.));
#3187 = CARTESIAN_POINT ('', (14.214591458532, 92.5261476186973, -5.));
#3188 = CARTESIAN_POINT ('', (13.8780252777148, 92.2893671011325, -5.));
#3189 = CARTESIAN_POINT ('', (13.5570003119986, 92.0287855679012, -5.));
#3190 = CARTESIAN_POINT ('', (13.2539852832963, 91.7460147166735, -5.));
#3191 = CARTESIAN_POINT ('', (12.9712144321003, 91.4429996881211, -5.));
#3192 = CARTESIAN_POINT ('', (12.7106328988921, 91.1219747218373, -5.));
#3193 = CARTESIAN_POINT ('', (12.4738523812036, 90.7854085431406, -5.));
#3194 = CARTESIAN_POINT ('', (12.2621191724221, 90.4359422274659, -5.));
#3195 = CARTESIAN_POINT ('', (12.0762958414103, 90.0763228977876, -5.));
#3196 = CARTESIAN_POINT ('', (11.9168568837482, 89.7093361221285, -5.));
#3197 = CARTESIAN_POINT ('', (11.7838977853494, 89.3377421579265, -5.));
#3198 = CARTESIAN_POINT ('', (11.677156089658, 88.9642118283989, -5.));
#3199 = CARTESIAN_POINT ('', (11.5960426463905, 88.5912907691797, -5.));
#3200 = CARTESIAN_POINT ('', (11.5396800617832, 88.2212949817203, -5.));
#3201 = CARTESIAN_POINT ('', (11.5124033735861, 87.9173048620079, -5.));
#3202 = CARTESIAN_POINT ('', (11.5017363842716, 87.6774021070355, -5.));
#3203 = CARTESIAN_POINT ('', (11.4991318078642, 87.5000000000001, -5.));
#3204 = CARTESIAN_POINT ('', (11.5017363842716, 87.3225978929647, -5.));
#3205 = CARTESIAN_POINT ('', (11.5124033735861, 87.0826951379923, -5.));
#3206 = CARTESIAN_POINT ('', (11.5396800617832, 86.7787050182799, -5.));
#3207 = CARTESIAN_POINT ('', (11.5960426463905, 86.4087092308206, -5.));
#3208 = CARTESIAN_POINT ('', (11.677156089658, 86.0357881716013, -5.));
#3209 = CARTESIAN_POINT ('', (11.7838977853494, 85.6622578420737, -5.));
#3210 = CARTESIAN_POINT ('', (11.9168568837482, 85.2906638778718, -5.));
#3211 = CARTESIAN_POINT ('', (12.0762958414103, 84.9236771022126, -5.));
#3212 = CARTESIAN_POINT ('', (12.2621191724222, 84.5640577725343, -5.));
#3213 = CARTESIAN_POINT ('', (12.473852381203, 84.2145914568595, -5.));
#3214 = CARTESIAN_POINT ('', (12.7106328988944, 83.8780252781631, -5.));
#3215 = CARTESIAN_POINT ('', (12.9712144320917, 83.5570003118787, -5.));
#3216 = CARTESIAN_POINT ('', (13.2539852833285, 83.2539852833286, -5.));
#3217 = CARTESIAN_POINT ('', (13.5570003118785, 82.9712144320918, -5.));
#3218 = CARTESIAN_POINT ('', (13.8780252781629, 82.7106328988945, -5.));
#3219 = CARTESIAN_POINT ('', (14.2145914568594, 82.4738523812031, -5.));
#3220 = CARTESIAN_POINT ('', (14.5640577725342, 82.2621191724223, -5.));
#3221 = CARTESIAN_POINT ('', (14.9236771022125, 82.0762958414104, -5.));
#3222 = CARTESIAN_POINT ('', (15.2906638778716, 81.9168568837483, -5.));
#3223 = CARTESIAN_POINT ('', (15.6622578420736, 81.7838977853495, -5.));
#3224 = CARTESIAN_POINT ('', (16.0357881716012, 81.6771560896581, -5.));
#3225 = CARTESIAN_POINT ('', (16.4087092308205, 81.5960426463907, -5.));
#3226 = CARTESIAN_POINT ('', (16.7787050182798, 81.5396800617833, -5.));
#3227 = CARTESIAN_POINT ('', (17.0826951379922, 81.5124033735862, -5.));
#3228 = CARTESIAN_POINT ('', (17.3225978929646, 81.5017363842717, -5.));
#3229 = CARTESIAN_POINT ('', (17.4408659643215, 81.5000000000001, -5.));
#3230 = CARTESIAN_POINT ('', (17.5, 81.5000000000001, -5.));
#3231 = CARTESIAN_POINT ('', (17.5, 93.0000000000001, -4.5));
#3232 = CARTESIAN_POINT ('', (17.2839670438041, 93.0000163715675, -4.5));
#3233 = CARTESIAN_POINT ('', (16.9518452068121, 92.9808498239871, -4.5));
#3234 = CARTESIAN_POINT ('', (16.4996542709042, 92.9119606601589, -4.5));
#3235 = CARTESIAN_POINT ('', (16.1578047139475, 92.8376069840819, -4.5));
#3236 = CARTESIAN_POINT ('', (15.8154033193298, 92.7397603456733, -4.5));
#3237 = CARTESIAN_POINT ('', (15.4747751416865, 92.6178811946554, -4.5));
#3238 = CARTESIAN_POINT ('', (15.1383706983825, 92.4717288107659, -4.5));
#3239 = CARTESIAN_POINT ('', (14.8087196191011, 92.3013907589547, -4.5));
#3240 = CARTESIAN_POINT ('', (14.4883755036543, 92.1073019838059, -4.5));
#3241 = CARTESIAN_POINT ('', (14.1798565045719, 91.8902531760381, -4.5));
#3242 = CARTESIAN_POINT ('', (13.8855836193321, 91.6513867705761, -4.5));
#3243 = CARTESIAN_POINT ('', (13.6078198430216, 91.3921801569508, -4.5));
#3244 = CARTESIAN_POINT ('', (13.3486132294253, 91.1144163807776, -4.5));
#3245 = CARTESIAN_POINT ('', (13.1097468239844, 90.8201434950176, -4.5));
#3246 = CARTESIAN_POINT ('', (12.8926980161033, 90.511624497879, -4.5));
#3247 = CARTESIAN_POINT ('', (12.6986092413869, 90.1912803751771, -4.5));
#3248 = CARTESIAN_POINT ('', (12.5282711879594, 89.861629322972, -4.5));
#3249 = CARTESIAN_POINT ('', (12.3821188101025, 89.5252247786178, -4.5));
#3250 = CARTESIAN_POINT ('', (12.2602396365703, 89.1845969780993, -4.5));
#3251 = CARTESIAN_POINT ('', (12.1623930821865, 88.8421941760323, -4.5));
#3252 = CARTESIAN_POINT ('', (12.0880390925246, 88.500349871748, -4.5));
#3253 = CARTESIAN_POINT ('', (12.0363733899679, 88.161187066577, -4.5));
#3254 = CARTESIAN_POINT ('', (12.0113697591206, 87.8825294568406, -4.5));
#3255 = CARTESIAN_POINT ('', (12.0015916855823, 87.6626185981159, -4.5));
#3256 = CARTESIAN_POINT ('', (11.9992041572088, 87.5000000000001, -4.5));
#3257 = CARTESIAN_POINT ('', (12.0015916855823, 87.3373814018843, -4.5));
#3258 = CARTESIAN_POINT ('', (12.0113697591206, 87.1174705431597, -4.5));
#3259 = CARTESIAN_POINT ('', (12.0363733899679, 86.8388129334232, -4.5));
#3260 = CARTESIAN_POINT ('', (12.0880390925246, 86.4996501282522, -4.5));
#3261 = CARTESIAN_POINT ('', (12.1623930821865, 86.1578058239679, -4.5));
#3262 = CARTESIAN_POINT ('', (12.2602396365703, 85.8154030219009, -4.5));
#3263 = CARTESIAN_POINT ('', (12.3821188101025, 85.4747752213824, -4.5));
#3264 = CARTESIAN_POINT ('', (12.5282711879594, 85.1383706770282, -4.5));
#3265 = CARTESIAN_POINT ('', (12.698609241387, 84.8087196248232, -4.5));
#3266 = CARTESIAN_POINT ('', (12.8926980161027, 84.4883755021213, -4.5));
#3267 = CARTESIAN_POINT ('', (13.1097468239865, 84.1798565049828, -4.5));
#3268 = CARTESIAN_POINT ('', (13.3486132294174, 83.8855836192221, -4.5));
#3269 = CARTESIAN_POINT ('', (13.6078198430511, 83.6078198430513, -4.5));
#3270 = CARTESIAN_POINT ('', (13.885583619222, 83.3486132294175, -4.5));
#3271 = CARTESIAN_POINT ('', (14.1798565049827, 83.1097468239867, -4.5));
#3272 = CARTESIAN_POINT ('', (14.4883755021211, 82.8926980161028, -4.5));
#3273 = CARTESIAN_POINT ('', (14.808719624823, 82.6986092413872, -4.5));
#3274 = CARTESIAN_POINT ('', (15.1383706770281, 82.5282711879595, -4.5));
#3275 = CARTESIAN_POINT ('', (15.4747752213823, 82.3821188101027, -4.5));
#3276 = CARTESIAN_POINT ('', (15.8154030219008, 82.2602396365704, -4.5));
#3277 = CARTESIAN_POINT ('', (16.1578058239678, 82.1623930821866, -4.5));
#3278 = CARTESIAN_POINT ('', (16.4996501282521, 82.0880390925248, -4.5));
#3279 = CARTESIAN_POINT ('', (16.8388129334231, 82.036373389968, -4.5));
#3280 = CARTESIAN_POINT ('', (17.1174705431595, 82.0113697591207, -4.5));
#3281 = CARTESIAN_POINT ('', (17.3373814018842, 82.0015916855824, -4.5));
#3282 = CARTESIAN_POINT ('', (17.4457938006281, 82.0000000000001, -4.5));
#3283 = CARTESIAN_POINT ('', (17.5, 82.0000000000001, -4.5));
#3284 = B_SPLINE_SURFACE_WITH_KNOTS ('', 1, 3, ((#3178, #3179, #3180, #3181, #3182, #3183, #3184, #3185, #3186, #3187, #3188, #3189, #3190, #3191, #3192, #3193, #3194, #3195, #3196, #3197, #3198, #3199, #3200, #3201, #3202, #3203, #3204, #3205, #3206, #3207, #3208, #3209, #3210, #3211, #3212, #3213, #3214, #3215, #3216, #3217, #3218, #3219, #3220, #3221, #3222, #3223, #3224, #3225, #3226, #3227, #3228, #3229, #3230), (#3231, #3232, #3233, #3234, #3235, #3236, #3237, #3238, #3239, #3240, #3241, #3242, #3243, #3244, #3245, #3246, #3247, #3248, #3249, #3250, #3251, #3252, #3253, #3254, #3255, #3256, #3257, #3258, #3259, #3260, #3261, #3262, #3263, #3264, #3265, #3266, #3267, #3268, #3269, #3270, #3271, #3272, #3273, #3274, #3275, #3276, #3277, #3278, #3279, #3280, #3281, #3282, #3283)), .UNSPECIFIED., .F., .F., .U., (2, 2), (4, 1, 1, 1, 1, 1, 1, 1, 1, 1, 1, 1, 1, 1, 1, 1, 1, 1, 1, 1, 1, 1, 1, 1, 1, 1, 1, 1, 1, 1, 1, 1, 1, 1, 1, 1, 1, 1, 1, 1, 1, 1, 1, 1, 1, 1, 1, 1, 1, 1, 4), (0., 1.), (0., 0.0208333333333332, 0.03125, 0.0416666666666667, 0.0520833333333334, 0.0625000000000003, 0.0729166666666667, 0.0833333333333336, 0.0937499999999999, 0.104166666666667, 0.114583333333333, 0.125, 0.135416666666667, 0.145833333333334, 0.15625, 0.166666666666667, 0.177083333333333, 0.1875, 0.197916666666667, 0.208333333333333, 0.21875, 0.229166666666666, 0.239583333333333, 0.244791666666667, 0.25, 0.255208333333334, 0.260416666666666, 0.270833333333334, 0.28125, 0.291666666666667, 0.302083333333334, 0.3125, 0.322916666666667, 0.333333333333334, 0.34375, 0.354166666666667, 0.364583333333333, 0.375, 0.385416666666667, 0.395833333333334, 0.40625, 0.416666666666667, 0.427083333333334, 0.4375, 0.447916666666667, 0.458333333333334, 0.46875, 0.479166666666667, 0.489583333333334, 0.494791666666667, 0.5), .UNSPECIFIED.);
#3285 = ADVANCED_FACE ('', (#3177), #3284, .T.);
#3286 = ORIENTED_EDGE ('', *, *, #1330, .F.);
#3287 = ORIENTED_EDGE ('', *, *, #1279, .F.);
#3288 = ORIENTED_EDGE ('', *, *, #1345, .T.);
#3289 = ORIENTED_EDGE ('', *, *, #1431, .T.);
#3290 = EDGE_LOOP ('', (#3286, #3287, #3288, #3289));
#3291 = FACE_OUTER_BOUND ('', #3290, .T.);
#3292 = CARTESIAN_POINT ('', (12.5, 0.5, -5.));
#3293 = CARTESIAN_POINT ('', (12.5000025993651, 0.558919895486124, -5.));
#3294 = CARTESIAN_POINT ('', (12.4930404081306, 0.679684206479679, -5.));
#3295 = CARTESIAN_POINT ('', (12.4589269401275, 0.865969817623369, -5.));
#3296 = CARTESIAN_POINT ('', (12.3991106337662, 1.05290658320212, -5.));
#3297 = CARTESIAN_POINT ('', (12.3127252343694, 1.23525623562499, -5.));
#3298 = CARTESIAN_POINT ('', (12.2003322006806, 1.40744356199571, -5.));
#3299 = CARTESIAN_POINT ('', (12.06404636069, 1.56404629604471, -5.));
#3300 = CARTESIAN_POINT ('', (11.9074433872384, 1.70033228450434, -5.));
#3301 = CARTESIAN_POINT ('', (11.7352568700089, 1.81272496371983, -5.));
#3302 = CARTESIAN_POINT ('', (11.5529042204236, 1.89911163254078, -5.));
#3303 = CARTESIAN_POINT ('', (11.3971328986985, 1.94895461848921, -5.));
#3304 = CARTESIAN_POINT ('', (11.2728149683456, 1.97598876141475, -5.));
#3305 = CARTESIAN_POINT ('', (11.1803541822164, 1.99008011586954, -5.));
#3306 = CARTESIAN_POINT ('', (11.08901268632, 1.99826304273958, -5.));
#3307 = CARTESIAN_POINT ('', (11.0000000000002, 2.00086847863056, -5.));
#3308 = CARTESIAN_POINT ('', (10.9109873136793, 1.99826304273818, -5.));
#3309 = CARTESIAN_POINT ('', (10.8196458177859, 1.99008011587512, -5.));
#3310 = CARTESIAN_POINT ('', (10.7271850316455, 1.97598876139384, -5.));
#3311 = CARTESIAN_POINT ('', (10.6028671013484, 1.94895461860031, -5.));
#3312 = CARTESIAN_POINT ('', (10.4470957791982, 1.89911163164554, -5.));
#3313 = CARTESIAN_POINT ('', (10.2647431313717, 1.81272496698842, -5.));
#3314 = CARTESIAN_POINT ('', (10.0925566076171, 1.70033227232519, -5.));
#3315 = CARTESIAN_POINT ('', (9.93595365850729, 1.5640463414927, -5.));
#3316 = CARTESIAN_POINT ('', (9.7996677276748, 1.40744339238289, -5.));
#3317 = CARTESIAN_POINT ('', (9.68727503301157, 1.23525686862828, -5.));
#3318 = CARTESIAN_POINT ('', (9.60088836835445, 1.05290422080176, -5.));
#3319 = CARTESIAN_POINT ('', (9.55104538139969, 0.89713289865156, -5.));
#3320 = CARTESIAN_POINT ('', (9.52401123860617, 0.772814968354479, -5.));
#3321 = CARTESIAN_POINT ('', (9.50991988412485, 0.680354182214074, -5.));
#3322 = CARTESIAN_POINT ('', (9.50173695726193, 0.589012686320652, -5.));
#3323 = CARTESIAN_POINT ('', (9.5, 0.529670895440226, -5.));
#3324 = CARTESIAN_POINT ('', (9.5, 0.5, -5.));
#3325 = CARTESIAN_POINT ('', (12., 0.499999999999997, -4.5));
#3326 = CARTESIAN_POINT ('', (12.0000017329101, 0.53927993032408, -4.5));
#3327 = CARTESIAN_POINT ('', (11.9953602720871, 0.619789470986451, -4.5));
#3328 = CARTESIAN_POINT ('', (11.972617960085, 0.743979878415578, -4.5));
#3329 = CARTESIAN_POINT ('', (11.9327404225108, 0.868604388801411, -4.5));
#3330 = CARTESIAN_POINT ('', (11.8751501562462, 0.990170823749991, -4.5));
#3331 = CARTESIAN_POINT ('', (11.8002214671204, 1.10496237466381, -4.5));
#3332 = CARTESIAN_POINT ('', (11.70936424046, 1.20936419736314, -4.5));
#3333 = CARTESIAN_POINT ('', (11.6049622581589, 1.30022152300289, -4.5));
#3334 = CARTESIAN_POINT ('', (11.4901712466726, 1.37514997581321, -4.5));
#3335 = CARTESIAN_POINT ('', (11.3686028136157, 1.43274108836051, -4.5));
#3336 = CARTESIAN_POINT ('', (11.264755265799, 1.46596974565947, -4.5));
#3337 = CARTESIAN_POINT ('', (11.1818766455638, 1.48399250760983, -4.5));
#3338 = CARTESIAN_POINT ('', (11.1202361214776, 1.49338674391302, -4.5));
#3339 = CARTESIAN_POINT ('', (11.05934179088, 1.49884202849304, -4.5));
#3340 = CARTESIAN_POINT ('', (11.0000000000001, 1.5005789857537, -4.5));
#3341 = CARTESIAN_POINT ('', (10.9406582091195, 1.49884202849211, -4.5));
#3342 = CARTESIAN_POINT ('', (10.879763878524, 1.49338674391673, -4.5));
#3343 = CARTESIAN_POINT ('', (10.8181233544303, 1.48399250759588, -4.5));
#3344 = CARTESIAN_POINT ('', (10.7352447342323, 1.46596974573353, -4.5));
#3345 = CARTESIAN_POINT ('', (10.6313971861321, 1.43274108776369, -4.5));
#3346 = CARTESIAN_POINT ('', (10.5098287542478, 1.37514997799227, -4.5));
#3347 = CARTESIAN_POINT ('', (10.3950377384114, 1.30022151488345, -4.5));
#3348 = CARTESIAN_POINT ('', (10.2906357723382, 1.20936422766179, -4.5));
#3349 = CARTESIAN_POINT ('', (10.1997784851165, 1.10496226158858, -4.5));
#3350 = CARTESIAN_POINT ('', (10.1248500220077, 0.990171245752179, -4.5));
#3351 = CARTESIAN_POINT ('', (10.0672589122363, 0.868602813867827, -4.5));
#3352 = CARTESIAN_POINT ('', (10.0340302542665, 0.764755265767694, -4.5));
#3353 = CARTESIAN_POINT ('', (10.0160074924041, 0.681876645569641, -4.5));
#3354 = CARTESIAN_POINT ('', (10.0066132560832, 0.620236121476037, -4.5));
#3355 = CARTESIAN_POINT ('', (10.0011579715079, 0.559341790880422, -4.5));
#3356 = CARTESIAN_POINT ('', (10., 0.519780596960138, -4.5));
#3357 = CARTESIAN_POINT ('', (10., 0.499999999999987, -4.5));
#3358 = B_SPLINE_SURFACE_WITH_KNOTS ('', 1, 3, ((#3292, #3293, #3294, #3295, #3296, #3297, #3298, #3299, #3300, #3301, #3302, #3303, #3304, #3305, #3306, #3307, #3308, #3309, #3310, #3311, #3312, #3313, #3314, #3315, #3316, #3317, #3318, #3319, #3320, #3321, #3322, #3323, #3324), (#3325, #3326, #3327, #3328, #3329, #3330, #3331, #3332, #3333, #3334, #3335, #3336, #3337, #3338, #3339, #3340, #3341, #3342, #3343, #3344, #3345, #3346, #3347, #3348, #3349, #3350, #3351, #3352, #3353, #3354, #3355, #3356, #3357)), .UNSPECIFIED., .F., .F., .U., (2, 2), (4, 1, 1, 1, 1, 1, 1, 1, 1, 1, 1, 1, 1, 1, 1, 1, 1, 1, 1, 1, 1, 1, 1, 1, 1, 1, 1, 1, 1, 1, 4), (0., 1.), (0., 0.0208333333333332, 0.0416666666666665, 0.0624999999999997, 0.083333333333333, 0.104166666666666, 0.125, 0.145833333333333, 0.166666666666666, 0.1875, 0.208333333333333, 0.21875, 0.229166666666667, 0.239583333333333, 0.25, 0.260416666666666, 0.270833333333333, 0.28125, 0.291666666666666, 0.3125, 0.333333333333333, 0.354166666666666, 0.374999999999999, 0.395833333333332, 0.416666666666666, 0.437499999999999, 0.458333333333332, 0.468749999999998, 0.479166666666665, 0.489583333333332, 0.5), .UNSPECIFIED.);
#3359 = ADVANCED_FACE ('', (#3291), #3358, .T.);
#3360 = ORIENTED_EDGE ('', *, *, #1423, .F.);
#3361 = ORIENTED_EDGE ('', *, *, #1663, .T.);
#3362 = ORIENTED_EDGE ('', *, *, #1438, .T.);
#3363 = ORIENTED_EDGE ('', *, *, #1340, .F.);
#3364 = EDGE_LOOP ('', (#3360, #3361, #3362, #3363));
#3365 = FACE_OUTER_BOUND ('', #3364, .T.);
#3366 = CARTESIAN_POINT ('', (10., 0.5, -3.5));
#3367 = CARTESIAN_POINT ('', (10., 0.5, -4.5));
#3368 = CARTESIAN_POINT ('', (10., -0.5, -3.5));
#3369 = CARTESIAN_POINT ('', (10., -0.5, -4.5));
#3370 = CARTESIAN_POINT ('', (11., -0.5, -3.5));
#3371 = CARTESIAN_POINT ('', (11., -0.5, -4.5));
#3372 = CARTESIAN_POINT ('', (12., -0.5, -3.5));
#3373 = CARTESIAN_POINT ('', (12., -0.5, -4.5));
#3374 = CARTESIAN_POINT ('', (12., 0.5, -3.5));
#3375 = CARTESIAN_POINT ('', (12., 0.5, -4.5));
#3376 = (
   BOUNDED_SURFACE ()
   B_SPLINE_SURFACE (2, 1, ((#3366, #3367), (#3368, #3369), (#3370, #3371), (#3372, #3373), (#3374, #3375)), .UNSPECIFIED., .F., .F., .U.)
   B_SPLINE_SURFACE_WITH_KNOTS ((3, 2, 3), (2, 2), (0.5, 0.75, 1.), (0., 0.666666666666668), .UNSPECIFIED.)
   GEOMETRIC_REPRESENTATION_ITEM ()
   RATIONAL_B_SPLINE_SURFACE (((1., 1.), (0.707106781186548, 0.707106781186548), (1., 1.), (0.707106781186548, 0.707106781186548), (1., 1.)))
   REPRESENTATION_ITEM ('')
   SURFACE ()
);
#3377 = ADVANCED_FACE ('', (#3365), #3376, .T.);
#3378 = ORIENTED_EDGE ('', *, *, #1744, .F.);
#3379 = ORIENTED_EDGE ('', *, *, #1729, .T.);
#3380 = ORIENTED_EDGE ('', *, *, #1759, .T.);
#3381 = ORIENTED_EDGE ('', *, *, #2113, .F.);
#3382 = EDGE_LOOP ('', (#3378, #3379, #3380, #3381));
#3383 = FACE_OUTER_BOUND ('', #3382, .T.);
#3384 = CARTESIAN_POINT ('', (10., 98., -3.5));
#3385 = CARTESIAN_POINT ('', (10., 98., -4.5));
#3386 = CARTESIAN_POINT ('', (10., 97., -3.5));
#3387 = CARTESIAN_POINT ('', (10., 97., -4.5));
#3388 = CARTESIAN_POINT ('', (11., 97., -3.5));
#3389 = CARTESIAN_POINT ('', (11., 97., -4.5));
#3390 = CARTESIAN_POINT ('', (12., 97., -3.5));
#3391 = CARTESIAN_POINT ('', (12., 97., -4.5));
#3392 = CARTESIAN_POINT ('', (12., 98., -3.5));
#3393 = CARTESIAN_POINT ('', (12., 98., -4.5));
#3394 = (
   BOUNDED_SURFACE ()
   B_SPLINE_SURFACE (2, 1, ((#3384, #3385), (#3386, #3387), (#3388, #3389), (#3390, #3391), (#3392, #3393)), .UNSPECIFIED., .F., .F., .U.)
   B_SPLINE_SURFACE_WITH_KNOTS ((3, 2, 3), (2, 2), (0.5, 0.75, 1.), (0., 0.666666666666668), .UNSPECIFIED.)
   GEOMETRIC_REPRESENTATION_ITEM ()
   RATIONAL_B_SPLINE_SURFACE (((1., 1.), (0.707106781186548, 0.707106781186548), (1., 1.), (0.707106781186548, 0.707106781186548), (1., 1.)))
   REPRESENTATION_ITEM ('')
   SURFACE ()
);
#3395 = ADVANCED_FACE ('', (#3383), #3394, .T.);
#3396 = ORIENTED_EDGE ('', *, *, #1781, .F.);
#3397 = ORIENTED_EDGE ('', *, *, #1707, .T.);
#3398 = ORIENTED_EDGE ('', *, *, #1796, .T.);
#3399 = ORIENTED_EDGE ('', *, *, #2202, .F.);
#3400 = EDGE_LOOP ('', (#3396, #3397, #3398, #3399));
#3401 = FACE_OUTER_BOUND ('', #3400, .T.);
#3402 = CARTESIAN_POINT ('', (128., 98., -3.5));
#3403 = CARTESIAN_POINT ('', (128., 98., -4.5));
#3404 = CARTESIAN_POINT ('', (128., 97., -3.5));
#3405 = CARTESIAN_POINT ('', (128., 97., -4.5));
#3406 = CARTESIAN_POINT ('', (129., 97., -3.5));
#3407 = CARTESIAN_POINT ('', (129., 97., -4.5));
#3408 = CARTESIAN_POINT ('', (130., 97., -3.5));
#3409 = CARTESIAN_POINT ('', (130., 97., -4.5));
#3410 = CARTESIAN_POINT ('', (130., 98., -3.5));
#3411 = CARTESIAN_POINT ('', (130., 98., -4.5));
#3412 = (
   BOUNDED_SURFACE ()
   B_SPLINE_SURFACE (2, 1, ((#3402, #3403), (#3404, #3405), (#3406, #3407), (#3408, #3409), (#3410, #3411)), .UNSPECIFIED., .F., .F., .U.)
   B_SPLINE_SURFACE_WITH_KNOTS ((3, 2, 3), (2, 2), (0.5, 0.75, 1.), (0., 0.666666666666668), .UNSPECIFIED.)
   GEOMETRIC_REPRESENTATION_ITEM ()
   RATIONAL_B_SPLINE_SURFACE (((1., 1.), (0.707106781186548, 0.707106781186548), (1., 1.), (0.707106781186548, 0.707106781186548), (1., 1.)))
   REPRESENTATION_ITEM ('')
   SURFACE ()
);
#3413 = ADVANCED_FACE ('', (#3401), #3412, .T.);
#3414 = ORIENTED_EDGE ('', *, *, #1818, .F.);
#3415 = ORIENTED_EDGE ('', *, *, #1685, .T.);
#3416 = ORIENTED_EDGE ('', *, *, #1833, .T.);
#3417 = ORIENTED_EDGE ('', *, *, #1935, .F.);
#3418 = EDGE_LOOP ('', (#3414, #3415, #3416, #3417));
#3419 = FACE_OUTER_BOUND ('', #3418, .T.);
#3420 = CARTESIAN_POINT ('', (128., 0.5, -3.5));
#3421 = CARTESIAN_POINT ('', (128., 0.5, -4.5));
#3422 = CARTESIAN_POINT ('', (128., -0.5, -3.5));
#3423 = CARTESIAN_POINT ('', (128., -0.5, -4.5));
#3424 = CARTESIAN_POINT ('', (129., -0.5, -3.5));
#3425 = CARTESIAN_POINT ('', (129., -0.5, -4.5));
#3426 = CARTESIAN_POINT ('', (130., -0.5, -3.5));
#3427 = CARTESIAN_POINT ('', (130., -0.5, -4.5));
#3428 = CARTESIAN_POINT ('', (130., 0.5, -3.5));
#3429 = CARTESIAN_POINT ('', (130., 0.5, -4.5));
#3430 = (
   BOUNDED_SURFACE ()
   B_SPLINE_SURFACE (2, 1, ((#3420, #3421), (#3422, #3423), (#3424, #3425), (#3426, #3427), (#3428, #3429)), .UNSPECIFIED., .F., .F., .U.)
   B_SPLINE_SURFACE_WITH_KNOTS ((3, 2, 3), (2, 2), (0.5, 0.75, 1.), (0., 0.666666666666668), .UNSPECIFIED.)
   GEOMETRIC_REPRESENTATION_ITEM ()
   RATIONAL_B_SPLINE_SURFACE (((1., 1.), (0.707106781186548, 0.707106781186548), (1., 1.), (0.707106781186548, 0.707106781186548), (1., 1.)))
   REPRESENTATION_ITEM ('')
   SURFACE ()
);
#3431 = ADVANCED_FACE ('', (#3419), #3430, .T.);
#3432 = ORIENTED_EDGE ('', *, *, #1855, .F.);
#3433 = ORIENTED_EDGE ('', *, *, #1652, .T.);
#3434 = ORIENTED_EDGE ('', *, *, #1870, .T.);
#3435 = ORIENTED_EDGE ('', *, *, #2291, .F.);
#3436 = EDGE_LOOP ('', (#3432, #3433, #3434, #3435));
#3437 = FACE_OUTER_BOUND ('', #3436, .T.);
#3438 = CARTESIAN_POINT ('', (128., 56., -3.5));
#3439 = CARTESIAN_POINT ('', (128., 56., -4.5));
#3440 = CARTESIAN_POINT ('', (128., 55., -3.5));
#3441 = CARTESIAN_POINT ('', (128., 55., -4.5));
#3442 = CARTESIAN_POINT ('', (129., 55., -3.5));
#3443 = CARTESIAN_POINT ('', (129., 55., -4.5));
#3444 = CARTESIAN_POINT ('', (130., 55., -3.5));
#3445 = CARTESIAN_POINT ('', (130., 55., -4.5));
#3446 = CARTESIAN_POINT ('', (130., 56., -3.5));
#3447 = CARTESIAN_POINT ('', (130., 56., -4.5));
#3448 = (
   BOUNDED_SURFACE ()
   B_SPLINE_SURFACE (2, 1, ((#3438, #3439), (#3440, #3441), (#3442, #3443), (#3444, #3445), (#3446, #3447)), .UNSPECIFIED., .F., .F., .U.)
   B_SPLINE_SURFACE_WITH_KNOTS ((3, 2, 3), (2, 2), (0.5, 0.75, 1.), (0., 0.666666666666668), .UNSPECIFIED.)
   GEOMETRIC_REPRESENTATION_ITEM ()
   RATIONAL_B_SPLINE_SURFACE (((1., 1.), (0.707106781186548, 0.707106781186548), (1., 1.), (0.707106781186548, 0.707106781186548), (1., 1.)))
   REPRESENTATION_ITEM ('')
   SURFACE ()
);
#3449 = ADVANCED_FACE ('', (#3437), #3448, .T.);
#3450 = ORIENTED_EDGE ('', *, *, #1892, .F.);
#3451 = ORIENTED_EDGE ('', *, *, #1630, .T.);
#3452 = ORIENTED_EDGE ('', *, *, #1907, .T.);
#3453 = ORIENTED_EDGE ('', *, *, #2024, .F.);
#3454 = EDGE_LOOP ('', (#3450, #3451, #3452, #3453));
#3455 = FACE_OUTER_BOUND ('', #3454, .T.);
#3456 = CARTESIAN_POINT ('', (10., 56., -3.5));
#3457 = CARTESIAN_POINT ('', (10., 56., -4.5));
#3458 = CARTESIAN_POINT ('', (10., 55., -3.5));
#3459 = CARTESIAN_POINT ('', (10., 55., -4.5));
#3460 = CARTESIAN_POINT ('', (11., 55., -3.5));
#3461 = CARTESIAN_POINT ('', (11., 55., -4.5));
#3462 = CARTESIAN_POINT ('', (12., 55., -3.5));
#3463 = CARTESIAN_POINT ('', (12., 55., -4.5));
#3464 = CARTESIAN_POINT ('', (12., 56., -3.5));
#3465 = CARTESIAN_POINT ('', (12., 56., -4.5));
#3466 = (
   BOUNDED_SURFACE ()
   B_SPLINE_SURFACE (2, 1, ((#3456, #3457), (#3458, #3459), (#3460, #3461), (#3462, #3463), (#3464, #3465)), .UNSPECIFIED., .F., .F., .U.)
   B_SPLINE_SURFACE_WITH_KNOTS ((3, 2, 3), (2, 2), (0.5, 0.75, 1.), (0., 0.666666666666668), .UNSPECIFIED.)
   GEOMETRIC_REPRESENTATION_ITEM ()
   RATIONAL_B_SPLINE_SURFACE (((1., 1.), (0.707106781186548, 0.707106781186548), (1., 1.), (0.707106781186548, 0.707106781186548), (1., 1.)))
   REPRESENTATION_ITEM ('')
   SURFACE ()
);
#3467 = ADVANCED_FACE ('', (#3455), #3466, .T.);
#3468 = ORIENTED_EDGE ('', *, *, #1927, .F.);
#3469 = ORIENTED_EDGE ('', *, *, #1201, .F.);
#3470 = ORIENTED_EDGE ('', *, *, #1940, .T.);
#3471 = ORIENTED_EDGE ('', *, *, #1828, .T.);
#3472 = EDGE_LOOP ('', (#3468, #3469, #3470, #3471));
#3473 = FACE_OUTER_BOUND ('', #3472, .T.);
#3474 = CARTESIAN_POINT ('', (130.5, 0.5, -5.));
#3475 = CARTESIAN_POINT ('', (130.500002599365, 0.558919895486121, -5.));
#3476 = CARTESIAN_POINT ('', (130.493040408131, 0.679684206479681, -5.));
#3477 = CARTESIAN_POINT ('', (130.458926940128, 0.865969817623367, -5.));
#3478 = CARTESIAN_POINT ('', (130.399110633766, 1.05290658320212, -5.));
#3479 = CARTESIAN_POINT ('', (130.312725234369, 1.23525623562498, -5.));
#3480 = CARTESIAN_POINT ('', (130.200332200681, 1.40744356199572, -5.));
#3481 = CARTESIAN_POINT ('', (130.06404636069, 1.56404629604472, -5.));
#3482 = CARTESIAN_POINT ('', (129.907443387238, 1.70033228450433, -5.));
#3483 = CARTESIAN_POINT ('', (129.735256870009, 1.81272496371983, -5.));
#3484 = CARTESIAN_POINT ('', (129.552904220424, 1.89911163254078, -5.));
#3485 = CARTESIAN_POINT ('', (129.397132898698, 1.94895461848921, -5.));
#3486 = CARTESIAN_POINT ('', (129.272814968346, 1.97598876141476, -5.));
#3487 = CARTESIAN_POINT ('', (129.180354182216, 1.99008011586954, -5.));
#3488 = CARTESIAN_POINT ('', (129.08901268632, 1.99826304273958, -5.));
#3489 = CARTESIAN_POINT ('', (129., 2.00086847863056, -5.));
#3490 = CARTESIAN_POINT ('', (128.910987313679, 1.99826304273818, -5.));
#3491 = CARTESIAN_POINT ('', (128.819645817786, 1.99008011587512, -5.));
#3492 = CARTESIAN_POINT ('', (128.727185031646, 1.97598876139384, -5.));
#3493 = CARTESIAN_POINT ('', (128.602867101348, 1.9489546186003, -5.));
#3494 = CARTESIAN_POINT ('', (128.447095779198, 1.89911163164555, -5.));
#3495 = CARTESIAN_POINT ('', (128.264743131372, 1.81272496698841, -5.));
#3496 = CARTESIAN_POINT ('', (128.092556607617, 1.70033227232519, -5.));
#3497 = CARTESIAN_POINT ('', (127.935953658507, 1.56404634149271, -5.));
#3498 = CARTESIAN_POINT ('', (127.799667727675, 1.40744339238289, -5.));
#3499 = CARTESIAN_POINT ('', (127.687275033012, 1.23525686862828, -5.));
#3500 = CARTESIAN_POINT ('', (127.600888368354, 1.05290422080176, -5.));
#3501 = CARTESIAN_POINT ('', (127.5510453814, 0.897132898651561, -5.));
#3502 = CARTESIAN_POINT ('', (127.524011238606, 0.772814968354479, -5.));
#3503 = CARTESIAN_POINT ('', (127.509919884125, 0.680354182214079, -5.));
#3504 = CARTESIAN_POINT ('', (127.501736957262, 0.58901268632061, -5.));
#3505 = CARTESIAN_POINT ('', (127.5, 0.529670895440243, -5.));
#3506 = CARTESIAN_POINT ('', (127.5, 0.5, -5.));
#3507 = CARTESIAN_POINT ('', (130., 0.499999999999989, -4.5));
#3508 = CARTESIAN_POINT ('', (130.00000173291, 0.53927993032407, -4.5));
#3509 = CARTESIAN_POINT ('', (129.995360272087, 0.619789470986444, -4.5));
#3510 = CARTESIAN_POINT ('', (129.972617960085, 0.743979878415568, -4.5));
#3511 = CARTESIAN_POINT ('', (129.932740422511, 0.868604388801406, -4.5));
#3512 = CARTESIAN_POINT ('', (129.875150156246, 0.990170823749974, -4.5));
#3513 = CARTESIAN_POINT ('', (129.80022146712, 1.1049623746638, -4.5));
#3514 = CARTESIAN_POINT ('', (129.70936424046, 1.20936419736313, -4.5));
#3515 = CARTESIAN_POINT ('', (129.604962258159, 1.30022152300287, -4.5));
#3516 = CARTESIAN_POINT ('', (129.490171246673, 1.3751499758132, -4.5));
#3517 = CARTESIAN_POINT ('', (129.368602813616, 1.4327410883605, -4.5));
#3518 = CARTESIAN_POINT ('', (129.264755265799, 1.46596974565945, -4.5));
#3519 = CARTESIAN_POINT ('', (129.181876645564, 1.48399250760981, -4.5));
#3520 = CARTESIAN_POINT ('', (129.120236121478, 1.493386743913, -4.5));
#3521 = CARTESIAN_POINT ('', (129.05934179088, 1.49884202849302, -4.5));
#3522 = CARTESIAN_POINT ('', (129., 1.50057898575367, -4.5));
#3523 = CARTESIAN_POINT ('', (128.940658209119, 1.49884202849209, -4.5));
#3524 = CARTESIAN_POINT ('', (128.879763878524, 1.49338674391671, -4.5));
#3525 = CARTESIAN_POINT ('', (128.81812335443, 1.48399250759586, -4.5));
#3526 = CARTESIAN_POINT ('', (128.735244734232, 1.4659697457335, -4.5));
#3527 = CARTESIAN_POINT ('', (128.631397186132, 1.43274108776366, -4.5));
#3528 = CARTESIAN_POINT ('', (128.509828754248, 1.37514997799224, -4.5));
#3529 = CARTESIAN_POINT ('', (128.395037738411, 1.30022151488342, -4.5));
#3530 = CARTESIAN_POINT ('', (128.290635772338, 1.20936422766176, -4.5));
#3531 = CARTESIAN_POINT ('', (128.199778485117, 1.10496226158855, -4.5));
#3532 = CARTESIAN_POINT ('', (128.124850022008, 0.990171245752137, -4.5));
#3533 = CARTESIAN_POINT ('', (128.067258912236, 0.86860281386779, -4.5));
#3534 = CARTESIAN_POINT ('', (128.034030254266, 0.764755265767655, -4.5));
#3535 = CARTESIAN_POINT ('', (128.016007492404, 0.681876645569599, -4.5));
#3536 = CARTESIAN_POINT ('', (128.006613256083, 0.620236121475999, -4.5));
#3537 = CARTESIAN_POINT ('', (128.001157971508, 0.559341790880352, -4.5));
#3538 = CARTESIAN_POINT ('', (128., 0.519780596960107, -4.5));
#3539 = CARTESIAN_POINT ('', (128., 0.499999999999945, -4.5));
#3540 = B_SPLINE_SURFACE_WITH_KNOTS ('', 1, 3, ((#3474, #3475, #3476, #3477, #3478, #3479, #3480, #3481, #3482, #3483, #3484, #3485, #3486, #3487, #3488, #3489, #3490, #3491, #3492, #3493, #3494, #3495, #3496, #3497, #3498, #3499, #3500, #3501, #3502, #3503, #3504, #3505, #3506), (#3507, #3508, #3509, #3510, #3511, #3512, #3513, #3514, #3515, #3516, #3517, #3518, #3519, #3520, #3521, #3522, #3523, #3524, #3525, #3526, #3527, #3528, #3529, #3530, #3531, #3532, #3533, #3534, #3535, #3536, #3537, #3538, #3539)), .UNSPECIFIED., .F., .F., .U., (2, 2), (4, 1, 1, 1, 1, 1, 1, 1, 1, 1, 1, 1, 1, 1, 1, 1, 1, 1, 1, 1, 1, 1, 1, 1, 1, 1, 1, 1, 1, 1, 4), (0., 1.), (0., 0.0208333333333332, 0.0416666666666667, 0.0625, 0.0833333333333341, 0.104166666666666, 0.124999999999999, 0.145833333333334, 0.166666666666667, 0.1875, 0.208333333333334, 0.218749999999999, 0.229166666666666, 0.239583333333333, 0.25, 0.260416666666666, 0.270833333333333, 0.281249999999999, 0.291666666666665, 0.3125, 0.33333333333333, 0.354166666666662, 0.374999999999996, 0.395833333333328, 0.416666666666661, 0.437499999999994, 0.458333333333327, 0.468749999999993, 0.479166666666659, 0.489583333333326, 0.5), .UNSPECIFIED.);
#3541 = ADVANCED_FACE ('', (#3473), #3540, .T.);
#3542 = ORIENTED_EDGE ('', *, *, #2016, .F.);
#3543 = ORIENTED_EDGE ('', *, *, #1123, .F.);
#3544 = ORIENTED_EDGE ('', *, *, #2029, .T.);
#3545 = ORIENTED_EDGE ('', *, *, #1902, .T.);
#3546 = EDGE_LOOP ('', (#3542, #3543, #3544, #3545));
#3547 = FACE_OUTER_BOUND ('', #3546, .T.);
#3548 = CARTESIAN_POINT ('', (12.5, 56., -5.));
#3549 = CARTESIAN_POINT ('', (12.5000025993651, 56.0589198954861, -5.));
#3550 = CARTESIAN_POINT ('', (12.4930404081306, 56.1796842064796, -5.));
#3551 = CARTESIAN_POINT ('', (12.4589269401275, 56.3659698176234, -5.));
#3552 = CARTESIAN_POINT ('', (12.3991106337662, 56.5529065832021, -5.));
#3553 = CARTESIAN_POINT ('', (12.3127252343694, 56.735256235625, -5.));
#3554 = CARTESIAN_POINT ('', (12.2003322006806, 56.9074435619957, -5.));
#3555 = CARTESIAN_POINT ('', (12.06404636069, 57.0640462960447, -5.));
#3556 = CARTESIAN_POINT ('', (11.9074433872384, 57.2003322845043, -5.));
#3557 = CARTESIAN_POINT ('', (11.735256870009, 57.3127249637198, -5.));
#3558 = CARTESIAN_POINT ('', (11.5529042204236, 57.3991116325408, -5.));
#3559 = CARTESIAN_POINT ('', (11.3971328986985, 57.4489546184892, -5.));
#3560 = CARTESIAN_POINT ('', (11.2728149683456, 57.4759887614147, -5.));
#3561 = CARTESIAN_POINT ('', (11.1803541822164, 57.4900801158695, -5.));
#3562 = CARTESIAN_POINT ('', (11.08901268632, 57.4982630427396, -5.));
#3563 = CARTESIAN_POINT ('', (11.0000000000002, 57.5008684786305, -5.));
#3564 = CARTESIAN_POINT ('', (10.9109873136793, 57.4982630427382, -5.));
#3565 = CARTESIAN_POINT ('', (10.8196458177859, 57.4900801158751, -5.));
#3566 = CARTESIAN_POINT ('', (10.7271850316455, 57.4759887613938, -5.));
#3567 = CARTESIAN_POINT ('', (10.6028671013484, 57.4489546186003, -5.));
#3568 = CARTESIAN_POINT ('', (10.4470957791982, 57.3991116316455, -5.));
#3569 = CARTESIAN_POINT ('', (10.2647431313717, 57.3127249669884, -5.));
#3570 = CARTESIAN_POINT ('', (10.0925566076171, 57.2003322723252, -5.));
#3571 = CARTESIAN_POINT ('', (9.93595365850729, 57.0640463414927, -5.));
#3572 = CARTESIAN_POINT ('', (9.7996677276748, 56.9074433923829, -5.));
#3573 = CARTESIAN_POINT ('', (9.68727503301157, 56.7352568686283, -5.));
#3574 = CARTESIAN_POINT ('', (9.60088836835446, 56.5529042208018, -5.));
#3575 = CARTESIAN_POINT ('', (9.55104538139968, 56.3971328986516, -5.));
#3576 = CARTESIAN_POINT ('', (9.52401123860617, 56.2728149683545, -5.));
#3577 = CARTESIAN_POINT ('', (9.50991988412485, 56.1803541822141, -5.));
#3578 = CARTESIAN_POINT ('', (9.50173695726193, 56.0890126863206, -5.));
#3579 = CARTESIAN_POINT ('', (9.5, 56.0296708954402, -5.));
#3580 = CARTESIAN_POINT ('', (9.5, 56., -5.));
#3581 = CARTESIAN_POINT ('', (12., 56., -4.5));
#3582 = CARTESIAN_POINT ('', (12.0000017329101, 56.0392799303241, -4.5));
#3583 = CARTESIAN_POINT ('', (11.9953602720871, 56.1197894709864, -4.5));
#3584 = CARTESIAN_POINT ('', (11.972617960085, 56.2439798784156, -4.5));
#3585 = CARTESIAN_POINT ('', (11.9327404225108, 56.3686043888014, -4.5));
#3586 = CARTESIAN_POINT ('', (11.8751501562462, 56.49017082375, -4.5));
#3587 = CARTESIAN_POINT ('', (11.8002214671204, 56.6049623746638, -4.5));
#3588 = CARTESIAN_POINT ('', (11.70936424046, 56.7093641973631, -4.5));
#3589 = CARTESIAN_POINT ('', (11.6049622581589, 56.8002215230029, -4.5));
#3590 = CARTESIAN_POINT ('', (11.4901712466726, 56.8751499758132, -4.5));
#3591 = CARTESIAN_POINT ('', (11.3686028136157, 56.9327410883605, -4.5));
#3592 = CARTESIAN_POINT ('', (11.264755265799, 56.9659697456595, -4.5));
#3593 = CARTESIAN_POINT ('', (11.1818766455637, 56.9839925076098, -4.5));
#3594 = CARTESIAN_POINT ('', (11.1202361214776, 56.993386743913, -4.5));
#3595 = CARTESIAN_POINT ('', (11.05934179088, 56.998842028493, -4.5));
#3596 = CARTESIAN_POINT ('', (11.0000000000001, 57.0005789857537, -4.5));
#3597 = CARTESIAN_POINT ('', (10.9406582091195, 56.9988420284921, -4.5));
#3598 = CARTESIAN_POINT ('', (10.8797638785239, 56.9933867439167, -4.5));
#3599 = CARTESIAN_POINT ('', (10.8181233544303, 56.9839925075959, -4.5));
#3600 = CARTESIAN_POINT ('', (10.7352447342323, 56.9659697457335, -4.5));
#3601 = CARTESIAN_POINT ('', (10.6313971861321, 56.9327410877637, -4.5));
#3602 = CARTESIAN_POINT ('', (10.5098287542478, 56.8751499779922, -4.5));
#3603 = CARTESIAN_POINT ('', (10.3950377384114, 56.8002215148834, -4.5));
#3604 = CARTESIAN_POINT ('', (10.2906357723382, 56.7093642276618, -4.5));
#3605 = CARTESIAN_POINT ('', (10.1997784851165, 56.6049622615886, -4.5));
#3606 = CARTESIAN_POINT ('', (10.1248500220077, 56.4901712457522, -4.5));
#3607 = CARTESIAN_POINT ('', (10.0672589122363, 56.3686028138678, -4.5));
#3608 = CARTESIAN_POINT ('', (10.0340302542665, 56.2647552657677, -4.5));
#3609 = CARTESIAN_POINT ('', (10.0160074924041, 56.1818766455696, -4.5));
#3610 = CARTESIAN_POINT ('', (10.0066132560832, 56.120236121476, -4.5));
#3611 = CARTESIAN_POINT ('', (10.0011579715079, 56.0593417908804, -4.5));
#3612 = CARTESIAN_POINT ('', (9.99999999999999, 56.0197805969601, -4.5));
#3613 = CARTESIAN_POINT ('', (9.99999999999999, 56., -4.5));
#3614 = B_SPLINE_SURFACE_WITH_KNOTS ('', 1, 3, ((#3548, #3549, #3550, #3551, #3552, #3553, #3554, #3555, #3556, #3557, #3558, #3559, #3560, #3561, #3562, #3563, #3564, #3565, #3566, #3567, #3568, #3569, #3570, #3571, #3572, #3573, #3574, #3575, #3576, #3577, #3578, #3579, #3580), (#3581, #3582, #3583, #3584, #3585, #3586, #3587, #3588, #3589, #3590, #3591, #3592, #3593, #3594, #3595, #3596, #3597, #3598, #3599, #3600, #3601, #3602, #3603, #3604, #3605, #3606, #3607, #3608, #3609, #3610, #3611, #3612, #3613)), .UNSPECIFIED., .F., .F., .U., (2, 2), (4, 1, 1, 1, 1, 1, 1, 1, 1, 1, 1, 1, 1, 1, 1, 1, 1, 1, 1, 1, 1, 1, 1, 1, 1, 1, 1, 1, 1, 1, 4), (0., 1.), (0., 0.0208333333333336, 0.0416666666666657, 0.0624999999999995, 0.083333333333333, 0.104166666666666, 0.125, 0.145833333333333, 0.166666666666667, 0.1875, 0.208333333333333, 0.21875, 0.229166666666667, 0.239583333333333, 0.25, 0.260416666666666, 0.270833333333333, 0.28125, 0.291666666666666, 0.312499999999999, 0.333333333333332, 0.354166666666665, 0.374999999999998, 0.395833333333331, 0.416666666666665, 0.437499999999998, 0.45833333333333, 0.468749999999998, 0.479166666666663, 0.48958333333333, 0.5), .UNSPECIFIED.);
#3615 = ADVANCED_FACE ('', (#3547), #3614, .T.);
#3616 = ORIENTED_EDGE ('', *, *, #2105, .F.);
#3617 = ORIENTED_EDGE ('', *, *, #1045, .F.);
#3618 = ORIENTED_EDGE ('', *, *, #2118, .T.);
#3619 = ORIENTED_EDGE ('', *, *, #1754, .T.);
#3620 = EDGE_LOOP ('', (#3616, #3617, #3618, #3619));
#3621 = FACE_OUTER_BOUND ('', #3620, .T.);
#3622 = CARTESIAN_POINT ('', (12.5, 98., -5.));
#3623 = CARTESIAN_POINT ('', (12.5000025993651, 98.0589198954861, -5.));
#3624 = CARTESIAN_POINT ('', (12.4930404081306, 98.1796842064797, -5.));
#3625 = CARTESIAN_POINT ('', (12.4589269401275, 98.3659698176234, -5.));
#3626 = CARTESIAN_POINT ('', (12.3991106337662, 98.5529065832021, -5.));
#3627 = CARTESIAN_POINT ('', (12.3127252343694, 98.7352562356249, -5.));
#3628 = CARTESIAN_POINT ('', (12.2003322006806, 98.9074435619958, -5.));
#3629 = CARTESIAN_POINT ('', (12.06404636069, 99.0640462960447, -5.));
#3630 = CARTESIAN_POINT ('', (11.9074433872384, 99.2003322845043, -5.));
#3631 = CARTESIAN_POINT ('', (11.7352568700089, 99.3127249637198, -5.));
#3632 = CARTESIAN_POINT ('', (11.5529042204236, 99.3991116325408, -5.));
#3633 = CARTESIAN_POINT ('', (11.3971328986985, 99.4489546184892, -5.));
#3634 = CARTESIAN_POINT ('', (11.2728149683456, 99.4759887614147, -5.));
#3635 = CARTESIAN_POINT ('', (11.1803541822164, 99.4900801158696, -5.));
#3636 = CARTESIAN_POINT ('', (11.08901268632, 99.4982630427396, -5.));
#3637 = CARTESIAN_POINT ('', (11.0000000000002, 99.5008684786305, -5.));
#3638 = CARTESIAN_POINT ('', (10.9109873136793, 99.4982630427382, -5.));
#3639 = CARTESIAN_POINT ('', (10.8196458177859, 99.4900801158751, -5.));
#3640 = CARTESIAN_POINT ('', (10.7271850316455, 99.4759887613939, -5.));
#3641 = CARTESIAN_POINT ('', (10.6028671013484, 99.4489546186003, -5.));
#3642 = CARTESIAN_POINT ('', (10.4470957791982, 99.3991116316456, -5.));
#3643 = CARTESIAN_POINT ('', (10.2647431313717, 99.3127249669884, -5.));
#3644 = CARTESIAN_POINT ('', (10.0925566076171, 99.2003322723252, -5.));
#3645 = CARTESIAN_POINT ('', (9.9359536585073, 99.0640463414927, -5.));
#3646 = CARTESIAN_POINT ('', (9.7996677276748, 98.9074433923829, -5.));
#3647 = CARTESIAN_POINT ('', (9.68727503301158, 98.7352568686283, -5.));
#3648 = CARTESIAN_POINT ('', (9.60088836835446, 98.5529042208018, -5.));
#3649 = CARTESIAN_POINT ('', (9.55104538139967, 98.3971328986516, -5.));
#3650 = CARTESIAN_POINT ('', (9.52401123860617, 98.2728149683545, -5.));
#3651 = CARTESIAN_POINT ('', (9.50991988412485, 98.1803541822141, -5.));
#3652 = CARTESIAN_POINT ('', (9.50173695726193, 98.0890126863207, -5.));
#3653 = CARTESIAN_POINT ('', (9.5, 98.0296708954402, -5.));
#3654 = CARTESIAN_POINT ('', (9.5, 98., -5.));
#3655 = CARTESIAN_POINT ('', (12., 98., -4.5));
#3656 = CARTESIAN_POINT ('', (12.0000017329101, 98.0392799303241, -4.5));
#3657 = CARTESIAN_POINT ('', (11.9953602720871, 98.1197894709865, -4.5));
#3658 = CARTESIAN_POINT ('', (11.972617960085, 98.2439798784156, -4.5));
#3659 = CARTESIAN_POINT ('', (11.9327404225108, 98.3686043888014, -4.5));
#3660 = CARTESIAN_POINT ('', (11.8751501562463, 98.49017082375, -4.5));
#3661 = CARTESIAN_POINT ('', (11.8002214671205, 98.6049623746639, -4.5));
#3662 = CARTESIAN_POINT ('', (11.70936424046, 98.7093641973632, -4.5));
#3663 = CARTESIAN_POINT ('', (11.604962258159, 98.8002215230029, -4.5));
#3664 = CARTESIAN_POINT ('', (11.4901712466727, 98.8751499758132, -4.5));
#3665 = CARTESIAN_POINT ('', (11.3686028136158, 98.9327410883605, -4.5));
#3666 = CARTESIAN_POINT ('', (11.264755265799, 98.9659697456595, -4.5));
#3667 = CARTESIAN_POINT ('', (11.1818766455638, 98.9839925076099, -4.5));
#3668 = CARTESIAN_POINT ('', (11.1202361214777, 98.9933867439131, -4.5));
#3669 = CARTESIAN_POINT ('', (11.0593417908801, 98.9988420284931, -4.5));
#3670 = CARTESIAN_POINT ('', (11.0000000000001, 99.0005789857537, -4.5));
#3671 = CARTESIAN_POINT ('', (10.9406582091196, 98.9988420284922, -4.5));
#3672 = CARTESIAN_POINT ('', (10.879763878524, 98.9933867439168, -4.5));
#3673 = CARTESIAN_POINT ('', (10.8181233544304, 98.983992507596, -4.5));
#3674 = CARTESIAN_POINT ('', (10.7352447342323, 98.9659697457335, -4.5));
#3675 = CARTESIAN_POINT ('', (10.6313971861322, 98.9327410877638, -4.5));
#3676 = CARTESIAN_POINT ('', (10.5098287542479, 98.8751499779923, -4.5));
#3677 = CARTESIAN_POINT ('', (10.3950377384114, 98.8002215148835, -4.5));
#3678 = CARTESIAN_POINT ('', (10.2906357723382, 98.7093642276619, -4.5));
#3679 = CARTESIAN_POINT ('', (10.1997784851166, 98.6049622615886, -4.5));
#3680 = CARTESIAN_POINT ('', (10.1248500220077, 98.4901712457522, -4.5));
#3681 = CARTESIAN_POINT ('', (10.0672589122363, 98.3686028138679, -4.5));
#3682 = CARTESIAN_POINT ('', (10.0340302542665, 98.2647552657677, -4.5));
#3683 = CARTESIAN_POINT ('', (10.0160074924041, 98.1818766455697, -4.5));
#3684 = CARTESIAN_POINT ('', (10.0066132560833, 98.1202361214761, -4.5));
#3685 = CARTESIAN_POINT ('', (10.001157971508, 98.0593417908805, -4.5));
#3686 = CARTESIAN_POINT ('', (10., 98.0197805969602, -4.5));
#3687 = CARTESIAN_POINT ('', (10., 98.0000000000001, -4.5));
#3688 = B_SPLINE_SURFACE_WITH_KNOTS ('', 1, 3, ((#3622, #3623, #3624, #3625, #3626, #3627, #3628, #3629, #3630, #3631, #3632, #3633, #3634, #3635, #3636, #3637, #3638, #3639, #3640, #3641, #3642, #3643, #3644, #3645, #3646, #3647, #3648, #3649, #3650, #3651, #3652, #3653, #3654), (#3655, #3656, #3657, #3658, #3659, #3660, #3661, #3662, #3663, #3664, #3665, #3666, #3667, #3668, #3669, #3670, #3671, #3672, #3673, #3674, #3675, #3676, #3677, #3678, #3679, #3680, #3681, #3682, #3683, #3684, #3685, #3686, #3687)), .UNSPECIFIED., .F., .F., .U., (2, 2), (4, 1, 1, 1, 1, 1, 1, 1, 1, 1, 1, 1, 1, 1, 1, 1, 1, 1, 1, 1, 1, 1, 1, 1, 1, 1, 1, 1, 1, 1, 4), (0., 1.), (0., 0.0208333333333349, 0.0416666666666662, 0.0624999999999992, 0.0833333333333326, 0.104166666666666, 0.125, 0.145833333333333, 0.166666666666666, 0.1875, 0.208333333333333, 0.21875, 0.229166666666667, 0.239583333333333, 0.25, 0.260416666666667, 0.270833333333334, 0.281250000000001, 0.291666666666668, 0.312500000000002, 0.333333333333336, 0.354166666666668, 0.375000000000003, 0.395833333333337, 0.416666666666672, 0.437500000000006, 0.458333333333338, 0.468750000000007, 0.479166666666673, 0.48958333333334, 0.5), .UNSPECIFIED.);
#3689 = ADVANCED_FACE ('', (#3621), #3688, .T.);
#3690 = ORIENTED_EDGE ('', *, *, #2194, .F.);
#3691 = ORIENTED_EDGE ('', *, *, #967, .F.);
#3692 = ORIENTED_EDGE ('', *, *, #2207, .T.);
#3693 = ORIENTED_EDGE ('', *, *, #1791, .T.);
#3694 = EDGE_LOOP ('', (#3690, #3691, #3692, #3693));
#3695 = FACE_OUTER_BOUND ('', #3694, .T.);
#3696 = CARTESIAN_POINT ('', (130.5, 98., -5.));
#3697 = CARTESIAN_POINT ('', (130.500002599365, 98.0589198954861, -5.));
#3698 = CARTESIAN_POINT ('', (130.493040408131, 98.1796842064797, -5.));
#3699 = CARTESIAN_POINT ('', (130.458926940128, 98.3659698176234, -5.));
#3700 = CARTESIAN_POINT ('', (130.399110633766, 98.5529065832021, -5.));
#3701 = CARTESIAN_POINT ('', (130.312725234369, 98.735256235625, -5.));
#3702 = CARTESIAN_POINT ('', (130.200332200681, 98.9074435619957, -5.));
#3703 = CARTESIAN_POINT ('', (130.06404636069, 99.0640462960447, -5.));
#3704 = CARTESIAN_POINT ('', (129.907443387238, 99.2003322845043, -5.));
#3705 = CARTESIAN_POINT ('', (129.735256870009, 99.3127249637198, -5.));
#3706 = CARTESIAN_POINT ('', (129.552904220424, 99.3991116325407, -5.));
#3707 = CARTESIAN_POINT ('', (129.397132898699, 99.4489546184892, -5.));
#3708 = CARTESIAN_POINT ('', (129.272814968346, 99.4759887614148, -5.));
#3709 = CARTESIAN_POINT ('', (129.180354182216, 99.4900801158695, -5.));
#3710 = CARTESIAN_POINT ('', (129.08901268632, 99.4982630427396, -5.));
#3711 = CARTESIAN_POINT ('', (129., 99.5008684786305, -5.));
#3712 = CARTESIAN_POINT ('', (128.910987313679, 99.4982630427382, -5.));
#3713 = CARTESIAN_POINT ('', (128.819645817786, 99.4900801158751, -5.));
#3714 = CARTESIAN_POINT ('', (128.727185031646, 99.4759887613939, -5.));
#3715 = CARTESIAN_POINT ('', (128.602867101348, 99.4489546186003, -5.));
#3716 = CARTESIAN_POINT ('', (128.447095779198, 99.3991116316456, -5.));
#3717 = CARTESIAN_POINT ('', (128.264743131372, 99.3127249669884, -5.));
#3718 = CARTESIAN_POINT ('', (128.092556607617, 99.2003322723252, -5.));
#3719 = CARTESIAN_POINT ('', (127.935953658507, 99.0640463414927, -5.));
#3720 = CARTESIAN_POINT ('', (127.799667727675, 98.9074433923829, -5.));
#3721 = CARTESIAN_POINT ('', (127.687275033012, 98.7352568686283, -5.));
#3722 = CARTESIAN_POINT ('', (127.600888368354, 98.5529042208018, -5.));
#3723 = CARTESIAN_POINT ('', (127.5510453814, 98.3971328986516, -5.));
#3724 = CARTESIAN_POINT ('', (127.524011238606, 98.2728149683545, -5.));
#3725 = CARTESIAN_POINT ('', (127.509919884125, 98.1803541822141, -5.));
#3726 = CARTESIAN_POINT ('', (127.501736957262, 98.0890126863207, -5.));
#3727 = CARTESIAN_POINT ('', (127.5, 98.0296708954402, -5.));
#3728 = CARTESIAN_POINT ('', (127.5, 98., -5.));
#3729 = CARTESIAN_POINT ('', (130., 98., -4.5));
#3730 = CARTESIAN_POINT ('', (130.00000173291, 98.0392799303241, -4.5));
#3731 = CARTESIAN_POINT ('', (129.995360272087, 98.1197894709864, -4.5));
#3732 = CARTESIAN_POINT ('', (129.972617960085, 98.2439798784156, -4.5));
#3733 = CARTESIAN_POINT ('', (129.932740422511, 98.3686043888014, -4.5));
#3734 = CARTESIAN_POINT ('', (129.875150156246, 98.49017082375, -4.5));
#3735 = CARTESIAN_POINT ('', (129.80022146712, 98.6049623746638, -4.5));
#3736 = CARTESIAN_POINT ('', (129.70936424046, 98.7093641973631, -4.5));
#3737 = CARTESIAN_POINT ('', (129.604962258159, 98.8002215230029, -4.5));
#3738 = CARTESIAN_POINT ('', (129.490171246673, 98.8751499758132, -4.5));
#3739 = CARTESIAN_POINT ('', (129.368602813616, 98.9327410883605, -4.5));
#3740 = CARTESIAN_POINT ('', (129.264755265799, 98.9659697456595, -4.5));
#3741 = CARTESIAN_POINT ('', (129.181876645564, 98.9839925076098, -4.5));
#3742 = CARTESIAN_POINT ('', (129.120236121478, 98.993386743913, -4.5));
#3743 = CARTESIAN_POINT ('', (129.05934179088, 98.9988420284931, -4.5));
#3744 = CARTESIAN_POINT ('', (129., 99.0005789857537, -4.5));
#3745 = CARTESIAN_POINT ('', (128.940658209119, 98.9988420284921, -4.5));
#3746 = CARTESIAN_POINT ('', (128.879763878524, 98.9933867439167, -4.5));
#3747 = CARTESIAN_POINT ('', (128.81812335443, 98.9839925075959, -4.5));
#3748 = CARTESIAN_POINT ('', (128.735244734232, 98.9659697457335, -4.5));
#3749 = CARTESIAN_POINT ('', (128.631397186132, 98.9327410877637, -4.5));
#3750 = CARTESIAN_POINT ('', (128.509828754248, 98.8751499779923, -4.5));
#3751 = CARTESIAN_POINT ('', (128.395037738411, 98.8002215148835, -4.5));
#3752 = CARTESIAN_POINT ('', (128.290635772338, 98.7093642276618, -4.5));
#3753 = CARTESIAN_POINT ('', (128.199778485117, 98.6049622615886, -4.5));
#3754 = CARTESIAN_POINT ('', (128.124850022008, 98.4901712457522, -4.5));
#3755 = CARTESIAN_POINT ('', (128.067258912236, 98.3686028138678, -4.5));
#3756 = CARTESIAN_POINT ('', (128.034030254266, 98.2647552657677, -4.5));
#3757 = CARTESIAN_POINT ('', (128.016007492404, 98.1818766455696, -4.5));
#3758 = CARTESIAN_POINT ('', (128.006613256083, 98.1202361214761, -4.5));
#3759 = CARTESIAN_POINT ('', (128.001157971508, 98.0593417908804, -4.5));
#3760 = CARTESIAN_POINT ('', (128., 98.0197805969601, -4.5));
#3761 = CARTESIAN_POINT ('', (128., 98., -4.5));
#3762 = B_SPLINE_SURFACE_WITH_KNOTS ('', 1, 3, ((#3696, #3697, #3698, #3699, #3700, #3701, #3702, #3703, #3704, #3705, #3706, #3707, #3708, #3709, #3710, #3711, #3712, #3713, #3714, #3715, #3716, #3717, #3718, #3719, #3720, #3721, #3722, #3723, #3724, #3725, #3726, #3727, #3728), (#3729, #3730, #3731, #3732, #3733, #3734, #3735, #3736, #3737, #3738, #3739, #3740, #3741, #3742, #3743, #3744, #3745, #3746, #3747, #3748, #3749, #3750, #3751, #3752, #3753, #3754, #3755, #3756, #3757, #3758, #3759, #3760, #3761)), .UNSPECIFIED., .F., .F., .U., (2, 2), (4, 1, 1, 1, 1, 1, 1, 1, 1, 1, 1, 1, 1, 1, 1, 1, 1, 1, 1, 1, 1, 1, 1, 1, 1, 1, 1, 1, 1, 1, 4), (0., 1.), (0., 0.0208333333333351, 0.0416666666666666, 0.0624999999999997, 0.0833333333333339, 0.104166666666666, 0.125, 0.145833333333334, 0.166666666666667, 0.1875, 0.208333333333334, 0.218749999999999, 0.229166666666667, 0.239583333333333, 0.25, 0.260416666666667, 0.270833333333334, 0.281250000000001, 0.291666666666667, 0.312500000000002, 0.333333333333333, 0.354166666666664, 0.375, 0.395833333333333, 0.416666666666667, 0.437500000000001, 0.458333333333332, 0.468750000000001, 0.479166666666667, 0.489583333333334, 0.5), .UNSPECIFIED.);
#3763 = ADVANCED_FACE ('', (#3695), #3762, .T.);
#3764 = ORIENTED_EDGE ('', *, *, #2283, .F.);
#3765 = ORIENTED_EDGE ('', *, *, #889, .F.);
#3766 = ORIENTED_EDGE ('', *, *, #2296, .T.);
#3767 = ORIENTED_EDGE ('', *, *, #1865, .T.);
#3768 = EDGE_LOOP ('', (#3764, #3765, #3766, #3767));
#3769 = FACE_OUTER_BOUND ('', #3768, .T.);
#3770 = CARTESIAN_POINT ('', (130.5, 56., -5.));
#3771 = CARTESIAN_POINT ('', (130.500002599365, 56.0589198954861, -5.));
#3772 = CARTESIAN_POINT ('', (130.493040408131, 56.1796842064797, -5.));
#3773 = CARTESIAN_POINT ('', (130.458926940127, 56.3659698176233, -5.));
#3774 = CARTESIAN_POINT ('', (130.399110633766, 56.5529065832021, -5.));
#3775 = CARTESIAN_POINT ('', (130.312725234369, 56.735256235625, -5.));
#3776 = CARTESIAN_POINT ('', (130.200332200681, 56.9074435619957, -5.));
#3777 = CARTESIAN_POINT ('', (130.06404636069, 57.0640462960447, -5.));
#3778 = CARTESIAN_POINT ('', (129.907443387238, 57.2003322845043, -5.));
#3779 = CARTESIAN_POINT ('', (129.735256870009, 57.3127249637198, -5.));
#3780 = CARTESIAN_POINT ('', (129.552904220424, 57.3991116325408, -5.));
#3781 = CARTESIAN_POINT ('', (129.397132898698, 57.4489546184892, -5.));
#3782 = CARTESIAN_POINT ('', (129.272814968346, 57.4759887614147, -5.));
#3783 = CARTESIAN_POINT ('', (129.180354182216, 57.4900801158695, -5.));
#3784 = CARTESIAN_POINT ('', (129.08901268632, 57.4982630427395, -5.));
#3785 = CARTESIAN_POINT ('', (129., 57.5008684786306, -5.));
#3786 = CARTESIAN_POINT ('', (128.910987313679, 57.4982630427382, -5.));
#3787 = CARTESIAN_POINT ('', (128.819645817786, 57.4900801158751, -5.));
#3788 = CARTESIAN_POINT ('', (128.727185031646, 57.4759887613938, -5.));
#3789 = CARTESIAN_POINT ('', (128.602867101348, 57.4489546186003, -5.));
#3790 = CARTESIAN_POINT ('', (128.447095779198, 57.3991116316455, -5.));
#3791 = CARTESIAN_POINT ('', (128.264743131372, 57.3127249669884, -5.));
#3792 = CARTESIAN_POINT ('', (128.092556607617, 57.2003322723252, -5.));
#3793 = CARTESIAN_POINT ('', (127.935953658507, 57.0640463414927, -5.));
#3794 = CARTESIAN_POINT ('', (127.799667727675, 56.9074433923829, -5.));
#3795 = CARTESIAN_POINT ('', (127.687275033012, 56.7352568686283, -5.));
#3796 = CARTESIAN_POINT ('', (127.600888368354, 56.5529042208017, -5.));
#3797 = CARTESIAN_POINT ('', (127.5510453814, 56.3971328986516, -5.));
#3798 = CARTESIAN_POINT ('', (127.524011238606, 56.2728149683545, -5.));
#3799 = CARTESIAN_POINT ('', (127.509919884125, 56.1803541822141, -5.));
#3800 = CARTESIAN_POINT ('', (127.501736957262, 56.0890126863206, -5.));
#3801 = CARTESIAN_POINT ('', (127.5, 56.0296708954402, -5.));
#3802 = CARTESIAN_POINT ('', (127.5, 56., -5.));
#3803 = CARTESIAN_POINT ('', (130., 56., -4.5));
#3804 = CARTESIAN_POINT ('', (130.00000173291, 56.039279930324, -4.5));
#3805 = CARTESIAN_POINT ('', (129.995360272087, 56.1197894709865, -4.5));
#3806 = CARTESIAN_POINT ('', (129.972617960085, 56.2439798784155, -4.5));
#3807 = CARTESIAN_POINT ('', (129.932740422511, 56.3686043888014, -4.5));
#3808 = CARTESIAN_POINT ('', (129.875150156246, 56.49017082375, -4.5));
#3809 = CARTESIAN_POINT ('', (129.80022146712, 56.6049623746638, -4.5));
#3810 = CARTESIAN_POINT ('', (129.70936424046, 56.7093641973631, -4.5));
#3811 = CARTESIAN_POINT ('', (129.604962258159, 56.8002215230029, -4.5));
#3812 = CARTESIAN_POINT ('', (129.490171246673, 56.8751499758132, -4.5));
#3813 = CARTESIAN_POINT ('', (129.368602813616, 56.9327410883605, -4.5));
#3814 = CARTESIAN_POINT ('', (129.264755265799, 56.9659697456594, -4.5));
#3815 = CARTESIAN_POINT ('', (129.181876645564, 56.9839925076098, -4.5));
#3816 = CARTESIAN_POINT ('', (129.120236121478, 56.993386743913, -4.5));
#3817 = CARTESIAN_POINT ('', (129.05934179088, 56.998842028493, -4.5));
#3818 = CARTESIAN_POINT ('', (129., 57.0005789857537, -4.5));
#3819 = CARTESIAN_POINT ('', (128.940658209119, 56.9988420284921, -4.5));
#3820 = CARTESIAN_POINT ('', (128.879763878524, 56.9933867439167, -4.5));
#3821 = CARTESIAN_POINT ('', (128.81812335443, 56.9839925075958, -4.5));
#3822 = CARTESIAN_POINT ('', (128.735244734232, 56.9659697457335, -4.5));
#3823 = CARTESIAN_POINT ('', (128.631397186132, 56.9327410877636, -4.5));
#3824 = CARTESIAN_POINT ('', (128.509828754248, 56.8751499779922, -4.5));
#3825 = CARTESIAN_POINT ('', (128.395037738411, 56.8002215148834, -4.5));
#3826 = CARTESIAN_POINT ('', (128.290635772338, 56.7093642276617, -4.5));
#3827 = CARTESIAN_POINT ('', (128.199778485116, 56.6049622615885, -4.5));
#3828 = CARTESIAN_POINT ('', (128.124850022008, 56.4901712457521, -4.5));
#3829 = CARTESIAN_POINT ('', (128.067258912236, 56.3686028138678, -4.5));
#3830 = CARTESIAN_POINT ('', (128.034030254266, 56.2647552657676, -4.5));
#3831 = CARTESIAN_POINT ('', (128.016007492404, 56.1818766455696, -4.5));
#3832 = CARTESIAN_POINT ('', (128.006613256083, 56.120236121476, -4.5));
#3833 = CARTESIAN_POINT ('', (128.001157971508, 56.0593417908803, -4.5));
#3834 = CARTESIAN_POINT ('', (128., 56.0197805969601, -4.5));
#3835 = CARTESIAN_POINT ('', (128., 55.9999999999999, -4.5));
#3836 = B_SPLINE_SURFACE_WITH_KNOTS ('', 1, 3, ((#3770, #3771, #3772, #3773, #3774, #3775, #3776, #3777, #3778, #3779, #3780, #3781, #3782, #3783, #3784, #3785, #3786, #3787, #3788, #3789, #3790, #3791, #3792, #3793, #3794, #3795, #3796, #3797, #3798, #3799, #3800, #3801, #3802), (#3803, #3804, #3805, #3806, #3807, #3808, #3809, #3810, #3811, #3812, #3813, #3814, #3815, #3816, #3817, #3818, #3819, #3820, #3821, #3822, #3823, #3824, #3825, #3826, #3827, #3828, #3829, #3830, #3831, #3832, #3833, #3834, #3835)), .UNSPECIFIED., .F., .F., .U., (2, 2), (4, 1, 1, 1, 1, 1, 1, 1, 1, 1, 1, 1, 1, 1, 1, 1, 1, 1, 1, 1, 1, 1, 1, 1, 1, 1, 1, 1, 1, 1, 4), (0., 1.), (0., 0.0208333333333336, 0.0416666666666659, 0.0624999999999998, 0.0833333333333341, 0.104166666666666, 0.125, 0.145833333333334, 0.166666666666667, 0.187500000000001, 0.208333333333334, 0.218749999999999, 0.229166666666666, 0.239583333333333, 0.25, 0.260416666666666, 0.270833333333333, 0.281249999999999, 0.291666666666664, 0.312499999999999, 0.333333333333329, 0.354166666666661, 0.374999999999995, 0.395833333333327, 0.41666666666666, 0.437499999999993, 0.458333333333324, 0.468749999999992, 0.479166666666657, 0.489583333333324, 0.5), .UNSPECIFIED.);
#3837 = ADVANCED_FACE ('', (#3769), #3836, .T.);
#3838 = ORIENTED_EDGE ('', *, *, #2374, .F.);
#3839 = ORIENTED_EDGE ('', *, *, #791, .F.);
#3840 = ORIENTED_EDGE ('', *, *, #2389, .T.);
#3841 = ORIENTED_EDGE ('', *, *, #2508, .T.);
#3842 = EDGE_LOOP ('', (#3838, #3839, #3840, #3841));
#3843 = FACE_OUTER_BOUND ('', #3842, .T.);
#3844 = CARTESIAN_POINT ('', (122.5, 17.0000000000001, -5.));
#3845 = CARTESIAN_POINT ('', (122.26432768415, 17.0000178598918, -5.));
#3846 = CARTESIAN_POINT ('', (121.902012952886, 16.979108898895, -5.));
#3847 = CARTESIAN_POINT ('', (121.408713750077, 16.9039570838097, -5.));
#3848 = CARTESIAN_POINT ('', (121.03578696067, 16.8228439826348, -5.));
#3849 = CARTESIAN_POINT ('', (120.662258166542, 16.71610219528, -5.));
#3850 = CARTESIAN_POINT ('', (120.290663790931, 16.5831431214423, -5.));
#3851 = CARTESIAN_POINT ('', (119.923677125508, 16.4237041571991, -5.));
#3852 = CARTESIAN_POINT ('', (119.564057766292, 16.2378808279505, -5.));
#3853 = CARTESIAN_POINT ('', (119.214591458532, 16.0261476186973, -5.));
#3854 = CARTESIAN_POINT ('', (118.878025277715, 15.7893671011325, -5.));
#3855 = CARTESIAN_POINT ('', (118.557000311999, 15.5287855679012, -5.));
#3856 = CARTESIAN_POINT ('', (118.253985283296, 15.2460147166735, -5.));
#3857 = CARTESIAN_POINT ('', (117.9712144321, 14.9429996881211, -5.));
#3858 = CARTESIAN_POINT ('', (117.710632898892, 14.6219747218373, -5.));
#3859 = CARTESIAN_POINT ('', (117.473852381204, 14.2854085431406, -5.));
#3860 = CARTESIAN_POINT ('', (117.262119172422, 13.9359422274659, -5.));
#3861 = CARTESIAN_POINT ('', (117.07629584141, 13.5763228977876, -5.));
#3862 = CARTESIAN_POINT ('', (116.916856883748, 13.2093361221285, -5.));
#3863 = CARTESIAN_POINT ('', (116.783897785349, 12.8377421579266, -5.));
#3864 = CARTESIAN_POINT ('', (116.677156089658, 12.4642118283989, -5.));
#3865 = CARTESIAN_POINT ('', (116.59604264639, 12.0912907691797, -5.));
#3866 = CARTESIAN_POINT ('', (116.539680061783, 11.7212949817203, -5.));
#3867 = CARTESIAN_POINT ('', (116.512403373586, 11.4173048620079, -5.));
#3868 = CARTESIAN_POINT ('', (116.501736384272, 11.1774021070355, -5.));
#3869 = CARTESIAN_POINT ('', (116.499131807864, 11.0000000000001, -5.));
#3870 = CARTESIAN_POINT ('', (116.501736384272, 10.8225978929647, -5.));
#3871 = CARTESIAN_POINT ('', (116.512403373586, 10.5826951379923, -5.));
#3872 = CARTESIAN_POINT ('', (116.539680061783, 10.2787050182799, -5.));
#3873 = CARTESIAN_POINT ('', (116.596042646391, 9.90870923082057, -5.));
#3874 = CARTESIAN_POINT ('', (116.677156089658, 9.53578817160132, -5.));
#3875 = CARTESIAN_POINT ('', (116.783897785349, 9.16225784207366, -5.));
#3876 = CARTESIAN_POINT ('', (116.916856883748, 8.79066387787176, -5.));
#3877 = CARTESIAN_POINT ('', (117.07629584141, 8.42367710221258, -5.));
#3878 = CARTESIAN_POINT ('', (117.262119172422, 8.06405777253432, -5.));
#3879 = CARTESIAN_POINT ('', (117.473852381203, 7.71459145685956, -5.));
#3880 = CARTESIAN_POINT ('', (117.710632898894, 7.37802527816304, -5.));
#3881 = CARTESIAN_POINT ('', (117.971214432092, 7.05700031187863, -5.));
#3882 = CARTESIAN_POINT ('', (118.253985283328, 6.75398528332863, -5.));
#3883 = CARTESIAN_POINT ('', (118.557000311879, 6.47121443209184, -5.));
#3884 = CARTESIAN_POINT ('', (118.878025278163, 6.2106328988945, -5.));
#3885 = CARTESIAN_POINT ('', (119.214591456859, 5.9738523812031, -5.));
#3886 = CARTESIAN_POINT ('', (119.564057772534, 5.76211917242235, -5.));
#3887 = CARTESIAN_POINT ('', (119.923677102212, 5.57629584141038, -5.));
#3888 = CARTESIAN_POINT ('', (120.290663877872, 5.41685688374833, -5.));
#3889 = CARTESIAN_POINT ('', (120.662257842074, 5.28389778534951, -5.));
#3890 = CARTESIAN_POINT ('', (121.035788171601, 5.17715608965812, -5.));
#3891 = CARTESIAN_POINT ('', (121.40870923082, 5.09604264639064, -5.));
#3892 = CARTESIAN_POINT ('', (121.77870501828, 5.03968006178333, -5.));
#3893 = CARTESIAN_POINT ('', (122.082695137992, 5.0124033735862, -5.));
#3894 = CARTESIAN_POINT ('', (122.322597892965, 5.00173638427171, -5.));
#3895 = CARTESIAN_POINT ('', (122.440865964322, 5.00000000000011, -5.));
#3896 = CARTESIAN_POINT ('', (122.5, 5.00000000000011, -5.));
#3897 = CARTESIAN_POINT ('', (122.5, 16.5000000000001, -4.5));
#3898 = CARTESIAN_POINT ('', (122.283967043804, 16.5000163715675, -4.5));
#3899 = CARTESIAN_POINT ('', (121.951845206812, 16.4808498239871, -4.5));
#3900 = CARTESIAN_POINT ('', (121.499654270904, 16.4119606601589, -4.5));
#3901 = CARTESIAN_POINT ('', (121.157804713947, 16.3376069840819, -4.5));
#3902 = CARTESIAN_POINT ('', (120.81540331933, 16.2397603456733, -4.5));
#3903 = CARTESIAN_POINT ('', (120.474775141686, 16.1178811946554, -4.5));
#3904 = CARTESIAN_POINT ('', (120.138370698383, 15.9717288107658, -4.5));
#3905 = CARTESIAN_POINT ('', (119.808719619101, 15.8013907589546, -4.5));
#3906 = CARTESIAN_POINT ('', (119.488375503654, 15.6073019838058, -4.5));
#3907 = CARTESIAN_POINT ('', (119.179856504572, 15.3902531760381, -4.5));
#3908 = CARTESIAN_POINT ('', (118.885583619332, 15.1513867705761, -4.5));
#3909 = CARTESIAN_POINT ('', (118.607819843022, 14.8921801569507, -4.5));
#3910 = CARTESIAN_POINT ('', (118.348613229425, 14.6144163807776, -4.5));
#3911 = CARTESIAN_POINT ('', (118.109746823984, 14.3201434950175, -4.5));
#3912 = CARTESIAN_POINT ('', (117.892698016103, 14.0116244978789, -4.5));
#3913 = CARTESIAN_POINT ('', (117.698609241387, 13.6912803751771, -4.5));
#3914 = CARTESIAN_POINT ('', (117.528271187959, 13.361629322972, -4.5));
#3915 = CARTESIAN_POINT ('', (117.382118810103, 13.0252247786178, -4.5));
#3916 = CARTESIAN_POINT ('', (117.26023963657, 12.6845969780993, -4.5));
#3917 = CARTESIAN_POINT ('', (117.162393082187, 12.3421941760323, -4.5));
#3918 = CARTESIAN_POINT ('', (117.088039092525, 12.000349871748, -4.5));
#3919 = CARTESIAN_POINT ('', (117.036373389968, 11.661187066577, -4.5));
#3920 = CARTESIAN_POINT ('', (117.011369759121, 11.3825294568406, -4.5));
#3921 = CARTESIAN_POINT ('', (117.001591685582, 11.1626185981159, -4.5));
#3922 = CARTESIAN_POINT ('', (116.999204157209, 11.0000000000001, -4.5));
#3923 = CARTESIAN_POINT ('', (117.001591685582, 10.8373814018843, -4.5));
#3924 = CARTESIAN_POINT ('', (117.011369759121, 10.6174705431596, -4.5));
#3925 = CARTESIAN_POINT ('', (117.036373389968, 10.3388129334232, -4.5));
#3926 = CARTESIAN_POINT ('', (117.088039092525, 9.99965012825217, -4.5));
#3927 = CARTESIAN_POINT ('', (117.162393082187, 9.65780582396786, -4.5));
#3928 = CARTESIAN_POINT ('', (117.26023963657, 9.31540302190084, -4.5));
#3929 = CARTESIAN_POINT ('', (117.382118810103, 8.97477522138243, -4.5));
#3930 = CARTESIAN_POINT ('', (117.528271187959, 8.63837067702818, -4.5));
#3931 = CARTESIAN_POINT ('', (117.698609241387, 8.30871962482311, -4.5));
#3932 = CARTESIAN_POINT ('', (117.892698016103, 7.98837550212125, -4.5));
#3933 = CARTESIAN_POINT ('', (118.109746823987, 7.67985650498278, -4.5));
#3934 = CARTESIAN_POINT ('', (118.348613229417, 7.38558361922207, -4.5));
#3935 = CARTESIAN_POINT ('', (118.607819843051, 7.10781984305123, -4.5));
#3936 = CARTESIAN_POINT ('', (118.885583619222, 6.84861322941751, -4.5));
#3937 = CARTESIAN_POINT ('', (119.179856504983, 6.60974682398662, -4.5));
#3938 = CARTESIAN_POINT ('', (119.488375502121, 6.39269801610283, -4.5));
#3939 = CARTESIAN_POINT ('', (119.808719624823, 6.19860924138714, -4.5));
#3940 = CARTESIAN_POINT ('', (120.138370677028, 6.02827118795951, -4.5));
#3941 = CARTESIAN_POINT ('', (120.474775221382, 5.88211881010263, -4.5));
#3942 = CARTESIAN_POINT ('', (120.815403021901, 5.76023963657038, -4.5));
#3943 = CARTESIAN_POINT ('', (121.157805823968, 5.66239308218661, -4.5));
#3944 = CARTESIAN_POINT ('', (121.499650128252, 5.58803909252474, -4.5));
#3945 = CARTESIAN_POINT ('', (121.838812933423, 5.53637338996805, -4.5));
#3946 = CARTESIAN_POINT ('', (122.11747054316, 5.51136975912068, -4.5));
#3947 = CARTESIAN_POINT ('', (122.337381401884, 5.5015916855824, -4.5));
#3948 = CARTESIAN_POINT ('', (122.445793800628, 5.5000000000001, -4.5));
#3949 = CARTESIAN_POINT ('', (122.5, 5.5000000000001, -4.5));
#3950 = B_SPLINE_SURFACE_WITH_KNOTS ('', 1, 3, ((#3844, #3845, #3846, #3847, #3848, #3849, #3850, #3851, #3852, #3853, #3854, #3855, #3856, #3857, #3858, #3859, #3860, #3861, #3862, #3863, #3864, #3865, #3866, #3867, #3868, #3869, #3870, #3871, #3872, #3873, #3874, #3875, #3876, #3877, #3878, #3879, #3880, #3881, #3882, #3883, #3884, #3885, #3886, #3887, #3888, #3889, #3890, #3891, #3892, #3893, #3894, #3895, #3896), (#3897, #3898, #3899, #3900, #3901, #3902, #3903, #3904, #3905, #3906, #3907, #3908, #3909, #3910, #3911, #3912, #3913, #3914, #3915, #3916, #3917, #3918, #3919, #3920, #3921, #3922, #3923, #3924, #3925, #3926, #3927, #3928, #3929, #3930, #3931, #3932, #3933, #3934, #3935, #3936, #3937, #3938, #3939, #3940, #3941, #3942, #3943, #3944, #3945, #3946, #3947, #3948, #3949)), .UNSPECIFIED., .F., .F., .U., (2, 2), (4, 1, 1, 1, 1, 1, 1, 1, 1, 1, 1, 1, 1, 1, 1, 1, 1, 1, 1, 1, 1, 1, 1, 1, 1, 1, 1, 1, 1, 1, 1, 1, 1, 1, 1, 1, 1, 1, 1, 1, 1, 1, 1, 1, 1, 1, 1, 1, 1, 1, 4), (0., 1.), (0., 0.0208333333333331, 0.0312500000000002, 0.0416666666666664, 0.0520833333333333, 0.0625000000000001, 0.0729166666666668, 0.0833333333333333, 0.0937499999999996, 0.104166666666667, 0.114583333333334, 0.125, 0.135416666666666, 0.145833333333333, 0.15625, 0.166666666666667, 0.177083333333333, 0.1875, 0.197916666666667, 0.208333333333333, 0.21875, 0.229166666666667, 0.239583333333333, 0.244791666666667, 0.25, 0.255208333333333, 0.260416666666667, 0.270833333333333, 0.28125, 0.291666666666666, 0.302083333333333, 0.3125, 0.322916666666666, 0.333333333333333, 0.34375, 0.354166666666666, 0.364583333333333, 0.375, 0.385416666666666, 0.395833333333333, 0.40625, 0.416666666666666, 0.427083333333333, 0.437499999999999, 0.447916666666666, 0.458333333333333, 0.468749999999999, 0.479166666666666, 0.489583333333333, 0.494791666666666, 0.5), .UNSPECIFIED.);
#3951 = ADVANCED_FACE ('', (#3843), #3950, .T.);
#3952 = ORIENTED_EDGE ('', *, *, #2524, .F.);
#3953 = ORIENTED_EDGE ('', *, *, #673, .F.);
#3954 = ORIENTED_EDGE ('', *, *, #2539, .T.);
#3955 = ORIENTED_EDGE ('', *, *, #2658, .T.);
#3956 = EDGE_LOOP ('', (#3952, #3953, #3954, #3955));
#3957 = FACE_OUTER_BOUND ('', #3956, .T.);
#3958 = CARTESIAN_POINT ('', (17.5, 17.0000000000001, -5.));
#3959 = CARTESIAN_POINT ('', (17.2643276841499, 17.0000178598918, -5.));
#3960 = CARTESIAN_POINT ('', (16.9020129528859, 16.979108898895, -5.));
#3961 = CARTESIAN_POINT ('', (16.4087137500772, 16.9039570838097, -5.));
#3962 = CARTESIAN_POINT ('', (16.03578696067, 16.8228439826348, -5.));
#3963 = CARTESIAN_POINT ('', (15.6622581665416, 16.71610219528, -5.));
#3964 = CARTESIAN_POINT ('', (15.2906637909307, 16.5831431214423, -5.));
#3965 = CARTESIAN_POINT ('', (14.9236771255082, 16.4237041571991, -5.));
#3966 = CARTESIAN_POINT ('', (14.5640577662921, 16.2378808279505, -5.));
#3967 = CARTESIAN_POINT ('', (14.214591458532, 16.0261476186973, -5.));
#3968 = CARTESIAN_POINT ('', (13.8780252777148, 15.7893671011325, -5.));
#3969 = CARTESIAN_POINT ('', (13.5570003119986, 15.5287855679012, -5.));
#3970 = CARTESIAN_POINT ('', (13.2539852832963, 15.2460147166735, -5.));
#3971 = CARTESIAN_POINT ('', (12.9712144321003, 14.9429996881211, -5.));
#3972 = CARTESIAN_POINT ('', (12.7106328988921, 14.6219747218373, -5.));
#3973 = CARTESIAN_POINT ('', (12.4738523812036, 14.2854085431406, -5.));
#3974 = CARTESIAN_POINT ('', (12.2621191724221, 13.9359422274659, -5.));
#3975 = CARTESIAN_POINT ('', (12.0762958414103, 13.5763228977876, -5.));
#3976 = CARTESIAN_POINT ('', (11.9168568837482, 13.2093361221285, -5.));
#3977 = CARTESIAN_POINT ('', (11.7838977853494, 12.8377421579266, -5.));
#3978 = CARTESIAN_POINT ('', (11.677156089658, 12.4642118283989, -5.));
#3979 = CARTESIAN_POINT ('', (11.5960426463905, 12.0912907691797, -5.));
#3980 = CARTESIAN_POINT ('', (11.5396800617832, 11.7212949817203, -5.));
#3981 = CARTESIAN_POINT ('', (11.5124033735861, 11.4173048620079, -5.));
#3982 = CARTESIAN_POINT ('', (11.5017363842716, 11.1774021070355, -5.));
#3983 = CARTESIAN_POINT ('', (11.4991318078642, 11.0000000000001, -5.));
#3984 = CARTESIAN_POINT ('', (11.5017363842716, 10.8225978929647, -5.));
#3985 = CARTESIAN_POINT ('', (11.5124033735861, 10.5826951379923, -5.));
#3986 = CARTESIAN_POINT ('', (11.5396800617832, 10.2787050182799, -5.));
#3987 = CARTESIAN_POINT ('', (11.5960426463905, 9.90870923082057, -5.));
#3988 = CARTESIAN_POINT ('', (11.677156089658, 9.53578817160132, -5.));
#3989 = CARTESIAN_POINT ('', (11.7838977853494, 9.16225784207368, -5.));
#3990 = CARTESIAN_POINT ('', (11.9168568837482, 8.79066387787175, -5.));
#3991 = CARTESIAN_POINT ('', (12.0762958414103, 8.42367710221258, -5.));
#3992 = CARTESIAN_POINT ('', (12.2621191724222, 8.06405777253432, -5.));
#3993 = CARTESIAN_POINT ('', (12.473852381203, 7.71459145685955, -5.));
#3994 = CARTESIAN_POINT ('', (12.7106328988944, 7.37802527816304, -5.));
#3995 = CARTESIAN_POINT ('', (12.9712144320917, 7.05700031187865, -5.));
#3996 = CARTESIAN_POINT ('', (13.2539852833285, 6.75398528332863, -5.));
#3997 = CARTESIAN_POINT ('', (13.5570003118785, 6.47121443209183, -5.));
#3998 = CARTESIAN_POINT ('', (13.8780252781629, 6.21063289889451, -5.));
#3999 = CARTESIAN_POINT ('', (14.2145914568594, 5.97385238120309, -5.));
#4000 = CARTESIAN_POINT ('', (14.5640577725342, 5.76211917242235, -5.));
#4001 = CARTESIAN_POINT ('', (14.9236771022125, 5.57629584141038, -5.));
#4002 = CARTESIAN_POINT ('', (15.2906638778716, 5.41685688374832, -5.));
#4003 = CARTESIAN_POINT ('', (15.6622578420736, 5.28389778534951, -5.));
#4004 = CARTESIAN_POINT ('', (16.0357881716012, 5.17715608965812, -5.));
#4005 = CARTESIAN_POINT ('', (16.4087092308204, 5.09604264639064, -5.));
#4006 = CARTESIAN_POINT ('', (16.7787050182798, 5.03968006178333, -5.));
#4007 = CARTESIAN_POINT ('', (17.0826951379922, 5.0124033735862, -5.));
#4008 = CARTESIAN_POINT ('', (17.3225978929646, 5.00173638427171, -5.));
#4009 = CARTESIAN_POINT ('', (17.4408659643215, 5.00000000000011, -5.));
#4010 = CARTESIAN_POINT ('', (17.5, 5.00000000000011, -5.));
#4011 = CARTESIAN_POINT ('', (17.5, 16.5000000000001, -4.5));
#4012 = CARTESIAN_POINT ('', (17.2839670438041, 16.5000163715675, -4.5));
#4013 = CARTESIAN_POINT ('', (16.9518452068121, 16.4808498239871, -4.5));
#4014 = CARTESIAN_POINT ('', (16.4996542709041, 16.4119606601589, -4.5));
#4015 = CARTESIAN_POINT ('', (16.1578047139475, 16.3376069840819, -4.5));
#4016 = CARTESIAN_POINT ('', (15.8154033193298, 16.2397603456733, -4.5));
#4017 = CARTESIAN_POINT ('', (15.4747751416865, 16.1178811946554, -4.5));
#4018 = CARTESIAN_POINT ('', (15.1383706983825, 15.9717288107658, -4.5));
#4019 = CARTESIAN_POINT ('', (14.8087196191011, 15.8013907589547, -4.5));
#4020 = CARTESIAN_POINT ('', (14.4883755036543, 15.6073019838059, -4.5));
#4021 = CARTESIAN_POINT ('', (14.1798565045719, 15.3902531760381, -4.5));
#4022 = CARTESIAN_POINT ('', (13.8855836193321, 15.1513867705761, -4.5));
#4023 = CARTESIAN_POINT ('', (13.6078198430216, 14.8921801569507, -4.5));
#4024 = CARTESIAN_POINT ('', (13.3486132294253, 14.6144163807777, -4.5));
#4025 = CARTESIAN_POINT ('', (13.1097468239844, 14.3201434950176, -4.5));
#4026 = CARTESIAN_POINT ('', (12.8926980161033, 14.0116244978789, -4.5));
#4027 = CARTESIAN_POINT ('', (12.6986092413869, 13.6912803751771, -4.5));
#4028 = CARTESIAN_POINT ('', (12.5282711879594, 13.361629322972, -4.5));
#4029 = CARTESIAN_POINT ('', (12.3821188101025, 13.0252247786178, -4.5));
#4030 = CARTESIAN_POINT ('', (12.2602396365703, 12.6845969780994, -4.5));
#4031 = CARTESIAN_POINT ('', (12.1623930821865, 12.3421941760324, -4.5));
#4032 = CARTESIAN_POINT ('', (12.0880390925246, 12.000349871748, -4.5));
#4033 = CARTESIAN_POINT ('', (12.0363733899679, 11.661187066577, -4.5));
#4034 = CARTESIAN_POINT ('', (12.0113697591206, 11.3825294568406, -4.5));
#4035 = CARTESIAN_POINT ('', (12.0015916855823, 11.1626185981159, -4.5));
#4036 = CARTESIAN_POINT ('', (11.9992041572088, 11.0000000000001, -4.5));
#4037 = CARTESIAN_POINT ('', (12.0015916855823, 10.8373814018843, -4.5));
#4038 = CARTESIAN_POINT ('', (12.0113697591206, 10.6174705431597, -4.5));
#4039 = CARTESIAN_POINT ('', (12.0363733899679, 10.3388129334232, -4.5));
#4040 = CARTESIAN_POINT ('', (12.0880390925246, 9.99965012825221, -4.5));
#4041 = CARTESIAN_POINT ('', (12.1623930821865, 9.65780582396789, -4.5));
#4042 = CARTESIAN_POINT ('', (12.2602396365703, 9.31540302190089, -4.5));
#4043 = CARTESIAN_POINT ('', (12.3821188101025, 8.97477522138245, -4.5));
#4044 = CARTESIAN_POINT ('', (12.5282711879594, 8.63837067702821, -4.5));
#4045 = CARTESIAN_POINT ('', (12.698609241387, 8.30871962482314, -4.5));
#4046 = CARTESIAN_POINT ('', (12.8926980161027, 7.98837550212127, -4.5));
#4047 = CARTESIAN_POINT ('', (13.1097468239865, 7.6798565049828, -4.5));
#4048 = CARTESIAN_POINT ('', (13.3486132294174, 7.38558361922211, -4.5));
#4049 = CARTESIAN_POINT ('', (13.6078198430511, 7.10781984305125, -4.5));
#4050 = CARTESIAN_POINT ('', (13.885583619222, 6.84861322941753, -4.5));
#4051 = CARTESIAN_POINT ('', (14.1798565049827, 6.60974682398665, -4.5));
#4052 = CARTESIAN_POINT ('', (14.4883755021211, 6.39269801610285, -4.5));
#4053 = CARTESIAN_POINT ('', (14.808719624823, 6.19860924138717, -4.5));
#4054 = CARTESIAN_POINT ('', (15.1383706770281, 6.02827118795953, -4.5));
#4055 = CARTESIAN_POINT ('', (15.4747752213823, 5.88211881010264, -4.5));
#4056 = CARTESIAN_POINT ('', (15.8154030219007, 5.7602396365704, -4.5));
#4057 = CARTESIAN_POINT ('', (16.1578058239678, 5.66239308218662, -4.5));
#4058 = CARTESIAN_POINT ('', (16.4996501282521, 5.58803909252476, -4.5));
#4059 = CARTESIAN_POINT ('', (16.8388129334231, 5.53637338996806, -4.5));
#4060 = CARTESIAN_POINT ('', (17.1174705431595, 5.51136975912069, -4.5));
#4061 = CARTESIAN_POINT ('', (17.3373814018842, 5.50159168558241, -4.5));
#4062 = CARTESIAN_POINT ('', (17.4457938006281, 5.50000000000011, -4.5));
#4063 = CARTESIAN_POINT ('', (17.5, 5.50000000000011, -4.5));
#4064 = B_SPLINE_SURFACE_WITH_KNOTS ('', 1, 3, ((#3958, #3959, #3960, #3961, #3962, #3963, #3964, #3965, #3966, #3967, #3968, #3969, #3970, #3971, #3972, #3973, #3974, #3975, #3976, #3977, #3978, #3979, #3980, #3981, #3982, #3983, #3984, #3985, #3986, #3987, #3988, #3989, #3990, #3991, #3992, #3993, #3994, #3995, #3996, #3997, #3998, #3999, #4000, #4001, #4002, #4003, #4004, #4005, #4006, #4007, #4008, #4009, #4010), (#4011, #4012, #4013, #4014, #4015, #4016, #4017, #4018, #4019, #4020, #4021, #4022, #4023, #4024, #4025, #4026, #4027, #4028, #4029, #4030, #4031, #4032, #4033, #4034, #4035, #4036, #4037, #4038, #4039, #4040, #4041, #4042, #4043, #4044, #4045, #4046, #4047, #4048, #4049, #4050, #4051, #4052, #4053, #4054, #4055, #4056, #4057, #4058, #4059, #4060, #4061, #4062, #4063)), .UNSPECIFIED., .F., .F., .U., (2, 2), (4, 1, 1, 1, 1, 1, 1, 1, 1, 1, 1, 1, 1, 1, 1, 1, 1, 1, 1, 1, 1, 1, 1, 1, 1, 1, 1, 1, 1, 1, 1, 1, 1, 1, 1, 1, 1, 1, 1, 1, 1, 1, 1, 1, 1, 1, 1, 1, 1, 1, 4), (0., 1.), (0., 0.0208333333333332, 0.0312499999999998, 0.0416666666666667, 0.0520833333333334, 0.0625000000000001, 0.0729166666666667, 0.0833333333333334, 0.09375, 0.104166666666667, 0.114583333333333, 0.125, 0.135416666666667, 0.145833333333333, 0.15625, 0.166666666666667, 0.177083333333333, 0.1875, 0.197916666666667, 0.208333333333333, 0.21875, 0.229166666666667, 0.239583333333333, 0.244791666666667, 0.25, 0.255208333333333, 0.260416666666667, 0.270833333333333, 0.28125, 0.291666666666667, 0.302083333333333, 0.3125, 0.322916666666667, 0.333333333333333, 0.34375, 0.354166666666667, 0.364583333333334, 0.375, 0.385416666666667, 0.395833333333334, 0.40625, 0.416666666666667, 0.427083333333334, 0.4375, 0.447916666666667, 0.458333333333334, 0.46875, 0.479166666666667, 0.489583333333334, 0.494791666666667, 0.5), .UNSPECIFIED.);
#4065 = ADVANCED_FACE ('', (#3957), #4064, .T.);
#4066 = ORIENTED_EDGE ('', *, *, #2674, .F.);
#4067 = ORIENTED_EDGE ('', *, *, #555, .F.);
#4068 = ORIENTED_EDGE ('', *, *, #2689, .T.);
#4069 = ORIENTED_EDGE ('', *, *, #2808, .T.);
#4070 = EDGE_LOOP ('', (#4066, #4067, #4068, #4069));
#4071 = FACE_OUTER_BOUND ('', #4070, .T.);
#4072 = CARTESIAN_POINT ('', (107.5, 93.5000000000001, -5.));
#4073 = CARTESIAN_POINT ('', (107.26432768415, 93.5000178598917, -5.));
#4074 = CARTESIAN_POINT ('', (106.902012952886, 93.479108898895, -5.));
#4075 = CARTESIAN_POINT ('', (106.408713750077, 93.4039570838097, -5.));
#4076 = CARTESIAN_POINT ('', (106.03578696067, 93.3228439826348, -5.));
#4077 = CARTESIAN_POINT ('', (105.662258166542, 93.2161021952799, -5.));
#4078 = CARTESIAN_POINT ('', (105.290663790931, 93.0831431214423, -5.));
#4079 = CARTESIAN_POINT ('', (104.923677125508, 92.9237041571991, -5.));
#4080 = CARTESIAN_POINT ('', (104.564057766292, 92.7378808279505, -5.));
#4081 = CARTESIAN_POINT ('', (104.214591458532, 92.5261476186973, -5.));
#4082 = CARTESIAN_POINT ('', (103.878025277715, 92.2893671011324, -5.));
#4083 = CARTESIAN_POINT ('', (103.557000311999, 92.0287855679012, -5.));
#4084 = CARTESIAN_POINT ('', (103.253985283296, 91.7460147166735, -5.));
#4085 = CARTESIAN_POINT ('', (102.9712144321, 91.4429996881211, -5.));
#4086 = CARTESIAN_POINT ('', (102.710632898892, 91.1219747218373, -5.));
#4087 = CARTESIAN_POINT ('', (102.473852381204, 90.7854085431406, -5.));
#4088 = CARTESIAN_POINT ('', (102.262119172422, 90.4359422274659, -5.));
#4089 = CARTESIAN_POINT ('', (102.07629584141, 90.0763228977876, -5.));
#4090 = CARTESIAN_POINT ('', (101.916856883748, 89.7093361221285, -5.));
#4091 = CARTESIAN_POINT ('', (101.783897785349, 89.3377421579265, -5.));
#4092 = CARTESIAN_POINT ('', (101.677156089658, 88.9642118283989, -5.));
#4093 = CARTESIAN_POINT ('', (101.596042646391, 88.5912907691797, -5.));
#4094 = CARTESIAN_POINT ('', (101.539680061783, 88.2212949817203, -5.));
#4095 = CARTESIAN_POINT ('', (101.512403373586, 87.9173048620079, -5.));
#4096 = CARTESIAN_POINT ('', (101.501736384272, 87.6774021070355, -5.));
#4097 = CARTESIAN_POINT ('', (101.499131807864, 87.5000000000001, -5.));
#4098 = CARTESIAN_POINT ('', (101.501736384272, 87.3225978929647, -5.));
#4099 = CARTESIAN_POINT ('', (101.512403373586, 87.0826951379923, -5.));
#4100 = CARTESIAN_POINT ('', (101.539680061783, 86.7787050182799, -5.));
#4101 = CARTESIAN_POINT ('', (101.596042646391, 86.4087092308205, -5.));
#4102 = CARTESIAN_POINT ('', (101.677156089658, 86.0357881716013, -5.));
#4103 = CARTESIAN_POINT ('', (101.783897785349, 85.6622578420737, -5.));
#4104 = CARTESIAN_POINT ('', (101.916856883748, 85.2906638778717, -5.));
#4105 = CARTESIAN_POINT ('', (102.07629584141, 84.9236771022126, -5.));
#4106 = CARTESIAN_POINT ('', (102.262119172422, 84.5640577725343, -5.));
#4107 = CARTESIAN_POINT ('', (102.473852381203, 84.2145914568595, -5.));
#4108 = CARTESIAN_POINT ('', (102.710632898894, 83.8780252781631, -5.));
#4109 = CARTESIAN_POINT ('', (102.971214432092, 83.5570003118786, -5.));
#4110 = CARTESIAN_POINT ('', (103.253985283329, 83.2539852833286, -5.));
#4111 = CARTESIAN_POINT ('', (103.557000311879, 82.9712144320918, -5.));
#4112 = CARTESIAN_POINT ('', (103.878025278163, 82.7106328988945, -5.));
#4113 = CARTESIAN_POINT ('', (104.214591456859, 82.4738523812031, -5.));
#4114 = CARTESIAN_POINT ('', (104.564057772534, 82.2621191724223, -5.));
#4115 = CARTESIAN_POINT ('', (104.923677102212, 82.0762958414104, -5.));
#4116 = CARTESIAN_POINT ('', (105.290663877872, 81.9168568837483, -5.));
#4117 = CARTESIAN_POINT ('', (105.662257842074, 81.7838977853495, -5.));
#4118 = CARTESIAN_POINT ('', (106.035788171601, 81.6771560896581, -5.));
#4119 = CARTESIAN_POINT ('', (106.40870923082, 81.5960426463906, -5.));
#4120 = CARTESIAN_POINT ('', (106.77870501828, 81.5396800617834, -5.));
#4121 = CARTESIAN_POINT ('', (107.082695137992, 81.5124033735862, -5.));
#4122 = CARTESIAN_POINT ('', (107.322597892965, 81.5017363842717, -5.));
#4123 = CARTESIAN_POINT ('', (107.440865964322, 81.5000000000001, -5.));
#4124 = CARTESIAN_POINT ('', (107.5, 81.5000000000001, -5.));
#4125 = CARTESIAN_POINT ('', (107.5, 93.0000000000001, -4.5));
#4126 = CARTESIAN_POINT ('', (107.283967043804, 93.0000163715675, -4.5));
#4127 = CARTESIAN_POINT ('', (106.951845206812, 92.9808498239871, -4.5));
#4128 = CARTESIAN_POINT ('', (106.499654270904, 92.911960660159, -4.5));
#4129 = CARTESIAN_POINT ('', (106.157804713947, 92.8376069840819, -4.5));
#4130 = CARTESIAN_POINT ('', (105.81540331933, 92.7397603456733, -4.5));
#4131 = CARTESIAN_POINT ('', (105.474775141686, 92.6178811946555, -4.5));
#4132 = CARTESIAN_POINT ('', (105.138370698383, 92.4717288107659, -4.5));
#4133 = CARTESIAN_POINT ('', (104.808719619101, 92.3013907589547, -4.5));
#4134 = CARTESIAN_POINT ('', (104.488375503654, 92.1073019838059, -4.5));
#4135 = CARTESIAN_POINT ('', (104.179856504572, 91.8902531760381, -4.5));
#4136 = CARTESIAN_POINT ('', (103.885583619332, 91.6513867705762, -4.5));
#4137 = CARTESIAN_POINT ('', (103.607819843022, 91.3921801569508, -4.5));
#4138 = CARTESIAN_POINT ('', (103.348613229425, 91.1144163807777, -4.5));
#4139 = CARTESIAN_POINT ('', (103.109746823984, 90.8201434950176, -4.5));
#4140 = CARTESIAN_POINT ('', (102.892698016103, 90.511624497879, -4.5));
#4141 = CARTESIAN_POINT ('', (102.698609241387, 90.1912803751771, -4.5));
#4142 = CARTESIAN_POINT ('', (102.528271187959, 89.861629322972, -4.5));
#4143 = CARTESIAN_POINT ('', (102.382118810102, 89.5252247786178, -4.5));
#4144 = CARTESIAN_POINT ('', (102.26023963657, 89.1845969780994, -4.5));
#4145 = CARTESIAN_POINT ('', (102.162393082187, 88.8421941760324, -4.5));
#4146 = CARTESIAN_POINT ('', (102.088039092525, 88.500349871748, -4.5));
#4147 = CARTESIAN_POINT ('', (102.036373389968, 88.1611870665771, -4.5));
#4148 = CARTESIAN_POINT ('', (102.011369759121, 87.8825294568406, -4.5));
#4149 = CARTESIAN_POINT ('', (102.001591685582, 87.662618598116, -4.5));
#4150 = CARTESIAN_POINT ('', (101.999204157209, 87.5000000000001, -4.5));
#4151 = CARTESIAN_POINT ('', (102.001591685582, 87.3373814018844, -4.5));
#4152 = CARTESIAN_POINT ('', (102.011369759121, 87.1174705431597, -4.5));
#4153 = CARTESIAN_POINT ('', (102.036373389968, 86.8388129334233, -4.5));
#4154 = CARTESIAN_POINT ('', (102.088039092525, 86.4996501282522, -4.5));
#4155 = CARTESIAN_POINT ('', (102.162393082186, 86.1578058239679, -4.5));
#4156 = CARTESIAN_POINT ('', (102.26023963657, 85.8154030219009, -4.5));
#4157 = CARTESIAN_POINT ('', (102.382118810103, 85.4747752213825, -4.5));
#4158 = CARTESIAN_POINT ('', (102.528271187959, 85.1383706770283, -4.5));
#4159 = CARTESIAN_POINT ('', (102.698609241387, 84.8087196248232, -4.5));
#4160 = CARTESIAN_POINT ('', (102.892698016103, 84.4883755021212, -4.5));
#4161 = CARTESIAN_POINT ('', (103.109746823987, 84.1798565049829, -4.5));
#4162 = CARTESIAN_POINT ('', (103.348613229417, 83.8855836192221, -4.5));
#4163 = CARTESIAN_POINT ('', (103.607819843051, 83.6078198430512, -4.5));
#4164 = CARTESIAN_POINT ('', (103.885583619222, 83.3486132294176, -4.5));
#4165 = CARTESIAN_POINT ('', (104.179856504983, 83.1097468239867, -4.5));
#4166 = CARTESIAN_POINT ('', (104.488375502121, 82.8926980161029, -4.5));
#4167 = CARTESIAN_POINT ('', (104.808719624823, 82.6986092413872, -4.5));
#4168 = CARTESIAN_POINT ('', (105.138370677028, 82.5282711879596, -4.5));
#4169 = CARTESIAN_POINT ('', (105.474775221382, 82.3821188101027, -4.5));
#4170 = CARTESIAN_POINT ('', (105.815403021901, 82.2602396365704, -4.5));
#4171 = CARTESIAN_POINT ('', (106.157805823968, 82.1623930821867, -4.5));
#4172 = CARTESIAN_POINT ('', (106.499650128252, 82.0880390925248, -4.5));
#4173 = CARTESIAN_POINT ('', (106.838812933423, 82.0363733899681, -4.5));
#4174 = CARTESIAN_POINT ('', (107.117470543159, 82.0113697591207, -4.5));
#4175 = CARTESIAN_POINT ('', (107.337381401884, 82.0015916855825, -4.5));
#4176 = CARTESIAN_POINT ('', (107.445793800628, 82.0000000000001, -4.5));
#4177 = CARTESIAN_POINT ('', (107.5, 82.0000000000001, -4.5));
#4178 = B_SPLINE_SURFACE_WITH_KNOTS ('', 1, 3, ((#4072, #4073, #4074, #4075, #4076, #4077, #4078, #4079, #4080, #4081, #4082, #4083, #4084, #4085, #4086, #4087, #4088, #4089, #4090, #4091, #4092, #4093, #4094, #4095, #4096, #4097, #4098, #4099, #4100, #4101, #4102, #4103, #4104, #4105, #4106, #4107, #4108, #4109, #4110, #4111, #4112, #4113, #4114, #4115, #4116, #4117, #4118, #4119, #4120, #4121, #4122, #4123, #4124), (#4125, #4126, #4127, #4128, #4129, #4130, #4131, #4132, #4133, #4134, #4135, #4136, #4137, #4138, #4139, #4140, #4141, #4142, #4143, #4144, #4145, #4146, #4147, #4148, #4149, #4150, #4151, #4152, #4153, #4154, #4155, #4156, #4157, #4158, #4159, #4160, #4161, #4162, #4163, #4164, #4165, #4166, #4167, #4168, #4169, #4170, #4171, #4172, #4173, #4174, #4175, #4176, #4177)), .UNSPECIFIED., .F., .F., .U., (2, 2), (4, 1, 1, 1, 1, 1, 1, 1, 1, 1, 1, 1, 1, 1, 1, 1, 1, 1, 1, 1, 1, 1, 1, 1, 1, 1, 1, 1, 1, 1, 1, 1, 1, 1, 1, 1, 1, 1, 1, 1, 1, 1, 1, 1, 1, 1, 1, 1, 1, 1, 4), (0., 1.), (0., 0.0208333333333333, 0.0312499999999998, 0.0416666666666668, 0.0520833333333338, 0.0625000000000002, 0.0729166666666662, 0.0833333333333337, 0.0937500000000002, 0.104166666666667, 0.114583333333334, 0.125, 0.135416666666667, 0.145833333333333, 0.156250000000001, 0.166666666666667, 0.177083333333333, 0.1875, 0.197916666666667, 0.208333333333333, 0.21875, 0.229166666666667, 0.239583333333333, 0.244791666666667, 0.25, 0.255208333333334, 0.260416666666666, 0.270833333333334, 0.28125, 0.291666666666667, 0.302083333333334, 0.3125, 0.322916666666667, 0.333333333333334, 0.34375, 0.354166666666667, 0.364583333333334, 0.375000000000001, 0.385416666666667, 0.395833333333334, 0.40625, 0.416666666666667, 0.427083333333334, 0.437500000000001, 0.447916666666667, 0.458333333333334, 0.468750000000001, 0.479166666666667, 0.489583333333334, 0.494791666666667, 0.5), .UNSPECIFIED.);
#4179 = ADVANCED_FACE ('', (#4071), #4178, .T.);
#4180 = CLOSED_SHELL ('', (#287, #1324, #1417, #1461, #1738, #1775, #1812, #1849, #1886, #1923, #2012, #2101, #2190, #2279, #2368, #2501, #2518, #2651, #2668, #2801, #2818, #2840, #2856, #2872, #2890, #2906, #2924, #2940, #2956, #2974, #2990, #3006, #3024, #3040, #3058, #3074, #3090, #3108, #3124, #3142, #3154, #3171, #3285, #3359, #3377, #3395, #3413, #3431, #3449, #3467, #3541, #3615, #3689, #3763, #3837, #3951, #4065, #4179));
#4181 = MANIFOLD_SOLID_BREP ('', #4180);
#4182 = PRESENTATION_LAYER_ASSIGNMENT ('Level 7', 'Level 7', (#4181));
#4183 = COLOUR_RGB ('', 0., 0., 1.);
#4184 = FILL_AREA_STYLE_COLOUR ('', #4183);
#4185 = FILL_AREA_STYLE ('', (#4184));
#4186 = SURFACE_STYLE_FILL_AREA (#4185);
#4187 = SURFACE_SIDE_STYLE ('', (#4186));
#4188 = SURFACE_STYLE_USAGE (.POSITIVE., #4187);
#4189 = PRESENTATION_STYLE_ASSIGNMENT ((#4188));
#4190 = STYLED_ITEM ('', (#4189), #4181);
#4191 = (
   LENGTH_UNIT ()
   NAMED_UNIT (*)
   SI_UNIT ($, .METRE.)
);
#4192 = (
   NAMED_UNIT (*)
   SI_UNIT ($, .STERADIAN.)
   SOLID_ANGLE_UNIT ()
);
#4193 = (
   NAMED_UNIT (*)
   PLANE_ANGLE_UNIT ()
   SI_UNIT ($, .RADIAN.)
);
#4194 = UNCERTAINTY_MEASURE_WITH_UNIT (LENGTH_MEASURE(0.001), #4191, 'DISTANCE_ACCURACY_VALUE', '');
#4195 = (
   GEOMETRIC_REPRESENTATION_CONTEXT (3)
   GLOBAL_UNCERTAINTY_ASSIGNED_CONTEXT ((#4194))
   GLOBAL_UNIT_ASSIGNED_CONTEXT ((#4191, #4192, #4193))
   REPRESENTATION_CONTEXT ('', '3D')
);
#4196 = SHAPE_REPRESENTATION ('', (#4324), #4195);
#4197 = APPLICATION_CONTEXT ('configuration controlled 3D designs of mechanical parts and assemblies');
#4198 = APPLICATION_PROTOCOL_DEFINITION ('International Standard', 'config_control_design', 1997, #4197);
#4199 = MECHANICAL_CONTEXT ('', #4197, 'mechanical');
#4200 = PRODUCT ('', '', '', (#4199));
#4201 = PERSON_AND_ORGANIZATION_ROLE ('design_owner');
#4202 = PERSON ('#4202', '', $, $, $, $);
#4203 = ORGANIZATION ($, '', '');
#4204 = PERSON_AND_ORGANIZATION (#4202, #4203);
#4205 = CC_DESIGN_PERSON_AND_ORGANIZATION_ASSIGNMENT (#4204, #4201, (#4200));
#4206 = PRODUCT_RELATED_PRODUCT_CATEGORY ('detail', $, (#4200));
#4207 = PRODUCT_DEFINITION_FORMATION_WITH_SPECIFIED_SOURCE ('', '', #4200, .NOT_KNOWN.);
#4208 = APPROVAL_STATUS ('approved');
#4209 = APPROVAL (#4208, '');
#4210 = CALENDAR_DATE (2026, 29, 1);
#4211 = COORDINATED_UNIVERSAL_TIME_OFFSET (0, $, .AHEAD.);
#4212 = LOCAL_TIME (22, 9, 1., #4211);
#4213 = DATE_AND_TIME (#4210, #4212);
#4214 = APPROVAL_DATE_TIME (#4213, #4209);
#4215 = APPROVAL_ROLE ('');
#4216 = PERSON ('#4216', '', $, $, $, $);
#4217 = ORGANIZATION ($, '', '');
#4218 = PERSON_AND_ORGANIZATION (#4216, #4217);
#4219 = APPROVAL_PERSON_ORGANIZATION (#4218, #4209, #4215);
#4220 = CC_DESIGN_APPROVAL (#4209, (#4207));
#4221 = PERSON_AND_ORGANIZATION_ROLE ('creator');
#4222 = PERSON ('#4222', '', $, $, $, $);
#4223 = ORGANIZATION ($, '', '');
#4224 = PERSON_AND_ORGANIZATION (#4222, #4223);
#4225 = CC_DESIGN_PERSON_AND_ORGANIZATION_ASSIGNMENT (#4224, #4221, (#4207));
#4226 = PERSON_AND_ORGANIZATION_ROLE ('part_supplier');
#4227 = PERSON ('#4227', '', $, $, $, $);
#4228 = ORGANIZATION ($, '', '');
#4229 = PERSON_AND_ORGANIZATION (#4227, #4228);
#4230 = CC_DESIGN_PERSON_AND_ORGANIZATION_ASSIGNMENT (#4229, #4226, (#4207));
#4231 = SECURITY_CLASSIFICATION_LEVEL ('unclassified');
#4232 = SECURITY_CLASSIFICATION ('', '', #4231);
#4233 = APPROVAL_STATUS ('approved');
#4234 = APPROVAL (#4233, '');
#4235 = CALENDAR_DATE (2026, 29, 1);
#4236 = COORDINATED_UNIVERSAL_TIME_OFFSET (0, $, .AHEAD.);
#4237 = LOCAL_TIME (22, 9, 1., #4236);
#4238 = DATE_AND_TIME (#4235, #4237);
#4239 = APPROVAL_DATE_TIME (#4238, #4234);
#4240 = APPROVAL_ROLE ('');
#4241 = PERSON ('#4241', '', $, $, $, $);
#4242 = ORGANIZATION ($, '', '');
#4243 = PERSON_AND_ORGANIZATION (#4241, #4242);
#4244 = APPROVAL_PERSON_ORGANIZATION (#4243, #4234, #4240);
#4245 = CC_DESIGN_APPROVAL (#4234, (#4232));
#4246 = DATE_TIME_ROLE ('classification_date');
#4247 = CALENDAR_DATE (2026, 29, 1);
#4248 = COORDINATED_UNIVERSAL_TIME_OFFSET (0, $, .AHEAD.);
#4249 = LOCAL_TIME (22, 9, 1., #4248);
#4250 = DATE_AND_TIME (#4247, #4249);
#4251 = CC_DESIGN_DATE_AND_TIME_ASSIGNMENT (#4250, #4246, (#4232));
#4252 = PERSON_AND_ORGANIZATION_ROLE ('classification_officer');
#4253 = PERSON ('#4253', '', $, $, $, $);
#4254 = ORGANIZATION ($, '', '');
#4255 = PERSON_AND_ORGANIZATION (#4253, #4254);
#4256 = CC_DESIGN_PERSON_AND_ORGANIZATION_ASSIGNMENT (#4255, #4252, (#4232));
#4257 = CC_DESIGN_SECURITY_CLASSIFICATION (#4232, (#4207));
#4258 = DESIGN_CONTEXT ('', #4197, 'design');
#4259 = APPROVAL_STATUS ('approved');
#4260 = APPROVAL (#4259, '');
#4261 = CALENDAR_DATE (2026, 29, 1);
#4262 = COORDINATED_UNIVERSAL_TIME_OFFSET (0, $, .AHEAD.);
#4263 = LOCAL_TIME (22, 9, 1., #4262);
#4264 = DATE_AND_TIME (#4261, #4263);
#4265 = APPROVAL_DATE_TIME (#4264, #4260);
#4266 = APPROVAL_ROLE ('');
#4267 = PERSON ('#4267', '', $, $, $, $);
#4268 = ORGANIZATION ($, '', '');
#4269 = PERSON_AND_ORGANIZATION (#4267, #4268);
#4270 = APPROVAL_PERSON_ORGANIZATION (#4269, #4260, #4266);
#4271 = CC_DESIGN_APPROVAL (#4260, (*));
#4272 = DATE_TIME_ROLE ('creation_date');
#4273 = CALENDAR_DATE (2026, 29, 1);
#4274 = COORDINATED_UNIVERSAL_TIME_OFFSET (0, $, .AHEAD.);
#4275 = LOCAL_TIME (22, 9, 1., #4274);
#4276 = DATE_AND_TIME (#4273, #4275);
#4277 = CC_DESIGN_DATE_AND_TIME_ASSIGNMENT (#4276, #4272, (*));
#4278 = PERSON_AND_ORGANIZATION_ROLE ('creator');
#4279 = PERSON ('#4279', '', $, $, $, $);
#4280 = ORGANIZATION ($, '', '');
#4281 = PERSON_AND_ORGANIZATION (#4279, #4280);
#4282 = CC_DESIGN_PERSON_AND_ORGANIZATION_ASSIGNMENT (#4281, #4278, (*));
#4283 = PRODUCT_DEFINITION ('', '', #4207, #4258);
#4284 = PRODUCT_DEFINITION_SHAPE ('', '', #4283);
#4285 = SHAPE_DEFINITION_REPRESENTATION (#4284, #4196);
#4286 = SHAPE_REPRESENTATION_RELATIONSHIP ('', '', #4196, #4287);
#4287 = ADVANCED_BREP_SHAPE_REPRESENTATION ('', (#4181), #4195);
#4288 = NEXT_ASSEMBLY_USAGE_OCCURRENCE ('#4288', '', '', #93, #4283, $);
#4289 = SECURITY_CLASSIFICATION_LEVEL ('unclassified');
#4290 = SECURITY_CLASSIFICATION ('', '', #4289);
#4291 = APPROVAL_STATUS ('approved');
#4292 = APPROVAL (#4291, '');
#4293 = CALENDAR_DATE (2026, 29, 1);
#4294 = COORDINATED_UNIVERSAL_TIME_OFFSET (0, $, .AHEAD.);
#4295 = LOCAL_TIME (22, 9, 1., #4294);
#4296 = DATE_AND_TIME (#4293, #4295);
#4297 = APPROVAL_DATE_TIME (#4296, #4292);
#4298 = APPROVAL_ROLE ('');
#4299 = PERSON ('#4299', '', $, $, $, $);
#4300 = ORGANIZATION ($, '', '');
#4301 = PERSON_AND_ORGANIZATION (#4299, #4300);
#4302 = APPROVAL_PERSON_ORGANIZATION (#4301, #4292, #4298);
#4303 = CC_DESIGN_APPROVAL (#4292, (#4290));
#4304 = DATE_TIME_ROLE ('classification_date');
#4305 = CALENDAR_DATE (2026, 29, 1);
#4306 = COORDINATED_UNIVERSAL_TIME_OFFSET (0, $, .AHEAD.);
#4307 = LOCAL_TIME (22, 9, 1., #4306);
#4308 = DATE_AND_TIME (#4305, #4307);
#4309 = CC_DESIGN_DATE_AND_TIME_ASSIGNMENT (#4308, #4304, (#4290));
#4310 = PERSON_AND_ORGANIZATION_ROLE ('classification_officer');
#4311 = PERSON ('#4311', '', $, $, $, $);
#4312 = ORGANIZATION ($, '', '');
#4313 = PERSON_AND_ORGANIZATION (#4311, #4312);
#4314 = CC_DESIGN_PERSON_AND_ORGANIZATION_ASSIGNMENT (#4313, #4310, (#4290));
#4315 = CC_DESIGN_SECURITY_CLASSIFICATION (#4290, (#4288));
#4316 = PRODUCT_DEFINITION_SHAPE ('', '', #4288);
#4317 = CARTESIAN_POINT ('', (0., 0., 0.));
#4318 = DIRECTION ('', (0., 0., 1.));
#4319 = DIRECTION ('', (1., 0., 0.));
#4320 = AXIS2_PLACEMENT_3D ('', #4317, #4318, #4319);
#4321 = CARTESIAN_POINT ('', (0., 0., 0.));
#4322 = DIRECTION ('', (0., 0., 1.));
#4323 = DIRECTION ('', (1., 0., 0.));
#4324 = AXIS2_PLACEMENT_3D ('', #4321, #4322, #4323);
#4325 = ITEM_DEFINED_TRANSFORMATION ('', '', #4320, #4324);
#4326 = (
   REPRESENTATION_RELATIONSHIP ('', '', #6, #4196)
   REPRESENTATION_RELATIONSHIP_WITH_TRANSFORMATION (#4325)
   SHAPE_REPRESENTATION_RELATIONSHIP ()
);
#4327 = CONTEXT_DEPENDENT_SHAPE_REPRESENTATION (#4326, #4316);
ENDSEC;
END-ISO-10303-21;
