ISO-10303-21;
HEADER;
FILE_DESCRIPTION (('STEP'), '1');
FILE_NAME ('C:\\projects\\3dmodel\\ansicBackMeshR.stp', '2026-01-29T22:14:51', ('Unknown'), ('Unknown'), 'HarmonyWare STEP v2.1.9', 'HarmonyWare Translators', '');
FILE_SCHEMA (('CONFIG_CONTROL_DESIGN'));
ENDSEC;

DATA;
#1 = (
   LENGTH_UNIT ()
   NAMED_UNIT (*)
   SI_UNIT ($, .METRE.)
);
#2 = (
   NAMED_UNIT (*)
   SI_UNIT ($, .STERADIAN.)
   SOLID_ANGLE_UNIT ()
);
#3 = (
   NAMED_UNIT (*)
   PLANE_ANGLE_UNIT ()
   SI_UNIT ($, .RADIAN.)
);
#4 = UNCERTAINTY_MEASURE_WITH_UNIT (LENGTH_MEASURE(0.001), #1, 'DISTANCE_ACCURACY_VALUE', '');
#5 = (
   GEOMETRIC_REPRESENTATION_CONTEXT (3)
   GLOBAL_UNCERTAINTY_ASSIGNED_CONTEXT ((#4))
   GLOBAL_UNIT_ASSIGNED_CONTEXT ((#1, #2, #3))
   REPRESENTATION_CONTEXT ('', '3D')
);
#6 = SHAPE_REPRESENTATION ('', (#10206), #5);
#7 = APPLICATION_CONTEXT ('configuration controlled 3D designs of mechanical parts and assemblies');
#8 = APPLICATION_PROTOCOL_DEFINITION ('International Standard', 'config_control_design', 1997, #7);
#9 = MECHANICAL_CONTEXT ('', #7, 'mechanical');
#10 = PRODUCT ('', '', '', (#9));
#11 = PERSON_AND_ORGANIZATION_ROLE ('design_owner');
#12 = PERSON ('#12', '', $, $, $, $);
#13 = ORGANIZATION ($, '', '');
#14 = PERSON_AND_ORGANIZATION (#12, #13);
#15 = CC_DESIGN_PERSON_AND_ORGANIZATION_ASSIGNMENT (#14, #11, (#10));
#16 = PRODUCT_RELATED_PRODUCT_CATEGORY ('detail', $, (#10));
#17 = PRODUCT_DEFINITION_FORMATION_WITH_SPECIFIED_SOURCE ('', '', #10, .NOT_KNOWN.);
#18 = APPROVAL_STATUS ('approved');
#19 = APPROVAL (#18, '');
#20 = CALENDAR_DATE (2026, 29, 1);
#21 = COORDINATED_UNIVERSAL_TIME_OFFSET (0, $, .AHEAD.);
#22 = LOCAL_TIME (22, 14, 51., #21);
#23 = DATE_AND_TIME (#20, #22);
#24 = APPROVAL_DATE_TIME (#23, #19);
#25 = APPROVAL_ROLE ('');
#26 = PERSON ('#26', '', $, $, $, $);
#27 = ORGANIZATION ($, '', '');
#28 = PERSON_AND_ORGANIZATION (#26, #27);
#29 = APPROVAL_PERSON_ORGANIZATION (#28, #19, #25);
#30 = CC_DESIGN_APPROVAL (#19, (#17));
#31 = PERSON_AND_ORGANIZATION_ROLE ('creator');
#32 = PERSON ('#32', '', $, $, $, $);
#33 = ORGANIZATION ($, '', '');
#34 = PERSON_AND_ORGANIZATION (#32, #33);
#35 = CC_DESIGN_PERSON_AND_ORGANIZATION_ASSIGNMENT (#34, #31, (#17));
#36 = PERSON_AND_ORGANIZATION_ROLE ('part_supplier');
#37 = PERSON ('#37', '', $, $, $, $);
#38 = ORGANIZATION ($, '', '');
#39 = PERSON_AND_ORGANIZATION (#37, #38);
#40 = CC_DESIGN_PERSON_AND_ORGANIZATION_ASSIGNMENT (#39, #36, (#17));
#41 = SECURITY_CLASSIFICATION_LEVEL ('unclassified');
#42 = SECURITY_CLASSIFICATION ('', '', #41);
#43 = APPROVAL_STATUS ('approved');
#44 = APPROVAL (#43, '');
#45 = CALENDAR_DATE (2026, 29, 1);
#46 = COORDINATED_UNIVERSAL_TIME_OFFSET (0, $, .AHEAD.);
#47 = LOCAL_TIME (22, 14, 51., #46);
#48 = DATE_AND_TIME (#45, #47);
#49 = APPROVAL_DATE_TIME (#48, #44);
#50 = APPROVAL_ROLE ('');
#51 = PERSON ('#51', '', $, $, $, $);
#52 = ORGANIZATION ($, '', '');
#53 = PERSON_AND_ORGANIZATION (#51, #52);
#54 = APPROVAL_PERSON_ORGANIZATION (#53, #44, #50);
#55 = CC_DESIGN_APPROVAL (#44, (#42));
#56 = DATE_TIME_ROLE ('classification_date');
#57 = CALENDAR_DATE (2026, 29, 1);
#58 = COORDINATED_UNIVERSAL_TIME_OFFSET (0, $, .AHEAD.);
#59 = LOCAL_TIME (22, 14, 51., #58);
#60 = DATE_AND_TIME (#57, #59);
#61 = CC_DESIGN_DATE_AND_TIME_ASSIGNMENT (#60, #56, (#42));
#62 = PERSON_AND_ORGANIZATION_ROLE ('classification_officer');
#63 = PERSON ('#63', '', $, $, $, $);
#64 = ORGANIZATION ($, '', '');
#65 = PERSON_AND_ORGANIZATION (#63, #64);
#66 = CC_DESIGN_PERSON_AND_ORGANIZATION_ASSIGNMENT (#65, #62, (#42));
#67 = CC_DESIGN_SECURITY_CLASSIFICATION (#42, (#17));
#68 = DESIGN_CONTEXT ('', #7, 'design');
#69 = APPROVAL_STATUS ('approved');
#70 = APPROVAL (#69, '');
#71 = CALENDAR_DATE (2026, 29, 1);
#72 = COORDINATED_UNIVERSAL_TIME_OFFSET (0, $, .AHEAD.);
#73 = LOCAL_TIME (22, 14, 51., #72);
#74 = DATE_AND_TIME (#71, #73);
#75 = APPROVAL_DATE_TIME (#74, #70);
#76 = APPROVAL_ROLE ('');
#77 = PERSON ('#77', '', $, $, $, $);
#78 = ORGANIZATION ($, '', '');
#79 = PERSON_AND_ORGANIZATION (#77, #78);
#80 = APPROVAL_PERSON_ORGANIZATION (#79, #70, #76);
#81 = CC_DESIGN_APPROVAL (#70, (*));
#82 = DATE_TIME_ROLE ('creation_date');
#83 = CALENDAR_DATE (2026, 29, 1);
#84 = COORDINATED_UNIVERSAL_TIME_OFFSET (0, $, .AHEAD.);
#85 = LOCAL_TIME (22, 14, 51., #84);
#86 = DATE_AND_TIME (#83, #85);
#87 = CC_DESIGN_DATE_AND_TIME_ASSIGNMENT (#86, #82, (*));
#88 = PERSON_AND_ORGANIZATION_ROLE ('creator');
#89 = PERSON ('#89', '', $, $, $, $);
#90 = ORGANIZATION ($, '', '');
#91 = PERSON_AND_ORGANIZATION (#89, #90);
#92 = CC_DESIGN_PERSON_AND_ORGANIZATION_ASSIGNMENT (#91, #88, (*));
#93 = PRODUCT_DEFINITION ('', '', #17, #68);
#94 = PRODUCT_DEFINITION_SHAPE ('', '', #93);
#95 = SHAPE_DEFINITION_REPRESENTATION (#94, #6);
#96 = CARTESIAN_POINT ('', (115., 68.7500000000001, -5.));
#97 = VERTEX_POINT ('', #96);
#98 = CARTESIAN_POINT ('', (115., 68.7500000000001, -3.5));
#99 = VERTEX_POINT ('', #98);
#100 = CARTESIAN_POINT ('', (115., 68.7500000000001, -5.));
#101 = CARTESIAN_POINT ('', (115., 68.7500000000001, -3.5));
#102 = B_SPLINE_CURVE_WITH_KNOTS ('', 1, (#100, #101), .UNSPECIFIED., .F., .U., (2, 2), (0.0833333333333338, 0.916666666666667), .UNSPECIFIED.);
#103 = EDGE_CURVE ('', #97, #99, #102, .T.);
#104 = ORIENTED_EDGE ('', *, *, #103, .T.);
#105 = CARTESIAN_POINT ('', (115., 80.7500000000001, -3.5));
#106 = VERTEX_POINT ('', #105);
#107 = CARTESIAN_POINT ('', (115., 68.7500000000001, -3.5));
#108 = CARTESIAN_POINT ('', (121., 68.7500000000001, -3.5));
#109 = CARTESIAN_POINT ('', (121., 74.7500000000001, -3.5));
#110 = CARTESIAN_POINT ('', (121., 80.7500000000001, -3.5));
#111 = CARTESIAN_POINT ('', (115., 80.7500000000001, -3.5));
#112 = (
   BOUNDED_CURVE ()
   B_SPLINE_CURVE (2, (#107, #108, #109, #110, #111), .UNSPECIFIED., .F., .U.)
   B_SPLINE_CURVE_WITH_KNOTS ((3, 2, 3), (0.5, 0.75, 1.), .UNSPECIFIED.)
   CURVE ()
   GEOMETRIC_REPRESENTATION_ITEM ()
   RATIONAL_B_SPLINE_CURVE ((1., 0.707106781186548, 1., 0.707106781186548, 1.))
   REPRESENTATION_ITEM ('')
);
#113 = EDGE_CURVE ('', #99, #106, #112, .T.);
#114 = ORIENTED_EDGE ('', *, *, #113, .T.);
#115 = CARTESIAN_POINT ('', (115., 80.7500000000001, -5.));
#116 = VERTEX_POINT ('', #115);
#117 = CARTESIAN_POINT ('', (115., 80.7500000000001, -5.));
#118 = CARTESIAN_POINT ('', (115., 80.7500000000001, -3.5));
#119 = B_SPLINE_CURVE_WITH_KNOTS ('', 1, (#117, #118), .UNSPECIFIED., .F., .U., (2, 2), (0.083333333333334, 0.916666666666667), .UNSPECIFIED.);
#120 = EDGE_CURVE ('', #116, #106, #119, .T.);
#121 = ORIENTED_EDGE ('', *, *, #120, .F.);
#122 = CARTESIAN_POINT ('', (115., 68.7500000000001, -5.));
#123 = CARTESIAN_POINT ('', (121., 68.7500000000001, -5.));
#124 = CARTESIAN_POINT ('', (121., 74.7500000000001, -5.));
#125 = CARTESIAN_POINT ('', (121., 80.7500000000001, -5.));
#126 = CARTESIAN_POINT ('', (115., 80.7500000000001, -5.));
#127 = (
   BOUNDED_CURVE ()
   B_SPLINE_CURVE (2, (#122, #123, #124, #125, #126), .UNSPECIFIED., .F., .U.)
   B_SPLINE_CURVE_WITH_KNOTS ((3, 2, 3), (0.5, 0.75, 1.), .UNSPECIFIED.)
   CURVE ()
   GEOMETRIC_REPRESENTATION_ITEM ()
   RATIONAL_B_SPLINE_CURVE ((1., 0.707106781186548, 1., 0.707106781186548, 1.))
   REPRESENTATION_ITEM ('')
);
#128 = EDGE_CURVE ('', #97, #116, #127, .T.);
#129 = ORIENTED_EDGE ('', *, *, #128, .F.);
#130 = EDGE_LOOP ('', (#104, #114, #121, #129));
#131 = FACE_OUTER_BOUND ('', #130, .T.);
#132 = CARTESIAN_POINT ('', (115., 68.7500000000001, -5.));
#133 = CARTESIAN_POINT ('', (121., 68.7500000000001, -5.));
#134 = CARTESIAN_POINT ('', (121., 74.7500000000001, -5.));
#135 = CARTESIAN_POINT ('', (121., 80.7500000000001, -5.));
#136 = CARTESIAN_POINT ('', (115., 80.7500000000001, -5.));
#137 = CARTESIAN_POINT ('', (115., 68.7500000000001, -3.5));
#138 = CARTESIAN_POINT ('', (121., 68.7500000000001, -3.5));
#139 = CARTESIAN_POINT ('', (121., 74.7500000000001, -3.5));
#140 = CARTESIAN_POINT ('', (121., 80.7500000000001, -3.5));
#141 = CARTESIAN_POINT ('', (115., 80.7500000000001, -3.5));
#142 = (
   BOUNDED_SURFACE ()
   B_SPLINE_SURFACE (1, 2, ((#132, #133, #134, #135, #136), (#137, #138, #139, #140, #141)), .UNSPECIFIED., .F., .F., .U.)
   B_SPLINE_SURFACE_WITH_KNOTS ((2, 2), (3, 2, 3), (0.0833333333333338, 0.916666666666667), (0.5, 0.75, 1.), .UNSPECIFIED.)
   GEOMETRIC_REPRESENTATION_ITEM ()
   RATIONAL_B_SPLINE_SURFACE (((1., 0.707106781186548, 1., 0.707106781186548, 1.), (1., 0.707106781186548, 1., 0.707106781186548, 1.)))
   REPRESENTATION_ITEM ('')
   SURFACE ()
);
#143 = ADVANCED_FACE ('', (#131), #142, .T.);
#144 = CARTESIAN_POINT ('', (9.49999999999993, 100.5, -5.));
#145 = VERTEX_POINT ('', #144);
#146 = CARTESIAN_POINT ('', (8.50000000000034, 99.5000000000003, -5.));
#147 = VERTEX_POINT ('', #146);
#148 = CARTESIAN_POINT ('', (9.49999999999993, 100.5, -5.));
#149 = CARTESIAN_POINT ('', (8.50000000000002, 100.5, -5.));
#150 = CARTESIAN_POINT ('', (8.50000000000034, 99.5000000000003, -5.));
#151 = (
   BOUNDED_CURVE ()
   B_SPLINE_CURVE (2, (#148, #149, #150), .UNSPECIFIED., .F., .U.)
   B_SPLINE_CURVE_WITH_KNOTS ((3, 3), (1869.44364894272, 1870.44364894272), .UNSPECIFIED.)
   CURVE ()
   GEOMETRIC_REPRESENTATION_ITEM ()
   RATIONAL_B_SPLINE_CURVE ((1., 0.707106781186414, 1.))
   REPRESENTATION_ITEM ('')
);
#152 = EDGE_CURVE ('', #145, #147, #151, .T.);
#153 = ORIENTED_EDGE ('', *, *, #152, .F.);
#154 = CARTESIAN_POINT ('', (130.5, 100.5, -5.));
#155 = VERTEX_POINT ('', #154);
#156 = CARTESIAN_POINT ('', (130.5, 100.5, -5.));
#157 = CARTESIAN_POINT ('', (9.49999999999993, 100.5, -5.));
#158 = B_SPLINE_CURVE_WITH_KNOTS ('', 1, (#156, #157), .UNSPECIFIED., .F., .U., (2, 2), (1748.44364894272, 1869.44364894272), .UNSPECIFIED.);
#159 = EDGE_CURVE ('', #155, #145, #158, .T.);
#160 = ORIENTED_EDGE ('', *, *, #159, .F.);
#161 = CARTESIAN_POINT ('', (131.5, 99.5, -5.));
#162 = VERTEX_POINT ('', #161);
#163 = CARTESIAN_POINT ('', (131.5, 99.5, -5.));
#164 = CARTESIAN_POINT ('', (131.5, 100.5, -5.));
#165 = CARTESIAN_POINT ('', (130.5, 100.5, -5.));
#166 = (
   BOUNDED_CURVE ()
   B_SPLINE_CURVE (2, (#163, #164, #165), .UNSPECIFIED., .F., .U.)
   B_SPLINE_CURVE_WITH_KNOTS ((3, 3), (1747.44364894272, 1748.44364894272), .UNSPECIFIED.)
   CURVE ()
   GEOMETRIC_REPRESENTATION_ITEM ()
   RATIONAL_B_SPLINE_CURVE ((1., 0.707106781186573, 1.))
   REPRESENTATION_ITEM ('')
);
#167 = EDGE_CURVE ('', #162, #155, #166, .T.);
#168 = ORIENTED_EDGE ('', *, *, #167, .F.);
#169 = CARTESIAN_POINT ('', (131.5, 95.5000000000002, -5.));
#170 = VERTEX_POINT ('', #169);
#171 = CARTESIAN_POINT ('', (131.5, 95.5000000000002, -5.));
#172 = CARTESIAN_POINT ('', (131.5, 99.5, -5.));
#173 = B_SPLINE_CURVE_WITH_KNOTS ('', 1, (#171, #172), .UNSPECIFIED., .F., .U., (2, 2), (1743.44364894272, 1747.44364894272), .UNSPECIFIED.);
#174 = EDGE_CURVE ('', #170, #162, #173, .T.);
#175 = ORIENTED_EDGE ('', *, *, #174, .F.);
#176 = CARTESIAN_POINT ('', (119.99871765395, 95.4705026550296, -5.));
#177 = VERTEX_POINT ('', #176);
#178 = CARTESIAN_POINT ('', (119.99871765395, 95.4705026550296, -5.));
#179 = CARTESIAN_POINT ('', (131.5, 95.5000000000002, -5.));
#180 = B_SPLINE_CURVE_WITH_KNOTS ('', 1, (#178, #179), .UNSPECIFIED., .F., .U., (2, 2), (1731.9423287708, 1743.44364894272), .UNSPECIFIED.);
#181 = EDGE_CURVE ('', #177, #170, #180, .T.);
#182 = ORIENTED_EDGE ('', *, *, #181, .F.);
#183 = CARTESIAN_POINT ('', (119.5, 94.9705042994436, -5.));
#184 = VERTEX_POINT ('', #183);
#185 = CARTESIAN_POINT ('', (119.5, 94.9705042994436, -5.));
#186 = CARTESIAN_POINT ('', (119.5, 95.4692235935963, -5.));
#187 = CARTESIAN_POINT ('', (119.99871765395, 95.4705026550296, -5.));
#188 = (
   BOUNDED_CURVE ()
   B_SPLINE_CURVE (2, (#185, #186, #187), .UNSPECIFIED., .F., .U.)
   B_SPLINE_CURVE_WITH_KNOTS ((3, 3), (1730.9423287708, 1731.9423287708), .UNSPECIFIED.)
   CURVE ()
   GEOMETRIC_REPRESENTATION_ITEM ()
   RATIONAL_B_SPLINE_CURVE ((1., 0.708012956131025, 1.))
   REPRESENTATION_ITEM ('')
);
#189 = EDGE_CURVE ('', #184, #177, #188, .T.);
#190 = ORIENTED_EDGE ('', *, *, #189, .F.);
#191 = CARTESIAN_POINT ('', (119.5, 83.0000000000001, -5.));
#192 = VERTEX_POINT ('', #191);
#193 = CARTESIAN_POINT ('', (119.5, 83.0000000000001, -5.));
#194 = CARTESIAN_POINT ('', (119.5, 94.9705042994436, -5.));
#195 = B_SPLINE_CURVE_WITH_KNOTS ('', 1, (#193, #194), .UNSPECIFIED., .F., .U., (2, 2), (1718.97182447136, 1730.9423287708), .UNSPECIFIED.);
#196 = EDGE_CURVE ('', #192, #184, #195, .T.);
#197 = ORIENTED_EDGE ('', *, *, #196, .F.);
#198 = CARTESIAN_POINT ('', (120., 82.5000000000001, -5.));
#199 = VERTEX_POINT ('', #198);
#200 = CARTESIAN_POINT ('', (120., 82.5000000000001, -5.));
#201 = CARTESIAN_POINT ('', (119.5, 82.5000000000001, -5.));
#202 = CARTESIAN_POINT ('', (119.5, 83.0000000000001, -5.));
#203 = (
   BOUNDED_CURVE ()
   B_SPLINE_CURVE (2, (#200, #201, #202), .UNSPECIFIED., .F., .U.)
   B_SPLINE_CURVE_WITH_KNOTS ((3, 3), (1717.97182447136, 1718.97182447136), .UNSPECIFIED.)
   CURVE ()
   GEOMETRIC_REPRESENTATION_ITEM ()
   RATIONAL_B_SPLINE_CURVE ((1., 0.707106781186568, 1.))
   REPRESENTATION_ITEM ('')
);
#204 = EDGE_CURVE ('', #199, #192, #203, .T.);
#205 = ORIENTED_EDGE ('', *, *, #204, .F.);
#206 = CARTESIAN_POINT ('', (131.5, 82.5000000000003, -5.));
#207 = VERTEX_POINT ('', #206);
#208 = CARTESIAN_POINT ('', (131.5, 82.5000000000003, -5.));
#209 = CARTESIAN_POINT ('', (120., 82.5000000000001, -5.));
#210 = B_SPLINE_CURVE_WITH_KNOTS ('', 1, (#208, #209), .UNSPECIFIED., .F., .U., (2, 2), (1706.47182447136, 1717.97182447136), .UNSPECIFIED.);
#211 = EDGE_CURVE ('', #207, #199, #210, .T.);
#212 = ORIENTED_EDGE ('', *, *, #211, .F.);
#213 = CARTESIAN_POINT ('', (131.5, -0.999999999999966, -5.));
#214 = VERTEX_POINT ('', #213);
#215 = CARTESIAN_POINT ('', (131.5, -0.999999999999966, -5.));
#216 = CARTESIAN_POINT ('', (131.5, 82.5000000000003, -5.));
#217 = B_SPLINE_CURVE_WITH_KNOTS ('', 1, (#215, #216), .UNSPECIFIED., .F., .U., (2, 2), (1622.97182447136, 1706.47182447136), .UNSPECIFIED.);
#218 = EDGE_CURVE ('', #214, #207, #217, .T.);
#219 = ORIENTED_EDGE ('', *, *, #218, .F.);
#220 = CARTESIAN_POINT ('', (130.5, -1.99999999999997, -5.));
#221 = VERTEX_POINT ('', #220);
#222 = CARTESIAN_POINT ('', (130.5, -1.99999999999997, -5.));
#223 = CARTESIAN_POINT ('', (131.5, -1.99999999999997, -5.));
#224 = CARTESIAN_POINT ('', (131.5, -0.999999999999966, -5.));
#225 = (
   BOUNDED_CURVE ()
   B_SPLINE_CURVE (2, (#222, #223, #224), .UNSPECIFIED., .F., .U.)
   B_SPLINE_CURVE_WITH_KNOTS ((3, 3), (1621.97182447136, 1622.97182447136), .UNSPECIFIED.)
   CURVE ()
   GEOMETRIC_REPRESENTATION_ITEM ()
   RATIONAL_B_SPLINE_CURVE ((1., 0.70710678118656, 1.))
   REPRESENTATION_ITEM ('')
);
#226 = EDGE_CURVE ('', #221, #214, #225, .T.);
#227 = ORIENTED_EDGE ('', *, *, #226, .F.);
#228 = CARTESIAN_POINT ('', (80.9999999999999, -1.99999999999988, -5.));
#229 = VERTEX_POINT ('', #228);
#230 = CARTESIAN_POINT ('', (80.9999999999999, -1.99999999999988, -5.));
#231 = CARTESIAN_POINT ('', (130.5, -1.99999999999997, -5.));
#232 = B_SPLINE_CURVE_WITH_KNOTS ('', 1, (#230, #231), .UNSPECIFIED., .F., .U., (2, 2), (1572.47182447136, 1621.97182447136), .UNSPECIFIED.);
#233 = EDGE_CURVE ('', #229, #221, #232, .T.);
#234 = ORIENTED_EDGE ('', *, *, #233, .F.);
#235 = CARTESIAN_POINT ('', (80.2928932188134, -1.29289321881345, -5.));
#236 = VERTEX_POINT ('', #235);
#237 = CARTESIAN_POINT ('', (80.2928932188134, -1.29289321881345, -5.));
#238 = CARTESIAN_POINT ('', (80.9999999999999, -1.99999999999988, -5.));
#239 = B_SPLINE_CURVE_WITH_KNOTS ('', 1, (#237, #238), .UNSPECIFIED., .F., .U., (2, 2), (2043.61522181797, 2044.61522181797), .UNSPECIFIED.);
#240 = EDGE_CURVE ('', #236, #229, #239, .T.);
#241 = ORIENTED_EDGE ('', *, *, #240, .F.);
#242 = CARTESIAN_POINT ('', (79.5857864376269, -1., -5.));
#243 = VERTEX_POINT ('', #242);
#244 = CARTESIAN_POINT ('', (79.5857864376269, -1., -5.));
#245 = CARTESIAN_POINT ('', (80., -0.999999999999994, -5.));
#246 = CARTESIAN_POINT ('', (80.2928932188134, -1.29289321881345, -5.));
#247 = (
   BOUNDED_CURVE ()
   B_SPLINE_CURVE (2, (#244, #245, #246), .UNSPECIFIED., .F., .U.)
   B_SPLINE_CURVE_WITH_KNOTS ((3, 3), (2042.61522181797, 2043.61522181797), .UNSPECIFIED.)
   CURVE ()
   GEOMETRIC_REPRESENTATION_ITEM ()
   RATIONAL_B_SPLINE_CURVE ((1., 0.923879532511286, 1.))
   REPRESENTATION_ITEM ('')
);
#248 = EDGE_CURVE ('', #243, #236, #247, .T.);
#249 = ORIENTED_EDGE ('', *, *, #248, .F.);
#250 = CARTESIAN_POINT ('', (60.4142135623731, -1., -5.));
#251 = VERTEX_POINT ('', #250);
#252 = CARTESIAN_POINT ('', (60.4142135623731, -1., -5.));
#253 = CARTESIAN_POINT ('', (79.5857864376269, -1., -5.));
#254 = B_SPLINE_CURVE_WITH_KNOTS ('', 1, (#252, #253), .UNSPECIFIED., .F., .U., (2, 2), (2023.44364894272, 2042.61522181797), .UNSPECIFIED.);
#255 = EDGE_CURVE ('', #251, #243, #254, .T.);
#256 = ORIENTED_EDGE ('', *, *, #255, .F.);
#257 = CARTESIAN_POINT ('', (59.7071067811865, -1.29289321881345, -5.));
#258 = VERTEX_POINT ('', #257);
#259 = CARTESIAN_POINT ('', (59.7071067811865, -1.29289321881345, -5.));
#260 = CARTESIAN_POINT ('', (60., -1., -5.));
#261 = CARTESIAN_POINT ('', (60.4142135623731, -1., -5.));
#262 = (
   BOUNDED_CURVE ()
   B_SPLINE_CURVE (2, (#259, #260, #261), .UNSPECIFIED., .F., .U.)
   B_SPLINE_CURVE_WITH_KNOTS ((3, 3), (2022.44364894272, 2023.44364894272), .UNSPECIFIED.)
   CURVE ()
   GEOMETRIC_REPRESENTATION_ITEM ()
   RATIONAL_B_SPLINE_CURVE ((1., 0.923879532511289, 1.))
   REPRESENTATION_ITEM ('')
);
#263 = EDGE_CURVE ('', #258, #251, #262, .T.);
#264 = ORIENTED_EDGE ('', *, *, #263, .F.);
#265 = CARTESIAN_POINT ('', (59., -1.99999999999999, -5.));
#266 = VERTEX_POINT ('', #265);
#267 = CARTESIAN_POINT ('', (59., -1.99999999999999, -5.));
#268 = CARTESIAN_POINT ('', (59.7071067811865, -1.29289321881345, -5.));
#269 = B_SPLINE_CURVE_WITH_KNOTS ('', 1, (#267, #268), .UNSPECIFIED., .F., .U., (2, 2), (2021.44364894272, 2022.44364894272), .UNSPECIFIED.);
#270 = EDGE_CURVE ('', #266, #258, #269, .T.);
#271 = ORIENTED_EDGE ('', *, *, #270, .F.);
#272 = CARTESIAN_POINT ('', (9.49999999999999, -1.99999999999999, -5.));
#273 = VERTEX_POINT ('', #272);
#274 = CARTESIAN_POINT ('', (9.49999999999999, -1.99999999999999, -5.));
#275 = CARTESIAN_POINT ('', (59., -1.99999999999999, -5.));
#276 = B_SPLINE_CURVE_WITH_KNOTS ('', 1, (#274, #275), .UNSPECIFIED., .F., .U., (2, 2), (1971.94364894272, 2021.44364894272), .UNSPECIFIED.);
#277 = EDGE_CURVE ('', #273, #266, #276, .T.);
#278 = ORIENTED_EDGE ('', *, *, #277, .F.);
#279 = CARTESIAN_POINT ('', (8.49999999999999, -1., -5.));
#280 = VERTEX_POINT ('', #279);
#281 = CARTESIAN_POINT ('', (8.49999999999999, -1., -5.));
#282 = CARTESIAN_POINT ('', (8.49999999999999, -2., -5.));
#283 = CARTESIAN_POINT ('', (9.49999999999999, -1.99999999999999, -5.));
#284 = (
   BOUNDED_CURVE ()
   B_SPLINE_CURVE (2, (#281, #282, #283), .UNSPECIFIED., .F., .U.)
   B_SPLINE_CURVE_WITH_KNOTS ((3, 3), (1970.94364894272, 1971.94364894272), .UNSPECIFIED.)
   CURVE ()
   GEOMETRIC_REPRESENTATION_ITEM ()
   RATIONAL_B_SPLINE_CURVE ((1., 0.707106781186544, 1.))
   REPRESENTATION_ITEM ('')
);
#285 = EDGE_CURVE ('', #280, #273, #284, .T.);
#286 = ORIENTED_EDGE ('', *, *, #285, .F.);
#287 = CARTESIAN_POINT ('', (8.50000000000034, 99.5000000000003, -5.));
#288 = CARTESIAN_POINT ('', (8.49999999999999, -1., -5.));
#289 = B_SPLINE_CURVE_WITH_KNOTS ('', 1, (#287, #288), .UNSPECIFIED., .F., .U., (2, 2), (1870.44364894272, 1970.94364894272), .UNSPECIFIED.);
#290 = EDGE_CURVE ('', #147, #280, #289, .T.);
#291 = ORIENTED_EDGE ('', *, *, #290, .F.);
#292 = EDGE_LOOP ('', (#153, #160, #168, #175, #182, #190, #197, #205, #212, #219, #227, #234, #241, #249, #256, #264, #271, #278, #286, #291));
#293 = FACE_OUTER_BOUND ('', #292, .T.);
#294 = CARTESIAN_POINT ('', (32.5, 17.0000000000001, -5.));
#295 = VERTEX_POINT ('', #294);
#296 = CARTESIAN_POINT ('', (32.5, 5.00000000000012, -5.));
#297 = VERTEX_POINT ('', #296);
#298 = CARTESIAN_POINT ('', (32.5, 17.0000000000001, -5.));
#299 = CARTESIAN_POINT ('', (26.5, 17.0000000000001, -5.));
#300 = CARTESIAN_POINT ('', (26.5, 11.0000000000001, -5.));
#301 = CARTESIAN_POINT ('', (26.5, 5.00000000000013, -5.));
#302 = CARTESIAN_POINT ('', (32.5, 5.00000000000012, -5.));
#303 = (
   BOUNDED_CURVE ()
   B_SPLINE_CURVE (2, (#298, #299, #300, #301, #302), .UNSPECIFIED., .F., .U.)
   B_SPLINE_CURVE_WITH_KNOTS ((3, 2, 3), (0., 0.25, 0.5), .UNSPECIFIED.)
   CURVE ()
   GEOMETRIC_REPRESENTATION_ITEM ()
   RATIONAL_B_SPLINE_CURVE ((1., 0.707106781186548, 1., 0.707106781186548, 1.))
   REPRESENTATION_ITEM ('')
);
#304 = EDGE_CURVE ('', #295, #297, #303, .T.);
#305 = ORIENTED_EDGE ('', *, *, #304, .T.);
#306 = CARTESIAN_POINT ('', (32.5, 5.00000000000012, -5.));
#307 = CARTESIAN_POINT ('', (38.5, 5.00000000000012, -5.));
#308 = CARTESIAN_POINT ('', (38.5, 11.0000000000001, -5.));
#309 = CARTESIAN_POINT ('', (38.5, 17.0000000000001, -5.));
#310 = CARTESIAN_POINT ('', (32.5, 17.0000000000001, -5.));
#311 = (
   BOUNDED_CURVE ()
   B_SPLINE_CURVE (2, (#306, #307, #308, #309, #310), .UNSPECIFIED., .F., .U.)
   B_SPLINE_CURVE_WITH_KNOTS ((3, 2, 3), (0.5, 0.75, 1.), .UNSPECIFIED.)
   CURVE ()
   GEOMETRIC_REPRESENTATION_ITEM ()
   RATIONAL_B_SPLINE_CURVE ((1., 0.707106781186548, 1., 0.707106781186548, 1.))
   REPRESENTATION_ITEM ('')
);
#312 = EDGE_CURVE ('', #297, #295, #311, .T.);
#313 = ORIENTED_EDGE ('', *, *, #312, .T.);
#314 = EDGE_LOOP ('', (#305, #313));
#315 = FACE_BOUND ('', #314, .T.);
#316 = CARTESIAN_POINT ('', (25., 29.7500000000001, -5.));
#317 = VERTEX_POINT ('', #316);
#318 = CARTESIAN_POINT ('', (25., 17.7500000000001, -5.));
#319 = VERTEX_POINT ('', #318);
#320 = CARTESIAN_POINT ('', (25., 29.7500000000001, -5.));
#321 = CARTESIAN_POINT ('', (19., 29.7500000000001, -5.));
#322 = CARTESIAN_POINT ('', (19., 23.7500000000001, -5.));
#323 = CARTESIAN_POINT ('', (19., 17.7500000000001, -5.));
#324 = CARTESIAN_POINT ('', (25., 17.7500000000001, -5.));
#325 = (
   BOUNDED_CURVE ()
   B_SPLINE_CURVE (2, (#320, #321, #322, #323, #324), .UNSPECIFIED., .F., .U.)
   B_SPLINE_CURVE_WITH_KNOTS ((3, 2, 3), (0., 0.25, 0.5), .UNSPECIFIED.)
   CURVE ()
   GEOMETRIC_REPRESENTATION_ITEM ()
   RATIONAL_B_SPLINE_CURVE ((1., 0.707106781186548, 1., 0.707106781186548, 1.))
   REPRESENTATION_ITEM ('')
);
#326 = EDGE_CURVE ('', #317, #319, #325, .T.);
#327 = ORIENTED_EDGE ('', *, *, #326, .T.);
#328 = CARTESIAN_POINT ('', (25., 17.7500000000001, -5.));
#329 = CARTESIAN_POINT ('', (31., 17.7500000000001, -5.));
#330 = CARTESIAN_POINT ('', (31., 23.7500000000001, -5.));
#331 = CARTESIAN_POINT ('', (31., 29.7500000000001, -5.));
#332 = CARTESIAN_POINT ('', (25., 29.7500000000001, -5.));
#333 = (
   BOUNDED_CURVE ()
   B_SPLINE_CURVE (2, (#328, #329, #330, #331, #332), .UNSPECIFIED., .F., .U.)
   B_SPLINE_CURVE_WITH_KNOTS ((3, 2, 3), (0.5, 0.75, 1.), .UNSPECIFIED.)
   CURVE ()
   GEOMETRIC_REPRESENTATION_ITEM ()
   RATIONAL_B_SPLINE_CURVE ((1., 0.707106781186548, 1., 0.707106781186548, 1.))
   REPRESENTATION_ITEM ('')
);
#334 = EDGE_CURVE ('', #319, #317, #333, .T.);
#335 = ORIENTED_EDGE ('', *, *, #334, .T.);
#336 = EDGE_LOOP ('', (#327, #335));
#337 = FACE_BOUND ('', #336, .T.);
#338 = CARTESIAN_POINT ('', (40., 29.7500000000001, -5.));
#339 = VERTEX_POINT ('', #338);
#340 = CARTESIAN_POINT ('', (40., 17.7500000000001, -5.));
#341 = VERTEX_POINT ('', #340);
#342 = CARTESIAN_POINT ('', (40., 29.7500000000001, -5.));
#343 = CARTESIAN_POINT ('', (34., 29.7500000000001, -5.));
#344 = CARTESIAN_POINT ('', (34., 23.7500000000001, -5.));
#345 = CARTESIAN_POINT ('', (34., 17.7500000000001, -5.));
#346 = CARTESIAN_POINT ('', (40., 17.7500000000001, -5.));
#347 = (
   BOUNDED_CURVE ()
   B_SPLINE_CURVE (2, (#342, #343, #344, #345, #346), .UNSPECIFIED., .F., .U.)
   B_SPLINE_CURVE_WITH_KNOTS ((3, 2, 3), (0., 0.25, 0.5), .UNSPECIFIED.)
   CURVE ()
   GEOMETRIC_REPRESENTATION_ITEM ()
   RATIONAL_B_SPLINE_CURVE ((1., 0.707106781186548, 1., 0.707106781186548, 1.))
   REPRESENTATION_ITEM ('')
);
#348 = EDGE_CURVE ('', #339, #341, #347, .T.);
#349 = ORIENTED_EDGE ('', *, *, #348, .T.);
#350 = CARTESIAN_POINT ('', (40., 17.7500000000001, -5.));
#351 = CARTESIAN_POINT ('', (46., 17.7500000000001, -5.));
#352 = CARTESIAN_POINT ('', (46., 23.7500000000001, -5.));
#353 = CARTESIAN_POINT ('', (46., 29.7500000000001, -5.));
#354 = CARTESIAN_POINT ('', (40., 29.7500000000001, -5.));
#355 = (
   BOUNDED_CURVE ()
   B_SPLINE_CURVE (2, (#350, #351, #352, #353, #354), .UNSPECIFIED., .F., .U.)
   B_SPLINE_CURVE_WITH_KNOTS ((3, 2, 3), (0.5, 0.75, 1.), .UNSPECIFIED.)
   CURVE ()
   GEOMETRIC_REPRESENTATION_ITEM ()
   RATIONAL_B_SPLINE_CURVE ((1., 0.707106781186548, 1., 0.707106781186548, 1.))
   REPRESENTATION_ITEM ('')
);
#356 = EDGE_CURVE ('', #341, #339, #355, .T.);
#357 = ORIENTED_EDGE ('', *, *, #356, .T.);
#358 = EDGE_LOOP ('', (#349, #357));
#359 = FACE_BOUND ('', #358, .T.);
#360 = CARTESIAN_POINT ('', (47.5, 17.0000000000001, -5.));
#361 = VERTEX_POINT ('', #360);
#362 = CARTESIAN_POINT ('', (47.5, 5.00000000000011, -5.));
#363 = VERTEX_POINT ('', #362);
#364 = CARTESIAN_POINT ('', (47.5, 17.0000000000001, -5.));
#365 = CARTESIAN_POINT ('', (41.5, 17.0000000000001, -5.));
#366 = CARTESIAN_POINT ('', (41.5, 11.0000000000001, -5.));
#367 = CARTESIAN_POINT ('', (41.5, 5.00000000000012, -5.));
#368 = CARTESIAN_POINT ('', (47.5, 5.00000000000011, -5.));
#369 = (
   BOUNDED_CURVE ()
   B_SPLINE_CURVE (2, (#364, #365, #366, #367, #368), .UNSPECIFIED., .F., .U.)
   B_SPLINE_CURVE_WITH_KNOTS ((3, 2, 3), (0., 0.25, 0.5), .UNSPECIFIED.)
   CURVE ()
   GEOMETRIC_REPRESENTATION_ITEM ()
   RATIONAL_B_SPLINE_CURVE ((1., 0.707106781186548, 1., 0.707106781186548, 1.))
   REPRESENTATION_ITEM ('')
);
#370 = EDGE_CURVE ('', #361, #363, #369, .T.);
#371 = ORIENTED_EDGE ('', *, *, #370, .T.);
#372 = CARTESIAN_POINT ('', (47.5, 5.00000000000011, -5.));
#373 = CARTESIAN_POINT ('', (53.5, 5.00000000000011, -5.));
#374 = CARTESIAN_POINT ('', (53.5, 11.0000000000001, -5.));
#375 = CARTESIAN_POINT ('', (53.5, 17.0000000000001, -5.));
#376 = CARTESIAN_POINT ('', (47.5, 17.0000000000001, -5.));
#377 = (
   BOUNDED_CURVE ()
   B_SPLINE_CURVE (2, (#372, #373, #374, #375, #376), .UNSPECIFIED., .F., .U.)
   B_SPLINE_CURVE_WITH_KNOTS ((3, 2, 3), (0.5, 0.75, 1.), .UNSPECIFIED.)
   CURVE ()
   GEOMETRIC_REPRESENTATION_ITEM ()
   RATIONAL_B_SPLINE_CURVE ((1., 0.707106781186548, 1., 0.707106781186548, 1.))
   REPRESENTATION_ITEM ('')
);
#378 = EDGE_CURVE ('', #363, #361, #377, .T.);
#379 = ORIENTED_EDGE ('', *, *, #378, .T.);
#380 = EDGE_LOOP ('', (#371, #379));
#381 = FACE_BOUND ('', #380, .T.);
#382 = CARTESIAN_POINT ('', (62.5, 17.0000000000001, -5.));
#383 = VERTEX_POINT ('', #382);
#384 = CARTESIAN_POINT ('', (62.5, 5.00000000000012, -5.));
#385 = VERTEX_POINT ('', #384);
#386 = CARTESIAN_POINT ('', (62.5, 17.0000000000001, -5.));
#387 = CARTESIAN_POINT ('', (56.5, 17.0000000000001, -5.));
#388 = CARTESIAN_POINT ('', (56.5, 11.0000000000001, -5.));
#389 = CARTESIAN_POINT ('', (56.5, 5.00000000000011, -5.));
#390 = CARTESIAN_POINT ('', (62.5, 5.00000000000012, -5.));
#391 = (
   BOUNDED_CURVE ()
   B_SPLINE_CURVE (2, (#386, #387, #388, #389, #390), .UNSPECIFIED., .F., .U.)
   B_SPLINE_CURVE_WITH_KNOTS ((3, 2, 3), (0., 0.25, 0.5), .UNSPECIFIED.)
   CURVE ()
   GEOMETRIC_REPRESENTATION_ITEM ()
   RATIONAL_B_SPLINE_CURVE ((1., 0.707106781186548, 1., 0.707106781186548, 1.))
   REPRESENTATION_ITEM ('')
);
#392 = EDGE_CURVE ('', #383, #385, #391, .T.);
#393 = ORIENTED_EDGE ('', *, *, #392, .T.);
#394 = CARTESIAN_POINT ('', (62.5, 5.00000000000012, -5.));
#395 = CARTESIAN_POINT ('', (68.5, 5.00000000000012, -5.));
#396 = CARTESIAN_POINT ('', (68.5, 11.0000000000001, -5.));
#397 = CARTESIAN_POINT ('', (68.5, 17.0000000000001, -5.));
#398 = CARTESIAN_POINT ('', (62.5, 17.0000000000001, -5.));
#399 = (
   BOUNDED_CURVE ()
   B_SPLINE_CURVE (2, (#394, #395, #396, #397, #398), .UNSPECIFIED., .F., .U.)
   B_SPLINE_CURVE_WITH_KNOTS ((3, 2, 3), (0.5, 0.75, 1.), .UNSPECIFIED.)
   CURVE ()
   GEOMETRIC_REPRESENTATION_ITEM ()
   RATIONAL_B_SPLINE_CURVE ((1., 0.707106781186548, 1., 0.707106781186548, 1.))
   REPRESENTATION_ITEM ('')
);
#400 = EDGE_CURVE ('', #385, #383, #399, .T.);
#401 = ORIENTED_EDGE ('', *, *, #400, .T.);
#402 = EDGE_LOOP ('', (#393, #401));
#403 = FACE_BOUND ('', #402, .T.);
#404 = CARTESIAN_POINT ('', (55., 29.7500000000001, -5.));
#405 = VERTEX_POINT ('', #404);
#406 = CARTESIAN_POINT ('', (55., 17.7500000000001, -5.));
#407 = VERTEX_POINT ('', #406);
#408 = CARTESIAN_POINT ('', (55., 29.7500000000001, -5.));
#409 = CARTESIAN_POINT ('', (49., 29.7500000000001, -5.));
#410 = CARTESIAN_POINT ('', (49., 23.7500000000001, -5.));
#411 = CARTESIAN_POINT ('', (49., 17.7500000000001, -5.));
#412 = CARTESIAN_POINT ('', (55., 17.7500000000001, -5.));
#413 = (
   BOUNDED_CURVE ()
   B_SPLINE_CURVE (2, (#408, #409, #410, #411, #412), .UNSPECIFIED., .F., .U.)
   B_SPLINE_CURVE_WITH_KNOTS ((3, 2, 3), (0., 0.25, 0.5), .UNSPECIFIED.)
   CURVE ()
   GEOMETRIC_REPRESENTATION_ITEM ()
   RATIONAL_B_SPLINE_CURVE ((1., 0.707106781186548, 1., 0.707106781186548, 1.))
   REPRESENTATION_ITEM ('')
);
#414 = EDGE_CURVE ('', #405, #407, #413, .T.);
#415 = ORIENTED_EDGE ('', *, *, #414, .T.);
#416 = CARTESIAN_POINT ('', (55., 17.7500000000001, -5.));
#417 = CARTESIAN_POINT ('', (61., 17.7500000000001, -5.));
#418 = CARTESIAN_POINT ('', (61., 23.7500000000001, -5.));
#419 = CARTESIAN_POINT ('', (61., 29.7500000000001, -5.));
#420 = CARTESIAN_POINT ('', (55., 29.7500000000001, -5.));
#421 = (
   BOUNDED_CURVE ()
   B_SPLINE_CURVE (2, (#416, #417, #418, #419, #420), .UNSPECIFIED., .F., .U.)
   B_SPLINE_CURVE_WITH_KNOTS ((3, 2, 3), (0.5, 0.75, 1.), .UNSPECIFIED.)
   CURVE ()
   GEOMETRIC_REPRESENTATION_ITEM ()
   RATIONAL_B_SPLINE_CURVE ((1., 0.707106781186548, 1., 0.707106781186548, 1.))
   REPRESENTATION_ITEM ('')
);
#422 = EDGE_CURVE ('', #407, #405, #421, .T.);
#423 = ORIENTED_EDGE ('', *, *, #422, .T.);
#424 = EDGE_LOOP ('', (#415, #423));
#425 = FACE_BOUND ('', #424, .T.);
#426 = CARTESIAN_POINT ('', (70., 29.7500000000001, -5.));
#427 = VERTEX_POINT ('', #426);
#428 = CARTESIAN_POINT ('', (70., 17.7500000000001, -5.));
#429 = VERTEX_POINT ('', #428);
#430 = CARTESIAN_POINT ('', (70., 29.7500000000001, -5.));
#431 = CARTESIAN_POINT ('', (64., 29.7500000000001, -5.));
#432 = CARTESIAN_POINT ('', (64., 23.7500000000001, -5.));
#433 = CARTESIAN_POINT ('', (64., 17.7500000000001, -5.));
#434 = CARTESIAN_POINT ('', (70., 17.7500000000001, -5.));
#435 = (
   BOUNDED_CURVE ()
   B_SPLINE_CURVE (2, (#430, #431, #432, #433, #434), .UNSPECIFIED., .F., .U.)
   B_SPLINE_CURVE_WITH_KNOTS ((3, 2, 3), (0., 0.25, 0.5), .UNSPECIFIED.)
   CURVE ()
   GEOMETRIC_REPRESENTATION_ITEM ()
   RATIONAL_B_SPLINE_CURVE ((1., 0.707106781186548, 1., 0.707106781186548, 1.))
   REPRESENTATION_ITEM ('')
);
#436 = EDGE_CURVE ('', #427, #429, #435, .T.);
#437 = ORIENTED_EDGE ('', *, *, #436, .T.);
#438 = CARTESIAN_POINT ('', (70., 17.7500000000001, -5.));
#439 = CARTESIAN_POINT ('', (76., 17.7500000000001, -5.));
#440 = CARTESIAN_POINT ('', (76., 23.7500000000001, -5.));
#441 = CARTESIAN_POINT ('', (76., 29.7500000000001, -5.));
#442 = CARTESIAN_POINT ('', (70., 29.7500000000001, -5.));
#443 = (
   BOUNDED_CURVE ()
   B_SPLINE_CURVE (2, (#438, #439, #440, #441, #442), .UNSPECIFIED., .F., .U.)
   B_SPLINE_CURVE_WITH_KNOTS ((3, 2, 3), (0.5, 0.75, 1.), .UNSPECIFIED.)
   CURVE ()
   GEOMETRIC_REPRESENTATION_ITEM ()
   RATIONAL_B_SPLINE_CURVE ((1., 0.707106781186548, 1., 0.707106781186548, 1.))
   REPRESENTATION_ITEM ('')
);
#444 = EDGE_CURVE ('', #429, #427, #443, .T.);
#445 = ORIENTED_EDGE ('', *, *, #444, .T.);
#446 = EDGE_LOOP ('', (#437, #445));
#447 = FACE_BOUND ('', #446, .T.);
#448 = CARTESIAN_POINT ('', (77.5, 17.0000000000001, -5.));
#449 = VERTEX_POINT ('', #448);
#450 = CARTESIAN_POINT ('', (77.5, 5.00000000000011, -5.));
#451 = VERTEX_POINT ('', #450);
#452 = CARTESIAN_POINT ('', (77.5, 17.0000000000001, -5.));
#453 = CARTESIAN_POINT ('', (71.5, 17.0000000000001, -5.));
#454 = CARTESIAN_POINT ('', (71.5, 11.0000000000001, -5.));
#455 = CARTESIAN_POINT ('', (71.5, 5.00000000000011, -5.));
#456 = CARTESIAN_POINT ('', (77.5, 5.00000000000011, -5.));
#457 = (
   BOUNDED_CURVE ()
   B_SPLINE_CURVE (2, (#452, #453, #454, #455, #456), .UNSPECIFIED., .F., .U.)
   B_SPLINE_CURVE_WITH_KNOTS ((3, 2, 3), (0., 0.25, 0.5), .UNSPECIFIED.)
   CURVE ()
   GEOMETRIC_REPRESENTATION_ITEM ()
   RATIONAL_B_SPLINE_CURVE ((1., 0.707106781186548, 1., 0.707106781186548, 1.))
   REPRESENTATION_ITEM ('')
);
#458 = EDGE_CURVE ('', #449, #451, #457, .T.);
#459 = ORIENTED_EDGE ('', *, *, #458, .T.);
#460 = CARTESIAN_POINT ('', (77.5, 5.00000000000011, -5.));
#461 = CARTESIAN_POINT ('', (83.5, 5.00000000000011, -5.));
#462 = CARTESIAN_POINT ('', (83.5, 11.0000000000001, -5.));
#463 = CARTESIAN_POINT ('', (83.5, 17.0000000000001, -5.));
#464 = CARTESIAN_POINT ('', (77.5, 17.0000000000001, -5.));
#465 = (
   BOUNDED_CURVE ()
   B_SPLINE_CURVE (2, (#460, #461, #462, #463, #464), .UNSPECIFIED., .F., .U.)
   B_SPLINE_CURVE_WITH_KNOTS ((3, 2, 3), (0.5, 0.75, 1.), .UNSPECIFIED.)
   CURVE ()
   GEOMETRIC_REPRESENTATION_ITEM ()
   RATIONAL_B_SPLINE_CURVE ((1., 0.707106781186548, 1., 0.707106781186548, 1.))
   REPRESENTATION_ITEM ('')
);
#466 = EDGE_CURVE ('', #451, #449, #465, .T.);
#467 = ORIENTED_EDGE ('', *, *, #466, .T.);
#468 = EDGE_LOOP ('', (#459, #467));
#469 = FACE_BOUND ('', #468, .T.);
#470 = CARTESIAN_POINT ('', (92.5, 17.0000000000001, -5.));
#471 = VERTEX_POINT ('', #470);
#472 = CARTESIAN_POINT ('', (92.5, 5.00000000000014, -5.));
#473 = VERTEX_POINT ('', #472);
#474 = CARTESIAN_POINT ('', (92.5, 17.0000000000001, -5.));
#475 = CARTESIAN_POINT ('', (86.5, 17.0000000000001, -5.));
#476 = CARTESIAN_POINT ('', (86.5, 11.0000000000001, -5.));
#477 = CARTESIAN_POINT ('', (86.5, 5.00000000000014, -5.));
#478 = CARTESIAN_POINT ('', (92.5, 5.00000000000014, -5.));
#479 = (
   BOUNDED_CURVE ()
   B_SPLINE_CURVE (2, (#474, #475, #476, #477, #478), .UNSPECIFIED., .F., .U.)
   B_SPLINE_CURVE_WITH_KNOTS ((3, 2, 3), (0., 0.25, 0.5), .UNSPECIFIED.)
   CURVE ()
   GEOMETRIC_REPRESENTATION_ITEM ()
   RATIONAL_B_SPLINE_CURVE ((1., 0.707106781186548, 1., 0.707106781186548, 1.))
   REPRESENTATION_ITEM ('')
);
#480 = EDGE_CURVE ('', #471, #473, #479, .T.);
#481 = ORIENTED_EDGE ('', *, *, #480, .T.);
#482 = CARTESIAN_POINT ('', (92.5, 5.00000000000014, -5.));
#483 = CARTESIAN_POINT ('', (98.5, 5.00000000000013, -5.));
#484 = CARTESIAN_POINT ('', (98.5, 11.0000000000001, -5.));
#485 = CARTESIAN_POINT ('', (98.5, 17.0000000000001, -5.));
#486 = CARTESIAN_POINT ('', (92.5, 17.0000000000001, -5.));
#487 = (
   BOUNDED_CURVE ()
   B_SPLINE_CURVE (2, (#482, #483, #484, #485, #486), .UNSPECIFIED., .F., .U.)
   B_SPLINE_CURVE_WITH_KNOTS ((3, 2, 3), (0.5, 0.75, 1.), .UNSPECIFIED.)
   CURVE ()
   GEOMETRIC_REPRESENTATION_ITEM ()
   RATIONAL_B_SPLINE_CURVE ((1., 0.707106781186548, 1., 0.707106781186548, 1.))
   REPRESENTATION_ITEM ('')
);
#488 = EDGE_CURVE ('', #473, #471, #487, .T.);
#489 = ORIENTED_EDGE ('', *, *, #488, .T.);
#490 = EDGE_LOOP ('', (#481, #489));
#491 = FACE_BOUND ('', #490, .T.);
#492 = CARTESIAN_POINT ('', (85., 29.7500000000001, -5.));
#493 = VERTEX_POINT ('', #492);
#494 = CARTESIAN_POINT ('', (85., 17.7500000000001, -5.));
#495 = VERTEX_POINT ('', #494);
#496 = CARTESIAN_POINT ('', (85., 29.7500000000001, -5.));
#497 = CARTESIAN_POINT ('', (79., 29.7500000000001, -5.));
#498 = CARTESIAN_POINT ('', (79., 23.7500000000001, -5.));
#499 = CARTESIAN_POINT ('', (79., 17.7500000000001, -5.));
#500 = CARTESIAN_POINT ('', (85., 17.7500000000001, -5.));
#501 = (
   BOUNDED_CURVE ()
   B_SPLINE_CURVE (2, (#496, #497, #498, #499, #500), .UNSPECIFIED., .F., .U.)
   B_SPLINE_CURVE_WITH_KNOTS ((3, 2, 3), (0., 0.25, 0.5), .UNSPECIFIED.)
   CURVE ()
   GEOMETRIC_REPRESENTATION_ITEM ()
   RATIONAL_B_SPLINE_CURVE ((1., 0.707106781186548, 1., 0.707106781186548, 1.))
   REPRESENTATION_ITEM ('')
);
#502 = EDGE_CURVE ('', #493, #495, #501, .T.);
#503 = ORIENTED_EDGE ('', *, *, #502, .T.);
#504 = CARTESIAN_POINT ('', (85., 17.7500000000001, -5.));
#505 = CARTESIAN_POINT ('', (91., 17.7500000000001, -5.));
#506 = CARTESIAN_POINT ('', (91., 23.7500000000001, -5.));
#507 = CARTESIAN_POINT ('', (91., 29.7500000000001, -5.));
#508 = CARTESIAN_POINT ('', (85., 29.7500000000001, -5.));
#509 = (
   BOUNDED_CURVE ()
   B_SPLINE_CURVE (2, (#504, #505, #506, #507, #508), .UNSPECIFIED., .F., .U.)
   B_SPLINE_CURVE_WITH_KNOTS ((3, 2, 3), (0.5, 0.75, 1.), .UNSPECIFIED.)
   CURVE ()
   GEOMETRIC_REPRESENTATION_ITEM ()
   RATIONAL_B_SPLINE_CURVE ((1., 0.707106781186548, 1., 0.707106781186548, 1.))
   REPRESENTATION_ITEM ('')
);
#510 = EDGE_CURVE ('', #495, #493, #509, .T.);
#511 = ORIENTED_EDGE ('', *, *, #510, .T.);
#512 = EDGE_LOOP ('', (#503, #511));
#513 = FACE_BOUND ('', #512, .T.);
#514 = CARTESIAN_POINT ('', (17.5, 42.5000000000001, -5.));
#515 = VERTEX_POINT ('', #514);
#516 = CARTESIAN_POINT ('', (17.5, 30.5000000000001, -5.));
#517 = VERTEX_POINT ('', #516);
#518 = CARTESIAN_POINT ('', (17.5, 42.5000000000001, -5.));
#519 = CARTESIAN_POINT ('', (11.5, 42.5000000000001, -5.));
#520 = CARTESIAN_POINT ('', (11.5, 36.5000000000001, -5.));
#521 = CARTESIAN_POINT ('', (11.5, 30.5000000000001, -5.));
#522 = CARTESIAN_POINT ('', (17.5, 30.5000000000001, -5.));
#523 = (
   BOUNDED_CURVE ()
   B_SPLINE_CURVE (2, (#518, #519, #520, #521, #522), .UNSPECIFIED., .F., .U.)
   B_SPLINE_CURVE_WITH_KNOTS ((3, 2, 3), (0., 0.25, 0.5), .UNSPECIFIED.)
   CURVE ()
   GEOMETRIC_REPRESENTATION_ITEM ()
   RATIONAL_B_SPLINE_CURVE ((1., 0.707106781186548, 1., 0.707106781186548, 1.))
   REPRESENTATION_ITEM ('')
);
#524 = EDGE_CURVE ('', #515, #517, #523, .T.);
#525 = ORIENTED_EDGE ('', *, *, #524, .T.);
#526 = CARTESIAN_POINT ('', (17.5, 30.5000000000001, -5.));
#527 = CARTESIAN_POINT ('', (23.5, 30.5000000000001, -5.));
#528 = CARTESIAN_POINT ('', (23.5, 36.5000000000001, -5.));
#529 = CARTESIAN_POINT ('', (23.5, 42.5000000000001, -5.));
#530 = CARTESIAN_POINT ('', (17.5, 42.5000000000001, -5.));
#531 = (
   BOUNDED_CURVE ()
   B_SPLINE_CURVE (2, (#526, #527, #528, #529, #530), .UNSPECIFIED., .F., .U.)
   B_SPLINE_CURVE_WITH_KNOTS ((3, 2, 3), (0.5, 0.75, 1.), .UNSPECIFIED.)
   CURVE ()
   GEOMETRIC_REPRESENTATION_ITEM ()
   RATIONAL_B_SPLINE_CURVE ((1., 0.707106781186548, 1., 0.707106781186548, 1.))
   REPRESENTATION_ITEM ('')
);
#532 = EDGE_CURVE ('', #517, #515, #531, .T.);
#533 = ORIENTED_EDGE ('', *, *, #532, .T.);
#534 = EDGE_LOOP ('', (#525, #533));
#535 = FACE_BOUND ('', #534, .T.);
#536 = CARTESIAN_POINT ('', (32.5, 42.5000000000001, -5.));
#537 = VERTEX_POINT ('', #536);
#538 = CARTESIAN_POINT ('', (32.5, 30.5000000000001, -5.));
#539 = VERTEX_POINT ('', #538);
#540 = CARTESIAN_POINT ('', (32.5, 42.5000000000001, -5.));
#541 = CARTESIAN_POINT ('', (26.5, 42.5000000000001, -5.));
#542 = CARTESIAN_POINT ('', (26.5, 36.5000000000001, -5.));
#543 = CARTESIAN_POINT ('', (26.5, 30.5000000000001, -5.));
#544 = CARTESIAN_POINT ('', (32.5, 30.5000000000001, -5.));
#545 = (
   BOUNDED_CURVE ()
   B_SPLINE_CURVE (2, (#540, #541, #542, #543, #544), .UNSPECIFIED., .F., .U.)
   B_SPLINE_CURVE_WITH_KNOTS ((3, 2, 3), (0., 0.25, 0.5), .UNSPECIFIED.)
   CURVE ()
   GEOMETRIC_REPRESENTATION_ITEM ()
   RATIONAL_B_SPLINE_CURVE ((1., 0.707106781186548, 1., 0.707106781186548, 1.))
   REPRESENTATION_ITEM ('')
);
#546 = EDGE_CURVE ('', #537, #539, #545, .T.);
#547 = ORIENTED_EDGE ('', *, *, #546, .T.);
#548 = CARTESIAN_POINT ('', (32.5, 30.5000000000001, -5.));
#549 = CARTESIAN_POINT ('', (38.5, 30.5000000000001, -5.));
#550 = CARTESIAN_POINT ('', (38.5, 36.5000000000001, -5.));
#551 = CARTESIAN_POINT ('', (38.5, 42.5000000000001, -5.));
#552 = CARTESIAN_POINT ('', (32.5, 42.5000000000001, -5.));
#553 = (
   BOUNDED_CURVE ()
   B_SPLINE_CURVE (2, (#548, #549, #550, #551, #552), .UNSPECIFIED., .F., .U.)
   B_SPLINE_CURVE_WITH_KNOTS ((3, 2, 3), (0.5, 0.75, 1.), .UNSPECIFIED.)
   CURVE ()
   GEOMETRIC_REPRESENTATION_ITEM ()
   RATIONAL_B_SPLINE_CURVE ((1., 0.707106781186548, 1., 0.707106781186548, 1.))
   REPRESENTATION_ITEM ('')
);
#554 = EDGE_CURVE ('', #539, #537, #553, .T.);
#555 = ORIENTED_EDGE ('', *, *, #554, .T.);
#556 = EDGE_LOOP ('', (#547, #555));
#557 = FACE_BOUND ('', #556, .T.);
#558 = CARTESIAN_POINT ('', (25., 55.2500000000001, -5.));
#559 = VERTEX_POINT ('', #558);
#560 = CARTESIAN_POINT ('', (25., 43.2500000000001, -5.));
#561 = VERTEX_POINT ('', #560);
#562 = CARTESIAN_POINT ('', (25., 55.2500000000001, -5.));
#563 = CARTESIAN_POINT ('', (19., 55.2500000000001, -5.));
#564 = CARTESIAN_POINT ('', (19., 49.2500000000001, -5.));
#565 = CARTESIAN_POINT ('', (19., 43.2500000000001, -5.));
#566 = CARTESIAN_POINT ('', (25., 43.2500000000001, -5.));
#567 = (
   BOUNDED_CURVE ()
   B_SPLINE_CURVE (2, (#562, #563, #564, #565, #566), .UNSPECIFIED., .F., .U.)
   B_SPLINE_CURVE_WITH_KNOTS ((3, 2, 3), (0., 0.25, 0.5), .UNSPECIFIED.)
   CURVE ()
   GEOMETRIC_REPRESENTATION_ITEM ()
   RATIONAL_B_SPLINE_CURVE ((1., 0.707106781186548, 1., 0.707106781186548, 1.))
   REPRESENTATION_ITEM ('')
);
#568 = EDGE_CURVE ('', #559, #561, #567, .T.);
#569 = ORIENTED_EDGE ('', *, *, #568, .T.);
#570 = CARTESIAN_POINT ('', (25., 43.2500000000001, -5.));
#571 = CARTESIAN_POINT ('', (31., 43.2500000000001, -5.));
#572 = CARTESIAN_POINT ('', (31., 49.2500000000001, -5.));
#573 = CARTESIAN_POINT ('', (31., 55.2500000000001, -5.));
#574 = CARTESIAN_POINT ('', (25., 55.2500000000001, -5.));
#575 = (
   BOUNDED_CURVE ()
   B_SPLINE_CURVE (2, (#570, #571, #572, #573, #574), .UNSPECIFIED., .F., .U.)
   B_SPLINE_CURVE_WITH_KNOTS ((3, 2, 3), (0.5, 0.75, 1.), .UNSPECIFIED.)
   CURVE ()
   GEOMETRIC_REPRESENTATION_ITEM ()
   RATIONAL_B_SPLINE_CURVE ((1., 0.707106781186548, 1., 0.707106781186548, 1.))
   REPRESENTATION_ITEM ('')
);
#576 = EDGE_CURVE ('', #561, #559, #575, .T.);
#577 = ORIENTED_EDGE ('', *, *, #576, .T.);
#578 = EDGE_LOOP ('', (#569, #577));
#579 = FACE_BOUND ('', #578, .T.);
#580 = CARTESIAN_POINT ('', (40., 55.2500000000001, -5.));
#581 = VERTEX_POINT ('', #580);
#582 = CARTESIAN_POINT ('', (40., 43.2500000000001, -5.));
#583 = VERTEX_POINT ('', #582);
#584 = CARTESIAN_POINT ('', (40., 55.2500000000001, -5.));
#585 = CARTESIAN_POINT ('', (34., 55.2500000000001, -5.));
#586 = CARTESIAN_POINT ('', (34., 49.2500000000001, -5.));
#587 = CARTESIAN_POINT ('', (34., 43.2500000000001, -5.));
#588 = CARTESIAN_POINT ('', (40., 43.2500000000001, -5.));
#589 = (
   BOUNDED_CURVE ()
   B_SPLINE_CURVE (2, (#584, #585, #586, #587, #588), .UNSPECIFIED., .F., .U.)
   B_SPLINE_CURVE_WITH_KNOTS ((3, 2, 3), (0., 0.25, 0.5), .UNSPECIFIED.)
   CURVE ()
   GEOMETRIC_REPRESENTATION_ITEM ()
   RATIONAL_B_SPLINE_CURVE ((1., 0.707106781186548, 1., 0.707106781186548, 1.))
   REPRESENTATION_ITEM ('')
);
#590 = EDGE_CURVE ('', #581, #583, #589, .T.);
#591 = ORIENTED_EDGE ('', *, *, #590, .T.);
#592 = CARTESIAN_POINT ('', (40., 43.2500000000001, -5.));
#593 = CARTESIAN_POINT ('', (46., 43.2500000000001, -5.));
#594 = CARTESIAN_POINT ('', (46., 49.2500000000001, -5.));
#595 = CARTESIAN_POINT ('', (46., 55.2500000000001, -5.));
#596 = CARTESIAN_POINT ('', (40., 55.2500000000001, -5.));
#597 = (
   BOUNDED_CURVE ()
   B_SPLINE_CURVE (2, (#592, #593, #594, #595, #596), .UNSPECIFIED., .F., .U.)
   B_SPLINE_CURVE_WITH_KNOTS ((3, 2, 3), (0.5, 0.75, 1.), .UNSPECIFIED.)
   CURVE ()
   GEOMETRIC_REPRESENTATION_ITEM ()
   RATIONAL_B_SPLINE_CURVE ((1., 0.707106781186548, 1., 0.707106781186548, 1.))
   REPRESENTATION_ITEM ('')
);
#598 = EDGE_CURVE ('', #583, #581, #597, .T.);
#599 = ORIENTED_EDGE ('', *, *, #598, .T.);
#600 = EDGE_LOOP ('', (#591, #599));
#601 = FACE_BOUND ('', #600, .T.);
#602 = CARTESIAN_POINT ('', (47.5, 42.5000000000001, -5.));
#603 = VERTEX_POINT ('', #602);
#604 = CARTESIAN_POINT ('', (47.5, 30.5000000000001, -5.));
#605 = VERTEX_POINT ('', #604);
#606 = CARTESIAN_POINT ('', (47.5, 42.5000000000001, -5.));
#607 = CARTESIAN_POINT ('', (41.5, 42.5000000000001, -5.));
#608 = CARTESIAN_POINT ('', (41.5, 36.5000000000001, -5.));
#609 = CARTESIAN_POINT ('', (41.5, 30.5000000000001, -5.));
#610 = CARTESIAN_POINT ('', (47.5, 30.5000000000001, -5.));
#611 = (
   BOUNDED_CURVE ()
   B_SPLINE_CURVE (2, (#606, #607, #608, #609, #610), .UNSPECIFIED., .F., .U.)
   B_SPLINE_CURVE_WITH_KNOTS ((3, 2, 3), (0., 0.25, 0.5), .UNSPECIFIED.)
   CURVE ()
   GEOMETRIC_REPRESENTATION_ITEM ()
   RATIONAL_B_SPLINE_CURVE ((1., 0.707106781186548, 1., 0.707106781186548, 1.))
   REPRESENTATION_ITEM ('')
);
#612 = EDGE_CURVE ('', #603, #605, #611, .T.);
#613 = ORIENTED_EDGE ('', *, *, #612, .T.);
#614 = CARTESIAN_POINT ('', (47.5, 30.5000000000001, -5.));
#615 = CARTESIAN_POINT ('', (53.5, 30.5000000000001, -5.));
#616 = CARTESIAN_POINT ('', (53.5, 36.5000000000001, -5.));
#617 = CARTESIAN_POINT ('', (53.5, 42.5000000000001, -5.));
#618 = CARTESIAN_POINT ('', (47.5, 42.5000000000001, -5.));
#619 = (
   BOUNDED_CURVE ()
   B_SPLINE_CURVE (2, (#614, #615, #616, #617, #618), .UNSPECIFIED., .F., .U.)
   B_SPLINE_CURVE_WITH_KNOTS ((3, 2, 3), (0.5, 0.75, 1.), .UNSPECIFIED.)
   CURVE ()
   GEOMETRIC_REPRESENTATION_ITEM ()
   RATIONAL_B_SPLINE_CURVE ((1., 0.707106781186548, 1., 0.707106781186548, 1.))
   REPRESENTATION_ITEM ('')
);
#620 = EDGE_CURVE ('', #605, #603, #619, .T.);
#621 = ORIENTED_EDGE ('', *, *, #620, .T.);
#622 = EDGE_LOOP ('', (#613, #621));
#623 = FACE_BOUND ('', #622, .T.);
#624 = CARTESIAN_POINT ('', (62.5, 42.5000000000001, -5.));
#625 = VERTEX_POINT ('', #624);
#626 = CARTESIAN_POINT ('', (62.5, 30.5000000000001, -5.));
#627 = VERTEX_POINT ('', #626);
#628 = CARTESIAN_POINT ('', (62.5, 42.5000000000001, -5.));
#629 = CARTESIAN_POINT ('', (56.5, 42.5000000000001, -5.));
#630 = CARTESIAN_POINT ('', (56.5, 36.5000000000001, -5.));
#631 = CARTESIAN_POINT ('', (56.5, 30.5000000000001, -5.));
#632 = CARTESIAN_POINT ('', (62.5, 30.5000000000001, -5.));
#633 = (
   BOUNDED_CURVE ()
   B_SPLINE_CURVE (2, (#628, #629, #630, #631, #632), .UNSPECIFIED., .F., .U.)
   B_SPLINE_CURVE_WITH_KNOTS ((3, 2, 3), (0., 0.25, 0.5), .UNSPECIFIED.)
   CURVE ()
   GEOMETRIC_REPRESENTATION_ITEM ()
   RATIONAL_B_SPLINE_CURVE ((1., 0.707106781186548, 1., 0.707106781186548, 1.))
   REPRESENTATION_ITEM ('')
);
#634 = EDGE_CURVE ('', #625, #627, #633, .T.);
#635 = ORIENTED_EDGE ('', *, *, #634, .T.);
#636 = CARTESIAN_POINT ('', (62.5, 30.5000000000001, -5.));
#637 = CARTESIAN_POINT ('', (68.5, 30.5000000000001, -5.));
#638 = CARTESIAN_POINT ('', (68.5, 36.5000000000001, -5.));
#639 = CARTESIAN_POINT ('', (68.5, 42.5000000000001, -5.));
#640 = CARTESIAN_POINT ('', (62.5, 42.5000000000001, -5.));
#641 = (
   BOUNDED_CURVE ()
   B_SPLINE_CURVE (2, (#636, #637, #638, #639, #640), .UNSPECIFIED., .F., .U.)
   B_SPLINE_CURVE_WITH_KNOTS ((3, 2, 3), (0.5, 0.75, 1.), .UNSPECIFIED.)
   CURVE ()
   GEOMETRIC_REPRESENTATION_ITEM ()
   RATIONAL_B_SPLINE_CURVE ((1., 0.707106781186548, 1., 0.707106781186548, 1.))
   REPRESENTATION_ITEM ('')
);
#642 = EDGE_CURVE ('', #627, #625, #641, .T.);
#643 = ORIENTED_EDGE ('', *, *, #642, .T.);
#644 = EDGE_LOOP ('', (#635, #643));
#645 = FACE_BOUND ('', #644, .T.);
#646 = CARTESIAN_POINT ('', (55., 55.2500000000001, -5.));
#647 = VERTEX_POINT ('', #646);
#648 = CARTESIAN_POINT ('', (55., 43.2500000000001, -5.));
#649 = VERTEX_POINT ('', #648);
#650 = CARTESIAN_POINT ('', (55., 55.2500000000001, -5.));
#651 = CARTESIAN_POINT ('', (49., 55.2500000000001, -5.));
#652 = CARTESIAN_POINT ('', (49., 49.2500000000001, -5.));
#653 = CARTESIAN_POINT ('', (49., 43.2500000000001, -5.));
#654 = CARTESIAN_POINT ('', (55., 43.2500000000001, -5.));
#655 = (
   BOUNDED_CURVE ()
   B_SPLINE_CURVE (2, (#650, #651, #652, #653, #654), .UNSPECIFIED., .F., .U.)
   B_SPLINE_CURVE_WITH_KNOTS ((3, 2, 3), (0., 0.25, 0.5), .UNSPECIFIED.)
   CURVE ()
   GEOMETRIC_REPRESENTATION_ITEM ()
   RATIONAL_B_SPLINE_CURVE ((1., 0.707106781186548, 1., 0.707106781186548, 1.))
   REPRESENTATION_ITEM ('')
);
#656 = EDGE_CURVE ('', #647, #649, #655, .T.);
#657 = ORIENTED_EDGE ('', *, *, #656, .T.);
#658 = CARTESIAN_POINT ('', (55., 43.2500000000001, -5.));
#659 = CARTESIAN_POINT ('', (61., 43.2500000000001, -5.));
#660 = CARTESIAN_POINT ('', (61., 49.2500000000001, -5.));
#661 = CARTESIAN_POINT ('', (61., 55.2500000000001, -5.));
#662 = CARTESIAN_POINT ('', (55., 55.2500000000001, -5.));
#663 = (
   BOUNDED_CURVE ()
   B_SPLINE_CURVE (2, (#658, #659, #660, #661, #662), .UNSPECIFIED., .F., .U.)
   B_SPLINE_CURVE_WITH_KNOTS ((3, 2, 3), (0.5, 0.75, 1.), .UNSPECIFIED.)
   CURVE ()
   GEOMETRIC_REPRESENTATION_ITEM ()
   RATIONAL_B_SPLINE_CURVE ((1., 0.707106781186548, 1., 0.707106781186548, 1.))
   REPRESENTATION_ITEM ('')
);
#664 = EDGE_CURVE ('', #649, #647, #663, .T.);
#665 = ORIENTED_EDGE ('', *, *, #664, .T.);
#666 = EDGE_LOOP ('', (#657, #665));
#667 = FACE_BOUND ('', #666, .T.);
#668 = CARTESIAN_POINT ('', (70., 55.2500000000001, -5.));
#669 = VERTEX_POINT ('', #668);
#670 = CARTESIAN_POINT ('', (69.9999999999999, 43.2500000000001, -5.));
#671 = VERTEX_POINT ('', #670);
#672 = CARTESIAN_POINT ('', (70., 55.2500000000001, -5.));
#673 = CARTESIAN_POINT ('', (64., 55.2500000000002, -5.));
#674 = CARTESIAN_POINT ('', (64., 49.2500000000002, -5.));
#675 = CARTESIAN_POINT ('', (63.9999999999999, 43.2500000000002, -5.));
#676 = CARTESIAN_POINT ('', (69.9999999999999, 43.2500000000001, -5.));
#677 = (
   BOUNDED_CURVE ()
   B_SPLINE_CURVE (2, (#672, #673, #674, #675, #676), .UNSPECIFIED., .F., .U.)
   B_SPLINE_CURVE_WITH_KNOTS ((3, 2, 3), (0., 0.25, 0.5), .UNSPECIFIED.)
   CURVE ()
   GEOMETRIC_REPRESENTATION_ITEM ()
   RATIONAL_B_SPLINE_CURVE ((1., 0.707106781186548, 1., 0.707106781186548, 1.))
   REPRESENTATION_ITEM ('')
);
#678 = EDGE_CURVE ('', #669, #671, #677, .T.);
#679 = ORIENTED_EDGE ('', *, *, #678, .T.);
#680 = CARTESIAN_POINT ('', (69.9999999999999, 43.2500000000001, -5.));
#681 = CARTESIAN_POINT ('', (75.9999999999999, 43.2500000000001, -5.));
#682 = CARTESIAN_POINT ('', (76., 49.2500000000001, -5.));
#683 = CARTESIAN_POINT ('', (76., 55.2500000000001, -5.));
#684 = CARTESIAN_POINT ('', (70., 55.2500000000001, -5.));
#685 = (
   BOUNDED_CURVE ()
   B_SPLINE_CURVE (2, (#680, #681, #682, #683, #684), .UNSPECIFIED., .F., .U.)
   B_SPLINE_CURVE_WITH_KNOTS ((3, 2, 3), (0.5, 0.75, 1.), .UNSPECIFIED.)
   CURVE ()
   GEOMETRIC_REPRESENTATION_ITEM ()
   RATIONAL_B_SPLINE_CURVE ((1., 0.707106781186548, 1., 0.707106781186548, 1.))
   REPRESENTATION_ITEM ('')
);
#686 = EDGE_CURVE ('', #671, #669, #685, .T.);
#687 = ORIENTED_EDGE ('', *, *, #686, .T.);
#688 = EDGE_LOOP ('', (#679, #687));
#689 = FACE_BOUND ('', #688, .T.);
#690 = CARTESIAN_POINT ('', (77.5, 42.5000000000001, -5.));
#691 = VERTEX_POINT ('', #690);
#692 = CARTESIAN_POINT ('', (77.5, 30.5000000000001, -5.));
#693 = VERTEX_POINT ('', #692);
#694 = CARTESIAN_POINT ('', (77.5, 42.5000000000001, -5.));
#695 = CARTESIAN_POINT ('', (71.5, 42.5000000000001, -5.));
#696 = CARTESIAN_POINT ('', (71.5, 36.5000000000001, -5.));
#697 = CARTESIAN_POINT ('', (71.5, 30.5000000000001, -5.));
#698 = CARTESIAN_POINT ('', (77.5, 30.5000000000001, -5.));
#699 = (
   BOUNDED_CURVE ()
   B_SPLINE_CURVE (2, (#694, #695, #696, #697, #698), .UNSPECIFIED., .F., .U.)
   B_SPLINE_CURVE_WITH_KNOTS ((3, 2, 3), (0., 0.25, 0.5), .UNSPECIFIED.)
   CURVE ()
   GEOMETRIC_REPRESENTATION_ITEM ()
   RATIONAL_B_SPLINE_CURVE ((1., 0.707106781186548, 1., 0.707106781186548, 1.))
   REPRESENTATION_ITEM ('')
);
#700 = EDGE_CURVE ('', #691, #693, #699, .T.);
#701 = ORIENTED_EDGE ('', *, *, #700, .T.);
#702 = CARTESIAN_POINT ('', (77.5, 30.5000000000001, -5.));
#703 = CARTESIAN_POINT ('', (83.5, 30.5000000000001, -5.));
#704 = CARTESIAN_POINT ('', (83.5, 36.5000000000001, -5.));
#705 = CARTESIAN_POINT ('', (83.5, 42.5000000000001, -5.));
#706 = CARTESIAN_POINT ('', (77.5, 42.5000000000001, -5.));
#707 = (
   BOUNDED_CURVE ()
   B_SPLINE_CURVE (2, (#702, #703, #704, #705, #706), .UNSPECIFIED., .F., .U.)
   B_SPLINE_CURVE_WITH_KNOTS ((3, 2, 3), (0.5, 0.75, 1.), .UNSPECIFIED.)
   CURVE ()
   GEOMETRIC_REPRESENTATION_ITEM ()
   RATIONAL_B_SPLINE_CURVE ((1., 0.707106781186548, 1., 0.707106781186548, 1.))
   REPRESENTATION_ITEM ('')
);
#708 = EDGE_CURVE ('', #693, #691, #707, .T.);
#709 = ORIENTED_EDGE ('', *, *, #708, .T.);
#710 = EDGE_LOOP ('', (#701, #709));
#711 = FACE_BOUND ('', #710, .T.);
#712 = CARTESIAN_POINT ('', (92.5, 42.5000000000001, -5.));
#713 = VERTEX_POINT ('', #712);
#714 = CARTESIAN_POINT ('', (92.5, 30.5000000000001, -5.));
#715 = VERTEX_POINT ('', #714);
#716 = CARTESIAN_POINT ('', (92.5, 42.5000000000001, -5.));
#717 = CARTESIAN_POINT ('', (86.5, 42.5000000000001, -5.));
#718 = CARTESIAN_POINT ('', (86.5, 36.5000000000001, -5.));
#719 = CARTESIAN_POINT ('', (86.5, 30.5000000000001, -5.));
#720 = CARTESIAN_POINT ('', (92.5, 30.5000000000001, -5.));
#721 = (
   BOUNDED_CURVE ()
   B_SPLINE_CURVE (2, (#716, #717, #718, #719, #720), .UNSPECIFIED., .F., .U.)
   B_SPLINE_CURVE_WITH_KNOTS ((3, 2, 3), (0., 0.25, 0.5), .UNSPECIFIED.)
   CURVE ()
   GEOMETRIC_REPRESENTATION_ITEM ()
   RATIONAL_B_SPLINE_CURVE ((1., 0.707106781186548, 1., 0.707106781186548, 1.))
   REPRESENTATION_ITEM ('')
);
#722 = EDGE_CURVE ('', #713, #715, #721, .T.);
#723 = ORIENTED_EDGE ('', *, *, #722, .T.);
#724 = CARTESIAN_POINT ('', (92.5, 30.5000000000001, -5.));
#725 = CARTESIAN_POINT ('', (98.5, 30.5000000000001, -5.));
#726 = CARTESIAN_POINT ('', (98.5, 36.5000000000001, -5.));
#727 = CARTESIAN_POINT ('', (98.5, 42.5000000000001, -5.));
#728 = CARTESIAN_POINT ('', (92.5, 42.5000000000001, -5.));
#729 = (
   BOUNDED_CURVE ()
   B_SPLINE_CURVE (2, (#724, #725, #726, #727, #728), .UNSPECIFIED., .F., .U.)
   B_SPLINE_CURVE_WITH_KNOTS ((3, 2, 3), (0.5, 0.75, 1.), .UNSPECIFIED.)
   CURVE ()
   GEOMETRIC_REPRESENTATION_ITEM ()
   RATIONAL_B_SPLINE_CURVE ((1., 0.707106781186548, 1., 0.707106781186548, 1.))
   REPRESENTATION_ITEM ('')
);
#730 = EDGE_CURVE ('', #715, #713, #729, .T.);
#731 = ORIENTED_EDGE ('', *, *, #730, .T.);
#732 = EDGE_LOOP ('', (#723, #731));
#733 = FACE_BOUND ('', #732, .T.);
#734 = CARTESIAN_POINT ('', (85., 55.2500000000001, -5.));
#735 = VERTEX_POINT ('', #734);
#736 = CARTESIAN_POINT ('', (85., 43.2500000000001, -5.));
#737 = VERTEX_POINT ('', #736);
#738 = CARTESIAN_POINT ('', (85., 55.2500000000001, -5.));
#739 = CARTESIAN_POINT ('', (79., 55.2500000000001, -5.));
#740 = CARTESIAN_POINT ('', (79., 49.2500000000001, -5.));
#741 = CARTESIAN_POINT ('', (79., 43.2500000000001, -5.));
#742 = CARTESIAN_POINT ('', (85., 43.2500000000001, -5.));
#743 = (
   BOUNDED_CURVE ()
   B_SPLINE_CURVE (2, (#738, #739, #740, #741, #742), .UNSPECIFIED., .F., .U.)
   B_SPLINE_CURVE_WITH_KNOTS ((3, 2, 3), (0., 0.25, 0.5), .UNSPECIFIED.)
   CURVE ()
   GEOMETRIC_REPRESENTATION_ITEM ()
   RATIONAL_B_SPLINE_CURVE ((1., 0.707106781186548, 1., 0.707106781186548, 1.))
   REPRESENTATION_ITEM ('')
);
#744 = EDGE_CURVE ('', #735, #737, #743, .T.);
#745 = ORIENTED_EDGE ('', *, *, #744, .T.);
#746 = CARTESIAN_POINT ('', (85., 43.2500000000001, -5.));
#747 = CARTESIAN_POINT ('', (91., 43.2500000000001, -5.));
#748 = CARTESIAN_POINT ('', (91., 49.2500000000001, -5.));
#749 = CARTESIAN_POINT ('', (91., 55.2500000000001, -5.));
#750 = CARTESIAN_POINT ('', (85., 55.2500000000001, -5.));
#751 = (
   BOUNDED_CURVE ()
   B_SPLINE_CURVE (2, (#746, #747, #748, #749, #750), .UNSPECIFIED., .F., .U.)
   B_SPLINE_CURVE_WITH_KNOTS ((3, 2, 3), (0.5, 0.75, 1.), .UNSPECIFIED.)
   CURVE ()
   GEOMETRIC_REPRESENTATION_ITEM ()
   RATIONAL_B_SPLINE_CURVE ((1., 0.707106781186548, 1., 0.707106781186548, 1.))
   REPRESENTATION_ITEM ('')
);
#752 = EDGE_CURVE ('', #737, #735, #751, .T.);
#753 = ORIENTED_EDGE ('', *, *, #752, .T.);
#754 = EDGE_LOOP ('', (#745, #753));
#755 = FACE_BOUND ('', #754, .T.);
#756 = CARTESIAN_POINT ('', (17.5, 68.0000000000001, -5.));
#757 = VERTEX_POINT ('', #756);
#758 = CARTESIAN_POINT ('', (17.5, 56.0000000000001, -5.));
#759 = VERTEX_POINT ('', #758);
#760 = CARTESIAN_POINT ('', (17.5, 68.0000000000001, -5.));
#761 = CARTESIAN_POINT ('', (11.5, 68.0000000000001, -5.));
#762 = CARTESIAN_POINT ('', (11.5, 62.0000000000001, -5.));
#763 = CARTESIAN_POINT ('', (11.5, 56.0000000000001, -5.));
#764 = CARTESIAN_POINT ('', (17.5, 56.0000000000001, -5.));
#765 = (
   BOUNDED_CURVE ()
   B_SPLINE_CURVE (2, (#760, #761, #762, #763, #764), .UNSPECIFIED., .F., .U.)
   B_SPLINE_CURVE_WITH_KNOTS ((3, 2, 3), (0., 0.25, 0.5), .UNSPECIFIED.)
   CURVE ()
   GEOMETRIC_REPRESENTATION_ITEM ()
   RATIONAL_B_SPLINE_CURVE ((1., 0.707106781186548, 1., 0.707106781186548, 1.))
   REPRESENTATION_ITEM ('')
);
#766 = EDGE_CURVE ('', #757, #759, #765, .T.);
#767 = ORIENTED_EDGE ('', *, *, #766, .T.);
#768 = CARTESIAN_POINT ('', (17.5, 56.0000000000001, -5.));
#769 = CARTESIAN_POINT ('', (23.5, 56.0000000000001, -5.));
#770 = CARTESIAN_POINT ('', (23.5, 62.0000000000001, -5.));
#771 = CARTESIAN_POINT ('', (23.5, 68.0000000000001, -5.));
#772 = CARTESIAN_POINT ('', (17.5, 68.0000000000001, -5.));
#773 = (
   BOUNDED_CURVE ()
   B_SPLINE_CURVE (2, (#768, #769, #770, #771, #772), .UNSPECIFIED., .F., .U.)
   B_SPLINE_CURVE_WITH_KNOTS ((3, 2, 3), (0.5, 0.75, 1.), .UNSPECIFIED.)
   CURVE ()
   GEOMETRIC_REPRESENTATION_ITEM ()
   RATIONAL_B_SPLINE_CURVE ((1., 0.707106781186548, 1., 0.707106781186548, 1.))
   REPRESENTATION_ITEM ('')
);
#774 = EDGE_CURVE ('', #759, #757, #773, .T.);
#775 = ORIENTED_EDGE ('', *, *, #774, .T.);
#776 = EDGE_LOOP ('', (#767, #775));
#777 = FACE_BOUND ('', #776, .T.);
#778 = CARTESIAN_POINT ('', (32.5, 68.0000000000001, -5.));
#779 = VERTEX_POINT ('', #778);
#780 = CARTESIAN_POINT ('', (32.5, 56.0000000000001, -5.));
#781 = VERTEX_POINT ('', #780);
#782 = CARTESIAN_POINT ('', (32.5, 68.0000000000001, -5.));
#783 = CARTESIAN_POINT ('', (26.5, 68.0000000000001, -5.));
#784 = CARTESIAN_POINT ('', (26.5, 62.0000000000001, -5.));
#785 = CARTESIAN_POINT ('', (26.5, 56.0000000000001, -5.));
#786 = CARTESIAN_POINT ('', (32.5, 56.0000000000001, -5.));
#787 = (
   BOUNDED_CURVE ()
   B_SPLINE_CURVE (2, (#782, #783, #784, #785, #786), .UNSPECIFIED., .F., .U.)
   B_SPLINE_CURVE_WITH_KNOTS ((3, 2, 3), (0., 0.25, 0.5), .UNSPECIFIED.)
   CURVE ()
   GEOMETRIC_REPRESENTATION_ITEM ()
   RATIONAL_B_SPLINE_CURVE ((1., 0.707106781186548, 1., 0.707106781186548, 1.))
   REPRESENTATION_ITEM ('')
);
#788 = EDGE_CURVE ('', #779, #781, #787, .T.);
#789 = ORIENTED_EDGE ('', *, *, #788, .T.);
#790 = CARTESIAN_POINT ('', (32.5, 56.0000000000001, -5.));
#791 = CARTESIAN_POINT ('', (38.5, 56.0000000000001, -5.));
#792 = CARTESIAN_POINT ('', (38.5, 62.0000000000001, -5.));
#793 = CARTESIAN_POINT ('', (38.5, 68.0000000000001, -5.));
#794 = CARTESIAN_POINT ('', (32.5, 68.0000000000001, -5.));
#795 = (
   BOUNDED_CURVE ()
   B_SPLINE_CURVE (2, (#790, #791, #792, #793, #794), .UNSPECIFIED., .F., .U.)
   B_SPLINE_CURVE_WITH_KNOTS ((3, 2, 3), (0.5, 0.75, 1.), .UNSPECIFIED.)
   CURVE ()
   GEOMETRIC_REPRESENTATION_ITEM ()
   RATIONAL_B_SPLINE_CURVE ((1., 0.707106781186548, 1., 0.707106781186548, 1.))
   REPRESENTATION_ITEM ('')
);
#796 = EDGE_CURVE ('', #781, #779, #795, .T.);
#797 = ORIENTED_EDGE ('', *, *, #796, .T.);
#798 = EDGE_LOOP ('', (#789, #797));
#799 = FACE_BOUND ('', #798, .T.);
#800 = CARTESIAN_POINT ('', (25., 80.7500000000001, -5.));
#801 = VERTEX_POINT ('', #800);
#802 = CARTESIAN_POINT ('', (25., 68.7500000000001, -5.));
#803 = VERTEX_POINT ('', #802);
#804 = CARTESIAN_POINT ('', (25., 80.7500000000001, -5.));
#805 = CARTESIAN_POINT ('', (19., 80.7500000000001, -5.));
#806 = CARTESIAN_POINT ('', (19., 74.7500000000001, -5.));
#807 = CARTESIAN_POINT ('', (19., 68.7500000000001, -5.));
#808 = CARTESIAN_POINT ('', (25., 68.7500000000001, -5.));
#809 = (
   BOUNDED_CURVE ()
   B_SPLINE_CURVE (2, (#804, #805, #806, #807, #808), .UNSPECIFIED., .F., .U.)
   B_SPLINE_CURVE_WITH_KNOTS ((3, 2, 3), (0., 0.25, 0.5), .UNSPECIFIED.)
   CURVE ()
   GEOMETRIC_REPRESENTATION_ITEM ()
   RATIONAL_B_SPLINE_CURVE ((1., 0.707106781186548, 1., 0.707106781186548, 1.))
   REPRESENTATION_ITEM ('')
);
#810 = EDGE_CURVE ('', #801, #803, #809, .T.);
#811 = ORIENTED_EDGE ('', *, *, #810, .T.);
#812 = CARTESIAN_POINT ('', (25., 68.7500000000001, -5.));
#813 = CARTESIAN_POINT ('', (31., 68.7500000000001, -5.));
#814 = CARTESIAN_POINT ('', (31., 74.7500000000001, -5.));
#815 = CARTESIAN_POINT ('', (31., 80.7500000000001, -5.));
#816 = CARTESIAN_POINT ('', (25., 80.7500000000001, -5.));
#817 = (
   BOUNDED_CURVE ()
   B_SPLINE_CURVE (2, (#812, #813, #814, #815, #816), .UNSPECIFIED., .F., .U.)
   B_SPLINE_CURVE_WITH_KNOTS ((3, 2, 3), (0.5, 0.75, 1.), .UNSPECIFIED.)
   CURVE ()
   GEOMETRIC_REPRESENTATION_ITEM ()
   RATIONAL_B_SPLINE_CURVE ((1., 0.707106781186548, 1., 0.707106781186548, 1.))
   REPRESENTATION_ITEM ('')
);
#818 = EDGE_CURVE ('', #803, #801, #817, .T.);
#819 = ORIENTED_EDGE ('', *, *, #818, .T.);
#820 = EDGE_LOOP ('', (#811, #819));
#821 = FACE_BOUND ('', #820, .T.);
#822 = CARTESIAN_POINT ('', (40., 80.7500000000001, -5.));
#823 = VERTEX_POINT ('', #822);
#824 = CARTESIAN_POINT ('', (40., 68.7500000000001, -5.));
#825 = VERTEX_POINT ('', #824);
#826 = CARTESIAN_POINT ('', (40., 80.7500000000001, -5.));
#827 = CARTESIAN_POINT ('', (34., 80.7500000000001, -5.));
#828 = CARTESIAN_POINT ('', (34., 74.7500000000001, -5.));
#829 = CARTESIAN_POINT ('', (34., 68.7500000000001, -5.));
#830 = CARTESIAN_POINT ('', (40., 68.7500000000001, -5.));
#831 = (
   BOUNDED_CURVE ()
   B_SPLINE_CURVE (2, (#826, #827, #828, #829, #830), .UNSPECIFIED., .F., .U.)
   B_SPLINE_CURVE_WITH_KNOTS ((3, 2, 3), (0., 0.25, 0.5), .UNSPECIFIED.)
   CURVE ()
   GEOMETRIC_REPRESENTATION_ITEM ()
   RATIONAL_B_SPLINE_CURVE ((1., 0.707106781186548, 1., 0.707106781186548, 1.))
   REPRESENTATION_ITEM ('')
);
#832 = EDGE_CURVE ('', #823, #825, #831, .T.);
#833 = ORIENTED_EDGE ('', *, *, #832, .T.);
#834 = CARTESIAN_POINT ('', (40., 68.7500000000001, -5.));
#835 = CARTESIAN_POINT ('', (46., 68.7500000000001, -5.));
#836 = CARTESIAN_POINT ('', (46., 74.7500000000001, -5.));
#837 = CARTESIAN_POINT ('', (46., 80.7500000000001, -5.));
#838 = CARTESIAN_POINT ('', (40., 80.7500000000001, -5.));
#839 = (
   BOUNDED_CURVE ()
   B_SPLINE_CURVE (2, (#834, #835, #836, #837, #838), .UNSPECIFIED., .F., .U.)
   B_SPLINE_CURVE_WITH_KNOTS ((3, 2, 3), (0.5, 0.75, 1.), .UNSPECIFIED.)
   CURVE ()
   GEOMETRIC_REPRESENTATION_ITEM ()
   RATIONAL_B_SPLINE_CURVE ((1., 0.707106781186548, 1., 0.707106781186548, 1.))
   REPRESENTATION_ITEM ('')
);
#840 = EDGE_CURVE ('', #825, #823, #839, .T.);
#841 = ORIENTED_EDGE ('', *, *, #840, .T.);
#842 = EDGE_LOOP ('', (#833, #841));
#843 = FACE_BOUND ('', #842, .T.);
#844 = CARTESIAN_POINT ('', (47.5, 68.0000000000001, -5.));
#845 = VERTEX_POINT ('', #844);
#846 = CARTESIAN_POINT ('', (47.5, 56.0000000000001, -5.));
#847 = VERTEX_POINT ('', #846);
#848 = CARTESIAN_POINT ('', (47.5, 68.0000000000001, -5.));
#849 = CARTESIAN_POINT ('', (41.5, 68.0000000000001, -5.));
#850 = CARTESIAN_POINT ('', (41.5, 62.0000000000001, -5.));
#851 = CARTESIAN_POINT ('', (41.5, 56.0000000000001, -5.));
#852 = CARTESIAN_POINT ('', (47.5, 56.0000000000001, -5.));
#853 = (
   BOUNDED_CURVE ()
   B_SPLINE_CURVE (2, (#848, #849, #850, #851, #852), .UNSPECIFIED., .F., .U.)
   B_SPLINE_CURVE_WITH_KNOTS ((3, 2, 3), (0., 0.25, 0.5), .UNSPECIFIED.)
   CURVE ()
   GEOMETRIC_REPRESENTATION_ITEM ()
   RATIONAL_B_SPLINE_CURVE ((1., 0.707106781186548, 1., 0.707106781186548, 1.))
   REPRESENTATION_ITEM ('')
);
#854 = EDGE_CURVE ('', #845, #847, #853, .T.);
#855 = ORIENTED_EDGE ('', *, *, #854, .T.);
#856 = CARTESIAN_POINT ('', (47.5, 56.0000000000001, -5.));
#857 = CARTESIAN_POINT ('', (53.5, 56.0000000000001, -5.));
#858 = CARTESIAN_POINT ('', (53.5, 62.0000000000001, -5.));
#859 = CARTESIAN_POINT ('', (53.5, 68.0000000000001, -5.));
#860 = CARTESIAN_POINT ('', (47.5, 68.0000000000001, -5.));
#861 = (
   BOUNDED_CURVE ()
   B_SPLINE_CURVE (2, (#856, #857, #858, #859, #860), .UNSPECIFIED., .F., .U.)
   B_SPLINE_CURVE_WITH_KNOTS ((3, 2, 3), (0.5, 0.75, 1.), .UNSPECIFIED.)
   CURVE ()
   GEOMETRIC_REPRESENTATION_ITEM ()
   RATIONAL_B_SPLINE_CURVE ((1., 0.707106781186548, 1., 0.707106781186548, 1.))
   REPRESENTATION_ITEM ('')
);
#862 = EDGE_CURVE ('', #847, #845, #861, .T.);
#863 = ORIENTED_EDGE ('', *, *, #862, .T.);
#864 = EDGE_LOOP ('', (#855, #863));
#865 = FACE_BOUND ('', #864, .T.);
#866 = CARTESIAN_POINT ('', (62.5, 68.0000000000001, -5.));
#867 = VERTEX_POINT ('', #866);
#868 = CARTESIAN_POINT ('', (62.5, 56.0000000000001, -5.));
#869 = VERTEX_POINT ('', #868);
#870 = CARTESIAN_POINT ('', (62.5, 68.0000000000001, -5.));
#871 = CARTESIAN_POINT ('', (56.5, 68.0000000000001, -5.));
#872 = CARTESIAN_POINT ('', (56.5, 62.0000000000001, -5.));
#873 = CARTESIAN_POINT ('', (56.5, 56.0000000000001, -5.));
#874 = CARTESIAN_POINT ('', (62.5, 56.0000000000001, -5.));
#875 = (
   BOUNDED_CURVE ()
   B_SPLINE_CURVE (2, (#870, #871, #872, #873, #874), .UNSPECIFIED., .F., .U.)
   B_SPLINE_CURVE_WITH_KNOTS ((3, 2, 3), (0., 0.25, 0.5), .UNSPECIFIED.)
   CURVE ()
   GEOMETRIC_REPRESENTATION_ITEM ()
   RATIONAL_B_SPLINE_CURVE ((1., 0.707106781186548, 1., 0.707106781186548, 1.))
   REPRESENTATION_ITEM ('')
);
#876 = EDGE_CURVE ('', #867, #869, #875, .T.);
#877 = ORIENTED_EDGE ('', *, *, #876, .T.);
#878 = CARTESIAN_POINT ('', (62.5, 56.0000000000001, -5.));
#879 = CARTESIAN_POINT ('', (68.5, 56.0000000000001, -5.));
#880 = CARTESIAN_POINT ('', (68.5, 62.0000000000001, -5.));
#881 = CARTESIAN_POINT ('', (68.5, 68.0000000000001, -5.));
#882 = CARTESIAN_POINT ('', (62.5, 68.0000000000001, -5.));
#883 = (
   BOUNDED_CURVE ()
   B_SPLINE_CURVE (2, (#878, #879, #880, #881, #882), .UNSPECIFIED., .F., .U.)
   B_SPLINE_CURVE_WITH_KNOTS ((3, 2, 3), (0.5, 0.75, 1.), .UNSPECIFIED.)
   CURVE ()
   GEOMETRIC_REPRESENTATION_ITEM ()
   RATIONAL_B_SPLINE_CURVE ((1., 0.707106781186548, 1., 0.707106781186548, 1.))
   REPRESENTATION_ITEM ('')
);
#884 = EDGE_CURVE ('', #869, #867, #883, .T.);
#885 = ORIENTED_EDGE ('', *, *, #884, .T.);
#886 = EDGE_LOOP ('', (#877, #885));
#887 = FACE_BOUND ('', #886, .T.);
#888 = CARTESIAN_POINT ('', (55., 80.7500000000001, -5.));
#889 = VERTEX_POINT ('', #888);
#890 = CARTESIAN_POINT ('', (55., 68.7500000000001, -5.));
#891 = VERTEX_POINT ('', #890);
#892 = CARTESIAN_POINT ('', (55., 80.7500000000001, -5.));
#893 = CARTESIAN_POINT ('', (49., 80.7500000000001, -5.));
#894 = CARTESIAN_POINT ('', (49., 74.7500000000001, -5.));
#895 = CARTESIAN_POINT ('', (49., 68.7500000000001, -5.));
#896 = CARTESIAN_POINT ('', (55., 68.7500000000001, -5.));
#897 = (
   BOUNDED_CURVE ()
   B_SPLINE_CURVE (2, (#892, #893, #894, #895, #896), .UNSPECIFIED., .F., .U.)
   B_SPLINE_CURVE_WITH_KNOTS ((3, 2, 3), (0., 0.25, 0.5), .UNSPECIFIED.)
   CURVE ()
   GEOMETRIC_REPRESENTATION_ITEM ()
   RATIONAL_B_SPLINE_CURVE ((1., 0.707106781186548, 1., 0.707106781186548, 1.))
   REPRESENTATION_ITEM ('')
);
#898 = EDGE_CURVE ('', #889, #891, #897, .T.);
#899 = ORIENTED_EDGE ('', *, *, #898, .T.);
#900 = CARTESIAN_POINT ('', (55., 68.7500000000001, -5.));
#901 = CARTESIAN_POINT ('', (61., 68.7500000000001, -5.));
#902 = CARTESIAN_POINT ('', (61., 74.7500000000001, -5.));
#903 = CARTESIAN_POINT ('', (61., 80.7500000000001, -5.));
#904 = CARTESIAN_POINT ('', (55., 80.7500000000001, -5.));
#905 = (
   BOUNDED_CURVE ()
   B_SPLINE_CURVE (2, (#900, #901, #902, #903, #904), .UNSPECIFIED., .F., .U.)
   B_SPLINE_CURVE_WITH_KNOTS ((3, 2, 3), (0.5, 0.75, 1.), .UNSPECIFIED.)
   CURVE ()
   GEOMETRIC_REPRESENTATION_ITEM ()
   RATIONAL_B_SPLINE_CURVE ((1., 0.707106781186548, 1., 0.707106781186548, 1.))
   REPRESENTATION_ITEM ('')
);
#906 = EDGE_CURVE ('', #891, #889, #905, .T.);
#907 = ORIENTED_EDGE ('', *, *, #906, .T.);
#908 = EDGE_LOOP ('', (#899, #907));
#909 = FACE_BOUND ('', #908, .T.);
#910 = CARTESIAN_POINT ('', (70., 80.7500000000001, -5.));
#911 = VERTEX_POINT ('', #910);
#912 = CARTESIAN_POINT ('', (70., 68.7500000000001, -5.));
#913 = VERTEX_POINT ('', #912);
#914 = CARTESIAN_POINT ('', (70., 80.7500000000001, -5.));
#915 = CARTESIAN_POINT ('', (64., 80.7500000000001, -5.));
#916 = CARTESIAN_POINT ('', (64., 74.7500000000001, -5.));
#917 = CARTESIAN_POINT ('', (64., 68.7500000000001, -5.));
#918 = CARTESIAN_POINT ('', (70., 68.7500000000001, -5.));
#919 = (
   BOUNDED_CURVE ()
   B_SPLINE_CURVE (2, (#914, #915, #916, #917, #918), .UNSPECIFIED., .F., .U.)
   B_SPLINE_CURVE_WITH_KNOTS ((3, 2, 3), (0., 0.25, 0.5), .UNSPECIFIED.)
   CURVE ()
   GEOMETRIC_REPRESENTATION_ITEM ()
   RATIONAL_B_SPLINE_CURVE ((1., 0.707106781186548, 1., 0.707106781186548, 1.))
   REPRESENTATION_ITEM ('')
);
#920 = EDGE_CURVE ('', #911, #913, #919, .T.);
#921 = ORIENTED_EDGE ('', *, *, #920, .T.);
#922 = CARTESIAN_POINT ('', (70., 68.7500000000001, -5.));
#923 = CARTESIAN_POINT ('', (76., 68.7500000000001, -5.));
#924 = CARTESIAN_POINT ('', (76., 74.7500000000001, -5.));
#925 = CARTESIAN_POINT ('', (76., 80.7500000000001, -5.));
#926 = CARTESIAN_POINT ('', (70., 80.7500000000001, -5.));
#927 = (
   BOUNDED_CURVE ()
   B_SPLINE_CURVE (2, (#922, #923, #924, #925, #926), .UNSPECIFIED., .F., .U.)
   B_SPLINE_CURVE_WITH_KNOTS ((3, 2, 3), (0.5, 0.75, 1.), .UNSPECIFIED.)
   CURVE ()
   GEOMETRIC_REPRESENTATION_ITEM ()
   RATIONAL_B_SPLINE_CURVE ((1., 0.707106781186548, 1., 0.707106781186548, 1.))
   REPRESENTATION_ITEM ('')
);
#928 = EDGE_CURVE ('', #913, #911, #927, .T.);
#929 = ORIENTED_EDGE ('', *, *, #928, .T.);
#930 = EDGE_LOOP ('', (#921, #929));
#931 = FACE_BOUND ('', #930, .T.);
#932 = CARTESIAN_POINT ('', (77.5, 68.0000000000001, -5.));
#933 = VERTEX_POINT ('', #932);
#934 = CARTESIAN_POINT ('', (77.5, 56.0000000000001, -5.));
#935 = VERTEX_POINT ('', #934);
#936 = CARTESIAN_POINT ('', (77.5, 68.0000000000001, -5.));
#937 = CARTESIAN_POINT ('', (71.5, 68.0000000000001, -5.));
#938 = CARTESIAN_POINT ('', (71.5, 62.0000000000001, -5.));
#939 = CARTESIAN_POINT ('', (71.5, 56.0000000000001, -5.));
#940 = CARTESIAN_POINT ('', (77.5, 56.0000000000001, -5.));
#941 = (
   BOUNDED_CURVE ()
   B_SPLINE_CURVE (2, (#936, #937, #938, #939, #940), .UNSPECIFIED., .F., .U.)
   B_SPLINE_CURVE_WITH_KNOTS ((3, 2, 3), (0., 0.25, 0.5), .UNSPECIFIED.)
   CURVE ()
   GEOMETRIC_REPRESENTATION_ITEM ()
   RATIONAL_B_SPLINE_CURVE ((1., 0.707106781186548, 1., 0.707106781186548, 1.))
   REPRESENTATION_ITEM ('')
);
#942 = EDGE_CURVE ('', #933, #935, #941, .T.);
#943 = ORIENTED_EDGE ('', *, *, #942, .T.);
#944 = CARTESIAN_POINT ('', (77.5, 56.0000000000001, -5.));
#945 = CARTESIAN_POINT ('', (83.5, 56.0000000000001, -5.));
#946 = CARTESIAN_POINT ('', (83.5, 62.0000000000001, -5.));
#947 = CARTESIAN_POINT ('', (83.5, 68.0000000000001, -5.));
#948 = CARTESIAN_POINT ('', (77.5, 68.0000000000001, -5.));
#949 = (
   BOUNDED_CURVE ()
   B_SPLINE_CURVE (2, (#944, #945, #946, #947, #948), .UNSPECIFIED., .F., .U.)
   B_SPLINE_CURVE_WITH_KNOTS ((3, 2, 3), (0.5, 0.75, 1.), .UNSPECIFIED.)
   CURVE ()
   GEOMETRIC_REPRESENTATION_ITEM ()
   RATIONAL_B_SPLINE_CURVE ((1., 0.707106781186548, 1., 0.707106781186548, 1.))
   REPRESENTATION_ITEM ('')
);
#950 = EDGE_CURVE ('', #935, #933, #949, .T.);
#951 = ORIENTED_EDGE ('', *, *, #950, .T.);
#952 = EDGE_LOOP ('', (#943, #951));
#953 = FACE_BOUND ('', #952, .T.);
#954 = CARTESIAN_POINT ('', (92.5, 68.0000000000001, -5.));
#955 = VERTEX_POINT ('', #954);
#956 = CARTESIAN_POINT ('', (92.5, 56.0000000000001, -5.));
#957 = VERTEX_POINT ('', #956);
#958 = CARTESIAN_POINT ('', (92.5, 68.0000000000001, -5.));
#959 = CARTESIAN_POINT ('', (86.5, 68.0000000000001, -5.));
#960 = CARTESIAN_POINT ('', (86.5, 62.0000000000001, -5.));
#961 = CARTESIAN_POINT ('', (86.5, 56.0000000000001, -5.));
#962 = CARTESIAN_POINT ('', (92.5, 56.0000000000001, -5.));
#963 = (
   BOUNDED_CURVE ()
   B_SPLINE_CURVE (2, (#958, #959, #960, #961, #962), .UNSPECIFIED., .F., .U.)
   B_SPLINE_CURVE_WITH_KNOTS ((3, 2, 3), (0., 0.25, 0.5), .UNSPECIFIED.)
   CURVE ()
   GEOMETRIC_REPRESENTATION_ITEM ()
   RATIONAL_B_SPLINE_CURVE ((1., 0.707106781186548, 1., 0.707106781186548, 1.))
   REPRESENTATION_ITEM ('')
);
#964 = EDGE_CURVE ('', #955, #957, #963, .T.);
#965 = ORIENTED_EDGE ('', *, *, #964, .T.);
#966 = CARTESIAN_POINT ('', (92.5, 56.0000000000001, -5.));
#967 = CARTESIAN_POINT ('', (98.5, 56.0000000000001, -5.));
#968 = CARTESIAN_POINT ('', (98.5, 62.0000000000001, -5.));
#969 = CARTESIAN_POINT ('', (98.5, 68.0000000000001, -5.));
#970 = CARTESIAN_POINT ('', (92.5, 68.0000000000001, -5.));
#971 = (
   BOUNDED_CURVE ()
   B_SPLINE_CURVE (2, (#966, #967, #968, #969, #970), .UNSPECIFIED., .F., .U.)
   B_SPLINE_CURVE_WITH_KNOTS ((3, 2, 3), (0.5, 0.75, 1.), .UNSPECIFIED.)
   CURVE ()
   GEOMETRIC_REPRESENTATION_ITEM ()
   RATIONAL_B_SPLINE_CURVE ((1., 0.707106781186548, 1., 0.707106781186548, 1.))
   REPRESENTATION_ITEM ('')
);
#972 = EDGE_CURVE ('', #957, #955, #971, .T.);
#973 = ORIENTED_EDGE ('', *, *, #972, .T.);
#974 = EDGE_LOOP ('', (#965, #973));
#975 = FACE_BOUND ('', #974, .T.);
#976 = CARTESIAN_POINT ('', (85., 80.7500000000001, -5.));
#977 = VERTEX_POINT ('', #976);
#978 = CARTESIAN_POINT ('', (85., 68.7500000000001, -5.));
#979 = VERTEX_POINT ('', #978);
#980 = CARTESIAN_POINT ('', (85., 80.7500000000001, -5.));
#981 = CARTESIAN_POINT ('', (79., 80.7500000000001, -5.));
#982 = CARTESIAN_POINT ('', (79., 74.7500000000001, -5.));
#983 = CARTESIAN_POINT ('', (79., 68.7500000000001, -5.));
#984 = CARTESIAN_POINT ('', (85., 68.7500000000001, -5.));
#985 = (
   BOUNDED_CURVE ()
   B_SPLINE_CURVE (2, (#980, #981, #982, #983, #984), .UNSPECIFIED., .F., .U.)
   B_SPLINE_CURVE_WITH_KNOTS ((3, 2, 3), (0., 0.25, 0.5), .UNSPECIFIED.)
   CURVE ()
   GEOMETRIC_REPRESENTATION_ITEM ()
   RATIONAL_B_SPLINE_CURVE ((1., 0.707106781186548, 1., 0.707106781186548, 1.))
   REPRESENTATION_ITEM ('')
);
#986 = EDGE_CURVE ('', #977, #979, #985, .T.);
#987 = ORIENTED_EDGE ('', *, *, #986, .T.);
#988 = CARTESIAN_POINT ('', (85., 68.7500000000001, -5.));
#989 = CARTESIAN_POINT ('', (91., 68.7500000000001, -5.));
#990 = CARTESIAN_POINT ('', (91., 74.7500000000001, -5.));
#991 = CARTESIAN_POINT ('', (91., 80.7500000000001, -5.));
#992 = CARTESIAN_POINT ('', (85., 80.7500000000001, -5.));
#993 = (
   BOUNDED_CURVE ()
   B_SPLINE_CURVE (2, (#988, #989, #990, #991, #992), .UNSPECIFIED., .F., .U.)
   B_SPLINE_CURVE_WITH_KNOTS ((3, 2, 3), (0.5, 0.75, 1.), .UNSPECIFIED.)
   CURVE ()
   GEOMETRIC_REPRESENTATION_ITEM ()
   RATIONAL_B_SPLINE_CURVE ((1., 0.707106781186548, 1., 0.707106781186548, 1.))
   REPRESENTATION_ITEM ('')
);
#994 = EDGE_CURVE ('', #979, #977, #993, .T.);
#995 = ORIENTED_EDGE ('', *, *, #994, .T.);
#996 = EDGE_LOOP ('', (#987, #995));
#997 = FACE_BOUND ('', #996, .T.);
#998 = CARTESIAN_POINT ('', (32.5, 93.5000000000001, -5.));
#999 = VERTEX_POINT ('', #998);
#1000 = CARTESIAN_POINT ('', (32.5, 81.5000000000001, -5.));
#1001 = VERTEX_POINT ('', #1000);
#1002 = CARTESIAN_POINT ('', (32.5, 93.5000000000001, -5.));
#1003 = CARTESIAN_POINT ('', (26.5, 93.5000000000001, -5.));
#1004 = CARTESIAN_POINT ('', (26.5, 87.5000000000001, -5.));
#1005 = CARTESIAN_POINT ('', (26.5, 81.5000000000001, -5.));
#1006 = CARTESIAN_POINT ('', (32.5, 81.5000000000001, -5.));
#1007 = (
   BOUNDED_CURVE ()
   B_SPLINE_CURVE (2, (#1002, #1003, #1004, #1005, #1006), .UNSPECIFIED., .F., .U.)
   B_SPLINE_CURVE_WITH_KNOTS ((3, 2, 3), (0., 0.25, 0.5), .UNSPECIFIED.)
   CURVE ()
   GEOMETRIC_REPRESENTATION_ITEM ()
   RATIONAL_B_SPLINE_CURVE ((1., 0.707106781186548, 1., 0.707106781186548, 1.))
   REPRESENTATION_ITEM ('')
);
#1008 = EDGE_CURVE ('', #999, #1001, #1007, .T.);
#1009 = ORIENTED_EDGE ('', *, *, #1008, .T.);
#1010 = CARTESIAN_POINT ('', (32.5, 81.5000000000001, -5.));
#1011 = CARTESIAN_POINT ('', (38.5, 81.5000000000001, -5.));
#1012 = CARTESIAN_POINT ('', (38.5, 87.5000000000001, -5.));
#1013 = CARTESIAN_POINT ('', (38.5, 93.5000000000001, -5.));
#1014 = CARTESIAN_POINT ('', (32.5, 93.5000000000001, -5.));
#1015 = (
   BOUNDED_CURVE ()
   B_SPLINE_CURVE (2, (#1010, #1011, #1012, #1013, #1014), .UNSPECIFIED., .F., .U.)
   B_SPLINE_CURVE_WITH_KNOTS ((3, 2, 3), (0.5, 0.75, 1.), .UNSPECIFIED.)
   CURVE ()
   GEOMETRIC_REPRESENTATION_ITEM ()
   RATIONAL_B_SPLINE_CURVE ((1., 0.707106781186548, 1., 0.707106781186548, 1.))
   REPRESENTATION_ITEM ('')
);
#1016 = EDGE_CURVE ('', #1001, #999, #1015, .T.);
#1017 = ORIENTED_EDGE ('', *, *, #1016, .T.);
#1018 = EDGE_LOOP ('', (#1009, #1017));
#1019 = FACE_BOUND ('', #1018, .T.);
#1020 = CARTESIAN_POINT ('', (47.5, 93.5000000000001, -5.));
#1021 = VERTEX_POINT ('', #1020);
#1022 = CARTESIAN_POINT ('', (47.5, 81.5000000000001, -5.));
#1023 = VERTEX_POINT ('', #1022);
#1024 = CARTESIAN_POINT ('', (47.5, 93.5000000000001, -5.));
#1025 = CARTESIAN_POINT ('', (41.5, 93.5000000000001, -5.));
#1026 = CARTESIAN_POINT ('', (41.5, 87.5000000000001, -5.));
#1027 = CARTESIAN_POINT ('', (41.5, 81.5000000000001, -5.));
#1028 = CARTESIAN_POINT ('', (47.5, 81.5000000000001, -5.));
#1029 = (
   BOUNDED_CURVE ()
   B_SPLINE_CURVE (2, (#1024, #1025, #1026, #1027, #1028), .UNSPECIFIED., .F., .U.)
   B_SPLINE_CURVE_WITH_KNOTS ((3, 2, 3), (0., 0.25, 0.5), .UNSPECIFIED.)
   CURVE ()
   GEOMETRIC_REPRESENTATION_ITEM ()
   RATIONAL_B_SPLINE_CURVE ((1., 0.707106781186548, 1., 0.707106781186548, 1.))
   REPRESENTATION_ITEM ('')
);
#1030 = EDGE_CURVE ('', #1021, #1023, #1029, .T.);
#1031 = ORIENTED_EDGE ('', *, *, #1030, .T.);
#1032 = CARTESIAN_POINT ('', (47.5, 81.5000000000001, -5.));
#1033 = CARTESIAN_POINT ('', (53.5, 81.5000000000001, -5.));
#1034 = CARTESIAN_POINT ('', (53.5, 87.5000000000001, -5.));
#1035 = CARTESIAN_POINT ('', (53.5, 93.5000000000001, -5.));
#1036 = CARTESIAN_POINT ('', (47.5, 93.5000000000001, -5.));
#1037 = (
   BOUNDED_CURVE ()
   B_SPLINE_CURVE (2, (#1032, #1033, #1034, #1035, #1036), .UNSPECIFIED., .F., .U.)
   B_SPLINE_CURVE_WITH_KNOTS ((3, 2, 3), (0.5, 0.75, 1.), .UNSPECIFIED.)
   CURVE ()
   GEOMETRIC_REPRESENTATION_ITEM ()
   RATIONAL_B_SPLINE_CURVE ((1., 0.707106781186548, 1., 0.707106781186548, 1.))
   REPRESENTATION_ITEM ('')
);
#1038 = EDGE_CURVE ('', #1023, #1021, #1037, .T.);
#1039 = ORIENTED_EDGE ('', *, *, #1038, .T.);
#1040 = EDGE_LOOP ('', (#1031, #1039));
#1041 = FACE_BOUND ('', #1040, .T.);
#1042 = CARTESIAN_POINT ('', (62.5, 93.5000000000001, -5.));
#1043 = VERTEX_POINT ('', #1042);
#1044 = CARTESIAN_POINT ('', (62.5, 81.5000000000001, -5.));
#1045 = VERTEX_POINT ('', #1044);
#1046 = CARTESIAN_POINT ('', (62.5, 93.5000000000001, -5.));
#1047 = CARTESIAN_POINT ('', (56.5, 93.5000000000001, -5.));
#1048 = CARTESIAN_POINT ('', (56.5, 87.5000000000001, -5.));
#1049 = CARTESIAN_POINT ('', (56.5, 81.5000000000001, -5.));
#1050 = CARTESIAN_POINT ('', (62.5, 81.5000000000001, -5.));
#1051 = (
   BOUNDED_CURVE ()
   B_SPLINE_CURVE (2, (#1046, #1047, #1048, #1049, #1050), .UNSPECIFIED., .F., .U.)
   B_SPLINE_CURVE_WITH_KNOTS ((3, 2, 3), (0., 0.25, 0.5), .UNSPECIFIED.)
   CURVE ()
   GEOMETRIC_REPRESENTATION_ITEM ()
   RATIONAL_B_SPLINE_CURVE ((1., 0.707106781186548, 1., 0.707106781186548, 1.))
   REPRESENTATION_ITEM ('')
);
#1052 = EDGE_CURVE ('', #1043, #1045, #1051, .T.);
#1053 = ORIENTED_EDGE ('', *, *, #1052, .T.);
#1054 = CARTESIAN_POINT ('', (62.5, 81.5000000000001, -5.));
#1055 = CARTESIAN_POINT ('', (68.5, 81.5000000000001, -5.));
#1056 = CARTESIAN_POINT ('', (68.5, 87.5000000000001, -5.));
#1057 = CARTESIAN_POINT ('', (68.5, 93.5000000000001, -5.));
#1058 = CARTESIAN_POINT ('', (62.5, 93.5000000000001, -5.));
#1059 = (
   BOUNDED_CURVE ()
   B_SPLINE_CURVE (2, (#1054, #1055, #1056, #1057, #1058), .UNSPECIFIED., .F., .U.)
   B_SPLINE_CURVE_WITH_KNOTS ((3, 2, 3), (0.5, 0.75, 1.), .UNSPECIFIED.)
   CURVE ()
   GEOMETRIC_REPRESENTATION_ITEM ()
   RATIONAL_B_SPLINE_CURVE ((1., 0.707106781186548, 1., 0.707106781186548, 1.))
   REPRESENTATION_ITEM ('')
);
#1060 = EDGE_CURVE ('', #1045, #1043, #1059, .T.);
#1061 = ORIENTED_EDGE ('', *, *, #1060, .T.);
#1062 = EDGE_LOOP ('', (#1053, #1061));
#1063 = FACE_BOUND ('', #1062, .T.);
#1064 = CARTESIAN_POINT ('', (77.5, 93.5000000000001, -5.));
#1065 = VERTEX_POINT ('', #1064);
#1066 = CARTESIAN_POINT ('', (77.5, 81.5000000000001, -5.));
#1067 = VERTEX_POINT ('', #1066);
#1068 = CARTESIAN_POINT ('', (77.5, 93.5000000000001, -5.));
#1069 = CARTESIAN_POINT ('', (71.5, 93.5000000000001, -5.));
#1070 = CARTESIAN_POINT ('', (71.5, 87.5000000000001, -5.));
#1071 = CARTESIAN_POINT ('', (71.5, 81.5000000000001, -5.));
#1072 = CARTESIAN_POINT ('', (77.5, 81.5000000000001, -5.));
#1073 = (
   BOUNDED_CURVE ()
   B_SPLINE_CURVE (2, (#1068, #1069, #1070, #1071, #1072), .UNSPECIFIED., .F., .U.)
   B_SPLINE_CURVE_WITH_KNOTS ((3, 2, 3), (0., 0.25, 0.5), .UNSPECIFIED.)
   CURVE ()
   GEOMETRIC_REPRESENTATION_ITEM ()
   RATIONAL_B_SPLINE_CURVE ((1., 0.707106781186548, 1., 0.707106781186548, 1.))
   REPRESENTATION_ITEM ('')
);
#1074 = EDGE_CURVE ('', #1065, #1067, #1073, .T.);
#1075 = ORIENTED_EDGE ('', *, *, #1074, .T.);
#1076 = CARTESIAN_POINT ('', (77.5, 81.5000000000001, -5.));
#1077 = CARTESIAN_POINT ('', (83.5, 81.5000000000001, -5.));
#1078 = CARTESIAN_POINT ('', (83.5, 87.5000000000001, -5.));
#1079 = CARTESIAN_POINT ('', (83.5, 93.5000000000001, -5.));
#1080 = CARTESIAN_POINT ('', (77.5, 93.5000000000001, -5.));
#1081 = (
   BOUNDED_CURVE ()
   B_SPLINE_CURVE (2, (#1076, #1077, #1078, #1079, #1080), .UNSPECIFIED., .F., .U.)
   B_SPLINE_CURVE_WITH_KNOTS ((3, 2, 3), (0.5, 0.75, 1.), .UNSPECIFIED.)
   CURVE ()
   GEOMETRIC_REPRESENTATION_ITEM ()
   RATIONAL_B_SPLINE_CURVE ((1., 0.707106781186548, 1., 0.707106781186548, 1.))
   REPRESENTATION_ITEM ('')
);
#1082 = EDGE_CURVE ('', #1067, #1065, #1081, .T.);
#1083 = ORIENTED_EDGE ('', *, *, #1082, .T.);
#1084 = EDGE_LOOP ('', (#1075, #1083));
#1085 = FACE_BOUND ('', #1084, .T.);
#1086 = CARTESIAN_POINT ('', (92.5, 93.5000000000001, -5.));
#1087 = VERTEX_POINT ('', #1086);
#1088 = CARTESIAN_POINT ('', (92.5, 81.5000000000001, -5.));
#1089 = VERTEX_POINT ('', #1088);
#1090 = CARTESIAN_POINT ('', (92.5, 93.5000000000001, -5.));
#1091 = CARTESIAN_POINT ('', (86.5, 93.5000000000002, -5.));
#1092 = CARTESIAN_POINT ('', (86.5, 87.5000000000002, -5.));
#1093 = CARTESIAN_POINT ('', (86.5, 81.5000000000002, -5.));
#1094 = CARTESIAN_POINT ('', (92.5, 81.5000000000001, -5.));
#1095 = (
   BOUNDED_CURVE ()
   B_SPLINE_CURVE (2, (#1090, #1091, #1092, #1093, #1094), .UNSPECIFIED., .F., .U.)
   B_SPLINE_CURVE_WITH_KNOTS ((3, 2, 3), (0., 0.25, 0.5), .UNSPECIFIED.)
   CURVE ()
   GEOMETRIC_REPRESENTATION_ITEM ()
   RATIONAL_B_SPLINE_CURVE ((1., 0.707106781186548, 1., 0.707106781186548, 1.))
   REPRESENTATION_ITEM ('')
);
#1096 = EDGE_CURVE ('', #1087, #1089, #1095, .T.);
#1097 = ORIENTED_EDGE ('', *, *, #1096, .T.);
#1098 = CARTESIAN_POINT ('', (92.5, 81.5000000000001, -5.));
#1099 = CARTESIAN_POINT ('', (98.5, 81.5000000000001, -5.));
#1100 = CARTESIAN_POINT ('', (98.5, 87.5000000000001, -5.));
#1101 = CARTESIAN_POINT ('', (98.5, 93.5000000000001, -5.));
#1102 = CARTESIAN_POINT ('', (92.5, 93.5000000000001, -5.));
#1103 = (
   BOUNDED_CURVE ()
   B_SPLINE_CURVE (2, (#1098, #1099, #1100, #1101, #1102), .UNSPECIFIED., .F., .U.)
   B_SPLINE_CURVE_WITH_KNOTS ((3, 2, 3), (0.5, 0.75, 1.), .UNSPECIFIED.)
   CURVE ()
   GEOMETRIC_REPRESENTATION_ITEM ()
   RATIONAL_B_SPLINE_CURVE ((1., 0.707106781186548, 1., 0.707106781186548, 1.))
   REPRESENTATION_ITEM ('')
);
#1104 = EDGE_CURVE ('', #1089, #1087, #1103, .T.);
#1105 = ORIENTED_EDGE ('', *, *, #1104, .T.);
#1106 = EDGE_LOOP ('', (#1097, #1105));
#1107 = FACE_BOUND ('', #1106, .T.);
#1108 = CARTESIAN_POINT ('', (122.5, 68.0000000000001, -5.));
#1109 = VERTEX_POINT ('', #1108);
#1110 = CARTESIAN_POINT ('', (122.5, 56.0000000000001, -5.));
#1111 = VERTEX_POINT ('', #1110);
#1112 = CARTESIAN_POINT ('', (122.5, 68.0000000000001, -5.));
#1113 = CARTESIAN_POINT ('', (116.5, 68.0000000000001, -5.));
#1114 = CARTESIAN_POINT ('', (116.5, 62.0000000000001, -5.));
#1115 = CARTESIAN_POINT ('', (116.5, 56.0000000000001, -5.));
#1116 = CARTESIAN_POINT ('', (122.5, 56.0000000000001, -5.));
#1117 = (
   BOUNDED_CURVE ()
   B_SPLINE_CURVE (2, (#1112, #1113, #1114, #1115, #1116), .UNSPECIFIED., .F., .U.)
   B_SPLINE_CURVE_WITH_KNOTS ((3, 2, 3), (0., 0.25, 0.5), .UNSPECIFIED.)
   CURVE ()
   GEOMETRIC_REPRESENTATION_ITEM ()
   RATIONAL_B_SPLINE_CURVE ((1., 0.707106781186548, 1., 0.707106781186548, 1.))
   REPRESENTATION_ITEM ('')
);
#1118 = EDGE_CURVE ('', #1109, #1111, #1117, .T.);
#1119 = ORIENTED_EDGE ('', *, *, #1118, .T.);
#1120 = CARTESIAN_POINT ('', (122.5, 56.0000000000001, -5.));
#1121 = CARTESIAN_POINT ('', (128.5, 56.0000000000001, -5.));
#1122 = CARTESIAN_POINT ('', (128.5, 62.0000000000001, -5.));
#1123 = CARTESIAN_POINT ('', (128.5, 68.0000000000001, -5.));
#1124 = CARTESIAN_POINT ('', (122.5, 68.0000000000001, -5.));
#1125 = (
   BOUNDED_CURVE ()
   B_SPLINE_CURVE (2, (#1120, #1121, #1122, #1123, #1124), .UNSPECIFIED., .F., .U.)
   B_SPLINE_CURVE_WITH_KNOTS ((3, 2, 3), (0.5, 0.75, 1.), .UNSPECIFIED.)
   CURVE ()
   GEOMETRIC_REPRESENTATION_ITEM ()
   RATIONAL_B_SPLINE_CURVE ((1., 0.707106781186548, 1., 0.707106781186548, 1.))
   REPRESENTATION_ITEM ('')
);
#1126 = EDGE_CURVE ('', #1111, #1109, #1125, .T.);
#1127 = ORIENTED_EDGE ('', *, *, #1126, .T.);
#1128 = EDGE_LOOP ('', (#1119, #1127));
#1129 = FACE_BOUND ('', #1128, .T.);
#1130 = CARTESIAN_POINT ('', (115., 80.7500000000001, -5.));
#1131 = CARTESIAN_POINT ('', (109., 80.75, -5.));
#1132 = CARTESIAN_POINT ('', (109., 74.75, -5.));
#1133 = CARTESIAN_POINT ('', (109., 68.75, -5.));
#1134 = CARTESIAN_POINT ('', (115., 68.7500000000001, -5.));
#1135 = (
   BOUNDED_CURVE ()
   B_SPLINE_CURVE (2, (#1130, #1131, #1132, #1133, #1134), .UNSPECIFIED., .F., .U.)
   B_SPLINE_CURVE_WITH_KNOTS ((3, 2, 3), (0., 0.25, 0.5), .UNSPECIFIED.)
   CURVE ()
   GEOMETRIC_REPRESENTATION_ITEM ()
   RATIONAL_B_SPLINE_CURVE ((1., 0.707106781186548, 1., 0.707106781186548, 1.))
   REPRESENTATION_ITEM ('')
);
#1136 = EDGE_CURVE ('', #116, #97, #1135, .T.);
#1137 = ORIENTED_EDGE ('', *, *, #1136, .T.);
#1138 = ORIENTED_EDGE ('', *, *, #128, .T.);
#1139 = EDGE_LOOP ('', (#1137, #1138));
#1140 = FACE_BOUND ('', #1139, .T.);
#1141 = CARTESIAN_POINT ('', (107.5, 68.0000000000001, -5.));
#1142 = VERTEX_POINT ('', #1141);
#1143 = CARTESIAN_POINT ('', (107.5, 56.0000000000001, -5.));
#1144 = VERTEX_POINT ('', #1143);
#1145 = CARTESIAN_POINT ('', (107.5, 68.0000000000001, -5.));
#1146 = CARTESIAN_POINT ('', (101.5, 68.0000000000001, -5.));
#1147 = CARTESIAN_POINT ('', (101.5, 62.0000000000001, -5.));
#1148 = CARTESIAN_POINT ('', (101.5, 56.0000000000001, -5.));
#1149 = CARTESIAN_POINT ('', (107.5, 56.0000000000001, -5.));
#1150 = (
   BOUNDED_CURVE ()
   B_SPLINE_CURVE (2, (#1145, #1146, #1147, #1148, #1149), .UNSPECIFIED., .F., .U.)
   B_SPLINE_CURVE_WITH_KNOTS ((3, 2, 3), (0., 0.25, 0.5), .UNSPECIFIED.)
   CURVE ()
   GEOMETRIC_REPRESENTATION_ITEM ()
   RATIONAL_B_SPLINE_CURVE ((1., 0.707106781186548, 1., 0.707106781186548, 1.))
   REPRESENTATION_ITEM ('')
);
#1151 = EDGE_CURVE ('', #1142, #1144, #1150, .T.);
#1152 = ORIENTED_EDGE ('', *, *, #1151, .T.);
#1153 = CARTESIAN_POINT ('', (107.5, 56.0000000000001, -5.));
#1154 = CARTESIAN_POINT ('', (113.5, 56.0000000000001, -5.));
#1155 = CARTESIAN_POINT ('', (113.5, 62.0000000000001, -5.));
#1156 = CARTESIAN_POINT ('', (113.5, 68.0000000000001, -5.));
#1157 = CARTESIAN_POINT ('', (107.5, 68.0000000000001, -5.));
#1158 = (
   BOUNDED_CURVE ()
   B_SPLINE_CURVE (2, (#1153, #1154, #1155, #1156, #1157), .UNSPECIFIED., .F., .U.)
   B_SPLINE_CURVE_WITH_KNOTS ((3, 2, 3), (0.5, 0.75, 1.), .UNSPECIFIED.)
   CURVE ()
   GEOMETRIC_REPRESENTATION_ITEM ()
   RATIONAL_B_SPLINE_CURVE ((1., 0.707106781186548, 1., 0.707106781186548, 1.))
   REPRESENTATION_ITEM ('')
);
#1159 = EDGE_CURVE ('', #1144, #1142, #1158, .T.);
#1160 = ORIENTED_EDGE ('', *, *, #1159, .T.);
#1161 = EDGE_LOOP ('', (#1152, #1160));
#1162 = FACE_BOUND ('', #1161, .T.);
#1163 = CARTESIAN_POINT ('', (122.5, 42.5000000000001, -5.));
#1164 = VERTEX_POINT ('', #1163);
#1165 = CARTESIAN_POINT ('', (122.5, 30.5000000000001, -5.));
#1166 = VERTEX_POINT ('', #1165);
#1167 = CARTESIAN_POINT ('', (122.5, 42.5000000000001, -5.));
#1168 = CARTESIAN_POINT ('', (116.5, 42.5000000000001, -5.));
#1169 = CARTESIAN_POINT ('', (116.5, 36.5000000000001, -5.));
#1170 = CARTESIAN_POINT ('', (116.5, 30.5000000000001, -5.));
#1171 = CARTESIAN_POINT ('', (122.5, 30.5000000000001, -5.));
#1172 = (
   BOUNDED_CURVE ()
   B_SPLINE_CURVE (2, (#1167, #1168, #1169, #1170, #1171), .UNSPECIFIED., .F., .U.)
   B_SPLINE_CURVE_WITH_KNOTS ((3, 2, 3), (0., 0.25, 0.5), .UNSPECIFIED.)
   CURVE ()
   GEOMETRIC_REPRESENTATION_ITEM ()
   RATIONAL_B_SPLINE_CURVE ((1., 0.707106781186548, 1., 0.707106781186548, 1.))
   REPRESENTATION_ITEM ('')
);
#1173 = EDGE_CURVE ('', #1164, #1166, #1172, .T.);
#1174 = ORIENTED_EDGE ('', *, *, #1173, .T.);
#1175 = CARTESIAN_POINT ('', (122.5, 30.5000000000001, -5.));
#1176 = CARTESIAN_POINT ('', (128.5, 30.5000000000001, -5.));
#1177 = CARTESIAN_POINT ('', (128.5, 36.5000000000001, -5.));
#1178 = CARTESIAN_POINT ('', (128.5, 42.5000000000001, -5.));
#1179 = CARTESIAN_POINT ('', (122.5, 42.5000000000001, -5.));
#1180 = (
   BOUNDED_CURVE ()
   B_SPLINE_CURVE (2, (#1175, #1176, #1177, #1178, #1179), .UNSPECIFIED., .F., .U.)
   B_SPLINE_CURVE_WITH_KNOTS ((3, 2, 3), (0.5, 0.75, 1.), .UNSPECIFIED.)
   CURVE ()
   GEOMETRIC_REPRESENTATION_ITEM ()
   RATIONAL_B_SPLINE_CURVE ((1., 0.707106781186548, 1., 0.707106781186548, 1.))
   REPRESENTATION_ITEM ('')
);
#1181 = EDGE_CURVE ('', #1166, #1164, #1180, .T.);
#1182 = ORIENTED_EDGE ('', *, *, #1181, .T.);
#1183 = EDGE_LOOP ('', (#1174, #1182));
#1184 = FACE_BOUND ('', #1183, .T.);
#1185 = CARTESIAN_POINT ('', (107.5, 42.5000000000001, -5.));
#1186 = VERTEX_POINT ('', #1185);
#1187 = CARTESIAN_POINT ('', (107.5, 30.5000000000001, -5.));
#1188 = VERTEX_POINT ('', #1187);
#1189 = CARTESIAN_POINT ('', (107.5, 42.5000000000001, -5.));
#1190 = CARTESIAN_POINT ('', (101.5, 42.5000000000001, -5.));
#1191 = CARTESIAN_POINT ('', (101.5, 36.5000000000001, -5.));
#1192 = CARTESIAN_POINT ('', (101.5, 30.5000000000001, -5.));
#1193 = CARTESIAN_POINT ('', (107.5, 30.5000000000001, -5.));
#1194 = (
   BOUNDED_CURVE ()
   B_SPLINE_CURVE (2, (#1189, #1190, #1191, #1192, #1193), .UNSPECIFIED., .F., .U.)
   B_SPLINE_CURVE_WITH_KNOTS ((3, 2, 3), (0., 0.25, 0.5), .UNSPECIFIED.)
   CURVE ()
   GEOMETRIC_REPRESENTATION_ITEM ()
   RATIONAL_B_SPLINE_CURVE ((1., 0.707106781186548, 1., 0.707106781186548, 1.))
   REPRESENTATION_ITEM ('')
);
#1195 = EDGE_CURVE ('', #1186, #1188, #1194, .T.);
#1196 = ORIENTED_EDGE ('', *, *, #1195, .T.);
#1197 = CARTESIAN_POINT ('', (107.5, 30.5000000000001, -5.));
#1198 = CARTESIAN_POINT ('', (113.5, 30.5000000000001, -5.));
#1199 = CARTESIAN_POINT ('', (113.5, 36.5000000000001, -5.));
#1200 = CARTESIAN_POINT ('', (113.5, 42.5000000000001, -5.));
#1201 = CARTESIAN_POINT ('', (107.5, 42.5000000000001, -5.));
#1202 = (
   BOUNDED_CURVE ()
   B_SPLINE_CURVE (2, (#1197, #1198, #1199, #1200, #1201), .UNSPECIFIED., .F., .U.)
   B_SPLINE_CURVE_WITH_KNOTS ((3, 2, 3), (0.5, 0.75, 1.), .UNSPECIFIED.)
   CURVE ()
   GEOMETRIC_REPRESENTATION_ITEM ()
   RATIONAL_B_SPLINE_CURVE ((1., 0.707106781186548, 1., 0.707106781186548, 1.))
   REPRESENTATION_ITEM ('')
);
#1203 = EDGE_CURVE ('', #1188, #1186, #1202, .T.);
#1204 = ORIENTED_EDGE ('', *, *, #1203, .T.);
#1205 = EDGE_LOOP ('', (#1196, #1204));
#1206 = FACE_BOUND ('', #1205, .T.);
#1207 = CARTESIAN_POINT ('', (115., 55.2500000000001, -5.));
#1208 = VERTEX_POINT ('', #1207);
#1209 = CARTESIAN_POINT ('', (115., 43.2500000000001, -5.));
#1210 = VERTEX_POINT ('', #1209);
#1211 = CARTESIAN_POINT ('', (115., 55.2500000000001, -5.));
#1212 = CARTESIAN_POINT ('', (109., 55.2500000000001, -5.));
#1213 = CARTESIAN_POINT ('', (109., 49.2500000000001, -5.));
#1214 = CARTESIAN_POINT ('', (109., 43.2500000000001, -5.));
#1215 = CARTESIAN_POINT ('', (115., 43.2500000000001, -5.));
#1216 = (
   BOUNDED_CURVE ()
   B_SPLINE_CURVE (2, (#1211, #1212, #1213, #1214, #1215), .UNSPECIFIED., .F., .U.)
   B_SPLINE_CURVE_WITH_KNOTS ((3, 2, 3), (0., 0.25, 0.5), .UNSPECIFIED.)
   CURVE ()
   GEOMETRIC_REPRESENTATION_ITEM ()
   RATIONAL_B_SPLINE_CURVE ((1., 0.707106781186548, 1., 0.707106781186548, 1.))
   REPRESENTATION_ITEM ('')
);
#1217 = EDGE_CURVE ('', #1208, #1210, #1216, .T.);
#1218 = ORIENTED_EDGE ('', *, *, #1217, .T.);
#1219 = CARTESIAN_POINT ('', (115., 43.2500000000001, -5.));
#1220 = CARTESIAN_POINT ('', (121., 43.2500000000001, -5.));
#1221 = CARTESIAN_POINT ('', (121., 49.2500000000001, -5.));
#1222 = CARTESIAN_POINT ('', (121., 55.2500000000001, -5.));
#1223 = CARTESIAN_POINT ('', (115., 55.2500000000001, -5.));
#1224 = (
   BOUNDED_CURVE ()
   B_SPLINE_CURVE (2, (#1219, #1220, #1221, #1222, #1223), .UNSPECIFIED., .F., .U.)
   B_SPLINE_CURVE_WITH_KNOTS ((3, 2, 3), (0.5, 0.75, 1.), .UNSPECIFIED.)
   CURVE ()
   GEOMETRIC_REPRESENTATION_ITEM ()
   RATIONAL_B_SPLINE_CURVE ((1., 0.707106781186548, 1., 0.707106781186548, 1.))
   REPRESENTATION_ITEM ('')
);
#1225 = EDGE_CURVE ('', #1210, #1208, #1224, .T.);
#1226 = ORIENTED_EDGE ('', *, *, #1225, .T.);
#1227 = EDGE_LOOP ('', (#1218, #1226));
#1228 = FACE_BOUND ('', #1227, .T.);
#1229 = CARTESIAN_POINT ('', (100., 29.7500000000001, -5.));
#1230 = VERTEX_POINT ('', #1229);
#1231 = CARTESIAN_POINT ('', (99.9999999999999, 17.7500000000002, -5.));
#1232 = VERTEX_POINT ('', #1231);
#1233 = CARTESIAN_POINT ('', (100., 29.7500000000001, -5.));
#1234 = CARTESIAN_POINT ('', (94., 29.7500000000002, -5.));
#1235 = CARTESIAN_POINT ('', (94., 23.7500000000002, -5.));
#1236 = CARTESIAN_POINT ('', (93.9999999999999, 17.7500000000002, -5.));
#1237 = CARTESIAN_POINT ('', (99.9999999999999, 17.7500000000002, -5.));
#1238 = (
   BOUNDED_CURVE ()
   B_SPLINE_CURVE (2, (#1233, #1234, #1235, #1236, #1237), .UNSPECIFIED., .F., .U.)
   B_SPLINE_CURVE_WITH_KNOTS ((3, 2, 3), (0., 0.25, 0.5), .UNSPECIFIED.)
   CURVE ()
   GEOMETRIC_REPRESENTATION_ITEM ()
   RATIONAL_B_SPLINE_CURVE ((1., 0.707106781186548, 1., 0.707106781186548, 1.))
   REPRESENTATION_ITEM ('')
);
#1239 = EDGE_CURVE ('', #1230, #1232, #1238, .T.);
#1240 = ORIENTED_EDGE ('', *, *, #1239, .T.);
#1241 = CARTESIAN_POINT ('', (99.9999999999999, 17.7500000000002, -5.));
#1242 = CARTESIAN_POINT ('', (106., 17.7500000000001, -5.));
#1243 = CARTESIAN_POINT ('', (106., 23.7500000000001, -5.));
#1244 = CARTESIAN_POINT ('', (106., 29.7500000000001, -5.));
#1245 = CARTESIAN_POINT ('', (100., 29.7500000000001, -5.));
#1246 = (
   BOUNDED_CURVE ()
   B_SPLINE_CURVE (2, (#1241, #1242, #1243, #1244, #1245), .UNSPECIFIED., .F., .U.)
   B_SPLINE_CURVE_WITH_KNOTS ((3, 2, 3), (0.5, 0.75, 1.), .UNSPECIFIED.)
   CURVE ()
   GEOMETRIC_REPRESENTATION_ITEM ()
   RATIONAL_B_SPLINE_CURVE ((1., 0.707106781186548, 1., 0.707106781186548, 1.))
   REPRESENTATION_ITEM ('')
);
#1247 = EDGE_CURVE ('', #1232, #1230, #1246, .T.);
#1248 = ORIENTED_EDGE ('', *, *, #1247, .T.);
#1249 = EDGE_LOOP ('', (#1240, #1248));
#1250 = FACE_BOUND ('', #1249, .T.);
#1251 = CARTESIAN_POINT ('', (115., 29.7500000000001, -5.));
#1252 = VERTEX_POINT ('', #1251);
#1253 = CARTESIAN_POINT ('', (115., 17.7500000000001, -5.));
#1254 = VERTEX_POINT ('', #1253);
#1255 = CARTESIAN_POINT ('', (115., 29.7500000000001, -5.));
#1256 = CARTESIAN_POINT ('', (109., 29.7500000000001, -5.));
#1257 = CARTESIAN_POINT ('', (109., 23.7500000000001, -5.));
#1258 = CARTESIAN_POINT ('', (109., 17.7500000000001, -5.));
#1259 = CARTESIAN_POINT ('', (115., 17.7500000000001, -5.));
#1260 = (
   BOUNDED_CURVE ()
   B_SPLINE_CURVE (2, (#1255, #1256, #1257, #1258, #1259), .UNSPECIFIED., .F., .U.)
   B_SPLINE_CURVE_WITH_KNOTS ((3, 2, 3), (0., 0.25, 0.5), .UNSPECIFIED.)
   CURVE ()
   GEOMETRIC_REPRESENTATION_ITEM ()
   RATIONAL_B_SPLINE_CURVE ((1., 0.707106781186548, 1., 0.707106781186548, 1.))
   REPRESENTATION_ITEM ('')
);
#1261 = EDGE_CURVE ('', #1252, #1254, #1260, .T.);
#1262 = ORIENTED_EDGE ('', *, *, #1261, .T.);
#1263 = CARTESIAN_POINT ('', (115., 17.7500000000001, -5.));
#1264 = CARTESIAN_POINT ('', (121., 17.7500000000001, -5.));
#1265 = CARTESIAN_POINT ('', (121., 23.7500000000001, -5.));
#1266 = CARTESIAN_POINT ('', (121., 29.7500000000001, -5.));
#1267 = CARTESIAN_POINT ('', (115., 29.7500000000001, -5.));
#1268 = (
   BOUNDED_CURVE ()
   B_SPLINE_CURVE (2, (#1263, #1264, #1265, #1266, #1267), .UNSPECIFIED., .F., .U.)
   B_SPLINE_CURVE_WITH_KNOTS ((3, 2, 3), (0.5, 0.75, 1.), .UNSPECIFIED.)
   CURVE ()
   GEOMETRIC_REPRESENTATION_ITEM ()
   RATIONAL_B_SPLINE_CURVE ((1., 0.707106781186548, 1., 0.707106781186548, 1.))
   REPRESENTATION_ITEM ('')
);
#1269 = EDGE_CURVE ('', #1254, #1252, #1268, .T.);
#1270 = ORIENTED_EDGE ('', *, *, #1269, .T.);
#1271 = EDGE_LOOP ('', (#1262, #1270));
#1272 = FACE_BOUND ('', #1271, .T.);
#1273 = CARTESIAN_POINT ('', (107.5, 17.0000000000001, -5.));
#1274 = VERTEX_POINT ('', #1273);
#1275 = CARTESIAN_POINT ('', (107.5, 5.00000000000014, -5.));
#1276 = VERTEX_POINT ('', #1275);
#1277 = CARTESIAN_POINT ('', (107.5, 17.0000000000001, -5.));
#1278 = CARTESIAN_POINT ('', (101.5, 17.0000000000001, -5.));
#1279 = CARTESIAN_POINT ('', (101.5, 11.0000000000001, -5.));
#1280 = CARTESIAN_POINT ('', (101.5, 5.00000000000014, -5.));
#1281 = CARTESIAN_POINT ('', (107.5, 5.00000000000014, -5.));
#1282 = (
   BOUNDED_CURVE ()
   B_SPLINE_CURVE (2, (#1277, #1278, #1279, #1280, #1281), .UNSPECIFIED., .F., .U.)
   B_SPLINE_CURVE_WITH_KNOTS ((3, 2, 3), (0., 0.25, 0.5), .UNSPECIFIED.)
   CURVE ()
   GEOMETRIC_REPRESENTATION_ITEM ()
   RATIONAL_B_SPLINE_CURVE ((1., 0.707106781186548, 1., 0.707106781186548, 1.))
   REPRESENTATION_ITEM ('')
);
#1283 = EDGE_CURVE ('', #1274, #1276, #1282, .T.);
#1284 = ORIENTED_EDGE ('', *, *, #1283, .T.);
#1285 = CARTESIAN_POINT ('', (107.5, 5.00000000000014, -5.));
#1286 = CARTESIAN_POINT ('', (113.5, 5.00000000000013, -5.));
#1287 = CARTESIAN_POINT ('', (113.5, 11.0000000000001, -5.));
#1288 = CARTESIAN_POINT ('', (113.5, 17.0000000000001, -5.));
#1289 = CARTESIAN_POINT ('', (107.5, 17.0000000000001, -5.));
#1290 = (
   BOUNDED_CURVE ()
   B_SPLINE_CURVE (2, (#1285, #1286, #1287, #1288, #1289), .UNSPECIFIED., .F., .U.)
   B_SPLINE_CURVE_WITH_KNOTS ((3, 2, 3), (0.5, 0.75, 1.), .UNSPECIFIED.)
   CURVE ()
   GEOMETRIC_REPRESENTATION_ITEM ()
   RATIONAL_B_SPLINE_CURVE ((1., 0.707106781186548, 1., 0.707106781186548, 1.))
   REPRESENTATION_ITEM ('')
);
#1291 = EDGE_CURVE ('', #1276, #1274, #1290, .T.);
#1292 = ORIENTED_EDGE ('', *, *, #1291, .T.);
#1293 = EDGE_LOOP ('', (#1284, #1292));
#1294 = FACE_BOUND ('', #1293, .T.);
#1295 = CARTESIAN_POINT ('', (100., 55.2500000000002, -5.));
#1296 = VERTEX_POINT ('', #1295);
#1297 = CARTESIAN_POINT ('', (99.9999999999999, 43.2500000000002, -5.));
#1298 = VERTEX_POINT ('', #1297);
#1299 = CARTESIAN_POINT ('', (100., 55.2500000000002, -5.));
#1300 = CARTESIAN_POINT ('', (94., 55.2500000000002, -5.));
#1301 = CARTESIAN_POINT ('', (94., 49.2500000000002, -5.));
#1302 = CARTESIAN_POINT ('', (93.9999999999999, 43.2500000000002, -5.));
#1303 = CARTESIAN_POINT ('', (99.9999999999999, 43.2500000000002, -5.));
#1304 = (
   BOUNDED_CURVE ()
   B_SPLINE_CURVE (2, (#1299, #1300, #1301, #1302, #1303), .UNSPECIFIED., .F., .U.)
   B_SPLINE_CURVE_WITH_KNOTS ((3, 2, 3), (0., 0.25, 0.5), .UNSPECIFIED.)
   CURVE ()
   GEOMETRIC_REPRESENTATION_ITEM ()
   RATIONAL_B_SPLINE_CURVE ((1., 0.707106781186548, 1., 0.707106781186548, 1.))
   REPRESENTATION_ITEM ('')
);
#1305 = EDGE_CURVE ('', #1296, #1298, #1304, .T.);
#1306 = ORIENTED_EDGE ('', *, *, #1305, .T.);
#1307 = CARTESIAN_POINT ('', (99.9999999999999, 43.2500000000002, -5.));
#1308 = CARTESIAN_POINT ('', (106., 43.2500000000001, -5.));
#1309 = CARTESIAN_POINT ('', (106., 49.2500000000001, -5.));
#1310 = CARTESIAN_POINT ('', (106., 55.2500000000001, -5.));
#1311 = CARTESIAN_POINT ('', (100., 55.2500000000002, -5.));
#1312 = (
   BOUNDED_CURVE ()
   B_SPLINE_CURVE (2, (#1307, #1308, #1309, #1310, #1311), .UNSPECIFIED., .F., .U.)
   B_SPLINE_CURVE_WITH_KNOTS ((3, 2, 3), (0.5, 0.75, 1.), .UNSPECIFIED.)
   CURVE ()
   GEOMETRIC_REPRESENTATION_ITEM ()
   RATIONAL_B_SPLINE_CURVE ((1., 0.707106781186548, 1., 0.707106781186548, 1.))
   REPRESENTATION_ITEM ('')
);
#1313 = EDGE_CURVE ('', #1298, #1296, #1312, .T.);
#1314 = ORIENTED_EDGE ('', *, *, #1313, .T.);
#1315 = EDGE_LOOP ('', (#1306, #1314));
#1316 = FACE_BOUND ('', #1315, .T.);
#1317 = CARTESIAN_POINT ('', (100., 80.7500000000001, -5.));
#1318 = VERTEX_POINT ('', #1317);
#1319 = CARTESIAN_POINT ('', (100., 68.7500000000001, -5.));
#1320 = VERTEX_POINT ('', #1319);
#1321 = CARTESIAN_POINT ('', (100., 80.7500000000001, -5.));
#1322 = CARTESIAN_POINT ('', (94., 80.7500000000001, -5.));
#1323 = CARTESIAN_POINT ('', (94., 74.7500000000001, -5.));
#1324 = CARTESIAN_POINT ('', (94., 68.7500000000001, -5.));
#1325 = CARTESIAN_POINT ('', (100., 68.7500000000001, -5.));
#1326 = (
   BOUNDED_CURVE ()
   B_SPLINE_CURVE (2, (#1321, #1322, #1323, #1324, #1325), .UNSPECIFIED., .F., .U.)
   B_SPLINE_CURVE_WITH_KNOTS ((3, 2, 3), (0., 0.25, 0.5), .UNSPECIFIED.)
   CURVE ()
   GEOMETRIC_REPRESENTATION_ITEM ()
   RATIONAL_B_SPLINE_CURVE ((1., 0.707106781186548, 1., 0.707106781186548, 1.))
   REPRESENTATION_ITEM ('')
);
#1327 = EDGE_CURVE ('', #1318, #1320, #1326, .T.);
#1328 = ORIENTED_EDGE ('', *, *, #1327, .T.);
#1329 = CARTESIAN_POINT ('', (100., 68.7500000000001, -5.));
#1330 = CARTESIAN_POINT ('', (106., 68.7500000000001, -5.));
#1331 = CARTESIAN_POINT ('', (106., 74.7500000000001, -5.));
#1332 = CARTESIAN_POINT ('', (106., 80.7500000000001, -5.));
#1333 = CARTESIAN_POINT ('', (100., 80.7500000000001, -5.));
#1334 = (
   BOUNDED_CURVE ()
   B_SPLINE_CURVE (2, (#1329, #1330, #1331, #1332, #1333), .UNSPECIFIED., .F., .U.)
   B_SPLINE_CURVE_WITH_KNOTS ((3, 2, 3), (0.5, 0.75, 1.), .UNSPECIFIED.)
   CURVE ()
   GEOMETRIC_REPRESENTATION_ITEM ()
   RATIONAL_B_SPLINE_CURVE ((1., 0.707106781186548, 1., 0.707106781186548, 1.))
   REPRESENTATION_ITEM ('')
);
#1335 = EDGE_CURVE ('', #1320, #1318, #1334, .T.);
#1336 = ORIENTED_EDGE ('', *, *, #1335, .T.);
#1337 = EDGE_LOOP ('', (#1328, #1336));
#1338 = FACE_BOUND ('', #1337, .T.);
#1339 = CARTESIAN_POINT ('', (17.5, 17.0000000000001, -5.));
#1340 = VERTEX_POINT ('', #1339);
#1341 = CARTESIAN_POINT ('', (17.5, 5.00000000000011, -5.));
#1342 = VERTEX_POINT ('', #1341);
#1343 = CARTESIAN_POINT ('', (17.5, 17.0000000000001, -5.));
#1344 = CARTESIAN_POINT ('', (17.2643276841499, 17.0000178598918, -5.));
#1345 = CARTESIAN_POINT ('', (16.9020129528859, 16.979108898895, -5.));
#1346 = CARTESIAN_POINT ('', (16.4087137500772, 16.9039570838097, -5.));
#1347 = CARTESIAN_POINT ('', (16.03578696067, 16.8228439826348, -5.));
#1348 = CARTESIAN_POINT ('', (15.6622581665416, 16.71610219528, -5.));
#1349 = CARTESIAN_POINT ('', (15.2906637909307, 16.5831431214423, -5.));
#1350 = CARTESIAN_POINT ('', (14.9236771255082, 16.4237041571991, -5.));
#1351 = CARTESIAN_POINT ('', (14.5640577662921, 16.2378808279505, -5.));
#1352 = CARTESIAN_POINT ('', (14.214591458532, 16.0261476186973, -5.));
#1353 = CARTESIAN_POINT ('', (13.8780252777148, 15.7893671011325, -5.));
#1354 = CARTESIAN_POINT ('', (13.5570003119986, 15.5287855679012, -5.));
#1355 = CARTESIAN_POINT ('', (13.2539852832963, 15.2460147166735, -5.));
#1356 = CARTESIAN_POINT ('', (12.9712144321003, 14.9429996881211, -5.));
#1357 = CARTESIAN_POINT ('', (12.7106328988921, 14.6219747218373, -5.));
#1358 = CARTESIAN_POINT ('', (12.4738523812036, 14.2854085431406, -5.));
#1359 = CARTESIAN_POINT ('', (12.2621191724221, 13.9359422274659, -5.));
#1360 = CARTESIAN_POINT ('', (12.0762958414103, 13.5763228977876, -5.));
#1361 = CARTESIAN_POINT ('', (11.9168568837482, 13.2093361221285, -5.));
#1362 = CARTESIAN_POINT ('', (11.7838977853494, 12.8377421579266, -5.));
#1363 = CARTESIAN_POINT ('', (11.677156089658, 12.4642118283989, -5.));
#1364 = CARTESIAN_POINT ('', (11.5960426463905, 12.0912907691797, -5.));
#1365 = CARTESIAN_POINT ('', (11.5396800617832, 11.7212949817203, -5.));
#1366 = CARTESIAN_POINT ('', (11.5124033735861, 11.4173048620079, -5.));
#1367 = CARTESIAN_POINT ('', (11.5017363842716, 11.1774021070355, -5.));
#1368 = CARTESIAN_POINT ('', (11.4991318078642, 11.0000000000001, -5.));
#1369 = CARTESIAN_POINT ('', (11.5017363842716, 10.8225978929647, -5.));
#1370 = CARTESIAN_POINT ('', (11.5124033735861, 10.5826951379923, -5.));
#1371 = CARTESIAN_POINT ('', (11.5396800617832, 10.2787050182799, -5.));
#1372 = CARTESIAN_POINT ('', (11.5960426463905, 9.90870923082057, -5.));
#1373 = CARTESIAN_POINT ('', (11.677156089658, 9.53578817160132, -5.));
#1374 = CARTESIAN_POINT ('', (11.7838977853494, 9.16225784207368, -5.));
#1375 = CARTESIAN_POINT ('', (11.9168568837482, 8.79066387787175, -5.));
#1376 = CARTESIAN_POINT ('', (12.0762958414103, 8.42367710221258, -5.));
#1377 = CARTESIAN_POINT ('', (12.2621191724222, 8.06405777253432, -5.));
#1378 = CARTESIAN_POINT ('', (12.473852381203, 7.71459145685955, -5.));
#1379 = CARTESIAN_POINT ('', (12.7106328988944, 7.37802527816304, -5.));
#1380 = CARTESIAN_POINT ('', (12.9712144320917, 7.05700031187865, -5.));
#1381 = CARTESIAN_POINT ('', (13.2539852833285, 6.75398528332863, -5.));
#1382 = CARTESIAN_POINT ('', (13.5570003118785, 6.47121443209183, -5.));
#1383 = CARTESIAN_POINT ('', (13.8780252781629, 6.21063289889451, -5.));
#1384 = CARTESIAN_POINT ('', (14.2145914568594, 5.97385238120309, -5.));
#1385 = CARTESIAN_POINT ('', (14.5640577725342, 5.76211917242235, -5.));
#1386 = CARTESIAN_POINT ('', (14.9236771022125, 5.57629584141038, -5.));
#1387 = CARTESIAN_POINT ('', (15.2906638778716, 5.41685688374832, -5.));
#1388 = CARTESIAN_POINT ('', (15.6622578420736, 5.28389778534951, -5.));
#1389 = CARTESIAN_POINT ('', (16.0357881716012, 5.17715608965812, -5.));
#1390 = CARTESIAN_POINT ('', (16.4087092308204, 5.09604264639064, -5.));
#1391 = CARTESIAN_POINT ('', (16.7787050182798, 5.03968006178333, -5.));
#1392 = CARTESIAN_POINT ('', (17.0826951379922, 5.0124033735862, -5.));
#1393 = CARTESIAN_POINT ('', (17.3225978929646, 5.00173638427171, -5.));
#1394 = CARTESIAN_POINT ('', (17.4408659643215, 5.00000000000011, -5.));
#1395 = CARTESIAN_POINT ('', (17.5, 5.00000000000011, -5.));
#1396 = B_SPLINE_CURVE_WITH_KNOTS ('', 3, (#1343, #1344, #1345, #1346, #1347, #1348, #1349, #1350, #1351, #1352, #1353, #1354, #1355, #1356, #1357, #1358, #1359, #1360, #1361, #1362, #1363, #1364, #1365, #1366, #1367, #1368, #1369, #1370, #1371, #1372, #1373, #1374, #1375, #1376, #1377, #1378, #1379, #1380, #1381, #1382, #1383, #1384, #1385, #1386, #1387, #1388, #1389, #1390, #1391, #1392, #1393, #1394, #1395), .UNSPECIFIED., .F., .U., (4, 1, 1, 1, 1, 1, 1, 1, 1, 1, 1, 1, 1, 1, 1, 1, 1, 1, 1, 1, 1, 1, 1, 1, 1, 1, 1, 1, 1, 1, 1, 1, 1, 1, 1, 1, 1, 1, 1, 1, 1, 1, 1, 1, 1, 1, 1, 1, 1, 1, 4), (0., 0.0208333333333332, 0.0312499999999998, 0.0416666666666667, 0.0520833333333334, 0.0625000000000001, 0.0729166666666667, 0.0833333333333334, 0.09375, 0.104166666666667, 0.114583333333333, 0.125, 0.135416666666667, 0.145833333333333, 0.15625, 0.166666666666667, 0.177083333333333, 0.1875, 0.197916666666667, 0.208333333333333, 0.21875, 0.229166666666667, 0.239583333333333, 0.244791666666667, 0.25, 0.255208333333333, 0.260416666666667, 0.270833333333333, 0.28125, 0.291666666666667, 0.302083333333333, 0.3125, 0.322916666666667, 0.333333333333333, 0.34375, 0.354166666666667, 0.364583333333334, 0.375, 0.385416666666667, 0.395833333333334, 0.40625, 0.416666666666667, 0.427083333333334, 0.4375, 0.447916666666667, 0.458333333333334, 0.46875, 0.479166666666667, 0.489583333333334, 0.494791666666667, 0.5), .UNSPECIFIED.);
#1397 = EDGE_CURVE ('', #1340, #1342, #1396, .T.);
#1398 = ORIENTED_EDGE ('', *, *, #1397, .T.);
#1399 = CARTESIAN_POINT ('', (17.5, 5.00000000000011, -5.));
#1400 = CARTESIAN_POINT ('', (17.5591340356785, 5.00000000000011, -5.));
#1401 = CARTESIAN_POINT ('', (17.6774021070354, 5.00173638427171, -5.));
#1402 = CARTESIAN_POINT ('', (17.9173048620078, 5.0124033735862, -5.));
#1403 = CARTESIAN_POINT ('', (18.2212949817202, 5.03968006178333, -5.));
#1404 = CARTESIAN_POINT ('', (18.5912907691795, 5.09604264639064, -5.));
#1405 = CARTESIAN_POINT ('', (18.9642118283988, 5.17715608965812, -5.));
#1406 = CARTESIAN_POINT ('', (19.3377421579264, 5.28389778534951, -5.));
#1407 = CARTESIAN_POINT ('', (19.7093361221284, 5.41685688374832, -5.));
#1408 = CARTESIAN_POINT ('', (20.0763228977875, 5.57629584141038, -5.));
#1409 = CARTESIAN_POINT ('', (20.4359422274658, 5.76211917242235, -5.));
#1410 = CARTESIAN_POINT ('', (20.7854085431406, 5.97385238120309, -5.));
#1411 = CARTESIAN_POINT ('', (21.1219747218371, 6.21063289889451, -5.));
#1412 = CARTESIAN_POINT ('', (21.4429996881215, 6.47121443209183, -5.));
#1413 = CARTESIAN_POINT ('', (21.7460147166715, 6.75398528332862, -5.));
#1414 = CARTESIAN_POINT ('', (22.0287855679083, 7.05700031187865, -5.));
#1415 = CARTESIAN_POINT ('', (22.2893671011056, 7.37802527816303, -5.));
#1416 = CARTESIAN_POINT ('', (22.526147618797, 7.71459145685955, -5.));
#1417 = CARTESIAN_POINT ('', (22.7378808275778, 8.06405777253432, -5.));
#1418 = CARTESIAN_POINT ('', (22.9237041585897, 8.42367710221257, -5.));
#1419 = CARTESIAN_POINT ('', (23.0831431162518, 8.79066387787175, -5.));
#1420 = CARTESIAN_POINT ('', (23.2161022146506, 9.16225784207367, -5.));
#1421 = CARTESIAN_POINT ('', (23.322843910342, 9.53578817160131, -5.));
#1422 = CARTESIAN_POINT ('', (23.4039573536095, 9.90870923082057, -5.));
#1423 = CARTESIAN_POINT ('', (23.4603199382168, 10.2787050182799, -5.));
#1424 = CARTESIAN_POINT ('', (23.4875966264139, 10.5826951379923, -5.));
#1425 = CARTESIAN_POINT ('', (23.4982636157284, 10.8225978929647, -5.));
#1426 = CARTESIAN_POINT ('', (23.5008681921358, 11.0000000000001, -5.));
#1427 = CARTESIAN_POINT ('', (23.4982636157284, 11.1774021070355, -5.));
#1428 = CARTESIAN_POINT ('', (23.4875966264139, 11.4173048620079, -5.));
#1429 = CARTESIAN_POINT ('', (23.4603199382168, 11.7212949817203, -5.));
#1430 = CARTESIAN_POINT ('', (23.4039573536095, 12.0912907691797, -5.));
#1431 = CARTESIAN_POINT ('', (23.322843910342, 12.4642118283989, -5.));
#1432 = CARTESIAN_POINT ('', (23.2161022146506, 12.8377421579266, -5.));
#1433 = CARTESIAN_POINT ('', (23.0831431162518, 13.2093361221285, -5.));
#1434 = CARTESIAN_POINT ('', (22.9237041585897, 13.5763228977877, -5.));
#1435 = CARTESIAN_POINT ('', (22.7378808275779, 13.9359422274659, -5.));
#1436 = CARTESIAN_POINT ('', (22.5261476187964, 14.2854085431406, -5.));
#1437 = CARTESIAN_POINT ('', (22.2893671011079, 14.6219747218373, -5.));
#1438 = CARTESIAN_POINT ('', (22.0287855678997, 14.9429996881211, -5.));
#1439 = CARTESIAN_POINT ('', (21.7460147167037, 15.2460147166735, -5.));
#1440 = CARTESIAN_POINT ('', (21.4429996880014, 15.5287855679012, -5.));
#1441 = CARTESIAN_POINT ('', (21.1219747222852, 15.7893671011325, -5.));
#1442 = CARTESIAN_POINT ('', (20.785408541468, 16.0261476186973, -5.));
#1443 = CARTESIAN_POINT ('', (20.4359422337079, 16.2378808279505, -5.));
#1444 = CARTESIAN_POINT ('', (20.0763228744918, 16.4237041571991, -5.));
#1445 = CARTESIAN_POINT ('', (19.7093362090693, 16.5831431214423, -5.));
#1446 = CARTESIAN_POINT ('', (19.3377418334584, 16.71610219528, -5.));
#1447 = CARTESIAN_POINT ('', (18.96421303933, 16.8228439826348, -5.));
#1448 = CARTESIAN_POINT ('', (18.5912862499227, 16.9039570838097, -5.));
#1449 = CARTESIAN_POINT ('', (18.0979870471141, 16.979108898895, -5.));
#1450 = CARTESIAN_POINT ('', (17.73567231585, 17.0000178598918, -5.));
#1451 = CARTESIAN_POINT ('', (17.5, 17.0000000000001, -5.));
#1452 = B_SPLINE_CURVE_WITH_KNOTS ('', 3, (#1399, #1400, #1401, #1402, #1403, #1404, #1405, #1406, #1407, #1408, #1409, #1410, #1411, #1412, #1413, #1414, #1415, #1416, #1417, #1418, #1419, #1420, #1421, #1422, #1423, #1424, #1425, #1426, #1427, #1428, #1429, #1430, #1431, #1432, #1433, #1434, #1435, #1436, #1437, #1438, #1439, #1440, #1441, #1442, #1443, #1444, #1445, #1446, #1447, #1448, #1449, #1450, #1451), .UNSPECIFIED., .F., .U., (4, 1, 1, 1, 1, 1, 1, 1, 1, 1, 1, 1, 1, 1, 1, 1, 1, 1, 1, 1, 1, 1, 1, 1, 1, 1, 1, 1, 1, 1, 1, 1, 1, 1, 1, 1, 1, 1, 1, 1, 1, 1, 1, 1, 1, 1, 1, 1, 1, 1, 4), (0.5, 0.505208333333334, 0.510416666666667, 0.520833333333334, 0.53125, 0.541666666666667, 0.552083333333333, 0.5625, 0.572916666666667, 0.583333333333333, 0.59375, 0.604166666666667, 0.614583333333334, 0.625, 0.635416666666667, 0.645833333333333, 0.65625, 0.666666666666667, 0.677083333333333, 0.6875, 0.697916666666667, 0.708333333333333, 0.71875, 0.729166666666667, 0.739583333333333, 0.744791666666667, 0.75, 0.755208333333333, 0.760416666666667, 0.770833333333333, 0.78125, 0.791666666666667, 0.802083333333333, 0.8125, 0.822916666666667, 0.833333333333333, 0.84375, 0.854166666666667, 0.864583333333333, 0.875, 0.885416666666667, 0.895833333333333, 0.90625, 0.916666666666666, 0.927083333333333, 0.9375, 0.947916666666667, 0.958333333333333, 0.96875, 0.979166666666667, 1.), .UNSPECIFIED.);
#1453 = EDGE_CURVE ('', #1342, #1340, #1452, .T.);
#1454 = ORIENTED_EDGE ('', *, *, #1453, .T.);
#1455 = EDGE_LOOP ('', (#1398, #1454));
#1456 = FACE_BOUND ('', #1455, .T.);
#1457 = CARTESIAN_POINT ('', (17.5, 93.5000000000001, -5.));
#1458 = VERTEX_POINT ('', #1457);
#1459 = CARTESIAN_POINT ('', (17.5, 81.5000000000001, -5.));
#1460 = VERTEX_POINT ('', #1459);
#1461 = CARTESIAN_POINT ('', (17.5, 93.5000000000001, -5.));
#1462 = CARTESIAN_POINT ('', (17.2643276841499, 93.5000178598918, -5.));
#1463 = CARTESIAN_POINT ('', (16.9020129528859, 93.479108898895, -5.));
#1464 = CARTESIAN_POINT ('', (16.4087137500773, 93.4039570838097, -5.));
#1465 = CARTESIAN_POINT ('', (16.03578696067, 93.3228439826348, -5.));
#1466 = CARTESIAN_POINT ('', (15.6622581665416, 93.21610219528, -5.));
#1467 = CARTESIAN_POINT ('', (15.2906637909307, 93.0831431214423, -5.));
#1468 = CARTESIAN_POINT ('', (14.9236771255082, 92.9237041571991, -5.));
#1469 = CARTESIAN_POINT ('', (14.5640577662921, 92.7378808279505, -5.));
#1470 = CARTESIAN_POINT ('', (14.214591458532, 92.5261476186973, -5.));
#1471 = CARTESIAN_POINT ('', (13.8780252777148, 92.2893671011325, -5.));
#1472 = CARTESIAN_POINT ('', (13.5570003119986, 92.0287855679012, -5.));
#1473 = CARTESIAN_POINT ('', (13.2539852832963, 91.7460147166735, -5.));
#1474 = CARTESIAN_POINT ('', (12.9712144321003, 91.4429996881211, -5.));
#1475 = CARTESIAN_POINT ('', (12.7106328988921, 91.1219747218373, -5.));
#1476 = CARTESIAN_POINT ('', (12.4738523812036, 90.7854085431406, -5.));
#1477 = CARTESIAN_POINT ('', (12.2621191724221, 90.4359422274659, -5.));
#1478 = CARTESIAN_POINT ('', (12.0762958414103, 90.0763228977876, -5.));
#1479 = CARTESIAN_POINT ('', (11.9168568837482, 89.7093361221285, -5.));
#1480 = CARTESIAN_POINT ('', (11.7838977853494, 89.3377421579265, -5.));
#1481 = CARTESIAN_POINT ('', (11.677156089658, 88.9642118283989, -5.));
#1482 = CARTESIAN_POINT ('', (11.5960426463905, 88.5912907691797, -5.));
#1483 = CARTESIAN_POINT ('', (11.5396800617832, 88.2212949817203, -5.));
#1484 = CARTESIAN_POINT ('', (11.5124033735861, 87.9173048620079, -5.));
#1485 = CARTESIAN_POINT ('', (11.5017363842716, 87.6774021070355, -5.));
#1486 = CARTESIAN_POINT ('', (11.4991318078642, 87.5000000000001, -5.));
#1487 = CARTESIAN_POINT ('', (11.5017363842716, 87.3225978929647, -5.));
#1488 = CARTESIAN_POINT ('', (11.5124033735861, 87.0826951379923, -5.));
#1489 = CARTESIAN_POINT ('', (11.5396800617832, 86.7787050182799, -5.));
#1490 = CARTESIAN_POINT ('', (11.5960426463905, 86.4087092308206, -5.));
#1491 = CARTESIAN_POINT ('', (11.677156089658, 86.0357881716013, -5.));
#1492 = CARTESIAN_POINT ('', (11.7838977853494, 85.6622578420737, -5.));
#1493 = CARTESIAN_POINT ('', (11.9168568837482, 85.2906638778718, -5.));
#1494 = CARTESIAN_POINT ('', (12.0762958414103, 84.9236771022126, -5.));
#1495 = CARTESIAN_POINT ('', (12.2621191724222, 84.5640577725343, -5.));
#1496 = CARTESIAN_POINT ('', (12.473852381203, 84.2145914568595, -5.));
#1497 = CARTESIAN_POINT ('', (12.7106328988944, 83.8780252781631, -5.));
#1498 = CARTESIAN_POINT ('', (12.9712144320917, 83.5570003118787, -5.));
#1499 = CARTESIAN_POINT ('', (13.2539852833285, 83.2539852833286, -5.));
#1500 = CARTESIAN_POINT ('', (13.5570003118785, 82.9712144320918, -5.));
#1501 = CARTESIAN_POINT ('', (13.8780252781629, 82.7106328988945, -5.));
#1502 = CARTESIAN_POINT ('', (14.2145914568594, 82.4738523812031, -5.));
#1503 = CARTESIAN_POINT ('', (14.5640577725342, 82.2621191724223, -5.));
#1504 = CARTESIAN_POINT ('', (14.9236771022125, 82.0762958414104, -5.));
#1505 = CARTESIAN_POINT ('', (15.2906638778716, 81.9168568837483, -5.));
#1506 = CARTESIAN_POINT ('', (15.6622578420736, 81.7838977853495, -5.));
#1507 = CARTESIAN_POINT ('', (16.0357881716012, 81.6771560896581, -5.));
#1508 = CARTESIAN_POINT ('', (16.4087092308205, 81.5960426463907, -5.));
#1509 = CARTESIAN_POINT ('', (16.7787050182798, 81.5396800617833, -5.));
#1510 = CARTESIAN_POINT ('', (17.0826951379922, 81.5124033735862, -5.));
#1511 = CARTESIAN_POINT ('', (17.3225978929646, 81.5017363842717, -5.));
#1512 = CARTESIAN_POINT ('', (17.4408659643215, 81.5000000000001, -5.));
#1513 = CARTESIAN_POINT ('', (17.5, 81.5000000000001, -5.));
#1514 = B_SPLINE_CURVE_WITH_KNOTS ('', 3, (#1461, #1462, #1463, #1464, #1465, #1466, #1467, #1468, #1469, #1470, #1471, #1472, #1473, #1474, #1475, #1476, #1477, #1478, #1479, #1480, #1481, #1482, #1483, #1484, #1485, #1486, #1487, #1488, #1489, #1490, #1491, #1492, #1493, #1494, #1495, #1496, #1497, #1498, #1499, #1500, #1501, #1502, #1503, #1504, #1505, #1506, #1507, #1508, #1509, #1510, #1511, #1512, #1513), .UNSPECIFIED., .F., .U., (4, 1, 1, 1, 1, 1, 1, 1, 1, 1, 1, 1, 1, 1, 1, 1, 1, 1, 1, 1, 1, 1, 1, 1, 1, 1, 1, 1, 1, 1, 1, 1, 1, 1, 1, 1, 1, 1, 1, 1, 1, 1, 1, 1, 1, 1, 1, 1, 1, 1, 4), (0., 0.0208333333333332, 0.03125, 0.0416666666666667, 0.0520833333333334, 0.0625000000000003, 0.0729166666666667, 0.0833333333333336, 0.0937499999999999, 0.104166666666667, 0.114583333333333, 0.125, 0.135416666666667, 0.145833333333334, 0.15625, 0.166666666666667, 0.177083333333333, 0.1875, 0.197916666666667, 0.208333333333333, 0.21875, 0.229166666666666, 0.239583333333333, 0.244791666666667, 0.25, 0.255208333333334, 0.260416666666666, 0.270833333333334, 0.28125, 0.291666666666667, 0.302083333333334, 0.3125, 0.322916666666667, 0.333333333333334, 0.34375, 0.354166666666667, 0.364583333333333, 0.375, 0.385416666666667, 0.395833333333334, 0.40625, 0.416666666666667, 0.427083333333334, 0.4375, 0.447916666666667, 0.458333333333334, 0.46875, 0.479166666666667, 0.489583333333334, 0.494791666666667, 0.5), .UNSPECIFIED.);
#1515 = EDGE_CURVE ('', #1458, #1460, #1514, .T.);
#1516 = ORIENTED_EDGE ('', *, *, #1515, .T.);
#1517 = CARTESIAN_POINT ('', (17.5, 81.5000000000001, -5.));
#1518 = CARTESIAN_POINT ('', (17.5591340356785, 81.5000000000001, -5.));
#1519 = CARTESIAN_POINT ('', (17.6774021070354, 81.5017363842717, -5.));
#1520 = CARTESIAN_POINT ('', (17.9173048620078, 81.5124033735862, -5.));
#1521 = CARTESIAN_POINT ('', (18.2212949817202, 81.5396800617833, -5.));
#1522 = CARTESIAN_POINT ('', (18.5912907691796, 81.5960426463907, -5.));
#1523 = CARTESIAN_POINT ('', (18.9642118283988, 81.6771560896581, -5.));
#1524 = CARTESIAN_POINT ('', (19.3377421579264, 81.7838977853495, -5.));
#1525 = CARTESIAN_POINT ('', (19.7093361221284, 81.9168568837483, -5.));
#1526 = CARTESIAN_POINT ('', (20.0763228977875, 82.0762958414104, -5.));
#1527 = CARTESIAN_POINT ('', (20.4359422274658, 82.2621191724223, -5.));
#1528 = CARTESIAN_POINT ('', (20.7854085431406, 82.4738523812031, -5.));
#1529 = CARTESIAN_POINT ('', (21.1219747218371, 82.7106328988945, -5.));
#1530 = CARTESIAN_POINT ('', (21.4429996881215, 82.9712144320918, -5.));
#1531 = CARTESIAN_POINT ('', (21.7460147166715, 83.2539852833286, -5.));
#1532 = CARTESIAN_POINT ('', (22.0287855679083, 83.5570003118787, -5.));
#1533 = CARTESIAN_POINT ('', (22.2893671011056, 83.878025278163, -5.));
#1534 = CARTESIAN_POINT ('', (22.526147618797, 84.2145914568596, -5.));
#1535 = CARTESIAN_POINT ('', (22.7378808275778, 84.5640577725343, -5.));
#1536 = CARTESIAN_POINT ('', (22.9237041585897, 84.9236771022126, -5.));
#1537 = CARTESIAN_POINT ('', (23.0831431162518, 85.2906638778718, -5.));
#1538 = CARTESIAN_POINT ('', (23.2161022146506, 85.6622578420737, -5.));
#1539 = CARTESIAN_POINT ('', (23.322843910342, 86.0357881716013, -5.));
#1540 = CARTESIAN_POINT ('', (23.4039573536095, 86.4087092308206, -5.));
#1541 = CARTESIAN_POINT ('', (23.4603199382168, 86.7787050182799, -5.));
#1542 = CARTESIAN_POINT ('', (23.4875966264139, 87.0826951379923, -5.));
#1543 = CARTESIAN_POINT ('', (23.4982636157284, 87.3225978929647, -5.));
#1544 = CARTESIAN_POINT ('', (23.5008681921358, 87.5000000000001, -5.));
#1545 = CARTESIAN_POINT ('', (23.4982636157284, 87.6774021070355, -5.));
#1546 = CARTESIAN_POINT ('', (23.4875966264139, 87.9173048620079, -5.));
#1547 = CARTESIAN_POINT ('', (23.4603199382168, 88.2212949817203, -5.));
#1548 = CARTESIAN_POINT ('', (23.4039573536095, 88.5912907691796, -5.));
#1549 = CARTESIAN_POINT ('', (23.322843910342, 88.9642118283989, -5.));
#1550 = CARTESIAN_POINT ('', (23.2161022146506, 89.3377421579265, -5.));
#1551 = CARTESIAN_POINT ('', (23.0831431162518, 89.7093361221284, -5.));
#1552 = CARTESIAN_POINT ('', (22.9237041585897, 90.0763228977876, -5.));
#1553 = CARTESIAN_POINT ('', (22.7378808275779, 90.4359422274659, -5.));
#1554 = CARTESIAN_POINT ('', (22.5261476187964, 90.7854085431406, -5.));
#1555 = CARTESIAN_POINT ('', (22.2893671011079, 91.1219747218374, -5.));
#1556 = CARTESIAN_POINT ('', (22.0287855678997, 91.442999688121, -5.));
#1557 = CARTESIAN_POINT ('', (21.7460147167037, 91.7460147166736, -5.));
#1558 = CARTESIAN_POINT ('', (21.4429996880014, 92.0287855679012, -5.));
#1559 = CARTESIAN_POINT ('', (21.1219747222852, 92.2893671011325, -5.));
#1560 = CARTESIAN_POINT ('', (20.785408541468, 92.5261476186972, -5.));
#1561 = CARTESIAN_POINT ('', (20.4359422337079, 92.7378808279505, -5.));
#1562 = CARTESIAN_POINT ('', (20.0763228744918, 92.9237041571991, -5.));
#1563 = CARTESIAN_POINT ('', (19.7093362090693, 93.0831431214423, -5.));
#1564 = CARTESIAN_POINT ('', (19.3377418334584, 93.2161021952799, -5.));
#1565 = CARTESIAN_POINT ('', (18.96421303933, 93.3228439826348, -5.));
#1566 = CARTESIAN_POINT ('', (18.5912862499227, 93.4039570838098, -5.));
#1567 = CARTESIAN_POINT ('', (18.0979870471141, 93.479108898895, -5.));
#1568 = CARTESIAN_POINT ('', (17.73567231585, 93.5000178598918, -5.));
#1569 = CARTESIAN_POINT ('', (17.5, 93.5000000000001, -5.));
#1570 = B_SPLINE_CURVE_WITH_KNOTS ('', 3, (#1517, #1518, #1519, #1520, #1521, #1522, #1523, #1524, #1525, #1526, #1527, #1528, #1529, #1530, #1531, #1532, #1533, #1534, #1535, #1536, #1537, #1538, #1539, #1540, #1541, #1542, #1543, #1544, #1545, #1546, #1547, #1548, #1549, #1550, #1551, #1552, #1553, #1554, #1555, #1556, #1557, #1558, #1559, #1560, #1561, #1562, #1563, #1564, #1565, #1566, #1567, #1568, #1569), .UNSPECIFIED., .F., .U., (4, 1, 1, 1, 1, 1, 1, 1, 1, 1, 1, 1, 1, 1, 1, 1, 1, 1, 1, 1, 1, 1, 1, 1, 1, 1, 1, 1, 1, 1, 1, 1, 1, 1, 1, 1, 1, 1, 1, 1, 1, 1, 1, 1, 1, 1, 1, 1, 1, 1, 4), (0.5, 0.505208333333334, 0.510416666666666, 0.520833333333334, 0.53125, 0.541666666666667, 0.552083333333333, 0.5625, 0.572916666666667, 0.583333333333333, 0.59375, 0.604166666666667, 0.614583333333334, 0.625, 0.635416666666667, 0.645833333333333, 0.65625, 0.666666666666667, 0.677083333333334, 0.6875, 0.697916666666666, 0.708333333333334, 0.71875, 0.729166666666667, 0.739583333333333, 0.744791666666667, 0.75, 0.755208333333333, 0.760416666666667, 0.770833333333333, 0.78125, 0.791666666666666, 0.802083333333333, 0.8125, 0.822916666666667, 0.833333333333333, 0.84375, 0.854166666666667, 0.864583333333333, 0.875, 0.885416666666667, 0.895833333333333, 0.90625, 0.916666666666666, 0.927083333333333, 0.9375, 0.947916666666667, 0.958333333333333, 0.96875, 0.979166666666667, 1.), .UNSPECIFIED.);
#1571 = EDGE_CURVE ('', #1460, #1458, #1570, .T.);
#1572 = ORIENTED_EDGE ('', *, *, #1571, .T.);
#1573 = EDGE_LOOP ('', (#1516, #1572));
#1574 = FACE_BOUND ('', #1573, .T.);
#1575 = CARTESIAN_POINT ('', (107.5, 93.5000000000001, -5.));
#1576 = VERTEX_POINT ('', #1575);
#1577 = CARTESIAN_POINT ('', (107.5, 81.5000000000001, -5.));
#1578 = VERTEX_POINT ('', #1577);
#1579 = CARTESIAN_POINT ('', (107.5, 93.5000000000001, -5.));
#1580 = CARTESIAN_POINT ('', (107.26432768415, 93.5000178598917, -5.));
#1581 = CARTESIAN_POINT ('', (106.902012952886, 93.479108898895, -5.));
#1582 = CARTESIAN_POINT ('', (106.408713750077, 93.4039570838097, -5.));
#1583 = CARTESIAN_POINT ('', (106.03578696067, 93.3228439826348, -5.));
#1584 = CARTESIAN_POINT ('', (105.662258166542, 93.2161021952799, -5.));
#1585 = CARTESIAN_POINT ('', (105.290663790931, 93.0831431214423, -5.));
#1586 = CARTESIAN_POINT ('', (104.923677125508, 92.9237041571991, -5.));
#1587 = CARTESIAN_POINT ('', (104.564057766292, 92.7378808279505, -5.));
#1588 = CARTESIAN_POINT ('', (104.214591458532, 92.5261476186973, -5.));
#1589 = CARTESIAN_POINT ('', (103.878025277715, 92.2893671011324, -5.));
#1590 = CARTESIAN_POINT ('', (103.557000311999, 92.0287855679012, -5.));
#1591 = CARTESIAN_POINT ('', (103.253985283296, 91.7460147166735, -5.));
#1592 = CARTESIAN_POINT ('', (102.9712144321, 91.4429996881211, -5.));
#1593 = CARTESIAN_POINT ('', (102.710632898892, 91.1219747218373, -5.));
#1594 = CARTESIAN_POINT ('', (102.473852381204, 90.7854085431406, -5.));
#1595 = CARTESIAN_POINT ('', (102.262119172422, 90.4359422274659, -5.));
#1596 = CARTESIAN_POINT ('', (102.07629584141, 90.0763228977876, -5.));
#1597 = CARTESIAN_POINT ('', (101.916856883748, 89.7093361221285, -5.));
#1598 = CARTESIAN_POINT ('', (101.783897785349, 89.3377421579265, -5.));
#1599 = CARTESIAN_POINT ('', (101.677156089658, 88.9642118283989, -5.));
#1600 = CARTESIAN_POINT ('', (101.596042646391, 88.5912907691797, -5.));
#1601 = CARTESIAN_POINT ('', (101.539680061783, 88.2212949817203, -5.));
#1602 = CARTESIAN_POINT ('', (101.512403373586, 87.9173048620079, -5.));
#1603 = CARTESIAN_POINT ('', (101.501736384272, 87.6774021070355, -5.));
#1604 = CARTESIAN_POINT ('', (101.499131807864, 87.5000000000001, -5.));
#1605 = CARTESIAN_POINT ('', (101.501736384272, 87.3225978929647, -5.));
#1606 = CARTESIAN_POINT ('', (101.512403373586, 87.0826951379923, -5.));
#1607 = CARTESIAN_POINT ('', (101.539680061783, 86.7787050182799, -5.));
#1608 = CARTESIAN_POINT ('', (101.596042646391, 86.4087092308205, -5.));
#1609 = CARTESIAN_POINT ('', (101.677156089658, 86.0357881716013, -5.));
#1610 = CARTESIAN_POINT ('', (101.783897785349, 85.6622578420737, -5.));
#1611 = CARTESIAN_POINT ('', (101.916856883748, 85.2906638778717, -5.));
#1612 = CARTESIAN_POINT ('', (102.07629584141, 84.9236771022126, -5.));
#1613 = CARTESIAN_POINT ('', (102.262119172422, 84.5640577725343, -5.));
#1614 = CARTESIAN_POINT ('', (102.473852381203, 84.2145914568595, -5.));
#1615 = CARTESIAN_POINT ('', (102.710632898894, 83.8780252781631, -5.));
#1616 = CARTESIAN_POINT ('', (102.971214432092, 83.5570003118786, -5.));
#1617 = CARTESIAN_POINT ('', (103.253985283329, 83.2539852833286, -5.));
#1618 = CARTESIAN_POINT ('', (103.557000311879, 82.9712144320918, -5.));
#1619 = CARTESIAN_POINT ('', (103.878025278163, 82.7106328988945, -5.));
#1620 = CARTESIAN_POINT ('', (104.214591456859, 82.4738523812031, -5.));
#1621 = CARTESIAN_POINT ('', (104.564057772534, 82.2621191724223, -5.));
#1622 = CARTESIAN_POINT ('', (104.923677102212, 82.0762958414104, -5.));
#1623 = CARTESIAN_POINT ('', (105.290663877872, 81.9168568837483, -5.));
#1624 = CARTESIAN_POINT ('', (105.662257842074, 81.7838977853495, -5.));
#1625 = CARTESIAN_POINT ('', (106.035788171601, 81.6771560896581, -5.));
#1626 = CARTESIAN_POINT ('', (106.40870923082, 81.5960426463906, -5.));
#1627 = CARTESIAN_POINT ('', (106.77870501828, 81.5396800617834, -5.));
#1628 = CARTESIAN_POINT ('', (107.082695137992, 81.5124033735862, -5.));
#1629 = CARTESIAN_POINT ('', (107.322597892965, 81.5017363842717, -5.));
#1630 = CARTESIAN_POINT ('', (107.440865964322, 81.5000000000001, -5.));
#1631 = CARTESIAN_POINT ('', (107.5, 81.5000000000001, -5.));
#1632 = B_SPLINE_CURVE_WITH_KNOTS ('', 3, (#1579, #1580, #1581, #1582, #1583, #1584, #1585, #1586, #1587, #1588, #1589, #1590, #1591, #1592, #1593, #1594, #1595, #1596, #1597, #1598, #1599, #1600, #1601, #1602, #1603, #1604, #1605, #1606, #1607, #1608, #1609, #1610, #1611, #1612, #1613, #1614, #1615, #1616, #1617, #1618, #1619, #1620, #1621, #1622, #1623, #1624, #1625, #1626, #1627, #1628, #1629, #1630, #1631), .UNSPECIFIED., .F., .U., (4, 1, 1, 1, 1, 1, 1, 1, 1, 1, 1, 1, 1, 1, 1, 1, 1, 1, 1, 1, 1, 1, 1, 1, 1, 1, 1, 1, 1, 1, 1, 1, 1, 1, 1, 1, 1, 1, 1, 1, 1, 1, 1, 1, 1, 1, 1, 1, 1, 1, 4), (0., 0.0208333333333333, 0.0312499999999998, 0.0416666666666668, 0.0520833333333338, 0.0625000000000002, 0.0729166666666662, 0.0833333333333337, 0.0937500000000002, 0.104166666666667, 0.114583333333334, 0.125, 0.135416666666667, 0.145833333333333, 0.156250000000001, 0.166666666666667, 0.177083333333333, 0.1875, 0.197916666666667, 0.208333333333333, 0.21875, 0.229166666666667, 0.239583333333333, 0.244791666666667, 0.25, 0.255208333333334, 0.260416666666666, 0.270833333333334, 0.28125, 0.291666666666667, 0.302083333333334, 0.3125, 0.322916666666667, 0.333333333333334, 0.34375, 0.354166666666667, 0.364583333333334, 0.375000000000001, 0.385416666666667, 0.395833333333334, 0.40625, 0.416666666666667, 0.427083333333334, 0.437500000000001, 0.447916666666667, 0.458333333333334, 0.468750000000001, 0.479166666666667, 0.489583333333334, 0.494791666666667, 0.5), .UNSPECIFIED.);
#1633 = EDGE_CURVE ('', #1576, #1578, #1632, .T.);
#1634 = ORIENTED_EDGE ('', *, *, #1633, .T.);
#1635 = CARTESIAN_POINT ('', (107.5, 81.5000000000001, -5.));
#1636 = CARTESIAN_POINT ('', (107.559134035678, 81.5000000000001, -5.));
#1637 = CARTESIAN_POINT ('', (107.677402107035, 81.5017363842717, -5.));
#1638 = CARTESIAN_POINT ('', (107.917304862008, 81.5124033735862, -5.));
#1639 = CARTESIAN_POINT ('', (108.22129498172, 81.5396800617833, -5.));
#1640 = CARTESIAN_POINT ('', (108.59129076918, 81.5960426463907, -5.));
#1641 = CARTESIAN_POINT ('', (108.964211828399, 81.6771560896581, -5.));
#1642 = CARTESIAN_POINT ('', (109.337742157926, 81.7838977853495, -5.));
#1643 = CARTESIAN_POINT ('', (109.709336122128, 81.9168568837483, -5.));
#1644 = CARTESIAN_POINT ('', (110.076322897788, 82.0762958414104, -5.));
#1645 = CARTESIAN_POINT ('', (110.435942227466, 82.2621191724224, -5.));
#1646 = CARTESIAN_POINT ('', (110.785408543141, 82.4738523812031, -5.));
#1647 = CARTESIAN_POINT ('', (111.121974721837, 82.7106328988945, -5.));
#1648 = CARTESIAN_POINT ('', (111.442999688121, 82.9712144320919, -5.));
#1649 = CARTESIAN_POINT ('', (111.746014716671, 83.2539852833285, -5.));
#1650 = CARTESIAN_POINT ('', (112.028785567908, 83.5570003118787, -5.));
#1651 = CARTESIAN_POINT ('', (112.289367101106, 83.878025278163, -5.));
#1652 = CARTESIAN_POINT ('', (112.526147618797, 84.2145914568596, -5.));
#1653 = CARTESIAN_POINT ('', (112.737880827578, 84.5640577725343, -5.));
#1654 = CARTESIAN_POINT ('', (112.92370415859, 84.9236771022126, -5.));
#1655 = CARTESIAN_POINT ('', (113.083143116252, 85.2906638778717, -5.));
#1656 = CARTESIAN_POINT ('', (113.216102214651, 85.6622578420737, -5.));
#1657 = CARTESIAN_POINT ('', (113.322843910342, 86.0357881716013, -5.));
#1658 = CARTESIAN_POINT ('', (113.403957353609, 86.4087092308206, -5.));
#1659 = CARTESIAN_POINT ('', (113.460319938217, 86.7787050182799, -5.));
#1660 = CARTESIAN_POINT ('', (113.487596626414, 87.0826951379923, -5.));
#1661 = CARTESIAN_POINT ('', (113.498263615728, 87.3225978929647, -5.));
#1662 = CARTESIAN_POINT ('', (113.500868192136, 87.5000000000001, -5.));
#1663 = CARTESIAN_POINT ('', (113.498263615728, 87.6774021070355, -5.));
#1664 = CARTESIAN_POINT ('', (113.487596626414, 87.9173048620079, -5.));
#1665 = CARTESIAN_POINT ('', (113.460319938217, 88.2212949817203, -5.));
#1666 = CARTESIAN_POINT ('', (113.40395735361, 88.5912907691797, -5.));
#1667 = CARTESIAN_POINT ('', (113.322843910342, 88.9642118283989, -5.));
#1668 = CARTESIAN_POINT ('', (113.216102214651, 89.3377421579265, -5.));
#1669 = CARTESIAN_POINT ('', (113.083143116252, 89.7093361221284, -5.));
#1670 = CARTESIAN_POINT ('', (112.92370415859, 90.0763228977877, -5.));
#1671 = CARTESIAN_POINT ('', (112.737880827578, 90.4359422274659, -5.));
#1672 = CARTESIAN_POINT ('', (112.526147618796, 90.7854085431407, -5.));
#1673 = CARTESIAN_POINT ('', (112.289367101108, 91.1219747218374, -5.));
#1674 = CARTESIAN_POINT ('', (112.0287855679, 91.442999688121, -5.));
#1675 = CARTESIAN_POINT ('', (111.746014716704, 91.7460147166736, -5.));
#1676 = CARTESIAN_POINT ('', (111.442999688001, 92.0287855679012, -5.));
#1677 = CARTESIAN_POINT ('', (111.121974722285, 92.2893671011325, -5.));
#1678 = CARTESIAN_POINT ('', (110.785408541468, 92.5261476186973, -5.));
#1679 = CARTESIAN_POINT ('', (110.435942233708, 92.7378808279505, -5.));
#1680 = CARTESIAN_POINT ('', (110.076322874492, 92.9237041571991, -5.));
#1681 = CARTESIAN_POINT ('', (109.709336209069, 93.0831431214422, -5.));
#1682 = CARTESIAN_POINT ('', (109.337741833458, 93.2161021952799, -5.));
#1683 = CARTESIAN_POINT ('', (108.96421303933, 93.3228439826347, -5.));
#1684 = CARTESIAN_POINT ('', (108.591286249923, 93.4039570838097, -5.));
#1685 = CARTESIAN_POINT ('', (108.097987047114, 93.479108898895, -5.));
#1686 = CARTESIAN_POINT ('', (107.73567231585, 93.5000178598918, -5.));
#1687 = CARTESIAN_POINT ('', (107.5, 93.5000000000001, -5.));
#1688 = B_SPLINE_CURVE_WITH_KNOTS ('', 3, (#1635, #1636, #1637, #1638, #1639, #1640, #1641, #1642, #1643, #1644, #1645, #1646, #1647, #1648, #1649, #1650, #1651, #1652, #1653, #1654, #1655, #1656, #1657, #1658, #1659, #1660, #1661, #1662, #1663, #1664, #1665, #1666, #1667, #1668, #1669, #1670, #1671, #1672, #1673, #1674, #1675, #1676, #1677, #1678, #1679, #1680, #1681, #1682, #1683, #1684, #1685, #1686, #1687), .UNSPECIFIED., .F., .U., (4, 1, 1, 1, 1, 1, 1, 1, 1, 1, 1, 1, 1, 1, 1, 1, 1, 1, 1, 1, 1, 1, 1, 1, 1, 1, 1, 1, 1, 1, 1, 1, 1, 1, 1, 1, 1, 1, 1, 1, 1, 1, 1, 1, 1, 1, 1, 1, 1, 1, 4), (0.5, 0.505208333333334, 0.510416666666668, 0.520833333333334, 0.531250000000001, 0.541666666666668, 0.552083333333333, 0.5625, 0.572916666666667, 0.583333333333333, 0.593750000000001, 0.604166666666667, 0.614583333333334, 0.625000000000001, 0.635416666666667, 0.645833333333333, 0.65625, 0.666666666666667, 0.677083333333334, 0.6875, 0.697916666666666, 0.708333333333334, 0.71875, 0.729166666666667, 0.739583333333333, 0.744791666666666, 0.75, 0.755208333333333, 0.760416666666667, 0.770833333333333, 0.781249999999999, 0.791666666666666, 0.802083333333333, 0.8125, 0.822916666666666, 0.833333333333333, 0.84375, 0.854166666666666, 0.864583333333333, 0.875, 0.885416666666667, 0.895833333333333, 0.906249999999999, 0.916666666666666, 0.927083333333333, 0.9375, 0.947916666666666, 0.958333333333333, 0.96875, 0.979166666666667, 1.), .UNSPECIFIED.);
#1689 = EDGE_CURVE ('', #1578, #1576, #1688, .T.);
#1690 = ORIENTED_EDGE ('', *, *, #1689, .T.);
#1691 = EDGE_LOOP ('', (#1634, #1690));
#1692 = FACE_BOUND ('', #1691, .T.);
#1693 = CARTESIAN_POINT ('', (122.5, 17.0000000000001, -5.));
#1694 = VERTEX_POINT ('', #1693);
#1695 = CARTESIAN_POINT ('', (122.5, 5.00000000000011, -5.));
#1696 = VERTEX_POINT ('', #1695);
#1697 = CARTESIAN_POINT ('', (122.5, 17.0000000000001, -5.));
#1698 = CARTESIAN_POINT ('', (122.26432768415, 17.0000178598918, -5.));
#1699 = CARTESIAN_POINT ('', (121.902012952886, 16.979108898895, -5.));
#1700 = CARTESIAN_POINT ('', (121.408713750077, 16.9039570838097, -5.));
#1701 = CARTESIAN_POINT ('', (121.03578696067, 16.8228439826348, -5.));
#1702 = CARTESIAN_POINT ('', (120.662258166542, 16.71610219528, -5.));
#1703 = CARTESIAN_POINT ('', (120.290663790931, 16.5831431214423, -5.));
#1704 = CARTESIAN_POINT ('', (119.923677125508, 16.4237041571991, -5.));
#1705 = CARTESIAN_POINT ('', (119.564057766292, 16.2378808279505, -5.));
#1706 = CARTESIAN_POINT ('', (119.214591458532, 16.0261476186973, -5.));
#1707 = CARTESIAN_POINT ('', (118.878025277715, 15.7893671011325, -5.));
#1708 = CARTESIAN_POINT ('', (118.557000311999, 15.5287855679012, -5.));
#1709 = CARTESIAN_POINT ('', (118.253985283296, 15.2460147166735, -5.));
#1710 = CARTESIAN_POINT ('', (117.9712144321, 14.9429996881211, -5.));
#1711 = CARTESIAN_POINT ('', (117.710632898892, 14.6219747218373, -5.));
#1712 = CARTESIAN_POINT ('', (117.473852381204, 14.2854085431406, -5.));
#1713 = CARTESIAN_POINT ('', (117.262119172422, 13.9359422274659, -5.));
#1714 = CARTESIAN_POINT ('', (117.07629584141, 13.5763228977876, -5.));
#1715 = CARTESIAN_POINT ('', (116.916856883748, 13.2093361221285, -5.));
#1716 = CARTESIAN_POINT ('', (116.783897785349, 12.8377421579266, -5.));
#1717 = CARTESIAN_POINT ('', (116.677156089658, 12.4642118283989, -5.));
#1718 = CARTESIAN_POINT ('', (116.59604264639, 12.0912907691797, -5.));
#1719 = CARTESIAN_POINT ('', (116.539680061783, 11.7212949817203, -5.));
#1720 = CARTESIAN_POINT ('', (116.512403373586, 11.4173048620079, -5.));
#1721 = CARTESIAN_POINT ('', (116.501736384272, 11.1774021070355, -5.));
#1722 = CARTESIAN_POINT ('', (116.499131807864, 11.0000000000001, -5.));
#1723 = CARTESIAN_POINT ('', (116.501736384272, 10.8225978929647, -5.));
#1724 = CARTESIAN_POINT ('', (116.512403373586, 10.5826951379923, -5.));
#1725 = CARTESIAN_POINT ('', (116.539680061783, 10.2787050182799, -5.));
#1726 = CARTESIAN_POINT ('', (116.596042646391, 9.90870923082057, -5.));
#1727 = CARTESIAN_POINT ('', (116.677156089658, 9.53578817160132, -5.));
#1728 = CARTESIAN_POINT ('', (116.783897785349, 9.16225784207366, -5.));
#1729 = CARTESIAN_POINT ('', (116.916856883748, 8.79066387787176, -5.));
#1730 = CARTESIAN_POINT ('', (117.07629584141, 8.42367710221258, -5.));
#1731 = CARTESIAN_POINT ('', (117.262119172422, 8.06405777253432, -5.));
#1732 = CARTESIAN_POINT ('', (117.473852381203, 7.71459145685956, -5.));
#1733 = CARTESIAN_POINT ('', (117.710632898894, 7.37802527816304, -5.));
#1734 = CARTESIAN_POINT ('', (117.971214432092, 7.05700031187863, -5.));
#1735 = CARTESIAN_POINT ('', (118.253985283328, 6.75398528332863, -5.));
#1736 = CARTESIAN_POINT ('', (118.557000311879, 6.47121443209184, -5.));
#1737 = CARTESIAN_POINT ('', (118.878025278163, 6.2106328988945, -5.));
#1738 = CARTESIAN_POINT ('', (119.214591456859, 5.9738523812031, -5.));
#1739 = CARTESIAN_POINT ('', (119.564057772534, 5.76211917242235, -5.));
#1740 = CARTESIAN_POINT ('', (119.923677102212, 5.57629584141038, -5.));
#1741 = CARTESIAN_POINT ('', (120.290663877872, 5.41685688374833, -5.));
#1742 = CARTESIAN_POINT ('', (120.662257842074, 5.28389778534951, -5.));
#1743 = CARTESIAN_POINT ('', (121.035788171601, 5.17715608965812, -5.));
#1744 = CARTESIAN_POINT ('', (121.40870923082, 5.09604264639064, -5.));
#1745 = CARTESIAN_POINT ('', (121.77870501828, 5.03968006178333, -5.));
#1746 = CARTESIAN_POINT ('', (122.082695137992, 5.0124033735862, -5.));
#1747 = CARTESIAN_POINT ('', (122.322597892965, 5.00173638427171, -5.));
#1748 = CARTESIAN_POINT ('', (122.440865964322, 5.00000000000011, -5.));
#1749 = CARTESIAN_POINT ('', (122.5, 5.00000000000011, -5.));
#1750 = B_SPLINE_CURVE_WITH_KNOTS ('', 3, (#1697, #1698, #1699, #1700, #1701, #1702, #1703, #1704, #1705, #1706, #1707, #1708, #1709, #1710, #1711, #1712, #1713, #1714, #1715, #1716, #1717, #1718, #1719, #1720, #1721, #1722, #1723, #1724, #1725, #1726, #1727, #1728, #1729, #1730, #1731, #1732, #1733, #1734, #1735, #1736, #1737, #1738, #1739, #1740, #1741, #1742, #1743, #1744, #1745, #1746, #1747, #1748, #1749), .UNSPECIFIED., .F., .U., (4, 1, 1, 1, 1, 1, 1, 1, 1, 1, 1, 1, 1, 1, 1, 1, 1, 1, 1, 1, 1, 1, 1, 1, 1, 1, 1, 1, 1, 1, 1, 1, 1, 1, 1, 1, 1, 1, 1, 1, 1, 1, 1, 1, 1, 1, 1, 1, 1, 1, 4), (0., 0.0208333333333331, 0.0312500000000002, 0.0416666666666664, 0.0520833333333333, 0.0625000000000001, 0.0729166666666668, 0.0833333333333333, 0.0937499999999996, 0.104166666666667, 0.114583333333334, 0.125, 0.135416666666666, 0.145833333333333, 0.15625, 0.166666666666667, 0.177083333333333, 0.1875, 0.197916666666667, 0.208333333333333, 0.21875, 0.229166666666667, 0.239583333333333, 0.244791666666667, 0.25, 0.255208333333333, 0.260416666666667, 0.270833333333333, 0.28125, 0.291666666666666, 0.302083333333333, 0.3125, 0.322916666666666, 0.333333333333333, 0.34375, 0.354166666666666, 0.364583333333333, 0.375, 0.385416666666666, 0.395833333333333, 0.40625, 0.416666666666666, 0.427083333333333, 0.437499999999999, 0.447916666666666, 0.458333333333333, 0.468749999999999, 0.479166666666666, 0.489583333333333, 0.494791666666666, 0.5), .UNSPECIFIED.);
#1751 = EDGE_CURVE ('', #1694, #1696, #1750, .T.);
#1752 = ORIENTED_EDGE ('', *, *, #1751, .T.);
#1753 = CARTESIAN_POINT ('', (122.5, 5.00000000000011, -5.));
#1754 = CARTESIAN_POINT ('', (122.559134035678, 5.00000000000011, -5.));
#1755 = CARTESIAN_POINT ('', (122.677402107035, 5.00173638427171, -5.));
#1756 = CARTESIAN_POINT ('', (122.917304862008, 5.0124033735862, -5.));
#1757 = CARTESIAN_POINT ('', (123.22129498172, 5.03968006178333, -5.));
#1758 = CARTESIAN_POINT ('', (123.59129076918, 5.09604264639064, -5.));
#1759 = CARTESIAN_POINT ('', (123.964211828399, 5.17715608965812, -5.));
#1760 = CARTESIAN_POINT ('', (124.337742157926, 5.28389778534951, -5.));
#1761 = CARTESIAN_POINT ('', (124.709336122128, 5.41685688374832, -5.));
#1762 = CARTESIAN_POINT ('', (125.076322897788, 5.57629584141038, -5.));
#1763 = CARTESIAN_POINT ('', (125.435942227466, 5.76211917242235, -5.));
#1764 = CARTESIAN_POINT ('', (125.785408543141, 5.9738523812031, -5.));
#1765 = CARTESIAN_POINT ('', (126.121974721837, 6.2106328988945, -5.));
#1766 = CARTESIAN_POINT ('', (126.442999688121, 6.47121443209185, -5.));
#1767 = CARTESIAN_POINT ('', (126.746014716672, 6.75398528332862, -5.));
#1768 = CARTESIAN_POINT ('', (127.028785567908, 7.05700031187865, -5.));
#1769 = CARTESIAN_POINT ('', (127.289367101106, 7.37802527816303, -5.));
#1770 = CARTESIAN_POINT ('', (127.526147618797, 7.71459145685956, -5.));
#1771 = CARTESIAN_POINT ('', (127.737880827578, 8.06405777253432, -5.));
#1772 = CARTESIAN_POINT ('', (127.92370415859, 8.42367710221258, -5.));
#1773 = CARTESIAN_POINT ('', (128.083143116252, 8.79066387787175, -5.));
#1774 = CARTESIAN_POINT ('', (128.216102214651, 9.16225784207368, -5.));
#1775 = CARTESIAN_POINT ('', (128.322843910342, 9.53578817160131, -5.));
#1776 = CARTESIAN_POINT ('', (128.40395735361, 9.90870923082057, -5.));
#1777 = CARTESIAN_POINT ('', (128.460319938217, 10.2787050182799, -5.));
#1778 = CARTESIAN_POINT ('', (128.487596626414, 10.5826951379923, -5.));
#1779 = CARTESIAN_POINT ('', (128.498263615728, 10.8225978929647, -5.));
#1780 = CARTESIAN_POINT ('', (128.500868192136, 11.0000000000001, -5.));
#1781 = CARTESIAN_POINT ('', (128.498263615728, 11.1774021070355, -5.));
#1782 = CARTESIAN_POINT ('', (128.487596626414, 11.4173048620079, -5.));
#1783 = CARTESIAN_POINT ('', (128.460319938217, 11.7212949817203, -5.));
#1784 = CARTESIAN_POINT ('', (128.403957353609, 12.0912907691797, -5.));
#1785 = CARTESIAN_POINT ('', (128.322843910342, 12.4642118283989, -5.));
#1786 = CARTESIAN_POINT ('', (128.216102214651, 12.8377421579265, -5.));
#1787 = CARTESIAN_POINT ('', (128.083143116252, 13.2093361221285, -5.));
#1788 = CARTESIAN_POINT ('', (127.92370415859, 13.5763228977876, -5.));
#1789 = CARTESIAN_POINT ('', (127.737880827578, 13.9359422274659, -5.));
#1790 = CARTESIAN_POINT ('', (127.526147618796, 14.2854085431406, -5.));
#1791 = CARTESIAN_POINT ('', (127.289367101108, 14.6219747218373, -5.));
#1792 = CARTESIAN_POINT ('', (127.0287855679, 14.9429996881211, -5.));
#1793 = CARTESIAN_POINT ('', (126.746014716704, 15.2460147166735, -5.));
#1794 = CARTESIAN_POINT ('', (126.442999688001, 15.5287855679012, -5.));
#1795 = CARTESIAN_POINT ('', (126.121974722285, 15.7893671011325, -5.));
#1796 = CARTESIAN_POINT ('', (125.785408541468, 16.0261476186973, -5.));
#1797 = CARTESIAN_POINT ('', (125.435942233708, 16.2378808279506, -5.));
#1798 = CARTESIAN_POINT ('', (125.076322874492, 16.4237041571991, -5.));
#1799 = CARTESIAN_POINT ('', (124.709336209069, 16.5831431214423, -5.));
#1800 = CARTESIAN_POINT ('', (124.337741833458, 16.7161021952799, -5.));
#1801 = CARTESIAN_POINT ('', (123.96421303933, 16.8228439826348, -5.));
#1802 = CARTESIAN_POINT ('', (123.591286249923, 16.9039570838097, -5.));
#1803 = CARTESIAN_POINT ('', (123.097987047114, 16.979108898895, -5.));
#1804 = CARTESIAN_POINT ('', (122.73567231585, 17.0000178598918, -5.));
#1805 = CARTESIAN_POINT ('', (122.5, 17.0000000000001, -5.));
#1806 = B_SPLINE_CURVE_WITH_KNOTS ('', 3, (#1753, #1754, #1755, #1756, #1757, #1758, #1759, #1760, #1761, #1762, #1763, #1764, #1765, #1766, #1767, #1768, #1769, #1770, #1771, #1772, #1773, #1774, #1775, #1776, #1777, #1778, #1779, #1780, #1781, #1782, #1783, #1784, #1785, #1786, #1787, #1788, #1789, #1790, #1791, #1792, #1793, #1794, #1795, #1796, #1797, #1798, #1799, #1800, #1801, #1802, #1803, #1804, #1805), .UNSPECIFIED., .F., .U., (4, 1, 1, 1, 1, 1, 1, 1, 1, 1, 1, 1, 1, 1, 1, 1, 1, 1, 1, 1, 1, 1, 1, 1, 1, 1, 1, 1, 1, 1, 1, 1, 1, 1, 1, 1, 1, 1, 1, 1, 1, 1, 1, 1, 1, 1, 1, 1, 1, 1, 4), (0.5, 0.505208333333333, 0.510416666666666, 0.520833333333332, 0.531249999999999, 0.541666666666666, 0.552083333333332, 0.562499999999999, 0.572916666666666, 0.583333333333332, 0.59375, 0.604166666666667, 0.614583333333333, 0.625, 0.635416666666667, 0.645833333333333, 0.65625, 0.666666666666666, 0.677083333333333, 0.6875, 0.697916666666667, 0.708333333333333, 0.71875, 0.729166666666666, 0.739583333333333, 0.744791666666667, 0.75, 0.755208333333333, 0.760416666666667, 0.770833333333333, 0.78125, 0.791666666666667, 0.802083333333334, 0.8125, 0.822916666666667, 0.833333333333334, 0.84375, 0.854166666666667, 0.864583333333333, 0.875, 0.885416666666667, 0.895833333333333, 0.90625, 0.916666666666666, 0.927083333333334, 0.9375, 0.947916666666667, 0.958333333333333, 0.96875, 0.979166666666667, 1.), .UNSPECIFIED.);
#1807 = EDGE_CURVE ('', #1696, #1694, #1806, .T.);
#1808 = ORIENTED_EDGE ('', *, *, #1807, .T.);
#1809 = EDGE_LOOP ('', (#1752, #1808));
#1810 = FACE_BOUND ('', #1809, .T.);
#1811 = CARTESIAN_POINT ('', (12.5, 98., -5.));
#1812 = VERTEX_POINT ('', #1811);
#1813 = CARTESIAN_POINT ('', (9.5, 98., -5.));
#1814 = VERTEX_POINT ('', #1813);
#1815 = CARTESIAN_POINT ('', (12.5, 98., -5.));
#1816 = CARTESIAN_POINT ('', (12.5000025993651, 98.0589198954861, -5.));
#1817 = CARTESIAN_POINT ('', (12.4930404081306, 98.1796842064797, -5.));
#1818 = CARTESIAN_POINT ('', (12.4589269401275, 98.3659698176234, -5.));
#1819 = CARTESIAN_POINT ('', (12.3991106337662, 98.5529065832021, -5.));
#1820 = CARTESIAN_POINT ('', (12.3127252343694, 98.7352562356249, -5.));
#1821 = CARTESIAN_POINT ('', (12.2003322006806, 98.9074435619958, -5.));
#1822 = CARTESIAN_POINT ('', (12.06404636069, 99.0640462960447, -5.));
#1823 = CARTESIAN_POINT ('', (11.9074433872384, 99.2003322845043, -5.));
#1824 = CARTESIAN_POINT ('', (11.7352568700089, 99.3127249637198, -5.));
#1825 = CARTESIAN_POINT ('', (11.5529042204236, 99.3991116325408, -5.));
#1826 = CARTESIAN_POINT ('', (11.3971328986985, 99.4489546184892, -5.));
#1827 = CARTESIAN_POINT ('', (11.2728149683456, 99.4759887614147, -5.));
#1828 = CARTESIAN_POINT ('', (11.1803541822164, 99.4900801158696, -5.));
#1829 = CARTESIAN_POINT ('', (11.08901268632, 99.4982630427396, -5.));
#1830 = CARTESIAN_POINT ('', (11.0000000000002, 99.5008684786305, -5.));
#1831 = CARTESIAN_POINT ('', (10.9109873136793, 99.4982630427382, -5.));
#1832 = CARTESIAN_POINT ('', (10.8196458177859, 99.4900801158751, -5.));
#1833 = CARTESIAN_POINT ('', (10.7271850316455, 99.4759887613939, -5.));
#1834 = CARTESIAN_POINT ('', (10.6028671013484, 99.4489546186003, -5.));
#1835 = CARTESIAN_POINT ('', (10.4470957791982, 99.3991116316456, -5.));
#1836 = CARTESIAN_POINT ('', (10.2647431313717, 99.3127249669884, -5.));
#1837 = CARTESIAN_POINT ('', (10.0925566076171, 99.2003322723252, -5.));
#1838 = CARTESIAN_POINT ('', (9.9359536585073, 99.0640463414927, -5.));
#1839 = CARTESIAN_POINT ('', (9.7996677276748, 98.9074433923829, -5.));
#1840 = CARTESIAN_POINT ('', (9.68727503301158, 98.7352568686283, -5.));
#1841 = CARTESIAN_POINT ('', (9.60088836835446, 98.5529042208018, -5.));
#1842 = CARTESIAN_POINT ('', (9.55104538139967, 98.3971328986516, -5.));
#1843 = CARTESIAN_POINT ('', (9.52401123860617, 98.2728149683545, -5.));
#1844 = CARTESIAN_POINT ('', (9.50991988412485, 98.1803541822141, -5.));
#1845 = CARTESIAN_POINT ('', (9.50173695726193, 98.0890126863207, -5.));
#1846 = CARTESIAN_POINT ('', (9.5, 98.0296708954402, -5.));
#1847 = CARTESIAN_POINT ('', (9.5, 98., -5.));
#1848 = B_SPLINE_CURVE_WITH_KNOTS ('', 3, (#1815, #1816, #1817, #1818, #1819, #1820, #1821, #1822, #1823, #1824, #1825, #1826, #1827, #1828, #1829, #1830, #1831, #1832, #1833, #1834, #1835, #1836, #1837, #1838, #1839, #1840, #1841, #1842, #1843, #1844, #1845, #1846, #1847), .UNSPECIFIED., .F., .U., (4, 1, 1, 1, 1, 1, 1, 1, 1, 1, 1, 1, 1, 1, 1, 1, 1, 1, 1, 1, 1, 1, 1, 1, 1, 1, 1, 1, 1, 1, 4), (0., 0.0208333333333349, 0.0416666666666662, 0.0624999999999992, 0.0833333333333326, 0.104166666666666, 0.125, 0.145833333333333, 0.166666666666666, 0.1875, 0.208333333333333, 0.21875, 0.229166666666667, 0.239583333333333, 0.25, 0.260416666666667, 0.270833333333334, 0.281250000000001, 0.291666666666668, 0.312500000000002, 0.333333333333336, 0.354166666666668, 0.375000000000003, 0.395833333333337, 0.416666666666672, 0.437500000000006, 0.458333333333338, 0.468750000000007, 0.479166666666673, 0.48958333333334, 0.5), .UNSPECIFIED.);
#1849 = EDGE_CURVE ('', #1812, #1814, #1848, .T.);
#1850 = ORIENTED_EDGE ('', *, *, #1849, .T.);
#1851 = CARTESIAN_POINT ('', (9.5, 98., -5.));
#1852 = CARTESIAN_POINT ('', (9.5, 97.9703291045598, -5.));
#1853 = CARTESIAN_POINT ('', (9.50173695726193, 97.9109873136794, -5.));
#1854 = CARTESIAN_POINT ('', (9.50991988412485, 97.8196458177859, -5.));
#1855 = CARTESIAN_POINT ('', (9.52401123860617, 97.7271850316455, -5.));
#1856 = CARTESIAN_POINT ('', (9.5510453813997, 97.6028671013485, -5.));
#1857 = CARTESIAN_POINT ('', (9.60088836835444, 97.4470957791982, -5.));
#1858 = CARTESIAN_POINT ('', (9.68727503301157, 97.2647431313717, -5.));
#1859 = CARTESIAN_POINT ('', (9.79966772767481, 97.0925566076171, -5.));
#1860 = CARTESIAN_POINT ('', (9.93595365850729, 96.9359536585073, -5.));
#1861 = CARTESIAN_POINT ('', (10.0925566076171, 96.7996677276748, -5.));
#1862 = CARTESIAN_POINT ('', (10.2647431313717, 96.6872750330116, -5.));
#1863 = CARTESIAN_POINT ('', (10.4470957791982, 96.6008883683544, -5.));
#1864 = CARTESIAN_POINT ('', (10.6028671013484, 96.5510453813997, -5.));
#1865 = CARTESIAN_POINT ('', (10.7271850316455, 96.5240112386061, -5.));
#1866 = CARTESIAN_POINT ('', (10.8196458177859, 96.5099198841249, -5.));
#1867 = CARTESIAN_POINT ('', (10.9109873136793, 96.5017369572618, -5.));
#1868 = CARTESIAN_POINT ('', (11.0000000000002, 96.4991315213694, -5.));
#1869 = CARTESIAN_POINT ('', (11.08901268632, 96.5017369572604, -5.));
#1870 = CARTESIAN_POINT ('', (11.1803541822164, 96.5099198841305, -5.));
#1871 = CARTESIAN_POINT ('', (11.2728149683456, 96.5240112385852, -5.));
#1872 = CARTESIAN_POINT ('', (11.3971328986985, 96.5510453815108, -5.));
#1873 = CARTESIAN_POINT ('', (11.5529042204236, 96.6008883674592, -5.));
#1874 = CARTESIAN_POINT ('', (11.7352568700089, 96.6872750362801, -5.));
#1875 = CARTESIAN_POINT ('', (11.9074433872384, 96.7996677154957, -5.));
#1876 = CARTESIAN_POINT ('', (12.06404636069, 96.9359537039553, -5.));
#1877 = CARTESIAN_POINT ('', (12.2003322006806, 97.0925564380043, -5.));
#1878 = CARTESIAN_POINT ('', (12.3127252343694, 97.264743764375, -5.));
#1879 = CARTESIAN_POINT ('', (12.3991106337662, 97.4470934167979, -5.));
#1880 = CARTESIAN_POINT ('', (12.4589269401275, 97.6340301823766, -5.));
#1881 = CARTESIAN_POINT ('', (12.4930404081306, 97.8203157935203, -5.));
#1882 = CARTESIAN_POINT ('', (12.5000025993651, 97.9410801045139, -5.));
#1883 = CARTESIAN_POINT ('', (12.5, 98., -5.));
#1884 = B_SPLINE_CURVE_WITH_KNOTS ('', 3, (#1851, #1852, #1853, #1854, #1855, #1856, #1857, #1858, #1859, #1860, #1861, #1862, #1863, #1864, #1865, #1866, #1867, #1868, #1869, #1870, #1871, #1872, #1873, #1874, #1875, #1876, #1877, #1878, #1879, #1880, #1881, #1882, #1883), .UNSPECIFIED., .F., .U., (4, 1, 1, 1, 1, 1, 1, 1, 1, 1, 1, 1, 1, 1, 1, 1, 1, 1, 1, 1, 1, 1, 1, 1, 1, 1, 1, 1, 1, 1, 4), (0.5, 0.510416666666673, 0.52083333333334, 0.531250000000005, 0.54166666666667, 0.562500000000006, 0.583333333333337, 0.604166666666668, 0.625000000000003, 0.645833333333335, 0.666666666666668, 0.687500000000002, 0.708333333333334, 0.718750000000001, 0.729166666666667, 0.739583333333333, 0.75, 0.760416666666667, 0.770833333333333, 0.78125, 0.791666666666666, 0.812499999999999, 0.833333333333332, 0.854166666666667, 0.875, 0.895833333333332, 0.916666666666665, 0.937499999999999, 0.958333333333333, 0.979166666666666, 1.), .UNSPECIFIED.);
#1885 = EDGE_CURVE ('', #1814, #1812, #1884, .T.);
#1886 = ORIENTED_EDGE ('', *, *, #1885, .T.);
#1887 = EDGE_LOOP ('', (#1850, #1886));
#1888 = FACE_BOUND ('', #1887, .T.);
#1889 = CARTESIAN_POINT ('', (130.5, 98., -5.));
#1890 = VERTEX_POINT ('', #1889);
#1891 = CARTESIAN_POINT ('', (127.5, 98., -5.));
#1892 = VERTEX_POINT ('', #1891);
#1893 = CARTESIAN_POINT ('', (130.5, 98., -5.));
#1894 = CARTESIAN_POINT ('', (130.500002599365, 98.0589198954861, -5.));
#1895 = CARTESIAN_POINT ('', (130.493040408131, 98.1796842064797, -5.));
#1896 = CARTESIAN_POINT ('', (130.458926940128, 98.3659698176234, -5.));
#1897 = CARTESIAN_POINT ('', (130.399110633766, 98.5529065832021, -5.));
#1898 = CARTESIAN_POINT ('', (130.312725234369, 98.735256235625, -5.));
#1899 = CARTESIAN_POINT ('', (130.200332200681, 98.9074435619957, -5.));
#1900 = CARTESIAN_POINT ('', (130.06404636069, 99.0640462960447, -5.));
#1901 = CARTESIAN_POINT ('', (129.907443387238, 99.2003322845043, -5.));
#1902 = CARTESIAN_POINT ('', (129.735256870009, 99.3127249637198, -5.));
#1903 = CARTESIAN_POINT ('', (129.552904220424, 99.3991116325407, -5.));
#1904 = CARTESIAN_POINT ('', (129.397132898699, 99.4489546184892, -5.));
#1905 = CARTESIAN_POINT ('', (129.272814968346, 99.4759887614148, -5.));
#1906 = CARTESIAN_POINT ('', (129.180354182216, 99.4900801158695, -5.));
#1907 = CARTESIAN_POINT ('', (129.08901268632, 99.4982630427396, -5.));
#1908 = CARTESIAN_POINT ('', (129., 99.5008684786305, -5.));
#1909 = CARTESIAN_POINT ('', (128.910987313679, 99.4982630427382, -5.));
#1910 = CARTESIAN_POINT ('', (128.819645817786, 99.4900801158751, -5.));
#1911 = CARTESIAN_POINT ('', (128.727185031646, 99.4759887613939, -5.));
#1912 = CARTESIAN_POINT ('', (128.602867101348, 99.4489546186003, -5.));
#1913 = CARTESIAN_POINT ('', (128.447095779198, 99.3991116316456, -5.));
#1914 = CARTESIAN_POINT ('', (128.264743131372, 99.3127249669884, -5.));
#1915 = CARTESIAN_POINT ('', (128.092556607617, 99.2003322723252, -5.));
#1916 = CARTESIAN_POINT ('', (127.935953658507, 99.0640463414927, -5.));
#1917 = CARTESIAN_POINT ('', (127.799667727675, 98.9074433923829, -5.));
#1918 = CARTESIAN_POINT ('', (127.687275033012, 98.7352568686283, -5.));
#1919 = CARTESIAN_POINT ('', (127.600888368354, 98.5529042208018, -5.));
#1920 = CARTESIAN_POINT ('', (127.5510453814, 98.3971328986516, -5.));
#1921 = CARTESIAN_POINT ('', (127.524011238606, 98.2728149683545, -5.));
#1922 = CARTESIAN_POINT ('', (127.509919884125, 98.1803541822141, -5.));
#1923 = CARTESIAN_POINT ('', (127.501736957262, 98.0890126863207, -5.));
#1924 = CARTESIAN_POINT ('', (127.5, 98.0296708954402, -5.));
#1925 = CARTESIAN_POINT ('', (127.5, 98., -5.));
#1926 = B_SPLINE_CURVE_WITH_KNOTS ('', 3, (#1893, #1894, #1895, #1896, #1897, #1898, #1899, #1900, #1901, #1902, #1903, #1904, #1905, #1906, #1907, #1908, #1909, #1910, #1911, #1912, #1913, #1914, #1915, #1916, #1917, #1918, #1919, #1920, #1921, #1922, #1923, #1924, #1925), .UNSPECIFIED., .F., .U., (4, 1, 1, 1, 1, 1, 1, 1, 1, 1, 1, 1, 1, 1, 1, 1, 1, 1, 1, 1, 1, 1, 1, 1, 1, 1, 1, 1, 1, 1, 4), (0., 0.0208333333333351, 0.0416666666666666, 0.0624999999999997, 0.0833333333333339, 0.104166666666666, 0.125, 0.145833333333334, 0.166666666666667, 0.1875, 0.208333333333334, 0.218749999999999, 0.229166666666667, 0.239583333333333, 0.25, 0.260416666666667, 0.270833333333334, 0.281250000000001, 0.291666666666667, 0.312500000000002, 0.333333333333333, 0.354166666666664, 0.375, 0.395833333333333, 0.416666666666667, 0.437500000000001, 0.458333333333332, 0.468750000000001, 0.479166666666667, 0.489583333333334, 0.5), .UNSPECIFIED.);
#1927 = EDGE_CURVE ('', #1890, #1892, #1926, .T.);
#1928 = ORIENTED_EDGE ('', *, *, #1927, .T.);
#1929 = CARTESIAN_POINT ('', (127.5, 98., -5.));
#1930 = CARTESIAN_POINT ('', (127.5, 97.9703291045598, -5.));
#1931 = CARTESIAN_POINT ('', (127.501736957262, 97.9109873136793, -5.));
#1932 = CARTESIAN_POINT ('', (127.509919884125, 97.8196458177859, -5.));
#1933 = CARTESIAN_POINT ('', (127.524011238606, 97.7271850316455, -5.));
#1934 = CARTESIAN_POINT ('', (127.5510453814, 97.6028671013485, -5.));
#1935 = CARTESIAN_POINT ('', (127.600888368354, 97.4470957791982, -5.));
#1936 = CARTESIAN_POINT ('', (127.687275033012, 97.2647431313717, -5.));
#1937 = CARTESIAN_POINT ('', (127.799667727675, 97.0925566076171, -5.));
#1938 = CARTESIAN_POINT ('', (127.935953658507, 96.9359536585073, -5.));
#1939 = CARTESIAN_POINT ('', (128.092556607617, 96.7996677276748, -5.));
#1940 = CARTESIAN_POINT ('', (128.264743131372, 96.6872750330116, -5.));
#1941 = CARTESIAN_POINT ('', (128.447095779198, 96.6008883683544, -5.));
#1942 = CARTESIAN_POINT ('', (128.602867101348, 96.5510453813997, -5.));
#1943 = CARTESIAN_POINT ('', (128.727185031646, 96.5240112386062, -5.));
#1944 = CARTESIAN_POINT ('', (128.819645817786, 96.5099198841249, -5.));
#1945 = CARTESIAN_POINT ('', (128.910987313679, 96.5017369572618, -5.));
#1946 = CARTESIAN_POINT ('', (129., 96.4991315213695, -5.));
#1947 = CARTESIAN_POINT ('', (129.08901268632, 96.5017369572604, -5.));
#1948 = CARTESIAN_POINT ('', (129.180354182216, 96.5099198841305, -5.));
#1949 = CARTESIAN_POINT ('', (129.272814968346, 96.5240112385852, -5.));
#1950 = CARTESIAN_POINT ('', (129.397132898698, 96.5510453815108, -5.));
#1951 = CARTESIAN_POINT ('', (129.552904220424, 96.6008883674592, -5.));
#1952 = CARTESIAN_POINT ('', (129.735256870009, 96.6872750362802, -5.));
#1953 = CARTESIAN_POINT ('', (129.907443387238, 96.7996677154957, -5.));
#1954 = CARTESIAN_POINT ('', (130.06404636069, 96.9359537039553, -5.));
#1955 = CARTESIAN_POINT ('', (130.200332200681, 97.0925564380043, -5.));
#1956 = CARTESIAN_POINT ('', (130.312725234369, 97.264743764375, -5.));
#1957 = CARTESIAN_POINT ('', (130.399110633766, 97.4470934167979, -5.));
#1958 = CARTESIAN_POINT ('', (130.458926940128, 97.6340301823766, -5.));
#1959 = CARTESIAN_POINT ('', (130.493040408131, 97.8203157935203, -5.));
#1960 = CARTESIAN_POINT ('', (130.500002599365, 97.9410801045138, -5.));
#1961 = CARTESIAN_POINT ('', (130.5, 98., -5.));
#1962 = B_SPLINE_CURVE_WITH_KNOTS ('', 3, (#1929, #1930, #1931, #1932, #1933, #1934, #1935, #1936, #1937, #1938, #1939, #1940, #1941, #1942, #1943, #1944, #1945, #1946, #1947, #1948, #1949, #1950, #1951, #1952, #1953, #1954, #1955, #1956, #1957, #1958, #1959, #1960, #1961), .UNSPECIFIED., .F., .U., (4, 1, 1, 1, 1, 1, 1, 1, 1, 1, 1, 1, 1, 1, 1, 1, 1, 1, 1, 1, 1, 1, 1, 1, 1, 1, 1, 1, 1, 1, 4), (0.5, 0.510416666666666, 0.520833333333333, 0.531249999999999, 0.541666666666665, 0.5625, 0.583333333333333, 0.604166666666666, 0.624999999999999, 0.645833333333334, 0.666666666666667, 0.687499999999998, 0.708333333333333, 0.718749999999999, 0.729166666666666, 0.739583333333333, 0.75, 0.760416666666667, 0.770833333333334, 0.781250000000001, 0.791666666666667, 0.812499999999999, 0.83333333333333, 0.854166666666669, 0.875000000000001, 0.895833333333333, 0.916666666666666, 0.937499999999999, 0.958333333333333, 0.979166666666667, 1.), .UNSPECIFIED.);
#1963 = EDGE_CURVE ('', #1892, #1890, #1962, .T.);
#1964 = ORIENTED_EDGE ('', *, *, #1963, .T.);
#1965 = EDGE_LOOP ('', (#1928, #1964));
#1966 = FACE_BOUND ('', #1965, .T.);
#1967 = CARTESIAN_POINT ('', (12.5, 56., -5.));
#1968 = VERTEX_POINT ('', #1967);
#1969 = CARTESIAN_POINT ('', (9.5, 56., -5.));
#1970 = VERTEX_POINT ('', #1969);
#1971 = CARTESIAN_POINT ('', (12.5, 56., -5.));
#1972 = CARTESIAN_POINT ('', (12.5000025993651, 56.0589198954861, -5.));
#1973 = CARTESIAN_POINT ('', (12.4930404081306, 56.1796842064796, -5.));
#1974 = CARTESIAN_POINT ('', (12.4589269401275, 56.3659698176234, -5.));
#1975 = CARTESIAN_POINT ('', (12.3991106337662, 56.5529065832021, -5.));
#1976 = CARTESIAN_POINT ('', (12.3127252343694, 56.735256235625, -5.));
#1977 = CARTESIAN_POINT ('', (12.2003322006806, 56.9074435619957, -5.));
#1978 = CARTESIAN_POINT ('', (12.06404636069, 57.0640462960447, -5.));
#1979 = CARTESIAN_POINT ('', (11.9074433872384, 57.2003322845043, -5.));
#1980 = CARTESIAN_POINT ('', (11.735256870009, 57.3127249637198, -5.));
#1981 = CARTESIAN_POINT ('', (11.5529042204236, 57.3991116325408, -5.));
#1982 = CARTESIAN_POINT ('', (11.3971328986985, 57.4489546184892, -5.));
#1983 = CARTESIAN_POINT ('', (11.2728149683456, 57.4759887614147, -5.));
#1984 = CARTESIAN_POINT ('', (11.1803541822164, 57.4900801158695, -5.));
#1985 = CARTESIAN_POINT ('', (11.08901268632, 57.4982630427396, -5.));
#1986 = CARTESIAN_POINT ('', (11.0000000000002, 57.5008684786305, -5.));
#1987 = CARTESIAN_POINT ('', (10.9109873136793, 57.4982630427382, -5.));
#1988 = CARTESIAN_POINT ('', (10.8196458177859, 57.4900801158751, -5.));
#1989 = CARTESIAN_POINT ('', (10.7271850316455, 57.4759887613938, -5.));
#1990 = CARTESIAN_POINT ('', (10.6028671013484, 57.4489546186003, -5.));
#1991 = CARTESIAN_POINT ('', (10.4470957791982, 57.3991116316455, -5.));
#1992 = CARTESIAN_POINT ('', (10.2647431313717, 57.3127249669884, -5.));
#1993 = CARTESIAN_POINT ('', (10.0925566076171, 57.2003322723252, -5.));
#1994 = CARTESIAN_POINT ('', (9.93595365850729, 57.0640463414927, -5.));
#1995 = CARTESIAN_POINT ('', (9.7996677276748, 56.9074433923829, -5.));
#1996 = CARTESIAN_POINT ('', (9.68727503301157, 56.7352568686283, -5.));
#1997 = CARTESIAN_POINT ('', (9.60088836835446, 56.5529042208018, -5.));
#1998 = CARTESIAN_POINT ('', (9.55104538139968, 56.3971328986516, -5.));
#1999 = CARTESIAN_POINT ('', (9.52401123860617, 56.2728149683545, -5.));
#2000 = CARTESIAN_POINT ('', (9.50991988412485, 56.1803541822141, -5.));
#2001 = CARTESIAN_POINT ('', (9.50173695726193, 56.0890126863206, -5.));
#2002 = CARTESIAN_POINT ('', (9.5, 56.0296708954402, -5.));
#2003 = CARTESIAN_POINT ('', (9.5, 56., -5.));
#2004 = B_SPLINE_CURVE_WITH_KNOTS ('', 3, (#1971, #1972, #1973, #1974, #1975, #1976, #1977, #1978, #1979, #1980, #1981, #1982, #1983, #1984, #1985, #1986, #1987, #1988, #1989, #1990, #1991, #1992, #1993, #1994, #1995, #1996, #1997, #1998, #1999, #2000, #2001, #2002, #2003), .UNSPECIFIED., .F., .U., (4, 1, 1, 1, 1, 1, 1, 1, 1, 1, 1, 1, 1, 1, 1, 1, 1, 1, 1, 1, 1, 1, 1, 1, 1, 1, 1, 1, 1, 1, 4), (0., 0.0208333333333336, 0.0416666666666657, 0.0624999999999995, 0.083333333333333, 0.104166666666666, 0.125, 0.145833333333333, 0.166666666666667, 0.1875, 0.208333333333333, 0.21875, 0.229166666666667, 0.239583333333333, 0.25, 0.260416666666666, 0.270833333333333, 0.28125, 0.291666666666666, 0.312499999999999, 0.333333333333332, 0.354166666666665, 0.374999999999998, 0.395833333333331, 0.416666666666665, 0.437499999999998, 0.45833333333333, 0.468749999999998, 0.479166666666663, 0.48958333333333, 0.5), .UNSPECIFIED.);
#2005 = EDGE_CURVE ('', #1968, #1970, #2004, .T.);
#2006 = ORIENTED_EDGE ('', *, *, #2005, .T.);
#2007 = CARTESIAN_POINT ('', (9.5, 56., -5.));
#2008 = CARTESIAN_POINT ('', (9.5, 55.9703291045598, -5.));
#2009 = CARTESIAN_POINT ('', (9.50173695726193, 55.9109873136793, -5.));
#2010 = CARTESIAN_POINT ('', (9.50991988412486, 55.8196458177859, -5.));
#2011 = CARTESIAN_POINT ('', (9.52401123860617, 55.7271850316455, -5.));
#2012 = CARTESIAN_POINT ('', (9.55104538139969, 55.6028671013484, -5.));
#2013 = CARTESIAN_POINT ('', (9.60088836835445, 55.4470957791982, -5.));
#2014 = CARTESIAN_POINT ('', (9.68727503301156, 55.2647431313717, -5.));
#2015 = CARTESIAN_POINT ('', (9.79966772767481, 55.0925566076171, -5.));
#2016 = CARTESIAN_POINT ('', (9.93595365850729, 54.9359536585073, -5.));
#2017 = CARTESIAN_POINT ('', (10.0925566076171, 54.7996677276748, -5.));
#2018 = CARTESIAN_POINT ('', (10.2647431313717, 54.6872750330116, -5.));
#2019 = CARTESIAN_POINT ('', (10.4470957791982, 54.6008883683544, -5.));
#2020 = CARTESIAN_POINT ('', (10.6028671013485, 54.5510453813997, -5.));
#2021 = CARTESIAN_POINT ('', (10.7271850316455, 54.5240112386061, -5.));
#2022 = CARTESIAN_POINT ('', (10.8196458177859, 54.5099198841249, -5.));
#2023 = CARTESIAN_POINT ('', (10.9109873136793, 54.5017369572618, -5.));
#2024 = CARTESIAN_POINT ('', (11.0000000000002, 54.4991315213694, -5.));
#2025 = CARTESIAN_POINT ('', (11.08901268632, 54.5017369572604, -5.));
#2026 = CARTESIAN_POINT ('', (11.1803541822164, 54.5099198841304, -5.));
#2027 = CARTESIAN_POINT ('', (11.2728149683456, 54.5240112385852, -5.));
#2028 = CARTESIAN_POINT ('', (11.3971328986985, 54.5510453815108, -5.));
#2029 = CARTESIAN_POINT ('', (11.5529042204236, 54.6008883674592, -5.));
#2030 = CARTESIAN_POINT ('', (11.7352568700089, 54.6872750362802, -5.));
#2031 = CARTESIAN_POINT ('', (11.9074433872384, 54.7996677154957, -5.));
#2032 = CARTESIAN_POINT ('', (12.06404636069, 54.9359537039553, -5.));
#2033 = CARTESIAN_POINT ('', (12.2003322006806, 55.0925564380043, -5.));
#2034 = CARTESIAN_POINT ('', (12.3127252343694, 55.264743764375, -5.));
#2035 = CARTESIAN_POINT ('', (12.3991106337662, 55.4470934167979, -5.));
#2036 = CARTESIAN_POINT ('', (12.4589269401275, 55.6340301823766, -5.));
#2037 = CARTESIAN_POINT ('', (12.4930404081306, 55.8203157935203, -5.));
#2038 = CARTESIAN_POINT ('', (12.5000025993652, 55.9410801045139, -5.));
#2039 = CARTESIAN_POINT ('', (12.5, 56., -5.));
#2040 = B_SPLINE_CURVE_WITH_KNOTS ('', 3, (#2007, #2008, #2009, #2010, #2011, #2012, #2013, #2014, #2015, #2016, #2017, #2018, #2019, #2020, #2021, #2022, #2023, #2024, #2025, #2026, #2027, #2028, #2029, #2030, #2031, #2032, #2033, #2034, #2035, #2036, #2037, #2038, #2039), .UNSPECIFIED., .F., .U., (4, 1, 1, 1, 1, 1, 1, 1, 1, 1, 1, 1, 1, 1, 1, 1, 1, 1, 1, 1, 1, 1, 1, 1, 1, 1, 1, 1, 1, 1, 4), (0.5, 0.510416666666662, 0.52083333333333, 0.531249999999997, 0.541666666666664, 0.562499999999997, 0.583333333333331, 0.604166666666664, 0.624999999999998, 0.645833333333332, 0.666666666666665, 0.687499999999999, 0.708333333333332, 0.71875, 0.729166666666666, 0.739583333333333, 0.75, 0.760416666666667, 0.770833333333333, 0.78125, 0.791666666666667, 0.8125, 0.833333333333334, 0.854166666666668, 0.875000000000001, 0.895833333333334, 0.916666666666668, 0.9375, 0.958333333333334, 0.979166666666667, 1.), .UNSPECIFIED.);
#2041 = EDGE_CURVE ('', #1970, #1968, #2040, .T.);
#2042 = ORIENTED_EDGE ('', *, *, #2041, .T.);
#2043 = EDGE_LOOP ('', (#2006, #2042));
#2044 = FACE_BOUND ('', #2043, .T.);
#2045 = CARTESIAN_POINT ('', (12.5, 0.5, -5.));
#2046 = VERTEX_POINT ('', #2045);
#2047 = CARTESIAN_POINT ('', (9.5, 0.5, -5.));
#2048 = VERTEX_POINT ('', #2047);
#2049 = CARTESIAN_POINT ('', (12.5, 0.5, -5.));
#2050 = CARTESIAN_POINT ('', (12.5000025993651, 0.558919895486124, -5.));
#2051 = CARTESIAN_POINT ('', (12.4930404081306, 0.679684206479679, -5.));
#2052 = CARTESIAN_POINT ('', (12.4589269401275, 0.865969817623369, -5.));
#2053 = CARTESIAN_POINT ('', (12.3991106337662, 1.05290658320212, -5.));
#2054 = CARTESIAN_POINT ('', (12.3127252343694, 1.23525623562499, -5.));
#2055 = CARTESIAN_POINT ('', (12.2003322006806, 1.40744356199571, -5.));
#2056 = CARTESIAN_POINT ('', (12.06404636069, 1.56404629604471, -5.));
#2057 = CARTESIAN_POINT ('', (11.9074433872384, 1.70033228450434, -5.));
#2058 = CARTESIAN_POINT ('', (11.7352568700089, 1.81272496371983, -5.));
#2059 = CARTESIAN_POINT ('', (11.5529042204236, 1.89911163254078, -5.));
#2060 = CARTESIAN_POINT ('', (11.3971328986985, 1.94895461848921, -5.));
#2061 = CARTESIAN_POINT ('', (11.2728149683456, 1.97598876141475, -5.));
#2062 = CARTESIAN_POINT ('', (11.1803541822164, 1.99008011586954, -5.));
#2063 = CARTESIAN_POINT ('', (11.08901268632, 1.99826304273958, -5.));
#2064 = CARTESIAN_POINT ('', (11.0000000000002, 2.00086847863056, -5.));
#2065 = CARTESIAN_POINT ('', (10.9109873136793, 1.99826304273818, -5.));
#2066 = CARTESIAN_POINT ('', (10.8196458177859, 1.99008011587512, -5.));
#2067 = CARTESIAN_POINT ('', (10.7271850316455, 1.97598876139384, -5.));
#2068 = CARTESIAN_POINT ('', (10.6028671013484, 1.94895461860031, -5.));
#2069 = CARTESIAN_POINT ('', (10.4470957791982, 1.89911163164554, -5.));
#2070 = CARTESIAN_POINT ('', (10.2647431313717, 1.81272496698842, -5.));
#2071 = CARTESIAN_POINT ('', (10.0925566076171, 1.70033227232519, -5.));
#2072 = CARTESIAN_POINT ('', (9.93595365850729, 1.5640463414927, -5.));
#2073 = CARTESIAN_POINT ('', (9.7996677276748, 1.40744339238289, -5.));
#2074 = CARTESIAN_POINT ('', (9.68727503301157, 1.23525686862828, -5.));
#2075 = CARTESIAN_POINT ('', (9.60088836835445, 1.05290422080176, -5.));
#2076 = CARTESIAN_POINT ('', (9.55104538139969, 0.89713289865156, -5.));
#2077 = CARTESIAN_POINT ('', (9.52401123860617, 0.772814968354479, -5.));
#2078 = CARTESIAN_POINT ('', (9.50991988412485, 0.680354182214074, -5.));
#2079 = CARTESIAN_POINT ('', (9.50173695726193, 0.589012686320652, -5.));
#2080 = CARTESIAN_POINT ('', (9.5, 0.529670895440226, -5.));
#2081 = CARTESIAN_POINT ('', (9.5, 0.5, -5.));
#2082 = B_SPLINE_CURVE_WITH_KNOTS ('', 3, (#2049, #2050, #2051, #2052, #2053, #2054, #2055, #2056, #2057, #2058, #2059, #2060, #2061, #2062, #2063, #2064, #2065, #2066, #2067, #2068, #2069, #2070, #2071, #2072, #2073, #2074, #2075, #2076, #2077, #2078, #2079, #2080, #2081), .UNSPECIFIED., .F., .U., (4, 1, 1, 1, 1, 1, 1, 1, 1, 1, 1, 1, 1, 1, 1, 1, 1, 1, 1, 1, 1, 1, 1, 1, 1, 1, 1, 1, 1, 1, 4), (0., 0.0208333333333332, 0.0416666666666665, 0.0624999999999997, 0.083333333333333, 0.104166666666666, 0.125, 0.145833333333333, 0.166666666666666, 0.1875, 0.208333333333333, 0.21875, 0.229166666666667, 0.239583333333333, 0.25, 0.260416666666666, 0.270833333333333, 0.28125, 0.291666666666666, 0.3125, 0.333333333333333, 0.354166666666666, 0.374999999999999, 0.395833333333332, 0.416666666666666, 0.437499999999999, 0.458333333333332, 0.468749999999998, 0.479166666666665, 0.489583333333332, 0.5), .UNSPECIFIED.);
#2083 = EDGE_CURVE ('', #2046, #2048, #2082, .T.);
#2084 = ORIENTED_EDGE ('', *, *, #2083, .T.);
#2085 = CARTESIAN_POINT ('', (9.5, 0.5, -5.));
#2086 = CARTESIAN_POINT ('', (9.5, 0.470329104559784, -5.));
#2087 = CARTESIAN_POINT ('', (9.50173695726192, 0.410987313679325, -5.));
#2088 = CARTESIAN_POINT ('', (9.50991988412485, 0.31964581778593, -5.));
#2089 = CARTESIAN_POINT ('', (9.52401123860617, 0.227185031645518, -5.));
#2090 = CARTESIAN_POINT ('', (9.55104538139969, 0.102867101348443, -5.));
#2091 = CARTESIAN_POINT ('', (9.60088836835445, -0.0529042208017567, -5.));
#2092 = CARTESIAN_POINT ('', (9.68727503301157, -0.235256868628285, -5.));
#2093 = CARTESIAN_POINT ('', (9.7996677276748, -0.40744339238289, -5.));
#2094 = CARTESIAN_POINT ('', (9.93595365850729, -0.564046341492702, -5.));
#2095 = CARTESIAN_POINT ('', (10.0925566076171, -0.700332272325194, -5.));
#2096 = CARTESIAN_POINT ('', (10.2647431313717, -0.812724966988421, -5.));
#2097 = CARTESIAN_POINT ('', (10.4470957791982, -0.899111631645542, -5.));
#2098 = CARTESIAN_POINT ('', (10.6028671013484, -0.948954618600306, -5.));
#2099 = CARTESIAN_POINT ('', (10.7271850316455, -0.975988761393838, -5.));
#2100 = CARTESIAN_POINT ('', (10.8196458177859, -0.990080115875116, -5.));
#2101 = CARTESIAN_POINT ('', (10.9109873136793, -0.998263042738181, -5.));
#2102 = CARTESIAN_POINT ('', (11.0000000000002, -1.00086847863056, -5.));
#2103 = CARTESIAN_POINT ('', (11.08901268632, -0.998263042739576, -5.));
#2104 = CARTESIAN_POINT ('', (11.1803541822164, -0.990080115869538, -5.));
#2105 = CARTESIAN_POINT ('', (11.2728149683456, -0.975988761414755, -5.));
#2106 = CARTESIAN_POINT ('', (11.3971328986985, -0.948954618489215, -5.));
#2107 = CARTESIAN_POINT ('', (11.5529042204236, -0.89911163254078, -5.));
#2108 = CARTESIAN_POINT ('', (11.7352568700089, -0.812724963719825, -5.));
#2109 = CARTESIAN_POINT ('', (11.9074433872384, -0.700332284504342, -5.));
#2110 = CARTESIAN_POINT ('', (12.06404636069, -0.564046296044709, -5.));
#2111 = CARTESIAN_POINT ('', (12.2003322006806, -0.407443561995713, -5.));
#2112 = CARTESIAN_POINT ('', (12.3127252343694, -0.23525623562499, -5.));
#2113 = CARTESIAN_POINT ('', (12.3991106337662, -0.0529065832021171, -5.));
#2114 = CARTESIAN_POINT ('', (12.4589269401275, 0.13403018237663, -5.));
#2115 = CARTESIAN_POINT ('', (12.4930404081306, 0.320315793520319, -5.));
#2116 = CARTESIAN_POINT ('', (12.5000025993652, 0.441080104513878, -5.));
#2117 = CARTESIAN_POINT ('', (12.5, 0.5, -5.));
#2118 = B_SPLINE_CURVE_WITH_KNOTS ('', 3, (#2085, #2086, #2087, #2088, #2089, #2090, #2091, #2092, #2093, #2094, #2095, #2096, #2097, #2098, #2099, #2100, #2101, #2102, #2103, #2104, #2105, #2106, #2107, #2108, #2109, #2110, #2111, #2112, #2113, #2114, #2115, #2116, #2117), .UNSPECIFIED., .F., .U., (4, 1, 1, 1, 1, 1, 1, 1, 1, 1, 1, 1, 1, 1, 1, 1, 1, 1, 1, 1, 1, 1, 1, 1, 1, 1, 1, 1, 1, 1, 4), (0.5, 0.510416666666665, 0.520833333333331, 0.531249999999998, 0.541666666666665, 0.562499999999998, 0.583333333333331, 0.604166666666665, 0.624999999999999, 0.645833333333332, 0.666666666666666, 0.687499999999999, 0.708333333333333, 0.71875, 0.729166666666666, 0.739583333333333, 0.75, 0.760416666666667, 0.770833333333333, 0.78125, 0.791666666666667, 0.8125, 0.833333333333334, 0.854166666666667, 0.875000000000001, 0.895833333333334, 0.916666666666667, 0.937500000000001, 0.958333333333334, 0.979166666666667, 1.), .UNSPECIFIED.);
#2119 = EDGE_CURVE ('', #2048, #2046, #2118, .T.);
#2120 = ORIENTED_EDGE ('', *, *, #2119, .T.);
#2121 = EDGE_LOOP ('', (#2084, #2120));
#2122 = FACE_BOUND ('', #2121, .T.);
#2123 = CARTESIAN_POINT ('', (130.5, 0.5, -5.));
#2124 = VERTEX_POINT ('', #2123);
#2125 = CARTESIAN_POINT ('', (127.5, 0.5, -5.));
#2126 = VERTEX_POINT ('', #2125);
#2127 = CARTESIAN_POINT ('', (130.5, 0.5, -5.));
#2128 = CARTESIAN_POINT ('', (130.500002599365, 0.558919895486121, -5.));
#2129 = CARTESIAN_POINT ('', (130.493040408131, 0.679684206479681, -5.));
#2130 = CARTESIAN_POINT ('', (130.458926940128, 0.865969817623367, -5.));
#2131 = CARTESIAN_POINT ('', (130.399110633766, 1.05290658320212, -5.));
#2132 = CARTESIAN_POINT ('', (130.312725234369, 1.23525623562498, -5.));
#2133 = CARTESIAN_POINT ('', (130.200332200681, 1.40744356199572, -5.));
#2134 = CARTESIAN_POINT ('', (130.06404636069, 1.56404629604472, -5.));
#2135 = CARTESIAN_POINT ('', (129.907443387238, 1.70033228450433, -5.));
#2136 = CARTESIAN_POINT ('', (129.735256870009, 1.81272496371983, -5.));
#2137 = CARTESIAN_POINT ('', (129.552904220424, 1.89911163254078, -5.));
#2138 = CARTESIAN_POINT ('', (129.397132898698, 1.94895461848921, -5.));
#2139 = CARTESIAN_POINT ('', (129.272814968346, 1.97598876141476, -5.));
#2140 = CARTESIAN_POINT ('', (129.180354182216, 1.99008011586954, -5.));
#2141 = CARTESIAN_POINT ('', (129.08901268632, 1.99826304273958, -5.));
#2142 = CARTESIAN_POINT ('', (129., 2.00086847863056, -5.));
#2143 = CARTESIAN_POINT ('', (128.910987313679, 1.99826304273818, -5.));
#2144 = CARTESIAN_POINT ('', (128.819645817786, 1.99008011587512, -5.));
#2145 = CARTESIAN_POINT ('', (128.727185031646, 1.97598876139384, -5.));
#2146 = CARTESIAN_POINT ('', (128.602867101348, 1.9489546186003, -5.));
#2147 = CARTESIAN_POINT ('', (128.447095779198, 1.89911163164555, -5.));
#2148 = CARTESIAN_POINT ('', (128.264743131372, 1.81272496698841, -5.));
#2149 = CARTESIAN_POINT ('', (128.092556607617, 1.70033227232519, -5.));
#2150 = CARTESIAN_POINT ('', (127.935953658507, 1.56404634149271, -5.));
#2151 = CARTESIAN_POINT ('', (127.799667727675, 1.40744339238289, -5.));
#2152 = CARTESIAN_POINT ('', (127.687275033012, 1.23525686862828, -5.));
#2153 = CARTESIAN_POINT ('', (127.600888368354, 1.05290422080176, -5.));
#2154 = CARTESIAN_POINT ('', (127.5510453814, 0.897132898651561, -5.));
#2155 = CARTESIAN_POINT ('', (127.524011238606, 0.772814968354479, -5.));
#2156 = CARTESIAN_POINT ('', (127.509919884125, 0.680354182214079, -5.));
#2157 = CARTESIAN_POINT ('', (127.501736957262, 0.58901268632061, -5.));
#2158 = CARTESIAN_POINT ('', (127.5, 0.529670895440243, -5.));
#2159 = CARTESIAN_POINT ('', (127.5, 0.5, -5.));
#2160 = B_SPLINE_CURVE_WITH_KNOTS ('', 3, (#2127, #2128, #2129, #2130, #2131, #2132, #2133, #2134, #2135, #2136, #2137, #2138, #2139, #2140, #2141, #2142, #2143, #2144, #2145, #2146, #2147, #2148, #2149, #2150, #2151, #2152, #2153, #2154, #2155, #2156, #2157, #2158, #2159), .UNSPECIFIED., .F., .U., (4, 1, 1, 1, 1, 1, 1, 1, 1, 1, 1, 1, 1, 1, 1, 1, 1, 1, 1, 1, 1, 1, 1, 1, 1, 1, 1, 1, 1, 1, 4), (0., 0.0208333333333332, 0.0416666666666667, 0.0625, 0.0833333333333341, 0.104166666666666, 0.124999999999999, 0.145833333333334, 0.166666666666667, 0.1875, 0.208333333333334, 0.218749999999999, 0.229166666666666, 0.239583333333333, 0.25, 0.260416666666666, 0.270833333333333, 0.281249999999999, 0.291666666666665, 0.3125, 0.33333333333333, 0.354166666666662, 0.374999999999996, 0.395833333333328, 0.416666666666661, 0.437499999999994, 0.458333333333327, 0.468749999999993, 0.479166666666659, 0.489583333333326, 0.5), .UNSPECIFIED.);
#2161 = EDGE_CURVE ('', #2124, #2126, #2160, .T.);
#2162 = ORIENTED_EDGE ('', *, *, #2161, .T.);
#2163 = CARTESIAN_POINT ('', (127.5, 0.5, -5.));
#2164 = CARTESIAN_POINT ('', (127.5, 0.4703291045598, -5.));
#2165 = CARTESIAN_POINT ('', (127.501736957262, 0.410987313679284, -5.));
#2166 = CARTESIAN_POINT ('', (127.509919884125, 0.319645817785937, -5.));
#2167 = CARTESIAN_POINT ('', (127.524011238606, 0.227185031645518, -5.));
#2168 = CARTESIAN_POINT ('', (127.5510453814, 0.102867101348442, -5.));
#2169 = CARTESIAN_POINT ('', (127.600888368354, -0.0529042208017606, -5.));
#2170 = CARTESIAN_POINT ('', (127.687275033012, -0.235256868628284, -5.));
#2171 = CARTESIAN_POINT ('', (127.799667727675, -0.407443392382879, -5.));
#2172 = CARTESIAN_POINT ('', (127.935953658507, -0.564046341492717, -5.));
#2173 = CARTESIAN_POINT ('', (128.092556607617, -0.700332272325185, -5.));
#2174 = CARTESIAN_POINT ('', (128.264743131372, -0.812724966988414, -5.));
#2175 = CARTESIAN_POINT ('', (128.447095779198, -0.899111631645555, -5.));
#2176 = CARTESIAN_POINT ('', (128.602867101348, -0.948954618600301, -5.));
#2177 = CARTESIAN_POINT ('', (128.727185031646, -0.975988761393839, -5.));
#2178 = CARTESIAN_POINT ('', (128.819645817786, -0.990080115875115, -5.));
#2179 = CARTESIAN_POINT ('', (128.910987313679, -0.998263042738181, -5.));
#2180 = CARTESIAN_POINT ('', (129., -1.00086847863056, -5.));
#2181 = CARTESIAN_POINT ('', (129.08901268632, -0.998263042739576, -5.));
#2182 = CARTESIAN_POINT ('', (129.180354182216, -0.990080115869537, -5.));
#2183 = CARTESIAN_POINT ('', (129.272814968346, -0.975988761414756, -5.));
#2184 = CARTESIAN_POINT ('', (129.397132898699, -0.948954618489212, -5.));
#2185 = CARTESIAN_POINT ('', (129.552904220424, -0.89911163254079, -5.));
#2186 = CARTESIAN_POINT ('', (129.735256870009, -0.812724963719801, -5.));
#2187 = CARTESIAN_POINT ('', (129.907443387238, -0.700332284504363, -5.));
#2188 = CARTESIAN_POINT ('', (130.06404636069, -0.564046296044709, -5.));
#2189 = CARTESIAN_POINT ('', (130.200332200681, -0.407443561995707, -5.));
#2190 = CARTESIAN_POINT ('', (130.312725234369, -0.235256235624997, -5.));
#2191 = CARTESIAN_POINT ('', (130.399110633766, -0.0529065832021125, -5.));
#2192 = CARTESIAN_POINT ('', (130.458926940127, 0.134030182376629, -5.));
#2193 = CARTESIAN_POINT ('', (130.493040408131, 0.320315793520319, -5.));
#2194 = CARTESIAN_POINT ('', (130.500002599365, 0.441080104513879, -5.));
#2195 = CARTESIAN_POINT ('', (130.5, 0.5, -5.));
#2196 = B_SPLINE_CURVE_WITH_KNOTS ('', 3, (#2163, #2164, #2165, #2166, #2167, #2168, #2169, #2170, #2171, #2172, #2173, #2174, #2175, #2176, #2177, #2178, #2179, #2180, #2181, #2182, #2183, #2184, #2185, #2186, #2187, #2188, #2189, #2190, #2191, #2192, #2193, #2194, #2195), .UNSPECIFIED., .F., .U., (4, 1, 1, 1, 1, 1, 1, 1, 1, 1, 1, 1, 1, 1, 1, 1, 1, 1, 1, 1, 1, 1, 1, 1, 1, 1, 1, 1, 1, 1, 4), (0.5, 0.510416666666659, 0.520833333333326, 0.531249999999993, 0.54166666666666, 0.562499999999994, 0.583333333333328, 0.604166666666663, 0.624999999999995, 0.645833333333331, 0.666666666666665, 0.687499999999996, 0.708333333333332, 0.718749999999999, 0.729166666666666, 0.739583333333333, 0.75, 0.760416666666667, 0.770833333333334, 0.781250000000001, 0.791666666666667, 0.8125, 0.833333333333331, 0.85416666666667, 0.875000000000002, 0.895833333333335, 0.916666666666669, 0.937500000000001, 0.958333333333334, 0.979166666666667, 1.), .UNSPECIFIED.);
#2197 = EDGE_CURVE ('', #2126, #2124, #2196, .T.);
#2198 = ORIENTED_EDGE ('', *, *, #2197, .T.);
#2199 = EDGE_LOOP ('', (#2162, #2198));
#2200 = FACE_BOUND ('', #2199, .T.);
#2201 = CARTESIAN_POINT ('', (130.5, 56., -5.));
#2202 = VERTEX_POINT ('', #2201);
#2203 = CARTESIAN_POINT ('', (127.5, 56., -5.));
#2204 = VERTEX_POINT ('', #2203);
#2205 = CARTESIAN_POINT ('', (130.5, 56., -5.));
#2206 = CARTESIAN_POINT ('', (130.500002599365, 56.0589198954861, -5.));
#2207 = CARTESIAN_POINT ('', (130.493040408131, 56.1796842064797, -5.));
#2208 = CARTESIAN_POINT ('', (130.458926940127, 56.3659698176233, -5.));
#2209 = CARTESIAN_POINT ('', (130.399110633766, 56.5529065832021, -5.));
#2210 = CARTESIAN_POINT ('', (130.312725234369, 56.735256235625, -5.));
#2211 = CARTESIAN_POINT ('', (130.200332200681, 56.9074435619957, -5.));
#2212 = CARTESIAN_POINT ('', (130.06404636069, 57.0640462960447, -5.));
#2213 = CARTESIAN_POINT ('', (129.907443387238, 57.2003322845043, -5.));
#2214 = CARTESIAN_POINT ('', (129.735256870009, 57.3127249637198, -5.));
#2215 = CARTESIAN_POINT ('', (129.552904220424, 57.3991116325408, -5.));
#2216 = CARTESIAN_POINT ('', (129.397132898698, 57.4489546184892, -5.));
#2217 = CARTESIAN_POINT ('', (129.272814968346, 57.4759887614147, -5.));
#2218 = CARTESIAN_POINT ('', (129.180354182216, 57.4900801158695, -5.));
#2219 = CARTESIAN_POINT ('', (129.08901268632, 57.4982630427395, -5.));
#2220 = CARTESIAN_POINT ('', (129., 57.5008684786306, -5.));
#2221 = CARTESIAN_POINT ('', (128.910987313679, 57.4982630427382, -5.));
#2222 = CARTESIAN_POINT ('', (128.819645817786, 57.4900801158751, -5.));
#2223 = CARTESIAN_POINT ('', (128.727185031646, 57.4759887613938, -5.));
#2224 = CARTESIAN_POINT ('', (128.602867101348, 57.4489546186003, -5.));
#2225 = CARTESIAN_POINT ('', (128.447095779198, 57.3991116316455, -5.));
#2226 = CARTESIAN_POINT ('', (128.264743131372, 57.3127249669884, -5.));
#2227 = CARTESIAN_POINT ('', (128.092556607617, 57.2003322723252, -5.));
#2228 = CARTESIAN_POINT ('', (127.935953658507, 57.0640463414927, -5.));
#2229 = CARTESIAN_POINT ('', (127.799667727675, 56.9074433923829, -5.));
#2230 = CARTESIAN_POINT ('', (127.687275033012, 56.7352568686283, -5.));
#2231 = CARTESIAN_POINT ('', (127.600888368354, 56.5529042208017, -5.));
#2232 = CARTESIAN_POINT ('', (127.5510453814, 56.3971328986516, -5.));
#2233 = CARTESIAN_POINT ('', (127.524011238606, 56.2728149683545, -5.));
#2234 = CARTESIAN_POINT ('', (127.509919884125, 56.1803541822141, -5.));
#2235 = CARTESIAN_POINT ('', (127.501736957262, 56.0890126863206, -5.));
#2236 = CARTESIAN_POINT ('', (127.5, 56.0296708954402, -5.));
#2237 = CARTESIAN_POINT ('', (127.5, 56., -5.));
#2238 = B_SPLINE_CURVE_WITH_KNOTS ('', 3, (#2205, #2206, #2207, #2208, #2209, #2210, #2211, #2212, #2213, #2214, #2215, #2216, #2217, #2218, #2219, #2220, #2221, #2222, #2223, #2224, #2225, #2226, #2227, #2228, #2229, #2230, #2231, #2232, #2233, #2234, #2235, #2236, #2237), .UNSPECIFIED., .F., .U., (4, 1, 1, 1, 1, 1, 1, 1, 1, 1, 1, 1, 1, 1, 1, 1, 1, 1, 1, 1, 1, 1, 1, 1, 1, 1, 1, 1, 1, 1, 4), (0., 0.0208333333333336, 0.0416666666666659, 0.0624999999999998, 0.0833333333333341, 0.104166666666666, 0.125, 0.145833333333334, 0.166666666666667, 0.187500000000001, 0.208333333333334, 0.218749999999999, 0.229166666666666, 0.239583333333333, 0.25, 0.260416666666666, 0.270833333333333, 0.281249999999999, 0.291666666666664, 0.312499999999999, 0.333333333333329, 0.354166666666661, 0.374999999999995, 0.395833333333327, 0.41666666666666, 0.437499999999993, 0.458333333333324, 0.468749999999992, 0.479166666666657, 0.489583333333324, 0.5), .UNSPECIFIED.);
#2239 = EDGE_CURVE ('', #2202, #2204, #2238, .T.);
#2240 = ORIENTED_EDGE ('', *, *, #2239, .T.);
#2241 = CARTESIAN_POINT ('', (127.5, 56., -5.));
#2242 = CARTESIAN_POINT ('', (127.5, 55.9703291045598, -5.));
#2243 = CARTESIAN_POINT ('', (127.501736957262, 55.9109873136793, -5.));
#2244 = CARTESIAN_POINT ('', (127.509919884125, 55.8196458177859, -5.));
#2245 = CARTESIAN_POINT ('', (127.524011238606, 55.7271850316455, -5.));
#2246 = CARTESIAN_POINT ('', (127.5510453814, 55.6028671013484, -5.));
#2247 = CARTESIAN_POINT ('', (127.600888368354, 55.4470957791982, -5.));
#2248 = CARTESIAN_POINT ('', (127.687275033012, 55.2647431313717, -5.));
#2249 = CARTESIAN_POINT ('', (127.799667727675, 55.0925566076171, -5.));
#2250 = CARTESIAN_POINT ('', (127.935953658507, 54.9359536585073, -5.));
#2251 = CARTESIAN_POINT ('', (128.092556607617, 54.7996677276748, -5.));
#2252 = CARTESIAN_POINT ('', (128.264743131372, 54.6872750330116, -5.));
#2253 = CARTESIAN_POINT ('', (128.447095779198, 54.6008883683544, -5.));
#2254 = CARTESIAN_POINT ('', (128.602867101348, 54.5510453813997, -5.));
#2255 = CARTESIAN_POINT ('', (128.727185031645, 54.5240112386061, -5.));
#2256 = CARTESIAN_POINT ('', (128.819645817786, 54.5099198841249, -5.));
#2257 = CARTESIAN_POINT ('', (128.910987313679, 54.5017369572618, -5.));
#2258 = CARTESIAN_POINT ('', (129., 54.4991315213694, -5.));
#2259 = CARTESIAN_POINT ('', (129.08901268632, 54.5017369572604, -5.));
#2260 = CARTESIAN_POINT ('', (129.180354182216, 54.5099198841305, -5.));
#2261 = CARTESIAN_POINT ('', (129.272814968346, 54.5240112385852, -5.));
#2262 = CARTESIAN_POINT ('', (129.397132898698, 54.5510453815108, -5.));
#2263 = CARTESIAN_POINT ('', (129.552904220424, 54.6008883674592, -5.));
#2264 = CARTESIAN_POINT ('', (129.735256870009, 54.6872750362802, -5.));
#2265 = CARTESIAN_POINT ('', (129.907443387238, 54.7996677154956, -5.));
#2266 = CARTESIAN_POINT ('', (130.06404636069, 54.9359537039553, -5.));
#2267 = CARTESIAN_POINT ('', (130.200332200681, 55.0925564380043, -5.));
#2268 = CARTESIAN_POINT ('', (130.312725234369, 55.264743764375, -5.));
#2269 = CARTESIAN_POINT ('', (130.399110633766, 55.4470934167979, -5.));
#2270 = CARTESIAN_POINT ('', (130.458926940128, 55.6340301823766, -5.));
#2271 = CARTESIAN_POINT ('', (130.493040408131, 55.8203157935203, -5.));
#2272 = CARTESIAN_POINT ('', (130.500002599365, 55.9410801045139, -5.));
#2273 = CARTESIAN_POINT ('', (130.5, 56., -5.));
#2274 = B_SPLINE_CURVE_WITH_KNOTS ('', 3, (#2241, #2242, #2243, #2244, #2245, #2246, #2247, #2248, #2249, #2250, #2251, #2252, #2253, #2254, #2255, #2256, #2257, #2258, #2259, #2260, #2261, #2262, #2263, #2264, #2265, #2266, #2267, #2268, #2269, #2270, #2271, #2272, #2273), .UNSPECIFIED., .F., .U., (4, 1, 1, 1, 1, 1, 1, 1, 1, 1, 1, 1, 1, 1, 1, 1, 1, 1, 1, 1, 1, 1, 1, 1, 1, 1, 1, 1, 1, 1, 4), (0.5, 0.510416666666657, 0.520833333333323, 0.531249999999991, 0.541666666666658, 0.562499999999993, 0.583333333333327, 0.604166666666661, 0.624999999999994, 0.64583333333333, 0.666666666666664, 0.687499999999996, 0.708333333333332, 0.718749999999998, 0.729166666666666, 0.739583333333333, 0.75, 0.760416666666667, 0.770833333333334, 0.781250000000001, 0.791666666666667, 0.812500000000001, 0.833333333333332, 0.85416666666667, 0.875000000000002, 0.895833333333335, 0.916666666666669, 0.937500000000001, 0.958333333333334, 0.979166666666667, 1.), .UNSPECIFIED.);
#2275 = EDGE_CURVE ('', #2204, #2202, #2274, .T.);
#2276 = ORIENTED_EDGE ('', *, *, #2275, .T.);
#2277 = EDGE_LOOP ('', (#2240, #2276));
#2278 = FACE_BOUND ('', #2277, .T.);
#2279 = CARTESIAN_POINT ('', (131.5, -1.99999999999999, -5.));
#2280 = CARTESIAN_POINT ('', (131.5, 100.5, -5.));
#2281 = CARTESIAN_POINT ('', (8.50000000000003, -1.99999999999999, -5.));
#2282 = CARTESIAN_POINT ('', (8.50000000000003, 100.5, -5.));
#2283 = B_SPLINE_SURFACE_WITH_KNOTS ('', 1, 1, ((#2279, #2280), (#2281, #2282)), .UNSPECIFIED., .F., .F., .U., (2, 2), (2, 2), (0.350069561686429, 0.71588921863756), (0.352108190577603, 0.656957904703546), .UNSPECIFIED.);
#2284 = ADVANCED_FACE ('', (#293, #315, #337, #359, #381, #403, #425, #447, #469, #491, #513, #535, #557, #579, #601, #623, #645, #667, #689, #711, #733, #755, #777, #799, #821, #843, #865, #887, #909, #931, #953, #975, #997, #1019, #1041, #1063, #1085, #1107, #1129, #1140, #1162, #1184, #1206, #1228, #1250, #1272, #1294, #1316, #1338, #1456, #1574, #1692, #1810, #1888, #1966, #2044, #2122, #2200, #2278), #2283, .T.);
#2285 = CARTESIAN_POINT ('', (127.999999696782, 56.0000000000033, -4.49999980803471));
#2286 = VERTEX_POINT ('', #2285);
#2287 = CARTESIAN_POINT ('', (127.5, 56., -5.));
#2288 = CARTESIAN_POINT ('', (128.000002361026, 56., -4.49999763897369));
#2289 = B_SPLINE_CURVE_WITH_KNOTS ('', 1, (#2287, #2288), .UNSPECIFIED., .F., .U., (2, 2), (0., 0.50000236102631), .UNSPECIFIED.);
#2290 = EDGE_CURVE ('', #2204, #2286, #2289, .T.);
#2291 = ORIENTED_EDGE ('', *, *, #2290, .T.);
#2292 = CARTESIAN_POINT ('', (130., 56., -4.50000000000003));
#2293 = VERTEX_POINT ('', #2292);
#2294 = CARTESIAN_POINT ('', (130., 56., -4.50000000000003));
#2295 = CARTESIAN_POINT ('', (130., 55.9794808968352, -4.4999990947601));
#2296 = CARTESIAN_POINT ('', (129.999336156561, 55.9581875642205, -4.49999995446889));
#2297 = CARTESIAN_POINT ('', (129.998057986934, 55.9377083094023, -4.50000000923466));
#2298 = CARTESIAN_POINT ('', (129.99677988675, 55.9172301672307, -4.50000006399744));
#2299 = CARTESIAN_POINT ('', (129.994798353339, 55.8960903082484, -4.49999948603104));
#2300 = CARTESIAN_POINT ('', (129.992248610887, 55.8757313627961, -4.50000010552205));
#2301 = CARTESIAN_POINT ('', (129.98969884791, 55.855372253459, -4.50000072501805));
#2302 = CARTESIAN_POINT ('', (129.986417103731, 55.834463623058, -4.50000183471396));
#2303 = CARTESIAN_POINT ('', (129.982606930697, 55.8143023431882, -4.5000015395701));
#2304 = CARTESIAN_POINT ('', (129.978796813885, 55.7941413608095, -4.5000012444306));
#2305 = CARTESIAN_POINT ('', (129.97423704551, 55.7735421422044, -4.49999968225036));
#2306 = CARTESIAN_POINT ('', (129.969182608348, 55.7536565980693, -4.50000003193484));
#2307 = CARTESIAN_POINT ('', (129.964128026484, 55.7337704846296, -4.50000038162933));
#2308 = CARTESIAN_POINT ('', (129.958316596139, 55.7135557508504, -4.5000019756308));
#2309 = CARTESIAN_POINT ('', (129.952038393351, 55.6940214099238, -4.50000186812539));
#2310 = CARTESIAN_POINT ('', (129.945760373999, 55.6744876397479, -4.50000176062313));
#2311 = CARTESIAN_POINT ('', (129.938728608983, 55.6547325958308, -4.50000005596491));
#2312 = CARTESIAN_POINT ('', (129.931252427847, 55.6356253087419, -4.4999999861642));
#2313 = CARTESIAN_POINT ('', (129.923776007479, 55.6165174102348, -4.49999991636125));
#2314 = CARTESIAN_POINT ('', (129.91555871078, 55.5972925928647, -4.50000206035508));
#2315 = CARTESIAN_POINT ('', (129.906913942153, 55.578684083462, -4.50000232790574));
#2316 = CARTESIAN_POINT ('', (129.898269450726, 55.5600761707524, -4.50000259544782));
#2317 = CARTESIAN_POINT ('', (129.888906530171, 55.5414521156237, -4.50000101602218));
#2318 = CARTESIAN_POINT ('', (129.879128022529, 55.5234143099033, -4.50000024866422));
#2319 = CARTESIAN_POINT ('', (129.869349223806, 55.5053759672456, -4.49999948128342));
#2320 = CARTESIAN_POINT ('', (129.858883433716, 55.4874180514313, -4.50000148300576));
#2321 = CARTESIAN_POINT ('', (129.848009030143, 55.4700182222045, -4.50000232029055));
#2322 = CARTESIAN_POINT ('', (129.83169783921, 55.4439191414749, -4.50000357618582));
#2323 = CARTESIAN_POINT ('', (129.813935794536, 55.4182305101346, -4.49999941714407));
#2324 = CARTESIAN_POINT ('', (129.795277438586, 55.3937543437882, -4.5000000475719));
#2325 = CARTESIAN_POINT ('', (129.776618742312, 55.3692777310026, -4.50000067801122));
#2326 = CARTESIAN_POINT ('', (129.75668469229, 55.3454959679483, -4.50000378719868));
#2327 = CARTESIAN_POINT ('', (129.735843697164, 55.3228485742877, -4.50000204312628));
#2328 = CARTESIAN_POINT ('', (129.715003003565, 55.3002015082894, -4.50000029907911));
#2329 = CARTESIAN_POINT ('', (129.693099573408, 55.2785014168748, -4.50000122686618));
#2330 = CARTESIAN_POINT ('', (129.670259121457, 55.257872847752, -4.50000252027754));
#2331 = CARTESIAN_POINT ('', (129.647418445499, 55.2372440763145, -4.50000381370159));
#2332 = CARTESIAN_POINT ('', (129.623760524611, 55.2177787713008, -4.49999950955495));
#2333 = CARTESIAN_POINT ('', (129.599118350416, 55.1993395212732, -4.50000003417649));
#2334 = CARTESIAN_POINT ('', (129.574476069574, 55.180900191444, -4.50000055880029));
#2335 = CARTESIAN_POINT ('', (129.549290667054, 55.1638020485704, -4.50000354545444));
#2336 = CARTESIAN_POINT ('', (129.523059165507, 55.1477036258562, -4.50000191378053));
#2337 = CARTESIAN_POINT ('', (129.496828286291, 55.1316055850692, -4.50000028214533));
#2338 = CARTESIAN_POINT ('', (129.470352538566, 55.1169848838169, -4.500001036563));
#2339 = CARTESIAN_POINT ('', (129.442756855555, 55.1033582840069, -4.5000020829046));
#2340 = CARTESIAN_POINT ('', (129.424359198379, 55.0942736198702, -4.50000278048595));
#2341 = CARTESIAN_POINT ('', (129.405983380856, 55.0858892302462, -4.50000187945523));
#2342 = CARTESIAN_POINT ('', (129.387064330606, 55.0779472878558, -4.50000077245306));
#2343 = CARTESIAN_POINT ('', (129.368146099763, 55.0700056894405, -4.49999966549884));
#2344 = CARTESIAN_POINT ('', (129.349347965645, 55.0627823265944, -4.50000042089982));
#2345 = CARTESIAN_POINT ('', (129.329979676433, 55.0560119634543, -4.50000131046733));
#2346 = CARTESIAN_POINT ('', (129.310610181159, 55.0492411787242, -4.50000220009024));
#2347 = CARTESIAN_POINT ('', (129.291461622243, 55.0431974374865, -4.50000217610906));
#2348 = CARTESIAN_POINT ('', (129.271714790765, 55.037622177895, -4.50000122541771));
#2349 = CARTESIAN_POINT ('', (129.251968659121, 55.0320471158925, -4.50000027476005));
#2350 = CARTESIAN_POINT ('', (129.232546170881, 55.0271982373367, -4.49999985541518));
#2351 = CARTESIAN_POINT ('', (129.212496700911, 55.022838216004, -4.50000004786818));
#2352 = CARTESIAN_POINT ('', (129.192448336003, 55.0184784349818, -4.50000024031057));
#2353 = CARTESIAN_POINT ('', (129.172827525308, 55.0148342316534, -4.49999970585356));
#2354 = CARTESIAN_POINT ('', (129.152550727764, 55.011704358272, -4.49999947220643));
#2355 = CARTESIAN_POINT ('', (129.132268153394, 55.0085735931948, -4.49999923849273));
#2356 = CARTESIAN_POINT ('', (129.112517948425, 55.0061383920308, -4.50000112060196));
#2357 = CARTESIAN_POINT ('', (129.092082361293, 55.0042486059569, -4.50000158850512));
#2358 = CARTESIAN_POINT ('', (129.078470311287, 55.0029898281997, -4.50000190017325));
#2359 = CARTESIAN_POINT ('', (129.065138933863, 55.0020301649248, -4.50000054082726));
#2360 = CARTESIAN_POINT ('', (129.051486936067, 55.0013263318709, -4.4999990909257));
#2361 = CARTESIAN_POINT ('', (129.037815631517, 55.0006215034512, -4.49999763897369));
#2362 = CARTESIAN_POINT ('', (129.024457007687, 55.0002053930297, -4.49999828866045));
#2363 = CARTESIAN_POINT ('', (129.010768340058, 55.0000579802547, -4.49999944262579));
#2364 = CARTESIAN_POINT ('', (129.001643759417, 54.9999597179702, -4.50000021183504));
#2365 = CARTESIAN_POINT ('', (128.992558618326, 54.9999860533642, -4.49999973325115));
#2366 = CARTESIAN_POINT ('', (128.983434760695, 55.0001372129903, -4.4999989320437));
#2367 = CARTESIAN_POINT ('', (128.969778080742, 55.0003634702073, -4.4999977327885));
#2368 = CARTESIAN_POINT ('', (128.955789754553, 55.0008843859211, -4.49999825484222));
#2369 = CARTESIAN_POINT ('', (128.942154071447, 55.0016744776628, -4.49999980289147));
#2370 = CARTESIAN_POINT ('', (128.921650050316, 55.00286254119, -4.50000213069818));
#2371 = CARTESIAN_POINT ('', (128.900474948227, 55.0047530002803, -4.50000118176353));
#2372 = CARTESIAN_POINT ('', (128.880084738385, 55.0072158693694, -4.50000002496113));
#2373 = CARTESIAN_POINT ('', (128.859719682513, 55.00967570019, -4.4999988695858));
#2374 = CARTESIAN_POINT ('', (128.83879748903, 55.01286549208, -4.4999996752591));
#2375 = CARTESIAN_POINT ('', (128.818624644524, 55.0165860584545, -4.49999999094071));
#2376 = CARTESIAN_POINT ('', (128.798445437753, 55.0203077982496, -4.50000030672188));
#2377 = CARTESIAN_POINT ('', (128.777820097214, 55.0247784136255, -4.49999959553737));
#2378 = CARTESIAN_POINT ('', (128.757910925869, 55.0297459713113, -4.49999995893105));
#2379 = CARTESIAN_POINT ('', (128.738003273167, 55.0347131500792, -4.50000032229702));
#2380 = CARTESIAN_POINT ('', (128.717759336228, 55.0404369769449, -4.5000020489318));
#2381 = CARTESIAN_POINT ('', (128.698198096191, 55.0466293423555, -4.50000204268167));
#2382 = CARTESIAN_POINT ('', (128.678637168163, 55.0528216089957, -4.50000203643163));
#2383 = CARTESIAN_POINT ('', (128.658847474806, 55.0597681516642, -4.50000039015602));
#2384 = CARTESIAN_POINT ('', (128.639707797982, 55.0671605019271, -4.50000003650228));
#2385 = CARTESIAN_POINT ('', (128.620567145631, 55.0745532289695, -4.4999996828305));
#2386 = CARTESIAN_POINT ('', (128.601302305389, 55.0826880763354, -4.50000180930805));
#2387 = CARTESIAN_POINT ('', (128.582655967583, 55.0912514326802, -4.5000022669806));
#2388 = CARTESIAN_POINT ('', (128.564010369706, 55.0998144492113, -4.50000272463499));
#2389 = CARTESIAN_POINT ('', (128.545341638271, 55.1090977844444, -4.50000137981229));
#2390 = CARTESIAN_POINT ('', (128.527261225046, 55.1187973838808, -4.50000044194207));
#2391 = CARTESIAN_POINT ('', (128.509180364183, 55.1284972234617, -4.49999950404863));
#2392 = CARTESIAN_POINT ('', (128.491173254621, 55.1388865651932, -4.5000011238129));
#2393 = CARTESIAN_POINT ('', (128.473726155074, 55.1496848583339, -4.50000210546256));
#2394 = CARTESIAN_POINT ('', (128.447556113266, 55.1658819220449, -4.50000357790287));
#2395 = CARTESIAN_POINT ('', (128.421782416372, 55.1835371153893, -4.49999994002806));
#2396 = CARTESIAN_POINT ('', (128.397225199093, 55.2020886393895, -4.49999999816544));
#2397 = CARTESIAN_POINT ('', (128.372667485907, 55.2206405380174, -4.50000005630399));
#2398 = CARTESIAN_POINT ('', (128.348791945759, 55.2404769099571, -4.50000384481669));
#2399 = CARTESIAN_POINT ('', (128.326054125494, 55.2612192759445, -4.50000228474324));
#2400 = CARTESIAN_POINT ('', (128.303316681046, 55.2819612990961, -4.50000072469557));
#2401 = CARTESIAN_POINT ('', (128.281515127556, 55.3037768238744, -4.50000078838055));
#2402 = CARTESIAN_POINT ('', (128.260787675036, 55.3265275516986, -4.50000231688947));
#2403 = CARTESIAN_POINT ('', (128.240059971881, 55.3492785546223, -4.50000384541687));
#2404 = CARTESIAN_POINT ('', (128.220486405125, 55.3728590260403, -4.5000000215037));
#2405 = CARTESIAN_POINT ('', (128.20194062076, 55.3974211858956, -4.49999999783928));
#2406 = CARTESIAN_POINT ('', (128.183394854672, 55.4219833215455, -4.49999997417489));
#2407 = CARTESIAN_POINT ('', (128.166182819386, 55.4471020408259, -4.5000035780846));
#2408 = CARTESIAN_POINT ('', (128.149971281864, 55.4732636538601, -4.50000213126357));
#2409 = CARTESIAN_POINT ('', (128.13376004367, 55.4994247838508, -4.50000068446925));
#2410 = CARTESIAN_POINT ('', (128.119020709516, 55.5258452797823, -4.50000066860214));
#2411 = CARTESIAN_POINT ('', (128.105275254708, 55.5533820086886, -4.50000192109134));
#2412 = CARTESIAN_POINT ('', (128.096111354356, 55.5717403564673, -4.50000275610818));
#2413 = CARTESIAN_POINT ('', (128.087646117817, 55.5900836674792, -4.50000214500167));
#2414 = CARTESIAN_POINT ('', (128.079622762258, 55.608968364136, -4.50000100854313));
#2415 = CARTESIAN_POINT ('', (128.071599760462, 55.627852228137, -4.49999987213468));
#2416 = CARTESIAN_POINT ('', (128.064294028212, 55.6466230012616, -4.50000018012054));
#2417 = CARTESIAN_POINT ('', (128.057440394671, 55.6659619925781, -4.50000111843812));
#2418 = CARTESIAN_POINT ('', (128.05058635136, 55.6853021401506, -4.5000020568118));
#2419 = CARTESIAN_POINT ('', (128.044459044329, 55.7044285175243, -4.50000229257865));
#2420 = CARTESIAN_POINT ('', (128.03879897024, 55.7241511638798, -4.50000141721599));
#2421 = CARTESIAN_POINT ('', (128.033139057207, 55.7438732490343, -4.50000054187824));
#2422 = CARTESIAN_POINT ('', (128.028205707696, 55.7632789643811, -4.4999997952211));
#2423 = CARTESIAN_POINT ('', (128.023759618054, 55.7833096295223, -4.50000000533019));
#2424 = CARTESIAN_POINT ('', (128.019313799055, 55.8033390753541, -4.50000021542649));
#2425 = CARTESIAN_POINT ('', (128.01558461887, 55.8229483086744, -4.49999984242683));
#2426 = CARTESIAN_POINT ('', (128.012367801336, 55.8432114794973, -4.49999952972366));
#2427 = CARTESIAN_POINT ('', (128.009150075699, 55.8634803705809, -4.49999921693222));
#2428 = CARTESIAN_POINT ('', (128.006629672276, 55.8832242589342, -4.50000065402884));
#2429 = CARTESIAN_POINT ('', (128.004652339609, 55.9036514922028, -4.50000145513211));
#2430 = CARTESIAN_POINT ('', (128.003335124673, 55.9172592463337, -4.50000198879304));
#2431 = CARTESIAN_POINT ('', (128.002318138263, 55.9305895628378, -4.50000112056568));
#2432 = CARTESIAN_POINT ('', (128.001555818572, 55.9442396505382, -4.49999956515983));
#2433 = CARTESIAN_POINT ('', (128.000792779522, 55.9579026190543, -4.49999800828622));
#2434 = CARTESIAN_POINT ('', (128.000319518333, 55.9712564178798, -4.49999784509861));
#2435 = CARTESIAN_POINT ('', (128.000113421417, 55.984939124566, -4.49999906536248));
#2436 = CARTESIAN_POINT ('', (128.000037544222, 55.9899765866068, -4.4999995146181));
#2437 = CARTESIAN_POINT ('', (127.999999650142, 55.994986857058, -4.49999978771484));
#2438 = CARTESIAN_POINT ('', (127.999999696782, 56.0000000000033, -4.49999980803471));
#2439 = B_SPLINE_CURVE_WITH_KNOTS ('', 3, (#2294, #2295, #2296, #2297, #2298, #2299, #2300, #2301, #2302, #2303, #2304, #2305, #2306, #2307, #2308, #2309, #2310, #2311, #2312, #2313, #2314, #2315, #2316, #2317, #2318, #2319, #2320, #2321, #2322, #2323, #2324, #2325, #2326, #2327, #2328, #2329, #2330, #2331, #2332, #2333, #2334, #2335, #2336, #2337, #2338, #2339, #2340, #2341, #2342, #2343, #2344, #2345, #2346, #2347, #2348, #2349, #2350, #2351, #2352, #2353, #2354, #2355, #2356, #2357, #2358, #2359, #2360, #2361, #2362, #2363, #2364, #2365, #2366, #2367, #2368, #2369, #2370, #2371, #2372, #2373, #2374, #2375, #2376, #2377, #2378, #2379, #2380, #2381, #2382, #2383, #2384, #2385, #2386, #2387, #2388, #2389, #2390, #2391, #2392, #2393, #2394, #2395, #2396, #2397, #2398, #2399, #2400, #2401, #2402, #2403, #2404, #2405, #2406, #2407, #2408, #2409, #2410, #2411, #2412, #2413, #2414, #2415, #2416, #2417, #2418, #2419, #2420, #2421, #2422, #2423, #2424, #2425, #2426, #2427, #2428, #2429, #2430, #2431, #2432, #2433, #2434, #2435, #2436, #2437, #2438), .UNSPECIFIED., .F., .U., (4, 3, 3, 3, 3, 3, 3, 3, 3, 3, 3, 3, 3, 3, 3, 3, 3, 3, 3, 3, 3, 3, 3, 3, 3, 3, 3, 3, 3, 3, 3, 3, 3, 3, 3, 3, 3, 3, 3, 3, 3, 3, 3, 3, 3, 3, 3, 3, 4), (0., 0.0615573095541751, 0.123111274673722, 0.184665735288855, 0.246219287633012, 0.307774602197868, 0.369328118251136, 0.430883603968471, 0.492437115871432, 0.553992460058261, 0.646323130453162, 0.738655484936648, 0.830986503556235, 0.923318427711819, 1.01565075146252, 1.10798088467428, 1.16953609739146, 1.23108864407852, 1.29264502363777, 1.35419922162003, 1.41575002693235, 1.47731836796696, 1.51832875496832, 1.55939713915591, 1.58677246840422, 1.62774813081604, 1.68936336794054, 1.75090259467525, 1.81246123012165, 1.87401516996597, 1.93556812800305, 1.99712422332357, 2.05867787595611, 2.12023305254637, 2.21256367406035, 2.3048961600897, 2.39722712002055, 2.4895591964084, 2.58189118180493, 2.67422146239913, 2.73577675487501, 2.79732933328182, 2.85888559184655, 2.92044009884921, 2.98199085889725, 3.04355899462627, 3.0845730684503, 3.12562584493614, 3.1407399453815), .UNSPECIFIED.);
#2440 = EDGE_CURVE ('', #2293, #2286, #2439, .T.);
#2441 = ORIENTED_EDGE ('', *, *, #2440, .F.);
#2442 = CARTESIAN_POINT ('', (130.5, 56., -5.));
#2443 = CARTESIAN_POINT ('', (130., 56., -4.5));
#2444 = B_SPLINE_CURVE_WITH_KNOTS ('', 1, (#2442, #2443), .UNSPECIFIED., .F., .U., (2, 2), (0., 0.5), .UNSPECIFIED.);
#2445 = EDGE_CURVE ('', #2202, #2293, #2444, .T.);
#2446 = ORIENTED_EDGE ('', *, *, #2445, .F.);
#2447 = ORIENTED_EDGE ('', *, *, #2275, .F.);
#2448 = EDGE_LOOP ('', (#2291, #2441, #2446, #2447));
#2449 = FACE_OUTER_BOUND ('', #2448, .T.);
#2450 = CARTESIAN_POINT ('', (127.5, 56., -5.));
#2451 = CARTESIAN_POINT ('', (127.5, 55.9703291045598, -5.));
#2452 = CARTESIAN_POINT ('', (127.501736957262, 55.9109873136793, -5.));
#2453 = CARTESIAN_POINT ('', (127.509919884125, 55.8196458177859, -5.));
#2454 = CARTESIAN_POINT ('', (127.524011238606, 55.7271850316455, -5.));
#2455 = CARTESIAN_POINT ('', (127.5510453814, 55.6028671013484, -5.));
#2456 = CARTESIAN_POINT ('', (127.600888368354, 55.4470957791982, -5.));
#2457 = CARTESIAN_POINT ('', (127.687275033012, 55.2647431313717, -5.));
#2458 = CARTESIAN_POINT ('', (127.799667727675, 55.0925566076171, -5.));
#2459 = CARTESIAN_POINT ('', (127.935953658507, 54.9359536585073, -5.));
#2460 = CARTESIAN_POINT ('', (128.092556607617, 54.7996677276748, -5.));
#2461 = CARTESIAN_POINT ('', (128.264743131372, 54.6872750330116, -5.));
#2462 = CARTESIAN_POINT ('', (128.447095779198, 54.6008883683544, -5.));
#2463 = CARTESIAN_POINT ('', (128.602867101348, 54.5510453813997, -5.));
#2464 = CARTESIAN_POINT ('', (128.727185031645, 54.5240112386061, -5.));
#2465 = CARTESIAN_POINT ('', (128.819645817786, 54.5099198841249, -5.));
#2466 = CARTESIAN_POINT ('', (128.910987313679, 54.5017369572618, -5.));
#2467 = CARTESIAN_POINT ('', (129., 54.4991315213694, -5.));
#2468 = CARTESIAN_POINT ('', (129.08901268632, 54.5017369572604, -5.));
#2469 = CARTESIAN_POINT ('', (129.180354182216, 54.5099198841305, -5.));
#2470 = CARTESIAN_POINT ('', (129.272814968346, 54.5240112385852, -5.));
#2471 = CARTESIAN_POINT ('', (129.397132898698, 54.5510453815108, -5.));
#2472 = CARTESIAN_POINT ('', (129.552904220424, 54.6008883674592, -5.));
#2473 = CARTESIAN_POINT ('', (129.735256870009, 54.6872750362802, -5.));
#2474 = CARTESIAN_POINT ('', (129.907443387238, 54.7996677154956, -5.));
#2475 = CARTESIAN_POINT ('', (130.06404636069, 54.9359537039553, -5.));
#2476 = CARTESIAN_POINT ('', (130.200332200681, 55.0925564380043, -5.));
#2477 = CARTESIAN_POINT ('', (130.312725234369, 55.264743764375, -5.));
#2478 = CARTESIAN_POINT ('', (130.399110633766, 55.4470934167979, -5.));
#2479 = CARTESIAN_POINT ('', (130.458926940128, 55.6340301823766, -5.));
#2480 = CARTESIAN_POINT ('', (130.493040408131, 55.8203157935203, -5.));
#2481 = CARTESIAN_POINT ('', (130.500002599365, 55.9410801045139, -5.));
#2482 = CARTESIAN_POINT ('', (130.5, 56., -5.));
#2483 = CARTESIAN_POINT ('', (128.000002361026, 56., -4.49999763897369));
#2484 = CARTESIAN_POINT ('', (128.000002361026, 55.9802194497423, -4.49999763897369));
#2485 = CARTESIAN_POINT ('', (128.0011603298, 55.940658349227, -4.49999763897369));
#2486 = CARTESIAN_POINT ('', (128.006615601495, 55.8797641624046, -4.49999763897369));
#2487 = CARTESIAN_POINT ('', (128.016009815636, 55.8181237838459, -4.49999763897369));
#2488 = CARTESIAN_POINT ('', (128.034032534946, 55.7352453593264, -4.49999763897369));
#2489 = CARTESIAN_POINT ('', (128.067261114463, 55.6313980564131, -4.49999763897369));
#2490 = CARTESIAN_POINT ('', (128.12485208826, 55.509829911555, -4.49999763897369));
#2491 = CARTESIAN_POINT ('', (128.199780374461, 55.3950391667432, -4.49999763897369));
#2492 = CARTESIAN_POINT ('', (128.290637447166, 55.2906374471658, -4.49999763897369));
#2493 = CARTESIAN_POINT ('', (128.395039166743, 55.1997803744606, -4.49999763897369));
#2494 = CARTESIAN_POINT ('', (128.509829911555, 55.1248520882598, -4.49999763897369));
#2495 = CARTESIAN_POINT ('', (128.631398056413, 55.0672611144625, -4.49999763897369));
#2496 = CARTESIAN_POINT ('', (128.735245359326, 55.0340325349464, -4.49999763897369));
#2497 = CARTESIAN_POINT ('', (128.818123783846, 55.0160098156363, -4.49999763897369));
#2498 = CARTESIAN_POINT ('', (128.879764162405, 55.0066156014955, -4.49999763897369));
#2499 = CARTESIAN_POINT ('', (128.940658349227, 55.0011603298002, -4.49999763897369));
#2500 = CARTESIAN_POINT ('', (129., 54.9994233766396, -4.49999763897369));
#2501 = CARTESIAN_POINT ('', (129.059341650772, 55.0011603297993, -4.49999763897369));
#2502 = CARTESIAN_POINT ('', (129.120235837597, 55.0066156014992, -4.49999763897369));
#2503 = CARTESIAN_POINT ('', (129.181876216148, 55.0160098156223, -4.49999763897369));
#2504 = CARTESIAN_POINT ('', (129.264754640705, 55.0340325350205, -4.49999763897369));
#2505 = CARTESIAN_POINT ('', (129.368601943335, 55.0672611138657, -4.49999763897369));
#2506 = CARTESIAN_POINT ('', (129.490170089365, 55.1248520904389, -4.49999763897369));
#2507 = CARTESIAN_POINT ('', (129.604960829827, 55.1997803663411, -4.49999763897369));
#2508 = CARTESIAN_POINT ('', (129.709362565632, 55.2906374774644, -4.49999763897369));
#2509 = CARTESIAN_POINT ('', (129.800219577776, 55.3950390536682, -4.49999763897369));
#2510 = CARTESIAN_POINT ('', (129.875148089994, 55.5098303335562, -4.49999763897369));
#2511 = CARTESIAN_POINT ('', (129.932738220286, 55.6313964814832, -4.49999763897369));
#2512 = CARTESIAN_POINT ('', (129.972615663708, 55.7560206976273, -4.49999763897369));
#2513 = CARTESIAN_POINT ('', (129.995357922015, 55.8802108118396, -4.49999763897369));
#2514 = CARTESIAN_POINT ('', (129.99999937188, 55.9607201624169, -4.49999763897369));
#2515 = CARTESIAN_POINT ('', (129.999997638974, 56., -4.49999763897369));
#2516 = B_SPLINE_SURFACE_WITH_KNOTS ('', 1, 3, ((#2450, #2451, #2452, #2453, #2454, #2455, #2456, #2457, #2458, #2459, #2460, #2461, #2462, #2463, #2464, #2465, #2466, #2467, #2468, #2469, #2470, #2471, #2472, #2473, #2474, #2475, #2476, #2477, #2478, #2479, #2480, #2481, #2482), (#2483, #2484, #2485, #2486, #2487, #2488, #2489, #2490, #2491, #2492, #2493, #2494, #2495, #2496, #2497, #2498, #2499, #2500, #2501, #2502, #2503, #2504, #2505, #2506, #2507, #2508, #2509, #2510, #2511, #2512, #2513, #2514, #2515)), .UNSPECIFIED., .F., .F., .U., (2, 2), (4, 1, 1, 1, 1, 1, 1, 1, 1, 1, 1, 1, 1, 1, 1, 1, 1, 1, 1, 1, 1, 1, 1, 1, 1, 1, 1, 1, 1, 1, 4), (0., 0.50000236102631), (0.5, 0.510416666666657, 0.520833333333323, 0.531249999999991, 0.541666666666658, 0.562499999999993, 0.583333333333327, 0.604166666666661, 0.624999999999994, 0.64583333333333, 0.666666666666664, 0.687499999999996, 0.708333333333332, 0.718749999999998, 0.729166666666666, 0.739583333333333, 0.75, 0.760416666666667, 0.770833333333334, 0.781250000000001, 0.791666666666667, 0.812500000000001, 0.833333333333332, 0.85416666666667, 0.875000000000002, 0.895833333333335, 0.916666666666669, 0.937500000000001, 0.958333333333334, 0.979166666666667, 1.), .UNSPECIFIED.);
#2517 = ADVANCED_FACE ('', (#2449), #2516, .T.);
#2518 = CARTESIAN_POINT ('', (128., 56., -3.5));
#2519 = VERTEX_POINT ('', #2518);
#2520 = CARTESIAN_POINT ('', (128., 56., -3.5));
#2521 = CARTESIAN_POINT ('', (128., 56., -4.50000384541687));
#2522 = B_SPLINE_CURVE_WITH_KNOTS ('', 1, (#2520, #2521), .UNSPECIFIED., .F., .U., (2, 2), (0., 0.666669230277915), .UNSPECIFIED.);
#2523 = EDGE_CURVE ('', #2519, #2286, #2522, .T.);
#2524 = ORIENTED_EDGE ('', *, *, #2523, .T.);
#2525 = CARTESIAN_POINT ('', (127.999999696782, 56.0000000000033, -4.49999980803471));
#2526 = CARTESIAN_POINT ('', (127.999999734676, 56.0040730189676, -4.49999982454396));
#2527 = CARTESIAN_POINT ('', (128.000024817409, 56.0081479340781, -4.49999967419405));
#2528 = CARTESIAN_POINT ('', (128.000074922245, 56.01224086912, -4.49999931589369));
#2529 = CARTESIAN_POINT ('', (128.000242049262, 56.0258930447674, -4.49999812076614));
#2530 = CARTESIAN_POINT ('', (128.000702249824, 56.0398800241063, -4.49999779535712));
#2531 = CARTESIAN_POINT ('', (128.001432882438, 56.0535136592217, -4.49999931163562));
#2532 = CARTESIAN_POINT ('', (128.002165496193, 56.0671842625077, -4.50000083202556));
#2533 = CARTESIAN_POINT ('', (128.0032047862, 56.081158633951, -4.50000196901023));
#2534 = CARTESIAN_POINT ('', (128.004502444002, 56.0947872143411, -4.50000151197366));
#2535 = CARTESIAN_POINT ('', (128.006447127196, 56.1152111436622, -4.50000082705399));
#2536 = CARTESIAN_POINT ('', (128.009111430522, 56.1362378859224, -4.49999921726175));
#2537 = CARTESIAN_POINT ('', (128.01232226026, 56.1565013815341, -4.49999952532531));
#2538 = CARTESIAN_POINT ('', (128.015533445968, 56.1767671236702, -4.49999983342302));
#2539 = CARTESIAN_POINT ('', (128.019487237508, 56.1975240102082, -4.50000020703672));
#2540 = CARTESIAN_POINT ('', (128.023951077524, 56.2175511455585, -4.49999999628268));
#2541 = CARTESIAN_POINT ('', (128.02841489652, 56.2375781866013, -4.49999978552964));
#2542 = CARTESIAN_POINT ('', (128.033633452116, 56.2579858584939, -4.50000066416891));
#2543 = CARTESIAN_POINT ('', (128.039331379212, 56.2776973190971, -4.50000149734194));
#2544 = CARTESIAN_POINT ('', (128.04502903306, 56.2974078344213, -4.50000233047501));
#2545 = CARTESIAN_POINT ('', (128.051483116938, 56.3173904381361, -4.50000194135008));
#2546 = CARTESIAN_POINT ('', (128.05839156094, 56.3367098862383, -4.50000098750145));
#2547 = CARTESIAN_POINT ('', (128.065300328578, 56.3560302393905, -4.50000003360813));
#2548 = CARTESIAN_POINT ('', (128.072957333989, 56.3755168471722, -4.50000008203584));
#2549 = CARTESIAN_POINT ('', (128.081049245426, 56.3943722995702, -4.50000120936274));
#2550 = CARTESIAN_POINT ('', (128.089140999187, 56.4132273845551, -4.50000233666767));
#2551 = CARTESIAN_POINT ('', (128.097963032572, 56.432146155951, -4.50000268274712));
#2552 = CARTESIAN_POINT ('', (128.107205690627, 56.4504645614813, -4.50000173352566));
#2553 = CARTESIAN_POINT ('', (128.116448381258, 56.4687830315773, -4.50000078430086));
#2554 = CARTESIAN_POINT ('', (128.126394152457, 56.4870665424924, -4.49999951122563));
#2555 = CARTESIAN_POINT ('', (128.136751269561, 56.504778792537, -4.50000066101186));
#2556 = CARTESIAN_POINT ('', (128.152286905639, 56.5313470999204, -4.50000238568681));
#2557 = CARTESIAN_POINT ('', (128.169320717104, 56.5576012553012, -4.50000274041786));
#2558 = CARTESIAN_POINT ('', (128.187251936425, 56.5826152977355, -4.50000092339123));
#2559 = CARTESIAN_POINT ('', (128.205183319591, 56.6076295687331, -4.49999910634799));
#2560 = CARTESIAN_POINT ('', (128.224449917204, 56.632035851304, -4.50000282285679));
#2561 = CARTESIAN_POINT ('', (128.244617870879, 56.6552845481195, -4.50000292182615));
#2562 = CARTESIAN_POINT ('', (128.26478556651, 56.6785329474741, -4.50000302079424));
#2563 = CARTESIAN_POINT ('', (128.286087166574, 56.7009106150469, -4.4999989319756));
#2564 = CARTESIAN_POINT ('', (128.308314277171, 56.7221986297651, -4.50000080275298));
#2565 = CARTESIAN_POINT ('', (128.330541753728, 56.7434869949811, -4.50000267356116));
#2566 = CARTESIAN_POINT ('', (128.353667643274, 56.7636764628137, -4.50000299072994));
#2567 = CARTESIAN_POINT ('', (128.377761123321, 56.7828274269273, -4.50000102355092));
#2568 = CARTESIAN_POINT ('', (128.401854083283, 56.8019779776447, -4.49999905641435));
#2569 = CARTESIAN_POINT ('', (128.426579892309, 56.8198393711042, -4.50000255926283));
#2570 = CARTESIAN_POINT ('', (128.452330723445, 56.8366949046805, -4.50000269713458));
#2571 = CARTESIAN_POINT ('', (128.478081874744, 56.8535506478229, -4.50000283500804));
#2572 = CARTESIAN_POINT ('', (128.504174800201, 56.868967553544, -4.49999909650595));
#2573 = CARTESIAN_POINT ('', (128.531363124788, 56.8833908982954, -4.5000006679688));
#2574 = CARTESIAN_POINT ('', (128.54948887872, 56.8930065697952, -4.50000171562251));
#2575 = CARTESIAN_POINT ('', (128.567638349962, 56.9019337046987, -4.50000277633611));
#2576 = CARTESIAN_POINT ('', (128.586318733846, 56.9104217759, -4.50000216155582));
#2577 = CARTESIAN_POINT ('', (128.604998682779, 56.9189096494667, -4.50000154678984));
#2578 = CARTESIAN_POINT ('', (128.623605519642, 56.9266866674586, -4.49999958743448));
#2579 = CARTESIAN_POINT ('', (128.642769578569, 56.9340162878687, -4.50000010666947));
#2580 = CARTESIAN_POINT ('', (128.661933968938, 56.9413460350443, -4.50000062591344));
#2581 = CARTESIAN_POINT ('', (128.680925556004, 56.9479517383501, -4.50000212343104));
#2582 = CARTESIAN_POINT ('', (128.700501965984, 56.95409691731, -4.50000203802239));
#2583 = CARTESIAN_POINT ('', (128.720078770765, 56.9602422202011, -4.50000195261203));
#2584 = CARTESIAN_POINT ('', (128.739380857979, 56.9656597117232, -4.5000002298489));
#2585 = CARTESIAN_POINT ('', (128.759296256118, 56.9705986336694, -4.4999999361022));
#2586 = CARTESIAN_POINT ('', (128.779210389174, 56.9755372418815, -4.49999964237415));
#2587 = CARTESIAN_POINT ('', (128.798746391762, 56.9797540240884, -4.50000030665862));
#2588 = CARTESIAN_POINT ('', (128.81892459533, 56.9834692154937, -4.49999998621191));
#2589 = CARTESIAN_POINT ('', (128.839104957774, 56.9871848043888, -4.49999966573092));
#2590 = CARTESIAN_POINT ('', (128.858802755444, 56.9901941177153, -4.49999887594846));
#2591 = CARTESIAN_POINT ('', (128.879171984896, 56.9926734562614, -4.49999997444754));
#2592 = CARTESIAN_POINT ('', (128.899535261434, 56.9951520702201, -4.50000107262558));
#2593 = CARTESIAN_POINT ('', (128.91931174915, 56.996950456507, -4.50000230632243));
#2594 = CARTESIAN_POINT ('', (128.939788099702, 56.9981856175394, -4.50000006728642));
#2595 = CARTESIAN_POINT ('', (128.960287816003, 56.9994221880252, -4.49999782569544));
#2596 = CARTESIAN_POINT ('', (128.980095314081, 57.0000127853975, -4.50000016785693));
#2597 = CARTESIAN_POINT ('', (129.00063228833, 56.9999998001057, -4.49999999735084));
#2598 = CARTESIAN_POINT ('', (129.021079584811, 56.9999868715162, -4.49999982758929));
#2599 = CARTESIAN_POINT ('', (129.042294611125, 56.9993143939551, -4.49999823503248));
#2600 = CARTESIAN_POINT ('', (129.062701677718, 56.9980323139114, -4.50000033158269));
#2601 = CARTESIAN_POINT ('', (129.083196277821, 56.9967447345488, -4.50000243712579));
#2602 = CARTESIAN_POINT ('', (129.104352942519, 56.9947523057955, -4.50000065046187));
#2603 = CARTESIAN_POINT ('', (129.124727591781, 56.9921910238701, -4.49999978699283));
#2604 = CARTESIAN_POINT ('', (129.145081291131, 56.9896323755427, -4.49999892441164));
#2605 = CARTESIAN_POINT ('', (129.165983456488, 56.986341883898, -4.4999998236473));
#2606 = CARTESIAN_POINT ('', (129.186138836329, 56.982523451939, -4.50000005588892));
#2607 = CARTESIAN_POINT ('', (129.20629958182, 56.9787040034588, -4.50000028819236));
#2608 = CARTESIAN_POINT ('', (129.226897827754, 56.9741347030086, -4.49999945913384));
#2609 = CARTESIAN_POINT ('', (129.24678253527, 56.9690708850677, -4.50000007488719));
#2610 = CARTESIAN_POINT ('', (129.266665806736, 56.9640074328295, -4.50000069059607));
#2611 = CARTESIAN_POINT ('', (129.286876888806, 56.9581871600592, -4.5000022074434));
#2612 = CARTESIAN_POINT ('', (129.306407856905, 56.9519003231573, -4.50000201961044));
#2613 = CARTESIAN_POINT ('', (129.325938689656, 56.9456135298228, -4.50000183177879));
#2614 = CARTESIAN_POINT ('', (129.345690023688, 56.9385730577431, -4.50000004143331));
#2615 = CARTESIAN_POINT ('', (129.364793841332, 56.9310883166094, -4.49999998712027));
#2616 = CARTESIAN_POINT ('', (129.383898509488, 56.9236032422509, -4.49999993280481));
#2617 = CARTESIAN_POINT ('', (129.403119352218, 56.9153774098978, -4.5000020944031));
#2618 = CARTESIAN_POINT ('', (129.421724101858, 56.9067242038858, -4.50000235162816));
#2619 = CARTESIAN_POINT ('', (129.44032816291, 56.8980713181409, -4.50000260884371));
#2620 = CARTESIAN_POINT ('', (129.458947648301, 56.8887001967131, -4.50000100242625));
#2621 = CARTESIAN_POINT ('', (129.476981093694, 56.8789135544854, -4.50000024129308));
#2622 = CARTESIAN_POINT ('', (129.495015002422, 56.8691266608091, -4.49999948014035));
#2623 = CARTESIAN_POINT ('', (129.512967799026, 56.8586530395416, -4.5000014995076));
#2624 = CARTESIAN_POINT ('', (129.530362708765, 56.8477708399982, -4.50000231605234));
#2625 = CARTESIAN_POINT ('', (129.556454435056, 56.8314479400129, -4.50000354083947));
#2626 = CARTESIAN_POINT ('', (129.582134265111, 56.8136749428548, -4.49999936225923));
#2627 = CARTESIAN_POINT ('', (129.606602043984, 56.7950056353479, -4.50000005893758));
#2628 = CARTESIAN_POINT ('', (129.631070303853, 56.7763359608326, -4.50000075562963));
#2629 = CARTESIAN_POINT ('', (129.654842413016, 56.7563918737007, -4.50000379572118));
#2630 = CARTESIAN_POINT ('', (129.677480493989, 56.7355407400438, -4.50000202880341));
#2631 = CARTESIAN_POINT ('', (129.700118231725, 56.7146899225304, -4.50000026191243));
#2632 = CARTESIAN_POINT ('', (129.721807859476, 56.692777480697, -4.50000126318078));
#2633 = CARTESIAN_POINT ('', (129.742426228609, 56.6699278282573, -4.50000252594827));
#2634 = CARTESIAN_POINT ('', (129.763044807115, 56.6470779437865, -4.50000378872859));
#2635 = CARTESIAN_POINT ('', (129.782498963381, 56.6234120750426, -4.49999945538884));
#2636 = CARTESIAN_POINT ('', (129.800927239278, 56.5987616866352, -4.50000004464005));
#2637 = CARTESIAN_POINT ('', (129.819355595443, 56.5741111908585, -4.50000063389382));
#2638 = CARTESIAN_POINT ('', (129.83644200321, 56.5489189617018, -4.50000356802855));
#2639 = CARTESIAN_POINT ('', (129.852528768579, 56.5226803026175, -4.50000191018235));
#2640 = CARTESIAN_POINT ('', (129.868615109891, 56.4964423352016, -4.50000025237986));
#2641 = CARTESIAN_POINT ('', (129.883223564685, 56.4699609942292, -4.5000010507947));
#2642 = CARTESIAN_POINT ('', (129.896837897023, 56.44235934088, -4.50000207450317));
#2643 = CARTESIAN_POINT ('', (129.905914436627, 56.4239575938408, -4.50000275699939));
#2644 = CARTESIAN_POINT ('', (129.914290533545, 56.405578387165, -4.50000184417681));
#2645 = CARTESIAN_POINT ('', (129.922224120411, 56.3866557535221, -4.50000074935446));
#2646 = CARTESIAN_POINT ('', (129.93015738855, 56.3677338800872, -4.49999965457609));
#2647 = CARTESIAN_POINT ('', (129.937372314771, 56.3489328266854, -4.50000043362912));
#2648 = CARTESIAN_POINT ('', (129.944134141072, 56.3295614110624, -4.500001254584));
#2649 = CARTESIAN_POINT ('', (129.950896269299, 56.3101891304779, -4.50000207557553));
#2650 = CARTESIAN_POINT ('', (129.956931341144, 56.2910385197337, -4.50000192060949));
#2651 = CARTESIAN_POINT ('', (129.962497812028, 56.2712894429215, -4.50000100726883));
#2652 = CARTESIAN_POINT ('', (129.968064014358, 56.2515413189044, -4.50000009397224));
#2653 = CARTESIAN_POINT ('', (129.972904108473, 56.2321175709145, -4.49999998506719));
#2654 = CARTESIAN_POINT ('', (129.97725520275, 56.2120666609753, -4.50000075804242));
#2655 = CARTESIAN_POINT ('', (129.981606528747, 56.1920146832189, -4.50000153105882));
#2656 = CARTESIAN_POINT ('', (129.985242269434, 56.172391085531, -4.50000185779046));
#2657 = CARTESIAN_POINT ('', (129.988363388709, 56.1521111825613, -4.50000116782029));
#2658 = CARTESIAN_POINT ('', (129.991484384383, 56.1318320827038, -4.50000047787744));
#2659 = CARTESIAN_POINT ('', (129.993910329709, 56.1120858555001, -4.49999975993869));
#2660 = CARTESIAN_POINT ('', (129.995790880859, 56.0916543594008, -4.49999989736114));
#2661 = CARTESIAN_POINT ('', (129.997671480575, 56.0712223356599, -4.50000003478713));
#2662 = CARTESIAN_POINT ('', (129.998887483104, 56.0514276224167, -4.49999993848518));
#2663 = CARTESIAN_POINT ('', (129.999521892055, 56.0309190443408, -4.49999972566447));
#2664 = CARTESIAN_POINT ('', (129.999842595546, 56.0205516424059, -4.49999961808032));
#2665 = CARTESIAN_POINT ('', (130., 56.0103723610336, -4.49999954240321));
#2666 = CARTESIAN_POINT ('', (130., 56., -4.49999999999997));
#2667 = B_SPLINE_CURVE_WITH_KNOTS ('', 3, (#2525, #2526, #2527, #2528, #2529, #2530, #2531, #2532, #2533, #2534, #2535, #2536, #2537, #2538, #2539, #2540, #2541, #2542, #2543, #2544, #2545, #2546, #2547, #2548, #2549, #2550, #2551, #2552, #2553, #2554, #2555, #2556, #2557, #2558, #2559, #2560, #2561, #2562, #2563, #2564, #2565, #2566, #2567, #2568, #2569, #2570, #2571, #2572, #2573, #2574, #2575, #2576, #2577, #2578, #2579, #2580, #2581, #2582, #2583, #2584, #2585, #2586, #2587, #2588, #2589, #2590, #2591, #2592, #2593, #2594, #2595, #2596, #2597, #2598, #2599, #2600, #2601, #2602, #2603, #2604, #2605, #2606, #2607, #2608, #2609, #2610, #2611, #2612, #2613, #2614, #2615, #2616, #2617, #2618, #2619, #2620, #2621, #2622, #2623, #2624, #2625, #2626, #2627, #2628, #2629, #2630, #2631, #2632, #2633, #2634, #2635, #2636, #2637, #2638, #2639, #2640, #2641, #2642, #2643, #2644, #2645, #2646, #2647, #2648, #2649, #2650, #2651, #2652, #2653, #2654, #2655, #2656, #2657, #2658, #2659, #2660, #2661, #2662, #2663, #2664, #2665, #2666), .UNSPECIFIED., .F., .U., (4, 3, 3, 3, 3, 3, 3, 3, 3, 3, 3, 3, 3, 3, 3, 3, 3, 3, 3, 3, 3, 3, 3, 3, 3, 3, 3, 3, 3, 3, 3, 3, 3, 3, 3, 3, 3, 3, 3, 3, 3, 3, 3, 3, 3, 3, 3, 4), (3.1407399453815, 3.1530196705789, 3.19397926646285, 3.23504992600052, 3.29659883451195, 3.35815456667936, 3.41971000898153, 3.48126249934275, 3.54281787322738, 3.6043720476581, 3.66592643904447, 3.75825779090742, 3.85058998643845, 3.94292100060384, 4.03525353495889, 4.12758407620722, 4.21991576540856, 4.28147091836995, 4.34302463809304, 4.40457942238526, 4.46613544806724, 4.52768756353778, 4.58924626449528, 4.6507869749032, 4.71239790997033, 4.77373981167706, 4.83534483164996, 4.89688650722705, 4.95844456607871, 5.01999817928206, 5.08155136592322, 5.14310729294693, 5.20466094170066, 5.26621617195424, 5.35854675852331, 5.45087916016275, 5.54321016186411, 5.63554210115794, 5.72787444262054, 5.82020435014145, 5.88175977875501, 5.94331273440778, 6.00486843848815, 6.0664211728108, 6.1279771851426, 6.18953075977091, 6.25108592401494, 6.28220300714597), .UNSPECIFIED.);
#2668 = EDGE_CURVE ('', #2286, #2293, #2667, .T.);
#2669 = ORIENTED_EDGE ('', *, *, #2668, .T.);
#2670 = CARTESIAN_POINT ('', (130., 56., -3.5));
#2671 = VERTEX_POINT ('', #2670);
#2672 = CARTESIAN_POINT ('', (130., 56., -3.5));
#2673 = CARTESIAN_POINT ('', (130., 56., -4.50000000000003));
#2674 = B_SPLINE_CURVE_WITH_KNOTS ('', 1, (#2672, #2673), .UNSPECIFIED., .F., .U., (2, 2), (0., 0.666666666666688), .UNSPECIFIED.);
#2675 = EDGE_CURVE ('', #2671, #2293, #2674, .T.);
#2676 = ORIENTED_EDGE ('', *, *, #2675, .F.);
#2677 = CARTESIAN_POINT ('', (130., 56., -3.5));
#2678 = CARTESIAN_POINT ('', (130., 57., -3.5));
#2679 = CARTESIAN_POINT ('', (129., 57., -3.5));
#2680 = CARTESIAN_POINT ('', (128., 57., -3.5));
#2681 = CARTESIAN_POINT ('', (128., 56., -3.5));
#2682 = (
   BOUNDED_CURVE ()
   B_SPLINE_CURVE (2, (#2677, #2678, #2679, #2680, #2681), .UNSPECIFIED., .F., .U.)
   B_SPLINE_CURVE_WITH_KNOTS ((3, 2, 3), (0., 0.25, 0.5), .UNSPECIFIED.)
   CURVE ()
   GEOMETRIC_REPRESENTATION_ITEM ()
   RATIONAL_B_SPLINE_CURVE ((1., 0.707106781186548, 1., 0.707106781186548, 1.))
   REPRESENTATION_ITEM ('')
);
#2683 = EDGE_CURVE ('', #2671, #2519, #2682, .T.);
#2684 = ORIENTED_EDGE ('', *, *, #2683, .T.);
#2685 = EDGE_LOOP ('', (#2524, #2669, #2676, #2684));
#2686 = FACE_OUTER_BOUND ('', #2685, .T.);
#2687 = CARTESIAN_POINT ('', (130., 56., -3.5));
#2688 = CARTESIAN_POINT ('', (130., 56., -4.50000384541687));
#2689 = CARTESIAN_POINT ('', (130., 57., -3.5));
#2690 = CARTESIAN_POINT ('', (130., 57., -4.50000384541687));
#2691 = CARTESIAN_POINT ('', (129., 57., -3.5));
#2692 = CARTESIAN_POINT ('', (129., 57., -4.50000384541687));
#2693 = CARTESIAN_POINT ('', (128., 57., -3.5));
#2694 = CARTESIAN_POINT ('', (128., 57., -4.50000384541687));
#2695 = CARTESIAN_POINT ('', (128., 56., -3.5));
#2696 = CARTESIAN_POINT ('', (128., 56., -4.50000384541687));
#2697 = (
   BOUNDED_SURFACE ()
   B_SPLINE_SURFACE (2, 1, ((#2687, #2688), (#2689, #2690), (#2691, #2692), (#2693, #2694), (#2695, #2696)), .UNSPECIFIED., .F., .F., .U.)
   B_SPLINE_SURFACE_WITH_KNOTS ((3, 2, 3), (2, 2), (0., 0.25, 0.5), (0., 0.666669230277915), .UNSPECIFIED.)
   GEOMETRIC_REPRESENTATION_ITEM ()
   RATIONAL_B_SPLINE_SURFACE (((1., 1.), (0.707106781186548, 0.707106781186548), (1., 1.), (0.707106781186548, 0.707106781186548), (1., 1.)))
   REPRESENTATION_ITEM ('')
   SURFACE ()
);
#2698 = ADVANCED_FACE ('', (#2686), #2697, .T.);
#2699 = CARTESIAN_POINT ('', (127.999999696782, 0.500000000003285, -4.49999980803472));
#2700 = VERTEX_POINT ('', #2699);
#2701 = CARTESIAN_POINT ('', (127.5, 0.5, -5.));
#2702 = CARTESIAN_POINT ('', (128.000002361026, 0.499999999999978, -4.49999763897368));
#2703 = B_SPLINE_CURVE_WITH_KNOTS ('', 1, (#2701, #2702), .UNSPECIFIED., .F., .U., (2, 2), (0., 0.500002361026319), .UNSPECIFIED.);
#2704 = EDGE_CURVE ('', #2126, #2700, #2703, .T.);
#2705 = ORIENTED_EDGE ('', *, *, #2704, .T.);
#2706 = CARTESIAN_POINT ('', (130., 0.5, -4.50000000000001));
#2707 = VERTEX_POINT ('', #2706);
#2708 = CARTESIAN_POINT ('', (130., 0.499999999999994, -4.50000000000001));
#2709 = CARTESIAN_POINT ('', (130., 0.479480896835241, -4.4999990947601));
#2710 = CARTESIAN_POINT ('', (129.999336156561, 0.458187564220489, -4.49999995446892));
#2711 = CARTESIAN_POINT ('', (129.998057986934, 0.437708309402331, -4.50000000923468));
#2712 = CARTESIAN_POINT ('', (129.99677988675, 0.417230167230728, -4.50000006399746));
#2713 = CARTESIAN_POINT ('', (129.994798353339, 0.396090308248361, -4.49999948603104));
#2714 = CARTESIAN_POINT ('', (129.992248610887, 0.375731362796147, -4.50000010552205));
#2715 = CARTESIAN_POINT ('', (129.98969884791, 0.355372253459001, -4.50000072501804));
#2716 = CARTESIAN_POINT ('', (129.986417103731, 0.334463623058033, -4.50000183471392));
#2717 = CARTESIAN_POINT ('', (129.982606930697, 0.314302343188195, -4.50000153957007));
#2718 = CARTESIAN_POINT ('', (129.978796813885, 0.294141360809468, -4.50000124443058));
#2719 = CARTESIAN_POINT ('', (129.97423704551, 0.273542142204414, -4.49999968225038));
#2720 = CARTESIAN_POINT ('', (129.969182608348, 0.253656598069288, -4.50000003193487));
#2721 = CARTESIAN_POINT ('', (129.964128026484, 0.233770484629618, -4.50000038162937));
#2722 = CARTESIAN_POINT ('', (129.958316596139, 0.213555750850375, -4.50000197563086));
#2723 = CARTESIAN_POINT ('', (129.952038393351, 0.194021409923792, -4.50000186812544));
#2724 = CARTESIAN_POINT ('', (129.945760373999, 0.174487639747908, -4.50000176062317));
#2725 = CARTESIAN_POINT ('', (129.938728608983, 0.15473259583083, -4.50000005596494));
#2726 = CARTESIAN_POINT ('', (129.931252427847, 0.135625308741908, -4.49999998616423));
#2727 = CARTESIAN_POINT ('', (129.923776007479, 0.11651741023483, -4.49999991636128));
#2728 = CARTESIAN_POINT ('', (129.91555871078, 0.097292592864712, -4.50000206035505));
#2729 = CARTESIAN_POINT ('', (129.906913942153, 0.0786840834619388, -4.50000232790572));
#2730 = CARTESIAN_POINT ('', (129.898269450726, 0.060076170752427, -4.5000025954478));
#2731 = CARTESIAN_POINT ('', (129.888906530171, 0.0414521156236924, -4.5000010160222));
#2732 = CARTESIAN_POINT ('', (129.879128022529, 0.0234143099033272, -4.50000024866424));
#2733 = CARTESIAN_POINT ('', (129.869349223806, 0.00537596724560035, -4.49999948128344));
#2734 = CARTESIAN_POINT ('', (129.858883433716, -0.0125819485686749, -4.50000148300577));
#2735 = CARTESIAN_POINT ('', (129.848009030143, -0.0299817777955234, -4.50000232029056));
#2736 = CARTESIAN_POINT ('', (129.83169783921, -0.0560808585251524, -4.50000357618583));
#2737 = CARTESIAN_POINT ('', (129.813935794536, -0.0817694898653684, -4.49999941714408));
#2738 = CARTESIAN_POINT ('', (129.795277438586, -0.106245656211773, -4.5000000475719));
#2739 = CARTESIAN_POINT ('', (129.776618742312, -0.130722268997385, -4.50000067801122));
#2740 = CARTESIAN_POINT ('', (129.75668469229, -0.154504032051661, -4.50000378719863));
#2741 = CARTESIAN_POINT ('', (129.735843697164, -0.177151425712281, -4.50000204312623));
#2742 = CARTESIAN_POINT ('', (129.715003003565, -0.19979849171056, -4.50000029907906));
#2743 = CARTESIAN_POINT ('', (129.693099573408, -0.221498583125132, -4.50000122686617));
#2744 = CARTESIAN_POINT ('', (129.670259121457, -0.242127152247981, -4.50000252027753));
#2745 = CARTESIAN_POINT ('', (129.647418445499, -0.262755923685424, -4.50000381370158));
#2746 = CARTESIAN_POINT ('', (129.623760524611, -0.282221228699228, -4.49999950955494));
#2747 = CARTESIAN_POINT ('', (129.599118350416, -0.300660478726821, -4.50000003417648));
#2748 = CARTESIAN_POINT ('', (129.574476069574, -0.319099808556005, -4.50000055880028));
#2749 = CARTESIAN_POINT ('', (129.549290667054, -0.336197951429641, -4.50000354545446));
#2750 = CARTESIAN_POINT ('', (129.523059165507, -0.352296374143818, -4.50000191378055));
#2751 = CARTESIAN_POINT ('', (129.496828286291, -0.368394414930839, -4.50000028214535));
#2752 = CARTESIAN_POINT ('', (129.470352538566, -0.383015116183082, -4.50000103656301));
#2753 = CARTESIAN_POINT ('', (129.442756855555, -0.396641715993145, -4.50000208290461));
#2754 = CARTESIAN_POINT ('', (129.424359198379, -0.405726380129781, -4.50000278048597));
#2755 = CARTESIAN_POINT ('', (129.405983380856, -0.414110769753824, -4.50000187945525));
#2756 = CARTESIAN_POINT ('', (129.387064330606, -0.42205271214416, -4.50000077245308));
#2757 = CARTESIAN_POINT ('', (129.368146099763, -0.429994310559439, -4.49999966549885));
#2758 = CARTESIAN_POINT ('', (129.349347965645, -0.437217673405548, -4.50000042089983));
#2759 = CARTESIAN_POINT ('', (129.329979676433, -0.443988036545649, -4.50000131046735));
#2760 = CARTESIAN_POINT ('', (129.310610181159, -0.450758821275724, -4.50000220009025));
#2761 = CARTESIAN_POINT ('', (129.291461622243, -0.456802562513505, -4.50000217610906));
#2762 = CARTESIAN_POINT ('', (129.271714790765, -0.462377822104918, -4.50000122541771));
#2763 = CARTESIAN_POINT ('', (129.251968659121, -0.467952884107424, -4.50000027476006));
#2764 = CARTESIAN_POINT ('', (129.232546170881, -0.4728017626633, -4.49999985541518));
#2765 = CARTESIAN_POINT ('', (129.212496700911, -0.477161783995921, -4.50000004786818));
#2766 = CARTESIAN_POINT ('', (129.192448336003, -0.48152156501815, -4.50000024031057));
#2767 = CARTESIAN_POINT ('', (129.172827525308, -0.485165768346592, -4.49999970585357));
#2768 = CARTESIAN_POINT ('', (129.152550727764, -0.488295641728012, -4.49999947220643));
#2769 = CARTESIAN_POINT ('', (129.132268153395, -0.491426406805166, -4.49999923849273));
#2770 = CARTESIAN_POINT ('', (129.112517948425, -0.493861607969137, -4.50000112060197));
#2771 = CARTESIAN_POINT ('', (129.092082361293, -0.495751394043093, -4.50000158850513));
#2772 = CARTESIAN_POINT ('', (129.078470311287, -0.497010171800303, -4.50000190017325));
#2773 = CARTESIAN_POINT ('', (129.065138933863, -0.497969835075197, -4.50000054082725));
#2774 = CARTESIAN_POINT ('', (129.051486936067, -0.49867366812911, -4.49999909092569));
#2775 = CARTESIAN_POINT ('', (129.037815631517, -0.499378496548824, -4.49999763897368));
#2776 = CARTESIAN_POINT ('', (129.024457007687, -0.499794606970348, -4.49999828866047));
#2777 = CARTESIAN_POINT ('', (129.010768340058, -0.499942019745344, -4.49999944262581));
#2778 = CARTESIAN_POINT ('', (129.001643759417, -0.500040282029842, -4.50000021183506));
#2779 = CARTESIAN_POINT ('', (128.992558618326, -0.500013946635785, -4.49999973325117));
#2780 = CARTESIAN_POINT ('', (128.983434760695, -0.499862787009687, -4.49999893204372));
#2781 = CARTESIAN_POINT ('', (128.969778080742, -0.499636529792719, -4.49999773278852));
#2782 = CARTESIAN_POINT ('', (128.955789754553, -0.499115614078884, -4.49999825484224));
#2783 = CARTESIAN_POINT ('', (128.942154071447, -0.498325522337196, -4.49999980289149));
#2784 = CARTESIAN_POINT ('', (128.921650050317, -0.497137458809998, -4.50000213069819));
#2785 = CARTESIAN_POINT ('', (128.900474948227, -0.495246999719743, -4.50000118176352));
#2786 = CARTESIAN_POINT ('', (128.880084738385, -0.492784130630569, -4.50000002496112));
#2787 = CARTESIAN_POINT ('', (128.859719682513, -0.490324299809985, -4.49999886958579));
#2788 = CARTESIAN_POINT ('', (128.83879748903, -0.48713450791999, -4.49999967525908));
#2789 = CARTESIAN_POINT ('', (128.818624644524, -0.48341394154553, -4.4999999909407));
#2790 = CARTESIAN_POINT ('', (128.798445437753, -0.479692201750412, -4.50000030672187));
#2791 = CARTESIAN_POINT ('', (128.777820097214, -0.475221586374565, -4.49999959553736));
#2792 = CARTESIAN_POINT ('', (128.75791092587, -0.470254028688694, -4.49999995893104));
#2793 = CARTESIAN_POINT ('', (128.738003273167, -0.465286849920808, -4.500000322297));
#2794 = CARTESIAN_POINT ('', (128.717759336228, -0.459563023055135, -4.50000204893178));
#2795 = CARTESIAN_POINT ('', (128.698198096191, -0.453370657644494, -4.50000204268165));
#2796 = CARTESIAN_POINT ('', (128.678637168163, -0.447178391004282, -4.50000203643162));
#2797 = CARTESIAN_POINT ('', (128.658847474806, -0.440231848335815, -4.50000039015601));
#2798 = CARTESIAN_POINT ('', (128.639707797982, -0.432839498072943, -4.50000003650226));
#2799 = CARTESIAN_POINT ('', (128.620567145631, -0.425446771030486, -4.49999968283049));
#2800 = CARTESIAN_POINT ('', (128.601302305389, -0.417311923664687, -4.50000180930802));
#2801 = CARTESIAN_POINT ('', (128.582655967583, -0.408748567319845, -4.50000226698057));
#2802 = CARTESIAN_POINT ('', (128.564010369707, -0.400185550788759, -4.50000272463496));
#2803 = CARTESIAN_POINT ('', (128.545341638271, -0.390902215555622, -4.50000137981228));
#2804 = CARTESIAN_POINT ('', (128.527261225047, -0.381202616119288, -4.50000044194206));
#2805 = CARTESIAN_POINT ('', (128.509180364183, -0.371502776538324, -4.49999950404862));
#2806 = CARTESIAN_POINT ('', (128.491173254622, -0.361113434806888, -4.50000112381291));
#2807 = CARTESIAN_POINT ('', (128.473726155074, -0.350315141666173, -4.50000210546257));
#2808 = CARTESIAN_POINT ('', (128.447556113266, -0.334118077955185, -4.50000357790288));
#2809 = CARTESIAN_POINT ('', (128.421782416372, -0.316462884610808, -4.49999994002808));
#2810 = CARTESIAN_POINT ('', (128.397225199093, -0.297911360610604, -4.49999999816545));
#2811 = CARTESIAN_POINT ('', (128.372667485908, -0.279359461982776, -4.500000056304));
#2812 = CARTESIAN_POINT ('', (128.348791945759, -0.259523090043085, -4.50000384481667));
#2813 = CARTESIAN_POINT ('', (128.326054125494, -0.238780724055611, -4.50000228474322));
#2814 = CARTESIAN_POINT ('', (128.303316681046, -0.218038700904062, -4.50000072469556));
#2815 = CARTESIAN_POINT ('', (128.281515127557, -0.196223176125728, -4.50000078838057));
#2816 = CARTESIAN_POINT ('', (128.260787675036, -0.173472448301572, -4.50000231688948));
#2817 = CARTESIAN_POINT ('', (128.240059971881, -0.150721445377821, -4.50000384541688));
#2818 = CARTESIAN_POINT ('', (128.220486405125, -0.127140973959871, -4.50000002150373));
#2819 = CARTESIAN_POINT ('', (128.20194062076, -0.102578814104541, -4.49999999783931));
#2820 = CARTESIAN_POINT ('', (128.183394854672, -0.0780166784547097, -4.49999997417492));
#2821 = CARTESIAN_POINT ('', (128.166182819386, -0.0528979591743199, -4.50000357808462));
#2822 = CARTESIAN_POINT ('', (128.149971281865, -0.0267363461400559, -4.50000213126359));
#2823 = CARTESIAN_POINT ('', (128.13376004367, -0.000575216149428924, -4.50000068446928));
#2824 = CARTESIAN_POINT ('', (128.119020709516, 0.025845279782099, -4.50000066860209));
#2825 = CARTESIAN_POINT ('', (128.105275254709, 0.0533820086884153, -4.50000192109129));
#2826 = CARTESIAN_POINT ('', (128.096111354356, 0.0717403564671507, -4.50000275610812));
#2827 = CARTESIAN_POINT ('', (128.087646117817, 0.0900836674790296, -4.50000214500168));
#2828 = CARTESIAN_POINT ('', (128.079622762258, 0.108968364135842, -4.50000100854312));
#2829 = CARTESIAN_POINT ('', (128.071599760462, 0.127852228136862, -4.49999987213468));
#2830 = CARTESIAN_POINT ('', (128.064294028212, 0.146623001261454, -4.50000018012046));
#2831 = CARTESIAN_POINT ('', (128.057440394671, 0.16596199257793, -4.50000111843803));
#2832 = CARTESIAN_POINT ('', (128.05058635136, 0.185302140150469, -4.50000205681171));
#2833 = CARTESIAN_POINT ('', (128.044459044329, 0.204428517524068, -4.50000229257865));
#2834 = CARTESIAN_POINT ('', (128.03879897024, 0.224151163879645, -4.500001417216));
#2835 = CARTESIAN_POINT ('', (128.033139057207, 0.243873249034134, -4.50000054187826));
#2836 = CARTESIAN_POINT ('', (128.028205707696, 0.263278964380963, -4.49999979522105));
#2837 = CARTESIAN_POINT ('', (128.023759618054, 0.283309629522173, -4.50000000533016));
#2838 = CARTESIAN_POINT ('', (128.019313799055, 0.30333907535392, -4.50000021542647));
#2839 = CARTESIAN_POINT ('', (128.01558461887, 0.322948308674247, -4.49999984242678));
#2840 = CARTESIAN_POINT ('', (128.012367801336, 0.343211479497136, -4.49999952972362));
#2841 = CARTESIAN_POINT ('', (128.009150075699, 0.363480370580689, -4.49999921693218));
#2842 = CARTESIAN_POINT ('', (128.006629672276, 0.383224258934041, -4.50000065402884));
#2843 = CARTESIAN_POINT ('', (128.004652339609, 0.403651492202645, -4.5000014551321));
#2844 = CARTESIAN_POINT ('', (128.003335124673, 0.417259246333552, -4.50000198879303));
#2845 = CARTESIAN_POINT ('', (128.002318138263, 0.430589562837591, -4.50000112056567));
#2846 = CARTESIAN_POINT ('', (128.001555818572, 0.444239650537999, -4.49999956515982));
#2847 = CARTESIAN_POINT ('', (128.000792779522, 0.457902619054166, -4.49999800828621));
#2848 = CARTESIAN_POINT ('', (128.000319518333, 0.471256417879599, -4.49999784509862));
#2849 = CARTESIAN_POINT ('', (128.000113421417, 0.484939124565796, -4.49999906536249));
#2850 = CARTESIAN_POINT ('', (128.000037544222, 0.489976586606722, -4.49999951461811));
#2851 = CARTESIAN_POINT ('', (127.999999650142, 0.494986857057991, -4.49999978771485));
#2852 = CARTESIAN_POINT ('', (127.999999696782, 0.500000000003285, -4.49999980803472));
#2853 = B_SPLINE_CURVE_WITH_KNOTS ('', 3, (#2708, #2709, #2710, #2711, #2712, #2713, #2714, #2715, #2716, #2717, #2718, #2719, #2720, #2721, #2722, #2723, #2724, #2725, #2726, #2727, #2728, #2729, #2730, #2731, #2732, #2733, #2734, #2735, #2736, #2737, #2738, #2739, #2740, #2741, #2742, #2743, #2744, #2745, #2746, #2747, #2748, #2749, #2750, #2751, #2752, #2753, #2754, #2755, #2756, #2757, #2758, #2759, #2760, #2761, #2762, #2763, #2764, #2765, #2766, #2767, #2768, #2769, #2770, #2771, #2772, #2773, #2774, #2775, #2776, #2777, #2778, #2779, #2780, #2781, #2782, #2783, #2784, #2785, #2786, #2787, #2788, #2789, #2790, #2791, #2792, #2793, #2794, #2795, #2796, #2797, #2798, #2799, #2800, #2801, #2802, #2803, #2804, #2805, #2806, #2807, #2808, #2809, #2810, #2811, #2812, #2813, #2814, #2815, #2816, #2817, #2818, #2819, #2820, #2821, #2822, #2823, #2824, #2825, #2826, #2827, #2828, #2829, #2830, #2831, #2832, #2833, #2834, #2835, #2836, #2837, #2838, #2839, #2840, #2841, #2842, #2843, #2844, #2845, #2846, #2847, #2848, #2849, #2850, #2851, #2852), .UNSPECIFIED., .F., .U., (4, 3, 3, 3, 3, 3, 3, 3, 3, 3, 3, 3, 3, 3, 3, 3, 3, 3, 3, 3, 3, 3, 3, 3, 3, 3, 3, 3, 3, 3, 3, 3, 3, 3, 3, 3, 3, 3, 3, 3, 3, 3, 3, 3, 3, 3, 3, 3, 4), (0., 0.0615573095541645, 0.123111274673726, 0.184665735288862, 0.246219287633041, 0.307774602197896, 0.369328118251149, 0.430883603968492, 0.492437115871452, 0.553992460058271, 0.646323130453182, 0.738655484936634, 0.830986503556194, 0.923318427711786, 1.01565075146251, 1.10798088467429, 1.16953609739144, 1.23108864407844, 1.29264502363763, 1.35419922161989, 1.41575002693219, 1.4773183679668, 1.51832875496814, 1.55939713915577, 1.58677246840406, 1.62774813081585, 1.68936336794041, 1.75090259467515, 1.81246123012152, 1.87401516996583, 1.93556812800293, 1.99712422332346, 2.05867787595596, 2.12023305254615, 2.21256367406012, 2.30489616008945, 2.3972271200203, 2.48955919640817, 2.5818911818047, 2.67422146239892, 2.7357767548748, 2.79732933328161, 2.85888559184635, 2.92044009884901, 2.98199085889707, 3.04355899462609, 3.08457306845011, 3.12562584493597, 3.14073994538151), .UNSPECIFIED.);
#2854 = EDGE_CURVE ('', #2707, #2700, #2853, .T.);
#2855 = ORIENTED_EDGE ('', *, *, #2854, .F.);
#2856 = CARTESIAN_POINT ('', (130.5, 0.5, -5.));
#2857 = CARTESIAN_POINT ('', (130., 0.499999999999989, -4.5));
#2858 = B_SPLINE_CURVE_WITH_KNOTS ('', 1, (#2856, #2857), .UNSPECIFIED., .F., .U., (2, 2), (0., 0.5), .UNSPECIFIED.);
#2859 = EDGE_CURVE ('', #2124, #2707, #2858, .T.);
#2860 = ORIENTED_EDGE ('', *, *, #2859, .F.);
#2861 = ORIENTED_EDGE ('', *, *, #2197, .F.);
#2862 = EDGE_LOOP ('', (#2705, #2855, #2860, #2861));
#2863 = FACE_OUTER_BOUND ('', #2862, .T.);
#2864 = CARTESIAN_POINT ('', (127.5, 0.5, -5.));
#2865 = CARTESIAN_POINT ('', (127.5, 0.4703291045598, -5.));
#2866 = CARTESIAN_POINT ('', (127.501736957262, 0.410987313679284, -5.));
#2867 = CARTESIAN_POINT ('', (127.509919884125, 0.319645817785937, -5.));
#2868 = CARTESIAN_POINT ('', (127.524011238606, 0.227185031645518, -5.));
#2869 = CARTESIAN_POINT ('', (127.5510453814, 0.102867101348442, -5.));
#2870 = CARTESIAN_POINT ('', (127.600888368354, -0.0529042208017606, -5.));
#2871 = CARTESIAN_POINT ('', (127.687275033012, -0.235256868628284, -5.));
#2872 = CARTESIAN_POINT ('', (127.799667727675, -0.407443392382879, -5.));
#2873 = CARTESIAN_POINT ('', (127.935953658507, -0.564046341492717, -5.));
#2874 = CARTESIAN_POINT ('', (128.092556607617, -0.700332272325185, -5.));
#2875 = CARTESIAN_POINT ('', (128.264743131372, -0.812724966988414, -5.));
#2876 = CARTESIAN_POINT ('', (128.447095779198, -0.899111631645555, -5.));
#2877 = CARTESIAN_POINT ('', (128.602867101348, -0.948954618600301, -5.));
#2878 = CARTESIAN_POINT ('', (128.727185031646, -0.975988761393839, -5.));
#2879 = CARTESIAN_POINT ('', (128.819645817786, -0.990080115875115, -5.));
#2880 = CARTESIAN_POINT ('', (128.910987313679, -0.998263042738181, -5.));
#2881 = CARTESIAN_POINT ('', (129., -1.00086847863056, -5.));
#2882 = CARTESIAN_POINT ('', (129.08901268632, -0.998263042739576, -5.));
#2883 = CARTESIAN_POINT ('', (129.180354182216, -0.990080115869537, -5.));
#2884 = CARTESIAN_POINT ('', (129.272814968346, -0.975988761414756, -5.));
#2885 = CARTESIAN_POINT ('', (129.397132898699, -0.948954618489212, -5.));
#2886 = CARTESIAN_POINT ('', (129.552904220424, -0.89911163254079, -5.));
#2887 = CARTESIAN_POINT ('', (129.735256870009, -0.812724963719801, -5.));
#2888 = CARTESIAN_POINT ('', (129.907443387238, -0.700332284504363, -5.));
#2889 = CARTESIAN_POINT ('', (130.06404636069, -0.564046296044709, -5.));
#2890 = CARTESIAN_POINT ('', (130.200332200681, -0.407443561995707, -5.));
#2891 = CARTESIAN_POINT ('', (130.312725234369, -0.235256235624997, -5.));
#2892 = CARTESIAN_POINT ('', (130.399110633766, -0.0529065832021125, -5.));
#2893 = CARTESIAN_POINT ('', (130.458926940127, 0.134030182376629, -5.));
#2894 = CARTESIAN_POINT ('', (130.493040408131, 0.320315793520319, -5.));
#2895 = CARTESIAN_POINT ('', (130.500002599365, 0.441080104513879, -5.));
#2896 = CARTESIAN_POINT ('', (130.5, 0.5, -5.));
#2897 = CARTESIAN_POINT ('', (128.000002361026, 0.499999999999978, -4.49999763897368));
#2898 = CARTESIAN_POINT ('', (128.000002361026, 0.480219449742355, -4.49999763897368));
#2899 = CARTESIAN_POINT ('', (128.0011603298, 0.44065834922703, -4.49999763897368));
#2900 = CARTESIAN_POINT ('', (128.006615601495, 0.379764162404583, -4.49999763897368));
#2901 = CARTESIAN_POINT ('', (128.016009815636, 0.31812378384587, -4.49999763897368));
#2902 = CARTESIAN_POINT ('', (128.034032534946, 0.235245359326422, -4.49999763897368));
#2903 = CARTESIAN_POINT ('', (128.067261114463, 0.131398056413082, -4.49999763897368));
#2904 = CARTESIAN_POINT ('', (128.12485208826, 0.00982991155500036, -4.49999763897368));
#2905 = CARTESIAN_POINT ('', (128.199780374461, -0.104960833256787, -4.49999763897368));
#2906 = CARTESIAN_POINT ('', (128.290637447166, -0.209362552834222, -4.49999763897368));
#2907 = CARTESIAN_POINT ('', (128.395039166743, -0.30021962553942, -4.49999763897368));
#2908 = CARTESIAN_POINT ('', (128.509829911555, -0.375147911740166, -4.49999763897368));
#2909 = CARTESIAN_POINT ('', (128.631398056413, -0.432738885537466, -4.49999763897368));
#2910 = CARTESIAN_POINT ('', (128.735245359326, -0.46596746505356, -4.49999763897368));
#2911 = CARTESIAN_POINT ('', (128.818123783846, -0.483990184363703, -4.49999763897368));
#2912 = CARTESIAN_POINT ('', (128.879764162405, -0.493384398504514, -4.49999763897368));
#2913 = CARTESIAN_POINT ('', (128.940658349227, -0.49883967019982, -4.49999763897368));
#2914 = CARTESIAN_POINT ('', (129., -0.500576623360405, -4.49999763897368));
#2915 = CARTESIAN_POINT ('', (129.059341650772, -0.498839670200749, -4.49999763897368));
#2916 = CARTESIAN_POINT ('', (129.120235837597, -0.493384398500794, -4.49999763897368));
#2917 = CARTESIAN_POINT ('', (129.181876216148, -0.483990184377646, -4.49999763897368));
#2918 = CARTESIAN_POINT ('', (129.264754640705, -0.465967464979498, -4.49999763897368));
#2919 = CARTESIAN_POINT ('', (129.368601943335, -0.432738886134284, -4.49999763897368));
#2920 = CARTESIAN_POINT ('', (129.490170089365, -0.37514790956109, -4.49999763897368));
#2921 = CARTESIAN_POINT ('', (129.604960829827, -0.300219633658846, -4.49999763897368));
#2922 = CARTESIAN_POINT ('', (129.709362565632, -0.209362522535614, -4.49999763897368));
#2923 = CARTESIAN_POINT ('', (129.800219577776, -0.104960946331729, -4.49999763897368));
#2924 = CARTESIAN_POINT ('', (129.875148089994, 0.00983033355620483, -4.49999763897368));
#2925 = CARTESIAN_POINT ('', (129.932738220286, 0.131396481483243, -4.49999763897368));
#2926 = CARTESIAN_POINT ('', (129.972615663708, 0.256020697627322, -4.49999763897368));
#2927 = CARTESIAN_POINT ('', (129.995357922015, 0.380210811839629, -4.49999763897368));
#2928 = CARTESIAN_POINT ('', (129.99999937188, 0.460720162416857, -4.49999763897368));
#2929 = CARTESIAN_POINT ('', (129.999997638974, 0.499999999999989, -4.49999763897368));
#2930 = B_SPLINE_SURFACE_WITH_KNOTS ('', 1, 3, ((#2864, #2865, #2866, #2867, #2868, #2869, #2870, #2871, #2872, #2873, #2874, #2875, #2876, #2877, #2878, #2879, #2880, #2881, #2882, #2883, #2884, #2885, #2886, #2887, #2888, #2889, #2890, #2891, #2892, #2893, #2894, #2895, #2896), (#2897, #2898, #2899, #2900, #2901, #2902, #2903, #2904, #2905, #2906, #2907, #2908, #2909, #2910, #2911, #2912, #2913, #2914, #2915, #2916, #2917, #2918, #2919, #2920, #2921, #2922, #2923, #2924, #2925, #2926, #2927, #2928, #2929)), .UNSPECIFIED., .F., .F., .U., (2, 2), (4, 1, 1, 1, 1, 1, 1, 1, 1, 1, 1, 1, 1, 1, 1, 1, 1, 1, 1, 1, 1, 1, 1, 1, 1, 1, 1, 1, 1, 1, 4), (0., 0.500002361026319), (0.5, 0.510416666666659, 0.520833333333326, 0.531249999999993, 0.54166666666666, 0.562499999999994, 0.583333333333328, 0.604166666666663, 0.624999999999995, 0.645833333333331, 0.666666666666665, 0.687499999999996, 0.708333333333332, 0.718749999999999, 0.729166666666666, 0.739583333333333, 0.75, 0.760416666666667, 0.770833333333334, 0.781250000000001, 0.791666666666667, 0.8125, 0.833333333333331, 0.85416666666667, 0.875000000000002, 0.895833333333335, 0.916666666666669, 0.937500000000001, 0.958333333333334, 0.979166666666667, 1.), .UNSPECIFIED.);
#2931 = ADVANCED_FACE ('', (#2863), #2930, .T.);
#2932 = CARTESIAN_POINT ('', (128., 0.5, -3.5));
#2933 = VERTEX_POINT ('', #2932);
#2934 = CARTESIAN_POINT ('', (128., 0.5, -3.5));
#2935 = CARTESIAN_POINT ('', (128., 0.5, -4.50000384541688));
#2936 = B_SPLINE_CURVE_WITH_KNOTS ('', 1, (#2934, #2935), .UNSPECIFIED., .F., .U., (2, 2), (0., 0.666669230277923), .UNSPECIFIED.);
#2937 = EDGE_CURVE ('', #2933, #2700, #2936, .T.);
#2938 = ORIENTED_EDGE ('', *, *, #2937, .T.);
#2939 = CARTESIAN_POINT ('', (127.999999696782, 0.500000000003285, -4.49999980803472));
#2940 = CARTESIAN_POINT ('', (127.999999734676, 0.504073018967553, -4.49999982454396));
#2941 = CARTESIAN_POINT ('', (128.000024817409, 0.50814793407803, -4.49999967419404));
#2942 = CARTESIAN_POINT ('', (128.000074922245, 0.512240869119894, -4.49999931589369));
#2943 = CARTESIAN_POINT ('', (128.000242049262, 0.525893044767279, -4.49999812076613));
#2944 = CARTESIAN_POINT ('', (128.000702249824, 0.539880024106118, -4.49999779535715));
#2945 = CARTESIAN_POINT ('', (128.001432882438, 0.553513659221492, -4.49999931163564));
#2946 = CARTESIAN_POINT ('', (128.002165496193, 0.567184262507493, -4.50000083202558));
#2947 = CARTESIAN_POINT ('', (128.0032047862, 0.581158633950863, -4.50000196901017));
#2948 = CARTESIAN_POINT ('', (128.004502444002, 0.594787214340924, -4.50000151197359));
#2949 = CARTESIAN_POINT ('', (128.006447127196, 0.615211143662025, -4.50000082705392));
#2950 = CARTESIAN_POINT ('', (128.009111430522, 0.63623788592225, -4.49999921726175));
#2951 = CARTESIAN_POINT ('', (128.01232226026, 0.656501381533972, -4.49999952532531));
#2952 = CARTESIAN_POINT ('', (128.015533445968, 0.676767123670069, -4.49999983342302));
#2953 = CARTESIAN_POINT ('', (128.019487237508, 0.697524010208026, -4.50000020703673));
#2954 = CARTESIAN_POINT ('', (128.023951077524, 0.717551145558371, -4.49999999628269));
#2955 = CARTESIAN_POINT ('', (128.02841489652, 0.737578186601175, -4.49999978552964));
#2956 = CARTESIAN_POINT ('', (128.033633452116, 0.757985858493708, -4.50000066416888));
#2957 = CARTESIAN_POINT ('', (128.039331379212, 0.777697319096936, -4.50000149734192));
#2958 = CARTESIAN_POINT ('', (128.04502903306, 0.79740783442114, -4.500002330475));
#2959 = CARTESIAN_POINT ('', (128.051483116938, 0.817390438135976, -4.50000194135008));
#2960 = CARTESIAN_POINT ('', (128.05839156094, 0.836709886238195, -4.50000098750145));
#2961 = CARTESIAN_POINT ('', (128.065300328578, 0.856030239390414, -4.50000003360814));
#2962 = CARTESIAN_POINT ('', (128.072957333988, 0.875516847172049, -4.50000008203586));
#2963 = CARTESIAN_POINT ('', (128.081049245426, 0.894372299570047, -4.50000120936276));
#2964 = CARTESIAN_POINT ('', (128.089140999187, 0.913227384555022, -4.50000233666769));
#2965 = CARTESIAN_POINT ('', (128.097963032572, 0.932146155950833, -4.50000268274715));
#2966 = CARTESIAN_POINT ('', (128.107205690627, 0.950464561481212, -4.50000173352569));
#2967 = CARTESIAN_POINT ('', (128.116448381258, 0.968783031577168, -4.50000078430089));
#2968 = CARTESIAN_POINT ('', (128.126394152457, 0.98706654249229, -4.49999951122562));
#2969 = CARTESIAN_POINT ('', (128.136751269561, 1.00477879253689, -4.50000066101185));
#2970 = CARTESIAN_POINT ('', (128.152286905639, 1.03134709992032, -4.5000023856868));
#2971 = CARTESIAN_POINT ('', (128.169320717104, 1.05760125530106, -4.50000274041782));
#2972 = CARTESIAN_POINT ('', (128.187251936425, 1.08261529773542, -4.5000009233912));
#2973 = CARTESIAN_POINT ('', (128.205183319591, 1.10762956873297, -4.49999910634797));
#2974 = CARTESIAN_POINT ('', (128.224449917204, 1.13203585130391, -4.50000282285677));
#2975 = CARTESIAN_POINT ('', (128.244617870879, 1.15528454811934, -4.50000292182612));
#2976 = CARTESIAN_POINT ('', (128.26478556651, 1.17853294747395, -4.5000030207942));
#2977 = CARTESIAN_POINT ('', (128.286087166574, 1.20091061504681, -4.49999893197558));
#2978 = CARTESIAN_POINT ('', (128.308314277171, 1.22219862976499, -4.50000080275296));
#2979 = CARTESIAN_POINT ('', (128.330541753728, 1.24348699498099, -4.50000267356113));
#2980 = CARTESIAN_POINT ('', (128.353667643273, 1.26367646281361, -4.50000299072992));
#2981 = CARTESIAN_POINT ('', (128.377761123321, 1.28282742692715, -4.5000010235509));
#2982 = CARTESIAN_POINT ('', (128.401854083283, 1.30197797764455, -4.49999905641434));
#2983 = CARTESIAN_POINT ('', (128.426579892309, 1.31983937110407, -4.50000255926284));
#2984 = CARTESIAN_POINT ('', (128.452330723445, 1.33669490468037, -4.50000269713458));
#2985 = CARTESIAN_POINT ('', (128.478081874744, 1.35355064782285, -4.50000283500804));
#2986 = CARTESIAN_POINT ('', (128.504174800201, 1.36896755354393, -4.49999909650596));
#2987 = CARTESIAN_POINT ('', (128.531363124787, 1.38339089829526, -4.50000066796881));
#2988 = CARTESIAN_POINT ('', (128.54948887872, 1.39300656979507, -4.50000171562252));
#2989 = CARTESIAN_POINT ('', (128.567638349962, 1.40193370469861, -4.50000277633611));
#2990 = CARTESIAN_POINT ('', (128.586318733845, 1.41042177589993, -4.50000216155582));
#2991 = CARTESIAN_POINT ('', (128.604998682778, 1.41890964946664, -4.50000154678985));
#2992 = CARTESIAN_POINT ('', (128.623605519641, 1.42668666745856, -4.49999958743447));
#2993 = CARTESIAN_POINT ('', (128.642769578569, 1.43401628786866, -4.50000010666946));
#2994 = CARTESIAN_POINT ('', (128.661933968938, 1.44134603504425, -4.50000062591342));
#2995 = CARTESIAN_POINT ('', (128.680925556004, 1.44795173835, -4.50000212343102));
#2996 = CARTESIAN_POINT ('', (128.700501965983, 1.45409691730989, -4.50000203802237));
#2997 = CARTESIAN_POINT ('', (128.720078770765, 1.46024222020105, -4.50000195261201));
#2998 = CARTESIAN_POINT ('', (128.739380857979, 1.46565971172315, -4.50000022984888));
#2999 = CARTESIAN_POINT ('', (128.759296256117, 1.47059863366938, -4.49999993610218));
#3000 = CARTESIAN_POINT ('', (128.779210389174, 1.47553724188142, -4.49999964237414));
#3001 = CARTESIAN_POINT ('', (128.798746391761, 1.47975402408839, -4.50000030665862));
#3002 = CARTESIAN_POINT ('', (128.81892459533, 1.48346921549364, -4.49999998621192));
#3003 = CARTESIAN_POINT ('', (128.839104957774, 1.48718480438879, -4.49999966573093));
#3004 = CARTESIAN_POINT ('', (128.858802755444, 1.49019411771523, -4.49999887594846));
#3005 = CARTESIAN_POINT ('', (128.879171984896, 1.49267345626138, -4.49999997444754));
#3006 = CARTESIAN_POINT ('', (128.899535261433, 1.49515207022006, -4.50000107262559));
#3007 = CARTESIAN_POINT ('', (128.91931174915, 1.49695045650697, -4.5000023063224));
#3008 = CARTESIAN_POINT ('', (128.939788099702, 1.49818561753939, -4.5000000672864));
#3009 = CARTESIAN_POINT ('', (128.960287816002, 1.4994221880252, -4.49999782569542));
#3010 = CARTESIAN_POINT ('', (128.98009531408, 1.50001278539746, -4.50000016785693));
#3011 = CARTESIAN_POINT ('', (129.00063228833, 1.49999980010571, -4.49999999735084));
#3012 = CARTESIAN_POINT ('', (129.021079584811, 1.49998687151619, -4.49999982758928));
#3013 = CARTESIAN_POINT ('', (129.042294611125, 1.49931439395515, -4.49999823503246));
#3014 = CARTESIAN_POINT ('', (129.062701677718, 1.49803231391142, -4.50000033158267));
#3015 = CARTESIAN_POINT ('', (129.083196277821, 1.49674473454881, -4.50000243712577));
#3016 = CARTESIAN_POINT ('', (129.104352942518, 1.49475230579552, -4.50000065046186));
#3017 = CARTESIAN_POINT ('', (129.124727591781, 1.49219102387017, -4.49999978699282));
#3018 = CARTESIAN_POINT ('', (129.14508129113, 1.48963237554281, -4.49999892441163));
#3019 = CARTESIAN_POINT ('', (129.165983456488, 1.48634188389804, -4.49999982364727));
#3020 = CARTESIAN_POINT ('', (129.186138836328, 1.48252345193908, -4.50000005588889));
#3021 = CARTESIAN_POINT ('', (129.20629958182, 1.47870400345889, -4.50000028819234));
#3022 = CARTESIAN_POINT ('', (129.226897827753, 1.47413470300876, -4.49999945913384));
#3023 = CARTESIAN_POINT ('', (129.246782535269, 1.46907088506783, -4.5000000748872));
#3024 = CARTESIAN_POINT ('', (129.266665806736, 1.46400743282968, -4.50000069059608));
#3025 = CARTESIAN_POINT ('', (129.286876888805, 1.45818716005932, -4.5000022074434));
#3026 = CARTESIAN_POINT ('', (129.306407856904, 1.45190032315747, -4.50000201961044));
#3027 = CARTESIAN_POINT ('', (129.325938689655, 1.44561352982295, -4.50000183177879));
#3028 = CARTESIAN_POINT ('', (129.345690023687, 1.43857305774326, -4.5000000414333));
#3029 = CARTESIAN_POINT ('', (129.364793841331, 1.43108831660962, -4.49999998712026));
#3030 = CARTESIAN_POINT ('', (129.383898509488, 1.42360324225109, -4.49999993280479));
#3031 = CARTESIAN_POINT ('', (129.403119352217, 1.415377409898, -4.50000209440307));
#3032 = CARTESIAN_POINT ('', (129.421724101857, 1.40672420388599, -4.50000235162813));
#3033 = CARTESIAN_POINT ('', (129.44032816291, 1.3980713181411, -4.50000260884367));
#3034 = CARTESIAN_POINT ('', (129.4589476483, 1.38870019671334, -4.50000100242622));
#3035 = CARTESIAN_POINT ('', (129.476981093694, 1.3789135544856, -4.50000024129304));
#3036 = CARTESIAN_POINT ('', (129.495015002421, 1.36912666080936, -4.49999948014031));
#3037 = CARTESIAN_POINT ('', (129.512967799026, 1.35865303954185, -4.5000014995076));
#3038 = CARTESIAN_POINT ('', (129.530362708765, 1.3477708399985, -4.50000231605233));
#3039 = CARTESIAN_POINT ('', (129.556454435055, 1.33144794001321, -4.50000354083947));
#3040 = CARTESIAN_POINT ('', (129.58213426511, 1.31367494285515, -4.49999936225924));
#3041 = CARTESIAN_POINT ('', (129.606602043983, 1.29500563534828, -4.50000005893759));
#3042 = CARTESIAN_POINT ('', (129.631070303853, 1.27633596083294, -4.50000075562964));
#3043 = CARTESIAN_POINT ('', (129.654842413015, 1.25639187370109, -4.50000379572118));
#3044 = CARTESIAN_POINT ('', (129.677480493989, 1.23554074004416, -4.50000202880343));
#3045 = CARTESIAN_POINT ('', (129.700118231725, 1.21468992253082, -4.50000026191246));
#3046 = CARTESIAN_POINT ('', (129.721807859476, 1.19277748069735, -4.5000012631808));
#3047 = CARTESIAN_POINT ('', (129.742426228609, 1.16992782825765, -4.50000252594828));
#3048 = CARTESIAN_POINT ('', (129.763044807115, 1.14707794378688, -4.50000378872859));
#3049 = CARTESIAN_POINT ('', (129.782498963381, 1.12341207504304, -4.49999945538883));
#3050 = CARTESIAN_POINT ('', (129.800927239278, 1.09876168663563, -4.50000004464004));
#3051 = CARTESIAN_POINT ('', (129.819355595443, 1.07411119085892, -4.50000063389381));
#3052 = CARTESIAN_POINT ('', (129.83644200321, 1.04891896170226, -4.50000356802856));
#3053 = CARTESIAN_POINT ('', (129.852528768579, 1.02268030261795, -4.50000191018237));
#3054 = CARTESIAN_POINT ('', (129.86861510989, 0.996442335202062, -4.50000025237988));
#3055 = CARTESIAN_POINT ('', (129.883223564685, 0.969960994229687, -4.50000105079472));
#3056 = CARTESIAN_POINT ('', (129.896837897023, 0.942359340880502, -4.50000207450319));
#3057 = CARTESIAN_POINT ('', (129.905914436627, 0.923957593841323, -4.50000275699942));
#3058 = CARTESIAN_POINT ('', (129.914290533544, 0.905578387165543, -4.50000184417685));
#3059 = CARTESIAN_POINT ('', (129.922224120411, 0.886655753522602, -4.50000074935449));
#3060 = CARTESIAN_POINT ('', (129.93015738855, 0.867733880087673, -4.49999965457612));
#3061 = CARTESIAN_POINT ('', (129.937372314771, 0.848932826685957, -4.5000004336291));
#3062 = CARTESIAN_POINT ('', (129.944134141072, 0.829561411062895, -4.50000125458397));
#3063 = CARTESIAN_POINT ('', (129.950896269299, 0.810189130478403, -4.50000207557549));
#3064 = CARTESIAN_POINT ('', (129.956931341144, 0.791038519734183, -4.50000192060952));
#3065 = CARTESIAN_POINT ('', (129.962497812028, 0.771289442922017, -4.50000100726886));
#3066 = CARTESIAN_POINT ('', (129.968064014358, 0.751541318904947, -4.50000009397227));
#3067 = CARTESIAN_POINT ('', (129.972904108473, 0.732117570915014, -4.49999998506719));
#3068 = CARTESIAN_POINT ('', (129.97725520275, 0.712066660975803, -4.50000075804243));
#3069 = CARTESIAN_POINT ('', (129.981606528747, 0.69201468321943, -4.50000153105883));
#3070 = CARTESIAN_POINT ('', (129.985242269434, 0.67239108553155, -4.5000018577904));
#3071 = CARTESIAN_POINT ('', (129.988363388709, 0.652111182561802, -4.50000116782023));
#3072 = CARTESIAN_POINT ('', (129.991484384383, 0.631832082704344, -4.50000047787739));
#3073 = CARTESIAN_POINT ('', (129.993910329709, 0.612085855500643, -4.49999975993875));
#3074 = CARTESIAN_POINT ('', (129.995790880859, 0.591654359401378, -4.49999989736119));
#3075 = CARTESIAN_POINT ('', (129.997671480575, 0.571222335660502, -4.50000003478719));
#3076 = CARTESIAN_POINT ('', (129.998887483104, 0.551427622417213, -4.49999993848517));
#3077 = CARTESIAN_POINT ('', (129.999521892055, 0.530919044341336, -4.49999972566444));
#3078 = CARTESIAN_POINT ('', (129.999842595546, 0.520551642406257, -4.49999961808029));
#3079 = CARTESIAN_POINT ('', (130., 0.510372361033767, -4.49999954240326));
#3080 = CARTESIAN_POINT ('', (130., 0.5, -4.50000000000002));
#3081 = B_SPLINE_CURVE_WITH_KNOTS ('', 3, (#2939, #2940, #2941, #2942, #2943, #2944, #2945, #2946, #2947, #2948, #2949, #2950, #2951, #2952, #2953, #2954, #2955, #2956, #2957, #2958, #2959, #2960, #2961, #2962, #2963, #2964, #2965, #2966, #2967, #2968, #2969, #2970, #2971, #2972, #2973, #2974, #2975, #2976, #2977, #2978, #2979, #2980, #2981, #2982, #2983, #2984, #2985, #2986, #2987, #2988, #2989, #2990, #2991, #2992, #2993, #2994, #2995, #2996, #2997, #2998, #2999, #3000, #3001, #3002, #3003, #3004, #3005, #3006, #3007, #3008, #3009, #3010, #3011, #3012, #3013, #3014, #3015, #3016, #3017, #3018, #3019, #3020, #3021, #3022, #3023, #3024, #3025, #3026, #3027, #3028, #3029, #3030, #3031, #3032, #3033, #3034, #3035, #3036, #3037, #3038, #3039, #3040, #3041, #3042, #3043, #3044, #3045, #3046, #3047, #3048, #3049, #3050, #3051, #3052, #3053, #3054, #3055, #3056, #3057, #3058, #3059, #3060, #3061, #3062, #3063, #3064, #3065, #3066, #3067, #3068, #3069, #3070, #3071, #3072, #3073, #3074, #3075, #3076, #3077, #3078, #3079, #3080), .UNSPECIFIED., .F., .U., (4, 3, 3, 3, 3, 3, 3, 3, 3, 3, 3, 3, 3, 3, 3, 3, 3, 3, 3, 3, 3, 3, 3, 3, 3, 3, 3, 3, 3, 3, 3, 3, 3, 3, 3, 3, 3, 3, 3, 3, 3, 3, 3, 3, 3, 3, 3, 4), (3.14073994538151, 3.15301967057873, 3.19397926646267, 3.23504992600035, 3.29659883451176, 3.35815456667917, 3.41971000898136, 3.48126249934257, 3.54281787322722, 3.60437204765796, 3.66592643904431, 3.75825779090727, 3.85058998643826, 3.94292100060364, 4.03525353495866, 4.12758407620703, 4.21991576540833, 4.28147091836969, 4.34302463809277, 4.404579422385, 4.46613544806701, 4.52768756353751, 4.58924626449492, 4.6507869749028, 4.71239790996989, 4.77373981167657, 4.83534483164948, 4.89688650722656, 4.95844456607819, 5.0199981792815, 5.08155136592267, 5.1431072929464, 5.20466094170013, 5.26621617195367, 5.35854675852277, 5.4508791601622, 5.54321016186356, 5.63554210115738, 5.72787444261997, 5.82020435014091, 5.88175977875443, 5.94331273440722, 6.00486843848757, 6.06642117281023, 6.12797718514202, 6.18953075977033, 6.25108592401436, 6.28220300714594), .UNSPECIFIED.);
#3082 = EDGE_CURVE ('', #2700, #2707, #3081, .T.);
#3083 = ORIENTED_EDGE ('', *, *, #3082, .T.);
#3084 = CARTESIAN_POINT ('', (130., 0.5, -3.5));
#3085 = VERTEX_POINT ('', #3084);
#3086 = CARTESIAN_POINT ('', (130., 0.5, -3.5));
#3087 = CARTESIAN_POINT ('', (130., 0.5, -4.50000000000001));
#3088 = B_SPLINE_CURVE_WITH_KNOTS ('', 1, (#3086, #3087), .UNSPECIFIED., .F., .U., (2, 2), (0., 0.666666666666676), .UNSPECIFIED.);
#3089 = EDGE_CURVE ('', #3085, #2707, #3088, .T.);
#3090 = ORIENTED_EDGE ('', *, *, #3089, .F.);
#3091 = CARTESIAN_POINT ('', (130., 0.5, -3.5));
#3092 = CARTESIAN_POINT ('', (130., 1.5, -3.5));
#3093 = CARTESIAN_POINT ('', (129., 1.5, -3.5));
#3094 = CARTESIAN_POINT ('', (128., 1.5, -3.5));
#3095 = CARTESIAN_POINT ('', (128., 0.5, -3.5));
#3096 = (
   BOUNDED_CURVE ()
   B_SPLINE_CURVE (2, (#3091, #3092, #3093, #3094, #3095), .UNSPECIFIED., .F., .U.)
   B_SPLINE_CURVE_WITH_KNOTS ((3, 2, 3), (0., 0.25, 0.5), .UNSPECIFIED.)
   CURVE ()
   GEOMETRIC_REPRESENTATION_ITEM ()
   RATIONAL_B_SPLINE_CURVE ((1., 0.707106781186548, 1., 0.707106781186548, 1.))
   REPRESENTATION_ITEM ('')
);
#3097 = EDGE_CURVE ('', #3085, #2933, #3096, .T.);
#3098 = ORIENTED_EDGE ('', *, *, #3097, .T.);
#3099 = EDGE_LOOP ('', (#2938, #3083, #3090, #3098));
#3100 = FACE_OUTER_BOUND ('', #3099, .T.);
#3101 = CARTESIAN_POINT ('', (130., 0.5, -3.5));
#3102 = CARTESIAN_POINT ('', (130., 0.5, -4.50000384541688));
#3103 = CARTESIAN_POINT ('', (130., 1.5, -3.5));
#3104 = CARTESIAN_POINT ('', (130., 1.5, -4.50000384541688));
#3105 = CARTESIAN_POINT ('', (129., 1.5, -3.5));
#3106 = CARTESIAN_POINT ('', (129., 1.5, -4.50000384541688));
#3107 = CARTESIAN_POINT ('', (128., 1.5, -3.5));
#3108 = CARTESIAN_POINT ('', (128., 1.5, -4.50000384541688));
#3109 = CARTESIAN_POINT ('', (128., 0.5, -3.5));
#3110 = CARTESIAN_POINT ('', (128., 0.5, -4.50000384541688));
#3111 = (
   BOUNDED_SURFACE ()
   B_SPLINE_SURFACE (2, 1, ((#3101, #3102), (#3103, #3104), (#3105, #3106), (#3107, #3108), (#3109, #3110)), .UNSPECIFIED., .F., .F., .U.)
   B_SPLINE_SURFACE_WITH_KNOTS ((3, 2, 3), (2, 2), (0., 0.25, 0.5), (0., 0.666669230277923), .UNSPECIFIED.)
   GEOMETRIC_REPRESENTATION_ITEM ()
   RATIONAL_B_SPLINE_SURFACE (((1., 1.), (0.707106781186548, 0.707106781186548), (1., 1.), (0.707106781186548, 0.707106781186548), (1., 1.)))
   REPRESENTATION_ITEM ('')
   SURFACE ()
);
#3112 = ADVANCED_FACE ('', (#3100), #3111, .T.);
#3113 = CARTESIAN_POINT ('', (9.99999969678225, 0.500000000003302, -4.49999980803473));
#3114 = VERTEX_POINT ('', #3113);
#3115 = CARTESIAN_POINT ('', (9.5, 0.5, -5.));
#3116 = CARTESIAN_POINT ('', (10.0000023610263, 0.499999999999995, -4.49999763897369));
#3117 = B_SPLINE_CURVE_WITH_KNOTS ('', 1, (#3115, #3116), .UNSPECIFIED., .F., .U., (2, 2), (0., 0.500002361026306), .UNSPECIFIED.);
#3118 = EDGE_CURVE ('', #2048, #3114, #3117, .T.);
#3119 = ORIENTED_EDGE ('', *, *, #3118, .T.);
#3120 = CARTESIAN_POINT ('', (12., 0.5, -4.5));
#3121 = VERTEX_POINT ('', #3120);
#3122 = CARTESIAN_POINT ('', (12., 0.499999999999999, -4.5));
#3123 = CARTESIAN_POINT ('', (12., 0.479480896835247, -4.49999909476008));
#3124 = CARTESIAN_POINT ('', (11.9993361565608, 0.458187564220492, -4.4999999544689));
#3125 = CARTESIAN_POINT ('', (11.9980579869339, 0.437708309402335, -4.50000000923466));
#3126 = CARTESIAN_POINT ('', (11.9967798867504, 0.417230167230733, -4.50000006399745));
#3127 = CARTESIAN_POINT ('', (11.9947983533393, 0.396090308248365, -4.49999948603106));
#3128 = CARTESIAN_POINT ('', (11.9922486108872, 0.375731362796151, -4.50000010552207));
#3129 = CARTESIAN_POINT ('', (11.9896988479102, 0.355372253459005, -4.50000072501807));
#3130 = CARTESIAN_POINT ('', (11.9864171037312, 0.334463623058039, -4.50000183471393));
#3131 = CARTESIAN_POINT ('', (11.9826069306974, 0.314302343188201, -4.50000153957007));
#3132 = CARTESIAN_POINT ('', (11.9787968138849, 0.294141360809474, -4.50000124443057));
#3133 = CARTESIAN_POINT ('', (11.9742370455096, 0.27354214220442, -4.49999968225039));
#3134 = CARTESIAN_POINT ('', (11.9691826083485, 0.253656598069292, -4.50000003193487));
#3135 = CARTESIAN_POINT ('', (11.9641280264836, 0.233770484629624, -4.50000038162937));
#3136 = CARTESIAN_POINT ('', (11.9583165961386, 0.213555750850383, -4.50000197563081));
#3137 = CARTESIAN_POINT ('', (11.9520383933513, 0.194021409923802, -4.5000018681254));
#3138 = CARTESIAN_POINT ('', (11.9457603739993, 0.174487639747917, -4.50000176062313));
#3139 = CARTESIAN_POINT ('', (11.9387286089827, 0.154732595830837, -4.5000000559649));
#3140 = CARTESIAN_POINT ('', (11.9312524278468, 0.135625308741913, -4.49999998616419));
#3141 = CARTESIAN_POINT ('', (11.923776007479, 0.116517410234834, -4.49999991636124));
#3142 = CARTESIAN_POINT ('', (11.91555871078, 0.0972925928647143, -4.50000206035505));
#3143 = CARTESIAN_POINT ('', (11.9069139421531, 0.0786840834619396, -4.50000232790572));
#3144 = CARTESIAN_POINT ('', (11.898269450726, 0.0600761707524287, -4.50000259544781));
#3145 = CARTESIAN_POINT ('', (11.8889065301712, 0.0414521156236948, -4.50000101602219));
#3146 = CARTESIAN_POINT ('', (11.8791280225286, 0.0234143099033304, -4.50000024866424));
#3147 = CARTESIAN_POINT ('', (11.869349223806, 0.00537596724560259, -4.49999948128344));
#3148 = CARTESIAN_POINT ('', (11.858883433716, -0.0125819485686735, -4.50000148300577));
#3149 = CARTESIAN_POINT ('', (11.8480090301434, -0.0299817777955228, -4.50000232029055));
#3150 = CARTESIAN_POINT ('', (11.83169783921, -0.0560808585251526, -4.50000357618582));
#3151 = CARTESIAN_POINT ('', (11.8139357945364, -0.0817694898653693, -4.49999941714408));
#3152 = CARTESIAN_POINT ('', (11.7952774385863, -0.106245656211775, -4.5000000475719));
#3153 = CARTESIAN_POINT ('', (11.7766187423124, -0.130722268997393, -4.50000067801121));
#3154 = CARTESIAN_POINT ('', (11.7566846922897, -0.154504032051676, -4.50000378719866));
#3155 = CARTESIAN_POINT ('', (11.7358436971639, -0.177151425712301, -4.50000204312626));
#3156 = CARTESIAN_POINT ('', (11.7150030035654, -0.199798491710576, -4.50000029907909));
#3157 = CARTESIAN_POINT ('', (11.6930995734077, -0.221498583125145, -4.50000122686619));
#3158 = CARTESIAN_POINT ('', (11.6702591214571, -0.242127152247991, -4.50000252027755));
#3159 = CARTESIAN_POINT ('', (11.6474184454989, -0.262755923685434, -4.5000038137016));
#3160 = CARTESIAN_POINT ('', (11.6237605246109, -0.282221228699237, -4.49999950955497));
#3161 = CARTESIAN_POINT ('', (11.5991183504158, -0.300660478726829, -4.50000003417651));
#3162 = CARTESIAN_POINT ('', (11.574476069574, -0.319099808556004, -4.50000055880031));
#3163 = CARTESIAN_POINT ('', (11.5492906670535, -0.336197951429631, -4.50000354545444));
#3164 = CARTESIAN_POINT ('', (11.5230591655074, -0.352296374143801, -4.50000191378053));
#3165 = CARTESIAN_POINT ('', (11.4968282862907, -0.368394414930824, -4.50000028214532));
#3166 = CARTESIAN_POINT ('', (11.4703525385659, -0.383015116183069, -4.500001036563));
#3167 = CARTESIAN_POINT ('', (11.4427568555549, -0.396641715993134, -4.5000020829046));
#3168 = CARTESIAN_POINT ('', (11.4243591983792, -0.405726380129774, -4.50000278048596));
#3169 = CARTESIAN_POINT ('', (11.4059833808561, -0.41411076975382, -4.50000187945523));
#3170 = CARTESIAN_POINT ('', (11.3870643306062, -0.42205271214416, -4.50000077245306));
#3171 = CARTESIAN_POINT ('', (11.368146099763, -0.429994310559439, -4.49999966549884));
#3172 = CARTESIAN_POINT ('', (11.3493479656451, -0.437217673405549, -4.50000042089983));
#3173 = CARTESIAN_POINT ('', (11.3299796764328, -0.44398803654565, -4.50000131046735));
#3174 = CARTESIAN_POINT ('', (11.3106101811587, -0.450758821275728, -4.50000220009025));
#3175 = CARTESIAN_POINT ('', (11.291461622243, -0.456802562513512, -4.50000217610907));
#3176 = CARTESIAN_POINT ('', (11.2717147907652, -0.462377822104926, -4.50000122541772));
#3177 = CARTESIAN_POINT ('', (11.2519686591212, -0.467952884107436, -4.50000027476007));
#3178 = CARTESIAN_POINT ('', (11.2325461708807, -0.472801762663314, -4.4999998554152));
#3179 = CARTESIAN_POINT ('', (11.2124967009106, -0.477161783995937, -4.5000000478682));
#3180 = CARTESIAN_POINT ('', (11.1924483360031, -0.481521565018164, -4.50000024031059));
#3181 = CARTESIAN_POINT ('', (11.1728275253079, -0.485165768346604, -4.49999970585358));
#3182 = CARTESIAN_POINT ('', (11.1525507277642, -0.488295641728022, -4.49999947220644));
#3183 = CARTESIAN_POINT ('', (11.1322681533946, -0.491426406805174, -4.49999923849274));
#3184 = CARTESIAN_POINT ('', (11.1125179484254, -0.493861607969145, -4.50000112060198));
#3185 = CARTESIAN_POINT ('', (11.0920823612926, -0.495751394043099, -4.50000158850514));
#3186 = CARTESIAN_POINT ('', (11.0784703112872, -0.497010171800308, -4.50000190017326));
#3187 = CARTESIAN_POINT ('', (11.0651389338626, -0.497969835075202, -4.50000054082726));
#3188 = CARTESIAN_POINT ('', (11.0514869360668, -0.498673668129113, -4.49999909092571));
#3189 = CARTESIAN_POINT ('', (11.0378156315167, -0.499378496548826, -4.49999763897369));
#3190 = CARTESIAN_POINT ('', (11.0244570076866, -0.499794606970349, -4.49999828866048));
#3191 = CARTESIAN_POINT ('', (11.0107683400578, -0.499942019745345, -4.49999944262582));
#3192 = CARTESIAN_POINT ('', (11.001643759417, -0.500040282029842, -4.50000021183507));
#3193 = CARTESIAN_POINT ('', (10.9925586183259, -0.500013946635785, -4.49999973325118));
#3194 = CARTESIAN_POINT ('', (10.9834347606952, -0.499862787009686, -4.49999893204374));
#3195 = CARTESIAN_POINT ('', (10.9697780807416, -0.499636529792716, -4.49999773278854));
#3196 = CARTESIAN_POINT ('', (10.9557897545527, -0.499115614078878, -4.49999825484226));
#3197 = CARTESIAN_POINT ('', (10.9421540714468, -0.498325522337188, -4.49999980289151));
#3198 = CARTESIAN_POINT ('', (10.9216500503164, -0.497137458809988, -4.50000213069821));
#3199 = CARTESIAN_POINT ('', (10.900474948227, -0.49524699971973, -4.50000118176354));
#3200 = CARTESIAN_POINT ('', (10.8800847383853, -0.492784130630556, -4.50000002496114));
#3201 = CARTESIAN_POINT ('', (10.8597196825131, -0.49032429980997, -4.49999886958581));
#3202 = CARTESIAN_POINT ('', (10.8387974890296, -0.487134507919975, -4.49999967525911));
#3203 = CARTESIAN_POINT ('', (10.8186246445244, -0.483413941545513, -4.49999999094072));
#3204 = CARTESIAN_POINT ('', (10.7984454377532, -0.479692201750391, -4.50000030672189));
#3205 = CARTESIAN_POINT ('', (10.7778200972137, -0.475221586374538, -4.49999959553738));
#3206 = CARTESIAN_POINT ('', (10.7579109258694, -0.470254028688662, -4.49999995893106));
#3207 = CARTESIAN_POINT ('', (10.7380032731673, -0.465286849920775, -4.50000032229702));
#3208 = CARTESIAN_POINT ('', (10.7177593362279, -0.459563023055101, -4.5000020489318));
#3209 = CARTESIAN_POINT ('', (10.6981980961912, -0.453370657644458, -4.50000204268167));
#3210 = CARTESIAN_POINT ('', (10.6786371681633, -0.447178391004246, -4.50000203643164));
#3211 = CARTESIAN_POINT ('', (10.6588474748057, -0.440231848335778, -4.50000039015604));
#3212 = CARTESIAN_POINT ('', (10.6397077979818, -0.432839498072907, -4.5000000365023));
#3213 = CARTESIAN_POINT ('', (10.6205671456306, -0.425446771030447, -4.49999968283053));
#3214 = CARTESIAN_POINT ('', (10.601302305389, -0.417311923664647, -4.50000180930807));
#3215 = CARTESIAN_POINT ('', (10.5826559675829, -0.408748567319802, -4.50000226698062));
#3216 = CARTESIAN_POINT ('', (10.5640103697064, -0.400185550788708, -4.50000272463501));
#3217 = CARTESIAN_POINT ('', (10.5453416382713, -0.390902215555562, -4.50000137981232));
#3218 = CARTESIAN_POINT ('', (10.5272612250464, -0.381202616119218, -4.5000004419421));
#3219 = CARTESIAN_POINT ('', (10.5091803641829, -0.371502776538245, -4.49999950404866));
#3220 = CARTESIAN_POINT ('', (10.4911732546214, -0.361113434806799, -4.50000112381292));
#3221 = CARTESIAN_POINT ('', (10.4737261550738, -0.350315141666073, -4.50000210546258));
#3222 = CARTESIAN_POINT ('', (10.4475561132662, -0.334118077955079, -4.50000357790289));
#3223 = CARTESIAN_POINT ('', (10.4217824163722, -0.316462884610694, -4.49999994002809));
#3224 = CARTESIAN_POINT ('', (10.3972251990928, -0.297911360610483, -4.49999999816547));
#3225 = CARTESIAN_POINT ('', (10.3726674859074, -0.279359461982648, -4.50000005630402));
#3226 = CARTESIAN_POINT ('', (10.3487919457587, -0.25952309004295, -4.50000384481669));
#3227 = CARTESIAN_POINT ('', (10.3260541254937, -0.238780724055468, -4.50000228474324));
#3228 = CARTESIAN_POINT ('', (10.3033166810461, -0.218038700903913, -4.50000072469558));
#3229 = CARTESIAN_POINT ('', (10.2815151275565, -0.196223176125573, -4.50000078838057));
#3230 = CARTESIAN_POINT ('', (10.2607876750359, -0.173472448301412, -4.50000231688948));
#3231 = CARTESIAN_POINT ('', (10.2400599718809, -0.150721445377664, -4.50000384541688));
#3232 = CARTESIAN_POINT ('', (10.2204864051248, -0.12714097395972, -4.50000002150373));
#3233 = CARTESIAN_POINT ('', (10.2019406207603, -0.102578814104398, -4.49999999783932));
#3234 = CARTESIAN_POINT ('', (10.1833948546722, -0.0780166784545647, -4.49999997417492));
#3235 = CARTESIAN_POINT ('', (10.1661828193864, -0.0528979591741744, -4.50000357808462));
#3236 = CARTESIAN_POINT ('', (10.1499712818644, -0.0267363461399095, -4.50000213126359));
#3237 = CARTESIAN_POINT ('', (10.1337600436696, -0.000575216149283429, -4.50000068446928));
#3238 = CARTESIAN_POINT ('', (10.1190207095159, 0.0258452797822428, -4.50000066860214));
#3239 = CARTESIAN_POINT ('', (10.1052752547085, 0.0533820086885575, -4.50000192109133));
#3240 = CARTESIAN_POINT ('', (10.096111354356, 0.0717403564672958, -4.50000275610817));
#3241 = CARTESIAN_POINT ('', (10.0876461178167, 0.0900836674791766, -4.50000214500168));
#3242 = CARTESIAN_POINT ('', (10.079622762258, 0.108968364135992, -4.50000100854313));
#3243 = CARTESIAN_POINT ('', (10.0715997604617, 0.127852228137009, -4.49999987213469));
#3244 = CARTESIAN_POINT ('', (10.0642940282116, 0.146623001261598, -4.5000001801205));
#3245 = CARTESIAN_POINT ('', (10.0574403946712, 0.16596199257807, -4.50000111843808));
#3246 = CARTESIAN_POINT ('', (10.0505863513599, 0.185302140150612, -4.50000205681176));
#3247 = CARTESIAN_POINT ('', (10.0444590443288, 0.204428517524213, -4.50000229257866));
#3248 = CARTESIAN_POINT ('', (10.0387989702403, 0.224151163879793, -4.500001417216));
#3249 = CARTESIAN_POINT ('', (10.0331390572072, 0.243873249034282, -4.50000054187826));
#3250 = CARTESIAN_POINT ('', (10.028205707696, 0.263278964381111, -4.49999979522109));
#3251 = CARTESIAN_POINT ('', (10.0237596180539, 0.283309629522321, -4.50000000533018));
#3252 = CARTESIAN_POINT ('', (10.0193137990548, 0.303339075354068, -4.50000021542649));
#3253 = CARTESIAN_POINT ('', (10.0155846188699, 0.322948308674394, -4.49999984242683));
#3254 = CARTESIAN_POINT ('', (10.0123678013357, 0.343211479497282, -4.49999952972367));
#3255 = CARTESIAN_POINT ('', (10.009150075699, 0.363480370580836, -4.49999921693223));
#3256 = CARTESIAN_POINT ('', (10.0066296722762, 0.38322425893419, -4.50000065402889));
#3257 = CARTESIAN_POINT ('', (10.0046523396093, 0.403651492202796, -4.50000145513217));
#3258 = CARTESIAN_POINT ('', (10.0033351246731, 0.417259246333701, -4.5000019887931));
#3259 = CARTESIAN_POINT ('', (10.0023181382633, 0.430589562837738, -4.50000112056571));
#3260 = CARTESIAN_POINT ('', (10.0015558185718, 0.444239650538146, -4.49999956515985));
#3261 = CARTESIAN_POINT ('', (10.0007927795223, 0.457902619054312, -4.49999800828625));
#3262 = CARTESIAN_POINT ('', (10.0003195183334, 0.471256417879745, -4.49999784509863));
#3263 = CARTESIAN_POINT ('', (10.0001134214166, 0.484939124565941, -4.49999906536249));
#3264 = CARTESIAN_POINT ('', (10.0000375442222, 0.489976586606824, -4.49999951461812));
#3265 = CARTESIAN_POINT ('', (9.99999965014225, 0.49498685705805, -4.49999978771486));
#3266 = CARTESIAN_POINT ('', (9.99999969678225, 0.500000000003302, -4.49999980803473));
#3267 = B_SPLINE_CURVE_WITH_KNOTS ('', 3, (#3122, #3123, #3124, #3125, #3126, #3127, #3128, #3129, #3130, #3131, #3132, #3133, #3134, #3135, #3136, #3137, #3138, #3139, #3140, #3141, #3142, #3143, #3144, #3145, #3146, #3147, #3148, #3149, #3150, #3151, #3152, #3153, #3154, #3155, #3156, #3157, #3158, #3159, #3160, #3161, #3162, #3163, #3164, #3165, #3166, #3167, #3168, #3169, #3170, #3171, #3172, #3173, #3174, #3175, #3176, #3177, #3178, #3179, #3180, #3181, #3182, #3183, #3184, #3185, #3186, #3187, #3188, #3189, #3190, #3191, #3192, #3193, #3194, #3195, #3196, #3197, #3198, #3199, #3200, #3201, #3202, #3203, #3204, #3205, #3206, #3207, #3208, #3209, #3210, #3211, #3212, #3213, #3214, #3215, #3216, #3217, #3218, #3219, #3220, #3221, #3222, #3223, #3224, #3225, #3226, #3227, #3228, #3229, #3230, #3231, #3232, #3233, #3234, #3235, #3236, #3237, #3238, #3239, #3240, #3241, #3242, #3243, #3244, #3245, #3246, #3247, #3248, #3249, #3250, #3251, #3252, #3253, #3254, #3255, #3256, #3257, #3258, #3259, #3260, #3261, #3262, #3263, #3264, #3265, #3266), .UNSPECIFIED., .F., .U., (4, 3, 3, 3, 3, 3, 3, 3, 3, 3, 3, 3, 3, 3, 3, 3, 3, 3, 3, 3, 3, 3, 3, 3, 3, 3, 3, 3, 3, 3, 3, 3, 3, 3, 3, 3, 3, 3, 3, 3, 3, 3, 3, 3, 3, 3, 3, 3, 4), (0., 0.0615573095541601, 0.123111274673721, 0.184665735288854, 0.246219287633036, 0.307774602197884, 0.369328118251142, 0.43088360396849, 0.492437115871447, 0.553992460058269, 0.646323130453183, 0.738655484936658, 0.830986503556205, 0.923318427711797, 1.01565075146247, 1.10798088467426, 1.16953609739144, 1.23108864407845, 1.29264502363766, 1.35419922161997, 1.41575002693225, 1.47731836796686, 1.5183287549682, 1.55939713915582, 1.58677246840415, 1.62774813081599, 1.68936336794052, 1.75090259467524, 1.81246123012165, 1.87401516996595, 1.93556812800303, 1.99712422332356, 2.05867787595611, 2.12023305254633, 2.21256367406032, 2.30489616008966, 2.39722712002052, 2.48955919640835, 2.58189118180487, 2.67422146239908, 2.73577675487496, 2.79732933328176, 2.8588855918465, 2.92044009884916, 2.98199085889722, 3.04355899462625, 3.08457306845026, 3.12562584493611, 3.14073994538153), .UNSPECIFIED.);
#3268 = EDGE_CURVE ('', #3121, #3114, #3267, .T.);
#3269 = ORIENTED_EDGE ('', *, *, #3268, .F.);
#3270 = CARTESIAN_POINT ('', (12.5, 0.5, -5.));
#3271 = CARTESIAN_POINT ('', (12., 0.499999999999997, -4.5));
#3272 = B_SPLINE_CURVE_WITH_KNOTS ('', 1, (#3270, #3271), .UNSPECIFIED., .F., .U., (2, 2), (0., 0.5), .UNSPECIFIED.);
#3273 = EDGE_CURVE ('', #2046, #3121, #3272, .T.);
#3274 = ORIENTED_EDGE ('', *, *, #3273, .F.);
#3275 = ORIENTED_EDGE ('', *, *, #2119, .F.);
#3276 = EDGE_LOOP ('', (#3119, #3269, #3274, #3275));
#3277 = FACE_OUTER_BOUND ('', #3276, .T.);
#3278 = CARTESIAN_POINT ('', (9.5, 0.5, -5.));
#3279 = CARTESIAN_POINT ('', (9.5, 0.470329104559784, -5.));
#3280 = CARTESIAN_POINT ('', (9.50173695726192, 0.410987313679325, -5.));
#3281 = CARTESIAN_POINT ('', (9.50991988412485, 0.31964581778593, -5.));
#3282 = CARTESIAN_POINT ('', (9.52401123860617, 0.227185031645518, -5.));
#3283 = CARTESIAN_POINT ('', (9.55104538139969, 0.102867101348443, -5.));
#3284 = CARTESIAN_POINT ('', (9.60088836835445, -0.0529042208017567, -5.));
#3285 = CARTESIAN_POINT ('', (9.68727503301157, -0.235256868628285, -5.));
#3286 = CARTESIAN_POINT ('', (9.7996677276748, -0.40744339238289, -5.));
#3287 = CARTESIAN_POINT ('', (9.93595365850729, -0.564046341492702, -5.));
#3288 = CARTESIAN_POINT ('', (10.0925566076171, -0.700332272325194, -5.));
#3289 = CARTESIAN_POINT ('', (10.2647431313717, -0.812724966988421, -5.));
#3290 = CARTESIAN_POINT ('', (10.4470957791982, -0.899111631645542, -5.));
#3291 = CARTESIAN_POINT ('', (10.6028671013484, -0.948954618600306, -5.));
#3292 = CARTESIAN_POINT ('', (10.7271850316455, -0.975988761393838, -5.));
#3293 = CARTESIAN_POINT ('', (10.8196458177859, -0.990080115875116, -5.));
#3294 = CARTESIAN_POINT ('', (10.9109873136793, -0.998263042738181, -5.));
#3295 = CARTESIAN_POINT ('', (11.0000000000002, -1.00086847863056, -5.));
#3296 = CARTESIAN_POINT ('', (11.08901268632, -0.998263042739576, -5.));
#3297 = CARTESIAN_POINT ('', (11.1803541822164, -0.990080115869538, -5.));
#3298 = CARTESIAN_POINT ('', (11.2728149683456, -0.975988761414755, -5.));
#3299 = CARTESIAN_POINT ('', (11.3971328986985, -0.948954618489215, -5.));
#3300 = CARTESIAN_POINT ('', (11.5529042204236, -0.89911163254078, -5.));
#3301 = CARTESIAN_POINT ('', (11.7352568700089, -0.812724963719825, -5.));
#3302 = CARTESIAN_POINT ('', (11.9074433872384, -0.700332284504342, -5.));
#3303 = CARTESIAN_POINT ('', (12.06404636069, -0.564046296044709, -5.));
#3304 = CARTESIAN_POINT ('', (12.2003322006806, -0.407443561995713, -5.));
#3305 = CARTESIAN_POINT ('', (12.3127252343694, -0.23525623562499, -5.));
#3306 = CARTESIAN_POINT ('', (12.3991106337662, -0.0529065832021171, -5.));
#3307 = CARTESIAN_POINT ('', (12.4589269401275, 0.13403018237663, -5.));
#3308 = CARTESIAN_POINT ('', (12.4930404081306, 0.320315793520319, -5.));
#3309 = CARTESIAN_POINT ('', (12.5000025993652, 0.441080104513878, -5.));
#3310 = CARTESIAN_POINT ('', (12.5, 0.5, -5.));
#3311 = CARTESIAN_POINT ('', (10.0000023610263, 0.499999999999995, -4.49999763897369));
#3312 = CARTESIAN_POINT ('', (10.0000023610263, 0.48021944974236, -4.49999763897369));
#3313 = CARTESIAN_POINT ('', (10.0011603298003, 0.440658349227074, -4.49999763897369));
#3314 = CARTESIAN_POINT ('', (10.0066156014955, 0.379764162404593, -4.49999763897369));
#3315 = CARTESIAN_POINT ('', (10.0160098156363, 0.318123783845884, -4.49999763897369));
#3316 = CARTESIAN_POINT ('', (10.0340325349464, 0.235245359326437, -4.49999763897369));
#3317 = CARTESIAN_POINT ('', (10.0672611144625, 0.131398056413097, -4.49999763897369));
#3318 = CARTESIAN_POINT ('', (10.1248520882598, 0.00982991155500991, -4.49999763897369));
#3319 = CARTESIAN_POINT ('', (10.1997803744606, -0.104960833256785, -4.49999763897369));
#3320 = CARTESIAN_POINT ('', (10.2906374471658, -0.209362552834205, -4.49999763897369));
#3321 = CARTESIAN_POINT ('', (10.3950391667432, -0.300219625539421, -4.49999763897369));
#3322 = CARTESIAN_POINT ('', (10.509829911555, -0.375147911740166, -4.49999763897369));
#3323 = CARTESIAN_POINT ('', (10.6313980564131, -0.432738885537454, -4.49999763897369));
#3324 = CARTESIAN_POINT ('', (10.7352453593264, -0.465967465053561, -4.49999763897369));
#3325 = CARTESIAN_POINT ('', (10.8181237838459, -0.4839901843637, -4.49999763897369));
#3326 = CARTESIAN_POINT ('', (10.8797641624046, -0.493384398504513, -4.49999763897369));
#3327 = CARTESIAN_POINT ('', (10.9406583492271, -0.498839670199819, -4.49999763897369));
#3328 = CARTESIAN_POINT ('', (11.0000000000001, -0.500576623360404, -4.49999763897369));
#3329 = CARTESIAN_POINT ('', (11.0593416507725, -0.498839670200749, -4.49999763897369));
#3330 = CARTESIAN_POINT ('', (11.120235837597, -0.493384398500794, -4.49999763897369));
#3331 = CARTESIAN_POINT ('', (11.1818762161482, -0.483990184377644, -4.49999763897369));
#3332 = CARTESIAN_POINT ('', (11.2647546407048, -0.4659674649795, -4.49999763897369));
#3333 = CARTESIAN_POINT ('', (11.3686019433348, -0.432738886134277, -4.49999763897369));
#3334 = CARTESIAN_POINT ('', (11.4901700893654, -0.375147909561105, -4.49999763897369));
#3335 = CARTESIAN_POINT ('', (11.6049608298271, -0.300219633658832, -4.49999763897369));
#3336 = CARTESIAN_POINT ('', (11.7093625656323, -0.209362522535612, -4.49999763897369));
#3337 = CARTESIAN_POINT ('', (11.8002195777765, -0.104960946331732, -4.49999763897369));
#3338 = CARTESIAN_POINT ('', (11.8751480899937, 0.00983033355621259, -4.49999763897369));
#3339 = CARTESIAN_POINT ('', (11.9327382202861, 0.131396481483244, -4.49999763897369));
#3340 = CARTESIAN_POINT ('', (11.9726156637084, 0.256020697627328, -4.49999763897369));
#3341 = CARTESIAN_POINT ('', (11.9953579220153, 0.380210811839635, -4.49999763897369));
#3342 = CARTESIAN_POINT ('', (11.9999993718797, 0.460720162416865, -4.49999763897369));
#3343 = CARTESIAN_POINT ('', (11.9999976389737, 0.499999999999997, -4.49999763897369));
#3344 = B_SPLINE_SURFACE_WITH_KNOTS ('', 1, 3, ((#3278, #3279, #3280, #3281, #3282, #3283, #3284, #3285, #3286, #3287, #3288, #3289, #3290, #3291, #3292, #3293, #3294, #3295, #3296, #3297, #3298, #3299, #3300, #3301, #3302, #3303, #3304, #3305, #3306, #3307, #3308, #3309, #3310), (#3311, #3312, #3313, #3314, #3315, #3316, #3317, #3318, #3319, #3320, #3321, #3322, #3323, #3324, #3325, #3326, #3327, #3328, #3329, #3330, #3331, #3332, #3333, #3334, #3335, #3336, #3337, #3338, #3339, #3340, #3341, #3342, #3343)), .UNSPECIFIED., .F., .F., .U., (2, 2), (4, 1, 1, 1, 1, 1, 1, 1, 1, 1, 1, 1, 1, 1, 1, 1, 1, 1, 1, 1, 1, 1, 1, 1, 1, 1, 1, 1, 1, 1, 4), (0., 0.500002361026306), (0.5, 0.510416666666665, 0.520833333333331, 0.531249999999998, 0.541666666666665, 0.562499999999998, 0.583333333333331, 0.604166666666665, 0.624999999999999, 0.645833333333332, 0.666666666666666, 0.687499999999999, 0.708333333333333, 0.71875, 0.729166666666666, 0.739583333333333, 0.75, 0.760416666666667, 0.770833333333333, 0.78125, 0.791666666666667, 0.8125, 0.833333333333334, 0.854166666666667, 0.875000000000001, 0.895833333333334, 0.916666666666667, 0.937500000000001, 0.958333333333334, 0.979166666666667, 1.), .UNSPECIFIED.);
#3345 = ADVANCED_FACE ('', (#3277), #3344, .T.);
#3346 = CARTESIAN_POINT ('', (10., 0.5, -3.5));
#3347 = VERTEX_POINT ('', #3346);
#3348 = CARTESIAN_POINT ('', (10., 0.5, -3.5));
#3349 = CARTESIAN_POINT ('', (10., 0.5, -4.50000384541688));
#3350 = B_SPLINE_CURVE_WITH_KNOTS ('', 1, (#3348, #3349), .UNSPECIFIED., .F., .U., (2, 2), (0., 0.66666923027792), .UNSPECIFIED.);
#3351 = EDGE_CURVE ('', #3347, #3114, #3350, .T.);
#3352 = ORIENTED_EDGE ('', *, *, #3351, .T.);
#3353 = CARTESIAN_POINT ('', (9.99999969678225, 0.500000000003302, -4.49999980803473));
#3354 = CARTESIAN_POINT ('', (9.99999973467576, 0.504073018967615, -4.49999982454398));
#3355 = CARTESIAN_POINT ('', (10.0000248174089, 0.508147934078137, -4.49999967419407));
#3356 = CARTESIAN_POINT ('', (10.0000749222451, 0.512240869120046, -4.49999931589371));
#3357 = CARTESIAN_POINT ('', (10.0002420492619, 0.525893044767432, -4.49999812076615));
#3358 = CARTESIAN_POINT ('', (10.0007022498235, 0.539880024106274, -4.49999779535717));
#3359 = CARTESIAN_POINT ('', (10.0014328824377, 0.553513659221649, -4.49999931163566));
#3360 = CARTESIAN_POINT ('', (10.0021654961927, 0.567184262507648, -4.5000008320256));
#3361 = CARTESIAN_POINT ('', (10.0032047862001, 0.581158633951015, -4.50000196901021));
#3362 = CARTESIAN_POINT ('', (10.0045024440023, 0.594787214341074, -4.50000151197363));
#3363 = CARTESIAN_POINT ('', (10.0064471271957, 0.615211143662172, -4.50000082705397));
#3364 = CARTESIAN_POINT ('', (10.0091114305224, 0.636237885922395, -4.49999921726175));
#3365 = CARTESIAN_POINT ('', (10.01232226026, 0.656501381534116, -4.4999995253253));
#3366 = CARTESIAN_POINT ('', (10.0155334459682, 0.676767123670215, -4.49999983342301));
#3367 = CARTESIAN_POINT ('', (10.0194872375082, 0.697524010208174, -4.50000020703672));
#3368 = CARTESIAN_POINT ('', (10.0239510775242, 0.717551145558521, -4.49999999628269));
#3369 = CARTESIAN_POINT ('', (10.02841489652, 0.737578186601323, -4.49999978552965));
#3370 = CARTESIAN_POINT ('', (10.0336334521159, 0.757985858493854, -4.50000066416892));
#3371 = CARTESIAN_POINT ('', (10.0393313792122, 0.77769731909708, -4.50000149734195));
#3372 = CARTESIAN_POINT ('', (10.0450290330599, 0.797407834421283, -4.50000233047503));
#3373 = CARTESIAN_POINT ('', (10.0514831169382, 0.817390438136117, -4.50000194135011));
#3374 = CARTESIAN_POINT ('', (10.0583915609398, 0.836709886238336, -4.50000098750149));
#3375 = CARTESIAN_POINT ('', (10.0653003285784, 0.856030239390551, -4.50000003360817));
#3376 = CARTESIAN_POINT ('', (10.0729573339885, 0.875516847172182, -4.50000008203587));
#3377 = CARTESIAN_POINT ('', (10.0810492454262, 0.894372299570177, -4.50000120936277));
#3378 = CARTESIAN_POINT ('', (10.0891409991868, 0.913227384555153, -4.5000023366677));
#3379 = CARTESIAN_POINT ('', (10.0979630325725, 0.932146155950964, -4.50000268274715));
#3380 = CARTESIAN_POINT ('', (10.1072056906267, 0.950464561481343, -4.50000173352569));
#3381 = CARTESIAN_POINT ('', (10.1164483812578, 0.968783031577297, -4.50000078430089));
#3382 = CARTESIAN_POINT ('', (10.1263941524573, 0.987066542492415, -4.49999951122561));
#3383 = CARTESIAN_POINT ('', (10.1367512695608, 1.00477879253701, -4.50000066101184));
#3384 = CARTESIAN_POINT ('', (10.1522869056387, 1.03134709992044, -4.50000238568679));
#3385 = CARTESIAN_POINT ('', (10.1693207171045, 1.05760125530117, -4.50000274041782));
#3386 = CARTESIAN_POINT ('', (10.1872519364252, 1.08261529773553, -4.5000009233912));
#3387 = CARTESIAN_POINT ('', (10.2051833195906, 1.10762956873308, -4.49999910634797));
#3388 = CARTESIAN_POINT ('', (10.2244499172036, 1.13203585130402, -4.50000282285681));
#3389 = CARTESIAN_POINT ('', (10.2446178708787, 1.15528454811946, -4.50000292182616));
#3390 = CARTESIAN_POINT ('', (10.2647855665102, 1.17853294747407, -4.50000302079425));
#3391 = CARTESIAN_POINT ('', (10.2860871665738, 1.20091061504693, -4.49999893197558));
#3392 = CARTESIAN_POINT ('', (10.3083142771711, 1.22219862976511, -4.50000080275296));
#3393 = CARTESIAN_POINT ('', (10.330541753728, 1.24348699498111, -4.50000267356113));
#3394 = CARTESIAN_POINT ('', (10.3536676432735, 1.26367646281372, -4.50000299072991));
#3395 = CARTESIAN_POINT ('', (10.3777611233212, 1.28282742692726, -4.50000102355088));
#3396 = CARTESIAN_POINT ('', (10.4018540832828, 1.30197797764465, -4.49999905641432));
#3397 = CARTESIAN_POINT ('', (10.4265798923094, 1.31983937110416, -4.50000255926282));
#3398 = CARTESIAN_POINT ('', (10.4523307234455, 1.33669490468046, -4.50000269713456));
#3399 = CARTESIAN_POINT ('', (10.4780818747436, 1.35355064782293, -4.50000283500802));
#3400 = CARTESIAN_POINT ('', (10.5041748002014, 1.36896755354401, -4.49999909650594));
#3401 = CARTESIAN_POINT ('', (10.5313631247875, 1.38339089829534, -4.50000066796879));
#3402 = CARTESIAN_POINT ('', (10.5494888787203, 1.39300656979515, -4.5000017156225));
#3403 = CARTESIAN_POINT ('', (10.5676383499624, 1.40193370469868, -4.5000027763361));
#3404 = CARTESIAN_POINT ('', (10.5863187338456, 1.4104217759, -4.50000216155581));
#3405 = CARTESIAN_POINT ('', (10.6049986827784, 1.41890964946671, -4.50000154678984));
#3406 = CARTESIAN_POINT ('', (10.6236055196415, 1.42668666745862, -4.49999958743447));
#3407 = CARTESIAN_POINT ('', (10.6427695785688, 1.43401628786872, -4.50000010666946));
#3408 = CARTESIAN_POINT ('', (10.6619339689377, 1.44134603504431, -4.50000062591342));
#3409 = CARTESIAN_POINT ('', (10.6809255560042, 1.44795173835005, -4.50000212343101));
#3410 = CARTESIAN_POINT ('', (10.7005019659836, 1.45409691730993, -4.50000203802236));
#3411 = CARTESIAN_POINT ('', (10.7200787707651, 1.46024222020109, -4.500001952612));
#3412 = CARTESIAN_POINT ('', (10.7393808579792, 1.46565971172319, -4.50000022984887));
#3413 = CARTESIAN_POINT ('', (10.7592962561175, 1.47059863366942, -4.49999993610217));
#3414 = CARTESIAN_POINT ('', (10.7792103891738, 1.47553724188146, -4.49999964237413));
#3415 = CARTESIAN_POINT ('', (10.7987463917616, 1.47975402408843, -4.50000030665861));
#3416 = CARTESIAN_POINT ('', (10.8189245953304, 1.48346921549367, -4.4999999862119));
#3417 = CARTESIAN_POINT ('', (10.8391049577738, 1.48718480438882, -4.49999966573091));
#3418 = CARTESIAN_POINT ('', (10.8588027554442, 1.49019411771527, -4.49999887594845));
#3419 = CARTESIAN_POINT ('', (10.8791719848958, 1.49267345626141, -4.49999997444753));
#3420 = CARTESIAN_POINT ('', (10.8995352614337, 1.49515207022009, -4.50000107262558));
#3421 = CARTESIAN_POINT ('', (10.9193117491501, 1.49695045650699, -4.50000230632239));
#3422 = CARTESIAN_POINT ('', (10.9397880997023, 1.49818561753941, -4.50000006728639));
#3423 = CARTESIAN_POINT ('', (10.9602878160025, 1.49942218802521, -4.49999782569541));
#3424 = CARTESIAN_POINT ('', (10.9800953140804, 1.50001278539746, -4.50000016785692));
#3425 = CARTESIAN_POINT ('', (11.0006322883301, 1.49999980010571, -4.49999999735082));
#3426 = CARTESIAN_POINT ('', (11.0210795848111, 1.49998687151618, -4.49999982758927));
#3427 = CARTESIAN_POINT ('', (11.0422946111253, 1.49931439395514, -4.49999823503244));
#3428 = CARTESIAN_POINT ('', (11.062701677718, 1.4980323139114, -4.50000033158266));
#3429 = CARTESIAN_POINT ('', (11.083196277821, 1.49674473454878, -4.50000243712576));
#3430 = CARTESIAN_POINT ('', (11.1043529425184, 1.49475230579549, -4.50000065046185));
#3431 = CARTESIAN_POINT ('', (11.1247275917812, 1.49219102387013, -4.49999978699281));
#3432 = CARTESIAN_POINT ('', (11.1450812911304, 1.48963237554276, -4.49999892441162));
#3433 = CARTESIAN_POINT ('', (11.1659834564881, 1.48634188389798, -4.49999982364726));
#3434 = CARTESIAN_POINT ('', (11.1861388363288, 1.48252345193901, -4.50000005588888));
#3435 = CARTESIAN_POINT ('', (11.2062995818201, 1.47870400345882, -4.50000028819233));
#3436 = CARTESIAN_POINT ('', (11.2268978277536, 1.47413470300868, -4.49999945913384));
#3437 = CARTESIAN_POINT ('', (11.2467825352695, 1.46907088506774, -4.50000007488719));
#3438 = CARTESIAN_POINT ('', (11.2666658067359, 1.46400743282958, -4.50000069059607));
#3439 = CARTESIAN_POINT ('', (11.2868768888056, 1.45818716005921, -4.50000220744338));
#3440 = CARTESIAN_POINT ('', (11.3064078569047, 1.45190032315735, -4.50000201961041));
#3441 = CARTESIAN_POINT ('', (11.3259386896556, 1.44561352982282, -4.50000183177876));
#3442 = CARTESIAN_POINT ('', (11.3456900236876, 1.43857305774312, -4.50000004143328));
#3443 = CARTESIAN_POINT ('', (11.3647938413314, 1.43108831660947, -4.49999998712023));
#3444 = CARTESIAN_POINT ('', (11.383898509488, 1.42360324225093, -4.49999993280476));
#3445 = CARTESIAN_POINT ('', (11.4031193522174, 1.41537740989784, -4.50000209440305));
#3446 = CARTESIAN_POINT ('', (11.4217241018576, 1.40672420388583, -4.50000235162811));
#3447 = CARTESIAN_POINT ('', (11.4403281629103, 1.39807131814093, -4.50000260884366));
#3448 = CARTESIAN_POINT ('', (11.4589476483008, 1.38870019671316, -4.50000100242621));
#3449 = CARTESIAN_POINT ('', (11.4769810936943, 1.37891355448542, -4.50000024129304));
#3450 = CARTESIAN_POINT ('', (11.4950150024217, 1.36912666080917, -4.4999994801403));
#3451 = CARTESIAN_POINT ('', (11.512967799026, 1.35865303954164, -4.50000149950759));
#3452 = CARTESIAN_POINT ('', (11.5303627087651, 1.34777083999828, -4.50000231605232));
#3453 = CARTESIAN_POINT ('', (11.5564544350555, 1.33144794001299, -4.50000354083946));
#3454 = CARTESIAN_POINT ('', (11.5821342651106, 1.31367494285492, -4.49999936225924));
#3455 = CARTESIAN_POINT ('', (11.6066020439834, 1.29500563534803, -4.50000005893759));
#3456 = CARTESIAN_POINT ('', (11.6310703038533, 1.27633596083269, -4.50000075562964));
#3457 = CARTESIAN_POINT ('', (11.6548424130158, 1.25639187370082, -4.50000379572117));
#3458 = CARTESIAN_POINT ('', (11.6774804939891, 1.23554074004388, -4.50000202880341));
#3459 = CARTESIAN_POINT ('', (11.7001182317253, 1.21468992253052, -4.50000026191244));
#3460 = CARTESIAN_POINT ('', (11.7218078594762, 1.19277748069704, -4.50000126318079));
#3461 = CARTESIAN_POINT ('', (11.742426228609, 1.16992782825733, -4.50000252594828));
#3462 = CARTESIAN_POINT ('', (11.763044807115, 1.14707794378655, -4.50000378872859));
#3463 = CARTESIAN_POINT ('', (11.7824989633809, 1.1234120750427, -4.49999945538883));
#3464 = CARTESIAN_POINT ('', (11.8009272392781, 1.09876168663529, -4.50000004464004));
#3465 = CARTESIAN_POINT ('', (11.8193555954431, 1.07411119085856, -4.50000063389381));
#3466 = CARTESIAN_POINT ('', (11.8364420032104, 1.04891896170189, -4.50000356802853));
#3467 = CARTESIAN_POINT ('', (11.8525287685795, 1.02268030261757, -4.50000191018233));
#3468 = CARTESIAN_POINT ('', (11.8686151098907, 0.996442335201677, -4.50000025237983));
#3469 = CARTESIAN_POINT ('', (11.8832235646854, 0.969960994229299, -4.50000105079467));
#3470 = CARTESIAN_POINT ('', (11.8968378970227, 0.942359340880112, -4.50000207450314));
#3471 = CARTESIAN_POINT ('', (11.9059144366274, 0.923957593840926, -4.50000275699937));
#3472 = CARTESIAN_POINT ('', (11.9142905335445, 0.905578387165138, -4.5000018441768));
#3473 = CARTESIAN_POINT ('', (11.9222241204112, 0.886655753522191, -4.50000074935445));
#3474 = CARTESIAN_POINT ('', (11.9301573885497, 0.86773388008726, -4.49999965457607));
#3475 = CARTESIAN_POINT ('', (11.9373723147711, 0.848932826685543, -4.50000043362907));
#3476 = CARTESIAN_POINT ('', (11.9441341410724, 0.82956141106248, -4.50000125458394));
#3477 = CARTESIAN_POINT ('', (11.9508962692989, 0.81018913047798, -4.50000207557546));
#3478 = CARTESIAN_POINT ('', (11.9569313411443, 0.791038519733754, -4.50000192060945));
#3479 = CARTESIAN_POINT ('', (11.9624978120283, 0.771289442921583, -4.50000100726879));
#3480 = CARTESIAN_POINT ('', (11.9680640143577, 0.751541318904513, -4.5000000939722));
#3481 = CARTESIAN_POINT ('', (11.9729041084729, 0.732117570914581, -4.49999998506715));
#3482 = CARTESIAN_POINT ('', (11.9772552027504, 0.712066660975372, -4.50000075804239));
#3483 = CARTESIAN_POINT ('', (11.9816065287467, 0.692014683218999, -4.50000153105879));
#3484 = CARTESIAN_POINT ('', (11.985242269434, 0.672391085531119, -4.50000185779041));
#3485 = CARTESIAN_POINT ('', (11.9883633887087, 0.652111182561371, -4.50000116782025));
#3486 = CARTESIAN_POINT ('', (11.9914843843828, 0.631832082703911, -4.50000047787741));
#3487 = CARTESIAN_POINT ('', (11.993910329709, 0.612085855500208, -4.4999997599387));
#3488 = CARTESIAN_POINT ('', (11.9957908808595, 0.591654359400941, -4.49999989736114));
#3489 = CARTESIAN_POINT ('', (11.997671480575, 0.571222335660064, -4.50000003478713));
#3490 = CARTESIAN_POINT ('', (11.9988874831041, 0.551427622416775, -4.49999993848512));
#3491 = CARTESIAN_POINT ('', (11.9995218920549, 0.530919044340899, -4.49999972566441));
#3492 = CARTESIAN_POINT ('', (11.9998425955459, 0.520551642405967, -4.49999961808026));
#3493 = CARTESIAN_POINT ('', (12., 0.510372361033619, -4.49999954240324));
#3494 = CARTESIAN_POINT ('', (12., 0.5, -4.5));
#3495 = B_SPLINE_CURVE_WITH_KNOTS ('', 3, (#3353, #3354, #3355, #3356, #3357, #3358, #3359, #3360, #3361, #3362, #3363, #3364, #3365, #3366, #3367, #3368, #3369, #3370, #3371, #3372, #3373, #3374, #3375, #3376, #3377, #3378, #3379, #3380, #3381, #3382, #3383, #3384, #3385, #3386, #3387, #3388, #3389, #3390, #3391, #3392, #3393, #3394, #3395, #3396, #3397, #3398, #3399, #3400, #3401, #3402, #3403, #3404, #3405, #3406, #3407, #3408, #3409, #3410, #3411, #3412, #3413, #3414, #3415, #3416, #3417, #3418, #3419, #3420, #3421, #3422, #3423, #3424, #3425, #3426, #3427, #3428, #3429, #3430, #3431, #3432, #3433, #3434, #3435, #3436, #3437, #3438, #3439, #3440, #3441, #3442, #3443, #3444, #3445, #3446, #3447, #3448, #3449, #3450, #3451, #3452, #3453, #3454, #3455, #3456, #3457, #3458, #3459, #3460, #3461, #3462, #3463, #3464, #3465, #3466, #3467, #3468, #3469, #3470, #3471, #3472, #3473, #3474, #3475, #3476, #3477, #3478, #3479, #3480, #3481, #3482, #3483, #3484, #3485, #3486, #3487, #3488, #3489, #3490, #3491, #3492, #3493, #3494), .UNSPECIFIED., .F., .U., (4, 3, 3, 3, 3, 3, 3, 3, 3, 3, 3, 3, 3, 3, 3, 3, 3, 3, 3, 3, 3, 3, 3, 3, 3, 3, 3, 3, 3, 3, 3, 3, 3, 3, 3, 3, 3, 3, 3, 3, 3, 3, 3, 3, 3, 3, 3, 4), (3.14073994538153, 3.15301967057888, 3.19397926646283, 3.2350499260005, 3.29659883451191, 3.35815456667932, 3.41971000898151, 3.48126249934272, 3.54281787322736, 3.60437204765811, 3.66592643904446, 3.7582577909074, 3.85058998643842, 3.94292100060381, 4.03525353495883, 4.12758407620719, 4.2199157654085, 4.28147091836985, 4.34302463809295, 4.40457942238514, 4.46613544806717, 4.52768756353769, 4.58924626449516, 4.65078697490307, 4.71239790997016, 4.77373981167689, 4.83534483164982, 4.89688650722692, 4.95844456607855, 5.01999817928191, 5.08155136592308, 5.1431072929468, 5.20466094170051, 5.26621617195408, 5.35854675852317, 5.45087916016262, 5.543210161864, 5.63554210115782, 5.72787444262042, 5.82020435014135, 5.88175977875488, 5.94331273440767, 6.00486843848803, 6.06642117281067, 6.12797718514246, 6.18953075977078, 6.2510859240148, 6.28220300714595), .UNSPECIFIED.);
#3496 = EDGE_CURVE ('', #3114, #3121, #3495, .T.);
#3497 = ORIENTED_EDGE ('', *, *, #3496, .T.);
#3498 = CARTESIAN_POINT ('', (12., 0.5, -3.5));
#3499 = VERTEX_POINT ('', #3498);
#3500 = CARTESIAN_POINT ('', (12., 0.5, -3.5));
#3501 = CARTESIAN_POINT ('', (12., 0.5, -4.5));
#3502 = B_SPLINE_CURVE_WITH_KNOTS ('', 1, (#3500, #3501), .UNSPECIFIED., .F., .U., (2, 2), (0., 0.666666666666668), .UNSPECIFIED.);
#3503 = EDGE_CURVE ('', #3499, #3121, #3502, .T.);
#3504 = ORIENTED_EDGE ('', *, *, #3503, .F.);
#3505 = CARTESIAN_POINT ('', (12., 0.5, -3.5));
#3506 = CARTESIAN_POINT ('', (12., 1.5, -3.5));
#3507 = CARTESIAN_POINT ('', (11., 1.5, -3.5));
#3508 = CARTESIAN_POINT ('', (10., 1.5, -3.5));
#3509 = CARTESIAN_POINT ('', (10., 0.5, -3.5));
#3510 = (
   BOUNDED_CURVE ()
   B_SPLINE_CURVE (2, (#3505, #3506, #3507, #3508, #3509), .UNSPECIFIED., .F., .U.)
   B_SPLINE_CURVE_WITH_KNOTS ((3, 2, 3), (0., 0.25, 0.5), .UNSPECIFIED.)
   CURVE ()
   GEOMETRIC_REPRESENTATION_ITEM ()
   RATIONAL_B_SPLINE_CURVE ((1., 0.707106781186548, 1., 0.707106781186548, 1.))
   REPRESENTATION_ITEM ('')
);
#3511 = EDGE_CURVE ('', #3499, #3347, #3510, .T.);
#3512 = ORIENTED_EDGE ('', *, *, #3511, .T.);
#3513 = EDGE_LOOP ('', (#3352, #3497, #3504, #3512));
#3514 = FACE_OUTER_BOUND ('', #3513, .T.);
#3515 = CARTESIAN_POINT ('', (12., 0.5, -3.5));
#3516 = CARTESIAN_POINT ('', (12., 0.5, -4.50000384541688));
#3517 = CARTESIAN_POINT ('', (12., 1.5, -3.5));
#3518 = CARTESIAN_POINT ('', (12., 1.5, -4.50000384541688));
#3519 = CARTESIAN_POINT ('', (11., 1.5, -3.5));
#3520 = CARTESIAN_POINT ('', (11., 1.5, -4.50000384541688));
#3521 = CARTESIAN_POINT ('', (10., 1.5, -3.5));
#3522 = CARTESIAN_POINT ('', (10., 1.5, -4.50000384541688));
#3523 = CARTESIAN_POINT ('', (10., 0.5, -3.5));
#3524 = CARTESIAN_POINT ('', (10., 0.5, -4.50000384541688));
#3525 = (
   BOUNDED_SURFACE ()
   B_SPLINE_SURFACE (2, 1, ((#3515, #3516), (#3517, #3518), (#3519, #3520), (#3521, #3522), (#3523, #3524)), .UNSPECIFIED., .F., .F., .U.)
   B_SPLINE_SURFACE_WITH_KNOTS ((3, 2, 3), (2, 2), (0., 0.25, 0.5), (0., 0.66666923027792), .UNSPECIFIED.)
   GEOMETRIC_REPRESENTATION_ITEM ()
   RATIONAL_B_SPLINE_SURFACE (((1., 1.), (0.707106781186548, 0.707106781186548), (1., 1.), (0.707106781186548, 0.707106781186548), (1., 1.)))
   REPRESENTATION_ITEM ('')
   SURFACE ()
);
#3526 = ADVANCED_FACE ('', (#3514), #3525, .T.);
#3527 = CARTESIAN_POINT ('', (9.99999969678225, 56.0000000000033, -4.49999980803473));
#3528 = VERTEX_POINT ('', #3527);
#3529 = CARTESIAN_POINT ('', (9.5, 56., -5.));
#3530 = CARTESIAN_POINT ('', (10.0000023610263, 56., -4.49999763897369));
#3531 = B_SPLINE_CURVE_WITH_KNOTS ('', 1, (#3529, #3530), .UNSPECIFIED., .F., .U., (2, 2), (0., 0.500002361026309), .UNSPECIFIED.);
#3532 = EDGE_CURVE ('', #1970, #3528, #3531, .T.);
#3533 = ORIENTED_EDGE ('', *, *, #3532, .T.);
#3534 = CARTESIAN_POINT ('', (12., 56., -4.50000000000001));
#3535 = VERTEX_POINT ('', #3534);
#3536 = CARTESIAN_POINT ('', (12., 56., -4.50000000000001));
#3537 = CARTESIAN_POINT ('', (12., 55.9794808968352, -4.49999909476008));
#3538 = CARTESIAN_POINT ('', (11.9993361565608, 55.9581875642205, -4.4999999544689));
#3539 = CARTESIAN_POINT ('', (11.9980579869339, 55.9377083094023, -4.50000000923467));
#3540 = CARTESIAN_POINT ('', (11.9967798867504, 55.9172301672307, -4.50000006399746));
#3541 = CARTESIAN_POINT ('', (11.9947983533393, 55.8960903082484, -4.49999948603107));
#3542 = CARTESIAN_POINT ('', (11.9922486108872, 55.8757313627961, -4.50000010552208));
#3543 = CARTESIAN_POINT ('', (11.9896988479102, 55.855372253459, -4.50000072501807));
#3544 = CARTESIAN_POINT ('', (11.9864171037312, 55.834463623058, -4.50000183471393));
#3545 = CARTESIAN_POINT ('', (11.9826069306974, 55.8143023431882, -4.50000153957008));
#3546 = CARTESIAN_POINT ('', (11.9787968138849, 55.7941413608095, -4.50000124443058));
#3547 = CARTESIAN_POINT ('', (11.9742370455096, 55.7735421422044, -4.4999996822504));
#3548 = CARTESIAN_POINT ('', (11.9691826083485, 55.7536565980693, -4.50000003193488));
#3549 = CARTESIAN_POINT ('', (11.9641280264836, 55.7337704846296, -4.50000038162937));
#3550 = CARTESIAN_POINT ('', (11.9583165961386, 55.7135557508504, -4.50000197563082));
#3551 = CARTESIAN_POINT ('', (11.9520383933513, 55.6940214099238, -4.50000186812541));
#3552 = CARTESIAN_POINT ('', (11.9457603739993, 55.6744876397479, -4.50000176062314));
#3553 = CARTESIAN_POINT ('', (11.9387286089827, 55.6547325958308, -4.5000000559649));
#3554 = CARTESIAN_POINT ('', (11.9312524278468, 55.6356253087419, -4.49999998616419));
#3555 = CARTESIAN_POINT ('', (11.923776007479, 55.6165174102348, -4.49999991636124));
#3556 = CARTESIAN_POINT ('', (11.91555871078, 55.5972925928647, -4.50000206035505));
#3557 = CARTESIAN_POINT ('', (11.9069139421531, 55.5786840834619, -4.50000232790572));
#3558 = CARTESIAN_POINT ('', (11.898269450726, 55.5600761707524, -4.50000259544781));
#3559 = CARTESIAN_POINT ('', (11.8889065301712, 55.5414521156237, -4.5000010160222));
#3560 = CARTESIAN_POINT ('', (11.8791280225286, 55.5234143099033, -4.50000024866424));
#3561 = CARTESIAN_POINT ('', (11.869349223806, 55.5053759672456, -4.49999948128345));
#3562 = CARTESIAN_POINT ('', (11.858883433716, 55.4874180514313, -4.50000148300577));
#3563 = CARTESIAN_POINT ('', (11.8480090301434, 55.4700182222045, -4.50000232029056));
#3564 = CARTESIAN_POINT ('', (11.83169783921, 55.4439191414749, -4.50000357618583));
#3565 = CARTESIAN_POINT ('', (11.8139357945364, 55.4182305101346, -4.49999941714408));
#3566 = CARTESIAN_POINT ('', (11.7952774385863, 55.3937543437882, -4.5000000475719));
#3567 = CARTESIAN_POINT ('', (11.7766187423124, 55.3692777310026, -4.50000067801122));
#3568 = CARTESIAN_POINT ('', (11.7566846922897, 55.3454959679483, -4.50000378719867));
#3569 = CARTESIAN_POINT ('', (11.7358436971639, 55.3228485742877, -4.50000204312627));
#3570 = CARTESIAN_POINT ('', (11.7150030035654, 55.3002015082894, -4.50000029907911));
#3571 = CARTESIAN_POINT ('', (11.6930995734077, 55.2785014168749, -4.50000122686619));
#3572 = CARTESIAN_POINT ('', (11.6702591214571, 55.257872847752, -4.50000252027755));
#3573 = CARTESIAN_POINT ('', (11.6474184454989, 55.2372440763146, -4.50000381370159));
#3574 = CARTESIAN_POINT ('', (11.6237605246109, 55.2177787713008, -4.49999950955498));
#3575 = CARTESIAN_POINT ('', (11.5991183504158, 55.1993395212732, -4.50000003417651));
#3576 = CARTESIAN_POINT ('', (11.574476069574, 55.180900191444, -4.50000055880031));
#3577 = CARTESIAN_POINT ('', (11.5492906670536, 55.1638020485704, -4.50000354545443));
#3578 = CARTESIAN_POINT ('', (11.5230591655074, 55.1477036258562, -4.50000191378052));
#3579 = CARTESIAN_POINT ('', (11.4968282862908, 55.1316055850692, -4.50000028214531));
#3580 = CARTESIAN_POINT ('', (11.470352538566, 55.1169848838169, -4.50000103656301));
#3581 = CARTESIAN_POINT ('', (11.442756855555, 55.1033582840069, -4.50000208290461));
#3582 = CARTESIAN_POINT ('', (11.4243591983792, 55.0942736198702, -4.50000278048597));
#3583 = CARTESIAN_POINT ('', (11.4059833808561, 55.0858892302462, -4.50000187945523));
#3584 = CARTESIAN_POINT ('', (11.3870643306062, 55.0779472878558, -4.50000077245306));
#3585 = CARTESIAN_POINT ('', (11.368146099763, 55.0700056894406, -4.49999966549884));
#3586 = CARTESIAN_POINT ('', (11.3493479656451, 55.0627823265944, -4.50000042089982));
#3587 = CARTESIAN_POINT ('', (11.3299796764328, 55.0560119634543, -4.50000131046734));
#3588 = CARTESIAN_POINT ('', (11.3106101811587, 55.0492411787243, -4.50000220009025));
#3589 = CARTESIAN_POINT ('', (11.291461622243, 55.0431974374865, -4.50000217610907));
#3590 = CARTESIAN_POINT ('', (11.2717147907652, 55.0376221778951, -4.50000122541772));
#3591 = CARTESIAN_POINT ('', (11.2519686591212, 55.0320471158926, -4.50000027476006));
#3592 = CARTESIAN_POINT ('', (11.2325461708807, 55.0271982373367, -4.49999985541523));
#3593 = CARTESIAN_POINT ('', (11.2124967009106, 55.022838216004, -4.50000004786823));
#3594 = CARTESIAN_POINT ('', (11.1924483360031, 55.0184784349818, -4.50000024031062));
#3595 = CARTESIAN_POINT ('', (11.1728275253079, 55.0148342316534, -4.49999970585358));
#3596 = CARTESIAN_POINT ('', (11.1525507277643, 55.011704358272, -4.49999947220643));
#3597 = CARTESIAN_POINT ('', (11.1322681533946, 55.0085735931948, -4.49999923849272));
#3598 = CARTESIAN_POINT ('', (11.1125179484254, 55.0061383920309, -4.50000112060197));
#3599 = CARTESIAN_POINT ('', (11.0920823612926, 55.0042486059569, -4.50000158850514));
#3600 = CARTESIAN_POINT ('', (11.0784703112872, 55.0029898281997, -4.50000190017326));
#3601 = CARTESIAN_POINT ('', (11.0651389338627, 55.0020301649248, -4.50000054082725));
#3602 = CARTESIAN_POINT ('', (11.0514869360668, 55.0013263318709, -4.4999990909257));
#3603 = CARTESIAN_POINT ('', (11.0378156315168, 55.0006215034512, -4.49999763897369));
#3604 = CARTESIAN_POINT ('', (11.0244570076866, 55.0002053930296, -4.49999828866047));
#3605 = CARTESIAN_POINT ('', (11.0107683400578, 55.0000579802546, -4.49999944262581));
#3606 = CARTESIAN_POINT ('', (11.001643759417, 54.9999597179701, -4.50000021183506));
#3607 = CARTESIAN_POINT ('', (10.9925586183259, 54.9999860533642, -4.49999973325117));
#3608 = CARTESIAN_POINT ('', (10.9834347606953, 55.0001372129903, -4.49999893204373));
#3609 = CARTESIAN_POINT ('', (10.9697780807417, 55.0003634702073, -4.49999773278853));
#3610 = CARTESIAN_POINT ('', (10.9557897545527, 55.0008843859211, -4.49999825484227));
#3611 = CARTESIAN_POINT ('', (10.9421540714468, 55.0016744776628, -4.49999980289152));
#3612 = CARTESIAN_POINT ('', (10.9216500503164, 55.00286254119, -4.50000213069822));
#3613 = CARTESIAN_POINT ('', (10.900474948227, 55.0047530002803, -4.50000118176352));
#3614 = CARTESIAN_POINT ('', (10.8800847383853, 55.0072158693694, -4.50000002496112));
#3615 = CARTESIAN_POINT ('', (10.8597196825131, 55.00967570019, -4.49999886958579));
#3616 = CARTESIAN_POINT ('', (10.8387974890296, 55.01286549208, -4.49999967525911));
#3617 = CARTESIAN_POINT ('', (10.8186246445244, 55.0165860584545, -4.49999999094072));
#3618 = CARTESIAN_POINT ('', (10.7984454377533, 55.0203077982496, -4.5000003067219));
#3619 = CARTESIAN_POINT ('', (10.7778200972138, 55.0247784136255, -4.49999959553736));
#3620 = CARTESIAN_POINT ('', (10.7579109258694, 55.0297459713113, -4.49999995893105));
#3621 = CARTESIAN_POINT ('', (10.7380032731673, 55.0347131500792, -4.50000032229701));
#3622 = CARTESIAN_POINT ('', (10.7177593362279, 55.0404369769449, -4.5000020489318));
#3623 = CARTESIAN_POINT ('', (10.6981980961913, 55.0466293423555, -4.50000204268167));
#3624 = CARTESIAN_POINT ('', (10.6786371681633, 55.0528216089957, -4.50000203643163));
#3625 = CARTESIAN_POINT ('', (10.6588474748058, 55.0597681516642, -4.50000039015605));
#3626 = CARTESIAN_POINT ('', (10.6397077979819, 55.0671605019271, -4.50000003650231));
#3627 = CARTESIAN_POINT ('', (10.6205671456307, 55.0745532289695, -4.49999968283054));
#3628 = CARTESIAN_POINT ('', (10.601302305389, 55.0826880763353, -4.50000180930807));
#3629 = CARTESIAN_POINT ('', (10.5826559675829, 55.0912514326802, -4.50000226698062));
#3630 = CARTESIAN_POINT ('', (10.5640103697065, 55.0998144492113, -4.50000272463501));
#3631 = CARTESIAN_POINT ('', (10.5453416382714, 55.1090977844444, -4.50000137981232));
#3632 = CARTESIAN_POINT ('', (10.5272612250464, 55.1187973838808, -4.5000004419421));
#3633 = CARTESIAN_POINT ('', (10.509180364183, 55.1284972234617, -4.49999950404866));
#3634 = CARTESIAN_POINT ('', (10.4911732546214, 55.1388865651932, -4.5000011238129));
#3635 = CARTESIAN_POINT ('', (10.4737261550738, 55.1496848583339, -4.50000210546256));
#3636 = CARTESIAN_POINT ('', (10.4475561132662, 55.1658819220449, -4.50000357790287));
#3637 = CARTESIAN_POINT ('', (10.4217824163722, 55.1835371153893, -4.49999994002808));
#3638 = CARTESIAN_POINT ('', (10.3972251990928, 55.2020886393895, -4.49999999816545));
#3639 = CARTESIAN_POINT ('', (10.3726674859075, 55.2206405380173, -4.50000005630401));
#3640 = CARTESIAN_POINT ('', (10.3487919457587, 55.240476909957, -4.50000384481668));
#3641 = CARTESIAN_POINT ('', (10.3260541254937, 55.2612192759445, -4.50000228474323));
#3642 = CARTESIAN_POINT ('', (10.3033166810461, 55.2819612990961, -4.50000072469556));
#3643 = CARTESIAN_POINT ('', (10.2815151275565, 55.3037768238744, -4.50000078838058));
#3644 = CARTESIAN_POINT ('', (10.2607876750359, 55.3265275516986, -4.50000231688949));
#3645 = CARTESIAN_POINT ('', (10.2400599718809, 55.3492785546223, -4.50000384541689));
#3646 = CARTESIAN_POINT ('', (10.2204864051248, 55.3728590260402, -4.50000002150373));
#3647 = CARTESIAN_POINT ('', (10.2019406207603, 55.3974211858956, -4.49999999783931));
#3648 = CARTESIAN_POINT ('', (10.1833948546722, 55.4219833215454, -4.49999997417492));
#3649 = CARTESIAN_POINT ('', (10.1661828193864, 55.4471020408258, -4.50000357808461));
#3650 = CARTESIAN_POINT ('', (10.1499712818645, 55.47326365386, -4.50000213126358));
#3651 = CARTESIAN_POINT ('', (10.1337600436696, 55.4994247838507, -4.50000068446927));
#3652 = CARTESIAN_POINT ('', (10.1190207095159, 55.5258452797822, -4.50000066860214));
#3653 = CARTESIAN_POINT ('', (10.1052752547085, 55.5533820086885, -4.50000192109134));
#3654 = CARTESIAN_POINT ('', (10.0961113543561, 55.5717403564672, -4.50000275610817));
#3655 = CARTESIAN_POINT ('', (10.0876461178167, 55.5900836674791, -4.50000214500168));
#3656 = CARTESIAN_POINT ('', (10.0796227622581, 55.6089683641359, -4.50000100854313));
#3657 = CARTESIAN_POINT ('', (10.0715997604617, 55.6278522281369, -4.49999987213468));
#3658 = CARTESIAN_POINT ('', (10.0642940282116, 55.6466230012615, -4.50000018012051));
#3659 = CARTESIAN_POINT ('', (10.0574403946712, 55.665961992578, -4.50000111843808));
#3660 = CARTESIAN_POINT ('', (10.05058635136, 55.6853021401505, -4.50000205681176));
#3661 = CARTESIAN_POINT ('', (10.0444590443288, 55.7044285175241, -4.50000229257866));
#3662 = CARTESIAN_POINT ('', (10.0387989702403, 55.7241511638797, -4.500001417216));
#3663 = CARTESIAN_POINT ('', (10.0331390572072, 55.7438732490342, -4.50000054187825));
#3664 = CARTESIAN_POINT ('', (10.028205707696, 55.763278964381, -4.49999979522108));
#3665 = CARTESIAN_POINT ('', (10.0237596180539, 55.7833096295222, -4.50000000533018));
#3666 = CARTESIAN_POINT ('', (10.0193137990548, 55.803339075354, -4.50000021542648));
#3667 = CARTESIAN_POINT ('', (10.0155846188699, 55.8229483086743, -4.49999984242683));
#3668 = CARTESIAN_POINT ('', (10.0123678013357, 55.8432114794972, -4.49999952972367));
#3669 = CARTESIAN_POINT ('', (10.009150075699, 55.8634803705808, -4.49999921693223));
#3670 = CARTESIAN_POINT ('', (10.0066296722763, 55.8832242589341, -4.50000065402888));
#3671 = CARTESIAN_POINT ('', (10.0046523396093, 55.9036514922027, -4.50000145513216));
#3672 = CARTESIAN_POINT ('', (10.0033351246731, 55.9172592463336, -4.5000019887931));
#3673 = CARTESIAN_POINT ('', (10.0023181382633, 55.9305895628377, -4.5000011205657));
#3674 = CARTESIAN_POINT ('', (10.0015558185718, 55.9442396505381, -4.49999956515984));
#3675 = CARTESIAN_POINT ('', (10.0007927795223, 55.9579026190542, -4.49999800828624));
#3676 = CARTESIAN_POINT ('', (10.0003195183334, 55.9712564178797, -4.49999784509862));
#3677 = CARTESIAN_POINT ('', (10.0001134214166, 55.9849391245659, -4.49999906536249));
#3678 = CARTESIAN_POINT ('', (10.0000375442222, 55.9899765866068, -4.49999951461811));
#3679 = CARTESIAN_POINT ('', (9.99999965014225, 55.994986857058, -4.49999978771486));
#3680 = CARTESIAN_POINT ('', (9.99999969678225, 56.0000000000033, -4.49999980803473));
#3681 = B_SPLINE_CURVE_WITH_KNOTS ('', 3, (#3536, #3537, #3538, #3539, #3540, #3541, #3542, #3543, #3544, #3545, #3546, #3547, #3548, #3549, #3550, #3551, #3552, #3553, #3554, #3555, #3556, #3557, #3558, #3559, #3560, #3561, #3562, #3563, #3564, #3565, #3566, #3567, #3568, #3569, #3570, #3571, #3572, #3573, #3574, #3575, #3576, #3577, #3578, #3579, #3580, #3581, #3582, #3583, #3584, #3585, #3586, #3587, #3588, #3589, #3590, #3591, #3592, #3593, #3594, #3595, #3596, #3597, #3598, #3599, #3600, #3601, #3602, #3603, #3604, #3605, #3606, #3607, #3608, #3609, #3610, #3611, #3612, #3613, #3614, #3615, #3616, #3617, #3618, #3619, #3620, #3621, #3622, #3623, #3624, #3625, #3626, #3627, #3628, #3629, #3630, #3631, #3632, #3633, #3634, #3635, #3636, #3637, #3638, #3639, #3640, #3641, #3642, #3643, #3644, #3645, #3646, #3647, #3648, #3649, #3650, #3651, #3652, #3653, #3654, #3655, #3656, #3657, #3658, #3659, #3660, #3661, #3662, #3663, #3664, #3665, #3666, #3667, #3668, #3669, #3670, #3671, #3672, #3673, #3674, #3675, #3676, #3677, #3678, #3679, #3680), .UNSPECIFIED., .F., .U., (4, 3, 3, 3, 3, 3, 3, 3, 3, 3, 3, 3, 3, 3, 3, 3, 3, 3, 3, 3, 3, 3, 3, 3, 3, 3, 3, 3, 3, 3, 3, 3, 3, 3, 3, 3, 3, 3, 3, 3, 3, 3, 3, 3, 3, 3, 3, 3, 4), (0., 0.0615573095541613, 0.123111274673708, 0.184665735288835, 0.246219287633021, 0.307774602197867, 0.369328118251126, 0.43088360396849, 0.49243711587144, 0.553992460058247, 0.646323130453145, 0.738655484936625, 0.830986503556192, 0.923318427711778, 1.01565075146245, 1.10798088467424, 1.16953609739142, 1.23108864407843, 1.29264502363765, 1.35419922161994, 1.41575002693223, 1.47731836796684, 1.51832875496818, 1.55939713915579, 1.58677246840412, 1.62774813081596, 1.68936336794049, 1.7509025946752, 1.81246123012161, 1.87401516996592, 1.93556812800299, 1.99712422332351, 2.05867787595606, 2.12023305254628, 2.21256367406027, 2.30489616008961, 2.39722712002047, 2.4895591964083, 2.58189118180482, 2.67422146239904, 2.7357767548749, 2.79732933328169, 2.85888559184642, 2.92044009884907, 2.98199085889714, 3.04355899462617, 3.08457306845018, 3.12562584493606, 3.14073994538153), .UNSPECIFIED.);
#3682 = EDGE_CURVE ('', #3535, #3528, #3681, .T.);
#3683 = ORIENTED_EDGE ('', *, *, #3682, .F.);
#3684 = CARTESIAN_POINT ('', (12.5, 56., -5.));
#3685 = CARTESIAN_POINT ('', (12., 56., -4.5));
#3686 = B_SPLINE_CURVE_WITH_KNOTS ('', 1, (#3684, #3685), .UNSPECIFIED., .F., .U., (2, 2), (0., 0.5), .UNSPECIFIED.);
#3687 = EDGE_CURVE ('', #1968, #3535, #3686, .T.);
#3688 = ORIENTED_EDGE ('', *, *, #3687, .F.);
#3689 = ORIENTED_EDGE ('', *, *, #2041, .F.);
#3690 = EDGE_LOOP ('', (#3533, #3683, #3688, #3689));
#3691 = FACE_OUTER_BOUND ('', #3690, .T.);
#3692 = CARTESIAN_POINT ('', (9.5, 56., -5.));
#3693 = CARTESIAN_POINT ('', (9.5, 55.9703291045598, -5.));
#3694 = CARTESIAN_POINT ('', (9.50173695726193, 55.9109873136793, -5.));
#3695 = CARTESIAN_POINT ('', (9.50991988412486, 55.8196458177859, -5.));
#3696 = CARTESIAN_POINT ('', (9.52401123860617, 55.7271850316455, -5.));
#3697 = CARTESIAN_POINT ('', (9.55104538139969, 55.6028671013484, -5.));
#3698 = CARTESIAN_POINT ('', (9.60088836835445, 55.4470957791982, -5.));
#3699 = CARTESIAN_POINT ('', (9.68727503301156, 55.2647431313717, -5.));
#3700 = CARTESIAN_POINT ('', (9.79966772767481, 55.0925566076171, -5.));
#3701 = CARTESIAN_POINT ('', (9.93595365850729, 54.9359536585073, -5.));
#3702 = CARTESIAN_POINT ('', (10.0925566076171, 54.7996677276748, -5.));
#3703 = CARTESIAN_POINT ('', (10.2647431313717, 54.6872750330116, -5.));
#3704 = CARTESIAN_POINT ('', (10.4470957791982, 54.6008883683544, -5.));
#3705 = CARTESIAN_POINT ('', (10.6028671013485, 54.5510453813997, -5.));
#3706 = CARTESIAN_POINT ('', (10.7271850316455, 54.5240112386061, -5.));
#3707 = CARTESIAN_POINT ('', (10.8196458177859, 54.5099198841249, -5.));
#3708 = CARTESIAN_POINT ('', (10.9109873136793, 54.5017369572618, -5.));
#3709 = CARTESIAN_POINT ('', (11.0000000000002, 54.4991315213694, -5.));
#3710 = CARTESIAN_POINT ('', (11.08901268632, 54.5017369572604, -5.));
#3711 = CARTESIAN_POINT ('', (11.1803541822164, 54.5099198841304, -5.));
#3712 = CARTESIAN_POINT ('', (11.2728149683456, 54.5240112385852, -5.));
#3713 = CARTESIAN_POINT ('', (11.3971328986985, 54.5510453815108, -5.));
#3714 = CARTESIAN_POINT ('', (11.5529042204236, 54.6008883674592, -5.));
#3715 = CARTESIAN_POINT ('', (11.7352568700089, 54.6872750362802, -5.));
#3716 = CARTESIAN_POINT ('', (11.9074433872384, 54.7996677154957, -5.));
#3717 = CARTESIAN_POINT ('', (12.06404636069, 54.9359537039553, -5.));
#3718 = CARTESIAN_POINT ('', (12.2003322006806, 55.0925564380043, -5.));
#3719 = CARTESIAN_POINT ('', (12.3127252343694, 55.264743764375, -5.));
#3720 = CARTESIAN_POINT ('', (12.3991106337662, 55.4470934167979, -5.));
#3721 = CARTESIAN_POINT ('', (12.4589269401275, 55.6340301823766, -5.));
#3722 = CARTESIAN_POINT ('', (12.4930404081306, 55.8203157935203, -5.));
#3723 = CARTESIAN_POINT ('', (12.5000025993652, 55.9410801045139, -5.));
#3724 = CARTESIAN_POINT ('', (12.5, 56., -5.));
#3725 = CARTESIAN_POINT ('', (10.0000023610263, 56., -4.49999763897369));
#3726 = CARTESIAN_POINT ('', (10.0000023610263, 55.9802194497424, -4.49999763897369));
#3727 = CARTESIAN_POINT ('', (10.0011603298003, 55.9406583492271, -4.49999763897369));
#3728 = CARTESIAN_POINT ('', (10.0066156014955, 55.8797641624046, -4.49999763897369));
#3729 = CARTESIAN_POINT ('', (10.0160098156363, 55.8181237838459, -4.49999763897369));
#3730 = CARTESIAN_POINT ('', (10.0340325349464, 55.7352453593264, -4.49999763897369));
#3731 = CARTESIAN_POINT ('', (10.0672611144625, 55.6313980564131, -4.49999763897369));
#3732 = CARTESIAN_POINT ('', (10.1248520882598, 55.509829911555, -4.49999763897369));
#3733 = CARTESIAN_POINT ('', (10.1997803744606, 55.3950391667432, -4.49999763897369));
#3734 = CARTESIAN_POINT ('', (10.2906374471658, 55.2906374471658, -4.49999763897369));
#3735 = CARTESIAN_POINT ('', (10.3950391667432, 55.1997803744606, -4.49999763897369));
#3736 = CARTESIAN_POINT ('', (10.509829911555, 55.1248520882598, -4.49999763897369));
#3737 = CARTESIAN_POINT ('', (10.6313980564131, 55.0672611144625, -4.49999763897369));
#3738 = CARTESIAN_POINT ('', (10.7352453593264, 55.0340325349464, -4.49999763897369));
#3739 = CARTESIAN_POINT ('', (10.8181237838459, 55.0160098156363, -4.49999763897369));
#3740 = CARTESIAN_POINT ('', (10.8797641624046, 55.0066156014955, -4.49999763897369));
#3741 = CARTESIAN_POINT ('', (10.9406583492271, 55.0011603298002, -4.49999763897369));
#3742 = CARTESIAN_POINT ('', (11.0000000000001, 54.9994233766396, -4.49999763897369));
#3743 = CARTESIAN_POINT ('', (11.0593416507725, 55.0011603297993, -4.49999763897369));
#3744 = CARTESIAN_POINT ('', (11.120235837597, 55.0066156014992, -4.49999763897369));
#3745 = CARTESIAN_POINT ('', (11.1818762161482, 55.0160098156224, -4.49999763897369));
#3746 = CARTESIAN_POINT ('', (11.2647546407048, 55.0340325350205, -4.49999763897369));
#3747 = CARTESIAN_POINT ('', (11.3686019433348, 55.0672611138657, -4.49999763897369));
#3748 = CARTESIAN_POINT ('', (11.4901700893654, 55.1248520904389, -4.49999763897369));
#3749 = CARTESIAN_POINT ('', (11.6049608298271, 55.1997803663412, -4.49999763897369));
#3750 = CARTESIAN_POINT ('', (11.7093625656323, 55.2906374774644, -4.49999763897369));
#3751 = CARTESIAN_POINT ('', (11.8002195777765, 55.3950390536682, -4.49999763897369));
#3752 = CARTESIAN_POINT ('', (11.8751480899937, 55.5098303335562, -4.49999763897369));
#3753 = CARTESIAN_POINT ('', (11.9327382202861, 55.6313964814832, -4.49999763897369));
#3754 = CARTESIAN_POINT ('', (11.9726156637084, 55.7560206976273, -4.49999763897369));
#3755 = CARTESIAN_POINT ('', (11.9953579220153, 55.8802108118396, -4.49999763897369));
#3756 = CARTESIAN_POINT ('', (11.9999993718797, 55.9607201624169, -4.49999763897369));
#3757 = CARTESIAN_POINT ('', (11.9999976389737, 56., -4.49999763897369));
#3758 = B_SPLINE_SURFACE_WITH_KNOTS ('', 1, 3, ((#3692, #3693, #3694, #3695, #3696, #3697, #3698, #3699, #3700, #3701, #3702, #3703, #3704, #3705, #3706, #3707, #3708, #3709, #3710, #3711, #3712, #3713, #3714, #3715, #3716, #3717, #3718, #3719, #3720, #3721, #3722, #3723, #3724), (#3725, #3726, #3727, #3728, #3729, #3730, #3731, #3732, #3733, #3734, #3735, #3736, #3737, #3738, #3739, #3740, #3741, #3742, #3743, #3744, #3745, #3746, #3747, #3748, #3749, #3750, #3751, #3752, #3753, #3754, #3755, #3756, #3757)), .UNSPECIFIED., .F., .F., .U., (2, 2), (4, 1, 1, 1, 1, 1, 1, 1, 1, 1, 1, 1, 1, 1, 1, 1, 1, 1, 1, 1, 1, 1, 1, 1, 1, 1, 1, 1, 1, 1, 4), (0., 0.500002361026309), (0.5, 0.510416666666662, 0.52083333333333, 0.531249999999997, 0.541666666666664, 0.562499999999997, 0.583333333333331, 0.604166666666664, 0.624999999999998, 0.645833333333332, 0.666666666666665, 0.687499999999999, 0.708333333333332, 0.71875, 0.729166666666666, 0.739583333333333, 0.75, 0.760416666666667, 0.770833333333333, 0.78125, 0.791666666666667, 0.8125, 0.833333333333334, 0.854166666666668, 0.875000000000001, 0.895833333333334, 0.916666666666668, 0.9375, 0.958333333333334, 0.979166666666667, 1.), .UNSPECIFIED.);
#3759 = ADVANCED_FACE ('', (#3691), #3758, .T.);
#3760 = CARTESIAN_POINT ('', (10., 56., -3.5));
#3761 = VERTEX_POINT ('', #3760);
#3762 = CARTESIAN_POINT ('', (10., 56., -3.5));
#3763 = CARTESIAN_POINT ('', (10., 56., -4.50000384541689));
#3764 = B_SPLINE_CURVE_WITH_KNOTS ('', 1, (#3762, #3763), .UNSPECIFIED., .F., .U., (2, 2), (0., 0.666669230277924), .UNSPECIFIED.);
#3765 = EDGE_CURVE ('', #3761, #3528, #3764, .T.);
#3766 = ORIENTED_EDGE ('', *, *, #3765, .T.);
#3767 = CARTESIAN_POINT ('', (9.99999969678225, 56.0000000000033, -4.49999980803473));
#3768 = CARTESIAN_POINT ('', (9.99999973467576, 56.0040730189676, -4.49999982454397));
#3769 = CARTESIAN_POINT ('', (10.0000248174089, 56.0081479340781, -4.49999967419406));
#3770 = CARTESIAN_POINT ('', (10.0000749222451, 56.01224086912, -4.4999993158937));
#3771 = CARTESIAN_POINT ('', (10.0002420492619, 56.0258930447674, -4.49999812076615));
#3772 = CARTESIAN_POINT ('', (10.0007022498235, 56.0398800241062, -4.49999779535716));
#3773 = CARTESIAN_POINT ('', (10.0014328824377, 56.0535136592216, -4.49999931163565));
#3774 = CARTESIAN_POINT ('', (10.0021654961927, 56.0671842625076, -4.50000083202559));
#3775 = CARTESIAN_POINT ('', (10.0032047862001, 56.081158633951, -4.5000019690102));
#3776 = CARTESIAN_POINT ('', (10.0045024440023, 56.094787214341, -4.50000151197362));
#3777 = CARTESIAN_POINT ('', (10.0064471271957, 56.1152111436621, -4.50000082705396));
#3778 = CARTESIAN_POINT ('', (10.0091114305224, 56.1362378859223, -4.49999921726174));
#3779 = CARTESIAN_POINT ('', (10.01232226026, 56.1565013815341, -4.4999995253253));
#3780 = CARTESIAN_POINT ('', (10.0155334459681, 56.1767671236702, -4.49999983342301));
#3781 = CARTESIAN_POINT ('', (10.0194872375082, 56.1975240102081, -4.50000020703673));
#3782 = CARTESIAN_POINT ('', (10.0239510775242, 56.2175511455585, -4.49999999628269));
#3783 = CARTESIAN_POINT ('', (10.02841489652, 56.2375781866013, -4.49999978552964));
#3784 = CARTESIAN_POINT ('', (10.0336334521159, 56.2579858584938, -4.50000066416891));
#3785 = CARTESIAN_POINT ('', (10.0393313792122, 56.277697319097, -4.50000149734195));
#3786 = CARTESIAN_POINT ('', (10.0450290330599, 56.2974078344212, -4.50000233047503));
#3787 = CARTESIAN_POINT ('', (10.0514831169382, 56.3173904381361, -4.50000194135011));
#3788 = CARTESIAN_POINT ('', (10.0583915609398, 56.3367098862383, -4.50000098750148));
#3789 = CARTESIAN_POINT ('', (10.0653003285783, 56.3560302393905, -4.50000003360817));
#3790 = CARTESIAN_POINT ('', (10.0729573339885, 56.3755168471721, -4.50000008203586));
#3791 = CARTESIAN_POINT ('', (10.0810492454262, 56.3943722995701, -4.50000120936276));
#3792 = CARTESIAN_POINT ('', (10.0891409991868, 56.4132273845551, -4.50000233666769));
#3793 = CARTESIAN_POINT ('', (10.0979630325724, 56.4321461559509, -4.50000268274715));
#3794 = CARTESIAN_POINT ('', (10.1072056906266, 56.4504645614813, -4.50000173352569));
#3795 = CARTESIAN_POINT ('', (10.1164483812578, 56.4687830315773, -4.50000078430088));
#3796 = CARTESIAN_POINT ('', (10.1263941524573, 56.4870665424924, -4.49999951122561));
#3797 = CARTESIAN_POINT ('', (10.1367512695608, 56.504778792537, -4.50000066101184));
#3798 = CARTESIAN_POINT ('', (10.1522869056386, 56.5313470999204, -4.50000238568679));
#3799 = CARTESIAN_POINT ('', (10.1693207171045, 56.5576012553011, -4.50000274041784));
#3800 = CARTESIAN_POINT ('', (10.1872519364252, 56.5826152977355, -4.50000092339121));
#3801 = CARTESIAN_POINT ('', (10.2051833195906, 56.607629568733, -4.49999910634798));
#3802 = CARTESIAN_POINT ('', (10.2244499172036, 56.632035851304, -4.50000282285681));
#3803 = CARTESIAN_POINT ('', (10.2446178708786, 56.6552845481194, -4.50000292182617));
#3804 = CARTESIAN_POINT ('', (10.2647855665101, 56.678532947474, -4.50000302079425));
#3805 = CARTESIAN_POINT ('', (10.2860871665737, 56.7009106150469, -4.49999893197558));
#3806 = CARTESIAN_POINT ('', (10.308314277171, 56.7221986297651, -4.50000080275296));
#3807 = CARTESIAN_POINT ('', (10.3305417537279, 56.7434869949811, -4.50000267356113));
#3808 = CARTESIAN_POINT ('', (10.3536676432735, 56.7636764628137, -4.5000029907299));
#3809 = CARTESIAN_POINT ('', (10.3777611233212, 56.7828274269272, -4.50000102355088));
#3810 = CARTESIAN_POINT ('', (10.4018540832827, 56.8019779776446, -4.49999905641432));
#3811 = CARTESIAN_POINT ('', (10.4265798923094, 56.8198393711041, -4.50000255926282));
#3812 = CARTESIAN_POINT ('', (10.4523307234454, 56.8366949046804, -4.50000269713457));
#3813 = CARTESIAN_POINT ('', (10.4780818747436, 56.8535506478229, -4.50000283500803));
#3814 = CARTESIAN_POINT ('', (10.5041748002013, 56.868967553544, -4.49999909650595));
#3815 = CARTESIAN_POINT ('', (10.5313631247875, 56.8833908982953, -4.50000066796881));
#3816 = CARTESIAN_POINT ('', (10.5494888787202, 56.8930065697951, -4.50000171562251));
#3817 = CARTESIAN_POINT ('', (10.5676383499623, 56.9019337046987, -4.50000277633609));
#3818 = CARTESIAN_POINT ('', (10.5863187338456, 56.9104217759, -4.5000021615558));
#3819 = CARTESIAN_POINT ('', (10.6049986827784, 56.9189096494667, -4.50000154678983));
#3820 = CARTESIAN_POINT ('', (10.6236055196414, 56.9266866674586, -4.49999958743446));
#3821 = CARTESIAN_POINT ('', (10.6427695785687, 56.9340162878687, -4.50000010666944));
#3822 = CARTESIAN_POINT ('', (10.6619339689377, 56.9413460350443, -4.50000062591341));
#3823 = CARTESIAN_POINT ('', (10.6809255560041, 56.94795173835, -4.50000212343098));
#3824 = CARTESIAN_POINT ('', (10.7005019659836, 56.9540969173099, -4.50000203802234));
#3825 = CARTESIAN_POINT ('', (10.7200787707651, 56.9602422202011, -4.50000195261197));
#3826 = CARTESIAN_POINT ('', (10.7393808579791, 56.9656597117232, -4.50000022984886));
#3827 = CARTESIAN_POINT ('', (10.7592962561174, 56.9705986336694, -4.49999993610216));
#3828 = CARTESIAN_POINT ('', (10.7792103891738, 56.9755372418814, -4.49999964237412));
#3829 = CARTESIAN_POINT ('', (10.7987463917615, 56.9797540240884, -4.5000003066586));
#3830 = CARTESIAN_POINT ('', (10.8189245953303, 56.9834692154937, -4.49999998621189));
#3831 = CARTESIAN_POINT ('', (10.8391049577737, 56.9871848043888, -4.4999996657309));
#3832 = CARTESIAN_POINT ('', (10.8588027554441, 56.9901941177152, -4.49999887594846));
#3833 = CARTESIAN_POINT ('', (10.8791719848957, 56.9926734562614, -4.49999997444754));
#3834 = CARTESIAN_POINT ('', (10.8995352614337, 56.9951520702201, -4.50000107262558));
#3835 = CARTESIAN_POINT ('', (10.9193117491501, 56.996950456507, -4.50000230632239));
#3836 = CARTESIAN_POINT ('', (10.9397880997022, 56.9981856175394, -4.5000000672864));
#3837 = CARTESIAN_POINT ('', (10.9602878160025, 56.9994221880252, -4.49999782569542));
#3838 = CARTESIAN_POINT ('', (10.9800953140803, 57.0000127853975, -4.50000016785694));
#3839 = CARTESIAN_POINT ('', (11.0006322883301, 56.9999998001057, -4.49999999735085));
#3840 = CARTESIAN_POINT ('', (11.021079584811, 56.9999868715162, -4.4999998275893));
#3841 = CARTESIAN_POINT ('', (11.0422946111252, 56.9993143939551, -4.49999823503245));
#3842 = CARTESIAN_POINT ('', (11.062701677718, 56.9980323139114, -4.50000033158267));
#3843 = CARTESIAN_POINT ('', (11.083196277821, 56.9967447345488, -4.50000243712577));
#3844 = CARTESIAN_POINT ('', (11.1043529425183, 56.9947523057955, -4.50000065046184));
#3845 = CARTESIAN_POINT ('', (11.1247275917811, 56.9921910238701, -4.49999978699281));
#3846 = CARTESIAN_POINT ('', (11.1450812911303, 56.9896323755428, -4.49999892441162));
#3847 = CARTESIAN_POINT ('', (11.165983456488, 56.986341883898, -4.49999982364726));
#3848 = CARTESIAN_POINT ('', (11.1861388363288, 56.982523451939, -4.50000005588888));
#3849 = CARTESIAN_POINT ('', (11.20629958182, 56.9787040034588, -4.50000028819233));
#3850 = CARTESIAN_POINT ('', (11.2268978277536, 56.9741347030087, -4.49999945913383));
#3851 = CARTESIAN_POINT ('', (11.2467825352694, 56.9690708850678, -4.50000007488718));
#3852 = CARTESIAN_POINT ('', (11.2666658067358, 56.9640074328296, -4.50000069059606));
#3853 = CARTESIAN_POINT ('', (11.2868768888055, 56.9581871600592, -4.50000220744338));
#3854 = CARTESIAN_POINT ('', (11.3064078569047, 56.9519003231574, -4.50000201961043));
#3855 = CARTESIAN_POINT ('', (11.3259386896555, 56.9456135298228, -4.50000183177877));
#3856 = CARTESIAN_POINT ('', (11.3456900236875, 56.9385730577431, -4.50000004143327));
#3857 = CARTESIAN_POINT ('', (11.3647938413314, 56.9310883166095, -4.49999998712023));
#3858 = CARTESIAN_POINT ('', (11.3838985094879, 56.9236032422509, -4.49999993280476));
#3859 = CARTESIAN_POINT ('', (11.4031193522173, 56.9153774098979, -4.50000209440306));
#3860 = CARTESIAN_POINT ('', (11.4217241018576, 56.9067242038859, -4.50000235162813));
#3861 = CARTESIAN_POINT ('', (11.4403281629103, 56.898071318141, -4.50000260884367));
#3862 = CARTESIAN_POINT ('', (11.4589476483007, 56.8887001967132, -4.50000100242623));
#3863 = CARTESIAN_POINT ('', (11.4769810936942, 56.8789135544855, -4.50000024129305));
#3864 = CARTESIAN_POINT ('', (11.4950150024216, 56.8691266608092, -4.49999948014032));
#3865 = CARTESIAN_POINT ('', (11.512967799026, 56.8586530395417, -4.50000149950759));
#3866 = CARTESIAN_POINT ('', (11.530362708765, 56.8477708399983, -4.50000231605232));
#3867 = CARTESIAN_POINT ('', (11.5564544350554, 56.831447940013, -4.50000354083946));
#3868 = CARTESIAN_POINT ('', (11.5821342651105, 56.813674942855, -4.49999936225926));
#3869 = CARTESIAN_POINT ('', (11.6066020439834, 56.7950056353481, -4.50000005893761));
#3870 = CARTESIAN_POINT ('', (11.6310703038533, 56.7763359608327, -4.50000075562966));
#3871 = CARTESIAN_POINT ('', (11.6548424130157, 56.7563918737009, -4.50000379572118));
#3872 = CARTESIAN_POINT ('', (11.677480493989, 56.7355407400439, -4.50000202880342));
#3873 = CARTESIAN_POINT ('', (11.7001182317252, 56.7146899225306, -4.50000026191245));
#3874 = CARTESIAN_POINT ('', (11.7218078594761, 56.6927774806971, -4.50000126318079));
#3875 = CARTESIAN_POINT ('', (11.742426228609, 56.6699278282574, -4.50000252594828));
#3876 = CARTESIAN_POINT ('', (11.7630448071149, 56.6470779437866, -4.50000378872859));
#3877 = CARTESIAN_POINT ('', (11.7824989633808, 56.6234120750428, -4.49999945538884));
#3878 = CARTESIAN_POINT ('', (11.8009272392781, 56.5987616866354, -4.50000004464005));
#3879 = CARTESIAN_POINT ('', (11.8193555954431, 56.5741111908586, -4.50000063389382));
#3880 = CARTESIAN_POINT ('', (11.8364420032104, 56.548918961702, -4.50000356802853));
#3881 = CARTESIAN_POINT ('', (11.8525287685794, 56.5226803026176, -4.50000191018233));
#3882 = CARTESIAN_POINT ('', (11.8686151098906, 56.4964423352017, -4.50000025237983));
#3883 = CARTESIAN_POINT ('', (11.8832235646854, 56.4699609942294, -4.50000105079468));
#3884 = CARTESIAN_POINT ('', (11.8968378970227, 56.4423593408802, -4.50000207450315));
#3885 = CARTESIAN_POINT ('', (11.9059144366273, 56.423957593841, -4.50000275699938));
#3886 = CARTESIAN_POINT ('', (11.9142905335445, 56.4055783871652, -4.5000018441768));
#3887 = CARTESIAN_POINT ('', (11.9222241204112, 56.3866557535223, -4.50000074935444));
#3888 = CARTESIAN_POINT ('', (11.9301573885497, 56.3677338800873, -4.49999965457607));
#3889 = CARTESIAN_POINT ('', (11.9373723147711, 56.3489328266856, -4.50000043362907));
#3890 = CARTESIAN_POINT ('', (11.9441341410724, 56.3295614110625, -4.50000125458394));
#3891 = CARTESIAN_POINT ('', (11.9508962692988, 56.310189130478, -4.50000207557546));
#3892 = CARTESIAN_POINT ('', (11.9569313411443, 56.2910385197338, -4.50000192060945));
#3893 = CARTESIAN_POINT ('', (11.9624978120283, 56.2712894429216, -4.50000100726879));
#3894 = CARTESIAN_POINT ('', (11.9680640143577, 56.2515413189046, -4.5000000939722));
#3895 = CARTESIAN_POINT ('', (11.9729041084729, 56.2321175709147, -4.49999998506715));
#3896 = CARTESIAN_POINT ('', (11.9772552027504, 56.2120666609755, -4.50000075804239));
#3897 = CARTESIAN_POINT ('', (11.9816065287467, 56.1920146832191, -4.5000015310588));
#3898 = CARTESIAN_POINT ('', (11.985242269434, 56.1723910855312, -4.50000185779042));
#3899 = CARTESIAN_POINT ('', (11.9883633887087, 56.1521111825614, -4.50000116782026));
#3900 = CARTESIAN_POINT ('', (11.9914843843828, 56.131832082704, -4.50000047787742));
#3901 = CARTESIAN_POINT ('', (11.993910329709, 56.1120858555003, -4.49999975993871));
#3902 = CARTESIAN_POINT ('', (11.9957908808594, 56.091654359401, -4.49999989736115));
#3903 = CARTESIAN_POINT ('', (11.9976714805749, 56.0712223356601, -4.50000003478713));
#3904 = CARTESIAN_POINT ('', (11.9988874831041, 56.0514276224169, -4.49999993848512));
#3905 = CARTESIAN_POINT ('', (11.9995218920549, 56.030919044341, -4.49999972566441));
#3906 = CARTESIAN_POINT ('', (11.9998425955459, 56.020551642406, -4.49999961808026));
#3907 = CARTESIAN_POINT ('', (12., 56.0103723610336, -4.49999954240324));
#3908 = CARTESIAN_POINT ('', (12., 56., -4.50000000000001));
#3909 = B_SPLINE_CURVE_WITH_KNOTS ('', 3, (#3767, #3768, #3769, #3770, #3771, #3772, #3773, #3774, #3775, #3776, #3777, #3778, #3779, #3780, #3781, #3782, #3783, #3784, #3785, #3786, #3787, #3788, #3789, #3790, #3791, #3792, #3793, #3794, #3795, #3796, #3797, #3798, #3799, #3800, #3801, #3802, #3803, #3804, #3805, #3806, #3807, #3808, #3809, #3810, #3811, #3812, #3813, #3814, #3815, #3816, #3817, #3818, #3819, #3820, #3821, #3822, #3823, #3824, #3825, #3826, #3827, #3828, #3829, #3830, #3831, #3832, #3833, #3834, #3835, #3836, #3837, #3838, #3839, #3840, #3841, #3842, #3843, #3844, #3845, #3846, #3847, #3848, #3849, #3850, #3851, #3852, #3853, #3854, #3855, #3856, #3857, #3858, #3859, #3860, #3861, #3862, #3863, #3864, #3865, #3866, #3867, #3868, #3869, #3870, #3871, #3872, #3873, #3874, #3875, #3876, #3877, #3878, #3879, #3880, #3881, #3882, #3883, #3884, #3885, #3886, #3887, #3888, #3889, #3890, #3891, #3892, #3893, #3894, #3895, #3896, #3897, #3898, #3899, #3900, #3901, #3902, #3903, #3904, #3905, #3906, #3907, #3908), .UNSPECIFIED., .F., .U., (4, 3, 3, 3, 3, 3, 3, 3, 3, 3, 3, 3, 3, 3, 3, 3, 3, 3, 3, 3, 3, 3, 3, 3, 3, 3, 3, 3, 3, 3, 3, 3, 3, 3, 3, 3, 3, 3, 3, 3, 3, 3, 3, 3, 3, 3, 3, 4), (3.14073994538153, 3.15301967057884, 3.19397926646279, 3.23504992600046, 3.29659883451187, 3.35815456667927, 3.41971000898147, 3.48126249934268, 3.54281787322732, 3.60437204765808, 3.66592643904443, 3.75825779090736, 3.85058998643838, 3.94292100060377, 4.03525353495879, 4.12758407620714, 4.21991576540846, 4.28147091836982, 4.34302463809291, 4.4045794223851, 4.46613544806711, 4.52768756353763, 4.5892462644951, 4.65078697490301, 4.7123979099701, 4.77373981167683, 4.83534483164975, 4.89688650722685, 4.95844456607848, 5.01999817928184, 5.08155136592301, 5.14310729294673, 5.20466094170044, 5.266216171954, 5.35854675852309, 5.45087916016254, 5.54321016186392, 5.63554210115773, 5.72787444262033, 5.82020435014127, 5.8817597787548, 5.94331273440759, 6.00486843848795, 6.06642117281059, 6.12797718514238, 6.18953075977069, 6.25108592401472, 6.28220300714595), .UNSPECIFIED.);
#3910 = EDGE_CURVE ('', #3528, #3535, #3909, .T.);
#3911 = ORIENTED_EDGE ('', *, *, #3910, .T.);
#3912 = CARTESIAN_POINT ('', (12., 56., -3.5));
#3913 = VERTEX_POINT ('', #3912);
#3914 = CARTESIAN_POINT ('', (12., 56., -3.5));
#3915 = CARTESIAN_POINT ('', (12., 56., -4.50000000000001));
#3916 = B_SPLINE_CURVE_WITH_KNOTS ('', 1, (#3914, #3915), .UNSPECIFIED., .F., .U., (2, 2), (0., 0.666666666666671), .UNSPECIFIED.);
#3917 = EDGE_CURVE ('', #3913, #3535, #3916, .T.);
#3918 = ORIENTED_EDGE ('', *, *, #3917, .F.);
#3919 = CARTESIAN_POINT ('', (12., 56., -3.5));
#3920 = CARTESIAN_POINT ('', (12., 57., -3.5));
#3921 = CARTESIAN_POINT ('', (11., 57., -3.5));
#3922 = CARTESIAN_POINT ('', (10., 57., -3.5));
#3923 = CARTESIAN_POINT ('', (10., 56., -3.5));
#3924 = (
   BOUNDED_CURVE ()
   B_SPLINE_CURVE (2, (#3919, #3920, #3921, #3922, #3923), .UNSPECIFIED., .F., .U.)
   B_SPLINE_CURVE_WITH_KNOTS ((3, 2, 3), (0., 0.25, 0.5), .UNSPECIFIED.)
   CURVE ()
   GEOMETRIC_REPRESENTATION_ITEM ()
   RATIONAL_B_SPLINE_CURVE ((1., 0.707106781186548, 1., 0.707106781186548, 1.))
   REPRESENTATION_ITEM ('')
);
#3925 = EDGE_CURVE ('', #3913, #3761, #3924, .T.);
#3926 = ORIENTED_EDGE ('', *, *, #3925, .T.);
#3927 = EDGE_LOOP ('', (#3766, #3911, #3918, #3926));
#3928 = FACE_OUTER_BOUND ('', #3927, .T.);
#3929 = CARTESIAN_POINT ('', (12., 56., -3.5));
#3930 = CARTESIAN_POINT ('', (12., 56., -4.50000384541689));
#3931 = CARTESIAN_POINT ('', (12., 57., -3.5));
#3932 = CARTESIAN_POINT ('', (12., 57., -4.50000384541689));
#3933 = CARTESIAN_POINT ('', (11., 57., -3.5));
#3934 = CARTESIAN_POINT ('', (11., 57., -4.50000384541689));
#3935 = CARTESIAN_POINT ('', (10., 57., -3.5));
#3936 = CARTESIAN_POINT ('', (10., 57., -4.50000384541689));
#3937 = CARTESIAN_POINT ('', (10., 56., -3.5));
#3938 = CARTESIAN_POINT ('', (10., 56., -4.50000384541689));
#3939 = (
   BOUNDED_SURFACE ()
   B_SPLINE_SURFACE (2, 1, ((#3929, #3930), (#3931, #3932), (#3933, #3934), (#3935, #3936), (#3937, #3938)), .UNSPECIFIED., .F., .F., .U.)
   B_SPLINE_SURFACE_WITH_KNOTS ((3, 2, 3), (2, 2), (0., 0.25, 0.5), (0., 0.666669230277924), .UNSPECIFIED.)
   GEOMETRIC_REPRESENTATION_ITEM ()
   RATIONAL_B_SPLINE_SURFACE (((1., 1.), (0.707106781186548, 0.707106781186548), (1., 1.), (0.707106781186548, 0.707106781186548), (1., 1.)))
   REPRESENTATION_ITEM ('')
   SURFACE ()
);
#3940 = ADVANCED_FACE ('', (#3928), #3939, .T.);
#3941 = CARTESIAN_POINT ('', (127.999999696782, 98.0000000000033, -4.49999980803473));
#3942 = VERTEX_POINT ('', #3941);
#3943 = CARTESIAN_POINT ('', (127.5, 98., -5.));
#3944 = CARTESIAN_POINT ('', (128.000002361026, 98., -4.49999763897368));
#3945 = B_SPLINE_CURVE_WITH_KNOTS ('', 1, (#3943, #3944), .UNSPECIFIED., .F., .U., (2, 2), (0., 0.500002361026317), .UNSPECIFIED.);
#3946 = EDGE_CURVE ('', #1892, #3942, #3945, .T.);
#3947 = ORIENTED_EDGE ('', *, *, #3946, .T.);
#3948 = CARTESIAN_POINT ('', (130., 98., -4.49999999999998));
#3949 = VERTEX_POINT ('', #3948);
#3950 = CARTESIAN_POINT ('', (130., 98., -4.49999999999998));
#3951 = CARTESIAN_POINT ('', (130., 97.9794808968353, -4.49999909476009));
#3952 = CARTESIAN_POINT ('', (129.999336156561, 97.9581875642205, -4.4999999544689));
#3953 = CARTESIAN_POINT ('', (129.998057986934, 97.9377083094024, -4.50000000923465));
#3954 = CARTESIAN_POINT ('', (129.99677988675, 97.9172301672308, -4.50000006399743));
#3955 = CARTESIAN_POINT ('', (129.994798353339, 97.8960903082484, -4.49999948603105));
#3956 = CARTESIAN_POINT ('', (129.992248610887, 97.8757313627962, -4.50000010552206));
#3957 = CARTESIAN_POINT ('', (129.98969884791, 97.855372253459, -4.50000072501805));
#3958 = CARTESIAN_POINT ('', (129.986417103731, 97.8344636230581, -4.50000183471389));
#3959 = CARTESIAN_POINT ('', (129.982606930697, 97.8143023431882, -4.50000153957004));
#3960 = CARTESIAN_POINT ('', (129.978796813885, 97.7941413608095, -4.50000124443055));
#3961 = CARTESIAN_POINT ('', (129.97423704551, 97.7735421422045, -4.49999968225036));
#3962 = CARTESIAN_POINT ('', (129.969182608348, 97.7536565980693, -4.50000003193484));
#3963 = CARTESIAN_POINT ('', (129.964128026484, 97.7337704846297, -4.50000038162934));
#3964 = CARTESIAN_POINT ('', (129.958316596139, 97.7135557508504, -4.50000197563082));
#3965 = CARTESIAN_POINT ('', (129.952038393351, 97.6940214099238, -4.50000186812542));
#3966 = CARTESIAN_POINT ('', (129.945760373999, 97.6744876397479, -4.50000176062315));
#3967 = CARTESIAN_POINT ('', (129.938728608983, 97.6547325958309, -4.50000005596491));
#3968 = CARTESIAN_POINT ('', (129.931252427847, 97.635625308742, -4.49999998616419));
#3969 = CARTESIAN_POINT ('', (129.923776007479, 97.6165174102349, -4.49999991636124));
#3970 = CARTESIAN_POINT ('', (129.91555871078, 97.5972925928648, -4.50000206035506));
#3971 = CARTESIAN_POINT ('', (129.906913942153, 97.578684083462, -4.50000232790572));
#3972 = CARTESIAN_POINT ('', (129.898269450726, 97.5600761707525, -4.5000025954478));
#3973 = CARTESIAN_POINT ('', (129.888906530171, 97.5414521156238, -4.5000010160222));
#3974 = CARTESIAN_POINT ('', (129.879128022529, 97.5234143099034, -4.50000024866425));
#3975 = CARTESIAN_POINT ('', (129.869349223806, 97.5053759672457, -4.49999948128345));
#3976 = CARTESIAN_POINT ('', (129.858883433716, 97.4874180514314, -4.50000148300576));
#3977 = CARTESIAN_POINT ('', (129.848009030143, 97.4700182222046, -4.50000232029055));
#3978 = CARTESIAN_POINT ('', (129.83169783921, 97.4439191414749, -4.50000357618583));
#3979 = CARTESIAN_POINT ('', (129.813935794536, 97.4182305101347, -4.49999941714409));
#3980 = CARTESIAN_POINT ('', (129.795277438586, 97.3937543437883, -4.50000004757191));
#3981 = CARTESIAN_POINT ('', (129.776618742312, 97.3692777310027, -4.50000067801123));
#3982 = CARTESIAN_POINT ('', (129.75668469229, 97.3454959679484, -4.50000378719866));
#3983 = CARTESIAN_POINT ('', (129.735843697164, 97.3228485742877, -4.50000204312625));
#3984 = CARTESIAN_POINT ('', (129.715003003565, 97.3002015082895, -4.50000029907909));
#3985 = CARTESIAN_POINT ('', (129.693099573408, 97.2785014168749, -4.50000122686617));
#3986 = CARTESIAN_POINT ('', (129.670259121457, 97.2578728477521, -4.50000252027753));
#3987 = CARTESIAN_POINT ('', (129.647418445499, 97.2372440763146, -4.50000381370158));
#3988 = CARTESIAN_POINT ('', (129.623760524611, 97.2177787713008, -4.49999950955497));
#3989 = CARTESIAN_POINT ('', (129.599118350416, 97.1993395212732, -4.50000003417651));
#3990 = CARTESIAN_POINT ('', (129.574476069574, 97.180900191444, -4.50000055880032));
#3991 = CARTESIAN_POINT ('', (129.549290667054, 97.1638020485704, -4.50000354545446));
#3992 = CARTESIAN_POINT ('', (129.523059165507, 97.1477036258562, -4.50000191378054));
#3993 = CARTESIAN_POINT ('', (129.496828286291, 97.1316055850692, -4.50000028214533));
#3994 = CARTESIAN_POINT ('', (129.470352538566, 97.116984883817, -4.50000103656301));
#3995 = CARTESIAN_POINT ('', (129.442756855555, 97.1033582840069, -4.5000020829046));
#3996 = CARTESIAN_POINT ('', (129.424359198379, 97.0942736198703, -4.50000278048595));
#3997 = CARTESIAN_POINT ('', (129.405983380856, 97.0858892302462, -4.50000187945521));
#3998 = CARTESIAN_POINT ('', (129.387064330606, 97.0779472878559, -4.50000077245303));
#3999 = CARTESIAN_POINT ('', (129.368146099763, 97.0700056894406, -4.49999966549881));
#4000 = CARTESIAN_POINT ('', (129.349347965645, 97.0627823265944, -4.50000042089984));
#4001 = CARTESIAN_POINT ('', (129.329979676433, 97.0560119634543, -4.50000131046736));
#4002 = CARTESIAN_POINT ('', (129.310610181159, 97.0492411787242, -4.50000220009027));
#4003 = CARTESIAN_POINT ('', (129.291461622243, 97.0431974374865, -4.5000021761091));
#4004 = CARTESIAN_POINT ('', (129.271714790765, 97.0376221778951, -4.50000122541776));
#4005 = CARTESIAN_POINT ('', (129.251968659121, 97.0320471158926, -4.5000002747601));
#4006 = CARTESIAN_POINT ('', (129.232546170881, 97.0271982373367, -4.49999985541523));
#4007 = CARTESIAN_POINT ('', (129.212496700911, 97.0228382160041, -4.50000004786821));
#4008 = CARTESIAN_POINT ('', (129.192448336003, 97.0184784349818, -4.50000024031059));
#4009 = CARTESIAN_POINT ('', (129.172827525308, 97.0148342316534, -4.49999970585359));
#4010 = CARTESIAN_POINT ('', (129.152550727764, 97.011704358272, -4.49999947220647));
#4011 = CARTESIAN_POINT ('', (129.132268153395, 97.0085735931948, -4.49999923849279));
#4012 = CARTESIAN_POINT ('', (129.112517948425, 97.0061383920308, -4.50000112060202));
#4013 = CARTESIAN_POINT ('', (129.092082361293, 97.0042486059569, -4.50000158850516));
#4014 = CARTESIAN_POINT ('', (129.078470311287, 97.0029898281997, -4.50000190017328));
#4015 = CARTESIAN_POINT ('', (129.065138933863, 97.0020301649248, -4.50000054082726));
#4016 = CARTESIAN_POINT ('', (129.051486936067, 97.0013263318709, -4.49999909092571));
#4017 = CARTESIAN_POINT ('', (129.037815631517, 97.0006215034512, -4.49999763897369));
#4018 = CARTESIAN_POINT ('', (129.024457007687, 97.0002053930296, -4.49999828866048));
#4019 = CARTESIAN_POINT ('', (129.010768340058, 97.0000579802547, -4.49999944262583));
#4020 = CARTESIAN_POINT ('', (129.001643759417, 96.9999597179702, -4.50000021183509));
#4021 = CARTESIAN_POINT ('', (128.992558618326, 96.9999860533642, -4.49999973325116));
#4022 = CARTESIAN_POINT ('', (128.983434760695, 97.0001372129903, -4.49999893204372));
#4023 = CARTESIAN_POINT ('', (128.969778080742, 97.0003634702073, -4.49999773278852));
#4024 = CARTESIAN_POINT ('', (128.955789754553, 97.0008843859211, -4.49999825484225));
#4025 = CARTESIAN_POINT ('', (128.942154071447, 97.0016744776628, -4.4999998028915));
#4026 = CARTESIAN_POINT ('', (128.921650050316, 97.00286254119, -4.50000213069821));
#4027 = CARTESIAN_POINT ('', (128.900474948227, 97.0047530002803, -4.50000118176355));
#4028 = CARTESIAN_POINT ('', (128.880084738385, 97.0072158693694, -4.50000002496116));
#4029 = CARTESIAN_POINT ('', (128.859719682513, 97.00967570019, -4.49999886958584));
#4030 = CARTESIAN_POINT ('', (128.83879748903, 97.01286549208, -4.49999967525912));
#4031 = CARTESIAN_POINT ('', (128.818624644524, 97.0165860584545, -4.49999999094074));
#4032 = CARTESIAN_POINT ('', (128.798445437753, 97.0203077982496, -4.50000030672191));
#4033 = CARTESIAN_POINT ('', (128.777820097214, 97.0247784136255, -4.49999959553742));
#4034 = CARTESIAN_POINT ('', (128.757910925869, 97.0297459713113, -4.4999999589311));
#4035 = CARTESIAN_POINT ('', (128.738003273167, 97.0347131500792, -4.50000032229706));
#4036 = CARTESIAN_POINT ('', (128.717759336228, 97.0404369769449, -4.5000020489318));
#4037 = CARTESIAN_POINT ('', (128.698198096191, 97.0466293423555, -4.50000204268166));
#4038 = CARTESIAN_POINT ('', (128.678637168163, 97.0528216089958, -4.50000203643162));
#4039 = CARTESIAN_POINT ('', (128.658847474806, 97.0597681516642, -4.50000039015603));
#4040 = CARTESIAN_POINT ('', (128.639707797982, 97.0671605019271, -4.50000003650228));
#4041 = CARTESIAN_POINT ('', (128.620567145631, 97.0745532289695, -4.49999968283051));
#4042 = CARTESIAN_POINT ('', (128.601302305389, 97.0826880763354, -4.50000180930805));
#4043 = CARTESIAN_POINT ('', (128.582655967583, 97.0912514326802, -4.50000226698061));
#4044 = CARTESIAN_POINT ('', (128.564010369706, 97.0998144492113, -4.50000272463501));
#4045 = CARTESIAN_POINT ('', (128.545341638271, 97.1090977844444, -4.5000013798123));
#4046 = CARTESIAN_POINT ('', (128.527261225046, 97.1187973838808, -4.50000044194209));
#4047 = CARTESIAN_POINT ('', (128.509180364183, 97.1284972234618, -4.49999950404866));
#4048 = CARTESIAN_POINT ('', (128.491173254621, 97.1388865651932, -4.50000112381294));
#4049 = CARTESIAN_POINT ('', (128.473726155074, 97.1496848583339, -4.50000210546259));
#4050 = CARTESIAN_POINT ('', (128.447556113266, 97.1658819220449, -4.50000357790289));
#4051 = CARTESIAN_POINT ('', (128.421782416372, 97.1835371153893, -4.49999994002807));
#4052 = CARTESIAN_POINT ('', (128.397225199093, 97.2020886393895, -4.49999999816544));
#4053 = CARTESIAN_POINT ('', (128.372667485907, 97.2206405380173, -4.50000005630399));
#4054 = CARTESIAN_POINT ('', (128.348791945759, 97.2404769099571, -4.50000384481665));
#4055 = CARTESIAN_POINT ('', (128.326054125494, 97.2612192759445, -4.50000228474321));
#4056 = CARTESIAN_POINT ('', (128.303316681046, 97.2819612990961, -4.50000072469555));
#4057 = CARTESIAN_POINT ('', (128.281515127556, 97.3037768238744, -4.50000078838056));
#4058 = CARTESIAN_POINT ('', (128.260787675036, 97.3265275516986, -4.50000231688947));
#4059 = CARTESIAN_POINT ('', (128.240059971881, 97.3492785546223, -4.50000384541688));
#4060 = CARTESIAN_POINT ('', (128.220486405125, 97.3728590260403, -4.50000002150374));
#4061 = CARTESIAN_POINT ('', (128.20194062076, 97.3974211858956, -4.49999999783932));
#4062 = CARTESIAN_POINT ('', (128.183394854672, 97.4219833215455, -4.49999997417493));
#4063 = CARTESIAN_POINT ('', (128.166182819386, 97.4471020408259, -4.50000357808464));
#4064 = CARTESIAN_POINT ('', (128.149971281864, 97.4732636538601, -4.50000213126362));
#4065 = CARTESIAN_POINT ('', (128.13376004367, 97.4994247838508, -4.50000068446931));
#4066 = CARTESIAN_POINT ('', (128.119020709516, 97.5258452797823, -4.50000066860216));
#4067 = CARTESIAN_POINT ('', (128.105275254708, 97.5533820086886, -4.50000192109135));
#4068 = CARTESIAN_POINT ('', (128.096111354356, 97.5717403564673, -4.50000275610819));
#4069 = CARTESIAN_POINT ('', (128.087646117817, 97.5900836674792, -4.50000214500167));
#4070 = CARTESIAN_POINT ('', (128.079622762258, 97.608968364136, -4.50000100854312));
#4071 = CARTESIAN_POINT ('', (128.071599760462, 97.6278522281371, -4.49999987213467));
#4072 = CARTESIAN_POINT ('', (128.064294028212, 97.6466230012616, -4.50000018012049));
#4073 = CARTESIAN_POINT ('', (128.057440394671, 97.6659619925781, -4.50000111843806));
#4074 = CARTESIAN_POINT ('', (128.05058635136, 97.6853021401506, -4.50000205681172));
#4075 = CARTESIAN_POINT ('', (128.044459044329, 97.7044285175242, -4.50000229257868));
#4076 = CARTESIAN_POINT ('', (128.03879897024, 97.7241511638798, -4.50000141721602));
#4077 = CARTESIAN_POINT ('', (128.033139057207, 97.7438732490343, -4.50000054187827));
#4078 = CARTESIAN_POINT ('', (128.028205707696, 97.7632789643811, -4.49999979522104));
#4079 = CARTESIAN_POINT ('', (128.023759618054, 97.7833096295223, -4.50000000533014));
#4080 = CARTESIAN_POINT ('', (128.019313799055, 97.8033390753541, -4.50000021542646));
#4081 = CARTESIAN_POINT ('', (128.01558461887, 97.8229483086744, -4.49999984242684));
#4082 = CARTESIAN_POINT ('', (128.012367801336, 97.8432114794973, -4.49999952972368));
#4083 = CARTESIAN_POINT ('', (128.009150075699, 97.8634803705808, -4.49999921693224));
#4084 = CARTESIAN_POINT ('', (128.006629672276, 97.8832242589342, -4.50000065402887));
#4085 = CARTESIAN_POINT ('', (128.004652339609, 97.9036514922028, -4.50000145513214));
#4086 = CARTESIAN_POINT ('', (128.003335124673, 97.9172592463337, -4.50000198879307));
#4087 = CARTESIAN_POINT ('', (128.002318138263, 97.9305895628377, -4.50000112056572));
#4088 = CARTESIAN_POINT ('', (128.001555818572, 97.9442396505382, -4.49999956515986));
#4089 = CARTESIAN_POINT ('', (128.000792779522, 97.9579026190543, -4.49999800828626));
#4090 = CARTESIAN_POINT ('', (128.000319518333, 97.9712564178798, -4.49999784509864));
#4091 = CARTESIAN_POINT ('', (128.000113421417, 97.984939124566, -4.49999906536251));
#4092 = CARTESIAN_POINT ('', (128.000037544222, 97.9899765866068, -4.49999951461814));
#4093 = CARTESIAN_POINT ('', (127.999999650142, 97.9949868570581, -4.49999978771488));
#4094 = CARTESIAN_POINT ('', (127.999999696782, 98.0000000000033, -4.49999980803473));
#4095 = B_SPLINE_CURVE_WITH_KNOTS ('', 3, (#3950, #3951, #3952, #3953, #3954, #3955, #3956, #3957, #3958, #3959, #3960, #3961, #3962, #3963, #3964, #3965, #3966, #3967, #3968, #3969, #3970, #3971, #3972, #3973, #3974, #3975, #3976, #3977, #3978, #3979, #3980, #3981, #3982, #3983, #3984, #3985, #3986, #3987, #3988, #3989, #3990, #3991, #3992, #3993, #3994, #3995, #3996, #3997, #3998, #3999, #4000, #4001, #4002, #4003, #4004, #4005, #4006, #4007, #4008, #4009, #4010, #4011, #4012, #4013, #4014, #4015, #4016, #4017, #4018, #4019, #4020, #4021, #4022, #4023, #4024, #4025, #4026, #4027, #4028, #4029, #4030, #4031, #4032, #4033, #4034, #4035, #4036, #4037, #4038, #4039, #4040, #4041, #4042, #4043, #4044, #4045, #4046, #4047, #4048, #4049, #4050, #4051, #4052, #4053, #4054, #4055, #4056, #4057, #4058, #4059, #4060, #4061, #4062, #4063, #4064, #4065, #4066, #4067, #4068, #4069, #4070, #4071, #4072, #4073, #4074, #4075, #4076, #4077, #4078, #4079, #4080, #4081, #4082, #4083, #4084, #4085, #4086, #4087, #4088, #4089, #4090, #4091, #4092, #4093, #4094), .UNSPECIFIED., .F., .U., (4, 3, 3, 3, 3, 3, 3, 3, 3, 3, 3, 3, 3, 3, 3, 3, 3, 3, 3, 3, 3, 3, 3, 3, 3, 3, 3, 3, 3, 3, 3, 3, 3, 3, 3, 3, 3, 3, 3, 3, 3, 3, 3, 3, 3, 3, 3, 3, 4), (0., 0.0615573095541507, 0.123111274673687, 0.18466573528881, 0.246219287632984, 0.307774602197861, 0.369328118251103, 0.430883603968413, 0.492437115871368, 0.553992460058169, 0.646323130453076, 0.73865548493657, 0.830986503556124, 0.923318427711714, 1.01565075146241, 1.1079808846742, 1.16953609739141, 1.23108864407846, 1.29264502363766, 1.35419922162, 1.41575002693219, 1.47731836796688, 1.51832875496822, 1.55939713915586, 1.58677246840415, 1.62774813081602, 1.68936336794055, 1.75090259467525, 1.81246123012167, 1.87401516996596, 1.93556812800303, 1.99712422332355, 2.05867787595615, 2.12023305254636, 2.21256367406032, 2.30489616008966, 2.3972271200205, 2.48955919640838, 2.58189118180489, 2.67422146239911, 2.73577675487498, 2.79732933328177, 2.85888559184652, 2.92044009884915, 2.98199085889718, 3.04355899462623, 3.08457306845025, 3.12562584493612, 3.14073994538154), .UNSPECIFIED.);
#4096 = EDGE_CURVE ('', #3949, #3942, #4095, .T.);
#4097 = ORIENTED_EDGE ('', *, *, #4096, .F.);
#4098 = CARTESIAN_POINT ('', (130.5, 98., -5.));
#4099 = CARTESIAN_POINT ('', (130., 98., -4.5));
#4100 = B_SPLINE_CURVE_WITH_KNOTS ('', 1, (#4098, #4099), .UNSPECIFIED., .F., .U., (2, 2), (0., 0.5), .UNSPECIFIED.);
#4101 = EDGE_CURVE ('', #1890, #3949, #4100, .T.);
#4102 = ORIENTED_EDGE ('', *, *, #4101, .F.);
#4103 = ORIENTED_EDGE ('', *, *, #1963, .F.);
#4104 = EDGE_LOOP ('', (#3947, #4097, #4102, #4103));
#4105 = FACE_OUTER_BOUND ('', #4104, .T.);
#4106 = CARTESIAN_POINT ('', (127.5, 98., -5.));
#4107 = CARTESIAN_POINT ('', (127.5, 97.9703291045598, -5.));
#4108 = CARTESIAN_POINT ('', (127.501736957262, 97.9109873136793, -5.));
#4109 = CARTESIAN_POINT ('', (127.509919884125, 97.8196458177859, -5.));
#4110 = CARTESIAN_POINT ('', (127.524011238606, 97.7271850316455, -5.));
#4111 = CARTESIAN_POINT ('', (127.5510453814, 97.6028671013485, -5.));
#4112 = CARTESIAN_POINT ('', (127.600888368354, 97.4470957791982, -5.));
#4113 = CARTESIAN_POINT ('', (127.687275033012, 97.2647431313717, -5.));
#4114 = CARTESIAN_POINT ('', (127.799667727675, 97.0925566076171, -5.));
#4115 = CARTESIAN_POINT ('', (127.935953658507, 96.9359536585073, -5.));
#4116 = CARTESIAN_POINT ('', (128.092556607617, 96.7996677276748, -5.));
#4117 = CARTESIAN_POINT ('', (128.264743131372, 96.6872750330116, -5.));
#4118 = CARTESIAN_POINT ('', (128.447095779198, 96.6008883683544, -5.));
#4119 = CARTESIAN_POINT ('', (128.602867101348, 96.5510453813997, -5.));
#4120 = CARTESIAN_POINT ('', (128.727185031646, 96.5240112386062, -5.));
#4121 = CARTESIAN_POINT ('', (128.819645817786, 96.5099198841249, -5.));
#4122 = CARTESIAN_POINT ('', (128.910987313679, 96.5017369572618, -5.));
#4123 = CARTESIAN_POINT ('', (129., 96.4991315213695, -5.));
#4124 = CARTESIAN_POINT ('', (129.08901268632, 96.5017369572604, -5.));
#4125 = CARTESIAN_POINT ('', (129.180354182216, 96.5099198841305, -5.));
#4126 = CARTESIAN_POINT ('', (129.272814968346, 96.5240112385852, -5.));
#4127 = CARTESIAN_POINT ('', (129.397132898698, 96.5510453815108, -5.));
#4128 = CARTESIAN_POINT ('', (129.552904220424, 96.6008883674592, -5.));
#4129 = CARTESIAN_POINT ('', (129.735256870009, 96.6872750362802, -5.));
#4130 = CARTESIAN_POINT ('', (129.907443387238, 96.7996677154957, -5.));
#4131 = CARTESIAN_POINT ('', (130.06404636069, 96.9359537039553, -5.));
#4132 = CARTESIAN_POINT ('', (130.200332200681, 97.0925564380043, -5.));
#4133 = CARTESIAN_POINT ('', (130.312725234369, 97.264743764375, -5.));
#4134 = CARTESIAN_POINT ('', (130.399110633766, 97.4470934167979, -5.));
#4135 = CARTESIAN_POINT ('', (130.458926940128, 97.6340301823766, -5.));
#4136 = CARTESIAN_POINT ('', (130.493040408131, 97.8203157935203, -5.));
#4137 = CARTESIAN_POINT ('', (130.500002599365, 97.9410801045138, -5.));
#4138 = CARTESIAN_POINT ('', (130.5, 98., -5.));
#4139 = CARTESIAN_POINT ('', (128.000002361026, 98., -4.49999763897368));
#4140 = CARTESIAN_POINT ('', (128.000002361026, 97.9802194497423, -4.49999763897368));
#4141 = CARTESIAN_POINT ('', (128.0011603298, 97.9406583492271, -4.49999763897368));
#4142 = CARTESIAN_POINT ('', (128.006615601495, 97.8797641624046, -4.49999763897368));
#4143 = CARTESIAN_POINT ('', (128.016009815636, 97.8181237838459, -4.49999763897368));
#4144 = CARTESIAN_POINT ('', (128.034032534946, 97.7352453593265, -4.49999763897368));
#4145 = CARTESIAN_POINT ('', (128.067261114463, 97.6313980564131, -4.49999763897368));
#4146 = CARTESIAN_POINT ('', (128.12485208826, 97.509829911555, -4.49999763897368));
#4147 = CARTESIAN_POINT ('', (128.199780374461, 97.3950391667432, -4.49999763897368));
#4148 = CARTESIAN_POINT ('', (128.290637447166, 97.2906374471658, -4.49999763897368));
#4149 = CARTESIAN_POINT ('', (128.395039166743, 97.1997803744606, -4.49999763897368));
#4150 = CARTESIAN_POINT ('', (128.509829911555, 97.1248520882599, -4.49999763897368));
#4151 = CARTESIAN_POINT ('', (128.631398056413, 97.0672611144625, -4.49999763897368));
#4152 = CARTESIAN_POINT ('', (128.735245359326, 97.0340325349465, -4.49999763897368));
#4153 = CARTESIAN_POINT ('', (128.818123783846, 97.0160098156363, -4.49999763897368));
#4154 = CARTESIAN_POINT ('', (128.879764162405, 97.0066156014955, -4.49999763897368));
#4155 = CARTESIAN_POINT ('', (128.940658349227, 97.0011603298002, -4.49999763897368));
#4156 = CARTESIAN_POINT ('', (129., 96.9994233766396, -4.49999763897368));
#4157 = CARTESIAN_POINT ('', (129.059341650772, 97.0011603297992, -4.49999763897368));
#4158 = CARTESIAN_POINT ('', (129.120235837597, 97.0066156014993, -4.49999763897368));
#4159 = CARTESIAN_POINT ('', (129.181876216148, 97.0160098156223, -4.49999763897368));
#4160 = CARTESIAN_POINT ('', (129.264754640705, 97.0340325350205, -4.49999763897368));
#4161 = CARTESIAN_POINT ('', (129.368601943335, 97.0672611138657, -4.49999763897368));
#4162 = CARTESIAN_POINT ('', (129.490170089365, 97.1248520904389, -4.49999763897368));
#4163 = CARTESIAN_POINT ('', (129.604960829827, 97.1997803663412, -4.49999763897368));
#4164 = CARTESIAN_POINT ('', (129.709362565632, 97.2906374774644, -4.49999763897368));
#4165 = CARTESIAN_POINT ('', (129.800219577776, 97.3950390536683, -4.49999763897368));
#4166 = CARTESIAN_POINT ('', (129.875148089994, 97.5098303335562, -4.49999763897368));
#4167 = CARTESIAN_POINT ('', (129.932738220286, 97.6313964814832, -4.49999763897368));
#4168 = CARTESIAN_POINT ('', (129.972615663708, 97.7560206976273, -4.49999763897368));
#4169 = CARTESIAN_POINT ('', (129.995357922015, 97.8802108118396, -4.49999763897368));
#4170 = CARTESIAN_POINT ('', (129.99999937188, 97.9607201624168, -4.49999763897368));
#4171 = CARTESIAN_POINT ('', (129.999997638974, 98., -4.49999763897368));
#4172 = B_SPLINE_SURFACE_WITH_KNOTS ('', 1, 3, ((#4106, #4107, #4108, #4109, #4110, #4111, #4112, #4113, #4114, #4115, #4116, #4117, #4118, #4119, #4120, #4121, #4122, #4123, #4124, #4125, #4126, #4127, #4128, #4129, #4130, #4131, #4132, #4133, #4134, #4135, #4136, #4137, #4138), (#4139, #4140, #4141, #4142, #4143, #4144, #4145, #4146, #4147, #4148, #4149, #4150, #4151, #4152, #4153, #4154, #4155, #4156, #4157, #4158, #4159, #4160, #4161, #4162, #4163, #4164, #4165, #4166, #4167, #4168, #4169, #4170, #4171)), .UNSPECIFIED., .F., .F., .U., (2, 2), (4, 1, 1, 1, 1, 1, 1, 1, 1, 1, 1, 1, 1, 1, 1, 1, 1, 1, 1, 1, 1, 1, 1, 1, 1, 1, 1, 1, 1, 1, 4), (0., 0.500002361026317), (0.5, 0.510416666666666, 0.520833333333333, 0.531249999999999, 0.541666666666665, 0.5625, 0.583333333333333, 0.604166666666666, 0.624999999999999, 0.645833333333334, 0.666666666666667, 0.687499999999998, 0.708333333333333, 0.718749999999999, 0.729166666666666, 0.739583333333333, 0.75, 0.760416666666667, 0.770833333333334, 0.781250000000001, 0.791666666666667, 0.812499999999999, 0.83333333333333, 0.854166666666669, 0.875000000000001, 0.895833333333333, 0.916666666666666, 0.937499999999999, 0.958333333333333, 0.979166666666667, 1.), .UNSPECIFIED.);
#4173 = ADVANCED_FACE ('', (#4105), #4172, .T.);
#4174 = CARTESIAN_POINT ('', (128., 98., -3.5));
#4175 = VERTEX_POINT ('', #4174);
#4176 = CARTESIAN_POINT ('', (128., 98., -3.5));
#4177 = CARTESIAN_POINT ('', (128., 98., -4.50000384541688));
#4178 = B_SPLINE_CURVE_WITH_KNOTS ('', 1, (#4176, #4177), .UNSPECIFIED., .F., .U., (2, 2), (0., 0.666669230277918), .UNSPECIFIED.);
#4179 = EDGE_CURVE ('', #4175, #3942, #4178, .T.);
#4180 = ORIENTED_EDGE ('', *, *, #4179, .T.);
#4181 = CARTESIAN_POINT ('', (127.999999696782, 98.0000000000033, -4.49999980803473));
#4182 = CARTESIAN_POINT ('', (127.999999734676, 98.0040730189676, -4.49999982454397));
#4183 = CARTESIAN_POINT ('', (128.000024817409, 98.0081479340781, -4.49999967419405));
#4184 = CARTESIAN_POINT ('', (128.000074922245, 98.01224086912, -4.49999931589369));
#4185 = CARTESIAN_POINT ('', (128.000242049262, 98.0258930447674, -4.49999812076614));
#4186 = CARTESIAN_POINT ('', (128.000702249824, 98.0398800241063, -4.49999779535716));
#4187 = CARTESIAN_POINT ('', (128.001432882438, 98.0535136592217, -4.49999931163565));
#4188 = CARTESIAN_POINT ('', (128.002165496193, 98.0671842625077, -4.50000083202559));
#4189 = CARTESIAN_POINT ('', (128.0032047862, 98.0811586339511, -4.50000196901019));
#4190 = CARTESIAN_POINT ('', (128.004502444002, 98.0947872143411, -4.50000151197362));
#4191 = CARTESIAN_POINT ('', (128.006447127196, 98.1152111436622, -4.50000082705395));
#4192 = CARTESIAN_POINT ('', (128.009111430522, 98.1362378859224, -4.49999921726175));
#4193 = CARTESIAN_POINT ('', (128.01232226026, 98.1565013815342, -4.49999952532531));
#4194 = CARTESIAN_POINT ('', (128.015533445968, 98.1767671236703, -4.49999983342303));
#4195 = CARTESIAN_POINT ('', (128.019487237508, 98.1975240102086, -4.50000020703675));
#4196 = CARTESIAN_POINT ('', (128.023951077524, 98.217551145559, -4.49999999628273));
#4197 = CARTESIAN_POINT ('', (128.02841489652, 98.2375781866019, -4.4999997855297));
#4198 = CARTESIAN_POINT ('', (128.033633452116, 98.2579858584943, -4.50000066416892));
#4199 = CARTESIAN_POINT ('', (128.039331379212, 98.2776973190976, -4.50000149734195));
#4200 = CARTESIAN_POINT ('', (128.04502903306, 98.2974078344218, -4.50000233047503));
#4201 = CARTESIAN_POINT ('', (128.051483116938, 98.3173904381366, -4.50000194135009));
#4202 = CARTESIAN_POINT ('', (128.05839156094, 98.3367098862388, -4.50000098750146));
#4203 = CARTESIAN_POINT ('', (128.065300328579, 98.356030239391, -4.50000003360815));
#4204 = CARTESIAN_POINT ('', (128.072957333989, 98.3755168471726, -4.50000008203587));
#4205 = CARTESIAN_POINT ('', (128.081049245426, 98.3943722995706, -4.50000120936277));
#4206 = CARTESIAN_POINT ('', (128.089140999187, 98.4132273845556, -4.5000023366677));
#4207 = CARTESIAN_POINT ('', (128.097963032573, 98.4321461559514, -4.50000268274718));
#4208 = CARTESIAN_POINT ('', (128.107205690627, 98.4504645614818, -4.50000173352572));
#4209 = CARTESIAN_POINT ('', (128.116448381258, 98.4687830315777, -4.50000078430091));
#4210 = CARTESIAN_POINT ('', (128.126394152458, 98.4870665424929, -4.49999951122564));
#4211 = CARTESIAN_POINT ('', (128.136751269561, 98.5047787925375, -4.50000066101187));
#4212 = CARTESIAN_POINT ('', (128.152286905639, 98.5313470999209, -4.50000238568682));
#4213 = CARTESIAN_POINT ('', (128.169320717105, 98.5576012553016, -4.50000274041781));
#4214 = CARTESIAN_POINT ('', (128.187251936425, 98.5826152977359, -4.50000092339119));
#4215 = CARTESIAN_POINT ('', (128.205183319591, 98.6076295687335, -4.49999910634795));
#4216 = CARTESIAN_POINT ('', (128.224449917204, 98.6320358513044, -4.50000282285678));
#4217 = CARTESIAN_POINT ('', (128.244617870879, 98.6552845481198, -4.50000292182613));
#4218 = CARTESIAN_POINT ('', (128.26478556651, 98.6785329474744, -4.50000302079421));
#4219 = CARTESIAN_POINT ('', (128.286087166574, 98.7009106150472, -4.49999893197554));
#4220 = CARTESIAN_POINT ('', (128.308314277171, 98.7221986297654, -4.50000080275292));
#4221 = CARTESIAN_POINT ('', (128.330541753728, 98.7434869949814, -4.5000026735611));
#4222 = CARTESIAN_POINT ('', (128.353667643274, 98.763676462814, -4.5000029907299));
#4223 = CARTESIAN_POINT ('', (128.377761123322, 98.7828274269275, -4.50000102355088));
#4224 = CARTESIAN_POINT ('', (128.401854083283, 98.8019779776449, -4.49999905641432));
#4225 = CARTESIAN_POINT ('', (128.42657989231, 98.8198393711044, -4.5000025592628));
#4226 = CARTESIAN_POINT ('', (128.452330723446, 98.8366949046807, -4.50000269713455));
#4227 = CARTESIAN_POINT ('', (128.478081874744, 98.8535506478232, -4.50000283500801));
#4228 = CARTESIAN_POINT ('', (128.504174800202, 98.8689675535442, -4.49999909650594));
#4229 = CARTESIAN_POINT ('', (128.531363124788, 98.8833908982955, -4.50000066796879));
#4230 = CARTESIAN_POINT ('', (128.549488878721, 98.8930065697953, -4.50000171562249));
#4231 = CARTESIAN_POINT ('', (128.567638349963, 98.9019337046988, -4.50000277633608));
#4232 = CARTESIAN_POINT ('', (128.586318733846, 98.9104217759002, -4.50000216155579));
#4233 = CARTESIAN_POINT ('', (128.604998682779, 98.9189096494669, -4.50000154678982));
#4234 = CARTESIAN_POINT ('', (128.623605519642, 98.9266866674588, -4.49999958743444));
#4235 = CARTESIAN_POINT ('', (128.642769578569, 98.9340162878689, -4.50000010666943));
#4236 = CARTESIAN_POINT ('', (128.661933968938, 98.9413460350445, -4.50000062591339));
#4237 = CARTESIAN_POINT ('', (128.680925556005, 98.9479517383502, -4.50000212343102));
#4238 = CARTESIAN_POINT ('', (128.700501965984, 98.9540969173101, -4.50000203802238));
#4239 = CARTESIAN_POINT ('', (128.720078770766, 98.9602422202012, -4.50000195261201));
#4240 = CARTESIAN_POINT ('', (128.73938085798, 98.9656597117233, -4.50000022984889));
#4241 = CARTESIAN_POINT ('', (128.759296256118, 98.9705986336695, -4.49999993610219));
#4242 = CARTESIAN_POINT ('', (128.779210389174, 98.9755372418816, -4.49999964237414));
#4243 = CARTESIAN_POINT ('', (128.798746391762, 98.9797540240885, -4.50000030665858));
#4244 = CARTESIAN_POINT ('', (128.818924595331, 98.9834692154937, -4.49999998621187));
#4245 = CARTESIAN_POINT ('', (128.839104957774, 98.9871848043889, -4.49999966573088));
#4246 = CARTESIAN_POINT ('', (128.858802755445, 98.9901941177153, -4.49999887594846));
#4247 = CARTESIAN_POINT ('', (128.879171984896, 98.9926734562615, -4.49999997444755));
#4248 = CARTESIAN_POINT ('', (128.899535261434, 98.9951520702201, -4.50000107262559));
#4249 = CARTESIAN_POINT ('', (128.919311749151, 98.996950456507, -4.50000230632238));
#4250 = CARTESIAN_POINT ('', (128.939788099703, 98.9981856175394, -4.50000006728639));
#4251 = CARTESIAN_POINT ('', (128.960287816003, 98.9994221880252, -4.49999782569541));
#4252 = CARTESIAN_POINT ('', (128.980095314081, 99.0000127853975, -4.50000016785693));
#4253 = CARTESIAN_POINT ('', (129.000632288331, 98.9999998001057, -4.49999999735083));
#4254 = CARTESIAN_POINT ('', (129.021079584811, 98.9999868715162, -4.49999982758928));
#4255 = CARTESIAN_POINT ('', (129.042294611126, 98.9993143939551, -4.49999823503245));
#4256 = CARTESIAN_POINT ('', (129.062701677718, 98.9980323139114, -4.50000033158266));
#4257 = CARTESIAN_POINT ('', (129.083196277821, 98.9967447345487, -4.50000243712576));
#4258 = CARTESIAN_POINT ('', (129.104352942519, 98.9947523057955, -4.50000065046186));
#4259 = CARTESIAN_POINT ('', (129.124727591782, 98.9921910238701, -4.49999978699282));
#4260 = CARTESIAN_POINT ('', (129.145081291131, 98.9896323755427, -4.49999892441163));
#4261 = CARTESIAN_POINT ('', (129.165983456488, 98.9863418838979, -4.49999982364729));
#4262 = CARTESIAN_POINT ('', (129.186138836329, 98.9825234519389, -4.5000000558889));
#4263 = CARTESIAN_POINT ('', (129.20629958182, 98.9787040034587, -4.50000028819233));
#4264 = CARTESIAN_POINT ('', (129.226897827754, 98.9741347030086, -4.4999994591338));
#4265 = CARTESIAN_POINT ('', (129.24678253527, 98.9690708850676, -4.50000007488715));
#4266 = CARTESIAN_POINT ('', (129.266665806736, 98.9640074328294, -4.50000069059602));
#4267 = CARTESIAN_POINT ('', (129.286876888806, 98.9581871600591, -4.50000220744333));
#4268 = CARTESIAN_POINT ('', (129.306407856905, 98.9519003231572, -4.50000201961038));
#4269 = CARTESIAN_POINT ('', (129.325938689656, 98.9456135298227, -4.50000183177873));
#4270 = CARTESIAN_POINT ('', (129.345690023688, 98.938573057743, -4.50000004143328));
#4271 = CARTESIAN_POINT ('', (129.364793841332, 98.9310883166093, -4.49999998712024));
#4272 = CARTESIAN_POINT ('', (129.383898509488, 98.9236032422508, -4.49999993280478));
#4273 = CARTESIAN_POINT ('', (129.403119352218, 98.9153774098977, -4.50000209440311));
#4274 = CARTESIAN_POINT ('', (129.421724101858, 98.9067242038857, -4.50000235162817));
#4275 = CARTESIAN_POINT ('', (129.440328162911, 98.8980713181408, -4.50000260884372));
#4276 = CARTESIAN_POINT ('', (129.458947648301, 98.888700196713, -4.50000100242626));
#4277 = CARTESIAN_POINT ('', (129.476981093695, 98.8789135544853, -4.50000024129308));
#4278 = CARTESIAN_POINT ('', (129.495015002422, 98.869126660809, -4.49999948014035));
#4279 = CARTESIAN_POINT ('', (129.512967799026, 98.8586530395415, -4.5000014995076));
#4280 = CARTESIAN_POINT ('', (129.530362708765, 98.8477708399981, -4.50000231605233));
#4281 = CARTESIAN_POINT ('', (129.556454435056, 98.8314479400128, -4.50000354083946));
#4282 = CARTESIAN_POINT ('', (129.582134265111, 98.8136749428547, -4.49999936225922));
#4283 = CARTESIAN_POINT ('', (129.606602043984, 98.7950056353478, -4.50000005893757));
#4284 = CARTESIAN_POINT ('', (129.631070303854, 98.7763359608324, -4.50000075562961));
#4285 = CARTESIAN_POINT ('', (129.654842413016, 98.7563918737006, -4.50000379572114));
#4286 = CARTESIAN_POINT ('', (129.677480493989, 98.7355407400436, -4.50000202880338));
#4287 = CARTESIAN_POINT ('', (129.700118231725, 98.7146899225303, -4.50000026191242));
#4288 = CARTESIAN_POINT ('', (129.721807859476, 98.6927774806968, -4.50000126318079));
#4289 = CARTESIAN_POINT ('', (129.742426228609, 98.6699278282571, -4.50000252594828));
#4290 = CARTESIAN_POINT ('', (129.763044807115, 98.6470779437863, -4.50000378872859));
#4291 = CARTESIAN_POINT ('', (129.782498963381, 98.6234120750424, -4.4999994553889));
#4292 = CARTESIAN_POINT ('', (129.800927239278, 98.598761686635, -4.5000000446401));
#4293 = CARTESIAN_POINT ('', (129.819355595443, 98.5741111908583, -4.50000063389388));
#4294 = CARTESIAN_POINT ('', (129.836442003211, 98.5489189617016, -4.50000356802851));
#4295 = CARTESIAN_POINT ('', (129.85252876858, 98.5226803026172, -4.50000191018232));
#4296 = CARTESIAN_POINT ('', (129.868615109891, 98.4964423352014, -4.50000025237982));
#4297 = CARTESIAN_POINT ('', (129.883223564686, 98.469960994229, -4.50000105079467));
#4298 = CARTESIAN_POINT ('', (129.896837897023, 98.4423593408798, -4.50000207450313));
#4299 = CARTESIAN_POINT ('', (129.905914436628, 98.4239575938406, -4.50000275699935));
#4300 = CARTESIAN_POINT ('', (129.914290533545, 98.4055783871648, -4.50000184417679));
#4301 = CARTESIAN_POINT ('', (129.922224120411, 98.3866557535219, -4.50000074935443));
#4302 = CARTESIAN_POINT ('', (129.93015738855, 98.3677338800869, -4.49999965457606));
#4303 = CARTESIAN_POINT ('', (129.937372314771, 98.3489328266852, -4.50000043362909));
#4304 = CARTESIAN_POINT ('', (129.944134141073, 98.3295614110621, -4.50000125458397));
#4305 = CARTESIAN_POINT ('', (129.950896269299, 98.3101891304776, -4.5000020755755));
#4306 = CARTESIAN_POINT ('', (129.956931341144, 98.2910385197334, -4.50000192060949));
#4307 = CARTESIAN_POINT ('', (129.962497812028, 98.2712894429212, -4.50000100726884));
#4308 = CARTESIAN_POINT ('', (129.968064014358, 98.2515413189041, -4.50000009397225));
#4309 = CARTESIAN_POINT ('', (129.972904108473, 98.2321175709142, -4.49999998506719));
#4310 = CARTESIAN_POINT ('', (129.977255202751, 98.212066660975, -4.50000075804243));
#4311 = CARTESIAN_POINT ('', (129.981606528747, 98.1920146832186, -4.50000153105883));
#4312 = CARTESIAN_POINT ('', (129.985242269434, 98.1723910855307, -4.50000185779045));
#4313 = CARTESIAN_POINT ('', (129.988363388709, 98.152111182561, -4.50000116782029));
#4314 = CARTESIAN_POINT ('', (129.991484384383, 98.1318320827035, -4.50000047787745));
#4315 = CARTESIAN_POINT ('', (129.993910329709, 98.1120858554998, -4.49999975993872));
#4316 = CARTESIAN_POINT ('', (129.995790880859, 98.0916543594005, -4.49999989736116));
#4317 = CARTESIAN_POINT ('', (129.997671480575, 98.0712223356597, -4.50000003478715));
#4318 = CARTESIAN_POINT ('', (129.998887483104, 98.0514276224164, -4.49999993848508));
#4319 = CARTESIAN_POINT ('', (129.999521892055, 98.0309190443405, -4.49999972566437));
#4320 = CARTESIAN_POINT ('', (129.999842595546, 98.0205516424057, -4.49999961808022));
#4321 = CARTESIAN_POINT ('', (130., 98.0103723610335, -4.49999954240326));
#4322 = CARTESIAN_POINT ('', (130., 98., -4.50000000000002));
#4323 = B_SPLINE_CURVE_WITH_KNOTS ('', 3, (#4181, #4182, #4183, #4184, #4185, #4186, #4187, #4188, #4189, #4190, #4191, #4192, #4193, #4194, #4195, #4196, #4197, #4198, #4199, #4200, #4201, #4202, #4203, #4204, #4205, #4206, #4207, #4208, #4209, #4210, #4211, #4212, #4213, #4214, #4215, #4216, #4217, #4218, #4219, #4220, #4221, #4222, #4223, #4224, #4225, #4226, #4227, #4228, #4229, #4230, #4231, #4232, #4233, #4234, #4235, #4236, #4237, #4238, #4239, #4240, #4241, #4242, #4243, #4244, #4245, #4246, #4247, #4248, #4249, #4250, #4251, #4252, #4253, #4254, #4255, #4256, #4257, #4258, #4259, #4260, #4261, #4262, #4263, #4264, #4265, #4266, #4267, #4268, #4269, #4270, #4271, #4272, #4273, #4274, #4275, #4276, #4277, #4278, #4279, #4280, #4281, #4282, #4283, #4284, #4285, #4286, #4287, #4288, #4289, #4290, #4291, #4292, #4293, #4294, #4295, #4296, #4297, #4298, #4299, #4300, #4301, #4302, #4303, #4304, #4305, #4306, #4307, #4308, #4309, #4310, #4311, #4312, #4313, #4314, #4315, #4316, #4317, #4318, #4319, #4320, #4321, #4322), .UNSPECIFIED., .F., .U., (4, 3, 3, 3, 3, 3, 3, 3, 3, 3, 3, 3, 3, 3, 3, 3, 3, 3, 3, 3, 3, 3, 3, 3, 3, 3, 3, 3, 3, 3, 3, 3, 3, 3, 3, 3, 3, 3, 3, 3, 3, 3, 3, 3, 3, 3, 3, 4), (3.14073994538154, 3.15301967057888, 3.19397926646283, 3.23504992600053, 3.29659883451193, 3.35815456667954, 3.41971000898202, 3.4812624993432, 3.54281787322783, 3.60437204765858, 3.66592643904494, 3.75825779090786, 3.85058998643888, 3.94292100060424, 4.03525353495925, 4.12758407620759, 4.21991576540894, 4.2814709183703, 4.34302463809335, 4.40457942238558, 4.46613544806754, 4.52768756353804, 4.58924626449554, 4.65078697490346, 4.71239790997057, 4.7737398116773, 4.83534483165022, 4.89688650722732, 4.95844456607892, 5.01999817928229, 5.08155136592348, 5.14310729294717, 5.20466094170088, 5.26621617195448, 5.35854675852358, 5.450879160163, 5.54321016186436, 5.6355421011582, 5.72787444262082, 5.82020435014171, 5.88175977875525, 5.94331273440805, 6.00486843848843, 6.06642117281106, 6.12797718514287, 6.1895307597712, 6.25108592401524, 6.28220300714596), .UNSPECIFIED.);
#4324 = EDGE_CURVE ('', #3942, #3949, #4323, .T.);
#4325 = ORIENTED_EDGE ('', *, *, #4324, .T.);
#4326 = CARTESIAN_POINT ('', (130., 98., -3.5));
#4327 = VERTEX_POINT ('', #4326);
#4328 = CARTESIAN_POINT ('', (130., 98., -3.5));
#4329 = CARTESIAN_POINT ('', (130., 98., -4.49999999999998));
#4330 = B_SPLINE_CURVE_WITH_KNOTS ('', 1, (#4328, #4329), .UNSPECIFIED., .F., .U., (2, 2), (0., 0.666666666666655), .UNSPECIFIED.);
#4331 = EDGE_CURVE ('', #4327, #3949, #4330, .T.);
#4332 = ORIENTED_EDGE ('', *, *, #4331, .F.);
#4333 = CARTESIAN_POINT ('', (130., 98., -3.5));
#4334 = CARTESIAN_POINT ('', (130., 99., -3.5));
#4335 = CARTESIAN_POINT ('', (129., 99., -3.5));
#4336 = CARTESIAN_POINT ('', (128., 99., -3.5));
#4337 = CARTESIAN_POINT ('', (128., 98., -3.5));
#4338 = (
   BOUNDED_CURVE ()
   B_SPLINE_CURVE (2, (#4333, #4334, #4335, #4336, #4337), .UNSPECIFIED., .F., .U.)
   B_SPLINE_CURVE_WITH_KNOTS ((3, 2, 3), (0., 0.25, 0.5), .UNSPECIFIED.)
   CURVE ()
   GEOMETRIC_REPRESENTATION_ITEM ()
   RATIONAL_B_SPLINE_CURVE ((1., 0.707106781186548, 1., 0.707106781186548, 1.))
   REPRESENTATION_ITEM ('')
);
#4339 = EDGE_CURVE ('', #4327, #4175, #4338, .T.);
#4340 = ORIENTED_EDGE ('', *, *, #4339, .T.);
#4341 = EDGE_LOOP ('', (#4180, #4325, #4332, #4340));
#4342 = FACE_OUTER_BOUND ('', #4341, .T.);
#4343 = CARTESIAN_POINT ('', (130., 98., -3.5));
#4344 = CARTESIAN_POINT ('', (130., 98., -4.50000384541688));
#4345 = CARTESIAN_POINT ('', (130., 99., -3.5));
#4346 = CARTESIAN_POINT ('', (130., 99., -4.50000384541688));
#4347 = CARTESIAN_POINT ('', (129., 99., -3.5));
#4348 = CARTESIAN_POINT ('', (129., 99., -4.50000384541688));
#4349 = CARTESIAN_POINT ('', (128., 99., -3.5));
#4350 = CARTESIAN_POINT ('', (128., 99., -4.50000384541688));
#4351 = CARTESIAN_POINT ('', (128., 98., -3.5));
#4352 = CARTESIAN_POINT ('', (128., 98., -4.50000384541688));
#4353 = (
   BOUNDED_SURFACE ()
   B_SPLINE_SURFACE (2, 1, ((#4343, #4344), (#4345, #4346), (#4347, #4348), (#4349, #4350), (#4351, #4352)), .UNSPECIFIED., .F., .F., .U.)
   B_SPLINE_SURFACE_WITH_KNOTS ((3, 2, 3), (2, 2), (0., 0.25, 0.5), (0., 0.666669230277918), .UNSPECIFIED.)
   GEOMETRIC_REPRESENTATION_ITEM ()
   RATIONAL_B_SPLINE_SURFACE (((1., 1.), (0.707106781186548, 0.707106781186548), (1., 1.), (0.707106781186548, 0.707106781186548), (1., 1.)))
   REPRESENTATION_ITEM ('')
   SURFACE ()
);
#4354 = ADVANCED_FACE ('', (#4342), #4353, .T.);
#4355 = CARTESIAN_POINT ('', (9.99999969678225, 98.0000000000033, -4.49999980803474));
#4356 = VERTEX_POINT ('', #4355);
#4357 = CARTESIAN_POINT ('', (9.5, 98., -5.));
#4358 = CARTESIAN_POINT ('', (10.0000023610263, 98., -4.4999976389737));
#4359 = B_SPLINE_CURVE_WITH_KNOTS ('', 1, (#4357, #4358), .UNSPECIFIED., .F., .U., (2, 2), (0., 0.500002361026305), .UNSPECIFIED.);
#4360 = EDGE_CURVE ('', #1814, #4356, #4359, .T.);
#4361 = ORIENTED_EDGE ('', *, *, #4360, .T.);
#4362 = CARTESIAN_POINT ('', (12., 98., -4.49999999999999));
#4363 = VERTEX_POINT ('', #4362);
#4364 = CARTESIAN_POINT ('', (12., 98., -4.49999999999999));
#4365 = CARTESIAN_POINT ('', (12., 97.9794808968352, -4.49999909476007));
#4366 = CARTESIAN_POINT ('', (11.9993361565608, 97.9581875642205, -4.49999995446889));
#4367 = CARTESIAN_POINT ('', (11.9980579869339, 97.9377083094023, -4.50000000923465));
#4368 = CARTESIAN_POINT ('', (11.9967798867504, 97.9172301672307, -4.50000006399744));
#4369 = CARTESIAN_POINT ('', (11.9947983533393, 97.8960903082484, -4.49999948603106));
#4370 = CARTESIAN_POINT ('', (11.9922486108872, 97.8757313627962, -4.50000010552207));
#4371 = CARTESIAN_POINT ('', (11.9896988479102, 97.855372253459, -4.50000072501806));
#4372 = CARTESIAN_POINT ('', (11.9864171037312, 97.834463623058, -4.50000183471392));
#4373 = CARTESIAN_POINT ('', (11.9826069306974, 97.8143023431882, -4.50000153957006));
#4374 = CARTESIAN_POINT ('', (11.9787968138849, 97.7941413608095, -4.50000124443057));
#4375 = CARTESIAN_POINT ('', (11.9742370455096, 97.7735421422044, -4.49999968225038));
#4376 = CARTESIAN_POINT ('', (11.9691826083485, 97.7536565980693, -4.50000003193486));
#4377 = CARTESIAN_POINT ('', (11.9641280264836, 97.7337704846296, -4.50000038162935));
#4378 = CARTESIAN_POINT ('', (11.9583165961387, 97.7135557508504, -4.50000197563081));
#4379 = CARTESIAN_POINT ('', (11.9520383933513, 97.6940214099238, -4.5000018681254));
#4380 = CARTESIAN_POINT ('', (11.9457603739993, 97.6744876397479, -4.50000176062313));
#4381 = CARTESIAN_POINT ('', (11.9387286089827, 97.6547325958308, -4.50000005596489));
#4382 = CARTESIAN_POINT ('', (11.9312524278468, 97.6356253087419, -4.49999998616418));
#4383 = CARTESIAN_POINT ('', (11.923776007479, 97.6165174102348, -4.49999991636124));
#4384 = CARTESIAN_POINT ('', (11.91555871078, 97.5972925928647, -4.50000206035505));
#4385 = CARTESIAN_POINT ('', (11.9069139421531, 97.5786840834619, -4.50000232790572));
#4386 = CARTESIAN_POINT ('', (11.898269450726, 97.5600761707524, -4.50000259544781));
#4387 = CARTESIAN_POINT ('', (11.8889065301712, 97.5414521156237, -4.5000010160222));
#4388 = CARTESIAN_POINT ('', (11.8791280225286, 97.5234143099033, -4.50000024866424));
#4389 = CARTESIAN_POINT ('', (11.869349223806, 97.5053759672456, -4.49999948128344));
#4390 = CARTESIAN_POINT ('', (11.858883433716, 97.4874180514313, -4.50000148300576));
#4391 = CARTESIAN_POINT ('', (11.8480090301434, 97.4700182222045, -4.50000232029055));
#4392 = CARTESIAN_POINT ('', (11.83169783921, 97.4439191414749, -4.50000357618582));
#4393 = CARTESIAN_POINT ('', (11.8139357945364, 97.4182305101346, -4.49999941714408));
#4394 = CARTESIAN_POINT ('', (11.7952774385863, 97.3937543437882, -4.50000004757189));
#4395 = CARTESIAN_POINT ('', (11.7766187423124, 97.3692777310026, -4.50000067801121));
#4396 = CARTESIAN_POINT ('', (11.7566846922897, 97.3454959679483, -4.50000378719866));
#4397 = CARTESIAN_POINT ('', (11.7358436971639, 97.3228485742877, -4.50000204312626));
#4398 = CARTESIAN_POINT ('', (11.7150030035654, 97.3002015082894, -4.5000002990791));
#4399 = CARTESIAN_POINT ('', (11.6930995734077, 97.2785014168748, -4.50000122686621));
#4400 = CARTESIAN_POINT ('', (11.6702591214571, 97.257872847752, -4.50000252027757));
#4401 = CARTESIAN_POINT ('', (11.6474184454989, 97.2372440763146, -4.50000381370163));
#4402 = CARTESIAN_POINT ('', (11.6237605246109, 97.2177787713007, -4.499999509555));
#4403 = CARTESIAN_POINT ('', (11.5991183504158, 97.1993395212731, -4.50000003417653));
#4404 = CARTESIAN_POINT ('', (11.5744760695739, 97.180900191444, -4.50000055880033));
#4405 = CARTESIAN_POINT ('', (11.5492906670535, 97.1638020485703, -4.50000354545445));
#4406 = CARTESIAN_POINT ('', (11.5230591655074, 97.1477036258562, -4.50000191378052));
#4407 = CARTESIAN_POINT ('', (11.4968282862907, 97.1316055850692, -4.50000028214531));
#4408 = CARTESIAN_POINT ('', (11.4703525385659, 97.1169848838169, -4.50000103656298));
#4409 = CARTESIAN_POINT ('', (11.4427568555549, 97.1033582840069, -4.50000208290458));
#4410 = CARTESIAN_POINT ('', (11.4243591983792, 97.0942736198702, -4.50000278048594));
#4411 = CARTESIAN_POINT ('', (11.4059833808561, 97.0858892302462, -4.50000187945525));
#4412 = CARTESIAN_POINT ('', (11.3870643306061, 97.0779472878558, -4.50000077245308));
#4413 = CARTESIAN_POINT ('', (11.368146099763, 97.0700056894405, -4.49999966549887));
#4414 = CARTESIAN_POINT ('', (11.349347965645, 97.0627823265945, -4.5000004208998));
#4415 = CARTESIAN_POINT ('', (11.3299796764328, 97.0560119634544, -4.50000131046733));
#4416 = CARTESIAN_POINT ('', (11.3106101811586, 97.0492411787243, -4.50000220009024));
#4417 = CARTESIAN_POINT ('', (11.2914616222429, 97.0431974374865, -4.5000021761091));
#4418 = CARTESIAN_POINT ('', (11.2717147907652, 97.0376221778951, -4.50000122541775));
#4419 = CARTESIAN_POINT ('', (11.2519686591212, 97.0320471158926, -4.5000002747601));
#4420 = CARTESIAN_POINT ('', (11.2325461708806, 97.0271982373367, -4.49999985541526));
#4421 = CARTESIAN_POINT ('', (11.2124967009106, 97.022838216004, -4.50000004786824));
#4422 = CARTESIAN_POINT ('', (11.192448336003, 97.0184784349818, -4.50000024031062));
#4423 = CARTESIAN_POINT ('', (11.1728275253079, 97.0148342316534, -4.49999970585362));
#4424 = CARTESIAN_POINT ('', (11.1525507277642, 97.0117043582719, -4.49999947220649));
#4425 = CARTESIAN_POINT ('', (11.1322681533945, 97.0085735931948, -4.4999992384928));
#4426 = CARTESIAN_POINT ('', (11.1125179484253, 97.0061383920308, -4.50000112060203));
#4427 = CARTESIAN_POINT ('', (11.0920823612926, 97.0042486059569, -4.50000158850518));
#4428 = CARTESIAN_POINT ('', (11.0784703112872, 97.0029898281997, -4.5000019001733));
#4429 = CARTESIAN_POINT ('', (11.0651389338626, 97.0020301649248, -4.50000054082725));
#4430 = CARTESIAN_POINT ('', (11.0514869360667, 97.0013263318709, -4.49999909092569));
#4431 = CARTESIAN_POINT ('', (11.0378156315167, 97.0006215034512, -4.49999763897368));
#4432 = CARTESIAN_POINT ('', (11.0244570076866, 97.0002053930297, -4.49999828866047));
#4433 = CARTESIAN_POINT ('', (11.0107683400578, 97.0000579802547, -4.49999944262581));
#4434 = CARTESIAN_POINT ('', (11.0016437594169, 96.9999597179702, -4.50000021183506));
#4435 = CARTESIAN_POINT ('', (10.9925586183259, 96.9999860533642, -4.4999997332512));
#4436 = CARTESIAN_POINT ('', (10.9834347606952, 97.0001372129903, -4.49999893204375));
#4437 = CARTESIAN_POINT ('', (10.9697780807416, 97.0003634702073, -4.49999773278856));
#4438 = CARTESIAN_POINT ('', (10.9557897545527, 97.0008843859211, -4.49999825484227));
#4439 = CARTESIAN_POINT ('', (10.9421540714468, 97.0016744776628, -4.49999980289152));
#4440 = CARTESIAN_POINT ('', (10.9216500503164, 97.00286254119, -4.50000213069822));
#4441 = CARTESIAN_POINT ('', (10.900474948227, 97.0047530002803, -4.50000118176357));
#4442 = CARTESIAN_POINT ('', (10.8800847383852, 97.0072158693694, -4.50000002496118));
#4443 = CARTESIAN_POINT ('', (10.859719682513, 97.00967570019, -4.49999886958584));
#4444 = CARTESIAN_POINT ('', (10.8387974890295, 97.01286549208, -4.49999967525911));
#4445 = CARTESIAN_POINT ('', (10.8186246445243, 97.0165860584545, -4.49999999094072));
#4446 = CARTESIAN_POINT ('', (10.7984454377532, 97.0203077982496, -4.5000003067219));
#4447 = CARTESIAN_POINT ('', (10.7778200972137, 97.0247784136255, -4.49999959553742));
#4448 = CARTESIAN_POINT ('', (10.7579109258693, 97.0297459713113, -4.4999999589311));
#4449 = CARTESIAN_POINT ('', (10.7380032731673, 97.0347131500792, -4.50000032229706));
#4450 = CARTESIAN_POINT ('', (10.7177593362279, 97.0404369769449, -4.5000020489318));
#4451 = CARTESIAN_POINT ('', (10.6981980961912, 97.0466293423556, -4.50000204268167));
#4452 = CARTESIAN_POINT ('', (10.6786371681633, 97.0528216089958, -4.50000203643163));
#4453 = CARTESIAN_POINT ('', (10.6588474748057, 97.0597681516642, -4.50000039015605));
#4454 = CARTESIAN_POINT ('', (10.6397077979818, 97.0671605019271, -4.50000003650231));
#4455 = CARTESIAN_POINT ('', (10.6205671456306, 97.0745532289696, -4.49999968283053));
#4456 = CARTESIAN_POINT ('', (10.601302305389, 97.0826880763354, -4.50000180930806));
#4457 = CARTESIAN_POINT ('', (10.5826559675828, 97.0912514326802, -4.50000226698062));
#4458 = CARTESIAN_POINT ('', (10.5640103697064, 97.0998144492113, -4.50000272463502));
#4459 = CARTESIAN_POINT ('', (10.5453416382713, 97.1090977844445, -4.50000137981236));
#4460 = CARTESIAN_POINT ('', (10.5272612250464, 97.1187973838808, -4.50000044194214));
#4461 = CARTESIAN_POINT ('', (10.5091803641829, 97.1284972234618, -4.4999995040487));
#4462 = CARTESIAN_POINT ('', (10.4911732546213, 97.1388865651932, -4.50000112381294));
#4463 = CARTESIAN_POINT ('', (10.4737261550738, 97.1496848583339, -4.5000021054626));
#4464 = CARTESIAN_POINT ('', (10.4475561132661, 97.1658819220449, -4.50000357790291));
#4465 = CARTESIAN_POINT ('', (10.4217824163721, 97.1835371153893, -4.4999999400281));
#4466 = CARTESIAN_POINT ('', (10.3972251990928, 97.2020886393895, -4.49999999816547));
#4467 = CARTESIAN_POINT ('', (10.3726674859074, 97.2206405380174, -4.50000005630402));
#4468 = CARTESIAN_POINT ('', (10.3487919457587, 97.2404769099571, -4.50000384481671));
#4469 = CARTESIAN_POINT ('', (10.3260541254937, 97.2612192759445, -4.50000228474326));
#4470 = CARTESIAN_POINT ('', (10.3033166810461, 97.2819612990961, -4.5000007246956));
#4471 = CARTESIAN_POINT ('', (10.2815151275565, 97.3037768238744, -4.50000078838059));
#4472 = CARTESIAN_POINT ('', (10.2607876750358, 97.3265275516986, -4.50000231688951));
#4473 = CARTESIAN_POINT ('', (10.2400599718808, 97.3492785546223, -4.5000038454169));
#4474 = CARTESIAN_POINT ('', (10.2204864051248, 97.3728590260403, -4.50000002150375));
#4475 = CARTESIAN_POINT ('', (10.2019406207602, 97.3974211858956, -4.49999999783933));
#4476 = CARTESIAN_POINT ('', (10.1833948546722, 97.4219833215454, -4.49999997417494));
#4477 = CARTESIAN_POINT ('', (10.1661828193864, 97.4471020408258, -4.50000357808465));
#4478 = CARTESIAN_POINT ('', (10.1499712818644, 97.4732636538601, -4.50000213126362));
#4479 = CARTESIAN_POINT ('', (10.1337600436696, 97.4994247838507, -4.50000068446931));
#4480 = CARTESIAN_POINT ('', (10.1190207095159, 97.5258452797822, -4.50000066860214));
#4481 = CARTESIAN_POINT ('', (10.1052752547085, 97.5533820086885, -4.50000192109133));
#4482 = CARTESIAN_POINT ('', (10.096111354356, 97.5717403564673, -4.50000275610816));
#4483 = CARTESIAN_POINT ('', (10.0876461178167, 97.5900836674792, -4.50000214500169));
#4484 = CARTESIAN_POINT ('', (10.079622762258, 97.608968364136, -4.50000100854314));
#4485 = CARTESIAN_POINT ('', (10.0715997604617, 97.627852228137, -4.49999987213469));
#4486 = CARTESIAN_POINT ('', (10.0642940282116, 97.6466230012616, -4.5000001801205));
#4487 = CARTESIAN_POINT ('', (10.0574403946712, 97.6659619925781, -4.50000111843808));
#4488 = CARTESIAN_POINT ('', (10.0505863513599, 97.6853021401506, -4.50000205681176));
#4489 = CARTESIAN_POINT ('', (10.0444590443288, 97.7044285175242, -4.50000229257868));
#4490 = CARTESIAN_POINT ('', (10.0387989702403, 97.7241511638798, -4.50000141721602));
#4491 = CARTESIAN_POINT ('', (10.0331390572072, 97.7438732490343, -4.50000054187828));
#4492 = CARTESIAN_POINT ('', (10.028205707696, 97.7632789643811, -4.49999979522111));
#4493 = CARTESIAN_POINT ('', (10.0237596180539, 97.7833096295223, -4.5000000053302));
#4494 = CARTESIAN_POINT ('', (10.0193137990548, 97.8033390753541, -4.5000002154265));
#4495 = CARTESIAN_POINT ('', (10.0155846188699, 97.8229483086744, -4.49999984242685));
#4496 = CARTESIAN_POINT ('', (10.0123678013357, 97.8432114794973, -4.49999952972369));
#4497 = CARTESIAN_POINT ('', (10.009150075699, 97.8634803705808, -4.49999921693225));
#4498 = CARTESIAN_POINT ('', (10.0066296722762, 97.8832242589342, -4.5000006540289));
#4499 = CARTESIAN_POINT ('', (10.0046523396093, 97.9036514922028, -4.50000145513218));
#4500 = CARTESIAN_POINT ('', (10.0033351246731, 97.9172592463337, -4.50000198879312));
#4501 = CARTESIAN_POINT ('', (10.0023181382633, 97.9305895628377, -4.50000112056572));
#4502 = CARTESIAN_POINT ('', (10.0015558185718, 97.9442396505381, -4.49999956515986));
#4503 = CARTESIAN_POINT ('', (10.0007927795223, 97.9579026190543, -4.49999800828626));
#4504 = CARTESIAN_POINT ('', (10.0003195183334, 97.9712564178797, -4.49999784509864));
#4505 = CARTESIAN_POINT ('', (10.0001134214166, 97.9849391245659, -4.49999906536251));
#4506 = CARTESIAN_POINT ('', (10.0000375442222, 97.9899765866068, -4.49999951461813));
#4507 = CARTESIAN_POINT ('', (9.99999965014224, 97.9949868570581, -4.49999978771488));
#4508 = CARTESIAN_POINT ('', (9.99999969678225, 98.0000000000033, -4.49999980803474));
#4509 = B_SPLINE_CURVE_WITH_KNOTS ('', 3, (#4364, #4365, #4366, #4367, #4368, #4369, #4370, #4371, #4372, #4373, #4374, #4375, #4376, #4377, #4378, #4379, #4380, #4381, #4382, #4383, #4384, #4385, #4386, #4387, #4388, #4389, #4390, #4391, #4392, #4393, #4394, #4395, #4396, #4397, #4398, #4399, #4400, #4401, #4402, #4403, #4404, #4405, #4406, #4407, #4408, #4409, #4410, #4411, #4412, #4413, #4414, #4415, #4416, #4417, #4418, #4419, #4420, #4421, #4422, #4423, #4424, #4425, #4426, #4427, #4428, #4429, #4430, #4431, #4432, #4433, #4434, #4435, #4436, #4437, #4438, #4439, #4440, #4441, #4442, #4443, #4444, #4445, #4446, #4447, #4448, #4449, #4450, #4451, #4452, #4453, #4454, #4455, #4456, #4457, #4458, #4459, #4460, #4461, #4462, #4463, #4464, #4465, #4466, #4467, #4468, #4469, #4470, #4471, #4472, #4473, #4474, #4475, #4476, #4477, #4478, #4479, #4480, #4481, #4482, #4483, #4484, #4485, #4486, #4487, #4488, #4489, #4490, #4491, #4492, #4493, #4494, #4495, #4496, #4497, #4498, #4499, #4500, #4501, #4502, #4503, #4504, #4505, #4506, #4507, #4508), .UNSPECIFIED., .F., .U., (4, 3, 3, 3, 3, 3, 3, 3, 3, 3, 3, 3, 3, 3, 3, 3, 3, 3, 3, 3, 3, 3, 3, 3, 3, 3, 3, 3, 3, 3, 3, 3, 3, 3, 3, 3, 3, 3, 3, 3, 3, 3, 3, 3, 3, 3, 3, 3, 4), (0., 0.0615573095541789, 0.123111274673709, 0.184665735288846, 0.246219287633029, 0.307774602197861, 0.369328118251142, 0.430883603968502, 0.492437115871468, 0.55399246005827, 0.646323130453196, 0.738655484936653, 0.830986503556214, 0.923318427711814, 1.01565075146251, 1.10798088467429, 1.16953609739145, 1.23108864407849, 1.2926450236377, 1.35419922162001, 1.41575002693228, 1.4773183679669, 1.51832875496824, 1.55939713915586, 1.58677246840419, 1.62774813081602, 1.68936336794056, 1.75090259467527, 1.81246123012168, 1.87401516996598, 1.93556812800305, 1.99712422332359, 2.05867787595613, 2.12023305254635, 2.21256367406034, 2.30489616008968, 2.39722712002053, 2.48955919640835, 2.58189118180487, 2.67422146239906, 2.73577675487494, 2.79732933328175, 2.85888559184651, 2.92044009884917, 2.98199085889722, 3.04355899462622, 3.0845730684502, 3.12562584493608, 3.14073994538155), .UNSPECIFIED.);
#4510 = EDGE_CURVE ('', #4363, #4356, #4509, .T.);
#4511 = ORIENTED_EDGE ('', *, *, #4510, .F.);
#4512 = CARTESIAN_POINT ('', (12.5, 98., -5.));
#4513 = CARTESIAN_POINT ('', (12., 98., -4.5));
#4514 = B_SPLINE_CURVE_WITH_KNOTS ('', 1, (#4512, #4513), .UNSPECIFIED., .F., .U., (2, 2), (0., 0.5), .UNSPECIFIED.);
#4515 = EDGE_CURVE ('', #1812, #4363, #4514, .T.);
#4516 = ORIENTED_EDGE ('', *, *, #4515, .F.);
#4517 = ORIENTED_EDGE ('', *, *, #1885, .F.);
#4518 = EDGE_LOOP ('', (#4361, #4511, #4516, #4517));
#4519 = FACE_OUTER_BOUND ('', #4518, .T.);
#4520 = CARTESIAN_POINT ('', (9.5, 98., -5.));
#4521 = CARTESIAN_POINT ('', (9.5, 97.9703291045598, -5.));
#4522 = CARTESIAN_POINT ('', (9.50173695726193, 97.9109873136794, -5.));
#4523 = CARTESIAN_POINT ('', (9.50991988412485, 97.8196458177859, -5.));
#4524 = CARTESIAN_POINT ('', (9.52401123860617, 97.7271850316455, -5.));
#4525 = CARTESIAN_POINT ('', (9.5510453813997, 97.6028671013485, -5.));
#4526 = CARTESIAN_POINT ('', (9.60088836835444, 97.4470957791982, -5.));
#4527 = CARTESIAN_POINT ('', (9.68727503301157, 97.2647431313717, -5.));
#4528 = CARTESIAN_POINT ('', (9.79966772767481, 97.0925566076171, -5.));
#4529 = CARTESIAN_POINT ('', (9.93595365850729, 96.9359536585073, -5.));
#4530 = CARTESIAN_POINT ('', (10.0925566076171, 96.7996677276748, -5.));
#4531 = CARTESIAN_POINT ('', (10.2647431313717, 96.6872750330116, -5.));
#4532 = CARTESIAN_POINT ('', (10.4470957791982, 96.6008883683544, -5.));
#4533 = CARTESIAN_POINT ('', (10.6028671013484, 96.5510453813997, -5.));
#4534 = CARTESIAN_POINT ('', (10.7271850316455, 96.5240112386061, -5.));
#4535 = CARTESIAN_POINT ('', (10.8196458177859, 96.5099198841249, -5.));
#4536 = CARTESIAN_POINT ('', (10.9109873136793, 96.5017369572618, -5.));
#4537 = CARTESIAN_POINT ('', (11.0000000000002, 96.4991315213694, -5.));
#4538 = CARTESIAN_POINT ('', (11.08901268632, 96.5017369572604, -5.));
#4539 = CARTESIAN_POINT ('', (11.1803541822164, 96.5099198841305, -5.));
#4540 = CARTESIAN_POINT ('', (11.2728149683456, 96.5240112385852, -5.));
#4541 = CARTESIAN_POINT ('', (11.3971328986985, 96.5510453815108, -5.));
#4542 = CARTESIAN_POINT ('', (11.5529042204236, 96.6008883674592, -5.));
#4543 = CARTESIAN_POINT ('', (11.7352568700089, 96.6872750362801, -5.));
#4544 = CARTESIAN_POINT ('', (11.9074433872384, 96.7996677154957, -5.));
#4545 = CARTESIAN_POINT ('', (12.06404636069, 96.9359537039553, -5.));
#4546 = CARTESIAN_POINT ('', (12.2003322006806, 97.0925564380043, -5.));
#4547 = CARTESIAN_POINT ('', (12.3127252343694, 97.264743764375, -5.));
#4548 = CARTESIAN_POINT ('', (12.3991106337662, 97.4470934167979, -5.));
#4549 = CARTESIAN_POINT ('', (12.4589269401275, 97.6340301823766, -5.));
#4550 = CARTESIAN_POINT ('', (12.4930404081306, 97.8203157935203, -5.));
#4551 = CARTESIAN_POINT ('', (12.5000025993651, 97.9410801045139, -5.));
#4552 = CARTESIAN_POINT ('', (12.5, 98., -5.));
#4553 = CARTESIAN_POINT ('', (10.0000023610263, 98., -4.4999976389737));
#4554 = CARTESIAN_POINT ('', (10.0000023610263, 97.9802194497424, -4.4999976389737));
#4555 = CARTESIAN_POINT ('', (10.0011603298003, 97.9406583492271, -4.49999763897369));
#4556 = CARTESIAN_POINT ('', (10.0066156014955, 97.8797641624046, -4.49999763897369));
#4557 = CARTESIAN_POINT ('', (10.0160098156363, 97.8181237838459, -4.49999763897369));
#4558 = CARTESIAN_POINT ('', (10.0340325349465, 97.7352453593265, -4.49999763897369));
#4559 = CARTESIAN_POINT ('', (10.0672611144625, 97.6313980564131, -4.49999763897369));
#4560 = CARTESIAN_POINT ('', (10.1248520882598, 97.509829911555, -4.49999763897369));
#4561 = CARTESIAN_POINT ('', (10.1997803744606, 97.3950391667432, -4.49999763897369));
#4562 = CARTESIAN_POINT ('', (10.2906374471658, 97.2906374471658, -4.49999763897369));
#4563 = CARTESIAN_POINT ('', (10.3950391667432, 97.1997803744606, -4.49999763897369));
#4564 = CARTESIAN_POINT ('', (10.509829911555, 97.1248520882599, -4.49999763897369));
#4565 = CARTESIAN_POINT ('', (10.6313980564131, 97.0672611144625, -4.49999763897369));
#4566 = CARTESIAN_POINT ('', (10.7352453593264, 97.0340325349465, -4.49999763897369));
#4567 = CARTESIAN_POINT ('', (10.8181237838459, 97.0160098156363, -4.49999763897369));
#4568 = CARTESIAN_POINT ('', (10.8797641624046, 97.0066156014955, -4.49999763897369));
#4569 = CARTESIAN_POINT ('', (10.9406583492271, 97.0011603298002, -4.49999763897369));
#4570 = CARTESIAN_POINT ('', (11.0000000000001, 96.9994233766396, -4.49999763897369));
#4571 = CARTESIAN_POINT ('', (11.0593416507725, 97.0011603297993, -4.49999763897369));
#4572 = CARTESIAN_POINT ('', (11.120235837597, 97.0066156014992, -4.49999763897369));
#4573 = CARTESIAN_POINT ('', (11.1818762161482, 97.0160098156224, -4.49999763897369));
#4574 = CARTESIAN_POINT ('', (11.2647546407049, 97.0340325350205, -4.49999763897369));
#4575 = CARTESIAN_POINT ('', (11.3686019433348, 97.0672611138657, -4.49999763897369));
#4576 = CARTESIAN_POINT ('', (11.4901700893654, 97.1248520904389, -4.49999763897369));
#4577 = CARTESIAN_POINT ('', (11.6049608298271, 97.1997803663412, -4.49999763897369));
#4578 = CARTESIAN_POINT ('', (11.7093625656324, 97.2906374774644, -4.49999763897369));
#4579 = CARTESIAN_POINT ('', (11.8002195777765, 97.3950390536682, -4.49999763897369));
#4580 = CARTESIAN_POINT ('', (11.8751480899937, 97.5098303335562, -4.49999763897369));
#4581 = CARTESIAN_POINT ('', (11.9327382202862, 97.6313964814833, -4.49999763897369));
#4582 = CARTESIAN_POINT ('', (11.9726156637084, 97.7560206976273, -4.49999763897369));
#4583 = CARTESIAN_POINT ('', (11.9953579220153, 97.8802108118396, -4.49999763897369));
#4584 = CARTESIAN_POINT ('', (11.9999993718797, 97.9607201624169, -4.49999763897369));
#4585 = CARTESIAN_POINT ('', (11.9999976389737, 98., -4.49999763897369));
#4586 = B_SPLINE_SURFACE_WITH_KNOTS ('', 1, 3, ((#4520, #4521, #4522, #4523, #4524, #4525, #4526, #4527, #4528, #4529, #4530, #4531, #4532, #4533, #4534, #4535, #4536, #4537, #4538, #4539, #4540, #4541, #4542, #4543, #4544, #4545, #4546, #4547, #4548, #4549, #4550, #4551, #4552), (#4553, #4554, #4555, #4556, #4557, #4558, #4559, #4560, #4561, #4562, #4563, #4564, #4565, #4566, #4567, #4568, #4569, #4570, #4571, #4572, #4573, #4574, #4575, #4576, #4577, #4578, #4579, #4580, #4581, #4582, #4583, #4584, #4585)), .UNSPECIFIED., .F., .F., .U., (2, 2), (4, 1, 1, 1, 1, 1, 1, 1, 1, 1, 1, 1, 1, 1, 1, 1, 1, 1, 1, 1, 1, 1, 1, 1, 1, 1, 1, 1, 1, 1, 4), (0., 0.500002361026305), (0.5, 0.510416666666673, 0.52083333333334, 0.531250000000005, 0.54166666666667, 0.562500000000006, 0.583333333333337, 0.604166666666668, 0.625000000000003, 0.645833333333335, 0.666666666666668, 0.687500000000002, 0.708333333333334, 0.718750000000001, 0.729166666666667, 0.739583333333333, 0.75, 0.760416666666667, 0.770833333333333, 0.78125, 0.791666666666666, 0.812499999999999, 0.833333333333332, 0.854166666666667, 0.875, 0.895833333333332, 0.916666666666665, 0.937499999999999, 0.958333333333333, 0.979166666666666, 1.), .UNSPECIFIED.);
#4587 = ADVANCED_FACE ('', (#4519), #4586, .T.);
#4588 = CARTESIAN_POINT ('', (10., 98., -3.5));
#4589 = VERTEX_POINT ('', #4588);
#4590 = CARTESIAN_POINT ('', (10., 98., -3.5));
#4591 = CARTESIAN_POINT ('', (10., 98., -4.50000384541691));
#4592 = B_SPLINE_CURVE_WITH_KNOTS ('', 1, (#4590, #4591), .UNSPECIFIED., .F., .U., (2, 2), (0., 0.666669230277937), .UNSPECIFIED.);
#4593 = EDGE_CURVE ('', #4589, #4356, #4592, .T.);
#4594 = ORIENTED_EDGE ('', *, *, #4593, .T.);
#4595 = CARTESIAN_POINT ('', (9.99999969678225, 98.0000000000033, -4.49999980803474));
#4596 = CARTESIAN_POINT ('', (9.99999973467576, 98.0040730189676, -4.49999982454399));
#4597 = CARTESIAN_POINT ('', (10.0000248174089, 98.0081479340781, -4.49999967419408));
#4598 = CARTESIAN_POINT ('', (10.0000749222451, 98.01224086912, -4.49999931589372));
#4599 = CARTESIAN_POINT ('', (10.0002420492619, 98.0258930447674, -4.49999812076617));
#4600 = CARTESIAN_POINT ('', (10.0007022498235, 98.0398800241063, -4.49999779535718));
#4601 = CARTESIAN_POINT ('', (10.0014328824377, 98.0535136592217, -4.49999931163566));
#4602 = CARTESIAN_POINT ('', (10.0021654961927, 98.0671842625077, -4.5000008320256));
#4603 = CARTESIAN_POINT ('', (10.0032047862001, 98.081158633951, -4.50000196901021));
#4604 = CARTESIAN_POINT ('', (10.0045024440023, 98.0947872143411, -4.50000151197363));
#4605 = CARTESIAN_POINT ('', (10.0064471271957, 98.1152111436622, -4.50000082705397));
#4606 = CARTESIAN_POINT ('', (10.0091114305224, 98.1362378859224, -4.49999921726176));
#4607 = CARTESIAN_POINT ('', (10.01232226026, 98.1565013815341, -4.49999952532531));
#4608 = CARTESIAN_POINT ('', (10.0155334459682, 98.1767671236703, -4.49999983342302));
#4609 = CARTESIAN_POINT ('', (10.0194872375083, 98.1975240102086, -4.50000020703676));
#4610 = CARTESIAN_POINT ('', (10.0239510775243, 98.217551145559, -4.49999999628273));
#4611 = CARTESIAN_POINT ('', (10.0284148965201, 98.2375781866019, -4.4999997855297));
#4612 = CARTESIAN_POINT ('', (10.033633452116, 98.2579858584942, -4.50000066416892));
#4613 = CARTESIAN_POINT ('', (10.0393313792123, 98.2776973190975, -4.50000149734196));
#4614 = CARTESIAN_POINT ('', (10.04502903306, 98.2974078344217, -4.50000233047504));
#4615 = CARTESIAN_POINT ('', (10.0514831169383, 98.3173904381366, -4.50000194135012));
#4616 = CARTESIAN_POINT ('', (10.05839156094, 98.3367098862388, -4.50000098750149));
#4617 = CARTESIAN_POINT ('', (10.0653003285785, 98.356030239391, -4.50000003360818));
#4618 = CARTESIAN_POINT ('', (10.0729573339887, 98.3755168471726, -4.50000008203587));
#4619 = CARTESIAN_POINT ('', (10.0810492454264, 98.3943722995706, -4.50000120936276));
#4620 = CARTESIAN_POINT ('', (10.089140999187, 98.4132273845555, -4.50000233666769));
#4621 = CARTESIAN_POINT ('', (10.0979630325726, 98.4321461559513, -4.50000268274715));
#4622 = CARTESIAN_POINT ('', (10.1072056906268, 98.4504645614817, -4.50000173352569));
#4623 = CARTESIAN_POINT ('', (10.116448381258, 98.4687830315777, -4.50000078430089));
#4624 = CARTESIAN_POINT ('', (10.1263941524575, 98.4870665424928, -4.49999951122562));
#4625 = CARTESIAN_POINT ('', (10.136751269561, 98.5047787925374, -4.50000066101185));
#4626 = CARTESIAN_POINT ('', (10.1522869056389, 98.5313470999208, -4.5000023856868));
#4627 = CARTESIAN_POINT ('', (10.1693207171047, 98.5576012553015, -4.50000274041781));
#4628 = CARTESIAN_POINT ('', (10.1872519364255, 98.5826152977359, -4.50000092339119));
#4629 = CARTESIAN_POINT ('', (10.2051833195908, 98.6076295687334, -4.49999910634796));
#4630 = CARTESIAN_POINT ('', (10.2244499172039, 98.6320358513043, -4.50000282285681));
#4631 = CARTESIAN_POINT ('', (10.2446178708789, 98.6552845481197, -4.50000292182616));
#4632 = CARTESIAN_POINT ('', (10.2647855665104, 98.6785329474743, -4.50000302079425));
#4633 = CARTESIAN_POINT ('', (10.286087166574, 98.7009106150472, -4.49999893197557));
#4634 = CARTESIAN_POINT ('', (10.3083142771713, 98.7221986297654, -4.50000080275294));
#4635 = CARTESIAN_POINT ('', (10.3305417537282, 98.7434869949814, -4.50000267356111));
#4636 = CARTESIAN_POINT ('', (10.3536676432738, 98.763676462814, -4.50000299072988));
#4637 = CARTESIAN_POINT ('', (10.3777611233215, 98.7828274269275, -4.50000102355085));
#4638 = CARTESIAN_POINT ('', (10.4018540832831, 98.8019779776449, -4.49999905641429));
#4639 = CARTESIAN_POINT ('', (10.4265798923097, 98.8198393711044, -4.50000255926277));
#4640 = CARTESIAN_POINT ('', (10.4523307234458, 98.8366949046807, -4.50000269713452));
#4641 = CARTESIAN_POINT ('', (10.478081874744, 98.8535506478231, -4.50000283500799));
#4642 = CARTESIAN_POINT ('', (10.5041748002017, 98.8689675535442, -4.49999909650594));
#4643 = CARTESIAN_POINT ('', (10.5313631247878, 98.8833908982955, -4.50000066796879));
#4644 = CARTESIAN_POINT ('', (10.5494888787206, 98.8930065697953, -4.50000171562249));
#4645 = CARTESIAN_POINT ('', (10.5676383499627, 98.9019337046989, -4.50000277633611));
#4646 = CARTESIAN_POINT ('', (10.586318733846, 98.9104217759002, -4.50000216155582));
#4647 = CARTESIAN_POINT ('', (10.6049986827788, 98.9189096494669, -4.50000154678984));
#4648 = CARTESIAN_POINT ('', (10.6236055196418, 98.9266866674588, -4.49999958743447));
#4649 = CARTESIAN_POINT ('', (10.6427695785691, 98.9340162878689, -4.50000010666946));
#4650 = CARTESIAN_POINT ('', (10.661933968938, 98.9413460350444, -4.50000062591343));
#4651 = CARTESIAN_POINT ('', (10.6809255560045, 98.9479517383502, -4.50000212343103));
#4652 = CARTESIAN_POINT ('', (10.700501965984, 98.9540969173101, -4.50000203802239));
#4653 = CARTESIAN_POINT ('', (10.7200787707655, 98.9602422202012, -4.50000195261203));
#4654 = CARTESIAN_POINT ('', (10.7393808579795, 98.9656597117233, -4.50000022984886));
#4655 = CARTESIAN_POINT ('', (10.7592962561178, 98.9705986336695, -4.49999993610215));
#4656 = CARTESIAN_POINT ('', (10.7792103891742, 98.9755372418815, -4.4999996423741));
#4657 = CARTESIAN_POINT ('', (10.798746391762, 98.9797540240885, -4.50000030665861));
#4658 = CARTESIAN_POINT ('', (10.8189245953308, 98.9834692154938, -4.49999998621191));
#4659 = CARTESIAN_POINT ('', (10.8391049577741, 98.9871848043889, -4.49999966573092));
#4660 = CARTESIAN_POINT ('', (10.8588027554445, 98.9901941177153, -4.49999887594846));
#4661 = CARTESIAN_POINT ('', (10.8791719848961, 98.9926734562615, -4.49999997444754));
#4662 = CARTESIAN_POINT ('', (10.8995352614341, 98.9951520702201, -4.50000107262559));
#4663 = CARTESIAN_POINT ('', (10.9193117491505, 98.996950456507, -4.50000230632235));
#4664 = CARTESIAN_POINT ('', (10.9397880997026, 98.9981856175394, -4.50000006728635));
#4665 = CARTESIAN_POINT ('', (10.9602878160029, 98.9994221880252, -4.49999782569536));
#4666 = CARTESIAN_POINT ('', (10.9800953140807, 99.0000127853975, -4.50000016785689));
#4667 = CARTESIAN_POINT ('', (11.0006322883305, 98.9999998001057, -4.4999999973508));
#4668 = CARTESIAN_POINT ('', (11.0210795848114, 98.9999868715162, -4.49999982758925));
#4669 = CARTESIAN_POINT ('', (11.0422946111256, 98.9993143939551, -4.49999823503243));
#4670 = CARTESIAN_POINT ('', (11.0627016777184, 98.9980323139114, -4.50000033158264));
#4671 = CARTESIAN_POINT ('', (11.0831962778214, 98.9967447345488, -4.50000243712573));
#4672 = CARTESIAN_POINT ('', (11.1043529425188, 98.9947523057955, -4.50000065046183));
#4673 = CARTESIAN_POINT ('', (11.1247275917816, 98.9921910238701, -4.49999978699279));
#4674 = CARTESIAN_POINT ('', (11.1450812911307, 98.9896323755427, -4.4999989244116));
#4675 = CARTESIAN_POINT ('', (11.1659834564884, 98.9863418838979, -4.4999998236472));
#4676 = CARTESIAN_POINT ('', (11.1861388363292, 98.9825234519389, -4.50000005588882));
#4677 = CARTESIAN_POINT ('', (11.2062995818204, 98.9787040034587, -4.50000028819227));
#4678 = CARTESIAN_POINT ('', (11.226897827754, 98.9741347030086, -4.49999945913382));
#4679 = CARTESIAN_POINT ('', (11.2467825352698, 98.9690708850677, -4.50000007488717));
#4680 = CARTESIAN_POINT ('', (11.2666658067362, 98.9640074328295, -4.50000069059606));
#4681 = CARTESIAN_POINT ('', (11.2868768888059, 98.9581871600591, -4.50000220744336));
#4682 = CARTESIAN_POINT ('', (11.3064078569051, 98.9519003231572, -4.5000020196104));
#4683 = CARTESIAN_POINT ('', (11.3259386896559, 98.9456135298227, -4.50000183177874));
#4684 = CARTESIAN_POINT ('', (11.3456900236879, 98.938573057743, -4.50000004143328));
#4685 = CARTESIAN_POINT ('', (11.3647938413318, 98.9310883166093, -4.49999998712024));
#4686 = CARTESIAN_POINT ('', (11.3838985094883, 98.9236032422508, -4.49999993280477));
#4687 = CARTESIAN_POINT ('', (11.4031193522177, 98.9153774098977, -4.50000209440301));
#4688 = CARTESIAN_POINT ('', (11.4217241018579, 98.9067242038857, -4.50000235162807));
#4689 = CARTESIAN_POINT ('', (11.4403281629106, 98.8980713181408, -4.50000260884362));
#4690 = CARTESIAN_POINT ('', (11.4589476483011, 98.888700196713, -4.50000100242617));
#4691 = CARTESIAN_POINT ('', (11.4769810936946, 98.8789135544853, -4.50000024129299));
#4692 = CARTESIAN_POINT ('', (11.495015002422, 98.869126660809, -4.49999948014026));
#4693 = CARTESIAN_POINT ('', (11.5129677990263, 98.8586530395415, -4.50000149950759));
#4694 = CARTESIAN_POINT ('', (11.5303627087653, 98.8477708399981, -4.50000231605232));
#4695 = CARTESIAN_POINT ('', (11.5564544350557, 98.8314479400128, -4.50000354083946));
#4696 = CARTESIAN_POINT ('', (11.5821342651108, 98.8136749428547, -4.49999936225921));
#4697 = CARTESIAN_POINT ('', (11.6066020439837, 98.7950056353478, -4.50000005893757));
#4698 = CARTESIAN_POINT ('', (11.6310703038536, 98.7763359608325, -4.50000075562962));
#4699 = CARTESIAN_POINT ('', (11.654842413016, 98.7563918737006, -4.50000379572118));
#4700 = CARTESIAN_POINT ('', (11.6774804939893, 98.7355407400437, -4.50000202880341));
#4701 = CARTESIAN_POINT ('', (11.7001182317255, 98.7146899225303, -4.50000026191244));
#4702 = CARTESIAN_POINT ('', (11.7218078594764, 98.6927774806968, -4.50000126318077));
#4703 = CARTESIAN_POINT ('', (11.7424262286092, 98.6699278282571, -4.50000252594826));
#4704 = CARTESIAN_POINT ('', (11.7630448071152, 98.6470779437863, -4.50000378872856));
#4705 = CARTESIAN_POINT ('', (11.7824989633811, 98.6234120750425, -4.49999945538882));
#4706 = CARTESIAN_POINT ('', (11.8009272392783, 98.598761686635, -4.50000004464003));
#4707 = CARTESIAN_POINT ('', (11.8193555954433, 98.5741111908583, -4.5000006338938));
#4708 = CARTESIAN_POINT ('', (11.8364420032106, 98.5489189617016, -4.50000356802851));
#4709 = CARTESIAN_POINT ('', (11.8525287685796, 98.5226803026173, -4.50000191018232));
#4710 = CARTESIAN_POINT ('', (11.8686151098908, 98.4964423352014, -4.50000025237983));
#4711 = CARTESIAN_POINT ('', (11.8832235646856, 98.469960994229, -4.50000105079468));
#4712 = CARTESIAN_POINT ('', (11.8968378970228, 98.4423593408798, -4.50000207450315));
#4713 = CARTESIAN_POINT ('', (11.9059144366275, 98.4239575938407, -4.50000275699938));
#4714 = CARTESIAN_POINT ('', (11.9142905335446, 98.4055783871649, -4.50000184417681));
#4715 = CARTESIAN_POINT ('', (11.9222241204113, 98.3866557535219, -4.50000074935446));
#4716 = CARTESIAN_POINT ('', (11.9301573885498, 98.367733880087, -4.49999965457608));
#4717 = CARTESIAN_POINT ('', (11.9373723147713, 98.3489328266853, -4.50000043362907));
#4718 = CARTESIAN_POINT ('', (11.9441341410725, 98.3295614110622, -4.50000125458394));
#4719 = CARTESIAN_POINT ('', (11.950896269299, 98.3101891304777, -4.50000207557546));
#4720 = CARTESIAN_POINT ('', (11.9569313411444, 98.2910385197334, -4.50000192060944));
#4721 = CARTESIAN_POINT ('', (11.9624978120284, 98.2712894429213, -4.50000100726878));
#4722 = CARTESIAN_POINT ('', (11.9680640143578, 98.2515413189042, -4.50000009397219));
#4723 = CARTESIAN_POINT ('', (11.972904108473, 98.2321175709143, -4.49999998506714));
#4724 = CARTESIAN_POINT ('', (11.9772552027505, 98.212066660975, -4.50000075804238));
#4725 = CARTESIAN_POINT ('', (11.9816065287468, 98.1920146832187, -4.50000153105879));
#4726 = CARTESIAN_POINT ('', (11.985242269434, 98.1723910855308, -4.50000185779041));
#4727 = CARTESIAN_POINT ('', (11.9883633887088, 98.1521111825611, -4.50000116782024));
#4728 = CARTESIAN_POINT ('', (11.9914843843829, 98.1318320827036, -4.5000004778774));
#4729 = CARTESIAN_POINT ('', (11.9939103297091, 98.1120858554999, -4.49999975993869));
#4730 = CARTESIAN_POINT ('', (11.9957908808595, 98.0916543594006, -4.49999989736113));
#4731 = CARTESIAN_POINT ('', (11.997671480575, 98.0712223356597, -4.50000003478712));
#4732 = CARTESIAN_POINT ('', (11.9988874831041, 98.0514276224164, -4.4999999384851));
#4733 = CARTESIAN_POINT ('', (11.9995218920549, 98.0309190443405, -4.49999972566439));
#4734 = CARTESIAN_POINT ('', (11.9998425955459, 98.0205516424057, -4.49999961808024));
#4735 = CARTESIAN_POINT ('', (12., 98.0103723610335, -4.49999954240323));
#4736 = CARTESIAN_POINT ('', (12., 98., -4.49999999999999));
#4737 = B_SPLINE_CURVE_WITH_KNOTS ('', 3, (#4595, #4596, #4597, #4598, #4599, #4600, #4601, #4602, #4603, #4604, #4605, #4606, #4607, #4608, #4609, #4610, #4611, #4612, #4613, #4614, #4615, #4616, #4617, #4618, #4619, #4620, #4621, #4622, #4623, #4624, #4625, #4626, #4627, #4628, #4629, #4630, #4631, #4632, #4633, #4634, #4635, #4636, #4637, #4638, #4639, #4640, #4641, #4642, #4643, #4644, #4645, #4646, #4647, #4648, #4649, #4650, #4651, #4652, #4653, #4654, #4655, #4656, #4657, #4658, #4659, #4660, #4661, #4662, #4663, #4664, #4665, #4666, #4667, #4668, #4669, #4670, #4671, #4672, #4673, #4674, #4675, #4676, #4677, #4678, #4679, #4680, #4681, #4682, #4683, #4684, #4685, #4686, #4687, #4688, #4689, #4690, #4691, #4692, #4693, #4694, #4695, #4696, #4697, #4698, #4699, #4700, #4701, #4702, #4703, #4704, #4705, #4706, #4707, #4708, #4709, #4710, #4711, #4712, #4713, #4714, #4715, #4716, #4717, #4718, #4719, #4720, #4721, #4722, #4723, #4724, #4725, #4726, #4727, #4728, #4729, #4730, #4731, #4732, #4733, #4734, #4735, #4736), .UNSPECIFIED., .F., .U., (4, 3, 3, 3, 3, 3, 3, 3, 3, 3, 3, 3, 3, 3, 3, 3, 3, 3, 3, 3, 3, 3, 3, 3, 3, 3, 3, 3, 3, 3, 3, 3, 3, 3, 3, 3, 3, 3, 3, 3, 3, 3, 3, 3, 3, 3, 3, 4), (3.14073994538155, 3.15301967057884, 3.19397926646283, 3.23504992600048, 3.29659883451188, 3.3581545666795, 3.41971000898195, 3.48126249934315, 3.54281787322778, 3.60437204765849, 3.66592643904483, 3.7582577909078, 3.85058998643879, 3.94292100060417, 4.03525353495921, 4.12758407620756, 4.21991576540888, 4.28147091837023, 4.34302463809332, 4.40457942238551, 4.46613544806754, 4.52768756353805, 4.58924626449552, 4.65078697490342, 4.71239790997052, 4.77373981167725, 4.83534483165018, 4.89688650722727, 4.9584445660789, 5.01999817928226, 5.08155136592343, 5.14310729294713, 5.20466094170084, 5.26621617195442, 5.3585467585235, 5.45087916016296, 5.54321016186432, 5.63554210115816, 5.72787444262074, 5.82020435014167, 5.8817597787552, 5.943312734408, 6.00486843848836, 6.06642117281103, 6.12797718514279, 6.18953075977115, 6.25108592401514, 6.28220300714595), .UNSPECIFIED.);
#4738 = EDGE_CURVE ('', #4356, #4363, #4737, .T.);
#4739 = ORIENTED_EDGE ('', *, *, #4738, .T.);
#4740 = CARTESIAN_POINT ('', (12., 98., -3.5));
#4741 = VERTEX_POINT ('', #4740);
#4742 = CARTESIAN_POINT ('', (12., 98., -3.5));
#4743 = CARTESIAN_POINT ('', (12., 98., -4.49999999999999));
#4744 = B_SPLINE_CURVE_WITH_KNOTS ('', 1, (#4742, #4743), .UNSPECIFIED., .F., .U., (2, 2), (0., 0.666666666666661), .UNSPECIFIED.);
#4745 = EDGE_CURVE ('', #4741, #4363, #4744, .T.);
#4746 = ORIENTED_EDGE ('', *, *, #4745, .F.);
#4747 = CARTESIAN_POINT ('', (12., 98., -3.5));
#4748 = CARTESIAN_POINT ('', (12., 99., -3.5));
#4749 = CARTESIAN_POINT ('', (11., 99., -3.5));
#4750 = CARTESIAN_POINT ('', (10., 99., -3.5));
#4751 = CARTESIAN_POINT ('', (10., 98., -3.5));
#4752 = (
   BOUNDED_CURVE ()
   B_SPLINE_CURVE (2, (#4747, #4748, #4749, #4750, #4751), .UNSPECIFIED., .F., .U.)
   B_SPLINE_CURVE_WITH_KNOTS ((3, 2, 3), (0., 0.25, 0.5), .UNSPECIFIED.)
   CURVE ()
   GEOMETRIC_REPRESENTATION_ITEM ()
   RATIONAL_B_SPLINE_CURVE ((1., 0.707106781186548, 1., 0.707106781186548, 1.))
   REPRESENTATION_ITEM ('')
);
#4753 = EDGE_CURVE ('', #4741, #4589, #4752, .T.);
#4754 = ORIENTED_EDGE ('', *, *, #4753, .T.);
#4755 = EDGE_LOOP ('', (#4594, #4739, #4746, #4754));
#4756 = FACE_OUTER_BOUND ('', #4755, .T.);
#4757 = CARTESIAN_POINT ('', (12., 98., -3.5));
#4758 = CARTESIAN_POINT ('', (12., 98., -4.50000384541691));
#4759 = CARTESIAN_POINT ('', (12., 99., -3.5));
#4760 = CARTESIAN_POINT ('', (12., 99., -4.5000038454169));
#4761 = CARTESIAN_POINT ('', (11., 99., -3.5));
#4762 = CARTESIAN_POINT ('', (11., 99., -4.50000384541691));
#4763 = CARTESIAN_POINT ('', (10., 99., -3.5));
#4764 = CARTESIAN_POINT ('', (10., 99., -4.5000038454169));
#4765 = CARTESIAN_POINT ('', (10., 98., -3.5));
#4766 = CARTESIAN_POINT ('', (10., 98., -4.50000384541691));
#4767 = (
   BOUNDED_SURFACE ()
   B_SPLINE_SURFACE (2, 1, ((#4757, #4758), (#4759, #4760), (#4761, #4762), (#4763, #4764), (#4765, #4766)), .UNSPECIFIED., .F., .F., .U.)
   B_SPLINE_SURFACE_WITH_KNOTS ((3, 2, 3), (2, 2), (0., 0.25, 0.5), (0., 0.666669230277937), .UNSPECIFIED.)
   GEOMETRIC_REPRESENTATION_ITEM ()
   RATIONAL_B_SPLINE_SURFACE (((1., 1.), (0.707106781186548, 0.707106781186548), (1., 1.), (0.707106781186548, 0.707106781186548), (1., 1.)))
   REPRESENTATION_ITEM ('')
   SURFACE ()
);
#4768 = ADVANCED_FACE ('', (#4756), #4767, .T.);
#4769 = CARTESIAN_POINT ('', (122.5, 5.5000000000001, -4.5));
#4770 = VERTEX_POINT ('', #4769);
#4771 = CARTESIAN_POINT ('', (122.5, 5.00000000000011, -5.));
#4772 = CARTESIAN_POINT ('', (122.5, 5.5000000000001, -4.5));
#4773 = B_SPLINE_CURVE_WITH_KNOTS ('', 1, (#4771, #4772), .UNSPECIFIED., .F., .U., (2, 2), (0., 1.), .UNSPECIFIED.);
#4774 = EDGE_CURVE ('', #1696, #4770, #4773, .T.);
#4775 = ORIENTED_EDGE ('', *, *, #4774, .T.);
#4776 = CARTESIAN_POINT ('', (122.5, 16.5000000000001, -4.5));
#4777 = VERTEX_POINT ('', #4776);
#4778 = CARTESIAN_POINT ('', (122.5, 5.5000000000001, -4.5));
#4779 = CARTESIAN_POINT ('', (128., 5.50000000000011, -4.5));
#4780 = CARTESIAN_POINT ('', (128., 11.0000000000001, -4.5));
#4781 = CARTESIAN_POINT ('', (128., 16.5000000000001, -4.5));
#4782 = CARTESIAN_POINT ('', (122.5, 16.5000000000001, -4.5));
#4783 = (
   BOUNDED_CURVE ()
   B_SPLINE_CURVE (2, (#4778, #4779, #4780, #4781, #4782), .UNSPECIFIED., .F., .U.)
   B_SPLINE_CURVE_WITH_KNOTS ((3, 2, 3), (0.5, 0.75, 1.), .UNSPECIFIED.)
   CURVE ()
   GEOMETRIC_REPRESENTATION_ITEM ()
   RATIONAL_B_SPLINE_CURVE ((1., 0.707106781186548, 1., 0.707106781186548, 1.))
   REPRESENTATION_ITEM ('')
);
#4784 = EDGE_CURVE ('', #4770, #4777, #4783, .T.);
#4785 = ORIENTED_EDGE ('', *, *, #4784, .T.);
#4786 = CARTESIAN_POINT ('', (122.5, 17.0000000000001, -5.));
#4787 = CARTESIAN_POINT ('', (122.5, 16.5000000000001, -4.5));
#4788 = B_SPLINE_CURVE_WITH_KNOTS ('', 1, (#4786, #4787), .UNSPECIFIED., .F., .U., (2, 2), (0., 1.), .UNSPECIFIED.);
#4789 = EDGE_CURVE ('', #1694, #4777, #4788, .T.);
#4790 = ORIENTED_EDGE ('', *, *, #4789, .F.);
#4791 = ORIENTED_EDGE ('', *, *, #1807, .F.);
#4792 = EDGE_LOOP ('', (#4775, #4785, #4790, #4791));
#4793 = FACE_OUTER_BOUND ('', #4792, .T.);
#4794 = CARTESIAN_POINT ('', (122.5, 5.00000000000011, -5.));
#4795 = CARTESIAN_POINT ('', (122.559134035678, 5.00000000000011, -5.));
#4796 = CARTESIAN_POINT ('', (122.677402107035, 5.00173638427171, -5.));
#4797 = CARTESIAN_POINT ('', (122.917304862008, 5.0124033735862, -5.));
#4798 = CARTESIAN_POINT ('', (123.22129498172, 5.03968006178333, -5.));
#4799 = CARTESIAN_POINT ('', (123.59129076918, 5.09604264639064, -5.));
#4800 = CARTESIAN_POINT ('', (123.964211828399, 5.17715608965812, -5.));
#4801 = CARTESIAN_POINT ('', (124.337742157926, 5.28389778534951, -5.));
#4802 = CARTESIAN_POINT ('', (124.709336122128, 5.41685688374832, -5.));
#4803 = CARTESIAN_POINT ('', (125.076322897788, 5.57629584141038, -5.));
#4804 = CARTESIAN_POINT ('', (125.435942227466, 5.76211917242235, -5.));
#4805 = CARTESIAN_POINT ('', (125.785408543141, 5.9738523812031, -5.));
#4806 = CARTESIAN_POINT ('', (126.121974721837, 6.2106328988945, -5.));
#4807 = CARTESIAN_POINT ('', (126.442999688121, 6.47121443209185, -5.));
#4808 = CARTESIAN_POINT ('', (126.746014716672, 6.75398528332862, -5.));
#4809 = CARTESIAN_POINT ('', (127.028785567908, 7.05700031187865, -5.));
#4810 = CARTESIAN_POINT ('', (127.289367101106, 7.37802527816303, -5.));
#4811 = CARTESIAN_POINT ('', (127.526147618797, 7.71459145685956, -5.));
#4812 = CARTESIAN_POINT ('', (127.737880827578, 8.06405777253432, -5.));
#4813 = CARTESIAN_POINT ('', (127.92370415859, 8.42367710221258, -5.));
#4814 = CARTESIAN_POINT ('', (128.083143116252, 8.79066387787175, -5.));
#4815 = CARTESIAN_POINT ('', (128.216102214651, 9.16225784207368, -5.));
#4816 = CARTESIAN_POINT ('', (128.322843910342, 9.53578817160131, -5.));
#4817 = CARTESIAN_POINT ('', (128.40395735361, 9.90870923082057, -5.));
#4818 = CARTESIAN_POINT ('', (128.460319938217, 10.2787050182799, -5.));
#4819 = CARTESIAN_POINT ('', (128.487596626414, 10.5826951379923, -5.));
#4820 = CARTESIAN_POINT ('', (128.498263615728, 10.8225978929647, -5.));
#4821 = CARTESIAN_POINT ('', (128.500868192136, 11.0000000000001, -5.));
#4822 = CARTESIAN_POINT ('', (128.498263615728, 11.1774021070355, -5.));
#4823 = CARTESIAN_POINT ('', (128.487596626414, 11.4173048620079, -5.));
#4824 = CARTESIAN_POINT ('', (128.460319938217, 11.7212949817203, -5.));
#4825 = CARTESIAN_POINT ('', (128.403957353609, 12.0912907691797, -5.));
#4826 = CARTESIAN_POINT ('', (128.322843910342, 12.4642118283989, -5.));
#4827 = CARTESIAN_POINT ('', (128.216102214651, 12.8377421579265, -5.));
#4828 = CARTESIAN_POINT ('', (128.083143116252, 13.2093361221285, -5.));
#4829 = CARTESIAN_POINT ('', (127.92370415859, 13.5763228977876, -5.));
#4830 = CARTESIAN_POINT ('', (127.737880827578, 13.9359422274659, -5.));
#4831 = CARTESIAN_POINT ('', (127.526147618796, 14.2854085431406, -5.));
#4832 = CARTESIAN_POINT ('', (127.289367101108, 14.6219747218373, -5.));
#4833 = CARTESIAN_POINT ('', (127.0287855679, 14.9429996881211, -5.));
#4834 = CARTESIAN_POINT ('', (126.746014716704, 15.2460147166735, -5.));
#4835 = CARTESIAN_POINT ('', (126.442999688001, 15.5287855679012, -5.));
#4836 = CARTESIAN_POINT ('', (126.121974722285, 15.7893671011325, -5.));
#4837 = CARTESIAN_POINT ('', (125.785408541468, 16.0261476186973, -5.));
#4838 = CARTESIAN_POINT ('', (125.435942233708, 16.2378808279506, -5.));
#4839 = CARTESIAN_POINT ('', (125.076322874492, 16.4237041571991, -5.));
#4840 = CARTESIAN_POINT ('', (124.709336209069, 16.5831431214423, -5.));
#4841 = CARTESIAN_POINT ('', (124.337741833458, 16.7161021952799, -5.));
#4842 = CARTESIAN_POINT ('', (123.96421303933, 16.8228439826348, -5.));
#4843 = CARTESIAN_POINT ('', (123.591286249923, 16.9039570838097, -5.));
#4844 = CARTESIAN_POINT ('', (123.097987047114, 16.979108898895, -5.));
#4845 = CARTESIAN_POINT ('', (122.73567231585, 17.0000178598918, -5.));
#4846 = CARTESIAN_POINT ('', (122.5, 17.0000000000001, -5.));
#4847 = CARTESIAN_POINT ('', (122.5, 5.5000000000001, -4.5));
#4848 = CARTESIAN_POINT ('', (122.554206199372, 5.5000000000001, -4.5));
#4849 = CARTESIAN_POINT ('', (122.662618598116, 5.5015916855824, -4.5));
#4850 = CARTESIAN_POINT ('', (122.882529456841, 5.51136975912068, -4.5));
#4851 = CARTESIAN_POINT ('', (123.161187066577, 5.53637338996805, -4.5));
#4852 = CARTESIAN_POINT ('', (123.500349871748, 5.58803909252475, -4.5));
#4853 = CARTESIAN_POINT ('', (123.842194176032, 5.66239308218661, -4.5));
#4854 = CARTESIAN_POINT ('', (124.184596978099, 5.76023963657039, -4.5));
#4855 = CARTESIAN_POINT ('', (124.525224778618, 5.88211881010263, -4.5));
#4856 = CARTESIAN_POINT ('', (124.861629322972, 6.02827118795951, -4.5));
#4857 = CARTESIAN_POINT ('', (125.191280375177, 6.19860924138716, -4.5));
#4858 = CARTESIAN_POINT ('', (125.511624497879, 6.39269801610284, -4.5));
#4859 = CARTESIAN_POINT ('', (125.820143495017, 6.60974682398663, -4.5));
#4860 = CARTESIAN_POINT ('', (126.114416380778, 6.84861322941753, -4.5));
#4861 = CARTESIAN_POINT ('', (126.392180156949, 7.10781984305124, -4.5));
#4862 = CARTESIAN_POINT ('', (126.651386770583, 7.3855836192221, -4.5));
#4863 = CARTESIAN_POINT ('', (126.890253176013, 7.67985650498278, -4.5));
#4864 = CARTESIAN_POINT ('', (127.107301983897, 7.98837550212126, -4.5));
#4865 = CARTESIAN_POINT ('', (127.301390758613, 8.30871962482313, -4.5));
#4866 = CARTESIAN_POINT ('', (127.471728812041, 8.63837067702821, -4.5));
#4867 = CARTESIAN_POINT ('', (127.617881189897, 8.97477522138244, -4.5));
#4868 = CARTESIAN_POINT ('', (127.73976036343, 9.31540302190088, -4.5));
#4869 = CARTESIAN_POINT ('', (127.837606917814, 9.65780582396787, -4.5));
#4870 = CARTESIAN_POINT ('', (127.911960907475, 9.9996501282522, -4.5));
#4871 = CARTESIAN_POINT ('', (127.963626610032, 10.3388129334232, -4.5));
#4872 = CARTESIAN_POINT ('', (127.988630240879, 10.6174705431596, -4.5));
#4873 = CARTESIAN_POINT ('', (127.998408314418, 10.8373814018843, -4.5));
#4874 = CARTESIAN_POINT ('', (128.000795842791, 11.0000000000001, -4.5));
#4875 = CARTESIAN_POINT ('', (127.998408314418, 11.1626185981159, -4.5));
#4876 = CARTESIAN_POINT ('', (127.988630240879, 11.3825294568406, -4.5));
#4877 = CARTESIAN_POINT ('', (127.963626610032, 11.661187066577, -4.5));
#4878 = CARTESIAN_POINT ('', (127.911960907475, 12.000349871748, -4.5));
#4879 = CARTESIAN_POINT ('', (127.837606917813, 12.3421941760324, -4.5));
#4880 = CARTESIAN_POINT ('', (127.73976036343, 12.6845969780993, -4.5));
#4881 = CARTESIAN_POINT ('', (127.617881189897, 13.0252247786178, -4.5));
#4882 = CARTESIAN_POINT ('', (127.471728812041, 13.361629322972, -4.5));
#4883 = CARTESIAN_POINT ('', (127.301390758613, 13.6912803751771, -4.5));
#4884 = CARTESIAN_POINT ('', (127.107301983897, 14.0116244978789, -4.5));
#4885 = CARTESIAN_POINT ('', (126.890253176016, 14.3201434950176, -4.5));
#4886 = CARTESIAN_POINT ('', (126.651386770575, 14.6144163807776, -4.5));
#4887 = CARTESIAN_POINT ('', (126.392180156978, 14.8921801569507, -4.5));
#4888 = CARTESIAN_POINT ('', (126.114416380668, 15.1513867705761, -4.5));
#4889 = CARTESIAN_POINT ('', (125.820143495428, 15.3902531760381, -4.5));
#4890 = CARTESIAN_POINT ('', (125.511624496346, 15.6073019838058, -4.5));
#4891 = CARTESIAN_POINT ('', (125.191280380899, 15.8013907589547, -4.5));
#4892 = CARTESIAN_POINT ('', (124.861629301617, 15.9717288107658, -4.5));
#4893 = CARTESIAN_POINT ('', (124.525224858314, 16.1178811946554, -4.5));
#4894 = CARTESIAN_POINT ('', (124.18459668067, 16.2397603456733, -4.5));
#4895 = CARTESIAN_POINT ('', (123.842195286053, 16.3376069840819, -4.5));
#4896 = CARTESIAN_POINT ('', (123.500345729096, 16.4119606601589, -4.5));
#4897 = CARTESIAN_POINT ('', (123.048154793188, 16.4808498239871, -4.5));
#4898 = CARTESIAN_POINT ('', (122.716032956196, 16.5000163715675, -4.5));
#4899 = CARTESIAN_POINT ('', (122.5, 16.5000000000001, -4.5));
#4900 = B_SPLINE_SURFACE_WITH_KNOTS ('', 1, 3, ((#4794, #4795, #4796, #4797, #4798, #4799, #4800, #4801, #4802, #4803, #4804, #4805, #4806, #4807, #4808, #4809, #4810, #4811, #4812, #4813, #4814, #4815, #4816, #4817, #4818, #4819, #4820, #4821, #4822, #4823, #4824, #4825, #4826, #4827, #4828, #4829, #4830, #4831, #4832, #4833, #4834, #4835, #4836, #4837, #4838, #4839, #4840, #4841, #4842, #4843, #4844, #4845, #4846), (#4847, #4848, #4849, #4850, #4851, #4852, #4853, #4854, #4855, #4856, #4857, #4858, #4859, #4860, #4861, #4862, #4863, #4864, #4865, #4866, #4867, #4868, #4869, #4870, #4871, #4872, #4873, #4874, #4875, #4876, #4877, #4878, #4879, #4880, #4881, #4882, #4883, #4884, #4885, #4886, #4887, #4888, #4889, #4890, #4891, #4892, #4893, #4894, #4895, #4896, #4897, #4898, #4899)), .UNSPECIFIED., .F., .F., .U., (2, 2), (4, 1, 1, 1, 1, 1, 1, 1, 1, 1, 1, 1, 1, 1, 1, 1, 1, 1, 1, 1, 1, 1, 1, 1, 1, 1, 1, 1, 1, 1, 1, 1, 1, 1, 1, 1, 1, 1, 1, 1, 1, 1, 1, 1, 1, 1, 1, 1, 1, 1, 4), (0., 1.), (0.5, 0.505208333333333, 0.510416666666666, 0.520833333333332, 0.531249999999999, 0.541666666666666, 0.552083333333332, 0.562499999999999, 0.572916666666666, 0.583333333333332, 0.59375, 0.604166666666667, 0.614583333333333, 0.625, 0.635416666666667, 0.645833333333333, 0.65625, 0.666666666666666, 0.677083333333333, 0.6875, 0.697916666666667, 0.708333333333333, 0.71875, 0.729166666666666, 0.739583333333333, 0.744791666666667, 0.75, 0.755208333333333, 0.760416666666667, 0.770833333333333, 0.78125, 0.791666666666667, 0.802083333333334, 0.8125, 0.822916666666667, 0.833333333333334, 0.84375, 0.854166666666667, 0.864583333333333, 0.875, 0.885416666666667, 0.895833333333333, 0.90625, 0.916666666666666, 0.927083333333334, 0.9375, 0.947916666666667, 0.958333333333333, 0.96875, 0.979166666666667, 1.), .UNSPECIFIED.);
#4901 = ADVANCED_FACE ('', (#4793), #4900, .T.);
#4902 = CARTESIAN_POINT ('', (122.5, 16.5000000000001, -4.5));
#4903 = CARTESIAN_POINT ('', (117., 16.5000000000001, -4.5));
#4904 = CARTESIAN_POINT ('', (117., 11.0000000000001, -4.5));
#4905 = CARTESIAN_POINT ('', (117., 5.50000000000009, -4.5));
#4906 = CARTESIAN_POINT ('', (122.5, 5.5000000000001, -4.5));
#4907 = (
   BOUNDED_CURVE ()
   B_SPLINE_CURVE (2, (#4902, #4903, #4904, #4905, #4906), .UNSPECIFIED., .F., .U.)
   B_SPLINE_CURVE_WITH_KNOTS ((3, 2, 3), (0., 0.25, 0.5), .UNSPECIFIED.)
   CURVE ()
   GEOMETRIC_REPRESENTATION_ITEM ()
   RATIONAL_B_SPLINE_CURVE ((1., 0.707106781186548, 1., 0.707106781186548, 1.))
   REPRESENTATION_ITEM ('')
);
#4908 = EDGE_CURVE ('', #4777, #4770, #4907, .T.);
#4909 = ORIENTED_EDGE ('', *, *, #4908, .F.);
#4910 = ORIENTED_EDGE ('', *, *, #4784, .F.);
#4911 = EDGE_LOOP ('', (#4909, #4910));
#4912 = FACE_OUTER_BOUND ('', #4911, .T.);
#4913 = CARTESIAN_POINT ('', (128., 5.5000000000001, -4.5));
#4914 = CARTESIAN_POINT ('', (128., 16.5000000000001, -4.5));
#4915 = CARTESIAN_POINT ('', (117., 5.5000000000001, -4.5));
#4916 = CARTESIAN_POINT ('', (117., 16.5000000000001, -4.5));
#4917 = B_SPLINE_SURFACE_WITH_KNOTS ('', 1, 1, ((#4913, #4914), (#4915, #4916)), .UNSPECIFIED., .F., .F., .U., (2, 2), (2, 2), (0.310610165995492, 0.647327680846228), (0.337681841079454, 0.67439935593019), .UNSPECIFIED.);
#4918 = ADVANCED_FACE ('', (#4912), #4917, .T.);
#4919 = CARTESIAN_POINT ('', (107.5, 82.0000000000001, -4.5));
#4920 = VERTEX_POINT ('', #4919);
#4921 = CARTESIAN_POINT ('', (107.5, 81.5000000000001, -5.));
#4922 = CARTESIAN_POINT ('', (107.5, 82.0000000000001, -4.5));
#4923 = B_SPLINE_CURVE_WITH_KNOTS ('', 1, (#4921, #4922), .UNSPECIFIED., .F., .U., (2, 2), (0., 1.), .UNSPECIFIED.);
#4924 = EDGE_CURVE ('', #1578, #4920, #4923, .T.);
#4925 = ORIENTED_EDGE ('', *, *, #4924, .T.);
#4926 = CARTESIAN_POINT ('', (107.5, 93.0000000000001, -4.5));
#4927 = VERTEX_POINT ('', #4926);
#4928 = CARTESIAN_POINT ('', (107.5, 82.0000000000001, -4.5));
#4929 = CARTESIAN_POINT ('', (113., 82.0000000000001, -4.5));
#4930 = CARTESIAN_POINT ('', (113., 87.5000000000001, -4.5));
#4931 = CARTESIAN_POINT ('', (113., 93.0000000000001, -4.5));
#4932 = CARTESIAN_POINT ('', (107.5, 93.0000000000001, -4.5));
#4933 = (
   BOUNDED_CURVE ()
   B_SPLINE_CURVE (2, (#4928, #4929, #4930, #4931, #4932), .UNSPECIFIED., .F., .U.)
   B_SPLINE_CURVE_WITH_KNOTS ((3, 2, 3), (0.5, 0.75, 1.), .UNSPECIFIED.)
   CURVE ()
   GEOMETRIC_REPRESENTATION_ITEM ()
   RATIONAL_B_SPLINE_CURVE ((1., 0.707106781186548, 1., 0.707106781186548, 1.))
   REPRESENTATION_ITEM ('')
);
#4934 = EDGE_CURVE ('', #4920, #4927, #4933, .T.);
#4935 = ORIENTED_EDGE ('', *, *, #4934, .T.);
#4936 = CARTESIAN_POINT ('', (107.5, 93.5000000000001, -5.));
#4937 = CARTESIAN_POINT ('', (107.5, 93.0000000000001, -4.5));
#4938 = B_SPLINE_CURVE_WITH_KNOTS ('', 1, (#4936, #4937), .UNSPECIFIED., .F., .U., (2, 2), (0., 1.), .UNSPECIFIED.);
#4939 = EDGE_CURVE ('', #1576, #4927, #4938, .T.);
#4940 = ORIENTED_EDGE ('', *, *, #4939, .F.);
#4941 = ORIENTED_EDGE ('', *, *, #1689, .F.);
#4942 = EDGE_LOOP ('', (#4925, #4935, #4940, #4941));
#4943 = FACE_OUTER_BOUND ('', #4942, .T.);
#4944 = CARTESIAN_POINT ('', (107.5, 81.5000000000001, -5.));
#4945 = CARTESIAN_POINT ('', (107.559134035678, 81.5000000000001, -5.));
#4946 = CARTESIAN_POINT ('', (107.677402107035, 81.5017363842717, -5.));
#4947 = CARTESIAN_POINT ('', (107.917304862008, 81.5124033735862, -5.));
#4948 = CARTESIAN_POINT ('', (108.22129498172, 81.5396800617833, -5.));
#4949 = CARTESIAN_POINT ('', (108.59129076918, 81.5960426463907, -5.));
#4950 = CARTESIAN_POINT ('', (108.964211828399, 81.6771560896581, -5.));
#4951 = CARTESIAN_POINT ('', (109.337742157926, 81.7838977853495, -5.));
#4952 = CARTESIAN_POINT ('', (109.709336122128, 81.9168568837483, -5.));
#4953 = CARTESIAN_POINT ('', (110.076322897788, 82.0762958414104, -5.));
#4954 = CARTESIAN_POINT ('', (110.435942227466, 82.2621191724224, -5.));
#4955 = CARTESIAN_POINT ('', (110.785408543141, 82.4738523812031, -5.));
#4956 = CARTESIAN_POINT ('', (111.121974721837, 82.7106328988945, -5.));
#4957 = CARTESIAN_POINT ('', (111.442999688121, 82.9712144320919, -5.));
#4958 = CARTESIAN_POINT ('', (111.746014716671, 83.2539852833285, -5.));
#4959 = CARTESIAN_POINT ('', (112.028785567908, 83.5570003118787, -5.));
#4960 = CARTESIAN_POINT ('', (112.289367101106, 83.878025278163, -5.));
#4961 = CARTESIAN_POINT ('', (112.526147618797, 84.2145914568596, -5.));
#4962 = CARTESIAN_POINT ('', (112.737880827578, 84.5640577725343, -5.));
#4963 = CARTESIAN_POINT ('', (112.92370415859, 84.9236771022126, -5.));
#4964 = CARTESIAN_POINT ('', (113.083143116252, 85.2906638778717, -5.));
#4965 = CARTESIAN_POINT ('', (113.216102214651, 85.6622578420737, -5.));
#4966 = CARTESIAN_POINT ('', (113.322843910342, 86.0357881716013, -5.));
#4967 = CARTESIAN_POINT ('', (113.403957353609, 86.4087092308206, -5.));
#4968 = CARTESIAN_POINT ('', (113.460319938217, 86.7787050182799, -5.));
#4969 = CARTESIAN_POINT ('', (113.487596626414, 87.0826951379923, -5.));
#4970 = CARTESIAN_POINT ('', (113.498263615728, 87.3225978929647, -5.));
#4971 = CARTESIAN_POINT ('', (113.500868192136, 87.5000000000001, -5.));
#4972 = CARTESIAN_POINT ('', (113.498263615728, 87.6774021070355, -5.));
#4973 = CARTESIAN_POINT ('', (113.487596626414, 87.9173048620079, -5.));
#4974 = CARTESIAN_POINT ('', (113.460319938217, 88.2212949817203, -5.));
#4975 = CARTESIAN_POINT ('', (113.40395735361, 88.5912907691797, -5.));
#4976 = CARTESIAN_POINT ('', (113.322843910342, 88.9642118283989, -5.));
#4977 = CARTESIAN_POINT ('', (113.216102214651, 89.3377421579265, -5.));
#4978 = CARTESIAN_POINT ('', (113.083143116252, 89.7093361221284, -5.));
#4979 = CARTESIAN_POINT ('', (112.92370415859, 90.0763228977877, -5.));
#4980 = CARTESIAN_POINT ('', (112.737880827578, 90.4359422274659, -5.));
#4981 = CARTESIAN_POINT ('', (112.526147618796, 90.7854085431407, -5.));
#4982 = CARTESIAN_POINT ('', (112.289367101108, 91.1219747218374, -5.));
#4983 = CARTESIAN_POINT ('', (112.0287855679, 91.442999688121, -5.));
#4984 = CARTESIAN_POINT ('', (111.746014716704, 91.7460147166736, -5.));
#4985 = CARTESIAN_POINT ('', (111.442999688001, 92.0287855679012, -5.));
#4986 = CARTESIAN_POINT ('', (111.121974722285, 92.2893671011325, -5.));
#4987 = CARTESIAN_POINT ('', (110.785408541468, 92.5261476186973, -5.));
#4988 = CARTESIAN_POINT ('', (110.435942233708, 92.7378808279505, -5.));
#4989 = CARTESIAN_POINT ('', (110.076322874492, 92.9237041571991, -5.));
#4990 = CARTESIAN_POINT ('', (109.709336209069, 93.0831431214422, -5.));
#4991 = CARTESIAN_POINT ('', (109.337741833458, 93.2161021952799, -5.));
#4992 = CARTESIAN_POINT ('', (108.96421303933, 93.3228439826347, -5.));
#4993 = CARTESIAN_POINT ('', (108.591286249923, 93.4039570838097, -5.));
#4994 = CARTESIAN_POINT ('', (108.097987047114, 93.479108898895, -5.));
#4995 = CARTESIAN_POINT ('', (107.73567231585, 93.5000178598918, -5.));
#4996 = CARTESIAN_POINT ('', (107.5, 93.5000000000001, -5.));
#4997 = CARTESIAN_POINT ('', (107.5, 82.0000000000001, -4.5));
#4998 = CARTESIAN_POINT ('', (107.554206199372, 82.0000000000001, -4.5));
#4999 = CARTESIAN_POINT ('', (107.662618598116, 82.0015916855825, -4.5));
#5000 = CARTESIAN_POINT ('', (107.88252945684, 82.0113697591207, -4.5));
#5001 = CARTESIAN_POINT ('', (108.161187066577, 82.0363733899681, -4.5));
#5002 = CARTESIAN_POINT ('', (108.500349871748, 82.0880390925248, -4.5));
#5003 = CARTESIAN_POINT ('', (108.842194176032, 82.1623930821867, -4.5));
#5004 = CARTESIAN_POINT ('', (109.184596978099, 82.2602396365704, -4.5));
#5005 = CARTESIAN_POINT ('', (109.525224778618, 82.3821188101027, -4.5));
#5006 = CARTESIAN_POINT ('', (109.861629322972, 82.5282711879595, -4.5));
#5007 = CARTESIAN_POINT ('', (110.191280375177, 82.6986092413872, -4.5));
#5008 = CARTESIAN_POINT ('', (110.511624497879, 82.8926980161029, -4.5));
#5009 = CARTESIAN_POINT ('', (110.820143495017, 83.1097468239867, -4.5));
#5010 = CARTESIAN_POINT ('', (111.114416380778, 83.3486132294176, -4.5));
#5011 = CARTESIAN_POINT ('', (111.392180156949, 83.6078198430512, -4.5));
#5012 = CARTESIAN_POINT ('', (111.651386770583, 83.8855836192221, -4.5));
#5013 = CARTESIAN_POINT ('', (111.890253176013, 84.1798565049828, -4.5));
#5014 = CARTESIAN_POINT ('', (112.107301983897, 84.4883755021213, -4.5));
#5015 = CARTESIAN_POINT ('', (112.301390758613, 84.8087196248232, -4.5));
#5016 = CARTESIAN_POINT ('', (112.471728812041, 85.1383706770282, -4.5));
#5017 = CARTESIAN_POINT ('', (112.617881189897, 85.4747752213825, -4.5));
#5018 = CARTESIAN_POINT ('', (112.73976036343, 85.8154030219009, -4.5));
#5019 = CARTESIAN_POINT ('', (112.837606917814, 86.1578058239679, -4.5));
#5020 = CARTESIAN_POINT ('', (112.911960907475, 86.4996501282522, -4.5));
#5021 = CARTESIAN_POINT ('', (112.963626610032, 86.8388129334233, -4.5));
#5022 = CARTESIAN_POINT ('', (112.988630240879, 87.1174705431596, -4.5));
#5023 = CARTESIAN_POINT ('', (112.998408314418, 87.3373814018843, -4.5));
#5024 = CARTESIAN_POINT ('', (113.000795842791, 87.5000000000001, -4.5));
#5025 = CARTESIAN_POINT ('', (112.998408314418, 87.6626185981159, -4.5));
#5026 = CARTESIAN_POINT ('', (112.988630240879, 87.8825294568406, -4.5));
#5027 = CARTESIAN_POINT ('', (112.963626610032, 88.161187066577, -4.5));
#5028 = CARTESIAN_POINT ('', (112.911960907475, 88.5003498717481, -4.5));
#5029 = CARTESIAN_POINT ('', (112.837606917813, 88.8421941760323, -4.5));
#5030 = CARTESIAN_POINT ('', (112.73976036343, 89.1845969780994, -4.5));
#5031 = CARTESIAN_POINT ('', (112.617881189897, 89.5252247786177, -4.5));
#5032 = CARTESIAN_POINT ('', (112.471728812041, 89.8616293229721, -4.5));
#5033 = CARTESIAN_POINT ('', (112.301390758613, 90.1912803751771, -4.5));
#5034 = CARTESIAN_POINT ('', (112.107301983897, 90.5116244978789, -4.5));
#5035 = CARTESIAN_POINT ('', (111.890253176016, 90.8201434950176, -4.5));
#5036 = CARTESIAN_POINT ('', (111.651386770575, 91.1144163807777, -4.5));
#5037 = CARTESIAN_POINT ('', (111.392180156978, 91.3921801569508, -4.5));
#5038 = CARTESIAN_POINT ('', (111.114416380668, 91.6513867705761, -4.5));
#5039 = CARTESIAN_POINT ('', (110.820143495428, 91.8902531760381, -4.5));
#5040 = CARTESIAN_POINT ('', (110.511624496346, 92.1073019838059, -4.5));
#5041 = CARTESIAN_POINT ('', (110.191280380899, 92.3013907589547, -4.5));
#5042 = CARTESIAN_POINT ('', (109.861629301617, 92.4717288107659, -4.5));
#5043 = CARTESIAN_POINT ('', (109.525224858314, 92.6178811946555, -4.5));
#5044 = CARTESIAN_POINT ('', (109.18459668067, 92.7397603456733, -4.5));
#5045 = CARTESIAN_POINT ('', (108.842195286053, 92.8376069840819, -4.5));
#5046 = CARTESIAN_POINT ('', (108.500345729096, 92.911960660159, -4.5));
#5047 = CARTESIAN_POINT ('', (108.048154793188, 92.9808498239871, -4.5));
#5048 = CARTESIAN_POINT ('', (107.716032956196, 93.0000163715675, -4.5));
#5049 = CARTESIAN_POINT ('', (107.5, 93.0000000000001, -4.5));
#5050 = B_SPLINE_SURFACE_WITH_KNOTS ('', 1, 3, ((#4944, #4945, #4946, #4947, #4948, #4949, #4950, #4951, #4952, #4953, #4954, #4955, #4956, #4957, #4958, #4959, #4960, #4961, #4962, #4963, #4964, #4965, #4966, #4967, #4968, #4969, #4970, #4971, #4972, #4973, #4974, #4975, #4976, #4977, #4978, #4979, #4980, #4981, #4982, #4983, #4984, #4985, #4986, #4987, #4988, #4989, #4990, #4991, #4992, #4993, #4994, #4995, #4996), (#4997, #4998, #4999, #5000, #5001, #5002, #5003, #5004, #5005, #5006, #5007, #5008, #5009, #5010, #5011, #5012, #5013, #5014, #5015, #5016, #5017, #5018, #5019, #5020, #5021, #5022, #5023, #5024, #5025, #5026, #5027, #5028, #5029, #5030, #5031, #5032, #5033, #5034, #5035, #5036, #5037, #5038, #5039, #5040, #5041, #5042, #5043, #5044, #5045, #5046, #5047, #5048, #5049)), .UNSPECIFIED., .F., .F., .U., (2, 2), (4, 1, 1, 1, 1, 1, 1, 1, 1, 1, 1, 1, 1, 1, 1, 1, 1, 1, 1, 1, 1, 1, 1, 1, 1, 1, 1, 1, 1, 1, 1, 1, 1, 1, 1, 1, 1, 1, 1, 1, 1, 1, 1, 1, 1, 1, 1, 1, 1, 1, 4), (0., 1.), (0.5, 0.505208333333334, 0.510416666666668, 0.520833333333334, 0.531250000000001, 0.541666666666668, 0.552083333333333, 0.5625, 0.572916666666667, 0.583333333333333, 0.593750000000001, 0.604166666666667, 0.614583333333334, 0.625000000000001, 0.635416666666667, 0.645833333333333, 0.65625, 0.666666666666667, 0.677083333333334, 0.6875, 0.697916666666666, 0.708333333333334, 0.71875, 0.729166666666667, 0.739583333333333, 0.744791666666666, 0.75, 0.755208333333333, 0.760416666666667, 0.770833333333333, 0.781249999999999, 0.791666666666666, 0.802083333333333, 0.8125, 0.822916666666666, 0.833333333333333, 0.84375, 0.854166666666666, 0.864583333333333, 0.875, 0.885416666666667, 0.895833333333333, 0.906249999999999, 0.916666666666666, 0.927083333333333, 0.9375, 0.947916666666666, 0.958333333333333, 0.96875, 0.979166666666667, 1.), .UNSPECIFIED.);
#5051 = ADVANCED_FACE ('', (#4943), #5050, .T.);
#5052 = CARTESIAN_POINT ('', (107.5, 93.0000000000001, -4.5));
#5053 = CARTESIAN_POINT ('', (102., 93.0000000000002, -4.5));
#5054 = CARTESIAN_POINT ('', (102., 87.5000000000002, -4.5));
#5055 = CARTESIAN_POINT ('', (102., 82.0000000000002, -4.5));
#5056 = CARTESIAN_POINT ('', (107.5, 82.0000000000001, -4.5));
#5057 = (
   BOUNDED_CURVE ()
   B_SPLINE_CURVE (2, (#5052, #5053, #5054, #5055, #5056), .UNSPECIFIED., .F., .U.)
   B_SPLINE_CURVE_WITH_KNOTS ((3, 2, 3), (0., 0.25, 0.5), .UNSPECIFIED.)
   CURVE ()
   GEOMETRIC_REPRESENTATION_ITEM ()
   RATIONAL_B_SPLINE_CURVE ((1., 0.707106781186548, 1., 0.707106781186548, 1.))
   REPRESENTATION_ITEM ('')
);
#5058 = EDGE_CURVE ('', #4927, #4920, #5057, .T.);
#5059 = ORIENTED_EDGE ('', *, *, #5058, .F.);
#5060 = ORIENTED_EDGE ('', *, *, #4934, .F.);
#5061 = EDGE_LOOP ('', (#5059, #5060));
#5062 = FACE_OUTER_BOUND ('', #5061, .T.);
#5063 = CARTESIAN_POINT ('', (113., 82.0000000000001, -4.5));
#5064 = CARTESIAN_POINT ('', (113., 93.0000000000001, -4.5));
#5065 = CARTESIAN_POINT ('', (102., 82.0000000000001, -4.5));
#5066 = CARTESIAN_POINT ('', (102., 93.0000000000001, -4.5));
#5067 = B_SPLINE_SURFACE_WITH_KNOTS ('', 1, 1, ((#5063, #5064), (#5065, #5066)), .UNSPECIFIED., .F., .F., .U., (2, 2), (2, 2), (0.310610165995491, 0.647327680846227), (0.337681841079454, 0.67439935593019), .UNSPECIFIED.);
#5068 = ADVANCED_FACE ('', (#5062), #5067, .T.);
#5069 = CARTESIAN_POINT ('', (17.5, 82.0000000000001, -4.5));
#5070 = VERTEX_POINT ('', #5069);
#5071 = CARTESIAN_POINT ('', (17.5, 81.5000000000001, -5.));
#5072 = CARTESIAN_POINT ('', (17.5, 82.0000000000001, -4.5));
#5073 = B_SPLINE_CURVE_WITH_KNOTS ('', 1, (#5071, #5072), .UNSPECIFIED., .F., .U., (2, 2), (0., 1.), .UNSPECIFIED.);
#5074 = EDGE_CURVE ('', #1460, #5070, #5073, .T.);
#5075 = ORIENTED_EDGE ('', *, *, #5074, .T.);
#5076 = CARTESIAN_POINT ('', (17.5, 93.0000000000001, -4.5));
#5077 = VERTEX_POINT ('', #5076);
#5078 = CARTESIAN_POINT ('', (17.5, 82.0000000000001, -4.5));
#5079 = CARTESIAN_POINT ('', (23., 82.0000000000001, -4.5));
#5080 = CARTESIAN_POINT ('', (23., 87.5000000000001, -4.5));
#5081 = CARTESIAN_POINT ('', (23., 93.0000000000001, -4.5));
#5082 = CARTESIAN_POINT ('', (17.5, 93.0000000000001, -4.5));
#5083 = (
   BOUNDED_CURVE ()
   B_SPLINE_CURVE (2, (#5078, #5079, #5080, #5081, #5082), .UNSPECIFIED., .F., .U.)
   B_SPLINE_CURVE_WITH_KNOTS ((3, 2, 3), (0.5, 0.75, 1.), .UNSPECIFIED.)
   CURVE ()
   GEOMETRIC_REPRESENTATION_ITEM ()
   RATIONAL_B_SPLINE_CURVE ((1., 0.707106781186548, 1., 0.707106781186548, 1.))
   REPRESENTATION_ITEM ('')
);
#5084 = EDGE_CURVE ('', #5070, #5077, #5083, .T.);
#5085 = ORIENTED_EDGE ('', *, *, #5084, .T.);
#5086 = CARTESIAN_POINT ('', (17.5, 93.5000000000001, -5.));
#5087 = CARTESIAN_POINT ('', (17.5, 93.0000000000001, -4.5));
#5088 = B_SPLINE_CURVE_WITH_KNOTS ('', 1, (#5086, #5087), .UNSPECIFIED., .F., .U., (2, 2), (0., 1.), .UNSPECIFIED.);
#5089 = EDGE_CURVE ('', #1458, #5077, #5088, .T.);
#5090 = ORIENTED_EDGE ('', *, *, #5089, .F.);
#5091 = ORIENTED_EDGE ('', *, *, #1571, .F.);
#5092 = EDGE_LOOP ('', (#5075, #5085, #5090, #5091));
#5093 = FACE_OUTER_BOUND ('', #5092, .T.);
#5094 = CARTESIAN_POINT ('', (17.5, 81.5000000000001, -5.));
#5095 = CARTESIAN_POINT ('', (17.5591340356785, 81.5000000000001, -5.));
#5096 = CARTESIAN_POINT ('', (17.6774021070354, 81.5017363842717, -5.));
#5097 = CARTESIAN_POINT ('', (17.9173048620078, 81.5124033735862, -5.));
#5098 = CARTESIAN_POINT ('', (18.2212949817202, 81.5396800617833, -5.));
#5099 = CARTESIAN_POINT ('', (18.5912907691796, 81.5960426463907, -5.));
#5100 = CARTESIAN_POINT ('', (18.9642118283988, 81.6771560896581, -5.));
#5101 = CARTESIAN_POINT ('', (19.3377421579264, 81.7838977853495, -5.));
#5102 = CARTESIAN_POINT ('', (19.7093361221284, 81.9168568837483, -5.));
#5103 = CARTESIAN_POINT ('', (20.0763228977875, 82.0762958414104, -5.));
#5104 = CARTESIAN_POINT ('', (20.4359422274658, 82.2621191724223, -5.));
#5105 = CARTESIAN_POINT ('', (20.7854085431406, 82.4738523812031, -5.));
#5106 = CARTESIAN_POINT ('', (21.1219747218371, 82.7106328988945, -5.));
#5107 = CARTESIAN_POINT ('', (21.4429996881215, 82.9712144320918, -5.));
#5108 = CARTESIAN_POINT ('', (21.7460147166715, 83.2539852833286, -5.));
#5109 = CARTESIAN_POINT ('', (22.0287855679083, 83.5570003118787, -5.));
#5110 = CARTESIAN_POINT ('', (22.2893671011056, 83.878025278163, -5.));
#5111 = CARTESIAN_POINT ('', (22.526147618797, 84.2145914568596, -5.));
#5112 = CARTESIAN_POINT ('', (22.7378808275778, 84.5640577725343, -5.));
#5113 = CARTESIAN_POINT ('', (22.9237041585897, 84.9236771022126, -5.));
#5114 = CARTESIAN_POINT ('', (23.0831431162518, 85.2906638778718, -5.));
#5115 = CARTESIAN_POINT ('', (23.2161022146506, 85.6622578420737, -5.));
#5116 = CARTESIAN_POINT ('', (23.322843910342, 86.0357881716013, -5.));
#5117 = CARTESIAN_POINT ('', (23.4039573536095, 86.4087092308206, -5.));
#5118 = CARTESIAN_POINT ('', (23.4603199382168, 86.7787050182799, -5.));
#5119 = CARTESIAN_POINT ('', (23.4875966264139, 87.0826951379923, -5.));
#5120 = CARTESIAN_POINT ('', (23.4982636157284, 87.3225978929647, -5.));
#5121 = CARTESIAN_POINT ('', (23.5008681921358, 87.5000000000001, -5.));
#5122 = CARTESIAN_POINT ('', (23.4982636157284, 87.6774021070355, -5.));
#5123 = CARTESIAN_POINT ('', (23.4875966264139, 87.9173048620079, -5.));
#5124 = CARTESIAN_POINT ('', (23.4603199382168, 88.2212949817203, -5.));
#5125 = CARTESIAN_POINT ('', (23.4039573536095, 88.5912907691796, -5.));
#5126 = CARTESIAN_POINT ('', (23.322843910342, 88.9642118283989, -5.));
#5127 = CARTESIAN_POINT ('', (23.2161022146506, 89.3377421579265, -5.));
#5128 = CARTESIAN_POINT ('', (23.0831431162518, 89.7093361221284, -5.));
#5129 = CARTESIAN_POINT ('', (22.9237041585897, 90.0763228977876, -5.));
#5130 = CARTESIAN_POINT ('', (22.7378808275779, 90.4359422274659, -5.));
#5131 = CARTESIAN_POINT ('', (22.5261476187964, 90.7854085431406, -5.));
#5132 = CARTESIAN_POINT ('', (22.2893671011079, 91.1219747218374, -5.));
#5133 = CARTESIAN_POINT ('', (22.0287855678997, 91.442999688121, -5.));
#5134 = CARTESIAN_POINT ('', (21.7460147167037, 91.7460147166736, -5.));
#5135 = CARTESIAN_POINT ('', (21.4429996880014, 92.0287855679012, -5.));
#5136 = CARTESIAN_POINT ('', (21.1219747222852, 92.2893671011325, -5.));
#5137 = CARTESIAN_POINT ('', (20.785408541468, 92.5261476186972, -5.));
#5138 = CARTESIAN_POINT ('', (20.4359422337079, 92.7378808279505, -5.));
#5139 = CARTESIAN_POINT ('', (20.0763228744918, 92.9237041571991, -5.));
#5140 = CARTESIAN_POINT ('', (19.7093362090693, 93.0831431214423, -5.));
#5141 = CARTESIAN_POINT ('', (19.3377418334584, 93.2161021952799, -5.));
#5142 = CARTESIAN_POINT ('', (18.96421303933, 93.3228439826348, -5.));
#5143 = CARTESIAN_POINT ('', (18.5912862499227, 93.4039570838098, -5.));
#5144 = CARTESIAN_POINT ('', (18.0979870471141, 93.479108898895, -5.));
#5145 = CARTESIAN_POINT ('', (17.73567231585, 93.5000178598918, -5.));
#5146 = CARTESIAN_POINT ('', (17.5, 93.5000000000001, -5.));
#5147 = CARTESIAN_POINT ('', (17.5, 82.0000000000001, -4.5));
#5148 = CARTESIAN_POINT ('', (17.5542061993719, 82.0000000000001, -4.5));
#5149 = CARTESIAN_POINT ('', (17.6626185981157, 82.0015916855824, -4.5));
#5150 = CARTESIAN_POINT ('', (17.8825294568405, 82.0113697591207, -4.5));
#5151 = CARTESIAN_POINT ('', (18.1611870665768, 82.036373389968, -4.5));
#5152 = CARTESIAN_POINT ('', (18.5003498717479, 82.0880390925248, -4.5));
#5153 = CARTESIAN_POINT ('', (18.8421941760322, 82.1623930821866, -4.5));
#5154 = CARTESIAN_POINT ('', (19.1845969780992, 82.2602396365704, -4.5));
#5155 = CARTESIAN_POINT ('', (19.5252247786176, 82.3821188101026, -4.5));
#5156 = CARTESIAN_POINT ('', (19.8616293229719, 82.5282711879595, -4.5));
#5157 = CARTESIAN_POINT ('', (20.191280375177, 82.6986092413871, -4.5));
#5158 = CARTESIAN_POINT ('', (20.5116244978788, 82.8926980161029, -4.5));
#5159 = CARTESIAN_POINT ('', (20.8201434950173, 83.1097468239866, -4.5));
#5160 = CARTESIAN_POINT ('', (21.114416380778, 83.3486132294175, -4.5));
#5161 = CARTESIAN_POINT ('', (21.3921801569489, 83.6078198430512, -4.5));
#5162 = CARTESIAN_POINT ('', (21.6513867705826, 83.8855836192221, -4.5));
#5163 = CARTESIAN_POINT ('', (21.8902531760135, 84.1798565049828, -4.5));
#5164 = CARTESIAN_POINT ('', (22.1073019838972, 84.4883755021212, -4.5));
#5165 = CARTESIAN_POINT ('', (22.301390758613, 84.8087196248232, -4.5));
#5166 = CARTESIAN_POINT ('', (22.4717288120406, 85.1383706770282, -4.5));
#5167 = CARTESIAN_POINT ('', (22.6178811898975, 85.4747752213825, -4.5));
#5168 = CARTESIAN_POINT ('', (22.7397603634297, 85.8154030219009, -4.5));
#5169 = CARTESIAN_POINT ('', (22.8376069178135, 86.1578058239679, -4.5));
#5170 = CARTESIAN_POINT ('', (22.9119609074753, 86.4996501282522, -4.5));
#5171 = CARTESIAN_POINT ('', (22.963626610032, 86.8388129334232, -4.5));
#5172 = CARTESIAN_POINT ('', (22.9886302408794, 87.1174705431597, -4.5));
#5173 = CARTESIAN_POINT ('', (22.9984083144177, 87.3373814018843, -4.5));
#5174 = CARTESIAN_POINT ('', (23.0007958427911, 87.5000000000001, -4.5));
#5175 = CARTESIAN_POINT ('', (22.9984083144177, 87.6626185981159, -4.5));
#5176 = CARTESIAN_POINT ('', (22.9886302408794, 87.8825294568406, -4.5));
#5177 = CARTESIAN_POINT ('', (22.9636266100321, 88.161187066577, -4.5));
#5178 = CARTESIAN_POINT ('', (22.9119609074753, 88.500349871748, -4.5));
#5179 = CARTESIAN_POINT ('', (22.8376069178135, 88.8421941760324, -4.5));
#5180 = CARTESIAN_POINT ('', (22.7397603634297, 89.1845969780993, -4.5));
#5181 = CARTESIAN_POINT ('', (22.6178811898975, 89.5252247786178, -4.5));
#5182 = CARTESIAN_POINT ('', (22.4717288120405, 89.8616293229721, -4.5));
#5183 = CARTESIAN_POINT ('', (22.3013907586131, 90.1912803751771, -4.5));
#5184 = CARTESIAN_POINT ('', (22.1073019838967, 90.5116244978789, -4.5));
#5185 = CARTESIAN_POINT ('', (21.8902531760156, 90.8201434950176, -4.5));
#5186 = CARTESIAN_POINT ('', (21.6513867705747, 91.1144163807776, -4.5));
#5187 = CARTESIAN_POINT ('', (21.3921801569784, 91.3921801569507, -4.5));
#5188 = CARTESIAN_POINT ('', (21.1144163806679, 91.6513867705761, -4.5));
#5189 = CARTESIAN_POINT ('', (20.8201434954281, 91.8902531760381, -4.5));
#5190 = CARTESIAN_POINT ('', (20.5116244963457, 92.1073019838059, -4.5));
#5191 = CARTESIAN_POINT ('', (20.1912803808989, 92.3013907589546, -4.5));
#5192 = CARTESIAN_POINT ('', (19.8616293016175, 92.4717288107658, -4.5));
#5193 = CARTESIAN_POINT ('', (19.5252248583135, 92.6178811946554, -4.5));
#5194 = CARTESIAN_POINT ('', (19.1845966806702, 92.7397603456733, -4.5));
#5195 = CARTESIAN_POINT ('', (18.8421952860525, 92.8376069840819, -4.5));
#5196 = CARTESIAN_POINT ('', (18.5003457290958, 92.911960660159, -4.5));
#5197 = CARTESIAN_POINT ('', (18.0481547931879, 92.9808498239871, -4.5));
#5198 = CARTESIAN_POINT ('', (17.7160329561959, 93.0000163715675, -4.5));
#5199 = CARTESIAN_POINT ('', (17.5, 93.0000000000001, -4.5));
#5200 = B_SPLINE_SURFACE_WITH_KNOTS ('', 1, 3, ((#5094, #5095, #5096, #5097, #5098, #5099, #5100, #5101, #5102, #5103, #5104, #5105, #5106, #5107, #5108, #5109, #5110, #5111, #5112, #5113, #5114, #5115, #5116, #5117, #5118, #5119, #5120, #5121, #5122, #5123, #5124, #5125, #5126, #5127, #5128, #5129, #5130, #5131, #5132, #5133, #5134, #5135, #5136, #5137, #5138, #5139, #5140, #5141, #5142, #5143, #5144, #5145, #5146), (#5147, #5148, #5149, #5150, #5151, #5152, #5153, #5154, #5155, #5156, #5157, #5158, #5159, #5160, #5161, #5162, #5163, #5164, #5165, #5166, #5167, #5168, #5169, #5170, #5171, #5172, #5173, #5174, #5175, #5176, #5177, #5178, #5179, #5180, #5181, #5182, #5183, #5184, #5185, #5186, #5187, #5188, #5189, #5190, #5191, #5192, #5193, #5194, #5195, #5196, #5197, #5198, #5199)), .UNSPECIFIED., .F., .F., .U., (2, 2), (4, 1, 1, 1, 1, 1, 1, 1, 1, 1, 1, 1, 1, 1, 1, 1, 1, 1, 1, 1, 1, 1, 1, 1, 1, 1, 1, 1, 1, 1, 1, 1, 1, 1, 1, 1, 1, 1, 1, 1, 1, 1, 1, 1, 1, 1, 1, 1, 1, 1, 4), (0., 1.), (0.5, 0.505208333333334, 0.510416666666666, 0.520833333333334, 0.53125, 0.541666666666667, 0.552083333333333, 0.5625, 0.572916666666667, 0.583333333333333, 0.59375, 0.604166666666667, 0.614583333333334, 0.625, 0.635416666666667, 0.645833333333333, 0.65625, 0.666666666666667, 0.677083333333334, 0.6875, 0.697916666666666, 0.708333333333334, 0.71875, 0.729166666666667, 0.739583333333333, 0.744791666666667, 0.75, 0.755208333333333, 0.760416666666667, 0.770833333333333, 0.78125, 0.791666666666666, 0.802083333333333, 0.8125, 0.822916666666667, 0.833333333333333, 0.84375, 0.854166666666667, 0.864583333333333, 0.875, 0.885416666666667, 0.895833333333333, 0.90625, 0.916666666666666, 0.927083333333333, 0.9375, 0.947916666666667, 0.958333333333333, 0.96875, 0.979166666666667, 1.), .UNSPECIFIED.);
#5201 = ADVANCED_FACE ('', (#5093), #5200, .T.);
#5202 = CARTESIAN_POINT ('', (17.5, 93.0000000000001, -4.5));
#5203 = CARTESIAN_POINT ('', (12., 93.0000000000001, -4.5));
#5204 = CARTESIAN_POINT ('', (12., 87.5000000000001, -4.5));
#5205 = CARTESIAN_POINT ('', (12., 82.0000000000001, -4.5));
#5206 = CARTESIAN_POINT ('', (17.5, 82.0000000000001, -4.5));
#5207 = (
   BOUNDED_CURVE ()
   B_SPLINE_CURVE (2, (#5202, #5203, #5204, #5205, #5206), .UNSPECIFIED., .F., .U.)
   B_SPLINE_CURVE_WITH_KNOTS ((3, 2, 3), (0., 0.25, 0.5), .UNSPECIFIED.)
   CURVE ()
   GEOMETRIC_REPRESENTATION_ITEM ()
   RATIONAL_B_SPLINE_CURVE ((1., 0.707106781186548, 1., 0.707106781186548, 1.))
   REPRESENTATION_ITEM ('')
);
#5208 = EDGE_CURVE ('', #5077, #5070, #5207, .T.);
#5209 = ORIENTED_EDGE ('', *, *, #5208, .F.);
#5210 = ORIENTED_EDGE ('', *, *, #5084, .F.);
#5211 = EDGE_LOOP ('', (#5209, #5210));
#5212 = FACE_OUTER_BOUND ('', #5211, .T.);
#5213 = CARTESIAN_POINT ('', (23., 82.0000000000001, -4.5));
#5214 = CARTESIAN_POINT ('', (23., 93.0000000000001, -4.5));
#5215 = CARTESIAN_POINT ('', (12., 82.0000000000001, -4.5));
#5216 = CARTESIAN_POINT ('', (12., 93.0000000000001, -4.5));
#5217 = B_SPLINE_SURFACE_WITH_KNOTS ('', 1, 1, ((#5213, #5214), (#5215, #5216)), .UNSPECIFIED., .F., .F., .U., (2, 2), (2, 2), (0.310610165995491, 0.647327680846227), (0.337681841079454, 0.67439935593019), .UNSPECIFIED.);
#5218 = ADVANCED_FACE ('', (#5212), #5217, .T.);
#5219 = CARTESIAN_POINT ('', (17.5, 5.50000000000011, -4.5));
#5220 = VERTEX_POINT ('', #5219);
#5221 = CARTESIAN_POINT ('', (17.5, 5.00000000000011, -5.));
#5222 = CARTESIAN_POINT ('', (17.5, 5.50000000000011, -4.5));
#5223 = B_SPLINE_CURVE_WITH_KNOTS ('', 1, (#5221, #5222), .UNSPECIFIED., .F., .U., (2, 2), (0., 1.), .UNSPECIFIED.);
#5224 = EDGE_CURVE ('', #1342, #5220, #5223, .T.);
#5225 = ORIENTED_EDGE ('', *, *, #5224, .T.);
#5226 = CARTESIAN_POINT ('', (17.5, 16.5000000000001, -4.5));
#5227 = VERTEX_POINT ('', #5226);
#5228 = CARTESIAN_POINT ('', (17.5, 5.50000000000011, -4.5));
#5229 = CARTESIAN_POINT ('', (23., 5.50000000000011, -4.5));
#5230 = CARTESIAN_POINT ('', (23., 11.0000000000001, -4.5));
#5231 = CARTESIAN_POINT ('', (23., 16.5000000000001, -4.5));
#5232 = CARTESIAN_POINT ('', (17.5, 16.5000000000001, -4.5));
#5233 = (
   BOUNDED_CURVE ()
   B_SPLINE_CURVE (2, (#5228, #5229, #5230, #5231, #5232), .UNSPECIFIED., .F., .U.)
   B_SPLINE_CURVE_WITH_KNOTS ((3, 2, 3), (0.5, 0.75, 1.), .UNSPECIFIED.)
   CURVE ()
   GEOMETRIC_REPRESENTATION_ITEM ()
   RATIONAL_B_SPLINE_CURVE ((1., 0.707106781186548, 1., 0.707106781186548, 1.))
   REPRESENTATION_ITEM ('')
);
#5234 = EDGE_CURVE ('', #5220, #5227, #5233, .T.);
#5235 = ORIENTED_EDGE ('', *, *, #5234, .T.);
#5236 = CARTESIAN_POINT ('', (17.5, 17.0000000000001, -5.));
#5237 = CARTESIAN_POINT ('', (17.5, 16.5000000000001, -4.5));
#5238 = B_SPLINE_CURVE_WITH_KNOTS ('', 1, (#5236, #5237), .UNSPECIFIED., .F., .U., (2, 2), (0., 1.), .UNSPECIFIED.);
#5239 = EDGE_CURVE ('', #1340, #5227, #5238, .T.);
#5240 = ORIENTED_EDGE ('', *, *, #5239, .F.);
#5241 = ORIENTED_EDGE ('', *, *, #1453, .F.);
#5242 = EDGE_LOOP ('', (#5225, #5235, #5240, #5241));
#5243 = FACE_OUTER_BOUND ('', #5242, .T.);
#5244 = CARTESIAN_POINT ('', (17.5, 5.00000000000011, -5.));
#5245 = CARTESIAN_POINT ('', (17.5591340356785, 5.00000000000011, -5.));
#5246 = CARTESIAN_POINT ('', (17.6774021070354, 5.00173638427171, -5.));
#5247 = CARTESIAN_POINT ('', (17.9173048620078, 5.0124033735862, -5.));
#5248 = CARTESIAN_POINT ('', (18.2212949817202, 5.03968006178333, -5.));
#5249 = CARTESIAN_POINT ('', (18.5912907691795, 5.09604264639064, -5.));
#5250 = CARTESIAN_POINT ('', (18.9642118283988, 5.17715608965812, -5.));
#5251 = CARTESIAN_POINT ('', (19.3377421579264, 5.28389778534951, -5.));
#5252 = CARTESIAN_POINT ('', (19.7093361221284, 5.41685688374832, -5.));
#5253 = CARTESIAN_POINT ('', (20.0763228977875, 5.57629584141038, -5.));
#5254 = CARTESIAN_POINT ('', (20.4359422274658, 5.76211917242235, -5.));
#5255 = CARTESIAN_POINT ('', (20.7854085431406, 5.97385238120309, -5.));
#5256 = CARTESIAN_POINT ('', (21.1219747218371, 6.21063289889451, -5.));
#5257 = CARTESIAN_POINT ('', (21.4429996881215, 6.47121443209183, -5.));
#5258 = CARTESIAN_POINT ('', (21.7460147166715, 6.75398528332862, -5.));
#5259 = CARTESIAN_POINT ('', (22.0287855679083, 7.05700031187865, -5.));
#5260 = CARTESIAN_POINT ('', (22.2893671011056, 7.37802527816303, -5.));
#5261 = CARTESIAN_POINT ('', (22.526147618797, 7.71459145685955, -5.));
#5262 = CARTESIAN_POINT ('', (22.7378808275778, 8.06405777253432, -5.));
#5263 = CARTESIAN_POINT ('', (22.9237041585897, 8.42367710221257, -5.));
#5264 = CARTESIAN_POINT ('', (23.0831431162518, 8.79066387787175, -5.));
#5265 = CARTESIAN_POINT ('', (23.2161022146506, 9.16225784207367, -5.));
#5266 = CARTESIAN_POINT ('', (23.322843910342, 9.53578817160131, -5.));
#5267 = CARTESIAN_POINT ('', (23.4039573536095, 9.90870923082057, -5.));
#5268 = CARTESIAN_POINT ('', (23.4603199382168, 10.2787050182799, -5.));
#5269 = CARTESIAN_POINT ('', (23.4875966264139, 10.5826951379923, -5.));
#5270 = CARTESIAN_POINT ('', (23.4982636157284, 10.8225978929647, -5.));
#5271 = CARTESIAN_POINT ('', (23.5008681921358, 11.0000000000001, -5.));
#5272 = CARTESIAN_POINT ('', (23.4982636157284, 11.1774021070355, -5.));
#5273 = CARTESIAN_POINT ('', (23.4875966264139, 11.4173048620079, -5.));
#5274 = CARTESIAN_POINT ('', (23.4603199382168, 11.7212949817203, -5.));
#5275 = CARTESIAN_POINT ('', (23.4039573536095, 12.0912907691797, -5.));
#5276 = CARTESIAN_POINT ('', (23.322843910342, 12.4642118283989, -5.));
#5277 = CARTESIAN_POINT ('', (23.2161022146506, 12.8377421579266, -5.));
#5278 = CARTESIAN_POINT ('', (23.0831431162518, 13.2093361221285, -5.));
#5279 = CARTESIAN_POINT ('', (22.9237041585897, 13.5763228977877, -5.));
#5280 = CARTESIAN_POINT ('', (22.7378808275779, 13.9359422274659, -5.));
#5281 = CARTESIAN_POINT ('', (22.5261476187964, 14.2854085431406, -5.));
#5282 = CARTESIAN_POINT ('', (22.2893671011079, 14.6219747218373, -5.));
#5283 = CARTESIAN_POINT ('', (22.0287855678997, 14.9429996881211, -5.));
#5284 = CARTESIAN_POINT ('', (21.7460147167037, 15.2460147166735, -5.));
#5285 = CARTESIAN_POINT ('', (21.4429996880014, 15.5287855679012, -5.));
#5286 = CARTESIAN_POINT ('', (21.1219747222852, 15.7893671011325, -5.));
#5287 = CARTESIAN_POINT ('', (20.785408541468, 16.0261476186973, -5.));
#5288 = CARTESIAN_POINT ('', (20.4359422337079, 16.2378808279505, -5.));
#5289 = CARTESIAN_POINT ('', (20.0763228744918, 16.4237041571991, -5.));
#5290 = CARTESIAN_POINT ('', (19.7093362090693, 16.5831431214423, -5.));
#5291 = CARTESIAN_POINT ('', (19.3377418334584, 16.71610219528, -5.));
#5292 = CARTESIAN_POINT ('', (18.96421303933, 16.8228439826348, -5.));
#5293 = CARTESIAN_POINT ('', (18.5912862499227, 16.9039570838097, -5.));
#5294 = CARTESIAN_POINT ('', (18.0979870471141, 16.979108898895, -5.));
#5295 = CARTESIAN_POINT ('', (17.73567231585, 17.0000178598918, -5.));
#5296 = CARTESIAN_POINT ('', (17.5, 17.0000000000001, -5.));
#5297 = CARTESIAN_POINT ('', (17.5, 5.50000000000011, -4.5));
#5298 = CARTESIAN_POINT ('', (17.5542061993719, 5.50000000000011, -4.5));
#5299 = CARTESIAN_POINT ('', (17.6626185981158, 5.50159168558241, -4.5));
#5300 = CARTESIAN_POINT ('', (17.8825294568405, 5.51136975912069, -4.5));
#5301 = CARTESIAN_POINT ('', (18.1611870665769, 5.53637338996806, -4.5));
#5302 = CARTESIAN_POINT ('', (18.5003498717479, 5.58803909252476, -4.5));
#5303 = CARTESIAN_POINT ('', (18.8421941760322, 5.66239308218662, -4.5));
#5304 = CARTESIAN_POINT ('', (19.1845969780992, 5.7602396365704, -4.5));
#5305 = CARTESIAN_POINT ('', (19.5252247786176, 5.88211881010263, -4.5));
#5306 = CARTESIAN_POINT ('', (19.8616293229719, 6.02827118795952, -4.5));
#5307 = CARTESIAN_POINT ('', (20.191280375177, 6.19860924138716, -4.5));
#5308 = CARTESIAN_POINT ('', (20.5116244978788, 6.39269801610284, -4.5));
#5309 = CARTESIAN_POINT ('', (20.8201434950173, 6.60974682398664, -4.5));
#5310 = CARTESIAN_POINT ('', (21.114416380778, 6.84861322941752, -4.5));
#5311 = CARTESIAN_POINT ('', (21.3921801569489, 7.10781984305124, -4.5));
#5312 = CARTESIAN_POINT ('', (21.6513867705826, 7.3855836192221, -4.5));
#5313 = CARTESIAN_POINT ('', (21.8902531760135, 7.67985650498278, -4.5));
#5314 = CARTESIAN_POINT ('', (22.1073019838973, 7.98837550212126, -4.5));
#5315 = CARTESIAN_POINT ('', (22.3013907586129, 8.30871962482313, -4.5));
#5316 = CARTESIAN_POINT ('', (22.4717288120406, 8.6383706770282, -4.5));
#5317 = CARTESIAN_POINT ('', (22.6178811898975, 8.97477522138244, -4.5));
#5318 = CARTESIAN_POINT ('', (22.7397603634297, 9.31540302190086, -4.5));
#5319 = CARTESIAN_POINT ('', (22.8376069178135, 9.65780582396787, -4.5));
#5320 = CARTESIAN_POINT ('', (22.9119609074753, 9.99965012825219, -4.5));
#5321 = CARTESIAN_POINT ('', (22.9636266100321, 10.3388129334232, -4.5));
#5322 = CARTESIAN_POINT ('', (22.9886302408794, 10.6174705431596, -4.5));
#5323 = CARTESIAN_POINT ('', (22.9984083144177, 10.8373814018843, -4.5));
#5324 = CARTESIAN_POINT ('', (23.0007958427911, 11.0000000000001, -4.5));
#5325 = CARTESIAN_POINT ('', (22.9984083144177, 11.1626185981159, -4.5));
#5326 = CARTESIAN_POINT ('', (22.9886302408794, 11.3825294568406, -4.5));
#5327 = CARTESIAN_POINT ('', (22.9636266100321, 11.661187066577, -4.5));
#5328 = CARTESIAN_POINT ('', (22.9119609074753, 12.000349871748, -4.5));
#5329 = CARTESIAN_POINT ('', (22.8376069178135, 12.3421941760323, -4.5));
#5330 = CARTESIAN_POINT ('', (22.7397603634297, 12.6845969780993, -4.5));
#5331 = CARTESIAN_POINT ('', (22.6178811898975, 13.0252247786178, -4.5));
#5332 = CARTESIAN_POINT ('', (22.4717288120405, 13.361629322972, -4.5));
#5333 = CARTESIAN_POINT ('', (22.3013907586131, 13.6912803751771, -4.5));
#5334 = CARTESIAN_POINT ('', (22.1073019838967, 14.0116244978789, -4.5));
#5335 = CARTESIAN_POINT ('', (21.8902531760156, 14.3201434950176, -4.5));
#5336 = CARTESIAN_POINT ('', (21.6513867705747, 14.6144163807776, -4.5));
#5337 = CARTESIAN_POINT ('', (21.3921801569784, 14.8921801569507, -4.5));
#5338 = CARTESIAN_POINT ('', (21.1144163806679, 15.1513867705761, -4.5));
#5339 = CARTESIAN_POINT ('', (20.8201434954281, 15.3902531760381, -4.5));
#5340 = CARTESIAN_POINT ('', (20.5116244963457, 15.6073019838058, -4.5));
#5341 = CARTESIAN_POINT ('', (20.1912803808989, 15.8013907589547, -4.5));
#5342 = CARTESIAN_POINT ('', (19.8616293016175, 15.9717288107658, -4.5));
#5343 = CARTESIAN_POINT ('', (19.5252248583135, 16.1178811946554, -4.5));
#5344 = CARTESIAN_POINT ('', (19.1845966806702, 16.2397603456733, -4.5));
#5345 = CARTESIAN_POINT ('', (18.8421952860525, 16.3376069840819, -4.5));
#5346 = CARTESIAN_POINT ('', (18.5003457290958, 16.4119606601589, -4.5));
#5347 = CARTESIAN_POINT ('', (18.0481547931879, 16.4808498239871, -4.5));
#5348 = CARTESIAN_POINT ('', (17.7160329561959, 16.5000163715675, -4.5));
#5349 = CARTESIAN_POINT ('', (17.5, 16.5000000000001, -4.5));
#5350 = B_SPLINE_SURFACE_WITH_KNOTS ('', 1, 3, ((#5244, #5245, #5246, #5247, #5248, #5249, #5250, #5251, #5252, #5253, #5254, #5255, #5256, #5257, #5258, #5259, #5260, #5261, #5262, #5263, #5264, #5265, #5266, #5267, #5268, #5269, #5270, #5271, #5272, #5273, #5274, #5275, #5276, #5277, #5278, #5279, #5280, #5281, #5282, #5283, #5284, #5285, #5286, #5287, #5288, #5289, #5290, #5291, #5292, #5293, #5294, #5295, #5296), (#5297, #5298, #5299, #5300, #5301, #5302, #5303, #5304, #5305, #5306, #5307, #5308, #5309, #5310, #5311, #5312, #5313, #5314, #5315, #5316, #5317, #5318, #5319, #5320, #5321, #5322, #5323, #5324, #5325, #5326, #5327, #5328, #5329, #5330, #5331, #5332, #5333, #5334, #5335, #5336, #5337, #5338, #5339, #5340, #5341, #5342, #5343, #5344, #5345, #5346, #5347, #5348, #5349)), .UNSPECIFIED., .F., .F., .U., (2, 2), (4, 1, 1, 1, 1, 1, 1, 1, 1, 1, 1, 1, 1, 1, 1, 1, 1, 1, 1, 1, 1, 1, 1, 1, 1, 1, 1, 1, 1, 1, 1, 1, 1, 1, 1, 1, 1, 1, 1, 1, 1, 1, 1, 1, 1, 1, 1, 1, 1, 1, 4), (0., 1.), (0.5, 0.505208333333334, 0.510416666666667, 0.520833333333334, 0.53125, 0.541666666666667, 0.552083333333333, 0.5625, 0.572916666666667, 0.583333333333333, 0.59375, 0.604166666666667, 0.614583333333334, 0.625, 0.635416666666667, 0.645833333333333, 0.65625, 0.666666666666667, 0.677083333333333, 0.6875, 0.697916666666667, 0.708333333333333, 0.71875, 0.729166666666667, 0.739583333333333, 0.744791666666667, 0.75, 0.755208333333333, 0.760416666666667, 0.770833333333333, 0.78125, 0.791666666666667, 0.802083333333333, 0.8125, 0.822916666666667, 0.833333333333333, 0.84375, 0.854166666666667, 0.864583333333333, 0.875, 0.885416666666667, 0.895833333333333, 0.90625, 0.916666666666666, 0.927083333333333, 0.9375, 0.947916666666667, 0.958333333333333, 0.96875, 0.979166666666667, 1.), .UNSPECIFIED.);
#5351 = ADVANCED_FACE ('', (#5243), #5350, .T.);
#5352 = CARTESIAN_POINT ('', (17.5, 16.5000000000001, -4.5));
#5353 = CARTESIAN_POINT ('', (12., 16.5000000000001, -4.5));
#5354 = CARTESIAN_POINT ('', (12., 11.0000000000001, -4.5));
#5355 = CARTESIAN_POINT ('', (12., 5.50000000000012, -4.5));
#5356 = CARTESIAN_POINT ('', (17.5, 5.50000000000011, -4.5));
#5357 = (
   BOUNDED_CURVE ()
   B_SPLINE_CURVE (2, (#5352, #5353, #5354, #5355, #5356), .UNSPECIFIED., .F., .U.)
   B_SPLINE_CURVE_WITH_KNOTS ((3, 2, 3), (0., 0.25, 0.5), .UNSPECIFIED.)
   CURVE ()
   GEOMETRIC_REPRESENTATION_ITEM ()
   RATIONAL_B_SPLINE_CURVE ((1., 0.707106781186548, 1., 0.707106781186548, 1.))
   REPRESENTATION_ITEM ('')
);
#5358 = EDGE_CURVE ('', #5227, #5220, #5357, .T.);
#5359 = ORIENTED_EDGE ('', *, *, #5358, .F.);
#5360 = ORIENTED_EDGE ('', *, *, #5234, .F.);
#5361 = EDGE_LOOP ('', (#5359, #5360));
#5362 = FACE_OUTER_BOUND ('', #5361, .T.);
#5363 = CARTESIAN_POINT ('', (23., 5.50000000000011, -4.5));
#5364 = CARTESIAN_POINT ('', (23., 16.5000000000001, -4.5));
#5365 = CARTESIAN_POINT ('', (12., 5.50000000000011, -4.5));
#5366 = CARTESIAN_POINT ('', (12., 16.5000000000001, -4.5));
#5367 = B_SPLINE_SURFACE_WITH_KNOTS ('', 1, 1, ((#5363, #5364), (#5365, #5366)), .UNSPECIFIED., .F., .F., .U., (2, 2), (2, 2), (0.310610165995491, 0.647327680846227), (0.337681841079454, 0.67439935593019), .UNSPECIFIED.);
#5368 = ADVANCED_FACE ('', (#5362), #5367, .T.);
#5369 = CARTESIAN_POINT ('', (100., 68.7500000000001, -3.5));
#5370 = VERTEX_POINT ('', #5369);
#5371 = CARTESIAN_POINT ('', (100., 68.7500000000001, -5.));
#5372 = CARTESIAN_POINT ('', (100., 68.7500000000001, -3.5));
#5373 = B_SPLINE_CURVE_WITH_KNOTS ('', 1, (#5371, #5372), .UNSPECIFIED., .F., .U., (2, 2), (0.0833333333333338, 0.916666666666667), .UNSPECIFIED.);
#5374 = EDGE_CURVE ('', #1320, #5370, #5373, .T.);
#5375 = ORIENTED_EDGE ('', *, *, #5374, .T.);
#5376 = CARTESIAN_POINT ('', (100., 80.7500000000001, -3.5));
#5377 = VERTEX_POINT ('', #5376);
#5378 = CARTESIAN_POINT ('', (100., 68.7500000000001, -3.5));
#5379 = CARTESIAN_POINT ('', (106., 68.7500000000001, -3.5));
#5380 = CARTESIAN_POINT ('', (106., 74.7500000000001, -3.5));
#5381 = CARTESIAN_POINT ('', (106., 80.7500000000001, -3.5));
#5382 = CARTESIAN_POINT ('', (100., 80.7500000000001, -3.5));
#5383 = (
   BOUNDED_CURVE ()
   B_SPLINE_CURVE (2, (#5378, #5379, #5380, #5381, #5382), .UNSPECIFIED., .F., .U.)
   B_SPLINE_CURVE_WITH_KNOTS ((3, 2, 3), (0.5, 0.75, 1.), .UNSPECIFIED.)
   CURVE ()
   GEOMETRIC_REPRESENTATION_ITEM ()
   RATIONAL_B_SPLINE_CURVE ((1., 0.707106781186548, 1., 0.707106781186548, 1.))
   REPRESENTATION_ITEM ('')
);
#5384 = EDGE_CURVE ('', #5370, #5377, #5383, .T.);
#5385 = ORIENTED_EDGE ('', *, *, #5384, .T.);
#5386 = CARTESIAN_POINT ('', (100., 80.7500000000001, -5.));
#5387 = CARTESIAN_POINT ('', (100., 80.7500000000001, -3.5));
#5388 = B_SPLINE_CURVE_WITH_KNOTS ('', 1, (#5386, #5387), .UNSPECIFIED., .F., .U., (2, 2), (0.083333333333334, 0.916666666666667), .UNSPECIFIED.);
#5389 = EDGE_CURVE ('', #1318, #5377, #5388, .T.);
#5390 = ORIENTED_EDGE ('', *, *, #5389, .F.);
#5391 = ORIENTED_EDGE ('', *, *, #1335, .F.);
#5392 = EDGE_LOOP ('', (#5375, #5385, #5390, #5391));
#5393 = FACE_OUTER_BOUND ('', #5392, .T.);
#5394 = CARTESIAN_POINT ('', (100., 68.7500000000001, -5.));
#5395 = CARTESIAN_POINT ('', (106., 68.7500000000001, -5.));
#5396 = CARTESIAN_POINT ('', (106., 74.7500000000001, -5.));
#5397 = CARTESIAN_POINT ('', (106., 80.7500000000001, -5.));
#5398 = CARTESIAN_POINT ('', (100., 80.7500000000001, -5.));
#5399 = CARTESIAN_POINT ('', (100., 68.7500000000001, -3.5));
#5400 = CARTESIAN_POINT ('', (106., 68.7500000000001, -3.5));
#5401 = CARTESIAN_POINT ('', (106., 74.7500000000001, -3.5));
#5402 = CARTESIAN_POINT ('', (106., 80.7500000000001, -3.5));
#5403 = CARTESIAN_POINT ('', (100., 80.7500000000001, -3.5));
#5404 = (
   BOUNDED_SURFACE ()
   B_SPLINE_SURFACE (1, 2, ((#5394, #5395, #5396, #5397, #5398), (#5399, #5400, #5401, #5402, #5403)), .UNSPECIFIED., .F., .F., .U.)
   B_SPLINE_SURFACE_WITH_KNOTS ((2, 2), (3, 2, 3), (0.0833333333333338, 0.916666666666667), (0.5, 0.75, 1.), .UNSPECIFIED.)
   GEOMETRIC_REPRESENTATION_ITEM ()
   RATIONAL_B_SPLINE_SURFACE (((1., 0.707106781186548, 1., 0.707106781186548, 1.), (1., 0.707106781186548, 1., 0.707106781186548, 1.)))
   REPRESENTATION_ITEM ('')
   SURFACE ()
);
#5405 = ADVANCED_FACE ('', (#5393), #5404, .T.);
#5406 = CARTESIAN_POINT ('', (99.9999999999999, 43.2500000000002, -3.5));
#5407 = VERTEX_POINT ('', #5406);
#5408 = CARTESIAN_POINT ('', (100., 43.2500000000001, -5.));
#5409 = CARTESIAN_POINT ('', (100., 43.2500000000001, -3.5));
#5410 = B_SPLINE_CURVE_WITH_KNOTS ('', 1, (#5408, #5409), .UNSPECIFIED., .F., .U., (2, 2), (0.0833333333333338, 0.916666666666667), .UNSPECIFIED.);
#5411 = EDGE_CURVE ('', #1298, #5407, #5410, .T.);
#5412 = ORIENTED_EDGE ('', *, *, #5411, .T.);
#5413 = CARTESIAN_POINT ('', (100., 55.2500000000002, -3.5));
#5414 = VERTEX_POINT ('', #5413);
#5415 = CARTESIAN_POINT ('', (99.9999999999999, 43.2500000000002, -3.5));
#5416 = CARTESIAN_POINT ('', (106., 43.2500000000001, -3.5));
#5417 = CARTESIAN_POINT ('', (106., 49.2500000000001, -3.5));
#5418 = CARTESIAN_POINT ('', (106., 55.2500000000001, -3.5));
#5419 = CARTESIAN_POINT ('', (100., 55.2500000000002, -3.5));
#5420 = (
   BOUNDED_CURVE ()
   B_SPLINE_CURVE (2, (#5415, #5416, #5417, #5418, #5419), .UNSPECIFIED., .F., .U.)
   B_SPLINE_CURVE_WITH_KNOTS ((3, 2, 3), (0.5, 0.75, 1.), .UNSPECIFIED.)
   CURVE ()
   GEOMETRIC_REPRESENTATION_ITEM ()
   RATIONAL_B_SPLINE_CURVE ((1., 0.707106781186548, 1., 0.707106781186548, 1.))
   REPRESENTATION_ITEM ('')
);
#5421 = EDGE_CURVE ('', #5407, #5414, #5420, .T.);
#5422 = ORIENTED_EDGE ('', *, *, #5421, .T.);
#5423 = CARTESIAN_POINT ('', (100., 55.2500000000001, -5.));
#5424 = CARTESIAN_POINT ('', (100., 55.2500000000001, -3.5));
#5425 = B_SPLINE_CURVE_WITH_KNOTS ('', 1, (#5423, #5424), .UNSPECIFIED., .F., .U., (2, 2), (0.083333333333334, 0.916666666666667), .UNSPECIFIED.);
#5426 = EDGE_CURVE ('', #1296, #5414, #5425, .T.);
#5427 = ORIENTED_EDGE ('', *, *, #5426, .F.);
#5428 = ORIENTED_EDGE ('', *, *, #1313, .F.);
#5429 = EDGE_LOOP ('', (#5412, #5422, #5427, #5428));
#5430 = FACE_OUTER_BOUND ('', #5429, .T.);
#5431 = CARTESIAN_POINT ('', (100., 43.2500000000001, -5.));
#5432 = CARTESIAN_POINT ('', (106., 43.2500000000001, -5.));
#5433 = CARTESIAN_POINT ('', (106., 49.2500000000001, -5.));
#5434 = CARTESIAN_POINT ('', (106., 55.2500000000001, -5.));
#5435 = CARTESIAN_POINT ('', (100., 55.2500000000001, -5.));
#5436 = CARTESIAN_POINT ('', (100., 43.2500000000001, -3.5));
#5437 = CARTESIAN_POINT ('', (106., 43.2500000000001, -3.5));
#5438 = CARTESIAN_POINT ('', (106., 49.2500000000001, -3.5));
#5439 = CARTESIAN_POINT ('', (106., 55.2500000000001, -3.5));
#5440 = CARTESIAN_POINT ('', (100., 55.2500000000001, -3.5));
#5441 = (
   BOUNDED_SURFACE ()
   B_SPLINE_SURFACE (1, 2, ((#5431, #5432, #5433, #5434, #5435), (#5436, #5437, #5438, #5439, #5440)), .UNSPECIFIED., .F., .F., .U.)
   B_SPLINE_SURFACE_WITH_KNOTS ((2, 2), (3, 2, 3), (0.0833333333333338, 0.916666666666667), (0.5, 0.75, 1.), .UNSPECIFIED.)
   GEOMETRIC_REPRESENTATION_ITEM ()
   RATIONAL_B_SPLINE_SURFACE (((1., 0.707106781186548, 1., 0.707106781186548, 1.), (1., 0.707106781186548, 1., 0.707106781186548, 1.)))
   REPRESENTATION_ITEM ('')
   SURFACE ()
);
#5442 = ADVANCED_FACE ('', (#5430), #5441, .T.);
#5443 = CARTESIAN_POINT ('', (107.5, 5.00000000000014, -3.5));
#5444 = VERTEX_POINT ('', #5443);
#5445 = CARTESIAN_POINT ('', (107.5, 5.00000000000011, -5.));
#5446 = CARTESIAN_POINT ('', (107.5, 5.00000000000011, -3.5));
#5447 = B_SPLINE_CURVE_WITH_KNOTS ('', 1, (#5445, #5446), .UNSPECIFIED., .F., .U., (2, 2), (0.0833333333333338, 0.916666666666667), .UNSPECIFIED.);
#5448 = EDGE_CURVE ('', #1276, #5444, #5447, .T.);
#5449 = ORIENTED_EDGE ('', *, *, #5448, .T.);
#5450 = CARTESIAN_POINT ('', (107.5, 17.0000000000001, -3.5));
#5451 = VERTEX_POINT ('', #5450);
#5452 = CARTESIAN_POINT ('', (107.5, 5.00000000000014, -3.5));
#5453 = CARTESIAN_POINT ('', (113.5, 5.00000000000013, -3.5));
#5454 = CARTESIAN_POINT ('', (113.5, 11.0000000000001, -3.5));
#5455 = CARTESIAN_POINT ('', (113.5, 17.0000000000001, -3.5));
#5456 = CARTESIAN_POINT ('', (107.5, 17.0000000000001, -3.5));
#5457 = (
   BOUNDED_CURVE ()
   B_SPLINE_CURVE (2, (#5452, #5453, #5454, #5455, #5456), .UNSPECIFIED., .F., .U.)
   B_SPLINE_CURVE_WITH_KNOTS ((3, 2, 3), (0.5, 0.75, 1.), .UNSPECIFIED.)
   CURVE ()
   GEOMETRIC_REPRESENTATION_ITEM ()
   RATIONAL_B_SPLINE_CURVE ((1., 0.707106781186548, 1., 0.707106781186548, 1.))
   REPRESENTATION_ITEM ('')
);
#5458 = EDGE_CURVE ('', #5444, #5451, #5457, .T.);
#5459 = ORIENTED_EDGE ('', *, *, #5458, .T.);
#5460 = CARTESIAN_POINT ('', (107.5, 17.0000000000001, -5.));
#5461 = CARTESIAN_POINT ('', (107.5, 17.0000000000001, -3.5));
#5462 = B_SPLINE_CURVE_WITH_KNOTS ('', 1, (#5460, #5461), .UNSPECIFIED., .F., .U., (2, 2), (0.083333333333334, 0.916666666666667), .UNSPECIFIED.);
#5463 = EDGE_CURVE ('', #1274, #5451, #5462, .T.);
#5464 = ORIENTED_EDGE ('', *, *, #5463, .F.);
#5465 = ORIENTED_EDGE ('', *, *, #1291, .F.);
#5466 = EDGE_LOOP ('', (#5449, #5459, #5464, #5465));
#5467 = FACE_OUTER_BOUND ('', #5466, .T.);
#5468 = CARTESIAN_POINT ('', (107.5, 5.00000000000011, -5.));
#5469 = CARTESIAN_POINT ('', (113.5, 5.00000000000011, -5.));
#5470 = CARTESIAN_POINT ('', (113.5, 11.0000000000001, -5.));
#5471 = CARTESIAN_POINT ('', (113.5, 17.0000000000001, -5.));
#5472 = CARTESIAN_POINT ('', (107.5, 17.0000000000001, -5.));
#5473 = CARTESIAN_POINT ('', (107.5, 5.00000000000011, -3.5));
#5474 = CARTESIAN_POINT ('', (113.5, 5.00000000000011, -3.5));
#5475 = CARTESIAN_POINT ('', (113.5, 11.0000000000001, -3.5));
#5476 = CARTESIAN_POINT ('', (113.5, 17.0000000000001, -3.5));
#5477 = CARTESIAN_POINT ('', (107.5, 17.0000000000001, -3.5));
#5478 = (
   BOUNDED_SURFACE ()
   B_SPLINE_SURFACE (1, 2, ((#5468, #5469, #5470, #5471, #5472), (#5473, #5474, #5475, #5476, #5477)), .UNSPECIFIED., .F., .F., .U.)
   B_SPLINE_SURFACE_WITH_KNOTS ((2, 2), (3, 2, 3), (0.0833333333333338, 0.916666666666667), (0.5, 0.75, 1.), .UNSPECIFIED.)
   GEOMETRIC_REPRESENTATION_ITEM ()
   RATIONAL_B_SPLINE_SURFACE (((1., 0.707106781186548, 1., 0.707106781186548, 1.), (1., 0.707106781186548, 1., 0.707106781186548, 1.)))
   REPRESENTATION_ITEM ('')
   SURFACE ()
);
#5479 = ADVANCED_FACE ('', (#5467), #5478, .T.);
#5480 = CARTESIAN_POINT ('', (115., 17.7500000000001, -3.5));
#5481 = VERTEX_POINT ('', #5480);
#5482 = CARTESIAN_POINT ('', (115., 17.7500000000001, -5.));
#5483 = CARTESIAN_POINT ('', (115., 17.7500000000001, -3.5));
#5484 = B_SPLINE_CURVE_WITH_KNOTS ('', 1, (#5482, #5483), .UNSPECIFIED., .F., .U., (2, 2), (0.0833333333333338, 0.916666666666667), .UNSPECIFIED.);
#5485 = EDGE_CURVE ('', #1254, #5481, #5484, .T.);
#5486 = ORIENTED_EDGE ('', *, *, #5485, .T.);
#5487 = CARTESIAN_POINT ('', (115., 29.7500000000001, -3.5));
#5488 = VERTEX_POINT ('', #5487);
#5489 = CARTESIAN_POINT ('', (115., 17.7500000000001, -3.5));
#5490 = CARTESIAN_POINT ('', (121., 17.7500000000001, -3.5));
#5491 = CARTESIAN_POINT ('', (121., 23.7500000000001, -3.5));
#5492 = CARTESIAN_POINT ('', (121., 29.7500000000001, -3.5));
#5493 = CARTESIAN_POINT ('', (115., 29.7500000000001, -3.5));
#5494 = (
   BOUNDED_CURVE ()
   B_SPLINE_CURVE (2, (#5489, #5490, #5491, #5492, #5493), .UNSPECIFIED., .F., .U.)
   B_SPLINE_CURVE_WITH_KNOTS ((3, 2, 3), (0.5, 0.75, 1.), .UNSPECIFIED.)
   CURVE ()
   GEOMETRIC_REPRESENTATION_ITEM ()
   RATIONAL_B_SPLINE_CURVE ((1., 0.707106781186548, 1., 0.707106781186548, 1.))
   REPRESENTATION_ITEM ('')
);
#5495 = EDGE_CURVE ('', #5481, #5488, #5494, .T.);
#5496 = ORIENTED_EDGE ('', *, *, #5495, .T.);
#5497 = CARTESIAN_POINT ('', (115., 29.7500000000001, -5.));
#5498 = CARTESIAN_POINT ('', (115., 29.7500000000001, -3.5));
#5499 = B_SPLINE_CURVE_WITH_KNOTS ('', 1, (#5497, #5498), .UNSPECIFIED., .F., .U., (2, 2), (0.083333333333334, 0.916666666666667), .UNSPECIFIED.);
#5500 = EDGE_CURVE ('', #1252, #5488, #5499, .T.);
#5501 = ORIENTED_EDGE ('', *, *, #5500, .F.);
#5502 = ORIENTED_EDGE ('', *, *, #1269, .F.);
#5503 = EDGE_LOOP ('', (#5486, #5496, #5501, #5502));
#5504 = FACE_OUTER_BOUND ('', #5503, .T.);
#5505 = CARTESIAN_POINT ('', (115., 17.7500000000001, -5.));
#5506 = CARTESIAN_POINT ('', (121., 17.7500000000001, -5.));
#5507 = CARTESIAN_POINT ('', (121., 23.7500000000001, -5.));
#5508 = CARTESIAN_POINT ('', (121., 29.7500000000001, -5.));
#5509 = CARTESIAN_POINT ('', (115., 29.7500000000001, -5.));
#5510 = CARTESIAN_POINT ('', (115., 17.7500000000001, -3.5));
#5511 = CARTESIAN_POINT ('', (121., 17.7500000000001, -3.5));
#5512 = CARTESIAN_POINT ('', (121., 23.7500000000001, -3.5));
#5513 = CARTESIAN_POINT ('', (121., 29.7500000000001, -3.5));
#5514 = CARTESIAN_POINT ('', (115., 29.7500000000001, -3.5));
#5515 = (
   BOUNDED_SURFACE ()
   B_SPLINE_SURFACE (1, 2, ((#5505, #5506, #5507, #5508, #5509), (#5510, #5511, #5512, #5513, #5514)), .UNSPECIFIED., .F., .F., .U.)
   B_SPLINE_SURFACE_WITH_KNOTS ((2, 2), (3, 2, 3), (0.0833333333333338, 0.916666666666667), (0.5, 0.75, 1.), .UNSPECIFIED.)
   GEOMETRIC_REPRESENTATION_ITEM ()
   RATIONAL_B_SPLINE_SURFACE (((1., 0.707106781186548, 1., 0.707106781186548, 1.), (1., 0.707106781186548, 1., 0.707106781186548, 1.)))
   REPRESENTATION_ITEM ('')
   SURFACE ()
);
#5516 = ADVANCED_FACE ('', (#5504), #5515, .T.);
#5517 = CARTESIAN_POINT ('', (99.9999999999999, 17.7500000000002, -3.5));
#5518 = VERTEX_POINT ('', #5517);
#5519 = CARTESIAN_POINT ('', (100., 17.7500000000001, -5.));
#5520 = CARTESIAN_POINT ('', (100., 17.7500000000001, -3.5));
#5521 = B_SPLINE_CURVE_WITH_KNOTS ('', 1, (#5519, #5520), .UNSPECIFIED., .F., .U., (2, 2), (0.0833333333333338, 0.916666666666667), .UNSPECIFIED.);
#5522 = EDGE_CURVE ('', #1232, #5518, #5521, .T.);
#5523 = ORIENTED_EDGE ('', *, *, #5522, .T.);
#5524 = CARTESIAN_POINT ('', (100., 29.7500000000001, -3.5));
#5525 = VERTEX_POINT ('', #5524);
#5526 = CARTESIAN_POINT ('', (99.9999999999999, 17.7500000000002, -3.5));
#5527 = CARTESIAN_POINT ('', (106., 17.7500000000001, -3.5));
#5528 = CARTESIAN_POINT ('', (106., 23.7500000000001, -3.5));
#5529 = CARTESIAN_POINT ('', (106., 29.7500000000001, -3.5));
#5530 = CARTESIAN_POINT ('', (100., 29.7500000000001, -3.5));
#5531 = (
   BOUNDED_CURVE ()
   B_SPLINE_CURVE (2, (#5526, #5527, #5528, #5529, #5530), .UNSPECIFIED., .F., .U.)
   B_SPLINE_CURVE_WITH_KNOTS ((3, 2, 3), (0.5, 0.75, 1.), .UNSPECIFIED.)
   CURVE ()
   GEOMETRIC_REPRESENTATION_ITEM ()
   RATIONAL_B_SPLINE_CURVE ((1., 0.707106781186548, 1., 0.707106781186548, 1.))
   REPRESENTATION_ITEM ('')
);
#5532 = EDGE_CURVE ('', #5518, #5525, #5531, .T.);
#5533 = ORIENTED_EDGE ('', *, *, #5532, .T.);
#5534 = CARTESIAN_POINT ('', (100., 29.7500000000001, -5.));
#5535 = CARTESIAN_POINT ('', (100., 29.7500000000001, -3.5));
#5536 = B_SPLINE_CURVE_WITH_KNOTS ('', 1, (#5534, #5535), .UNSPECIFIED., .F., .U., (2, 2), (0.083333333333334, 0.916666666666667), .UNSPECIFIED.);
#5537 = EDGE_CURVE ('', #1230, #5525, #5536, .T.);
#5538 = ORIENTED_EDGE ('', *, *, #5537, .F.);
#5539 = ORIENTED_EDGE ('', *, *, #1247, .F.);
#5540 = EDGE_LOOP ('', (#5523, #5533, #5538, #5539));
#5541 = FACE_OUTER_BOUND ('', #5540, .T.);
#5542 = CARTESIAN_POINT ('', (100., 17.7500000000001, -5.));
#5543 = CARTESIAN_POINT ('', (106., 17.7500000000001, -5.));
#5544 = CARTESIAN_POINT ('', (106., 23.7500000000001, -5.));
#5545 = CARTESIAN_POINT ('', (106., 29.7500000000001, -5.));
#5546 = CARTESIAN_POINT ('', (100., 29.7500000000001, -5.));
#5547 = CARTESIAN_POINT ('', (100., 17.7500000000001, -3.5));
#5548 = CARTESIAN_POINT ('', (106., 17.7500000000001, -3.5));
#5549 = CARTESIAN_POINT ('', (106., 23.7500000000001, -3.5));
#5550 = CARTESIAN_POINT ('', (106., 29.7500000000001, -3.5));
#5551 = CARTESIAN_POINT ('', (100., 29.7500000000001, -3.5));
#5552 = (
   BOUNDED_SURFACE ()
   B_SPLINE_SURFACE (1, 2, ((#5542, #5543, #5544, #5545, #5546), (#5547, #5548, #5549, #5550, #5551)), .UNSPECIFIED., .F., .F., .U.)
   B_SPLINE_SURFACE_WITH_KNOTS ((2, 2), (3, 2, 3), (0.0833333333333338, 0.916666666666667), (0.5, 0.75, 1.), .UNSPECIFIED.)
   GEOMETRIC_REPRESENTATION_ITEM ()
   RATIONAL_B_SPLINE_SURFACE (((1., 0.707106781186548, 1., 0.707106781186548, 1.), (1., 0.707106781186548, 1., 0.707106781186548, 1.)))
   REPRESENTATION_ITEM ('')
   SURFACE ()
);
#5553 = ADVANCED_FACE ('', (#5541), #5552, .T.);
#5554 = CARTESIAN_POINT ('', (115., 43.2500000000001, -3.5));
#5555 = VERTEX_POINT ('', #5554);
#5556 = CARTESIAN_POINT ('', (115., 43.2500000000001, -5.));
#5557 = CARTESIAN_POINT ('', (115., 43.2500000000001, -3.5));
#5558 = B_SPLINE_CURVE_WITH_KNOTS ('', 1, (#5556, #5557), .UNSPECIFIED., .F., .U., (2, 2), (0.0833333333333338, 0.916666666666667), .UNSPECIFIED.);
#5559 = EDGE_CURVE ('', #1210, #5555, #5558, .T.);
#5560 = ORIENTED_EDGE ('', *, *, #5559, .T.);
#5561 = CARTESIAN_POINT ('', (115., 55.2500000000001, -3.5));
#5562 = VERTEX_POINT ('', #5561);
#5563 = CARTESIAN_POINT ('', (115., 43.2500000000001, -3.5));
#5564 = CARTESIAN_POINT ('', (121., 43.2500000000001, -3.5));
#5565 = CARTESIAN_POINT ('', (121., 49.2500000000001, -3.5));
#5566 = CARTESIAN_POINT ('', (121., 55.2500000000001, -3.5));
#5567 = CARTESIAN_POINT ('', (115., 55.2500000000001, -3.5));
#5568 = (
   BOUNDED_CURVE ()
   B_SPLINE_CURVE (2, (#5563, #5564, #5565, #5566, #5567), .UNSPECIFIED., .F., .U.)
   B_SPLINE_CURVE_WITH_KNOTS ((3, 2, 3), (0.5, 0.75, 1.), .UNSPECIFIED.)
   CURVE ()
   GEOMETRIC_REPRESENTATION_ITEM ()
   RATIONAL_B_SPLINE_CURVE ((1., 0.707106781186548, 1., 0.707106781186548, 1.))
   REPRESENTATION_ITEM ('')
);
#5569 = EDGE_CURVE ('', #5555, #5562, #5568, .T.);
#5570 = ORIENTED_EDGE ('', *, *, #5569, .T.);
#5571 = CARTESIAN_POINT ('', (115., 55.2500000000001, -5.));
#5572 = CARTESIAN_POINT ('', (115., 55.2500000000001, -3.5));
#5573 = B_SPLINE_CURVE_WITH_KNOTS ('', 1, (#5571, #5572), .UNSPECIFIED., .F., .U., (2, 2), (0.083333333333334, 0.916666666666667), .UNSPECIFIED.);
#5574 = EDGE_CURVE ('', #1208, #5562, #5573, .T.);
#5575 = ORIENTED_EDGE ('', *, *, #5574, .F.);
#5576 = ORIENTED_EDGE ('', *, *, #1225, .F.);
#5577 = EDGE_LOOP ('', (#5560, #5570, #5575, #5576));
#5578 = FACE_OUTER_BOUND ('', #5577, .T.);
#5579 = CARTESIAN_POINT ('', (115., 43.2500000000001, -5.));
#5580 = CARTESIAN_POINT ('', (121., 43.2500000000001, -5.));
#5581 = CARTESIAN_POINT ('', (121., 49.2500000000001, -5.));
#5582 = CARTESIAN_POINT ('', (121., 55.2500000000001, -5.));
#5583 = CARTESIAN_POINT ('', (115., 55.2500000000001, -5.));
#5584 = CARTESIAN_POINT ('', (115., 43.2500000000001, -3.5));
#5585 = CARTESIAN_POINT ('', (121., 43.2500000000001, -3.5));
#5586 = CARTESIAN_POINT ('', (121., 49.2500000000001, -3.5));
#5587 = CARTESIAN_POINT ('', (121., 55.2500000000001, -3.5));
#5588 = CARTESIAN_POINT ('', (115., 55.2500000000001, -3.5));
#5589 = (
   BOUNDED_SURFACE ()
   B_SPLINE_SURFACE (1, 2, ((#5579, #5580, #5581, #5582, #5583), (#5584, #5585, #5586, #5587, #5588)), .UNSPECIFIED., .F., .F., .U.)
   B_SPLINE_SURFACE_WITH_KNOTS ((2, 2), (3, 2, 3), (0.0833333333333338, 0.916666666666667), (0.5, 0.75, 1.), .UNSPECIFIED.)
   GEOMETRIC_REPRESENTATION_ITEM ()
   RATIONAL_B_SPLINE_SURFACE (((1., 0.707106781186548, 1., 0.707106781186548, 1.), (1., 0.707106781186548, 1., 0.707106781186548, 1.)))
   REPRESENTATION_ITEM ('')
   SURFACE ()
);
#5590 = ADVANCED_FACE ('', (#5578), #5589, .T.);
#5591 = CARTESIAN_POINT ('', (107.5, 30.5000000000001, -3.5));
#5592 = VERTEX_POINT ('', #5591);
#5593 = CARTESIAN_POINT ('', (107.5, 30.5000000000001, -5.));
#5594 = CARTESIAN_POINT ('', (107.5, 30.5000000000001, -3.5));
#5595 = B_SPLINE_CURVE_WITH_KNOTS ('', 1, (#5593, #5594), .UNSPECIFIED., .F., .U., (2, 2), (0.0833333333333338, 0.916666666666667), .UNSPECIFIED.);
#5596 = EDGE_CURVE ('', #1188, #5592, #5595, .T.);
#5597 = ORIENTED_EDGE ('', *, *, #5596, .T.);
#5598 = CARTESIAN_POINT ('', (107.5, 42.5000000000001, -3.5));
#5599 = VERTEX_POINT ('', #5598);
#5600 = CARTESIAN_POINT ('', (107.5, 30.5000000000001, -3.5));
#5601 = CARTESIAN_POINT ('', (113.5, 30.5000000000001, -3.5));
#5602 = CARTESIAN_POINT ('', (113.5, 36.5000000000001, -3.5));
#5603 = CARTESIAN_POINT ('', (113.5, 42.5000000000001, -3.5));
#5604 = CARTESIAN_POINT ('', (107.5, 42.5000000000001, -3.5));
#5605 = (
   BOUNDED_CURVE ()
   B_SPLINE_CURVE (2, (#5600, #5601, #5602, #5603, #5604), .UNSPECIFIED., .F., .U.)
   B_SPLINE_CURVE_WITH_KNOTS ((3, 2, 3), (0.5, 0.75, 1.), .UNSPECIFIED.)
   CURVE ()
   GEOMETRIC_REPRESENTATION_ITEM ()
   RATIONAL_B_SPLINE_CURVE ((1., 0.707106781186548, 1., 0.707106781186548, 1.))
   REPRESENTATION_ITEM ('')
);
#5606 = EDGE_CURVE ('', #5592, #5599, #5605, .T.);
#5607 = ORIENTED_EDGE ('', *, *, #5606, .T.);
#5608 = CARTESIAN_POINT ('', (107.5, 42.5000000000001, -5.));
#5609 = CARTESIAN_POINT ('', (107.5, 42.5000000000001, -3.5));
#5610 = B_SPLINE_CURVE_WITH_KNOTS ('', 1, (#5608, #5609), .UNSPECIFIED., .F., .U., (2, 2), (0.083333333333334, 0.916666666666667), .UNSPECIFIED.);
#5611 = EDGE_CURVE ('', #1186, #5599, #5610, .T.);
#5612 = ORIENTED_EDGE ('', *, *, #5611, .F.);
#5613 = ORIENTED_EDGE ('', *, *, #1203, .F.);
#5614 = EDGE_LOOP ('', (#5597, #5607, #5612, #5613));
#5615 = FACE_OUTER_BOUND ('', #5614, .T.);
#5616 = CARTESIAN_POINT ('', (107.5, 30.5000000000001, -5.));
#5617 = CARTESIAN_POINT ('', (113.5, 30.5000000000001, -5.));
#5618 = CARTESIAN_POINT ('', (113.5, 36.5000000000001, -5.));
#5619 = CARTESIAN_POINT ('', (113.5, 42.5000000000001, -5.));
#5620 = CARTESIAN_POINT ('', (107.5, 42.5000000000001, -5.));
#5621 = CARTESIAN_POINT ('', (107.5, 30.5000000000001, -3.5));
#5622 = CARTESIAN_POINT ('', (113.5, 30.5000000000001, -3.5));
#5623 = CARTESIAN_POINT ('', (113.5, 36.5000000000001, -3.5));
#5624 = CARTESIAN_POINT ('', (113.5, 42.5000000000001, -3.5));
#5625 = CARTESIAN_POINT ('', (107.5, 42.5000000000001, -3.5));
#5626 = (
   BOUNDED_SURFACE ()
   B_SPLINE_SURFACE (1, 2, ((#5616, #5617, #5618, #5619, #5620), (#5621, #5622, #5623, #5624, #5625)), .UNSPECIFIED., .F., .F., .U.)
   B_SPLINE_SURFACE_WITH_KNOTS ((2, 2), (3, 2, 3), (0.0833333333333338, 0.916666666666667), (0.5, 0.75, 1.), .UNSPECIFIED.)
   GEOMETRIC_REPRESENTATION_ITEM ()
   RATIONAL_B_SPLINE_SURFACE (((1., 0.707106781186548, 1., 0.707106781186548, 1.), (1., 0.707106781186548, 1., 0.707106781186548, 1.)))
   REPRESENTATION_ITEM ('')
   SURFACE ()
);
#5627 = ADVANCED_FACE ('', (#5615), #5626, .T.);
#5628 = CARTESIAN_POINT ('', (122.5, 30.5000000000001, -3.5));
#5629 = VERTEX_POINT ('', #5628);
#5630 = CARTESIAN_POINT ('', (122.5, 30.5000000000001, -5.));
#5631 = CARTESIAN_POINT ('', (122.5, 30.5000000000001, -3.5));
#5632 = B_SPLINE_CURVE_WITH_KNOTS ('', 1, (#5630, #5631), .UNSPECIFIED., .F., .U., (2, 2), (0.0833333333333338, 0.916666666666667), .UNSPECIFIED.);
#5633 = EDGE_CURVE ('', #1166, #5629, #5632, .T.);
#5634 = ORIENTED_EDGE ('', *, *, #5633, .T.);
#5635 = CARTESIAN_POINT ('', (122.5, 42.5000000000001, -3.5));
#5636 = VERTEX_POINT ('', #5635);
#5637 = CARTESIAN_POINT ('', (122.5, 30.5000000000001, -3.5));
#5638 = CARTESIAN_POINT ('', (128.5, 30.5000000000001, -3.5));
#5639 = CARTESIAN_POINT ('', (128.5, 36.5000000000001, -3.5));
#5640 = CARTESIAN_POINT ('', (128.5, 42.5000000000001, -3.5));
#5641 = CARTESIAN_POINT ('', (122.5, 42.5000000000001, -3.5));
#5642 = (
   BOUNDED_CURVE ()
   B_SPLINE_CURVE (2, (#5637, #5638, #5639, #5640, #5641), .UNSPECIFIED., .F., .U.)
   B_SPLINE_CURVE_WITH_KNOTS ((3, 2, 3), (0.5, 0.75, 1.), .UNSPECIFIED.)
   CURVE ()
   GEOMETRIC_REPRESENTATION_ITEM ()
   RATIONAL_B_SPLINE_CURVE ((1., 0.707106781186548, 1., 0.707106781186548, 1.))
   REPRESENTATION_ITEM ('')
);
#5643 = EDGE_CURVE ('', #5629, #5636, #5642, .T.);
#5644 = ORIENTED_EDGE ('', *, *, #5643, .T.);
#5645 = CARTESIAN_POINT ('', (122.5, 42.5000000000001, -5.));
#5646 = CARTESIAN_POINT ('', (122.5, 42.5000000000001, -3.5));
#5647 = B_SPLINE_CURVE_WITH_KNOTS ('', 1, (#5645, #5646), .UNSPECIFIED., .F., .U., (2, 2), (0.083333333333334, 0.916666666666667), .UNSPECIFIED.);
#5648 = EDGE_CURVE ('', #1164, #5636, #5647, .T.);
#5649 = ORIENTED_EDGE ('', *, *, #5648, .F.);
#5650 = ORIENTED_EDGE ('', *, *, #1181, .F.);
#5651 = EDGE_LOOP ('', (#5634, #5644, #5649, #5650));
#5652 = FACE_OUTER_BOUND ('', #5651, .T.);
#5653 = CARTESIAN_POINT ('', (122.5, 30.5000000000001, -5.));
#5654 = CARTESIAN_POINT ('', (128.5, 30.5000000000001, -5.));
#5655 = CARTESIAN_POINT ('', (128.5, 36.5000000000001, -5.));
#5656 = CARTESIAN_POINT ('', (128.5, 42.5000000000001, -5.));
#5657 = CARTESIAN_POINT ('', (122.5, 42.5000000000001, -5.));
#5658 = CARTESIAN_POINT ('', (122.5, 30.5000000000001, -3.5));
#5659 = CARTESIAN_POINT ('', (128.5, 30.5000000000001, -3.5));
#5660 = CARTESIAN_POINT ('', (128.5, 36.5000000000001, -3.5));
#5661 = CARTESIAN_POINT ('', (128.5, 42.5000000000001, -3.5));
#5662 = CARTESIAN_POINT ('', (122.5, 42.5000000000001, -3.5));
#5663 = (
   BOUNDED_SURFACE ()
   B_SPLINE_SURFACE (1, 2, ((#5653, #5654, #5655, #5656, #5657), (#5658, #5659, #5660, #5661, #5662)), .UNSPECIFIED., .F., .F., .U.)
   B_SPLINE_SURFACE_WITH_KNOTS ((2, 2), (3, 2, 3), (0.0833333333333338, 0.916666666666667), (0.5, 0.75, 1.), .UNSPECIFIED.)
   GEOMETRIC_REPRESENTATION_ITEM ()
   RATIONAL_B_SPLINE_SURFACE (((1., 0.707106781186548, 1., 0.707106781186548, 1.), (1., 0.707106781186548, 1., 0.707106781186548, 1.)))
   REPRESENTATION_ITEM ('')
   SURFACE ()
);
#5664 = ADVANCED_FACE ('', (#5652), #5663, .T.);
#5665 = CARTESIAN_POINT ('', (107.5, 56.0000000000001, -3.5));
#5666 = VERTEX_POINT ('', #5665);
#5667 = CARTESIAN_POINT ('', (107.5, 56.0000000000001, -5.));
#5668 = CARTESIAN_POINT ('', (107.5, 56.0000000000001, -3.5));
#5669 = B_SPLINE_CURVE_WITH_KNOTS ('', 1, (#5667, #5668), .UNSPECIFIED., .F., .U., (2, 2), (0.0833333333333338, 0.916666666666667), .UNSPECIFIED.);
#5670 = EDGE_CURVE ('', #1144, #5666, #5669, .T.);
#5671 = ORIENTED_EDGE ('', *, *, #5670, .T.);
#5672 = CARTESIAN_POINT ('', (107.5, 68.0000000000001, -3.5));
#5673 = VERTEX_POINT ('', #5672);
#5674 = CARTESIAN_POINT ('', (107.5, 56.0000000000001, -3.5));
#5675 = CARTESIAN_POINT ('', (113.5, 56.0000000000001, -3.5));
#5676 = CARTESIAN_POINT ('', (113.5, 62.0000000000001, -3.5));
#5677 = CARTESIAN_POINT ('', (113.5, 68.0000000000001, -3.5));
#5678 = CARTESIAN_POINT ('', (107.5, 68.0000000000001, -3.5));
#5679 = (
   BOUNDED_CURVE ()
   B_SPLINE_CURVE (2, (#5674, #5675, #5676, #5677, #5678), .UNSPECIFIED., .F., .U.)
   B_SPLINE_CURVE_WITH_KNOTS ((3, 2, 3), (0.5, 0.75, 1.), .UNSPECIFIED.)
   CURVE ()
   GEOMETRIC_REPRESENTATION_ITEM ()
   RATIONAL_B_SPLINE_CURVE ((1., 0.707106781186548, 1., 0.707106781186548, 1.))
   REPRESENTATION_ITEM ('')
);
#5680 = EDGE_CURVE ('', #5666, #5673, #5679, .T.);
#5681 = ORIENTED_EDGE ('', *, *, #5680, .T.);
#5682 = CARTESIAN_POINT ('', (107.5, 68.0000000000001, -5.));
#5683 = CARTESIAN_POINT ('', (107.5, 68.0000000000001, -3.5));
#5684 = B_SPLINE_CURVE_WITH_KNOTS ('', 1, (#5682, #5683), .UNSPECIFIED., .F., .U., (2, 2), (0.083333333333334, 0.916666666666667), .UNSPECIFIED.);
#5685 = EDGE_CURVE ('', #1142, #5673, #5684, .T.);
#5686 = ORIENTED_EDGE ('', *, *, #5685, .F.);
#5687 = ORIENTED_EDGE ('', *, *, #1159, .F.);
#5688 = EDGE_LOOP ('', (#5671, #5681, #5686, #5687));
#5689 = FACE_OUTER_BOUND ('', #5688, .T.);
#5690 = CARTESIAN_POINT ('', (107.5, 56.0000000000001, -5.));
#5691 = CARTESIAN_POINT ('', (113.5, 56.0000000000001, -5.));
#5692 = CARTESIAN_POINT ('', (113.5, 62.0000000000001, -5.));
#5693 = CARTESIAN_POINT ('', (113.5, 68.0000000000001, -5.));
#5694 = CARTESIAN_POINT ('', (107.5, 68.0000000000001, -5.));
#5695 = CARTESIAN_POINT ('', (107.5, 56.0000000000001, -3.5));
#5696 = CARTESIAN_POINT ('', (113.5, 56.0000000000001, -3.5));
#5697 = CARTESIAN_POINT ('', (113.5, 62.0000000000001, -3.5));
#5698 = CARTESIAN_POINT ('', (113.5, 68.0000000000001, -3.5));
#5699 = CARTESIAN_POINT ('', (107.5, 68.0000000000001, -3.5));
#5700 = (
   BOUNDED_SURFACE ()
   B_SPLINE_SURFACE (1, 2, ((#5690, #5691, #5692, #5693, #5694), (#5695, #5696, #5697, #5698, #5699)), .UNSPECIFIED., .F., .F., .U.)
   B_SPLINE_SURFACE_WITH_KNOTS ((2, 2), (3, 2, 3), (0.0833333333333338, 0.916666666666667), (0.5, 0.75, 1.), .UNSPECIFIED.)
   GEOMETRIC_REPRESENTATION_ITEM ()
   RATIONAL_B_SPLINE_SURFACE (((1., 0.707106781186548, 1., 0.707106781186548, 1.), (1., 0.707106781186548, 1., 0.707106781186548, 1.)))
   REPRESENTATION_ITEM ('')
   SURFACE ()
);
#5701 = ADVANCED_FACE ('', (#5689), #5700, .T.);
#5702 = CARTESIAN_POINT ('', (122.5, 56.0000000000001, -3.5));
#5703 = VERTEX_POINT ('', #5702);
#5704 = CARTESIAN_POINT ('', (122.5, 56.0000000000001, -5.));
#5705 = CARTESIAN_POINT ('', (122.5, 56.0000000000001, -3.5));
#5706 = B_SPLINE_CURVE_WITH_KNOTS ('', 1, (#5704, #5705), .UNSPECIFIED., .F., .U., (2, 2), (0.0833333333333338, 0.916666666666667), .UNSPECIFIED.);
#5707 = EDGE_CURVE ('', #1111, #5703, #5706, .T.);
#5708 = ORIENTED_EDGE ('', *, *, #5707, .T.);
#5709 = CARTESIAN_POINT ('', (122.5, 68.0000000000001, -3.5));
#5710 = VERTEX_POINT ('', #5709);
#5711 = CARTESIAN_POINT ('', (122.5, 56.0000000000001, -3.5));
#5712 = CARTESIAN_POINT ('', (128.5, 56.0000000000001, -3.5));
#5713 = CARTESIAN_POINT ('', (128.5, 62.0000000000001, -3.5));
#5714 = CARTESIAN_POINT ('', (128.5, 68.0000000000001, -3.5));
#5715 = CARTESIAN_POINT ('', (122.5, 68.0000000000001, -3.5));
#5716 = (
   BOUNDED_CURVE ()
   B_SPLINE_CURVE (2, (#5711, #5712, #5713, #5714, #5715), .UNSPECIFIED., .F., .U.)
   B_SPLINE_CURVE_WITH_KNOTS ((3, 2, 3), (0.5, 0.75, 1.), .UNSPECIFIED.)
   CURVE ()
   GEOMETRIC_REPRESENTATION_ITEM ()
   RATIONAL_B_SPLINE_CURVE ((1., 0.707106781186548, 1., 0.707106781186548, 1.))
   REPRESENTATION_ITEM ('')
);
#5717 = EDGE_CURVE ('', #5703, #5710, #5716, .T.);
#5718 = ORIENTED_EDGE ('', *, *, #5717, .T.);
#5719 = CARTESIAN_POINT ('', (122.5, 68.0000000000001, -5.));
#5720 = CARTESIAN_POINT ('', (122.5, 68.0000000000001, -3.5));
#5721 = B_SPLINE_CURVE_WITH_KNOTS ('', 1, (#5719, #5720), .UNSPECIFIED., .F., .U., (2, 2), (0.083333333333334, 0.916666666666667), .UNSPECIFIED.);
#5722 = EDGE_CURVE ('', #1109, #5710, #5721, .T.);
#5723 = ORIENTED_EDGE ('', *, *, #5722, .F.);
#5724 = ORIENTED_EDGE ('', *, *, #1126, .F.);
#5725 = EDGE_LOOP ('', (#5708, #5718, #5723, #5724));
#5726 = FACE_OUTER_BOUND ('', #5725, .T.);
#5727 = CARTESIAN_POINT ('', (122.5, 56.0000000000001, -5.));
#5728 = CARTESIAN_POINT ('', (128.5, 56.0000000000001, -5.));
#5729 = CARTESIAN_POINT ('', (128.5, 62.0000000000001, -5.));
#5730 = CARTESIAN_POINT ('', (128.5, 68.0000000000001, -5.));
#5731 = CARTESIAN_POINT ('', (122.5, 68.0000000000001, -5.));
#5732 = CARTESIAN_POINT ('', (122.5, 56.0000000000001, -3.5));
#5733 = CARTESIAN_POINT ('', (128.5, 56.0000000000001, -3.5));
#5734 = CARTESIAN_POINT ('', (128.5, 62.0000000000001, -3.5));
#5735 = CARTESIAN_POINT ('', (128.5, 68.0000000000001, -3.5));
#5736 = CARTESIAN_POINT ('', (122.5, 68.0000000000001, -3.5));
#5737 = (
   BOUNDED_SURFACE ()
   B_SPLINE_SURFACE (1, 2, ((#5727, #5728, #5729, #5730, #5731), (#5732, #5733, #5734, #5735, #5736)), .UNSPECIFIED., .F., .F., .U.)
   B_SPLINE_SURFACE_WITH_KNOTS ((2, 2), (3, 2, 3), (0.0833333333333338, 0.916666666666667), (0.5, 0.75, 1.), .UNSPECIFIED.)
   GEOMETRIC_REPRESENTATION_ITEM ()
   RATIONAL_B_SPLINE_SURFACE (((1., 0.707106781186548, 1., 0.707106781186548, 1.), (1., 0.707106781186548, 1., 0.707106781186548, 1.)))
   REPRESENTATION_ITEM ('')
   SURFACE ()
);
#5738 = ADVANCED_FACE ('', (#5726), #5737, .T.);
#5739 = CARTESIAN_POINT ('', (92.5, 81.5000000000001, -3.5));
#5740 = VERTEX_POINT ('', #5739);
#5741 = CARTESIAN_POINT ('', (92.5, 81.5000000000001, -5.));
#5742 = CARTESIAN_POINT ('', (92.5, 81.5000000000001, -3.5));
#5743 = B_SPLINE_CURVE_WITH_KNOTS ('', 1, (#5741, #5742), .UNSPECIFIED., .F., .U., (2, 2), (0.0833333333333338, 0.916666666666667), .UNSPECIFIED.);
#5744 = EDGE_CURVE ('', #1089, #5740, #5743, .T.);
#5745 = ORIENTED_EDGE ('', *, *, #5744, .T.);
#5746 = CARTESIAN_POINT ('', (92.5, 93.5000000000001, -3.5));
#5747 = VERTEX_POINT ('', #5746);
#5748 = CARTESIAN_POINT ('', (92.5, 81.5000000000001, -3.5));
#5749 = CARTESIAN_POINT ('', (98.5, 81.5000000000001, -3.5));
#5750 = CARTESIAN_POINT ('', (98.5, 87.5000000000001, -3.5));
#5751 = CARTESIAN_POINT ('', (98.5, 93.5000000000001, -3.5));
#5752 = CARTESIAN_POINT ('', (92.5, 93.5000000000001, -3.5));
#5753 = (
   BOUNDED_CURVE ()
   B_SPLINE_CURVE (2, (#5748, #5749, #5750, #5751, #5752), .UNSPECIFIED., .F., .U.)
   B_SPLINE_CURVE_WITH_KNOTS ((3, 2, 3), (0.5, 0.75, 1.), .UNSPECIFIED.)
   CURVE ()
   GEOMETRIC_REPRESENTATION_ITEM ()
   RATIONAL_B_SPLINE_CURVE ((1., 0.707106781186548, 1., 0.707106781186548, 1.))
   REPRESENTATION_ITEM ('')
);
#5754 = EDGE_CURVE ('', #5740, #5747, #5753, .T.);
#5755 = ORIENTED_EDGE ('', *, *, #5754, .T.);
#5756 = CARTESIAN_POINT ('', (92.5, 93.5000000000001, -5.));
#5757 = CARTESIAN_POINT ('', (92.5, 93.5000000000001, -3.5));
#5758 = B_SPLINE_CURVE_WITH_KNOTS ('', 1, (#5756, #5757), .UNSPECIFIED., .F., .U., (2, 2), (0.083333333333334, 0.916666666666667), .UNSPECIFIED.);
#5759 = EDGE_CURVE ('', #1087, #5747, #5758, .T.);
#5760 = ORIENTED_EDGE ('', *, *, #5759, .F.);
#5761 = ORIENTED_EDGE ('', *, *, #1104, .F.);
#5762 = EDGE_LOOP ('', (#5745, #5755, #5760, #5761));
#5763 = FACE_OUTER_BOUND ('', #5762, .T.);
#5764 = CARTESIAN_POINT ('', (92.5, 81.5000000000001, -5.));
#5765 = CARTESIAN_POINT ('', (98.5, 81.5000000000001, -5.));
#5766 = CARTESIAN_POINT ('', (98.5, 87.5000000000001, -5.));
#5767 = CARTESIAN_POINT ('', (98.5, 93.5000000000001, -5.));
#5768 = CARTESIAN_POINT ('', (92.5, 93.5000000000001, -5.));
#5769 = CARTESIAN_POINT ('', (92.5, 81.5000000000001, -3.5));
#5770 = CARTESIAN_POINT ('', (98.5, 81.5000000000001, -3.5));
#5771 = CARTESIAN_POINT ('', (98.5, 87.5000000000001, -3.5));
#5772 = CARTESIAN_POINT ('', (98.5, 93.5000000000001, -3.5));
#5773 = CARTESIAN_POINT ('', (92.5, 93.5000000000001, -3.5));
#5774 = (
   BOUNDED_SURFACE ()
   B_SPLINE_SURFACE (1, 2, ((#5764, #5765, #5766, #5767, #5768), (#5769, #5770, #5771, #5772, #5773)), .UNSPECIFIED., .F., .F., .U.)
   B_SPLINE_SURFACE_WITH_KNOTS ((2, 2), (3, 2, 3), (0.0833333333333338, 0.916666666666667), (0.5, 0.75, 1.), .UNSPECIFIED.)
   GEOMETRIC_REPRESENTATION_ITEM ()
   RATIONAL_B_SPLINE_SURFACE (((1., 0.707106781186548, 1., 0.707106781186548, 1.), (1., 0.707106781186548, 1., 0.707106781186548, 1.)))
   REPRESENTATION_ITEM ('')
   SURFACE ()
);
#5775 = ADVANCED_FACE ('', (#5763), #5774, .T.);
#5776 = CARTESIAN_POINT ('', (77.5, 81.5000000000001, -3.5));
#5777 = VERTEX_POINT ('', #5776);
#5778 = CARTESIAN_POINT ('', (77.5, 81.5000000000001, -5.));
#5779 = CARTESIAN_POINT ('', (77.5, 81.5000000000001, -3.5));
#5780 = B_SPLINE_CURVE_WITH_KNOTS ('', 1, (#5778, #5779), .UNSPECIFIED., .F., .U., (2, 2), (0.0833333333333338, 0.916666666666667), .UNSPECIFIED.);
#5781 = EDGE_CURVE ('', #1067, #5777, #5780, .T.);
#5782 = ORIENTED_EDGE ('', *, *, #5781, .T.);
#5783 = CARTESIAN_POINT ('', (77.5, 93.5000000000001, -3.5));
#5784 = VERTEX_POINT ('', #5783);
#5785 = CARTESIAN_POINT ('', (77.5, 81.5000000000001, -3.5));
#5786 = CARTESIAN_POINT ('', (83.5, 81.5000000000001, -3.5));
#5787 = CARTESIAN_POINT ('', (83.5, 87.5000000000001, -3.5));
#5788 = CARTESIAN_POINT ('', (83.5, 93.5000000000001, -3.5));
#5789 = CARTESIAN_POINT ('', (77.5, 93.5000000000001, -3.5));
#5790 = (
   BOUNDED_CURVE ()
   B_SPLINE_CURVE (2, (#5785, #5786, #5787, #5788, #5789), .UNSPECIFIED., .F., .U.)
   B_SPLINE_CURVE_WITH_KNOTS ((3, 2, 3), (0.5, 0.75, 1.), .UNSPECIFIED.)
   CURVE ()
   GEOMETRIC_REPRESENTATION_ITEM ()
   RATIONAL_B_SPLINE_CURVE ((1., 0.707106781186548, 1., 0.707106781186548, 1.))
   REPRESENTATION_ITEM ('')
);
#5791 = EDGE_CURVE ('', #5777, #5784, #5790, .T.);
#5792 = ORIENTED_EDGE ('', *, *, #5791, .T.);
#5793 = CARTESIAN_POINT ('', (77.5, 93.5000000000001, -5.));
#5794 = CARTESIAN_POINT ('', (77.5, 93.5000000000001, -3.5));
#5795 = B_SPLINE_CURVE_WITH_KNOTS ('', 1, (#5793, #5794), .UNSPECIFIED., .F., .U., (2, 2), (0.083333333333334, 0.916666666666667), .UNSPECIFIED.);
#5796 = EDGE_CURVE ('', #1065, #5784, #5795, .T.);
#5797 = ORIENTED_EDGE ('', *, *, #5796, .F.);
#5798 = ORIENTED_EDGE ('', *, *, #1082, .F.);
#5799 = EDGE_LOOP ('', (#5782, #5792, #5797, #5798));
#5800 = FACE_OUTER_BOUND ('', #5799, .T.);
#5801 = CARTESIAN_POINT ('', (77.5, 81.5000000000001, -5.));
#5802 = CARTESIAN_POINT ('', (83.5, 81.5000000000001, -5.));
#5803 = CARTESIAN_POINT ('', (83.5, 87.5000000000001, -5.));
#5804 = CARTESIAN_POINT ('', (83.5, 93.5000000000001, -5.));
#5805 = CARTESIAN_POINT ('', (77.5, 93.5000000000001, -5.));
#5806 = CARTESIAN_POINT ('', (77.5, 81.5000000000001, -3.5));
#5807 = CARTESIAN_POINT ('', (83.5, 81.5000000000001, -3.5));
#5808 = CARTESIAN_POINT ('', (83.5, 87.5000000000001, -3.5));
#5809 = CARTESIAN_POINT ('', (83.5, 93.5000000000001, -3.5));
#5810 = CARTESIAN_POINT ('', (77.5, 93.5000000000001, -3.5));
#5811 = (
   BOUNDED_SURFACE ()
   B_SPLINE_SURFACE (1, 2, ((#5801, #5802, #5803, #5804, #5805), (#5806, #5807, #5808, #5809, #5810)), .UNSPECIFIED., .F., .F., .U.)
   B_SPLINE_SURFACE_WITH_KNOTS ((2, 2), (3, 2, 3), (0.0833333333333338, 0.916666666666667), (0.5, 0.75, 1.), .UNSPECIFIED.)
   GEOMETRIC_REPRESENTATION_ITEM ()
   RATIONAL_B_SPLINE_SURFACE (((1., 0.707106781186548, 1., 0.707106781186548, 1.), (1., 0.707106781186548, 1., 0.707106781186548, 1.)))
   REPRESENTATION_ITEM ('')
   SURFACE ()
);
#5812 = ADVANCED_FACE ('', (#5800), #5811, .T.);
#5813 = CARTESIAN_POINT ('', (62.5, 81.5000000000001, -3.5));
#5814 = VERTEX_POINT ('', #5813);
#5815 = CARTESIAN_POINT ('', (62.5, 81.5000000000001, -5.));
#5816 = CARTESIAN_POINT ('', (62.5, 81.5000000000001, -3.5));
#5817 = B_SPLINE_CURVE_WITH_KNOTS ('', 1, (#5815, #5816), .UNSPECIFIED., .F., .U., (2, 2), (0.0833333333333338, 0.916666666666667), .UNSPECIFIED.);
#5818 = EDGE_CURVE ('', #1045, #5814, #5817, .T.);
#5819 = ORIENTED_EDGE ('', *, *, #5818, .T.);
#5820 = CARTESIAN_POINT ('', (62.5, 93.5000000000001, -3.5));
#5821 = VERTEX_POINT ('', #5820);
#5822 = CARTESIAN_POINT ('', (62.5, 81.5000000000001, -3.5));
#5823 = CARTESIAN_POINT ('', (68.5, 81.5000000000001, -3.5));
#5824 = CARTESIAN_POINT ('', (68.5, 87.5000000000001, -3.5));
#5825 = CARTESIAN_POINT ('', (68.5, 93.5000000000001, -3.5));
#5826 = CARTESIAN_POINT ('', (62.5, 93.5000000000001, -3.5));
#5827 = (
   BOUNDED_CURVE ()
   B_SPLINE_CURVE (2, (#5822, #5823, #5824, #5825, #5826), .UNSPECIFIED., .F., .U.)
   B_SPLINE_CURVE_WITH_KNOTS ((3, 2, 3), (0.5, 0.75, 1.), .UNSPECIFIED.)
   CURVE ()
   GEOMETRIC_REPRESENTATION_ITEM ()
   RATIONAL_B_SPLINE_CURVE ((1., 0.707106781186548, 1., 0.707106781186548, 1.))
   REPRESENTATION_ITEM ('')
);
#5828 = EDGE_CURVE ('', #5814, #5821, #5827, .T.);
#5829 = ORIENTED_EDGE ('', *, *, #5828, .T.);
#5830 = CARTESIAN_POINT ('', (62.5, 93.5000000000001, -5.));
#5831 = CARTESIAN_POINT ('', (62.5, 93.5000000000001, -3.5));
#5832 = B_SPLINE_CURVE_WITH_KNOTS ('', 1, (#5830, #5831), .UNSPECIFIED., .F., .U., (2, 2), (0.083333333333334, 0.916666666666667), .UNSPECIFIED.);
#5833 = EDGE_CURVE ('', #1043, #5821, #5832, .T.);
#5834 = ORIENTED_EDGE ('', *, *, #5833, .F.);
#5835 = ORIENTED_EDGE ('', *, *, #1060, .F.);
#5836 = EDGE_LOOP ('', (#5819, #5829, #5834, #5835));
#5837 = FACE_OUTER_BOUND ('', #5836, .T.);
#5838 = CARTESIAN_POINT ('', (62.5, 81.5000000000001, -5.));
#5839 = CARTESIAN_POINT ('', (68.5, 81.5000000000001, -5.));
#5840 = CARTESIAN_POINT ('', (68.5, 87.5000000000001, -5.));
#5841 = CARTESIAN_POINT ('', (68.5, 93.5000000000001, -5.));
#5842 = CARTESIAN_POINT ('', (62.5, 93.5000000000001, -5.));
#5843 = CARTESIAN_POINT ('', (62.5, 81.5000000000001, -3.5));
#5844 = CARTESIAN_POINT ('', (68.5, 81.5000000000001, -3.5));
#5845 = CARTESIAN_POINT ('', (68.5, 87.5000000000001, -3.5));
#5846 = CARTESIAN_POINT ('', (68.5, 93.5000000000001, -3.5));
#5847 = CARTESIAN_POINT ('', (62.5, 93.5000000000001, -3.5));
#5848 = (
   BOUNDED_SURFACE ()
   B_SPLINE_SURFACE (1, 2, ((#5838, #5839, #5840, #5841, #5842), (#5843, #5844, #5845, #5846, #5847)), .UNSPECIFIED., .F., .F., .U.)
   B_SPLINE_SURFACE_WITH_KNOTS ((2, 2), (3, 2, 3), (0.0833333333333338, 0.916666666666667), (0.5, 0.75, 1.), .UNSPECIFIED.)
   GEOMETRIC_REPRESENTATION_ITEM ()
   RATIONAL_B_SPLINE_SURFACE (((1., 0.707106781186548, 1., 0.707106781186548, 1.), (1., 0.707106781186548, 1., 0.707106781186548, 1.)))
   REPRESENTATION_ITEM ('')
   SURFACE ()
);
#5849 = ADVANCED_FACE ('', (#5837), #5848, .T.);
#5850 = CARTESIAN_POINT ('', (47.5, 81.5000000000001, -3.5));
#5851 = VERTEX_POINT ('', #5850);
#5852 = CARTESIAN_POINT ('', (47.5, 81.5000000000001, -5.));
#5853 = CARTESIAN_POINT ('', (47.5, 81.5000000000001, -3.5));
#5854 = B_SPLINE_CURVE_WITH_KNOTS ('', 1, (#5852, #5853), .UNSPECIFIED., .F., .U., (2, 2), (0.0833333333333338, 0.916666666666667), .UNSPECIFIED.);
#5855 = EDGE_CURVE ('', #1023, #5851, #5854, .T.);
#5856 = ORIENTED_EDGE ('', *, *, #5855, .T.);
#5857 = CARTESIAN_POINT ('', (47.5, 93.5000000000001, -3.5));
#5858 = VERTEX_POINT ('', #5857);
#5859 = CARTESIAN_POINT ('', (47.5, 81.5000000000001, -3.5));
#5860 = CARTESIAN_POINT ('', (53.5, 81.5000000000001, -3.5));
#5861 = CARTESIAN_POINT ('', (53.5, 87.5000000000001, -3.5));
#5862 = CARTESIAN_POINT ('', (53.5, 93.5000000000001, -3.5));
#5863 = CARTESIAN_POINT ('', (47.5, 93.5000000000001, -3.5));
#5864 = (
   BOUNDED_CURVE ()
   B_SPLINE_CURVE (2, (#5859, #5860, #5861, #5862, #5863), .UNSPECIFIED., .F., .U.)
   B_SPLINE_CURVE_WITH_KNOTS ((3, 2, 3), (0.5, 0.75, 1.), .UNSPECIFIED.)
   CURVE ()
   GEOMETRIC_REPRESENTATION_ITEM ()
   RATIONAL_B_SPLINE_CURVE ((1., 0.707106781186548, 1., 0.707106781186548, 1.))
   REPRESENTATION_ITEM ('')
);
#5865 = EDGE_CURVE ('', #5851, #5858, #5864, .T.);
#5866 = ORIENTED_EDGE ('', *, *, #5865, .T.);
#5867 = CARTESIAN_POINT ('', (47.5, 93.5000000000001, -5.));
#5868 = CARTESIAN_POINT ('', (47.5, 93.5000000000001, -3.5));
#5869 = B_SPLINE_CURVE_WITH_KNOTS ('', 1, (#5867, #5868), .UNSPECIFIED., .F., .U., (2, 2), (0.083333333333334, 0.916666666666667), .UNSPECIFIED.);
#5870 = EDGE_CURVE ('', #1021, #5858, #5869, .T.);
#5871 = ORIENTED_EDGE ('', *, *, #5870, .F.);
#5872 = ORIENTED_EDGE ('', *, *, #1038, .F.);
#5873 = EDGE_LOOP ('', (#5856, #5866, #5871, #5872));
#5874 = FACE_OUTER_BOUND ('', #5873, .T.);
#5875 = CARTESIAN_POINT ('', (47.5, 81.5000000000001, -5.));
#5876 = CARTESIAN_POINT ('', (53.5, 81.5000000000001, -5.));
#5877 = CARTESIAN_POINT ('', (53.5, 87.5000000000001, -5.));
#5878 = CARTESIAN_POINT ('', (53.5, 93.5000000000001, -5.));
#5879 = CARTESIAN_POINT ('', (47.5, 93.5000000000001, -5.));
#5880 = CARTESIAN_POINT ('', (47.5, 81.5000000000001, -3.5));
#5881 = CARTESIAN_POINT ('', (53.5, 81.5000000000001, -3.5));
#5882 = CARTESIAN_POINT ('', (53.5, 87.5000000000001, -3.5));
#5883 = CARTESIAN_POINT ('', (53.5, 93.5000000000001, -3.5));
#5884 = CARTESIAN_POINT ('', (47.5, 93.5000000000001, -3.5));
#5885 = (
   BOUNDED_SURFACE ()
   B_SPLINE_SURFACE (1, 2, ((#5875, #5876, #5877, #5878, #5879), (#5880, #5881, #5882, #5883, #5884)), .UNSPECIFIED., .F., .F., .U.)
   B_SPLINE_SURFACE_WITH_KNOTS ((2, 2), (3, 2, 3), (0.0833333333333338, 0.916666666666667), (0.5, 0.75, 1.), .UNSPECIFIED.)
   GEOMETRIC_REPRESENTATION_ITEM ()
   RATIONAL_B_SPLINE_SURFACE (((1., 0.707106781186548, 1., 0.707106781186548, 1.), (1., 0.707106781186548, 1., 0.707106781186548, 1.)))
   REPRESENTATION_ITEM ('')
   SURFACE ()
);
#5886 = ADVANCED_FACE ('', (#5874), #5885, .T.);
#5887 = CARTESIAN_POINT ('', (32.5, 81.5000000000001, -3.5));
#5888 = VERTEX_POINT ('', #5887);
#5889 = CARTESIAN_POINT ('', (32.5, 81.5000000000001, -5.));
#5890 = CARTESIAN_POINT ('', (32.5, 81.5000000000001, -3.5));
#5891 = B_SPLINE_CURVE_WITH_KNOTS ('', 1, (#5889, #5890), .UNSPECIFIED., .F., .U., (2, 2), (0.0833333333333338, 0.916666666666667), .UNSPECIFIED.);
#5892 = EDGE_CURVE ('', #1001, #5888, #5891, .T.);
#5893 = ORIENTED_EDGE ('', *, *, #5892, .T.);
#5894 = CARTESIAN_POINT ('', (32.5, 93.5000000000001, -3.5));
#5895 = VERTEX_POINT ('', #5894);
#5896 = CARTESIAN_POINT ('', (32.5, 81.5000000000001, -3.5));
#5897 = CARTESIAN_POINT ('', (38.5, 81.5000000000001, -3.5));
#5898 = CARTESIAN_POINT ('', (38.5, 87.5000000000001, -3.5));
#5899 = CARTESIAN_POINT ('', (38.5, 93.5000000000001, -3.5));
#5900 = CARTESIAN_POINT ('', (32.5, 93.5000000000001, -3.5));
#5901 = (
   BOUNDED_CURVE ()
   B_SPLINE_CURVE (2, (#5896, #5897, #5898, #5899, #5900), .UNSPECIFIED., .F., .U.)
   B_SPLINE_CURVE_WITH_KNOTS ((3, 2, 3), (0.5, 0.75, 1.), .UNSPECIFIED.)
   CURVE ()
   GEOMETRIC_REPRESENTATION_ITEM ()
   RATIONAL_B_SPLINE_CURVE ((1., 0.707106781186548, 1., 0.707106781186548, 1.))
   REPRESENTATION_ITEM ('')
);
#5902 = EDGE_CURVE ('', #5888, #5895, #5901, .T.);
#5903 = ORIENTED_EDGE ('', *, *, #5902, .T.);
#5904 = CARTESIAN_POINT ('', (32.5, 93.5000000000001, -5.));
#5905 = CARTESIAN_POINT ('', (32.5, 93.5000000000001, -3.5));
#5906 = B_SPLINE_CURVE_WITH_KNOTS ('', 1, (#5904, #5905), .UNSPECIFIED., .F., .U., (2, 2), (0.083333333333334, 0.916666666666667), .UNSPECIFIED.);
#5907 = EDGE_CURVE ('', #999, #5895, #5906, .T.);
#5908 = ORIENTED_EDGE ('', *, *, #5907, .F.);
#5909 = ORIENTED_EDGE ('', *, *, #1016, .F.);
#5910 = EDGE_LOOP ('', (#5893, #5903, #5908, #5909));
#5911 = FACE_OUTER_BOUND ('', #5910, .T.);
#5912 = CARTESIAN_POINT ('', (32.5, 81.5000000000001, -5.));
#5913 = CARTESIAN_POINT ('', (38.5, 81.5000000000001, -5.));
#5914 = CARTESIAN_POINT ('', (38.5, 87.5000000000001, -5.));
#5915 = CARTESIAN_POINT ('', (38.5, 93.5000000000001, -5.));
#5916 = CARTESIAN_POINT ('', (32.5, 93.5000000000001, -5.));
#5917 = CARTESIAN_POINT ('', (32.5, 81.5000000000001, -3.5));
#5918 = CARTESIAN_POINT ('', (38.5, 81.5000000000001, -3.5));
#5919 = CARTESIAN_POINT ('', (38.5, 87.5000000000001, -3.5));
#5920 = CARTESIAN_POINT ('', (38.5, 93.5000000000001, -3.5));
#5921 = CARTESIAN_POINT ('', (32.5, 93.5000000000001, -3.5));
#5922 = (
   BOUNDED_SURFACE ()
   B_SPLINE_SURFACE (1, 2, ((#5912, #5913, #5914, #5915, #5916), (#5917, #5918, #5919, #5920, #5921)), .UNSPECIFIED., .F., .F., .U.)
   B_SPLINE_SURFACE_WITH_KNOTS ((2, 2), (3, 2, 3), (0.0833333333333338, 0.916666666666667), (0.5, 0.75, 1.), .UNSPECIFIED.)
   GEOMETRIC_REPRESENTATION_ITEM ()
   RATIONAL_B_SPLINE_SURFACE (((1., 0.707106781186548, 1., 0.707106781186548, 1.), (1., 0.707106781186548, 1., 0.707106781186548, 1.)))
   REPRESENTATION_ITEM ('')
   SURFACE ()
);
#5923 = ADVANCED_FACE ('', (#5911), #5922, .T.);
#5924 = CARTESIAN_POINT ('', (85., 68.7500000000001, -3.5));
#5925 = VERTEX_POINT ('', #5924);
#5926 = CARTESIAN_POINT ('', (85., 68.7500000000001, -5.));
#5927 = CARTESIAN_POINT ('', (85., 68.7500000000001, -3.5));
#5928 = B_SPLINE_CURVE_WITH_KNOTS ('', 1, (#5926, #5927), .UNSPECIFIED., .F., .U., (2, 2), (0.0833333333333338, 0.916666666666667), .UNSPECIFIED.);
#5929 = EDGE_CURVE ('', #979, #5925, #5928, .T.);
#5930 = ORIENTED_EDGE ('', *, *, #5929, .T.);
#5931 = CARTESIAN_POINT ('', (85., 80.7500000000001, -3.5));
#5932 = VERTEX_POINT ('', #5931);
#5933 = CARTESIAN_POINT ('', (85., 68.7500000000001, -3.5));
#5934 = CARTESIAN_POINT ('', (91., 68.7500000000001, -3.5));
#5935 = CARTESIAN_POINT ('', (91., 74.7500000000001, -3.5));
#5936 = CARTESIAN_POINT ('', (91., 80.7500000000001, -3.5));
#5937 = CARTESIAN_POINT ('', (85., 80.7500000000001, -3.5));
#5938 = (
   BOUNDED_CURVE ()
   B_SPLINE_CURVE (2, (#5933, #5934, #5935, #5936, #5937), .UNSPECIFIED., .F., .U.)
   B_SPLINE_CURVE_WITH_KNOTS ((3, 2, 3), (0.5, 0.75, 1.), .UNSPECIFIED.)
   CURVE ()
   GEOMETRIC_REPRESENTATION_ITEM ()
   RATIONAL_B_SPLINE_CURVE ((1., 0.707106781186548, 1., 0.707106781186548, 1.))
   REPRESENTATION_ITEM ('')
);
#5939 = EDGE_CURVE ('', #5925, #5932, #5938, .T.);
#5940 = ORIENTED_EDGE ('', *, *, #5939, .T.);
#5941 = CARTESIAN_POINT ('', (85., 80.7500000000001, -5.));
#5942 = CARTESIAN_POINT ('', (85., 80.7500000000001, -3.5));
#5943 = B_SPLINE_CURVE_WITH_KNOTS ('', 1, (#5941, #5942), .UNSPECIFIED., .F., .U., (2, 2), (0.083333333333334, 0.916666666666667), .UNSPECIFIED.);
#5944 = EDGE_CURVE ('', #977, #5932, #5943, .T.);
#5945 = ORIENTED_EDGE ('', *, *, #5944, .F.);
#5946 = ORIENTED_EDGE ('', *, *, #994, .F.);
#5947 = EDGE_LOOP ('', (#5930, #5940, #5945, #5946));
#5948 = FACE_OUTER_BOUND ('', #5947, .T.);
#5949 = CARTESIAN_POINT ('', (85., 68.7500000000001, -5.));
#5950 = CARTESIAN_POINT ('', (91., 68.7500000000001, -5.));
#5951 = CARTESIAN_POINT ('', (91., 74.7500000000001, -5.));
#5952 = CARTESIAN_POINT ('', (91., 80.7500000000001, -5.));
#5953 = CARTESIAN_POINT ('', (85., 80.7500000000001, -5.));
#5954 = CARTESIAN_POINT ('', (85., 68.7500000000001, -3.5));
#5955 = CARTESIAN_POINT ('', (91., 68.7500000000001, -3.5));
#5956 = CARTESIAN_POINT ('', (91., 74.7500000000001, -3.5));
#5957 = CARTESIAN_POINT ('', (91., 80.7500000000001, -3.5));
#5958 = CARTESIAN_POINT ('', (85., 80.7500000000001, -3.5));
#5959 = (
   BOUNDED_SURFACE ()
   B_SPLINE_SURFACE (1, 2, ((#5949, #5950, #5951, #5952, #5953), (#5954, #5955, #5956, #5957, #5958)), .UNSPECIFIED., .F., .F., .U.)
   B_SPLINE_SURFACE_WITH_KNOTS ((2, 2), (3, 2, 3), (0.0833333333333338, 0.916666666666667), (0.5, 0.75, 1.), .UNSPECIFIED.)
   GEOMETRIC_REPRESENTATION_ITEM ()
   RATIONAL_B_SPLINE_SURFACE (((1., 0.707106781186548, 1., 0.707106781186548, 1.), (1., 0.707106781186548, 1., 0.707106781186548, 1.)))
   REPRESENTATION_ITEM ('')
   SURFACE ()
);
#5960 = ADVANCED_FACE ('', (#5948), #5959, .T.);
#5961 = CARTESIAN_POINT ('', (92.5, 56.0000000000001, -3.5));
#5962 = VERTEX_POINT ('', #5961);
#5963 = CARTESIAN_POINT ('', (92.5, 56.0000000000001, -5.));
#5964 = CARTESIAN_POINT ('', (92.5, 56.0000000000001, -3.5));
#5965 = B_SPLINE_CURVE_WITH_KNOTS ('', 1, (#5963, #5964), .UNSPECIFIED., .F., .U., (2, 2), (0.0833333333333338, 0.916666666666667), .UNSPECIFIED.);
#5966 = EDGE_CURVE ('', #957, #5962, #5965, .T.);
#5967 = ORIENTED_EDGE ('', *, *, #5966, .T.);
#5968 = CARTESIAN_POINT ('', (92.5, 68.0000000000001, -3.5));
#5969 = VERTEX_POINT ('', #5968);
#5970 = CARTESIAN_POINT ('', (92.5, 56.0000000000001, -3.5));
#5971 = CARTESIAN_POINT ('', (98.5, 56.0000000000001, -3.5));
#5972 = CARTESIAN_POINT ('', (98.5, 62.0000000000001, -3.5));
#5973 = CARTESIAN_POINT ('', (98.5, 68.0000000000001, -3.5));
#5974 = CARTESIAN_POINT ('', (92.5, 68.0000000000001, -3.5));
#5975 = (
   BOUNDED_CURVE ()
   B_SPLINE_CURVE (2, (#5970, #5971, #5972, #5973, #5974), .UNSPECIFIED., .F., .U.)
   B_SPLINE_CURVE_WITH_KNOTS ((3, 2, 3), (0.5, 0.75, 1.), .UNSPECIFIED.)
   CURVE ()
   GEOMETRIC_REPRESENTATION_ITEM ()
   RATIONAL_B_SPLINE_CURVE ((1., 0.707106781186548, 1., 0.707106781186548, 1.))
   REPRESENTATION_ITEM ('')
);
#5976 = EDGE_CURVE ('', #5962, #5969, #5975, .T.);
#5977 = ORIENTED_EDGE ('', *, *, #5976, .T.);
#5978 = CARTESIAN_POINT ('', (92.5, 68.0000000000001, -5.));
#5979 = CARTESIAN_POINT ('', (92.5, 68.0000000000001, -3.5));
#5980 = B_SPLINE_CURVE_WITH_KNOTS ('', 1, (#5978, #5979), .UNSPECIFIED., .F., .U., (2, 2), (0.083333333333334, 0.916666666666667), .UNSPECIFIED.);
#5981 = EDGE_CURVE ('', #955, #5969, #5980, .T.);
#5982 = ORIENTED_EDGE ('', *, *, #5981, .F.);
#5983 = ORIENTED_EDGE ('', *, *, #972, .F.);
#5984 = EDGE_LOOP ('', (#5967, #5977, #5982, #5983));
#5985 = FACE_OUTER_BOUND ('', #5984, .T.);
#5986 = CARTESIAN_POINT ('', (92.5, 56.0000000000001, -5.));
#5987 = CARTESIAN_POINT ('', (98.5, 56.0000000000001, -5.));
#5988 = CARTESIAN_POINT ('', (98.5, 62.0000000000001, -5.));
#5989 = CARTESIAN_POINT ('', (98.5, 68.0000000000001, -5.));
#5990 = CARTESIAN_POINT ('', (92.5, 68.0000000000001, -5.));
#5991 = CARTESIAN_POINT ('', (92.5, 56.0000000000001, -3.5));
#5992 = CARTESIAN_POINT ('', (98.5, 56.0000000000001, -3.5));
#5993 = CARTESIAN_POINT ('', (98.5, 62.0000000000001, -3.5));
#5994 = CARTESIAN_POINT ('', (98.5, 68.0000000000001, -3.5));
#5995 = CARTESIAN_POINT ('', (92.5, 68.0000000000001, -3.5));
#5996 = (
   BOUNDED_SURFACE ()
   B_SPLINE_SURFACE (1, 2, ((#5986, #5987, #5988, #5989, #5990), (#5991, #5992, #5993, #5994, #5995)), .UNSPECIFIED., .F., .F., .U.)
   B_SPLINE_SURFACE_WITH_KNOTS ((2, 2), (3, 2, 3), (0.0833333333333338, 0.916666666666667), (0.5, 0.75, 1.), .UNSPECIFIED.)
   GEOMETRIC_REPRESENTATION_ITEM ()
   RATIONAL_B_SPLINE_SURFACE (((1., 0.707106781186548, 1., 0.707106781186548, 1.), (1., 0.707106781186548, 1., 0.707106781186548, 1.)))
   REPRESENTATION_ITEM ('')
   SURFACE ()
);
#5997 = ADVANCED_FACE ('', (#5985), #5996, .T.);
#5998 = CARTESIAN_POINT ('', (77.5, 56.0000000000001, -3.5));
#5999 = VERTEX_POINT ('', #5998);
#6000 = CARTESIAN_POINT ('', (77.5, 56.0000000000001, -5.));
#6001 = CARTESIAN_POINT ('', (77.5, 56.0000000000001, -3.5));
#6002 = B_SPLINE_CURVE_WITH_KNOTS ('', 1, (#6000, #6001), .UNSPECIFIED., .F., .U., (2, 2), (0.0833333333333338, 0.916666666666667), .UNSPECIFIED.);
#6003 = EDGE_CURVE ('', #935, #5999, #6002, .T.);
#6004 = ORIENTED_EDGE ('', *, *, #6003, .T.);
#6005 = CARTESIAN_POINT ('', (77.5, 68.0000000000001, -3.5));
#6006 = VERTEX_POINT ('', #6005);
#6007 = CARTESIAN_POINT ('', (77.5, 56.0000000000001, -3.5));
#6008 = CARTESIAN_POINT ('', (83.5, 56.0000000000001, -3.5));
#6009 = CARTESIAN_POINT ('', (83.5, 62.0000000000001, -3.5));
#6010 = CARTESIAN_POINT ('', (83.5, 68.0000000000001, -3.5));
#6011 = CARTESIAN_POINT ('', (77.5, 68.0000000000001, -3.5));
#6012 = (
   BOUNDED_CURVE ()
   B_SPLINE_CURVE (2, (#6007, #6008, #6009, #6010, #6011), .UNSPECIFIED., .F., .U.)
   B_SPLINE_CURVE_WITH_KNOTS ((3, 2, 3), (0.5, 0.75, 1.), .UNSPECIFIED.)
   CURVE ()
   GEOMETRIC_REPRESENTATION_ITEM ()
   RATIONAL_B_SPLINE_CURVE ((1., 0.707106781186548, 1., 0.707106781186548, 1.))
   REPRESENTATION_ITEM ('')
);
#6013 = EDGE_CURVE ('', #5999, #6006, #6012, .T.);
#6014 = ORIENTED_EDGE ('', *, *, #6013, .T.);
#6015 = CARTESIAN_POINT ('', (77.5, 68.0000000000001, -5.));
#6016 = CARTESIAN_POINT ('', (77.5, 68.0000000000001, -3.5));
#6017 = B_SPLINE_CURVE_WITH_KNOTS ('', 1, (#6015, #6016), .UNSPECIFIED., .F., .U., (2, 2), (0.083333333333334, 0.916666666666667), .UNSPECIFIED.);
#6018 = EDGE_CURVE ('', #933, #6006, #6017, .T.);
#6019 = ORIENTED_EDGE ('', *, *, #6018, .F.);
#6020 = ORIENTED_EDGE ('', *, *, #950, .F.);
#6021 = EDGE_LOOP ('', (#6004, #6014, #6019, #6020));
#6022 = FACE_OUTER_BOUND ('', #6021, .T.);
#6023 = CARTESIAN_POINT ('', (77.5, 56.0000000000001, -5.));
#6024 = CARTESIAN_POINT ('', (83.5, 56.0000000000001, -5.));
#6025 = CARTESIAN_POINT ('', (83.5, 62.0000000000001, -5.));
#6026 = CARTESIAN_POINT ('', (83.5, 68.0000000000001, -5.));
#6027 = CARTESIAN_POINT ('', (77.5, 68.0000000000001, -5.));
#6028 = CARTESIAN_POINT ('', (77.5, 56.0000000000001, -3.5));
#6029 = CARTESIAN_POINT ('', (83.5, 56.0000000000001, -3.5));
#6030 = CARTESIAN_POINT ('', (83.5, 62.0000000000001, -3.5));
#6031 = CARTESIAN_POINT ('', (83.5, 68.0000000000001, -3.5));
#6032 = CARTESIAN_POINT ('', (77.5, 68.0000000000001, -3.5));
#6033 = (
   BOUNDED_SURFACE ()
   B_SPLINE_SURFACE (1, 2, ((#6023, #6024, #6025, #6026, #6027), (#6028, #6029, #6030, #6031, #6032)), .UNSPECIFIED., .F., .F., .U.)
   B_SPLINE_SURFACE_WITH_KNOTS ((2, 2), (3, 2, 3), (0.0833333333333338, 0.916666666666667), (0.5, 0.75, 1.), .UNSPECIFIED.)
   GEOMETRIC_REPRESENTATION_ITEM ()
   RATIONAL_B_SPLINE_SURFACE (((1., 0.707106781186548, 1., 0.707106781186548, 1.), (1., 0.707106781186548, 1., 0.707106781186548, 1.)))
   REPRESENTATION_ITEM ('')
   SURFACE ()
);
#6034 = ADVANCED_FACE ('', (#6022), #6033, .T.);
#6035 = CARTESIAN_POINT ('', (70., 68.7500000000001, -3.5));
#6036 = VERTEX_POINT ('', #6035);
#6037 = CARTESIAN_POINT ('', (70., 68.7500000000001, -5.));
#6038 = CARTESIAN_POINT ('', (70., 68.7500000000001, -3.5));
#6039 = B_SPLINE_CURVE_WITH_KNOTS ('', 1, (#6037, #6038), .UNSPECIFIED., .F., .U., (2, 2), (0.0833333333333338, 0.916666666666667), .UNSPECIFIED.);
#6040 = EDGE_CURVE ('', #913, #6036, #6039, .T.);
#6041 = ORIENTED_EDGE ('', *, *, #6040, .T.);
#6042 = CARTESIAN_POINT ('', (70., 80.7500000000001, -3.5));
#6043 = VERTEX_POINT ('', #6042);
#6044 = CARTESIAN_POINT ('', (70., 68.7500000000001, -3.5));
#6045 = CARTESIAN_POINT ('', (76., 68.7500000000001, -3.5));
#6046 = CARTESIAN_POINT ('', (76., 74.7500000000001, -3.5));
#6047 = CARTESIAN_POINT ('', (76., 80.7500000000001, -3.5));
#6048 = CARTESIAN_POINT ('', (70., 80.7500000000001, -3.5));
#6049 = (
   BOUNDED_CURVE ()
   B_SPLINE_CURVE (2, (#6044, #6045, #6046, #6047, #6048), .UNSPECIFIED., .F., .U.)
   B_SPLINE_CURVE_WITH_KNOTS ((3, 2, 3), (0.5, 0.75, 1.), .UNSPECIFIED.)
   CURVE ()
   GEOMETRIC_REPRESENTATION_ITEM ()
   RATIONAL_B_SPLINE_CURVE ((1., 0.707106781186548, 1., 0.707106781186548, 1.))
   REPRESENTATION_ITEM ('')
);
#6050 = EDGE_CURVE ('', #6036, #6043, #6049, .T.);
#6051 = ORIENTED_EDGE ('', *, *, #6050, .T.);
#6052 = CARTESIAN_POINT ('', (70., 80.7500000000001, -5.));
#6053 = CARTESIAN_POINT ('', (70., 80.7500000000001, -3.5));
#6054 = B_SPLINE_CURVE_WITH_KNOTS ('', 1, (#6052, #6053), .UNSPECIFIED., .F., .U., (2, 2), (0.083333333333334, 0.916666666666667), .UNSPECIFIED.);
#6055 = EDGE_CURVE ('', #911, #6043, #6054, .T.);
#6056 = ORIENTED_EDGE ('', *, *, #6055, .F.);
#6057 = ORIENTED_EDGE ('', *, *, #928, .F.);
#6058 = EDGE_LOOP ('', (#6041, #6051, #6056, #6057));
#6059 = FACE_OUTER_BOUND ('', #6058, .T.);
#6060 = CARTESIAN_POINT ('', (70., 68.7500000000001, -5.));
#6061 = CARTESIAN_POINT ('', (76., 68.7500000000001, -5.));
#6062 = CARTESIAN_POINT ('', (76., 74.7500000000001, -5.));
#6063 = CARTESIAN_POINT ('', (76., 80.7500000000001, -5.));
#6064 = CARTESIAN_POINT ('', (70., 80.7500000000001, -5.));
#6065 = CARTESIAN_POINT ('', (70., 68.7500000000001, -3.5));
#6066 = CARTESIAN_POINT ('', (76., 68.7500000000001, -3.5));
#6067 = CARTESIAN_POINT ('', (76., 74.7500000000001, -3.5));
#6068 = CARTESIAN_POINT ('', (76., 80.7500000000001, -3.5));
#6069 = CARTESIAN_POINT ('', (70., 80.7500000000001, -3.5));
#6070 = (
   BOUNDED_SURFACE ()
   B_SPLINE_SURFACE (1, 2, ((#6060, #6061, #6062, #6063, #6064), (#6065, #6066, #6067, #6068, #6069)), .UNSPECIFIED., .F., .F., .U.)
   B_SPLINE_SURFACE_WITH_KNOTS ((2, 2), (3, 2, 3), (0.0833333333333338, 0.916666666666667), (0.5, 0.75, 1.), .UNSPECIFIED.)
   GEOMETRIC_REPRESENTATION_ITEM ()
   RATIONAL_B_SPLINE_SURFACE (((1., 0.707106781186548, 1., 0.707106781186548, 1.), (1., 0.707106781186548, 1., 0.707106781186548, 1.)))
   REPRESENTATION_ITEM ('')
   SURFACE ()
);
#6071 = ADVANCED_FACE ('', (#6059), #6070, .T.);
#6072 = CARTESIAN_POINT ('', (55., 68.7500000000001, -3.5));
#6073 = VERTEX_POINT ('', #6072);
#6074 = CARTESIAN_POINT ('', (55., 68.7500000000001, -5.));
#6075 = CARTESIAN_POINT ('', (55., 68.7500000000001, -3.5));
#6076 = B_SPLINE_CURVE_WITH_KNOTS ('', 1, (#6074, #6075), .UNSPECIFIED., .F., .U., (2, 2), (0.0833333333333338, 0.916666666666667), .UNSPECIFIED.);
#6077 = EDGE_CURVE ('', #891, #6073, #6076, .T.);
#6078 = ORIENTED_EDGE ('', *, *, #6077, .T.);
#6079 = CARTESIAN_POINT ('', (55., 80.7500000000001, -3.5));
#6080 = VERTEX_POINT ('', #6079);
#6081 = CARTESIAN_POINT ('', (55., 68.7500000000001, -3.5));
#6082 = CARTESIAN_POINT ('', (61., 68.7500000000001, -3.5));
#6083 = CARTESIAN_POINT ('', (61., 74.7500000000001, -3.5));
#6084 = CARTESIAN_POINT ('', (61., 80.7500000000001, -3.5));
#6085 = CARTESIAN_POINT ('', (55., 80.7500000000001, -3.5));
#6086 = (
   BOUNDED_CURVE ()
   B_SPLINE_CURVE (2, (#6081, #6082, #6083, #6084, #6085), .UNSPECIFIED., .F., .U.)
   B_SPLINE_CURVE_WITH_KNOTS ((3, 2, 3), (0.5, 0.75, 1.), .UNSPECIFIED.)
   CURVE ()
   GEOMETRIC_REPRESENTATION_ITEM ()
   RATIONAL_B_SPLINE_CURVE ((1., 0.707106781186548, 1., 0.707106781186548, 1.))
   REPRESENTATION_ITEM ('')
);
#6087 = EDGE_CURVE ('', #6073, #6080, #6086, .T.);
#6088 = ORIENTED_EDGE ('', *, *, #6087, .T.);
#6089 = CARTESIAN_POINT ('', (55., 80.7500000000001, -5.));
#6090 = CARTESIAN_POINT ('', (55., 80.7500000000001, -3.5));
#6091 = B_SPLINE_CURVE_WITH_KNOTS ('', 1, (#6089, #6090), .UNSPECIFIED., .F., .U., (2, 2), (0.083333333333334, 0.916666666666667), .UNSPECIFIED.);
#6092 = EDGE_CURVE ('', #889, #6080, #6091, .T.);
#6093 = ORIENTED_EDGE ('', *, *, #6092, .F.);
#6094 = ORIENTED_EDGE ('', *, *, #906, .F.);
#6095 = EDGE_LOOP ('', (#6078, #6088, #6093, #6094));
#6096 = FACE_OUTER_BOUND ('', #6095, .T.);
#6097 = CARTESIAN_POINT ('', (55., 68.7500000000001, -5.));
#6098 = CARTESIAN_POINT ('', (61., 68.7500000000001, -5.));
#6099 = CARTESIAN_POINT ('', (61., 74.7500000000001, -5.));
#6100 = CARTESIAN_POINT ('', (61., 80.7500000000001, -5.));
#6101 = CARTESIAN_POINT ('', (55., 80.7500000000001, -5.));
#6102 = CARTESIAN_POINT ('', (55., 68.7500000000001, -3.5));
#6103 = CARTESIAN_POINT ('', (61., 68.7500000000001, -3.5));
#6104 = CARTESIAN_POINT ('', (61., 74.7500000000001, -3.5));
#6105 = CARTESIAN_POINT ('', (61., 80.7500000000001, -3.5));
#6106 = CARTESIAN_POINT ('', (55., 80.7500000000001, -3.5));
#6107 = (
   BOUNDED_SURFACE ()
   B_SPLINE_SURFACE (1, 2, ((#6097, #6098, #6099, #6100, #6101), (#6102, #6103, #6104, #6105, #6106)), .UNSPECIFIED., .F., .F., .U.)
   B_SPLINE_SURFACE_WITH_KNOTS ((2, 2), (3, 2, 3), (0.0833333333333338, 0.916666666666667), (0.5, 0.75, 1.), .UNSPECIFIED.)
   GEOMETRIC_REPRESENTATION_ITEM ()
   RATIONAL_B_SPLINE_SURFACE (((1., 0.707106781186548, 1., 0.707106781186548, 1.), (1., 0.707106781186548, 1., 0.707106781186548, 1.)))
   REPRESENTATION_ITEM ('')
   SURFACE ()
);
#6108 = ADVANCED_FACE ('', (#6096), #6107, .T.);
#6109 = CARTESIAN_POINT ('', (62.5, 56.0000000000001, -3.5));
#6110 = VERTEX_POINT ('', #6109);
#6111 = CARTESIAN_POINT ('', (62.5, 56.0000000000001, -5.));
#6112 = CARTESIAN_POINT ('', (62.5, 56.0000000000001, -3.5));
#6113 = B_SPLINE_CURVE_WITH_KNOTS ('', 1, (#6111, #6112), .UNSPECIFIED., .F., .U., (2, 2), (0.0833333333333338, 0.916666666666667), .UNSPECIFIED.);
#6114 = EDGE_CURVE ('', #869, #6110, #6113, .T.);
#6115 = ORIENTED_EDGE ('', *, *, #6114, .T.);
#6116 = CARTESIAN_POINT ('', (62.5, 68.0000000000001, -3.5));
#6117 = VERTEX_POINT ('', #6116);
#6118 = CARTESIAN_POINT ('', (62.5, 56.0000000000001, -3.5));
#6119 = CARTESIAN_POINT ('', (68.5, 56.0000000000001, -3.5));
#6120 = CARTESIAN_POINT ('', (68.5, 62.0000000000001, -3.5));
#6121 = CARTESIAN_POINT ('', (68.5, 68.0000000000001, -3.5));
#6122 = CARTESIAN_POINT ('', (62.5, 68.0000000000001, -3.5));
#6123 = (
   BOUNDED_CURVE ()
   B_SPLINE_CURVE (2, (#6118, #6119, #6120, #6121, #6122), .UNSPECIFIED., .F., .U.)
   B_SPLINE_CURVE_WITH_KNOTS ((3, 2, 3), (0.5, 0.75, 1.), .UNSPECIFIED.)
   CURVE ()
   GEOMETRIC_REPRESENTATION_ITEM ()
   RATIONAL_B_SPLINE_CURVE ((1., 0.707106781186548, 1., 0.707106781186548, 1.))
   REPRESENTATION_ITEM ('')
);
#6124 = EDGE_CURVE ('', #6110, #6117, #6123, .T.);
#6125 = ORIENTED_EDGE ('', *, *, #6124, .T.);
#6126 = CARTESIAN_POINT ('', (62.5, 68.0000000000001, -5.));
#6127 = CARTESIAN_POINT ('', (62.5, 68.0000000000001, -3.5));
#6128 = B_SPLINE_CURVE_WITH_KNOTS ('', 1, (#6126, #6127), .UNSPECIFIED., .F., .U., (2, 2), (0.083333333333334, 0.916666666666667), .UNSPECIFIED.);
#6129 = EDGE_CURVE ('', #867, #6117, #6128, .T.);
#6130 = ORIENTED_EDGE ('', *, *, #6129, .F.);
#6131 = ORIENTED_EDGE ('', *, *, #884, .F.);
#6132 = EDGE_LOOP ('', (#6115, #6125, #6130, #6131));
#6133 = FACE_OUTER_BOUND ('', #6132, .T.);
#6134 = CARTESIAN_POINT ('', (62.5, 56.0000000000001, -5.));
#6135 = CARTESIAN_POINT ('', (68.5, 56.0000000000001, -5.));
#6136 = CARTESIAN_POINT ('', (68.5, 62.0000000000001, -5.));
#6137 = CARTESIAN_POINT ('', (68.5, 68.0000000000001, -5.));
#6138 = CARTESIAN_POINT ('', (62.5, 68.0000000000001, -5.));
#6139 = CARTESIAN_POINT ('', (62.5, 56.0000000000001, -3.5));
#6140 = CARTESIAN_POINT ('', (68.5, 56.0000000000001, -3.5));
#6141 = CARTESIAN_POINT ('', (68.5, 62.0000000000001, -3.5));
#6142 = CARTESIAN_POINT ('', (68.5, 68.0000000000001, -3.5));
#6143 = CARTESIAN_POINT ('', (62.5, 68.0000000000001, -3.5));
#6144 = (
   BOUNDED_SURFACE ()
   B_SPLINE_SURFACE (1, 2, ((#6134, #6135, #6136, #6137, #6138), (#6139, #6140, #6141, #6142, #6143)), .UNSPECIFIED., .F., .F., .U.)
   B_SPLINE_SURFACE_WITH_KNOTS ((2, 2), (3, 2, 3), (0.0833333333333338, 0.916666666666667), (0.5, 0.75, 1.), .UNSPECIFIED.)
   GEOMETRIC_REPRESENTATION_ITEM ()
   RATIONAL_B_SPLINE_SURFACE (((1., 0.707106781186548, 1., 0.707106781186548, 1.), (1., 0.707106781186548, 1., 0.707106781186548, 1.)))
   REPRESENTATION_ITEM ('')
   SURFACE ()
);
#6145 = ADVANCED_FACE ('', (#6133), #6144, .T.);
#6146 = CARTESIAN_POINT ('', (47.5, 56.0000000000001, -3.5));
#6147 = VERTEX_POINT ('', #6146);
#6148 = CARTESIAN_POINT ('', (47.5, 56.0000000000001, -5.));
#6149 = CARTESIAN_POINT ('', (47.5, 56.0000000000001, -3.5));
#6150 = B_SPLINE_CURVE_WITH_KNOTS ('', 1, (#6148, #6149), .UNSPECIFIED., .F., .U., (2, 2), (0.0833333333333338, 0.916666666666667), .UNSPECIFIED.);
#6151 = EDGE_CURVE ('', #847, #6147, #6150, .T.);
#6152 = ORIENTED_EDGE ('', *, *, #6151, .T.);
#6153 = CARTESIAN_POINT ('', (47.5, 68.0000000000001, -3.5));
#6154 = VERTEX_POINT ('', #6153);
#6155 = CARTESIAN_POINT ('', (47.5, 56.0000000000001, -3.5));
#6156 = CARTESIAN_POINT ('', (53.5, 56.0000000000001, -3.5));
#6157 = CARTESIAN_POINT ('', (53.5, 62.0000000000001, -3.5));
#6158 = CARTESIAN_POINT ('', (53.5, 68.0000000000001, -3.5));
#6159 = CARTESIAN_POINT ('', (47.5, 68.0000000000001, -3.5));
#6160 = (
   BOUNDED_CURVE ()
   B_SPLINE_CURVE (2, (#6155, #6156, #6157, #6158, #6159), .UNSPECIFIED., .F., .U.)
   B_SPLINE_CURVE_WITH_KNOTS ((3, 2, 3), (0.5, 0.75, 1.), .UNSPECIFIED.)
   CURVE ()
   GEOMETRIC_REPRESENTATION_ITEM ()
   RATIONAL_B_SPLINE_CURVE ((1., 0.707106781186548, 1., 0.707106781186548, 1.))
   REPRESENTATION_ITEM ('')
);
#6161 = EDGE_CURVE ('', #6147, #6154, #6160, .T.);
#6162 = ORIENTED_EDGE ('', *, *, #6161, .T.);
#6163 = CARTESIAN_POINT ('', (47.5, 68.0000000000001, -5.));
#6164 = CARTESIAN_POINT ('', (47.5, 68.0000000000001, -3.5));
#6165 = B_SPLINE_CURVE_WITH_KNOTS ('', 1, (#6163, #6164), .UNSPECIFIED., .F., .U., (2, 2), (0.083333333333334, 0.916666666666667), .UNSPECIFIED.);
#6166 = EDGE_CURVE ('', #845, #6154, #6165, .T.);
#6167 = ORIENTED_EDGE ('', *, *, #6166, .F.);
#6168 = ORIENTED_EDGE ('', *, *, #862, .F.);
#6169 = EDGE_LOOP ('', (#6152, #6162, #6167, #6168));
#6170 = FACE_OUTER_BOUND ('', #6169, .T.);
#6171 = CARTESIAN_POINT ('', (47.5, 56.0000000000001, -5.));
#6172 = CARTESIAN_POINT ('', (53.5, 56.0000000000001, -5.));
#6173 = CARTESIAN_POINT ('', (53.5, 62.0000000000001, -5.));
#6174 = CARTESIAN_POINT ('', (53.5, 68.0000000000001, -5.));
#6175 = CARTESIAN_POINT ('', (47.5, 68.0000000000001, -5.));
#6176 = CARTESIAN_POINT ('', (47.5, 56.0000000000001, -3.5));
#6177 = CARTESIAN_POINT ('', (53.5, 56.0000000000001, -3.5));
#6178 = CARTESIAN_POINT ('', (53.5, 62.0000000000001, -3.5));
#6179 = CARTESIAN_POINT ('', (53.5, 68.0000000000001, -3.5));
#6180 = CARTESIAN_POINT ('', (47.5, 68.0000000000001, -3.5));
#6181 = (
   BOUNDED_SURFACE ()
   B_SPLINE_SURFACE (1, 2, ((#6171, #6172, #6173, #6174, #6175), (#6176, #6177, #6178, #6179, #6180)), .UNSPECIFIED., .F., .F., .U.)
   B_SPLINE_SURFACE_WITH_KNOTS ((2, 2), (3, 2, 3), (0.0833333333333338, 0.916666666666667), (0.5, 0.75, 1.), .UNSPECIFIED.)
   GEOMETRIC_REPRESENTATION_ITEM ()
   RATIONAL_B_SPLINE_SURFACE (((1., 0.707106781186548, 1., 0.707106781186548, 1.), (1., 0.707106781186548, 1., 0.707106781186548, 1.)))
   REPRESENTATION_ITEM ('')
   SURFACE ()
);
#6182 = ADVANCED_FACE ('', (#6170), #6181, .T.);
#6183 = CARTESIAN_POINT ('', (40., 68.7500000000001, -3.5));
#6184 = VERTEX_POINT ('', #6183);
#6185 = CARTESIAN_POINT ('', (40., 68.7500000000001, -5.));
#6186 = CARTESIAN_POINT ('', (40., 68.7500000000001, -3.5));
#6187 = B_SPLINE_CURVE_WITH_KNOTS ('', 1, (#6185, #6186), .UNSPECIFIED., .F., .U., (2, 2), (0.0833333333333338, 0.916666666666667), .UNSPECIFIED.);
#6188 = EDGE_CURVE ('', #825, #6184, #6187, .T.);
#6189 = ORIENTED_EDGE ('', *, *, #6188, .T.);
#6190 = CARTESIAN_POINT ('', (40., 80.7500000000001, -3.5));
#6191 = VERTEX_POINT ('', #6190);
#6192 = CARTESIAN_POINT ('', (40., 68.7500000000001, -3.5));
#6193 = CARTESIAN_POINT ('', (46., 68.7500000000001, -3.5));
#6194 = CARTESIAN_POINT ('', (46., 74.7500000000001, -3.5));
#6195 = CARTESIAN_POINT ('', (46., 80.7500000000001, -3.5));
#6196 = CARTESIAN_POINT ('', (40., 80.7500000000001, -3.5));
#6197 = (
   BOUNDED_CURVE ()
   B_SPLINE_CURVE (2, (#6192, #6193, #6194, #6195, #6196), .UNSPECIFIED., .F., .U.)
   B_SPLINE_CURVE_WITH_KNOTS ((3, 2, 3), (0.5, 0.75, 1.), .UNSPECIFIED.)
   CURVE ()
   GEOMETRIC_REPRESENTATION_ITEM ()
   RATIONAL_B_SPLINE_CURVE ((1., 0.707106781186548, 1., 0.707106781186548, 1.))
   REPRESENTATION_ITEM ('')
);
#6198 = EDGE_CURVE ('', #6184, #6191, #6197, .T.);
#6199 = ORIENTED_EDGE ('', *, *, #6198, .T.);
#6200 = CARTESIAN_POINT ('', (40., 80.7500000000001, -5.));
#6201 = CARTESIAN_POINT ('', (40., 80.7500000000001, -3.5));
#6202 = B_SPLINE_CURVE_WITH_KNOTS ('', 1, (#6200, #6201), .UNSPECIFIED., .F., .U., (2, 2), (0.083333333333334, 0.916666666666667), .UNSPECIFIED.);
#6203 = EDGE_CURVE ('', #823, #6191, #6202, .T.);
#6204 = ORIENTED_EDGE ('', *, *, #6203, .F.);
#6205 = ORIENTED_EDGE ('', *, *, #840, .F.);
#6206 = EDGE_LOOP ('', (#6189, #6199, #6204, #6205));
#6207 = FACE_OUTER_BOUND ('', #6206, .T.);
#6208 = CARTESIAN_POINT ('', (40., 68.7500000000001, -5.));
#6209 = CARTESIAN_POINT ('', (46., 68.7500000000001, -5.));
#6210 = CARTESIAN_POINT ('', (46., 74.7500000000001, -5.));
#6211 = CARTESIAN_POINT ('', (46., 80.7500000000001, -5.));
#6212 = CARTESIAN_POINT ('', (40., 80.7500000000001, -5.));
#6213 = CARTESIAN_POINT ('', (40., 68.7500000000001, -3.5));
#6214 = CARTESIAN_POINT ('', (46., 68.7500000000001, -3.5));
#6215 = CARTESIAN_POINT ('', (46., 74.7500000000001, -3.5));
#6216 = CARTESIAN_POINT ('', (46., 80.7500000000001, -3.5));
#6217 = CARTESIAN_POINT ('', (40., 80.7500000000001, -3.5));
#6218 = (
   BOUNDED_SURFACE ()
   B_SPLINE_SURFACE (1, 2, ((#6208, #6209, #6210, #6211, #6212), (#6213, #6214, #6215, #6216, #6217)), .UNSPECIFIED., .F., .F., .U.)
   B_SPLINE_SURFACE_WITH_KNOTS ((2, 2), (3, 2, 3), (0.0833333333333338, 0.916666666666667), (0.5, 0.75, 1.), .UNSPECIFIED.)
   GEOMETRIC_REPRESENTATION_ITEM ()
   RATIONAL_B_SPLINE_SURFACE (((1., 0.707106781186548, 1., 0.707106781186548, 1.), (1., 0.707106781186548, 1., 0.707106781186548, 1.)))
   REPRESENTATION_ITEM ('')
   SURFACE ()
);
#6219 = ADVANCED_FACE ('', (#6207), #6218, .T.);
#6220 = CARTESIAN_POINT ('', (25., 68.7500000000001, -3.5));
#6221 = VERTEX_POINT ('', #6220);
#6222 = CARTESIAN_POINT ('', (25., 68.7500000000001, -5.));
#6223 = CARTESIAN_POINT ('', (25., 68.7500000000001, -3.5));
#6224 = B_SPLINE_CURVE_WITH_KNOTS ('', 1, (#6222, #6223), .UNSPECIFIED., .F., .U., (2, 2), (0.0833333333333338, 0.916666666666667), .UNSPECIFIED.);
#6225 = EDGE_CURVE ('', #803, #6221, #6224, .T.);
#6226 = ORIENTED_EDGE ('', *, *, #6225, .T.);
#6227 = CARTESIAN_POINT ('', (25., 80.7500000000001, -3.5));
#6228 = VERTEX_POINT ('', #6227);
#6229 = CARTESIAN_POINT ('', (25., 68.7500000000001, -3.5));
#6230 = CARTESIAN_POINT ('', (31., 68.7500000000001, -3.5));
#6231 = CARTESIAN_POINT ('', (31., 74.7500000000001, -3.5));
#6232 = CARTESIAN_POINT ('', (31., 80.7500000000001, -3.5));
#6233 = CARTESIAN_POINT ('', (25., 80.7500000000001, -3.5));
#6234 = (
   BOUNDED_CURVE ()
   B_SPLINE_CURVE (2, (#6229, #6230, #6231, #6232, #6233), .UNSPECIFIED., .F., .U.)
   B_SPLINE_CURVE_WITH_KNOTS ((3, 2, 3), (0.5, 0.75, 1.), .UNSPECIFIED.)
   CURVE ()
   GEOMETRIC_REPRESENTATION_ITEM ()
   RATIONAL_B_SPLINE_CURVE ((1., 0.707106781186548, 1., 0.707106781186548, 1.))
   REPRESENTATION_ITEM ('')
);
#6235 = EDGE_CURVE ('', #6221, #6228, #6234, .T.);
#6236 = ORIENTED_EDGE ('', *, *, #6235, .T.);
#6237 = CARTESIAN_POINT ('', (25., 80.7500000000001, -5.));
#6238 = CARTESIAN_POINT ('', (25., 80.7500000000001, -3.5));
#6239 = B_SPLINE_CURVE_WITH_KNOTS ('', 1, (#6237, #6238), .UNSPECIFIED., .F., .U., (2, 2), (0.083333333333334, 0.916666666666667), .UNSPECIFIED.);
#6240 = EDGE_CURVE ('', #801, #6228, #6239, .T.);
#6241 = ORIENTED_EDGE ('', *, *, #6240, .F.);
#6242 = ORIENTED_EDGE ('', *, *, #818, .F.);
#6243 = EDGE_LOOP ('', (#6226, #6236, #6241, #6242));
#6244 = FACE_OUTER_BOUND ('', #6243, .T.);
#6245 = CARTESIAN_POINT ('', (25., 68.7500000000001, -5.));
#6246 = CARTESIAN_POINT ('', (31., 68.7500000000001, -5.));
#6247 = CARTESIAN_POINT ('', (31., 74.7500000000001, -5.));
#6248 = CARTESIAN_POINT ('', (31., 80.7500000000001, -5.));
#6249 = CARTESIAN_POINT ('', (25., 80.7500000000001, -5.));
#6250 = CARTESIAN_POINT ('', (25., 68.7500000000001, -3.5));
#6251 = CARTESIAN_POINT ('', (31., 68.7500000000001, -3.5));
#6252 = CARTESIAN_POINT ('', (31., 74.7500000000001, -3.5));
#6253 = CARTESIAN_POINT ('', (31., 80.7500000000001, -3.5));
#6254 = CARTESIAN_POINT ('', (25., 80.7500000000001, -3.5));
#6255 = (
   BOUNDED_SURFACE ()
   B_SPLINE_SURFACE (1, 2, ((#6245, #6246, #6247, #6248, #6249), (#6250, #6251, #6252, #6253, #6254)), .UNSPECIFIED., .F., .F., .U.)
   B_SPLINE_SURFACE_WITH_KNOTS ((2, 2), (3, 2, 3), (0.0833333333333338, 0.916666666666667), (0.5, 0.75, 1.), .UNSPECIFIED.)
   GEOMETRIC_REPRESENTATION_ITEM ()
   RATIONAL_B_SPLINE_SURFACE (((1., 0.707106781186548, 1., 0.707106781186548, 1.), (1., 0.707106781186548, 1., 0.707106781186548, 1.)))
   REPRESENTATION_ITEM ('')
   SURFACE ()
);
#6256 = ADVANCED_FACE ('', (#6244), #6255, .T.);
#6257 = CARTESIAN_POINT ('', (32.5, 56.0000000000001, -3.5));
#6258 = VERTEX_POINT ('', #6257);
#6259 = CARTESIAN_POINT ('', (32.5, 56.0000000000001, -5.));
#6260 = CARTESIAN_POINT ('', (32.5, 56.0000000000001, -3.5));
#6261 = B_SPLINE_CURVE_WITH_KNOTS ('', 1, (#6259, #6260), .UNSPECIFIED., .F., .U., (2, 2), (0.0833333333333338, 0.916666666666667), .UNSPECIFIED.);
#6262 = EDGE_CURVE ('', #781, #6258, #6261, .T.);
#6263 = ORIENTED_EDGE ('', *, *, #6262, .T.);
#6264 = CARTESIAN_POINT ('', (32.5, 68.0000000000001, -3.5));
#6265 = VERTEX_POINT ('', #6264);
#6266 = CARTESIAN_POINT ('', (32.5, 56.0000000000001, -3.5));
#6267 = CARTESIAN_POINT ('', (38.5, 56.0000000000001, -3.5));
#6268 = CARTESIAN_POINT ('', (38.5, 62.0000000000001, -3.5));
#6269 = CARTESIAN_POINT ('', (38.5, 68.0000000000001, -3.5));
#6270 = CARTESIAN_POINT ('', (32.5, 68.0000000000001, -3.5));
#6271 = (
   BOUNDED_CURVE ()
   B_SPLINE_CURVE (2, (#6266, #6267, #6268, #6269, #6270), .UNSPECIFIED., .F., .U.)
   B_SPLINE_CURVE_WITH_KNOTS ((3, 2, 3), (0.5, 0.75, 1.), .UNSPECIFIED.)
   CURVE ()
   GEOMETRIC_REPRESENTATION_ITEM ()
   RATIONAL_B_SPLINE_CURVE ((1., 0.707106781186548, 1., 0.707106781186548, 1.))
   REPRESENTATION_ITEM ('')
);
#6272 = EDGE_CURVE ('', #6258, #6265, #6271, .T.);
#6273 = ORIENTED_EDGE ('', *, *, #6272, .T.);
#6274 = CARTESIAN_POINT ('', (32.5, 68.0000000000001, -5.));
#6275 = CARTESIAN_POINT ('', (32.5, 68.0000000000001, -3.5));
#6276 = B_SPLINE_CURVE_WITH_KNOTS ('', 1, (#6274, #6275), .UNSPECIFIED., .F., .U., (2, 2), (0.083333333333334, 0.916666666666667), .UNSPECIFIED.);
#6277 = EDGE_CURVE ('', #779, #6265, #6276, .T.);
#6278 = ORIENTED_EDGE ('', *, *, #6277, .F.);
#6279 = ORIENTED_EDGE ('', *, *, #796, .F.);
#6280 = EDGE_LOOP ('', (#6263, #6273, #6278, #6279));
#6281 = FACE_OUTER_BOUND ('', #6280, .T.);
#6282 = CARTESIAN_POINT ('', (32.5, 56.0000000000001, -5.));
#6283 = CARTESIAN_POINT ('', (38.5, 56.0000000000001, -5.));
#6284 = CARTESIAN_POINT ('', (38.5, 62.0000000000001, -5.));
#6285 = CARTESIAN_POINT ('', (38.5, 68.0000000000001, -5.));
#6286 = CARTESIAN_POINT ('', (32.5, 68.0000000000001, -5.));
#6287 = CARTESIAN_POINT ('', (32.5, 56.0000000000001, -3.5));
#6288 = CARTESIAN_POINT ('', (38.5, 56.0000000000001, -3.5));
#6289 = CARTESIAN_POINT ('', (38.5, 62.0000000000001, -3.5));
#6290 = CARTESIAN_POINT ('', (38.5, 68.0000000000001, -3.5));
#6291 = CARTESIAN_POINT ('', (32.5, 68.0000000000001, -3.5));
#6292 = (
   BOUNDED_SURFACE ()
   B_SPLINE_SURFACE (1, 2, ((#6282, #6283, #6284, #6285, #6286), (#6287, #6288, #6289, #6290, #6291)), .UNSPECIFIED., .F., .F., .U.)
   B_SPLINE_SURFACE_WITH_KNOTS ((2, 2), (3, 2, 3), (0.0833333333333338, 0.916666666666667), (0.5, 0.75, 1.), .UNSPECIFIED.)
   GEOMETRIC_REPRESENTATION_ITEM ()
   RATIONAL_B_SPLINE_SURFACE (((1., 0.707106781186548, 1., 0.707106781186548, 1.), (1., 0.707106781186548, 1., 0.707106781186548, 1.)))
   REPRESENTATION_ITEM ('')
   SURFACE ()
);
#6293 = ADVANCED_FACE ('', (#6281), #6292, .T.);
#6294 = CARTESIAN_POINT ('', (17.5, 56.0000000000001, -3.5));
#6295 = VERTEX_POINT ('', #6294);
#6296 = CARTESIAN_POINT ('', (17.5, 56.0000000000001, -5.));
#6297 = CARTESIAN_POINT ('', (17.5, 56.0000000000001, -3.5));
#6298 = B_SPLINE_CURVE_WITH_KNOTS ('', 1, (#6296, #6297), .UNSPECIFIED., .F., .U., (2, 2), (0.0833333333333338, 0.916666666666667), .UNSPECIFIED.);
#6299 = EDGE_CURVE ('', #759, #6295, #6298, .T.);
#6300 = ORIENTED_EDGE ('', *, *, #6299, .T.);
#6301 = CARTESIAN_POINT ('', (17.5, 68.0000000000001, -3.5));
#6302 = VERTEX_POINT ('', #6301);
#6303 = CARTESIAN_POINT ('', (17.5, 56.0000000000001, -3.5));
#6304 = CARTESIAN_POINT ('', (23.5, 56.0000000000001, -3.5));
#6305 = CARTESIAN_POINT ('', (23.5, 62.0000000000001, -3.5));
#6306 = CARTESIAN_POINT ('', (23.5, 68.0000000000001, -3.5));
#6307 = CARTESIAN_POINT ('', (17.5, 68.0000000000001, -3.5));
#6308 = (
   BOUNDED_CURVE ()
   B_SPLINE_CURVE (2, (#6303, #6304, #6305, #6306, #6307), .UNSPECIFIED., .F., .U.)
   B_SPLINE_CURVE_WITH_KNOTS ((3, 2, 3), (0.5, 0.75, 1.), .UNSPECIFIED.)
   CURVE ()
   GEOMETRIC_REPRESENTATION_ITEM ()
   RATIONAL_B_SPLINE_CURVE ((1., 0.707106781186548, 1., 0.707106781186548, 1.))
   REPRESENTATION_ITEM ('')
);
#6309 = EDGE_CURVE ('', #6295, #6302, #6308, .T.);
#6310 = ORIENTED_EDGE ('', *, *, #6309, .T.);
#6311 = CARTESIAN_POINT ('', (17.5, 68.0000000000001, -5.));
#6312 = CARTESIAN_POINT ('', (17.5, 68.0000000000001, -3.5));
#6313 = B_SPLINE_CURVE_WITH_KNOTS ('', 1, (#6311, #6312), .UNSPECIFIED., .F., .U., (2, 2), (0.083333333333334, 0.916666666666667), .UNSPECIFIED.);
#6314 = EDGE_CURVE ('', #757, #6302, #6313, .T.);
#6315 = ORIENTED_EDGE ('', *, *, #6314, .F.);
#6316 = ORIENTED_EDGE ('', *, *, #774, .F.);
#6317 = EDGE_LOOP ('', (#6300, #6310, #6315, #6316));
#6318 = FACE_OUTER_BOUND ('', #6317, .T.);
#6319 = CARTESIAN_POINT ('', (17.5, 56.0000000000001, -5.));
#6320 = CARTESIAN_POINT ('', (23.5, 56.0000000000001, -5.));
#6321 = CARTESIAN_POINT ('', (23.5, 62.0000000000001, -5.));
#6322 = CARTESIAN_POINT ('', (23.5, 68.0000000000001, -5.));
#6323 = CARTESIAN_POINT ('', (17.5, 68.0000000000001, -5.));
#6324 = CARTESIAN_POINT ('', (17.5, 56.0000000000001, -3.5));
#6325 = CARTESIAN_POINT ('', (23.5, 56.0000000000001, -3.5));
#6326 = CARTESIAN_POINT ('', (23.5, 62.0000000000001, -3.5));
#6327 = CARTESIAN_POINT ('', (23.5, 68.0000000000001, -3.5));
#6328 = CARTESIAN_POINT ('', (17.5, 68.0000000000001, -3.5));
#6329 = (
   BOUNDED_SURFACE ()
   B_SPLINE_SURFACE (1, 2, ((#6319, #6320, #6321, #6322, #6323), (#6324, #6325, #6326, #6327, #6328)), .UNSPECIFIED., .F., .F., .U.)
   B_SPLINE_SURFACE_WITH_KNOTS ((2, 2), (3, 2, 3), (0.0833333333333338, 0.916666666666667), (0.5, 0.75, 1.), .UNSPECIFIED.)
   GEOMETRIC_REPRESENTATION_ITEM ()
   RATIONAL_B_SPLINE_SURFACE (((1., 0.707106781186548, 1., 0.707106781186548, 1.), (1., 0.707106781186548, 1., 0.707106781186548, 1.)))
   REPRESENTATION_ITEM ('')
   SURFACE ()
);
#6330 = ADVANCED_FACE ('', (#6318), #6329, .T.);
#6331 = CARTESIAN_POINT ('', (85., 43.2500000000001, -3.5));
#6332 = VERTEX_POINT ('', #6331);
#6333 = CARTESIAN_POINT ('', (85., 43.2500000000001, -5.));
#6334 = CARTESIAN_POINT ('', (85., 43.2500000000001, -3.5));
#6335 = B_SPLINE_CURVE_WITH_KNOTS ('', 1, (#6333, #6334), .UNSPECIFIED., .F., .U., (2, 2), (0.0833333333333338, 0.916666666666667), .UNSPECIFIED.);
#6336 = EDGE_CURVE ('', #737, #6332, #6335, .T.);
#6337 = ORIENTED_EDGE ('', *, *, #6336, .T.);
#6338 = CARTESIAN_POINT ('', (85., 55.2500000000001, -3.5));
#6339 = VERTEX_POINT ('', #6338);
#6340 = CARTESIAN_POINT ('', (85., 43.2500000000001, -3.5));
#6341 = CARTESIAN_POINT ('', (91., 43.2500000000001, -3.5));
#6342 = CARTESIAN_POINT ('', (91., 49.2500000000001, -3.5));
#6343 = CARTESIAN_POINT ('', (91., 55.2500000000001, -3.5));
#6344 = CARTESIAN_POINT ('', (85., 55.2500000000001, -3.5));
#6345 = (
   BOUNDED_CURVE ()
   B_SPLINE_CURVE (2, (#6340, #6341, #6342, #6343, #6344), .UNSPECIFIED., .F., .U.)
   B_SPLINE_CURVE_WITH_KNOTS ((3, 2, 3), (0.5, 0.75, 1.), .UNSPECIFIED.)
   CURVE ()
   GEOMETRIC_REPRESENTATION_ITEM ()
   RATIONAL_B_SPLINE_CURVE ((1., 0.707106781186548, 1., 0.707106781186548, 1.))
   REPRESENTATION_ITEM ('')
);
#6346 = EDGE_CURVE ('', #6332, #6339, #6345, .T.);
#6347 = ORIENTED_EDGE ('', *, *, #6346, .T.);
#6348 = CARTESIAN_POINT ('', (85., 55.2500000000001, -5.));
#6349 = CARTESIAN_POINT ('', (85., 55.2500000000001, -3.5));
#6350 = B_SPLINE_CURVE_WITH_KNOTS ('', 1, (#6348, #6349), .UNSPECIFIED., .F., .U., (2, 2), (0.083333333333334, 0.916666666666667), .UNSPECIFIED.);
#6351 = EDGE_CURVE ('', #735, #6339, #6350, .T.);
#6352 = ORIENTED_EDGE ('', *, *, #6351, .F.);
#6353 = ORIENTED_EDGE ('', *, *, #752, .F.);
#6354 = EDGE_LOOP ('', (#6337, #6347, #6352, #6353));
#6355 = FACE_OUTER_BOUND ('', #6354, .T.);
#6356 = CARTESIAN_POINT ('', (85., 43.2500000000001, -5.));
#6357 = CARTESIAN_POINT ('', (91., 43.2500000000001, -5.));
#6358 = CARTESIAN_POINT ('', (91., 49.2500000000001, -5.));
#6359 = CARTESIAN_POINT ('', (91., 55.2500000000001, -5.));
#6360 = CARTESIAN_POINT ('', (85., 55.2500000000001, -5.));
#6361 = CARTESIAN_POINT ('', (85., 43.2500000000001, -3.5));
#6362 = CARTESIAN_POINT ('', (91., 43.2500000000001, -3.5));
#6363 = CARTESIAN_POINT ('', (91., 49.2500000000001, -3.5));
#6364 = CARTESIAN_POINT ('', (91., 55.2500000000001, -3.5));
#6365 = CARTESIAN_POINT ('', (85., 55.2500000000001, -3.5));
#6366 = (
   BOUNDED_SURFACE ()
   B_SPLINE_SURFACE (1, 2, ((#6356, #6357, #6358, #6359, #6360), (#6361, #6362, #6363, #6364, #6365)), .UNSPECIFIED., .F., .F., .U.)
   B_SPLINE_SURFACE_WITH_KNOTS ((2, 2), (3, 2, 3), (0.0833333333333338, 0.916666666666667), (0.5, 0.75, 1.), .UNSPECIFIED.)
   GEOMETRIC_REPRESENTATION_ITEM ()
   RATIONAL_B_SPLINE_SURFACE (((1., 0.707106781186548, 1., 0.707106781186548, 1.), (1., 0.707106781186548, 1., 0.707106781186548, 1.)))
   REPRESENTATION_ITEM ('')
   SURFACE ()
);
#6367 = ADVANCED_FACE ('', (#6355), #6366, .T.);
#6368 = CARTESIAN_POINT ('', (92.5, 30.5000000000001, -3.5));
#6369 = VERTEX_POINT ('', #6368);
#6370 = CARTESIAN_POINT ('', (92.5, 30.5000000000001, -5.));
#6371 = CARTESIAN_POINT ('', (92.5, 30.5000000000001, -3.5));
#6372 = B_SPLINE_CURVE_WITH_KNOTS ('', 1, (#6370, #6371), .UNSPECIFIED., .F., .U., (2, 2), (0.0833333333333338, 0.916666666666667), .UNSPECIFIED.);
#6373 = EDGE_CURVE ('', #715, #6369, #6372, .T.);
#6374 = ORIENTED_EDGE ('', *, *, #6373, .T.);
#6375 = CARTESIAN_POINT ('', (92.5, 42.5000000000001, -3.5));
#6376 = VERTEX_POINT ('', #6375);
#6377 = CARTESIAN_POINT ('', (92.5, 30.5000000000001, -3.5));
#6378 = CARTESIAN_POINT ('', (98.5, 30.5000000000001, -3.5));
#6379 = CARTESIAN_POINT ('', (98.5, 36.5000000000001, -3.5));
#6380 = CARTESIAN_POINT ('', (98.5, 42.5000000000001, -3.5));
#6381 = CARTESIAN_POINT ('', (92.5, 42.5000000000001, -3.5));
#6382 = (
   BOUNDED_CURVE ()
   B_SPLINE_CURVE (2, (#6377, #6378, #6379, #6380, #6381), .UNSPECIFIED., .F., .U.)
   B_SPLINE_CURVE_WITH_KNOTS ((3, 2, 3), (0.5, 0.75, 1.), .UNSPECIFIED.)
   CURVE ()
   GEOMETRIC_REPRESENTATION_ITEM ()
   RATIONAL_B_SPLINE_CURVE ((1., 0.707106781186548, 1., 0.707106781186548, 1.))
   REPRESENTATION_ITEM ('')
);
#6383 = EDGE_CURVE ('', #6369, #6376, #6382, .T.);
#6384 = ORIENTED_EDGE ('', *, *, #6383, .T.);
#6385 = CARTESIAN_POINT ('', (92.5, 42.5000000000001, -5.));
#6386 = CARTESIAN_POINT ('', (92.5, 42.5000000000001, -3.5));
#6387 = B_SPLINE_CURVE_WITH_KNOTS ('', 1, (#6385, #6386), .UNSPECIFIED., .F., .U., (2, 2), (0.083333333333334, 0.916666666666667), .UNSPECIFIED.);
#6388 = EDGE_CURVE ('', #713, #6376, #6387, .T.);
#6389 = ORIENTED_EDGE ('', *, *, #6388, .F.);
#6390 = ORIENTED_EDGE ('', *, *, #730, .F.);
#6391 = EDGE_LOOP ('', (#6374, #6384, #6389, #6390));
#6392 = FACE_OUTER_BOUND ('', #6391, .T.);
#6393 = CARTESIAN_POINT ('', (92.5, 30.5000000000001, -5.));
#6394 = CARTESIAN_POINT ('', (98.5, 30.5000000000001, -5.));
#6395 = CARTESIAN_POINT ('', (98.5, 36.5000000000001, -5.));
#6396 = CARTESIAN_POINT ('', (98.5, 42.5000000000001, -5.));
#6397 = CARTESIAN_POINT ('', (92.5, 42.5000000000001, -5.));
#6398 = CARTESIAN_POINT ('', (92.5, 30.5000000000001, -3.5));
#6399 = CARTESIAN_POINT ('', (98.5, 30.5000000000001, -3.5));
#6400 = CARTESIAN_POINT ('', (98.5, 36.5000000000001, -3.5));
#6401 = CARTESIAN_POINT ('', (98.5, 42.5000000000001, -3.5));
#6402 = CARTESIAN_POINT ('', (92.5, 42.5000000000001, -3.5));
#6403 = (
   BOUNDED_SURFACE ()
   B_SPLINE_SURFACE (1, 2, ((#6393, #6394, #6395, #6396, #6397), (#6398, #6399, #6400, #6401, #6402)), .UNSPECIFIED., .F., .F., .U.)
   B_SPLINE_SURFACE_WITH_KNOTS ((2, 2), (3, 2, 3), (0.0833333333333338, 0.916666666666667), (0.5, 0.75, 1.), .UNSPECIFIED.)
   GEOMETRIC_REPRESENTATION_ITEM ()
   RATIONAL_B_SPLINE_SURFACE (((1., 0.707106781186548, 1., 0.707106781186548, 1.), (1., 0.707106781186548, 1., 0.707106781186548, 1.)))
   REPRESENTATION_ITEM ('')
   SURFACE ()
);
#6404 = ADVANCED_FACE ('', (#6392), #6403, .T.);
#6405 = CARTESIAN_POINT ('', (77.5, 30.5000000000001, -3.5));
#6406 = VERTEX_POINT ('', #6405);
#6407 = CARTESIAN_POINT ('', (77.5, 30.5000000000001, -5.));
#6408 = CARTESIAN_POINT ('', (77.5, 30.5000000000001, -3.5));
#6409 = B_SPLINE_CURVE_WITH_KNOTS ('', 1, (#6407, #6408), .UNSPECIFIED., .F., .U., (2, 2), (0.0833333333333338, 0.916666666666667), .UNSPECIFIED.);
#6410 = EDGE_CURVE ('', #693, #6406, #6409, .T.);
#6411 = ORIENTED_EDGE ('', *, *, #6410, .T.);
#6412 = CARTESIAN_POINT ('', (77.5, 42.5000000000001, -3.5));
#6413 = VERTEX_POINT ('', #6412);
#6414 = CARTESIAN_POINT ('', (77.5, 30.5000000000001, -3.5));
#6415 = CARTESIAN_POINT ('', (83.5, 30.5000000000001, -3.5));
#6416 = CARTESIAN_POINT ('', (83.5, 36.5000000000001, -3.5));
#6417 = CARTESIAN_POINT ('', (83.5, 42.5000000000001, -3.5));
#6418 = CARTESIAN_POINT ('', (77.5, 42.5000000000001, -3.5));
#6419 = (
   BOUNDED_CURVE ()
   B_SPLINE_CURVE (2, (#6414, #6415, #6416, #6417, #6418), .UNSPECIFIED., .F., .U.)
   B_SPLINE_CURVE_WITH_KNOTS ((3, 2, 3), (0.5, 0.75, 1.), .UNSPECIFIED.)
   CURVE ()
   GEOMETRIC_REPRESENTATION_ITEM ()
   RATIONAL_B_SPLINE_CURVE ((1., 0.707106781186548, 1., 0.707106781186548, 1.))
   REPRESENTATION_ITEM ('')
);
#6420 = EDGE_CURVE ('', #6406, #6413, #6419, .T.);
#6421 = ORIENTED_EDGE ('', *, *, #6420, .T.);
#6422 = CARTESIAN_POINT ('', (77.5, 42.5000000000001, -5.));
#6423 = CARTESIAN_POINT ('', (77.5, 42.5000000000001, -3.5));
#6424 = B_SPLINE_CURVE_WITH_KNOTS ('', 1, (#6422, #6423), .UNSPECIFIED., .F., .U., (2, 2), (0.083333333333334, 0.916666666666667), .UNSPECIFIED.);
#6425 = EDGE_CURVE ('', #691, #6413, #6424, .T.);
#6426 = ORIENTED_EDGE ('', *, *, #6425, .F.);
#6427 = ORIENTED_EDGE ('', *, *, #708, .F.);
#6428 = EDGE_LOOP ('', (#6411, #6421, #6426, #6427));
#6429 = FACE_OUTER_BOUND ('', #6428, .T.);
#6430 = CARTESIAN_POINT ('', (77.5, 30.5000000000001, -5.));
#6431 = CARTESIAN_POINT ('', (83.5, 30.5000000000001, -5.));
#6432 = CARTESIAN_POINT ('', (83.5, 36.5000000000001, -5.));
#6433 = CARTESIAN_POINT ('', (83.5, 42.5000000000001, -5.));
#6434 = CARTESIAN_POINT ('', (77.5, 42.5000000000001, -5.));
#6435 = CARTESIAN_POINT ('', (77.5, 30.5000000000001, -3.5));
#6436 = CARTESIAN_POINT ('', (83.5, 30.5000000000001, -3.5));
#6437 = CARTESIAN_POINT ('', (83.5, 36.5000000000001, -3.5));
#6438 = CARTESIAN_POINT ('', (83.5, 42.5000000000001, -3.5));
#6439 = CARTESIAN_POINT ('', (77.5, 42.5000000000001, -3.5));
#6440 = (
   BOUNDED_SURFACE ()
   B_SPLINE_SURFACE (1, 2, ((#6430, #6431, #6432, #6433, #6434), (#6435, #6436, #6437, #6438, #6439)), .UNSPECIFIED., .F., .F., .U.)
   B_SPLINE_SURFACE_WITH_KNOTS ((2, 2), (3, 2, 3), (0.0833333333333338, 0.916666666666667), (0.5, 0.75, 1.), .UNSPECIFIED.)
   GEOMETRIC_REPRESENTATION_ITEM ()
   RATIONAL_B_SPLINE_SURFACE (((1., 0.707106781186548, 1., 0.707106781186548, 1.), (1., 0.707106781186548, 1., 0.707106781186548, 1.)))
   REPRESENTATION_ITEM ('')
   SURFACE ()
);
#6441 = ADVANCED_FACE ('', (#6429), #6440, .T.);
#6442 = CARTESIAN_POINT ('', (69.9999999999999, 43.2500000000001, -3.5));
#6443 = VERTEX_POINT ('', #6442);
#6444 = CARTESIAN_POINT ('', (70., 43.2500000000001, -5.));
#6445 = CARTESIAN_POINT ('', (70., 43.2500000000001, -3.5));
#6446 = B_SPLINE_CURVE_WITH_KNOTS ('', 1, (#6444, #6445), .UNSPECIFIED., .F., .U., (2, 2), (0.0833333333333338, 0.916666666666667), .UNSPECIFIED.);
#6447 = EDGE_CURVE ('', #671, #6443, #6446, .T.);
#6448 = ORIENTED_EDGE ('', *, *, #6447, .T.);
#6449 = CARTESIAN_POINT ('', (70., 55.2500000000001, -3.5));
#6450 = VERTEX_POINT ('', #6449);
#6451 = CARTESIAN_POINT ('', (69.9999999999999, 43.2500000000001, -3.5));
#6452 = CARTESIAN_POINT ('', (75.9999999999999, 43.2500000000001, -3.5));
#6453 = CARTESIAN_POINT ('', (76., 49.2500000000001, -3.5));
#6454 = CARTESIAN_POINT ('', (76., 55.2500000000001, -3.5));
#6455 = CARTESIAN_POINT ('', (70., 55.2500000000001, -3.5));
#6456 = (
   BOUNDED_CURVE ()
   B_SPLINE_CURVE (2, (#6451, #6452, #6453, #6454, #6455), .UNSPECIFIED., .F., .U.)
   B_SPLINE_CURVE_WITH_KNOTS ((3, 2, 3), (0.5, 0.75, 1.), .UNSPECIFIED.)
   CURVE ()
   GEOMETRIC_REPRESENTATION_ITEM ()
   RATIONAL_B_SPLINE_CURVE ((1., 0.707106781186548, 1., 0.707106781186548, 1.))
   REPRESENTATION_ITEM ('')
);
#6457 = EDGE_CURVE ('', #6443, #6450, #6456, .T.);
#6458 = ORIENTED_EDGE ('', *, *, #6457, .T.);
#6459 = CARTESIAN_POINT ('', (70., 55.2500000000001, -5.));
#6460 = CARTESIAN_POINT ('', (70., 55.2500000000001, -3.5));
#6461 = B_SPLINE_CURVE_WITH_KNOTS ('', 1, (#6459, #6460), .UNSPECIFIED., .F., .U., (2, 2), (0.083333333333334, 0.916666666666667), .UNSPECIFIED.);
#6462 = EDGE_CURVE ('', #669, #6450, #6461, .T.);
#6463 = ORIENTED_EDGE ('', *, *, #6462, .F.);
#6464 = ORIENTED_EDGE ('', *, *, #686, .F.);
#6465 = EDGE_LOOP ('', (#6448, #6458, #6463, #6464));
#6466 = FACE_OUTER_BOUND ('', #6465, .T.);
#6467 = CARTESIAN_POINT ('', (70., 43.2500000000001, -5.));
#6468 = CARTESIAN_POINT ('', (76., 43.2500000000001, -5.));
#6469 = CARTESIAN_POINT ('', (76., 49.2500000000001, -5.));
#6470 = CARTESIAN_POINT ('', (76., 55.2500000000001, -5.));
#6471 = CARTESIAN_POINT ('', (70., 55.2500000000001, -5.));
#6472 = CARTESIAN_POINT ('', (70., 43.2500000000001, -3.5));
#6473 = CARTESIAN_POINT ('', (76., 43.2500000000001, -3.5));
#6474 = CARTESIAN_POINT ('', (76., 49.2500000000001, -3.5));
#6475 = CARTESIAN_POINT ('', (76., 55.2500000000001, -3.5));
#6476 = CARTESIAN_POINT ('', (70., 55.2500000000001, -3.5));
#6477 = (
   BOUNDED_SURFACE ()
   B_SPLINE_SURFACE (1, 2, ((#6467, #6468, #6469, #6470, #6471), (#6472, #6473, #6474, #6475, #6476)), .UNSPECIFIED., .F., .F., .U.)
   B_SPLINE_SURFACE_WITH_KNOTS ((2, 2), (3, 2, 3), (0.0833333333333338, 0.916666666666667), (0.5, 0.75, 1.), .UNSPECIFIED.)
   GEOMETRIC_REPRESENTATION_ITEM ()
   RATIONAL_B_SPLINE_SURFACE (((1., 0.707106781186548, 1., 0.707106781186548, 1.), (1., 0.707106781186548, 1., 0.707106781186548, 1.)))
   REPRESENTATION_ITEM ('')
   SURFACE ()
);
#6478 = ADVANCED_FACE ('', (#6466), #6477, .T.);
#6479 = CARTESIAN_POINT ('', (55., 43.2500000000001, -3.5));
#6480 = VERTEX_POINT ('', #6479);
#6481 = CARTESIAN_POINT ('', (55., 43.2500000000001, -5.));
#6482 = CARTESIAN_POINT ('', (55., 43.2500000000001, -3.5));
#6483 = B_SPLINE_CURVE_WITH_KNOTS ('', 1, (#6481, #6482), .UNSPECIFIED., .F., .U., (2, 2), (0.0833333333333338, 0.916666666666667), .UNSPECIFIED.);
#6484 = EDGE_CURVE ('', #649, #6480, #6483, .T.);
#6485 = ORIENTED_EDGE ('', *, *, #6484, .T.);
#6486 = CARTESIAN_POINT ('', (55., 55.2500000000001, -3.5));
#6487 = VERTEX_POINT ('', #6486);
#6488 = CARTESIAN_POINT ('', (55., 43.2500000000001, -3.5));
#6489 = CARTESIAN_POINT ('', (61., 43.2500000000001, -3.5));
#6490 = CARTESIAN_POINT ('', (61., 49.2500000000001, -3.5));
#6491 = CARTESIAN_POINT ('', (61., 55.2500000000001, -3.5));
#6492 = CARTESIAN_POINT ('', (55., 55.2500000000001, -3.5));
#6493 = (
   BOUNDED_CURVE ()
   B_SPLINE_CURVE (2, (#6488, #6489, #6490, #6491, #6492), .UNSPECIFIED., .F., .U.)
   B_SPLINE_CURVE_WITH_KNOTS ((3, 2, 3), (0.5, 0.75, 1.), .UNSPECIFIED.)
   CURVE ()
   GEOMETRIC_REPRESENTATION_ITEM ()
   RATIONAL_B_SPLINE_CURVE ((1., 0.707106781186548, 1., 0.707106781186548, 1.))
   REPRESENTATION_ITEM ('')
);
#6494 = EDGE_CURVE ('', #6480, #6487, #6493, .T.);
#6495 = ORIENTED_EDGE ('', *, *, #6494, .T.);
#6496 = CARTESIAN_POINT ('', (55., 55.2500000000001, -5.));
#6497 = CARTESIAN_POINT ('', (55., 55.2500000000001, -3.5));
#6498 = B_SPLINE_CURVE_WITH_KNOTS ('', 1, (#6496, #6497), .UNSPECIFIED., .F., .U., (2, 2), (0.083333333333334, 0.916666666666667), .UNSPECIFIED.);
#6499 = EDGE_CURVE ('', #647, #6487, #6498, .T.);
#6500 = ORIENTED_EDGE ('', *, *, #6499, .F.);
#6501 = ORIENTED_EDGE ('', *, *, #664, .F.);
#6502 = EDGE_LOOP ('', (#6485, #6495, #6500, #6501));
#6503 = FACE_OUTER_BOUND ('', #6502, .T.);
#6504 = CARTESIAN_POINT ('', (55., 43.2500000000001, -5.));
#6505 = CARTESIAN_POINT ('', (61., 43.2500000000001, -5.));
#6506 = CARTESIAN_POINT ('', (61., 49.2500000000001, -5.));
#6507 = CARTESIAN_POINT ('', (61., 55.2500000000001, -5.));
#6508 = CARTESIAN_POINT ('', (55., 55.2500000000001, -5.));
#6509 = CARTESIAN_POINT ('', (55., 43.2500000000001, -3.5));
#6510 = CARTESIAN_POINT ('', (61., 43.2500000000001, -3.5));
#6511 = CARTESIAN_POINT ('', (61., 49.2500000000001, -3.5));
#6512 = CARTESIAN_POINT ('', (61., 55.2500000000001, -3.5));
#6513 = CARTESIAN_POINT ('', (55., 55.2500000000001, -3.5));
#6514 = (
   BOUNDED_SURFACE ()
   B_SPLINE_SURFACE (1, 2, ((#6504, #6505, #6506, #6507, #6508), (#6509, #6510, #6511, #6512, #6513)), .UNSPECIFIED., .F., .F., .U.)
   B_SPLINE_SURFACE_WITH_KNOTS ((2, 2), (3, 2, 3), (0.0833333333333338, 0.916666666666667), (0.5, 0.75, 1.), .UNSPECIFIED.)
   GEOMETRIC_REPRESENTATION_ITEM ()
   RATIONAL_B_SPLINE_SURFACE (((1., 0.707106781186548, 1., 0.707106781186548, 1.), (1., 0.707106781186548, 1., 0.707106781186548, 1.)))
   REPRESENTATION_ITEM ('')
   SURFACE ()
);
#6515 = ADVANCED_FACE ('', (#6503), #6514, .T.);
#6516 = CARTESIAN_POINT ('', (62.5, 30.5000000000001, -3.5));
#6517 = VERTEX_POINT ('', #6516);
#6518 = CARTESIAN_POINT ('', (62.5, 30.5000000000001, -5.));
#6519 = CARTESIAN_POINT ('', (62.5, 30.5000000000001, -3.5));
#6520 = B_SPLINE_CURVE_WITH_KNOTS ('', 1, (#6518, #6519), .UNSPECIFIED., .F., .U., (2, 2), (0.0833333333333338, 0.916666666666667), .UNSPECIFIED.);
#6521 = EDGE_CURVE ('', #627, #6517, #6520, .T.);
#6522 = ORIENTED_EDGE ('', *, *, #6521, .T.);
#6523 = CARTESIAN_POINT ('', (62.5, 42.5000000000001, -3.5));
#6524 = VERTEX_POINT ('', #6523);
#6525 = CARTESIAN_POINT ('', (62.5, 30.5000000000001, -3.5));
#6526 = CARTESIAN_POINT ('', (68.5, 30.5000000000001, -3.5));
#6527 = CARTESIAN_POINT ('', (68.5, 36.5000000000001, -3.5));
#6528 = CARTESIAN_POINT ('', (68.5, 42.5000000000001, -3.5));
#6529 = CARTESIAN_POINT ('', (62.5, 42.5000000000001, -3.5));
#6530 = (
   BOUNDED_CURVE ()
   B_SPLINE_CURVE (2, (#6525, #6526, #6527, #6528, #6529), .UNSPECIFIED., .F., .U.)
   B_SPLINE_CURVE_WITH_KNOTS ((3, 2, 3), (0.5, 0.75, 1.), .UNSPECIFIED.)
   CURVE ()
   GEOMETRIC_REPRESENTATION_ITEM ()
   RATIONAL_B_SPLINE_CURVE ((1., 0.707106781186548, 1., 0.707106781186548, 1.))
   REPRESENTATION_ITEM ('')
);
#6531 = EDGE_CURVE ('', #6517, #6524, #6530, .T.);
#6532 = ORIENTED_EDGE ('', *, *, #6531, .T.);
#6533 = CARTESIAN_POINT ('', (62.5, 42.5000000000001, -5.));
#6534 = CARTESIAN_POINT ('', (62.5, 42.5000000000001, -3.5));
#6535 = B_SPLINE_CURVE_WITH_KNOTS ('', 1, (#6533, #6534), .UNSPECIFIED., .F., .U., (2, 2), (0.083333333333334, 0.916666666666667), .UNSPECIFIED.);
#6536 = EDGE_CURVE ('', #625, #6524, #6535, .T.);
#6537 = ORIENTED_EDGE ('', *, *, #6536, .F.);
#6538 = ORIENTED_EDGE ('', *, *, #642, .F.);
#6539 = EDGE_LOOP ('', (#6522, #6532, #6537, #6538));
#6540 = FACE_OUTER_BOUND ('', #6539, .T.);
#6541 = CARTESIAN_POINT ('', (62.5, 30.5000000000001, -5.));
#6542 = CARTESIAN_POINT ('', (68.5, 30.5000000000001, -5.));
#6543 = CARTESIAN_POINT ('', (68.5, 36.5000000000001, -5.));
#6544 = CARTESIAN_POINT ('', (68.5, 42.5000000000001, -5.));
#6545 = CARTESIAN_POINT ('', (62.5, 42.5000000000001, -5.));
#6546 = CARTESIAN_POINT ('', (62.5, 30.5000000000001, -3.5));
#6547 = CARTESIAN_POINT ('', (68.5, 30.5000000000001, -3.5));
#6548 = CARTESIAN_POINT ('', (68.5, 36.5000000000001, -3.5));
#6549 = CARTESIAN_POINT ('', (68.5, 42.5000000000001, -3.5));
#6550 = CARTESIAN_POINT ('', (62.5, 42.5000000000001, -3.5));
#6551 = (
   BOUNDED_SURFACE ()
   B_SPLINE_SURFACE (1, 2, ((#6541, #6542, #6543, #6544, #6545), (#6546, #6547, #6548, #6549, #6550)), .UNSPECIFIED., .F., .F., .U.)
   B_SPLINE_SURFACE_WITH_KNOTS ((2, 2), (3, 2, 3), (0.0833333333333338, 0.916666666666667), (0.5, 0.75, 1.), .UNSPECIFIED.)
   GEOMETRIC_REPRESENTATION_ITEM ()
   RATIONAL_B_SPLINE_SURFACE (((1., 0.707106781186548, 1., 0.707106781186548, 1.), (1., 0.707106781186548, 1., 0.707106781186548, 1.)))
   REPRESENTATION_ITEM ('')
   SURFACE ()
);
#6552 = ADVANCED_FACE ('', (#6540), #6551, .T.);
#6553 = CARTESIAN_POINT ('', (47.5, 30.5000000000001, -3.5));
#6554 = VERTEX_POINT ('', #6553);
#6555 = CARTESIAN_POINT ('', (47.5, 30.5000000000001, -5.));
#6556 = CARTESIAN_POINT ('', (47.5, 30.5000000000001, -3.5));
#6557 = B_SPLINE_CURVE_WITH_KNOTS ('', 1, (#6555, #6556), .UNSPECIFIED., .F., .U., (2, 2), (0.0833333333333338, 0.916666666666667), .UNSPECIFIED.);
#6558 = EDGE_CURVE ('', #605, #6554, #6557, .T.);
#6559 = ORIENTED_EDGE ('', *, *, #6558, .T.);
#6560 = CARTESIAN_POINT ('', (47.5, 42.5000000000001, -3.5));
#6561 = VERTEX_POINT ('', #6560);
#6562 = CARTESIAN_POINT ('', (47.5, 30.5000000000001, -3.5));
#6563 = CARTESIAN_POINT ('', (53.5, 30.5000000000001, -3.5));
#6564 = CARTESIAN_POINT ('', (53.5, 36.5000000000001, -3.5));
#6565 = CARTESIAN_POINT ('', (53.5, 42.5000000000001, -3.5));
#6566 = CARTESIAN_POINT ('', (47.5, 42.5000000000001, -3.5));
#6567 = (
   BOUNDED_CURVE ()
   B_SPLINE_CURVE (2, (#6562, #6563, #6564, #6565, #6566), .UNSPECIFIED., .F., .U.)
   B_SPLINE_CURVE_WITH_KNOTS ((3, 2, 3), (0.5, 0.75, 1.), .UNSPECIFIED.)
   CURVE ()
   GEOMETRIC_REPRESENTATION_ITEM ()
   RATIONAL_B_SPLINE_CURVE ((1., 0.707106781186548, 1., 0.707106781186548, 1.))
   REPRESENTATION_ITEM ('')
);
#6568 = EDGE_CURVE ('', #6554, #6561, #6567, .T.);
#6569 = ORIENTED_EDGE ('', *, *, #6568, .T.);
#6570 = CARTESIAN_POINT ('', (47.5, 42.5000000000001, -5.));
#6571 = CARTESIAN_POINT ('', (47.5, 42.5000000000001, -3.5));
#6572 = B_SPLINE_CURVE_WITH_KNOTS ('', 1, (#6570, #6571), .UNSPECIFIED., .F., .U., (2, 2), (0.083333333333334, 0.916666666666667), .UNSPECIFIED.);
#6573 = EDGE_CURVE ('', #603, #6561, #6572, .T.);
#6574 = ORIENTED_EDGE ('', *, *, #6573, .F.);
#6575 = ORIENTED_EDGE ('', *, *, #620, .F.);
#6576 = EDGE_LOOP ('', (#6559, #6569, #6574, #6575));
#6577 = FACE_OUTER_BOUND ('', #6576, .T.);
#6578 = CARTESIAN_POINT ('', (47.5, 30.5000000000001, -5.));
#6579 = CARTESIAN_POINT ('', (53.5, 30.5000000000001, -5.));
#6580 = CARTESIAN_POINT ('', (53.5, 36.5000000000001, -5.));
#6581 = CARTESIAN_POINT ('', (53.5, 42.5000000000001, -5.));
#6582 = CARTESIAN_POINT ('', (47.5, 42.5000000000001, -5.));
#6583 = CARTESIAN_POINT ('', (47.5, 30.5000000000001, -3.5));
#6584 = CARTESIAN_POINT ('', (53.5, 30.5000000000001, -3.5));
#6585 = CARTESIAN_POINT ('', (53.5, 36.5000000000001, -3.5));
#6586 = CARTESIAN_POINT ('', (53.5, 42.5000000000001, -3.5));
#6587 = CARTESIAN_POINT ('', (47.5, 42.5000000000001, -3.5));
#6588 = (
   BOUNDED_SURFACE ()
   B_SPLINE_SURFACE (1, 2, ((#6578, #6579, #6580, #6581, #6582), (#6583, #6584, #6585, #6586, #6587)), .UNSPECIFIED., .F., .F., .U.)
   B_SPLINE_SURFACE_WITH_KNOTS ((2, 2), (3, 2, 3), (0.0833333333333338, 0.916666666666667), (0.5, 0.75, 1.), .UNSPECIFIED.)
   GEOMETRIC_REPRESENTATION_ITEM ()
   RATIONAL_B_SPLINE_SURFACE (((1., 0.707106781186548, 1., 0.707106781186548, 1.), (1., 0.707106781186548, 1., 0.707106781186548, 1.)))
   REPRESENTATION_ITEM ('')
   SURFACE ()
);
#6589 = ADVANCED_FACE ('', (#6577), #6588, .T.);
#6590 = CARTESIAN_POINT ('', (40., 43.2500000000001, -3.5));
#6591 = VERTEX_POINT ('', #6590);
#6592 = CARTESIAN_POINT ('', (40., 43.2500000000001, -5.));
#6593 = CARTESIAN_POINT ('', (40., 43.2500000000001, -3.5));
#6594 = B_SPLINE_CURVE_WITH_KNOTS ('', 1, (#6592, #6593), .UNSPECIFIED., .F., .U., (2, 2), (0.0833333333333338, 0.916666666666667), .UNSPECIFIED.);
#6595 = EDGE_CURVE ('', #583, #6591, #6594, .T.);
#6596 = ORIENTED_EDGE ('', *, *, #6595, .T.);
#6597 = CARTESIAN_POINT ('', (40., 55.2500000000001, -3.5));
#6598 = VERTEX_POINT ('', #6597);
#6599 = CARTESIAN_POINT ('', (40., 43.2500000000001, -3.5));
#6600 = CARTESIAN_POINT ('', (46., 43.2500000000001, -3.5));
#6601 = CARTESIAN_POINT ('', (46., 49.2500000000001, -3.5));
#6602 = CARTESIAN_POINT ('', (46., 55.2500000000001, -3.5));
#6603 = CARTESIAN_POINT ('', (40., 55.2500000000001, -3.5));
#6604 = (
   BOUNDED_CURVE ()
   B_SPLINE_CURVE (2, (#6599, #6600, #6601, #6602, #6603), .UNSPECIFIED., .F., .U.)
   B_SPLINE_CURVE_WITH_KNOTS ((3, 2, 3), (0.5, 0.75, 1.), .UNSPECIFIED.)
   CURVE ()
   GEOMETRIC_REPRESENTATION_ITEM ()
   RATIONAL_B_SPLINE_CURVE ((1., 0.707106781186548, 1., 0.707106781186548, 1.))
   REPRESENTATION_ITEM ('')
);
#6605 = EDGE_CURVE ('', #6591, #6598, #6604, .T.);
#6606 = ORIENTED_EDGE ('', *, *, #6605, .T.);
#6607 = CARTESIAN_POINT ('', (40., 55.2500000000001, -5.));
#6608 = CARTESIAN_POINT ('', (40., 55.2500000000001, -3.5));
#6609 = B_SPLINE_CURVE_WITH_KNOTS ('', 1, (#6607, #6608), .UNSPECIFIED., .F., .U., (2, 2), (0.083333333333334, 0.916666666666667), .UNSPECIFIED.);
#6610 = EDGE_CURVE ('', #581, #6598, #6609, .T.);
#6611 = ORIENTED_EDGE ('', *, *, #6610, .F.);
#6612 = ORIENTED_EDGE ('', *, *, #598, .F.);
#6613 = EDGE_LOOP ('', (#6596, #6606, #6611, #6612));
#6614 = FACE_OUTER_BOUND ('', #6613, .T.);
#6615 = CARTESIAN_POINT ('', (40., 43.2500000000001, -5.));
#6616 = CARTESIAN_POINT ('', (46., 43.2500000000001, -5.));
#6617 = CARTESIAN_POINT ('', (46., 49.2500000000001, -5.));
#6618 = CARTESIAN_POINT ('', (46., 55.2500000000001, -5.));
#6619 = CARTESIAN_POINT ('', (40., 55.2500000000001, -5.));
#6620 = CARTESIAN_POINT ('', (40., 43.2500000000001, -3.5));
#6621 = CARTESIAN_POINT ('', (46., 43.2500000000001, -3.5));
#6622 = CARTESIAN_POINT ('', (46., 49.2500000000001, -3.5));
#6623 = CARTESIAN_POINT ('', (46., 55.2500000000001, -3.5));
#6624 = CARTESIAN_POINT ('', (40., 55.2500000000001, -3.5));
#6625 = (
   BOUNDED_SURFACE ()
   B_SPLINE_SURFACE (1, 2, ((#6615, #6616, #6617, #6618, #6619), (#6620, #6621, #6622, #6623, #6624)), .UNSPECIFIED., .F., .F., .U.)
   B_SPLINE_SURFACE_WITH_KNOTS ((2, 2), (3, 2, 3), (0.0833333333333338, 0.916666666666667), (0.5, 0.75, 1.), .UNSPECIFIED.)
   GEOMETRIC_REPRESENTATION_ITEM ()
   RATIONAL_B_SPLINE_SURFACE (((1., 0.707106781186548, 1., 0.707106781186548, 1.), (1., 0.707106781186548, 1., 0.707106781186548, 1.)))
   REPRESENTATION_ITEM ('')
   SURFACE ()
);
#6626 = ADVANCED_FACE ('', (#6614), #6625, .T.);
#6627 = CARTESIAN_POINT ('', (25., 43.2500000000001, -3.5));
#6628 = VERTEX_POINT ('', #6627);
#6629 = CARTESIAN_POINT ('', (25., 43.2500000000001, -5.));
#6630 = CARTESIAN_POINT ('', (25., 43.2500000000001, -3.5));
#6631 = B_SPLINE_CURVE_WITH_KNOTS ('', 1, (#6629, #6630), .UNSPECIFIED., .F., .U., (2, 2), (0.0833333333333338, 0.916666666666667), .UNSPECIFIED.);
#6632 = EDGE_CURVE ('', #561, #6628, #6631, .T.);
#6633 = ORIENTED_EDGE ('', *, *, #6632, .T.);
#6634 = CARTESIAN_POINT ('', (25., 55.2500000000001, -3.5));
#6635 = VERTEX_POINT ('', #6634);
#6636 = CARTESIAN_POINT ('', (25., 43.2500000000001, -3.5));
#6637 = CARTESIAN_POINT ('', (31., 43.2500000000001, -3.5));
#6638 = CARTESIAN_POINT ('', (31., 49.2500000000001, -3.5));
#6639 = CARTESIAN_POINT ('', (31., 55.2500000000001, -3.5));
#6640 = CARTESIAN_POINT ('', (25., 55.2500000000001, -3.5));
#6641 = (
   BOUNDED_CURVE ()
   B_SPLINE_CURVE (2, (#6636, #6637, #6638, #6639, #6640), .UNSPECIFIED., .F., .U.)
   B_SPLINE_CURVE_WITH_KNOTS ((3, 2, 3), (0.5, 0.75, 1.), .UNSPECIFIED.)
   CURVE ()
   GEOMETRIC_REPRESENTATION_ITEM ()
   RATIONAL_B_SPLINE_CURVE ((1., 0.707106781186548, 1., 0.707106781186548, 1.))
   REPRESENTATION_ITEM ('')
);
#6642 = EDGE_CURVE ('', #6628, #6635, #6641, .T.);
#6643 = ORIENTED_EDGE ('', *, *, #6642, .T.);
#6644 = CARTESIAN_POINT ('', (25., 55.2500000000001, -5.));
#6645 = CARTESIAN_POINT ('', (25., 55.2500000000001, -3.5));
#6646 = B_SPLINE_CURVE_WITH_KNOTS ('', 1, (#6644, #6645), .UNSPECIFIED., .F., .U., (2, 2), (0.083333333333334, 0.916666666666667), .UNSPECIFIED.);
#6647 = EDGE_CURVE ('', #559, #6635, #6646, .T.);
#6648 = ORIENTED_EDGE ('', *, *, #6647, .F.);
#6649 = ORIENTED_EDGE ('', *, *, #576, .F.);
#6650 = EDGE_LOOP ('', (#6633, #6643, #6648, #6649));
#6651 = FACE_OUTER_BOUND ('', #6650, .T.);
#6652 = CARTESIAN_POINT ('', (25., 43.2500000000001, -5.));
#6653 = CARTESIAN_POINT ('', (31., 43.2500000000001, -5.));
#6654 = CARTESIAN_POINT ('', (31., 49.2500000000001, -5.));
#6655 = CARTESIAN_POINT ('', (31., 55.2500000000001, -5.));
#6656 = CARTESIAN_POINT ('', (25., 55.2500000000001, -5.));
#6657 = CARTESIAN_POINT ('', (25., 43.2500000000001, -3.5));
#6658 = CARTESIAN_POINT ('', (31., 43.2500000000001, -3.5));
#6659 = CARTESIAN_POINT ('', (31., 49.2500000000001, -3.5));
#6660 = CARTESIAN_POINT ('', (31., 55.2500000000001, -3.5));
#6661 = CARTESIAN_POINT ('', (25., 55.2500000000001, -3.5));
#6662 = (
   BOUNDED_SURFACE ()
   B_SPLINE_SURFACE (1, 2, ((#6652, #6653, #6654, #6655, #6656), (#6657, #6658, #6659, #6660, #6661)), .UNSPECIFIED., .F., .F., .U.)
   B_SPLINE_SURFACE_WITH_KNOTS ((2, 2), (3, 2, 3), (0.0833333333333338, 0.916666666666667), (0.5, 0.75, 1.), .UNSPECIFIED.)
   GEOMETRIC_REPRESENTATION_ITEM ()
   RATIONAL_B_SPLINE_SURFACE (((1., 0.707106781186548, 1., 0.707106781186548, 1.), (1., 0.707106781186548, 1., 0.707106781186548, 1.)))
   REPRESENTATION_ITEM ('')
   SURFACE ()
);
#6663 = ADVANCED_FACE ('', (#6651), #6662, .T.);
#6664 = CARTESIAN_POINT ('', (32.5, 30.5000000000001, -3.5));
#6665 = VERTEX_POINT ('', #6664);
#6666 = CARTESIAN_POINT ('', (32.5, 30.5000000000001, -5.));
#6667 = CARTESIAN_POINT ('', (32.5, 30.5000000000001, -3.5));
#6668 = B_SPLINE_CURVE_WITH_KNOTS ('', 1, (#6666, #6667), .UNSPECIFIED., .F., .U., (2, 2), (0.0833333333333338, 0.916666666666667), .UNSPECIFIED.);
#6669 = EDGE_CURVE ('', #539, #6665, #6668, .T.);
#6670 = ORIENTED_EDGE ('', *, *, #6669, .T.);
#6671 = CARTESIAN_POINT ('', (32.5, 42.5000000000001, -3.5));
#6672 = VERTEX_POINT ('', #6671);
#6673 = CARTESIAN_POINT ('', (32.5, 30.5000000000001, -3.5));
#6674 = CARTESIAN_POINT ('', (38.5, 30.5000000000001, -3.5));
#6675 = CARTESIAN_POINT ('', (38.5, 36.5000000000001, -3.5));
#6676 = CARTESIAN_POINT ('', (38.5, 42.5000000000001, -3.5));
#6677 = CARTESIAN_POINT ('', (32.5, 42.5000000000001, -3.5));
#6678 = (
   BOUNDED_CURVE ()
   B_SPLINE_CURVE (2, (#6673, #6674, #6675, #6676, #6677), .UNSPECIFIED., .F., .U.)
   B_SPLINE_CURVE_WITH_KNOTS ((3, 2, 3), (0.5, 0.75, 1.), .UNSPECIFIED.)
   CURVE ()
   GEOMETRIC_REPRESENTATION_ITEM ()
   RATIONAL_B_SPLINE_CURVE ((1., 0.707106781186548, 1., 0.707106781186548, 1.))
   REPRESENTATION_ITEM ('')
);
#6679 = EDGE_CURVE ('', #6665, #6672, #6678, .T.);
#6680 = ORIENTED_EDGE ('', *, *, #6679, .T.);
#6681 = CARTESIAN_POINT ('', (32.5, 42.5000000000001, -5.));
#6682 = CARTESIAN_POINT ('', (32.5, 42.5000000000001, -3.5));
#6683 = B_SPLINE_CURVE_WITH_KNOTS ('', 1, (#6681, #6682), .UNSPECIFIED., .F., .U., (2, 2), (0.083333333333334, 0.916666666666667), .UNSPECIFIED.);
#6684 = EDGE_CURVE ('', #537, #6672, #6683, .T.);
#6685 = ORIENTED_EDGE ('', *, *, #6684, .F.);
#6686 = ORIENTED_EDGE ('', *, *, #554, .F.);
#6687 = EDGE_LOOP ('', (#6670, #6680, #6685, #6686));
#6688 = FACE_OUTER_BOUND ('', #6687, .T.);
#6689 = CARTESIAN_POINT ('', (32.5, 30.5000000000001, -5.));
#6690 = CARTESIAN_POINT ('', (38.5, 30.5000000000001, -5.));
#6691 = CARTESIAN_POINT ('', (38.5, 36.5000000000001, -5.));
#6692 = CARTESIAN_POINT ('', (38.5, 42.5000000000001, -5.));
#6693 = CARTESIAN_POINT ('', (32.5, 42.5000000000001, -5.));
#6694 = CARTESIAN_POINT ('', (32.5, 30.5000000000001, -3.5));
#6695 = CARTESIAN_POINT ('', (38.5, 30.5000000000001, -3.5));
#6696 = CARTESIAN_POINT ('', (38.5, 36.5000000000001, -3.5));
#6697 = CARTESIAN_POINT ('', (38.5, 42.5000000000001, -3.5));
#6698 = CARTESIAN_POINT ('', (32.5, 42.5000000000001, -3.5));
#6699 = (
   BOUNDED_SURFACE ()
   B_SPLINE_SURFACE (1, 2, ((#6689, #6690, #6691, #6692, #6693), (#6694, #6695, #6696, #6697, #6698)), .UNSPECIFIED., .F., .F., .U.)
   B_SPLINE_SURFACE_WITH_KNOTS ((2, 2), (3, 2, 3), (0.0833333333333338, 0.916666666666667), (0.5, 0.75, 1.), .UNSPECIFIED.)
   GEOMETRIC_REPRESENTATION_ITEM ()
   RATIONAL_B_SPLINE_SURFACE (((1., 0.707106781186548, 1., 0.707106781186548, 1.), (1., 0.707106781186548, 1., 0.707106781186548, 1.)))
   REPRESENTATION_ITEM ('')
   SURFACE ()
);
#6700 = ADVANCED_FACE ('', (#6688), #6699, .T.);
#6701 = CARTESIAN_POINT ('', (17.5, 30.5000000000001, -3.5));
#6702 = VERTEX_POINT ('', #6701);
#6703 = CARTESIAN_POINT ('', (17.5, 30.5000000000001, -5.));
#6704 = CARTESIAN_POINT ('', (17.5, 30.5000000000001, -3.5));
#6705 = B_SPLINE_CURVE_WITH_KNOTS ('', 1, (#6703, #6704), .UNSPECIFIED., .F., .U., (2, 2), (0.0833333333333338, 0.916666666666667), .UNSPECIFIED.);
#6706 = EDGE_CURVE ('', #517, #6702, #6705, .T.);
#6707 = ORIENTED_EDGE ('', *, *, #6706, .T.);
#6708 = CARTESIAN_POINT ('', (17.5, 42.5000000000001, -3.5));
#6709 = VERTEX_POINT ('', #6708);
#6710 = CARTESIAN_POINT ('', (17.5, 30.5000000000001, -3.5));
#6711 = CARTESIAN_POINT ('', (23.5, 30.5000000000001, -3.5));
#6712 = CARTESIAN_POINT ('', (23.5, 36.5000000000001, -3.5));
#6713 = CARTESIAN_POINT ('', (23.5, 42.5000000000001, -3.5));
#6714 = CARTESIAN_POINT ('', (17.5, 42.5000000000001, -3.5));
#6715 = (
   BOUNDED_CURVE ()
   B_SPLINE_CURVE (2, (#6710, #6711, #6712, #6713, #6714), .UNSPECIFIED., .F., .U.)
   B_SPLINE_CURVE_WITH_KNOTS ((3, 2, 3), (0.5, 0.75, 1.), .UNSPECIFIED.)
   CURVE ()
   GEOMETRIC_REPRESENTATION_ITEM ()
   RATIONAL_B_SPLINE_CURVE ((1., 0.707106781186548, 1., 0.707106781186548, 1.))
   REPRESENTATION_ITEM ('')
);
#6716 = EDGE_CURVE ('', #6702, #6709, #6715, .T.);
#6717 = ORIENTED_EDGE ('', *, *, #6716, .T.);
#6718 = CARTESIAN_POINT ('', (17.5, 42.5000000000001, -5.));
#6719 = CARTESIAN_POINT ('', (17.5, 42.5000000000001, -3.5));
#6720 = B_SPLINE_CURVE_WITH_KNOTS ('', 1, (#6718, #6719), .UNSPECIFIED., .F., .U., (2, 2), (0.083333333333334, 0.916666666666667), .UNSPECIFIED.);
#6721 = EDGE_CURVE ('', #515, #6709, #6720, .T.);
#6722 = ORIENTED_EDGE ('', *, *, #6721, .F.);
#6723 = ORIENTED_EDGE ('', *, *, #532, .F.);
#6724 = EDGE_LOOP ('', (#6707, #6717, #6722, #6723));
#6725 = FACE_OUTER_BOUND ('', #6724, .T.);
#6726 = CARTESIAN_POINT ('', (17.5, 30.5000000000001, -5.));
#6727 = CARTESIAN_POINT ('', (23.5, 30.5000000000001, -5.));
#6728 = CARTESIAN_POINT ('', (23.5, 36.5000000000001, -5.));
#6729 = CARTESIAN_POINT ('', (23.5, 42.5000000000001, -5.));
#6730 = CARTESIAN_POINT ('', (17.5, 42.5000000000001, -5.));
#6731 = CARTESIAN_POINT ('', (17.5, 30.5000000000001, -3.5));
#6732 = CARTESIAN_POINT ('', (23.5, 30.5000000000001, -3.5));
#6733 = CARTESIAN_POINT ('', (23.5, 36.5000000000001, -3.5));
#6734 = CARTESIAN_POINT ('', (23.5, 42.5000000000001, -3.5));
#6735 = CARTESIAN_POINT ('', (17.5, 42.5000000000001, -3.5));
#6736 = (
   BOUNDED_SURFACE ()
   B_SPLINE_SURFACE (1, 2, ((#6726, #6727, #6728, #6729, #6730), (#6731, #6732, #6733, #6734, #6735)), .UNSPECIFIED., .F., .F., .U.)
   B_SPLINE_SURFACE_WITH_KNOTS ((2, 2), (3, 2, 3), (0.0833333333333338, 0.916666666666667), (0.5, 0.75, 1.), .UNSPECIFIED.)
   GEOMETRIC_REPRESENTATION_ITEM ()
   RATIONAL_B_SPLINE_SURFACE (((1., 0.707106781186548, 1., 0.707106781186548, 1.), (1., 0.707106781186548, 1., 0.707106781186548, 1.)))
   REPRESENTATION_ITEM ('')
   SURFACE ()
);
#6737 = ADVANCED_FACE ('', (#6725), #6736, .T.);
#6738 = CARTESIAN_POINT ('', (85., 17.7500000000001, -3.5));
#6739 = VERTEX_POINT ('', #6738);
#6740 = CARTESIAN_POINT ('', (85., 17.7500000000001, -5.));
#6741 = CARTESIAN_POINT ('', (85., 17.7500000000001, -3.5));
#6742 = B_SPLINE_CURVE_WITH_KNOTS ('', 1, (#6740, #6741), .UNSPECIFIED., .F., .U., (2, 2), (0.0833333333333338, 0.916666666666667), .UNSPECIFIED.);
#6743 = EDGE_CURVE ('', #495, #6739, #6742, .T.);
#6744 = ORIENTED_EDGE ('', *, *, #6743, .T.);
#6745 = CARTESIAN_POINT ('', (85., 29.7500000000001, -3.5));
#6746 = VERTEX_POINT ('', #6745);
#6747 = CARTESIAN_POINT ('', (85., 17.7500000000001, -3.5));
#6748 = CARTESIAN_POINT ('', (91., 17.7500000000001, -3.5));
#6749 = CARTESIAN_POINT ('', (91., 23.7500000000001, -3.5));
#6750 = CARTESIAN_POINT ('', (91., 29.7500000000001, -3.5));
#6751 = CARTESIAN_POINT ('', (85., 29.7500000000001, -3.5));
#6752 = (
   BOUNDED_CURVE ()
   B_SPLINE_CURVE (2, (#6747, #6748, #6749, #6750, #6751), .UNSPECIFIED., .F., .U.)
   B_SPLINE_CURVE_WITH_KNOTS ((3, 2, 3), (0.5, 0.75, 1.), .UNSPECIFIED.)
   CURVE ()
   GEOMETRIC_REPRESENTATION_ITEM ()
   RATIONAL_B_SPLINE_CURVE ((1., 0.707106781186548, 1., 0.707106781186548, 1.))
   REPRESENTATION_ITEM ('')
);
#6753 = EDGE_CURVE ('', #6739, #6746, #6752, .T.);
#6754 = ORIENTED_EDGE ('', *, *, #6753, .T.);
#6755 = CARTESIAN_POINT ('', (85., 29.7500000000001, -5.));
#6756 = CARTESIAN_POINT ('', (85., 29.7500000000001, -3.5));
#6757 = B_SPLINE_CURVE_WITH_KNOTS ('', 1, (#6755, #6756), .UNSPECIFIED., .F., .U., (2, 2), (0.083333333333334, 0.916666666666667), .UNSPECIFIED.);
#6758 = EDGE_CURVE ('', #493, #6746, #6757, .T.);
#6759 = ORIENTED_EDGE ('', *, *, #6758, .F.);
#6760 = ORIENTED_EDGE ('', *, *, #510, .F.);
#6761 = EDGE_LOOP ('', (#6744, #6754, #6759, #6760));
#6762 = FACE_OUTER_BOUND ('', #6761, .T.);
#6763 = CARTESIAN_POINT ('', (85., 17.7500000000001, -5.));
#6764 = CARTESIAN_POINT ('', (91., 17.7500000000001, -5.));
#6765 = CARTESIAN_POINT ('', (91., 23.7500000000001, -5.));
#6766 = CARTESIAN_POINT ('', (91., 29.7500000000001, -5.));
#6767 = CARTESIAN_POINT ('', (85., 29.7500000000001, -5.));
#6768 = CARTESIAN_POINT ('', (85., 17.7500000000001, -3.5));
#6769 = CARTESIAN_POINT ('', (91., 17.7500000000001, -3.5));
#6770 = CARTESIAN_POINT ('', (91., 23.7500000000001, -3.5));
#6771 = CARTESIAN_POINT ('', (91., 29.7500000000001, -3.5));
#6772 = CARTESIAN_POINT ('', (85., 29.7500000000001, -3.5));
#6773 = (
   BOUNDED_SURFACE ()
   B_SPLINE_SURFACE (1, 2, ((#6763, #6764, #6765, #6766, #6767), (#6768, #6769, #6770, #6771, #6772)), .UNSPECIFIED., .F., .F., .U.)
   B_SPLINE_SURFACE_WITH_KNOTS ((2, 2), (3, 2, 3), (0.0833333333333338, 0.916666666666667), (0.5, 0.75, 1.), .UNSPECIFIED.)
   GEOMETRIC_REPRESENTATION_ITEM ()
   RATIONAL_B_SPLINE_SURFACE (((1., 0.707106781186548, 1., 0.707106781186548, 1.), (1., 0.707106781186548, 1., 0.707106781186548, 1.)))
   REPRESENTATION_ITEM ('')
   SURFACE ()
);
#6774 = ADVANCED_FACE ('', (#6762), #6773, .T.);
#6775 = CARTESIAN_POINT ('', (92.5, 5.00000000000014, -3.5));
#6776 = VERTEX_POINT ('', #6775);
#6777 = CARTESIAN_POINT ('', (92.5, 5.00000000000011, -5.));
#6778 = CARTESIAN_POINT ('', (92.5, 5.00000000000011, -3.5));
#6779 = B_SPLINE_CURVE_WITH_KNOTS ('', 1, (#6777, #6778), .UNSPECIFIED., .F., .U., (2, 2), (0.0833333333333338, 0.916666666666667), .UNSPECIFIED.);
#6780 = EDGE_CURVE ('', #473, #6776, #6779, .T.);
#6781 = ORIENTED_EDGE ('', *, *, #6780, .T.);
#6782 = CARTESIAN_POINT ('', (92.5, 17.0000000000001, -3.5));
#6783 = VERTEX_POINT ('', #6782);
#6784 = CARTESIAN_POINT ('', (92.5, 5.00000000000014, -3.5));
#6785 = CARTESIAN_POINT ('', (98.5, 5.00000000000013, -3.5));
#6786 = CARTESIAN_POINT ('', (98.5, 11.0000000000001, -3.5));
#6787 = CARTESIAN_POINT ('', (98.5, 17.0000000000001, -3.5));
#6788 = CARTESIAN_POINT ('', (92.5, 17.0000000000001, -3.5));
#6789 = (
   BOUNDED_CURVE ()
   B_SPLINE_CURVE (2, (#6784, #6785, #6786, #6787, #6788), .UNSPECIFIED., .F., .U.)
   B_SPLINE_CURVE_WITH_KNOTS ((3, 2, 3), (0.5, 0.75, 1.), .UNSPECIFIED.)
   CURVE ()
   GEOMETRIC_REPRESENTATION_ITEM ()
   RATIONAL_B_SPLINE_CURVE ((1., 0.707106781186548, 1., 0.707106781186548, 1.))
   REPRESENTATION_ITEM ('')
);
#6790 = EDGE_CURVE ('', #6776, #6783, #6789, .T.);
#6791 = ORIENTED_EDGE ('', *, *, #6790, .T.);
#6792 = CARTESIAN_POINT ('', (92.5, 17.0000000000001, -5.));
#6793 = CARTESIAN_POINT ('', (92.5, 17.0000000000001, -3.5));
#6794 = B_SPLINE_CURVE_WITH_KNOTS ('', 1, (#6792, #6793), .UNSPECIFIED., .F., .U., (2, 2), (0.083333333333334, 0.916666666666667), .UNSPECIFIED.);
#6795 = EDGE_CURVE ('', #471, #6783, #6794, .T.);
#6796 = ORIENTED_EDGE ('', *, *, #6795, .F.);
#6797 = ORIENTED_EDGE ('', *, *, #488, .F.);
#6798 = EDGE_LOOP ('', (#6781, #6791, #6796, #6797));
#6799 = FACE_OUTER_BOUND ('', #6798, .T.);
#6800 = CARTESIAN_POINT ('', (92.5, 5.00000000000011, -5.));
#6801 = CARTESIAN_POINT ('', (98.5, 5.00000000000011, -5.));
#6802 = CARTESIAN_POINT ('', (98.5, 11.0000000000001, -5.));
#6803 = CARTESIAN_POINT ('', (98.5, 17.0000000000001, -5.));
#6804 = CARTESIAN_POINT ('', (92.5, 17.0000000000001, -5.));
#6805 = CARTESIAN_POINT ('', (92.5, 5.00000000000011, -3.5));
#6806 = CARTESIAN_POINT ('', (98.5, 5.00000000000011, -3.5));
#6807 = CARTESIAN_POINT ('', (98.5, 11.0000000000001, -3.5));
#6808 = CARTESIAN_POINT ('', (98.5, 17.0000000000001, -3.5));
#6809 = CARTESIAN_POINT ('', (92.5, 17.0000000000001, -3.5));
#6810 = (
   BOUNDED_SURFACE ()
   B_SPLINE_SURFACE (1, 2, ((#6800, #6801, #6802, #6803, #6804), (#6805, #6806, #6807, #6808, #6809)), .UNSPECIFIED., .F., .F., .U.)
   B_SPLINE_SURFACE_WITH_KNOTS ((2, 2), (3, 2, 3), (0.0833333333333338, 0.916666666666667), (0.5, 0.75, 1.), .UNSPECIFIED.)
   GEOMETRIC_REPRESENTATION_ITEM ()
   RATIONAL_B_SPLINE_SURFACE (((1., 0.707106781186548, 1., 0.707106781186548, 1.), (1., 0.707106781186548, 1., 0.707106781186548, 1.)))
   REPRESENTATION_ITEM ('')
   SURFACE ()
);
#6811 = ADVANCED_FACE ('', (#6799), #6810, .T.);
#6812 = CARTESIAN_POINT ('', (77.5, 5.00000000000011, -3.5));
#6813 = VERTEX_POINT ('', #6812);
#6814 = CARTESIAN_POINT ('', (77.5, 5.00000000000011, -5.));
#6815 = CARTESIAN_POINT ('', (77.5, 5.00000000000011, -3.5));
#6816 = B_SPLINE_CURVE_WITH_KNOTS ('', 1, (#6814, #6815), .UNSPECIFIED., .F., .U., (2, 2), (0.0833333333333338, 0.916666666666667), .UNSPECIFIED.);
#6817 = EDGE_CURVE ('', #451, #6813, #6816, .T.);
#6818 = ORIENTED_EDGE ('', *, *, #6817, .T.);
#6819 = CARTESIAN_POINT ('', (77.5, 17.0000000000001, -3.5));
#6820 = VERTEX_POINT ('', #6819);
#6821 = CARTESIAN_POINT ('', (77.5, 5.00000000000011, -3.5));
#6822 = CARTESIAN_POINT ('', (83.5, 5.00000000000011, -3.5));
#6823 = CARTESIAN_POINT ('', (83.5, 11.0000000000001, -3.5));
#6824 = CARTESIAN_POINT ('', (83.5, 17.0000000000001, -3.5));
#6825 = CARTESIAN_POINT ('', (77.5, 17.0000000000001, -3.5));
#6826 = (
   BOUNDED_CURVE ()
   B_SPLINE_CURVE (2, (#6821, #6822, #6823, #6824, #6825), .UNSPECIFIED., .F., .U.)
   B_SPLINE_CURVE_WITH_KNOTS ((3, 2, 3), (0.5, 0.75, 1.), .UNSPECIFIED.)
   CURVE ()
   GEOMETRIC_REPRESENTATION_ITEM ()
   RATIONAL_B_SPLINE_CURVE ((1., 0.707106781186548, 1., 0.707106781186548, 1.))
   REPRESENTATION_ITEM ('')
);
#6827 = EDGE_CURVE ('', #6813, #6820, #6826, .T.);
#6828 = ORIENTED_EDGE ('', *, *, #6827, .T.);
#6829 = CARTESIAN_POINT ('', (77.5, 17.0000000000001, -5.));
#6830 = CARTESIAN_POINT ('', (77.5, 17.0000000000001, -3.5));
#6831 = B_SPLINE_CURVE_WITH_KNOTS ('', 1, (#6829, #6830), .UNSPECIFIED., .F., .U., (2, 2), (0.083333333333334, 0.916666666666667), .UNSPECIFIED.);
#6832 = EDGE_CURVE ('', #449, #6820, #6831, .T.);
#6833 = ORIENTED_EDGE ('', *, *, #6832, .F.);
#6834 = ORIENTED_EDGE ('', *, *, #466, .F.);
#6835 = EDGE_LOOP ('', (#6818, #6828, #6833, #6834));
#6836 = FACE_OUTER_BOUND ('', #6835, .T.);
#6837 = CARTESIAN_POINT ('', (77.5, 5.00000000000011, -5.));
#6838 = CARTESIAN_POINT ('', (83.5, 5.00000000000011, -5.));
#6839 = CARTESIAN_POINT ('', (83.5, 11.0000000000001, -5.));
#6840 = CARTESIAN_POINT ('', (83.5, 17.0000000000001, -5.));
#6841 = CARTESIAN_POINT ('', (77.5, 17.0000000000001, -5.));
#6842 = CARTESIAN_POINT ('', (77.5, 5.00000000000011, -3.5));
#6843 = CARTESIAN_POINT ('', (83.5, 5.00000000000011, -3.5));
#6844 = CARTESIAN_POINT ('', (83.5, 11.0000000000001, -3.5));
#6845 = CARTESIAN_POINT ('', (83.5, 17.0000000000001, -3.5));
#6846 = CARTESIAN_POINT ('', (77.5, 17.0000000000001, -3.5));
#6847 = (
   BOUNDED_SURFACE ()
   B_SPLINE_SURFACE (1, 2, ((#6837, #6838, #6839, #6840, #6841), (#6842, #6843, #6844, #6845, #6846)), .UNSPECIFIED., .F., .F., .U.)
   B_SPLINE_SURFACE_WITH_KNOTS ((2, 2), (3, 2, 3), (0.0833333333333338, 0.916666666666667), (0.5, 0.75, 1.), .UNSPECIFIED.)
   GEOMETRIC_REPRESENTATION_ITEM ()
   RATIONAL_B_SPLINE_SURFACE (((1., 0.707106781186548, 1., 0.707106781186548, 1.), (1., 0.707106781186548, 1., 0.707106781186548, 1.)))
   REPRESENTATION_ITEM ('')
   SURFACE ()
);
#6848 = ADVANCED_FACE ('', (#6836), #6847, .T.);
#6849 = CARTESIAN_POINT ('', (70., 17.7500000000001, -3.5));
#6850 = VERTEX_POINT ('', #6849);
#6851 = CARTESIAN_POINT ('', (70., 17.7500000000001, -5.));
#6852 = CARTESIAN_POINT ('', (70., 17.7500000000001, -3.5));
#6853 = B_SPLINE_CURVE_WITH_KNOTS ('', 1, (#6851, #6852), .UNSPECIFIED., .F., .U., (2, 2), (0.0833333333333338, 0.916666666666667), .UNSPECIFIED.);
#6854 = EDGE_CURVE ('', #429, #6850, #6853, .T.);
#6855 = ORIENTED_EDGE ('', *, *, #6854, .T.);
#6856 = CARTESIAN_POINT ('', (70., 29.7500000000001, -3.5));
#6857 = VERTEX_POINT ('', #6856);
#6858 = CARTESIAN_POINT ('', (70., 17.7500000000001, -3.5));
#6859 = CARTESIAN_POINT ('', (76., 17.7500000000001, -3.5));
#6860 = CARTESIAN_POINT ('', (76., 23.7500000000001, -3.5));
#6861 = CARTESIAN_POINT ('', (76., 29.7500000000001, -3.5));
#6862 = CARTESIAN_POINT ('', (70., 29.7500000000001, -3.5));
#6863 = (
   BOUNDED_CURVE ()
   B_SPLINE_CURVE (2, (#6858, #6859, #6860, #6861, #6862), .UNSPECIFIED., .F., .U.)
   B_SPLINE_CURVE_WITH_KNOTS ((3, 2, 3), (0.5, 0.75, 1.), .UNSPECIFIED.)
   CURVE ()
   GEOMETRIC_REPRESENTATION_ITEM ()
   RATIONAL_B_SPLINE_CURVE ((1., 0.707106781186548, 1., 0.707106781186548, 1.))
   REPRESENTATION_ITEM ('')
);
#6864 = EDGE_CURVE ('', #6850, #6857, #6863, .T.);
#6865 = ORIENTED_EDGE ('', *, *, #6864, .T.);
#6866 = CARTESIAN_POINT ('', (70., 29.7500000000001, -5.));
#6867 = CARTESIAN_POINT ('', (70., 29.7500000000001, -3.5));
#6868 = B_SPLINE_CURVE_WITH_KNOTS ('', 1, (#6866, #6867), .UNSPECIFIED., .F., .U., (2, 2), (0.083333333333334, 0.916666666666667), .UNSPECIFIED.);
#6869 = EDGE_CURVE ('', #427, #6857, #6868, .T.);
#6870 = ORIENTED_EDGE ('', *, *, #6869, .F.);
#6871 = ORIENTED_EDGE ('', *, *, #444, .F.);
#6872 = EDGE_LOOP ('', (#6855, #6865, #6870, #6871));
#6873 = FACE_OUTER_BOUND ('', #6872, .T.);
#6874 = CARTESIAN_POINT ('', (70., 17.7500000000001, -5.));
#6875 = CARTESIAN_POINT ('', (76., 17.7500000000001, -5.));
#6876 = CARTESIAN_POINT ('', (76., 23.7500000000001, -5.));
#6877 = CARTESIAN_POINT ('', (76., 29.7500000000001, -5.));
#6878 = CARTESIAN_POINT ('', (70., 29.7500000000001, -5.));
#6879 = CARTESIAN_POINT ('', (70., 17.7500000000001, -3.5));
#6880 = CARTESIAN_POINT ('', (76., 17.7500000000001, -3.5));
#6881 = CARTESIAN_POINT ('', (76., 23.7500000000001, -3.5));
#6882 = CARTESIAN_POINT ('', (76., 29.7500000000001, -3.5));
#6883 = CARTESIAN_POINT ('', (70., 29.7500000000001, -3.5));
#6884 = (
   BOUNDED_SURFACE ()
   B_SPLINE_SURFACE (1, 2, ((#6874, #6875, #6876, #6877, #6878), (#6879, #6880, #6881, #6882, #6883)), .UNSPECIFIED., .F., .F., .U.)
   B_SPLINE_SURFACE_WITH_KNOTS ((2, 2), (3, 2, 3), (0.0833333333333338, 0.916666666666667), (0.5, 0.75, 1.), .UNSPECIFIED.)
   GEOMETRIC_REPRESENTATION_ITEM ()
   RATIONAL_B_SPLINE_SURFACE (((1., 0.707106781186548, 1., 0.707106781186548, 1.), (1., 0.707106781186548, 1., 0.707106781186548, 1.)))
   REPRESENTATION_ITEM ('')
   SURFACE ()
);
#6885 = ADVANCED_FACE ('', (#6873), #6884, .T.);
#6886 = CARTESIAN_POINT ('', (55., 17.7500000000001, -3.5));
#6887 = VERTEX_POINT ('', #6886);
#6888 = CARTESIAN_POINT ('', (55., 17.7500000000001, -5.));
#6889 = CARTESIAN_POINT ('', (55., 17.7500000000001, -3.5));
#6890 = B_SPLINE_CURVE_WITH_KNOTS ('', 1, (#6888, #6889), .UNSPECIFIED., .F., .U., (2, 2), (0.0833333333333338, 0.916666666666667), .UNSPECIFIED.);
#6891 = EDGE_CURVE ('', #407, #6887, #6890, .T.);
#6892 = ORIENTED_EDGE ('', *, *, #6891, .T.);
#6893 = CARTESIAN_POINT ('', (55., 29.7500000000001, -3.5));
#6894 = VERTEX_POINT ('', #6893);
#6895 = CARTESIAN_POINT ('', (55., 17.7500000000001, -3.5));
#6896 = CARTESIAN_POINT ('', (61., 17.7500000000001, -3.5));
#6897 = CARTESIAN_POINT ('', (61., 23.7500000000001, -3.5));
#6898 = CARTESIAN_POINT ('', (61., 29.7500000000001, -3.5));
#6899 = CARTESIAN_POINT ('', (55., 29.7500000000001, -3.5));
#6900 = (
   BOUNDED_CURVE ()
   B_SPLINE_CURVE (2, (#6895, #6896, #6897, #6898, #6899), .UNSPECIFIED., .F., .U.)
   B_SPLINE_CURVE_WITH_KNOTS ((3, 2, 3), (0.5, 0.75, 1.), .UNSPECIFIED.)
   CURVE ()
   GEOMETRIC_REPRESENTATION_ITEM ()
   RATIONAL_B_SPLINE_CURVE ((1., 0.707106781186548, 1., 0.707106781186548, 1.))
   REPRESENTATION_ITEM ('')
);
#6901 = EDGE_CURVE ('', #6887, #6894, #6900, .T.);
#6902 = ORIENTED_EDGE ('', *, *, #6901, .T.);
#6903 = CARTESIAN_POINT ('', (55., 29.7500000000001, -5.));
#6904 = CARTESIAN_POINT ('', (55., 29.7500000000001, -3.5));
#6905 = B_SPLINE_CURVE_WITH_KNOTS ('', 1, (#6903, #6904), .UNSPECIFIED., .F., .U., (2, 2), (0.083333333333334, 0.916666666666667), .UNSPECIFIED.);
#6906 = EDGE_CURVE ('', #405, #6894, #6905, .T.);
#6907 = ORIENTED_EDGE ('', *, *, #6906, .F.);
#6908 = ORIENTED_EDGE ('', *, *, #422, .F.);
#6909 = EDGE_LOOP ('', (#6892, #6902, #6907, #6908));
#6910 = FACE_OUTER_BOUND ('', #6909, .T.);
#6911 = CARTESIAN_POINT ('', (55., 17.7500000000001, -5.));
#6912 = CARTESIAN_POINT ('', (61., 17.7500000000001, -5.));
#6913 = CARTESIAN_POINT ('', (61., 23.7500000000001, -5.));
#6914 = CARTESIAN_POINT ('', (61., 29.7500000000001, -5.));
#6915 = CARTESIAN_POINT ('', (55., 29.7500000000001, -5.));
#6916 = CARTESIAN_POINT ('', (55., 17.7500000000001, -3.5));
#6917 = CARTESIAN_POINT ('', (61., 17.7500000000001, -3.5));
#6918 = CARTESIAN_POINT ('', (61., 23.7500000000001, -3.5));
#6919 = CARTESIAN_POINT ('', (61., 29.7500000000001, -3.5));
#6920 = CARTESIAN_POINT ('', (55., 29.7500000000001, -3.5));
#6921 = (
   BOUNDED_SURFACE ()
   B_SPLINE_SURFACE (1, 2, ((#6911, #6912, #6913, #6914, #6915), (#6916, #6917, #6918, #6919, #6920)), .UNSPECIFIED., .F., .F., .U.)
   B_SPLINE_SURFACE_WITH_KNOTS ((2, 2), (3, 2, 3), (0.0833333333333338, 0.916666666666667), (0.5, 0.75, 1.), .UNSPECIFIED.)
   GEOMETRIC_REPRESENTATION_ITEM ()
   RATIONAL_B_SPLINE_SURFACE (((1., 0.707106781186548, 1., 0.707106781186548, 1.), (1., 0.707106781186548, 1., 0.707106781186548, 1.)))
   REPRESENTATION_ITEM ('')
   SURFACE ()
);
#6922 = ADVANCED_FACE ('', (#6910), #6921, .T.);
#6923 = CARTESIAN_POINT ('', (62.5, 5.00000000000012, -3.5));
#6924 = VERTEX_POINT ('', #6923);
#6925 = CARTESIAN_POINT ('', (62.5, 5.00000000000011, -5.));
#6926 = CARTESIAN_POINT ('', (62.5, 5.00000000000011, -3.5));
#6927 = B_SPLINE_CURVE_WITH_KNOTS ('', 1, (#6925, #6926), .UNSPECIFIED., .F., .U., (2, 2), (0.0833333333333338, 0.916666666666667), .UNSPECIFIED.);
#6928 = EDGE_CURVE ('', #385, #6924, #6927, .T.);
#6929 = ORIENTED_EDGE ('', *, *, #6928, .T.);
#6930 = CARTESIAN_POINT ('', (62.5, 17.0000000000001, -3.5));
#6931 = VERTEX_POINT ('', #6930);
#6932 = CARTESIAN_POINT ('', (62.5, 5.00000000000012, -3.5));
#6933 = CARTESIAN_POINT ('', (68.5, 5.00000000000012, -3.5));
#6934 = CARTESIAN_POINT ('', (68.5, 11.0000000000001, -3.5));
#6935 = CARTESIAN_POINT ('', (68.5, 17.0000000000001, -3.5));
#6936 = CARTESIAN_POINT ('', (62.5, 17.0000000000001, -3.5));
#6937 = (
   BOUNDED_CURVE ()
   B_SPLINE_CURVE (2, (#6932, #6933, #6934, #6935, #6936), .UNSPECIFIED., .F., .U.)
   B_SPLINE_CURVE_WITH_KNOTS ((3, 2, 3), (0.5, 0.75, 1.), .UNSPECIFIED.)
   CURVE ()
   GEOMETRIC_REPRESENTATION_ITEM ()
   RATIONAL_B_SPLINE_CURVE ((1., 0.707106781186548, 1., 0.707106781186548, 1.))
   REPRESENTATION_ITEM ('')
);
#6938 = EDGE_CURVE ('', #6924, #6931, #6937, .T.);
#6939 = ORIENTED_EDGE ('', *, *, #6938, .T.);
#6940 = CARTESIAN_POINT ('', (62.5, 17.0000000000001, -5.));
#6941 = CARTESIAN_POINT ('', (62.5, 17.0000000000001, -3.5));
#6942 = B_SPLINE_CURVE_WITH_KNOTS ('', 1, (#6940, #6941), .UNSPECIFIED., .F., .U., (2, 2), (0.083333333333334, 0.916666666666667), .UNSPECIFIED.);
#6943 = EDGE_CURVE ('', #383, #6931, #6942, .T.);
#6944 = ORIENTED_EDGE ('', *, *, #6943, .F.);
#6945 = ORIENTED_EDGE ('', *, *, #400, .F.);
#6946 = EDGE_LOOP ('', (#6929, #6939, #6944, #6945));
#6947 = FACE_OUTER_BOUND ('', #6946, .T.);
#6948 = CARTESIAN_POINT ('', (62.5, 5.00000000000011, -5.));
#6949 = CARTESIAN_POINT ('', (68.5, 5.00000000000011, -5.));
#6950 = CARTESIAN_POINT ('', (68.5, 11.0000000000001, -5.));
#6951 = CARTESIAN_POINT ('', (68.5, 17.0000000000001, -5.));
#6952 = CARTESIAN_POINT ('', (62.5, 17.0000000000001, -5.));
#6953 = CARTESIAN_POINT ('', (62.5, 5.00000000000011, -3.5));
#6954 = CARTESIAN_POINT ('', (68.5, 5.00000000000011, -3.5));
#6955 = CARTESIAN_POINT ('', (68.5, 11.0000000000001, -3.5));
#6956 = CARTESIAN_POINT ('', (68.5, 17.0000000000001, -3.5));
#6957 = CARTESIAN_POINT ('', (62.5, 17.0000000000001, -3.5));
#6958 = (
   BOUNDED_SURFACE ()
   B_SPLINE_SURFACE (1, 2, ((#6948, #6949, #6950, #6951, #6952), (#6953, #6954, #6955, #6956, #6957)), .UNSPECIFIED., .F., .F., .U.)
   B_SPLINE_SURFACE_WITH_KNOTS ((2, 2), (3, 2, 3), (0.0833333333333338, 0.916666666666667), (0.5, 0.75, 1.), .UNSPECIFIED.)
   GEOMETRIC_REPRESENTATION_ITEM ()
   RATIONAL_B_SPLINE_SURFACE (((1., 0.707106781186548, 1., 0.707106781186548, 1.), (1., 0.707106781186548, 1., 0.707106781186548, 1.)))
   REPRESENTATION_ITEM ('')
   SURFACE ()
);
#6959 = ADVANCED_FACE ('', (#6947), #6958, .T.);
#6960 = CARTESIAN_POINT ('', (47.5, 5.00000000000011, -3.5));
#6961 = VERTEX_POINT ('', #6960);
#6962 = CARTESIAN_POINT ('', (47.5, 5.00000000000011, -5.));
#6963 = CARTESIAN_POINT ('', (47.5, 5.00000000000011, -3.5));
#6964 = B_SPLINE_CURVE_WITH_KNOTS ('', 1, (#6962, #6963), .UNSPECIFIED., .F., .U., (2, 2), (0.0833333333333338, 0.916666666666667), .UNSPECIFIED.);
#6965 = EDGE_CURVE ('', #363, #6961, #6964, .T.);
#6966 = ORIENTED_EDGE ('', *, *, #6965, .T.);
#6967 = CARTESIAN_POINT ('', (47.5, 17.0000000000001, -3.5));
#6968 = VERTEX_POINT ('', #6967);
#6969 = CARTESIAN_POINT ('', (47.5, 5.00000000000011, -3.5));
#6970 = CARTESIAN_POINT ('', (53.5, 5.00000000000011, -3.5));
#6971 = CARTESIAN_POINT ('', (53.5, 11.0000000000001, -3.5));
#6972 = CARTESIAN_POINT ('', (53.5, 17.0000000000001, -3.5));
#6973 = CARTESIAN_POINT ('', (47.5, 17.0000000000001, -3.5));
#6974 = (
   BOUNDED_CURVE ()
   B_SPLINE_CURVE (2, (#6969, #6970, #6971, #6972, #6973), .UNSPECIFIED., .F., .U.)
   B_SPLINE_CURVE_WITH_KNOTS ((3, 2, 3), (0.5, 0.75, 1.), .UNSPECIFIED.)
   CURVE ()
   GEOMETRIC_REPRESENTATION_ITEM ()
   RATIONAL_B_SPLINE_CURVE ((1., 0.707106781186548, 1., 0.707106781186548, 1.))
   REPRESENTATION_ITEM ('')
);
#6975 = EDGE_CURVE ('', #6961, #6968, #6974, .T.);
#6976 = ORIENTED_EDGE ('', *, *, #6975, .T.);
#6977 = CARTESIAN_POINT ('', (47.5, 17.0000000000001, -5.));
#6978 = CARTESIAN_POINT ('', (47.5, 17.0000000000001, -3.5));
#6979 = B_SPLINE_CURVE_WITH_KNOTS ('', 1, (#6977, #6978), .UNSPECIFIED., .F., .U., (2, 2), (0.083333333333334, 0.916666666666667), .UNSPECIFIED.);
#6980 = EDGE_CURVE ('', #361, #6968, #6979, .T.);
#6981 = ORIENTED_EDGE ('', *, *, #6980, .F.);
#6982 = ORIENTED_EDGE ('', *, *, #378, .F.);
#6983 = EDGE_LOOP ('', (#6966, #6976, #6981, #6982));
#6984 = FACE_OUTER_BOUND ('', #6983, .T.);
#6985 = CARTESIAN_POINT ('', (47.5, 5.00000000000011, -5.));
#6986 = CARTESIAN_POINT ('', (53.5, 5.00000000000011, -5.));
#6987 = CARTESIAN_POINT ('', (53.5, 11.0000000000001, -5.));
#6988 = CARTESIAN_POINT ('', (53.5, 17.0000000000001, -5.));
#6989 = CARTESIAN_POINT ('', (47.5, 17.0000000000001, -5.));
#6990 = CARTESIAN_POINT ('', (47.5, 5.00000000000011, -3.5));
#6991 = CARTESIAN_POINT ('', (53.5, 5.00000000000011, -3.5));
#6992 = CARTESIAN_POINT ('', (53.5, 11.0000000000001, -3.5));
#6993 = CARTESIAN_POINT ('', (53.5, 17.0000000000001, -3.5));
#6994 = CARTESIAN_POINT ('', (47.5, 17.0000000000001, -3.5));
#6995 = (
   BOUNDED_SURFACE ()
   B_SPLINE_SURFACE (1, 2, ((#6985, #6986, #6987, #6988, #6989), (#6990, #6991, #6992, #6993, #6994)), .UNSPECIFIED., .F., .F., .U.)
   B_SPLINE_SURFACE_WITH_KNOTS ((2, 2), (3, 2, 3), (0.0833333333333338, 0.916666666666667), (0.5, 0.75, 1.), .UNSPECIFIED.)
   GEOMETRIC_REPRESENTATION_ITEM ()
   RATIONAL_B_SPLINE_SURFACE (((1., 0.707106781186548, 1., 0.707106781186548, 1.), (1., 0.707106781186548, 1., 0.707106781186548, 1.)))
   REPRESENTATION_ITEM ('')
   SURFACE ()
);
#6996 = ADVANCED_FACE ('', (#6984), #6995, .T.);
#6997 = CARTESIAN_POINT ('', (40., 17.7500000000001, -3.5));
#6998 = VERTEX_POINT ('', #6997);
#6999 = CARTESIAN_POINT ('', (40., 17.7500000000001, -5.));
#7000 = CARTESIAN_POINT ('', (40., 17.7500000000001, -3.5));
#7001 = B_SPLINE_CURVE_WITH_KNOTS ('', 1, (#6999, #7000), .UNSPECIFIED., .F., .U., (2, 2), (0.0833333333333338, 0.916666666666667), .UNSPECIFIED.);
#7002 = EDGE_CURVE ('', #341, #6998, #7001, .T.);
#7003 = ORIENTED_EDGE ('', *, *, #7002, .T.);
#7004 = CARTESIAN_POINT ('', (40., 29.7500000000001, -3.5));
#7005 = VERTEX_POINT ('', #7004);
#7006 = CARTESIAN_POINT ('', (40., 17.7500000000001, -3.5));
#7007 = CARTESIAN_POINT ('', (46., 17.7500000000001, -3.5));
#7008 = CARTESIAN_POINT ('', (46., 23.7500000000001, -3.5));
#7009 = CARTESIAN_POINT ('', (46., 29.7500000000001, -3.5));
#7010 = CARTESIAN_POINT ('', (40., 29.7500000000001, -3.5));
#7011 = (
   BOUNDED_CURVE ()
   B_SPLINE_CURVE (2, (#7006, #7007, #7008, #7009, #7010), .UNSPECIFIED., .F., .U.)
   B_SPLINE_CURVE_WITH_KNOTS ((3, 2, 3), (0.5, 0.75, 1.), .UNSPECIFIED.)
   CURVE ()
   GEOMETRIC_REPRESENTATION_ITEM ()
   RATIONAL_B_SPLINE_CURVE ((1., 0.707106781186548, 1., 0.707106781186548, 1.))
   REPRESENTATION_ITEM ('')
);
#7012 = EDGE_CURVE ('', #6998, #7005, #7011, .T.);
#7013 = ORIENTED_EDGE ('', *, *, #7012, .T.);
#7014 = CARTESIAN_POINT ('', (40., 29.7500000000001, -5.));
#7015 = CARTESIAN_POINT ('', (40., 29.7500000000001, -3.5));
#7016 = B_SPLINE_CURVE_WITH_KNOTS ('', 1, (#7014, #7015), .UNSPECIFIED., .F., .U., (2, 2), (0.083333333333334, 0.916666666666667), .UNSPECIFIED.);
#7017 = EDGE_CURVE ('', #339, #7005, #7016, .T.);
#7018 = ORIENTED_EDGE ('', *, *, #7017, .F.);
#7019 = ORIENTED_EDGE ('', *, *, #356, .F.);
#7020 = EDGE_LOOP ('', (#7003, #7013, #7018, #7019));
#7021 = FACE_OUTER_BOUND ('', #7020, .T.);
#7022 = CARTESIAN_POINT ('', (40., 17.7500000000001, -5.));
#7023 = CARTESIAN_POINT ('', (46., 17.7500000000001, -5.));
#7024 = CARTESIAN_POINT ('', (46., 23.7500000000001, -5.));
#7025 = CARTESIAN_POINT ('', (46., 29.7500000000001, -5.));
#7026 = CARTESIAN_POINT ('', (40., 29.7500000000001, -5.));
#7027 = CARTESIAN_POINT ('', (40., 17.7500000000001, -3.5));
#7028 = CARTESIAN_POINT ('', (46., 17.7500000000001, -3.5));
#7029 = CARTESIAN_POINT ('', (46., 23.7500000000001, -3.5));
#7030 = CARTESIAN_POINT ('', (46., 29.7500000000001, -3.5));
#7031 = CARTESIAN_POINT ('', (40., 29.7500000000001, -3.5));
#7032 = (
   BOUNDED_SURFACE ()
   B_SPLINE_SURFACE (1, 2, ((#7022, #7023, #7024, #7025, #7026), (#7027, #7028, #7029, #7030, #7031)), .UNSPECIFIED., .F., .F., .U.)
   B_SPLINE_SURFACE_WITH_KNOTS ((2, 2), (3, 2, 3), (0.0833333333333338, 0.916666666666667), (0.5, 0.75, 1.), .UNSPECIFIED.)
   GEOMETRIC_REPRESENTATION_ITEM ()
   RATIONAL_B_SPLINE_SURFACE (((1., 0.707106781186548, 1., 0.707106781186548, 1.), (1., 0.707106781186548, 1., 0.707106781186548, 1.)))
   REPRESENTATION_ITEM ('')
   SURFACE ()
);
#7033 = ADVANCED_FACE ('', (#7021), #7032, .T.);
#7034 = CARTESIAN_POINT ('', (25., 17.7500000000001, -3.5));
#7035 = VERTEX_POINT ('', #7034);
#7036 = CARTESIAN_POINT ('', (25., 17.7500000000001, -5.));
#7037 = CARTESIAN_POINT ('', (25., 17.7500000000001, -3.5));
#7038 = B_SPLINE_CURVE_WITH_KNOTS ('', 1, (#7036, #7037), .UNSPECIFIED., .F., .U., (2, 2), (0.0833333333333338, 0.916666666666667), .UNSPECIFIED.);
#7039 = EDGE_CURVE ('', #319, #7035, #7038, .T.);
#7040 = ORIENTED_EDGE ('', *, *, #7039, .T.);
#7041 = CARTESIAN_POINT ('', (25., 29.7500000000001, -3.5));
#7042 = VERTEX_POINT ('', #7041);
#7043 = CARTESIAN_POINT ('', (25., 17.7500000000001, -3.5));
#7044 = CARTESIAN_POINT ('', (31., 17.7500000000001, -3.5));
#7045 = CARTESIAN_POINT ('', (31., 23.7500000000001, -3.5));
#7046 = CARTESIAN_POINT ('', (31., 29.7500000000001, -3.5));
#7047 = CARTESIAN_POINT ('', (25., 29.7500000000001, -3.5));
#7048 = (
   BOUNDED_CURVE ()
   B_SPLINE_CURVE (2, (#7043, #7044, #7045, #7046, #7047), .UNSPECIFIED., .F., .U.)
   B_SPLINE_CURVE_WITH_KNOTS ((3, 2, 3), (0.5, 0.75, 1.), .UNSPECIFIED.)
   CURVE ()
   GEOMETRIC_REPRESENTATION_ITEM ()
   RATIONAL_B_SPLINE_CURVE ((1., 0.707106781186548, 1., 0.707106781186548, 1.))
   REPRESENTATION_ITEM ('')
);
#7049 = EDGE_CURVE ('', #7035, #7042, #7048, .T.);
#7050 = ORIENTED_EDGE ('', *, *, #7049, .T.);
#7051 = CARTESIAN_POINT ('', (25., 29.7500000000001, -5.));
#7052 = CARTESIAN_POINT ('', (25., 29.7500000000001, -3.5));
#7053 = B_SPLINE_CURVE_WITH_KNOTS ('', 1, (#7051, #7052), .UNSPECIFIED., .F., .U., (2, 2), (0.083333333333334, 0.916666666666667), .UNSPECIFIED.);
#7054 = EDGE_CURVE ('', #317, #7042, #7053, .T.);
#7055 = ORIENTED_EDGE ('', *, *, #7054, .F.);
#7056 = ORIENTED_EDGE ('', *, *, #334, .F.);
#7057 = EDGE_LOOP ('', (#7040, #7050, #7055, #7056));
#7058 = FACE_OUTER_BOUND ('', #7057, .T.);
#7059 = CARTESIAN_POINT ('', (25., 17.7500000000001, -5.));
#7060 = CARTESIAN_POINT ('', (31., 17.7500000000001, -5.));
#7061 = CARTESIAN_POINT ('', (31., 23.7500000000001, -5.));
#7062 = CARTESIAN_POINT ('', (31., 29.7500000000001, -5.));
#7063 = CARTESIAN_POINT ('', (25., 29.7500000000001, -5.));
#7064 = CARTESIAN_POINT ('', (25., 17.7500000000001, -3.5));
#7065 = CARTESIAN_POINT ('', (31., 17.7500000000001, -3.5));
#7066 = CARTESIAN_POINT ('', (31., 23.7500000000001, -3.5));
#7067 = CARTESIAN_POINT ('', (31., 29.7500000000001, -3.5));
#7068 = CARTESIAN_POINT ('', (25., 29.7500000000001, -3.5));
#7069 = (
   BOUNDED_SURFACE ()
   B_SPLINE_SURFACE (1, 2, ((#7059, #7060, #7061, #7062, #7063), (#7064, #7065, #7066, #7067, #7068)), .UNSPECIFIED., .F., .F., .U.)
   B_SPLINE_SURFACE_WITH_KNOTS ((2, 2), (3, 2, 3), (0.0833333333333338, 0.916666666666667), (0.5, 0.75, 1.), .UNSPECIFIED.)
   GEOMETRIC_REPRESENTATION_ITEM ()
   RATIONAL_B_SPLINE_SURFACE (((1., 0.707106781186548, 1., 0.707106781186548, 1.), (1., 0.707106781186548, 1., 0.707106781186548, 1.)))
   REPRESENTATION_ITEM ('')
   SURFACE ()
);
#7070 = ADVANCED_FACE ('', (#7058), #7069, .T.);
#7071 = CARTESIAN_POINT ('', (32.5, 5.00000000000012, -3.5));
#7072 = VERTEX_POINT ('', #7071);
#7073 = CARTESIAN_POINT ('', (32.5, 5.00000000000011, -5.));
#7074 = CARTESIAN_POINT ('', (32.5, 5.00000000000011, -3.5));
#7075 = B_SPLINE_CURVE_WITH_KNOTS ('', 1, (#7073, #7074), .UNSPECIFIED., .F., .U., (2, 2), (0.0833333333333338, 0.916666666666667), .UNSPECIFIED.);
#7076 = EDGE_CURVE ('', #297, #7072, #7075, .T.);
#7077 = ORIENTED_EDGE ('', *, *, #7076, .T.);
#7078 = CARTESIAN_POINT ('', (32.5, 17.0000000000001, -3.5));
#7079 = VERTEX_POINT ('', #7078);
#7080 = CARTESIAN_POINT ('', (32.5, 5.00000000000012, -3.5));
#7081 = CARTESIAN_POINT ('', (38.5, 5.00000000000012, -3.5));
#7082 = CARTESIAN_POINT ('', (38.5, 11.0000000000001, -3.5));
#7083 = CARTESIAN_POINT ('', (38.5, 17.0000000000001, -3.5));
#7084 = CARTESIAN_POINT ('', (32.5, 17.0000000000001, -3.5));
#7085 = (
   BOUNDED_CURVE ()
   B_SPLINE_CURVE (2, (#7080, #7081, #7082, #7083, #7084), .UNSPECIFIED., .F., .U.)
   B_SPLINE_CURVE_WITH_KNOTS ((3, 2, 3), (0.5, 0.75, 1.), .UNSPECIFIED.)
   CURVE ()
   GEOMETRIC_REPRESENTATION_ITEM ()
   RATIONAL_B_SPLINE_CURVE ((1., 0.707106781186548, 1., 0.707106781186548, 1.))
   REPRESENTATION_ITEM ('')
);
#7086 = EDGE_CURVE ('', #7072, #7079, #7085, .T.);
#7087 = ORIENTED_EDGE ('', *, *, #7086, .T.);
#7088 = CARTESIAN_POINT ('', (32.5, 17.0000000000001, -5.));
#7089 = CARTESIAN_POINT ('', (32.5, 17.0000000000001, -3.5));
#7090 = B_SPLINE_CURVE_WITH_KNOTS ('', 1, (#7088, #7089), .UNSPECIFIED., .F., .U., (2, 2), (0.083333333333334, 0.916666666666667), .UNSPECIFIED.);
#7091 = EDGE_CURVE ('', #295, #7079, #7090, .T.);
#7092 = ORIENTED_EDGE ('', *, *, #7091, .F.);
#7093 = ORIENTED_EDGE ('', *, *, #312, .F.);
#7094 = EDGE_LOOP ('', (#7077, #7087, #7092, #7093));
#7095 = FACE_OUTER_BOUND ('', #7094, .T.);
#7096 = CARTESIAN_POINT ('', (32.5, 5.00000000000011, -5.));
#7097 = CARTESIAN_POINT ('', (38.5, 5.00000000000011, -5.));
#7098 = CARTESIAN_POINT ('', (38.5, 11.0000000000001, -5.));
#7099 = CARTESIAN_POINT ('', (38.5, 17.0000000000001, -5.));
#7100 = CARTESIAN_POINT ('', (32.5, 17.0000000000001, -5.));
#7101 = CARTESIAN_POINT ('', (32.5, 5.00000000000011, -3.5));
#7102 = CARTESIAN_POINT ('', (38.5, 5.00000000000011, -3.5));
#7103 = CARTESIAN_POINT ('', (38.5, 11.0000000000001, -3.5));
#7104 = CARTESIAN_POINT ('', (38.5, 17.0000000000001, -3.5));
#7105 = CARTESIAN_POINT ('', (32.5, 17.0000000000001, -3.5));
#7106 = (
   BOUNDED_SURFACE ()
   B_SPLINE_SURFACE (1, 2, ((#7096, #7097, #7098, #7099, #7100), (#7101, #7102, #7103, #7104, #7105)), .UNSPECIFIED., .F., .F., .U.)
   B_SPLINE_SURFACE_WITH_KNOTS ((2, 2), (3, 2, 3), (0.0833333333333338, 0.916666666666667), (0.5, 0.75, 1.), .UNSPECIFIED.)
   GEOMETRIC_REPRESENTATION_ITEM ()
   RATIONAL_B_SPLINE_SURFACE (((1., 0.707106781186548, 1., 0.707106781186548, 1.), (1., 0.707106781186548, 1., 0.707106781186548, 1.)))
   REPRESENTATION_ITEM ('')
   SURFACE ()
);
#7107 = ADVANCED_FACE ('', (#7095), #7106, .T.);
#7108 = CARTESIAN_POINT ('', (8.49999999999999, -1., -3.5));
#7109 = VERTEX_POINT ('', #7108);
#7110 = CARTESIAN_POINT ('', (9.49999999999999, -1.99999999999999, -3.5));
#7111 = VERTEX_POINT ('', #7110);
#7112 = CARTESIAN_POINT ('', (8.49999999999999, -1., -3.5));
#7113 = CARTESIAN_POINT ('', (8.49999999999999, -2., -3.5));
#7114 = CARTESIAN_POINT ('', (9.49999999999999, -1.99999999999999, -3.5));
#7115 = (
   BOUNDED_CURVE ()
   B_SPLINE_CURVE (2, (#7112, #7113, #7114), .UNSPECIFIED., .F., .U.)
   B_SPLINE_CURVE_WITH_KNOTS ((3, 3), (1970.94364894272, 1971.94364894272), .UNSPECIFIED.)
   CURVE ()
   GEOMETRIC_REPRESENTATION_ITEM ()
   RATIONAL_B_SPLINE_CURVE ((1., 0.707106781186544, 1.))
   REPRESENTATION_ITEM ('')
);
#7116 = EDGE_CURVE ('', #7109, #7111, #7115, .T.);
#7117 = ORIENTED_EDGE ('', *, *, #7116, .F.);
#7118 = CARTESIAN_POINT ('', (8.49999999999999, -1., -3.5));
#7119 = CARTESIAN_POINT ('', (8.49999999999999, -1., -5.));
#7120 = B_SPLINE_CURVE_WITH_KNOTS ('', 1, (#7118, #7119), .UNSPECIFIED., .F., .U., (2, 2), (0., 1.), .UNSPECIFIED.);
#7121 = EDGE_CURVE ('', #7109, #280, #7120, .T.);
#7122 = ORIENTED_EDGE ('', *, *, #7121, .T.);
#7123 = ORIENTED_EDGE ('', *, *, #285, .T.);
#7124 = CARTESIAN_POINT ('', (9.5, -1.99999999999999, -3.5));
#7125 = CARTESIAN_POINT ('', (9.5, -1.99999999999999, -5.));
#7126 = B_SPLINE_CURVE_WITH_KNOTS ('', 1, (#7124, #7125), .UNSPECIFIED., .F., .U., (2, 2), (0., 1.), .UNSPECIFIED.);
#7127 = EDGE_CURVE ('', #7111, #273, #7126, .T.);
#7128 = ORIENTED_EDGE ('', *, *, #7127, .F.);
#7129 = EDGE_LOOP ('', (#7117, #7122, #7123, #7128));
#7130 = FACE_OUTER_BOUND ('', #7129, .T.);
#7131 = CARTESIAN_POINT ('', (8.49999999999999, -1., -3.5));
#7132 = CARTESIAN_POINT ('', (8.49999999999999, -2., -3.5));
#7133 = CARTESIAN_POINT ('', (9.49999999999999, -1.99999999999999, -3.5));
#7134 = CARTESIAN_POINT ('', (8.49999999999999, -1., -5.));
#7135 = CARTESIAN_POINT ('', (8.49999999999999, -2., -5.));
#7136 = CARTESIAN_POINT ('', (9.49999999999999, -1.99999999999999, -5.));
#7137 = (
   BOUNDED_SURFACE ()
   B_SPLINE_SURFACE (1, 2, ((#7131, #7132, #7133), (#7134, #7135, #7136)), .UNSPECIFIED., .F., .F., .U.)
   B_SPLINE_SURFACE_WITH_KNOTS ((2, 2), (3, 3), (0., 1.), (1970.94364894272, 1971.94364894272), .UNSPECIFIED.)
   GEOMETRIC_REPRESENTATION_ITEM ()
   RATIONAL_B_SPLINE_SURFACE (((1., 0.707106781186544, 1.), (1., 0.707106781186544, 1.)))
   REPRESENTATION_ITEM ('')
   SURFACE ()
);
#7138 = ADVANCED_FACE ('', (#7130), #7137, .T.);
#7139 = CARTESIAN_POINT ('', (59., -1.99999999999999, -3.5));
#7140 = VERTEX_POINT ('', #7139);
#7141 = CARTESIAN_POINT ('', (9.49999999999999, -1.99999999999999, -3.5));
#7142 = CARTESIAN_POINT ('', (59., -1.99999999999999, -3.5));
#7143 = B_SPLINE_CURVE_WITH_KNOTS ('', 1, (#7141, #7142), .UNSPECIFIED., .F., .U., (2, 2), (1971.94364894272, 2021.44364894272), .UNSPECIFIED.);
#7144 = EDGE_CURVE ('', #7111, #7140, #7143, .T.);
#7145 = ORIENTED_EDGE ('', *, *, #7144, .F.);
#7146 = ORIENTED_EDGE ('', *, *, #7127, .T.);
#7147 = ORIENTED_EDGE ('', *, *, #277, .T.);
#7148 = CARTESIAN_POINT ('', (59., -2., -3.5));
#7149 = CARTESIAN_POINT ('', (59., -2., -5.));
#7150 = B_SPLINE_CURVE_WITH_KNOTS ('', 1, (#7148, #7149), .UNSPECIFIED., .F., .U., (2, 2), (0., 1.), .UNSPECIFIED.);
#7151 = EDGE_CURVE ('', #7140, #266, #7150, .T.);
#7152 = ORIENTED_EDGE ('', *, *, #7151, .F.);
#7153 = EDGE_LOOP ('', (#7145, #7146, #7147, #7152));
#7154 = FACE_OUTER_BOUND ('', #7153, .T.);
#7155 = CARTESIAN_POINT ('', (9.5, -1.99999999999999, -3.5));
#7156 = CARTESIAN_POINT ('', (59., -1.99999999999999, -3.5));
#7157 = CARTESIAN_POINT ('', (9.5, -1.99999999999999, -5.));
#7158 = CARTESIAN_POINT ('', (59., -1.99999999999999, -5.));
#7159 = B_SPLINE_SURFACE_WITH_KNOTS ('', 1, 1, ((#7155, #7156), (#7157, #7158)), .UNSPECIFIED., .F., .F., .U., (2, 2), (2, 2), (0., 1.), (0., 1.), .UNSPECIFIED.);
#7160 = ADVANCED_FACE ('', (#7154), #7159, .T.);
#7161 = CARTESIAN_POINT ('', (59.7071067811865, -1.29289321881345, -3.5));
#7162 = VERTEX_POINT ('', #7161);
#7163 = CARTESIAN_POINT ('', (59., -1.99999999999999, -3.5));
#7164 = CARTESIAN_POINT ('', (59.7071067811865, -1.29289321881345, -3.5));
#7165 = B_SPLINE_CURVE_WITH_KNOTS ('', 1, (#7163, #7164), .UNSPECIFIED., .F., .U., (2, 2), (2021.44364894272, 2022.44364894272), .UNSPECIFIED.);
#7166 = EDGE_CURVE ('', #7140, #7162, #7165, .T.);
#7167 = ORIENTED_EDGE ('', *, *, #7166, .F.);
#7168 = ORIENTED_EDGE ('', *, *, #7151, .T.);
#7169 = ORIENTED_EDGE ('', *, *, #270, .T.);
#7170 = CARTESIAN_POINT ('', (59.7071067811865, -1.29289321881345, -3.5));
#7171 = CARTESIAN_POINT ('', (59.7071067811865, -1.29289321881345, -5.));
#7172 = B_SPLINE_CURVE_WITH_KNOTS ('', 1, (#7170, #7171), .UNSPECIFIED., .F., .U., (2, 2), (0., 1.), .UNSPECIFIED.);
#7173 = EDGE_CURVE ('', #7162, #258, #7172, .T.);
#7174 = ORIENTED_EDGE ('', *, *, #7173, .F.);
#7175 = EDGE_LOOP ('', (#7167, #7168, #7169, #7174));
#7176 = FACE_OUTER_BOUND ('', #7175, .T.);
#7177 = CARTESIAN_POINT ('', (59., -2., -3.5));
#7178 = CARTESIAN_POINT ('', (59.7071067811866, -1.29289321881345, -3.5));
#7179 = CARTESIAN_POINT ('', (59., -2., -5.));
#7180 = CARTESIAN_POINT ('', (59.7071067811866, -1.29289321881345, -5.));
#7181 = B_SPLINE_SURFACE_WITH_KNOTS ('', 1, 1, ((#7177, #7178), (#7179, #7180)), .UNSPECIFIED., .F., .F., .U., (2, 2), (2, 2), (0., 1.), (0., 1.), .UNSPECIFIED.);
#7182 = ADVANCED_FACE ('', (#7176), #7181, .T.);
#7183 = CARTESIAN_POINT ('', (60.4142135623731, -1., -3.5));
#7184 = VERTEX_POINT ('', #7183);
#7185 = CARTESIAN_POINT ('', (59.7071067811865, -1.29289321881345, -3.5));
#7186 = CARTESIAN_POINT ('', (60., -1., -3.5));
#7187 = CARTESIAN_POINT ('', (60.4142135623731, -1., -3.5));
#7188 = (
   BOUNDED_CURVE ()
   B_SPLINE_CURVE (2, (#7185, #7186, #7187), .UNSPECIFIED., .F., .U.)
   B_SPLINE_CURVE_WITH_KNOTS ((3, 3), (2022.44364894272, 2023.44364894272), .UNSPECIFIED.)
   CURVE ()
   GEOMETRIC_REPRESENTATION_ITEM ()
   RATIONAL_B_SPLINE_CURVE ((1., 0.923879532511289, 1.))
   REPRESENTATION_ITEM ('')
);
#7189 = EDGE_CURVE ('', #7162, #7184, #7188, .T.);
#7190 = ORIENTED_EDGE ('', *, *, #7189, .F.);
#7191 = ORIENTED_EDGE ('', *, *, #7173, .T.);
#7192 = ORIENTED_EDGE ('', *, *, #263, .T.);
#7193 = CARTESIAN_POINT ('', (60.4142135623731, -1., -3.5));
#7194 = CARTESIAN_POINT ('', (60.4142135623731, -1., -5.));
#7195 = B_SPLINE_CURVE_WITH_KNOTS ('', 1, (#7193, #7194), .UNSPECIFIED., .F., .U., (2, 2), (0., 1.), .UNSPECIFIED.);
#7196 = EDGE_CURVE ('', #7184, #251, #7195, .T.);
#7197 = ORIENTED_EDGE ('', *, *, #7196, .F.);
#7198 = EDGE_LOOP ('', (#7190, #7191, #7192, #7197));
#7199 = FACE_OUTER_BOUND ('', #7198, .T.);
#7200 = CARTESIAN_POINT ('', (59.7071067811865, -1.29289321881345, -3.5));
#7201 = CARTESIAN_POINT ('', (60., -1., -3.5));
#7202 = CARTESIAN_POINT ('', (60.4142135623731, -1., -3.5));
#7203 = CARTESIAN_POINT ('', (59.7071067811865, -1.29289321881345, -5.));
#7204 = CARTESIAN_POINT ('', (60., -1., -5.));
#7205 = CARTESIAN_POINT ('', (60.4142135623731, -1., -5.));
#7206 = (
   BOUNDED_SURFACE ()
   B_SPLINE_SURFACE (1, 2, ((#7200, #7201, #7202), (#7203, #7204, #7205)), .UNSPECIFIED., .F., .F., .U.)
   B_SPLINE_SURFACE_WITH_KNOTS ((2, 2), (3, 3), (0., 1.), (2022.44364894272, 2023.44364894272), .UNSPECIFIED.)
   GEOMETRIC_REPRESENTATION_ITEM ()
   RATIONAL_B_SPLINE_SURFACE (((1., 0.923879532511289, 1.), (1., 0.923879532511289, 1.)))
   REPRESENTATION_ITEM ('')
   SURFACE ()
);
#7207 = ADVANCED_FACE ('', (#7199), #7206, .T.);
#7208 = CARTESIAN_POINT ('', (79.5857864376269, -1., -3.5));
#7209 = VERTEX_POINT ('', #7208);
#7210 = CARTESIAN_POINT ('', (60.4142135623731, -1., -3.5));
#7211 = CARTESIAN_POINT ('', (79.5857864376269, -1., -3.5));
#7212 = B_SPLINE_CURVE_WITH_KNOTS ('', 1, (#7210, #7211), .UNSPECIFIED., .F., .U., (2, 2), (2023.44364894272, 2042.61522181797), .UNSPECIFIED.);
#7213 = EDGE_CURVE ('', #7184, #7209, #7212, .T.);
#7214 = ORIENTED_EDGE ('', *, *, #7213, .F.);
#7215 = ORIENTED_EDGE ('', *, *, #7196, .T.);
#7216 = ORIENTED_EDGE ('', *, *, #255, .T.);
#7217 = CARTESIAN_POINT ('', (79.5857864376269, -1., -3.5));
#7218 = CARTESIAN_POINT ('', (79.5857864376269, -1., -5.));
#7219 = B_SPLINE_CURVE_WITH_KNOTS ('', 1, (#7217, #7218), .UNSPECIFIED., .F., .U., (2, 2), (0., 1.), .UNSPECIFIED.);
#7220 = EDGE_CURVE ('', #7209, #243, #7219, .T.);
#7221 = ORIENTED_EDGE ('', *, *, #7220, .F.);
#7222 = EDGE_LOOP ('', (#7214, #7215, #7216, #7221));
#7223 = FACE_OUTER_BOUND ('', #7222, .T.);
#7224 = CARTESIAN_POINT ('', (60.4142135623731, -1., -3.5));
#7225 = CARTESIAN_POINT ('', (79.5857864376269, -1., -3.5));
#7226 = CARTESIAN_POINT ('', (60.4142135623731, -1., -5.));
#7227 = CARTESIAN_POINT ('', (79.5857864376269, -1., -5.));
#7228 = B_SPLINE_SURFACE_WITH_KNOTS ('', 1, 1, ((#7224, #7225), (#7226, #7227)), .UNSPECIFIED., .F., .F., .U., (2, 2), (2, 2), (0., 1.), (0., 1.), .UNSPECIFIED.);
#7229 = ADVANCED_FACE ('', (#7223), #7228, .T.);
#7230 = CARTESIAN_POINT ('', (80.2928932188134, -1.29289321881345, -3.5));
#7231 = VERTEX_POINT ('', #7230);
#7232 = CARTESIAN_POINT ('', (79.5857864376269, -1., -3.5));
#7233 = CARTESIAN_POINT ('', (80., -0.999999999999994, -3.5));
#7234 = CARTESIAN_POINT ('', (80.2928932188134, -1.29289321881345, -3.5));
#7235 = (
   BOUNDED_CURVE ()
   B_SPLINE_CURVE (2, (#7232, #7233, #7234), .UNSPECIFIED., .F., .U.)
   B_SPLINE_CURVE_WITH_KNOTS ((3, 3), (2042.61522181797, 2043.61522181797), .UNSPECIFIED.)
   CURVE ()
   GEOMETRIC_REPRESENTATION_ITEM ()
   RATIONAL_B_SPLINE_CURVE ((1., 0.923879532511286, 1.))
   REPRESENTATION_ITEM ('')
);
#7236 = EDGE_CURVE ('', #7209, #7231, #7235, .T.);
#7237 = ORIENTED_EDGE ('', *, *, #7236, .F.);
#7238 = ORIENTED_EDGE ('', *, *, #7220, .T.);
#7239 = ORIENTED_EDGE ('', *, *, #248, .T.);
#7240 = CARTESIAN_POINT ('', (80.2928932188134, -1.29289321881345, -3.5));
#7241 = CARTESIAN_POINT ('', (80.2928932188134, -1.29289321881345, -5.));
#7242 = B_SPLINE_CURVE_WITH_KNOTS ('', 1, (#7240, #7241), .UNSPECIFIED., .F., .U., (2, 2), (0., 1.), .UNSPECIFIED.);
#7243 = EDGE_CURVE ('', #7231, #236, #7242, .T.);
#7244 = ORIENTED_EDGE ('', *, *, #7243, .F.);
#7245 = EDGE_LOOP ('', (#7237, #7238, #7239, #7244));
#7246 = FACE_OUTER_BOUND ('', #7245, .T.);
#7247 = CARTESIAN_POINT ('', (79.5857864376269, -1., -3.5));
#7248 = CARTESIAN_POINT ('', (80., -0.999999999999994, -3.5));
#7249 = CARTESIAN_POINT ('', (80.2928932188134, -1.29289321881345, -3.5));
#7250 = CARTESIAN_POINT ('', (79.5857864376269, -1., -5.));
#7251 = CARTESIAN_POINT ('', (80., -0.999999999999994, -5.));
#7252 = CARTESIAN_POINT ('', (80.2928932188134, -1.29289321881345, -5.));
#7253 = (
   BOUNDED_SURFACE ()
   B_SPLINE_SURFACE (1, 2, ((#7247, #7248, #7249), (#7250, #7251, #7252)), .UNSPECIFIED., .F., .F., .U.)
   B_SPLINE_SURFACE_WITH_KNOTS ((2, 2), (3, 3), (0., 1.), (2042.61522181797, 2043.61522181797), .UNSPECIFIED.)
   GEOMETRIC_REPRESENTATION_ITEM ()
   RATIONAL_B_SPLINE_SURFACE (((1., 0.923879532511286, 1.), (1., 0.923879532511286, 1.)))
   REPRESENTATION_ITEM ('')
   SURFACE ()
);
#7254 = ADVANCED_FACE ('', (#7246), #7253, .T.);
#7255 = CARTESIAN_POINT ('', (80.9999999999999, -1.99999999999988, -3.5));
#7256 = VERTEX_POINT ('', #7255);
#7257 = CARTESIAN_POINT ('', (80.2928932188134, -1.29289321881345, -3.5));
#7258 = CARTESIAN_POINT ('', (80.9999999999999, -1.99999999999988, -3.5));
#7259 = B_SPLINE_CURVE_WITH_KNOTS ('', 1, (#7257, #7258), .UNSPECIFIED., .F., .U., (2, 2), (2043.61522181797, 2044.61522181797), .UNSPECIFIED.);
#7260 = EDGE_CURVE ('', #7231, #7256, #7259, .T.);
#7261 = ORIENTED_EDGE ('', *, *, #7260, .F.);
#7262 = ORIENTED_EDGE ('', *, *, #7243, .T.);
#7263 = ORIENTED_EDGE ('', *, *, #240, .T.);
#7264 = CARTESIAN_POINT ('', (81., -1.99999999999988, -3.5));
#7265 = CARTESIAN_POINT ('', (81., -1.99999999999988, -5.));
#7266 = B_SPLINE_CURVE_WITH_KNOTS ('', 1, (#7264, #7265), .UNSPECIFIED., .F., .U., (2, 2), (0., 1.), .UNSPECIFIED.);
#7267 = EDGE_CURVE ('', #7256, #229, #7266, .T.);
#7268 = ORIENTED_EDGE ('', *, *, #7267, .F.);
#7269 = EDGE_LOOP ('', (#7261, #7262, #7263, #7268));
#7270 = FACE_OUTER_BOUND ('', #7269, .T.);
#7271 = CARTESIAN_POINT ('', (80.2928932188136, -1.29289321881333, -3.5));
#7272 = CARTESIAN_POINT ('', (80.9999999999998, -1.99999999999954, -3.5));
#7273 = CARTESIAN_POINT ('', (80.2928932188136, -1.29289321881333, -5.));
#7274 = CARTESIAN_POINT ('', (80.9999999999998, -1.99999999999954, -5.));
#7275 = B_SPLINE_SURFACE_WITH_KNOTS ('', 1, 1, ((#7271, #7272), (#7273, #7274)), .UNSPECIFIED., .F., .F., .U., (2, 2), (2, 2), (0., 1.), (0., 1.), .UNSPECIFIED.);
#7276 = ADVANCED_FACE ('', (#7270), #7275, .T.);
#7277 = CARTESIAN_POINT ('', (130.5, -1.99999999999997, -3.5));
#7278 = VERTEX_POINT ('', #7277);
#7279 = CARTESIAN_POINT ('', (80.9999999999999, -1.99999999999988, -3.5));
#7280 = CARTESIAN_POINT ('', (130.5, -1.99999999999997, -3.5));
#7281 = B_SPLINE_CURVE_WITH_KNOTS ('', 1, (#7279, #7280), .UNSPECIFIED., .F., .U., (2, 2), (1572.47182447136, 1621.97182447136), .UNSPECIFIED.);
#7282 = EDGE_CURVE ('', #7256, #7278, #7281, .T.);
#7283 = ORIENTED_EDGE ('', *, *, #7282, .F.);
#7284 = ORIENTED_EDGE ('', *, *, #7267, .T.);
#7285 = ORIENTED_EDGE ('', *, *, #233, .T.);
#7286 = CARTESIAN_POINT ('', (130.5, -1.99999999999997, -3.5));
#7287 = CARTESIAN_POINT ('', (130.5, -1.99999999999997, -5.));
#7288 = B_SPLINE_CURVE_WITH_KNOTS ('', 1, (#7286, #7287), .UNSPECIFIED., .F., .U., (2, 2), (0., 1.), .UNSPECIFIED.);
#7289 = EDGE_CURVE ('', #7278, #221, #7288, .T.);
#7290 = ORIENTED_EDGE ('', *, *, #7289, .F.);
#7291 = EDGE_LOOP ('', (#7283, #7284, #7285, #7290));
#7292 = FACE_OUTER_BOUND ('', #7291, .T.);
#7293 = CARTESIAN_POINT ('', (81., -1.99999999999988, -3.5));
#7294 = CARTESIAN_POINT ('', (130.5, -1.99999999999997, -3.5));
#7295 = CARTESIAN_POINT ('', (81., -1.99999999999988, -5.));
#7296 = CARTESIAN_POINT ('', (130.5, -1.99999999999997, -5.));
#7297 = B_SPLINE_SURFACE_WITH_KNOTS ('', 1, 1, ((#7293, #7294), (#7295, #7296)), .UNSPECIFIED., .F., .F., .U., (2, 2), (2, 2), (0., 1.), (0., 1.), .UNSPECIFIED.);
#7298 = ADVANCED_FACE ('', (#7292), #7297, .T.);
#7299 = CARTESIAN_POINT ('', (131.5, -0.999999999999966, -3.5));
#7300 = VERTEX_POINT ('', #7299);
#7301 = CARTESIAN_POINT ('', (130.5, -1.99999999999997, -3.5));
#7302 = CARTESIAN_POINT ('', (131.5, -1.99999999999997, -3.5));
#7303 = CARTESIAN_POINT ('', (131.5, -0.999999999999966, -3.5));
#7304 = (
   BOUNDED_CURVE ()
   B_SPLINE_CURVE (2, (#7301, #7302, #7303), .UNSPECIFIED., .F., .U.)
   B_SPLINE_CURVE_WITH_KNOTS ((3, 3), (1621.97182447136, 1622.97182447136), .UNSPECIFIED.)
   CURVE ()
   GEOMETRIC_REPRESENTATION_ITEM ()
   RATIONAL_B_SPLINE_CURVE ((1., 0.70710678118656, 1.))
   REPRESENTATION_ITEM ('')
);
#7305 = EDGE_CURVE ('', #7278, #7300, #7304, .T.);
#7306 = ORIENTED_EDGE ('', *, *, #7305, .F.);
#7307 = ORIENTED_EDGE ('', *, *, #7289, .T.);
#7308 = ORIENTED_EDGE ('', *, *, #226, .T.);
#7309 = CARTESIAN_POINT ('', (131.5, -1., -3.5));
#7310 = CARTESIAN_POINT ('', (131.5, -1., -5.));
#7311 = B_SPLINE_CURVE_WITH_KNOTS ('', 1, (#7309, #7310), .UNSPECIFIED., .F., .U., (2, 2), (0., 1.), .UNSPECIFIED.);
#7312 = EDGE_CURVE ('', #7300, #214, #7311, .T.);
#7313 = ORIENTED_EDGE ('', *, *, #7312, .F.);
#7314 = EDGE_LOOP ('', (#7306, #7307, #7308, #7313));
#7315 = FACE_OUTER_BOUND ('', #7314, .T.);
#7316 = CARTESIAN_POINT ('', (130.5, -1.99999999999997, -3.5));
#7317 = CARTESIAN_POINT ('', (131.5, -1.99999999999997, -3.5));
#7318 = CARTESIAN_POINT ('', (131.5, -0.999999999999966, -3.5));
#7319 = CARTESIAN_POINT ('', (130.5, -1.99999999999997, -5.));
#7320 = CARTESIAN_POINT ('', (131.5, -1.99999999999997, -5.));
#7321 = CARTESIAN_POINT ('', (131.5, -0.999999999999966, -5.));
#7322 = (
   BOUNDED_SURFACE ()
   B_SPLINE_SURFACE (1, 2, ((#7316, #7317, #7318), (#7319, #7320, #7321)), .UNSPECIFIED., .F., .F., .U.)
   B_SPLINE_SURFACE_WITH_KNOTS ((2, 2), (3, 3), (0., 1.), (1621.97182447136, 1622.97182447136), .UNSPECIFIED.)
   GEOMETRIC_REPRESENTATION_ITEM ()
   RATIONAL_B_SPLINE_SURFACE (((1., 0.70710678118656, 1.), (1., 0.70710678118656, 1.)))
   REPRESENTATION_ITEM ('')
   SURFACE ()
);
#7323 = ADVANCED_FACE ('', (#7315), #7322, .T.);
#7324 = CARTESIAN_POINT ('', (131.5, 82.5000000000003, -3.5));
#7325 = VERTEX_POINT ('', #7324);
#7326 = CARTESIAN_POINT ('', (131.5, -0.999999999999966, -3.5));
#7327 = CARTESIAN_POINT ('', (131.5, 82.5000000000003, -3.5));
#7328 = B_SPLINE_CURVE_WITH_KNOTS ('', 1, (#7326, #7327), .UNSPECIFIED., .F., .U., (2, 2), (1622.97182447136, 1706.47182447136), .UNSPECIFIED.);
#7329 = EDGE_CURVE ('', #7300, #7325, #7328, .T.);
#7330 = ORIENTED_EDGE ('', *, *, #7329, .F.);
#7331 = ORIENTED_EDGE ('', *, *, #7312, .T.);
#7332 = ORIENTED_EDGE ('', *, *, #218, .T.);
#7333 = CARTESIAN_POINT ('', (131.5, 82.5000000000003, -3.5));
#7334 = CARTESIAN_POINT ('', (131.5, 82.5000000000003, -5.));
#7335 = B_SPLINE_CURVE_WITH_KNOTS ('', 1, (#7333, #7334), .UNSPECIFIED., .F., .U., (2, 2), (0., 1.), .UNSPECIFIED.);
#7336 = EDGE_CURVE ('', #7325, #207, #7335, .T.);
#7337 = ORIENTED_EDGE ('', *, *, #7336, .F.);
#7338 = EDGE_LOOP ('', (#7330, #7331, #7332, #7337));
#7339 = FACE_OUTER_BOUND ('', #7338, .T.);
#7340 = CARTESIAN_POINT ('', (131.5, -1., -3.5));
#7341 = CARTESIAN_POINT ('', (131.5, 82.5000000000002, -3.5));
#7342 = CARTESIAN_POINT ('', (131.5, -1., -5.));
#7343 = CARTESIAN_POINT ('', (131.5, 82.5000000000002, -5.));
#7344 = B_SPLINE_SURFACE_WITH_KNOTS ('', 1, 1, ((#7340, #7341), (#7342, #7343)), .UNSPECIFIED., .F., .F., .U., (2, 2), (2, 2), (0., 1.), (0., 1.), .UNSPECIFIED.);
#7345 = ADVANCED_FACE ('', (#7339), #7344, .T.);
#7346 = CARTESIAN_POINT ('', (120., 82.5000000000001, -3.5));
#7347 = VERTEX_POINT ('', #7346);
#7348 = CARTESIAN_POINT ('', (131.5, 82.5000000000003, -3.5));
#7349 = CARTESIAN_POINT ('', (120., 82.5000000000001, -3.5));
#7350 = B_SPLINE_CURVE_WITH_KNOTS ('', 1, (#7348, #7349), .UNSPECIFIED., .F., .U., (2, 2), (1706.47182447136, 1717.97182447136), .UNSPECIFIED.);
#7351 = EDGE_CURVE ('', #7325, #7347, #7350, .T.);
#7352 = ORIENTED_EDGE ('', *, *, #7351, .F.);
#7353 = ORIENTED_EDGE ('', *, *, #7336, .T.);
#7354 = ORIENTED_EDGE ('', *, *, #211, .T.);
#7355 = CARTESIAN_POINT ('', (120., 82.5000000000001, -3.5));
#7356 = CARTESIAN_POINT ('', (120., 82.5000000000001, -5.));
#7357 = B_SPLINE_CURVE_WITH_KNOTS ('', 1, (#7355, #7356), .UNSPECIFIED., .F., .U., (2, 2), (0., 1.), .UNSPECIFIED.);
#7358 = EDGE_CURVE ('', #7347, #199, #7357, .T.);
#7359 = ORIENTED_EDGE ('', *, *, #7358, .F.);
#7360 = EDGE_LOOP ('', (#7352, #7353, #7354, #7359));
#7361 = FACE_OUTER_BOUND ('', #7360, .T.);
#7362 = CARTESIAN_POINT ('', (131.5, 82.5000000000003, -3.5));
#7363 = CARTESIAN_POINT ('', (120., 82.5000000000001, -3.5));
#7364 = CARTESIAN_POINT ('', (131.5, 82.5000000000003, -5.));
#7365 = CARTESIAN_POINT ('', (120., 82.5000000000001, -5.));
#7366 = B_SPLINE_SURFACE_WITH_KNOTS ('', 1, 1, ((#7362, #7363), (#7364, #7365)), .UNSPECIFIED., .F., .F., .U., (2, 2), (2, 2), (0., 1.), (0., 1.), .UNSPECIFIED.);
#7367 = ADVANCED_FACE ('', (#7361), #7366, .T.);
#7368 = CARTESIAN_POINT ('', (119.5, 83.0000000000001, -3.5));
#7369 = VERTEX_POINT ('', #7368);
#7370 = CARTESIAN_POINT ('', (120., 82.5000000000001, -3.5));
#7371 = CARTESIAN_POINT ('', (119.5, 82.5000000000001, -3.5));
#7372 = CARTESIAN_POINT ('', (119.5, 83.0000000000001, -3.5));
#7373 = (
   BOUNDED_CURVE ()
   B_SPLINE_CURVE (2, (#7370, #7371, #7372), .UNSPECIFIED., .F., .U.)
   B_SPLINE_CURVE_WITH_KNOTS ((3, 3), (1717.97182447136, 1718.97182447136), .UNSPECIFIED.)
   CURVE ()
   GEOMETRIC_REPRESENTATION_ITEM ()
   RATIONAL_B_SPLINE_CURVE ((1., 0.707106781186568, 1.))
   REPRESENTATION_ITEM ('')
);
#7374 = EDGE_CURVE ('', #7347, #7369, #7373, .T.);
#7375 = ORIENTED_EDGE ('', *, *, #7374, .F.);
#7376 = ORIENTED_EDGE ('', *, *, #7358, .T.);
#7377 = ORIENTED_EDGE ('', *, *, #204, .T.);
#7378 = CARTESIAN_POINT ('', (119.5, 83., -3.5));
#7379 = CARTESIAN_POINT ('', (119.5, 83., -5.));
#7380 = B_SPLINE_CURVE_WITH_KNOTS ('', 1, (#7378, #7379), .UNSPECIFIED., .F., .U., (2, 2), (0., 1.), .UNSPECIFIED.);
#7381 = EDGE_CURVE ('', #7369, #192, #7380, .T.);
#7382 = ORIENTED_EDGE ('', *, *, #7381, .F.);
#7383 = EDGE_LOOP ('', (#7375, #7376, #7377, #7382));
#7384 = FACE_OUTER_BOUND ('', #7383, .T.);
#7385 = CARTESIAN_POINT ('', (120., 82.5000000000001, -3.5));
#7386 = CARTESIAN_POINT ('', (119.5, 82.5000000000001, -3.5));
#7387 = CARTESIAN_POINT ('', (119.5, 83.0000000000001, -3.5));
#7388 = CARTESIAN_POINT ('', (120., 82.5000000000001, -5.));
#7389 = CARTESIAN_POINT ('', (119.5, 82.5000000000001, -5.));
#7390 = CARTESIAN_POINT ('', (119.5, 83.0000000000001, -5.));
#7391 = (
   BOUNDED_SURFACE ()
   B_SPLINE_SURFACE (1, 2, ((#7385, #7386, #7387), (#7388, #7389, #7390)), .UNSPECIFIED., .F., .F., .U.)
   B_SPLINE_SURFACE_WITH_KNOTS ((2, 2), (3, 3), (0., 1.), (1717.97182447136, 1718.97182447136), .UNSPECIFIED.)
   GEOMETRIC_REPRESENTATION_ITEM ()
   RATIONAL_B_SPLINE_SURFACE (((1., 0.707106781186568, 1.), (1., 0.707106781186568, 1.)))
   REPRESENTATION_ITEM ('')
   SURFACE ()
);
#7392 = ADVANCED_FACE ('', (#7384), #7391, .T.);
#7393 = CARTESIAN_POINT ('', (119.5, 94.9705042994436, -3.5));
#7394 = VERTEX_POINT ('', #7393);
#7395 = CARTESIAN_POINT ('', (119.5, 83.0000000000001, -3.5));
#7396 = CARTESIAN_POINT ('', (119.5, 94.9705042994436, -3.5));
#7397 = B_SPLINE_CURVE_WITH_KNOTS ('', 1, (#7395, #7396), .UNSPECIFIED., .F., .U., (2, 2), (1718.97182447136, 1730.9423287708), .UNSPECIFIED.);
#7398 = EDGE_CURVE ('', #7369, #7394, #7397, .T.);
#7399 = ORIENTED_EDGE ('', *, *, #7398, .F.);
#7400 = ORIENTED_EDGE ('', *, *, #7381, .T.);
#7401 = ORIENTED_EDGE ('', *, *, #196, .T.);
#7402 = CARTESIAN_POINT ('', (119.5, 94.9705042994436, -3.5));
#7403 = CARTESIAN_POINT ('', (119.5, 94.9705042994436, -5.));
#7404 = B_SPLINE_CURVE_WITH_KNOTS ('', 1, (#7402, #7403), .UNSPECIFIED., .F., .U., (2, 2), (0., 1.), .UNSPECIFIED.);
#7405 = EDGE_CURVE ('', #7394, #184, #7404, .T.);
#7406 = ORIENTED_EDGE ('', *, *, #7405, .F.);
#7407 = EDGE_LOOP ('', (#7399, #7400, #7401, #7406));
#7408 = FACE_OUTER_BOUND ('', #7407, .T.);
#7409 = CARTESIAN_POINT ('', (119.5, 83., -3.5));
#7410 = CARTESIAN_POINT ('', (119.5, 94.9705042994435, -3.5));
#7411 = CARTESIAN_POINT ('', (119.5, 83., -5.));
#7412 = CARTESIAN_POINT ('', (119.5, 94.9705042994435, -5.));
#7413 = B_SPLINE_SURFACE_WITH_KNOTS ('', 1, 1, ((#7409, #7410), (#7411, #7412)), .UNSPECIFIED., .F., .F., .U., (2, 2), (2, 2), (0., 1.), (0., 1.), .UNSPECIFIED.);
#7414 = ADVANCED_FACE ('', (#7408), #7413, .T.);
#7415 = CARTESIAN_POINT ('', (119.99871765395, 95.4705026550296, -3.5));
#7416 = VERTEX_POINT ('', #7415);
#7417 = CARTESIAN_POINT ('', (119.5, 94.9705042994436, -3.5));
#7418 = CARTESIAN_POINT ('', (119.5, 95.4692235935963, -3.5));
#7419 = CARTESIAN_POINT ('', (119.99871765395, 95.4705026550296, -3.5));
#7420 = (
   BOUNDED_CURVE ()
   B_SPLINE_CURVE (2, (#7417, #7418, #7419), .UNSPECIFIED., .F., .U.)
   B_SPLINE_CURVE_WITH_KNOTS ((3, 3), (1730.9423287708, 1731.9423287708), .UNSPECIFIED.)
   CURVE ()
   GEOMETRIC_REPRESENTATION_ITEM ()
   RATIONAL_B_SPLINE_CURVE ((1., 0.708012956131025, 1.))
   REPRESENTATION_ITEM ('')
);
#7421 = EDGE_CURVE ('', #7394, #7416, #7420, .T.);
#7422 = ORIENTED_EDGE ('', *, *, #7421, .F.);
#7423 = ORIENTED_EDGE ('', *, *, #7405, .T.);
#7424 = ORIENTED_EDGE ('', *, *, #189, .T.);
#7425 = CARTESIAN_POINT ('', (119.998717653951, 95.4705026550296, -3.5));
#7426 = CARTESIAN_POINT ('', (119.998717653951, 95.4705026550296, -5.));
#7427 = B_SPLINE_CURVE_WITH_KNOTS ('', 1, (#7425, #7426), .UNSPECIFIED., .F., .U., (2, 2), (0., 1.), .UNSPECIFIED.);
#7428 = EDGE_CURVE ('', #7416, #177, #7427, .T.);
#7429 = ORIENTED_EDGE ('', *, *, #7428, .F.);
#7430 = EDGE_LOOP ('', (#7422, #7423, #7424, #7429));
#7431 = FACE_OUTER_BOUND ('', #7430, .T.);
#7432 = CARTESIAN_POINT ('', (119.5, 94.9705042994436, -3.5));
#7433 = CARTESIAN_POINT ('', (119.5, 95.4692235935963, -3.5));
#7434 = CARTESIAN_POINT ('', (119.99871765395, 95.4705026550296, -3.5));
#7435 = CARTESIAN_POINT ('', (119.5, 94.9705042994436, -5.));
#7436 = CARTESIAN_POINT ('', (119.5, 95.4692235935963, -5.));
#7437 = CARTESIAN_POINT ('', (119.99871765395, 95.4705026550296, -5.));
#7438 = (
   BOUNDED_SURFACE ()
   B_SPLINE_SURFACE (1, 2, ((#7432, #7433, #7434), (#7435, #7436, #7437)), .UNSPECIFIED., .F., .F., .U.)
   B_SPLINE_SURFACE_WITH_KNOTS ((2, 2), (3, 3), (0., 1.), (1730.9423287708, 1731.9423287708), .UNSPECIFIED.)
   GEOMETRIC_REPRESENTATION_ITEM ()
   RATIONAL_B_SPLINE_SURFACE (((1., 0.708012956131025, 1.), (1., 0.708012956131025, 1.)))
   REPRESENTATION_ITEM ('')
   SURFACE ()
);
#7439 = ADVANCED_FACE ('', (#7431), #7438, .T.);
#7440 = CARTESIAN_POINT ('', (131.5, 95.5000000000002, -3.5));
#7441 = VERTEX_POINT ('', #7440);
#7442 = CARTESIAN_POINT ('', (119.99871765395, 95.4705026550296, -3.5));
#7443 = CARTESIAN_POINT ('', (131.5, 95.5000000000002, -3.5));
#7444 = B_SPLINE_CURVE_WITH_KNOTS ('', 1, (#7442, #7443), .UNSPECIFIED., .F., .U., (2, 2), (1731.9423287708, 1743.44364894272), .UNSPECIFIED.);
#7445 = EDGE_CURVE ('', #7416, #7441, #7444, .T.);
#7446 = ORIENTED_EDGE ('', *, *, #7445, .F.);
#7447 = ORIENTED_EDGE ('', *, *, #7428, .T.);
#7448 = ORIENTED_EDGE ('', *, *, #181, .T.);
#7449 = CARTESIAN_POINT ('', (131.5, 95.5000000000002, -3.5));
#7450 = CARTESIAN_POINT ('', (131.5, 95.5000000000002, -5.));
#7451 = B_SPLINE_CURVE_WITH_KNOTS ('', 1, (#7449, #7450), .UNSPECIFIED., .F., .U., (2, 2), (0., 1.), .UNSPECIFIED.);
#7452 = EDGE_CURVE ('', #7441, #170, #7451, .T.);
#7453 = ORIENTED_EDGE ('', *, *, #7452, .F.);
#7454 = EDGE_LOOP ('', (#7446, #7447, #7448, #7453));
#7455 = FACE_OUTER_BOUND ('', #7454, .T.);
#7456 = CARTESIAN_POINT ('', (119.998717653951, 95.4705026550296, -3.5));
#7457 = CARTESIAN_POINT ('', (131.5, 95.5000000000002, -3.5));
#7458 = CARTESIAN_POINT ('', (119.998717653951, 95.4705026550296, -5.));
#7459 = CARTESIAN_POINT ('', (131.5, 95.5000000000002, -5.));
#7460 = B_SPLINE_SURFACE_WITH_KNOTS ('', 1, 1, ((#7456, #7457), (#7458, #7459)), .UNSPECIFIED., .F., .F., .U., (2, 2), (2, 2), (0., 1.), (0., 1.), .UNSPECIFIED.);
#7461 = ADVANCED_FACE ('', (#7455), #7460, .T.);
#7462 = CARTESIAN_POINT ('', (131.5, 99.5, -3.5));
#7463 = VERTEX_POINT ('', #7462);
#7464 = CARTESIAN_POINT ('', (131.5, 95.5000000000002, -3.5));
#7465 = CARTESIAN_POINT ('', (131.5, 99.5, -3.5));
#7466 = B_SPLINE_CURVE_WITH_KNOTS ('', 1, (#7464, #7465), .UNSPECIFIED., .F., .U., (2, 2), (1743.44364894272, 1747.44364894272), .UNSPECIFIED.);
#7467 = EDGE_CURVE ('', #7441, #7463, #7466, .T.);
#7468 = ORIENTED_EDGE ('', *, *, #7467, .F.);
#7469 = ORIENTED_EDGE ('', *, *, #7452, .T.);
#7470 = ORIENTED_EDGE ('', *, *, #174, .T.);
#7471 = CARTESIAN_POINT ('', (131.5, 99.5, -3.5));
#7472 = CARTESIAN_POINT ('', (131.5, 99.5, -5.));
#7473 = B_SPLINE_CURVE_WITH_KNOTS ('', 1, (#7471, #7472), .UNSPECIFIED., .F., .U., (2, 2), (0., 1.), .UNSPECIFIED.);
#7474 = EDGE_CURVE ('', #7463, #162, #7473, .T.);
#7475 = ORIENTED_EDGE ('', *, *, #7474, .F.);
#7476 = EDGE_LOOP ('', (#7468, #7469, #7470, #7475));
#7477 = FACE_OUTER_BOUND ('', #7476, .T.);
#7478 = CARTESIAN_POINT ('', (131.5, 95.5000000000002, -3.5));
#7479 = CARTESIAN_POINT ('', (131.5, 99.4999999999998, -3.5));
#7480 = CARTESIAN_POINT ('', (131.5, 95.5000000000002, -5.));
#7481 = CARTESIAN_POINT ('', (131.5, 99.4999999999998, -5.));
#7482 = B_SPLINE_SURFACE_WITH_KNOTS ('', 1, 1, ((#7478, #7479), (#7480, #7481)), .UNSPECIFIED., .F., .F., .U., (2, 2), (2, 2), (0., 1.), (0., 1.), .UNSPECIFIED.);
#7483 = ADVANCED_FACE ('', (#7477), #7482, .T.);
#7484 = CARTESIAN_POINT ('', (130.5, 100.5, -3.5));
#7485 = VERTEX_POINT ('', #7484);
#7486 = CARTESIAN_POINT ('', (131.5, 99.5, -3.5));
#7487 = CARTESIAN_POINT ('', (131.5, 100.5, -3.5));
#7488 = CARTESIAN_POINT ('', (130.5, 100.5, -3.5));
#7489 = (
   BOUNDED_CURVE ()
   B_SPLINE_CURVE (2, (#7486, #7487, #7488), .UNSPECIFIED., .F., .U.)
   B_SPLINE_CURVE_WITH_KNOTS ((3, 3), (1747.44364894272, 1748.44364894272), .UNSPECIFIED.)
   CURVE ()
   GEOMETRIC_REPRESENTATION_ITEM ()
   RATIONAL_B_SPLINE_CURVE ((1., 0.707106781186573, 1.))
   REPRESENTATION_ITEM ('')
);
#7490 = EDGE_CURVE ('', #7463, #7485, #7489, .T.);
#7491 = ORIENTED_EDGE ('', *, *, #7490, .F.);
#7492 = ORIENTED_EDGE ('', *, *, #7474, .T.);
#7493 = ORIENTED_EDGE ('', *, *, #167, .T.);
#7494 = CARTESIAN_POINT ('', (130.5, 100.5, -3.5));
#7495 = CARTESIAN_POINT ('', (130.5, 100.5, -5.));
#7496 = B_SPLINE_CURVE_WITH_KNOTS ('', 1, (#7494, #7495), .UNSPECIFIED., .F., .U., (2, 2), (0., 1.), .UNSPECIFIED.);
#7497 = EDGE_CURVE ('', #7485, #155, #7496, .T.);
#7498 = ORIENTED_EDGE ('', *, *, #7497, .F.);
#7499 = EDGE_LOOP ('', (#7491, #7492, #7493, #7498));
#7500 = FACE_OUTER_BOUND ('', #7499, .T.);
#7501 = CARTESIAN_POINT ('', (131.5, 99.5, -3.5));
#7502 = CARTESIAN_POINT ('', (131.5, 100.5, -3.5));
#7503 = CARTESIAN_POINT ('', (130.5, 100.5, -3.5));
#7504 = CARTESIAN_POINT ('', (131.5, 99.5, -5.));
#7505 = CARTESIAN_POINT ('', (131.5, 100.5, -5.));
#7506 = CARTESIAN_POINT ('', (130.5, 100.5, -5.));
#7507 = (
   BOUNDED_SURFACE ()
   B_SPLINE_SURFACE (1, 2, ((#7501, #7502, #7503), (#7504, #7505, #7506)), .UNSPECIFIED., .F., .F., .U.)
   B_SPLINE_SURFACE_WITH_KNOTS ((2, 2), (3, 3), (0., 1.), (1747.44364894272, 1748.44364894272), .UNSPECIFIED.)
   GEOMETRIC_REPRESENTATION_ITEM ()
   RATIONAL_B_SPLINE_SURFACE (((1., 0.707106781186573, 1.), (1., 0.707106781186573, 1.)))
   REPRESENTATION_ITEM ('')
   SURFACE ()
);
#7508 = ADVANCED_FACE ('', (#7500), #7507, .T.);
#7509 = CARTESIAN_POINT ('', (9.49999999999993, 100.5, -3.5));
#7510 = VERTEX_POINT ('', #7509);
#7511 = CARTESIAN_POINT ('', (130.5, 100.5, -3.5));
#7512 = CARTESIAN_POINT ('', (9.49999999999993, 100.5, -3.5));
#7513 = B_SPLINE_CURVE_WITH_KNOTS ('', 1, (#7511, #7512), .UNSPECIFIED., .F., .U., (2, 2), (1748.44364894272, 1869.44364894272), .UNSPECIFIED.);
#7514 = EDGE_CURVE ('', #7485, #7510, #7513, .T.);
#7515 = ORIENTED_EDGE ('', *, *, #7514, .F.);
#7516 = ORIENTED_EDGE ('', *, *, #7497, .T.);
#7517 = ORIENTED_EDGE ('', *, *, #159, .T.);
#7518 = CARTESIAN_POINT ('', (9.49999999999993, 100.5, -3.5));
#7519 = CARTESIAN_POINT ('', (9.49999999999993, 100.5, -5.));
#7520 = B_SPLINE_CURVE_WITH_KNOTS ('', 1, (#7518, #7519), .UNSPECIFIED., .F., .U., (2, 2), (0., 1.), .UNSPECIFIED.);
#7521 = EDGE_CURVE ('', #7510, #145, #7520, .T.);
#7522 = ORIENTED_EDGE ('', *, *, #7521, .F.);
#7523 = EDGE_LOOP ('', (#7515, #7516, #7517, #7522));
#7524 = FACE_OUTER_BOUND ('', #7523, .T.);
#7525 = CARTESIAN_POINT ('', (130.5, 100.5, -3.5));
#7526 = CARTESIAN_POINT ('', (9.5, 100.5, -3.5));
#7527 = CARTESIAN_POINT ('', (130.5, 100.5, -5.));
#7528 = CARTESIAN_POINT ('', (9.5, 100.5, -5.));
#7529 = B_SPLINE_SURFACE_WITH_KNOTS ('', 1, 1, ((#7525, #7526), (#7527, #7528)), .UNSPECIFIED., .F., .F., .U., (2, 2), (2, 2), (0., 1.), (0., 1.), .UNSPECIFIED.);
#7530 = ADVANCED_FACE ('', (#7524), #7529, .T.);
#7531 = CARTESIAN_POINT ('', (8.50000000000034, 99.5000000000003, -3.5));
#7532 = VERTEX_POINT ('', #7531);
#7533 = CARTESIAN_POINT ('', (9.49999999999993, 100.5, -3.5));
#7534 = CARTESIAN_POINT ('', (8.50000000000002, 100.5, -3.5));
#7535 = CARTESIAN_POINT ('', (8.50000000000034, 99.5000000000003, -3.5));
#7536 = (
   BOUNDED_CURVE ()
   B_SPLINE_CURVE (2, (#7533, #7534, #7535), .UNSPECIFIED., .F., .U.)
   B_SPLINE_CURVE_WITH_KNOTS ((3, 3), (1869.44364894272, 1870.44364894272), .UNSPECIFIED.)
   CURVE ()
   GEOMETRIC_REPRESENTATION_ITEM ()
   RATIONAL_B_SPLINE_CURVE ((1., 0.707106781186414, 1.))
   REPRESENTATION_ITEM ('')
);
#7537 = EDGE_CURVE ('', #7510, #7532, #7536, .T.);
#7538 = ORIENTED_EDGE ('', *, *, #7537, .F.);
#7539 = ORIENTED_EDGE ('', *, *, #7521, .T.);
#7540 = ORIENTED_EDGE ('', *, *, #152, .T.);
#7541 = CARTESIAN_POINT ('', (8.50000000000034, 99.5000000000002, -3.5));
#7542 = CARTESIAN_POINT ('', (8.50000000000034, 99.5000000000002, -5.));
#7543 = B_SPLINE_CURVE_WITH_KNOTS ('', 1, (#7541, #7542), .UNSPECIFIED., .F., .U., (2, 2), (0., 1.), .UNSPECIFIED.);
#7544 = EDGE_CURVE ('', #7532, #147, #7543, .T.);
#7545 = ORIENTED_EDGE ('', *, *, #7544, .F.);
#7546 = EDGE_LOOP ('', (#7538, #7539, #7540, #7545));
#7547 = FACE_OUTER_BOUND ('', #7546, .T.);
#7548 = CARTESIAN_POINT ('', (9.49999999999993, 100.5, -3.5));
#7549 = CARTESIAN_POINT ('', (8.50000000000002, 100.5, -3.5));
#7550 = CARTESIAN_POINT ('', (8.50000000000034, 99.5000000000003, -3.5));
#7551 = CARTESIAN_POINT ('', (9.49999999999993, 100.5, -5.));
#7552 = CARTESIAN_POINT ('', (8.50000000000002, 100.5, -5.));
#7553 = CARTESIAN_POINT ('', (8.50000000000034, 99.5000000000003, -5.));
#7554 = (
   BOUNDED_SURFACE ()
   B_SPLINE_SURFACE (1, 2, ((#7548, #7549, #7550), (#7551, #7552, #7553)), .UNSPECIFIED., .F., .F., .U.)
   B_SPLINE_SURFACE_WITH_KNOTS ((2, 2), (3, 3), (0., 1.), (1869.44364894272, 1870.44364894272), .UNSPECIFIED.)
   GEOMETRIC_REPRESENTATION_ITEM ()
   RATIONAL_B_SPLINE_SURFACE (((1., 0.707106781186414, 1.), (1., 0.707106781186414, 1.)))
   REPRESENTATION_ITEM ('')
   SURFACE ()
);
#7555 = ADVANCED_FACE ('', (#7547), #7554, .T.);
#7556 = CARTESIAN_POINT ('', (8.50000000000034, 99.5000000000003, -3.5));
#7557 = CARTESIAN_POINT ('', (8.49999999999999, -1., -3.5));
#7558 = B_SPLINE_CURVE_WITH_KNOTS ('', 1, (#7556, #7557), .UNSPECIFIED., .F., .U., (2, 2), (1870.44364894272, 1970.94364894272), .UNSPECIFIED.);
#7559 = EDGE_CURVE ('', #7532, #7109, #7558, .T.);
#7560 = ORIENTED_EDGE ('', *, *, #7559, .F.);
#7561 = ORIENTED_EDGE ('', *, *, #7544, .T.);
#7562 = ORIENTED_EDGE ('', *, *, #290, .T.);
#7563 = ORIENTED_EDGE ('', *, *, #7121, .F.);
#7564 = EDGE_LOOP ('', (#7560, #7561, #7562, #7563));
#7565 = FACE_OUTER_BOUND ('', #7564, .T.);
#7566 = CARTESIAN_POINT ('', (8.50000000000034, 99.5000000000002, -3.5));
#7567 = CARTESIAN_POINT ('', (8.49999999999999, -1., -3.5));
#7568 = CARTESIAN_POINT ('', (8.50000000000034, 99.5000000000002, -5.));
#7569 = CARTESIAN_POINT ('', (8.49999999999999, -1., -5.));
#7570 = B_SPLINE_SURFACE_WITH_KNOTS ('', 1, 1, ((#7566, #7567), (#7568, #7569)), .UNSPECIFIED., .F., .F., .U., (2, 2), (2, 2), (0., 1.), (0., 1.), .UNSPECIFIED.);
#7571 = ADVANCED_FACE ('', (#7565), #7570, .T.);
#7572 = ORIENTED_EDGE ('', *, *, #7537, .T.);
#7573 = ORIENTED_EDGE ('', *, *, #7559, .T.);
#7574 = ORIENTED_EDGE ('', *, *, #7116, .T.);
#7575 = ORIENTED_EDGE ('', *, *, #7144, .T.);
#7576 = ORIENTED_EDGE ('', *, *, #7166, .T.);
#7577 = ORIENTED_EDGE ('', *, *, #7189, .T.);
#7578 = ORIENTED_EDGE ('', *, *, #7213, .T.);
#7579 = ORIENTED_EDGE ('', *, *, #7236, .T.);
#7580 = ORIENTED_EDGE ('', *, *, #7260, .T.);
#7581 = ORIENTED_EDGE ('', *, *, #7282, .T.);
#7582 = ORIENTED_EDGE ('', *, *, #7305, .T.);
#7583 = ORIENTED_EDGE ('', *, *, #7329, .T.);
#7584 = ORIENTED_EDGE ('', *, *, #7351, .T.);
#7585 = ORIENTED_EDGE ('', *, *, #7374, .T.);
#7586 = ORIENTED_EDGE ('', *, *, #7398, .T.);
#7587 = ORIENTED_EDGE ('', *, *, #7421, .T.);
#7588 = ORIENTED_EDGE ('', *, *, #7445, .T.);
#7589 = ORIENTED_EDGE ('', *, *, #7467, .T.);
#7590 = ORIENTED_EDGE ('', *, *, #7490, .T.);
#7591 = ORIENTED_EDGE ('', *, *, #7514, .T.);
#7592 = EDGE_LOOP ('', (#7572, #7573, #7574, #7575, #7576, #7577, #7578, #7579, #7580, #7581, #7582, #7583, #7584, #7585, #7586, #7587, #7588, #7589, #7590, #7591));
#7593 = FACE_OUTER_BOUND ('', #7592, .T.);
#7594 = ORIENTED_EDGE ('', *, *, #3925, .F.);
#7595 = CARTESIAN_POINT ('', (10., 56., -3.5));
#7596 = CARTESIAN_POINT ('', (10., 55., -3.5));
#7597 = CARTESIAN_POINT ('', (11., 55., -3.5));
#7598 = CARTESIAN_POINT ('', (12., 55., -3.5));
#7599 = CARTESIAN_POINT ('', (12., 56., -3.5));
#7600 = (
   BOUNDED_CURVE ()
   B_SPLINE_CURVE (2, (#7595, #7596, #7597, #7598, #7599), .UNSPECIFIED., .F., .U.)
   B_SPLINE_CURVE_WITH_KNOTS ((3, 2, 3), (0.5, 0.75, 1.), .UNSPECIFIED.)
   CURVE ()
   GEOMETRIC_REPRESENTATION_ITEM ()
   RATIONAL_B_SPLINE_CURVE ((1., 0.707106781186548, 1., 0.707106781186548, 1.))
   REPRESENTATION_ITEM ('')
);
#7601 = EDGE_CURVE ('', #3761, #3913, #7600, .T.);
#7602 = ORIENTED_EDGE ('', *, *, #7601, .F.);
#7603 = EDGE_LOOP ('', (#7594, #7602));
#7604 = FACE_BOUND ('', #7603, .T.);
#7605 = ORIENTED_EDGE ('', *, *, #2683, .F.);
#7606 = CARTESIAN_POINT ('', (128., 56., -3.5));
#7607 = CARTESIAN_POINT ('', (128., 55., -3.5));
#7608 = CARTESIAN_POINT ('', (129., 55., -3.5));
#7609 = CARTESIAN_POINT ('', (130., 55., -3.5));
#7610 = CARTESIAN_POINT ('', (130., 56., -3.5));
#7611 = (
   BOUNDED_CURVE ()
   B_SPLINE_CURVE (2, (#7606, #7607, #7608, #7609, #7610), .UNSPECIFIED., .F., .U.)
   B_SPLINE_CURVE_WITH_KNOTS ((3, 2, 3), (0.5, 0.75, 1.), .UNSPECIFIED.)
   CURVE ()
   GEOMETRIC_REPRESENTATION_ITEM ()
   RATIONAL_B_SPLINE_CURVE ((1., 0.707106781186548, 1., 0.707106781186548, 1.))
   REPRESENTATION_ITEM ('')
);
#7612 = EDGE_CURVE ('', #2519, #2671, #7611, .T.);
#7613 = ORIENTED_EDGE ('', *, *, #7612, .F.);
#7614 = EDGE_LOOP ('', (#7605, #7613));
#7615 = FACE_BOUND ('', #7614, .T.);
#7616 = ORIENTED_EDGE ('', *, *, #3511, .F.);
#7617 = CARTESIAN_POINT ('', (10., 0.5, -3.5));
#7618 = CARTESIAN_POINT ('', (10., -0.5, -3.5));
#7619 = CARTESIAN_POINT ('', (11., -0.5, -3.5));
#7620 = CARTESIAN_POINT ('', (12., -0.5, -3.5));
#7621 = CARTESIAN_POINT ('', (12., 0.5, -3.5));
#7622 = (
   BOUNDED_CURVE ()
   B_SPLINE_CURVE (2, (#7617, #7618, #7619, #7620, #7621), .UNSPECIFIED., .F., .U.)
   B_SPLINE_CURVE_WITH_KNOTS ((3, 2, 3), (0.5, 0.75, 1.), .UNSPECIFIED.)
   CURVE ()
   GEOMETRIC_REPRESENTATION_ITEM ()
   RATIONAL_B_SPLINE_CURVE ((1., 0.707106781186548, 1., 0.707106781186548, 1.))
   REPRESENTATION_ITEM ('')
);
#7623 = EDGE_CURVE ('', #3347, #3499, #7622, .T.);
#7624 = ORIENTED_EDGE ('', *, *, #7623, .F.);
#7625 = EDGE_LOOP ('', (#7616, #7624));
#7626 = FACE_BOUND ('', #7625, .T.);
#7627 = ORIENTED_EDGE ('', *, *, #3097, .F.);
#7628 = CARTESIAN_POINT ('', (128., 0.5, -3.5));
#7629 = CARTESIAN_POINT ('', (128., -0.5, -3.5));
#7630 = CARTESIAN_POINT ('', (129., -0.5, -3.5));
#7631 = CARTESIAN_POINT ('', (130., -0.5, -3.5));
#7632 = CARTESIAN_POINT ('', (130., 0.5, -3.5));
#7633 = (
   BOUNDED_CURVE ()
   B_SPLINE_CURVE (2, (#7628, #7629, #7630, #7631, #7632), .UNSPECIFIED., .F., .U.)
   B_SPLINE_CURVE_WITH_KNOTS ((3, 2, 3), (0.5, 0.75, 1.), .UNSPECIFIED.)
   CURVE ()
   GEOMETRIC_REPRESENTATION_ITEM ()
   RATIONAL_B_SPLINE_CURVE ((1., 0.707106781186548, 1., 0.707106781186548, 1.))
   REPRESENTATION_ITEM ('')
);
#7634 = EDGE_CURVE ('', #2933, #3085, #7633, .T.);
#7635 = ORIENTED_EDGE ('', *, *, #7634, .F.);
#7636 = EDGE_LOOP ('', (#7627, #7635));
#7637 = FACE_BOUND ('', #7636, .T.);
#7638 = ORIENTED_EDGE ('', *, *, #4339, .F.);
#7639 = CARTESIAN_POINT ('', (128., 98., -3.5));
#7640 = CARTESIAN_POINT ('', (128., 97., -3.5));
#7641 = CARTESIAN_POINT ('', (129., 97., -3.5));
#7642 = CARTESIAN_POINT ('', (130., 97., -3.5));
#7643 = CARTESIAN_POINT ('', (130., 98., -3.5));
#7644 = (
   BOUNDED_CURVE ()
   B_SPLINE_CURVE (2, (#7639, #7640, #7641, #7642, #7643), .UNSPECIFIED., .F., .U.)
   B_SPLINE_CURVE_WITH_KNOTS ((3, 2, 3), (0.5, 0.75, 1.), .UNSPECIFIED.)
   CURVE ()
   GEOMETRIC_REPRESENTATION_ITEM ()
   RATIONAL_B_SPLINE_CURVE ((1., 0.707106781186548, 1., 0.707106781186548, 1.))
   REPRESENTATION_ITEM ('')
);
#7645 = EDGE_CURVE ('', #4175, #4327, #7644, .T.);
#7646 = ORIENTED_EDGE ('', *, *, #7645, .F.);
#7647 = EDGE_LOOP ('', (#7638, #7646));
#7648 = FACE_BOUND ('', #7647, .T.);
#7649 = ORIENTED_EDGE ('', *, *, #4753, .F.);
#7650 = CARTESIAN_POINT ('', (10., 98., -3.5));
#7651 = CARTESIAN_POINT ('', (10., 97., -3.5));
#7652 = CARTESIAN_POINT ('', (11., 97., -3.5));
#7653 = CARTESIAN_POINT ('', (12., 97., -3.5));
#7654 = CARTESIAN_POINT ('', (12., 98., -3.5));
#7655 = (
   BOUNDED_CURVE ()
   B_SPLINE_CURVE (2, (#7650, #7651, #7652, #7653, #7654), .UNSPECIFIED., .F., .U.)
   B_SPLINE_CURVE_WITH_KNOTS ((3, 2, 3), (0.5, 0.75, 1.), .UNSPECIFIED.)
   CURVE ()
   GEOMETRIC_REPRESENTATION_ITEM ()
   RATIONAL_B_SPLINE_CURVE ((1., 0.707106781186548, 1., 0.707106781186548, 1.))
   REPRESENTATION_ITEM ('')
);
#7656 = EDGE_CURVE ('', #4589, #4741, #7655, .T.);
#7657 = ORIENTED_EDGE ('', *, *, #7656, .F.);
#7658 = EDGE_LOOP ('', (#7649, #7657));
#7659 = FACE_BOUND ('', #7658, .T.);
#7660 = CARTESIAN_POINT ('', (32.5, 17.0000000000001, -3.5));
#7661 = CARTESIAN_POINT ('', (26.5, 17.0000000000001, -3.5));
#7662 = CARTESIAN_POINT ('', (26.5, 11.0000000000001, -3.5));
#7663 = CARTESIAN_POINT ('', (26.5, 5.00000000000013, -3.5));
#7664 = CARTESIAN_POINT ('', (32.5, 5.00000000000012, -3.5));
#7665 = (
   BOUNDED_CURVE ()
   B_SPLINE_CURVE (2, (#7660, #7661, #7662, #7663, #7664), .UNSPECIFIED., .F., .U.)
   B_SPLINE_CURVE_WITH_KNOTS ((3, 2, 3), (0., 0.25, 0.5), .UNSPECIFIED.)
   CURVE ()
   GEOMETRIC_REPRESENTATION_ITEM ()
   RATIONAL_B_SPLINE_CURVE ((1., 0.707106781186548, 1., 0.707106781186548, 1.))
   REPRESENTATION_ITEM ('')
);
#7666 = EDGE_CURVE ('', #7079, #7072, #7665, .T.);
#7667 = ORIENTED_EDGE ('', *, *, #7666, .F.);
#7668 = ORIENTED_EDGE ('', *, *, #7086, .F.);
#7669 = EDGE_LOOP ('', (#7667, #7668));
#7670 = FACE_BOUND ('', #7669, .T.);
#7671 = CARTESIAN_POINT ('', (25., 29.7500000000001, -3.5));
#7672 = CARTESIAN_POINT ('', (19., 29.7500000000001, -3.5));
#7673 = CARTESIAN_POINT ('', (19., 23.7500000000001, -3.5));
#7674 = CARTESIAN_POINT ('', (19., 17.7500000000001, -3.5));
#7675 = CARTESIAN_POINT ('', (25., 17.7500000000001, -3.5));
#7676 = (
   BOUNDED_CURVE ()
   B_SPLINE_CURVE (2, (#7671, #7672, #7673, #7674, #7675), .UNSPECIFIED., .F., .U.)
   B_SPLINE_CURVE_WITH_KNOTS ((3, 2, 3), (0., 0.25, 0.5), .UNSPECIFIED.)
   CURVE ()
   GEOMETRIC_REPRESENTATION_ITEM ()
   RATIONAL_B_SPLINE_CURVE ((1., 0.707106781186548, 1., 0.707106781186548, 1.))
   REPRESENTATION_ITEM ('')
);
#7677 = EDGE_CURVE ('', #7042, #7035, #7676, .T.);
#7678 = ORIENTED_EDGE ('', *, *, #7677, .F.);
#7679 = ORIENTED_EDGE ('', *, *, #7049, .F.);
#7680 = EDGE_LOOP ('', (#7678, #7679));
#7681 = FACE_BOUND ('', #7680, .T.);
#7682 = CARTESIAN_POINT ('', (40., 29.7500000000001, -3.5));
#7683 = CARTESIAN_POINT ('', (34., 29.7500000000001, -3.5));
#7684 = CARTESIAN_POINT ('', (34., 23.7500000000001, -3.5));
#7685 = CARTESIAN_POINT ('', (34., 17.7500000000001, -3.5));
#7686 = CARTESIAN_POINT ('', (40., 17.7500000000001, -3.5));
#7687 = (
   BOUNDED_CURVE ()
   B_SPLINE_CURVE (2, (#7682, #7683, #7684, #7685, #7686), .UNSPECIFIED., .F., .U.)
   B_SPLINE_CURVE_WITH_KNOTS ((3, 2, 3), (0., 0.25, 0.5), .UNSPECIFIED.)
   CURVE ()
   GEOMETRIC_REPRESENTATION_ITEM ()
   RATIONAL_B_SPLINE_CURVE ((1., 0.707106781186548, 1., 0.707106781186548, 1.))
   REPRESENTATION_ITEM ('')
);
#7688 = EDGE_CURVE ('', #7005, #6998, #7687, .T.);
#7689 = ORIENTED_EDGE ('', *, *, #7688, .F.);
#7690 = ORIENTED_EDGE ('', *, *, #7012, .F.);
#7691 = EDGE_LOOP ('', (#7689, #7690));
#7692 = FACE_BOUND ('', #7691, .T.);
#7693 = CARTESIAN_POINT ('', (47.5, 17.0000000000001, -3.5));
#7694 = CARTESIAN_POINT ('', (41.5, 17.0000000000001, -3.5));
#7695 = CARTESIAN_POINT ('', (41.5, 11.0000000000001, -3.5));
#7696 = CARTESIAN_POINT ('', (41.5, 5.00000000000012, -3.5));
#7697 = CARTESIAN_POINT ('', (47.5, 5.00000000000011, -3.5));
#7698 = (
   BOUNDED_CURVE ()
   B_SPLINE_CURVE (2, (#7693, #7694, #7695, #7696, #7697), .UNSPECIFIED., .F., .U.)
   B_SPLINE_CURVE_WITH_KNOTS ((3, 2, 3), (0., 0.25, 0.5), .UNSPECIFIED.)
   CURVE ()
   GEOMETRIC_REPRESENTATION_ITEM ()
   RATIONAL_B_SPLINE_CURVE ((1., 0.707106781186548, 1., 0.707106781186548, 1.))
   REPRESENTATION_ITEM ('')
);
#7699 = EDGE_CURVE ('', #6968, #6961, #7698, .T.);
#7700 = ORIENTED_EDGE ('', *, *, #7699, .F.);
#7701 = ORIENTED_EDGE ('', *, *, #6975, .F.);
#7702 = EDGE_LOOP ('', (#7700, #7701));
#7703 = FACE_BOUND ('', #7702, .T.);
#7704 = CARTESIAN_POINT ('', (62.5, 17.0000000000001, -3.5));
#7705 = CARTESIAN_POINT ('', (56.5, 17.0000000000001, -3.5));
#7706 = CARTESIAN_POINT ('', (56.5, 11.0000000000001, -3.5));
#7707 = CARTESIAN_POINT ('', (56.5, 5.00000000000011, -3.5));
#7708 = CARTESIAN_POINT ('', (62.5, 5.00000000000012, -3.5));
#7709 = (
   BOUNDED_CURVE ()
   B_SPLINE_CURVE (2, (#7704, #7705, #7706, #7707, #7708), .UNSPECIFIED., .F., .U.)
   B_SPLINE_CURVE_WITH_KNOTS ((3, 2, 3), (0., 0.25, 0.5), .UNSPECIFIED.)
   CURVE ()
   GEOMETRIC_REPRESENTATION_ITEM ()
   RATIONAL_B_SPLINE_CURVE ((1., 0.707106781186548, 1., 0.707106781186548, 1.))
   REPRESENTATION_ITEM ('')
);
#7710 = EDGE_CURVE ('', #6931, #6924, #7709, .T.);
#7711 = ORIENTED_EDGE ('', *, *, #7710, .F.);
#7712 = ORIENTED_EDGE ('', *, *, #6938, .F.);
#7713 = EDGE_LOOP ('', (#7711, #7712));
#7714 = FACE_BOUND ('', #7713, .T.);
#7715 = CARTESIAN_POINT ('', (55., 29.7500000000001, -3.5));
#7716 = CARTESIAN_POINT ('', (49., 29.7500000000001, -3.5));
#7717 = CARTESIAN_POINT ('', (49., 23.7500000000001, -3.5));
#7718 = CARTESIAN_POINT ('', (49., 17.7500000000001, -3.5));
#7719 = CARTESIAN_POINT ('', (55., 17.7500000000001, -3.5));
#7720 = (
   BOUNDED_CURVE ()
   B_SPLINE_CURVE (2, (#7715, #7716, #7717, #7718, #7719), .UNSPECIFIED., .F., .U.)
   B_SPLINE_CURVE_WITH_KNOTS ((3, 2, 3), (0., 0.25, 0.5), .UNSPECIFIED.)
   CURVE ()
   GEOMETRIC_REPRESENTATION_ITEM ()
   RATIONAL_B_SPLINE_CURVE ((1., 0.707106781186548, 1., 0.707106781186548, 1.))
   REPRESENTATION_ITEM ('')
);
#7721 = EDGE_CURVE ('', #6894, #6887, #7720, .T.);
#7722 = ORIENTED_EDGE ('', *, *, #7721, .F.);
#7723 = ORIENTED_EDGE ('', *, *, #6901, .F.);
#7724 = EDGE_LOOP ('', (#7722, #7723));
#7725 = FACE_BOUND ('', #7724, .T.);
#7726 = CARTESIAN_POINT ('', (70., 29.7500000000001, -3.5));
#7727 = CARTESIAN_POINT ('', (64., 29.7500000000001, -3.5));
#7728 = CARTESIAN_POINT ('', (64., 23.7500000000001, -3.5));
#7729 = CARTESIAN_POINT ('', (64., 17.7500000000001, -3.5));
#7730 = CARTESIAN_POINT ('', (70., 17.7500000000001, -3.5));
#7731 = (
   BOUNDED_CURVE ()
   B_SPLINE_CURVE (2, (#7726, #7727, #7728, #7729, #7730), .UNSPECIFIED., .F., .U.)
   B_SPLINE_CURVE_WITH_KNOTS ((3, 2, 3), (0., 0.25, 0.5), .UNSPECIFIED.)
   CURVE ()
   GEOMETRIC_REPRESENTATION_ITEM ()
   RATIONAL_B_SPLINE_CURVE ((1., 0.707106781186548, 1., 0.707106781186548, 1.))
   REPRESENTATION_ITEM ('')
);
#7732 = EDGE_CURVE ('', #6857, #6850, #7731, .T.);
#7733 = ORIENTED_EDGE ('', *, *, #7732, .F.);
#7734 = ORIENTED_EDGE ('', *, *, #6864, .F.);
#7735 = EDGE_LOOP ('', (#7733, #7734));
#7736 = FACE_BOUND ('', #7735, .T.);
#7737 = CARTESIAN_POINT ('', (77.5, 17.0000000000001, -3.5));
#7738 = CARTESIAN_POINT ('', (71.5, 17.0000000000001, -3.5));
#7739 = CARTESIAN_POINT ('', (71.5, 11.0000000000001, -3.5));
#7740 = CARTESIAN_POINT ('', (71.5, 5.00000000000011, -3.5));
#7741 = CARTESIAN_POINT ('', (77.5, 5.00000000000011, -3.5));
#7742 = (
   BOUNDED_CURVE ()
   B_SPLINE_CURVE (2, (#7737, #7738, #7739, #7740, #7741), .UNSPECIFIED., .F., .U.)
   B_SPLINE_CURVE_WITH_KNOTS ((3, 2, 3), (0., 0.25, 0.5), .UNSPECIFIED.)
   CURVE ()
   GEOMETRIC_REPRESENTATION_ITEM ()
   RATIONAL_B_SPLINE_CURVE ((1., 0.707106781186548, 1., 0.707106781186548, 1.))
   REPRESENTATION_ITEM ('')
);
#7743 = EDGE_CURVE ('', #6820, #6813, #7742, .T.);
#7744 = ORIENTED_EDGE ('', *, *, #7743, .F.);
#7745 = ORIENTED_EDGE ('', *, *, #6827, .F.);
#7746 = EDGE_LOOP ('', (#7744, #7745));
#7747 = FACE_BOUND ('', #7746, .T.);
#7748 = CARTESIAN_POINT ('', (92.5, 17.0000000000001, -3.5));
#7749 = CARTESIAN_POINT ('', (86.5, 17.0000000000001, -3.5));
#7750 = CARTESIAN_POINT ('', (86.5, 11.0000000000001, -3.5));
#7751 = CARTESIAN_POINT ('', (86.5, 5.00000000000014, -3.5));
#7752 = CARTESIAN_POINT ('', (92.5, 5.00000000000014, -3.5));
#7753 = (
   BOUNDED_CURVE ()
   B_SPLINE_CURVE (2, (#7748, #7749, #7750, #7751, #7752), .UNSPECIFIED., .F., .U.)
   B_SPLINE_CURVE_WITH_KNOTS ((3, 2, 3), (0., 0.25, 0.5), .UNSPECIFIED.)
   CURVE ()
   GEOMETRIC_REPRESENTATION_ITEM ()
   RATIONAL_B_SPLINE_CURVE ((1., 0.707106781186548, 1., 0.707106781186548, 1.))
   REPRESENTATION_ITEM ('')
);
#7754 = EDGE_CURVE ('', #6783, #6776, #7753, .T.);
#7755 = ORIENTED_EDGE ('', *, *, #7754, .F.);
#7756 = ORIENTED_EDGE ('', *, *, #6790, .F.);
#7757 = EDGE_LOOP ('', (#7755, #7756));
#7758 = FACE_BOUND ('', #7757, .T.);
#7759 = CARTESIAN_POINT ('', (85., 29.7500000000001, -3.5));
#7760 = CARTESIAN_POINT ('', (79., 29.7500000000001, -3.5));
#7761 = CARTESIAN_POINT ('', (79., 23.7500000000001, -3.5));
#7762 = CARTESIAN_POINT ('', (79., 17.7500000000001, -3.5));
#7763 = CARTESIAN_POINT ('', (85., 17.7500000000001, -3.5));
#7764 = (
   BOUNDED_CURVE ()
   B_SPLINE_CURVE (2, (#7759, #7760, #7761, #7762, #7763), .UNSPECIFIED., .F., .U.)
   B_SPLINE_CURVE_WITH_KNOTS ((3, 2, 3), (0., 0.25, 0.5), .UNSPECIFIED.)
   CURVE ()
   GEOMETRIC_REPRESENTATION_ITEM ()
   RATIONAL_B_SPLINE_CURVE ((1., 0.707106781186548, 1., 0.707106781186548, 1.))
   REPRESENTATION_ITEM ('')
);
#7765 = EDGE_CURVE ('', #6746, #6739, #7764, .T.);
#7766 = ORIENTED_EDGE ('', *, *, #7765, .F.);
#7767 = ORIENTED_EDGE ('', *, *, #6753, .F.);
#7768 = EDGE_LOOP ('', (#7766, #7767));
#7769 = FACE_BOUND ('', #7768, .T.);
#7770 = CARTESIAN_POINT ('', (17.5, 42.5000000000001, -3.5));
#7771 = CARTESIAN_POINT ('', (11.5, 42.5000000000001, -3.5));
#7772 = CARTESIAN_POINT ('', (11.5, 36.5000000000001, -3.5));
#7773 = CARTESIAN_POINT ('', (11.5, 30.5000000000001, -3.5));
#7774 = CARTESIAN_POINT ('', (17.5, 30.5000000000001, -3.5));
#7775 = (
   BOUNDED_CURVE ()
   B_SPLINE_CURVE (2, (#7770, #7771, #7772, #7773, #7774), .UNSPECIFIED., .F., .U.)
   B_SPLINE_CURVE_WITH_KNOTS ((3, 2, 3), (0., 0.25, 0.5), .UNSPECIFIED.)
   CURVE ()
   GEOMETRIC_REPRESENTATION_ITEM ()
   RATIONAL_B_SPLINE_CURVE ((1., 0.707106781186548, 1., 0.707106781186548, 1.))
   REPRESENTATION_ITEM ('')
);
#7776 = EDGE_CURVE ('', #6709, #6702, #7775, .T.);
#7777 = ORIENTED_EDGE ('', *, *, #7776, .F.);
#7778 = ORIENTED_EDGE ('', *, *, #6716, .F.);
#7779 = EDGE_LOOP ('', (#7777, #7778));
#7780 = FACE_BOUND ('', #7779, .T.);
#7781 = CARTESIAN_POINT ('', (32.5, 42.5000000000001, -3.5));
#7782 = CARTESIAN_POINT ('', (26.5, 42.5000000000001, -3.5));
#7783 = CARTESIAN_POINT ('', (26.5, 36.5000000000001, -3.5));
#7784 = CARTESIAN_POINT ('', (26.5, 30.5000000000001, -3.5));
#7785 = CARTESIAN_POINT ('', (32.5, 30.5000000000001, -3.5));
#7786 = (
   BOUNDED_CURVE ()
   B_SPLINE_CURVE (2, (#7781, #7782, #7783, #7784, #7785), .UNSPECIFIED., .F., .U.)
   B_SPLINE_CURVE_WITH_KNOTS ((3, 2, 3), (0., 0.25, 0.5), .UNSPECIFIED.)
   CURVE ()
   GEOMETRIC_REPRESENTATION_ITEM ()
   RATIONAL_B_SPLINE_CURVE ((1., 0.707106781186548, 1., 0.707106781186548, 1.))
   REPRESENTATION_ITEM ('')
);
#7787 = EDGE_CURVE ('', #6672, #6665, #7786, .T.);
#7788 = ORIENTED_EDGE ('', *, *, #7787, .F.);
#7789 = ORIENTED_EDGE ('', *, *, #6679, .F.);
#7790 = EDGE_LOOP ('', (#7788, #7789));
#7791 = FACE_BOUND ('', #7790, .T.);
#7792 = CARTESIAN_POINT ('', (25., 55.2500000000001, -3.5));
#7793 = CARTESIAN_POINT ('', (19., 55.2500000000001, -3.5));
#7794 = CARTESIAN_POINT ('', (19., 49.2500000000001, -3.5));
#7795 = CARTESIAN_POINT ('', (19., 43.2500000000001, -3.5));
#7796 = CARTESIAN_POINT ('', (25., 43.2500000000001, -3.5));
#7797 = (
   BOUNDED_CURVE ()
   B_SPLINE_CURVE (2, (#7792, #7793, #7794, #7795, #7796), .UNSPECIFIED., .F., .U.)
   B_SPLINE_CURVE_WITH_KNOTS ((3, 2, 3), (0., 0.25, 0.5), .UNSPECIFIED.)
   CURVE ()
   GEOMETRIC_REPRESENTATION_ITEM ()
   RATIONAL_B_SPLINE_CURVE ((1., 0.707106781186548, 1., 0.707106781186548, 1.))
   REPRESENTATION_ITEM ('')
);
#7798 = EDGE_CURVE ('', #6635, #6628, #7797, .T.);
#7799 = ORIENTED_EDGE ('', *, *, #7798, .F.);
#7800 = ORIENTED_EDGE ('', *, *, #6642, .F.);
#7801 = EDGE_LOOP ('', (#7799, #7800));
#7802 = FACE_BOUND ('', #7801, .T.);
#7803 = CARTESIAN_POINT ('', (40., 55.2500000000001, -3.5));
#7804 = CARTESIAN_POINT ('', (34., 55.2500000000001, -3.5));
#7805 = CARTESIAN_POINT ('', (34., 49.2500000000001, -3.5));
#7806 = CARTESIAN_POINT ('', (34., 43.2500000000001, -3.5));
#7807 = CARTESIAN_POINT ('', (40., 43.2500000000001, -3.5));
#7808 = (
   BOUNDED_CURVE ()
   B_SPLINE_CURVE (2, (#7803, #7804, #7805, #7806, #7807), .UNSPECIFIED., .F., .U.)
   B_SPLINE_CURVE_WITH_KNOTS ((3, 2, 3), (0., 0.25, 0.5), .UNSPECIFIED.)
   CURVE ()
   GEOMETRIC_REPRESENTATION_ITEM ()
   RATIONAL_B_SPLINE_CURVE ((1., 0.707106781186548, 1., 0.707106781186548, 1.))
   REPRESENTATION_ITEM ('')
);
#7809 = EDGE_CURVE ('', #6598, #6591, #7808, .T.);
#7810 = ORIENTED_EDGE ('', *, *, #7809, .F.);
#7811 = ORIENTED_EDGE ('', *, *, #6605, .F.);
#7812 = EDGE_LOOP ('', (#7810, #7811));
#7813 = FACE_BOUND ('', #7812, .T.);
#7814 = CARTESIAN_POINT ('', (47.5, 42.5000000000001, -3.5));
#7815 = CARTESIAN_POINT ('', (41.5, 42.5000000000001, -3.5));
#7816 = CARTESIAN_POINT ('', (41.5, 36.5000000000001, -3.5));
#7817 = CARTESIAN_POINT ('', (41.5, 30.5000000000001, -3.5));
#7818 = CARTESIAN_POINT ('', (47.5, 30.5000000000001, -3.5));
#7819 = (
   BOUNDED_CURVE ()
   B_SPLINE_CURVE (2, (#7814, #7815, #7816, #7817, #7818), .UNSPECIFIED., .F., .U.)
   B_SPLINE_CURVE_WITH_KNOTS ((3, 2, 3), (0., 0.25, 0.5), .UNSPECIFIED.)
   CURVE ()
   GEOMETRIC_REPRESENTATION_ITEM ()
   RATIONAL_B_SPLINE_CURVE ((1., 0.707106781186548, 1., 0.707106781186548, 1.))
   REPRESENTATION_ITEM ('')
);
#7820 = EDGE_CURVE ('', #6561, #6554, #7819, .T.);
#7821 = ORIENTED_EDGE ('', *, *, #7820, .F.);
#7822 = ORIENTED_EDGE ('', *, *, #6568, .F.);
#7823 = EDGE_LOOP ('', (#7821, #7822));
#7824 = FACE_BOUND ('', #7823, .T.);
#7825 = CARTESIAN_POINT ('', (62.5, 42.5000000000001, -3.5));
#7826 = CARTESIAN_POINT ('', (56.5, 42.5000000000001, -3.5));
#7827 = CARTESIAN_POINT ('', (56.5, 36.5000000000001, -3.5));
#7828 = CARTESIAN_POINT ('', (56.5, 30.5000000000001, -3.5));
#7829 = CARTESIAN_POINT ('', (62.5, 30.5000000000001, -3.5));
#7830 = (
   BOUNDED_CURVE ()
   B_SPLINE_CURVE (2, (#7825, #7826, #7827, #7828, #7829), .UNSPECIFIED., .F., .U.)
   B_SPLINE_CURVE_WITH_KNOTS ((3, 2, 3), (0., 0.25, 0.5), .UNSPECIFIED.)
   CURVE ()
   GEOMETRIC_REPRESENTATION_ITEM ()
   RATIONAL_B_SPLINE_CURVE ((1., 0.707106781186548, 1., 0.707106781186548, 1.))
   REPRESENTATION_ITEM ('')
);
#7831 = EDGE_CURVE ('', #6524, #6517, #7830, .T.);
#7832 = ORIENTED_EDGE ('', *, *, #7831, .F.);
#7833 = ORIENTED_EDGE ('', *, *, #6531, .F.);
#7834 = EDGE_LOOP ('', (#7832, #7833));
#7835 = FACE_BOUND ('', #7834, .T.);
#7836 = CARTESIAN_POINT ('', (55., 55.2500000000001, -3.5));
#7837 = CARTESIAN_POINT ('', (49., 55.2500000000001, -3.5));
#7838 = CARTESIAN_POINT ('', (49., 49.2500000000001, -3.5));
#7839 = CARTESIAN_POINT ('', (49., 43.2500000000001, -3.5));
#7840 = CARTESIAN_POINT ('', (55., 43.2500000000001, -3.5));
#7841 = (
   BOUNDED_CURVE ()
   B_SPLINE_CURVE (2, (#7836, #7837, #7838, #7839, #7840), .UNSPECIFIED., .F., .U.)
   B_SPLINE_CURVE_WITH_KNOTS ((3, 2, 3), (0., 0.25, 0.5), .UNSPECIFIED.)
   CURVE ()
   GEOMETRIC_REPRESENTATION_ITEM ()
   RATIONAL_B_SPLINE_CURVE ((1., 0.707106781186548, 1., 0.707106781186548, 1.))
   REPRESENTATION_ITEM ('')
);
#7842 = EDGE_CURVE ('', #6487, #6480, #7841, .T.);
#7843 = ORIENTED_EDGE ('', *, *, #7842, .F.);
#7844 = ORIENTED_EDGE ('', *, *, #6494, .F.);
#7845 = EDGE_LOOP ('', (#7843, #7844));
#7846 = FACE_BOUND ('', #7845, .T.);
#7847 = CARTESIAN_POINT ('', (70., 55.2500000000001, -3.5));
#7848 = CARTESIAN_POINT ('', (64., 55.2500000000002, -3.5));
#7849 = CARTESIAN_POINT ('', (64., 49.2500000000002, -3.5));
#7850 = CARTESIAN_POINT ('', (63.9999999999999, 43.2500000000002, -3.5));
#7851 = CARTESIAN_POINT ('', (69.9999999999999, 43.2500000000001, -3.5));
#7852 = (
   BOUNDED_CURVE ()
   B_SPLINE_CURVE (2, (#7847, #7848, #7849, #7850, #7851), .UNSPECIFIED., .F., .U.)
   B_SPLINE_CURVE_WITH_KNOTS ((3, 2, 3), (0., 0.25, 0.5), .UNSPECIFIED.)
   CURVE ()
   GEOMETRIC_REPRESENTATION_ITEM ()
   RATIONAL_B_SPLINE_CURVE ((1., 0.707106781186548, 1., 0.707106781186548, 1.))
   REPRESENTATION_ITEM ('')
);
#7853 = EDGE_CURVE ('', #6450, #6443, #7852, .T.);
#7854 = ORIENTED_EDGE ('', *, *, #7853, .F.);
#7855 = ORIENTED_EDGE ('', *, *, #6457, .F.);
#7856 = EDGE_LOOP ('', (#7854, #7855));
#7857 = FACE_BOUND ('', #7856, .T.);
#7858 = CARTESIAN_POINT ('', (77.5, 42.5000000000001, -3.5));
#7859 = CARTESIAN_POINT ('', (71.5, 42.5000000000001, -3.5));
#7860 = CARTESIAN_POINT ('', (71.5, 36.5000000000001, -3.5));
#7861 = CARTESIAN_POINT ('', (71.5, 30.5000000000001, -3.5));
#7862 = CARTESIAN_POINT ('', (77.5, 30.5000000000001, -3.5));
#7863 = (
   BOUNDED_CURVE ()
   B_SPLINE_CURVE (2, (#7858, #7859, #7860, #7861, #7862), .UNSPECIFIED., .F., .U.)
   B_SPLINE_CURVE_WITH_KNOTS ((3, 2, 3), (0., 0.25, 0.5), .UNSPECIFIED.)
   CURVE ()
   GEOMETRIC_REPRESENTATION_ITEM ()
   RATIONAL_B_SPLINE_CURVE ((1., 0.707106781186548, 1., 0.707106781186548, 1.))
   REPRESENTATION_ITEM ('')
);
#7864 = EDGE_CURVE ('', #6413, #6406, #7863, .T.);
#7865 = ORIENTED_EDGE ('', *, *, #7864, .F.);
#7866 = ORIENTED_EDGE ('', *, *, #6420, .F.);
#7867 = EDGE_LOOP ('', (#7865, #7866));
#7868 = FACE_BOUND ('', #7867, .T.);
#7869 = CARTESIAN_POINT ('', (92.5, 42.5000000000001, -3.5));
#7870 = CARTESIAN_POINT ('', (86.5, 42.5000000000001, -3.5));
#7871 = CARTESIAN_POINT ('', (86.5, 36.5000000000001, -3.5));
#7872 = CARTESIAN_POINT ('', (86.5, 30.5000000000001, -3.5));
#7873 = CARTESIAN_POINT ('', (92.5, 30.5000000000001, -3.5));
#7874 = (
   BOUNDED_CURVE ()
   B_SPLINE_CURVE (2, (#7869, #7870, #7871, #7872, #7873), .UNSPECIFIED., .F., .U.)
   B_SPLINE_CURVE_WITH_KNOTS ((3, 2, 3), (0., 0.25, 0.5), .UNSPECIFIED.)
   CURVE ()
   GEOMETRIC_REPRESENTATION_ITEM ()
   RATIONAL_B_SPLINE_CURVE ((1., 0.707106781186548, 1., 0.707106781186548, 1.))
   REPRESENTATION_ITEM ('')
);
#7875 = EDGE_CURVE ('', #6376, #6369, #7874, .T.);
#7876 = ORIENTED_EDGE ('', *, *, #7875, .F.);
#7877 = ORIENTED_EDGE ('', *, *, #6383, .F.);
#7878 = EDGE_LOOP ('', (#7876, #7877));
#7879 = FACE_BOUND ('', #7878, .T.);
#7880 = CARTESIAN_POINT ('', (85., 55.2500000000001, -3.5));
#7881 = CARTESIAN_POINT ('', (79., 55.2500000000001, -3.5));
#7882 = CARTESIAN_POINT ('', (79., 49.2500000000001, -3.5));
#7883 = CARTESIAN_POINT ('', (79., 43.2500000000001, -3.5));
#7884 = CARTESIAN_POINT ('', (85., 43.2500000000001, -3.5));
#7885 = (
   BOUNDED_CURVE ()
   B_SPLINE_CURVE (2, (#7880, #7881, #7882, #7883, #7884), .UNSPECIFIED., .F., .U.)
   B_SPLINE_CURVE_WITH_KNOTS ((3, 2, 3), (0., 0.25, 0.5), .UNSPECIFIED.)
   CURVE ()
   GEOMETRIC_REPRESENTATION_ITEM ()
   RATIONAL_B_SPLINE_CURVE ((1., 0.707106781186548, 1., 0.707106781186548, 1.))
   REPRESENTATION_ITEM ('')
);
#7886 = EDGE_CURVE ('', #6339, #6332, #7885, .T.);
#7887 = ORIENTED_EDGE ('', *, *, #7886, .F.);
#7888 = ORIENTED_EDGE ('', *, *, #6346, .F.);
#7889 = EDGE_LOOP ('', (#7887, #7888));
#7890 = FACE_BOUND ('', #7889, .T.);
#7891 = CARTESIAN_POINT ('', (17.5, 68.0000000000001, -3.5));
#7892 = CARTESIAN_POINT ('', (11.5, 68.0000000000001, -3.5));
#7893 = CARTESIAN_POINT ('', (11.5, 62.0000000000001, -3.5));
#7894 = CARTESIAN_POINT ('', (11.5, 56.0000000000001, -3.5));
#7895 = CARTESIAN_POINT ('', (17.5, 56.0000000000001, -3.5));
#7896 = (
   BOUNDED_CURVE ()
   B_SPLINE_CURVE (2, (#7891, #7892, #7893, #7894, #7895), .UNSPECIFIED., .F., .U.)
   B_SPLINE_CURVE_WITH_KNOTS ((3, 2, 3), (0., 0.25, 0.5), .UNSPECIFIED.)
   CURVE ()
   GEOMETRIC_REPRESENTATION_ITEM ()
   RATIONAL_B_SPLINE_CURVE ((1., 0.707106781186548, 1., 0.707106781186548, 1.))
   REPRESENTATION_ITEM ('')
);
#7897 = EDGE_CURVE ('', #6302, #6295, #7896, .T.);
#7898 = ORIENTED_EDGE ('', *, *, #7897, .F.);
#7899 = ORIENTED_EDGE ('', *, *, #6309, .F.);
#7900 = EDGE_LOOP ('', (#7898, #7899));
#7901 = FACE_BOUND ('', #7900, .T.);
#7902 = CARTESIAN_POINT ('', (32.5, 68.0000000000001, -3.5));
#7903 = CARTESIAN_POINT ('', (26.5, 68.0000000000001, -3.5));
#7904 = CARTESIAN_POINT ('', (26.5, 62.0000000000001, -3.5));
#7905 = CARTESIAN_POINT ('', (26.5, 56.0000000000001, -3.5));
#7906 = CARTESIAN_POINT ('', (32.5, 56.0000000000001, -3.5));
#7907 = (
   BOUNDED_CURVE ()
   B_SPLINE_CURVE (2, (#7902, #7903, #7904, #7905, #7906), .UNSPECIFIED., .F., .U.)
   B_SPLINE_CURVE_WITH_KNOTS ((3, 2, 3), (0., 0.25, 0.5), .UNSPECIFIED.)
   CURVE ()
   GEOMETRIC_REPRESENTATION_ITEM ()
   RATIONAL_B_SPLINE_CURVE ((1., 0.707106781186548, 1., 0.707106781186548, 1.))
   REPRESENTATION_ITEM ('')
);
#7908 = EDGE_CURVE ('', #6265, #6258, #7907, .T.);
#7909 = ORIENTED_EDGE ('', *, *, #7908, .F.);
#7910 = ORIENTED_EDGE ('', *, *, #6272, .F.);
#7911 = EDGE_LOOP ('', (#7909, #7910));
#7912 = FACE_BOUND ('', #7911, .T.);
#7913 = CARTESIAN_POINT ('', (25., 80.7500000000001, -3.5));
#7914 = CARTESIAN_POINT ('', (19., 80.7500000000001, -3.5));
#7915 = CARTESIAN_POINT ('', (19., 74.7500000000001, -3.5));
#7916 = CARTESIAN_POINT ('', (19., 68.7500000000001, -3.5));
#7917 = CARTESIAN_POINT ('', (25., 68.7500000000001, -3.5));
#7918 = (
   BOUNDED_CURVE ()
   B_SPLINE_CURVE (2, (#7913, #7914, #7915, #7916, #7917), .UNSPECIFIED., .F., .U.)
   B_SPLINE_CURVE_WITH_KNOTS ((3, 2, 3), (0., 0.25, 0.5), .UNSPECIFIED.)
   CURVE ()
   GEOMETRIC_REPRESENTATION_ITEM ()
   RATIONAL_B_SPLINE_CURVE ((1., 0.707106781186548, 1., 0.707106781186548, 1.))
   REPRESENTATION_ITEM ('')
);
#7919 = EDGE_CURVE ('', #6228, #6221, #7918, .T.);
#7920 = ORIENTED_EDGE ('', *, *, #7919, .F.);
#7921 = ORIENTED_EDGE ('', *, *, #6235, .F.);
#7922 = EDGE_LOOP ('', (#7920, #7921));
#7923 = FACE_BOUND ('', #7922, .T.);
#7924 = CARTESIAN_POINT ('', (40., 80.7500000000001, -3.5));
#7925 = CARTESIAN_POINT ('', (34., 80.7500000000001, -3.5));
#7926 = CARTESIAN_POINT ('', (34., 74.7500000000001, -3.5));
#7927 = CARTESIAN_POINT ('', (34., 68.7500000000001, -3.5));
#7928 = CARTESIAN_POINT ('', (40., 68.7500000000001, -3.5));
#7929 = (
   BOUNDED_CURVE ()
   B_SPLINE_CURVE (2, (#7924, #7925, #7926, #7927, #7928), .UNSPECIFIED., .F., .U.)
   B_SPLINE_CURVE_WITH_KNOTS ((3, 2, 3), (0., 0.25, 0.5), .UNSPECIFIED.)
   CURVE ()
   GEOMETRIC_REPRESENTATION_ITEM ()
   RATIONAL_B_SPLINE_CURVE ((1., 0.707106781186548, 1., 0.707106781186548, 1.))
   REPRESENTATION_ITEM ('')
);
#7930 = EDGE_CURVE ('', #6191, #6184, #7929, .T.);
#7931 = ORIENTED_EDGE ('', *, *, #7930, .F.);
#7932 = ORIENTED_EDGE ('', *, *, #6198, .F.);
#7933 = EDGE_LOOP ('', (#7931, #7932));
#7934 = FACE_BOUND ('', #7933, .T.);
#7935 = CARTESIAN_POINT ('', (47.5, 68.0000000000001, -3.5));
#7936 = CARTESIAN_POINT ('', (41.5, 68.0000000000001, -3.5));
#7937 = CARTESIAN_POINT ('', (41.5, 62.0000000000001, -3.5));
#7938 = CARTESIAN_POINT ('', (41.5, 56.0000000000001, -3.5));
#7939 = CARTESIAN_POINT ('', (47.5, 56.0000000000001, -3.5));
#7940 = (
   BOUNDED_CURVE ()
   B_SPLINE_CURVE (2, (#7935, #7936, #7937, #7938, #7939), .UNSPECIFIED., .F., .U.)
   B_SPLINE_CURVE_WITH_KNOTS ((3, 2, 3), (0., 0.25, 0.5), .UNSPECIFIED.)
   CURVE ()
   GEOMETRIC_REPRESENTATION_ITEM ()
   RATIONAL_B_SPLINE_CURVE ((1., 0.707106781186548, 1., 0.707106781186548, 1.))
   REPRESENTATION_ITEM ('')
);
#7941 = EDGE_CURVE ('', #6154, #6147, #7940, .T.);
#7942 = ORIENTED_EDGE ('', *, *, #7941, .F.);
#7943 = ORIENTED_EDGE ('', *, *, #6161, .F.);
#7944 = EDGE_LOOP ('', (#7942, #7943));
#7945 = FACE_BOUND ('', #7944, .T.);
#7946 = CARTESIAN_POINT ('', (62.5, 68.0000000000001, -3.5));
#7947 = CARTESIAN_POINT ('', (56.5, 68.0000000000001, -3.5));
#7948 = CARTESIAN_POINT ('', (56.5, 62.0000000000001, -3.5));
#7949 = CARTESIAN_POINT ('', (56.5, 56.0000000000001, -3.5));
#7950 = CARTESIAN_POINT ('', (62.5, 56.0000000000001, -3.5));
#7951 = (
   BOUNDED_CURVE ()
   B_SPLINE_CURVE (2, (#7946, #7947, #7948, #7949, #7950), .UNSPECIFIED., .F., .U.)
   B_SPLINE_CURVE_WITH_KNOTS ((3, 2, 3), (0., 0.25, 0.5), .UNSPECIFIED.)
   CURVE ()
   GEOMETRIC_REPRESENTATION_ITEM ()
   RATIONAL_B_SPLINE_CURVE ((1., 0.707106781186548, 1., 0.707106781186548, 1.))
   REPRESENTATION_ITEM ('')
);
#7952 = EDGE_CURVE ('', #6117, #6110, #7951, .T.);
#7953 = ORIENTED_EDGE ('', *, *, #7952, .F.);
#7954 = ORIENTED_EDGE ('', *, *, #6124, .F.);
#7955 = EDGE_LOOP ('', (#7953, #7954));
#7956 = FACE_BOUND ('', #7955, .T.);
#7957 = CARTESIAN_POINT ('', (55., 80.7500000000001, -3.5));
#7958 = CARTESIAN_POINT ('', (49., 80.7500000000001, -3.5));
#7959 = CARTESIAN_POINT ('', (49., 74.7500000000001, -3.5));
#7960 = CARTESIAN_POINT ('', (49., 68.7500000000001, -3.5));
#7961 = CARTESIAN_POINT ('', (55., 68.7500000000001, -3.5));
#7962 = (
   BOUNDED_CURVE ()
   B_SPLINE_CURVE (2, (#7957, #7958, #7959, #7960, #7961), .UNSPECIFIED., .F., .U.)
   B_SPLINE_CURVE_WITH_KNOTS ((3, 2, 3), (0., 0.25, 0.5), .UNSPECIFIED.)
   CURVE ()
   GEOMETRIC_REPRESENTATION_ITEM ()
   RATIONAL_B_SPLINE_CURVE ((1., 0.707106781186548, 1., 0.707106781186548, 1.))
   REPRESENTATION_ITEM ('')
);
#7963 = EDGE_CURVE ('', #6080, #6073, #7962, .T.);
#7964 = ORIENTED_EDGE ('', *, *, #7963, .F.);
#7965 = ORIENTED_EDGE ('', *, *, #6087, .F.);
#7966 = EDGE_LOOP ('', (#7964, #7965));
#7967 = FACE_BOUND ('', #7966, .T.);
#7968 = CARTESIAN_POINT ('', (70., 80.7500000000001, -3.5));
#7969 = CARTESIAN_POINT ('', (64., 80.7500000000001, -3.5));
#7970 = CARTESIAN_POINT ('', (64., 74.7500000000001, -3.5));
#7971 = CARTESIAN_POINT ('', (64., 68.7500000000001, -3.5));
#7972 = CARTESIAN_POINT ('', (70., 68.7500000000001, -3.5));
#7973 = (
   BOUNDED_CURVE ()
   B_SPLINE_CURVE (2, (#7968, #7969, #7970, #7971, #7972), .UNSPECIFIED., .F., .U.)
   B_SPLINE_CURVE_WITH_KNOTS ((3, 2, 3), (0., 0.25, 0.5), .UNSPECIFIED.)
   CURVE ()
   GEOMETRIC_REPRESENTATION_ITEM ()
   RATIONAL_B_SPLINE_CURVE ((1., 0.707106781186548, 1., 0.707106781186548, 1.))
   REPRESENTATION_ITEM ('')
);
#7974 = EDGE_CURVE ('', #6043, #6036, #7973, .T.);
#7975 = ORIENTED_EDGE ('', *, *, #7974, .F.);
#7976 = ORIENTED_EDGE ('', *, *, #6050, .F.);
#7977 = EDGE_LOOP ('', (#7975, #7976));
#7978 = FACE_BOUND ('', #7977, .T.);
#7979 = CARTESIAN_POINT ('', (77.5, 68.0000000000001, -3.5));
#7980 = CARTESIAN_POINT ('', (71.5, 68.0000000000001, -3.5));
#7981 = CARTESIAN_POINT ('', (71.5, 62.0000000000001, -3.5));
#7982 = CARTESIAN_POINT ('', (71.5, 56.0000000000001, -3.5));
#7983 = CARTESIAN_POINT ('', (77.5, 56.0000000000001, -3.5));
#7984 = (
   BOUNDED_CURVE ()
   B_SPLINE_CURVE (2, (#7979, #7980, #7981, #7982, #7983), .UNSPECIFIED., .F., .U.)
   B_SPLINE_CURVE_WITH_KNOTS ((3, 2, 3), (0., 0.25, 0.5), .UNSPECIFIED.)
   CURVE ()
   GEOMETRIC_REPRESENTATION_ITEM ()
   RATIONAL_B_SPLINE_CURVE ((1., 0.707106781186548, 1., 0.707106781186548, 1.))
   REPRESENTATION_ITEM ('')
);
#7985 = EDGE_CURVE ('', #6006, #5999, #7984, .T.);
#7986 = ORIENTED_EDGE ('', *, *, #7985, .F.);
#7987 = ORIENTED_EDGE ('', *, *, #6013, .F.);
#7988 = EDGE_LOOP ('', (#7986, #7987));
#7989 = FACE_BOUND ('', #7988, .T.);
#7990 = CARTESIAN_POINT ('', (92.5, 68.0000000000001, -3.5));
#7991 = CARTESIAN_POINT ('', (86.5, 68.0000000000001, -3.5));
#7992 = CARTESIAN_POINT ('', (86.5, 62.0000000000001, -3.5));
#7993 = CARTESIAN_POINT ('', (86.5, 56.0000000000001, -3.5));
#7994 = CARTESIAN_POINT ('', (92.5, 56.0000000000001, -3.5));
#7995 = (
   BOUNDED_CURVE ()
   B_SPLINE_CURVE (2, (#7990, #7991, #7992, #7993, #7994), .UNSPECIFIED., .F., .U.)
   B_SPLINE_CURVE_WITH_KNOTS ((3, 2, 3), (0., 0.25, 0.5), .UNSPECIFIED.)
   CURVE ()
   GEOMETRIC_REPRESENTATION_ITEM ()
   RATIONAL_B_SPLINE_CURVE ((1., 0.707106781186548, 1., 0.707106781186548, 1.))
   REPRESENTATION_ITEM ('')
);
#7996 = EDGE_CURVE ('', #5969, #5962, #7995, .T.);
#7997 = ORIENTED_EDGE ('', *, *, #7996, .F.);
#7998 = ORIENTED_EDGE ('', *, *, #5976, .F.);
#7999 = EDGE_LOOP ('', (#7997, #7998));
#8000 = FACE_BOUND ('', #7999, .T.);
#8001 = CARTESIAN_POINT ('', (85., 80.7500000000001, -3.5));
#8002 = CARTESIAN_POINT ('', (79., 80.7500000000001, -3.5));
#8003 = CARTESIAN_POINT ('', (79., 74.7500000000001, -3.5));
#8004 = CARTESIAN_POINT ('', (79., 68.7500000000001, -3.5));
#8005 = CARTESIAN_POINT ('', (85., 68.7500000000001, -3.5));
#8006 = (
   BOUNDED_CURVE ()
   B_SPLINE_CURVE (2, (#8001, #8002, #8003, #8004, #8005), .UNSPECIFIED., .F., .U.)
   B_SPLINE_CURVE_WITH_KNOTS ((3, 2, 3), (0., 0.25, 0.5), .UNSPECIFIED.)
   CURVE ()
   GEOMETRIC_REPRESENTATION_ITEM ()
   RATIONAL_B_SPLINE_CURVE ((1., 0.707106781186548, 1., 0.707106781186548, 1.))
   REPRESENTATION_ITEM ('')
);
#8007 = EDGE_CURVE ('', #5932, #5925, #8006, .T.);
#8008 = ORIENTED_EDGE ('', *, *, #8007, .F.);
#8009 = ORIENTED_EDGE ('', *, *, #5939, .F.);
#8010 = EDGE_LOOP ('', (#8008, #8009));
#8011 = FACE_BOUND ('', #8010, .T.);
#8012 = CARTESIAN_POINT ('', (32.5, 93.5000000000001, -3.5));
#8013 = CARTESIAN_POINT ('', (26.5, 93.5000000000001, -3.5));
#8014 = CARTESIAN_POINT ('', (26.5, 87.5000000000001, -3.5));
#8015 = CARTESIAN_POINT ('', (26.5, 81.5000000000001, -3.5));
#8016 = CARTESIAN_POINT ('', (32.5, 81.5000000000001, -3.5));
#8017 = (
   BOUNDED_CURVE ()
   B_SPLINE_CURVE (2, (#8012, #8013, #8014, #8015, #8016), .UNSPECIFIED., .F., .U.)
   B_SPLINE_CURVE_WITH_KNOTS ((3, 2, 3), (0., 0.25, 0.5), .UNSPECIFIED.)
   CURVE ()
   GEOMETRIC_REPRESENTATION_ITEM ()
   RATIONAL_B_SPLINE_CURVE ((1., 0.707106781186548, 1., 0.707106781186548, 1.))
   REPRESENTATION_ITEM ('')
);
#8018 = EDGE_CURVE ('', #5895, #5888, #8017, .T.);
#8019 = ORIENTED_EDGE ('', *, *, #8018, .F.);
#8020 = ORIENTED_EDGE ('', *, *, #5902, .F.);
#8021 = EDGE_LOOP ('', (#8019, #8020));
#8022 = FACE_BOUND ('', #8021, .T.);
#8023 = CARTESIAN_POINT ('', (47.5, 93.5000000000001, -3.5));
#8024 = CARTESIAN_POINT ('', (41.5, 93.5000000000001, -3.5));
#8025 = CARTESIAN_POINT ('', (41.5, 87.5000000000001, -3.5));
#8026 = CARTESIAN_POINT ('', (41.5, 81.5000000000001, -3.5));
#8027 = CARTESIAN_POINT ('', (47.5, 81.5000000000001, -3.5));
#8028 = (
   BOUNDED_CURVE ()
   B_SPLINE_CURVE (2, (#8023, #8024, #8025, #8026, #8027), .UNSPECIFIED., .F., .U.)
   B_SPLINE_CURVE_WITH_KNOTS ((3, 2, 3), (0., 0.25, 0.5), .UNSPECIFIED.)
   CURVE ()
   GEOMETRIC_REPRESENTATION_ITEM ()
   RATIONAL_B_SPLINE_CURVE ((1., 0.707106781186548, 1., 0.707106781186548, 1.))
   REPRESENTATION_ITEM ('')
);
#8029 = EDGE_CURVE ('', #5858, #5851, #8028, .T.);
#8030 = ORIENTED_EDGE ('', *, *, #8029, .F.);
#8031 = ORIENTED_EDGE ('', *, *, #5865, .F.);
#8032 = EDGE_LOOP ('', (#8030, #8031));
#8033 = FACE_BOUND ('', #8032, .T.);
#8034 = CARTESIAN_POINT ('', (62.5, 93.5000000000001, -3.5));
#8035 = CARTESIAN_POINT ('', (56.5, 93.5000000000001, -3.5));
#8036 = CARTESIAN_POINT ('', (56.5, 87.5000000000001, -3.5));
#8037 = CARTESIAN_POINT ('', (56.5, 81.5000000000001, -3.5));
#8038 = CARTESIAN_POINT ('', (62.5, 81.5000000000001, -3.5));
#8039 = (
   BOUNDED_CURVE ()
   B_SPLINE_CURVE (2, (#8034, #8035, #8036, #8037, #8038), .UNSPECIFIED., .F., .U.)
   B_SPLINE_CURVE_WITH_KNOTS ((3, 2, 3), (0., 0.25, 0.5), .UNSPECIFIED.)
   CURVE ()
   GEOMETRIC_REPRESENTATION_ITEM ()
   RATIONAL_B_SPLINE_CURVE ((1., 0.707106781186548, 1., 0.707106781186548, 1.))
   REPRESENTATION_ITEM ('')
);
#8040 = EDGE_CURVE ('', #5821, #5814, #8039, .T.);
#8041 = ORIENTED_EDGE ('', *, *, #8040, .F.);
#8042 = ORIENTED_EDGE ('', *, *, #5828, .F.);
#8043 = EDGE_LOOP ('', (#8041, #8042));
#8044 = FACE_BOUND ('', #8043, .T.);
#8045 = CARTESIAN_POINT ('', (77.5, 93.5000000000001, -3.5));
#8046 = CARTESIAN_POINT ('', (71.5, 93.5000000000001, -3.5));
#8047 = CARTESIAN_POINT ('', (71.5, 87.5000000000001, -3.5));
#8048 = CARTESIAN_POINT ('', (71.5, 81.5000000000001, -3.5));
#8049 = CARTESIAN_POINT ('', (77.5, 81.5000000000001, -3.5));
#8050 = (
   BOUNDED_CURVE ()
   B_SPLINE_CURVE (2, (#8045, #8046, #8047, #8048, #8049), .UNSPECIFIED., .F., .U.)
   B_SPLINE_CURVE_WITH_KNOTS ((3, 2, 3), (0., 0.25, 0.5), .UNSPECIFIED.)
   CURVE ()
   GEOMETRIC_REPRESENTATION_ITEM ()
   RATIONAL_B_SPLINE_CURVE ((1., 0.707106781186548, 1., 0.707106781186548, 1.))
   REPRESENTATION_ITEM ('')
);
#8051 = EDGE_CURVE ('', #5784, #5777, #8050, .T.);
#8052 = ORIENTED_EDGE ('', *, *, #8051, .F.);
#8053 = ORIENTED_EDGE ('', *, *, #5791, .F.);
#8054 = EDGE_LOOP ('', (#8052, #8053));
#8055 = FACE_BOUND ('', #8054, .T.);
#8056 = CARTESIAN_POINT ('', (92.5, 93.5000000000001, -3.5));
#8057 = CARTESIAN_POINT ('', (86.5, 93.5000000000002, -3.5));
#8058 = CARTESIAN_POINT ('', (86.5, 87.5000000000002, -3.5));
#8059 = CARTESIAN_POINT ('', (86.5, 81.5000000000002, -3.5));
#8060 = CARTESIAN_POINT ('', (92.5, 81.5000000000001, -3.5));
#8061 = (
   BOUNDED_CURVE ()
   B_SPLINE_CURVE (2, (#8056, #8057, #8058, #8059, #8060), .UNSPECIFIED., .F., .U.)
   B_SPLINE_CURVE_WITH_KNOTS ((3, 2, 3), (0., 0.25, 0.5), .UNSPECIFIED.)
   CURVE ()
   GEOMETRIC_REPRESENTATION_ITEM ()
   RATIONAL_B_SPLINE_CURVE ((1., 0.707106781186548, 1., 0.707106781186548, 1.))
   REPRESENTATION_ITEM ('')
);
#8062 = EDGE_CURVE ('', #5747, #5740, #8061, .T.);
#8063 = ORIENTED_EDGE ('', *, *, #8062, .F.);
#8064 = ORIENTED_EDGE ('', *, *, #5754, .F.);
#8065 = EDGE_LOOP ('', (#8063, #8064));
#8066 = FACE_BOUND ('', #8065, .T.);
#8067 = CARTESIAN_POINT ('', (122.5, 68.0000000000001, -3.5));
#8068 = CARTESIAN_POINT ('', (116.5, 68.0000000000001, -3.5));
#8069 = CARTESIAN_POINT ('', (116.5, 62.0000000000001, -3.5));
#8070 = CARTESIAN_POINT ('', (116.5, 56.0000000000001, -3.5));
#8071 = CARTESIAN_POINT ('', (122.5, 56.0000000000001, -3.5));
#8072 = (
   BOUNDED_CURVE ()
   B_SPLINE_CURVE (2, (#8067, #8068, #8069, #8070, #8071), .UNSPECIFIED., .F., .U.)
   B_SPLINE_CURVE_WITH_KNOTS ((3, 2, 3), (0., 0.25, 0.5), .UNSPECIFIED.)
   CURVE ()
   GEOMETRIC_REPRESENTATION_ITEM ()
   RATIONAL_B_SPLINE_CURVE ((1., 0.707106781186548, 1., 0.707106781186548, 1.))
   REPRESENTATION_ITEM ('')
);
#8073 = EDGE_CURVE ('', #5710, #5703, #8072, .T.);
#8074 = ORIENTED_EDGE ('', *, *, #8073, .F.);
#8075 = ORIENTED_EDGE ('', *, *, #5717, .F.);
#8076 = EDGE_LOOP ('', (#8074, #8075));
#8077 = FACE_BOUND ('', #8076, .T.);
#8078 = CARTESIAN_POINT ('', (115., 80.7500000000001, -3.5));
#8079 = CARTESIAN_POINT ('', (109., 80.75, -3.5));
#8080 = CARTESIAN_POINT ('', (109., 74.75, -3.5));
#8081 = CARTESIAN_POINT ('', (109., 68.75, -3.5));
#8082 = CARTESIAN_POINT ('', (115., 68.7500000000001, -3.5));
#8083 = (
   BOUNDED_CURVE ()
   B_SPLINE_CURVE (2, (#8078, #8079, #8080, #8081, #8082), .UNSPECIFIED., .F., .U.)
   B_SPLINE_CURVE_WITH_KNOTS ((3, 2, 3), (0., 0.25, 0.5), .UNSPECIFIED.)
   CURVE ()
   GEOMETRIC_REPRESENTATION_ITEM ()
   RATIONAL_B_SPLINE_CURVE ((1., 0.707106781186548, 1., 0.707106781186548, 1.))
   REPRESENTATION_ITEM ('')
);
#8084 = EDGE_CURVE ('', #106, #99, #8083, .T.);
#8085 = ORIENTED_EDGE ('', *, *, #8084, .F.);
#8086 = ORIENTED_EDGE ('', *, *, #113, .F.);
#8087 = EDGE_LOOP ('', (#8085, #8086));
#8088 = FACE_BOUND ('', #8087, .T.);
#8089 = CARTESIAN_POINT ('', (107.5, 68.0000000000001, -3.5));
#8090 = CARTESIAN_POINT ('', (101.5, 68.0000000000001, -3.5));
#8091 = CARTESIAN_POINT ('', (101.5, 62.0000000000001, -3.5));
#8092 = CARTESIAN_POINT ('', (101.5, 56.0000000000001, -3.5));
#8093 = CARTESIAN_POINT ('', (107.5, 56.0000000000001, -3.5));
#8094 = (
   BOUNDED_CURVE ()
   B_SPLINE_CURVE (2, (#8089, #8090, #8091, #8092, #8093), .UNSPECIFIED., .F., .U.)
   B_SPLINE_CURVE_WITH_KNOTS ((3, 2, 3), (0., 0.25, 0.5), .UNSPECIFIED.)
   CURVE ()
   GEOMETRIC_REPRESENTATION_ITEM ()
   RATIONAL_B_SPLINE_CURVE ((1., 0.707106781186548, 1., 0.707106781186548, 1.))
   REPRESENTATION_ITEM ('')
);
#8095 = EDGE_CURVE ('', #5673, #5666, #8094, .T.);
#8096 = ORIENTED_EDGE ('', *, *, #8095, .F.);
#8097 = ORIENTED_EDGE ('', *, *, #5680, .F.);
#8098 = EDGE_LOOP ('', (#8096, #8097));
#8099 = FACE_BOUND ('', #8098, .T.);
#8100 = CARTESIAN_POINT ('', (122.5, 42.5000000000001, -3.5));
#8101 = CARTESIAN_POINT ('', (116.5, 42.5000000000001, -3.5));
#8102 = CARTESIAN_POINT ('', (116.5, 36.5000000000001, -3.5));
#8103 = CARTESIAN_POINT ('', (116.5, 30.5000000000001, -3.5));
#8104 = CARTESIAN_POINT ('', (122.5, 30.5000000000001, -3.5));
#8105 = (
   BOUNDED_CURVE ()
   B_SPLINE_CURVE (2, (#8100, #8101, #8102, #8103, #8104), .UNSPECIFIED., .F., .U.)
   B_SPLINE_CURVE_WITH_KNOTS ((3, 2, 3), (0., 0.25, 0.5), .UNSPECIFIED.)
   CURVE ()
   GEOMETRIC_REPRESENTATION_ITEM ()
   RATIONAL_B_SPLINE_CURVE ((1., 0.707106781186548, 1., 0.707106781186548, 1.))
   REPRESENTATION_ITEM ('')
);
#8106 = EDGE_CURVE ('', #5636, #5629, #8105, .T.);
#8107 = ORIENTED_EDGE ('', *, *, #8106, .F.);
#8108 = ORIENTED_EDGE ('', *, *, #5643, .F.);
#8109 = EDGE_LOOP ('', (#8107, #8108));
#8110 = FACE_BOUND ('', #8109, .T.);
#8111 = CARTESIAN_POINT ('', (107.5, 42.5000000000001, -3.5));
#8112 = CARTESIAN_POINT ('', (101.5, 42.5000000000001, -3.5));
#8113 = CARTESIAN_POINT ('', (101.5, 36.5000000000001, -3.5));
#8114 = CARTESIAN_POINT ('', (101.5, 30.5000000000001, -3.5));
#8115 = CARTESIAN_POINT ('', (107.5, 30.5000000000001, -3.5));
#8116 = (
   BOUNDED_CURVE ()
   B_SPLINE_CURVE (2, (#8111, #8112, #8113, #8114, #8115), .UNSPECIFIED., .F., .U.)
   B_SPLINE_CURVE_WITH_KNOTS ((3, 2, 3), (0., 0.25, 0.5), .UNSPECIFIED.)
   CURVE ()
   GEOMETRIC_REPRESENTATION_ITEM ()
   RATIONAL_B_SPLINE_CURVE ((1., 0.707106781186548, 1., 0.707106781186548, 1.))
   REPRESENTATION_ITEM ('')
);
#8117 = EDGE_CURVE ('', #5599, #5592, #8116, .T.);
#8118 = ORIENTED_EDGE ('', *, *, #8117, .F.);
#8119 = ORIENTED_EDGE ('', *, *, #5606, .F.);
#8120 = EDGE_LOOP ('', (#8118, #8119));
#8121 = FACE_BOUND ('', #8120, .T.);
#8122 = CARTESIAN_POINT ('', (115., 55.2500000000001, -3.5));
#8123 = CARTESIAN_POINT ('', (109., 55.2500000000001, -3.5));
#8124 = CARTESIAN_POINT ('', (109., 49.2500000000001, -3.5));
#8125 = CARTESIAN_POINT ('', (109., 43.2500000000001, -3.5));
#8126 = CARTESIAN_POINT ('', (115., 43.2500000000001, -3.5));
#8127 = (
   BOUNDED_CURVE ()
   B_SPLINE_CURVE (2, (#8122, #8123, #8124, #8125, #8126), .UNSPECIFIED., .F., .U.)
   B_SPLINE_CURVE_WITH_KNOTS ((3, 2, 3), (0., 0.25, 0.5), .UNSPECIFIED.)
   CURVE ()
   GEOMETRIC_REPRESENTATION_ITEM ()
   RATIONAL_B_SPLINE_CURVE ((1., 0.707106781186548, 1., 0.707106781186548, 1.))
   REPRESENTATION_ITEM ('')
);
#8128 = EDGE_CURVE ('', #5562, #5555, #8127, .T.);
#8129 = ORIENTED_EDGE ('', *, *, #8128, .F.);
#8130 = ORIENTED_EDGE ('', *, *, #5569, .F.);
#8131 = EDGE_LOOP ('', (#8129, #8130));
#8132 = FACE_BOUND ('', #8131, .T.);
#8133 = CARTESIAN_POINT ('', (100., 29.7500000000001, -3.5));
#8134 = CARTESIAN_POINT ('', (94., 29.7500000000002, -3.5));
#8135 = CARTESIAN_POINT ('', (94., 23.7500000000002, -3.5));
#8136 = CARTESIAN_POINT ('', (93.9999999999999, 17.7500000000002, -3.5));
#8137 = CARTESIAN_POINT ('', (99.9999999999999, 17.7500000000002, -3.5));
#8138 = (
   BOUNDED_CURVE ()
   B_SPLINE_CURVE (2, (#8133, #8134, #8135, #8136, #8137), .UNSPECIFIED., .F., .U.)
   B_SPLINE_CURVE_WITH_KNOTS ((3, 2, 3), (0., 0.25, 0.5), .UNSPECIFIED.)
   CURVE ()
   GEOMETRIC_REPRESENTATION_ITEM ()
   RATIONAL_B_SPLINE_CURVE ((1., 0.707106781186548, 1., 0.707106781186548, 1.))
   REPRESENTATION_ITEM ('')
);
#8139 = EDGE_CURVE ('', #5525, #5518, #8138, .T.);
#8140 = ORIENTED_EDGE ('', *, *, #8139, .F.);
#8141 = ORIENTED_EDGE ('', *, *, #5532, .F.);
#8142 = EDGE_LOOP ('', (#8140, #8141));
#8143 = FACE_BOUND ('', #8142, .T.);
#8144 = CARTESIAN_POINT ('', (115., 29.7500000000001, -3.5));
#8145 = CARTESIAN_POINT ('', (109., 29.7500000000001, -3.5));
#8146 = CARTESIAN_POINT ('', (109., 23.7500000000001, -3.5));
#8147 = CARTESIAN_POINT ('', (109., 17.7500000000001, -3.5));
#8148 = CARTESIAN_POINT ('', (115., 17.7500000000001, -3.5));
#8149 = (
   BOUNDED_CURVE ()
   B_SPLINE_CURVE (2, (#8144, #8145, #8146, #8147, #8148), .UNSPECIFIED., .F., .U.)
   B_SPLINE_CURVE_WITH_KNOTS ((3, 2, 3), (0., 0.25, 0.5), .UNSPECIFIED.)
   CURVE ()
   GEOMETRIC_REPRESENTATION_ITEM ()
   RATIONAL_B_SPLINE_CURVE ((1., 0.707106781186548, 1., 0.707106781186548, 1.))
   REPRESENTATION_ITEM ('')
);
#8150 = EDGE_CURVE ('', #5488, #5481, #8149, .T.);
#8151 = ORIENTED_EDGE ('', *, *, #8150, .F.);
#8152 = ORIENTED_EDGE ('', *, *, #5495, .F.);
#8153 = EDGE_LOOP ('', (#8151, #8152));
#8154 = FACE_BOUND ('', #8153, .T.);
#8155 = CARTESIAN_POINT ('', (107.5, 17.0000000000001, -3.5));
#8156 = CARTESIAN_POINT ('', (101.5, 17.0000000000001, -3.5));
#8157 = CARTESIAN_POINT ('', (101.5, 11.0000000000001, -3.5));
#8158 = CARTESIAN_POINT ('', (101.5, 5.00000000000014, -3.5));
#8159 = CARTESIAN_POINT ('', (107.5, 5.00000000000014, -3.5));
#8160 = (
   BOUNDED_CURVE ()
   B_SPLINE_CURVE (2, (#8155, #8156, #8157, #8158, #8159), .UNSPECIFIED., .F., .U.)
   B_SPLINE_CURVE_WITH_KNOTS ((3, 2, 3), (0., 0.25, 0.5), .UNSPECIFIED.)
   CURVE ()
   GEOMETRIC_REPRESENTATION_ITEM ()
   RATIONAL_B_SPLINE_CURVE ((1., 0.707106781186548, 1., 0.707106781186548, 1.))
   REPRESENTATION_ITEM ('')
);
#8161 = EDGE_CURVE ('', #5451, #5444, #8160, .T.);
#8162 = ORIENTED_EDGE ('', *, *, #8161, .F.);
#8163 = ORIENTED_EDGE ('', *, *, #5458, .F.);
#8164 = EDGE_LOOP ('', (#8162, #8163));
#8165 = FACE_BOUND ('', #8164, .T.);
#8166 = CARTESIAN_POINT ('', (100., 55.2500000000002, -3.5));
#8167 = CARTESIAN_POINT ('', (94., 55.2500000000002, -3.5));
#8168 = CARTESIAN_POINT ('', (94., 49.2500000000002, -3.5));
#8169 = CARTESIAN_POINT ('', (93.9999999999999, 43.2500000000002, -3.5));
#8170 = CARTESIAN_POINT ('', (99.9999999999999, 43.2500000000002, -3.5));
#8171 = (
   BOUNDED_CURVE ()
   B_SPLINE_CURVE (2, (#8166, #8167, #8168, #8169, #8170), .UNSPECIFIED., .F., .U.)
   B_SPLINE_CURVE_WITH_KNOTS ((3, 2, 3), (0., 0.25, 0.5), .UNSPECIFIED.)
   CURVE ()
   GEOMETRIC_REPRESENTATION_ITEM ()
   RATIONAL_B_SPLINE_CURVE ((1., 0.707106781186548, 1., 0.707106781186548, 1.))
   REPRESENTATION_ITEM ('')
);
#8172 = EDGE_CURVE ('', #5414, #5407, #8171, .T.);
#8173 = ORIENTED_EDGE ('', *, *, #8172, .F.);
#8174 = ORIENTED_EDGE ('', *, *, #5421, .F.);
#8175 = EDGE_LOOP ('', (#8173, #8174));
#8176 = FACE_BOUND ('', #8175, .T.);
#8177 = CARTESIAN_POINT ('', (100., 80.7500000000001, -3.5));
#8178 = CARTESIAN_POINT ('', (94., 80.7500000000001, -3.5));
#8179 = CARTESIAN_POINT ('', (94., 74.7500000000001, -3.5));
#8180 = CARTESIAN_POINT ('', (94., 68.7500000000001, -3.5));
#8181 = CARTESIAN_POINT ('', (100., 68.7500000000001, -3.5));
#8182 = (
   BOUNDED_CURVE ()
   B_SPLINE_CURVE (2, (#8177, #8178, #8179, #8180, #8181), .UNSPECIFIED., .F., .U.)
   B_SPLINE_CURVE_WITH_KNOTS ((3, 2, 3), (0., 0.25, 0.5), .UNSPECIFIED.)
   CURVE ()
   GEOMETRIC_REPRESENTATION_ITEM ()
   RATIONAL_B_SPLINE_CURVE ((1., 0.707106781186548, 1., 0.707106781186548, 1.))
   REPRESENTATION_ITEM ('')
);
#8183 = EDGE_CURVE ('', #5377, #5370, #8182, .T.);
#8184 = ORIENTED_EDGE ('', *, *, #8183, .F.);
#8185 = ORIENTED_EDGE ('', *, *, #5384, .F.);
#8186 = EDGE_LOOP ('', (#8184, #8185));
#8187 = FACE_BOUND ('', #8186, .T.);
#8188 = CARTESIAN_POINT ('', (131.5, -1.99999999999999, -3.5));
#8189 = CARTESIAN_POINT ('', (8.49999999999997, -1.99999999999999, -3.5));
#8190 = CARTESIAN_POINT ('', (131.5, 100.5, -3.5));
#8191 = CARTESIAN_POINT ('', (8.49999999999997, 100.5, -3.5));
#8192 = B_SPLINE_SURFACE_WITH_KNOTS ('', 1, 1, ((#8188, #8189), (#8190, #8191)), .UNSPECIFIED., .F., .F., .U., (2, 2), (2, 2), (0.352108190577603, 0.656957904703546), (0.350069561686429, 0.71588921863756), .UNSPECIFIED.);
#8193 = ADVANCED_FACE ('', (#7593, #7604, #7615, #7626, #7637, #7648, #7659, #7670, #7681, #7692, #7703, #7714, #7725, #7736, #7747, #7758, #7769, #7780, #7791, #7802, #7813, #7824, #7835, #7846, #7857, #7868, #7879, #7890, #7901, #7912, #7923, #7934, #7945, #7956, #7967, #7978, #7989, #8000, #8011, #8022, #8033, #8044, #8055, #8066, #8077, #8088, #8099, #8110, #8121, #8132, #8143, #8154, #8165, #8176, #8187), #8192, .T.);
#8194 = ORIENTED_EDGE ('', *, *, #103, .F.);
#8195 = ORIENTED_EDGE ('', *, *, #1136, .F.);
#8196 = ORIENTED_EDGE ('', *, *, #120, .T.);
#8197 = ORIENTED_EDGE ('', *, *, #8084, .T.);
#8198 = EDGE_LOOP ('', (#8194, #8195, #8196, #8197));
#8199 = FACE_OUTER_BOUND ('', #8198, .T.);
#8200 = CARTESIAN_POINT ('', (115., 80.7500000000001, -5.));
#8201 = CARTESIAN_POINT ('', (109., 80.7500000000001, -5.));
#8202 = CARTESIAN_POINT ('', (109., 74.7500000000001, -5.));
#8203 = CARTESIAN_POINT ('', (109., 68.7500000000001, -5.));
#8204 = CARTESIAN_POINT ('', (115., 68.7500000000001, -5.));
#8205 = CARTESIAN_POINT ('', (115., 80.7500000000001, -3.5));
#8206 = CARTESIAN_POINT ('', (109., 80.7500000000001, -3.5));
#8207 = CARTESIAN_POINT ('', (109., 74.7500000000001, -3.5));
#8208 = CARTESIAN_POINT ('', (109., 68.7500000000001, -3.5));
#8209 = CARTESIAN_POINT ('', (115., 68.7500000000001, -3.5));
#8210 = (
   BOUNDED_SURFACE ()
   B_SPLINE_SURFACE (1, 2, ((#8200, #8201, #8202, #8203, #8204), (#8205, #8206, #8207, #8208, #8209)), .UNSPECIFIED., .F., .F., .U.)
   B_SPLINE_SURFACE_WITH_KNOTS ((2, 2), (3, 2, 3), (0.0833333333333338, 0.916666666666667), (0., 0.25, 0.5), .UNSPECIFIED.)
   GEOMETRIC_REPRESENTATION_ITEM ()
   RATIONAL_B_SPLINE_SURFACE (((1., 0.707106781186548, 1., 0.707106781186548, 1.), (1., 0.707106781186548, 1., 0.707106781186548, 1.)))
   REPRESENTATION_ITEM ('')
   SURFACE ()
);
#8211 = ADVANCED_FACE ('', (#8199), #8210, .T.);
#8212 = ORIENTED_EDGE ('', *, *, #2290, .F.);
#8213 = ORIENTED_EDGE ('', *, *, #2239, .F.);
#8214 = ORIENTED_EDGE ('', *, *, #2445, .T.);
#8215 = ORIENTED_EDGE ('', *, *, #2668, .F.);
#8216 = EDGE_LOOP ('', (#8212, #8213, #8214, #8215));
#8217 = FACE_OUTER_BOUND ('', #8216, .T.);
#8218 = CARTESIAN_POINT ('', (130.5, 56., -5.));
#8219 = CARTESIAN_POINT ('', (130.500002599365, 56.0589198954861, -5.));
#8220 = CARTESIAN_POINT ('', (130.493040408131, 56.1796842064797, -5.));
#8221 = CARTESIAN_POINT ('', (130.458926940127, 56.3659698176233, -5.));
#8222 = CARTESIAN_POINT ('', (130.399110633766, 56.5529065832021, -5.));
#8223 = CARTESIAN_POINT ('', (130.312725234369, 56.735256235625, -5.));
#8224 = CARTESIAN_POINT ('', (130.200332200681, 56.9074435619957, -5.));
#8225 = CARTESIAN_POINT ('', (130.06404636069, 57.0640462960447, -5.));
#8226 = CARTESIAN_POINT ('', (129.907443387238, 57.2003322845043, -5.));
#8227 = CARTESIAN_POINT ('', (129.735256870009, 57.3127249637198, -5.));
#8228 = CARTESIAN_POINT ('', (129.552904220424, 57.3991116325408, -5.));
#8229 = CARTESIAN_POINT ('', (129.397132898698, 57.4489546184892, -5.));
#8230 = CARTESIAN_POINT ('', (129.272814968346, 57.4759887614147, -5.));
#8231 = CARTESIAN_POINT ('', (129.180354182216, 57.4900801158695, -5.));
#8232 = CARTESIAN_POINT ('', (129.08901268632, 57.4982630427395, -5.));
#8233 = CARTESIAN_POINT ('', (129., 57.5008684786306, -5.));
#8234 = CARTESIAN_POINT ('', (128.910987313679, 57.4982630427382, -5.));
#8235 = CARTESIAN_POINT ('', (128.819645817786, 57.4900801158751, -5.));
#8236 = CARTESIAN_POINT ('', (128.727185031646, 57.4759887613938, -5.));
#8237 = CARTESIAN_POINT ('', (128.602867101348, 57.4489546186003, -5.));
#8238 = CARTESIAN_POINT ('', (128.447095779198, 57.3991116316455, -5.));
#8239 = CARTESIAN_POINT ('', (128.264743131372, 57.3127249669884, -5.));
#8240 = CARTESIAN_POINT ('', (128.092556607617, 57.2003322723252, -5.));
#8241 = CARTESIAN_POINT ('', (127.935953658507, 57.0640463414927, -5.));
#8242 = CARTESIAN_POINT ('', (127.799667727675, 56.9074433923829, -5.));
#8243 = CARTESIAN_POINT ('', (127.687275033012, 56.7352568686283, -5.));
#8244 = CARTESIAN_POINT ('', (127.600888368354, 56.5529042208017, -5.));
#8245 = CARTESIAN_POINT ('', (127.5510453814, 56.3971328986516, -5.));
#8246 = CARTESIAN_POINT ('', (127.524011238606, 56.2728149683545, -5.));
#8247 = CARTESIAN_POINT ('', (127.509919884125, 56.1803541822141, -5.));
#8248 = CARTESIAN_POINT ('', (127.501736957262, 56.0890126863206, -5.));
#8249 = CARTESIAN_POINT ('', (127.5, 56.0296708954402, -5.));
#8250 = CARTESIAN_POINT ('', (127.5, 56., -5.));
#8251 = CARTESIAN_POINT ('', (129.999997638974, 56., -4.49999763897369));
#8252 = CARTESIAN_POINT ('', (129.99999937188, 56.0392798375831, -4.49999763897369));
#8253 = CARTESIAN_POINT ('', (129.995357922015, 56.1197891881604, -4.49999763897369));
#8254 = CARTESIAN_POINT ('', (129.972615663708, 56.2439793023726, -4.49999763897369));
#8255 = CARTESIAN_POINT ('', (129.932738220286, 56.3686035185167, -4.49999763897369));
#8256 = CARTESIAN_POINT ('', (129.875148089994, 56.4901696664437, -4.49999763897369));
#8257 = CARTESIAN_POINT ('', (129.800219577776, 56.6049609463317, -4.49999763897369));
#8258 = CARTESIAN_POINT ('', (129.709362565632, 56.7093625225356, -4.49999763897369));
#8259 = CARTESIAN_POINT ('', (129.604960829827, 56.8002196336588, -4.49999763897369));
#8260 = CARTESIAN_POINT ('', (129.490170089365, 56.8751479095611, -4.49999763897369));
#8261 = CARTESIAN_POINT ('', (129.368601943335, 56.9327388861342, -4.49999763897369));
#8262 = CARTESIAN_POINT ('', (129.264754640705, 56.9659674649795, -4.49999763897369));
#8263 = CARTESIAN_POINT ('', (129.181876216148, 56.9839901843776, -4.49999763897369));
#8264 = CARTESIAN_POINT ('', (129.120235837597, 56.9933843985008, -4.49999763897369));
#8265 = CARTESIAN_POINT ('', (129.059341650772, 56.9988396702007, -4.49999763897369));
#8266 = CARTESIAN_POINT ('', (129., 57.0005766233604, -4.49999763897369));
#8267 = CARTESIAN_POINT ('', (128.940658349227, 56.9988396701998, -4.49999763897369));
#8268 = CARTESIAN_POINT ('', (128.879764162405, 56.9933843985045, -4.49999763897369));
#8269 = CARTESIAN_POINT ('', (128.818123783846, 56.9839901843637, -4.49999763897369));
#8270 = CARTESIAN_POINT ('', (128.735245359326, 56.9659674650535, -4.49999763897369));
#8271 = CARTESIAN_POINT ('', (128.631398056413, 56.9327388855374, -4.49999763897369));
#8272 = CARTESIAN_POINT ('', (128.509829911555, 56.8751479117401, -4.49999763897369));
#8273 = CARTESIAN_POINT ('', (128.395039166743, 56.8002196255394, -4.49999763897369));
#8274 = CARTESIAN_POINT ('', (128.290637447166, 56.7093625528342, -4.49999763897369));
#8275 = CARTESIAN_POINT ('', (128.199780374461, 56.6049608332567, -4.49999763897369));
#8276 = CARTESIAN_POINT ('', (128.12485208826, 56.4901700884449, -4.49999763897369));
#8277 = CARTESIAN_POINT ('', (128.067261114462, 56.3686019435868, -4.49999763897369));
#8278 = CARTESIAN_POINT ('', (128.034032534946, 56.2647546406735, -4.49999763897369));
#8279 = CARTESIAN_POINT ('', (128.016009815636, 56.1818762161541, -4.49999763897369));
#8280 = CARTESIAN_POINT ('', (128.006615601495, 56.1202358375954, -4.49999763897369));
#8281 = CARTESIAN_POINT ('', (128.0011603298, 56.0593416507728, -4.49999763897369));
#8282 = CARTESIAN_POINT ('', (128.000002361026, 56.0197805502576, -4.49999763897369));
#8283 = CARTESIAN_POINT ('', (128.000002361026, 56., -4.49999763897369));
#8284 = B_SPLINE_SURFACE_WITH_KNOTS ('', 1, 3, ((#8218, #8219, #8220, #8221, #8222, #8223, #8224, #8225, #8226, #8227, #8228, #8229, #8230, #8231, #8232, #8233, #8234, #8235, #8236, #8237, #8238, #8239, #8240, #8241, #8242, #8243, #8244, #8245, #8246, #8247, #8248, #8249, #8250), (#8251, #8252, #8253, #8254, #8255, #8256, #8257, #8258, #8259, #8260, #8261, #8262, #8263, #8264, #8265, #8266, #8267, #8268, #8269, #8270, #8271, #8272, #8273, #8274, #8275, #8276, #8277, #8278, #8279, #8280, #8281, #8282, #8283)), .UNSPECIFIED., .F., .F., .U., (2, 2), (4, 1, 1, 1, 1, 1, 1, 1, 1, 1, 1, 1, 1, 1, 1, 1, 1, 1, 1, 1, 1, 1, 1, 1, 1, 1, 1, 1, 1, 1, 4), (0., 0.50000236102631), (0., 0.0208333333333336, 0.0416666666666659, 0.0624999999999998, 0.0833333333333341, 0.104166666666666, 0.125, 0.145833333333334, 0.166666666666667, 0.187500000000001, 0.208333333333334, 0.218749999999999, 0.229166666666666, 0.239583333333333, 0.25, 0.260416666666666, 0.270833333333333, 0.281249999999999, 0.291666666666664, 0.312499999999999, 0.333333333333329, 0.354166666666661, 0.374999999999995, 0.395833333333327, 0.41666666666666, 0.437499999999993, 0.458333333333324, 0.468749999999992, 0.479166666666657, 0.489583333333324, 0.5), .UNSPECIFIED.);
#8285 = ADVANCED_FACE ('', (#8217), #8284, .T.);
#8286 = ORIENTED_EDGE ('', *, *, #2523, .F.);
#8287 = ORIENTED_EDGE ('', *, *, #7612, .T.);
#8288 = ORIENTED_EDGE ('', *, *, #2675, .T.);
#8289 = ORIENTED_EDGE ('', *, *, #2440, .T.);
#8290 = EDGE_LOOP ('', (#8286, #8287, #8288, #8289));
#8291 = FACE_OUTER_BOUND ('', #8290, .T.);
#8292 = CARTESIAN_POINT ('', (128., 56., -3.5));
#8293 = CARTESIAN_POINT ('', (128., 56., -4.50000384541687));
#8294 = CARTESIAN_POINT ('', (128., 55., -3.5));
#8295 = CARTESIAN_POINT ('', (128., 55., -4.50000384541687));
#8296 = CARTESIAN_POINT ('', (129., 55., -3.5));
#8297 = CARTESIAN_POINT ('', (129., 55., -4.50000384541687));
#8298 = CARTESIAN_POINT ('', (130., 55., -3.5));
#8299 = CARTESIAN_POINT ('', (130., 55., -4.50000384541687));
#8300 = CARTESIAN_POINT ('', (130., 56., -3.5));
#8301 = CARTESIAN_POINT ('', (130., 56., -4.50000384541687));
#8302 = (
   BOUNDED_SURFACE ()
   B_SPLINE_SURFACE (2, 1, ((#8292, #8293), (#8294, #8295), (#8296, #8297), (#8298, #8299), (#8300, #8301)), .UNSPECIFIED., .F., .F., .U.)
   B_SPLINE_SURFACE_WITH_KNOTS ((3, 2, 3), (2, 2), (0.5, 0.75, 1.), (0., 0.666669230277915), .UNSPECIFIED.)
   GEOMETRIC_REPRESENTATION_ITEM ()
   RATIONAL_B_SPLINE_SURFACE (((1., 1.), (0.707106781186548, 0.707106781186548), (1., 1.), (0.707106781186548, 0.707106781186548), (1., 1.)))
   REPRESENTATION_ITEM ('')
   SURFACE ()
);
#8303 = ADVANCED_FACE ('', (#8291), #8302, .T.);
#8304 = ORIENTED_EDGE ('', *, *, #2704, .F.);
#8305 = ORIENTED_EDGE ('', *, *, #2161, .F.);
#8306 = ORIENTED_EDGE ('', *, *, #2859, .T.);
#8307 = ORIENTED_EDGE ('', *, *, #3082, .F.);
#8308 = EDGE_LOOP ('', (#8304, #8305, #8306, #8307));
#8309 = FACE_OUTER_BOUND ('', #8308, .T.);
#8310 = CARTESIAN_POINT ('', (130.5, 0.5, -5.));
#8311 = CARTESIAN_POINT ('', (130.500002599365, 0.558919895486121, -5.));
#8312 = CARTESIAN_POINT ('', (130.493040408131, 0.679684206479681, -5.));
#8313 = CARTESIAN_POINT ('', (130.458926940128, 0.865969817623367, -5.));
#8314 = CARTESIAN_POINT ('', (130.399110633766, 1.05290658320212, -5.));
#8315 = CARTESIAN_POINT ('', (130.312725234369, 1.23525623562498, -5.));
#8316 = CARTESIAN_POINT ('', (130.200332200681, 1.40744356199572, -5.));
#8317 = CARTESIAN_POINT ('', (130.06404636069, 1.56404629604472, -5.));
#8318 = CARTESIAN_POINT ('', (129.907443387238, 1.70033228450433, -5.));
#8319 = CARTESIAN_POINT ('', (129.735256870009, 1.81272496371983, -5.));
#8320 = CARTESIAN_POINT ('', (129.552904220424, 1.89911163254078, -5.));
#8321 = CARTESIAN_POINT ('', (129.397132898698, 1.94895461848921, -5.));
#8322 = CARTESIAN_POINT ('', (129.272814968346, 1.97598876141476, -5.));
#8323 = CARTESIAN_POINT ('', (129.180354182216, 1.99008011586954, -5.));
#8324 = CARTESIAN_POINT ('', (129.08901268632, 1.99826304273958, -5.));
#8325 = CARTESIAN_POINT ('', (129., 2.00086847863056, -5.));
#8326 = CARTESIAN_POINT ('', (128.910987313679, 1.99826304273818, -5.));
#8327 = CARTESIAN_POINT ('', (128.819645817786, 1.99008011587512, -5.));
#8328 = CARTESIAN_POINT ('', (128.727185031646, 1.97598876139384, -5.));
#8329 = CARTESIAN_POINT ('', (128.602867101348, 1.9489546186003, -5.));
#8330 = CARTESIAN_POINT ('', (128.447095779198, 1.89911163164555, -5.));
#8331 = CARTESIAN_POINT ('', (128.264743131372, 1.81272496698841, -5.));
#8332 = CARTESIAN_POINT ('', (128.092556607617, 1.70033227232519, -5.));
#8333 = CARTESIAN_POINT ('', (127.935953658507, 1.56404634149271, -5.));
#8334 = CARTESIAN_POINT ('', (127.799667727675, 1.40744339238289, -5.));
#8335 = CARTESIAN_POINT ('', (127.687275033012, 1.23525686862828, -5.));
#8336 = CARTESIAN_POINT ('', (127.600888368354, 1.05290422080176, -5.));
#8337 = CARTESIAN_POINT ('', (127.5510453814, 0.897132898651561, -5.));
#8338 = CARTESIAN_POINT ('', (127.524011238606, 0.772814968354479, -5.));
#8339 = CARTESIAN_POINT ('', (127.509919884125, 0.680354182214079, -5.));
#8340 = CARTESIAN_POINT ('', (127.501736957262, 0.58901268632061, -5.));
#8341 = CARTESIAN_POINT ('', (127.5, 0.529670895440243, -5.));
#8342 = CARTESIAN_POINT ('', (127.5, 0.5, -5.));
#8343 = CARTESIAN_POINT ('', (129.999997638974, 0.499999999999989, -4.49999763897368));
#8344 = CARTESIAN_POINT ('', (129.99999937188, 0.53927983758312, -4.49999763897368));
#8345 = CARTESIAN_POINT ('', (129.995357922015, 0.619789188160349, -4.49999763897368));
#8346 = CARTESIAN_POINT ('', (129.972615663708, 0.743979302372653, -4.49999763897368));
#8347 = CARTESIAN_POINT ('', (129.932738220286, 0.868603518516742, -4.49999763897368));
#8348 = CARTESIAN_POINT ('', (129.875148089994, 0.990169666443758, -4.49999763897368));
#8349 = CARTESIAN_POINT ('', (129.800219577776, 1.10496094633171, -4.49999763897368));
#8350 = CARTESIAN_POINT ('', (129.709362565632, 1.2093625225356, -4.49999763897368));
#8351 = CARTESIAN_POINT ('', (129.604960829827, 1.3002196336588, -4.49999763897368));
#8352 = CARTESIAN_POINT ('', (129.490170089365, 1.37514790956108, -4.49999763897368));
#8353 = CARTESIAN_POINT ('', (129.368601943335, 1.43273888613425, -4.49999763897368));
#8354 = CARTESIAN_POINT ('', (129.264754640705, 1.46596746497947, -4.49999763897368));
#8355 = CARTESIAN_POINT ('', (129.181876216148, 1.48399018437761, -4.49999763897368));
#8356 = CARTESIAN_POINT ('', (129.120235837597, 1.49338439850076, -4.49999763897368));
#8357 = CARTESIAN_POINT ('', (129.059341650772, 1.49883967020072, -4.49999763897368));
#8358 = CARTESIAN_POINT ('', (129., 1.50057662336037, -4.49999763897368));
#8359 = CARTESIAN_POINT ('', (128.940658349227, 1.49883967019979, -4.49999763897368));
#8360 = CARTESIAN_POINT ('', (128.879764162405, 1.49338439850448, -4.49999763897368));
#8361 = CARTESIAN_POINT ('', (128.818123783846, 1.48399018436367, -4.49999763897368));
#8362 = CARTESIAN_POINT ('', (128.735245359326, 1.46596746505352, -4.49999763897368));
#8363 = CARTESIAN_POINT ('', (128.631398056413, 1.43273888553743, -4.49999763897368));
#8364 = CARTESIAN_POINT ('', (128.509829911555, 1.37514791174013, -4.49999763897368));
#8365 = CARTESIAN_POINT ('', (128.395039166743, 1.30021962553938, -4.49999763897368));
#8366 = CARTESIAN_POINT ('', (128.290637447166, 1.20936255283418, -4.49999763897368));
#8367 = CARTESIAN_POINT ('', (128.199780374461, 1.10496083325675, -4.49999763897368));
#8368 = CARTESIAN_POINT ('', (128.12485208826, 0.990170088444953, -4.49999763897368));
#8369 = CARTESIAN_POINT ('', (128.067261114463, 0.868601943586875, -4.49999763897368));
#8370 = CARTESIAN_POINT ('', (128.034032534946, 0.764754640673535, -4.49999763897368));
#8371 = CARTESIAN_POINT ('', (128.016009815636, 0.681876216154084, -4.49999763897368));
#8372 = CARTESIAN_POINT ('', (128.006615601495, 0.620235837595384, -4.49999763897368));
#8373 = CARTESIAN_POINT ('', (128.0011603298, 0.559341650772854, -4.49999763897368));
#8374 = CARTESIAN_POINT ('', (128.000002361026, 0.51978055025763, -4.49999763897368));
#8375 = CARTESIAN_POINT ('', (128.000002361026, 0.499999999999978, -4.49999763897368));
#8376 = B_SPLINE_SURFACE_WITH_KNOTS ('', 1, 3, ((#8310, #8311, #8312, #8313, #8314, #8315, #8316, #8317, #8318, #8319, #8320, #8321, #8322, #8323, #8324, #8325, #8326, #8327, #8328, #8329, #8330, #8331, #8332, #8333, #8334, #8335, #8336, #8337, #8338, #8339, #8340, #8341, #8342), (#8343, #8344, #8345, #8346, #8347, #8348, #8349, #8350, #8351, #8352, #8353, #8354, #8355, #8356, #8357, #8358, #8359, #8360, #8361, #8362, #8363, #8364, #8365, #8366, #8367, #8368, #8369, #8370, #8371, #8372, #8373, #8374, #8375)), .UNSPECIFIED., .F., .F., .U., (2, 2), (4, 1, 1, 1, 1, 1, 1, 1, 1, 1, 1, 1, 1, 1, 1, 1, 1, 1, 1, 1, 1, 1, 1, 1, 1, 1, 1, 1, 1, 1, 4), (0., 0.500002361026319), (0., 0.0208333333333332, 0.0416666666666667, 0.0625, 0.0833333333333341, 0.104166666666666, 0.124999999999999, 0.145833333333334, 0.166666666666667, 0.1875, 0.208333333333334, 0.218749999999999, 0.229166666666666, 0.239583333333333, 0.25, 0.260416666666666, 0.270833333333333, 0.281249999999999, 0.291666666666665, 0.3125, 0.33333333333333, 0.354166666666662, 0.374999999999996, 0.395833333333328, 0.416666666666661, 0.437499999999994, 0.458333333333327, 0.468749999999993, 0.479166666666659, 0.489583333333326, 0.5), .UNSPECIFIED.);
#8377 = ADVANCED_FACE ('', (#8309), #8376, .T.);
#8378 = ORIENTED_EDGE ('', *, *, #2937, .F.);
#8379 = ORIENTED_EDGE ('', *, *, #7634, .T.);
#8380 = ORIENTED_EDGE ('', *, *, #3089, .T.);
#8381 = ORIENTED_EDGE ('', *, *, #2854, .T.);
#8382 = EDGE_LOOP ('', (#8378, #8379, #8380, #8381));
#8383 = FACE_OUTER_BOUND ('', #8382, .T.);
#8384 = CARTESIAN_POINT ('', (128., 0.5, -3.5));
#8385 = CARTESIAN_POINT ('', (128., 0.5, -4.50000384541688));
#8386 = CARTESIAN_POINT ('', (128., -0.5, -3.5));
#8387 = CARTESIAN_POINT ('', (128., -0.5, -4.50000384541688));
#8388 = CARTESIAN_POINT ('', (129., -0.5, -3.5));
#8389 = CARTESIAN_POINT ('', (129., -0.5, -4.50000384541688));
#8390 = CARTESIAN_POINT ('', (130., -0.5, -3.5));
#8391 = CARTESIAN_POINT ('', (130., -0.5, -4.50000384541688));
#8392 = CARTESIAN_POINT ('', (130., 0.5, -3.5));
#8393 = CARTESIAN_POINT ('', (130., 0.5, -4.50000384541688));
#8394 = (
   BOUNDED_SURFACE ()
   B_SPLINE_SURFACE (2, 1, ((#8384, #8385), (#8386, #8387), (#8388, #8389), (#8390, #8391), (#8392, #8393)), .UNSPECIFIED., .F., .F., .U.)
   B_SPLINE_SURFACE_WITH_KNOTS ((3, 2, 3), (2, 2), (0.5, 0.75, 1.), (0., 0.666669230277923), .UNSPECIFIED.)
   GEOMETRIC_REPRESENTATION_ITEM ()
   RATIONAL_B_SPLINE_SURFACE (((1., 1.), (0.707106781186548, 0.707106781186548), (1., 1.), (0.707106781186548, 0.707106781186548), (1., 1.)))
   REPRESENTATION_ITEM ('')
   SURFACE ()
);
#8395 = ADVANCED_FACE ('', (#8383), #8394, .T.);
#8396 = ORIENTED_EDGE ('', *, *, #3118, .F.);
#8397 = ORIENTED_EDGE ('', *, *, #2083, .F.);
#8398 = ORIENTED_EDGE ('', *, *, #3273, .T.);
#8399 = ORIENTED_EDGE ('', *, *, #3496, .F.);
#8400 = EDGE_LOOP ('', (#8396, #8397, #8398, #8399));
#8401 = FACE_OUTER_BOUND ('', #8400, .T.);
#8402 = CARTESIAN_POINT ('', (12.5, 0.5, -5.));
#8403 = CARTESIAN_POINT ('', (12.5000025993651, 0.558919895486124, -5.));
#8404 = CARTESIAN_POINT ('', (12.4930404081306, 0.679684206479679, -5.));
#8405 = CARTESIAN_POINT ('', (12.4589269401275, 0.865969817623369, -5.));
#8406 = CARTESIAN_POINT ('', (12.3991106337662, 1.05290658320212, -5.));
#8407 = CARTESIAN_POINT ('', (12.3127252343694, 1.23525623562499, -5.));
#8408 = CARTESIAN_POINT ('', (12.2003322006806, 1.40744356199571, -5.));
#8409 = CARTESIAN_POINT ('', (12.06404636069, 1.56404629604471, -5.));
#8410 = CARTESIAN_POINT ('', (11.9074433872384, 1.70033228450434, -5.));
#8411 = CARTESIAN_POINT ('', (11.7352568700089, 1.81272496371983, -5.));
#8412 = CARTESIAN_POINT ('', (11.5529042204236, 1.89911163254078, -5.));
#8413 = CARTESIAN_POINT ('', (11.3971328986985, 1.94895461848921, -5.));
#8414 = CARTESIAN_POINT ('', (11.2728149683456, 1.97598876141475, -5.));
#8415 = CARTESIAN_POINT ('', (11.1803541822164, 1.99008011586954, -5.));
#8416 = CARTESIAN_POINT ('', (11.08901268632, 1.99826304273958, -5.));
#8417 = CARTESIAN_POINT ('', (11.0000000000002, 2.00086847863056, -5.));
#8418 = CARTESIAN_POINT ('', (10.9109873136793, 1.99826304273818, -5.));
#8419 = CARTESIAN_POINT ('', (10.8196458177859, 1.99008011587512, -5.));
#8420 = CARTESIAN_POINT ('', (10.7271850316455, 1.97598876139384, -5.));
#8421 = CARTESIAN_POINT ('', (10.6028671013484, 1.94895461860031, -5.));
#8422 = CARTESIAN_POINT ('', (10.4470957791982, 1.89911163164554, -5.));
#8423 = CARTESIAN_POINT ('', (10.2647431313717, 1.81272496698842, -5.));
#8424 = CARTESIAN_POINT ('', (10.0925566076171, 1.70033227232519, -5.));
#8425 = CARTESIAN_POINT ('', (9.93595365850729, 1.5640463414927, -5.));
#8426 = CARTESIAN_POINT ('', (9.7996677276748, 1.40744339238289, -5.));
#8427 = CARTESIAN_POINT ('', (9.68727503301157, 1.23525686862828, -5.));
#8428 = CARTESIAN_POINT ('', (9.60088836835445, 1.05290422080176, -5.));
#8429 = CARTESIAN_POINT ('', (9.55104538139969, 0.89713289865156, -5.));
#8430 = CARTESIAN_POINT ('', (9.52401123860617, 0.772814968354479, -5.));
#8431 = CARTESIAN_POINT ('', (9.50991988412485, 0.680354182214074, -5.));
#8432 = CARTESIAN_POINT ('', (9.50173695726193, 0.589012686320652, -5.));
#8433 = CARTESIAN_POINT ('', (9.5, 0.529670895440226, -5.));
#8434 = CARTESIAN_POINT ('', (9.5, 0.5, -5.));
#8435 = CARTESIAN_POINT ('', (11.9999976389737, 0.499999999999997, -4.49999763897369));
#8436 = CARTESIAN_POINT ('', (11.9999993718797, 0.539279837583131, -4.49999763897369));
#8437 = CARTESIAN_POINT ('', (11.9953579220153, 0.619789188160358, -4.49999763897369));
#8438 = CARTESIAN_POINT ('', (11.9726156637084, 0.743979302372665, -4.49999763897369));
#8439 = CARTESIAN_POINT ('', (11.9327382202861, 0.868603518516751, -4.49999763897369));
#8440 = CARTESIAN_POINT ('', (11.8751480899937, 0.99016966644378, -4.49999763897369));
#8441 = CARTESIAN_POINT ('', (11.8002195777765, 1.10496094633172, -4.49999763897369));
#8442 = CARTESIAN_POINT ('', (11.7093625656323, 1.20936252253561, -4.49999763897369));
#8443 = CARTESIAN_POINT ('', (11.6049608298271, 1.30021963365882, -4.49999763897369));
#8444 = CARTESIAN_POINT ('', (11.4901700893654, 1.3751479095611, -4.49999763897369));
#8445 = CARTESIAN_POINT ('', (11.3686019433348, 1.43273888613427, -4.49999763897369));
#8446 = CARTESIAN_POINT ('', (11.2647546407048, 1.46596746497949, -4.49999763897369));
#8447 = CARTESIAN_POINT ('', (11.1818762161482, 1.48399018437764, -4.49999763897369));
#8448 = CARTESIAN_POINT ('', (11.120235837597, 1.49338439850079, -4.49999763897369));
#8449 = CARTESIAN_POINT ('', (11.0593416507725, 1.49883967020074, -4.49999763897369));
#8450 = CARTESIAN_POINT ('', (11.0000000000001, 1.5005766233604, -4.49999763897369));
#8451 = CARTESIAN_POINT ('', (10.940658349227, 1.49883967019981, -4.49999763897369));
#8452 = CARTESIAN_POINT ('', (10.8797641624046, 1.4933843985045, -4.49999763897369));
#8453 = CARTESIAN_POINT ('', (10.8181237838459, 1.48399018436369, -4.49999763897369));
#8454 = CARTESIAN_POINT ('', (10.7352453593264, 1.46596746505355, -4.49999763897369));
#8455 = CARTESIAN_POINT ('', (10.6313980564131, 1.43273888553744, -4.49999763897369));
#8456 = CARTESIAN_POINT ('', (10.509829911555, 1.37514791174016, -4.49999763897369));
#8457 = CARTESIAN_POINT ('', (10.3950391667432, 1.30021962553941, -4.49999763897369));
#8458 = CARTESIAN_POINT ('', (10.2906374471658, 1.2093625528342, -4.49999763897369));
#8459 = CARTESIAN_POINT ('', (10.1997803744606, 1.10496083325678, -4.49999763897369));
#8460 = CARTESIAN_POINT ('', (10.1248520882598, 0.990170088444979, -4.49999763897369));
#8461 = CARTESIAN_POINT ('', (10.0672611144625, 0.868601943586893, -4.49999763897369));
#8462 = CARTESIAN_POINT ('', (10.0340325349464, 0.764754640673554, -4.49999763897369));
#8463 = CARTESIAN_POINT ('', (10.0160098156363, 0.681876216154103, -4.49999763897369));
#8464 = CARTESIAN_POINT ('', (10.0066156014955, 0.620235837595399, -4.49999763897369));
#8465 = CARTESIAN_POINT ('', (10.0011603298003, 0.5593416507729, -4.49999763897369));
#8466 = CARTESIAN_POINT ('', (10.0000023610263, 0.519780550257636, -4.49999763897369));
#8467 = CARTESIAN_POINT ('', (10.0000023610263, 0.499999999999995, -4.49999763897369));
#8468 = B_SPLINE_SURFACE_WITH_KNOTS ('', 1, 3, ((#8402, #8403, #8404, #8405, #8406, #8407, #8408, #8409, #8410, #8411, #8412, #8413, #8414, #8415, #8416, #8417, #8418, #8419, #8420, #8421, #8422, #8423, #8424, #8425, #8426, #8427, #8428, #8429, #8430, #8431, #8432, #8433, #8434), (#8435, #8436, #8437, #8438, #8439, #8440, #8441, #8442, #8443, #8444, #8445, #8446, #8447, #8448, #8449, #8450, #8451, #8452, #8453, #8454, #8455, #8456, #8457, #8458, #8459, #8460, #8461, #8462, #8463, #8464, #8465, #8466, #8467)), .UNSPECIFIED., .F., .F., .U., (2, 2), (4, 1, 1, 1, 1, 1, 1, 1, 1, 1, 1, 1, 1, 1, 1, 1, 1, 1, 1, 1, 1, 1, 1, 1, 1, 1, 1, 1, 1, 1, 4), (0., 0.500002361026306), (0., 0.0208333333333332, 0.0416666666666665, 0.0624999999999997, 0.083333333333333, 0.104166666666666, 0.125, 0.145833333333333, 0.166666666666666, 0.1875, 0.208333333333333, 0.21875, 0.229166666666667, 0.239583333333333, 0.25, 0.260416666666666, 0.270833333333333, 0.28125, 0.291666666666666, 0.3125, 0.333333333333333, 0.354166666666666, 0.374999999999999, 0.395833333333332, 0.416666666666666, 0.437499999999999, 0.458333333333332, 0.468749999999998, 0.479166666666665, 0.489583333333332, 0.5), .UNSPECIFIED.);
#8469 = ADVANCED_FACE ('', (#8401), #8468, .T.);
#8470 = ORIENTED_EDGE ('', *, *, #3351, .F.);
#8471 = ORIENTED_EDGE ('', *, *, #7623, .T.);
#8472 = ORIENTED_EDGE ('', *, *, #3503, .T.);
#8473 = ORIENTED_EDGE ('', *, *, #3268, .T.);
#8474 = EDGE_LOOP ('', (#8470, #8471, #8472, #8473));
#8475 = FACE_OUTER_BOUND ('', #8474, .T.);
#8476 = CARTESIAN_POINT ('', (10., 0.5, -3.5));
#8477 = CARTESIAN_POINT ('', (10., 0.5, -4.50000384541688));
#8478 = CARTESIAN_POINT ('', (10., -0.5, -3.5));
#8479 = CARTESIAN_POINT ('', (10., -0.5, -4.50000384541688));
#8480 = CARTESIAN_POINT ('', (11., -0.5, -3.5));
#8481 = CARTESIAN_POINT ('', (11., -0.5, -4.50000384541688));
#8482 = CARTESIAN_POINT ('', (12., -0.5, -3.5));
#8483 = CARTESIAN_POINT ('', (12., -0.5, -4.50000384541688));
#8484 = CARTESIAN_POINT ('', (12., 0.5, -3.5));
#8485 = CARTESIAN_POINT ('', (12., 0.5, -4.50000384541688));
#8486 = (
   BOUNDED_SURFACE ()
   B_SPLINE_SURFACE (2, 1, ((#8476, #8477), (#8478, #8479), (#8480, #8481), (#8482, #8483), (#8484, #8485)), .UNSPECIFIED., .F., .F., .U.)
   B_SPLINE_SURFACE_WITH_KNOTS ((3, 2, 3), (2, 2), (0.5, 0.75, 1.), (0., 0.66666923027792), .UNSPECIFIED.)
   GEOMETRIC_REPRESENTATION_ITEM ()
   RATIONAL_B_SPLINE_SURFACE (((1., 1.), (0.707106781186548, 0.707106781186548), (1., 1.), (0.707106781186548, 0.707106781186548), (1., 1.)))
   REPRESENTATION_ITEM ('')
   SURFACE ()
);
#8487 = ADVANCED_FACE ('', (#8475), #8486, .T.);
#8488 = ORIENTED_EDGE ('', *, *, #3532, .F.);
#8489 = ORIENTED_EDGE ('', *, *, #2005, .F.);
#8490 = ORIENTED_EDGE ('', *, *, #3687, .T.);
#8491 = ORIENTED_EDGE ('', *, *, #3910, .F.);
#8492 = EDGE_LOOP ('', (#8488, #8489, #8490, #8491));
#8493 = FACE_OUTER_BOUND ('', #8492, .T.);
#8494 = CARTESIAN_POINT ('', (12.5, 56., -5.));
#8495 = CARTESIAN_POINT ('', (12.5000025993651, 56.0589198954861, -5.));
#8496 = CARTESIAN_POINT ('', (12.4930404081306, 56.1796842064796, -5.));
#8497 = CARTESIAN_POINT ('', (12.4589269401275, 56.3659698176234, -5.));
#8498 = CARTESIAN_POINT ('', (12.3991106337662, 56.5529065832021, -5.));
#8499 = CARTESIAN_POINT ('', (12.3127252343694, 56.735256235625, -5.));
#8500 = CARTESIAN_POINT ('', (12.2003322006806, 56.9074435619957, -5.));
#8501 = CARTESIAN_POINT ('', (12.06404636069, 57.0640462960447, -5.));
#8502 = CARTESIAN_POINT ('', (11.9074433872384, 57.2003322845043, -5.));
#8503 = CARTESIAN_POINT ('', (11.735256870009, 57.3127249637198, -5.));
#8504 = CARTESIAN_POINT ('', (11.5529042204236, 57.3991116325408, -5.));
#8505 = CARTESIAN_POINT ('', (11.3971328986985, 57.4489546184892, -5.));
#8506 = CARTESIAN_POINT ('', (11.2728149683456, 57.4759887614147, -5.));
#8507 = CARTESIAN_POINT ('', (11.1803541822164, 57.4900801158695, -5.));
#8508 = CARTESIAN_POINT ('', (11.08901268632, 57.4982630427396, -5.));
#8509 = CARTESIAN_POINT ('', (11.0000000000002, 57.5008684786305, -5.));
#8510 = CARTESIAN_POINT ('', (10.9109873136793, 57.4982630427382, -5.));
#8511 = CARTESIAN_POINT ('', (10.8196458177859, 57.4900801158751, -5.));
#8512 = CARTESIAN_POINT ('', (10.7271850316455, 57.4759887613938, -5.));
#8513 = CARTESIAN_POINT ('', (10.6028671013484, 57.4489546186003, -5.));
#8514 = CARTESIAN_POINT ('', (10.4470957791982, 57.3991116316455, -5.));
#8515 = CARTESIAN_POINT ('', (10.2647431313717, 57.3127249669884, -5.));
#8516 = CARTESIAN_POINT ('', (10.0925566076171, 57.2003322723252, -5.));
#8517 = CARTESIAN_POINT ('', (9.93595365850729, 57.0640463414927, -5.));
#8518 = CARTESIAN_POINT ('', (9.7996677276748, 56.9074433923829, -5.));
#8519 = CARTESIAN_POINT ('', (9.68727503301157, 56.7352568686283, -5.));
#8520 = CARTESIAN_POINT ('', (9.60088836835446, 56.5529042208018, -5.));
#8521 = CARTESIAN_POINT ('', (9.55104538139968, 56.3971328986516, -5.));
#8522 = CARTESIAN_POINT ('', (9.52401123860617, 56.2728149683545, -5.));
#8523 = CARTESIAN_POINT ('', (9.50991988412485, 56.1803541822141, -5.));
#8524 = CARTESIAN_POINT ('', (9.50173695726193, 56.0890126863206, -5.));
#8525 = CARTESIAN_POINT ('', (9.5, 56.0296708954402, -5.));
#8526 = CARTESIAN_POINT ('', (9.5, 56., -5.));
#8527 = CARTESIAN_POINT ('', (11.9999976389737, 56., -4.49999763897369));
#8528 = CARTESIAN_POINT ('', (11.9999993718797, 56.0392798375831, -4.49999763897369));
#8529 = CARTESIAN_POINT ('', (11.9953579220153, 56.1197891881603, -4.49999763897369));
#8530 = CARTESIAN_POINT ('', (11.9726156637084, 56.2439793023727, -4.49999763897369));
#8531 = CARTESIAN_POINT ('', (11.9327382202861, 56.3686035185167, -4.49999763897369));
#8532 = CARTESIAN_POINT ('', (11.8751480899937, 56.4901696664438, -4.49999763897369));
#8533 = CARTESIAN_POINT ('', (11.8002195777765, 56.6049609463317, -4.49999763897369));
#8534 = CARTESIAN_POINT ('', (11.7093625656323, 56.7093625225356, -4.49999763897369));
#8535 = CARTESIAN_POINT ('', (11.6049608298271, 56.8002196336588, -4.49999763897369));
#8536 = CARTESIAN_POINT ('', (11.4901700893654, 56.8751479095611, -4.49999763897369));
#8537 = CARTESIAN_POINT ('', (11.3686019433348, 56.9327388861342, -4.49999763897369));
#8538 = CARTESIAN_POINT ('', (11.2647546407048, 56.9659674649795, -4.49999763897369));
#8539 = CARTESIAN_POINT ('', (11.1818762161482, 56.9839901843776, -4.49999763897369));
#8540 = CARTESIAN_POINT ('', (11.120235837597, 56.9933843985008, -4.49999763897369));
#8541 = CARTESIAN_POINT ('', (11.0593416507725, 56.9988396702007, -4.49999763897369));
#8542 = CARTESIAN_POINT ('', (11.0000000000001, 57.0005766233604, -4.49999763897369));
#8543 = CARTESIAN_POINT ('', (10.940658349227, 56.9988396701998, -4.49999763897369));
#8544 = CARTESIAN_POINT ('', (10.8797641624046, 56.9933843985045, -4.49999763897369));
#8545 = CARTESIAN_POINT ('', (10.8181237838459, 56.9839901843637, -4.49999763897369));
#8546 = CARTESIAN_POINT ('', (10.7352453593264, 56.9659674650535, -4.49999763897369));
#8547 = CARTESIAN_POINT ('', (10.6313980564131, 56.9327388855374, -4.49999763897369));
#8548 = CARTESIAN_POINT ('', (10.509829911555, 56.8751479117401, -4.49999763897369));
#8549 = CARTESIAN_POINT ('', (10.3950391667432, 56.8002196255394, -4.49999763897369));
#8550 = CARTESIAN_POINT ('', (10.2906374471658, 56.7093625528342, -4.49999763897369));
#8551 = CARTESIAN_POINT ('', (10.1997803744606, 56.6049608332568, -4.49999763897369));
#8552 = CARTESIAN_POINT ('', (10.1248520882598, 56.490170088445, -4.49999763897369));
#8553 = CARTESIAN_POINT ('', (10.0672611144625, 56.3686019435869, -4.49999763897369));
#8554 = CARTESIAN_POINT ('', (10.0340325349464, 56.2647546406736, -4.49999763897369));
#8555 = CARTESIAN_POINT ('', (10.0160098156363, 56.1818762161541, -4.49999763897369));
#8556 = CARTESIAN_POINT ('', (10.0066156014955, 56.1202358375954, -4.49999763897369));
#8557 = CARTESIAN_POINT ('', (10.0011603298003, 56.0593416507729, -4.49999763897369));
#8558 = CARTESIAN_POINT ('', (10.0000023610263, 56.0197805502576, -4.49999763897369));
#8559 = CARTESIAN_POINT ('', (10.0000023610263, 56., -4.49999763897369));
#8560 = B_SPLINE_SURFACE_WITH_KNOTS ('', 1, 3, ((#8494, #8495, #8496, #8497, #8498, #8499, #8500, #8501, #8502, #8503, #8504, #8505, #8506, #8507, #8508, #8509, #8510, #8511, #8512, #8513, #8514, #8515, #8516, #8517, #8518, #8519, #8520, #8521, #8522, #8523, #8524, #8525, #8526), (#8527, #8528, #8529, #8530, #8531, #8532, #8533, #8534, #8535, #8536, #8537, #8538, #8539, #8540, #8541, #8542, #8543, #8544, #8545, #8546, #8547, #8548, #8549, #8550, #8551, #8552, #8553, #8554, #8555, #8556, #8557, #8558, #8559)), .UNSPECIFIED., .F., .F., .U., (2, 2), (4, 1, 1, 1, 1, 1, 1, 1, 1, 1, 1, 1, 1, 1, 1, 1, 1, 1, 1, 1, 1, 1, 1, 1, 1, 1, 1, 1, 1, 1, 4), (0., 0.500002361026309), (0., 0.0208333333333336, 0.0416666666666657, 0.0624999999999995, 0.083333333333333, 0.104166666666666, 0.125, 0.145833333333333, 0.166666666666667, 0.1875, 0.208333333333333, 0.21875, 0.229166666666667, 0.239583333333333, 0.25, 0.260416666666666, 0.270833333333333, 0.28125, 0.291666666666666, 0.312499999999999, 0.333333333333332, 0.354166666666665, 0.374999999999998, 0.395833333333331, 0.416666666666665, 0.437499999999998, 0.45833333333333, 0.468749999999998, 0.479166666666663, 0.48958333333333, 0.5), .UNSPECIFIED.);
#8561 = ADVANCED_FACE ('', (#8493), #8560, .T.);
#8562 = ORIENTED_EDGE ('', *, *, #3765, .F.);
#8563 = ORIENTED_EDGE ('', *, *, #7601, .T.);
#8564 = ORIENTED_EDGE ('', *, *, #3917, .T.);
#8565 = ORIENTED_EDGE ('', *, *, #3682, .T.);
#8566 = EDGE_LOOP ('', (#8562, #8563, #8564, #8565));
#8567 = FACE_OUTER_BOUND ('', #8566, .T.);
#8568 = CARTESIAN_POINT ('', (10., 56., -3.5));
#8569 = CARTESIAN_POINT ('', (10., 56., -4.50000384541689));
#8570 = CARTESIAN_POINT ('', (10., 55., -3.5));
#8571 = CARTESIAN_POINT ('', (10., 55., -4.50000384541689));
#8572 = CARTESIAN_POINT ('', (11., 55., -3.5));
#8573 = CARTESIAN_POINT ('', (11., 55., -4.50000384541689));
#8574 = CARTESIAN_POINT ('', (12., 55., -3.5));
#8575 = CARTESIAN_POINT ('', (12., 55., -4.50000384541689));
#8576 = CARTESIAN_POINT ('', (12., 56., -3.5));
#8577 = CARTESIAN_POINT ('', (12., 56., -4.50000384541689));
#8578 = (
   BOUNDED_SURFACE ()
   B_SPLINE_SURFACE (2, 1, ((#8568, #8569), (#8570, #8571), (#8572, #8573), (#8574, #8575), (#8576, #8577)), .UNSPECIFIED., .F., .F., .U.)
   B_SPLINE_SURFACE_WITH_KNOTS ((3, 2, 3), (2, 2), (0.5, 0.75, 1.), (0., 0.666669230277924), .UNSPECIFIED.)
   GEOMETRIC_REPRESENTATION_ITEM ()
   RATIONAL_B_SPLINE_SURFACE (((1., 1.), (0.707106781186548, 0.707106781186548), (1., 1.), (0.707106781186548, 0.707106781186548), (1., 1.)))
   REPRESENTATION_ITEM ('')
   SURFACE ()
);
#8579 = ADVANCED_FACE ('', (#8567), #8578, .T.);
#8580 = ORIENTED_EDGE ('', *, *, #3946, .F.);
#8581 = ORIENTED_EDGE ('', *, *, #1927, .F.);
#8582 = ORIENTED_EDGE ('', *, *, #4101, .T.);
#8583 = ORIENTED_EDGE ('', *, *, #4324, .F.);
#8584 = EDGE_LOOP ('', (#8580, #8581, #8582, #8583));
#8585 = FACE_OUTER_BOUND ('', #8584, .T.);
#8586 = CARTESIAN_POINT ('', (130.5, 98., -5.));
#8587 = CARTESIAN_POINT ('', (130.500002599365, 98.0589198954861, -5.));
#8588 = CARTESIAN_POINT ('', (130.493040408131, 98.1796842064797, -5.));
#8589 = CARTESIAN_POINT ('', (130.458926940128, 98.3659698176234, -5.));
#8590 = CARTESIAN_POINT ('', (130.399110633766, 98.5529065832021, -5.));
#8591 = CARTESIAN_POINT ('', (130.312725234369, 98.735256235625, -5.));
#8592 = CARTESIAN_POINT ('', (130.200332200681, 98.9074435619957, -5.));
#8593 = CARTESIAN_POINT ('', (130.06404636069, 99.0640462960447, -5.));
#8594 = CARTESIAN_POINT ('', (129.907443387238, 99.2003322845043, -5.));
#8595 = CARTESIAN_POINT ('', (129.735256870009, 99.3127249637198, -5.));
#8596 = CARTESIAN_POINT ('', (129.552904220424, 99.3991116325407, -5.));
#8597 = CARTESIAN_POINT ('', (129.397132898699, 99.4489546184892, -5.));
#8598 = CARTESIAN_POINT ('', (129.272814968346, 99.4759887614148, -5.));
#8599 = CARTESIAN_POINT ('', (129.180354182216, 99.4900801158695, -5.));
#8600 = CARTESIAN_POINT ('', (129.08901268632, 99.4982630427396, -5.));
#8601 = CARTESIAN_POINT ('', (129., 99.5008684786305, -5.));
#8602 = CARTESIAN_POINT ('', (128.910987313679, 99.4982630427382, -5.));
#8603 = CARTESIAN_POINT ('', (128.819645817786, 99.4900801158751, -5.));
#8604 = CARTESIAN_POINT ('', (128.727185031646, 99.4759887613939, -5.));
#8605 = CARTESIAN_POINT ('', (128.602867101348, 99.4489546186003, -5.));
#8606 = CARTESIAN_POINT ('', (128.447095779198, 99.3991116316456, -5.));
#8607 = CARTESIAN_POINT ('', (128.264743131372, 99.3127249669884, -5.));
#8608 = CARTESIAN_POINT ('', (128.092556607617, 99.2003322723252, -5.));
#8609 = CARTESIAN_POINT ('', (127.935953658507, 99.0640463414927, -5.));
#8610 = CARTESIAN_POINT ('', (127.799667727675, 98.9074433923829, -5.));
#8611 = CARTESIAN_POINT ('', (127.687275033012, 98.7352568686283, -5.));
#8612 = CARTESIAN_POINT ('', (127.600888368354, 98.5529042208018, -5.));
#8613 = CARTESIAN_POINT ('', (127.5510453814, 98.3971328986516, -5.));
#8614 = CARTESIAN_POINT ('', (127.524011238606, 98.2728149683545, -5.));
#8615 = CARTESIAN_POINT ('', (127.509919884125, 98.1803541822141, -5.));
#8616 = CARTESIAN_POINT ('', (127.501736957262, 98.0890126863207, -5.));
#8617 = CARTESIAN_POINT ('', (127.5, 98.0296708954402, -5.));
#8618 = CARTESIAN_POINT ('', (127.5, 98., -5.));
#8619 = CARTESIAN_POINT ('', (129.999997638974, 98., -4.49999763897368));
#8620 = CARTESIAN_POINT ('', (129.99999937188, 98.0392798375831, -4.49999763897368));
#8621 = CARTESIAN_POINT ('', (129.995357922015, 98.1197891881604, -4.49999763897368));
#8622 = CARTESIAN_POINT ('', (129.972615663708, 98.2439793023727, -4.49999763897368));
#8623 = CARTESIAN_POINT ('', (129.932738220286, 98.3686035185167, -4.49999763897368));
#8624 = CARTESIAN_POINT ('', (129.875148089994, 98.4901696664438, -4.49999763897368));
#8625 = CARTESIAN_POINT ('', (129.800219577776, 98.6049609463317, -4.49999763897368));
#8626 = CARTESIAN_POINT ('', (129.709362565632, 98.7093625225356, -4.49999763897368));
#8627 = CARTESIAN_POINT ('', (129.604960829827, 98.8002196336588, -4.49999763897368));
#8628 = CARTESIAN_POINT ('', (129.490170089365, 98.8751479095611, -4.49999763897368));
#8629 = CARTESIAN_POINT ('', (129.368601943335, 98.9327388861342, -4.49999763897368));
#8630 = CARTESIAN_POINT ('', (129.264754640705, 98.9659674649795, -4.49999763897368));
#8631 = CARTESIAN_POINT ('', (129.181876216148, 98.9839901843776, -4.49999763897368));
#8632 = CARTESIAN_POINT ('', (129.120235837597, 98.9933843985008, -4.49999763897368));
#8633 = CARTESIAN_POINT ('', (129.059341650772, 98.9988396702007, -4.49999763897368));
#8634 = CARTESIAN_POINT ('', (129., 99.0005766233604, -4.49999763897368));
#8635 = CARTESIAN_POINT ('', (128.940658349227, 98.9988396701998, -4.49999763897368));
#8636 = CARTESIAN_POINT ('', (128.879764162405, 98.9933843985045, -4.49999763897368));
#8637 = CARTESIAN_POINT ('', (128.818123783846, 98.9839901843637, -4.49999763897368));
#8638 = CARTESIAN_POINT ('', (128.735245359326, 98.9659674650535, -4.49999763897368));
#8639 = CARTESIAN_POINT ('', (128.631398056413, 98.9327388855374, -4.49999763897368));
#8640 = CARTESIAN_POINT ('', (128.509829911555, 98.8751479117401, -4.49999763897368));
#8641 = CARTESIAN_POINT ('', (128.395039166743, 98.8002196255394, -4.49999763897368));
#8642 = CARTESIAN_POINT ('', (128.290637447166, 98.7093625528342, -4.49999763897368));
#8643 = CARTESIAN_POINT ('', (128.199780374461, 98.6049608332568, -4.49999763897368));
#8644 = CARTESIAN_POINT ('', (128.12485208826, 98.490170088445, -4.49999763897368));
#8645 = CARTESIAN_POINT ('', (128.067261114463, 98.3686019435869, -4.49999763897368));
#8646 = CARTESIAN_POINT ('', (128.034032534946, 98.2647546406736, -4.49999763897368));
#8647 = CARTESIAN_POINT ('', (128.016009815636, 98.1818762161541, -4.49999763897368));
#8648 = CARTESIAN_POINT ('', (128.006615601495, 98.1202358375954, -4.49999763897368));
#8649 = CARTESIAN_POINT ('', (128.0011603298, 98.0593416507729, -4.49999763897368));
#8650 = CARTESIAN_POINT ('', (128.000002361026, 98.0197805502576, -4.49999763897368));
#8651 = CARTESIAN_POINT ('', (128.000002361026, 98., -4.49999763897368));
#8652 = B_SPLINE_SURFACE_WITH_KNOTS ('', 1, 3, ((#8586, #8587, #8588, #8589, #8590, #8591, #8592, #8593, #8594, #8595, #8596, #8597, #8598, #8599, #8600, #8601, #8602, #8603, #8604, #8605, #8606, #8607, #8608, #8609, #8610, #8611, #8612, #8613, #8614, #8615, #8616, #8617, #8618), (#8619, #8620, #8621, #8622, #8623, #8624, #8625, #8626, #8627, #8628, #8629, #8630, #8631, #8632, #8633, #8634, #8635, #8636, #8637, #8638, #8639, #8640, #8641, #8642, #8643, #8644, #8645, #8646, #8647, #8648, #8649, #8650, #8651)), .UNSPECIFIED., .F., .F., .U., (2, 2), (4, 1, 1, 1, 1, 1, 1, 1, 1, 1, 1, 1, 1, 1, 1, 1, 1, 1, 1, 1, 1, 1, 1, 1, 1, 1, 1, 1, 1, 1, 4), (0., 0.500002361026317), (0., 0.0208333333333351, 0.0416666666666666, 0.0624999999999997, 0.0833333333333339, 0.104166666666666, 0.125, 0.145833333333334, 0.166666666666667, 0.1875, 0.208333333333334, 0.218749999999999, 0.229166666666667, 0.239583333333333, 0.25, 0.260416666666667, 0.270833333333334, 0.281250000000001, 0.291666666666667, 0.312500000000002, 0.333333333333333, 0.354166666666664, 0.375, 0.395833333333333, 0.416666666666667, 0.437500000000001, 0.458333333333332, 0.468750000000001, 0.479166666666667, 0.489583333333334, 0.5), .UNSPECIFIED.);
#8653 = ADVANCED_FACE ('', (#8585), #8652, .T.);
#8654 = ORIENTED_EDGE ('', *, *, #4179, .F.);
#8655 = ORIENTED_EDGE ('', *, *, #7645, .T.);
#8656 = ORIENTED_EDGE ('', *, *, #4331, .T.);
#8657 = ORIENTED_EDGE ('', *, *, #4096, .T.);
#8658 = EDGE_LOOP ('', (#8654, #8655, #8656, #8657));
#8659 = FACE_OUTER_BOUND ('', #8658, .T.);
#8660 = CARTESIAN_POINT ('', (128., 98., -3.5));
#8661 = CARTESIAN_POINT ('', (128., 98., -4.50000384541688));
#8662 = CARTESIAN_POINT ('', (128., 97., -3.5));
#8663 = CARTESIAN_POINT ('', (128., 97., -4.50000384541688));
#8664 = CARTESIAN_POINT ('', (129., 97., -3.5));
#8665 = CARTESIAN_POINT ('', (129., 97., -4.50000384541688));
#8666 = CARTESIAN_POINT ('', (130., 97., -3.5));
#8667 = CARTESIAN_POINT ('', (130., 97., -4.50000384541688));
#8668 = CARTESIAN_POINT ('', (130., 98., -3.5));
#8669 = CARTESIAN_POINT ('', (130., 98., -4.50000384541688));
#8670 = (
   BOUNDED_SURFACE ()
   B_SPLINE_SURFACE (2, 1, ((#8660, #8661), (#8662, #8663), (#8664, #8665), (#8666, #8667), (#8668, #8669)), .UNSPECIFIED., .F., .F., .U.)
   B_SPLINE_SURFACE_WITH_KNOTS ((3, 2, 3), (2, 2), (0.5, 0.75, 1.), (0., 0.666669230277918), .UNSPECIFIED.)
   GEOMETRIC_REPRESENTATION_ITEM ()
   RATIONAL_B_SPLINE_SURFACE (((1., 1.), (0.707106781186548, 0.707106781186548), (1., 1.), (0.707106781186548, 0.707106781186548), (1., 1.)))
   REPRESENTATION_ITEM ('')
   SURFACE ()
);
#8671 = ADVANCED_FACE ('', (#8659), #8670, .T.);
#8672 = ORIENTED_EDGE ('', *, *, #4360, .F.);
#8673 = ORIENTED_EDGE ('', *, *, #1849, .F.);
#8674 = ORIENTED_EDGE ('', *, *, #4515, .T.);
#8675 = ORIENTED_EDGE ('', *, *, #4738, .F.);
#8676 = EDGE_LOOP ('', (#8672, #8673, #8674, #8675));
#8677 = FACE_OUTER_BOUND ('', #8676, .T.);
#8678 = CARTESIAN_POINT ('', (12.5, 98., -5.));
#8679 = CARTESIAN_POINT ('', (12.5000025993651, 98.0589198954861, -5.));
#8680 = CARTESIAN_POINT ('', (12.4930404081306, 98.1796842064797, -5.));
#8681 = CARTESIAN_POINT ('', (12.4589269401275, 98.3659698176234, -5.));
#8682 = CARTESIAN_POINT ('', (12.3991106337662, 98.5529065832021, -5.));
#8683 = CARTESIAN_POINT ('', (12.3127252343694, 98.7352562356249, -5.));
#8684 = CARTESIAN_POINT ('', (12.2003322006806, 98.9074435619958, -5.));
#8685 = CARTESIAN_POINT ('', (12.06404636069, 99.0640462960447, -5.));
#8686 = CARTESIAN_POINT ('', (11.9074433872384, 99.2003322845043, -5.));
#8687 = CARTESIAN_POINT ('', (11.7352568700089, 99.3127249637198, -5.));
#8688 = CARTESIAN_POINT ('', (11.5529042204236, 99.3991116325408, -5.));
#8689 = CARTESIAN_POINT ('', (11.3971328986985, 99.4489546184892, -5.));
#8690 = CARTESIAN_POINT ('', (11.2728149683456, 99.4759887614147, -5.));
#8691 = CARTESIAN_POINT ('', (11.1803541822164, 99.4900801158696, -5.));
#8692 = CARTESIAN_POINT ('', (11.08901268632, 99.4982630427396, -5.));
#8693 = CARTESIAN_POINT ('', (11.0000000000002, 99.5008684786305, -5.));
#8694 = CARTESIAN_POINT ('', (10.9109873136793, 99.4982630427382, -5.));
#8695 = CARTESIAN_POINT ('', (10.8196458177859, 99.4900801158751, -5.));
#8696 = CARTESIAN_POINT ('', (10.7271850316455, 99.4759887613939, -5.));
#8697 = CARTESIAN_POINT ('', (10.6028671013484, 99.4489546186003, -5.));
#8698 = CARTESIAN_POINT ('', (10.4470957791982, 99.3991116316456, -5.));
#8699 = CARTESIAN_POINT ('', (10.2647431313717, 99.3127249669884, -5.));
#8700 = CARTESIAN_POINT ('', (10.0925566076171, 99.2003322723252, -5.));
#8701 = CARTESIAN_POINT ('', (9.9359536585073, 99.0640463414927, -5.));
#8702 = CARTESIAN_POINT ('', (9.7996677276748, 98.9074433923829, -5.));
#8703 = CARTESIAN_POINT ('', (9.68727503301158, 98.7352568686283, -5.));
#8704 = CARTESIAN_POINT ('', (9.60088836835446, 98.5529042208018, -5.));
#8705 = CARTESIAN_POINT ('', (9.55104538139967, 98.3971328986516, -5.));
#8706 = CARTESIAN_POINT ('', (9.52401123860617, 98.2728149683545, -5.));
#8707 = CARTESIAN_POINT ('', (9.50991988412485, 98.1803541822141, -5.));
#8708 = CARTESIAN_POINT ('', (9.50173695726193, 98.0890126863207, -5.));
#8709 = CARTESIAN_POINT ('', (9.5, 98.0296708954402, -5.));
#8710 = CARTESIAN_POINT ('', (9.5, 98., -5.));
#8711 = CARTESIAN_POINT ('', (11.9999976389737, 98., -4.49999763897369));
#8712 = CARTESIAN_POINT ('', (11.9999993718797, 98.0392798375831, -4.49999763897369));
#8713 = CARTESIAN_POINT ('', (11.9953579220153, 98.1197891881604, -4.49999763897369));
#8714 = CARTESIAN_POINT ('', (11.9726156637084, 98.2439793023727, -4.49999763897369));
#8715 = CARTESIAN_POINT ('', (11.9327382202862, 98.3686035185167, -4.49999763897369));
#8716 = CARTESIAN_POINT ('', (11.8751480899937, 98.4901696664438, -4.49999763897369));
#8717 = CARTESIAN_POINT ('', (11.8002195777765, 98.6049609463318, -4.49999763897369));
#8718 = CARTESIAN_POINT ('', (11.7093625656324, 98.7093625225356, -4.49999763897369));
#8719 = CARTESIAN_POINT ('', (11.6049608298272, 98.8002196336588, -4.49999763897369));
#8720 = CARTESIAN_POINT ('', (11.4901700893654, 98.8751479095611, -4.49999763897369));
#8721 = CARTESIAN_POINT ('', (11.3686019433348, 98.9327388861343, -4.49999763897369));
#8722 = CARTESIAN_POINT ('', (11.2647546407049, 98.9659674649795, -4.49999763897369));
#8723 = CARTESIAN_POINT ('', (11.1818762161482, 98.9839901843777, -4.49999763897369));
#8724 = CARTESIAN_POINT ('', (11.120235837597, 98.9933843985008, -4.49999763897369));
#8725 = CARTESIAN_POINT ('', (11.0593416507725, 98.9988396702008, -4.49999763897369));
#8726 = CARTESIAN_POINT ('', (11.0000000000001, 99.0005766233604, -4.49999763897369));
#8727 = CARTESIAN_POINT ('', (10.9406583492271, 98.9988396701999, -4.49999763897369));
#8728 = CARTESIAN_POINT ('', (10.8797641624046, 98.9933843985045, -4.49999763897369));
#8729 = CARTESIAN_POINT ('', (10.8181237838459, 98.9839901843637, -4.49999763897369));
#8730 = CARTESIAN_POINT ('', (10.7352453593265, 98.9659674650535, -4.49999763897369));
#8731 = CARTESIAN_POINT ('', (10.6313980564131, 98.9327388855375, -4.49999763897369));
#8732 = CARTESIAN_POINT ('', (10.509829911555, 98.8751479117402, -4.49999763897369));
#8733 = CARTESIAN_POINT ('', (10.3950391667432, 98.8002196255395, -4.49999763897369));
#8734 = CARTESIAN_POINT ('', (10.2906374471658, 98.7093625528342, -4.49999763897369));
#8735 = CARTESIAN_POINT ('', (10.1997803744606, 98.6049608332568, -4.49999763897369));
#8736 = CARTESIAN_POINT ('', (10.1248520882598, 98.490170088445, -4.49999763897369));
#8737 = CARTESIAN_POINT ('', (10.0672611144626, 98.3686019435869, -4.49999763897369));
#8738 = CARTESIAN_POINT ('', (10.0340325349464, 98.2647546406736, -4.49999763897369));
#8739 = CARTESIAN_POINT ('', (10.0160098156363, 98.1818762161541, -4.49999763897369));
#8740 = CARTESIAN_POINT ('', (10.0066156014955, 98.1202358375954, -4.49999763897369));
#8741 = CARTESIAN_POINT ('', (10.0011603298003, 98.059341650773, -4.49999763897369));
#8742 = CARTESIAN_POINT ('', (10.0000023610263, 98.0197805502577, -4.49999763897369));
#8743 = CARTESIAN_POINT ('', (10.0000023610263, 98., -4.4999976389737));
#8744 = B_SPLINE_SURFACE_WITH_KNOTS ('', 1, 3, ((#8678, #8679, #8680, #8681, #8682, #8683, #8684, #8685, #8686, #8687, #8688, #8689, #8690, #8691, #8692, #8693, #8694, #8695, #8696, #8697, #8698, #8699, #8700, #8701, #8702, #8703, #8704, #8705, #8706, #8707, #8708, #8709, #8710), (#8711, #8712, #8713, #8714, #8715, #8716, #8717, #8718, #8719, #8720, #8721, #8722, #8723, #8724, #8725, #8726, #8727, #8728, #8729, #8730, #8731, #8732, #8733, #8734, #8735, #8736, #8737, #8738, #8739, #8740, #8741, #8742, #8743)), .UNSPECIFIED., .F., .F., .U., (2, 2), (4, 1, 1, 1, 1, 1, 1, 1, 1, 1, 1, 1, 1, 1, 1, 1, 1, 1, 1, 1, 1, 1, 1, 1, 1, 1, 1, 1, 1, 1, 4), (0., 0.500002361026305), (0., 0.0208333333333349, 0.0416666666666662, 0.0624999999999992, 0.0833333333333326, 0.104166666666666, 0.125, 0.145833333333333, 0.166666666666666, 0.1875, 0.208333333333333, 0.21875, 0.229166666666667, 0.239583333333333, 0.25, 0.260416666666667, 0.270833333333334, 0.281250000000001, 0.291666666666668, 0.312500000000002, 0.333333333333336, 0.354166666666668, 0.375000000000003, 0.395833333333337, 0.416666666666672, 0.437500000000006, 0.458333333333338, 0.468750000000007, 0.479166666666673, 0.48958333333334, 0.5), .UNSPECIFIED.);
#8745 = ADVANCED_FACE ('', (#8677), #8744, .T.);
#8746 = ORIENTED_EDGE ('', *, *, #4593, .F.);
#8747 = ORIENTED_EDGE ('', *, *, #7656, .T.);
#8748 = ORIENTED_EDGE ('', *, *, #4745, .T.);
#8749 = ORIENTED_EDGE ('', *, *, #4510, .T.);
#8750 = EDGE_LOOP ('', (#8746, #8747, #8748, #8749));
#8751 = FACE_OUTER_BOUND ('', #8750, .T.);
#8752 = CARTESIAN_POINT ('', (10., 98., -3.5));
#8753 = CARTESIAN_POINT ('', (10., 98., -4.50000384541691));
#8754 = CARTESIAN_POINT ('', (10., 97., -3.5));
#8755 = CARTESIAN_POINT ('', (10., 97., -4.5000038454169));
#8756 = CARTESIAN_POINT ('', (11., 97., -3.5));
#8757 = CARTESIAN_POINT ('', (11., 97., -4.50000384541691));
#8758 = CARTESIAN_POINT ('', (12., 97., -3.5));
#8759 = CARTESIAN_POINT ('', (12., 97., -4.5000038454169));
#8760 = CARTESIAN_POINT ('', (12., 98., -3.5));
#8761 = CARTESIAN_POINT ('', (12., 98., -4.50000384541691));
#8762 = (
   BOUNDED_SURFACE ()
   B_SPLINE_SURFACE (2, 1, ((#8752, #8753), (#8754, #8755), (#8756, #8757), (#8758, #8759), (#8760, #8761)), .UNSPECIFIED., .F., .F., .U.)
   B_SPLINE_SURFACE_WITH_KNOTS ((3, 2, 3), (2, 2), (0.5, 0.75, 1.), (0., 0.666669230277937), .UNSPECIFIED.)
   GEOMETRIC_REPRESENTATION_ITEM ()
   RATIONAL_B_SPLINE_SURFACE (((1., 1.), (0.707106781186548, 0.707106781186548), (1., 1.), (0.707106781186548, 0.707106781186548), (1., 1.)))
   REPRESENTATION_ITEM ('')
   SURFACE ()
);
#8763 = ADVANCED_FACE ('', (#8751), #8762, .T.);
#8764 = ORIENTED_EDGE ('', *, *, #4774, .F.);
#8765 = ORIENTED_EDGE ('', *, *, #1751, .F.);
#8766 = ORIENTED_EDGE ('', *, *, #4789, .T.);
#8767 = ORIENTED_EDGE ('', *, *, #4908, .T.);
#8768 = EDGE_LOOP ('', (#8764, #8765, #8766, #8767));
#8769 = FACE_OUTER_BOUND ('', #8768, .T.);
#8770 = CARTESIAN_POINT ('', (122.5, 17.0000000000001, -5.));
#8771 = CARTESIAN_POINT ('', (122.26432768415, 17.0000178598918, -5.));
#8772 = CARTESIAN_POINT ('', (121.902012952886, 16.979108898895, -5.));
#8773 = CARTESIAN_POINT ('', (121.408713750077, 16.9039570838097, -5.));
#8774 = CARTESIAN_POINT ('', (121.03578696067, 16.8228439826348, -5.));
#8775 = CARTESIAN_POINT ('', (120.662258166542, 16.71610219528, -5.));
#8776 = CARTESIAN_POINT ('', (120.290663790931, 16.5831431214423, -5.));
#8777 = CARTESIAN_POINT ('', (119.923677125508, 16.4237041571991, -5.));
#8778 = CARTESIAN_POINT ('', (119.564057766292, 16.2378808279505, -5.));
#8779 = CARTESIAN_POINT ('', (119.214591458532, 16.0261476186973, -5.));
#8780 = CARTESIAN_POINT ('', (118.878025277715, 15.7893671011325, -5.));
#8781 = CARTESIAN_POINT ('', (118.557000311999, 15.5287855679012, -5.));
#8782 = CARTESIAN_POINT ('', (118.253985283296, 15.2460147166735, -5.));
#8783 = CARTESIAN_POINT ('', (117.9712144321, 14.9429996881211, -5.));
#8784 = CARTESIAN_POINT ('', (117.710632898892, 14.6219747218373, -5.));
#8785 = CARTESIAN_POINT ('', (117.473852381204, 14.2854085431406, -5.));
#8786 = CARTESIAN_POINT ('', (117.262119172422, 13.9359422274659, -5.));
#8787 = CARTESIAN_POINT ('', (117.07629584141, 13.5763228977876, -5.));
#8788 = CARTESIAN_POINT ('', (116.916856883748, 13.2093361221285, -5.));
#8789 = CARTESIAN_POINT ('', (116.783897785349, 12.8377421579266, -5.));
#8790 = CARTESIAN_POINT ('', (116.677156089658, 12.4642118283989, -5.));
#8791 = CARTESIAN_POINT ('', (116.59604264639, 12.0912907691797, -5.));
#8792 = CARTESIAN_POINT ('', (116.539680061783, 11.7212949817203, -5.));
#8793 = CARTESIAN_POINT ('', (116.512403373586, 11.4173048620079, -5.));
#8794 = CARTESIAN_POINT ('', (116.501736384272, 11.1774021070355, -5.));
#8795 = CARTESIAN_POINT ('', (116.499131807864, 11.0000000000001, -5.));
#8796 = CARTESIAN_POINT ('', (116.501736384272, 10.8225978929647, -5.));
#8797 = CARTESIAN_POINT ('', (116.512403373586, 10.5826951379923, -5.));
#8798 = CARTESIAN_POINT ('', (116.539680061783, 10.2787050182799, -5.));
#8799 = CARTESIAN_POINT ('', (116.596042646391, 9.90870923082057, -5.));
#8800 = CARTESIAN_POINT ('', (116.677156089658, 9.53578817160132, -5.));
#8801 = CARTESIAN_POINT ('', (116.783897785349, 9.16225784207366, -5.));
#8802 = CARTESIAN_POINT ('', (116.916856883748, 8.79066387787176, -5.));
#8803 = CARTESIAN_POINT ('', (117.07629584141, 8.42367710221258, -5.));
#8804 = CARTESIAN_POINT ('', (117.262119172422, 8.06405777253432, -5.));
#8805 = CARTESIAN_POINT ('', (117.473852381203, 7.71459145685956, -5.));
#8806 = CARTESIAN_POINT ('', (117.710632898894, 7.37802527816304, -5.));
#8807 = CARTESIAN_POINT ('', (117.971214432092, 7.05700031187863, -5.));
#8808 = CARTESIAN_POINT ('', (118.253985283328, 6.75398528332863, -5.));
#8809 = CARTESIAN_POINT ('', (118.557000311879, 6.47121443209184, -5.));
#8810 = CARTESIAN_POINT ('', (118.878025278163, 6.2106328988945, -5.));
#8811 = CARTESIAN_POINT ('', (119.214591456859, 5.9738523812031, -5.));
#8812 = CARTESIAN_POINT ('', (119.564057772534, 5.76211917242235, -5.));
#8813 = CARTESIAN_POINT ('', (119.923677102212, 5.57629584141038, -5.));
#8814 = CARTESIAN_POINT ('', (120.290663877872, 5.41685688374833, -5.));
#8815 = CARTESIAN_POINT ('', (120.662257842074, 5.28389778534951, -5.));
#8816 = CARTESIAN_POINT ('', (121.035788171601, 5.17715608965812, -5.));
#8817 = CARTESIAN_POINT ('', (121.40870923082, 5.09604264639064, -5.));
#8818 = CARTESIAN_POINT ('', (121.77870501828, 5.03968006178333, -5.));
#8819 = CARTESIAN_POINT ('', (122.082695137992, 5.0124033735862, -5.));
#8820 = CARTESIAN_POINT ('', (122.322597892965, 5.00173638427171, -5.));
#8821 = CARTESIAN_POINT ('', (122.440865964322, 5.00000000000011, -5.));
#8822 = CARTESIAN_POINT ('', (122.5, 5.00000000000011, -5.));
#8823 = CARTESIAN_POINT ('', (122.5, 16.5000000000001, -4.5));
#8824 = CARTESIAN_POINT ('', (122.283967043804, 16.5000163715675, -4.5));
#8825 = CARTESIAN_POINT ('', (121.951845206812, 16.4808498239871, -4.5));
#8826 = CARTESIAN_POINT ('', (121.499654270904, 16.4119606601589, -4.5));
#8827 = CARTESIAN_POINT ('', (121.157804713947, 16.3376069840819, -4.5));
#8828 = CARTESIAN_POINT ('', (120.81540331933, 16.2397603456733, -4.5));
#8829 = CARTESIAN_POINT ('', (120.474775141686, 16.1178811946554, -4.5));
#8830 = CARTESIAN_POINT ('', (120.138370698383, 15.9717288107658, -4.5));
#8831 = CARTESIAN_POINT ('', (119.808719619101, 15.8013907589546, -4.5));
#8832 = CARTESIAN_POINT ('', (119.488375503654, 15.6073019838058, -4.5));
#8833 = CARTESIAN_POINT ('', (119.179856504572, 15.3902531760381, -4.5));
#8834 = CARTESIAN_POINT ('', (118.885583619332, 15.1513867705761, -4.5));
#8835 = CARTESIAN_POINT ('', (118.607819843022, 14.8921801569507, -4.5));
#8836 = CARTESIAN_POINT ('', (118.348613229425, 14.6144163807776, -4.5));
#8837 = CARTESIAN_POINT ('', (118.109746823984, 14.3201434950175, -4.5));
#8838 = CARTESIAN_POINT ('', (117.892698016103, 14.0116244978789, -4.5));
#8839 = CARTESIAN_POINT ('', (117.698609241387, 13.6912803751771, -4.5));
#8840 = CARTESIAN_POINT ('', (117.528271187959, 13.361629322972, -4.5));
#8841 = CARTESIAN_POINT ('', (117.382118810103, 13.0252247786178, -4.5));
#8842 = CARTESIAN_POINT ('', (117.26023963657, 12.6845969780993, -4.5));
#8843 = CARTESIAN_POINT ('', (117.162393082187, 12.3421941760323, -4.5));
#8844 = CARTESIAN_POINT ('', (117.088039092525, 12.000349871748, -4.5));
#8845 = CARTESIAN_POINT ('', (117.036373389968, 11.661187066577, -4.5));
#8846 = CARTESIAN_POINT ('', (117.011369759121, 11.3825294568406, -4.5));
#8847 = CARTESIAN_POINT ('', (117.001591685582, 11.1626185981159, -4.5));
#8848 = CARTESIAN_POINT ('', (116.999204157209, 11.0000000000001, -4.5));
#8849 = CARTESIAN_POINT ('', (117.001591685582, 10.8373814018843, -4.5));
#8850 = CARTESIAN_POINT ('', (117.011369759121, 10.6174705431596, -4.5));
#8851 = CARTESIAN_POINT ('', (117.036373389968, 10.3388129334232, -4.5));
#8852 = CARTESIAN_POINT ('', (117.088039092525, 9.99965012825217, -4.5));
#8853 = CARTESIAN_POINT ('', (117.162393082187, 9.65780582396786, -4.5));
#8854 = CARTESIAN_POINT ('', (117.26023963657, 9.31540302190084, -4.5));
#8855 = CARTESIAN_POINT ('', (117.382118810103, 8.97477522138243, -4.5));
#8856 = CARTESIAN_POINT ('', (117.528271187959, 8.63837067702818, -4.5));
#8857 = CARTESIAN_POINT ('', (117.698609241387, 8.30871962482311, -4.5));
#8858 = CARTESIAN_POINT ('', (117.892698016103, 7.98837550212125, -4.5));
#8859 = CARTESIAN_POINT ('', (118.109746823987, 7.67985650498278, -4.5));
#8860 = CARTESIAN_POINT ('', (118.348613229417, 7.38558361922207, -4.5));
#8861 = CARTESIAN_POINT ('', (118.607819843051, 7.10781984305123, -4.5));
#8862 = CARTESIAN_POINT ('', (118.885583619222, 6.84861322941751, -4.5));
#8863 = CARTESIAN_POINT ('', (119.179856504983, 6.60974682398662, -4.5));
#8864 = CARTESIAN_POINT ('', (119.488375502121, 6.39269801610283, -4.5));
#8865 = CARTESIAN_POINT ('', (119.808719624823, 6.19860924138714, -4.5));
#8866 = CARTESIAN_POINT ('', (120.138370677028, 6.02827118795951, -4.5));
#8867 = CARTESIAN_POINT ('', (120.474775221382, 5.88211881010263, -4.5));
#8868 = CARTESIAN_POINT ('', (120.815403021901, 5.76023963657038, -4.5));
#8869 = CARTESIAN_POINT ('', (121.157805823968, 5.66239308218661, -4.5));
#8870 = CARTESIAN_POINT ('', (121.499650128252, 5.58803909252474, -4.5));
#8871 = CARTESIAN_POINT ('', (121.838812933423, 5.53637338996805, -4.5));
#8872 = CARTESIAN_POINT ('', (122.11747054316, 5.51136975912068, -4.5));
#8873 = CARTESIAN_POINT ('', (122.337381401884, 5.5015916855824, -4.5));
#8874 = CARTESIAN_POINT ('', (122.445793800628, 5.5000000000001, -4.5));
#8875 = CARTESIAN_POINT ('', (122.5, 5.5000000000001, -4.5));
#8876 = B_SPLINE_SURFACE_WITH_KNOTS ('', 1, 3, ((#8770, #8771, #8772, #8773, #8774, #8775, #8776, #8777, #8778, #8779, #8780, #8781, #8782, #8783, #8784, #8785, #8786, #8787, #8788, #8789, #8790, #8791, #8792, #8793, #8794, #8795, #8796, #8797, #8798, #8799, #8800, #8801, #8802, #8803, #8804, #8805, #8806, #8807, #8808, #8809, #8810, #8811, #8812, #8813, #8814, #8815, #8816, #8817, #8818, #8819, #8820, #8821, #8822), (#8823, #8824, #8825, #8826, #8827, #8828, #8829, #8830, #8831, #8832, #8833, #8834, #8835, #8836, #8837, #8838, #8839, #8840, #8841, #8842, #8843, #8844, #8845, #8846, #8847, #8848, #8849, #8850, #8851, #8852, #8853, #8854, #8855, #8856, #8857, #8858, #8859, #8860, #8861, #8862, #8863, #8864, #8865, #8866, #8867, #8868, #8869, #8870, #8871, #8872, #8873, #8874, #8875)), .UNSPECIFIED., .F., .F., .U., (2, 2), (4, 1, 1, 1, 1, 1, 1, 1, 1, 1, 1, 1, 1, 1, 1, 1, 1, 1, 1, 1, 1, 1, 1, 1, 1, 1, 1, 1, 1, 1, 1, 1, 1, 1, 1, 1, 1, 1, 1, 1, 1, 1, 1, 1, 1, 1, 1, 1, 1, 1, 4), (0., 1.), (0., 0.0208333333333331, 0.0312500000000002, 0.0416666666666664, 0.0520833333333333, 0.0625000000000001, 0.0729166666666668, 0.0833333333333333, 0.0937499999999996, 0.104166666666667, 0.114583333333334, 0.125, 0.135416666666666, 0.145833333333333, 0.15625, 0.166666666666667, 0.177083333333333, 0.1875, 0.197916666666667, 0.208333333333333, 0.21875, 0.229166666666667, 0.239583333333333, 0.244791666666667, 0.25, 0.255208333333333, 0.260416666666667, 0.270833333333333, 0.28125, 0.291666666666666, 0.302083333333333, 0.3125, 0.322916666666666, 0.333333333333333, 0.34375, 0.354166666666666, 0.364583333333333, 0.375, 0.385416666666666, 0.395833333333333, 0.40625, 0.416666666666666, 0.427083333333333, 0.437499999999999, 0.447916666666666, 0.458333333333333, 0.468749999999999, 0.479166666666666, 0.489583333333333, 0.494791666666666, 0.5), .UNSPECIFIED.);
#8877 = ADVANCED_FACE ('', (#8769), #8876, .T.);
#8878 = ORIENTED_EDGE ('', *, *, #4924, .F.);
#8879 = ORIENTED_EDGE ('', *, *, #1633, .F.);
#8880 = ORIENTED_EDGE ('', *, *, #4939, .T.);
#8881 = ORIENTED_EDGE ('', *, *, #5058, .T.);
#8882 = EDGE_LOOP ('', (#8878, #8879, #8880, #8881));
#8883 = FACE_OUTER_BOUND ('', #8882, .T.);
#8884 = CARTESIAN_POINT ('', (107.5, 93.5000000000001, -5.));
#8885 = CARTESIAN_POINT ('', (107.26432768415, 93.5000178598917, -5.));
#8886 = CARTESIAN_POINT ('', (106.902012952886, 93.479108898895, -5.));
#8887 = CARTESIAN_POINT ('', (106.408713750077, 93.4039570838097, -5.));
#8888 = CARTESIAN_POINT ('', (106.03578696067, 93.3228439826348, -5.));
#8889 = CARTESIAN_POINT ('', (105.662258166542, 93.2161021952799, -5.));
#8890 = CARTESIAN_POINT ('', (105.290663790931, 93.0831431214423, -5.));
#8891 = CARTESIAN_POINT ('', (104.923677125508, 92.9237041571991, -5.));
#8892 = CARTESIAN_POINT ('', (104.564057766292, 92.7378808279505, -5.));
#8893 = CARTESIAN_POINT ('', (104.214591458532, 92.5261476186973, -5.));
#8894 = CARTESIAN_POINT ('', (103.878025277715, 92.2893671011324, -5.));
#8895 = CARTESIAN_POINT ('', (103.557000311999, 92.0287855679012, -5.));
#8896 = CARTESIAN_POINT ('', (103.253985283296, 91.7460147166735, -5.));
#8897 = CARTESIAN_POINT ('', (102.9712144321, 91.4429996881211, -5.));
#8898 = CARTESIAN_POINT ('', (102.710632898892, 91.1219747218373, -5.));
#8899 = CARTESIAN_POINT ('', (102.473852381204, 90.7854085431406, -5.));
#8900 = CARTESIAN_POINT ('', (102.262119172422, 90.4359422274659, -5.));
#8901 = CARTESIAN_POINT ('', (102.07629584141, 90.0763228977876, -5.));
#8902 = CARTESIAN_POINT ('', (101.916856883748, 89.7093361221285, -5.));
#8903 = CARTESIAN_POINT ('', (101.783897785349, 89.3377421579265, -5.));
#8904 = CARTESIAN_POINT ('', (101.677156089658, 88.9642118283989, -5.));
#8905 = CARTESIAN_POINT ('', (101.596042646391, 88.5912907691797, -5.));
#8906 = CARTESIAN_POINT ('', (101.539680061783, 88.2212949817203, -5.));
#8907 = CARTESIAN_POINT ('', (101.512403373586, 87.9173048620079, -5.));
#8908 = CARTESIAN_POINT ('', (101.501736384272, 87.6774021070355, -5.));
#8909 = CARTESIAN_POINT ('', (101.499131807864, 87.5000000000001, -5.));
#8910 = CARTESIAN_POINT ('', (101.501736384272, 87.3225978929647, -5.));
#8911 = CARTESIAN_POINT ('', (101.512403373586, 87.0826951379923, -5.));
#8912 = CARTESIAN_POINT ('', (101.539680061783, 86.7787050182799, -5.));
#8913 = CARTESIAN_POINT ('', (101.596042646391, 86.4087092308205, -5.));
#8914 = CARTESIAN_POINT ('', (101.677156089658, 86.0357881716013, -5.));
#8915 = CARTESIAN_POINT ('', (101.783897785349, 85.6622578420737, -5.));
#8916 = CARTESIAN_POINT ('', (101.916856883748, 85.2906638778717, -5.));
#8917 = CARTESIAN_POINT ('', (102.07629584141, 84.9236771022126, -5.));
#8918 = CARTESIAN_POINT ('', (102.262119172422, 84.5640577725343, -5.));
#8919 = CARTESIAN_POINT ('', (102.473852381203, 84.2145914568595, -5.));
#8920 = CARTESIAN_POINT ('', (102.710632898894, 83.8780252781631, -5.));
#8921 = CARTESIAN_POINT ('', (102.971214432092, 83.5570003118786, -5.));
#8922 = CARTESIAN_POINT ('', (103.253985283329, 83.2539852833286, -5.));
#8923 = CARTESIAN_POINT ('', (103.557000311879, 82.9712144320918, -5.));
#8924 = CARTESIAN_POINT ('', (103.878025278163, 82.7106328988945, -5.));
#8925 = CARTESIAN_POINT ('', (104.214591456859, 82.4738523812031, -5.));
#8926 = CARTESIAN_POINT ('', (104.564057772534, 82.2621191724223, -5.));
#8927 = CARTESIAN_POINT ('', (104.923677102212, 82.0762958414104, -5.));
#8928 = CARTESIAN_POINT ('', (105.290663877872, 81.9168568837483, -5.));
#8929 = CARTESIAN_POINT ('', (105.662257842074, 81.7838977853495, -5.));
#8930 = CARTESIAN_POINT ('', (106.035788171601, 81.6771560896581, -5.));
#8931 = CARTESIAN_POINT ('', (106.40870923082, 81.5960426463906, -5.));
#8932 = CARTESIAN_POINT ('', (106.77870501828, 81.5396800617834, -5.));
#8933 = CARTESIAN_POINT ('', (107.082695137992, 81.5124033735862, -5.));
#8934 = CARTESIAN_POINT ('', (107.322597892965, 81.5017363842717, -5.));
#8935 = CARTESIAN_POINT ('', (107.440865964322, 81.5000000000001, -5.));
#8936 = CARTESIAN_POINT ('', (107.5, 81.5000000000001, -5.));
#8937 = CARTESIAN_POINT ('', (107.5, 93.0000000000001, -4.5));
#8938 = CARTESIAN_POINT ('', (107.283967043804, 93.0000163715675, -4.5));
#8939 = CARTESIAN_POINT ('', (106.951845206812, 92.9808498239871, -4.5));
#8940 = CARTESIAN_POINT ('', (106.499654270904, 92.911960660159, -4.5));
#8941 = CARTESIAN_POINT ('', (106.157804713947, 92.8376069840819, -4.5));
#8942 = CARTESIAN_POINT ('', (105.81540331933, 92.7397603456733, -4.5));
#8943 = CARTESIAN_POINT ('', (105.474775141686, 92.6178811946555, -4.5));
#8944 = CARTESIAN_POINT ('', (105.138370698383, 92.4717288107659, -4.5));
#8945 = CARTESIAN_POINT ('', (104.808719619101, 92.3013907589547, -4.5));
#8946 = CARTESIAN_POINT ('', (104.488375503654, 92.1073019838059, -4.5));
#8947 = CARTESIAN_POINT ('', (104.179856504572, 91.8902531760381, -4.5));
#8948 = CARTESIAN_POINT ('', (103.885583619332, 91.6513867705762, -4.5));
#8949 = CARTESIAN_POINT ('', (103.607819843022, 91.3921801569508, -4.5));
#8950 = CARTESIAN_POINT ('', (103.348613229425, 91.1144163807777, -4.5));
#8951 = CARTESIAN_POINT ('', (103.109746823984, 90.8201434950176, -4.5));
#8952 = CARTESIAN_POINT ('', (102.892698016103, 90.511624497879, -4.5));
#8953 = CARTESIAN_POINT ('', (102.698609241387, 90.1912803751771, -4.5));
#8954 = CARTESIAN_POINT ('', (102.528271187959, 89.861629322972, -4.5));
#8955 = CARTESIAN_POINT ('', (102.382118810102, 89.5252247786178, -4.5));
#8956 = CARTESIAN_POINT ('', (102.26023963657, 89.1845969780994, -4.5));
#8957 = CARTESIAN_POINT ('', (102.162393082187, 88.8421941760324, -4.5));
#8958 = CARTESIAN_POINT ('', (102.088039092525, 88.500349871748, -4.5));
#8959 = CARTESIAN_POINT ('', (102.036373389968, 88.1611870665771, -4.5));
#8960 = CARTESIAN_POINT ('', (102.011369759121, 87.8825294568406, -4.5));
#8961 = CARTESIAN_POINT ('', (102.001591685582, 87.662618598116, -4.5));
#8962 = CARTESIAN_POINT ('', (101.999204157209, 87.5000000000001, -4.5));
#8963 = CARTESIAN_POINT ('', (102.001591685582, 87.3373814018844, -4.5));
#8964 = CARTESIAN_POINT ('', (102.011369759121, 87.1174705431597, -4.5));
#8965 = CARTESIAN_POINT ('', (102.036373389968, 86.8388129334233, -4.5));
#8966 = CARTESIAN_POINT ('', (102.088039092525, 86.4996501282522, -4.5));
#8967 = CARTESIAN_POINT ('', (102.162393082186, 86.1578058239679, -4.5));
#8968 = CARTESIAN_POINT ('', (102.26023963657, 85.8154030219009, -4.5));
#8969 = CARTESIAN_POINT ('', (102.382118810103, 85.4747752213825, -4.5));
#8970 = CARTESIAN_POINT ('', (102.528271187959, 85.1383706770283, -4.5));
#8971 = CARTESIAN_POINT ('', (102.698609241387, 84.8087196248232, -4.5));
#8972 = CARTESIAN_POINT ('', (102.892698016103, 84.4883755021212, -4.5));
#8973 = CARTESIAN_POINT ('', (103.109746823987, 84.1798565049829, -4.5));
#8974 = CARTESIAN_POINT ('', (103.348613229417, 83.8855836192221, -4.5));
#8975 = CARTESIAN_POINT ('', (103.607819843051, 83.6078198430512, -4.5));
#8976 = CARTESIAN_POINT ('', (103.885583619222, 83.3486132294176, -4.5));
#8977 = CARTESIAN_POINT ('', (104.179856504983, 83.1097468239867, -4.5));
#8978 = CARTESIAN_POINT ('', (104.488375502121, 82.8926980161029, -4.5));
#8979 = CARTESIAN_POINT ('', (104.808719624823, 82.6986092413872, -4.5));
#8980 = CARTESIAN_POINT ('', (105.138370677028, 82.5282711879596, -4.5));
#8981 = CARTESIAN_POINT ('', (105.474775221382, 82.3821188101027, -4.5));
#8982 = CARTESIAN_POINT ('', (105.815403021901, 82.2602396365704, -4.5));
#8983 = CARTESIAN_POINT ('', (106.157805823968, 82.1623930821867, -4.5));
#8984 = CARTESIAN_POINT ('', (106.499650128252, 82.0880390925248, -4.5));
#8985 = CARTESIAN_POINT ('', (106.838812933423, 82.0363733899681, -4.5));
#8986 = CARTESIAN_POINT ('', (107.117470543159, 82.0113697591207, -4.5));
#8987 = CARTESIAN_POINT ('', (107.337381401884, 82.0015916855825, -4.5));
#8988 = CARTESIAN_POINT ('', (107.445793800628, 82.0000000000001, -4.5));
#8989 = CARTESIAN_POINT ('', (107.5, 82.0000000000001, -4.5));
#8990 = B_SPLINE_SURFACE_WITH_KNOTS ('', 1, 3, ((#8884, #8885, #8886, #8887, #8888, #8889, #8890, #8891, #8892, #8893, #8894, #8895, #8896, #8897, #8898, #8899, #8900, #8901, #8902, #8903, #8904, #8905, #8906, #8907, #8908, #8909, #8910, #8911, #8912, #8913, #8914, #8915, #8916, #8917, #8918, #8919, #8920, #8921, #8922, #8923, #8924, #8925, #8926, #8927, #8928, #8929, #8930, #8931, #8932, #8933, #8934, #8935, #8936), (#8937, #8938, #8939, #8940, #8941, #8942, #8943, #8944, #8945, #8946, #8947, #8948, #8949, #8950, #8951, #8952, #8953, #8954, #8955, #8956, #8957, #8958, #8959, #8960, #8961, #8962, #8963, #8964, #8965, #8966, #8967, #8968, #8969, #8970, #8971, #8972, #8973, #8974, #8975, #8976, #8977, #8978, #8979, #8980, #8981, #8982, #8983, #8984, #8985, #8986, #8987, #8988, #8989)), .UNSPECIFIED., .F., .F., .U., (2, 2), (4, 1, 1, 1, 1, 1, 1, 1, 1, 1, 1, 1, 1, 1, 1, 1, 1, 1, 1, 1, 1, 1, 1, 1, 1, 1, 1, 1, 1, 1, 1, 1, 1, 1, 1, 1, 1, 1, 1, 1, 1, 1, 1, 1, 1, 1, 1, 1, 1, 1, 4), (0., 1.), (0., 0.0208333333333333, 0.0312499999999998, 0.0416666666666668, 0.0520833333333338, 0.0625000000000002, 0.0729166666666662, 0.0833333333333337, 0.0937500000000002, 0.104166666666667, 0.114583333333334, 0.125, 0.135416666666667, 0.145833333333333, 0.156250000000001, 0.166666666666667, 0.177083333333333, 0.1875, 0.197916666666667, 0.208333333333333, 0.21875, 0.229166666666667, 0.239583333333333, 0.244791666666667, 0.25, 0.255208333333334, 0.260416666666666, 0.270833333333334, 0.28125, 0.291666666666667, 0.302083333333334, 0.3125, 0.322916666666667, 0.333333333333334, 0.34375, 0.354166666666667, 0.364583333333334, 0.375000000000001, 0.385416666666667, 0.395833333333334, 0.40625, 0.416666666666667, 0.427083333333334, 0.437500000000001, 0.447916666666667, 0.458333333333334, 0.468750000000001, 0.479166666666667, 0.489583333333334, 0.494791666666667, 0.5), .UNSPECIFIED.);
#8991 = ADVANCED_FACE ('', (#8883), #8990, .T.);
#8992 = ORIENTED_EDGE ('', *, *, #5074, .F.);
#8993 = ORIENTED_EDGE ('', *, *, #1515, .F.);
#8994 = ORIENTED_EDGE ('', *, *, #5089, .T.);
#8995 = ORIENTED_EDGE ('', *, *, #5208, .T.);
#8996 = EDGE_LOOP ('', (#8992, #8993, #8994, #8995));
#8997 = FACE_OUTER_BOUND ('', #8996, .T.);
#8998 = CARTESIAN_POINT ('', (17.5, 93.5000000000001, -5.));
#8999 = CARTESIAN_POINT ('', (17.2643276841499, 93.5000178598918, -5.));
#9000 = CARTESIAN_POINT ('', (16.9020129528859, 93.479108898895, -5.));
#9001 = CARTESIAN_POINT ('', (16.4087137500773, 93.4039570838097, -5.));
#9002 = CARTESIAN_POINT ('', (16.03578696067, 93.3228439826348, -5.));
#9003 = CARTESIAN_POINT ('', (15.6622581665416, 93.21610219528, -5.));
#9004 = CARTESIAN_POINT ('', (15.2906637909307, 93.0831431214423, -5.));
#9005 = CARTESIAN_POINT ('', (14.9236771255082, 92.9237041571991, -5.));
#9006 = CARTESIAN_POINT ('', (14.5640577662921, 92.7378808279505, -5.));
#9007 = CARTESIAN_POINT ('', (14.214591458532, 92.5261476186973, -5.));
#9008 = CARTESIAN_POINT ('', (13.8780252777148, 92.2893671011325, -5.));
#9009 = CARTESIAN_POINT ('', (13.5570003119986, 92.0287855679012, -5.));
#9010 = CARTESIAN_POINT ('', (13.2539852832963, 91.7460147166735, -5.));
#9011 = CARTESIAN_POINT ('', (12.9712144321003, 91.4429996881211, -5.));
#9012 = CARTESIAN_POINT ('', (12.7106328988921, 91.1219747218373, -5.));
#9013 = CARTESIAN_POINT ('', (12.4738523812036, 90.7854085431406, -5.));
#9014 = CARTESIAN_POINT ('', (12.2621191724221, 90.4359422274659, -5.));
#9015 = CARTESIAN_POINT ('', (12.0762958414103, 90.0763228977876, -5.));
#9016 = CARTESIAN_POINT ('', (11.9168568837482, 89.7093361221285, -5.));
#9017 = CARTESIAN_POINT ('', (11.7838977853494, 89.3377421579265, -5.));
#9018 = CARTESIAN_POINT ('', (11.677156089658, 88.9642118283989, -5.));
#9019 = CARTESIAN_POINT ('', (11.5960426463905, 88.5912907691797, -5.));
#9020 = CARTESIAN_POINT ('', (11.5396800617832, 88.2212949817203, -5.));
#9021 = CARTESIAN_POINT ('', (11.5124033735861, 87.9173048620079, -5.));
#9022 = CARTESIAN_POINT ('', (11.5017363842716, 87.6774021070355, -5.));
#9023 = CARTESIAN_POINT ('', (11.4991318078642, 87.5000000000001, -5.));
#9024 = CARTESIAN_POINT ('', (11.5017363842716, 87.3225978929647, -5.));
#9025 = CARTESIAN_POINT ('', (11.5124033735861, 87.0826951379923, -5.));
#9026 = CARTESIAN_POINT ('', (11.5396800617832, 86.7787050182799, -5.));
#9027 = CARTESIAN_POINT ('', (11.5960426463905, 86.4087092308206, -5.));
#9028 = CARTESIAN_POINT ('', (11.677156089658, 86.0357881716013, -5.));
#9029 = CARTESIAN_POINT ('', (11.7838977853494, 85.6622578420737, -5.));
#9030 = CARTESIAN_POINT ('', (11.9168568837482, 85.2906638778718, -5.));
#9031 = CARTESIAN_POINT ('', (12.0762958414103, 84.9236771022126, -5.));
#9032 = CARTESIAN_POINT ('', (12.2621191724222, 84.5640577725343, -5.));
#9033 = CARTESIAN_POINT ('', (12.473852381203, 84.2145914568595, -5.));
#9034 = CARTESIAN_POINT ('', (12.7106328988944, 83.8780252781631, -5.));
#9035 = CARTESIAN_POINT ('', (12.9712144320917, 83.5570003118787, -5.));
#9036 = CARTESIAN_POINT ('', (13.2539852833285, 83.2539852833286, -5.));
#9037 = CARTESIAN_POINT ('', (13.5570003118785, 82.9712144320918, -5.));
#9038 = CARTESIAN_POINT ('', (13.8780252781629, 82.7106328988945, -5.));
#9039 = CARTESIAN_POINT ('', (14.2145914568594, 82.4738523812031, -5.));
#9040 = CARTESIAN_POINT ('', (14.5640577725342, 82.2621191724223, -5.));
#9041 = CARTESIAN_POINT ('', (14.9236771022125, 82.0762958414104, -5.));
#9042 = CARTESIAN_POINT ('', (15.2906638778716, 81.9168568837483, -5.));
#9043 = CARTESIAN_POINT ('', (15.6622578420736, 81.7838977853495, -5.));
#9044 = CARTESIAN_POINT ('', (16.0357881716012, 81.6771560896581, -5.));
#9045 = CARTESIAN_POINT ('', (16.4087092308205, 81.5960426463907, -5.));
#9046 = CARTESIAN_POINT ('', (16.7787050182798, 81.5396800617833, -5.));
#9047 = CARTESIAN_POINT ('', (17.0826951379922, 81.5124033735862, -5.));
#9048 = CARTESIAN_POINT ('', (17.3225978929646, 81.5017363842717, -5.));
#9049 = CARTESIAN_POINT ('', (17.4408659643215, 81.5000000000001, -5.));
#9050 = CARTESIAN_POINT ('', (17.5, 81.5000000000001, -5.));
#9051 = CARTESIAN_POINT ('', (17.5, 93.0000000000001, -4.5));
#9052 = CARTESIAN_POINT ('', (17.2839670438041, 93.0000163715675, -4.5));
#9053 = CARTESIAN_POINT ('', (16.9518452068121, 92.9808498239871, -4.5));
#9054 = CARTESIAN_POINT ('', (16.4996542709042, 92.9119606601589, -4.5));
#9055 = CARTESIAN_POINT ('', (16.1578047139475, 92.8376069840819, -4.5));
#9056 = CARTESIAN_POINT ('', (15.8154033193298, 92.7397603456733, -4.5));
#9057 = CARTESIAN_POINT ('', (15.4747751416865, 92.6178811946554, -4.5));
#9058 = CARTESIAN_POINT ('', (15.1383706983825, 92.4717288107659, -4.5));
#9059 = CARTESIAN_POINT ('', (14.8087196191011, 92.3013907589547, -4.5));
#9060 = CARTESIAN_POINT ('', (14.4883755036543, 92.1073019838059, -4.5));
#9061 = CARTESIAN_POINT ('', (14.1798565045719, 91.8902531760381, -4.5));
#9062 = CARTESIAN_POINT ('', (13.8855836193321, 91.6513867705761, -4.5));
#9063 = CARTESIAN_POINT ('', (13.6078198430216, 91.3921801569508, -4.5));
#9064 = CARTESIAN_POINT ('', (13.3486132294253, 91.1144163807776, -4.5));
#9065 = CARTESIAN_POINT ('', (13.1097468239844, 90.8201434950176, -4.5));
#9066 = CARTESIAN_POINT ('', (12.8926980161033, 90.511624497879, -4.5));
#9067 = CARTESIAN_POINT ('', (12.6986092413869, 90.1912803751771, -4.5));
#9068 = CARTESIAN_POINT ('', (12.5282711879594, 89.861629322972, -4.5));
#9069 = CARTESIAN_POINT ('', (12.3821188101025, 89.5252247786178, -4.5));
#9070 = CARTESIAN_POINT ('', (12.2602396365703, 89.1845969780993, -4.5));
#9071 = CARTESIAN_POINT ('', (12.1623930821865, 88.8421941760323, -4.5));
#9072 = CARTESIAN_POINT ('', (12.0880390925246, 88.500349871748, -4.5));
#9073 = CARTESIAN_POINT ('', (12.0363733899679, 88.161187066577, -4.5));
#9074 = CARTESIAN_POINT ('', (12.0113697591206, 87.8825294568406, -4.5));
#9075 = CARTESIAN_POINT ('', (12.0015916855823, 87.6626185981159, -4.5));
#9076 = CARTESIAN_POINT ('', (11.9992041572088, 87.5000000000001, -4.5));
#9077 = CARTESIAN_POINT ('', (12.0015916855823, 87.3373814018843, -4.5));
#9078 = CARTESIAN_POINT ('', (12.0113697591206, 87.1174705431597, -4.5));
#9079 = CARTESIAN_POINT ('', (12.0363733899679, 86.8388129334232, -4.5));
#9080 = CARTESIAN_POINT ('', (12.0880390925246, 86.4996501282522, -4.5));
#9081 = CARTESIAN_POINT ('', (12.1623930821865, 86.1578058239679, -4.5));
#9082 = CARTESIAN_POINT ('', (12.2602396365703, 85.8154030219009, -4.5));
#9083 = CARTESIAN_POINT ('', (12.3821188101025, 85.4747752213824, -4.5));
#9084 = CARTESIAN_POINT ('', (12.5282711879594, 85.1383706770282, -4.5));
#9085 = CARTESIAN_POINT ('', (12.698609241387, 84.8087196248232, -4.5));
#9086 = CARTESIAN_POINT ('', (12.8926980161027, 84.4883755021213, -4.5));
#9087 = CARTESIAN_POINT ('', (13.1097468239865, 84.1798565049828, -4.5));
#9088 = CARTESIAN_POINT ('', (13.3486132294174, 83.8855836192221, -4.5));
#9089 = CARTESIAN_POINT ('', (13.6078198430511, 83.6078198430513, -4.5));
#9090 = CARTESIAN_POINT ('', (13.885583619222, 83.3486132294175, -4.5));
#9091 = CARTESIAN_POINT ('', (14.1798565049827, 83.1097468239867, -4.5));
#9092 = CARTESIAN_POINT ('', (14.4883755021211, 82.8926980161028, -4.5));
#9093 = CARTESIAN_POINT ('', (14.808719624823, 82.6986092413872, -4.5));
#9094 = CARTESIAN_POINT ('', (15.1383706770281, 82.5282711879595, -4.5));
#9095 = CARTESIAN_POINT ('', (15.4747752213823, 82.3821188101027, -4.5));
#9096 = CARTESIAN_POINT ('', (15.8154030219008, 82.2602396365704, -4.5));
#9097 = CARTESIAN_POINT ('', (16.1578058239678, 82.1623930821866, -4.5));
#9098 = CARTESIAN_POINT ('', (16.4996501282521, 82.0880390925248, -4.5));
#9099 = CARTESIAN_POINT ('', (16.8388129334231, 82.036373389968, -4.5));
#9100 = CARTESIAN_POINT ('', (17.1174705431595, 82.0113697591207, -4.5));
#9101 = CARTESIAN_POINT ('', (17.3373814018842, 82.0015916855824, -4.5));
#9102 = CARTESIAN_POINT ('', (17.4457938006281, 82.0000000000001, -4.5));
#9103 = CARTESIAN_POINT ('', (17.5, 82.0000000000001, -4.5));
#9104 = B_SPLINE_SURFACE_WITH_KNOTS ('', 1, 3, ((#8998, #8999, #9000, #9001, #9002, #9003, #9004, #9005, #9006, #9007, #9008, #9009, #9010, #9011, #9012, #9013, #9014, #9015, #9016, #9017, #9018, #9019, #9020, #9021, #9022, #9023, #9024, #9025, #9026, #9027, #9028, #9029, #9030, #9031, #9032, #9033, #9034, #9035, #9036, #9037, #9038, #9039, #9040, #9041, #9042, #9043, #9044, #9045, #9046, #9047, #9048, #9049, #9050), (#9051, #9052, #9053, #9054, #9055, #9056, #9057, #9058, #9059, #9060, #9061, #9062, #9063, #9064, #9065, #9066, #9067, #9068, #9069, #9070, #9071, #9072, #9073, #9074, #9075, #9076, #9077, #9078, #9079, #9080, #9081, #9082, #9083, #9084, #9085, #9086, #9087, #9088, #9089, #9090, #9091, #9092, #9093, #9094, #9095, #9096, #9097, #9098, #9099, #9100, #9101, #9102, #9103)), .UNSPECIFIED., .F., .F., .U., (2, 2), (4, 1, 1, 1, 1, 1, 1, 1, 1, 1, 1, 1, 1, 1, 1, 1, 1, 1, 1, 1, 1, 1, 1, 1, 1, 1, 1, 1, 1, 1, 1, 1, 1, 1, 1, 1, 1, 1, 1, 1, 1, 1, 1, 1, 1, 1, 1, 1, 1, 1, 4), (0., 1.), (0., 0.0208333333333332, 0.03125, 0.0416666666666667, 0.0520833333333334, 0.0625000000000003, 0.0729166666666667, 0.0833333333333336, 0.0937499999999999, 0.104166666666667, 0.114583333333333, 0.125, 0.135416666666667, 0.145833333333334, 0.15625, 0.166666666666667, 0.177083333333333, 0.1875, 0.197916666666667, 0.208333333333333, 0.21875, 0.229166666666666, 0.239583333333333, 0.244791666666667, 0.25, 0.255208333333334, 0.260416666666666, 0.270833333333334, 0.28125, 0.291666666666667, 0.302083333333334, 0.3125, 0.322916666666667, 0.333333333333334, 0.34375, 0.354166666666667, 0.364583333333333, 0.375, 0.385416666666667, 0.395833333333334, 0.40625, 0.416666666666667, 0.427083333333334, 0.4375, 0.447916666666667, 0.458333333333334, 0.46875, 0.479166666666667, 0.489583333333334, 0.494791666666667, 0.5), .UNSPECIFIED.);
#9105 = ADVANCED_FACE ('', (#8997), #9104, .T.);
#9106 = ORIENTED_EDGE ('', *, *, #5224, .F.);
#9107 = ORIENTED_EDGE ('', *, *, #1397, .F.);
#9108 = ORIENTED_EDGE ('', *, *, #5239, .T.);
#9109 = ORIENTED_EDGE ('', *, *, #5358, .T.);
#9110 = EDGE_LOOP ('', (#9106, #9107, #9108, #9109));
#9111 = FACE_OUTER_BOUND ('', #9110, .T.);
#9112 = CARTESIAN_POINT ('', (17.5, 17.0000000000001, -5.));
#9113 = CARTESIAN_POINT ('', (17.2643276841499, 17.0000178598918, -5.));
#9114 = CARTESIAN_POINT ('', (16.9020129528859, 16.979108898895, -5.));
#9115 = CARTESIAN_POINT ('', (16.4087137500772, 16.9039570838097, -5.));
#9116 = CARTESIAN_POINT ('', (16.03578696067, 16.8228439826348, -5.));
#9117 = CARTESIAN_POINT ('', (15.6622581665416, 16.71610219528, -5.));
#9118 = CARTESIAN_POINT ('', (15.2906637909307, 16.5831431214423, -5.));
#9119 = CARTESIAN_POINT ('', (14.9236771255082, 16.4237041571991, -5.));
#9120 = CARTESIAN_POINT ('', (14.5640577662921, 16.2378808279505, -5.));
#9121 = CARTESIAN_POINT ('', (14.214591458532, 16.0261476186973, -5.));
#9122 = CARTESIAN_POINT ('', (13.8780252777148, 15.7893671011325, -5.));
#9123 = CARTESIAN_POINT ('', (13.5570003119986, 15.5287855679012, -5.));
#9124 = CARTESIAN_POINT ('', (13.2539852832963, 15.2460147166735, -5.));
#9125 = CARTESIAN_POINT ('', (12.9712144321003, 14.9429996881211, -5.));
#9126 = CARTESIAN_POINT ('', (12.7106328988921, 14.6219747218373, -5.));
#9127 = CARTESIAN_POINT ('', (12.4738523812036, 14.2854085431406, -5.));
#9128 = CARTESIAN_POINT ('', (12.2621191724221, 13.9359422274659, -5.));
#9129 = CARTESIAN_POINT ('', (12.0762958414103, 13.5763228977876, -5.));
#9130 = CARTESIAN_POINT ('', (11.9168568837482, 13.2093361221285, -5.));
#9131 = CARTESIAN_POINT ('', (11.7838977853494, 12.8377421579266, -5.));
#9132 = CARTESIAN_POINT ('', (11.677156089658, 12.4642118283989, -5.));
#9133 = CARTESIAN_POINT ('', (11.5960426463905, 12.0912907691797, -5.));
#9134 = CARTESIAN_POINT ('', (11.5396800617832, 11.7212949817203, -5.));
#9135 = CARTESIAN_POINT ('', (11.5124033735861, 11.4173048620079, -5.));
#9136 = CARTESIAN_POINT ('', (11.5017363842716, 11.1774021070355, -5.));
#9137 = CARTESIAN_POINT ('', (11.4991318078642, 11.0000000000001, -5.));
#9138 = CARTESIAN_POINT ('', (11.5017363842716, 10.8225978929647, -5.));
#9139 = CARTESIAN_POINT ('', (11.5124033735861, 10.5826951379923, -5.));
#9140 = CARTESIAN_POINT ('', (11.5396800617832, 10.2787050182799, -5.));
#9141 = CARTESIAN_POINT ('', (11.5960426463905, 9.90870923082057, -5.));
#9142 = CARTESIAN_POINT ('', (11.677156089658, 9.53578817160132, -5.));
#9143 = CARTESIAN_POINT ('', (11.7838977853494, 9.16225784207368, -5.));
#9144 = CARTESIAN_POINT ('', (11.9168568837482, 8.79066387787175, -5.));
#9145 = CARTESIAN_POINT ('', (12.0762958414103, 8.42367710221258, -5.));
#9146 = CARTESIAN_POINT ('', (12.2621191724222, 8.06405777253432, -5.));
#9147 = CARTESIAN_POINT ('', (12.473852381203, 7.71459145685955, -5.));
#9148 = CARTESIAN_POINT ('', (12.7106328988944, 7.37802527816304, -5.));
#9149 = CARTESIAN_POINT ('', (12.9712144320917, 7.05700031187865, -5.));
#9150 = CARTESIAN_POINT ('', (13.2539852833285, 6.75398528332863, -5.));
#9151 = CARTESIAN_POINT ('', (13.5570003118785, 6.47121443209183, -5.));
#9152 = CARTESIAN_POINT ('', (13.8780252781629, 6.21063289889451, -5.));
#9153 = CARTESIAN_POINT ('', (14.2145914568594, 5.97385238120309, -5.));
#9154 = CARTESIAN_POINT ('', (14.5640577725342, 5.76211917242235, -5.));
#9155 = CARTESIAN_POINT ('', (14.9236771022125, 5.57629584141038, -5.));
#9156 = CARTESIAN_POINT ('', (15.2906638778716, 5.41685688374832, -5.));
#9157 = CARTESIAN_POINT ('', (15.6622578420736, 5.28389778534951, -5.));
#9158 = CARTESIAN_POINT ('', (16.0357881716012, 5.17715608965812, -5.));
#9159 = CARTESIAN_POINT ('', (16.4087092308204, 5.09604264639064, -5.));
#9160 = CARTESIAN_POINT ('', (16.7787050182798, 5.03968006178333, -5.));
#9161 = CARTESIAN_POINT ('', (17.0826951379922, 5.0124033735862, -5.));
#9162 = CARTESIAN_POINT ('', (17.3225978929646, 5.00173638427171, -5.));
#9163 = CARTESIAN_POINT ('', (17.4408659643215, 5.00000000000011, -5.));
#9164 = CARTESIAN_POINT ('', (17.5, 5.00000000000011, -5.));
#9165 = CARTESIAN_POINT ('', (17.5, 16.5000000000001, -4.5));
#9166 = CARTESIAN_POINT ('', (17.2839670438041, 16.5000163715675, -4.5));
#9167 = CARTESIAN_POINT ('', (16.9518452068121, 16.4808498239871, -4.5));
#9168 = CARTESIAN_POINT ('', (16.4996542709041, 16.4119606601589, -4.5));
#9169 = CARTESIAN_POINT ('', (16.1578047139475, 16.3376069840819, -4.5));
#9170 = CARTESIAN_POINT ('', (15.8154033193298, 16.2397603456733, -4.5));
#9171 = CARTESIAN_POINT ('', (15.4747751416865, 16.1178811946554, -4.5));
#9172 = CARTESIAN_POINT ('', (15.1383706983825, 15.9717288107658, -4.5));
#9173 = CARTESIAN_POINT ('', (14.8087196191011, 15.8013907589547, -4.5));
#9174 = CARTESIAN_POINT ('', (14.4883755036543, 15.6073019838059, -4.5));
#9175 = CARTESIAN_POINT ('', (14.1798565045719, 15.3902531760381, -4.5));
#9176 = CARTESIAN_POINT ('', (13.8855836193321, 15.1513867705761, -4.5));
#9177 = CARTESIAN_POINT ('', (13.6078198430216, 14.8921801569507, -4.5));
#9178 = CARTESIAN_POINT ('', (13.3486132294253, 14.6144163807777, -4.5));
#9179 = CARTESIAN_POINT ('', (13.1097468239844, 14.3201434950176, -4.5));
#9180 = CARTESIAN_POINT ('', (12.8926980161033, 14.0116244978789, -4.5));
#9181 = CARTESIAN_POINT ('', (12.6986092413869, 13.6912803751771, -4.5));
#9182 = CARTESIAN_POINT ('', (12.5282711879594, 13.361629322972, -4.5));
#9183 = CARTESIAN_POINT ('', (12.3821188101025, 13.0252247786178, -4.5));
#9184 = CARTESIAN_POINT ('', (12.2602396365703, 12.6845969780994, -4.5));
#9185 = CARTESIAN_POINT ('', (12.1623930821865, 12.3421941760324, -4.5));
#9186 = CARTESIAN_POINT ('', (12.0880390925246, 12.000349871748, -4.5));
#9187 = CARTESIAN_POINT ('', (12.0363733899679, 11.661187066577, -4.5));
#9188 = CARTESIAN_POINT ('', (12.0113697591206, 11.3825294568406, -4.5));
#9189 = CARTESIAN_POINT ('', (12.0015916855823, 11.1626185981159, -4.5));
#9190 = CARTESIAN_POINT ('', (11.9992041572088, 11.0000000000001, -4.5));
#9191 = CARTESIAN_POINT ('', (12.0015916855823, 10.8373814018843, -4.5));
#9192 = CARTESIAN_POINT ('', (12.0113697591206, 10.6174705431597, -4.5));
#9193 = CARTESIAN_POINT ('', (12.0363733899679, 10.3388129334232, -4.5));
#9194 = CARTESIAN_POINT ('', (12.0880390925246, 9.99965012825221, -4.5));
#9195 = CARTESIAN_POINT ('', (12.1623930821865, 9.65780582396789, -4.5));
#9196 = CARTESIAN_POINT ('', (12.2602396365703, 9.31540302190089, -4.5));
#9197 = CARTESIAN_POINT ('', (12.3821188101025, 8.97477522138245, -4.5));
#9198 = CARTESIAN_POINT ('', (12.5282711879594, 8.63837067702821, -4.5));
#9199 = CARTESIAN_POINT ('', (12.698609241387, 8.30871962482314, -4.5));
#9200 = CARTESIAN_POINT ('', (12.8926980161027, 7.98837550212127, -4.5));
#9201 = CARTESIAN_POINT ('', (13.1097468239865, 7.6798565049828, -4.5));
#9202 = CARTESIAN_POINT ('', (13.3486132294174, 7.38558361922211, -4.5));
#9203 = CARTESIAN_POINT ('', (13.6078198430511, 7.10781984305125, -4.5));
#9204 = CARTESIAN_POINT ('', (13.885583619222, 6.84861322941753, -4.5));
#9205 = CARTESIAN_POINT ('', (14.1798565049827, 6.60974682398665, -4.5));
#9206 = CARTESIAN_POINT ('', (14.4883755021211, 6.39269801610285, -4.5));
#9207 = CARTESIAN_POINT ('', (14.808719624823, 6.19860924138717, -4.5));
#9208 = CARTESIAN_POINT ('', (15.1383706770281, 6.02827118795953, -4.5));
#9209 = CARTESIAN_POINT ('', (15.4747752213823, 5.88211881010264, -4.5));
#9210 = CARTESIAN_POINT ('', (15.8154030219007, 5.7602396365704, -4.5));
#9211 = CARTESIAN_POINT ('', (16.1578058239678, 5.66239308218662, -4.5));
#9212 = CARTESIAN_POINT ('', (16.4996501282521, 5.58803909252476, -4.5));
#9213 = CARTESIAN_POINT ('', (16.8388129334231, 5.53637338996806, -4.5));
#9214 = CARTESIAN_POINT ('', (17.1174705431595, 5.51136975912069, -4.5));
#9215 = CARTESIAN_POINT ('', (17.3373814018842, 5.50159168558241, -4.5));
#9216 = CARTESIAN_POINT ('', (17.4457938006281, 5.50000000000011, -4.5));
#9217 = CARTESIAN_POINT ('', (17.5, 5.50000000000011, -4.5));
#9218 = B_SPLINE_SURFACE_WITH_KNOTS ('', 1, 3, ((#9112, #9113, #9114, #9115, #9116, #9117, #9118, #9119, #9120, #9121, #9122, #9123, #9124, #9125, #9126, #9127, #9128, #9129, #9130, #9131, #9132, #9133, #9134, #9135, #9136, #9137, #9138, #9139, #9140, #9141, #9142, #9143, #9144, #9145, #9146, #9147, #9148, #9149, #9150, #9151, #9152, #9153, #9154, #9155, #9156, #9157, #9158, #9159, #9160, #9161, #9162, #9163, #9164), (#9165, #9166, #9167, #9168, #9169, #9170, #9171, #9172, #9173, #9174, #9175, #9176, #9177, #9178, #9179, #9180, #9181, #9182, #9183, #9184, #9185, #9186, #9187, #9188, #9189, #9190, #9191, #9192, #9193, #9194, #9195, #9196, #9197, #9198, #9199, #9200, #9201, #9202, #9203, #9204, #9205, #9206, #9207, #9208, #9209, #9210, #9211, #9212, #9213, #9214, #9215, #9216, #9217)), .UNSPECIFIED., .F., .F., .U., (2, 2), (4, 1, 1, 1, 1, 1, 1, 1, 1, 1, 1, 1, 1, 1, 1, 1, 1, 1, 1, 1, 1, 1, 1, 1, 1, 1, 1, 1, 1, 1, 1, 1, 1, 1, 1, 1, 1, 1, 1, 1, 1, 1, 1, 1, 1, 1, 1, 1, 1, 1, 4), (0., 1.), (0., 0.0208333333333332, 0.0312499999999998, 0.0416666666666667, 0.0520833333333334, 0.0625000000000001, 0.0729166666666667, 0.0833333333333334, 0.09375, 0.104166666666667, 0.114583333333333, 0.125, 0.135416666666667, 0.145833333333333, 0.15625, 0.166666666666667, 0.177083333333333, 0.1875, 0.197916666666667, 0.208333333333333, 0.21875, 0.229166666666667, 0.239583333333333, 0.244791666666667, 0.25, 0.255208333333333, 0.260416666666667, 0.270833333333333, 0.28125, 0.291666666666667, 0.302083333333333, 0.3125, 0.322916666666667, 0.333333333333333, 0.34375, 0.354166666666667, 0.364583333333334, 0.375, 0.385416666666667, 0.395833333333334, 0.40625, 0.416666666666667, 0.427083333333334, 0.4375, 0.447916666666667, 0.458333333333334, 0.46875, 0.479166666666667, 0.489583333333334, 0.494791666666667, 0.5), .UNSPECIFIED.);
#9219 = ADVANCED_FACE ('', (#9111), #9218, .T.);
#9220 = ORIENTED_EDGE ('', *, *, #5374, .F.);
#9221 = ORIENTED_EDGE ('', *, *, #1327, .F.);
#9222 = ORIENTED_EDGE ('', *, *, #5389, .T.);
#9223 = ORIENTED_EDGE ('', *, *, #8183, .T.);
#9224 = EDGE_LOOP ('', (#9220, #9221, #9222, #9223));
#9225 = FACE_OUTER_BOUND ('', #9224, .T.);
#9226 = CARTESIAN_POINT ('', (100., 80.7500000000001, -5.));
#9227 = CARTESIAN_POINT ('', (94., 80.7500000000001, -5.));
#9228 = CARTESIAN_POINT ('', (94., 74.7500000000001, -5.));
#9229 = CARTESIAN_POINT ('', (94., 68.7500000000001, -5.));
#9230 = CARTESIAN_POINT ('', (100., 68.7500000000001, -5.));
#9231 = CARTESIAN_POINT ('', (100., 80.7500000000001, -3.5));
#9232 = CARTESIAN_POINT ('', (94., 80.7500000000001, -3.5));
#9233 = CARTESIAN_POINT ('', (94., 74.7500000000001, -3.5));
#9234 = CARTESIAN_POINT ('', (94., 68.7500000000001, -3.5));
#9235 = CARTESIAN_POINT ('', (100., 68.7500000000001, -3.5));
#9236 = (
   BOUNDED_SURFACE ()
   B_SPLINE_SURFACE (1, 2, ((#9226, #9227, #9228, #9229, #9230), (#9231, #9232, #9233, #9234, #9235)), .UNSPECIFIED., .F., .F., .U.)
   B_SPLINE_SURFACE_WITH_KNOTS ((2, 2), (3, 2, 3), (0.0833333333333338, 0.916666666666667), (0., 0.25, 0.5), .UNSPECIFIED.)
   GEOMETRIC_REPRESENTATION_ITEM ()
   RATIONAL_B_SPLINE_SURFACE (((1., 0.707106781186548, 1., 0.707106781186548, 1.), (1., 0.707106781186548, 1., 0.707106781186548, 1.)))
   REPRESENTATION_ITEM ('')
   SURFACE ()
);
#9237 = ADVANCED_FACE ('', (#9225), #9236, .T.);
#9238 = ORIENTED_EDGE ('', *, *, #5411, .F.);
#9239 = ORIENTED_EDGE ('', *, *, #1305, .F.);
#9240 = ORIENTED_EDGE ('', *, *, #5426, .T.);
#9241 = ORIENTED_EDGE ('', *, *, #8172, .T.);
#9242 = EDGE_LOOP ('', (#9238, #9239, #9240, #9241));
#9243 = FACE_OUTER_BOUND ('', #9242, .T.);
#9244 = CARTESIAN_POINT ('', (100., 55.2500000000001, -5.));
#9245 = CARTESIAN_POINT ('', (94., 55.2500000000001, -5.));
#9246 = CARTESIAN_POINT ('', (94., 49.2500000000001, -5.));
#9247 = CARTESIAN_POINT ('', (94., 43.2500000000001, -5.));
#9248 = CARTESIAN_POINT ('', (100., 43.2500000000001, -5.));
#9249 = CARTESIAN_POINT ('', (100., 55.2500000000001, -3.5));
#9250 = CARTESIAN_POINT ('', (94., 55.2500000000001, -3.5));
#9251 = CARTESIAN_POINT ('', (94., 49.2500000000001, -3.5));
#9252 = CARTESIAN_POINT ('', (94., 43.2500000000001, -3.5));
#9253 = CARTESIAN_POINT ('', (100., 43.2500000000001, -3.5));
#9254 = (
   BOUNDED_SURFACE ()
   B_SPLINE_SURFACE (1, 2, ((#9244, #9245, #9246, #9247, #9248), (#9249, #9250, #9251, #9252, #9253)), .UNSPECIFIED., .F., .F., .U.)
   B_SPLINE_SURFACE_WITH_KNOTS ((2, 2), (3, 2, 3), (0.0833333333333338, 0.916666666666667), (0., 0.25, 0.5), .UNSPECIFIED.)
   GEOMETRIC_REPRESENTATION_ITEM ()
   RATIONAL_B_SPLINE_SURFACE (((1., 0.707106781186548, 1., 0.707106781186548, 1.), (1., 0.707106781186548, 1., 0.707106781186548, 1.)))
   REPRESENTATION_ITEM ('')
   SURFACE ()
);
#9255 = ADVANCED_FACE ('', (#9243), #9254, .T.);
#9256 = ORIENTED_EDGE ('', *, *, #5448, .F.);
#9257 = ORIENTED_EDGE ('', *, *, #1283, .F.);
#9258 = ORIENTED_EDGE ('', *, *, #5463, .T.);
#9259 = ORIENTED_EDGE ('', *, *, #8161, .T.);
#9260 = EDGE_LOOP ('', (#9256, #9257, #9258, #9259));
#9261 = FACE_OUTER_BOUND ('', #9260, .T.);
#9262 = CARTESIAN_POINT ('', (107.5, 17.0000000000001, -5.));
#9263 = CARTESIAN_POINT ('', (101.5, 17.0000000000001, -5.));
#9264 = CARTESIAN_POINT ('', (101.5, 11.0000000000001, -5.));
#9265 = CARTESIAN_POINT ('', (101.5, 5.00000000000011, -5.));
#9266 = CARTESIAN_POINT ('', (107.5, 5.00000000000011, -5.));
#9267 = CARTESIAN_POINT ('', (107.5, 17.0000000000001, -3.5));
#9268 = CARTESIAN_POINT ('', (101.5, 17.0000000000001, -3.5));
#9269 = CARTESIAN_POINT ('', (101.5, 11.0000000000001, -3.5));
#9270 = CARTESIAN_POINT ('', (101.5, 5.00000000000011, -3.5));
#9271 = CARTESIAN_POINT ('', (107.5, 5.00000000000011, -3.5));
#9272 = (
   BOUNDED_SURFACE ()
   B_SPLINE_SURFACE (1, 2, ((#9262, #9263, #9264, #9265, #9266), (#9267, #9268, #9269, #9270, #9271)), .UNSPECIFIED., .F., .F., .U.)
   B_SPLINE_SURFACE_WITH_KNOTS ((2, 2), (3, 2, 3), (0.0833333333333338, 0.916666666666667), (0., 0.25, 0.5), .UNSPECIFIED.)
   GEOMETRIC_REPRESENTATION_ITEM ()
   RATIONAL_B_SPLINE_SURFACE (((1., 0.707106781186548, 1., 0.707106781186548, 1.), (1., 0.707106781186548, 1., 0.707106781186548, 1.)))
   REPRESENTATION_ITEM ('')
   SURFACE ()
);
#9273 = ADVANCED_FACE ('', (#9261), #9272, .T.);
#9274 = ORIENTED_EDGE ('', *, *, #5485, .F.);
#9275 = ORIENTED_EDGE ('', *, *, #1261, .F.);
#9276 = ORIENTED_EDGE ('', *, *, #5500, .T.);
#9277 = ORIENTED_EDGE ('', *, *, #8150, .T.);
#9278 = EDGE_LOOP ('', (#9274, #9275, #9276, #9277));
#9279 = FACE_OUTER_BOUND ('', #9278, .T.);
#9280 = CARTESIAN_POINT ('', (115., 29.7500000000001, -5.));
#9281 = CARTESIAN_POINT ('', (109., 29.7500000000001, -5.));
#9282 = CARTESIAN_POINT ('', (109., 23.7500000000001, -5.));
#9283 = CARTESIAN_POINT ('', (109., 17.7500000000001, -5.));
#9284 = CARTESIAN_POINT ('', (115., 17.7500000000001, -5.));
#9285 = CARTESIAN_POINT ('', (115., 29.7500000000001, -3.5));
#9286 = CARTESIAN_POINT ('', (109., 29.7500000000001, -3.5));
#9287 = CARTESIAN_POINT ('', (109., 23.7500000000001, -3.5));
#9288 = CARTESIAN_POINT ('', (109., 17.7500000000001, -3.5));
#9289 = CARTESIAN_POINT ('', (115., 17.7500000000001, -3.5));
#9290 = (
   BOUNDED_SURFACE ()
   B_SPLINE_SURFACE (1, 2, ((#9280, #9281, #9282, #9283, #9284), (#9285, #9286, #9287, #9288, #9289)), .UNSPECIFIED., .F., .F., .U.)
   B_SPLINE_SURFACE_WITH_KNOTS ((2, 2), (3, 2, 3), (0.0833333333333338, 0.916666666666667), (0., 0.25, 0.5), .UNSPECIFIED.)
   GEOMETRIC_REPRESENTATION_ITEM ()
   RATIONAL_B_SPLINE_SURFACE (((1., 0.707106781186548, 1., 0.707106781186548, 1.), (1., 0.707106781186548, 1., 0.707106781186548, 1.)))
   REPRESENTATION_ITEM ('')
   SURFACE ()
);
#9291 = ADVANCED_FACE ('', (#9279), #9290, .T.);
#9292 = ORIENTED_EDGE ('', *, *, #5522, .F.);
#9293 = ORIENTED_EDGE ('', *, *, #1239, .F.);
#9294 = ORIENTED_EDGE ('', *, *, #5537, .T.);
#9295 = ORIENTED_EDGE ('', *, *, #8139, .T.);
#9296 = EDGE_LOOP ('', (#9292, #9293, #9294, #9295));
#9297 = FACE_OUTER_BOUND ('', #9296, .T.);
#9298 = CARTESIAN_POINT ('', (100., 29.7500000000001, -5.));
#9299 = CARTESIAN_POINT ('', (94., 29.7500000000001, -5.));
#9300 = CARTESIAN_POINT ('', (94., 23.7500000000001, -5.));
#9301 = CARTESIAN_POINT ('', (94., 17.7500000000001, -5.));
#9302 = CARTESIAN_POINT ('', (100., 17.7500000000001, -5.));
#9303 = CARTESIAN_POINT ('', (100., 29.7500000000001, -3.5));
#9304 = CARTESIAN_POINT ('', (94., 29.7500000000001, -3.5));
#9305 = CARTESIAN_POINT ('', (94., 23.7500000000001, -3.5));
#9306 = CARTESIAN_POINT ('', (94., 17.7500000000001, -3.5));
#9307 = CARTESIAN_POINT ('', (100., 17.7500000000001, -3.5));
#9308 = (
   BOUNDED_SURFACE ()
   B_SPLINE_SURFACE (1, 2, ((#9298, #9299, #9300, #9301, #9302), (#9303, #9304, #9305, #9306, #9307)), .UNSPECIFIED., .F., .F., .U.)
   B_SPLINE_SURFACE_WITH_KNOTS ((2, 2), (3, 2, 3), (0.0833333333333338, 0.916666666666667), (0., 0.25, 0.5), .UNSPECIFIED.)
   GEOMETRIC_REPRESENTATION_ITEM ()
   RATIONAL_B_SPLINE_SURFACE (((1., 0.707106781186548, 1., 0.707106781186548, 1.), (1., 0.707106781186548, 1., 0.707106781186548, 1.)))
   REPRESENTATION_ITEM ('')
   SURFACE ()
);
#9309 = ADVANCED_FACE ('', (#9297), #9308, .T.);
#9310 = ORIENTED_EDGE ('', *, *, #5559, .F.);
#9311 = ORIENTED_EDGE ('', *, *, #1217, .F.);
#9312 = ORIENTED_EDGE ('', *, *, #5574, .T.);
#9313 = ORIENTED_EDGE ('', *, *, #8128, .T.);
#9314 = EDGE_LOOP ('', (#9310, #9311, #9312, #9313));
#9315 = FACE_OUTER_BOUND ('', #9314, .T.);
#9316 = CARTESIAN_POINT ('', (115., 55.2500000000001, -5.));
#9317 = CARTESIAN_POINT ('', (109., 55.2500000000001, -5.));
#9318 = CARTESIAN_POINT ('', (109., 49.2500000000001, -5.));
#9319 = CARTESIAN_POINT ('', (109., 43.2500000000001, -5.));
#9320 = CARTESIAN_POINT ('', (115., 43.2500000000001, -5.));
#9321 = CARTESIAN_POINT ('', (115., 55.2500000000001, -3.5));
#9322 = CARTESIAN_POINT ('', (109., 55.2500000000001, -3.5));
#9323 = CARTESIAN_POINT ('', (109., 49.2500000000001, -3.5));
#9324 = CARTESIAN_POINT ('', (109., 43.2500000000001, -3.5));
#9325 = CARTESIAN_POINT ('', (115., 43.2500000000001, -3.5));
#9326 = (
   BOUNDED_SURFACE ()
   B_SPLINE_SURFACE (1, 2, ((#9316, #9317, #9318, #9319, #9320), (#9321, #9322, #9323, #9324, #9325)), .UNSPECIFIED., .F., .F., .U.)
   B_SPLINE_SURFACE_WITH_KNOTS ((2, 2), (3, 2, 3), (0.0833333333333338, 0.916666666666667), (0., 0.25, 0.5), .UNSPECIFIED.)
   GEOMETRIC_REPRESENTATION_ITEM ()
   RATIONAL_B_SPLINE_SURFACE (((1., 0.707106781186548, 1., 0.707106781186548, 1.), (1., 0.707106781186548, 1., 0.707106781186548, 1.)))
   REPRESENTATION_ITEM ('')
   SURFACE ()
);
#9327 = ADVANCED_FACE ('', (#9315), #9326, .T.);
#9328 = ORIENTED_EDGE ('', *, *, #5596, .F.);
#9329 = ORIENTED_EDGE ('', *, *, #1195, .F.);
#9330 = ORIENTED_EDGE ('', *, *, #5611, .T.);
#9331 = ORIENTED_EDGE ('', *, *, #8117, .T.);
#9332 = EDGE_LOOP ('', (#9328, #9329, #9330, #9331));
#9333 = FACE_OUTER_BOUND ('', #9332, .T.);
#9334 = CARTESIAN_POINT ('', (107.5, 42.5000000000001, -5.));
#9335 = CARTESIAN_POINT ('', (101.5, 42.5000000000001, -5.));
#9336 = CARTESIAN_POINT ('', (101.5, 36.5000000000001, -5.));
#9337 = CARTESIAN_POINT ('', (101.5, 30.5000000000001, -5.));
#9338 = CARTESIAN_POINT ('', (107.5, 30.5000000000001, -5.));
#9339 = CARTESIAN_POINT ('', (107.5, 42.5000000000001, -3.5));
#9340 = CARTESIAN_POINT ('', (101.5, 42.5000000000001, -3.5));
#9341 = CARTESIAN_POINT ('', (101.5, 36.5000000000001, -3.5));
#9342 = CARTESIAN_POINT ('', (101.5, 30.5000000000001, -3.5));
#9343 = CARTESIAN_POINT ('', (107.5, 30.5000000000001, -3.5));
#9344 = (
   BOUNDED_SURFACE ()
   B_SPLINE_SURFACE (1, 2, ((#9334, #9335, #9336, #9337, #9338), (#9339, #9340, #9341, #9342, #9343)), .UNSPECIFIED., .F., .F., .U.)
   B_SPLINE_SURFACE_WITH_KNOTS ((2, 2), (3, 2, 3), (0.0833333333333338, 0.916666666666667), (0., 0.25, 0.5), .UNSPECIFIED.)
   GEOMETRIC_REPRESENTATION_ITEM ()
   RATIONAL_B_SPLINE_SURFACE (((1., 0.707106781186548, 1., 0.707106781186548, 1.), (1., 0.707106781186548, 1., 0.707106781186548, 1.)))
   REPRESENTATION_ITEM ('')
   SURFACE ()
);
#9345 = ADVANCED_FACE ('', (#9333), #9344, .T.);
#9346 = ORIENTED_EDGE ('', *, *, #5633, .F.);
#9347 = ORIENTED_EDGE ('', *, *, #1173, .F.);
#9348 = ORIENTED_EDGE ('', *, *, #5648, .T.);
#9349 = ORIENTED_EDGE ('', *, *, #8106, .T.);
#9350 = EDGE_LOOP ('', (#9346, #9347, #9348, #9349));
#9351 = FACE_OUTER_BOUND ('', #9350, .T.);
#9352 = CARTESIAN_POINT ('', (122.5, 42.5000000000001, -5.));
#9353 = CARTESIAN_POINT ('', (116.5, 42.5000000000001, -5.));
#9354 = CARTESIAN_POINT ('', (116.5, 36.5000000000001, -5.));
#9355 = CARTESIAN_POINT ('', (116.5, 30.5000000000001, -5.));
#9356 = CARTESIAN_POINT ('', (122.5, 30.5000000000001, -5.));
#9357 = CARTESIAN_POINT ('', (122.5, 42.5000000000001, -3.5));
#9358 = CARTESIAN_POINT ('', (116.5, 42.5000000000001, -3.5));
#9359 = CARTESIAN_POINT ('', (116.5, 36.5000000000001, -3.5));
#9360 = CARTESIAN_POINT ('', (116.5, 30.5000000000001, -3.5));
#9361 = CARTESIAN_POINT ('', (122.5, 30.5000000000001, -3.5));
#9362 = (
   BOUNDED_SURFACE ()
   B_SPLINE_SURFACE (1, 2, ((#9352, #9353, #9354, #9355, #9356), (#9357, #9358, #9359, #9360, #9361)), .UNSPECIFIED., .F., .F., .U.)
   B_SPLINE_SURFACE_WITH_KNOTS ((2, 2), (3, 2, 3), (0.0833333333333338, 0.916666666666667), (0., 0.25, 0.5), .UNSPECIFIED.)
   GEOMETRIC_REPRESENTATION_ITEM ()
   RATIONAL_B_SPLINE_SURFACE (((1., 0.707106781186548, 1., 0.707106781186548, 1.), (1., 0.707106781186548, 1., 0.707106781186548, 1.)))
   REPRESENTATION_ITEM ('')
   SURFACE ()
);
#9363 = ADVANCED_FACE ('', (#9351), #9362, .T.);
#9364 = ORIENTED_EDGE ('', *, *, #5670, .F.);
#9365 = ORIENTED_EDGE ('', *, *, #1151, .F.);
#9366 = ORIENTED_EDGE ('', *, *, #5685, .T.);
#9367 = ORIENTED_EDGE ('', *, *, #8095, .T.);
#9368 = EDGE_LOOP ('', (#9364, #9365, #9366, #9367));
#9369 = FACE_OUTER_BOUND ('', #9368, .T.);
#9370 = CARTESIAN_POINT ('', (107.5, 68.0000000000001, -5.));
#9371 = CARTESIAN_POINT ('', (101.5, 68.0000000000001, -5.));
#9372 = CARTESIAN_POINT ('', (101.5, 62.0000000000001, -5.));
#9373 = CARTESIAN_POINT ('', (101.5, 56.0000000000001, -5.));
#9374 = CARTESIAN_POINT ('', (107.5, 56.0000000000001, -5.));
#9375 = CARTESIAN_POINT ('', (107.5, 68.0000000000001, -3.5));
#9376 = CARTESIAN_POINT ('', (101.5, 68.0000000000001, -3.5));
#9377 = CARTESIAN_POINT ('', (101.5, 62.0000000000001, -3.5));
#9378 = CARTESIAN_POINT ('', (101.5, 56.0000000000001, -3.5));
#9379 = CARTESIAN_POINT ('', (107.5, 56.0000000000001, -3.5));
#9380 = (
   BOUNDED_SURFACE ()
   B_SPLINE_SURFACE (1, 2, ((#9370, #9371, #9372, #9373, #9374), (#9375, #9376, #9377, #9378, #9379)), .UNSPECIFIED., .F., .F., .U.)
   B_SPLINE_SURFACE_WITH_KNOTS ((2, 2), (3, 2, 3), (0.0833333333333338, 0.916666666666667), (0., 0.25, 0.5), .UNSPECIFIED.)
   GEOMETRIC_REPRESENTATION_ITEM ()
   RATIONAL_B_SPLINE_SURFACE (((1., 0.707106781186548, 1., 0.707106781186548, 1.), (1., 0.707106781186548, 1., 0.707106781186548, 1.)))
   REPRESENTATION_ITEM ('')
   SURFACE ()
);
#9381 = ADVANCED_FACE ('', (#9369), #9380, .T.);
#9382 = ORIENTED_EDGE ('', *, *, #5707, .F.);
#9383 = ORIENTED_EDGE ('', *, *, #1118, .F.);
#9384 = ORIENTED_EDGE ('', *, *, #5722, .T.);
#9385 = ORIENTED_EDGE ('', *, *, #8073, .T.);
#9386 = EDGE_LOOP ('', (#9382, #9383, #9384, #9385));
#9387 = FACE_OUTER_BOUND ('', #9386, .T.);
#9388 = CARTESIAN_POINT ('', (122.5, 68.0000000000001, -5.));
#9389 = CARTESIAN_POINT ('', (116.5, 68.0000000000001, -5.));
#9390 = CARTESIAN_POINT ('', (116.5, 62.0000000000001, -5.));
#9391 = CARTESIAN_POINT ('', (116.5, 56.0000000000001, -5.));
#9392 = CARTESIAN_POINT ('', (122.5, 56.0000000000001, -5.));
#9393 = CARTESIAN_POINT ('', (122.5, 68.0000000000001, -3.5));
#9394 = CARTESIAN_POINT ('', (116.5, 68.0000000000001, -3.5));
#9395 = CARTESIAN_POINT ('', (116.5, 62.0000000000001, -3.5));
#9396 = CARTESIAN_POINT ('', (116.5, 56.0000000000001, -3.5));
#9397 = CARTESIAN_POINT ('', (122.5, 56.0000000000001, -3.5));
#9398 = (
   BOUNDED_SURFACE ()
   B_SPLINE_SURFACE (1, 2, ((#9388, #9389, #9390, #9391, #9392), (#9393, #9394, #9395, #9396, #9397)), .UNSPECIFIED., .F., .F., .U.)
   B_SPLINE_SURFACE_WITH_KNOTS ((2, 2), (3, 2, 3), (0.0833333333333338, 0.916666666666667), (0., 0.25, 0.5), .UNSPECIFIED.)
   GEOMETRIC_REPRESENTATION_ITEM ()
   RATIONAL_B_SPLINE_SURFACE (((1., 0.707106781186548, 1., 0.707106781186548, 1.), (1., 0.707106781186548, 1., 0.707106781186548, 1.)))
   REPRESENTATION_ITEM ('')
   SURFACE ()
);
#9399 = ADVANCED_FACE ('', (#9387), #9398, .T.);
#9400 = ORIENTED_EDGE ('', *, *, #5744, .F.);
#9401 = ORIENTED_EDGE ('', *, *, #1096, .F.);
#9402 = ORIENTED_EDGE ('', *, *, #5759, .T.);
#9403 = ORIENTED_EDGE ('', *, *, #8062, .T.);
#9404 = EDGE_LOOP ('', (#9400, #9401, #9402, #9403));
#9405 = FACE_OUTER_BOUND ('', #9404, .T.);
#9406 = CARTESIAN_POINT ('', (92.5, 93.5000000000001, -5.));
#9407 = CARTESIAN_POINT ('', (86.5, 93.5000000000001, -5.));
#9408 = CARTESIAN_POINT ('', (86.5, 87.5000000000001, -5.));
#9409 = CARTESIAN_POINT ('', (86.5, 81.5000000000001, -5.));
#9410 = CARTESIAN_POINT ('', (92.5, 81.5000000000001, -5.));
#9411 = CARTESIAN_POINT ('', (92.5, 93.5000000000001, -3.5));
#9412 = CARTESIAN_POINT ('', (86.5, 93.5000000000001, -3.5));
#9413 = CARTESIAN_POINT ('', (86.5, 87.5000000000001, -3.5));
#9414 = CARTESIAN_POINT ('', (86.5, 81.5000000000001, -3.5));
#9415 = CARTESIAN_POINT ('', (92.5, 81.5000000000001, -3.5));
#9416 = (
   BOUNDED_SURFACE ()
   B_SPLINE_SURFACE (1, 2, ((#9406, #9407, #9408, #9409, #9410), (#9411, #9412, #9413, #9414, #9415)), .UNSPECIFIED., .F., .F., .U.)
   B_SPLINE_SURFACE_WITH_KNOTS ((2, 2), (3, 2, 3), (0.0833333333333338, 0.916666666666667), (0., 0.25, 0.5), .UNSPECIFIED.)
   GEOMETRIC_REPRESENTATION_ITEM ()
   RATIONAL_B_SPLINE_SURFACE (((1., 0.707106781186548, 1., 0.707106781186548, 1.), (1., 0.707106781186548, 1., 0.707106781186548, 1.)))
   REPRESENTATION_ITEM ('')
   SURFACE ()
);
#9417 = ADVANCED_FACE ('', (#9405), #9416, .T.);
#9418 = ORIENTED_EDGE ('', *, *, #5781, .F.);
#9419 = ORIENTED_EDGE ('', *, *, #1074, .F.);
#9420 = ORIENTED_EDGE ('', *, *, #5796, .T.);
#9421 = ORIENTED_EDGE ('', *, *, #8051, .T.);
#9422 = EDGE_LOOP ('', (#9418, #9419, #9420, #9421));
#9423 = FACE_OUTER_BOUND ('', #9422, .T.);
#9424 = CARTESIAN_POINT ('', (77.5, 93.5000000000001, -5.));
#9425 = CARTESIAN_POINT ('', (71.5, 93.5000000000001, -5.));
#9426 = CARTESIAN_POINT ('', (71.5, 87.5000000000001, -5.));
#9427 = CARTESIAN_POINT ('', (71.5, 81.5000000000001, -5.));
#9428 = CARTESIAN_POINT ('', (77.5, 81.5000000000001, -5.));
#9429 = CARTESIAN_POINT ('', (77.5, 93.5000000000001, -3.5));
#9430 = CARTESIAN_POINT ('', (71.5, 93.5000000000001, -3.5));
#9431 = CARTESIAN_POINT ('', (71.5, 87.5000000000001, -3.5));
#9432 = CARTESIAN_POINT ('', (71.5, 81.5000000000001, -3.5));
#9433 = CARTESIAN_POINT ('', (77.5, 81.5000000000001, -3.5));
#9434 = (
   BOUNDED_SURFACE ()
   B_SPLINE_SURFACE (1, 2, ((#9424, #9425, #9426, #9427, #9428), (#9429, #9430, #9431, #9432, #9433)), .UNSPECIFIED., .F., .F., .U.)
   B_SPLINE_SURFACE_WITH_KNOTS ((2, 2), (3, 2, 3), (0.0833333333333338, 0.916666666666667), (0., 0.25, 0.5), .UNSPECIFIED.)
   GEOMETRIC_REPRESENTATION_ITEM ()
   RATIONAL_B_SPLINE_SURFACE (((1., 0.707106781186548, 1., 0.707106781186548, 1.), (1., 0.707106781186548, 1., 0.707106781186548, 1.)))
   REPRESENTATION_ITEM ('')
   SURFACE ()
);
#9435 = ADVANCED_FACE ('', (#9423), #9434, .T.);
#9436 = ORIENTED_EDGE ('', *, *, #5818, .F.);
#9437 = ORIENTED_EDGE ('', *, *, #1052, .F.);
#9438 = ORIENTED_EDGE ('', *, *, #5833, .T.);
#9439 = ORIENTED_EDGE ('', *, *, #8040, .T.);
#9440 = EDGE_LOOP ('', (#9436, #9437, #9438, #9439));
#9441 = FACE_OUTER_BOUND ('', #9440, .T.);
#9442 = CARTESIAN_POINT ('', (62.5, 93.5000000000001, -5.));
#9443 = CARTESIAN_POINT ('', (56.5, 93.5000000000001, -5.));
#9444 = CARTESIAN_POINT ('', (56.5, 87.5000000000001, -5.));
#9445 = CARTESIAN_POINT ('', (56.5, 81.5000000000001, -5.));
#9446 = CARTESIAN_POINT ('', (62.5, 81.5000000000001, -5.));
#9447 = CARTESIAN_POINT ('', (62.5, 93.5000000000001, -3.5));
#9448 = CARTESIAN_POINT ('', (56.5, 93.5000000000001, -3.5));
#9449 = CARTESIAN_POINT ('', (56.5, 87.5000000000001, -3.5));
#9450 = CARTESIAN_POINT ('', (56.5, 81.5000000000001, -3.5));
#9451 = CARTESIAN_POINT ('', (62.5, 81.5000000000001, -3.5));
#9452 = (
   BOUNDED_SURFACE ()
   B_SPLINE_SURFACE (1, 2, ((#9442, #9443, #9444, #9445, #9446), (#9447, #9448, #9449, #9450, #9451)), .UNSPECIFIED., .F., .F., .U.)
   B_SPLINE_SURFACE_WITH_KNOTS ((2, 2), (3, 2, 3), (0.0833333333333338, 0.916666666666667), (0., 0.25, 0.5), .UNSPECIFIED.)
   GEOMETRIC_REPRESENTATION_ITEM ()
   RATIONAL_B_SPLINE_SURFACE (((1., 0.707106781186548, 1., 0.707106781186548, 1.), (1., 0.707106781186548, 1., 0.707106781186548, 1.)))
   REPRESENTATION_ITEM ('')
   SURFACE ()
);
#9453 = ADVANCED_FACE ('', (#9441), #9452, .T.);
#9454 = ORIENTED_EDGE ('', *, *, #5855, .F.);
#9455 = ORIENTED_EDGE ('', *, *, #1030, .F.);
#9456 = ORIENTED_EDGE ('', *, *, #5870, .T.);
#9457 = ORIENTED_EDGE ('', *, *, #8029, .T.);
#9458 = EDGE_LOOP ('', (#9454, #9455, #9456, #9457));
#9459 = FACE_OUTER_BOUND ('', #9458, .T.);
#9460 = CARTESIAN_POINT ('', (47.5, 93.5000000000001, -5.));
#9461 = CARTESIAN_POINT ('', (41.5, 93.5000000000001, -5.));
#9462 = CARTESIAN_POINT ('', (41.5, 87.5000000000001, -5.));
#9463 = CARTESIAN_POINT ('', (41.5, 81.5000000000001, -5.));
#9464 = CARTESIAN_POINT ('', (47.5, 81.5000000000001, -5.));
#9465 = CARTESIAN_POINT ('', (47.5, 93.5000000000001, -3.5));
#9466 = CARTESIAN_POINT ('', (41.5, 93.5000000000001, -3.5));
#9467 = CARTESIAN_POINT ('', (41.5, 87.5000000000001, -3.5));
#9468 = CARTESIAN_POINT ('', (41.5, 81.5000000000001, -3.5));
#9469 = CARTESIAN_POINT ('', (47.5, 81.5000000000001, -3.5));
#9470 = (
   BOUNDED_SURFACE ()
   B_SPLINE_SURFACE (1, 2, ((#9460, #9461, #9462, #9463, #9464), (#9465, #9466, #9467, #9468, #9469)), .UNSPECIFIED., .F., .F., .U.)
   B_SPLINE_SURFACE_WITH_KNOTS ((2, 2), (3, 2, 3), (0.0833333333333338, 0.916666666666667), (0., 0.25, 0.5), .UNSPECIFIED.)
   GEOMETRIC_REPRESENTATION_ITEM ()
   RATIONAL_B_SPLINE_SURFACE (((1., 0.707106781186548, 1., 0.707106781186548, 1.), (1., 0.707106781186548, 1., 0.707106781186548, 1.)))
   REPRESENTATION_ITEM ('')
   SURFACE ()
);
#9471 = ADVANCED_FACE ('', (#9459), #9470, .T.);
#9472 = ORIENTED_EDGE ('', *, *, #5892, .F.);
#9473 = ORIENTED_EDGE ('', *, *, #1008, .F.);
#9474 = ORIENTED_EDGE ('', *, *, #5907, .T.);
#9475 = ORIENTED_EDGE ('', *, *, #8018, .T.);
#9476 = EDGE_LOOP ('', (#9472, #9473, #9474, #9475));
#9477 = FACE_OUTER_BOUND ('', #9476, .T.);
#9478 = CARTESIAN_POINT ('', (32.5, 93.5000000000001, -5.));
#9479 = CARTESIAN_POINT ('', (26.5, 93.5000000000001, -5.));
#9480 = CARTESIAN_POINT ('', (26.5, 87.5000000000001, -5.));
#9481 = CARTESIAN_POINT ('', (26.5, 81.5000000000001, -5.));
#9482 = CARTESIAN_POINT ('', (32.5, 81.5000000000001, -5.));
#9483 = CARTESIAN_POINT ('', (32.5, 93.5000000000001, -3.5));
#9484 = CARTESIAN_POINT ('', (26.5, 93.5000000000001, -3.5));
#9485 = CARTESIAN_POINT ('', (26.5, 87.5000000000001, -3.5));
#9486 = CARTESIAN_POINT ('', (26.5, 81.5000000000001, -3.5));
#9487 = CARTESIAN_POINT ('', (32.5, 81.5000000000001, -3.5));
#9488 = (
   BOUNDED_SURFACE ()
   B_SPLINE_SURFACE (1, 2, ((#9478, #9479, #9480, #9481, #9482), (#9483, #9484, #9485, #9486, #9487)), .UNSPECIFIED., .F., .F., .U.)
   B_SPLINE_SURFACE_WITH_KNOTS ((2, 2), (3, 2, 3), (0.0833333333333338, 0.916666666666667), (0., 0.25, 0.5), .UNSPECIFIED.)
   GEOMETRIC_REPRESENTATION_ITEM ()
   RATIONAL_B_SPLINE_SURFACE (((1., 0.707106781186548, 1., 0.707106781186548, 1.), (1., 0.707106781186548, 1., 0.707106781186548, 1.)))
   REPRESENTATION_ITEM ('')
   SURFACE ()
);
#9489 = ADVANCED_FACE ('', (#9477), #9488, .T.);
#9490 = ORIENTED_EDGE ('', *, *, #5929, .F.);
#9491 = ORIENTED_EDGE ('', *, *, #986, .F.);
#9492 = ORIENTED_EDGE ('', *, *, #5944, .T.);
#9493 = ORIENTED_EDGE ('', *, *, #8007, .T.);
#9494 = EDGE_LOOP ('', (#9490, #9491, #9492, #9493));
#9495 = FACE_OUTER_BOUND ('', #9494, .T.);
#9496 = CARTESIAN_POINT ('', (85., 80.7500000000001, -5.));
#9497 = CARTESIAN_POINT ('', (79., 80.7500000000001, -5.));
#9498 = CARTESIAN_POINT ('', (79., 74.7500000000001, -5.));
#9499 = CARTESIAN_POINT ('', (79., 68.7500000000001, -5.));
#9500 = CARTESIAN_POINT ('', (85., 68.7500000000001, -5.));
#9501 = CARTESIAN_POINT ('', (85., 80.7500000000001, -3.5));
#9502 = CARTESIAN_POINT ('', (79., 80.7500000000001, -3.5));
#9503 = CARTESIAN_POINT ('', (79., 74.7500000000001, -3.5));
#9504 = CARTESIAN_POINT ('', (79., 68.7500000000001, -3.5));
#9505 = CARTESIAN_POINT ('', (85., 68.7500000000001, -3.5));
#9506 = (
   BOUNDED_SURFACE ()
   B_SPLINE_SURFACE (1, 2, ((#9496, #9497, #9498, #9499, #9500), (#9501, #9502, #9503, #9504, #9505)), .UNSPECIFIED., .F., .F., .U.)
   B_SPLINE_SURFACE_WITH_KNOTS ((2, 2), (3, 2, 3), (0.0833333333333338, 0.916666666666667), (0., 0.25, 0.5), .UNSPECIFIED.)
   GEOMETRIC_REPRESENTATION_ITEM ()
   RATIONAL_B_SPLINE_SURFACE (((1., 0.707106781186548, 1., 0.707106781186548, 1.), (1., 0.707106781186548, 1., 0.707106781186548, 1.)))
   REPRESENTATION_ITEM ('')
   SURFACE ()
);
#9507 = ADVANCED_FACE ('', (#9495), #9506, .T.);
#9508 = ORIENTED_EDGE ('', *, *, #5966, .F.);
#9509 = ORIENTED_EDGE ('', *, *, #964, .F.);
#9510 = ORIENTED_EDGE ('', *, *, #5981, .T.);
#9511 = ORIENTED_EDGE ('', *, *, #7996, .T.);
#9512 = EDGE_LOOP ('', (#9508, #9509, #9510, #9511));
#9513 = FACE_OUTER_BOUND ('', #9512, .T.);
#9514 = CARTESIAN_POINT ('', (92.5, 68.0000000000001, -5.));
#9515 = CARTESIAN_POINT ('', (86.5, 68.0000000000001, -5.));
#9516 = CARTESIAN_POINT ('', (86.5, 62.0000000000001, -5.));
#9517 = CARTESIAN_POINT ('', (86.5, 56.0000000000001, -5.));
#9518 = CARTESIAN_POINT ('', (92.5, 56.0000000000001, -5.));
#9519 = CARTESIAN_POINT ('', (92.5, 68.0000000000001, -3.5));
#9520 = CARTESIAN_POINT ('', (86.5, 68.0000000000001, -3.5));
#9521 = CARTESIAN_POINT ('', (86.5, 62.0000000000001, -3.5));
#9522 = CARTESIAN_POINT ('', (86.5, 56.0000000000001, -3.5));
#9523 = CARTESIAN_POINT ('', (92.5, 56.0000000000001, -3.5));
#9524 = (
   BOUNDED_SURFACE ()
   B_SPLINE_SURFACE (1, 2, ((#9514, #9515, #9516, #9517, #9518), (#9519, #9520, #9521, #9522, #9523)), .UNSPECIFIED., .F., .F., .U.)
   B_SPLINE_SURFACE_WITH_KNOTS ((2, 2), (3, 2, 3), (0.0833333333333338, 0.916666666666667), (0., 0.25, 0.5), .UNSPECIFIED.)
   GEOMETRIC_REPRESENTATION_ITEM ()
   RATIONAL_B_SPLINE_SURFACE (((1., 0.707106781186548, 1., 0.707106781186548, 1.), (1., 0.707106781186548, 1., 0.707106781186548, 1.)))
   REPRESENTATION_ITEM ('')
   SURFACE ()
);
#9525 = ADVANCED_FACE ('', (#9513), #9524, .T.);
#9526 = ORIENTED_EDGE ('', *, *, #6003, .F.);
#9527 = ORIENTED_EDGE ('', *, *, #942, .F.);
#9528 = ORIENTED_EDGE ('', *, *, #6018, .T.);
#9529 = ORIENTED_EDGE ('', *, *, #7985, .T.);
#9530 = EDGE_LOOP ('', (#9526, #9527, #9528, #9529));
#9531 = FACE_OUTER_BOUND ('', #9530, .T.);
#9532 = CARTESIAN_POINT ('', (77.5, 68.0000000000001, -5.));
#9533 = CARTESIAN_POINT ('', (71.5, 68.0000000000001, -5.));
#9534 = CARTESIAN_POINT ('', (71.5, 62.0000000000001, -5.));
#9535 = CARTESIAN_POINT ('', (71.5, 56.0000000000001, -5.));
#9536 = CARTESIAN_POINT ('', (77.5, 56.0000000000001, -5.));
#9537 = CARTESIAN_POINT ('', (77.5, 68.0000000000001, -3.5));
#9538 = CARTESIAN_POINT ('', (71.5, 68.0000000000001, -3.5));
#9539 = CARTESIAN_POINT ('', (71.5, 62.0000000000001, -3.5));
#9540 = CARTESIAN_POINT ('', (71.5, 56.0000000000001, -3.5));
#9541 = CARTESIAN_POINT ('', (77.5, 56.0000000000001, -3.5));
#9542 = (
   BOUNDED_SURFACE ()
   B_SPLINE_SURFACE (1, 2, ((#9532, #9533, #9534, #9535, #9536), (#9537, #9538, #9539, #9540, #9541)), .UNSPECIFIED., .F., .F., .U.)
   B_SPLINE_SURFACE_WITH_KNOTS ((2, 2), (3, 2, 3), (0.0833333333333338, 0.916666666666667), (0., 0.25, 0.5), .UNSPECIFIED.)
   GEOMETRIC_REPRESENTATION_ITEM ()
   RATIONAL_B_SPLINE_SURFACE (((1., 0.707106781186548, 1., 0.707106781186548, 1.), (1., 0.707106781186548, 1., 0.707106781186548, 1.)))
   REPRESENTATION_ITEM ('')
   SURFACE ()
);
#9543 = ADVANCED_FACE ('', (#9531), #9542, .T.);
#9544 = ORIENTED_EDGE ('', *, *, #6040, .F.);
#9545 = ORIENTED_EDGE ('', *, *, #920, .F.);
#9546 = ORIENTED_EDGE ('', *, *, #6055, .T.);
#9547 = ORIENTED_EDGE ('', *, *, #7974, .T.);
#9548 = EDGE_LOOP ('', (#9544, #9545, #9546, #9547));
#9549 = FACE_OUTER_BOUND ('', #9548, .T.);
#9550 = CARTESIAN_POINT ('', (70., 80.7500000000001, -5.));
#9551 = CARTESIAN_POINT ('', (64., 80.7500000000001, -5.));
#9552 = CARTESIAN_POINT ('', (64., 74.7500000000001, -5.));
#9553 = CARTESIAN_POINT ('', (64., 68.7500000000001, -5.));
#9554 = CARTESIAN_POINT ('', (70., 68.7500000000001, -5.));
#9555 = CARTESIAN_POINT ('', (70., 80.7500000000001, -3.5));
#9556 = CARTESIAN_POINT ('', (64., 80.7500000000001, -3.5));
#9557 = CARTESIAN_POINT ('', (64., 74.7500000000001, -3.5));
#9558 = CARTESIAN_POINT ('', (64., 68.7500000000001, -3.5));
#9559 = CARTESIAN_POINT ('', (70., 68.7500000000001, -3.5));
#9560 = (
   BOUNDED_SURFACE ()
   B_SPLINE_SURFACE (1, 2, ((#9550, #9551, #9552, #9553, #9554), (#9555, #9556, #9557, #9558, #9559)), .UNSPECIFIED., .F., .F., .U.)
   B_SPLINE_SURFACE_WITH_KNOTS ((2, 2), (3, 2, 3), (0.0833333333333338, 0.916666666666667), (0., 0.25, 0.5), .UNSPECIFIED.)
   GEOMETRIC_REPRESENTATION_ITEM ()
   RATIONAL_B_SPLINE_SURFACE (((1., 0.707106781186548, 1., 0.707106781186548, 1.), (1., 0.707106781186548, 1., 0.707106781186548, 1.)))
   REPRESENTATION_ITEM ('')
   SURFACE ()
);
#9561 = ADVANCED_FACE ('', (#9549), #9560, .T.);
#9562 = ORIENTED_EDGE ('', *, *, #6077, .F.);
#9563 = ORIENTED_EDGE ('', *, *, #898, .F.);
#9564 = ORIENTED_EDGE ('', *, *, #6092, .T.);
#9565 = ORIENTED_EDGE ('', *, *, #7963, .T.);
#9566 = EDGE_LOOP ('', (#9562, #9563, #9564, #9565));
#9567 = FACE_OUTER_BOUND ('', #9566, .T.);
#9568 = CARTESIAN_POINT ('', (55., 80.7500000000001, -5.));
#9569 = CARTESIAN_POINT ('', (49., 80.7500000000001, -5.));
#9570 = CARTESIAN_POINT ('', (49., 74.7500000000001, -5.));
#9571 = CARTESIAN_POINT ('', (49., 68.7500000000001, -5.));
#9572 = CARTESIAN_POINT ('', (55., 68.7500000000001, -5.));
#9573 = CARTESIAN_POINT ('', (55., 80.7500000000001, -3.5));
#9574 = CARTESIAN_POINT ('', (49., 80.7500000000001, -3.5));
#9575 = CARTESIAN_POINT ('', (49., 74.7500000000001, -3.5));
#9576 = CARTESIAN_POINT ('', (49., 68.7500000000001, -3.5));
#9577 = CARTESIAN_POINT ('', (55., 68.7500000000001, -3.5));
#9578 = (
   BOUNDED_SURFACE ()
   B_SPLINE_SURFACE (1, 2, ((#9568, #9569, #9570, #9571, #9572), (#9573, #9574, #9575, #9576, #9577)), .UNSPECIFIED., .F., .F., .U.)
   B_SPLINE_SURFACE_WITH_KNOTS ((2, 2), (3, 2, 3), (0.0833333333333338, 0.916666666666667), (0., 0.25, 0.5), .UNSPECIFIED.)
   GEOMETRIC_REPRESENTATION_ITEM ()
   RATIONAL_B_SPLINE_SURFACE (((1., 0.707106781186548, 1., 0.707106781186548, 1.), (1., 0.707106781186548, 1., 0.707106781186548, 1.)))
   REPRESENTATION_ITEM ('')
   SURFACE ()
);
#9579 = ADVANCED_FACE ('', (#9567), #9578, .T.);
#9580 = ORIENTED_EDGE ('', *, *, #6114, .F.);
#9581 = ORIENTED_EDGE ('', *, *, #876, .F.);
#9582 = ORIENTED_EDGE ('', *, *, #6129, .T.);
#9583 = ORIENTED_EDGE ('', *, *, #7952, .T.);
#9584 = EDGE_LOOP ('', (#9580, #9581, #9582, #9583));
#9585 = FACE_OUTER_BOUND ('', #9584, .T.);
#9586 = CARTESIAN_POINT ('', (62.5, 68.0000000000001, -5.));
#9587 = CARTESIAN_POINT ('', (56.5, 68.0000000000001, -5.));
#9588 = CARTESIAN_POINT ('', (56.5, 62.0000000000001, -5.));
#9589 = CARTESIAN_POINT ('', (56.5, 56.0000000000001, -5.));
#9590 = CARTESIAN_POINT ('', (62.5, 56.0000000000001, -5.));
#9591 = CARTESIAN_POINT ('', (62.5, 68.0000000000001, -3.5));
#9592 = CARTESIAN_POINT ('', (56.5, 68.0000000000001, -3.5));
#9593 = CARTESIAN_POINT ('', (56.5, 62.0000000000001, -3.5));
#9594 = CARTESIAN_POINT ('', (56.5, 56.0000000000001, -3.5));
#9595 = CARTESIAN_POINT ('', (62.5, 56.0000000000001, -3.5));
#9596 = (
   BOUNDED_SURFACE ()
   B_SPLINE_SURFACE (1, 2, ((#9586, #9587, #9588, #9589, #9590), (#9591, #9592, #9593, #9594, #9595)), .UNSPECIFIED., .F., .F., .U.)
   B_SPLINE_SURFACE_WITH_KNOTS ((2, 2), (3, 2, 3), (0.0833333333333338, 0.916666666666667), (0., 0.25, 0.5), .UNSPECIFIED.)
   GEOMETRIC_REPRESENTATION_ITEM ()
   RATIONAL_B_SPLINE_SURFACE (((1., 0.707106781186548, 1., 0.707106781186548, 1.), (1., 0.707106781186548, 1., 0.707106781186548, 1.)))
   REPRESENTATION_ITEM ('')
   SURFACE ()
);
#9597 = ADVANCED_FACE ('', (#9585), #9596, .T.);
#9598 = ORIENTED_EDGE ('', *, *, #6151, .F.);
#9599 = ORIENTED_EDGE ('', *, *, #854, .F.);
#9600 = ORIENTED_EDGE ('', *, *, #6166, .T.);
#9601 = ORIENTED_EDGE ('', *, *, #7941, .T.);
#9602 = EDGE_LOOP ('', (#9598, #9599, #9600, #9601));
#9603 = FACE_OUTER_BOUND ('', #9602, .T.);
#9604 = CARTESIAN_POINT ('', (47.5, 68.0000000000001, -5.));
#9605 = CARTESIAN_POINT ('', (41.5, 68.0000000000001, -5.));
#9606 = CARTESIAN_POINT ('', (41.5, 62.0000000000001, -5.));
#9607 = CARTESIAN_POINT ('', (41.5, 56.0000000000001, -5.));
#9608 = CARTESIAN_POINT ('', (47.5, 56.0000000000001, -5.));
#9609 = CARTESIAN_POINT ('', (47.5, 68.0000000000001, -3.5));
#9610 = CARTESIAN_POINT ('', (41.5, 68.0000000000001, -3.5));
#9611 = CARTESIAN_POINT ('', (41.5, 62.0000000000001, -3.5));
#9612 = CARTESIAN_POINT ('', (41.5, 56.0000000000001, -3.5));
#9613 = CARTESIAN_POINT ('', (47.5, 56.0000000000001, -3.5));
#9614 = (
   BOUNDED_SURFACE ()
   B_SPLINE_SURFACE (1, 2, ((#9604, #9605, #9606, #9607, #9608), (#9609, #9610, #9611, #9612, #9613)), .UNSPECIFIED., .F., .F., .U.)
   B_SPLINE_SURFACE_WITH_KNOTS ((2, 2), (3, 2, 3), (0.0833333333333338, 0.916666666666667), (0., 0.25, 0.5), .UNSPECIFIED.)
   GEOMETRIC_REPRESENTATION_ITEM ()
   RATIONAL_B_SPLINE_SURFACE (((1., 0.707106781186548, 1., 0.707106781186548, 1.), (1., 0.707106781186548, 1., 0.707106781186548, 1.)))
   REPRESENTATION_ITEM ('')
   SURFACE ()
);
#9615 = ADVANCED_FACE ('', (#9603), #9614, .T.);
#9616 = ORIENTED_EDGE ('', *, *, #6188, .F.);
#9617 = ORIENTED_EDGE ('', *, *, #832, .F.);
#9618 = ORIENTED_EDGE ('', *, *, #6203, .T.);
#9619 = ORIENTED_EDGE ('', *, *, #7930, .T.);
#9620 = EDGE_LOOP ('', (#9616, #9617, #9618, #9619));
#9621 = FACE_OUTER_BOUND ('', #9620, .T.);
#9622 = CARTESIAN_POINT ('', (40., 80.7500000000001, -5.));
#9623 = CARTESIAN_POINT ('', (34., 80.7500000000001, -5.));
#9624 = CARTESIAN_POINT ('', (34., 74.7500000000001, -5.));
#9625 = CARTESIAN_POINT ('', (34., 68.7500000000001, -5.));
#9626 = CARTESIAN_POINT ('', (40., 68.7500000000001, -5.));
#9627 = CARTESIAN_POINT ('', (40., 80.7500000000001, -3.5));
#9628 = CARTESIAN_POINT ('', (34., 80.7500000000001, -3.5));
#9629 = CARTESIAN_POINT ('', (34., 74.7500000000001, -3.5));
#9630 = CARTESIAN_POINT ('', (34., 68.7500000000001, -3.5));
#9631 = CARTESIAN_POINT ('', (40., 68.7500000000001, -3.5));
#9632 = (
   BOUNDED_SURFACE ()
   B_SPLINE_SURFACE (1, 2, ((#9622, #9623, #9624, #9625, #9626), (#9627, #9628, #9629, #9630, #9631)), .UNSPECIFIED., .F., .F., .U.)
   B_SPLINE_SURFACE_WITH_KNOTS ((2, 2), (3, 2, 3), (0.0833333333333338, 0.916666666666667), (0., 0.25, 0.5), .UNSPECIFIED.)
   GEOMETRIC_REPRESENTATION_ITEM ()
   RATIONAL_B_SPLINE_SURFACE (((1., 0.707106781186548, 1., 0.707106781186548, 1.), (1., 0.707106781186548, 1., 0.707106781186548, 1.)))
   REPRESENTATION_ITEM ('')
   SURFACE ()
);
#9633 = ADVANCED_FACE ('', (#9621), #9632, .T.);
#9634 = ORIENTED_EDGE ('', *, *, #6225, .F.);
#9635 = ORIENTED_EDGE ('', *, *, #810, .F.);
#9636 = ORIENTED_EDGE ('', *, *, #6240, .T.);
#9637 = ORIENTED_EDGE ('', *, *, #7919, .T.);
#9638 = EDGE_LOOP ('', (#9634, #9635, #9636, #9637));
#9639 = FACE_OUTER_BOUND ('', #9638, .T.);
#9640 = CARTESIAN_POINT ('', (25., 80.7500000000001, -5.));
#9641 = CARTESIAN_POINT ('', (19., 80.7500000000001, -5.));
#9642 = CARTESIAN_POINT ('', (19., 74.7500000000001, -5.));
#9643 = CARTESIAN_POINT ('', (19., 68.7500000000001, -5.));
#9644 = CARTESIAN_POINT ('', (25., 68.7500000000001, -5.));
#9645 = CARTESIAN_POINT ('', (25., 80.7500000000001, -3.5));
#9646 = CARTESIAN_POINT ('', (19., 80.7500000000001, -3.5));
#9647 = CARTESIAN_POINT ('', (19., 74.7500000000001, -3.5));
#9648 = CARTESIAN_POINT ('', (19., 68.7500000000001, -3.5));
#9649 = CARTESIAN_POINT ('', (25., 68.7500000000001, -3.5));
#9650 = (
   BOUNDED_SURFACE ()
   B_SPLINE_SURFACE (1, 2, ((#9640, #9641, #9642, #9643, #9644), (#9645, #9646, #9647, #9648, #9649)), .UNSPECIFIED., .F., .F., .U.)
   B_SPLINE_SURFACE_WITH_KNOTS ((2, 2), (3, 2, 3), (0.0833333333333338, 0.916666666666667), (0., 0.25, 0.5), .UNSPECIFIED.)
   GEOMETRIC_REPRESENTATION_ITEM ()
   RATIONAL_B_SPLINE_SURFACE (((1., 0.707106781186548, 1., 0.707106781186548, 1.), (1., 0.707106781186548, 1., 0.707106781186548, 1.)))
   REPRESENTATION_ITEM ('')
   SURFACE ()
);
#9651 = ADVANCED_FACE ('', (#9639), #9650, .T.);
#9652 = ORIENTED_EDGE ('', *, *, #6262, .F.);
#9653 = ORIENTED_EDGE ('', *, *, #788, .F.);
#9654 = ORIENTED_EDGE ('', *, *, #6277, .T.);
#9655 = ORIENTED_EDGE ('', *, *, #7908, .T.);
#9656 = EDGE_LOOP ('', (#9652, #9653, #9654, #9655));
#9657 = FACE_OUTER_BOUND ('', #9656, .T.);
#9658 = CARTESIAN_POINT ('', (32.5, 68.0000000000001, -5.));
#9659 = CARTESIAN_POINT ('', (26.5, 68.0000000000001, -5.));
#9660 = CARTESIAN_POINT ('', (26.5, 62.0000000000001, -5.));
#9661 = CARTESIAN_POINT ('', (26.5, 56.0000000000001, -5.));
#9662 = CARTESIAN_POINT ('', (32.5, 56.0000000000001, -5.));
#9663 = CARTESIAN_POINT ('', (32.5, 68.0000000000001, -3.5));
#9664 = CARTESIAN_POINT ('', (26.5, 68.0000000000001, -3.5));
#9665 = CARTESIAN_POINT ('', (26.5, 62.0000000000001, -3.5));
#9666 = CARTESIAN_POINT ('', (26.5, 56.0000000000001, -3.5));
#9667 = CARTESIAN_POINT ('', (32.5, 56.0000000000001, -3.5));
#9668 = (
   BOUNDED_SURFACE ()
   B_SPLINE_SURFACE (1, 2, ((#9658, #9659, #9660, #9661, #9662), (#9663, #9664, #9665, #9666, #9667)), .UNSPECIFIED., .F., .F., .U.)
   B_SPLINE_SURFACE_WITH_KNOTS ((2, 2), (3, 2, 3), (0.0833333333333338, 0.916666666666667), (0., 0.25, 0.5), .UNSPECIFIED.)
   GEOMETRIC_REPRESENTATION_ITEM ()
   RATIONAL_B_SPLINE_SURFACE (((1., 0.707106781186548, 1., 0.707106781186548, 1.), (1., 0.707106781186548, 1., 0.707106781186548, 1.)))
   REPRESENTATION_ITEM ('')
   SURFACE ()
);
#9669 = ADVANCED_FACE ('', (#9657), #9668, .T.);
#9670 = ORIENTED_EDGE ('', *, *, #6299, .F.);
#9671 = ORIENTED_EDGE ('', *, *, #766, .F.);
#9672 = ORIENTED_EDGE ('', *, *, #6314, .T.);
#9673 = ORIENTED_EDGE ('', *, *, #7897, .T.);
#9674 = EDGE_LOOP ('', (#9670, #9671, #9672, #9673));
#9675 = FACE_OUTER_BOUND ('', #9674, .T.);
#9676 = CARTESIAN_POINT ('', (17.5, 68.0000000000001, -5.));
#9677 = CARTESIAN_POINT ('', (11.5, 68.0000000000001, -5.));
#9678 = CARTESIAN_POINT ('', (11.5, 62.0000000000001, -5.));
#9679 = CARTESIAN_POINT ('', (11.5, 56.0000000000001, -5.));
#9680 = CARTESIAN_POINT ('', (17.5, 56.0000000000001, -5.));
#9681 = CARTESIAN_POINT ('', (17.5, 68.0000000000001, -3.5));
#9682 = CARTESIAN_POINT ('', (11.5, 68.0000000000001, -3.5));
#9683 = CARTESIAN_POINT ('', (11.5, 62.0000000000001, -3.5));
#9684 = CARTESIAN_POINT ('', (11.5, 56.0000000000001, -3.5));
#9685 = CARTESIAN_POINT ('', (17.5, 56.0000000000001, -3.5));
#9686 = (
   BOUNDED_SURFACE ()
   B_SPLINE_SURFACE (1, 2, ((#9676, #9677, #9678, #9679, #9680), (#9681, #9682, #9683, #9684, #9685)), .UNSPECIFIED., .F., .F., .U.)
   B_SPLINE_SURFACE_WITH_KNOTS ((2, 2), (3, 2, 3), (0.0833333333333338, 0.916666666666667), (0., 0.25, 0.5), .UNSPECIFIED.)
   GEOMETRIC_REPRESENTATION_ITEM ()
   RATIONAL_B_SPLINE_SURFACE (((1., 0.707106781186548, 1., 0.707106781186548, 1.), (1., 0.707106781186548, 1., 0.707106781186548, 1.)))
   REPRESENTATION_ITEM ('')
   SURFACE ()
);
#9687 = ADVANCED_FACE ('', (#9675), #9686, .T.);
#9688 = ORIENTED_EDGE ('', *, *, #6336, .F.);
#9689 = ORIENTED_EDGE ('', *, *, #744, .F.);
#9690 = ORIENTED_EDGE ('', *, *, #6351, .T.);
#9691 = ORIENTED_EDGE ('', *, *, #7886, .T.);
#9692 = EDGE_LOOP ('', (#9688, #9689, #9690, #9691));
#9693 = FACE_OUTER_BOUND ('', #9692, .T.);
#9694 = CARTESIAN_POINT ('', (85., 55.2500000000001, -5.));
#9695 = CARTESIAN_POINT ('', (79., 55.2500000000001, -5.));
#9696 = CARTESIAN_POINT ('', (79., 49.2500000000001, -5.));
#9697 = CARTESIAN_POINT ('', (79., 43.2500000000001, -5.));
#9698 = CARTESIAN_POINT ('', (85., 43.2500000000001, -5.));
#9699 = CARTESIAN_POINT ('', (85., 55.2500000000001, -3.5));
#9700 = CARTESIAN_POINT ('', (79., 55.2500000000001, -3.5));
#9701 = CARTESIAN_POINT ('', (79., 49.2500000000001, -3.5));
#9702 = CARTESIAN_POINT ('', (79., 43.2500000000001, -3.5));
#9703 = CARTESIAN_POINT ('', (85., 43.2500000000001, -3.5));
#9704 = (
   BOUNDED_SURFACE ()
   B_SPLINE_SURFACE (1, 2, ((#9694, #9695, #9696, #9697, #9698), (#9699, #9700, #9701, #9702, #9703)), .UNSPECIFIED., .F., .F., .U.)
   B_SPLINE_SURFACE_WITH_KNOTS ((2, 2), (3, 2, 3), (0.0833333333333338, 0.916666666666667), (0., 0.25, 0.5), .UNSPECIFIED.)
   GEOMETRIC_REPRESENTATION_ITEM ()
   RATIONAL_B_SPLINE_SURFACE (((1., 0.707106781186548, 1., 0.707106781186548, 1.), (1., 0.707106781186548, 1., 0.707106781186548, 1.)))
   REPRESENTATION_ITEM ('')
   SURFACE ()
);
#9705 = ADVANCED_FACE ('', (#9693), #9704, .T.);
#9706 = ORIENTED_EDGE ('', *, *, #6373, .F.);
#9707 = ORIENTED_EDGE ('', *, *, #722, .F.);
#9708 = ORIENTED_EDGE ('', *, *, #6388, .T.);
#9709 = ORIENTED_EDGE ('', *, *, #7875, .T.);
#9710 = EDGE_LOOP ('', (#9706, #9707, #9708, #9709));
#9711 = FACE_OUTER_BOUND ('', #9710, .T.);
#9712 = CARTESIAN_POINT ('', (92.5, 42.5000000000001, -5.));
#9713 = CARTESIAN_POINT ('', (86.5, 42.5000000000001, -5.));
#9714 = CARTESIAN_POINT ('', (86.5, 36.5000000000001, -5.));
#9715 = CARTESIAN_POINT ('', (86.5, 30.5000000000001, -5.));
#9716 = CARTESIAN_POINT ('', (92.5, 30.5000000000001, -5.));
#9717 = CARTESIAN_POINT ('', (92.5, 42.5000000000001, -3.5));
#9718 = CARTESIAN_POINT ('', (86.5, 42.5000000000001, -3.5));
#9719 = CARTESIAN_POINT ('', (86.5, 36.5000000000001, -3.5));
#9720 = CARTESIAN_POINT ('', (86.5, 30.5000000000001, -3.5));
#9721 = CARTESIAN_POINT ('', (92.5, 30.5000000000001, -3.5));
#9722 = (
   BOUNDED_SURFACE ()
   B_SPLINE_SURFACE (1, 2, ((#9712, #9713, #9714, #9715, #9716), (#9717, #9718, #9719, #9720, #9721)), .UNSPECIFIED., .F., .F., .U.)
   B_SPLINE_SURFACE_WITH_KNOTS ((2, 2), (3, 2, 3), (0.0833333333333338, 0.916666666666667), (0., 0.25, 0.5), .UNSPECIFIED.)
   GEOMETRIC_REPRESENTATION_ITEM ()
   RATIONAL_B_SPLINE_SURFACE (((1., 0.707106781186548, 1., 0.707106781186548, 1.), (1., 0.707106781186548, 1., 0.707106781186548, 1.)))
   REPRESENTATION_ITEM ('')
   SURFACE ()
);
#9723 = ADVANCED_FACE ('', (#9711), #9722, .T.);
#9724 = ORIENTED_EDGE ('', *, *, #6410, .F.);
#9725 = ORIENTED_EDGE ('', *, *, #700, .F.);
#9726 = ORIENTED_EDGE ('', *, *, #6425, .T.);
#9727 = ORIENTED_EDGE ('', *, *, #7864, .T.);
#9728 = EDGE_LOOP ('', (#9724, #9725, #9726, #9727));
#9729 = FACE_OUTER_BOUND ('', #9728, .T.);
#9730 = CARTESIAN_POINT ('', (77.5, 42.5000000000001, -5.));
#9731 = CARTESIAN_POINT ('', (71.5, 42.5000000000001, -5.));
#9732 = CARTESIAN_POINT ('', (71.5, 36.5000000000001, -5.));
#9733 = CARTESIAN_POINT ('', (71.5, 30.5000000000001, -5.));
#9734 = CARTESIAN_POINT ('', (77.5, 30.5000000000001, -5.));
#9735 = CARTESIAN_POINT ('', (77.5, 42.5000000000001, -3.5));
#9736 = CARTESIAN_POINT ('', (71.5, 42.5000000000001, -3.5));
#9737 = CARTESIAN_POINT ('', (71.5, 36.5000000000001, -3.5));
#9738 = CARTESIAN_POINT ('', (71.5, 30.5000000000001, -3.5));
#9739 = CARTESIAN_POINT ('', (77.5, 30.5000000000001, -3.5));
#9740 = (
   BOUNDED_SURFACE ()
   B_SPLINE_SURFACE (1, 2, ((#9730, #9731, #9732, #9733, #9734), (#9735, #9736, #9737, #9738, #9739)), .UNSPECIFIED., .F., .F., .U.)
   B_SPLINE_SURFACE_WITH_KNOTS ((2, 2), (3, 2, 3), (0.0833333333333338, 0.916666666666667), (0., 0.25, 0.5), .UNSPECIFIED.)
   GEOMETRIC_REPRESENTATION_ITEM ()
   RATIONAL_B_SPLINE_SURFACE (((1., 0.707106781186548, 1., 0.707106781186548, 1.), (1., 0.707106781186548, 1., 0.707106781186548, 1.)))
   REPRESENTATION_ITEM ('')
   SURFACE ()
);
#9741 = ADVANCED_FACE ('', (#9729), #9740, .T.);
#9742 = ORIENTED_EDGE ('', *, *, #6447, .F.);
#9743 = ORIENTED_EDGE ('', *, *, #678, .F.);
#9744 = ORIENTED_EDGE ('', *, *, #6462, .T.);
#9745 = ORIENTED_EDGE ('', *, *, #7853, .T.);
#9746 = EDGE_LOOP ('', (#9742, #9743, #9744, #9745));
#9747 = FACE_OUTER_BOUND ('', #9746, .T.);
#9748 = CARTESIAN_POINT ('', (70., 55.2500000000001, -5.));
#9749 = CARTESIAN_POINT ('', (64., 55.2500000000001, -5.));
#9750 = CARTESIAN_POINT ('', (64., 49.2500000000001, -5.));
#9751 = CARTESIAN_POINT ('', (64., 43.2500000000001, -5.));
#9752 = CARTESIAN_POINT ('', (70., 43.2500000000001, -5.));
#9753 = CARTESIAN_POINT ('', (70., 55.2500000000001, -3.5));
#9754 = CARTESIAN_POINT ('', (64., 55.2500000000001, -3.5));
#9755 = CARTESIAN_POINT ('', (64., 49.2500000000001, -3.5));
#9756 = CARTESIAN_POINT ('', (64., 43.2500000000001, -3.5));
#9757 = CARTESIAN_POINT ('', (70., 43.2500000000001, -3.5));
#9758 = (
   BOUNDED_SURFACE ()
   B_SPLINE_SURFACE (1, 2, ((#9748, #9749, #9750, #9751, #9752), (#9753, #9754, #9755, #9756, #9757)), .UNSPECIFIED., .F., .F., .U.)
   B_SPLINE_SURFACE_WITH_KNOTS ((2, 2), (3, 2, 3), (0.0833333333333338, 0.916666666666667), (0., 0.25, 0.5), .UNSPECIFIED.)
   GEOMETRIC_REPRESENTATION_ITEM ()
   RATIONAL_B_SPLINE_SURFACE (((1., 0.707106781186548, 1., 0.707106781186548, 1.), (1., 0.707106781186548, 1., 0.707106781186548, 1.)))
   REPRESENTATION_ITEM ('')
   SURFACE ()
);
#9759 = ADVANCED_FACE ('', (#9747), #9758, .T.);
#9760 = ORIENTED_EDGE ('', *, *, #6484, .F.);
#9761 = ORIENTED_EDGE ('', *, *, #656, .F.);
#9762 = ORIENTED_EDGE ('', *, *, #6499, .T.);
#9763 = ORIENTED_EDGE ('', *, *, #7842, .T.);
#9764 = EDGE_LOOP ('', (#9760, #9761, #9762, #9763));
#9765 = FACE_OUTER_BOUND ('', #9764, .T.);
#9766 = CARTESIAN_POINT ('', (55., 55.2500000000001, -5.));
#9767 = CARTESIAN_POINT ('', (49., 55.2500000000001, -5.));
#9768 = CARTESIAN_POINT ('', (49., 49.2500000000001, -5.));
#9769 = CARTESIAN_POINT ('', (49., 43.2500000000001, -5.));
#9770 = CARTESIAN_POINT ('', (55., 43.2500000000001, -5.));
#9771 = CARTESIAN_POINT ('', (55., 55.2500000000001, -3.5));
#9772 = CARTESIAN_POINT ('', (49., 55.2500000000001, -3.5));
#9773 = CARTESIAN_POINT ('', (49., 49.2500000000001, -3.5));
#9774 = CARTESIAN_POINT ('', (49., 43.2500000000001, -3.5));
#9775 = CARTESIAN_POINT ('', (55., 43.2500000000001, -3.5));
#9776 = (
   BOUNDED_SURFACE ()
   B_SPLINE_SURFACE (1, 2, ((#9766, #9767, #9768, #9769, #9770), (#9771, #9772, #9773, #9774, #9775)), .UNSPECIFIED., .F., .F., .U.)
   B_SPLINE_SURFACE_WITH_KNOTS ((2, 2), (3, 2, 3), (0.0833333333333338, 0.916666666666667), (0., 0.25, 0.5), .UNSPECIFIED.)
   GEOMETRIC_REPRESENTATION_ITEM ()
   RATIONAL_B_SPLINE_SURFACE (((1., 0.707106781186548, 1., 0.707106781186548, 1.), (1., 0.707106781186548, 1., 0.707106781186548, 1.)))
   REPRESENTATION_ITEM ('')
   SURFACE ()
);
#9777 = ADVANCED_FACE ('', (#9765), #9776, .T.);
#9778 = ORIENTED_EDGE ('', *, *, #6521, .F.);
#9779 = ORIENTED_EDGE ('', *, *, #634, .F.);
#9780 = ORIENTED_EDGE ('', *, *, #6536, .T.);
#9781 = ORIENTED_EDGE ('', *, *, #7831, .T.);
#9782 = EDGE_LOOP ('', (#9778, #9779, #9780, #9781));
#9783 = FACE_OUTER_BOUND ('', #9782, .T.);
#9784 = CARTESIAN_POINT ('', (62.5, 42.5000000000001, -5.));
#9785 = CARTESIAN_POINT ('', (56.5, 42.5000000000001, -5.));
#9786 = CARTESIAN_POINT ('', (56.5, 36.5000000000001, -5.));
#9787 = CARTESIAN_POINT ('', (56.5, 30.5000000000001, -5.));
#9788 = CARTESIAN_POINT ('', (62.5, 30.5000000000001, -5.));
#9789 = CARTESIAN_POINT ('', (62.5, 42.5000000000001, -3.5));
#9790 = CARTESIAN_POINT ('', (56.5, 42.5000000000001, -3.5));
#9791 = CARTESIAN_POINT ('', (56.5, 36.5000000000001, -3.5));
#9792 = CARTESIAN_POINT ('', (56.5, 30.5000000000001, -3.5));
#9793 = CARTESIAN_POINT ('', (62.5, 30.5000000000001, -3.5));
#9794 = (
   BOUNDED_SURFACE ()
   B_SPLINE_SURFACE (1, 2, ((#9784, #9785, #9786, #9787, #9788), (#9789, #9790, #9791, #9792, #9793)), .UNSPECIFIED., .F., .F., .U.)
   B_SPLINE_SURFACE_WITH_KNOTS ((2, 2), (3, 2, 3), (0.0833333333333338, 0.916666666666667), (0., 0.25, 0.5), .UNSPECIFIED.)
   GEOMETRIC_REPRESENTATION_ITEM ()
   RATIONAL_B_SPLINE_SURFACE (((1., 0.707106781186548, 1., 0.707106781186548, 1.), (1., 0.707106781186548, 1., 0.707106781186548, 1.)))
   REPRESENTATION_ITEM ('')
   SURFACE ()
);
#9795 = ADVANCED_FACE ('', (#9783), #9794, .T.);
#9796 = ORIENTED_EDGE ('', *, *, #6558, .F.);
#9797 = ORIENTED_EDGE ('', *, *, #612, .F.);
#9798 = ORIENTED_EDGE ('', *, *, #6573, .T.);
#9799 = ORIENTED_EDGE ('', *, *, #7820, .T.);
#9800 = EDGE_LOOP ('', (#9796, #9797, #9798, #9799));
#9801 = FACE_OUTER_BOUND ('', #9800, .T.);
#9802 = CARTESIAN_POINT ('', (47.5, 42.5000000000001, -5.));
#9803 = CARTESIAN_POINT ('', (41.5, 42.5000000000001, -5.));
#9804 = CARTESIAN_POINT ('', (41.5, 36.5000000000001, -5.));
#9805 = CARTESIAN_POINT ('', (41.5, 30.5000000000001, -5.));
#9806 = CARTESIAN_POINT ('', (47.5, 30.5000000000001, -5.));
#9807 = CARTESIAN_POINT ('', (47.5, 42.5000000000001, -3.5));
#9808 = CARTESIAN_POINT ('', (41.5, 42.5000000000001, -3.5));
#9809 = CARTESIAN_POINT ('', (41.5, 36.5000000000001, -3.5));
#9810 = CARTESIAN_POINT ('', (41.5, 30.5000000000001, -3.5));
#9811 = CARTESIAN_POINT ('', (47.5, 30.5000000000001, -3.5));
#9812 = (
   BOUNDED_SURFACE ()
   B_SPLINE_SURFACE (1, 2, ((#9802, #9803, #9804, #9805, #9806), (#9807, #9808, #9809, #9810, #9811)), .UNSPECIFIED., .F., .F., .U.)
   B_SPLINE_SURFACE_WITH_KNOTS ((2, 2), (3, 2, 3), (0.0833333333333338, 0.916666666666667), (0., 0.25, 0.5), .UNSPECIFIED.)
   GEOMETRIC_REPRESENTATION_ITEM ()
   RATIONAL_B_SPLINE_SURFACE (((1., 0.707106781186548, 1., 0.707106781186548, 1.), (1., 0.707106781186548, 1., 0.707106781186548, 1.)))
   REPRESENTATION_ITEM ('')
   SURFACE ()
);
#9813 = ADVANCED_FACE ('', (#9801), #9812, .T.);
#9814 = ORIENTED_EDGE ('', *, *, #6595, .F.);
#9815 = ORIENTED_EDGE ('', *, *, #590, .F.);
#9816 = ORIENTED_EDGE ('', *, *, #6610, .T.);
#9817 = ORIENTED_EDGE ('', *, *, #7809, .T.);
#9818 = EDGE_LOOP ('', (#9814, #9815, #9816, #9817));
#9819 = FACE_OUTER_BOUND ('', #9818, .T.);
#9820 = CARTESIAN_POINT ('', (40., 55.2500000000001, -5.));
#9821 = CARTESIAN_POINT ('', (34., 55.2500000000001, -5.));
#9822 = CARTESIAN_POINT ('', (34., 49.2500000000001, -5.));
#9823 = CARTESIAN_POINT ('', (34., 43.2500000000001, -5.));
#9824 = CARTESIAN_POINT ('', (40., 43.2500000000001, -5.));
#9825 = CARTESIAN_POINT ('', (40., 55.2500000000001, -3.5));
#9826 = CARTESIAN_POINT ('', (34., 55.2500000000001, -3.5));
#9827 = CARTESIAN_POINT ('', (34., 49.2500000000001, -3.5));
#9828 = CARTESIAN_POINT ('', (34., 43.2500000000001, -3.5));
#9829 = CARTESIAN_POINT ('', (40., 43.2500000000001, -3.5));
#9830 = (
   BOUNDED_SURFACE ()
   B_SPLINE_SURFACE (1, 2, ((#9820, #9821, #9822, #9823, #9824), (#9825, #9826, #9827, #9828, #9829)), .UNSPECIFIED., .F., .F., .U.)
   B_SPLINE_SURFACE_WITH_KNOTS ((2, 2), (3, 2, 3), (0.0833333333333338, 0.916666666666667), (0., 0.25, 0.5), .UNSPECIFIED.)
   GEOMETRIC_REPRESENTATION_ITEM ()
   RATIONAL_B_SPLINE_SURFACE (((1., 0.707106781186548, 1., 0.707106781186548, 1.), (1., 0.707106781186548, 1., 0.707106781186548, 1.)))
   REPRESENTATION_ITEM ('')
   SURFACE ()
);
#9831 = ADVANCED_FACE ('', (#9819), #9830, .T.);
#9832 = ORIENTED_EDGE ('', *, *, #6632, .F.);
#9833 = ORIENTED_EDGE ('', *, *, #568, .F.);
#9834 = ORIENTED_EDGE ('', *, *, #6647, .T.);
#9835 = ORIENTED_EDGE ('', *, *, #7798, .T.);
#9836 = EDGE_LOOP ('', (#9832, #9833, #9834, #9835));
#9837 = FACE_OUTER_BOUND ('', #9836, .T.);
#9838 = CARTESIAN_POINT ('', (25., 55.2500000000001, -5.));
#9839 = CARTESIAN_POINT ('', (19., 55.2500000000001, -5.));
#9840 = CARTESIAN_POINT ('', (19., 49.2500000000001, -5.));
#9841 = CARTESIAN_POINT ('', (19., 43.2500000000001, -5.));
#9842 = CARTESIAN_POINT ('', (25., 43.2500000000001, -5.));
#9843 = CARTESIAN_POINT ('', (25., 55.2500000000001, -3.5));
#9844 = CARTESIAN_POINT ('', (19., 55.2500000000001, -3.5));
#9845 = CARTESIAN_POINT ('', (19., 49.2500000000001, -3.5));
#9846 = CARTESIAN_POINT ('', (19., 43.2500000000001, -3.5));
#9847 = CARTESIAN_POINT ('', (25., 43.2500000000001, -3.5));
#9848 = (
   BOUNDED_SURFACE ()
   B_SPLINE_SURFACE (1, 2, ((#9838, #9839, #9840, #9841, #9842), (#9843, #9844, #9845, #9846, #9847)), .UNSPECIFIED., .F., .F., .U.)
   B_SPLINE_SURFACE_WITH_KNOTS ((2, 2), (3, 2, 3), (0.0833333333333338, 0.916666666666667), (0., 0.25, 0.5), .UNSPECIFIED.)
   GEOMETRIC_REPRESENTATION_ITEM ()
   RATIONAL_B_SPLINE_SURFACE (((1., 0.707106781186548, 1., 0.707106781186548, 1.), (1., 0.707106781186548, 1., 0.707106781186548, 1.)))
   REPRESENTATION_ITEM ('')
   SURFACE ()
);
#9849 = ADVANCED_FACE ('', (#9837), #9848, .T.);
#9850 = ORIENTED_EDGE ('', *, *, #6669, .F.);
#9851 = ORIENTED_EDGE ('', *, *, #546, .F.);
#9852 = ORIENTED_EDGE ('', *, *, #6684, .T.);
#9853 = ORIENTED_EDGE ('', *, *, #7787, .T.);
#9854 = EDGE_LOOP ('', (#9850, #9851, #9852, #9853));
#9855 = FACE_OUTER_BOUND ('', #9854, .T.);
#9856 = CARTESIAN_POINT ('', (32.5, 42.5000000000001, -5.));
#9857 = CARTESIAN_POINT ('', (26.5, 42.5000000000001, -5.));
#9858 = CARTESIAN_POINT ('', (26.5, 36.5000000000001, -5.));
#9859 = CARTESIAN_POINT ('', (26.5, 30.5000000000001, -5.));
#9860 = CARTESIAN_POINT ('', (32.5, 30.5000000000001, -5.));
#9861 = CARTESIAN_POINT ('', (32.5, 42.5000000000001, -3.5));
#9862 = CARTESIAN_POINT ('', (26.5, 42.5000000000001, -3.5));
#9863 = CARTESIAN_POINT ('', (26.5, 36.5000000000001, -3.5));
#9864 = CARTESIAN_POINT ('', (26.5, 30.5000000000001, -3.5));
#9865 = CARTESIAN_POINT ('', (32.5, 30.5000000000001, -3.5));
#9866 = (
   BOUNDED_SURFACE ()
   B_SPLINE_SURFACE (1, 2, ((#9856, #9857, #9858, #9859, #9860), (#9861, #9862, #9863, #9864, #9865)), .UNSPECIFIED., .F., .F., .U.)
   B_SPLINE_SURFACE_WITH_KNOTS ((2, 2), (3, 2, 3), (0.0833333333333338, 0.916666666666667), (0., 0.25, 0.5), .UNSPECIFIED.)
   GEOMETRIC_REPRESENTATION_ITEM ()
   RATIONAL_B_SPLINE_SURFACE (((1., 0.707106781186548, 1., 0.707106781186548, 1.), (1., 0.707106781186548, 1., 0.707106781186548, 1.)))
   REPRESENTATION_ITEM ('')
   SURFACE ()
);
#9867 = ADVANCED_FACE ('', (#9855), #9866, .T.);
#9868 = ORIENTED_EDGE ('', *, *, #6706, .F.);
#9869 = ORIENTED_EDGE ('', *, *, #524, .F.);
#9870 = ORIENTED_EDGE ('', *, *, #6721, .T.);
#9871 = ORIENTED_EDGE ('', *, *, #7776, .T.);
#9872 = EDGE_LOOP ('', (#9868, #9869, #9870, #9871));
#9873 = FACE_OUTER_BOUND ('', #9872, .T.);
#9874 = CARTESIAN_POINT ('', (17.5, 42.5000000000001, -5.));
#9875 = CARTESIAN_POINT ('', (11.5, 42.5000000000001, -5.));
#9876 = CARTESIAN_POINT ('', (11.5, 36.5000000000001, -5.));
#9877 = CARTESIAN_POINT ('', (11.5, 30.5000000000001, -5.));
#9878 = CARTESIAN_POINT ('', (17.5, 30.5000000000001, -5.));
#9879 = CARTESIAN_POINT ('', (17.5, 42.5000000000001, -3.5));
#9880 = CARTESIAN_POINT ('', (11.5, 42.5000000000001, -3.5));
#9881 = CARTESIAN_POINT ('', (11.5, 36.5000000000001, -3.5));
#9882 = CARTESIAN_POINT ('', (11.5, 30.5000000000001, -3.5));
#9883 = CARTESIAN_POINT ('', (17.5, 30.5000000000001, -3.5));
#9884 = (
   BOUNDED_SURFACE ()
   B_SPLINE_SURFACE (1, 2, ((#9874, #9875, #9876, #9877, #9878), (#9879, #9880, #9881, #9882, #9883)), .UNSPECIFIED., .F., .F., .U.)
   B_SPLINE_SURFACE_WITH_KNOTS ((2, 2), (3, 2, 3), (0.0833333333333338, 0.916666666666667), (0., 0.25, 0.5), .UNSPECIFIED.)
   GEOMETRIC_REPRESENTATION_ITEM ()
   RATIONAL_B_SPLINE_SURFACE (((1., 0.707106781186548, 1., 0.707106781186548, 1.), (1., 0.707106781186548, 1., 0.707106781186548, 1.)))
   REPRESENTATION_ITEM ('')
   SURFACE ()
);
#9885 = ADVANCED_FACE ('', (#9873), #9884, .T.);
#9886 = ORIENTED_EDGE ('', *, *, #6743, .F.);
#9887 = ORIENTED_EDGE ('', *, *, #502, .F.);
#9888 = ORIENTED_EDGE ('', *, *, #6758, .T.);
#9889 = ORIENTED_EDGE ('', *, *, #7765, .T.);
#9890 = EDGE_LOOP ('', (#9886, #9887, #9888, #9889));
#9891 = FACE_OUTER_BOUND ('', #9890, .T.);
#9892 = CARTESIAN_POINT ('', (85., 29.7500000000001, -5.));
#9893 = CARTESIAN_POINT ('', (79., 29.7500000000001, -5.));
#9894 = CARTESIAN_POINT ('', (79., 23.7500000000001, -5.));
#9895 = CARTESIAN_POINT ('', (79., 17.7500000000001, -5.));
#9896 = CARTESIAN_POINT ('', (85., 17.7500000000001, -5.));
#9897 = CARTESIAN_POINT ('', (85., 29.7500000000001, -3.5));
#9898 = CARTESIAN_POINT ('', (79., 29.7500000000001, -3.5));
#9899 = CARTESIAN_POINT ('', (79., 23.7500000000001, -3.5));
#9900 = CARTESIAN_POINT ('', (79., 17.7500000000001, -3.5));
#9901 = CARTESIAN_POINT ('', (85., 17.7500000000001, -3.5));
#9902 = (
   BOUNDED_SURFACE ()
   B_SPLINE_SURFACE (1, 2, ((#9892, #9893, #9894, #9895, #9896), (#9897, #9898, #9899, #9900, #9901)), .UNSPECIFIED., .F., .F., .U.)
   B_SPLINE_SURFACE_WITH_KNOTS ((2, 2), (3, 2, 3), (0.0833333333333338, 0.916666666666667), (0., 0.25, 0.5), .UNSPECIFIED.)
   GEOMETRIC_REPRESENTATION_ITEM ()
   RATIONAL_B_SPLINE_SURFACE (((1., 0.707106781186548, 1., 0.707106781186548, 1.), (1., 0.707106781186548, 1., 0.707106781186548, 1.)))
   REPRESENTATION_ITEM ('')
   SURFACE ()
);
#9903 = ADVANCED_FACE ('', (#9891), #9902, .T.);
#9904 = ORIENTED_EDGE ('', *, *, #6780, .F.);
#9905 = ORIENTED_EDGE ('', *, *, #480, .F.);
#9906 = ORIENTED_EDGE ('', *, *, #6795, .T.);
#9907 = ORIENTED_EDGE ('', *, *, #7754, .T.);
#9908 = EDGE_LOOP ('', (#9904, #9905, #9906, #9907));
#9909 = FACE_OUTER_BOUND ('', #9908, .T.);
#9910 = CARTESIAN_POINT ('', (92.5, 17.0000000000001, -5.));
#9911 = CARTESIAN_POINT ('', (86.5, 17.0000000000001, -5.));
#9912 = CARTESIAN_POINT ('', (86.5, 11.0000000000001, -5.));
#9913 = CARTESIAN_POINT ('', (86.5, 5.00000000000011, -5.));
#9914 = CARTESIAN_POINT ('', (92.5, 5.00000000000011, -5.));
#9915 = CARTESIAN_POINT ('', (92.5, 17.0000000000001, -3.5));
#9916 = CARTESIAN_POINT ('', (86.5, 17.0000000000001, -3.5));
#9917 = CARTESIAN_POINT ('', (86.5, 11.0000000000001, -3.5));
#9918 = CARTESIAN_POINT ('', (86.5, 5.00000000000011, -3.5));
#9919 = CARTESIAN_POINT ('', (92.5, 5.00000000000011, -3.5));
#9920 = (
   BOUNDED_SURFACE ()
   B_SPLINE_SURFACE (1, 2, ((#9910, #9911, #9912, #9913, #9914), (#9915, #9916, #9917, #9918, #9919)), .UNSPECIFIED., .F., .F., .U.)
   B_SPLINE_SURFACE_WITH_KNOTS ((2, 2), (3, 2, 3), (0.0833333333333338, 0.916666666666667), (0., 0.25, 0.5), .UNSPECIFIED.)
   GEOMETRIC_REPRESENTATION_ITEM ()
   RATIONAL_B_SPLINE_SURFACE (((1., 0.707106781186548, 1., 0.707106781186548, 1.), (1., 0.707106781186548, 1., 0.707106781186548, 1.)))
   REPRESENTATION_ITEM ('')
   SURFACE ()
);
#9921 = ADVANCED_FACE ('', (#9909), #9920, .T.);
#9922 = ORIENTED_EDGE ('', *, *, #6817, .F.);
#9923 = ORIENTED_EDGE ('', *, *, #458, .F.);
#9924 = ORIENTED_EDGE ('', *, *, #6832, .T.);
#9925 = ORIENTED_EDGE ('', *, *, #7743, .T.);
#9926 = EDGE_LOOP ('', (#9922, #9923, #9924, #9925));
#9927 = FACE_OUTER_BOUND ('', #9926, .T.);
#9928 = CARTESIAN_POINT ('', (77.5, 17.0000000000001, -5.));
#9929 = CARTESIAN_POINT ('', (71.5, 17.0000000000001, -5.));
#9930 = CARTESIAN_POINT ('', (71.5, 11.0000000000001, -5.));
#9931 = CARTESIAN_POINT ('', (71.5, 5.00000000000011, -5.));
#9932 = CARTESIAN_POINT ('', (77.5, 5.00000000000011, -5.));
#9933 = CARTESIAN_POINT ('', (77.5, 17.0000000000001, -3.5));
#9934 = CARTESIAN_POINT ('', (71.5, 17.0000000000001, -3.5));
#9935 = CARTESIAN_POINT ('', (71.5, 11.0000000000001, -3.5));
#9936 = CARTESIAN_POINT ('', (71.5, 5.00000000000011, -3.5));
#9937 = CARTESIAN_POINT ('', (77.5, 5.00000000000011, -3.5));
#9938 = (
   BOUNDED_SURFACE ()
   B_SPLINE_SURFACE (1, 2, ((#9928, #9929, #9930, #9931, #9932), (#9933, #9934, #9935, #9936, #9937)), .UNSPECIFIED., .F., .F., .U.)
   B_SPLINE_SURFACE_WITH_KNOTS ((2, 2), (3, 2, 3), (0.0833333333333338, 0.916666666666667), (0., 0.25, 0.5), .UNSPECIFIED.)
   GEOMETRIC_REPRESENTATION_ITEM ()
   RATIONAL_B_SPLINE_SURFACE (((1., 0.707106781186548, 1., 0.707106781186548, 1.), (1., 0.707106781186548, 1., 0.707106781186548, 1.)))
   REPRESENTATION_ITEM ('')
   SURFACE ()
);
#9939 = ADVANCED_FACE ('', (#9927), #9938, .T.);
#9940 = ORIENTED_EDGE ('', *, *, #6854, .F.);
#9941 = ORIENTED_EDGE ('', *, *, #436, .F.);
#9942 = ORIENTED_EDGE ('', *, *, #6869, .T.);
#9943 = ORIENTED_EDGE ('', *, *, #7732, .T.);
#9944 = EDGE_LOOP ('', (#9940, #9941, #9942, #9943));
#9945 = FACE_OUTER_BOUND ('', #9944, .T.);
#9946 = CARTESIAN_POINT ('', (70., 29.7500000000001, -5.));
#9947 = CARTESIAN_POINT ('', (64., 29.7500000000001, -5.));
#9948 = CARTESIAN_POINT ('', (64., 23.7500000000001, -5.));
#9949 = CARTESIAN_POINT ('', (64., 17.7500000000001, -5.));
#9950 = CARTESIAN_POINT ('', (70., 17.7500000000001, -5.));
#9951 = CARTESIAN_POINT ('', (70., 29.7500000000001, -3.5));
#9952 = CARTESIAN_POINT ('', (64., 29.7500000000001, -3.5));
#9953 = CARTESIAN_POINT ('', (64., 23.7500000000001, -3.5));
#9954 = CARTESIAN_POINT ('', (64., 17.7500000000001, -3.5));
#9955 = CARTESIAN_POINT ('', (70., 17.7500000000001, -3.5));
#9956 = (
   BOUNDED_SURFACE ()
   B_SPLINE_SURFACE (1, 2, ((#9946, #9947, #9948, #9949, #9950), (#9951, #9952, #9953, #9954, #9955)), .UNSPECIFIED., .F., .F., .U.)
   B_SPLINE_SURFACE_WITH_KNOTS ((2, 2), (3, 2, 3), (0.0833333333333338, 0.916666666666667), (0., 0.25, 0.5), .UNSPECIFIED.)
   GEOMETRIC_REPRESENTATION_ITEM ()
   RATIONAL_B_SPLINE_SURFACE (((1., 0.707106781186548, 1., 0.707106781186548, 1.), (1., 0.707106781186548, 1., 0.707106781186548, 1.)))
   REPRESENTATION_ITEM ('')
   SURFACE ()
);
#9957 = ADVANCED_FACE ('', (#9945), #9956, .T.);
#9958 = ORIENTED_EDGE ('', *, *, #6891, .F.);
#9959 = ORIENTED_EDGE ('', *, *, #414, .F.);
#9960 = ORIENTED_EDGE ('', *, *, #6906, .T.);
#9961 = ORIENTED_EDGE ('', *, *, #7721, .T.);
#9962 = EDGE_LOOP ('', (#9958, #9959, #9960, #9961));
#9963 = FACE_OUTER_BOUND ('', #9962, .T.);
#9964 = CARTESIAN_POINT ('', (55., 29.7500000000001, -5.));
#9965 = CARTESIAN_POINT ('', (49., 29.7500000000001, -5.));
#9966 = CARTESIAN_POINT ('', (49., 23.7500000000001, -5.));
#9967 = CARTESIAN_POINT ('', (49., 17.7500000000001, -5.));
#9968 = CARTESIAN_POINT ('', (55., 17.7500000000001, -5.));
#9969 = CARTESIAN_POINT ('', (55., 29.7500000000001, -3.5));
#9970 = CARTESIAN_POINT ('', (49., 29.7500000000001, -3.5));
#9971 = CARTESIAN_POINT ('', (49., 23.7500000000001, -3.5));
#9972 = CARTESIAN_POINT ('', (49., 17.7500000000001, -3.5));
#9973 = CARTESIAN_POINT ('', (55., 17.7500000000001, -3.5));
#9974 = (
   BOUNDED_SURFACE ()
   B_SPLINE_SURFACE (1, 2, ((#9964, #9965, #9966, #9967, #9968), (#9969, #9970, #9971, #9972, #9973)), .UNSPECIFIED., .F., .F., .U.)
   B_SPLINE_SURFACE_WITH_KNOTS ((2, 2), (3, 2, 3), (0.0833333333333338, 0.916666666666667), (0., 0.25, 0.5), .UNSPECIFIED.)
   GEOMETRIC_REPRESENTATION_ITEM ()
   RATIONAL_B_SPLINE_SURFACE (((1., 0.707106781186548, 1., 0.707106781186548, 1.), (1., 0.707106781186548, 1., 0.707106781186548, 1.)))
   REPRESENTATION_ITEM ('')
   SURFACE ()
);
#9975 = ADVANCED_FACE ('', (#9963), #9974, .T.);
#9976 = ORIENTED_EDGE ('', *, *, #6928, .F.);
#9977 = ORIENTED_EDGE ('', *, *, #392, .F.);
#9978 = ORIENTED_EDGE ('', *, *, #6943, .T.);
#9979 = ORIENTED_EDGE ('', *, *, #7710, .T.);
#9980 = EDGE_LOOP ('', (#9976, #9977, #9978, #9979));
#9981 = FACE_OUTER_BOUND ('', #9980, .T.);
#9982 = CARTESIAN_POINT ('', (62.5, 17.0000000000001, -5.));
#9983 = CARTESIAN_POINT ('', (56.5, 17.0000000000001, -5.));
#9984 = CARTESIAN_POINT ('', (56.5, 11.0000000000001, -5.));
#9985 = CARTESIAN_POINT ('', (56.5, 5.00000000000011, -5.));
#9986 = CARTESIAN_POINT ('', (62.5, 5.00000000000011, -5.));
#9987 = CARTESIAN_POINT ('', (62.5, 17.0000000000001, -3.5));
#9988 = CARTESIAN_POINT ('', (56.5, 17.0000000000001, -3.5));
#9989 = CARTESIAN_POINT ('', (56.5, 11.0000000000001, -3.5));
#9990 = CARTESIAN_POINT ('', (56.5, 5.00000000000011, -3.5));
#9991 = CARTESIAN_POINT ('', (62.5, 5.00000000000011, -3.5));
#9992 = (
   BOUNDED_SURFACE ()
   B_SPLINE_SURFACE (1, 2, ((#9982, #9983, #9984, #9985, #9986), (#9987, #9988, #9989, #9990, #9991)), .UNSPECIFIED., .F., .F., .U.)
   B_SPLINE_SURFACE_WITH_KNOTS ((2, 2), (3, 2, 3), (0.0833333333333338, 0.916666666666667), (0., 0.25, 0.5), .UNSPECIFIED.)
   GEOMETRIC_REPRESENTATION_ITEM ()
   RATIONAL_B_SPLINE_SURFACE (((1., 0.707106781186548, 1., 0.707106781186548, 1.), (1., 0.707106781186548, 1., 0.707106781186548, 1.)))
   REPRESENTATION_ITEM ('')
   SURFACE ()
);
#9993 = ADVANCED_FACE ('', (#9981), #9992, .T.);
#9994 = ORIENTED_EDGE ('', *, *, #6965, .F.);
#9995 = ORIENTED_EDGE ('', *, *, #370, .F.);
#9996 = ORIENTED_EDGE ('', *, *, #6980, .T.);
#9997 = ORIENTED_EDGE ('', *, *, #7699, .T.);
#9998 = EDGE_LOOP ('', (#9994, #9995, #9996, #9997));
#9999 = FACE_OUTER_BOUND ('', #9998, .T.);
#10000 = CARTESIAN_POINT ('', (47.5, 17.0000000000001, -5.));
#10001 = CARTESIAN_POINT ('', (41.5, 17.0000000000001, -5.));
#10002 = CARTESIAN_POINT ('', (41.5, 11.0000000000001, -5.));
#10003 = CARTESIAN_POINT ('', (41.5, 5.00000000000011, -5.));
#10004 = CARTESIAN_POINT ('', (47.5, 5.00000000000011, -5.));
#10005 = CARTESIAN_POINT ('', (47.5, 17.0000000000001, -3.5));
#10006 = CARTESIAN_POINT ('', (41.5, 17.0000000000001, -3.5));
#10007 = CARTESIAN_POINT ('', (41.5, 11.0000000000001, -3.5));
#10008 = CARTESIAN_POINT ('', (41.5, 5.00000000000011, -3.5));
#10009 = CARTESIAN_POINT ('', (47.5, 5.00000000000011, -3.5));
#10010 = (
   BOUNDED_SURFACE ()
   B_SPLINE_SURFACE (1, 2, ((#10000, #10001, #10002, #10003, #10004), (#10005, #10006, #10007, #10008, #10009)), .UNSPECIFIED., .F., .F., .U.)
   B_SPLINE_SURFACE_WITH_KNOTS ((2, 2), (3, 2, 3), (0.0833333333333338, 0.916666666666667), (0., 0.25, 0.5), .UNSPECIFIED.)
   GEOMETRIC_REPRESENTATION_ITEM ()
   RATIONAL_B_SPLINE_SURFACE (((1., 0.707106781186548, 1., 0.707106781186548, 1.), (1., 0.707106781186548, 1., 0.707106781186548, 1.)))
   REPRESENTATION_ITEM ('')
   SURFACE ()
);
#10011 = ADVANCED_FACE ('', (#9999), #10010, .T.);
#10012 = ORIENTED_EDGE ('', *, *, #7002, .F.);
#10013 = ORIENTED_EDGE ('', *, *, #348, .F.);
#10014 = ORIENTED_EDGE ('', *, *, #7017, .T.);
#10015 = ORIENTED_EDGE ('', *, *, #7688, .T.);
#10016 = EDGE_LOOP ('', (#10012, #10013, #10014, #10015));
#10017 = FACE_OUTER_BOUND ('', #10016, .T.);
#10018 = CARTESIAN_POINT ('', (40., 29.7500000000001, -5.));
#10019 = CARTESIAN_POINT ('', (34., 29.7500000000001, -5.));
#10020 = CARTESIAN_POINT ('', (34., 23.7500000000001, -5.));
#10021 = CARTESIAN_POINT ('', (34., 17.7500000000001, -5.));
#10022 = CARTESIAN_POINT ('', (40., 17.7500000000001, -5.));
#10023 = CARTESIAN_POINT ('', (40., 29.7500000000001, -3.5));
#10024 = CARTESIAN_POINT ('', (34., 29.7500000000001, -3.5));
#10025 = CARTESIAN_POINT ('', (34., 23.7500000000001, -3.5));
#10026 = CARTESIAN_POINT ('', (34., 17.7500000000001, -3.5));
#10027 = CARTESIAN_POINT ('', (40., 17.7500000000001, -3.5));
#10028 = (
   BOUNDED_SURFACE ()
   B_SPLINE_SURFACE (1, 2, ((#10018, #10019, #10020, #10021, #10022), (#10023, #10024, #10025, #10026, #10027)), .UNSPECIFIED., .F., .F., .U.)
   B_SPLINE_SURFACE_WITH_KNOTS ((2, 2), (3, 2, 3), (0.0833333333333338, 0.916666666666667), (0., 0.25, 0.5), .UNSPECIFIED.)
   GEOMETRIC_REPRESENTATION_ITEM ()
   RATIONAL_B_SPLINE_SURFACE (((1., 0.707106781186548, 1., 0.707106781186548, 1.), (1., 0.707106781186548, 1., 0.707106781186548, 1.)))
   REPRESENTATION_ITEM ('')
   SURFACE ()
);
#10029 = ADVANCED_FACE ('', (#10017), #10028, .T.);
#10030 = ORIENTED_EDGE ('', *, *, #7039, .F.);
#10031 = ORIENTED_EDGE ('', *, *, #326, .F.);
#10032 = ORIENTED_EDGE ('', *, *, #7054, .T.);
#10033 = ORIENTED_EDGE ('', *, *, #7677, .T.);
#10034 = EDGE_LOOP ('', (#10030, #10031, #10032, #10033));
#10035 = FACE_OUTER_BOUND ('', #10034, .T.);
#10036 = CARTESIAN_POINT ('', (25., 29.7500000000001, -5.));
#10037 = CARTESIAN_POINT ('', (19., 29.7500000000001, -5.));
#10038 = CARTESIAN_POINT ('', (19., 23.7500000000001, -5.));
#10039 = CARTESIAN_POINT ('', (19., 17.7500000000001, -5.));
#10040 = CARTESIAN_POINT ('', (25., 17.7500000000001, -5.));
#10041 = CARTESIAN_POINT ('', (25., 29.7500000000001, -3.5));
#10042 = CARTESIAN_POINT ('', (19., 29.7500000000001, -3.5));
#10043 = CARTESIAN_POINT ('', (19., 23.7500000000001, -3.5));
#10044 = CARTESIAN_POINT ('', (19., 17.7500000000001, -3.5));
#10045 = CARTESIAN_POINT ('', (25., 17.7500000000001, -3.5));
#10046 = (
   BOUNDED_SURFACE ()
   B_SPLINE_SURFACE (1, 2, ((#10036, #10037, #10038, #10039, #10040), (#10041, #10042, #10043, #10044, #10045)), .UNSPECIFIED., .F., .F., .U.)
   B_SPLINE_SURFACE_WITH_KNOTS ((2, 2), (3, 2, 3), (0.0833333333333338, 0.916666666666667), (0., 0.25, 0.5), .UNSPECIFIED.)
   GEOMETRIC_REPRESENTATION_ITEM ()
   RATIONAL_B_SPLINE_SURFACE (((1., 0.707106781186548, 1., 0.707106781186548, 1.), (1., 0.707106781186548, 1., 0.707106781186548, 1.)))
   REPRESENTATION_ITEM ('')
   SURFACE ()
);
#10047 = ADVANCED_FACE ('', (#10035), #10046, .T.);
#10048 = ORIENTED_EDGE ('', *, *, #7076, .F.);
#10049 = ORIENTED_EDGE ('', *, *, #304, .F.);
#10050 = ORIENTED_EDGE ('', *, *, #7091, .T.);
#10051 = ORIENTED_EDGE ('', *, *, #7666, .T.);
#10052 = EDGE_LOOP ('', (#10048, #10049, #10050, #10051));
#10053 = FACE_OUTER_BOUND ('', #10052, .T.);
#10054 = CARTESIAN_POINT ('', (32.5, 17.0000000000001, -5.));
#10055 = CARTESIAN_POINT ('', (26.5, 17.0000000000001, -5.));
#10056 = CARTESIAN_POINT ('', (26.5, 11.0000000000001, -5.));
#10057 = CARTESIAN_POINT ('', (26.5, 5.00000000000011, -5.));
#10058 = CARTESIAN_POINT ('', (32.5, 5.00000000000011, -5.));
#10059 = CARTESIAN_POINT ('', (32.5, 17.0000000000001, -3.5));
#10060 = CARTESIAN_POINT ('', (26.5, 17.0000000000001, -3.5));
#10061 = CARTESIAN_POINT ('', (26.5, 11.0000000000001, -3.5));
#10062 = CARTESIAN_POINT ('', (26.5, 5.00000000000011, -3.5));
#10063 = CARTESIAN_POINT ('', (32.5, 5.00000000000011, -3.5));
#10064 = (
   BOUNDED_SURFACE ()
   B_SPLINE_SURFACE (1, 2, ((#10054, #10055, #10056, #10057, #10058), (#10059, #10060, #10061, #10062, #10063)), .UNSPECIFIED., .F., .F., .U.)
   B_SPLINE_SURFACE_WITH_KNOTS ((2, 2), (3, 2, 3), (0.0833333333333338, 0.916666666666667), (0., 0.25, 0.5), .UNSPECIFIED.)
   GEOMETRIC_REPRESENTATION_ITEM ()
   RATIONAL_B_SPLINE_SURFACE (((1., 0.707106781186548, 1., 0.707106781186548, 1.), (1., 0.707106781186548, 1., 0.707106781186548, 1.)))
   REPRESENTATION_ITEM ('')
   SURFACE ()
);
#10065 = ADVANCED_FACE ('', (#10053), #10064, .T.);
#10066 = CLOSED_SHELL ('', (#143, #2284, #2517, #2698, #2931, #3112, #3345, #3526, #3759, #3940, #4173, #4354, #4587, #4768, #4901, #4918, #5051, #5068, #5201, #5218, #5351, #5368, #5405, #5442, #5479, #5516, #5553, #5590, #5627, #5664, #5701, #5738, #5775, #5812, #5849, #5886, #5923, #5960, #5997, #6034, #6071, #6108, #6145, #6182, #6219, #6256, #6293, #6330, #6367, #6404, #6441, #6478, #6515, #6552, #6589, #6626, #6663, #6700, #6737, #6774, #6811, #6848, #6885, #6922, #6959, #6996, #7033, #7070, #7107, #7138, #7160, #7182, #7207, #7229, #7254, #7276, #7298, #7323, #7345, #7367, #7392, #7414, #7439, #7461, #7483, #7508, #7530, #7555, #7571, #8193, #8211, #8285, #8303, #8377, #8395, #8469, #8487, #8561, #8579, #8653, #8671, #8745, #8763, #8877, #8991, #9105, #9219, #9237, #9255, #9273, #9291, #9309, #9327, #9345, #9363, #9381, #9399, #9417, #9435, #9453, #9471, #9489, #9507, #9525, #9543, #9561, #9579, #9597, #9615, #9633, #9651, #9669, #9687, #9705, #9723, #9741, #9759, #9777, #9795, #9813, #9831, #9849, #9867, #9885, #9903, #9921, #9939, #9957, #9975, #9993, #10011, #10029, #10047, #10065));
#10067 = MANIFOLD_SOLID_BREP ('', #10066);
#10068 = PRESENTATION_LAYER_ASSIGNMENT ('Level 8', 'Level 8', (#10067));
#10069 = COLOUR_RGB ('', 0.666666666666667, 0., 1.);
#10070 = FILL_AREA_STYLE_COLOUR ('', #10069);
#10071 = FILL_AREA_STYLE ('', (#10070));
#10072 = SURFACE_STYLE_FILL_AREA (#10071);
#10073 = SURFACE_SIDE_STYLE ('', (#10072));
#10074 = SURFACE_STYLE_USAGE (.POSITIVE., #10073);
#10075 = PRESENTATION_STYLE_ASSIGNMENT ((#10074));
#10076 = STYLED_ITEM ('', (#10075), #10067);
#10077 = (
   LENGTH_UNIT ()
   NAMED_UNIT (*)
   SI_UNIT ($, .METRE.)
);
#10078 = (
   NAMED_UNIT (*)
   SI_UNIT ($, .STERADIAN.)
   SOLID_ANGLE_UNIT ()
);
#10079 = (
   NAMED_UNIT (*)
   PLANE_ANGLE_UNIT ()
   SI_UNIT ($, .RADIAN.)
);
#10080 = UNCERTAINTY_MEASURE_WITH_UNIT (LENGTH_MEASURE(0.001), #10077, 'DISTANCE_ACCURACY_VALUE', '');
#10081 = (
   GEOMETRIC_REPRESENTATION_CONTEXT (3)
   GLOBAL_UNCERTAINTY_ASSIGNED_CONTEXT ((#10080))
   GLOBAL_UNIT_ASSIGNED_CONTEXT ((#10077, #10078, #10079))
   REPRESENTATION_CONTEXT ('', '3D')
);
#10082 = SHAPE_REPRESENTATION ('', (#10210), #10081);
#10083 = APPLICATION_CONTEXT ('configuration controlled 3D designs of mechanical parts and assemblies');
#10084 = APPLICATION_PROTOCOL_DEFINITION ('International Standard', 'config_control_design', 1997, #10083);
#10085 = MECHANICAL_CONTEXT ('', #10083, 'mechanical');
#10086 = PRODUCT ('', '', '', (#10085));
#10087 = PERSON_AND_ORGANIZATION_ROLE ('design_owner');
#10088 = PERSON ('#10088', '', $, $, $, $);
#10089 = ORGANIZATION ($, '', '');
#10090 = PERSON_AND_ORGANIZATION (#10088, #10089);
#10091 = CC_DESIGN_PERSON_AND_ORGANIZATION_ASSIGNMENT (#10090, #10087, (#10086));
#10092 = PRODUCT_RELATED_PRODUCT_CATEGORY ('detail', $, (#10086));
#10093 = PRODUCT_DEFINITION_FORMATION_WITH_SPECIFIED_SOURCE ('', '', #10086, .NOT_KNOWN.);
#10094 = APPROVAL_STATUS ('approved');
#10095 = APPROVAL (#10094, '');
#10096 = CALENDAR_DATE (2026, 29, 1);
#10097 = COORDINATED_UNIVERSAL_TIME_OFFSET (0, $, .AHEAD.);
#10098 = LOCAL_TIME (22, 14, 51., #10097);
#10099 = DATE_AND_TIME (#10096, #10098);
#10100 = APPROVAL_DATE_TIME (#10099, #10095);
#10101 = APPROVAL_ROLE ('');
#10102 = PERSON ('#10102', '', $, $, $, $);
#10103 = ORGANIZATION ($, '', '');
#10104 = PERSON_AND_ORGANIZATION (#10102, #10103);
#10105 = APPROVAL_PERSON_ORGANIZATION (#10104, #10095, #10101);
#10106 = CC_DESIGN_APPROVAL (#10095, (#10093));
#10107 = PERSON_AND_ORGANIZATION_ROLE ('creator');
#10108 = PERSON ('#10108', '', $, $, $, $);
#10109 = ORGANIZATION ($, '', '');
#10110 = PERSON_AND_ORGANIZATION (#10108, #10109);
#10111 = CC_DESIGN_PERSON_AND_ORGANIZATION_ASSIGNMENT (#10110, #10107, (#10093));
#10112 = PERSON_AND_ORGANIZATION_ROLE ('part_supplier');
#10113 = PERSON ('#10113', '', $, $, $, $);
#10114 = ORGANIZATION ($, '', '');
#10115 = PERSON_AND_ORGANIZATION (#10113, #10114);
#10116 = CC_DESIGN_PERSON_AND_ORGANIZATION_ASSIGNMENT (#10115, #10112, (#10093));
#10117 = SECURITY_CLASSIFICATION_LEVEL ('unclassified');
#10118 = SECURITY_CLASSIFICATION ('', '', #10117);
#10119 = APPROVAL_STATUS ('approved');
#10120 = APPROVAL (#10119, '');
#10121 = CALENDAR_DATE (2026, 29, 1);
#10122 = COORDINATED_UNIVERSAL_TIME_OFFSET (0, $, .AHEAD.);
#10123 = LOCAL_TIME (22, 14, 51., #10122);
#10124 = DATE_AND_TIME (#10121, #10123);
#10125 = APPROVAL_DATE_TIME (#10124, #10120);
#10126 = APPROVAL_ROLE ('');
#10127 = PERSON ('#10127', '', $, $, $, $);
#10128 = ORGANIZATION ($, '', '');
#10129 = PERSON_AND_ORGANIZATION (#10127, #10128);
#10130 = APPROVAL_PERSON_ORGANIZATION (#10129, #10120, #10126);
#10131 = CC_DESIGN_APPROVAL (#10120, (#10118));
#10132 = DATE_TIME_ROLE ('classification_date');
#10133 = CALENDAR_DATE (2026, 29, 1);
#10134 = COORDINATED_UNIVERSAL_TIME_OFFSET (0, $, .AHEAD.);
#10135 = LOCAL_TIME (22, 14, 51., #10134);
#10136 = DATE_AND_TIME (#10133, #10135);
#10137 = CC_DESIGN_DATE_AND_TIME_ASSIGNMENT (#10136, #10132, (#10118));
#10138 = PERSON_AND_ORGANIZATION_ROLE ('classification_officer');
#10139 = PERSON ('#10139', '', $, $, $, $);
#10140 = ORGANIZATION ($, '', '');
#10141 = PERSON_AND_ORGANIZATION (#10139, #10140);
#10142 = CC_DESIGN_PERSON_AND_ORGANIZATION_ASSIGNMENT (#10141, #10138, (#10118));
#10143 = CC_DESIGN_SECURITY_CLASSIFICATION (#10118, (#10093));
#10144 = DESIGN_CONTEXT ('', #10083, 'design');
#10145 = APPROVAL_STATUS ('approved');
#10146 = APPROVAL (#10145, '');
#10147 = CALENDAR_DATE (2026, 29, 1);
#10148 = COORDINATED_UNIVERSAL_TIME_OFFSET (0, $, .AHEAD.);
#10149 = LOCAL_TIME (22, 14, 51., #10148);
#10150 = DATE_AND_TIME (#10147, #10149);
#10151 = APPROVAL_DATE_TIME (#10150, #10146);
#10152 = APPROVAL_ROLE ('');
#10153 = PERSON ('#10153', '', $, $, $, $);
#10154 = ORGANIZATION ($, '', '');
#10155 = PERSON_AND_ORGANIZATION (#10153, #10154);
#10156 = APPROVAL_PERSON_ORGANIZATION (#10155, #10146, #10152);
#10157 = CC_DESIGN_APPROVAL (#10146, (*));
#10158 = DATE_TIME_ROLE ('creation_date');
#10159 = CALENDAR_DATE (2026, 29, 1);
#10160 = COORDINATED_UNIVERSAL_TIME_OFFSET (0, $, .AHEAD.);
#10161 = LOCAL_TIME (22, 14, 51., #10160);
#10162 = DATE_AND_TIME (#10159, #10161);
#10163 = CC_DESIGN_DATE_AND_TIME_ASSIGNMENT (#10162, #10158, (*));
#10164 = PERSON_AND_ORGANIZATION_ROLE ('creator');
#10165 = PERSON ('#10165', '', $, $, $, $);
#10166 = ORGANIZATION ($, '', '');
#10167 = PERSON_AND_ORGANIZATION (#10165, #10166);
#10168 = CC_DESIGN_PERSON_AND_ORGANIZATION_ASSIGNMENT (#10167, #10164, (*));
#10169 = PRODUCT_DEFINITION ('', '', #10093, #10144);
#10170 = PRODUCT_DEFINITION_SHAPE ('', '', #10169);
#10171 = SHAPE_DEFINITION_REPRESENTATION (#10170, #10082);
#10172 = SHAPE_REPRESENTATION_RELATIONSHIP ('', '', #10082, #10173);
#10173 = ADVANCED_BREP_SHAPE_REPRESENTATION ('', (#10067), #10081);
#10174 = NEXT_ASSEMBLY_USAGE_OCCURRENCE ('#10174', '', '', #93, #10169, $);
#10175 = SECURITY_CLASSIFICATION_LEVEL ('unclassified');
#10176 = SECURITY_CLASSIFICATION ('', '', #10175);
#10177 = APPROVAL_STATUS ('approved');
#10178 = APPROVAL (#10177, '');
#10179 = CALENDAR_DATE (2026, 29, 1);
#10180 = COORDINATED_UNIVERSAL_TIME_OFFSET (0, $, .AHEAD.);
#10181 = LOCAL_TIME (22, 14, 51., #10180);
#10182 = DATE_AND_TIME (#10179, #10181);
#10183 = APPROVAL_DATE_TIME (#10182, #10178);
#10184 = APPROVAL_ROLE ('');
#10185 = PERSON ('#10185', '', $, $, $, $);
#10186 = ORGANIZATION ($, '', '');
#10187 = PERSON_AND_ORGANIZATION (#10185, #10186);
#10188 = APPROVAL_PERSON_ORGANIZATION (#10187, #10178, #10184);
#10189 = CC_DESIGN_APPROVAL (#10178, (#10176));
#10190 = DATE_TIME_ROLE ('classification_date');
#10191 = CALENDAR_DATE (2026, 29, 1);
#10192 = COORDINATED_UNIVERSAL_TIME_OFFSET (0, $, .AHEAD.);
#10193 = LOCAL_TIME (22, 14, 51., #10192);
#10194 = DATE_AND_TIME (#10191, #10193);
#10195 = CC_DESIGN_DATE_AND_TIME_ASSIGNMENT (#10194, #10190, (#10176));
#10196 = PERSON_AND_ORGANIZATION_ROLE ('classification_officer');
#10197 = PERSON ('#10197', '', $, $, $, $);
#10198 = ORGANIZATION ($, '', '');
#10199 = PERSON_AND_ORGANIZATION (#10197, #10198);
#10200 = CC_DESIGN_PERSON_AND_ORGANIZATION_ASSIGNMENT (#10199, #10196, (#10176));
#10201 = CC_DESIGN_SECURITY_CLASSIFICATION (#10176, (#10174));
#10202 = PRODUCT_DEFINITION_SHAPE ('', '', #10174);
#10203 = CARTESIAN_POINT ('', (0., 0., 0.));
#10204 = DIRECTION ('', (0., 0., 1.));
#10205 = DIRECTION ('', (1., 0., 0.));
#10206 = AXIS2_PLACEMENT_3D ('', #10203, #10204, #10205);
#10207 = CARTESIAN_POINT ('', (0., 0., 0.));
#10208 = DIRECTION ('', (0., 0., 1.));
#10209 = DIRECTION ('', (1., 0., 0.));
#10210 = AXIS2_PLACEMENT_3D ('', #10207, #10208, #10209);
#10211 = ITEM_DEFINED_TRANSFORMATION ('', '', #10206, #10210);
#10212 = (
   REPRESENTATION_RELATIONSHIP ('', '', #6, #10082)
   REPRESENTATION_RELATIONSHIP_WITH_TRANSFORMATION (#10211)
   SHAPE_REPRESENTATION_RELATIONSHIP ()
);
#10213 = CONTEXT_DEPENDENT_SHAPE_REPRESENTATION (#10212, #10202);
ENDSEC;
END-ISO-10303-21;
