ISO-10303-21;
HEADER;
FILE_DESCRIPTION (('STEP'), '1');
FILE_NAME ('C:\\projects\\3dmodel\\ansikPlate20.stp', '2026-01-29T22:09:19', ('Unknown'), ('Unknown'), 'HarmonyWare STEP v2.1.9', 'HarmonyWare Translators', '');
FILE_SCHEMA (('CONFIG_CONTROL_DESIGN'));
ENDSEC;

DATA;
#1 = (
   LENGTH_UNIT ()
   NAMED_UNIT (*)
   SI_UNIT ($, .METRE.)
);
#2 = (
   NAMED_UNIT (*)
   SI_UNIT ($, .STERADIAN.)
   SOLID_ANGLE_UNIT ()
);
#3 = (
   NAMED_UNIT (*)
   PLANE_ANGLE_UNIT ()
   SI_UNIT ($, .RADIAN.)
);
#4 = UNCERTAINTY_MEASURE_WITH_UNIT (LENGTH_MEASURE(0.001), #1, 'DISTANCE_ACCURACY_VALUE', '');
#5 = (
   GEOMETRIC_REPRESENTATION_CONTEXT (3)
   GLOBAL_UNCERTAINTY_ASSIGNED_CONTEXT ((#4))
   GLOBAL_UNIT_ASSIGNED_CONTEXT ((#1, #2, #3))
   REPRESENTATION_CONTEXT ('', '3D')
);
#6 = SHAPE_REPRESENTATION ('', (#12208), #5);
#7 = APPLICATION_CONTEXT ('configuration controlled 3D designs of mechanical parts and assemblies');
#8 = APPLICATION_PROTOCOL_DEFINITION ('International Standard', 'config_control_design', 1997, #7);
#9 = MECHANICAL_CONTEXT ('', #7, 'mechanical');
#10 = PRODUCT ('', '', '', (#9));
#11 = PERSON_AND_ORGANIZATION_ROLE ('design_owner');
#12 = PERSON ('#12', '', $, $, $, $);
#13 = ORGANIZATION ($, '', '');
#14 = PERSON_AND_ORGANIZATION (#12, #13);
#15 = CC_DESIGN_PERSON_AND_ORGANIZATION_ASSIGNMENT (#14, #11, (#10));
#16 = PRODUCT_RELATED_PRODUCT_CATEGORY ('detail', $, (#10));
#17 = PRODUCT_DEFINITION_FORMATION_WITH_SPECIFIED_SOURCE ('', '', #10, .NOT_KNOWN.);
#18 = APPROVAL_STATUS ('approved');
#19 = APPROVAL (#18, '');
#20 = CALENDAR_DATE (2026, 29, 1);
#21 = COORDINATED_UNIVERSAL_TIME_OFFSET (0, $, .AHEAD.);
#22 = LOCAL_TIME (22, 9, 19., #21);
#23 = DATE_AND_TIME (#20, #22);
#24 = APPROVAL_DATE_TIME (#23, #19);
#25 = APPROVAL_ROLE ('');
#26 = PERSON ('#26', '', $, $, $, $);
#27 = ORGANIZATION ($, '', '');
#28 = PERSON_AND_ORGANIZATION (#26, #27);
#29 = APPROVAL_PERSON_ORGANIZATION (#28, #19, #25);
#30 = CC_DESIGN_APPROVAL (#19, (#17));
#31 = PERSON_AND_ORGANIZATION_ROLE ('creator');
#32 = PERSON ('#32', '', $, $, $, $);
#33 = ORGANIZATION ($, '', '');
#34 = PERSON_AND_ORGANIZATION (#32, #33);
#35 = CC_DESIGN_PERSON_AND_ORGANIZATION_ASSIGNMENT (#34, #31, (#17));
#36 = PERSON_AND_ORGANIZATION_ROLE ('part_supplier');
#37 = PERSON ('#37', '', $, $, $, $);
#38 = ORGANIZATION ($, '', '');
#39 = PERSON_AND_ORGANIZATION (#37, #38);
#40 = CC_DESIGN_PERSON_AND_ORGANIZATION_ASSIGNMENT (#39, #36, (#17));
#41 = SECURITY_CLASSIFICATION_LEVEL ('unclassified');
#42 = SECURITY_CLASSIFICATION ('', '', #41);
#43 = APPROVAL_STATUS ('approved');
#44 = APPROVAL (#43, '');
#45 = CALENDAR_DATE (2026, 29, 1);
#46 = COORDINATED_UNIVERSAL_TIME_OFFSET (0, $, .AHEAD.);
#47 = LOCAL_TIME (22, 9, 19., #46);
#48 = DATE_AND_TIME (#45, #47);
#49 = APPROVAL_DATE_TIME (#48, #44);
#50 = APPROVAL_ROLE ('');
#51 = PERSON ('#51', '', $, $, $, $);
#52 = ORGANIZATION ($, '', '');
#53 = PERSON_AND_ORGANIZATION (#51, #52);
#54 = APPROVAL_PERSON_ORGANIZATION (#53, #44, #50);
#55 = CC_DESIGN_APPROVAL (#44, (#42));
#56 = DATE_TIME_ROLE ('classification_date');
#57 = CALENDAR_DATE (2026, 29, 1);
#58 = COORDINATED_UNIVERSAL_TIME_OFFSET (0, $, .AHEAD.);
#59 = LOCAL_TIME (22, 9, 19., #58);
#60 = DATE_AND_TIME (#57, #59);
#61 = CC_DESIGN_DATE_AND_TIME_ASSIGNMENT (#60, #56, (#42));
#62 = PERSON_AND_ORGANIZATION_ROLE ('classification_officer');
#63 = PERSON ('#63', '', $, $, $, $);
#64 = ORGANIZATION ($, '', '');
#65 = PERSON_AND_ORGANIZATION (#63, #64);
#66 = CC_DESIGN_PERSON_AND_ORGANIZATION_ASSIGNMENT (#65, #62, (#42));
#67 = CC_DESIGN_SECURITY_CLASSIFICATION (#42, (#17));
#68 = DESIGN_CONTEXT ('', #7, 'design');
#69 = APPROVAL_STATUS ('approved');
#70 = APPROVAL (#69, '');
#71 = CALENDAR_DATE (2026, 29, 1);
#72 = COORDINATED_UNIVERSAL_TIME_OFFSET (0, $, .AHEAD.);
#73 = LOCAL_TIME (22, 9, 19., #72);
#74 = DATE_AND_TIME (#71, #73);
#75 = APPROVAL_DATE_TIME (#74, #70);
#76 = APPROVAL_ROLE ('');
#77 = PERSON ('#77', '', $, $, $, $);
#78 = ORGANIZATION ($, '', '');
#79 = PERSON_AND_ORGANIZATION (#77, #78);
#80 = APPROVAL_PERSON_ORGANIZATION (#79, #70, #76);
#81 = CC_DESIGN_APPROVAL (#70, (*));
#82 = DATE_TIME_ROLE ('creation_date');
#83 = CALENDAR_DATE (2026, 29, 1);
#84 = COORDINATED_UNIVERSAL_TIME_OFFSET (0, $, .AHEAD.);
#85 = LOCAL_TIME (22, 9, 19., #84);
#86 = DATE_AND_TIME (#83, #85);
#87 = CC_DESIGN_DATE_AND_TIME_ASSIGNMENT (#86, #82, (*));
#88 = PERSON_AND_ORGANIZATION_ROLE ('creator');
#89 = PERSON ('#89', '', $, $, $, $);
#90 = ORGANIZATION ($, '', '');
#91 = PERSON_AND_ORGANIZATION (#89, #90);
#92 = CC_DESIGN_PERSON_AND_ORGANIZATION_ASSIGNMENT (#91, #88, (*));
#93 = PRODUCT_DEFINITION ('', '', #17, #68);
#94 = PRODUCT_DEFINITION_SHAPE ('', '', #93);
#95 = SHAPE_DEFINITION_REPRESENTATION (#94, #6);
#96 = CARTESIAN_POINT ('', (-67.5, 24., 5.));
#97 = VERTEX_POINT ('', #96);
#98 = CARTESIAN_POINT ('', (-67.5, 38., 5.));
#99 = VERTEX_POINT ('', #98);
#100 = CARTESIAN_POINT ('', (-67.5, 24., 5.));
#101 = CARTESIAN_POINT ('', (-67.5, 38., 5.));
#102 = B_SPLINE_CURVE_WITH_KNOTS ('', 1, (#100, #101), .UNSPECIFIED., .F., .U., (2, 2), (68.5, 82.5), .UNSPECIFIED.);
#103 = EDGE_CURVE ('', #97, #99, #102, .T.);
#104 = ORIENTED_EDGE ('', *, *, #103, .F.);
#105 = CARTESIAN_POINT ('', (-67.5, 24., 3.5));
#106 = VERTEX_POINT ('', #105);
#107 = CARTESIAN_POINT ('', (-67.5, 24., 3.5));
#108 = CARTESIAN_POINT ('', (-67.5, 24., 5.));
#109 = B_SPLINE_CURVE_WITH_KNOTS ('', 1, (#107, #108), .UNSPECIFIED., .F., .U., (2, 2), (0., 1.), .UNSPECIFIED.);
#110 = EDGE_CURVE ('', #106, #97, #109, .T.);
#111 = ORIENTED_EDGE ('', *, *, #110, .F.);
#112 = CARTESIAN_POINT ('', (-67.5, 38., 3.5));
#113 = VERTEX_POINT ('', #112);
#114 = CARTESIAN_POINT ('', (-67.5, 24., 3.5));
#115 = CARTESIAN_POINT ('', (-67.5, 38., 3.5));
#116 = B_SPLINE_CURVE_WITH_KNOTS ('', 1, (#114, #115), .UNSPECIFIED., .F., .U., (2, 2), (68.5, 82.5), .UNSPECIFIED.);
#117 = EDGE_CURVE ('', #106, #113, #116, .T.);
#118 = ORIENTED_EDGE ('', *, *, #117, .T.);
#119 = CARTESIAN_POINT ('', (-67.5, 38., 3.5));
#120 = CARTESIAN_POINT ('', (-67.5, 38., 5.));
#121 = B_SPLINE_CURVE_WITH_KNOTS ('', 1, (#119, #120), .UNSPECIFIED., .F., .U., (2, 2), (0., 1.), .UNSPECIFIED.);
#122 = EDGE_CURVE ('', #113, #99, #121, .T.);
#123 = ORIENTED_EDGE ('', *, *, #122, .T.);
#124 = EDGE_LOOP ('', (#104, #111, #118, #123));
#125 = FACE_OUTER_BOUND ('', #124, .T.);
#126 = CARTESIAN_POINT ('', (-67.5, 24., 3.5));
#127 = CARTESIAN_POINT ('', (-67.5, 24., 5.));
#128 = CARTESIAN_POINT ('', (-67.5, 38., 3.5));
#129 = CARTESIAN_POINT ('', (-67.5, 38., 5.));
#130 = B_SPLINE_SURFACE_WITH_KNOTS ('', 1, 1, ((#126, #127), (#128, #129)), .UNSPECIFIED., .F., .F., .U., (2, 2), (2, 2), (68.5, 82.5), (0., 1.), .UNSPECIFIED.);
#131 = ADVANCED_FACE ('', (#125), #130, .T.);
#132 = CARTESIAN_POINT ('', (-96.25, 8.49999999999999, 3.5));
#133 = VERTEX_POINT ('', #132);
#134 = CARTESIAN_POINT ('', (-98.25, 8.49999999999999, 3.5));
#135 = VERTEX_POINT ('', #134);
#136 = CARTESIAN_POINT ('', (-96.25, 8.49999999999999, 3.5));
#137 = CARTESIAN_POINT ('', (-98.25, 8.49999999999999, 3.5));
#138 = B_SPLINE_CURVE_WITH_KNOTS ('', 1, (#136, #137), .UNSPECIFIED., .F., .U., (2, 2), (1118.75, 1119.75), .UNSPECIFIED.);
#139 = EDGE_CURVE ('', #133, #135, #138, .T.);
#140 = ORIENTED_EDGE ('', *, *, #139, .F.);
#141 = CARTESIAN_POINT ('', (-96.25, 3.49999999999999, 3.5));
#142 = VERTEX_POINT ('', #141);
#143 = CARTESIAN_POINT ('', (-96.25, 3.49999999999999, 3.5));
#144 = CARTESIAN_POINT ('', (-93.75, 3.49999999999999, 3.5));
#145 = CARTESIAN_POINT ('', (-93.75, 5.99999999999999, 3.5));
#146 = CARTESIAN_POINT ('', (-93.75, 8.49999999999999, 3.5));
#147 = CARTESIAN_POINT ('', (-96.25, 8.49999999999999, 3.5));
#148 = (
   BOUNDED_CURVE ()
   B_SPLINE_CURVE (2, (#143, #144, #145, #146, #147), .UNSPECIFIED., .F., .U.)
   B_SPLINE_CURVE_WITH_KNOTS ((3, 2, 3), (1117.75, 1118.25, 1118.75), .UNSPECIFIED.)
   CURVE ()
   GEOMETRIC_REPRESENTATION_ITEM ()
   RATIONAL_B_SPLINE_CURVE ((1., 0.707106781186548, 1., 0.707106781186548, 1.))
   REPRESENTATION_ITEM ('')
);
#149 = EDGE_CURVE ('', #142, #133, #148, .T.);
#150 = ORIENTED_EDGE ('', *, *, #149, .F.);
#151 = CARTESIAN_POINT ('', (-102.75, 3.5, 3.5));
#152 = VERTEX_POINT ('', #151);
#153 = CARTESIAN_POINT ('', (-102.75, 3.5, 3.5));
#154 = CARTESIAN_POINT ('', (-96.25, 3.49999999999999, 3.5));
#155 = B_SPLINE_CURVE_WITH_KNOTS ('', 1, (#153, #154), .UNSPECIFIED., .F., .U., (2, 2), (1116.75, 1117.75), .UNSPECIFIED.);
#156 = EDGE_CURVE ('', #152, #142, #155, .T.);
#157 = ORIENTED_EDGE ('', *, *, #156, .F.);
#158 = CARTESIAN_POINT ('', (-103.25, 3., 3.5));
#159 = VERTEX_POINT ('', #158);
#160 = CARTESIAN_POINT ('', (-103.25, 3., 3.5));
#161 = CARTESIAN_POINT ('', (-103.25, 3.5, 3.5));
#162 = CARTESIAN_POINT ('', (-102.75, 3.5, 3.5));
#163 = (
   BOUNDED_CURVE ()
   B_SPLINE_CURVE (2, (#160, #161, #162), .UNSPECIFIED., .F., .U.)
   B_SPLINE_CURVE_WITH_KNOTS ((3, 3), (1115.75, 1116.75), .UNSPECIFIED.)
   CURVE ()
   GEOMETRIC_REPRESENTATION_ITEM ()
   RATIONAL_B_SPLINE_CURVE ((1., 0.707106781186548, 1.))
   REPRESENTATION_ITEM ('')
);
#164 = EDGE_CURVE ('', #159, #152, #163, .T.);
#165 = ORIENTED_EDGE ('', *, *, #164, .F.);
#166 = CARTESIAN_POINT ('', (-103.25, 2.49999999999983, 3.5));
#167 = VERTEX_POINT ('', #166);
#168 = CARTESIAN_POINT ('', (-103.25, 2.49999999999983, 3.5));
#169 = CARTESIAN_POINT ('', (-103.25, 3., 3.5));
#170 = B_SPLINE_CURVE_WITH_KNOTS ('', 1, (#168, #169), .UNSPECIFIED., .F., .U., (2, 2), (1115.25, 1115.75), .UNSPECIFIED.);
#171 = EDGE_CURVE ('', #167, #159, #170, .T.);
#172 = ORIENTED_EDGE ('', *, *, #171, .F.);
#173 = CARTESIAN_POINT ('', (-127., 2.5, 3.5));
#174 = VERTEX_POINT ('', #173);
#175 = CARTESIAN_POINT ('', (-127., 2.5, 3.5));
#176 = CARTESIAN_POINT ('', (-103.25, 2.49999999999983, 3.5));
#177 = B_SPLINE_CURVE_WITH_KNOTS ('', 1, (#175, #176), .UNSPECIFIED., .F., .U., (2, 2), (1091.5, 1115.25), .UNSPECIFIED.);
#178 = EDGE_CURVE ('', #174, #167, #177, .T.);
#179 = ORIENTED_EDGE ('', *, *, #178, .F.);
#180 = CARTESIAN_POINT ('', (-127., 40.5, 3.5));
#181 = VERTEX_POINT ('', #180);
#182 = CARTESIAN_POINT ('', (-127., 40.5, 3.5));
#183 = CARTESIAN_POINT ('', (-127., 2.5, 3.5));
#184 = B_SPLINE_CURVE_WITH_KNOTS ('', 1, (#182, #183), .UNSPECIFIED., .F., .U., (2, 2), (1053.5, 1091.5), .UNSPECIFIED.);
#185 = EDGE_CURVE ('', #181, #174, #184, .T.);
#186 = ORIENTED_EDGE ('', *, *, #185, .F.);
#187 = CARTESIAN_POINT ('', (-127., 41., 3.5));
#188 = VERTEX_POINT ('', #187);
#189 = CARTESIAN_POINT ('', (-127., 41., 3.5));
#190 = CARTESIAN_POINT ('', (-127., 40.5, 3.5));
#191 = B_SPLINE_CURVE_WITH_KNOTS ('', 1, (#189, #190), .UNSPECIFIED., .F., .U., (2, 2), (1052.5, 1053.5), .UNSPECIFIED.);
#192 = EDGE_CURVE ('', #188, #181, #191, .T.);
#193 = ORIENTED_EDGE ('', *, *, #192, .F.);
#194 = CARTESIAN_POINT ('', (-124.5, 43.5, 3.5));
#195 = VERTEX_POINT ('', #194);
#196 = CARTESIAN_POINT ('', (-124.5, 43.5, 3.5));
#197 = CARTESIAN_POINT ('', (-127., 43.5, 3.5));
#198 = CARTESIAN_POINT ('', (-127., 41., 3.5));
#199 = (
   BOUNDED_CURVE ()
   B_SPLINE_CURVE (2, (#196, #197, #198), .UNSPECIFIED., .F., .U.)
   B_SPLINE_CURVE_WITH_KNOTS ((3, 3), (1051.5, 1052.5), .UNSPECIFIED.)
   CURVE ()
   GEOMETRIC_REPRESENTATION_ITEM ()
   RATIONAL_B_SPLINE_CURVE ((1., 0.707106781186548, 1.))
   REPRESENTATION_ITEM ('')
);
#200 = EDGE_CURVE ('', #195, #188, #199, .T.);
#201 = ORIENTED_EDGE ('', *, *, #200, .F.);
#202 = CARTESIAN_POINT ('', (-121., 43.5, 3.5));
#203 = VERTEX_POINT ('', #202);
#204 = CARTESIAN_POINT ('', (-121., 43.5, 3.5));
#205 = CARTESIAN_POINT ('', (-124.5, 43.5, 3.5));
#206 = B_SPLINE_CURVE_WITH_KNOTS ('', 1, (#204, #205), .UNSPECIFIED., .F., .U., (2, 2), (1050.5, 1051.5), .UNSPECIFIED.);
#207 = EDGE_CURVE ('', #203, #195, #206, .T.);
#208 = ORIENTED_EDGE ('', *, *, #207, .F.);
#209 = CARTESIAN_POINT ('', (-121., 44.5, 3.5));
#210 = VERTEX_POINT ('', #209);
#211 = CARTESIAN_POINT ('', (-121., 44.5, 3.5));
#212 = CARTESIAN_POINT ('', (-120.5, 44.5, 3.5));
#213 = CARTESIAN_POINT ('', (-120.5, 44., 3.5));
#214 = CARTESIAN_POINT ('', (-120.5, 43.5, 3.5));
#215 = CARTESIAN_POINT ('', (-121., 43.5, 3.5));
#216 = (
   BOUNDED_CURVE ()
   B_SPLINE_CURVE (2, (#211, #212, #213, #214, #215), .UNSPECIFIED., .F., .U.)
   B_SPLINE_CURVE_WITH_KNOTS ((3, 2, 3), (1049.5, 1050., 1050.5), .UNSPECIFIED.)
   CURVE ()
   GEOMETRIC_REPRESENTATION_ITEM ()
   RATIONAL_B_SPLINE_CURVE ((1., 0.707106781186548, 1., 0.707106781186548, 1.))
   REPRESENTATION_ITEM ('')
);
#217 = EDGE_CURVE ('', #210, #203, #216, .T.);
#218 = ORIENTED_EDGE ('', *, *, #217, .F.);
#219 = CARTESIAN_POINT ('', (-124.5, 44.5, 3.5));
#220 = VERTEX_POINT ('', #219);
#221 = CARTESIAN_POINT ('', (-124.5, 44.5, 3.5));
#222 = CARTESIAN_POINT ('', (-121., 44.5, 3.5));
#223 = B_SPLINE_CURVE_WITH_KNOTS ('', 1, (#221, #222), .UNSPECIFIED., .F., .U., (2, 2), (1048.5, 1049.5), .UNSPECIFIED.);
#224 = EDGE_CURVE ('', #220, #210, #223, .T.);
#225 = ORIENTED_EDGE ('', *, *, #224, .F.);
#226 = CARTESIAN_POINT ('', (-127., 47., 3.5));
#227 = VERTEX_POINT ('', #226);
#228 = CARTESIAN_POINT ('', (-127., 47., 3.5));
#229 = CARTESIAN_POINT ('', (-127., 44.5, 3.5));
#230 = CARTESIAN_POINT ('', (-124.5, 44.5, 3.5));
#231 = (
   BOUNDED_CURVE ()
   B_SPLINE_CURVE (2, (#228, #229, #230), .UNSPECIFIED., .F., .U.)
   B_SPLINE_CURVE_WITH_KNOTS ((3, 3), (1047.5, 1048.5), .UNSPECIFIED.)
   CURVE ()
   GEOMETRIC_REPRESENTATION_ITEM ()
   RATIONAL_B_SPLINE_CURVE ((1., 0.707106781186548, 1.))
   REPRESENTATION_ITEM ('')
);
#232 = EDGE_CURVE ('', #227, #220, #231, .T.);
#233 = ORIENTED_EDGE ('', *, *, #232, .F.);
#234 = CARTESIAN_POINT ('', (-127., 50., 3.5));
#235 = VERTEX_POINT ('', #234);
#236 = CARTESIAN_POINT ('', (-127., 50., 3.5));
#237 = CARTESIAN_POINT ('', (-127., 47., 3.5));
#238 = B_SPLINE_CURVE_WITH_KNOTS ('', 1, (#236, #237), .UNSPECIFIED., .F., .U., (2, 2), (1046.5, 1047.5), .UNSPECIFIED.);
#239 = EDGE_CURVE ('', #235, #227, #238, .T.);
#240 = ORIENTED_EDGE ('', *, *, #239, .F.);
#241 = CARTESIAN_POINT ('', (-127., 53., 3.5));
#242 = VERTEX_POINT ('', #241);
#243 = CARTESIAN_POINT ('', (-127., 53., 3.5));
#244 = CARTESIAN_POINT ('', (-127., 50., 3.5));
#245 = B_SPLINE_CURVE_WITH_KNOTS ('', 1, (#243, #244), .UNSPECIFIED., .F., .U., (2, 2), (1045.5, 1046.5), .UNSPECIFIED.);
#246 = EDGE_CURVE ('', #242, #235, #245, .T.);
#247 = ORIENTED_EDGE ('', *, *, #246, .F.);
#248 = CARTESIAN_POINT ('', (-124.5, 55.5, 3.5));
#249 = VERTEX_POINT ('', #248);
#250 = CARTESIAN_POINT ('', (-124.5, 55.5, 3.5));
#251 = CARTESIAN_POINT ('', (-127., 55.5, 3.5));
#252 = CARTESIAN_POINT ('', (-127., 53., 3.5));
#253 = (
   BOUNDED_CURVE ()
   B_SPLINE_CURVE (2, (#250, #251, #252), .UNSPECIFIED., .F., .U.)
   B_SPLINE_CURVE_WITH_KNOTS ((3, 3), (1044.5, 1045.5), .UNSPECIFIED.)
   CURVE ()
   GEOMETRIC_REPRESENTATION_ITEM ()
   RATIONAL_B_SPLINE_CURVE ((1., 0.707106781186548, 1.))
   REPRESENTATION_ITEM ('')
);
#254 = EDGE_CURVE ('', #249, #242, #253, .T.);
#255 = ORIENTED_EDGE ('', *, *, #254, .F.);
#256 = CARTESIAN_POINT ('', (-121., 55.5, 3.5));
#257 = VERTEX_POINT ('', #256);
#258 = CARTESIAN_POINT ('', (-121., 55.5, 3.5));
#259 = CARTESIAN_POINT ('', (-124.5, 55.5, 3.5));
#260 = B_SPLINE_CURVE_WITH_KNOTS ('', 1, (#258, #259), .UNSPECIFIED., .F., .U., (2, 2), (1043.5, 1044.5), .UNSPECIFIED.);
#261 = EDGE_CURVE ('', #257, #249, #260, .T.);
#262 = ORIENTED_EDGE ('', *, *, #261, .F.);
#263 = CARTESIAN_POINT ('', (-121., 56.5, 3.5));
#264 = VERTEX_POINT ('', #263);
#265 = CARTESIAN_POINT ('', (-121., 56.5, 3.5));
#266 = CARTESIAN_POINT ('', (-120.5, 56.5, 3.5));
#267 = CARTESIAN_POINT ('', (-120.5, 56., 3.5));
#268 = CARTESIAN_POINT ('', (-120.5, 55.5, 3.5));
#269 = CARTESIAN_POINT ('', (-121., 55.5, 3.5));
#270 = (
   BOUNDED_CURVE ()
   B_SPLINE_CURVE (2, (#265, #266, #267, #268, #269), .UNSPECIFIED., .F., .U.)
   B_SPLINE_CURVE_WITH_KNOTS ((3, 2, 3), (1042.5, 1043., 1043.5), .UNSPECIFIED.)
   CURVE ()
   GEOMETRIC_REPRESENTATION_ITEM ()
   RATIONAL_B_SPLINE_CURVE ((1., 0.707106781186548, 1., 0.707106781186548, 1.))
   REPRESENTATION_ITEM ('')
);
#271 = EDGE_CURVE ('', #264, #257, #270, .T.);
#272 = ORIENTED_EDGE ('', *, *, #271, .F.);
#273 = CARTESIAN_POINT ('', (-124.5, 56.5, 3.5));
#274 = VERTEX_POINT ('', #273);
#275 = CARTESIAN_POINT ('', (-124.5, 56.5, 3.5));
#276 = CARTESIAN_POINT ('', (-121., 56.5, 3.5));
#277 = B_SPLINE_CURVE_WITH_KNOTS ('', 1, (#275, #276), .UNSPECIFIED., .F., .U., (2, 2), (1041.5, 1042.5), .UNSPECIFIED.);
#278 = EDGE_CURVE ('', #274, #264, #277, .T.);
#279 = ORIENTED_EDGE ('', *, *, #278, .F.);
#280 = CARTESIAN_POINT ('', (-127., 59., 3.5));
#281 = VERTEX_POINT ('', #280);
#282 = CARTESIAN_POINT ('', (-127., 59., 3.5));
#283 = CARTESIAN_POINT ('', (-127., 56.5, 3.5));
#284 = CARTESIAN_POINT ('', (-124.5, 56.5, 3.5));
#285 = (
   BOUNDED_CURVE ()
   B_SPLINE_CURVE (2, (#282, #283, #284), .UNSPECIFIED., .F., .U.)
   B_SPLINE_CURVE_WITH_KNOTS ((3, 3), (1040.5, 1041.5), .UNSPECIFIED.)
   CURVE ()
   GEOMETRIC_REPRESENTATION_ITEM ()
   RATIONAL_B_SPLINE_CURVE ((1., 0.707106781186548, 1.))
   REPRESENTATION_ITEM ('')
);
#286 = EDGE_CURVE ('', #281, #274, #285, .T.);
#287 = ORIENTED_EDGE ('', *, *, #286, .F.);
#288 = CARTESIAN_POINT ('', (-127., 59.4999999999999, 3.5));
#289 = VERTEX_POINT ('', #288);
#290 = CARTESIAN_POINT ('', (-127., 59.4999999999999, 3.5));
#291 = CARTESIAN_POINT ('', (-127., 59., 3.5));
#292 = B_SPLINE_CURVE_WITH_KNOTS ('', 1, (#290, #291), .UNSPECIFIED., .F., .U., (2, 2), (1039.5, 1040.5), .UNSPECIFIED.);
#293 = EDGE_CURVE ('', #289, #281, #292, .T.);
#294 = ORIENTED_EDGE ('', *, *, #293, .F.);
#295 = CARTESIAN_POINT ('', (-127., 78.4999999999999, 3.5));
#296 = VERTEX_POINT ('', #295);
#297 = CARTESIAN_POINT ('', (-127., 78.4999999999999, 3.5));
#298 = CARTESIAN_POINT ('', (-127., 59.4999999999999, 3.5));
#299 = B_SPLINE_CURVE_WITH_KNOTS ('', 1, (#297, #298), .UNSPECIFIED., .F., .U., (2, 2), (1020.5, 1039.5), .UNSPECIFIED.);
#300 = EDGE_CURVE ('', #296, #289, #299, .T.);
#301 = ORIENTED_EDGE ('', *, *, #300, .F.);
#302 = CARTESIAN_POINT ('', (-13., 78.5, 3.5));
#303 = VERTEX_POINT ('', #302);
#304 = CARTESIAN_POINT ('', (-13., 78.5, 3.5));
#305 = CARTESIAN_POINT ('', (-127., 78.4999999999999, 3.5));
#306 = B_SPLINE_CURVE_WITH_KNOTS ('', 1, (#304, #305), .UNSPECIFIED., .F., .U., (2, 2), (906.5, 1020.5), .UNSPECIFIED.);
#307 = EDGE_CURVE ('', #303, #296, #306, .T.);
#308 = ORIENTED_EDGE ('', *, *, #307, .F.);
#309 = CARTESIAN_POINT ('', (-13., 59.5, 3.5));
#310 = VERTEX_POINT ('', #309);
#311 = CARTESIAN_POINT ('', (-13., 59.5, 3.5));
#312 = CARTESIAN_POINT ('', (-13., 78.5, 3.5));
#313 = B_SPLINE_CURVE_WITH_KNOTS ('', 1, (#311, #312), .UNSPECIFIED., .F., .U., (2, 2), (887.5, 906.5), .UNSPECIFIED.);
#314 = EDGE_CURVE ('', #310, #303, #313, .T.);
#315 = ORIENTED_EDGE ('', *, *, #314, .F.);
#316 = CARTESIAN_POINT ('', (-13., 59., 3.5));
#317 = VERTEX_POINT ('', #316);
#318 = CARTESIAN_POINT ('', (-13., 59., 3.5));
#319 = CARTESIAN_POINT ('', (-13., 59.5, 3.5));
#320 = B_SPLINE_CURVE_WITH_KNOTS ('', 1, (#318, #319), .UNSPECIFIED., .F., .U., (2, 2), (886.5, 887.5), .UNSPECIFIED.);
#321 = EDGE_CURVE ('', #317, #310, #320, .T.);
#322 = ORIENTED_EDGE ('', *, *, #321, .F.);
#323 = CARTESIAN_POINT ('', (-15.5, 56.5, 3.5));
#324 = VERTEX_POINT ('', #323);
#325 = CARTESIAN_POINT ('', (-15.5, 56.5, 3.5));
#326 = CARTESIAN_POINT ('', (-13., 56.5, 3.5));
#327 = CARTESIAN_POINT ('', (-13., 59., 3.5));
#328 = (
   BOUNDED_CURVE ()
   B_SPLINE_CURVE (2, (#325, #326, #327), .UNSPECIFIED., .F., .U.)
   B_SPLINE_CURVE_WITH_KNOTS ((3, 3), (885.5, 886.5), .UNSPECIFIED.)
   CURVE ()
   GEOMETRIC_REPRESENTATION_ITEM ()
   RATIONAL_B_SPLINE_CURVE ((1., 0.707106781186548, 1.))
   REPRESENTATION_ITEM ('')
);
#329 = EDGE_CURVE ('', #324, #317, #328, .T.);
#330 = ORIENTED_EDGE ('', *, *, #329, .F.);
#331 = CARTESIAN_POINT ('', (-19., 56.5, 3.5));
#332 = VERTEX_POINT ('', #331);
#333 = CARTESIAN_POINT ('', (-19., 56.5, 3.5));
#334 = CARTESIAN_POINT ('', (-15.5, 56.5, 3.5));
#335 = B_SPLINE_CURVE_WITH_KNOTS ('', 1, (#333, #334), .UNSPECIFIED., .F., .U., (2, 2), (884.5, 885.5), .UNSPECIFIED.);
#336 = EDGE_CURVE ('', #332, #324, #335, .T.);
#337 = ORIENTED_EDGE ('', *, *, #336, .F.);
#338 = CARTESIAN_POINT ('', (-19., 55.5, 3.5));
#339 = VERTEX_POINT ('', #338);
#340 = CARTESIAN_POINT ('', (-19., 55.5, 3.5));
#341 = CARTESIAN_POINT ('', (-19.5, 55.5, 3.5));
#342 = CARTESIAN_POINT ('', (-19.5, 56., 3.5));
#343 = CARTESIAN_POINT ('', (-19.5, 56.5, 3.5));
#344 = CARTESIAN_POINT ('', (-19., 56.5, 3.5));
#345 = (
   BOUNDED_CURVE ()
   B_SPLINE_CURVE (2, (#340, #341, #342, #343, #344), .UNSPECIFIED., .F., .U.)
   B_SPLINE_CURVE_WITH_KNOTS ((3, 2, 3), (883.5, 884., 884.5), .UNSPECIFIED.)
   CURVE ()
   GEOMETRIC_REPRESENTATION_ITEM ()
   RATIONAL_B_SPLINE_CURVE ((1., 0.707106781186548, 1., 0.707106781186548, 1.))
   REPRESENTATION_ITEM ('')
);
#346 = EDGE_CURVE ('', #339, #332, #345, .T.);
#347 = ORIENTED_EDGE ('', *, *, #346, .F.);
#348 = CARTESIAN_POINT ('', (-15.5, 55.5, 3.5));
#349 = VERTEX_POINT ('', #348);
#350 = CARTESIAN_POINT ('', (-15.5, 55.5, 3.5));
#351 = CARTESIAN_POINT ('', (-19., 55.5, 3.5));
#352 = B_SPLINE_CURVE_WITH_KNOTS ('', 1, (#350, #351), .UNSPECIFIED., .F., .U., (2, 2), (882.5, 883.5), .UNSPECIFIED.);
#353 = EDGE_CURVE ('', #349, #339, #352, .T.);
#354 = ORIENTED_EDGE ('', *, *, #353, .F.);
#355 = CARTESIAN_POINT ('', (-13., 53., 3.5));
#356 = VERTEX_POINT ('', #355);
#357 = CARTESIAN_POINT ('', (-13., 53., 3.5));
#358 = CARTESIAN_POINT ('', (-13., 55.5, 3.5));
#359 = CARTESIAN_POINT ('', (-15.5, 55.5, 3.5));
#360 = (
   BOUNDED_CURVE ()
   B_SPLINE_CURVE (2, (#357, #358, #359), .UNSPECIFIED., .F., .U.)
   B_SPLINE_CURVE_WITH_KNOTS ((3, 3), (881.5, 882.5), .UNSPECIFIED.)
   CURVE ()
   GEOMETRIC_REPRESENTATION_ITEM ()
   RATIONAL_B_SPLINE_CURVE ((1., 0.707106781186548, 1.))
   REPRESENTATION_ITEM ('')
);
#361 = EDGE_CURVE ('', #356, #349, #360, .T.);
#362 = ORIENTED_EDGE ('', *, *, #361, .F.);
#363 = CARTESIAN_POINT ('', (-13., 50., 3.5));
#364 = VERTEX_POINT ('', #363);
#365 = CARTESIAN_POINT ('', (-13., 50., 3.5));
#366 = CARTESIAN_POINT ('', (-13., 53., 3.5));
#367 = B_SPLINE_CURVE_WITH_KNOTS ('', 1, (#365, #366), .UNSPECIFIED., .F., .U., (2, 2), (880.5, 881.5), .UNSPECIFIED.);
#368 = EDGE_CURVE ('', #364, #356, #367, .T.);
#369 = ORIENTED_EDGE ('', *, *, #368, .F.);
#370 = CARTESIAN_POINT ('', (-13., 47., 3.5));
#371 = VERTEX_POINT ('', #370);
#372 = CARTESIAN_POINT ('', (-13., 47., 3.5));
#373 = CARTESIAN_POINT ('', (-13., 50., 3.5));
#374 = B_SPLINE_CURVE_WITH_KNOTS ('', 1, (#372, #373), .UNSPECIFIED., .F., .U., (2, 2), (879.5, 880.5), .UNSPECIFIED.);
#375 = EDGE_CURVE ('', #371, #364, #374, .T.);
#376 = ORIENTED_EDGE ('', *, *, #375, .F.);
#377 = CARTESIAN_POINT ('', (-15.5, 44.5, 3.5));
#378 = VERTEX_POINT ('', #377);
#379 = CARTESIAN_POINT ('', (-15.5, 44.5, 3.5));
#380 = CARTESIAN_POINT ('', (-13., 44.5, 3.5));
#381 = CARTESIAN_POINT ('', (-13., 47., 3.5));
#382 = (
   BOUNDED_CURVE ()
   B_SPLINE_CURVE (2, (#379, #380, #381), .UNSPECIFIED., .F., .U.)
   B_SPLINE_CURVE_WITH_KNOTS ((3, 3), (878.5, 879.5), .UNSPECIFIED.)
   CURVE ()
   GEOMETRIC_REPRESENTATION_ITEM ()
   RATIONAL_B_SPLINE_CURVE ((1., 0.707106781186548, 1.))
   REPRESENTATION_ITEM ('')
);
#383 = EDGE_CURVE ('', #378, #371, #382, .T.);
#384 = ORIENTED_EDGE ('', *, *, #383, .F.);
#385 = CARTESIAN_POINT ('', (-19., 44.5, 3.5));
#386 = VERTEX_POINT ('', #385);
#387 = CARTESIAN_POINT ('', (-19., 44.5, 3.5));
#388 = CARTESIAN_POINT ('', (-15.5, 44.5, 3.5));
#389 = B_SPLINE_CURVE_WITH_KNOTS ('', 1, (#387, #388), .UNSPECIFIED., .F., .U., (2, 2), (877.5, 878.5), .UNSPECIFIED.);
#390 = EDGE_CURVE ('', #386, #378, #389, .T.);
#391 = ORIENTED_EDGE ('', *, *, #390, .F.);
#392 = CARTESIAN_POINT ('', (-19., 43.5, 3.5));
#393 = VERTEX_POINT ('', #392);
#394 = CARTESIAN_POINT ('', (-19., 43.5, 3.5));
#395 = CARTESIAN_POINT ('', (-19.5, 43.5, 3.5));
#396 = CARTESIAN_POINT ('', (-19.5, 44., 3.5));
#397 = CARTESIAN_POINT ('', (-19.5, 44.5, 3.5));
#398 = CARTESIAN_POINT ('', (-19., 44.5, 3.5));
#399 = (
   BOUNDED_CURVE ()
   B_SPLINE_CURVE (2, (#394, #395, #396, #397, #398), .UNSPECIFIED., .F., .U.)
   B_SPLINE_CURVE_WITH_KNOTS ((3, 2, 3), (876.5, 877., 877.5), .UNSPECIFIED.)
   CURVE ()
   GEOMETRIC_REPRESENTATION_ITEM ()
   RATIONAL_B_SPLINE_CURVE ((1., 0.707106781186548, 1., 0.707106781186548, 1.))
   REPRESENTATION_ITEM ('')
);
#400 = EDGE_CURVE ('', #393, #386, #399, .T.);
#401 = ORIENTED_EDGE ('', *, *, #400, .F.);
#402 = CARTESIAN_POINT ('', (-15.5, 43.5, 3.5));
#403 = VERTEX_POINT ('', #402);
#404 = CARTESIAN_POINT ('', (-15.5, 43.5, 3.5));
#405 = CARTESIAN_POINT ('', (-19., 43.5, 3.5));
#406 = B_SPLINE_CURVE_WITH_KNOTS ('', 1, (#404, #405), .UNSPECIFIED., .F., .U., (2, 2), (875.5, 876.5), .UNSPECIFIED.);
#407 = EDGE_CURVE ('', #403, #393, #406, .T.);
#408 = ORIENTED_EDGE ('', *, *, #407, .F.);
#409 = CARTESIAN_POINT ('', (-13., 41., 3.5));
#410 = VERTEX_POINT ('', #409);
#411 = CARTESIAN_POINT ('', (-13., 41., 3.5));
#412 = CARTESIAN_POINT ('', (-13., 43.5, 3.5));
#413 = CARTESIAN_POINT ('', (-15.5, 43.5, 3.5));
#414 = (
   BOUNDED_CURVE ()
   B_SPLINE_CURVE (2, (#411, #412, #413), .UNSPECIFIED., .F., .U.)
   B_SPLINE_CURVE_WITH_KNOTS ((3, 3), (874.5, 875.5), .UNSPECIFIED.)
   CURVE ()
   GEOMETRIC_REPRESENTATION_ITEM ()
   RATIONAL_B_SPLINE_CURVE ((1., 0.707106781186548, 1.))
   REPRESENTATION_ITEM ('')
);
#415 = EDGE_CURVE ('', #410, #403, #414, .T.);
#416 = ORIENTED_EDGE ('', *, *, #415, .F.);
#417 = CARTESIAN_POINT ('', (-13., 40.5, 3.5));
#418 = VERTEX_POINT ('', #417);
#419 = CARTESIAN_POINT ('', (-13., 40.5, 3.5));
#420 = CARTESIAN_POINT ('', (-13., 41., 3.5));
#421 = B_SPLINE_CURVE_WITH_KNOTS ('', 1, (#419, #420), .UNSPECIFIED., .F., .U., (2, 2), (873.5, 874.5), .UNSPECIFIED.);
#422 = EDGE_CURVE ('', #418, #410, #421, .T.);
#423 = ORIENTED_EDGE ('', *, *, #422, .F.);
#424 = CARTESIAN_POINT ('', (-13., 2.5, 3.5));
#425 = VERTEX_POINT ('', #424);
#426 = CARTESIAN_POINT ('', (-13., 2.5, 3.5));
#427 = CARTESIAN_POINT ('', (-13., 40.5, 3.5));
#428 = B_SPLINE_CURVE_WITH_KNOTS ('', 1, (#426, #427), .UNSPECIFIED., .F., .U., (2, 2), (835.5, 873.5), .UNSPECIFIED.);
#429 = EDGE_CURVE ('', #425, #418, #428, .T.);
#430 = ORIENTED_EDGE ('', *, *, #429, .F.);
#431 = CARTESIAN_POINT ('', (-74.75, 2.50000000000022, 3.5));
#432 = VERTEX_POINT ('', #431);
#433 = CARTESIAN_POINT ('', (-74.75, 2.50000000000022, 3.5));
#434 = CARTESIAN_POINT ('', (-13., 2.5, 3.5));
#435 = B_SPLINE_CURVE_WITH_KNOTS ('', 1, (#433, #434), .UNSPECIFIED., .F., .U., (2, 2), (773.75, 835.5), .UNSPECIFIED.);
#436 = EDGE_CURVE ('', #432, #425, #435, .T.);
#437 = ORIENTED_EDGE ('', *, *, #436, .F.);
#438 = CARTESIAN_POINT ('', (-74.75, 3., 3.5));
#439 = VERTEX_POINT ('', #438);
#440 = CARTESIAN_POINT ('', (-74.75, 3., 3.5));
#441 = CARTESIAN_POINT ('', (-74.75, 2.50000000000022, 3.5));
#442 = B_SPLINE_CURVE_WITH_KNOTS ('', 1, (#440, #441), .UNSPECIFIED., .F., .U., (2, 2), (773.25, 773.75), .UNSPECIFIED.);
#443 = EDGE_CURVE ('', #439, #432, #442, .T.);
#444 = ORIENTED_EDGE ('', *, *, #443, .F.);
#445 = CARTESIAN_POINT ('', (-75.25, 3.5, 3.5));
#446 = VERTEX_POINT ('', #445);
#447 = CARTESIAN_POINT ('', (-75.25, 3.5, 3.5));
#448 = CARTESIAN_POINT ('', (-74.75, 3.5, 3.5));
#449 = CARTESIAN_POINT ('', (-74.75, 3., 3.5));
#450 = (
   BOUNDED_CURVE ()
   B_SPLINE_CURVE (2, (#447, #448, #449), .UNSPECIFIED., .F., .U.)
   B_SPLINE_CURVE_WITH_KNOTS ((3, 3), (772.25, 773.25), .UNSPECIFIED.)
   CURVE ()
   GEOMETRIC_REPRESENTATION_ITEM ()
   RATIONAL_B_SPLINE_CURVE ((1., 0.707106781186548, 1.))
   REPRESENTATION_ITEM ('')
);
#451 = EDGE_CURVE ('', #446, #439, #450, .T.);
#452 = ORIENTED_EDGE ('', *, *, #451, .F.);
#453 = CARTESIAN_POINT ('', (-81.75, 3.49999999999999, 3.5));
#454 = VERTEX_POINT ('', #453);
#455 = CARTESIAN_POINT ('', (-81.75, 3.49999999999999, 3.5));
#456 = CARTESIAN_POINT ('', (-75.25, 3.5, 3.5));
#457 = B_SPLINE_CURVE_WITH_KNOTS ('', 1, (#455, #456), .UNSPECIFIED., .F., .U., (2, 2), (771.25, 772.25), .UNSPECIFIED.);
#458 = EDGE_CURVE ('', #454, #446, #457, .T.);
#459 = ORIENTED_EDGE ('', *, *, #458, .F.);
#460 = CARTESIAN_POINT ('', (-81.75, 8.49999999999999, 3.5));
#461 = VERTEX_POINT ('', #460);
#462 = CARTESIAN_POINT ('', (-81.75, 8.49999999999999, 3.5));
#463 = CARTESIAN_POINT ('', (-84.25, 8.49999999999999, 3.5));
#464 = CARTESIAN_POINT ('', (-84.25, 5.99999999999999, 3.5));
#465 = CARTESIAN_POINT ('', (-84.25, 3.49999999999999, 3.5));
#466 = CARTESIAN_POINT ('', (-81.75, 3.49999999999999, 3.5));
#467 = (
   BOUNDED_CURVE ()
   B_SPLINE_CURVE (2, (#462, #463, #464, #465, #466), .UNSPECIFIED., .F., .U.)
   B_SPLINE_CURVE_WITH_KNOTS ((3, 2, 3), (770.25, 770.75, 771.25), .UNSPECIFIED.)
   CURVE ()
   GEOMETRIC_REPRESENTATION_ITEM ()
   RATIONAL_B_SPLINE_CURVE ((1., 0.707106781186548, 1., 0.707106781186548, 1.))
   REPRESENTATION_ITEM ('')
);
#468 = EDGE_CURVE ('', #461, #454, #467, .T.);
#469 = ORIENTED_EDGE ('', *, *, #468, .F.);
#470 = CARTESIAN_POINT ('', (-79.75, 8.49999999999999, 3.5));
#471 = VERTEX_POINT ('', #470);
#472 = CARTESIAN_POINT ('', (-79.75, 8.49999999999999, 3.5));
#473 = CARTESIAN_POINT ('', (-81.75, 8.49999999999999, 3.5));
#474 = B_SPLINE_CURVE_WITH_KNOTS ('', 1, (#472, #473), .UNSPECIFIED., .F., .U., (2, 2), (769.25, 770.25), .UNSPECIFIED.);
#475 = EDGE_CURVE ('', #471, #461, #474, .T.);
#476 = ORIENTED_EDGE ('', *, *, #475, .F.);
#477 = CARTESIAN_POINT ('', (-79.75, 9.49999999999999, 3.5));
#478 = VERTEX_POINT ('', #477);
#479 = CARTESIAN_POINT ('', (-79.75, 9.49999999999999, 3.5));
#480 = CARTESIAN_POINT ('', (-79.25, 9.49999999999999, 3.5));
#481 = CARTESIAN_POINT ('', (-79.25, 8.99999999999999, 3.5));
#482 = CARTESIAN_POINT ('', (-79.25, 8.49999999999999, 3.5));
#483 = CARTESIAN_POINT ('', (-79.75, 8.49999999999999, 3.5));
#484 = (
   BOUNDED_CURVE ()
   B_SPLINE_CURVE (2, (#479, #480, #481, #482, #483), .UNSPECIFIED., .F., .U.)
   B_SPLINE_CURVE_WITH_KNOTS ((3, 2, 3), (768.25, 768.75, 769.25), .UNSPECIFIED.)
   CURVE ()
   GEOMETRIC_REPRESENTATION_ITEM ()
   RATIONAL_B_SPLINE_CURVE ((1., 0.707106781186548, 1., 0.707106781186548, 1.))
   REPRESENTATION_ITEM ('')
);
#485 = EDGE_CURVE ('', #478, #471, #484, .T.);
#486 = ORIENTED_EDGE ('', *, *, #485, .F.);
#487 = CARTESIAN_POINT ('', (-79.75, 14.5, 3.5));
#488 = VERTEX_POINT ('', #487);
#489 = CARTESIAN_POINT ('', (-79.75, 14.5, 3.5));
#490 = CARTESIAN_POINT ('', (-81.75, 14.5, 3.5));
#491 = CARTESIAN_POINT ('', (-81.75, 12., 3.5));
#492 = CARTESIAN_POINT ('', (-81.75, 9.49999999999999, 3.5));
#493 = CARTESIAN_POINT ('', (-79.75, 9.49999999999999, 3.5));
#494 = (
   BOUNDED_CURVE ()
   B_SPLINE_CURVE (2, (#489, #490, #491, #492, #493), .UNSPECIFIED., .F., .U.)
   B_SPLINE_CURVE_WITH_KNOTS ((3, 2, 3), (767.25, 767.75, 768.25), .UNSPECIFIED.)
   CURVE ()
   GEOMETRIC_REPRESENTATION_ITEM ()
   RATIONAL_B_SPLINE_CURVE ((1., 0.707106781186548, 1., 0.707106781186548, 1.))
   REPRESENTATION_ITEM ('')
);
#495 = EDGE_CURVE ('', #488, #478, #494, .T.);
#496 = ORIENTED_EDGE ('', *, *, #495, .F.);
#497 = CARTESIAN_POINT ('', (-79.75, 15.5, 3.5));
#498 = VERTEX_POINT ('', #497);
#499 = CARTESIAN_POINT ('', (-79.75, 15.5, 3.5));
#500 = CARTESIAN_POINT ('', (-79.25, 15.5, 3.5));
#501 = CARTESIAN_POINT ('', (-79.25, 15., 3.5));
#502 = CARTESIAN_POINT ('', (-79.25, 14.5, 3.5));
#503 = CARTESIAN_POINT ('', (-79.75, 14.5, 3.5));
#504 = (
   BOUNDED_CURVE ()
   B_SPLINE_CURVE (2, (#499, #500, #501, #502, #503), .UNSPECIFIED., .F., .U.)
   B_SPLINE_CURVE_WITH_KNOTS ((3, 2, 3), (766.25, 766.75, 767.25), .UNSPECIFIED.)
   CURVE ()
   GEOMETRIC_REPRESENTATION_ITEM ()
   RATIONAL_B_SPLINE_CURVE ((1., 0.707106781186548, 1., 0.707106781186548, 1.))
   REPRESENTATION_ITEM ('')
);
#505 = EDGE_CURVE ('', #498, #488, #504, .T.);
#506 = ORIENTED_EDGE ('', *, *, #505, .F.);
#507 = CARTESIAN_POINT ('', (-81.75, 15.5, 3.5));
#508 = VERTEX_POINT ('', #507);
#509 = CARTESIAN_POINT ('', (-81.75, 15.5, 3.5));
#510 = CARTESIAN_POINT ('', (-79.75, 15.5, 3.5));
#511 = B_SPLINE_CURVE_WITH_KNOTS ('', 1, (#509, #510), .UNSPECIFIED., .F., .U., (2, 2), (765.25, 766.25), .UNSPECIFIED.);
#512 = EDGE_CURVE ('', #508, #498, #511, .T.);
#513 = ORIENTED_EDGE ('', *, *, #512, .F.);
#514 = CARTESIAN_POINT ('', (-81.75, 20.5, 3.5));
#515 = VERTEX_POINT ('', #514);
#516 = CARTESIAN_POINT ('', (-81.75, 20.5, 3.5));
#517 = CARTESIAN_POINT ('', (-84.25, 20.5, 3.5));
#518 = CARTESIAN_POINT ('', (-84.25, 18., 3.5));
#519 = CARTESIAN_POINT ('', (-84.25, 15.5, 3.5));
#520 = CARTESIAN_POINT ('', (-81.75, 15.5, 3.5));
#521 = (
   BOUNDED_CURVE ()
   B_SPLINE_CURVE (2, (#516, #517, #518, #519, #520), .UNSPECIFIED., .F., .U.)
   B_SPLINE_CURVE_WITH_KNOTS ((3, 2, 3), (764.25, 764.75, 765.25), .UNSPECIFIED.)
   CURVE ()
   GEOMETRIC_REPRESENTATION_ITEM ()
   RATIONAL_B_SPLINE_CURVE ((1., 0.707106781186548, 1., 0.707106781186548, 1.))
   REPRESENTATION_ITEM ('')
);
#522 = EDGE_CURVE ('', #515, #508, #521, .T.);
#523 = ORIENTED_EDGE ('', *, *, #522, .F.);
#524 = CARTESIAN_POINT ('', (-78.25, 20.5, 3.5));
#525 = VERTEX_POINT ('', #524);
#526 = CARTESIAN_POINT ('', (-78.25, 20.5, 3.5));
#527 = CARTESIAN_POINT ('', (-81.75, 20.5, 3.5));
#528 = B_SPLINE_CURVE_WITH_KNOTS ('', 1, (#526, #527), .UNSPECIFIED., .F., .U., (2, 2), (763.25, 764.25), .UNSPECIFIED.);
#529 = EDGE_CURVE ('', #525, #515, #528, .T.);
#530 = ORIENTED_EDGE ('', *, *, #529, .F.);
#531 = CARTESIAN_POINT ('', (-78.25, 21.5, 3.5));
#532 = VERTEX_POINT ('', #531);
#533 = CARTESIAN_POINT ('', (-78.25, 21.5, 3.5));
#534 = CARTESIAN_POINT ('', (-77.75, 21.5, 3.5));
#535 = CARTESIAN_POINT ('', (-77.75, 21., 3.5));
#536 = CARTESIAN_POINT ('', (-77.75, 20.5, 3.5));
#537 = CARTESIAN_POINT ('', (-78.25, 20.5, 3.5));
#538 = (
   BOUNDED_CURVE ()
   B_SPLINE_CURVE (2, (#533, #534, #535, #536, #537), .UNSPECIFIED., .F., .U.)
   B_SPLINE_CURVE_WITH_KNOTS ((3, 2, 3), (762.25, 762.75, 763.25), .UNSPECIFIED.)
   CURVE ()
   GEOMETRIC_REPRESENTATION_ITEM ()
   RATIONAL_B_SPLINE_CURVE ((1., 0.707106781186548, 1., 0.707106781186548, 1.))
   REPRESENTATION_ITEM ('')
);
#539 = EDGE_CURVE ('', #532, #525, #538, .T.);
#540 = ORIENTED_EDGE ('', *, *, #539, .F.);
#541 = CARTESIAN_POINT ('', (-99.75, 21.5, 3.5));
#542 = VERTEX_POINT ('', #541);
#543 = CARTESIAN_POINT ('', (-99.75, 21.5, 3.5));
#544 = CARTESIAN_POINT ('', (-78.25, 21.5, 3.5));
#545 = B_SPLINE_CURVE_WITH_KNOTS ('', 1, (#543, #544), .UNSPECIFIED., .F., .U., (2, 2), (740.75, 762.25), .UNSPECIFIED.);
#546 = EDGE_CURVE ('', #542, #532, #545, .T.);
#547 = ORIENTED_EDGE ('', *, *, #546, .F.);
#548 = CARTESIAN_POINT ('', (-99.75, 20.5, 3.5));
#549 = VERTEX_POINT ('', #548);
#550 = CARTESIAN_POINT ('', (-99.75, 20.5, 3.5));
#551 = CARTESIAN_POINT ('', (-100.25, 20.5, 3.5));
#552 = CARTESIAN_POINT ('', (-100.25, 21., 3.5));
#553 = CARTESIAN_POINT ('', (-100.25, 21.5, 3.5));
#554 = CARTESIAN_POINT ('', (-99.75, 21.5, 3.5));
#555 = (
   BOUNDED_CURVE ()
   B_SPLINE_CURVE (2, (#550, #551, #552, #553, #554), .UNSPECIFIED., .F., .U.)
   B_SPLINE_CURVE_WITH_KNOTS ((3, 2, 3), (739.75, 740.25, 740.75), .UNSPECIFIED.)
   CURVE ()
   GEOMETRIC_REPRESENTATION_ITEM ()
   RATIONAL_B_SPLINE_CURVE ((1., 0.707106781186548, 1., 0.707106781186548, 1.))
   REPRESENTATION_ITEM ('')
);
#556 = EDGE_CURVE ('', #549, #542, #555, .T.);
#557 = ORIENTED_EDGE ('', *, *, #556, .F.);
#558 = CARTESIAN_POINT ('', (-96.25, 20.5, 3.5));
#559 = VERTEX_POINT ('', #558);
#560 = CARTESIAN_POINT ('', (-96.25, 20.5, 3.5));
#561 = CARTESIAN_POINT ('', (-99.75, 20.5, 3.5));
#562 = B_SPLINE_CURVE_WITH_KNOTS ('', 1, (#560, #561), .UNSPECIFIED., .F., .U., (2, 2), (738.75, 739.75), .UNSPECIFIED.);
#563 = EDGE_CURVE ('', #559, #549, #562, .T.);
#564 = ORIENTED_EDGE ('', *, *, #563, .F.);
#565 = CARTESIAN_POINT ('', (-96.25, 15.5, 3.5));
#566 = VERTEX_POINT ('', #565);
#567 = CARTESIAN_POINT ('', (-96.25, 15.5, 3.5));
#568 = CARTESIAN_POINT ('', (-93.75, 15.5, 3.5));
#569 = CARTESIAN_POINT ('', (-93.75, 18., 3.5));
#570 = CARTESIAN_POINT ('', (-93.75, 20.5, 3.5));
#571 = CARTESIAN_POINT ('', (-96.25, 20.5, 3.5));
#572 = (
   BOUNDED_CURVE ()
   B_SPLINE_CURVE (2, (#567, #568, #569, #570, #571), .UNSPECIFIED., .F., .U.)
   B_SPLINE_CURVE_WITH_KNOTS ((3, 2, 3), (737.75, 738.25, 738.75), .UNSPECIFIED.)
   CURVE ()
   GEOMETRIC_REPRESENTATION_ITEM ()
   RATIONAL_B_SPLINE_CURVE ((1., 0.707106781186548, 1., 0.707106781186548, 1.))
   REPRESENTATION_ITEM ('')
);
#573 = EDGE_CURVE ('', #566, #559, #572, .T.);
#574 = ORIENTED_EDGE ('', *, *, #573, .F.);
#575 = CARTESIAN_POINT ('', (-98.25, 15.5, 3.5));
#576 = VERTEX_POINT ('', #575);
#577 = CARTESIAN_POINT ('', (-98.25, 15.5, 3.5));
#578 = CARTESIAN_POINT ('', (-96.25, 15.5, 3.5));
#579 = B_SPLINE_CURVE_WITH_KNOTS ('', 1, (#577, #578), .UNSPECIFIED., .F., .U., (2, 2), (736.75, 737.75), .UNSPECIFIED.);
#580 = EDGE_CURVE ('', #576, #566, #579, .T.);
#581 = ORIENTED_EDGE ('', *, *, #580, .F.);
#582 = CARTESIAN_POINT ('', (-98.25, 14.5, 3.5));
#583 = VERTEX_POINT ('', #582);
#584 = CARTESIAN_POINT ('', (-98.25, 14.5, 3.5));
#585 = CARTESIAN_POINT ('', (-98.75, 14.5, 3.5));
#586 = CARTESIAN_POINT ('', (-98.75, 15., 3.5));
#587 = CARTESIAN_POINT ('', (-98.75, 15.5, 3.5));
#588 = CARTESIAN_POINT ('', (-98.25, 15.5, 3.5));
#589 = (
   BOUNDED_CURVE ()
   B_SPLINE_CURVE (2, (#584, #585, #586, #587, #588), .UNSPECIFIED., .F., .U.)
   B_SPLINE_CURVE_WITH_KNOTS ((3, 2, 3), (735.75, 736.25, 736.75), .UNSPECIFIED.)
   CURVE ()
   GEOMETRIC_REPRESENTATION_ITEM ()
   RATIONAL_B_SPLINE_CURVE ((1., 0.707106781186548, 1., 0.707106781186548, 1.))
   REPRESENTATION_ITEM ('')
);
#590 = EDGE_CURVE ('', #583, #576, #589, .T.);
#591 = ORIENTED_EDGE ('', *, *, #590, .F.);
#592 = CARTESIAN_POINT ('', (-98.25, 9.49999999999999, 3.5));
#593 = VERTEX_POINT ('', #592);
#594 = CARTESIAN_POINT ('', (-98.25, 9.49999999999999, 3.5));
#595 = CARTESIAN_POINT ('', (-96.25, 9.49999999999999, 3.5));
#596 = CARTESIAN_POINT ('', (-96.25, 12., 3.5));
#597 = CARTESIAN_POINT ('', (-96.25, 14.5, 3.5));
#598 = CARTESIAN_POINT ('', (-98.25, 14.5, 3.5));
#599 = (
   BOUNDED_CURVE ()
   B_SPLINE_CURVE (2, (#594, #595, #596, #597, #598), .UNSPECIFIED., .F., .U.)
   B_SPLINE_CURVE_WITH_KNOTS ((3, 2, 3), (1120.75, 1121.25, 1121.75), .UNSPECIFIED.)
   CURVE ()
   GEOMETRIC_REPRESENTATION_ITEM ()
   RATIONAL_B_SPLINE_CURVE ((1., 0.707106781186548, 1., 0.707106781186548, 1.))
   REPRESENTATION_ITEM ('')
);
#600 = EDGE_CURVE ('', #593, #583, #599, .T.);
#601 = ORIENTED_EDGE ('', *, *, #600, .F.);
#602 = CARTESIAN_POINT ('', (-98.25, 8.49999999999999, 3.5));
#603 = CARTESIAN_POINT ('', (-98.75, 8.49999999999999, 3.5));
#604 = CARTESIAN_POINT ('', (-98.75, 8.99999999999999, 3.5));
#605 = CARTESIAN_POINT ('', (-98.75, 9.49999999999999, 3.5));
#606 = CARTESIAN_POINT ('', (-98.25, 9.49999999999999, 3.5));
#607 = (
   BOUNDED_CURVE ()
   B_SPLINE_CURVE (2, (#602, #603, #604, #605, #606), .UNSPECIFIED., .F., .U.)
   B_SPLINE_CURVE_WITH_KNOTS ((3, 2, 3), (1119.75, 1120.25, 1120.75), .UNSPECIFIED.)
   CURVE ()
   GEOMETRIC_REPRESENTATION_ITEM ()
   RATIONAL_B_SPLINE_CURVE ((1., 0.707106781186548, 1., 0.707106781186548, 1.))
   REPRESENTATION_ITEM ('')
);
#608 = EDGE_CURVE ('', #135, #593, #607, .T.);
#609 = ORIENTED_EDGE ('', *, *, #608, .F.);
#610 = EDGE_LOOP ('', (#140, #150, #157, #165, #172, #179, #186, #193, #201, #208, #218, #225, #233, #240, #247, #255, #262, #272, #279, #287, #294, #301, #308, #315, #322, #330, #337, #347, #354, #362, #369, #376, #384, #391, #401, #408, #416, #423, #430, #437, #444, #452, #459, #469, #476, #486, #496, #506, #513, #523, #530, #540, #547, #557, #564, #574, #581, #591, #601, #609));
#611 = FACE_OUTER_BOUND ('', #610, .T.);
#612 = CARTESIAN_POINT ('', (-74.75, 21., 3.5));
#613 = VERTEX_POINT ('', #612);
#614 = CARTESIAN_POINT ('', (-75.25, 21.5, 3.5));
#615 = VERTEX_POINT ('', #614);
#616 = CARTESIAN_POINT ('', (-74.75, 21., 3.5));
#617 = CARTESIAN_POINT ('', (-74.75, 21.5, 3.5));
#618 = CARTESIAN_POINT ('', (-75.25, 21.5, 3.5));
#619 = (
   BOUNDED_CURVE ()
   B_SPLINE_CURVE (2, (#616, #617, #618), .UNSPECIFIED., .F., .U.)
   B_SPLINE_CURVE_WITH_KNOTS ((3, 3), (153.75, 154.75), .UNSPECIFIED.)
   CURVE ()
   GEOMETRIC_REPRESENTATION_ITEM ()
   RATIONAL_B_SPLINE_CURVE ((1., 0.707106781186548, 1.))
   REPRESENTATION_ITEM ('')
);
#620 = EDGE_CURVE ('', #613, #615, #619, .T.);
#621 = ORIENTED_EDGE ('', *, *, #620, .T.);
#622 = CARTESIAN_POINT ('', (-75.75, 21., 3.5));
#623 = VERTEX_POINT ('', #622);
#624 = CARTESIAN_POINT ('', (-75.25, 21.5, 3.5));
#625 = CARTESIAN_POINT ('', (-75.75, 21.5, 3.5));
#626 = CARTESIAN_POINT ('', (-75.75, 21., 3.5));
#627 = (
   BOUNDED_CURVE ()
   B_SPLINE_CURVE (2, (#624, #625, #626), .UNSPECIFIED., .F., .U.)
   B_SPLINE_CURVE_WITH_KNOTS ((3, 3), (154.75, 155.75), .UNSPECIFIED.)
   CURVE ()
   GEOMETRIC_REPRESENTATION_ITEM ()
   RATIONAL_B_SPLINE_CURVE ((1., 0.707106781186548, 1.))
   REPRESENTATION_ITEM ('')
);
#628 = EDGE_CURVE ('', #615, #623, #627, .T.);
#629 = ORIENTED_EDGE ('', *, *, #628, .T.);
#630 = CARTESIAN_POINT ('', (-78.25, 18.5, 3.5));
#631 = VERTEX_POINT ('', #630);
#632 = CARTESIAN_POINT ('', (-75.75, 21., 3.5));
#633 = CARTESIAN_POINT ('', (-75.75, 18.5, 3.5));
#634 = CARTESIAN_POINT ('', (-78.25, 18.5, 3.5));
#635 = (
   BOUNDED_CURVE ()
   B_SPLINE_CURVE (2, (#632, #633, #634), .UNSPECIFIED., .F., .U.)
   B_SPLINE_CURVE_WITH_KNOTS ((3, 3), (155.75, 156.75), .UNSPECIFIED.)
   CURVE ()
   GEOMETRIC_REPRESENTATION_ITEM ()
   RATIONAL_B_SPLINE_CURVE ((1., 0.707106781186548, 1.))
   REPRESENTATION_ITEM ('')
);
#636 = EDGE_CURVE ('', #623, #631, #635, .T.);
#637 = ORIENTED_EDGE ('', *, *, #636, .T.);
#638 = CARTESIAN_POINT ('', (-81.75, 18.5, 3.5));
#639 = VERTEX_POINT ('', #638);
#640 = CARTESIAN_POINT ('', (-78.25, 18.5, 3.5));
#641 = CARTESIAN_POINT ('', (-81.75, 18.5, 3.5));
#642 = B_SPLINE_CURVE_WITH_KNOTS ('', 1, (#640, #641), .UNSPECIFIED., .F., .U., (2, 2), (156.75, 157.75), .UNSPECIFIED.);
#643 = EDGE_CURVE ('', #631, #639, #642, .T.);
#644 = ORIENTED_EDGE ('', *, *, #643, .T.);
#645 = CARTESIAN_POINT ('', (-81.75, 17.5, 3.5));
#646 = VERTEX_POINT ('', #645);
#647 = CARTESIAN_POINT ('', (-81.75, 18.5, 3.5));
#648 = CARTESIAN_POINT ('', (-82.25, 18.5, 3.5));
#649 = CARTESIAN_POINT ('', (-82.25, 18., 3.5));
#650 = CARTESIAN_POINT ('', (-82.25, 17.5, 3.5));
#651 = CARTESIAN_POINT ('', (-81.75, 17.5, 3.5));
#652 = (
   BOUNDED_CURVE ()
   B_SPLINE_CURVE (2, (#647, #648, #649, #650, #651), .UNSPECIFIED., .F., .U.)
   B_SPLINE_CURVE_WITH_KNOTS ((3, 2, 3), (157.75, 158.25, 158.75), .UNSPECIFIED.)
   CURVE ()
   GEOMETRIC_REPRESENTATION_ITEM ()
   RATIONAL_B_SPLINE_CURVE ((1., 0.707106781186548, 1., 0.707106781186548, 1.))
   REPRESENTATION_ITEM ('')
);
#653 = EDGE_CURVE ('', #639, #646, #652, .T.);
#654 = ORIENTED_EDGE ('', *, *, #653, .T.);
#655 = CARTESIAN_POINT ('', (-78.25, 17.5, 3.5));
#656 = VERTEX_POINT ('', #655);
#657 = CARTESIAN_POINT ('', (-81.75, 17.5, 3.5));
#658 = CARTESIAN_POINT ('', (-78.25, 17.5, 3.5));
#659 = B_SPLINE_CURVE_WITH_KNOTS ('', 1, (#657, #658), .UNSPECIFIED., .F., .U., (2, 2), (158.75, 159.75), .UNSPECIFIED.);
#660 = EDGE_CURVE ('', #646, #656, #659, .T.);
#661 = ORIENTED_EDGE ('', *, *, #660, .T.);
#662 = CARTESIAN_POINT ('', (-75.75, 15., 3.5));
#663 = VERTEX_POINT ('', #662);
#664 = CARTESIAN_POINT ('', (-78.25, 17.5, 3.5));
#665 = CARTESIAN_POINT ('', (-75.75, 17.5, 3.5));
#666 = CARTESIAN_POINT ('', (-75.75, 15., 3.5));
#667 = (
   BOUNDED_CURVE ()
   B_SPLINE_CURVE (2, (#664, #665, #666), .UNSPECIFIED., .F., .U.)
   B_SPLINE_CURVE_WITH_KNOTS ((3, 3), (159.75, 160.75), .UNSPECIFIED.)
   CURVE ()
   GEOMETRIC_REPRESENTATION_ITEM ()
   RATIONAL_B_SPLINE_CURVE ((1., 0.707106781186548, 1.))
   REPRESENTATION_ITEM ('')
);
#668 = EDGE_CURVE ('', #656, #663, #667, .T.);
#669 = ORIENTED_EDGE ('', *, *, #668, .T.);
#670 = CARTESIAN_POINT ('', (-75.75, 8.99999999999999, 3.5));
#671 = VERTEX_POINT ('', #670);
#672 = CARTESIAN_POINT ('', (-75.75, 15., 3.5));
#673 = CARTESIAN_POINT ('', (-75.75, 8.99999999999999, 3.5));
#674 = B_SPLINE_CURVE_WITH_KNOTS ('', 1, (#672, #673), .UNSPECIFIED., .F., .U., (2, 2), (160.75, 161.75), .UNSPECIFIED.);
#675 = EDGE_CURVE ('', #663, #671, #674, .T.);
#676 = ORIENTED_EDGE ('', *, *, #675, .T.);
#677 = CARTESIAN_POINT ('', (-78.25, 6.49999999999999, 3.5));
#678 = VERTEX_POINT ('', #677);
#679 = CARTESIAN_POINT ('', (-75.75, 8.99999999999999, 3.5));
#680 = CARTESIAN_POINT ('', (-75.75, 6.49999999999999, 3.5));
#681 = CARTESIAN_POINT ('', (-78.25, 6.49999999999999, 3.5));
#682 = (
   BOUNDED_CURVE ()
   B_SPLINE_CURVE (2, (#679, #680, #681), .UNSPECIFIED., .F., .U.)
   B_SPLINE_CURVE_WITH_KNOTS ((3, 3), (161.75, 162.75), .UNSPECIFIED.)
   CURVE ()
   GEOMETRIC_REPRESENTATION_ITEM ()
   RATIONAL_B_SPLINE_CURVE ((1., 0.707106781186548, 1.))
   REPRESENTATION_ITEM ('')
);
#683 = EDGE_CURVE ('', #671, #678, #682, .T.);
#684 = ORIENTED_EDGE ('', *, *, #683, .T.);
#685 = CARTESIAN_POINT ('', (-81.75, 6.49999999999999, 3.5));
#686 = VERTEX_POINT ('', #685);
#687 = CARTESIAN_POINT ('', (-78.25, 6.49999999999999, 3.5));
#688 = CARTESIAN_POINT ('', (-81.75, 6.49999999999999, 3.5));
#689 = B_SPLINE_CURVE_WITH_KNOTS ('', 1, (#687, #688), .UNSPECIFIED., .F., .U., (2, 2), (162.75, 163.75), .UNSPECIFIED.);
#690 = EDGE_CURVE ('', #678, #686, #689, .T.);
#691 = ORIENTED_EDGE ('', *, *, #690, .T.);
#692 = CARTESIAN_POINT ('', (-81.75, 5.49999999999999, 3.5));
#693 = VERTEX_POINT ('', #692);
#694 = CARTESIAN_POINT ('', (-81.75, 6.49999999999999, 3.5));
#695 = CARTESIAN_POINT ('', (-82.25, 6.49999999999999, 3.5));
#696 = CARTESIAN_POINT ('', (-82.25, 5.99999999999999, 3.5));
#697 = CARTESIAN_POINT ('', (-82.25, 5.49999999999999, 3.5));
#698 = CARTESIAN_POINT ('', (-81.75, 5.49999999999999, 3.5));
#699 = (
   BOUNDED_CURVE ()
   B_SPLINE_CURVE (2, (#694, #695, #696, #697, #698), .UNSPECIFIED., .F., .U.)
   B_SPLINE_CURVE_WITH_KNOTS ((3, 2, 3), (163.75, 164.25, 164.75), .UNSPECIFIED.)
   CURVE ()
   GEOMETRIC_REPRESENTATION_ITEM ()
   RATIONAL_B_SPLINE_CURVE ((1., 0.707106781186548, 1., 0.707106781186548, 1.))
   REPRESENTATION_ITEM ('')
);
#700 = EDGE_CURVE ('', #686, #693, #699, .T.);
#701 = ORIENTED_EDGE ('', *, *, #700, .T.);
#702 = CARTESIAN_POINT ('', (-75.25, 5.5, 3.5));
#703 = VERTEX_POINT ('', #702);
#704 = CARTESIAN_POINT ('', (-81.75, 5.49999999999999, 3.5));
#705 = CARTESIAN_POINT ('', (-75.25, 5.5, 3.5));
#706 = B_SPLINE_CURVE_WITH_KNOTS ('', 1, (#704, #705), .UNSPECIFIED., .F., .U., (2, 2), (164.75, 165.75), .UNSPECIFIED.);
#707 = EDGE_CURVE ('', #693, #703, #706, .T.);
#708 = ORIENTED_EDGE ('', *, *, #707, .T.);
#709 = CARTESIAN_POINT ('', (-74.75, 6., 3.5));
#710 = VERTEX_POINT ('', #709);
#711 = CARTESIAN_POINT ('', (-75.25, 5.5, 3.5));
#712 = CARTESIAN_POINT ('', (-74.75, 5.5, 3.5));
#713 = CARTESIAN_POINT ('', (-74.75, 6., 3.5));
#714 = (
   BOUNDED_CURVE ()
   B_SPLINE_CURVE (2, (#711, #712, #713), .UNSPECIFIED., .F., .U.)
   B_SPLINE_CURVE_WITH_KNOTS ((3, 3), (165.75, 166.75), .UNSPECIFIED.)
   CURVE ()
   GEOMETRIC_REPRESENTATION_ITEM ()
   RATIONAL_B_SPLINE_CURVE ((1., 0.707106781186548, 1.))
   REPRESENTATION_ITEM ('')
);
#715 = EDGE_CURVE ('', #703, #710, #714, .T.);
#716 = ORIENTED_EDGE ('', *, *, #715, .T.);
#717 = CARTESIAN_POINT ('', (-74.75, 6., 3.5));
#718 = CARTESIAN_POINT ('', (-74.75, 21., 3.5));
#719 = B_SPLINE_CURVE_WITH_KNOTS ('', 1, (#717, #718), .UNSPECIFIED., .F., .U., (2, 2), (138.75, 153.75), .UNSPECIFIED.);
#720 = EDGE_CURVE ('', #710, #613, #719, .T.);
#721 = ORIENTED_EDGE ('', *, *, #720, .T.);
#722 = EDGE_LOOP ('', (#621, #629, #637, #644, #654, #661, #669, #676, #684, #691, #701, #708, #716, #721));
#723 = FACE_BOUND ('', #722, .T.);
#724 = CARTESIAN_POINT ('', (-96.25, 6.49999999999999, 3.5));
#725 = VERTEX_POINT ('', #724);
#726 = CARTESIAN_POINT ('', (-96.25, 5.49999999999999, 3.5));
#727 = VERTEX_POINT ('', #726);
#728 = CARTESIAN_POINT ('', (-96.25, 6.49999999999999, 3.5));
#729 = CARTESIAN_POINT ('', (-95.75, 6.49999999999999, 3.5));
#730 = CARTESIAN_POINT ('', (-95.75, 5.99999999999999, 3.5));
#731 = CARTESIAN_POINT ('', (-95.75, 5.49999999999999, 3.5));
#732 = CARTESIAN_POINT ('', (-96.25, 5.49999999999999, 3.5));
#733 = (
   BOUNDED_CURVE ()
   B_SPLINE_CURVE (2, (#728, #729, #730, #731, #732), .UNSPECIFIED., .F., .U.)
   B_SPLINE_CURVE_WITH_KNOTS ((3, 2, 3), (119.25, 119.75, 120.25), .UNSPECIFIED.)
   CURVE ()
   GEOMETRIC_REPRESENTATION_ITEM ()
   RATIONAL_B_SPLINE_CURVE ((1., 0.707106781186548, 1., 0.707106781186548, 1.))
   REPRESENTATION_ITEM ('')
);
#734 = EDGE_CURVE ('', #725, #727, #733, .T.);
#735 = ORIENTED_EDGE ('', *, *, #734, .F.);
#736 = CARTESIAN_POINT ('', (-99.75, 6.49999999999999, 3.5));
#737 = VERTEX_POINT ('', #736);
#738 = CARTESIAN_POINT ('', (-99.75, 6.49999999999999, 3.5));
#739 = CARTESIAN_POINT ('', (-96.25, 6.49999999999999, 3.5));
#740 = B_SPLINE_CURVE_WITH_KNOTS ('', 1, (#738, #739), .UNSPECIFIED., .F., .U., (2, 2), (118.25, 119.25), .UNSPECIFIED.);
#741 = EDGE_CURVE ('', #737, #725, #740, .T.);
#742 = ORIENTED_EDGE ('', *, *, #741, .F.);
#743 = CARTESIAN_POINT ('', (-102.25, 8.99999999999999, 3.5));
#744 = VERTEX_POINT ('', #743);
#745 = CARTESIAN_POINT ('', (-102.25, 8.99999999999999, 3.5));
#746 = CARTESIAN_POINT ('', (-102.25, 6.49999999999999, 3.5));
#747 = CARTESIAN_POINT ('', (-99.75, 6.49999999999999, 3.5));
#748 = (
   BOUNDED_CURVE ()
   B_SPLINE_CURVE (2, (#745, #746, #747), .UNSPECIFIED., .F., .U.)
   B_SPLINE_CURVE_WITH_KNOTS ((3, 3), (117.25, 118.25), .UNSPECIFIED.)
   CURVE ()
   GEOMETRIC_REPRESENTATION_ITEM ()
   RATIONAL_B_SPLINE_CURVE ((1., 0.707106781186548, 1.))
   REPRESENTATION_ITEM ('')
);
#749 = EDGE_CURVE ('', #744, #737, #748, .T.);
#750 = ORIENTED_EDGE ('', *, *, #749, .F.);
#751 = CARTESIAN_POINT ('', (-102.25, 15., 3.5));
#752 = VERTEX_POINT ('', #751);
#753 = CARTESIAN_POINT ('', (-102.25, 15., 3.5));
#754 = CARTESIAN_POINT ('', (-102.25, 8.99999999999999, 3.5));
#755 = B_SPLINE_CURVE_WITH_KNOTS ('', 1, (#753, #754), .UNSPECIFIED., .F., .U., (2, 2), (116.25, 117.25), .UNSPECIFIED.);
#756 = EDGE_CURVE ('', #752, #744, #755, .T.);
#757 = ORIENTED_EDGE ('', *, *, #756, .F.);
#758 = CARTESIAN_POINT ('', (-99.75, 17.5, 3.5));
#759 = VERTEX_POINT ('', #758);
#760 = CARTESIAN_POINT ('', (-99.75, 17.5, 3.5));
#761 = CARTESIAN_POINT ('', (-102.25, 17.5, 3.5));
#762 = CARTESIAN_POINT ('', (-102.25, 15., 3.5));
#763 = (
   BOUNDED_CURVE ()
   B_SPLINE_CURVE (2, (#760, #761, #762), .UNSPECIFIED., .F., .U.)
   B_SPLINE_CURVE_WITH_KNOTS ((3, 3), (115.25, 116.25), .UNSPECIFIED.)
   CURVE ()
   GEOMETRIC_REPRESENTATION_ITEM ()
   RATIONAL_B_SPLINE_CURVE ((1., 0.707106781186548, 1.))
   REPRESENTATION_ITEM ('')
);
#764 = EDGE_CURVE ('', #759, #752, #763, .T.);
#765 = ORIENTED_EDGE ('', *, *, #764, .F.);
#766 = CARTESIAN_POINT ('', (-96.25, 17.5, 3.5));
#767 = VERTEX_POINT ('', #766);
#768 = CARTESIAN_POINT ('', (-96.25, 17.5, 3.5));
#769 = CARTESIAN_POINT ('', (-99.75, 17.5, 3.5));
#770 = B_SPLINE_CURVE_WITH_KNOTS ('', 1, (#768, #769), .UNSPECIFIED., .F., .U., (2, 2), (114.25, 115.25), .UNSPECIFIED.);
#771 = EDGE_CURVE ('', #767, #759, #770, .T.);
#772 = ORIENTED_EDGE ('', *, *, #771, .F.);
#773 = CARTESIAN_POINT ('', (-96.25, 18.5, 3.5));
#774 = VERTEX_POINT ('', #773);
#775 = CARTESIAN_POINT ('', (-96.25, 18.5, 3.5));
#776 = CARTESIAN_POINT ('', (-95.75, 18.5, 3.5));
#777 = CARTESIAN_POINT ('', (-95.75, 18., 3.5));
#778 = CARTESIAN_POINT ('', (-95.75, 17.5, 3.5));
#779 = CARTESIAN_POINT ('', (-96.25, 17.5, 3.5));
#780 = (
   BOUNDED_CURVE ()
   B_SPLINE_CURVE (2, (#775, #776, #777, #778, #779), .UNSPECIFIED., .F., .U.)
   B_SPLINE_CURVE_WITH_KNOTS ((3, 2, 3), (113.25, 113.75, 114.25), .UNSPECIFIED.)
   CURVE ()
   GEOMETRIC_REPRESENTATION_ITEM ()
   RATIONAL_B_SPLINE_CURVE ((1., 0.707106781186548, 1., 0.707106781186548, 1.))
   REPRESENTATION_ITEM ('')
);
#781 = EDGE_CURVE ('', #774, #767, #780, .T.);
#782 = ORIENTED_EDGE ('', *, *, #781, .F.);
#783 = CARTESIAN_POINT ('', (-99.75, 18.5, 3.5));
#784 = VERTEX_POINT ('', #783);
#785 = CARTESIAN_POINT ('', (-99.75, 18.5, 3.5));
#786 = CARTESIAN_POINT ('', (-96.25, 18.5, 3.5));
#787 = B_SPLINE_CURVE_WITH_KNOTS ('', 1, (#785, #786), .UNSPECIFIED., .F., .U., (2, 2), (112.25, 113.25), .UNSPECIFIED.);
#788 = EDGE_CURVE ('', #784, #774, #787, .T.);
#789 = ORIENTED_EDGE ('', *, *, #788, .F.);
#790 = CARTESIAN_POINT ('', (-102.25, 21., 3.5));
#791 = VERTEX_POINT ('', #790);
#792 = CARTESIAN_POINT ('', (-102.25, 21., 3.5));
#793 = CARTESIAN_POINT ('', (-102.25, 18.5, 3.5));
#794 = CARTESIAN_POINT ('', (-99.75, 18.5, 3.5));
#795 = (
   BOUNDED_CURVE ()
   B_SPLINE_CURVE (2, (#792, #793, #794), .UNSPECIFIED., .F., .U.)
   B_SPLINE_CURVE_WITH_KNOTS ((3, 3), (111.25, 112.25), .UNSPECIFIED.)
   CURVE ()
   GEOMETRIC_REPRESENTATION_ITEM ()
   RATIONAL_B_SPLINE_CURVE ((1., 0.707106781186548, 1.))
   REPRESENTATION_ITEM ('')
);
#796 = EDGE_CURVE ('', #791, #784, #795, .T.);
#797 = ORIENTED_EDGE ('', *, *, #796, .F.);
#798 = CARTESIAN_POINT ('', (-102.75, 21.5, 3.5));
#799 = VERTEX_POINT ('', #798);
#800 = CARTESIAN_POINT ('', (-102.75, 21.5, 3.5));
#801 = CARTESIAN_POINT ('', (-102.25, 21.5, 3.5));
#802 = CARTESIAN_POINT ('', (-102.25, 21., 3.5));
#803 = (
   BOUNDED_CURVE ()
   B_SPLINE_CURVE (2, (#800, #801, #802), .UNSPECIFIED., .F., .U.)
   B_SPLINE_CURVE_WITH_KNOTS ((3, 3), (110.25, 111.25), .UNSPECIFIED.)
   CURVE ()
   GEOMETRIC_REPRESENTATION_ITEM ()
   RATIONAL_B_SPLINE_CURVE ((1., 0.707106781186548, 1.))
   REPRESENTATION_ITEM ('')
);
#804 = EDGE_CURVE ('', #799, #791, #803, .T.);
#805 = ORIENTED_EDGE ('', *, *, #804, .F.);
#806 = CARTESIAN_POINT ('', (-103.25, 21., 3.5));
#807 = VERTEX_POINT ('', #806);
#808 = CARTESIAN_POINT ('', (-103.25, 21., 3.5));
#809 = CARTESIAN_POINT ('', (-103.25, 21.5, 3.5));
#810 = CARTESIAN_POINT ('', (-102.75, 21.5, 3.5));
#811 = (
   BOUNDED_CURVE ()
   B_SPLINE_CURVE (2, (#808, #809, #810), .UNSPECIFIED., .F., .U.)
   B_SPLINE_CURVE_WITH_KNOTS ((3, 3), (109.25, 110.25), .UNSPECIFIED.)
   CURVE ()
   GEOMETRIC_REPRESENTATION_ITEM ()
   RATIONAL_B_SPLINE_CURVE ((1., 0.707106781186548, 1.))
   REPRESENTATION_ITEM ('')
);
#812 = EDGE_CURVE ('', #807, #799, #811, .T.);
#813 = ORIENTED_EDGE ('', *, *, #812, .F.);
#814 = CARTESIAN_POINT ('', (-103.25, 6., 3.5));
#815 = VERTEX_POINT ('', #814);
#816 = CARTESIAN_POINT ('', (-103.25, 6., 3.5));
#817 = CARTESIAN_POINT ('', (-103.25, 21., 3.5));
#818 = B_SPLINE_CURVE_WITH_KNOTS ('', 1, (#816, #817), .UNSPECIFIED., .F., .U., (2, 2), (94.25, 109.25), .UNSPECIFIED.);
#819 = EDGE_CURVE ('', #815, #807, #818, .T.);
#820 = ORIENTED_EDGE ('', *, *, #819, .F.);
#821 = CARTESIAN_POINT ('', (-102.75, 5.5, 3.5));
#822 = VERTEX_POINT ('', #821);
#823 = CARTESIAN_POINT ('', (-102.75, 5.5, 3.5));
#824 = CARTESIAN_POINT ('', (-103.25, 5.5, 3.5));
#825 = CARTESIAN_POINT ('', (-103.25, 6., 3.5));
#826 = (
   BOUNDED_CURVE ()
   B_SPLINE_CURVE (2, (#823, #824, #825), .UNSPECIFIED., .F., .U.)
   B_SPLINE_CURVE_WITH_KNOTS ((3, 3), (121.25, 122.25), .UNSPECIFIED.)
   CURVE ()
   GEOMETRIC_REPRESENTATION_ITEM ()
   RATIONAL_B_SPLINE_CURVE ((1., 0.707106781186548, 1.))
   REPRESENTATION_ITEM ('')
);
#827 = EDGE_CURVE ('', #822, #815, #826, .T.);
#828 = ORIENTED_EDGE ('', *, *, #827, .F.);
#829 = CARTESIAN_POINT ('', (-96.25, 5.49999999999999, 3.5));
#830 = CARTESIAN_POINT ('', (-102.75, 5.5, 3.5));
#831 = B_SPLINE_CURVE_WITH_KNOTS ('', 1, (#829, #830), .UNSPECIFIED., .F., .U., (2, 2), (120.25, 121.25), .UNSPECIFIED.);
#832 = EDGE_CURVE ('', #727, #822, #831, .T.);
#833 = ORIENTED_EDGE ('', *, *, #832, .F.);
#834 = EDGE_LOOP ('', (#735, #742, #750, #757, #765, #772, #782, #789, #797, #805, #813, #820, #828, #833));
#835 = FACE_BOUND ('', #834, .T.);
#836 = CARTESIAN_POINT ('', (-28.5, 62., 3.5));
#837 = VERTEX_POINT ('', #836);
#838 = CARTESIAN_POINT ('', (-29.5, 62., 3.5));
#839 = VERTEX_POINT ('', #838);
#840 = CARTESIAN_POINT ('', (-28.5, 62., 3.5));
#841 = CARTESIAN_POINT ('', (-28.5, 61.5, 3.5));
#842 = CARTESIAN_POINT ('', (-29., 61.5, 3.5));
#843 = CARTESIAN_POINT ('', (-29.5, 61.5, 3.5));
#844 = CARTESIAN_POINT ('', (-29.5, 62., 3.5));
#845 = (
   BOUNDED_CURVE ()
   B_SPLINE_CURVE (2, (#840, #841, #842, #843, #844), .UNSPECIFIED., .F., .U.)
   B_SPLINE_CURVE_WITH_KNOTS ((3, 2, 3), (68., 68.25, 68.5), .UNSPECIFIED.)
   CURVE ()
   GEOMETRIC_REPRESENTATION_ITEM ()
   RATIONAL_B_SPLINE_CURVE ((1., 0.707106781186548, 1., 0.707106781186548, 1.))
   REPRESENTATION_ITEM ('')
);
#846 = EDGE_CURVE ('', #837, #839, #845, .T.);
#847 = ORIENTED_EDGE ('', *, *, #846, .F.);
#848 = CARTESIAN_POINT ('', (-16.5, 62., 3.5));
#849 = VERTEX_POINT ('', #848);
#850 = CARTESIAN_POINT ('', (-16.5, 62., 3.5));
#851 = CARTESIAN_POINT ('', (-28.5, 62., 3.5));
#852 = B_SPLINE_CURVE_WITH_KNOTS ('', 1, (#850, #851), .UNSPECIFIED., .F., .U., (2, 2), (56., 68.), .UNSPECIFIED.);
#853 = EDGE_CURVE ('', #849, #837, #852, .T.);
#854 = ORIENTED_EDGE ('', *, *, #853, .F.);
#855 = CARTESIAN_POINT ('', (-15.5, 62., 3.5));
#856 = VERTEX_POINT ('', #855);
#857 = CARTESIAN_POINT ('', (-15.5, 62., 3.5));
#858 = CARTESIAN_POINT ('', (-15.5, 61.5, 3.5));
#859 = CARTESIAN_POINT ('', (-16., 61.5, 3.5));
#860 = CARTESIAN_POINT ('', (-16.5, 61.5, 3.5));
#861 = CARTESIAN_POINT ('', (-16.5, 62., 3.5));
#862 = (
   BOUNDED_CURVE ()
   B_SPLINE_CURVE (2, (#857, #858, #859, #860, #861), .UNSPECIFIED., .F., .U.)
   B_SPLINE_CURVE_WITH_KNOTS ((3, 2, 3), (55.5, 55.75, 56.), .UNSPECIFIED.)
   CURVE ()
   GEOMETRIC_REPRESENTATION_ITEM ()
   RATIONAL_B_SPLINE_CURVE ((1., 0.707106781186548, 1., 0.707106781186548, 1.))
   REPRESENTATION_ITEM ('')
);
#863 = EDGE_CURVE ('', #856, #849, #862, .T.);
#864 = ORIENTED_EDGE ('', *, *, #863, .F.);
#865 = CARTESIAN_POINT ('', (-15.5, 76., 3.5));
#866 = VERTEX_POINT ('', #865);
#867 = CARTESIAN_POINT ('', (-15.5, 76., 3.5));
#868 = CARTESIAN_POINT ('', (-15.5, 62., 3.5));
#869 = B_SPLINE_CURVE_WITH_KNOTS ('', 1, (#867, #868), .UNSPECIFIED., .F., .U., (2, 2), (41.5, 55.5), .UNSPECIFIED.);
#870 = EDGE_CURVE ('', #866, #856, #869, .T.);
#871 = ORIENTED_EDGE ('', *, *, #870, .F.);
#872 = CARTESIAN_POINT ('', (-16.5, 76., 3.5));
#873 = VERTEX_POINT ('', #872);
#874 = CARTESIAN_POINT ('', (-16.5, 76., 3.5));
#875 = CARTESIAN_POINT ('', (-16.5, 76.5, 3.5));
#876 = CARTESIAN_POINT ('', (-16., 76.5, 3.5));
#877 = CARTESIAN_POINT ('', (-15.5, 76.5, 3.5));
#878 = CARTESIAN_POINT ('', (-15.5, 76., 3.5));
#879 = (
   BOUNDED_CURVE ()
   B_SPLINE_CURVE (2, (#874, #875, #876, #877, #878), .UNSPECIFIED., .F., .U.)
   B_SPLINE_CURVE_WITH_KNOTS ((3, 2, 3), (41., 41.25, 41.5), .UNSPECIFIED.)
   CURVE ()
   GEOMETRIC_REPRESENTATION_ITEM ()
   RATIONAL_B_SPLINE_CURVE ((1., 0.707106781186548, 1., 0.707106781186548, 1.))
   REPRESENTATION_ITEM ('')
);
#880 = EDGE_CURVE ('', #873, #866, #879, .T.);
#881 = ORIENTED_EDGE ('', *, *, #880, .F.);
#882 = CARTESIAN_POINT ('', (-28.5, 76., 3.5));
#883 = VERTEX_POINT ('', #882);
#884 = CARTESIAN_POINT ('', (-28.5, 76., 3.5));
#885 = CARTESIAN_POINT ('', (-16.5, 76., 3.5));
#886 = B_SPLINE_CURVE_WITH_KNOTS ('', 1, (#884, #885), .UNSPECIFIED., .F., .U., (2, 2), (29., 41.), .UNSPECIFIED.);
#887 = EDGE_CURVE ('', #883, #873, #886, .T.);
#888 = ORIENTED_EDGE ('', *, *, #887, .F.);
#889 = CARTESIAN_POINT ('', (-29.5, 76., 3.5));
#890 = VERTEX_POINT ('', #889);
#891 = CARTESIAN_POINT ('', (-29.5, 76., 3.5));
#892 = CARTESIAN_POINT ('', (-29.5, 76.5, 3.5));
#893 = CARTESIAN_POINT ('', (-29., 76.5, 3.5));
#894 = CARTESIAN_POINT ('', (-28.5, 76.5, 3.5));
#895 = CARTESIAN_POINT ('', (-28.5, 76., 3.5));
#896 = (
   BOUNDED_CURVE ()
   B_SPLINE_CURVE (2, (#891, #892, #893, #894, #895), .UNSPECIFIED., .F., .U.)
   B_SPLINE_CURVE_WITH_KNOTS ((3, 2, 3), (82.5, 82.75, 83.), .UNSPECIFIED.)
   CURVE ()
   GEOMETRIC_REPRESENTATION_ITEM ()
   RATIONAL_B_SPLINE_CURVE ((1., 0.707106781186548, 1., 0.707106781186548, 1.))
   REPRESENTATION_ITEM ('')
);
#897 = EDGE_CURVE ('', #890, #883, #896, .T.);
#898 = ORIENTED_EDGE ('', *, *, #897, .F.);
#899 = CARTESIAN_POINT ('', (-29.5, 62., 3.5));
#900 = CARTESIAN_POINT ('', (-29.5, 76., 3.5));
#901 = B_SPLINE_CURVE_WITH_KNOTS ('', 1, (#899, #900), .UNSPECIFIED., .F., .U., (2, 2), (68.5, 82.5), .UNSPECIFIED.);
#902 = EDGE_CURVE ('', #839, #890, #901, .T.);
#903 = ORIENTED_EDGE ('', *, *, #902, .F.);
#904 = EDGE_LOOP ('', (#847, #854, #864, #871, #881, #888, #898, #903));
#905 = FACE_BOUND ('', #904, .T.);
#906 = CARTESIAN_POINT ('', (-38., 43., 3.5));
#907 = VERTEX_POINT ('', #906);
#908 = CARTESIAN_POINT ('', (-39., 43., 3.5));
#909 = VERTEX_POINT ('', #908);
#910 = CARTESIAN_POINT ('', (-38., 43., 3.5));
#911 = CARTESIAN_POINT ('', (-38., 42.5, 3.5));
#912 = CARTESIAN_POINT ('', (-38.5, 42.5, 3.5));
#913 = CARTESIAN_POINT ('', (-39., 42.5, 3.5));
#914 = CARTESIAN_POINT ('', (-39., 43., 3.5));
#915 = (
   BOUNDED_CURVE ()
   B_SPLINE_CURVE (2, (#910, #911, #912, #913, #914), .UNSPECIFIED., .F., .U.)
   B_SPLINE_CURVE_WITH_KNOTS ((3, 2, 3), (68., 68.25, 68.5), .UNSPECIFIED.)
   CURVE ()
   GEOMETRIC_REPRESENTATION_ITEM ()
   RATIONAL_B_SPLINE_CURVE ((1., 0.707106781186548, 1., 0.707106781186548, 1.))
   REPRESENTATION_ITEM ('')
);
#916 = EDGE_CURVE ('', #907, #909, #915, .T.);
#917 = ORIENTED_EDGE ('', *, *, #916, .F.);
#918 = CARTESIAN_POINT ('', (-26., 43., 3.5));
#919 = VERTEX_POINT ('', #918);
#920 = CARTESIAN_POINT ('', (-26., 43., 3.5));
#921 = CARTESIAN_POINT ('', (-38., 43., 3.5));
#922 = B_SPLINE_CURVE_WITH_KNOTS ('', 1, (#920, #921), .UNSPECIFIED., .F., .U., (2, 2), (56., 68.), .UNSPECIFIED.);
#923 = EDGE_CURVE ('', #919, #907, #922, .T.);
#924 = ORIENTED_EDGE ('', *, *, #923, .F.);
#925 = CARTESIAN_POINT ('', (-25., 43., 3.5));
#926 = VERTEX_POINT ('', #925);
#927 = CARTESIAN_POINT ('', (-25., 43., 3.5));
#928 = CARTESIAN_POINT ('', (-25., 42.5, 3.5));
#929 = CARTESIAN_POINT ('', (-25.5, 42.5, 3.5));
#930 = CARTESIAN_POINT ('', (-26., 42.5, 3.5));
#931 = CARTESIAN_POINT ('', (-26., 43., 3.5));
#932 = (
   BOUNDED_CURVE ()
   B_SPLINE_CURVE (2, (#927, #928, #929, #930, #931), .UNSPECIFIED., .F., .U.)
   B_SPLINE_CURVE_WITH_KNOTS ((3, 2, 3), (55.5, 55.75, 56.), .UNSPECIFIED.)
   CURVE ()
   GEOMETRIC_REPRESENTATION_ITEM ()
   RATIONAL_B_SPLINE_CURVE ((1., 0.707106781186548, 1., 0.707106781186548, 1.))
   REPRESENTATION_ITEM ('')
);
#933 = EDGE_CURVE ('', #926, #919, #932, .T.);
#934 = ORIENTED_EDGE ('', *, *, #933, .F.);
#935 = CARTESIAN_POINT ('', (-25., 57., 3.5));
#936 = VERTEX_POINT ('', #935);
#937 = CARTESIAN_POINT ('', (-25., 57., 3.5));
#938 = CARTESIAN_POINT ('', (-25., 43., 3.5));
#939 = B_SPLINE_CURVE_WITH_KNOTS ('', 1, (#937, #938), .UNSPECIFIED., .F., .U., (2, 2), (41.5, 55.5), .UNSPECIFIED.);
#940 = EDGE_CURVE ('', #936, #926, #939, .T.);
#941 = ORIENTED_EDGE ('', *, *, #940, .F.);
#942 = CARTESIAN_POINT ('', (-26., 57., 3.5));
#943 = VERTEX_POINT ('', #942);
#944 = CARTESIAN_POINT ('', (-26., 57., 3.5));
#945 = CARTESIAN_POINT ('', (-26., 57.5, 3.5));
#946 = CARTESIAN_POINT ('', (-25.5, 57.5, 3.5));
#947 = CARTESIAN_POINT ('', (-25., 57.5, 3.5));
#948 = CARTESIAN_POINT ('', (-25., 57., 3.5));
#949 = (
   BOUNDED_CURVE ()
   B_SPLINE_CURVE (2, (#944, #945, #946, #947, #948), .UNSPECIFIED., .F., .U.)
   B_SPLINE_CURVE_WITH_KNOTS ((3, 2, 3), (41., 41.25, 41.5), .UNSPECIFIED.)
   CURVE ()
   GEOMETRIC_REPRESENTATION_ITEM ()
   RATIONAL_B_SPLINE_CURVE ((1., 0.707106781186548, 1., 0.707106781186548, 1.))
   REPRESENTATION_ITEM ('')
);
#950 = EDGE_CURVE ('', #943, #936, #949, .T.);
#951 = ORIENTED_EDGE ('', *, *, #950, .F.);
#952 = CARTESIAN_POINT ('', (-38., 57., 3.5));
#953 = VERTEX_POINT ('', #952);
#954 = CARTESIAN_POINT ('', (-38., 57., 3.5));
#955 = CARTESIAN_POINT ('', (-26., 57., 3.5));
#956 = B_SPLINE_CURVE_WITH_KNOTS ('', 1, (#954, #955), .UNSPECIFIED., .F., .U., (2, 2), (29., 41.), .UNSPECIFIED.);
#957 = EDGE_CURVE ('', #953, #943, #956, .T.);
#958 = ORIENTED_EDGE ('', *, *, #957, .F.);
#959 = CARTESIAN_POINT ('', (-39., 57., 3.5));
#960 = VERTEX_POINT ('', #959);
#961 = CARTESIAN_POINT ('', (-39., 57., 3.5));
#962 = CARTESIAN_POINT ('', (-39., 57.5, 3.5));
#963 = CARTESIAN_POINT ('', (-38.5, 57.5, 3.5));
#964 = CARTESIAN_POINT ('', (-38., 57.5, 3.5));
#965 = CARTESIAN_POINT ('', (-38., 57., 3.5));
#966 = (
   BOUNDED_CURVE ()
   B_SPLINE_CURVE (2, (#961, #962, #963, #964, #965), .UNSPECIFIED., .F., .U.)
   B_SPLINE_CURVE_WITH_KNOTS ((3, 2, 3), (82.5, 82.75, 83.), .UNSPECIFIED.)
   CURVE ()
   GEOMETRIC_REPRESENTATION_ITEM ()
   RATIONAL_B_SPLINE_CURVE ((1., 0.707106781186548, 1., 0.707106781186548, 1.))
   REPRESENTATION_ITEM ('')
);
#967 = EDGE_CURVE ('', #960, #953, #966, .T.);
#968 = ORIENTED_EDGE ('', *, *, #967, .F.);
#969 = CARTESIAN_POINT ('', (-39., 43., 3.5));
#970 = CARTESIAN_POINT ('', (-39., 57., 3.5));
#971 = B_SPLINE_CURVE_WITH_KNOTS ('', 1, (#969, #970), .UNSPECIFIED., .F., .U., (2, 2), (68.5, 82.5), .UNSPECIFIED.);
#972 = EDGE_CURVE ('', #909, #960, #971, .T.);
#973 = ORIENTED_EDGE ('', *, *, #972, .F.);
#974 = EDGE_LOOP ('', (#917, #924, #934, #941, #951, #958, #968, #973));
#975 = FACE_BOUND ('', #974, .T.);
#976 = CARTESIAN_POINT ('', (-47.5, 62., 3.5));
#977 = VERTEX_POINT ('', #976);
#978 = CARTESIAN_POINT ('', (-48.5, 62., 3.5));
#979 = VERTEX_POINT ('', #978);
#980 = CARTESIAN_POINT ('', (-47.5, 62., 3.5));
#981 = CARTESIAN_POINT ('', (-47.5, 61.5, 3.5));
#982 = CARTESIAN_POINT ('', (-48., 61.5, 3.5));
#983 = CARTESIAN_POINT ('', (-48.5, 61.5, 3.5));
#984 = CARTESIAN_POINT ('', (-48.5, 62., 3.5));
#985 = (
   BOUNDED_CURVE ()
   B_SPLINE_CURVE (2, (#980, #981, #982, #983, #984), .UNSPECIFIED., .F., .U.)
   B_SPLINE_CURVE_WITH_KNOTS ((3, 2, 3), (68., 68.25, 68.5), .UNSPECIFIED.)
   CURVE ()
   GEOMETRIC_REPRESENTATION_ITEM ()
   RATIONAL_B_SPLINE_CURVE ((1., 0.707106781186548, 1., 0.707106781186548, 1.))
   REPRESENTATION_ITEM ('')
);
#986 = EDGE_CURVE ('', #977, #979, #985, .T.);
#987 = ORIENTED_EDGE ('', *, *, #986, .F.);
#988 = CARTESIAN_POINT ('', (-35.5, 62., 3.5));
#989 = VERTEX_POINT ('', #988);
#990 = CARTESIAN_POINT ('', (-35.5, 62., 3.5));
#991 = CARTESIAN_POINT ('', (-47.5, 62., 3.5));
#992 = B_SPLINE_CURVE_WITH_KNOTS ('', 1, (#990, #991), .UNSPECIFIED., .F., .U., (2, 2), (56., 68.), .UNSPECIFIED.);
#993 = EDGE_CURVE ('', #989, #977, #992, .T.);
#994 = ORIENTED_EDGE ('', *, *, #993, .F.);
#995 = CARTESIAN_POINT ('', (-34.5, 62., 3.5));
#996 = VERTEX_POINT ('', #995);
#997 = CARTESIAN_POINT ('', (-34.5, 62., 3.5));
#998 = CARTESIAN_POINT ('', (-34.5, 61.5, 3.5));
#999 = CARTESIAN_POINT ('', (-35., 61.5, 3.5));
#1000 = CARTESIAN_POINT ('', (-35.5, 61.5, 3.5));
#1001 = CARTESIAN_POINT ('', (-35.5, 62., 3.5));
#1002 = (
   BOUNDED_CURVE ()
   B_SPLINE_CURVE (2, (#997, #998, #999, #1000, #1001), .UNSPECIFIED., .F., .U.)
   B_SPLINE_CURVE_WITH_KNOTS ((3, 2, 3), (55.5, 55.75, 56.), .UNSPECIFIED.)
   CURVE ()
   GEOMETRIC_REPRESENTATION_ITEM ()
   RATIONAL_B_SPLINE_CURVE ((1., 0.707106781186548, 1., 0.707106781186548, 1.))
   REPRESENTATION_ITEM ('')
);
#1003 = EDGE_CURVE ('', #996, #989, #1002, .T.);
#1004 = ORIENTED_EDGE ('', *, *, #1003, .F.);
#1005 = CARTESIAN_POINT ('', (-34.5, 76., 3.5));
#1006 = VERTEX_POINT ('', #1005);
#1007 = CARTESIAN_POINT ('', (-34.5, 76., 3.5));
#1008 = CARTESIAN_POINT ('', (-34.5, 62., 3.5));
#1009 = B_SPLINE_CURVE_WITH_KNOTS ('', 1, (#1007, #1008), .UNSPECIFIED., .F., .U., (2, 2), (41.5, 55.5), .UNSPECIFIED.);
#1010 = EDGE_CURVE ('', #1006, #996, #1009, .T.);
#1011 = ORIENTED_EDGE ('', *, *, #1010, .F.);
#1012 = CARTESIAN_POINT ('', (-35.5, 76., 3.5));
#1013 = VERTEX_POINT ('', #1012);
#1014 = CARTESIAN_POINT ('', (-35.5, 76., 3.5));
#1015 = CARTESIAN_POINT ('', (-35.5, 76.5, 3.5));
#1016 = CARTESIAN_POINT ('', (-35., 76.5, 3.5));
#1017 = CARTESIAN_POINT ('', (-34.5, 76.5, 3.5));
#1018 = CARTESIAN_POINT ('', (-34.5, 76., 3.5));
#1019 = (
   BOUNDED_CURVE ()
   B_SPLINE_CURVE (2, (#1014, #1015, #1016, #1017, #1018), .UNSPECIFIED., .F., .U.)
   B_SPLINE_CURVE_WITH_KNOTS ((3, 2, 3), (41., 41.25, 41.5), .UNSPECIFIED.)
   CURVE ()
   GEOMETRIC_REPRESENTATION_ITEM ()
   RATIONAL_B_SPLINE_CURVE ((1., 0.707106781186548, 1., 0.707106781186548, 1.))
   REPRESENTATION_ITEM ('')
);
#1020 = EDGE_CURVE ('', #1013, #1006, #1019, .T.);
#1021 = ORIENTED_EDGE ('', *, *, #1020, .F.);
#1022 = CARTESIAN_POINT ('', (-47.5, 76., 3.5));
#1023 = VERTEX_POINT ('', #1022);
#1024 = CARTESIAN_POINT ('', (-47.5, 76., 3.5));
#1025 = CARTESIAN_POINT ('', (-35.5, 76., 3.5));
#1026 = B_SPLINE_CURVE_WITH_KNOTS ('', 1, (#1024, #1025), .UNSPECIFIED., .F., .U., (2, 2), (29., 41.), .UNSPECIFIED.);
#1027 = EDGE_CURVE ('', #1023, #1013, #1026, .T.);
#1028 = ORIENTED_EDGE ('', *, *, #1027, .F.);
#1029 = CARTESIAN_POINT ('', (-48.5, 76., 3.5));
#1030 = VERTEX_POINT ('', #1029);
#1031 = CARTESIAN_POINT ('', (-48.5, 76., 3.5));
#1032 = CARTESIAN_POINT ('', (-48.5, 76.5, 3.5));
#1033 = CARTESIAN_POINT ('', (-48., 76.5, 3.5));
#1034 = CARTESIAN_POINT ('', (-47.5, 76.5, 3.5));
#1035 = CARTESIAN_POINT ('', (-47.5, 76., 3.5));
#1036 = (
   BOUNDED_CURVE ()
   B_SPLINE_CURVE (2, (#1031, #1032, #1033, #1034, #1035), .UNSPECIFIED., .F., .U.)
   B_SPLINE_CURVE_WITH_KNOTS ((3, 2, 3), (82.5, 82.75, 83.), .UNSPECIFIED.)
   CURVE ()
   GEOMETRIC_REPRESENTATION_ITEM ()
   RATIONAL_B_SPLINE_CURVE ((1., 0.707106781186548, 1., 0.707106781186548, 1.))
   REPRESENTATION_ITEM ('')
);
#1037 = EDGE_CURVE ('', #1030, #1023, #1036, .T.);
#1038 = ORIENTED_EDGE ('', *, *, #1037, .F.);
#1039 = CARTESIAN_POINT ('', (-48.5, 62., 3.5));
#1040 = CARTESIAN_POINT ('', (-48.5, 76., 3.5));
#1041 = B_SPLINE_CURVE_WITH_KNOTS ('', 1, (#1039, #1040), .UNSPECIFIED., .F., .U., (2, 2), (68.5, 82.5), .UNSPECIFIED.);
#1042 = EDGE_CURVE ('', #979, #1030, #1041, .T.);
#1043 = ORIENTED_EDGE ('', *, *, #1042, .F.);
#1044 = EDGE_LOOP ('', (#987, #994, #1004, #1011, #1021, #1028, #1038, #1043));
#1045 = FACE_BOUND ('', #1044, .T.);
#1046 = CARTESIAN_POINT ('', (-57., 43., 3.5));
#1047 = VERTEX_POINT ('', #1046);
#1048 = CARTESIAN_POINT ('', (-58., 43., 3.5));
#1049 = VERTEX_POINT ('', #1048);
#1050 = CARTESIAN_POINT ('', (-57., 43., 3.5));
#1051 = CARTESIAN_POINT ('', (-57., 42.5, 3.5));
#1052 = CARTESIAN_POINT ('', (-57.5, 42.5, 3.5));
#1053 = CARTESIAN_POINT ('', (-58., 42.5, 3.5));
#1054 = CARTESIAN_POINT ('', (-58., 43., 3.5));
#1055 = (
   BOUNDED_CURVE ()
   B_SPLINE_CURVE (2, (#1050, #1051, #1052, #1053, #1054), .UNSPECIFIED., .F., .U.)
   B_SPLINE_CURVE_WITH_KNOTS ((3, 2, 3), (68., 68.25, 68.5), .UNSPECIFIED.)
   CURVE ()
   GEOMETRIC_REPRESENTATION_ITEM ()
   RATIONAL_B_SPLINE_CURVE ((1., 0.707106781186548, 1., 0.707106781186548, 1.))
   REPRESENTATION_ITEM ('')
);
#1056 = EDGE_CURVE ('', #1047, #1049, #1055, .T.);
#1057 = ORIENTED_EDGE ('', *, *, #1056, .F.);
#1058 = CARTESIAN_POINT ('', (-45., 43., 3.5));
#1059 = VERTEX_POINT ('', #1058);
#1060 = CARTESIAN_POINT ('', (-45., 43., 3.5));
#1061 = CARTESIAN_POINT ('', (-57., 43., 3.5));
#1062 = B_SPLINE_CURVE_WITH_KNOTS ('', 1, (#1060, #1061), .UNSPECIFIED., .F., .U., (2, 2), (56., 68.), .UNSPECIFIED.);
#1063 = EDGE_CURVE ('', #1059, #1047, #1062, .T.);
#1064 = ORIENTED_EDGE ('', *, *, #1063, .F.);
#1065 = CARTESIAN_POINT ('', (-44., 43., 3.5));
#1066 = VERTEX_POINT ('', #1065);
#1067 = CARTESIAN_POINT ('', (-44., 43., 3.5));
#1068 = CARTESIAN_POINT ('', (-44., 42.5, 3.5));
#1069 = CARTESIAN_POINT ('', (-44.5, 42.5, 3.5));
#1070 = CARTESIAN_POINT ('', (-45., 42.5, 3.5));
#1071 = CARTESIAN_POINT ('', (-45., 43., 3.5));
#1072 = (
   BOUNDED_CURVE ()
   B_SPLINE_CURVE (2, (#1067, #1068, #1069, #1070, #1071), .UNSPECIFIED., .F., .U.)
   B_SPLINE_CURVE_WITH_KNOTS ((3, 2, 3), (55.5, 55.75, 56.), .UNSPECIFIED.)
   CURVE ()
   GEOMETRIC_REPRESENTATION_ITEM ()
   RATIONAL_B_SPLINE_CURVE ((1., 0.707106781186548, 1., 0.707106781186548, 1.))
   REPRESENTATION_ITEM ('')
);
#1073 = EDGE_CURVE ('', #1066, #1059, #1072, .T.);
#1074 = ORIENTED_EDGE ('', *, *, #1073, .F.);
#1075 = CARTESIAN_POINT ('', (-44., 57., 3.5));
#1076 = VERTEX_POINT ('', #1075);
#1077 = CARTESIAN_POINT ('', (-44., 57., 3.5));
#1078 = CARTESIAN_POINT ('', (-44., 43., 3.5));
#1079 = B_SPLINE_CURVE_WITH_KNOTS ('', 1, (#1077, #1078), .UNSPECIFIED., .F., .U., (2, 2), (41.5, 55.5), .UNSPECIFIED.);
#1080 = EDGE_CURVE ('', #1076, #1066, #1079, .T.);
#1081 = ORIENTED_EDGE ('', *, *, #1080, .F.);
#1082 = CARTESIAN_POINT ('', (-45., 57., 3.5));
#1083 = VERTEX_POINT ('', #1082);
#1084 = CARTESIAN_POINT ('', (-45., 57., 3.5));
#1085 = CARTESIAN_POINT ('', (-45., 57.5, 3.5));
#1086 = CARTESIAN_POINT ('', (-44.5, 57.5, 3.5));
#1087 = CARTESIAN_POINT ('', (-44., 57.5, 3.5));
#1088 = CARTESIAN_POINT ('', (-44., 57., 3.5));
#1089 = (
   BOUNDED_CURVE ()
   B_SPLINE_CURVE (2, (#1084, #1085, #1086, #1087, #1088), .UNSPECIFIED., .F., .U.)
   B_SPLINE_CURVE_WITH_KNOTS ((3, 2, 3), (41., 41.25, 41.5), .UNSPECIFIED.)
   CURVE ()
   GEOMETRIC_REPRESENTATION_ITEM ()
   RATIONAL_B_SPLINE_CURVE ((1., 0.707106781186548, 1., 0.707106781186548, 1.))
   REPRESENTATION_ITEM ('')
);
#1090 = EDGE_CURVE ('', #1083, #1076, #1089, .T.);
#1091 = ORIENTED_EDGE ('', *, *, #1090, .F.);
#1092 = CARTESIAN_POINT ('', (-57., 57., 3.5));
#1093 = VERTEX_POINT ('', #1092);
#1094 = CARTESIAN_POINT ('', (-57., 57., 3.5));
#1095 = CARTESIAN_POINT ('', (-45., 57., 3.5));
#1096 = B_SPLINE_CURVE_WITH_KNOTS ('', 1, (#1094, #1095), .UNSPECIFIED., .F., .U., (2, 2), (29., 41.), .UNSPECIFIED.);
#1097 = EDGE_CURVE ('', #1093, #1083, #1096, .T.);
#1098 = ORIENTED_EDGE ('', *, *, #1097, .F.);
#1099 = CARTESIAN_POINT ('', (-58., 57., 3.5));
#1100 = VERTEX_POINT ('', #1099);
#1101 = CARTESIAN_POINT ('', (-58., 57., 3.5));
#1102 = CARTESIAN_POINT ('', (-58., 57.5, 3.5));
#1103 = CARTESIAN_POINT ('', (-57.5, 57.5, 3.5));
#1104 = CARTESIAN_POINT ('', (-57., 57.5, 3.5));
#1105 = CARTESIAN_POINT ('', (-57., 57., 3.5));
#1106 = (
   BOUNDED_CURVE ()
   B_SPLINE_CURVE (2, (#1101, #1102, #1103, #1104, #1105), .UNSPECIFIED., .F., .U.)
   B_SPLINE_CURVE_WITH_KNOTS ((3, 2, 3), (82.5, 82.75, 83.), .UNSPECIFIED.)
   CURVE ()
   GEOMETRIC_REPRESENTATION_ITEM ()
   RATIONAL_B_SPLINE_CURVE ((1., 0.707106781186548, 1., 0.707106781186548, 1.))
   REPRESENTATION_ITEM ('')
);
#1107 = EDGE_CURVE ('', #1100, #1093, #1106, .T.);
#1108 = ORIENTED_EDGE ('', *, *, #1107, .F.);
#1109 = CARTESIAN_POINT ('', (-58., 43., 3.5));
#1110 = CARTESIAN_POINT ('', (-58., 57., 3.5));
#1111 = B_SPLINE_CURVE_WITH_KNOTS ('', 1, (#1109, #1110), .UNSPECIFIED., .F., .U., (2, 2), (68.5, 82.5), .UNSPECIFIED.);
#1112 = EDGE_CURVE ('', #1049, #1100, #1111, .T.);
#1113 = ORIENTED_EDGE ('', *, *, #1112, .F.);
#1114 = EDGE_LOOP ('', (#1057, #1064, #1074, #1081, #1091, #1098, #1108, #1113));
#1115 = FACE_BOUND ('', #1114, .T.);
#1116 = CARTESIAN_POINT ('', (-66.5, 62., 3.5));
#1117 = VERTEX_POINT ('', #1116);
#1118 = CARTESIAN_POINT ('', (-67.5, 62., 3.5));
#1119 = VERTEX_POINT ('', #1118);
#1120 = CARTESIAN_POINT ('', (-66.5, 62., 3.5));
#1121 = CARTESIAN_POINT ('', (-66.5, 61.5, 3.5));
#1122 = CARTESIAN_POINT ('', (-67., 61.5, 3.5));
#1123 = CARTESIAN_POINT ('', (-67.5, 61.5, 3.5));
#1124 = CARTESIAN_POINT ('', (-67.5, 62., 3.5));
#1125 = (
   BOUNDED_CURVE ()
   B_SPLINE_CURVE (2, (#1120, #1121, #1122, #1123, #1124), .UNSPECIFIED., .F., .U.)
   B_SPLINE_CURVE_WITH_KNOTS ((3, 2, 3), (68., 68.25, 68.5), .UNSPECIFIED.)
   CURVE ()
   GEOMETRIC_REPRESENTATION_ITEM ()
   RATIONAL_B_SPLINE_CURVE ((1., 0.707106781186548, 1., 0.707106781186548, 1.))
   REPRESENTATION_ITEM ('')
);
#1126 = EDGE_CURVE ('', #1117, #1119, #1125, .T.);
#1127 = ORIENTED_EDGE ('', *, *, #1126, .F.);
#1128 = CARTESIAN_POINT ('', (-54.5, 62., 3.5));
#1129 = VERTEX_POINT ('', #1128);
#1130 = CARTESIAN_POINT ('', (-54.5, 62., 3.5));
#1131 = CARTESIAN_POINT ('', (-66.5, 62., 3.5));
#1132 = B_SPLINE_CURVE_WITH_KNOTS ('', 1, (#1130, #1131), .UNSPECIFIED., .F., .U., (2, 2), (56., 68.), .UNSPECIFIED.);
#1133 = EDGE_CURVE ('', #1129, #1117, #1132, .T.);
#1134 = ORIENTED_EDGE ('', *, *, #1133, .F.);
#1135 = CARTESIAN_POINT ('', (-53.5, 62., 3.5));
#1136 = VERTEX_POINT ('', #1135);
#1137 = CARTESIAN_POINT ('', (-53.5, 62., 3.5));
#1138 = CARTESIAN_POINT ('', (-53.5, 61.5, 3.5));
#1139 = CARTESIAN_POINT ('', (-54., 61.5, 3.5));
#1140 = CARTESIAN_POINT ('', (-54.5, 61.5, 3.5));
#1141 = CARTESIAN_POINT ('', (-54.5, 62., 3.5));
#1142 = (
   BOUNDED_CURVE ()
   B_SPLINE_CURVE (2, (#1137, #1138, #1139, #1140, #1141), .UNSPECIFIED., .F., .U.)
   B_SPLINE_CURVE_WITH_KNOTS ((3, 2, 3), (55.5, 55.75, 56.), .UNSPECIFIED.)
   CURVE ()
   GEOMETRIC_REPRESENTATION_ITEM ()
   RATIONAL_B_SPLINE_CURVE ((1., 0.707106781186548, 1., 0.707106781186548, 1.))
   REPRESENTATION_ITEM ('')
);
#1143 = EDGE_CURVE ('', #1136, #1129, #1142, .T.);
#1144 = ORIENTED_EDGE ('', *, *, #1143, .F.);
#1145 = CARTESIAN_POINT ('', (-53.5, 76., 3.5));
#1146 = VERTEX_POINT ('', #1145);
#1147 = CARTESIAN_POINT ('', (-53.5, 76., 3.5));
#1148 = CARTESIAN_POINT ('', (-53.5, 62., 3.5));
#1149 = B_SPLINE_CURVE_WITH_KNOTS ('', 1, (#1147, #1148), .UNSPECIFIED., .F., .U., (2, 2), (41.5, 55.5), .UNSPECIFIED.);
#1150 = EDGE_CURVE ('', #1146, #1136, #1149, .T.);
#1151 = ORIENTED_EDGE ('', *, *, #1150, .F.);
#1152 = CARTESIAN_POINT ('', (-54.5, 76., 3.5));
#1153 = VERTEX_POINT ('', #1152);
#1154 = CARTESIAN_POINT ('', (-54.5, 76., 3.5));
#1155 = CARTESIAN_POINT ('', (-54.5, 76.5, 3.5));
#1156 = CARTESIAN_POINT ('', (-54., 76.5, 3.5));
#1157 = CARTESIAN_POINT ('', (-53.5, 76.5, 3.5));
#1158 = CARTESIAN_POINT ('', (-53.5, 76., 3.5));
#1159 = (
   BOUNDED_CURVE ()
   B_SPLINE_CURVE (2, (#1154, #1155, #1156, #1157, #1158), .UNSPECIFIED., .F., .U.)
   B_SPLINE_CURVE_WITH_KNOTS ((3, 2, 3), (41., 41.25, 41.5), .UNSPECIFIED.)
   CURVE ()
   GEOMETRIC_REPRESENTATION_ITEM ()
   RATIONAL_B_SPLINE_CURVE ((1., 0.707106781186548, 1., 0.707106781186548, 1.))
   REPRESENTATION_ITEM ('')
);
#1160 = EDGE_CURVE ('', #1153, #1146, #1159, .T.);
#1161 = ORIENTED_EDGE ('', *, *, #1160, .F.);
#1162 = CARTESIAN_POINT ('', (-66.5, 76., 3.5));
#1163 = VERTEX_POINT ('', #1162);
#1164 = CARTESIAN_POINT ('', (-66.5, 76., 3.5));
#1165 = CARTESIAN_POINT ('', (-54.5, 76., 3.5));
#1166 = B_SPLINE_CURVE_WITH_KNOTS ('', 1, (#1164, #1165), .UNSPECIFIED., .F., .U., (2, 2), (29., 41.), .UNSPECIFIED.);
#1167 = EDGE_CURVE ('', #1163, #1153, #1166, .T.);
#1168 = ORIENTED_EDGE ('', *, *, #1167, .F.);
#1169 = CARTESIAN_POINT ('', (-67.5, 76., 3.5));
#1170 = VERTEX_POINT ('', #1169);
#1171 = CARTESIAN_POINT ('', (-67.5, 76., 3.5));
#1172 = CARTESIAN_POINT ('', (-67.5, 76.5, 3.5));
#1173 = CARTESIAN_POINT ('', (-67., 76.5, 3.5));
#1174 = CARTESIAN_POINT ('', (-66.5, 76.5, 3.5));
#1175 = CARTESIAN_POINT ('', (-66.5, 76., 3.5));
#1176 = (
   BOUNDED_CURVE ()
   B_SPLINE_CURVE (2, (#1171, #1172, #1173, #1174, #1175), .UNSPECIFIED., .F., .U.)
   B_SPLINE_CURVE_WITH_KNOTS ((3, 2, 3), (82.5, 82.75, 83.), .UNSPECIFIED.)
   CURVE ()
   GEOMETRIC_REPRESENTATION_ITEM ()
   RATIONAL_B_SPLINE_CURVE ((1., 0.707106781186548, 1., 0.707106781186548, 1.))
   REPRESENTATION_ITEM ('')
);
#1177 = EDGE_CURVE ('', #1170, #1163, #1176, .T.);
#1178 = ORIENTED_EDGE ('', *, *, #1177, .F.);
#1179 = CARTESIAN_POINT ('', (-67.5, 62., 3.5));
#1180 = CARTESIAN_POINT ('', (-67.5, 76., 3.5));
#1181 = B_SPLINE_CURVE_WITH_KNOTS ('', 1, (#1179, #1180), .UNSPECIFIED., .F., .U., (2, 2), (68.5, 82.5), .UNSPECIFIED.);
#1182 = EDGE_CURVE ('', #1119, #1170, #1181, .T.);
#1183 = ORIENTED_EDGE ('', *, *, #1182, .F.);
#1184 = EDGE_LOOP ('', (#1127, #1134, #1144, #1151, #1161, #1168, #1178, #1183));
#1185 = FACE_BOUND ('', #1184, .T.);
#1186 = CARTESIAN_POINT ('', (-76., 43., 3.5));
#1187 = VERTEX_POINT ('', #1186);
#1188 = CARTESIAN_POINT ('', (-77., 43., 3.5));
#1189 = VERTEX_POINT ('', #1188);
#1190 = CARTESIAN_POINT ('', (-76., 43., 3.5));
#1191 = CARTESIAN_POINT ('', (-76., 42.5, 3.5));
#1192 = CARTESIAN_POINT ('', (-76.5, 42.5, 3.5));
#1193 = CARTESIAN_POINT ('', (-77., 42.5, 3.5));
#1194 = CARTESIAN_POINT ('', (-77., 43., 3.5));
#1195 = (
   BOUNDED_CURVE ()
   B_SPLINE_CURVE (2, (#1190, #1191, #1192, #1193, #1194), .UNSPECIFIED., .F., .U.)
   B_SPLINE_CURVE_WITH_KNOTS ((3, 2, 3), (68., 68.25, 68.5), .UNSPECIFIED.)
   CURVE ()
   GEOMETRIC_REPRESENTATION_ITEM ()
   RATIONAL_B_SPLINE_CURVE ((1., 0.707106781186548, 1., 0.707106781186548, 1.))
   REPRESENTATION_ITEM ('')
);
#1196 = EDGE_CURVE ('', #1187, #1189, #1195, .T.);
#1197 = ORIENTED_EDGE ('', *, *, #1196, .F.);
#1198 = CARTESIAN_POINT ('', (-64., 43., 3.5));
#1199 = VERTEX_POINT ('', #1198);
#1200 = CARTESIAN_POINT ('', (-64., 43., 3.5));
#1201 = CARTESIAN_POINT ('', (-76., 43., 3.5));
#1202 = B_SPLINE_CURVE_WITH_KNOTS ('', 1, (#1200, #1201), .UNSPECIFIED., .F., .U., (2, 2), (56., 68.), .UNSPECIFIED.);
#1203 = EDGE_CURVE ('', #1199, #1187, #1202, .T.);
#1204 = ORIENTED_EDGE ('', *, *, #1203, .F.);
#1205 = CARTESIAN_POINT ('', (-63., 43., 3.5));
#1206 = VERTEX_POINT ('', #1205);
#1207 = CARTESIAN_POINT ('', (-63., 43., 3.5));
#1208 = CARTESIAN_POINT ('', (-63., 42.5, 3.5));
#1209 = CARTESIAN_POINT ('', (-63.5, 42.5, 3.5));
#1210 = CARTESIAN_POINT ('', (-64., 42.5, 3.5));
#1211 = CARTESIAN_POINT ('', (-64., 43., 3.5));
#1212 = (
   BOUNDED_CURVE ()
   B_SPLINE_CURVE (2, (#1207, #1208, #1209, #1210, #1211), .UNSPECIFIED., .F., .U.)
   B_SPLINE_CURVE_WITH_KNOTS ((3, 2, 3), (55.5, 55.75, 56.), .UNSPECIFIED.)
   CURVE ()
   GEOMETRIC_REPRESENTATION_ITEM ()
   RATIONAL_B_SPLINE_CURVE ((1., 0.707106781186548, 1., 0.707106781186548, 1.))
   REPRESENTATION_ITEM ('')
);
#1213 = EDGE_CURVE ('', #1206, #1199, #1212, .T.);
#1214 = ORIENTED_EDGE ('', *, *, #1213, .F.);
#1215 = CARTESIAN_POINT ('', (-63., 57., 3.5));
#1216 = VERTEX_POINT ('', #1215);
#1217 = CARTESIAN_POINT ('', (-63., 57., 3.5));
#1218 = CARTESIAN_POINT ('', (-63., 43., 3.5));
#1219 = B_SPLINE_CURVE_WITH_KNOTS ('', 1, (#1217, #1218), .UNSPECIFIED., .F., .U., (2, 2), (41.5, 55.5), .UNSPECIFIED.);
#1220 = EDGE_CURVE ('', #1216, #1206, #1219, .T.);
#1221 = ORIENTED_EDGE ('', *, *, #1220, .F.);
#1222 = CARTESIAN_POINT ('', (-64., 57., 3.5));
#1223 = VERTEX_POINT ('', #1222);
#1224 = CARTESIAN_POINT ('', (-64., 57., 3.5));
#1225 = CARTESIAN_POINT ('', (-64., 57.5, 3.5));
#1226 = CARTESIAN_POINT ('', (-63.5, 57.5, 3.5));
#1227 = CARTESIAN_POINT ('', (-63., 57.5, 3.5));
#1228 = CARTESIAN_POINT ('', (-63., 57., 3.5));
#1229 = (
   BOUNDED_CURVE ()
   B_SPLINE_CURVE (2, (#1224, #1225, #1226, #1227, #1228), .UNSPECIFIED., .F., .U.)
   B_SPLINE_CURVE_WITH_KNOTS ((3, 2, 3), (41., 41.25, 41.5), .UNSPECIFIED.)
   CURVE ()
   GEOMETRIC_REPRESENTATION_ITEM ()
   RATIONAL_B_SPLINE_CURVE ((1., 0.707106781186548, 1., 0.707106781186548, 1.))
   REPRESENTATION_ITEM ('')
);
#1230 = EDGE_CURVE ('', #1223, #1216, #1229, .T.);
#1231 = ORIENTED_EDGE ('', *, *, #1230, .F.);
#1232 = CARTESIAN_POINT ('', (-76., 57., 3.5));
#1233 = VERTEX_POINT ('', #1232);
#1234 = CARTESIAN_POINT ('', (-76., 57., 3.5));
#1235 = CARTESIAN_POINT ('', (-64., 57., 3.5));
#1236 = B_SPLINE_CURVE_WITH_KNOTS ('', 1, (#1234, #1235), .UNSPECIFIED., .F., .U., (2, 2), (29., 41.), .UNSPECIFIED.);
#1237 = EDGE_CURVE ('', #1233, #1223, #1236, .T.);
#1238 = ORIENTED_EDGE ('', *, *, #1237, .F.);
#1239 = CARTESIAN_POINT ('', (-77., 57., 3.5));
#1240 = VERTEX_POINT ('', #1239);
#1241 = CARTESIAN_POINT ('', (-77., 57., 3.5));
#1242 = CARTESIAN_POINT ('', (-77., 57.5, 3.5));
#1243 = CARTESIAN_POINT ('', (-76.5, 57.5, 3.5));
#1244 = CARTESIAN_POINT ('', (-76., 57.5, 3.5));
#1245 = CARTESIAN_POINT ('', (-76., 57., 3.5));
#1246 = (
   BOUNDED_CURVE ()
   B_SPLINE_CURVE (2, (#1241, #1242, #1243, #1244, #1245), .UNSPECIFIED., .F., .U.)
   B_SPLINE_CURVE_WITH_KNOTS ((3, 2, 3), (82.5, 82.75, 83.), .UNSPECIFIED.)
   CURVE ()
   GEOMETRIC_REPRESENTATION_ITEM ()
   RATIONAL_B_SPLINE_CURVE ((1., 0.707106781186548, 1., 0.707106781186548, 1.))
   REPRESENTATION_ITEM ('')
);
#1247 = EDGE_CURVE ('', #1240, #1233, #1246, .T.);
#1248 = ORIENTED_EDGE ('', *, *, #1247, .F.);
#1249 = CARTESIAN_POINT ('', (-77., 43., 3.5));
#1250 = CARTESIAN_POINT ('', (-77., 57., 3.5));
#1251 = B_SPLINE_CURVE_WITH_KNOTS ('', 1, (#1249, #1250), .UNSPECIFIED., .F., .U., (2, 2), (68.5, 82.5), .UNSPECIFIED.);
#1252 = EDGE_CURVE ('', #1189, #1240, #1251, .T.);
#1253 = ORIENTED_EDGE ('', *, *, #1252, .F.);
#1254 = EDGE_LOOP ('', (#1197, #1204, #1214, #1221, #1231, #1238, #1248, #1253));
#1255 = FACE_BOUND ('', #1254, .T.);
#1256 = CARTESIAN_POINT ('', (-85.5, 62., 3.5));
#1257 = VERTEX_POINT ('', #1256);
#1258 = CARTESIAN_POINT ('', (-86.5, 62., 3.5));
#1259 = VERTEX_POINT ('', #1258);
#1260 = CARTESIAN_POINT ('', (-85.5, 62., 3.5));
#1261 = CARTESIAN_POINT ('', (-85.5, 61.5, 3.5));
#1262 = CARTESIAN_POINT ('', (-86., 61.5, 3.5));
#1263 = CARTESIAN_POINT ('', (-86.5, 61.5, 3.5));
#1264 = CARTESIAN_POINT ('', (-86.5, 62., 3.5));
#1265 = (
   BOUNDED_CURVE ()
   B_SPLINE_CURVE (2, (#1260, #1261, #1262, #1263, #1264), .UNSPECIFIED., .F., .U.)
   B_SPLINE_CURVE_WITH_KNOTS ((3, 2, 3), (68., 68.25, 68.5), .UNSPECIFIED.)
   CURVE ()
   GEOMETRIC_REPRESENTATION_ITEM ()
   RATIONAL_B_SPLINE_CURVE ((1., 0.707106781186548, 1., 0.707106781186548, 1.))
   REPRESENTATION_ITEM ('')
);
#1266 = EDGE_CURVE ('', #1257, #1259, #1265, .T.);
#1267 = ORIENTED_EDGE ('', *, *, #1266, .F.);
#1268 = CARTESIAN_POINT ('', (-73.5, 62., 3.5));
#1269 = VERTEX_POINT ('', #1268);
#1270 = CARTESIAN_POINT ('', (-73.5, 62., 3.5));
#1271 = CARTESIAN_POINT ('', (-85.5, 62., 3.5));
#1272 = B_SPLINE_CURVE_WITH_KNOTS ('', 1, (#1270, #1271), .UNSPECIFIED., .F., .U., (2, 2), (56., 68.), .UNSPECIFIED.);
#1273 = EDGE_CURVE ('', #1269, #1257, #1272, .T.);
#1274 = ORIENTED_EDGE ('', *, *, #1273, .F.);
#1275 = CARTESIAN_POINT ('', (-72.5, 62., 3.5));
#1276 = VERTEX_POINT ('', #1275);
#1277 = CARTESIAN_POINT ('', (-72.5, 62., 3.5));
#1278 = CARTESIAN_POINT ('', (-72.5, 61.5, 3.5));
#1279 = CARTESIAN_POINT ('', (-73., 61.5, 3.5));
#1280 = CARTESIAN_POINT ('', (-73.5, 61.5, 3.5));
#1281 = CARTESIAN_POINT ('', (-73.5, 62., 3.5));
#1282 = (
   BOUNDED_CURVE ()
   B_SPLINE_CURVE (2, (#1277, #1278, #1279, #1280, #1281), .UNSPECIFIED., .F., .U.)
   B_SPLINE_CURVE_WITH_KNOTS ((3, 2, 3), (55.5, 55.75, 56.), .UNSPECIFIED.)
   CURVE ()
   GEOMETRIC_REPRESENTATION_ITEM ()
   RATIONAL_B_SPLINE_CURVE ((1., 0.707106781186548, 1., 0.707106781186548, 1.))
   REPRESENTATION_ITEM ('')
);
#1283 = EDGE_CURVE ('', #1276, #1269, #1282, .T.);
#1284 = ORIENTED_EDGE ('', *, *, #1283, .F.);
#1285 = CARTESIAN_POINT ('', (-72.5, 76., 3.5));
#1286 = VERTEX_POINT ('', #1285);
#1287 = CARTESIAN_POINT ('', (-72.5, 76., 3.5));
#1288 = CARTESIAN_POINT ('', (-72.5, 62., 3.5));
#1289 = B_SPLINE_CURVE_WITH_KNOTS ('', 1, (#1287, #1288), .UNSPECIFIED., .F., .U., (2, 2), (41.5, 55.5), .UNSPECIFIED.);
#1290 = EDGE_CURVE ('', #1286, #1276, #1289, .T.);
#1291 = ORIENTED_EDGE ('', *, *, #1290, .F.);
#1292 = CARTESIAN_POINT ('', (-73.5, 76., 3.5));
#1293 = VERTEX_POINT ('', #1292);
#1294 = CARTESIAN_POINT ('', (-73.5, 76., 3.5));
#1295 = CARTESIAN_POINT ('', (-73.5, 76.5, 3.5));
#1296 = CARTESIAN_POINT ('', (-73., 76.5, 3.5));
#1297 = CARTESIAN_POINT ('', (-72.5, 76.5, 3.5));
#1298 = CARTESIAN_POINT ('', (-72.5, 76., 3.5));
#1299 = (
   BOUNDED_CURVE ()
   B_SPLINE_CURVE (2, (#1294, #1295, #1296, #1297, #1298), .UNSPECIFIED., .F., .U.)
   B_SPLINE_CURVE_WITH_KNOTS ((3, 2, 3), (41., 41.25, 41.5), .UNSPECIFIED.)
   CURVE ()
   GEOMETRIC_REPRESENTATION_ITEM ()
   RATIONAL_B_SPLINE_CURVE ((1., 0.707106781186548, 1., 0.707106781186548, 1.))
   REPRESENTATION_ITEM ('')
);
#1300 = EDGE_CURVE ('', #1293, #1286, #1299, .T.);
#1301 = ORIENTED_EDGE ('', *, *, #1300, .F.);
#1302 = CARTESIAN_POINT ('', (-85.5, 76., 3.5));
#1303 = VERTEX_POINT ('', #1302);
#1304 = CARTESIAN_POINT ('', (-85.5, 76., 3.5));
#1305 = CARTESIAN_POINT ('', (-73.5, 76., 3.5));
#1306 = B_SPLINE_CURVE_WITH_KNOTS ('', 1, (#1304, #1305), .UNSPECIFIED., .F., .U., (2, 2), (29., 41.), .UNSPECIFIED.);
#1307 = EDGE_CURVE ('', #1303, #1293, #1306, .T.);
#1308 = ORIENTED_EDGE ('', *, *, #1307, .F.);
#1309 = CARTESIAN_POINT ('', (-86.5, 76., 3.5));
#1310 = VERTEX_POINT ('', #1309);
#1311 = CARTESIAN_POINT ('', (-86.5, 76., 3.5));
#1312 = CARTESIAN_POINT ('', (-86.5, 76.5, 3.5));
#1313 = CARTESIAN_POINT ('', (-86., 76.5, 3.5));
#1314 = CARTESIAN_POINT ('', (-85.5, 76.5, 3.5));
#1315 = CARTESIAN_POINT ('', (-85.5, 76., 3.5));
#1316 = (
   BOUNDED_CURVE ()
   B_SPLINE_CURVE (2, (#1311, #1312, #1313, #1314, #1315), .UNSPECIFIED., .F., .U.)
   B_SPLINE_CURVE_WITH_KNOTS ((3, 2, 3), (82.5, 82.75, 83.), .UNSPECIFIED.)
   CURVE ()
   GEOMETRIC_REPRESENTATION_ITEM ()
   RATIONAL_B_SPLINE_CURVE ((1., 0.707106781186548, 1., 0.707106781186548, 1.))
   REPRESENTATION_ITEM ('')
);
#1317 = EDGE_CURVE ('', #1310, #1303, #1316, .T.);
#1318 = ORIENTED_EDGE ('', *, *, #1317, .F.);
#1319 = CARTESIAN_POINT ('', (-86.5, 62., 3.5));
#1320 = CARTESIAN_POINT ('', (-86.5, 76., 3.5));
#1321 = B_SPLINE_CURVE_WITH_KNOTS ('', 1, (#1319, #1320), .UNSPECIFIED., .F., .U., (2, 2), (68.5, 82.5), .UNSPECIFIED.);
#1322 = EDGE_CURVE ('', #1259, #1310, #1321, .T.);
#1323 = ORIENTED_EDGE ('', *, *, #1322, .F.);
#1324 = EDGE_LOOP ('', (#1267, #1274, #1284, #1291, #1301, #1308, #1318, #1323));
#1325 = FACE_BOUND ('', #1324, .T.);
#1326 = CARTESIAN_POINT ('', (-95., 43., 3.5));
#1327 = VERTEX_POINT ('', #1326);
#1328 = CARTESIAN_POINT ('', (-96., 43., 3.5));
#1329 = VERTEX_POINT ('', #1328);
#1330 = CARTESIAN_POINT ('', (-95., 43., 3.5));
#1331 = CARTESIAN_POINT ('', (-95., 42.5, 3.5));
#1332 = CARTESIAN_POINT ('', (-95.5, 42.5, 3.5));
#1333 = CARTESIAN_POINT ('', (-96., 42.5, 3.5));
#1334 = CARTESIAN_POINT ('', (-96., 43., 3.5));
#1335 = (
   BOUNDED_CURVE ()
   B_SPLINE_CURVE (2, (#1330, #1331, #1332, #1333, #1334), .UNSPECIFIED., .F., .U.)
   B_SPLINE_CURVE_WITH_KNOTS ((3, 2, 3), (68., 68.25, 68.5), .UNSPECIFIED.)
   CURVE ()
   GEOMETRIC_REPRESENTATION_ITEM ()
   RATIONAL_B_SPLINE_CURVE ((1., 0.707106781186548, 1., 0.707106781186548, 1.))
   REPRESENTATION_ITEM ('')
);
#1336 = EDGE_CURVE ('', #1327, #1329, #1335, .T.);
#1337 = ORIENTED_EDGE ('', *, *, #1336, .F.);
#1338 = CARTESIAN_POINT ('', (-83., 43., 3.5));
#1339 = VERTEX_POINT ('', #1338);
#1340 = CARTESIAN_POINT ('', (-83., 43., 3.5));
#1341 = CARTESIAN_POINT ('', (-95., 43., 3.5));
#1342 = B_SPLINE_CURVE_WITH_KNOTS ('', 1, (#1340, #1341), .UNSPECIFIED., .F., .U., (2, 2), (56., 68.), .UNSPECIFIED.);
#1343 = EDGE_CURVE ('', #1339, #1327, #1342, .T.);
#1344 = ORIENTED_EDGE ('', *, *, #1343, .F.);
#1345 = CARTESIAN_POINT ('', (-82., 43., 3.5));
#1346 = VERTEX_POINT ('', #1345);
#1347 = CARTESIAN_POINT ('', (-82., 43., 3.5));
#1348 = CARTESIAN_POINT ('', (-82., 42.5, 3.5));
#1349 = CARTESIAN_POINT ('', (-82.5, 42.5, 3.5));
#1350 = CARTESIAN_POINT ('', (-83., 42.5, 3.5));
#1351 = CARTESIAN_POINT ('', (-83., 43., 3.5));
#1352 = (
   BOUNDED_CURVE ()
   B_SPLINE_CURVE (2, (#1347, #1348, #1349, #1350, #1351), .UNSPECIFIED., .F., .U.)
   B_SPLINE_CURVE_WITH_KNOTS ((3, 2, 3), (55.5, 55.75, 56.), .UNSPECIFIED.)
   CURVE ()
   GEOMETRIC_REPRESENTATION_ITEM ()
   RATIONAL_B_SPLINE_CURVE ((1., 0.707106781186548, 1., 0.707106781186548, 1.))
   REPRESENTATION_ITEM ('')
);
#1353 = EDGE_CURVE ('', #1346, #1339, #1352, .T.);
#1354 = ORIENTED_EDGE ('', *, *, #1353, .F.);
#1355 = CARTESIAN_POINT ('', (-82., 57., 3.5));
#1356 = VERTEX_POINT ('', #1355);
#1357 = CARTESIAN_POINT ('', (-82., 57., 3.5));
#1358 = CARTESIAN_POINT ('', (-82., 43., 3.5));
#1359 = B_SPLINE_CURVE_WITH_KNOTS ('', 1, (#1357, #1358), .UNSPECIFIED., .F., .U., (2, 2), (41.5, 55.5), .UNSPECIFIED.);
#1360 = EDGE_CURVE ('', #1356, #1346, #1359, .T.);
#1361 = ORIENTED_EDGE ('', *, *, #1360, .F.);
#1362 = CARTESIAN_POINT ('', (-83., 57., 3.5));
#1363 = VERTEX_POINT ('', #1362);
#1364 = CARTESIAN_POINT ('', (-83., 57., 3.5));
#1365 = CARTESIAN_POINT ('', (-83., 57.5, 3.5));
#1366 = CARTESIAN_POINT ('', (-82.5, 57.5, 3.5));
#1367 = CARTESIAN_POINT ('', (-82., 57.5, 3.5));
#1368 = CARTESIAN_POINT ('', (-82., 57., 3.5));
#1369 = (
   BOUNDED_CURVE ()
   B_SPLINE_CURVE (2, (#1364, #1365, #1366, #1367, #1368), .UNSPECIFIED., .F., .U.)
   B_SPLINE_CURVE_WITH_KNOTS ((3, 2, 3), (41., 41.25, 41.5), .UNSPECIFIED.)
   CURVE ()
   GEOMETRIC_REPRESENTATION_ITEM ()
   RATIONAL_B_SPLINE_CURVE ((1., 0.707106781186548, 1., 0.707106781186548, 1.))
   REPRESENTATION_ITEM ('')
);
#1370 = EDGE_CURVE ('', #1363, #1356, #1369, .T.);
#1371 = ORIENTED_EDGE ('', *, *, #1370, .F.);
#1372 = CARTESIAN_POINT ('', (-95., 57., 3.5));
#1373 = VERTEX_POINT ('', #1372);
#1374 = CARTESIAN_POINT ('', (-95., 57., 3.5));
#1375 = CARTESIAN_POINT ('', (-83., 57., 3.5));
#1376 = B_SPLINE_CURVE_WITH_KNOTS ('', 1, (#1374, #1375), .UNSPECIFIED., .F., .U., (2, 2), (29., 41.), .UNSPECIFIED.);
#1377 = EDGE_CURVE ('', #1373, #1363, #1376, .T.);
#1378 = ORIENTED_EDGE ('', *, *, #1377, .F.);
#1379 = CARTESIAN_POINT ('', (-96., 57., 3.5));
#1380 = VERTEX_POINT ('', #1379);
#1381 = CARTESIAN_POINT ('', (-96., 57., 3.5));
#1382 = CARTESIAN_POINT ('', (-96., 57.5, 3.5));
#1383 = CARTESIAN_POINT ('', (-95.5, 57.5, 3.5));
#1384 = CARTESIAN_POINT ('', (-95., 57.5, 3.5));
#1385 = CARTESIAN_POINT ('', (-95., 57., 3.5));
#1386 = (
   BOUNDED_CURVE ()
   B_SPLINE_CURVE (2, (#1381, #1382, #1383, #1384, #1385), .UNSPECIFIED., .F., .U.)
   B_SPLINE_CURVE_WITH_KNOTS ((3, 2, 3), (82.5, 82.75, 83.), .UNSPECIFIED.)
   CURVE ()
   GEOMETRIC_REPRESENTATION_ITEM ()
   RATIONAL_B_SPLINE_CURVE ((1., 0.707106781186548, 1., 0.707106781186548, 1.))
   REPRESENTATION_ITEM ('')
);
#1387 = EDGE_CURVE ('', #1380, #1373, #1386, .T.);
#1388 = ORIENTED_EDGE ('', *, *, #1387, .F.);
#1389 = CARTESIAN_POINT ('', (-96., 43., 3.5));
#1390 = CARTESIAN_POINT ('', (-96., 57., 3.5));
#1391 = B_SPLINE_CURVE_WITH_KNOTS ('', 1, (#1389, #1390), .UNSPECIFIED., .F., .U., (2, 2), (68.5, 82.5), .UNSPECIFIED.);
#1392 = EDGE_CURVE ('', #1329, #1380, #1391, .T.);
#1393 = ORIENTED_EDGE ('', *, *, #1392, .F.);
#1394 = EDGE_LOOP ('', (#1337, #1344, #1354, #1361, #1371, #1378, #1388, #1393));
#1395 = FACE_BOUND ('', #1394, .T.);
#1396 = CARTESIAN_POINT ('', (-104.5, 62., 3.5));
#1397 = VERTEX_POINT ('', #1396);
#1398 = CARTESIAN_POINT ('', (-105.5, 62., 3.5));
#1399 = VERTEX_POINT ('', #1398);
#1400 = CARTESIAN_POINT ('', (-104.5, 62., 3.5));
#1401 = CARTESIAN_POINT ('', (-104.5, 61.5, 3.5));
#1402 = CARTESIAN_POINT ('', (-105., 61.5, 3.5));
#1403 = CARTESIAN_POINT ('', (-105.5, 61.5, 3.5));
#1404 = CARTESIAN_POINT ('', (-105.5, 62., 3.5));
#1405 = (
   BOUNDED_CURVE ()
   B_SPLINE_CURVE (2, (#1400, #1401, #1402, #1403, #1404), .UNSPECIFIED., .F., .U.)
   B_SPLINE_CURVE_WITH_KNOTS ((3, 2, 3), (68., 68.25, 68.5), .UNSPECIFIED.)
   CURVE ()
   GEOMETRIC_REPRESENTATION_ITEM ()
   RATIONAL_B_SPLINE_CURVE ((1., 0.707106781186548, 1., 0.707106781186548, 1.))
   REPRESENTATION_ITEM ('')
);
#1406 = EDGE_CURVE ('', #1397, #1399, #1405, .T.);
#1407 = ORIENTED_EDGE ('', *, *, #1406, .F.);
#1408 = CARTESIAN_POINT ('', (-92.5, 62., 3.5));
#1409 = VERTEX_POINT ('', #1408);
#1410 = CARTESIAN_POINT ('', (-92.5, 62., 3.5));
#1411 = CARTESIAN_POINT ('', (-104.5, 62., 3.5));
#1412 = B_SPLINE_CURVE_WITH_KNOTS ('', 1, (#1410, #1411), .UNSPECIFIED., .F., .U., (2, 2), (56., 68.), .UNSPECIFIED.);
#1413 = EDGE_CURVE ('', #1409, #1397, #1412, .T.);
#1414 = ORIENTED_EDGE ('', *, *, #1413, .F.);
#1415 = CARTESIAN_POINT ('', (-91.5, 62., 3.5));
#1416 = VERTEX_POINT ('', #1415);
#1417 = CARTESIAN_POINT ('', (-91.5, 62., 3.5));
#1418 = CARTESIAN_POINT ('', (-91.5, 61.5, 3.5));
#1419 = CARTESIAN_POINT ('', (-92., 61.5, 3.5));
#1420 = CARTESIAN_POINT ('', (-92.5, 61.5, 3.5));
#1421 = CARTESIAN_POINT ('', (-92.5, 62., 3.5));
#1422 = (
   BOUNDED_CURVE ()
   B_SPLINE_CURVE (2, (#1417, #1418, #1419, #1420, #1421), .UNSPECIFIED., .F., .U.)
   B_SPLINE_CURVE_WITH_KNOTS ((3, 2, 3), (55.5, 55.75, 56.), .UNSPECIFIED.)
   CURVE ()
   GEOMETRIC_REPRESENTATION_ITEM ()
   RATIONAL_B_SPLINE_CURVE ((1., 0.707106781186548, 1., 0.707106781186548, 1.))
   REPRESENTATION_ITEM ('')
);
#1423 = EDGE_CURVE ('', #1416, #1409, #1422, .T.);
#1424 = ORIENTED_EDGE ('', *, *, #1423, .F.);
#1425 = CARTESIAN_POINT ('', (-91.5, 76., 3.5));
#1426 = VERTEX_POINT ('', #1425);
#1427 = CARTESIAN_POINT ('', (-91.5, 76., 3.5));
#1428 = CARTESIAN_POINT ('', (-91.5, 62., 3.5));
#1429 = B_SPLINE_CURVE_WITH_KNOTS ('', 1, (#1427, #1428), .UNSPECIFIED., .F., .U., (2, 2), (41.5, 55.5), .UNSPECIFIED.);
#1430 = EDGE_CURVE ('', #1426, #1416, #1429, .T.);
#1431 = ORIENTED_EDGE ('', *, *, #1430, .F.);
#1432 = CARTESIAN_POINT ('', (-92.5, 76., 3.5));
#1433 = VERTEX_POINT ('', #1432);
#1434 = CARTESIAN_POINT ('', (-92.5, 76., 3.5));
#1435 = CARTESIAN_POINT ('', (-92.5, 76.5, 3.5));
#1436 = CARTESIAN_POINT ('', (-92., 76.5, 3.5));
#1437 = CARTESIAN_POINT ('', (-91.5, 76.5, 3.5));
#1438 = CARTESIAN_POINT ('', (-91.5, 76., 3.5));
#1439 = (
   BOUNDED_CURVE ()
   B_SPLINE_CURVE (2, (#1434, #1435, #1436, #1437, #1438), .UNSPECIFIED., .F., .U.)
   B_SPLINE_CURVE_WITH_KNOTS ((3, 2, 3), (41., 41.25, 41.5), .UNSPECIFIED.)
   CURVE ()
   GEOMETRIC_REPRESENTATION_ITEM ()
   RATIONAL_B_SPLINE_CURVE ((1., 0.707106781186548, 1., 0.707106781186548, 1.))
   REPRESENTATION_ITEM ('')
);
#1440 = EDGE_CURVE ('', #1433, #1426, #1439, .T.);
#1441 = ORIENTED_EDGE ('', *, *, #1440, .F.);
#1442 = CARTESIAN_POINT ('', (-104.5, 76., 3.5));
#1443 = VERTEX_POINT ('', #1442);
#1444 = CARTESIAN_POINT ('', (-104.5, 76., 3.5));
#1445 = CARTESIAN_POINT ('', (-92.5, 76., 3.5));
#1446 = B_SPLINE_CURVE_WITH_KNOTS ('', 1, (#1444, #1445), .UNSPECIFIED., .F., .U., (2, 2), (29., 41.), .UNSPECIFIED.);
#1447 = EDGE_CURVE ('', #1443, #1433, #1446, .T.);
#1448 = ORIENTED_EDGE ('', *, *, #1447, .F.);
#1449 = CARTESIAN_POINT ('', (-105.5, 76., 3.5));
#1450 = VERTEX_POINT ('', #1449);
#1451 = CARTESIAN_POINT ('', (-105.5, 76., 3.5));
#1452 = CARTESIAN_POINT ('', (-105.5, 76.5, 3.5));
#1453 = CARTESIAN_POINT ('', (-105., 76.5, 3.5));
#1454 = CARTESIAN_POINT ('', (-104.5, 76.5, 3.5));
#1455 = CARTESIAN_POINT ('', (-104.5, 76., 3.5));
#1456 = (
   BOUNDED_CURVE ()
   B_SPLINE_CURVE (2, (#1451, #1452, #1453, #1454, #1455), .UNSPECIFIED., .F., .U.)
   B_SPLINE_CURVE_WITH_KNOTS ((3, 2, 3), (82.5, 82.75, 83.), .UNSPECIFIED.)
   CURVE ()
   GEOMETRIC_REPRESENTATION_ITEM ()
   RATIONAL_B_SPLINE_CURVE ((1., 0.707106781186548, 1., 0.707106781186548, 1.))
   REPRESENTATION_ITEM ('')
);
#1457 = EDGE_CURVE ('', #1450, #1443, #1456, .T.);
#1458 = ORIENTED_EDGE ('', *, *, #1457, .F.);
#1459 = CARTESIAN_POINT ('', (-105.5, 62., 3.5));
#1460 = CARTESIAN_POINT ('', (-105.5, 76., 3.5));
#1461 = B_SPLINE_CURVE_WITH_KNOTS ('', 1, (#1459, #1460), .UNSPECIFIED., .F., .U., (2, 2), (68.5, 82.5), .UNSPECIFIED.);
#1462 = EDGE_CURVE ('', #1399, #1450, #1461, .T.);
#1463 = ORIENTED_EDGE ('', *, *, #1462, .F.);
#1464 = EDGE_LOOP ('', (#1407, #1414, #1424, #1431, #1441, #1448, #1458, #1463));
#1465 = FACE_BOUND ('', #1464, .T.);
#1466 = CARTESIAN_POINT ('', (-123.5, 62., 3.5));
#1467 = VERTEX_POINT ('', #1466);
#1468 = CARTESIAN_POINT ('', (-124.5, 62., 3.5));
#1469 = VERTEX_POINT ('', #1468);
#1470 = CARTESIAN_POINT ('', (-123.5, 62., 3.5));
#1471 = CARTESIAN_POINT ('', (-123.5, 61.5, 3.5));
#1472 = CARTESIAN_POINT ('', (-124., 61.5, 3.5));
#1473 = CARTESIAN_POINT ('', (-124.5, 61.5, 3.5));
#1474 = CARTESIAN_POINT ('', (-124.5, 62., 3.5));
#1475 = (
   BOUNDED_CURVE ()
   B_SPLINE_CURVE (2, (#1470, #1471, #1472, #1473, #1474), .UNSPECIFIED., .F., .U.)
   B_SPLINE_CURVE_WITH_KNOTS ((3, 2, 3), (68., 68.25, 68.5), .UNSPECIFIED.)
   CURVE ()
   GEOMETRIC_REPRESENTATION_ITEM ()
   RATIONAL_B_SPLINE_CURVE ((1., 0.707106781186548, 1., 0.707106781186548, 1.))
   REPRESENTATION_ITEM ('')
);
#1476 = EDGE_CURVE ('', #1467, #1469, #1475, .T.);
#1477 = ORIENTED_EDGE ('', *, *, #1476, .F.);
#1478 = CARTESIAN_POINT ('', (-111.5, 62., 3.5));
#1479 = VERTEX_POINT ('', #1478);
#1480 = CARTESIAN_POINT ('', (-111.5, 62., 3.5));
#1481 = CARTESIAN_POINT ('', (-123.5, 62., 3.5));
#1482 = B_SPLINE_CURVE_WITH_KNOTS ('', 1, (#1480, #1481), .UNSPECIFIED., .F., .U., (2, 2), (56., 68.), .UNSPECIFIED.);
#1483 = EDGE_CURVE ('', #1479, #1467, #1482, .T.);
#1484 = ORIENTED_EDGE ('', *, *, #1483, .F.);
#1485 = CARTESIAN_POINT ('', (-110.5, 62., 3.5));
#1486 = VERTEX_POINT ('', #1485);
#1487 = CARTESIAN_POINT ('', (-110.5, 62., 3.5));
#1488 = CARTESIAN_POINT ('', (-110.5, 61.5, 3.5));
#1489 = CARTESIAN_POINT ('', (-111., 61.5, 3.5));
#1490 = CARTESIAN_POINT ('', (-111.5, 61.5, 3.5));
#1491 = CARTESIAN_POINT ('', (-111.5, 62., 3.5));
#1492 = (
   BOUNDED_CURVE ()
   B_SPLINE_CURVE (2, (#1487, #1488, #1489, #1490, #1491), .UNSPECIFIED., .F., .U.)
   B_SPLINE_CURVE_WITH_KNOTS ((3, 2, 3), (55.5, 55.75, 56.), .UNSPECIFIED.)
   CURVE ()
   GEOMETRIC_REPRESENTATION_ITEM ()
   RATIONAL_B_SPLINE_CURVE ((1., 0.707106781186548, 1., 0.707106781186548, 1.))
   REPRESENTATION_ITEM ('')
);
#1493 = EDGE_CURVE ('', #1486, #1479, #1492, .T.);
#1494 = ORIENTED_EDGE ('', *, *, #1493, .F.);
#1495 = CARTESIAN_POINT ('', (-110.5, 76., 3.5));
#1496 = VERTEX_POINT ('', #1495);
#1497 = CARTESIAN_POINT ('', (-110.5, 76., 3.5));
#1498 = CARTESIAN_POINT ('', (-110.5, 62., 3.5));
#1499 = B_SPLINE_CURVE_WITH_KNOTS ('', 1, (#1497, #1498), .UNSPECIFIED., .F., .U., (2, 2), (41.5, 55.5), .UNSPECIFIED.);
#1500 = EDGE_CURVE ('', #1496, #1486, #1499, .T.);
#1501 = ORIENTED_EDGE ('', *, *, #1500, .F.);
#1502 = CARTESIAN_POINT ('', (-111.5, 76., 3.5));
#1503 = VERTEX_POINT ('', #1502);
#1504 = CARTESIAN_POINT ('', (-111.5, 76., 3.5));
#1505 = CARTESIAN_POINT ('', (-111.5, 76.5, 3.5));
#1506 = CARTESIAN_POINT ('', (-111., 76.5, 3.5));
#1507 = CARTESIAN_POINT ('', (-110.5, 76.5, 3.5));
#1508 = CARTESIAN_POINT ('', (-110.5, 76., 3.5));
#1509 = (
   BOUNDED_CURVE ()
   B_SPLINE_CURVE (2, (#1504, #1505, #1506, #1507, #1508), .UNSPECIFIED., .F., .U.)
   B_SPLINE_CURVE_WITH_KNOTS ((3, 2, 3), (41., 41.25, 41.5), .UNSPECIFIED.)
   CURVE ()
   GEOMETRIC_REPRESENTATION_ITEM ()
   RATIONAL_B_SPLINE_CURVE ((1., 0.707106781186548, 1., 0.707106781186548, 1.))
   REPRESENTATION_ITEM ('')
);
#1510 = EDGE_CURVE ('', #1503, #1496, #1509, .T.);
#1511 = ORIENTED_EDGE ('', *, *, #1510, .F.);
#1512 = CARTESIAN_POINT ('', (-123.5, 76., 3.5));
#1513 = VERTEX_POINT ('', #1512);
#1514 = CARTESIAN_POINT ('', (-123.5, 76., 3.5));
#1515 = CARTESIAN_POINT ('', (-111.5, 76., 3.5));
#1516 = B_SPLINE_CURVE_WITH_KNOTS ('', 1, (#1514, #1515), .UNSPECIFIED., .F., .U., (2, 2), (29., 41.), .UNSPECIFIED.);
#1517 = EDGE_CURVE ('', #1513, #1503, #1516, .T.);
#1518 = ORIENTED_EDGE ('', *, *, #1517, .F.);
#1519 = CARTESIAN_POINT ('', (-124.5, 76., 3.5));
#1520 = VERTEX_POINT ('', #1519);
#1521 = CARTESIAN_POINT ('', (-124.5, 76., 3.5));
#1522 = CARTESIAN_POINT ('', (-124.5, 76.5, 3.5));
#1523 = CARTESIAN_POINT ('', (-124., 76.5, 3.5));
#1524 = CARTESIAN_POINT ('', (-123.5, 76.5, 3.5));
#1525 = CARTESIAN_POINT ('', (-123.5, 76., 3.5));
#1526 = (
   BOUNDED_CURVE ()
   B_SPLINE_CURVE (2, (#1521, #1522, #1523, #1524, #1525), .UNSPECIFIED., .F., .U.)
   B_SPLINE_CURVE_WITH_KNOTS ((3, 2, 3), (82.5, 82.75, 83.), .UNSPECIFIED.)
   CURVE ()
   GEOMETRIC_REPRESENTATION_ITEM ()
   RATIONAL_B_SPLINE_CURVE ((1., 0.707106781186548, 1., 0.707106781186548, 1.))
   REPRESENTATION_ITEM ('')
);
#1527 = EDGE_CURVE ('', #1520, #1513, #1526, .T.);
#1528 = ORIENTED_EDGE ('', *, *, #1527, .F.);
#1529 = CARTESIAN_POINT ('', (-124.5, 62., 3.5));
#1530 = CARTESIAN_POINT ('', (-124.5, 76., 3.5));
#1531 = B_SPLINE_CURVE_WITH_KNOTS ('', 1, (#1529, #1530), .UNSPECIFIED., .F., .U., (2, 2), (68.5, 82.5), .UNSPECIFIED.);
#1532 = EDGE_CURVE ('', #1469, #1520, #1531, .T.);
#1533 = ORIENTED_EDGE ('', *, *, #1532, .F.);
#1534 = EDGE_LOOP ('', (#1477, #1484, #1494, #1501, #1511, #1518, #1528, #1533));
#1535 = FACE_BOUND ('', #1534, .T.);
#1536 = CARTESIAN_POINT ('', (-114., 43., 3.5));
#1537 = VERTEX_POINT ('', #1536);
#1538 = CARTESIAN_POINT ('', (-115., 43., 3.5));
#1539 = VERTEX_POINT ('', #1538);
#1540 = CARTESIAN_POINT ('', (-114., 43., 3.5));
#1541 = CARTESIAN_POINT ('', (-114., 42.5, 3.5));
#1542 = CARTESIAN_POINT ('', (-114.5, 42.5, 3.5));
#1543 = CARTESIAN_POINT ('', (-115., 42.5, 3.5));
#1544 = CARTESIAN_POINT ('', (-115., 43., 3.5));
#1545 = (
   BOUNDED_CURVE ()
   B_SPLINE_CURVE (2, (#1540, #1541, #1542, #1543, #1544), .UNSPECIFIED., .F., .U.)
   B_SPLINE_CURVE_WITH_KNOTS ((3, 2, 3), (68., 68.25, 68.5), .UNSPECIFIED.)
   CURVE ()
   GEOMETRIC_REPRESENTATION_ITEM ()
   RATIONAL_B_SPLINE_CURVE ((1., 0.707106781186548, 1., 0.707106781186548, 1.))
   REPRESENTATION_ITEM ('')
);
#1546 = EDGE_CURVE ('', #1537, #1539, #1545, .T.);
#1547 = ORIENTED_EDGE ('', *, *, #1546, .F.);
#1548 = CARTESIAN_POINT ('', (-102., 43., 3.5));
#1549 = VERTEX_POINT ('', #1548);
#1550 = CARTESIAN_POINT ('', (-102., 43., 3.5));
#1551 = CARTESIAN_POINT ('', (-114., 43., 3.5));
#1552 = B_SPLINE_CURVE_WITH_KNOTS ('', 1, (#1550, #1551), .UNSPECIFIED., .F., .U., (2, 2), (56., 68.), .UNSPECIFIED.);
#1553 = EDGE_CURVE ('', #1549, #1537, #1552, .T.);
#1554 = ORIENTED_EDGE ('', *, *, #1553, .F.);
#1555 = CARTESIAN_POINT ('', (-101., 43., 3.5));
#1556 = VERTEX_POINT ('', #1555);
#1557 = CARTESIAN_POINT ('', (-101., 43., 3.5));
#1558 = CARTESIAN_POINT ('', (-101., 42.5, 3.5));
#1559 = CARTESIAN_POINT ('', (-101.5, 42.5, 3.5));
#1560 = CARTESIAN_POINT ('', (-102., 42.5, 3.5));
#1561 = CARTESIAN_POINT ('', (-102., 43., 3.5));
#1562 = (
   BOUNDED_CURVE ()
   B_SPLINE_CURVE (2, (#1557, #1558, #1559, #1560, #1561), .UNSPECIFIED., .F., .U.)
   B_SPLINE_CURVE_WITH_KNOTS ((3, 2, 3), (55.5, 55.75, 56.), .UNSPECIFIED.)
   CURVE ()
   GEOMETRIC_REPRESENTATION_ITEM ()
   RATIONAL_B_SPLINE_CURVE ((1., 0.707106781186548, 1., 0.707106781186548, 1.))
   REPRESENTATION_ITEM ('')
);
#1563 = EDGE_CURVE ('', #1556, #1549, #1562, .T.);
#1564 = ORIENTED_EDGE ('', *, *, #1563, .F.);
#1565 = CARTESIAN_POINT ('', (-101., 57., 3.5));
#1566 = VERTEX_POINT ('', #1565);
#1567 = CARTESIAN_POINT ('', (-101., 57., 3.5));
#1568 = CARTESIAN_POINT ('', (-101., 43., 3.5));
#1569 = B_SPLINE_CURVE_WITH_KNOTS ('', 1, (#1567, #1568), .UNSPECIFIED., .F., .U., (2, 2), (41.5, 55.5), .UNSPECIFIED.);
#1570 = EDGE_CURVE ('', #1566, #1556, #1569, .T.);
#1571 = ORIENTED_EDGE ('', *, *, #1570, .F.);
#1572 = CARTESIAN_POINT ('', (-102., 57., 3.5));
#1573 = VERTEX_POINT ('', #1572);
#1574 = CARTESIAN_POINT ('', (-102., 57., 3.5));
#1575 = CARTESIAN_POINT ('', (-102., 57.5, 3.5));
#1576 = CARTESIAN_POINT ('', (-101.5, 57.5, 3.5));
#1577 = CARTESIAN_POINT ('', (-101., 57.5, 3.5));
#1578 = CARTESIAN_POINT ('', (-101., 57., 3.5));
#1579 = (
   BOUNDED_CURVE ()
   B_SPLINE_CURVE (2, (#1574, #1575, #1576, #1577, #1578), .UNSPECIFIED., .F., .U.)
   B_SPLINE_CURVE_WITH_KNOTS ((3, 2, 3), (41., 41.25, 41.5), .UNSPECIFIED.)
   CURVE ()
   GEOMETRIC_REPRESENTATION_ITEM ()
   RATIONAL_B_SPLINE_CURVE ((1., 0.707106781186548, 1., 0.707106781186548, 1.))
   REPRESENTATION_ITEM ('')
);
#1580 = EDGE_CURVE ('', #1573, #1566, #1579, .T.);
#1581 = ORIENTED_EDGE ('', *, *, #1580, .F.);
#1582 = CARTESIAN_POINT ('', (-114., 57., 3.5));
#1583 = VERTEX_POINT ('', #1582);
#1584 = CARTESIAN_POINT ('', (-114., 57., 3.5));
#1585 = CARTESIAN_POINT ('', (-102., 57., 3.5));
#1586 = B_SPLINE_CURVE_WITH_KNOTS ('', 1, (#1584, #1585), .UNSPECIFIED., .F., .U., (2, 2), (29., 41.), .UNSPECIFIED.);
#1587 = EDGE_CURVE ('', #1583, #1573, #1586, .T.);
#1588 = ORIENTED_EDGE ('', *, *, #1587, .F.);
#1589 = CARTESIAN_POINT ('', (-115., 57., 3.5));
#1590 = VERTEX_POINT ('', #1589);
#1591 = CARTESIAN_POINT ('', (-115., 57., 3.5));
#1592 = CARTESIAN_POINT ('', (-115., 57.5, 3.5));
#1593 = CARTESIAN_POINT ('', (-114.5, 57.5, 3.5));
#1594 = CARTESIAN_POINT ('', (-114., 57.5, 3.5));
#1595 = CARTESIAN_POINT ('', (-114., 57., 3.5));
#1596 = (
   BOUNDED_CURVE ()
   B_SPLINE_CURVE (2, (#1591, #1592, #1593, #1594, #1595), .UNSPECIFIED., .F., .U.)
   B_SPLINE_CURVE_WITH_KNOTS ((3, 2, 3), (82.5, 82.75, 83.), .UNSPECIFIED.)
   CURVE ()
   GEOMETRIC_REPRESENTATION_ITEM ()
   RATIONAL_B_SPLINE_CURVE ((1., 0.707106781186548, 1., 0.707106781186548, 1.))
   REPRESENTATION_ITEM ('')
);
#1597 = EDGE_CURVE ('', #1590, #1583, #1596, .T.);
#1598 = ORIENTED_EDGE ('', *, *, #1597, .F.);
#1599 = CARTESIAN_POINT ('', (-115., 43., 3.5));
#1600 = CARTESIAN_POINT ('', (-115., 57., 3.5));
#1601 = B_SPLINE_CURVE_WITH_KNOTS ('', 1, (#1599, #1600), .UNSPECIFIED., .F., .U., (2, 2), (68.5, 82.5), .UNSPECIFIED.);
#1602 = EDGE_CURVE ('', #1539, #1590, #1601, .T.);
#1603 = ORIENTED_EDGE ('', *, *, #1602, .F.);
#1604 = EDGE_LOOP ('', (#1547, #1554, #1564, #1571, #1581, #1588, #1598, #1603));
#1605 = FACE_BOUND ('', #1604, .T.);
#1606 = CARTESIAN_POINT ('', (-123.5, 24., 3.5));
#1607 = VERTEX_POINT ('', #1606);
#1608 = CARTESIAN_POINT ('', (-124.5, 24., 3.5));
#1609 = VERTEX_POINT ('', #1608);
#1610 = CARTESIAN_POINT ('', (-123.5, 24., 3.5));
#1611 = CARTESIAN_POINT ('', (-123.5, 23.5, 3.5));
#1612 = CARTESIAN_POINT ('', (-124., 23.5, 3.5));
#1613 = CARTESIAN_POINT ('', (-124.5, 23.5, 3.5));
#1614 = CARTESIAN_POINT ('', (-124.5, 24., 3.5));
#1615 = (
   BOUNDED_CURVE ()
   B_SPLINE_CURVE (2, (#1610, #1611, #1612, #1613, #1614), .UNSPECIFIED., .F., .U.)
   B_SPLINE_CURVE_WITH_KNOTS ((3, 2, 3), (68., 68.25, 68.5), .UNSPECIFIED.)
   CURVE ()
   GEOMETRIC_REPRESENTATION_ITEM ()
   RATIONAL_B_SPLINE_CURVE ((1., 0.707106781186548, 1., 0.707106781186548, 1.))
   REPRESENTATION_ITEM ('')
);
#1616 = EDGE_CURVE ('', #1607, #1609, #1615, .T.);
#1617 = ORIENTED_EDGE ('', *, *, #1616, .F.);
#1618 = CARTESIAN_POINT ('', (-111.5, 24., 3.5));
#1619 = VERTEX_POINT ('', #1618);
#1620 = CARTESIAN_POINT ('', (-111.5, 24., 3.5));
#1621 = CARTESIAN_POINT ('', (-123.5, 24., 3.5));
#1622 = B_SPLINE_CURVE_WITH_KNOTS ('', 1, (#1620, #1621), .UNSPECIFIED., .F., .U., (2, 2), (56., 68.), .UNSPECIFIED.);
#1623 = EDGE_CURVE ('', #1619, #1607, #1622, .T.);
#1624 = ORIENTED_EDGE ('', *, *, #1623, .F.);
#1625 = CARTESIAN_POINT ('', (-110.5, 24., 3.5));
#1626 = VERTEX_POINT ('', #1625);
#1627 = CARTESIAN_POINT ('', (-110.5, 24., 3.5));
#1628 = CARTESIAN_POINT ('', (-110.5, 23.5, 3.5));
#1629 = CARTESIAN_POINT ('', (-111., 23.5, 3.5));
#1630 = CARTESIAN_POINT ('', (-111.5, 23.5, 3.5));
#1631 = CARTESIAN_POINT ('', (-111.5, 24., 3.5));
#1632 = (
   BOUNDED_CURVE ()
   B_SPLINE_CURVE (2, (#1627, #1628, #1629, #1630, #1631), .UNSPECIFIED., .F., .U.)
   B_SPLINE_CURVE_WITH_KNOTS ((3, 2, 3), (55.5, 55.75, 56.), .UNSPECIFIED.)
   CURVE ()
   GEOMETRIC_REPRESENTATION_ITEM ()
   RATIONAL_B_SPLINE_CURVE ((1., 0.707106781186548, 1., 0.707106781186548, 1.))
   REPRESENTATION_ITEM ('')
);
#1633 = EDGE_CURVE ('', #1626, #1619, #1632, .T.);
#1634 = ORIENTED_EDGE ('', *, *, #1633, .F.);
#1635 = CARTESIAN_POINT ('', (-110.5, 38., 3.5));
#1636 = VERTEX_POINT ('', #1635);
#1637 = CARTESIAN_POINT ('', (-110.5, 38., 3.5));
#1638 = CARTESIAN_POINT ('', (-110.5, 24., 3.5));
#1639 = B_SPLINE_CURVE_WITH_KNOTS ('', 1, (#1637, #1638), .UNSPECIFIED., .F., .U., (2, 2), (41.5, 55.5), .UNSPECIFIED.);
#1640 = EDGE_CURVE ('', #1636, #1626, #1639, .T.);
#1641 = ORIENTED_EDGE ('', *, *, #1640, .F.);
#1642 = CARTESIAN_POINT ('', (-111.5, 38., 3.5));
#1643 = VERTEX_POINT ('', #1642);
#1644 = CARTESIAN_POINT ('', (-111.5, 38., 3.5));
#1645 = CARTESIAN_POINT ('', (-111.5, 38.5, 3.5));
#1646 = CARTESIAN_POINT ('', (-111., 38.5, 3.5));
#1647 = CARTESIAN_POINT ('', (-110.5, 38.5, 3.5));
#1648 = CARTESIAN_POINT ('', (-110.5, 38., 3.5));
#1649 = (
   BOUNDED_CURVE ()
   B_SPLINE_CURVE (2, (#1644, #1645, #1646, #1647, #1648), .UNSPECIFIED., .F., .U.)
   B_SPLINE_CURVE_WITH_KNOTS ((3, 2, 3), (41., 41.25, 41.5), .UNSPECIFIED.)
   CURVE ()
   GEOMETRIC_REPRESENTATION_ITEM ()
   RATIONAL_B_SPLINE_CURVE ((1., 0.707106781186548, 1., 0.707106781186548, 1.))
   REPRESENTATION_ITEM ('')
);
#1650 = EDGE_CURVE ('', #1643, #1636, #1649, .T.);
#1651 = ORIENTED_EDGE ('', *, *, #1650, .F.);
#1652 = CARTESIAN_POINT ('', (-123.5, 38., 3.5));
#1653 = VERTEX_POINT ('', #1652);
#1654 = CARTESIAN_POINT ('', (-123.5, 38., 3.5));
#1655 = CARTESIAN_POINT ('', (-111.5, 38., 3.5));
#1656 = B_SPLINE_CURVE_WITH_KNOTS ('', 1, (#1654, #1655), .UNSPECIFIED., .F., .U., (2, 2), (29., 41.), .UNSPECIFIED.);
#1657 = EDGE_CURVE ('', #1653, #1643, #1656, .T.);
#1658 = ORIENTED_EDGE ('', *, *, #1657, .F.);
#1659 = CARTESIAN_POINT ('', (-124.5, 38., 3.5));
#1660 = VERTEX_POINT ('', #1659);
#1661 = CARTESIAN_POINT ('', (-124.5, 38., 3.5));
#1662 = CARTESIAN_POINT ('', (-124.5, 38.5, 3.5));
#1663 = CARTESIAN_POINT ('', (-124., 38.5, 3.5));
#1664 = CARTESIAN_POINT ('', (-123.5, 38.5, 3.5));
#1665 = CARTESIAN_POINT ('', (-123.5, 38., 3.5));
#1666 = (
   BOUNDED_CURVE ()
   B_SPLINE_CURVE (2, (#1661, #1662, #1663, #1664, #1665), .UNSPECIFIED., .F., .U.)
   B_SPLINE_CURVE_WITH_KNOTS ((3, 2, 3), (82.5, 82.75, 83.), .UNSPECIFIED.)
   CURVE ()
   GEOMETRIC_REPRESENTATION_ITEM ()
   RATIONAL_B_SPLINE_CURVE ((1., 0.707106781186548, 1., 0.707106781186548, 1.))
   REPRESENTATION_ITEM ('')
);
#1667 = EDGE_CURVE ('', #1660, #1653, #1666, .T.);
#1668 = ORIENTED_EDGE ('', *, *, #1667, .F.);
#1669 = CARTESIAN_POINT ('', (-124.5, 24., 3.5));
#1670 = CARTESIAN_POINT ('', (-124.5, 38., 3.5));
#1671 = B_SPLINE_CURVE_WITH_KNOTS ('', 1, (#1669, #1670), .UNSPECIFIED., .F., .U., (2, 2), (68.5, 82.5), .UNSPECIFIED.);
#1672 = EDGE_CURVE ('', #1609, #1660, #1671, .T.);
#1673 = ORIENTED_EDGE ('', *, *, #1672, .F.);
#1674 = EDGE_LOOP ('', (#1617, #1624, #1634, #1641, #1651, #1658, #1668, #1673));
#1675 = FACE_BOUND ('', #1674, .T.);
#1676 = CARTESIAN_POINT ('', (-104.5, 24., 3.5));
#1677 = VERTEX_POINT ('', #1676);
#1678 = CARTESIAN_POINT ('', (-105.5, 24., 3.5));
#1679 = VERTEX_POINT ('', #1678);
#1680 = CARTESIAN_POINT ('', (-104.5, 24., 3.5));
#1681 = CARTESIAN_POINT ('', (-104.5, 23.5, 3.5));
#1682 = CARTESIAN_POINT ('', (-105., 23.5, 3.5));
#1683 = CARTESIAN_POINT ('', (-105.5, 23.5, 3.5));
#1684 = CARTESIAN_POINT ('', (-105.5, 24., 3.5));
#1685 = (
   BOUNDED_CURVE ()
   B_SPLINE_CURVE (2, (#1680, #1681, #1682, #1683, #1684), .UNSPECIFIED., .F., .U.)
   B_SPLINE_CURVE_WITH_KNOTS ((3, 2, 3), (68., 68.25, 68.5), .UNSPECIFIED.)
   CURVE ()
   GEOMETRIC_REPRESENTATION_ITEM ()
   RATIONAL_B_SPLINE_CURVE ((1., 0.707106781186548, 1., 0.707106781186548, 1.))
   REPRESENTATION_ITEM ('')
);
#1686 = EDGE_CURVE ('', #1677, #1679, #1685, .T.);
#1687 = ORIENTED_EDGE ('', *, *, #1686, .F.);
#1688 = CARTESIAN_POINT ('', (-92.5, 24., 3.5));
#1689 = VERTEX_POINT ('', #1688);
#1690 = CARTESIAN_POINT ('', (-92.5, 24., 3.5));
#1691 = CARTESIAN_POINT ('', (-104.5, 24., 3.5));
#1692 = B_SPLINE_CURVE_WITH_KNOTS ('', 1, (#1690, #1691), .UNSPECIFIED., .F., .U., (2, 2), (56., 68.), .UNSPECIFIED.);
#1693 = EDGE_CURVE ('', #1689, #1677, #1692, .T.);
#1694 = ORIENTED_EDGE ('', *, *, #1693, .F.);
#1695 = CARTESIAN_POINT ('', (-91.5, 24., 3.5));
#1696 = VERTEX_POINT ('', #1695);
#1697 = CARTESIAN_POINT ('', (-91.5, 24., 3.5));
#1698 = CARTESIAN_POINT ('', (-91.5, 23.5, 3.5));
#1699 = CARTESIAN_POINT ('', (-92., 23.5, 3.5));
#1700 = CARTESIAN_POINT ('', (-92.5, 23.5, 3.5));
#1701 = CARTESIAN_POINT ('', (-92.5, 24., 3.5));
#1702 = (
   BOUNDED_CURVE ()
   B_SPLINE_CURVE (2, (#1697, #1698, #1699, #1700, #1701), .UNSPECIFIED., .F., .U.)
   B_SPLINE_CURVE_WITH_KNOTS ((3, 2, 3), (55.5, 55.75, 56.), .UNSPECIFIED.)
   CURVE ()
   GEOMETRIC_REPRESENTATION_ITEM ()
   RATIONAL_B_SPLINE_CURVE ((1., 0.707106781186548, 1., 0.707106781186548, 1.))
   REPRESENTATION_ITEM ('')
);
#1703 = EDGE_CURVE ('', #1696, #1689, #1702, .T.);
#1704 = ORIENTED_EDGE ('', *, *, #1703, .F.);
#1705 = CARTESIAN_POINT ('', (-91.5, 38., 3.5));
#1706 = VERTEX_POINT ('', #1705);
#1707 = CARTESIAN_POINT ('', (-91.5, 38., 3.5));
#1708 = CARTESIAN_POINT ('', (-91.5, 24., 3.5));
#1709 = B_SPLINE_CURVE_WITH_KNOTS ('', 1, (#1707, #1708), .UNSPECIFIED., .F., .U., (2, 2), (41.5, 55.5), .UNSPECIFIED.);
#1710 = EDGE_CURVE ('', #1706, #1696, #1709, .T.);
#1711 = ORIENTED_EDGE ('', *, *, #1710, .F.);
#1712 = CARTESIAN_POINT ('', (-92.5, 38., 3.5));
#1713 = VERTEX_POINT ('', #1712);
#1714 = CARTESIAN_POINT ('', (-92.5, 38., 3.5));
#1715 = CARTESIAN_POINT ('', (-92.5, 38.5, 3.5));
#1716 = CARTESIAN_POINT ('', (-92., 38.5, 3.5));
#1717 = CARTESIAN_POINT ('', (-91.5, 38.5, 3.5));
#1718 = CARTESIAN_POINT ('', (-91.5, 38., 3.5));
#1719 = (
   BOUNDED_CURVE ()
   B_SPLINE_CURVE (2, (#1714, #1715, #1716, #1717, #1718), .UNSPECIFIED., .F., .U.)
   B_SPLINE_CURVE_WITH_KNOTS ((3, 2, 3), (41., 41.25, 41.5), .UNSPECIFIED.)
   CURVE ()
   GEOMETRIC_REPRESENTATION_ITEM ()
   RATIONAL_B_SPLINE_CURVE ((1., 0.707106781186548, 1., 0.707106781186548, 1.))
   REPRESENTATION_ITEM ('')
);
#1720 = EDGE_CURVE ('', #1713, #1706, #1719, .T.);
#1721 = ORIENTED_EDGE ('', *, *, #1720, .F.);
#1722 = CARTESIAN_POINT ('', (-104.5, 38., 3.5));
#1723 = VERTEX_POINT ('', #1722);
#1724 = CARTESIAN_POINT ('', (-104.5, 38., 3.5));
#1725 = CARTESIAN_POINT ('', (-92.5, 38., 3.5));
#1726 = B_SPLINE_CURVE_WITH_KNOTS ('', 1, (#1724, #1725), .UNSPECIFIED., .F., .U., (2, 2), (29., 41.), .UNSPECIFIED.);
#1727 = EDGE_CURVE ('', #1723, #1713, #1726, .T.);
#1728 = ORIENTED_EDGE ('', *, *, #1727, .F.);
#1729 = CARTESIAN_POINT ('', (-105.5, 38., 3.5));
#1730 = VERTEX_POINT ('', #1729);
#1731 = CARTESIAN_POINT ('', (-105.5, 38., 3.5));
#1732 = CARTESIAN_POINT ('', (-105.5, 38.5, 3.5));
#1733 = CARTESIAN_POINT ('', (-105., 38.5, 3.5));
#1734 = CARTESIAN_POINT ('', (-104.5, 38.5, 3.5));
#1735 = CARTESIAN_POINT ('', (-104.5, 38., 3.5));
#1736 = (
   BOUNDED_CURVE ()
   B_SPLINE_CURVE (2, (#1731, #1732, #1733, #1734, #1735), .UNSPECIFIED., .F., .U.)
   B_SPLINE_CURVE_WITH_KNOTS ((3, 2, 3), (82.5, 82.75, 83.), .UNSPECIFIED.)
   CURVE ()
   GEOMETRIC_REPRESENTATION_ITEM ()
   RATIONAL_B_SPLINE_CURVE ((1., 0.707106781186548, 1., 0.707106781186548, 1.))
   REPRESENTATION_ITEM ('')
);
#1737 = EDGE_CURVE ('', #1730, #1723, #1736, .T.);
#1738 = ORIENTED_EDGE ('', *, *, #1737, .F.);
#1739 = CARTESIAN_POINT ('', (-105.5, 24., 3.5));
#1740 = CARTESIAN_POINT ('', (-105.5, 38., 3.5));
#1741 = B_SPLINE_CURVE_WITH_KNOTS ('', 1, (#1739, #1740), .UNSPECIFIED., .F., .U., (2, 2), (68.5, 82.5), .UNSPECIFIED.);
#1742 = EDGE_CURVE ('', #1679, #1730, #1741, .T.);
#1743 = ORIENTED_EDGE ('', *, *, #1742, .F.);
#1744 = EDGE_LOOP ('', (#1687, #1694, #1704, #1711, #1721, #1728, #1738, #1743));
#1745 = FACE_BOUND ('', #1744, .T.);
#1746 = CARTESIAN_POINT ('', (-85.5, 24., 3.5));
#1747 = VERTEX_POINT ('', #1746);
#1748 = CARTESIAN_POINT ('', (-86.5, 24., 3.5));
#1749 = VERTEX_POINT ('', #1748);
#1750 = CARTESIAN_POINT ('', (-85.5, 24., 3.5));
#1751 = CARTESIAN_POINT ('', (-85.5, 23.5, 3.5));
#1752 = CARTESIAN_POINT ('', (-86., 23.5, 3.5));
#1753 = CARTESIAN_POINT ('', (-86.5, 23.5, 3.5));
#1754 = CARTESIAN_POINT ('', (-86.5, 24., 3.5));
#1755 = (
   BOUNDED_CURVE ()
   B_SPLINE_CURVE (2, (#1750, #1751, #1752, #1753, #1754), .UNSPECIFIED., .F., .U.)
   B_SPLINE_CURVE_WITH_KNOTS ((3, 2, 3), (68., 68.25, 68.5), .UNSPECIFIED.)
   CURVE ()
   GEOMETRIC_REPRESENTATION_ITEM ()
   RATIONAL_B_SPLINE_CURVE ((1., 0.707106781186548, 1., 0.707106781186548, 1.))
   REPRESENTATION_ITEM ('')
);
#1756 = EDGE_CURVE ('', #1747, #1749, #1755, .T.);
#1757 = ORIENTED_EDGE ('', *, *, #1756, .F.);
#1758 = CARTESIAN_POINT ('', (-73.5, 24., 3.5));
#1759 = VERTEX_POINT ('', #1758);
#1760 = CARTESIAN_POINT ('', (-73.5, 24., 3.5));
#1761 = CARTESIAN_POINT ('', (-85.5, 24., 3.5));
#1762 = B_SPLINE_CURVE_WITH_KNOTS ('', 1, (#1760, #1761), .UNSPECIFIED., .F., .U., (2, 2), (56., 68.), .UNSPECIFIED.);
#1763 = EDGE_CURVE ('', #1759, #1747, #1762, .T.);
#1764 = ORIENTED_EDGE ('', *, *, #1763, .F.);
#1765 = CARTESIAN_POINT ('', (-72.5, 24., 3.5));
#1766 = VERTEX_POINT ('', #1765);
#1767 = CARTESIAN_POINT ('', (-72.5, 24., 3.5));
#1768 = CARTESIAN_POINT ('', (-72.5, 23.5, 3.5));
#1769 = CARTESIAN_POINT ('', (-73., 23.5, 3.5));
#1770 = CARTESIAN_POINT ('', (-73.5, 23.5, 3.5));
#1771 = CARTESIAN_POINT ('', (-73.5, 24., 3.5));
#1772 = (
   BOUNDED_CURVE ()
   B_SPLINE_CURVE (2, (#1767, #1768, #1769, #1770, #1771), .UNSPECIFIED., .F., .U.)
   B_SPLINE_CURVE_WITH_KNOTS ((3, 2, 3), (55.5, 55.75, 56.), .UNSPECIFIED.)
   CURVE ()
   GEOMETRIC_REPRESENTATION_ITEM ()
   RATIONAL_B_SPLINE_CURVE ((1., 0.707106781186548, 1., 0.707106781186548, 1.))
   REPRESENTATION_ITEM ('')
);
#1773 = EDGE_CURVE ('', #1766, #1759, #1772, .T.);
#1774 = ORIENTED_EDGE ('', *, *, #1773, .F.);
#1775 = CARTESIAN_POINT ('', (-72.5, 38., 3.5));
#1776 = VERTEX_POINT ('', #1775);
#1777 = CARTESIAN_POINT ('', (-72.5, 38., 3.5));
#1778 = CARTESIAN_POINT ('', (-72.5, 24., 3.5));
#1779 = B_SPLINE_CURVE_WITH_KNOTS ('', 1, (#1777, #1778), .UNSPECIFIED., .F., .U., (2, 2), (41.5, 55.5), .UNSPECIFIED.);
#1780 = EDGE_CURVE ('', #1776, #1766, #1779, .T.);
#1781 = ORIENTED_EDGE ('', *, *, #1780, .F.);
#1782 = CARTESIAN_POINT ('', (-73.5, 38., 3.5));
#1783 = VERTEX_POINT ('', #1782);
#1784 = CARTESIAN_POINT ('', (-73.5, 38., 3.5));
#1785 = CARTESIAN_POINT ('', (-73.5, 38.5, 3.5));
#1786 = CARTESIAN_POINT ('', (-73., 38.5, 3.5));
#1787 = CARTESIAN_POINT ('', (-72.5, 38.5, 3.5));
#1788 = CARTESIAN_POINT ('', (-72.5, 38., 3.5));
#1789 = (
   BOUNDED_CURVE ()
   B_SPLINE_CURVE (2, (#1784, #1785, #1786, #1787, #1788), .UNSPECIFIED., .F., .U.)
   B_SPLINE_CURVE_WITH_KNOTS ((3, 2, 3), (41., 41.25, 41.5), .UNSPECIFIED.)
   CURVE ()
   GEOMETRIC_REPRESENTATION_ITEM ()
   RATIONAL_B_SPLINE_CURVE ((1., 0.707106781186548, 1., 0.707106781186548, 1.))
   REPRESENTATION_ITEM ('')
);
#1790 = EDGE_CURVE ('', #1783, #1776, #1789, .T.);
#1791 = ORIENTED_EDGE ('', *, *, #1790, .F.);
#1792 = CARTESIAN_POINT ('', (-85.5, 38., 3.5));
#1793 = VERTEX_POINT ('', #1792);
#1794 = CARTESIAN_POINT ('', (-85.5, 38., 3.5));
#1795 = CARTESIAN_POINT ('', (-73.5, 38., 3.5));
#1796 = B_SPLINE_CURVE_WITH_KNOTS ('', 1, (#1794, #1795), .UNSPECIFIED., .F., .U., (2, 2), (29., 41.), .UNSPECIFIED.);
#1797 = EDGE_CURVE ('', #1793, #1783, #1796, .T.);
#1798 = ORIENTED_EDGE ('', *, *, #1797, .F.);
#1799 = CARTESIAN_POINT ('', (-86.5, 38., 3.5));
#1800 = VERTEX_POINT ('', #1799);
#1801 = CARTESIAN_POINT ('', (-86.5, 38., 3.5));
#1802 = CARTESIAN_POINT ('', (-86.5, 38.5, 3.5));
#1803 = CARTESIAN_POINT ('', (-86., 38.5, 3.5));
#1804 = CARTESIAN_POINT ('', (-85.5, 38.5, 3.5));
#1805 = CARTESIAN_POINT ('', (-85.5, 38., 3.5));
#1806 = (
   BOUNDED_CURVE ()
   B_SPLINE_CURVE (2, (#1801, #1802, #1803, #1804, #1805), .UNSPECIFIED., .F., .U.)
   B_SPLINE_CURVE_WITH_KNOTS ((3, 2, 3), (82.5, 82.75, 83.), .UNSPECIFIED.)
   CURVE ()
   GEOMETRIC_REPRESENTATION_ITEM ()
   RATIONAL_B_SPLINE_CURVE ((1., 0.707106781186548, 1., 0.707106781186548, 1.))
   REPRESENTATION_ITEM ('')
);
#1807 = EDGE_CURVE ('', #1800, #1793, #1806, .T.);
#1808 = ORIENTED_EDGE ('', *, *, #1807, .F.);
#1809 = CARTESIAN_POINT ('', (-86.5, 24., 3.5));
#1810 = CARTESIAN_POINT ('', (-86.5, 38., 3.5));
#1811 = B_SPLINE_CURVE_WITH_KNOTS ('', 1, (#1809, #1810), .UNSPECIFIED., .F., .U., (2, 2), (68.5, 82.5), .UNSPECIFIED.);
#1812 = EDGE_CURVE ('', #1749, #1800, #1811, .T.);
#1813 = ORIENTED_EDGE ('', *, *, #1812, .F.);
#1814 = EDGE_LOOP ('', (#1757, #1764, #1774, #1781, #1791, #1798, #1808, #1813));
#1815 = FACE_BOUND ('', #1814, .T.);
#1816 = CARTESIAN_POINT ('', (-66.5, 24., 3.5));
#1817 = VERTEX_POINT ('', #1816);
#1818 = CARTESIAN_POINT ('', (-66.5, 24., 3.5));
#1819 = CARTESIAN_POINT ('', (-66.5, 23.5, 3.5));
#1820 = CARTESIAN_POINT ('', (-67., 23.5, 3.5));
#1821 = CARTESIAN_POINT ('', (-67.5, 23.5, 3.5));
#1822 = CARTESIAN_POINT ('', (-67.5, 24., 3.5));
#1823 = (
   BOUNDED_CURVE ()
   B_SPLINE_CURVE (2, (#1818, #1819, #1820, #1821, #1822), .UNSPECIFIED., .F., .U.)
   B_SPLINE_CURVE_WITH_KNOTS ((3, 2, 3), (68., 68.25, 68.5), .UNSPECIFIED.)
   CURVE ()
   GEOMETRIC_REPRESENTATION_ITEM ()
   RATIONAL_B_SPLINE_CURVE ((1., 0.707106781186548, 1., 0.707106781186548, 1.))
   REPRESENTATION_ITEM ('')
);
#1824 = EDGE_CURVE ('', #1817, #106, #1823, .T.);
#1825 = ORIENTED_EDGE ('', *, *, #1824, .F.);
#1826 = CARTESIAN_POINT ('', (-54.5, 24., 3.5));
#1827 = VERTEX_POINT ('', #1826);
#1828 = CARTESIAN_POINT ('', (-54.5, 24., 3.5));
#1829 = CARTESIAN_POINT ('', (-66.5, 24., 3.5));
#1830 = B_SPLINE_CURVE_WITH_KNOTS ('', 1, (#1828, #1829), .UNSPECIFIED., .F., .U., (2, 2), (56., 68.), .UNSPECIFIED.);
#1831 = EDGE_CURVE ('', #1827, #1817, #1830, .T.);
#1832 = ORIENTED_EDGE ('', *, *, #1831, .F.);
#1833 = CARTESIAN_POINT ('', (-53.5, 24., 3.5));
#1834 = VERTEX_POINT ('', #1833);
#1835 = CARTESIAN_POINT ('', (-53.5, 24., 3.5));
#1836 = CARTESIAN_POINT ('', (-53.5, 23.5, 3.5));
#1837 = CARTESIAN_POINT ('', (-54., 23.5, 3.5));
#1838 = CARTESIAN_POINT ('', (-54.5, 23.5, 3.5));
#1839 = CARTESIAN_POINT ('', (-54.5, 24., 3.5));
#1840 = (
   BOUNDED_CURVE ()
   B_SPLINE_CURVE (2, (#1835, #1836, #1837, #1838, #1839), .UNSPECIFIED., .F., .U.)
   B_SPLINE_CURVE_WITH_KNOTS ((3, 2, 3), (55.5, 55.75, 56.), .UNSPECIFIED.)
   CURVE ()
   GEOMETRIC_REPRESENTATION_ITEM ()
   RATIONAL_B_SPLINE_CURVE ((1., 0.707106781186548, 1., 0.707106781186548, 1.))
   REPRESENTATION_ITEM ('')
);
#1841 = EDGE_CURVE ('', #1834, #1827, #1840, .T.);
#1842 = ORIENTED_EDGE ('', *, *, #1841, .F.);
#1843 = CARTESIAN_POINT ('', (-53.5, 38., 3.5));
#1844 = VERTEX_POINT ('', #1843);
#1845 = CARTESIAN_POINT ('', (-53.5, 38., 3.5));
#1846 = CARTESIAN_POINT ('', (-53.5, 24., 3.5));
#1847 = B_SPLINE_CURVE_WITH_KNOTS ('', 1, (#1845, #1846), .UNSPECIFIED., .F., .U., (2, 2), (41.5, 55.5), .UNSPECIFIED.);
#1848 = EDGE_CURVE ('', #1844, #1834, #1847, .T.);
#1849 = ORIENTED_EDGE ('', *, *, #1848, .F.);
#1850 = CARTESIAN_POINT ('', (-54.5, 38., 3.5));
#1851 = VERTEX_POINT ('', #1850);
#1852 = CARTESIAN_POINT ('', (-54.5, 38., 3.5));
#1853 = CARTESIAN_POINT ('', (-54.5, 38.5, 3.5));
#1854 = CARTESIAN_POINT ('', (-54., 38.5, 3.5));
#1855 = CARTESIAN_POINT ('', (-53.5, 38.5, 3.5));
#1856 = CARTESIAN_POINT ('', (-53.5, 38., 3.5));
#1857 = (
   BOUNDED_CURVE ()
   B_SPLINE_CURVE (2, (#1852, #1853, #1854, #1855, #1856), .UNSPECIFIED., .F., .U.)
   B_SPLINE_CURVE_WITH_KNOTS ((3, 2, 3), (41., 41.25, 41.5), .UNSPECIFIED.)
   CURVE ()
   GEOMETRIC_REPRESENTATION_ITEM ()
   RATIONAL_B_SPLINE_CURVE ((1., 0.707106781186548, 1., 0.707106781186548, 1.))
   REPRESENTATION_ITEM ('')
);
#1858 = EDGE_CURVE ('', #1851, #1844, #1857, .T.);
#1859 = ORIENTED_EDGE ('', *, *, #1858, .F.);
#1860 = CARTESIAN_POINT ('', (-66.5, 38., 3.5));
#1861 = VERTEX_POINT ('', #1860);
#1862 = CARTESIAN_POINT ('', (-66.5, 38., 3.5));
#1863 = CARTESIAN_POINT ('', (-54.5, 38., 3.5));
#1864 = B_SPLINE_CURVE_WITH_KNOTS ('', 1, (#1862, #1863), .UNSPECIFIED., .F., .U., (2, 2), (29., 41.), .UNSPECIFIED.);
#1865 = EDGE_CURVE ('', #1861, #1851, #1864, .T.);
#1866 = ORIENTED_EDGE ('', *, *, #1865, .F.);
#1867 = CARTESIAN_POINT ('', (-67.5, 38., 3.5));
#1868 = CARTESIAN_POINT ('', (-67.5, 38.5, 3.5));
#1869 = CARTESIAN_POINT ('', (-67., 38.5, 3.5));
#1870 = CARTESIAN_POINT ('', (-66.5, 38.5, 3.5));
#1871 = CARTESIAN_POINT ('', (-66.5, 38., 3.5));
#1872 = (
   BOUNDED_CURVE ()
   B_SPLINE_CURVE (2, (#1867, #1868, #1869, #1870, #1871), .UNSPECIFIED., .F., .U.)
   B_SPLINE_CURVE_WITH_KNOTS ((3, 2, 3), (82.5, 82.75, 83.), .UNSPECIFIED.)
   CURVE ()
   GEOMETRIC_REPRESENTATION_ITEM ()
   RATIONAL_B_SPLINE_CURVE ((1., 0.707106781186548, 1., 0.707106781186548, 1.))
   REPRESENTATION_ITEM ('')
);
#1873 = EDGE_CURVE ('', #113, #1861, #1872, .T.);
#1874 = ORIENTED_EDGE ('', *, *, #1873, .F.);
#1875 = ORIENTED_EDGE ('', *, *, #117, .F.);
#1876 = EDGE_LOOP ('', (#1825, #1832, #1842, #1849, #1859, #1866, #1874, #1875));
#1877 = FACE_BOUND ('', #1876, .T.);
#1878 = CARTESIAN_POINT ('', (-47.5, 24., 3.5));
#1879 = VERTEX_POINT ('', #1878);
#1880 = CARTESIAN_POINT ('', (-48.5, 24., 3.5));
#1881 = VERTEX_POINT ('', #1880);
#1882 = CARTESIAN_POINT ('', (-47.5, 24., 3.5));
#1883 = CARTESIAN_POINT ('', (-47.5, 23.5, 3.5));
#1884 = CARTESIAN_POINT ('', (-48., 23.5, 3.5));
#1885 = CARTESIAN_POINT ('', (-48.5, 23.5, 3.5));
#1886 = CARTESIAN_POINT ('', (-48.5, 24., 3.5));
#1887 = (
   BOUNDED_CURVE ()
   B_SPLINE_CURVE (2, (#1882, #1883, #1884, #1885, #1886), .UNSPECIFIED., .F., .U.)
   B_SPLINE_CURVE_WITH_KNOTS ((3, 2, 3), (68., 68.25, 68.5), .UNSPECIFIED.)
   CURVE ()
   GEOMETRIC_REPRESENTATION_ITEM ()
   RATIONAL_B_SPLINE_CURVE ((1., 0.707106781186548, 1., 0.707106781186548, 1.))
   REPRESENTATION_ITEM ('')
);
#1888 = EDGE_CURVE ('', #1879, #1881, #1887, .T.);
#1889 = ORIENTED_EDGE ('', *, *, #1888, .F.);
#1890 = CARTESIAN_POINT ('', (-35.5, 24., 3.5));
#1891 = VERTEX_POINT ('', #1890);
#1892 = CARTESIAN_POINT ('', (-35.5, 24., 3.5));
#1893 = CARTESIAN_POINT ('', (-47.5, 24., 3.5));
#1894 = B_SPLINE_CURVE_WITH_KNOTS ('', 1, (#1892, #1893), .UNSPECIFIED., .F., .U., (2, 2), (56., 68.), .UNSPECIFIED.);
#1895 = EDGE_CURVE ('', #1891, #1879, #1894, .T.);
#1896 = ORIENTED_EDGE ('', *, *, #1895, .F.);
#1897 = CARTESIAN_POINT ('', (-34.5, 24., 3.5));
#1898 = VERTEX_POINT ('', #1897);
#1899 = CARTESIAN_POINT ('', (-34.5, 24., 3.5));
#1900 = CARTESIAN_POINT ('', (-34.5, 23.5, 3.5));
#1901 = CARTESIAN_POINT ('', (-35., 23.5, 3.5));
#1902 = CARTESIAN_POINT ('', (-35.5, 23.5, 3.5));
#1903 = CARTESIAN_POINT ('', (-35.5, 24., 3.5));
#1904 = (
   BOUNDED_CURVE ()
   B_SPLINE_CURVE (2, (#1899, #1900, #1901, #1902, #1903), .UNSPECIFIED., .F., .U.)
   B_SPLINE_CURVE_WITH_KNOTS ((3, 2, 3), (55.5, 55.75, 56.), .UNSPECIFIED.)
   CURVE ()
   GEOMETRIC_REPRESENTATION_ITEM ()
   RATIONAL_B_SPLINE_CURVE ((1., 0.707106781186548, 1., 0.707106781186548, 1.))
   REPRESENTATION_ITEM ('')
);
#1905 = EDGE_CURVE ('', #1898, #1891, #1904, .T.);
#1906 = ORIENTED_EDGE ('', *, *, #1905, .F.);
#1907 = CARTESIAN_POINT ('', (-34.5, 38., 3.5));
#1908 = VERTEX_POINT ('', #1907);
#1909 = CARTESIAN_POINT ('', (-34.5, 38., 3.5));
#1910 = CARTESIAN_POINT ('', (-34.5, 24., 3.5));
#1911 = B_SPLINE_CURVE_WITH_KNOTS ('', 1, (#1909, #1910), .UNSPECIFIED., .F., .U., (2, 2), (41.5, 55.5), .UNSPECIFIED.);
#1912 = EDGE_CURVE ('', #1908, #1898, #1911, .T.);
#1913 = ORIENTED_EDGE ('', *, *, #1912, .F.);
#1914 = CARTESIAN_POINT ('', (-35.5, 38., 3.5));
#1915 = VERTEX_POINT ('', #1914);
#1916 = CARTESIAN_POINT ('', (-35.5, 38., 3.5));
#1917 = CARTESIAN_POINT ('', (-35.5, 38.5, 3.5));
#1918 = CARTESIAN_POINT ('', (-35., 38.5, 3.5));
#1919 = CARTESIAN_POINT ('', (-34.5, 38.5, 3.5));
#1920 = CARTESIAN_POINT ('', (-34.5, 38., 3.5));
#1921 = (
   BOUNDED_CURVE ()
   B_SPLINE_CURVE (2, (#1916, #1917, #1918, #1919, #1920), .UNSPECIFIED., .F., .U.)
   B_SPLINE_CURVE_WITH_KNOTS ((3, 2, 3), (41., 41.25, 41.5), .UNSPECIFIED.)
   CURVE ()
   GEOMETRIC_REPRESENTATION_ITEM ()
   RATIONAL_B_SPLINE_CURVE ((1., 0.707106781186548, 1., 0.707106781186548, 1.))
   REPRESENTATION_ITEM ('')
);
#1922 = EDGE_CURVE ('', #1915, #1908, #1921, .T.);
#1923 = ORIENTED_EDGE ('', *, *, #1922, .F.);
#1924 = CARTESIAN_POINT ('', (-47.5, 38., 3.5));
#1925 = VERTEX_POINT ('', #1924);
#1926 = CARTESIAN_POINT ('', (-47.5, 38., 3.5));
#1927 = CARTESIAN_POINT ('', (-35.5, 38., 3.5));
#1928 = B_SPLINE_CURVE_WITH_KNOTS ('', 1, (#1926, #1927), .UNSPECIFIED., .F., .U., (2, 2), (29., 41.), .UNSPECIFIED.);
#1929 = EDGE_CURVE ('', #1925, #1915, #1928, .T.);
#1930 = ORIENTED_EDGE ('', *, *, #1929, .F.);
#1931 = CARTESIAN_POINT ('', (-48.5, 38., 3.5));
#1932 = VERTEX_POINT ('', #1931);
#1933 = CARTESIAN_POINT ('', (-48.5, 38., 3.5));
#1934 = CARTESIAN_POINT ('', (-48.5, 38.5, 3.5));
#1935 = CARTESIAN_POINT ('', (-48., 38.5, 3.5));
#1936 = CARTESIAN_POINT ('', (-47.5, 38.5, 3.5));
#1937 = CARTESIAN_POINT ('', (-47.5, 38., 3.5));
#1938 = (
   BOUNDED_CURVE ()
   B_SPLINE_CURVE (2, (#1933, #1934, #1935, #1936, #1937), .UNSPECIFIED., .F., .U.)
   B_SPLINE_CURVE_WITH_KNOTS ((3, 2, 3), (82.5, 82.75, 83.), .UNSPECIFIED.)
   CURVE ()
   GEOMETRIC_REPRESENTATION_ITEM ()
   RATIONAL_B_SPLINE_CURVE ((1., 0.707106781186548, 1., 0.707106781186548, 1.))
   REPRESENTATION_ITEM ('')
);
#1939 = EDGE_CURVE ('', #1932, #1925, #1938, .T.);
#1940 = ORIENTED_EDGE ('', *, *, #1939, .F.);
#1941 = CARTESIAN_POINT ('', (-48.5, 24., 3.5));
#1942 = CARTESIAN_POINT ('', (-48.5, 38., 3.5));
#1943 = B_SPLINE_CURVE_WITH_KNOTS ('', 1, (#1941, #1942), .UNSPECIFIED., .F., .U., (2, 2), (68.5, 82.5), .UNSPECIFIED.);
#1944 = EDGE_CURVE ('', #1881, #1932, #1943, .T.);
#1945 = ORIENTED_EDGE ('', *, *, #1944, .F.);
#1946 = EDGE_LOOP ('', (#1889, #1896, #1906, #1913, #1923, #1930, #1940, #1945));
#1947 = FACE_BOUND ('', #1946, .T.);
#1948 = CARTESIAN_POINT ('', (-28.5, 24., 3.5));
#1949 = VERTEX_POINT ('', #1948);
#1950 = CARTESIAN_POINT ('', (-29.5, 24., 3.5));
#1951 = VERTEX_POINT ('', #1950);
#1952 = CARTESIAN_POINT ('', (-28.5, 24., 3.5));
#1953 = CARTESIAN_POINT ('', (-28.5, 23.5, 3.5));
#1954 = CARTESIAN_POINT ('', (-29., 23.5, 3.5));
#1955 = CARTESIAN_POINT ('', (-29.5, 23.5, 3.5));
#1956 = CARTESIAN_POINT ('', (-29.5, 24., 3.5));
#1957 = (
   BOUNDED_CURVE ()
   B_SPLINE_CURVE (2, (#1952, #1953, #1954, #1955, #1956), .UNSPECIFIED., .F., .U.)
   B_SPLINE_CURVE_WITH_KNOTS ((3, 2, 3), (68., 68.25, 68.5), .UNSPECIFIED.)
   CURVE ()
   GEOMETRIC_REPRESENTATION_ITEM ()
   RATIONAL_B_SPLINE_CURVE ((1., 0.707106781186548, 1., 0.707106781186548, 1.))
   REPRESENTATION_ITEM ('')
);
#1958 = EDGE_CURVE ('', #1949, #1951, #1957, .T.);
#1959 = ORIENTED_EDGE ('', *, *, #1958, .F.);
#1960 = CARTESIAN_POINT ('', (-16.5, 24., 3.5));
#1961 = VERTEX_POINT ('', #1960);
#1962 = CARTESIAN_POINT ('', (-16.5, 24., 3.5));
#1963 = CARTESIAN_POINT ('', (-28.5, 24., 3.5));
#1964 = B_SPLINE_CURVE_WITH_KNOTS ('', 1, (#1962, #1963), .UNSPECIFIED., .F., .U., (2, 2), (56., 68.), .UNSPECIFIED.);
#1965 = EDGE_CURVE ('', #1961, #1949, #1964, .T.);
#1966 = ORIENTED_EDGE ('', *, *, #1965, .F.);
#1967 = CARTESIAN_POINT ('', (-15.5, 24., 3.5));
#1968 = VERTEX_POINT ('', #1967);
#1969 = CARTESIAN_POINT ('', (-15.5, 24., 3.5));
#1970 = CARTESIAN_POINT ('', (-15.5, 23.5, 3.5));
#1971 = CARTESIAN_POINT ('', (-16., 23.5, 3.5));
#1972 = CARTESIAN_POINT ('', (-16.5, 23.5, 3.5));
#1973 = CARTESIAN_POINT ('', (-16.5, 24., 3.5));
#1974 = (
   BOUNDED_CURVE ()
   B_SPLINE_CURVE (2, (#1969, #1970, #1971, #1972, #1973), .UNSPECIFIED., .F., .U.)
   B_SPLINE_CURVE_WITH_KNOTS ((3, 2, 3), (55.5, 55.75, 56.), .UNSPECIFIED.)
   CURVE ()
   GEOMETRIC_REPRESENTATION_ITEM ()
   RATIONAL_B_SPLINE_CURVE ((1., 0.707106781186548, 1., 0.707106781186548, 1.))
   REPRESENTATION_ITEM ('')
);
#1975 = EDGE_CURVE ('', #1968, #1961, #1974, .T.);
#1976 = ORIENTED_EDGE ('', *, *, #1975, .F.);
#1977 = CARTESIAN_POINT ('', (-15.5, 38., 3.5));
#1978 = VERTEX_POINT ('', #1977);
#1979 = CARTESIAN_POINT ('', (-15.5, 38., 3.5));
#1980 = CARTESIAN_POINT ('', (-15.5, 24., 3.5));
#1981 = B_SPLINE_CURVE_WITH_KNOTS ('', 1, (#1979, #1980), .UNSPECIFIED., .F., .U., (2, 2), (41.5, 55.5), .UNSPECIFIED.);
#1982 = EDGE_CURVE ('', #1978, #1968, #1981, .T.);
#1983 = ORIENTED_EDGE ('', *, *, #1982, .F.);
#1984 = CARTESIAN_POINT ('', (-16.5, 38., 3.5));
#1985 = VERTEX_POINT ('', #1984);
#1986 = CARTESIAN_POINT ('', (-16.5, 38., 3.5));
#1987 = CARTESIAN_POINT ('', (-16.5, 38.5, 3.5));
#1988 = CARTESIAN_POINT ('', (-16., 38.5, 3.5));
#1989 = CARTESIAN_POINT ('', (-15.5, 38.5, 3.5));
#1990 = CARTESIAN_POINT ('', (-15.5, 38., 3.5));
#1991 = (
   BOUNDED_CURVE ()
   B_SPLINE_CURVE (2, (#1986, #1987, #1988, #1989, #1990), .UNSPECIFIED., .F., .U.)
   B_SPLINE_CURVE_WITH_KNOTS ((3, 2, 3), (41., 41.25, 41.5), .UNSPECIFIED.)
   CURVE ()
   GEOMETRIC_REPRESENTATION_ITEM ()
   RATIONAL_B_SPLINE_CURVE ((1., 0.707106781186548, 1., 0.707106781186548, 1.))
   REPRESENTATION_ITEM ('')
);
#1992 = EDGE_CURVE ('', #1985, #1978, #1991, .T.);
#1993 = ORIENTED_EDGE ('', *, *, #1992, .F.);
#1994 = CARTESIAN_POINT ('', (-28.5, 38., 3.5));
#1995 = VERTEX_POINT ('', #1994);
#1996 = CARTESIAN_POINT ('', (-28.5, 38., 3.5));
#1997 = CARTESIAN_POINT ('', (-16.5, 38., 3.5));
#1998 = B_SPLINE_CURVE_WITH_KNOTS ('', 1, (#1996, #1997), .UNSPECIFIED., .F., .U., (2, 2), (29., 41.), .UNSPECIFIED.);
#1999 = EDGE_CURVE ('', #1995, #1985, #1998, .T.);
#2000 = ORIENTED_EDGE ('', *, *, #1999, .F.);
#2001 = CARTESIAN_POINT ('', (-29.5, 38., 3.5));
#2002 = VERTEX_POINT ('', #2001);
#2003 = CARTESIAN_POINT ('', (-29.5, 38., 3.5));
#2004 = CARTESIAN_POINT ('', (-29.5, 38.5, 3.5));
#2005 = CARTESIAN_POINT ('', (-29., 38.5, 3.5));
#2006 = CARTESIAN_POINT ('', (-28.5, 38.5, 3.5));
#2007 = CARTESIAN_POINT ('', (-28.5, 38., 3.5));
#2008 = (
   BOUNDED_CURVE ()
   B_SPLINE_CURVE (2, (#2003, #2004, #2005, #2006, #2007), .UNSPECIFIED., .F., .U.)
   B_SPLINE_CURVE_WITH_KNOTS ((3, 2, 3), (82.5, 82.75, 83.), .UNSPECIFIED.)
   CURVE ()
   GEOMETRIC_REPRESENTATION_ITEM ()
   RATIONAL_B_SPLINE_CURVE ((1., 0.707106781186548, 1., 0.707106781186548, 1.))
   REPRESENTATION_ITEM ('')
);
#2009 = EDGE_CURVE ('', #2002, #1995, #2008, .T.);
#2010 = ORIENTED_EDGE ('', *, *, #2009, .F.);
#2011 = CARTESIAN_POINT ('', (-29.5, 24., 3.5));
#2012 = CARTESIAN_POINT ('', (-29.5, 38., 3.5));
#2013 = B_SPLINE_CURVE_WITH_KNOTS ('', 1, (#2011, #2012), .UNSPECIFIED., .F., .U., (2, 2), (68.5, 82.5), .UNSPECIFIED.);
#2014 = EDGE_CURVE ('', #1951, #2002, #2013, .T.);
#2015 = ORIENTED_EDGE ('', *, *, #2014, .F.);
#2016 = EDGE_LOOP ('', (#1959, #1966, #1976, #1983, #1993, #2000, #2010, #2015));
#2017 = FACE_BOUND ('', #2016, .T.);
#2018 = CARTESIAN_POINT ('', (-71.25, 5., 3.5));
#2019 = VERTEX_POINT ('', #2018);
#2020 = CARTESIAN_POINT ('', (-72.25, 5., 3.5));
#2021 = VERTEX_POINT ('', #2020);
#2022 = CARTESIAN_POINT ('', (-71.25, 5., 3.5));
#2023 = CARTESIAN_POINT ('', (-71.25, 4.5, 3.5));
#2024 = CARTESIAN_POINT ('', (-71.75, 4.5, 3.5));
#2025 = CARTESIAN_POINT ('', (-72.25, 4.5, 3.5));
#2026 = CARTESIAN_POINT ('', (-72.25, 5., 3.5));
#2027 = (
   BOUNDED_CURVE ()
   B_SPLINE_CURVE (2, (#2022, #2023, #2024, #2025, #2026), .UNSPECIFIED., .F., .U.)
   B_SPLINE_CURVE_WITH_KNOTS ((3, 2, 3), (68., 68.25, 68.5), .UNSPECIFIED.)
   CURVE ()
   GEOMETRIC_REPRESENTATION_ITEM ()
   RATIONAL_B_SPLINE_CURVE ((1., 0.707106781186548, 1., 0.707106781186548, 1.))
   REPRESENTATION_ITEM ('')
);
#2028 = EDGE_CURVE ('', #2019, #2021, #2027, .T.);
#2029 = ORIENTED_EDGE ('', *, *, #2028, .F.);
#2030 = CARTESIAN_POINT ('', (-59.25, 5., 3.5));
#2031 = VERTEX_POINT ('', #2030);
#2032 = CARTESIAN_POINT ('', (-59.25, 5., 3.5));
#2033 = CARTESIAN_POINT ('', (-71.25, 5., 3.5));
#2034 = B_SPLINE_CURVE_WITH_KNOTS ('', 1, (#2032, #2033), .UNSPECIFIED., .F., .U., (2, 2), (56., 68.), .UNSPECIFIED.);
#2035 = EDGE_CURVE ('', #2031, #2019, #2034, .T.);
#2036 = ORIENTED_EDGE ('', *, *, #2035, .F.);
#2037 = CARTESIAN_POINT ('', (-58.25, 5., 3.5));
#2038 = VERTEX_POINT ('', #2037);
#2039 = CARTESIAN_POINT ('', (-58.25, 5., 3.5));
#2040 = CARTESIAN_POINT ('', (-58.25, 4.5, 3.5));
#2041 = CARTESIAN_POINT ('', (-58.75, 4.5, 3.5));
#2042 = CARTESIAN_POINT ('', (-59.25, 4.5, 3.5));
#2043 = CARTESIAN_POINT ('', (-59.25, 5., 3.5));
#2044 = (
   BOUNDED_CURVE ()
   B_SPLINE_CURVE (2, (#2039, #2040, #2041, #2042, #2043), .UNSPECIFIED., .F., .U.)
   B_SPLINE_CURVE_WITH_KNOTS ((3, 2, 3), (55.5, 55.75, 56.), .UNSPECIFIED.)
   CURVE ()
   GEOMETRIC_REPRESENTATION_ITEM ()
   RATIONAL_B_SPLINE_CURVE ((1., 0.707106781186548, 1., 0.707106781186548, 1.))
   REPRESENTATION_ITEM ('')
);
#2045 = EDGE_CURVE ('', #2038, #2031, #2044, .T.);
#2046 = ORIENTED_EDGE ('', *, *, #2045, .F.);
#2047 = CARTESIAN_POINT ('', (-58.25, 19., 3.5));
#2048 = VERTEX_POINT ('', #2047);
#2049 = CARTESIAN_POINT ('', (-58.25, 19., 3.5));
#2050 = CARTESIAN_POINT ('', (-58.25, 5., 3.5));
#2051 = B_SPLINE_CURVE_WITH_KNOTS ('', 1, (#2049, #2050), .UNSPECIFIED., .F., .U., (2, 2), (41.5, 55.5), .UNSPECIFIED.);
#2052 = EDGE_CURVE ('', #2048, #2038, #2051, .T.);
#2053 = ORIENTED_EDGE ('', *, *, #2052, .F.);
#2054 = CARTESIAN_POINT ('', (-59.25, 19., 3.5));
#2055 = VERTEX_POINT ('', #2054);
#2056 = CARTESIAN_POINT ('', (-59.25, 19., 3.5));
#2057 = CARTESIAN_POINT ('', (-59.25, 19.5, 3.5));
#2058 = CARTESIAN_POINT ('', (-58.75, 19.5, 3.5));
#2059 = CARTESIAN_POINT ('', (-58.25, 19.5, 3.5));
#2060 = CARTESIAN_POINT ('', (-58.25, 19., 3.5));
#2061 = (
   BOUNDED_CURVE ()
   B_SPLINE_CURVE (2, (#2056, #2057, #2058, #2059, #2060), .UNSPECIFIED., .F., .U.)
   B_SPLINE_CURVE_WITH_KNOTS ((3, 2, 3), (41., 41.25, 41.5), .UNSPECIFIED.)
   CURVE ()
   GEOMETRIC_REPRESENTATION_ITEM ()
   RATIONAL_B_SPLINE_CURVE ((1., 0.707106781186548, 1., 0.707106781186548, 1.))
   REPRESENTATION_ITEM ('')
);
#2062 = EDGE_CURVE ('', #2055, #2048, #2061, .T.);
#2063 = ORIENTED_EDGE ('', *, *, #2062, .F.);
#2064 = CARTESIAN_POINT ('', (-71.25, 19., 3.5));
#2065 = VERTEX_POINT ('', #2064);
#2066 = CARTESIAN_POINT ('', (-71.25, 19., 3.5));
#2067 = CARTESIAN_POINT ('', (-59.25, 19., 3.5));
#2068 = B_SPLINE_CURVE_WITH_KNOTS ('', 1, (#2066, #2067), .UNSPECIFIED., .F., .U., (2, 2), (29., 41.), .UNSPECIFIED.);
#2069 = EDGE_CURVE ('', #2065, #2055, #2068, .T.);
#2070 = ORIENTED_EDGE ('', *, *, #2069, .F.);
#2071 = CARTESIAN_POINT ('', (-72.25, 19., 3.5));
#2072 = VERTEX_POINT ('', #2071);
#2073 = CARTESIAN_POINT ('', (-72.25, 19., 3.5));
#2074 = CARTESIAN_POINT ('', (-72.25, 19.5, 3.5));
#2075 = CARTESIAN_POINT ('', (-71.75, 19.5, 3.5));
#2076 = CARTESIAN_POINT ('', (-71.25, 19.5, 3.5));
#2077 = CARTESIAN_POINT ('', (-71.25, 19., 3.5));
#2078 = (
   BOUNDED_CURVE ()
   B_SPLINE_CURVE (2, (#2073, #2074, #2075, #2076, #2077), .UNSPECIFIED., .F., .U.)
   B_SPLINE_CURVE_WITH_KNOTS ((3, 2, 3), (82.5, 82.75, 83.), .UNSPECIFIED.)
   CURVE ()
   GEOMETRIC_REPRESENTATION_ITEM ()
   RATIONAL_B_SPLINE_CURVE ((1., 0.707106781186548, 1., 0.707106781186548, 1.))
   REPRESENTATION_ITEM ('')
);
#2079 = EDGE_CURVE ('', #2072, #2065, #2078, .T.);
#2080 = ORIENTED_EDGE ('', *, *, #2079, .F.);
#2081 = CARTESIAN_POINT ('', (-72.25, 5., 3.5));
#2082 = CARTESIAN_POINT ('', (-72.25, 19., 3.5));
#2083 = B_SPLINE_CURVE_WITH_KNOTS ('', 1, (#2081, #2082), .UNSPECIFIED., .F., .U., (2, 2), (68.5, 82.5), .UNSPECIFIED.);
#2084 = EDGE_CURVE ('', #2021, #2072, #2083, .T.);
#2085 = ORIENTED_EDGE ('', *, *, #2084, .F.);
#2086 = EDGE_LOOP ('', (#2029, #2036, #2046, #2053, #2063, #2070, #2080, #2085));
#2087 = FACE_BOUND ('', #2086, .T.);
#2088 = CARTESIAN_POINT ('', (-121.125, 5., 3.5));
#2089 = VERTEX_POINT ('', #2088);
#2090 = CARTESIAN_POINT ('', (-122.125, 5., 3.5));
#2091 = VERTEX_POINT ('', #2090);
#2092 = CARTESIAN_POINT ('', (-121.125, 5., 3.5));
#2093 = CARTESIAN_POINT ('', (-121.125, 4.5, 3.5));
#2094 = CARTESIAN_POINT ('', (-121.625, 4.5, 3.5));
#2095 = CARTESIAN_POINT ('', (-122.125, 4.5, 3.5));
#2096 = CARTESIAN_POINT ('', (-122.125, 5., 3.5));
#2097 = (
   BOUNDED_CURVE ()
   B_SPLINE_CURVE (2, (#2092, #2093, #2094, #2095, #2096), .UNSPECIFIED., .F., .U.)
   B_SPLINE_CURVE_WITH_KNOTS ((3, 2, 3), (68., 68.25, 68.5), .UNSPECIFIED.)
   CURVE ()
   GEOMETRIC_REPRESENTATION_ITEM ()
   RATIONAL_B_SPLINE_CURVE ((1., 0.707106781186548, 1., 0.707106781186548, 1.))
   REPRESENTATION_ITEM ('')
);
#2098 = EDGE_CURVE ('', #2089, #2091, #2097, .T.);
#2099 = ORIENTED_EDGE ('', *, *, #2098, .F.);
#2100 = CARTESIAN_POINT ('', (-109.125, 5., 3.5));
#2101 = VERTEX_POINT ('', #2100);
#2102 = CARTESIAN_POINT ('', (-109.125, 5., 3.5));
#2103 = CARTESIAN_POINT ('', (-121.125, 5., 3.5));
#2104 = B_SPLINE_CURVE_WITH_KNOTS ('', 1, (#2102, #2103), .UNSPECIFIED., .F., .U., (2, 2), (56., 68.), .UNSPECIFIED.);
#2105 = EDGE_CURVE ('', #2101, #2089, #2104, .T.);
#2106 = ORIENTED_EDGE ('', *, *, #2105, .F.);
#2107 = CARTESIAN_POINT ('', (-108.125, 5., 3.5));
#2108 = VERTEX_POINT ('', #2107);
#2109 = CARTESIAN_POINT ('', (-108.125, 5., 3.5));
#2110 = CARTESIAN_POINT ('', (-108.125, 4.5, 3.5));
#2111 = CARTESIAN_POINT ('', (-108.625, 4.5, 3.5));
#2112 = CARTESIAN_POINT ('', (-109.125, 4.5, 3.5));
#2113 = CARTESIAN_POINT ('', (-109.125, 5., 3.5));
#2114 = (
   BOUNDED_CURVE ()
   B_SPLINE_CURVE (2, (#2109, #2110, #2111, #2112, #2113), .UNSPECIFIED., .F., .U.)
   B_SPLINE_CURVE_WITH_KNOTS ((3, 2, 3), (55.5, 55.75, 56.), .UNSPECIFIED.)
   CURVE ()
   GEOMETRIC_REPRESENTATION_ITEM ()
   RATIONAL_B_SPLINE_CURVE ((1., 0.707106781186548, 1., 0.707106781186548, 1.))
   REPRESENTATION_ITEM ('')
);
#2115 = EDGE_CURVE ('', #2108, #2101, #2114, .T.);
#2116 = ORIENTED_EDGE ('', *, *, #2115, .F.);
#2117 = CARTESIAN_POINT ('', (-108.125, 19., 3.5));
#2118 = VERTEX_POINT ('', #2117);
#2119 = CARTESIAN_POINT ('', (-108.125, 19., 3.5));
#2120 = CARTESIAN_POINT ('', (-108.125, 5., 3.5));
#2121 = B_SPLINE_CURVE_WITH_KNOTS ('', 1, (#2119, #2120), .UNSPECIFIED., .F., .U., (2, 2), (41.5, 55.5), .UNSPECIFIED.);
#2122 = EDGE_CURVE ('', #2118, #2108, #2121, .T.);
#2123 = ORIENTED_EDGE ('', *, *, #2122, .F.);
#2124 = CARTESIAN_POINT ('', (-109.125, 19., 3.5));
#2125 = VERTEX_POINT ('', #2124);
#2126 = CARTESIAN_POINT ('', (-109.125, 19., 3.5));
#2127 = CARTESIAN_POINT ('', (-109.125, 19.5, 3.5));
#2128 = CARTESIAN_POINT ('', (-108.625, 19.5, 3.5));
#2129 = CARTESIAN_POINT ('', (-108.125, 19.5, 3.5));
#2130 = CARTESIAN_POINT ('', (-108.125, 19., 3.5));
#2131 = (
   BOUNDED_CURVE ()
   B_SPLINE_CURVE (2, (#2126, #2127, #2128, #2129, #2130), .UNSPECIFIED., .F., .U.)
   B_SPLINE_CURVE_WITH_KNOTS ((3, 2, 3), (41., 41.25, 41.5), .UNSPECIFIED.)
   CURVE ()
   GEOMETRIC_REPRESENTATION_ITEM ()
   RATIONAL_B_SPLINE_CURVE ((1., 0.707106781186548, 1., 0.707106781186548, 1.))
   REPRESENTATION_ITEM ('')
);
#2132 = EDGE_CURVE ('', #2125, #2118, #2131, .T.);
#2133 = ORIENTED_EDGE ('', *, *, #2132, .F.);
#2134 = CARTESIAN_POINT ('', (-121.125, 19., 3.5));
#2135 = VERTEX_POINT ('', #2134);
#2136 = CARTESIAN_POINT ('', (-121.125, 19., 3.5));
#2137 = CARTESIAN_POINT ('', (-109.125, 19., 3.5));
#2138 = B_SPLINE_CURVE_WITH_KNOTS ('', 1, (#2136, #2137), .UNSPECIFIED., .F., .U., (2, 2), (29., 41.), .UNSPECIFIED.);
#2139 = EDGE_CURVE ('', #2135, #2125, #2138, .T.);
#2140 = ORIENTED_EDGE ('', *, *, #2139, .F.);
#2141 = CARTESIAN_POINT ('', (-122.125, 19., 3.5));
#2142 = VERTEX_POINT ('', #2141);
#2143 = CARTESIAN_POINT ('', (-122.125, 19., 3.5));
#2144 = CARTESIAN_POINT ('', (-122.125, 19.5, 3.5));
#2145 = CARTESIAN_POINT ('', (-121.625, 19.5, 3.5));
#2146 = CARTESIAN_POINT ('', (-121.125, 19.5, 3.5));
#2147 = CARTESIAN_POINT ('', (-121.125, 19., 3.5));
#2148 = (
   BOUNDED_CURVE ()
   B_SPLINE_CURVE (2, (#2143, #2144, #2145, #2146, #2147), .UNSPECIFIED., .F., .U.)
   B_SPLINE_CURVE_WITH_KNOTS ((3, 2, 3), (82.5, 82.75, 83.), .UNSPECIFIED.)
   CURVE ()
   GEOMETRIC_REPRESENTATION_ITEM ()
   RATIONAL_B_SPLINE_CURVE ((1., 0.707106781186548, 1., 0.707106781186548, 1.))
   REPRESENTATION_ITEM ('')
);
#2149 = EDGE_CURVE ('', #2142, #2135, #2148, .T.);
#2150 = ORIENTED_EDGE ('', *, *, #2149, .F.);
#2151 = CARTESIAN_POINT ('', (-122.125, 5., 3.5));
#2152 = CARTESIAN_POINT ('', (-122.125, 19., 3.5));
#2153 = B_SPLINE_CURVE_WITH_KNOTS ('', 1, (#2151, #2152), .UNSPECIFIED., .F., .U., (2, 2), (68.5, 82.5), .UNSPECIFIED.);
#2154 = EDGE_CURVE ('', #2091, #2142, #2153, .T.);
#2155 = ORIENTED_EDGE ('', *, *, #2154, .F.);
#2156 = EDGE_LOOP ('', (#2099, #2106, #2116, #2123, #2133, #2140, #2150, #2155));
#2157 = FACE_BOUND ('', #2156, .T.);
#2158 = CARTESIAN_POINT ('', (-17., 53.5, 3.5));
#2159 = VERTEX_POINT ('', #2158);
#2160 = CARTESIAN_POINT ('', (-19., 53.5, 3.5));
#2161 = VERTEX_POINT ('', #2160);
#2162 = CARTESIAN_POINT ('', (-17., 53.5, 3.5));
#2163 = CARTESIAN_POINT ('', (-19., 53.5, 3.5));
#2164 = B_SPLINE_CURVE_WITH_KNOTS ('', 1, (#2162, #2163), .UNSPECIFIED., .F., .U., (2, 2), (346.5, 347.5), .UNSPECIFIED.);
#2165 = EDGE_CURVE ('', #2159, #2161, #2164, .T.);
#2166 = ORIENTED_EDGE ('', *, *, #2165, .T.);
#2167 = CARTESIAN_POINT ('', (-19., 58.5, 3.5));
#2168 = VERTEX_POINT ('', #2167);
#2169 = CARTESIAN_POINT ('', (-19., 53.5, 3.5));
#2170 = CARTESIAN_POINT ('', (-21.5, 53.5, 3.5));
#2171 = CARTESIAN_POINT ('', (-21.5, 56., 3.5));
#2172 = CARTESIAN_POINT ('', (-21.5, 58.5, 3.5));
#2173 = CARTESIAN_POINT ('', (-19., 58.5, 3.5));
#2174 = (
   BOUNDED_CURVE ()
   B_SPLINE_CURVE (2, (#2169, #2170, #2171, #2172, #2173), .UNSPECIFIED., .F., .U.)
   B_SPLINE_CURVE_WITH_KNOTS ((3, 2, 3), (347.5, 348., 348.5), .UNSPECIFIED.)
   CURVE ()
   GEOMETRIC_REPRESENTATION_ITEM ()
   RATIONAL_B_SPLINE_CURVE ((1., 0.707106781186548, 1., 0.707106781186548, 1.))
   REPRESENTATION_ITEM ('')
);
#2175 = EDGE_CURVE ('', #2161, #2168, #2174, .T.);
#2176 = ORIENTED_EDGE ('', *, *, #2175, .T.);
#2177 = CARTESIAN_POINT ('', (-15.5, 58.5, 3.5));
#2178 = VERTEX_POINT ('', #2177);
#2179 = CARTESIAN_POINT ('', (-19., 58.5, 3.5));
#2180 = CARTESIAN_POINT ('', (-15.5, 58.5, 3.5));
#2181 = B_SPLINE_CURVE_WITH_KNOTS ('', 1, (#2179, #2180), .UNSPECIFIED., .F., .U., (2, 2), (348.5, 349.5), .UNSPECIFIED.);
#2182 = EDGE_CURVE ('', #2168, #2178, #2181, .T.);
#2183 = ORIENTED_EDGE ('', *, *, #2182, .T.);
#2184 = CARTESIAN_POINT ('', (-15.5, 59.5, 3.5));
#2185 = VERTEX_POINT ('', #2184);
#2186 = CARTESIAN_POINT ('', (-15.5, 58.5, 3.5));
#2187 = CARTESIAN_POINT ('', (-15., 58.5, 3.5));
#2188 = CARTESIAN_POINT ('', (-15., 59., 3.5));
#2189 = CARTESIAN_POINT ('', (-15., 59.5, 3.5));
#2190 = CARTESIAN_POINT ('', (-15.5, 59.5, 3.5));
#2191 = (
   BOUNDED_CURVE ()
   B_SPLINE_CURVE (2, (#2186, #2187, #2188, #2189, #2190), .UNSPECIFIED., .F., .U.)
   B_SPLINE_CURVE_WITH_KNOTS ((3, 2, 3), (349.5, 350., 350.5), .UNSPECIFIED.)
   CURVE ()
   GEOMETRIC_REPRESENTATION_ITEM ()
   RATIONAL_B_SPLINE_CURVE ((1., 0.707106781186548, 1., 0.707106781186548, 1.))
   REPRESENTATION_ITEM ('')
);
#2192 = EDGE_CURVE ('', #2178, #2185, #2191, .T.);
#2193 = ORIENTED_EDGE ('', *, *, #2192, .T.);
#2194 = CARTESIAN_POINT ('', (-22., 59.5, 3.5));
#2195 = VERTEX_POINT ('', #2194);
#2196 = CARTESIAN_POINT ('', (-15.5, 59.5, 3.5));
#2197 = CARTESIAN_POINT ('', (-22., 59.5, 3.5));
#2198 = B_SPLINE_CURVE_WITH_KNOTS ('', 1, (#2196, #2197), .UNSPECIFIED., .F., .U., (2, 2), (350.5, 357.), .UNSPECIFIED.);
#2199 = EDGE_CURVE ('', #2185, #2195, #2198, .T.);
#2200 = ORIENTED_EDGE ('', *, *, #2199, .T.);
#2201 = CARTESIAN_POINT ('', (-22.5, 59., 3.5));
#2202 = VERTEX_POINT ('', #2201);
#2203 = CARTESIAN_POINT ('', (-22., 59.5, 3.5));
#2204 = CARTESIAN_POINT ('', (-22.5, 59.5, 3.5));
#2205 = CARTESIAN_POINT ('', (-22.5, 59., 3.5));
#2206 = (
   BOUNDED_CURVE ()
   B_SPLINE_CURVE (2, (#2203, #2204, #2205), .UNSPECIFIED., .F., .U.)
   B_SPLINE_CURVE_WITH_KNOTS ((3, 3), (357., 358.), .UNSPECIFIED.)
   CURVE ()
   GEOMETRIC_REPRESENTATION_ITEM ()
   RATIONAL_B_SPLINE_CURVE ((1., 0.707106781186548, 1.))
   REPRESENTATION_ITEM ('')
);
#2207 = EDGE_CURVE ('', #2195, #2202, #2206, .T.);
#2208 = ORIENTED_EDGE ('', *, *, #2207, .T.);
#2209 = CARTESIAN_POINT ('', (-22.5, 41., 3.5));
#2210 = VERTEX_POINT ('', #2209);
#2211 = CARTESIAN_POINT ('', (-22.5, 59., 3.5));
#2212 = CARTESIAN_POINT ('', (-22.5, 41., 3.5));
#2213 = B_SPLINE_CURVE_WITH_KNOTS ('', 1, (#2211, #2212), .UNSPECIFIED., .F., .U., (2, 2), (358., 376.), .UNSPECIFIED.);
#2214 = EDGE_CURVE ('', #2202, #2210, #2213, .T.);
#2215 = ORIENTED_EDGE ('', *, *, #2214, .T.);
#2216 = CARTESIAN_POINT ('', (-22., 40.5, 3.5));
#2217 = VERTEX_POINT ('', #2216);
#2218 = CARTESIAN_POINT ('', (-22.5, 41., 3.5));
#2219 = CARTESIAN_POINT ('', (-22.5, 40.5, 3.5));
#2220 = CARTESIAN_POINT ('', (-22., 40.5, 3.5));
#2221 = (
   BOUNDED_CURVE ()
   B_SPLINE_CURVE (2, (#2218, #2219, #2220), .UNSPECIFIED., .F., .U.)
   B_SPLINE_CURVE_WITH_KNOTS ((3, 3), (376., 377.), .UNSPECIFIED.)
   CURVE ()
   GEOMETRIC_REPRESENTATION_ITEM ()
   RATIONAL_B_SPLINE_CURVE ((1., 0.707106781186548, 1.))
   REPRESENTATION_ITEM ('')
);
#2222 = EDGE_CURVE ('', #2210, #2217, #2221, .T.);
#2223 = ORIENTED_EDGE ('', *, *, #2222, .T.);
#2224 = CARTESIAN_POINT ('', (-15.5, 40.5, 3.5));
#2225 = VERTEX_POINT ('', #2224);
#2226 = CARTESIAN_POINT ('', (-22., 40.5, 3.5));
#2227 = CARTESIAN_POINT ('', (-15.5, 40.5, 3.5));
#2228 = B_SPLINE_CURVE_WITH_KNOTS ('', 1, (#2226, #2227), .UNSPECIFIED., .F., .U., (2, 2), (377., 383.5), .UNSPECIFIED.);
#2229 = EDGE_CURVE ('', #2217, #2225, #2228, .T.);
#2230 = ORIENTED_EDGE ('', *, *, #2229, .T.);
#2231 = CARTESIAN_POINT ('', (-15.5, 41.5, 3.5));
#2232 = VERTEX_POINT ('', #2231);
#2233 = CARTESIAN_POINT ('', (-15.5, 40.5, 3.5));
#2234 = CARTESIAN_POINT ('', (-15., 40.5, 3.5));
#2235 = CARTESIAN_POINT ('', (-15., 41., 3.5));
#2236 = CARTESIAN_POINT ('', (-15., 41.5, 3.5));
#2237 = CARTESIAN_POINT ('', (-15.5, 41.5, 3.5));
#2238 = (
   BOUNDED_CURVE ()
   B_SPLINE_CURVE (2, (#2233, #2234, #2235, #2236, #2237), .UNSPECIFIED., .F., .U.)
   B_SPLINE_CURVE_WITH_KNOTS ((3, 2, 3), (383.5, 384., 384.5), .UNSPECIFIED.)
   CURVE ()
   GEOMETRIC_REPRESENTATION_ITEM ()
   RATIONAL_B_SPLINE_CURVE ((1., 0.707106781186548, 1., 0.707106781186548, 1.))
   REPRESENTATION_ITEM ('')
);
#2239 = EDGE_CURVE ('', #2225, #2232, #2238, .T.);
#2240 = ORIENTED_EDGE ('', *, *, #2239, .T.);
#2241 = CARTESIAN_POINT ('', (-19., 41.5, 3.5));
#2242 = VERTEX_POINT ('', #2241);
#2243 = CARTESIAN_POINT ('', (-15.5, 41.5, 3.5));
#2244 = CARTESIAN_POINT ('', (-19., 41.5, 3.5));
#2245 = B_SPLINE_CURVE_WITH_KNOTS ('', 1, (#2243, #2244), .UNSPECIFIED., .F., .U., (2, 2), (384.5, 385.5), .UNSPECIFIED.);
#2246 = EDGE_CURVE ('', #2232, #2242, #2245, .T.);
#2247 = ORIENTED_EDGE ('', *, *, #2246, .T.);
#2248 = CARTESIAN_POINT ('', (-19., 46.5, 3.5));
#2249 = VERTEX_POINT ('', #2248);
#2250 = CARTESIAN_POINT ('', (-19., 41.5, 3.5));
#2251 = CARTESIAN_POINT ('', (-21.5, 41.5, 3.5));
#2252 = CARTESIAN_POINT ('', (-21.5, 44., 3.5));
#2253 = CARTESIAN_POINT ('', (-21.5, 46.5, 3.5));
#2254 = CARTESIAN_POINT ('', (-19., 46.5, 3.5));
#2255 = (
   BOUNDED_CURVE ()
   B_SPLINE_CURVE (2, (#2250, #2251, #2252, #2253, #2254), .UNSPECIFIED., .F., .U.)
   B_SPLINE_CURVE_WITH_KNOTS ((3, 2, 3), (385.5, 386., 386.5), .UNSPECIFIED.)
   CURVE ()
   GEOMETRIC_REPRESENTATION_ITEM ()
   RATIONAL_B_SPLINE_CURVE ((1., 0.707106781186548, 1., 0.707106781186548, 1.))
   REPRESENTATION_ITEM ('')
);
#2256 = EDGE_CURVE ('', #2242, #2249, #2255, .T.);
#2257 = ORIENTED_EDGE ('', *, *, #2256, .T.);
#2258 = CARTESIAN_POINT ('', (-17., 46.5, 3.5));
#2259 = VERTEX_POINT ('', #2258);
#2260 = CARTESIAN_POINT ('', (-19., 46.5, 3.5));
#2261 = CARTESIAN_POINT ('', (-17., 46.5, 3.5));
#2262 = B_SPLINE_CURVE_WITH_KNOTS ('', 1, (#2260, #2261), .UNSPECIFIED., .F., .U., (2, 2), (386.5, 387.5), .UNSPECIFIED.);
#2263 = EDGE_CURVE ('', #2249, #2259, #2262, .T.);
#2264 = ORIENTED_EDGE ('', *, *, #2263, .T.);
#2265 = CARTESIAN_POINT ('', (-17., 47.5, 3.5));
#2266 = VERTEX_POINT ('', #2265);
#2267 = CARTESIAN_POINT ('', (-17., 46.5, 3.5));
#2268 = CARTESIAN_POINT ('', (-16.5, 46.5, 3.5));
#2269 = CARTESIAN_POINT ('', (-16.5, 47., 3.5));
#2270 = CARTESIAN_POINT ('', (-16.5, 47.5, 3.5));
#2271 = CARTESIAN_POINT ('', (-17., 47.5, 3.5));
#2272 = (
   BOUNDED_CURVE ()
   B_SPLINE_CURVE (2, (#2267, #2268, #2269, #2270, #2271), .UNSPECIFIED., .F., .U.)
   B_SPLINE_CURVE_WITH_KNOTS ((3, 2, 3), (387.5, 388., 388.5), .UNSPECIFIED.)
   CURVE ()
   GEOMETRIC_REPRESENTATION_ITEM ()
   RATIONAL_B_SPLINE_CURVE ((1., 0.707106781186548, 1., 0.707106781186548, 1.))
   REPRESENTATION_ITEM ('')
);
#2273 = EDGE_CURVE ('', #2259, #2266, #2272, .T.);
#2274 = ORIENTED_EDGE ('', *, *, #2273, .T.);
#2275 = CARTESIAN_POINT ('', (-17., 52.5, 3.5));
#2276 = VERTEX_POINT ('', #2275);
#2277 = CARTESIAN_POINT ('', (-17., 47.5, 3.5));
#2278 = CARTESIAN_POINT ('', (-19., 47.5, 3.5));
#2279 = CARTESIAN_POINT ('', (-19., 50., 3.5));
#2280 = CARTESIAN_POINT ('', (-19., 52.5, 3.5));
#2281 = CARTESIAN_POINT ('', (-17., 52.5, 3.5));
#2282 = (
   BOUNDED_CURVE ()
   B_SPLINE_CURVE (2, (#2277, #2278, #2279, #2280, #2281), .UNSPECIFIED., .F., .U.)
   B_SPLINE_CURVE_WITH_KNOTS ((3, 2, 3), (388.5, 389., 389.5), .UNSPECIFIED.)
   CURVE ()
   GEOMETRIC_REPRESENTATION_ITEM ()
   RATIONAL_B_SPLINE_CURVE ((1., 0.707106781186548, 1., 0.707106781186548, 1.))
   REPRESENTATION_ITEM ('')
);
#2283 = EDGE_CURVE ('', #2266, #2276, #2282, .T.);
#2284 = ORIENTED_EDGE ('', *, *, #2283, .T.);
#2285 = CARTESIAN_POINT ('', (-17., 52.5, 3.5));
#2286 = CARTESIAN_POINT ('', (-16.5, 52.5, 3.5));
#2287 = CARTESIAN_POINT ('', (-16.5, 53., 3.5));
#2288 = CARTESIAN_POINT ('', (-16.5, 53.5, 3.5));
#2289 = CARTESIAN_POINT ('', (-17., 53.5, 3.5));
#2290 = (
   BOUNDED_CURVE ()
   B_SPLINE_CURVE (2, (#2285, #2286, #2287, #2288, #2289), .UNSPECIFIED., .F., .U.)
   B_SPLINE_CURVE_WITH_KNOTS ((3, 2, 3), (345.5, 346., 346.5), .UNSPECIFIED.)
   CURVE ()
   GEOMETRIC_REPRESENTATION_ITEM ()
   RATIONAL_B_SPLINE_CURVE ((1., 0.707106781186548, 1., 0.707106781186548, 1.))
   REPRESENTATION_ITEM ('')
);
#2291 = EDGE_CURVE ('', #2276, #2159, #2290, .T.);
#2292 = ORIENTED_EDGE ('', *, *, #2291, .T.);
#2293 = EDGE_LOOP ('', (#2166, #2176, #2183, #2193, #2200, #2208, #2215, #2223, #2230, #2240, #2247, #2257, #2264, #2274, #2284, #2292));
#2294 = FACE_BOUND ('', #2293, .T.);
#2295 = CARTESIAN_POINT ('', (-15., 50., 3.5));
#2296 = VERTEX_POINT ('', #2295);
#2297 = CARTESIAN_POINT ('', (-16., 51., 3.5));
#2298 = VERTEX_POINT ('', #2297);
#2299 = CARTESIAN_POINT ('', (-15., 50., 3.5));
#2300 = CARTESIAN_POINT ('', (-15., 51., 3.5));
#2301 = CARTESIAN_POINT ('', (-16., 51., 3.5));
#2302 = (
   BOUNDED_CURVE ()
   B_SPLINE_CURVE (2, (#2299, #2300, #2301), .UNSPECIFIED., .F., .U.)
   B_SPLINE_CURVE_WITH_KNOTS ((3, 3), (301.5, 302.5), .UNSPECIFIED.)
   CURVE ()
   GEOMETRIC_REPRESENTATION_ITEM ()
   RATIONAL_B_SPLINE_CURVE ((1., 0.707106781186548, 1.))
   REPRESENTATION_ITEM ('')
);
#2303 = EDGE_CURVE ('', #2296, #2298, #2302, .T.);
#2304 = ORIENTED_EDGE ('', *, *, #2303, .T.);
#2305 = CARTESIAN_POINT ('', (-16., 49., 3.5));
#2306 = VERTEX_POINT ('', #2305);
#2307 = CARTESIAN_POINT ('', (-16., 51., 3.5));
#2308 = CARTESIAN_POINT ('', (-17., 51., 3.5));
#2309 = CARTESIAN_POINT ('', (-17., 50., 3.5));
#2310 = CARTESIAN_POINT ('', (-17., 49., 3.5));
#2311 = CARTESIAN_POINT ('', (-16., 49., 3.5));
#2312 = (
   BOUNDED_CURVE ()
   B_SPLINE_CURVE (2, (#2307, #2308, #2309, #2310, #2311), .UNSPECIFIED., .F., .U.)
   B_SPLINE_CURVE_WITH_KNOTS ((3, 2, 3), (302.5, 303., 303.5), .UNSPECIFIED.)
   CURVE ()
   GEOMETRIC_REPRESENTATION_ITEM ()
   RATIONAL_B_SPLINE_CURVE ((1., 0.707106781186548, 1., 0.707106781186548, 1.))
   REPRESENTATION_ITEM ('')
);
#2313 = EDGE_CURVE ('', #2298, #2306, #2312, .T.);
#2314 = ORIENTED_EDGE ('', *, *, #2313, .T.);
#2315 = CARTESIAN_POINT ('', (-16., 49., 3.5));
#2316 = CARTESIAN_POINT ('', (-15., 49., 3.5));
#2317 = CARTESIAN_POINT ('', (-15., 50., 3.5));
#2318 = (
   BOUNDED_CURVE ()
   B_SPLINE_CURVE (2, (#2315, #2316, #2317), .UNSPECIFIED., .F., .U.)
   B_SPLINE_CURVE_WITH_KNOTS ((3, 3), (300.5, 301.5), .UNSPECIFIED.)
   CURVE ()
   GEOMETRIC_REPRESENTATION_ITEM ()
   RATIONAL_B_SPLINE_CURVE ((1., 0.707106781186548, 1.))
   REPRESENTATION_ITEM ('')
);
#2319 = EDGE_CURVE ('', #2306, #2296, #2318, .T.);
#2320 = ORIENTED_EDGE ('', *, *, #2319, .T.);
#2321 = EDGE_LOOP ('', (#2304, #2314, #2320));
#2322 = FACE_BOUND ('', #2321, .T.);
#2323 = CARTESIAN_POINT ('', (-121., 46.5, 3.5));
#2324 = VERTEX_POINT ('', #2323);
#2325 = CARTESIAN_POINT ('', (-123., 46.5, 3.5));
#2326 = VERTEX_POINT ('', #2325);
#2327 = CARTESIAN_POINT ('', (-121., 46.5, 3.5));
#2328 = CARTESIAN_POINT ('', (-123., 46.5, 3.5));
#2329 = B_SPLINE_CURVE_WITH_KNOTS ('', 1, (#2327, #2328), .UNSPECIFIED., .F., .U., (2, 2), (603., 604.), .UNSPECIFIED.);
#2330 = EDGE_CURVE ('', #2324, #2326, #2329, .T.);
#2331 = ORIENTED_EDGE ('', *, *, #2330, .F.);
#2332 = CARTESIAN_POINT ('', (-121., 41.5, 3.5));
#2333 = VERTEX_POINT ('', #2332);
#2334 = CARTESIAN_POINT ('', (-121., 41.5, 3.5));
#2335 = CARTESIAN_POINT ('', (-118.5, 41.5, 3.5));
#2336 = CARTESIAN_POINT ('', (-118.5, 44., 3.5));
#2337 = CARTESIAN_POINT ('', (-118.5, 46.5, 3.5));
#2338 = CARTESIAN_POINT ('', (-121., 46.5, 3.5));
#2339 = (
   BOUNDED_CURVE ()
   B_SPLINE_CURVE (2, (#2334, #2335, #2336, #2337, #2338), .UNSPECIFIED., .F., .U.)
   B_SPLINE_CURVE_WITH_KNOTS ((3, 2, 3), (602., 602.5, 603.), .UNSPECIFIED.)
   CURVE ()
   GEOMETRIC_REPRESENTATION_ITEM ()
   RATIONAL_B_SPLINE_CURVE ((1., 0.707106781186548, 1., 0.707106781186548, 1.))
   REPRESENTATION_ITEM ('')
);
#2340 = EDGE_CURVE ('', #2333, #2324, #2339, .T.);
#2341 = ORIENTED_EDGE ('', *, *, #2340, .F.);
#2342 = CARTESIAN_POINT ('', (-124.5, 41.5, 3.5));
#2343 = VERTEX_POINT ('', #2342);
#2344 = CARTESIAN_POINT ('', (-124.5, 41.5, 3.5));
#2345 = CARTESIAN_POINT ('', (-121., 41.5, 3.5));
#2346 = B_SPLINE_CURVE_WITH_KNOTS ('', 1, (#2344, #2345), .UNSPECIFIED., .F., .U., (2, 2), (601., 602.), .UNSPECIFIED.);
#2347 = EDGE_CURVE ('', #2343, #2333, #2346, .T.);
#2348 = ORIENTED_EDGE ('', *, *, #2347, .F.);
#2349 = CARTESIAN_POINT ('', (-124.5, 40.5, 3.5));
#2350 = VERTEX_POINT ('', #2349);
#2351 = CARTESIAN_POINT ('', (-124.5, 40.5, 3.5));
#2352 = CARTESIAN_POINT ('', (-125., 40.5, 3.5));
#2353 = CARTESIAN_POINT ('', (-125., 41., 3.5));
#2354 = CARTESIAN_POINT ('', (-125., 41.5, 3.5));
#2355 = CARTESIAN_POINT ('', (-124.5, 41.5, 3.5));
#2356 = (
   BOUNDED_CURVE ()
   B_SPLINE_CURVE (2, (#2351, #2352, #2353, #2354, #2355), .UNSPECIFIED., .F., .U.)
   B_SPLINE_CURVE_WITH_KNOTS ((3, 2, 3), (600., 600.5, 601.), .UNSPECIFIED.)
   CURVE ()
   GEOMETRIC_REPRESENTATION_ITEM ()
   RATIONAL_B_SPLINE_CURVE ((1., 0.707106781186548, 1., 0.707106781186548, 1.))
   REPRESENTATION_ITEM ('')
);
#2357 = EDGE_CURVE ('', #2350, #2343, #2356, .T.);
#2358 = ORIENTED_EDGE ('', *, *, #2357, .F.);
#2359 = CARTESIAN_POINT ('', (-118., 40.5, 3.5));
#2360 = VERTEX_POINT ('', #2359);
#2361 = CARTESIAN_POINT ('', (-118., 40.5, 3.5));
#2362 = CARTESIAN_POINT ('', (-124.5, 40.5, 3.5));
#2363 = B_SPLINE_CURVE_WITH_KNOTS ('', 1, (#2361, #2362), .UNSPECIFIED., .F., .U., (2, 2), (593.5, 600.), .UNSPECIFIED.);
#2364 = EDGE_CURVE ('', #2360, #2350, #2363, .T.);
#2365 = ORIENTED_EDGE ('', *, *, #2364, .F.);
#2366 = CARTESIAN_POINT ('', (-117.5, 41., 3.5));
#2367 = VERTEX_POINT ('', #2366);
#2368 = CARTESIAN_POINT ('', (-117.5, 41., 3.5));
#2369 = CARTESIAN_POINT ('', (-117.5, 40.5, 3.5));
#2370 = CARTESIAN_POINT ('', (-118., 40.5, 3.5));
#2371 = (
   BOUNDED_CURVE ()
   B_SPLINE_CURVE (2, (#2368, #2369, #2370), .UNSPECIFIED., .F., .U.)
   B_SPLINE_CURVE_WITH_KNOTS ((3, 3), (592.5, 593.5), .UNSPECIFIED.)
   CURVE ()
   GEOMETRIC_REPRESENTATION_ITEM ()
   RATIONAL_B_SPLINE_CURVE ((1., 0.707106781186548, 1.))
   REPRESENTATION_ITEM ('')
);
#2372 = EDGE_CURVE ('', #2367, #2360, #2371, .T.);
#2373 = ORIENTED_EDGE ('', *, *, #2372, .F.);
#2374 = CARTESIAN_POINT ('', (-117.5, 59., 3.5));
#2375 = VERTEX_POINT ('', #2374);
#2376 = CARTESIAN_POINT ('', (-117.5, 59., 3.5));
#2377 = CARTESIAN_POINT ('', (-117.5, 41., 3.5));
#2378 = B_SPLINE_CURVE_WITH_KNOTS ('', 1, (#2376, #2377), .UNSPECIFIED., .F., .U., (2, 2), (574.5, 592.5), .UNSPECIFIED.);
#2379 = EDGE_CURVE ('', #2375, #2367, #2378, .T.);
#2380 = ORIENTED_EDGE ('', *, *, #2379, .F.);
#2381 = CARTESIAN_POINT ('', (-118., 59.5, 3.5));
#2382 = VERTEX_POINT ('', #2381);
#2383 = CARTESIAN_POINT ('', (-118., 59.5, 3.5));
#2384 = CARTESIAN_POINT ('', (-117.5, 59.5, 3.5));
#2385 = CARTESIAN_POINT ('', (-117.5, 59., 3.5));
#2386 = (
   BOUNDED_CURVE ()
   B_SPLINE_CURVE (2, (#2383, #2384, #2385), .UNSPECIFIED., .F., .U.)
   B_SPLINE_CURVE_WITH_KNOTS ((3, 3), (573.5, 574.5), .UNSPECIFIED.)
   CURVE ()
   GEOMETRIC_REPRESENTATION_ITEM ()
   RATIONAL_B_SPLINE_CURVE ((1., 0.707106781186548, 1.))
   REPRESENTATION_ITEM ('')
);
#2387 = EDGE_CURVE ('', #2382, #2375, #2386, .T.);
#2388 = ORIENTED_EDGE ('', *, *, #2387, .F.);
#2389 = CARTESIAN_POINT ('', (-124.5, 59.5, 3.5));
#2390 = VERTEX_POINT ('', #2389);
#2391 = CARTESIAN_POINT ('', (-124.5, 59.5, 3.5));
#2392 = CARTESIAN_POINT ('', (-118., 59.5, 3.5));
#2393 = B_SPLINE_CURVE_WITH_KNOTS ('', 1, (#2391, #2392), .UNSPECIFIED., .F., .U., (2, 2), (567., 573.5), .UNSPECIFIED.);
#2394 = EDGE_CURVE ('', #2390, #2382, #2393, .T.);
#2395 = ORIENTED_EDGE ('', *, *, #2394, .F.);
#2396 = CARTESIAN_POINT ('', (-124.5, 58.5, 3.5));
#2397 = VERTEX_POINT ('', #2396);
#2398 = CARTESIAN_POINT ('', (-124.5, 58.5, 3.5));
#2399 = CARTESIAN_POINT ('', (-125., 58.5, 3.5));
#2400 = CARTESIAN_POINT ('', (-125., 59., 3.5));
#2401 = CARTESIAN_POINT ('', (-125., 59.5, 3.5));
#2402 = CARTESIAN_POINT ('', (-124.5, 59.5, 3.5));
#2403 = (
   BOUNDED_CURVE ()
   B_SPLINE_CURVE (2, (#2398, #2399, #2400, #2401, #2402), .UNSPECIFIED., .F., .U.)
   B_SPLINE_CURVE_WITH_KNOTS ((3, 2, 3), (566., 566.5, 567.), .UNSPECIFIED.)
   CURVE ()
   GEOMETRIC_REPRESENTATION_ITEM ()
   RATIONAL_B_SPLINE_CURVE ((1., 0.707106781186548, 1., 0.707106781186548, 1.))
   REPRESENTATION_ITEM ('')
);
#2404 = EDGE_CURVE ('', #2397, #2390, #2403, .T.);
#2405 = ORIENTED_EDGE ('', *, *, #2404, .F.);
#2406 = CARTESIAN_POINT ('', (-121., 58.5, 3.5));
#2407 = VERTEX_POINT ('', #2406);
#2408 = CARTESIAN_POINT ('', (-121., 58.5, 3.5));
#2409 = CARTESIAN_POINT ('', (-124.5, 58.5, 3.5));
#2410 = B_SPLINE_CURVE_WITH_KNOTS ('', 1, (#2408, #2409), .UNSPECIFIED., .F., .U., (2, 2), (565., 566.), .UNSPECIFIED.);
#2411 = EDGE_CURVE ('', #2407, #2397, #2410, .T.);
#2412 = ORIENTED_EDGE ('', *, *, #2411, .F.);
#2413 = CARTESIAN_POINT ('', (-121., 53.5, 3.5));
#2414 = VERTEX_POINT ('', #2413);
#2415 = CARTESIAN_POINT ('', (-121., 53.5, 3.5));
#2416 = CARTESIAN_POINT ('', (-118.5, 53.5, 3.5));
#2417 = CARTESIAN_POINT ('', (-118.5, 56., 3.5));
#2418 = CARTESIAN_POINT ('', (-118.5, 58.5, 3.5));
#2419 = CARTESIAN_POINT ('', (-121., 58.5, 3.5));
#2420 = (
   BOUNDED_CURVE ()
   B_SPLINE_CURVE (2, (#2415, #2416, #2417, #2418, #2419), .UNSPECIFIED., .F., .U.)
   B_SPLINE_CURVE_WITH_KNOTS ((3, 2, 3), (564., 564.5, 565.), .UNSPECIFIED.)
   CURVE ()
   GEOMETRIC_REPRESENTATION_ITEM ()
   RATIONAL_B_SPLINE_CURVE ((1., 0.707106781186548, 1., 0.707106781186548, 1.))
   REPRESENTATION_ITEM ('')
);
#2421 = EDGE_CURVE ('', #2414, #2407, #2420, .T.);
#2422 = ORIENTED_EDGE ('', *, *, #2421, .F.);
#2423 = CARTESIAN_POINT ('', (-123., 53.5, 3.5));
#2424 = VERTEX_POINT ('', #2423);
#2425 = CARTESIAN_POINT ('', (-123., 53.5, 3.5));
#2426 = CARTESIAN_POINT ('', (-121., 53.5, 3.5));
#2427 = B_SPLINE_CURVE_WITH_KNOTS ('', 1, (#2425, #2426), .UNSPECIFIED., .F., .U., (2, 2), (563., 564.), .UNSPECIFIED.);
#2428 = EDGE_CURVE ('', #2424, #2414, #2427, .T.);
#2429 = ORIENTED_EDGE ('', *, *, #2428, .F.);
#2430 = CARTESIAN_POINT ('', (-123., 52.5, 3.5));
#2431 = VERTEX_POINT ('', #2430);
#2432 = CARTESIAN_POINT ('', (-123., 52.5, 3.5));
#2433 = CARTESIAN_POINT ('', (-123.5, 52.5, 3.5));
#2434 = CARTESIAN_POINT ('', (-123.5, 53., 3.5));
#2435 = CARTESIAN_POINT ('', (-123.5, 53.5, 3.5));
#2436 = CARTESIAN_POINT ('', (-123., 53.5, 3.5));
#2437 = (
   BOUNDED_CURVE ()
   B_SPLINE_CURVE (2, (#2432, #2433, #2434, #2435, #2436), .UNSPECIFIED., .F., .U.)
   B_SPLINE_CURVE_WITH_KNOTS ((3, 2, 3), (562., 562.5, 563.), .UNSPECIFIED.)
   CURVE ()
   GEOMETRIC_REPRESENTATION_ITEM ()
   RATIONAL_B_SPLINE_CURVE ((1., 0.707106781186548, 1., 0.707106781186548, 1.))
   REPRESENTATION_ITEM ('')
);
#2438 = EDGE_CURVE ('', #2431, #2424, #2437, .T.);
#2439 = ORIENTED_EDGE ('', *, *, #2438, .F.);
#2440 = CARTESIAN_POINT ('', (-123., 47.5, 3.5));
#2441 = VERTEX_POINT ('', #2440);
#2442 = CARTESIAN_POINT ('', (-123., 47.5, 3.5));
#2443 = CARTESIAN_POINT ('', (-121., 47.5, 3.5));
#2444 = CARTESIAN_POINT ('', (-121., 50., 3.5));
#2445 = CARTESIAN_POINT ('', (-121., 52.5, 3.5));
#2446 = CARTESIAN_POINT ('', (-123., 52.5, 3.5));
#2447 = (
   BOUNDED_CURVE ()
   B_SPLINE_CURVE (2, (#2442, #2443, #2444, #2445, #2446), .UNSPECIFIED., .F., .U.)
   B_SPLINE_CURVE_WITH_KNOTS ((3, 2, 3), (605., 605.5, 606.), .UNSPECIFIED.)
   CURVE ()
   GEOMETRIC_REPRESENTATION_ITEM ()
   RATIONAL_B_SPLINE_CURVE ((1., 0.707106781186548, 1., 0.707106781186548, 1.))
   REPRESENTATION_ITEM ('')
);
#2448 = EDGE_CURVE ('', #2441, #2431, #2447, .T.);
#2449 = ORIENTED_EDGE ('', *, *, #2448, .F.);
#2450 = CARTESIAN_POINT ('', (-123., 46.5, 3.5));
#2451 = CARTESIAN_POINT ('', (-123.5, 46.5, 3.5));
#2452 = CARTESIAN_POINT ('', (-123.5, 47., 3.5));
#2453 = CARTESIAN_POINT ('', (-123.5, 47.5, 3.5));
#2454 = CARTESIAN_POINT ('', (-123., 47.5, 3.5));
#2455 = (
   BOUNDED_CURVE ()
   B_SPLINE_CURVE (2, (#2450, #2451, #2452, #2453, #2454), .UNSPECIFIED., .F., .U.)
   B_SPLINE_CURVE_WITH_KNOTS ((3, 2, 3), (604., 604.5, 605.), .UNSPECIFIED.)
   CURVE ()
   GEOMETRIC_REPRESENTATION_ITEM ()
   RATIONAL_B_SPLINE_CURVE ((1., 0.707106781186548, 1., 0.707106781186548, 1.))
   REPRESENTATION_ITEM ('')
);
#2456 = EDGE_CURVE ('', #2326, #2441, #2455, .T.);
#2457 = ORIENTED_EDGE ('', *, *, #2456, .F.);
#2458 = EDGE_LOOP ('', (#2331, #2341, #2348, #2358, #2365, #2373, #2380, #2388, #2395, #2405, #2412, #2422, #2429, #2439, #2449, #2457));
#2459 = FACE_BOUND ('', #2458, .T.);
#2460 = CARTESIAN_POINT ('', (-124., 49., 3.5));
#2461 = VERTEX_POINT ('', #2460);
#2462 = CARTESIAN_POINT ('', (-125., 50., 3.5));
#2463 = VERTEX_POINT ('', #2462);
#2464 = CARTESIAN_POINT ('', (-124., 49., 3.5));
#2465 = CARTESIAN_POINT ('', (-125., 49., 3.5));
#2466 = CARTESIAN_POINT ('', (-125., 50., 3.5));
#2467 = (
   BOUNDED_CURVE ()
   B_SPLINE_CURVE (2, (#2464, #2465, #2466), .UNSPECIFIED., .F., .U.)
   B_SPLINE_CURVE_WITH_KNOTS ((3, 3), (517., 518.), .UNSPECIFIED.)
   CURVE ()
   GEOMETRIC_REPRESENTATION_ITEM ()
   RATIONAL_B_SPLINE_CURVE ((1., 0.707106781186548, 1.))
   REPRESENTATION_ITEM ('')
);
#2468 = EDGE_CURVE ('', #2461, #2463, #2467, .T.);
#2469 = ORIENTED_EDGE ('', *, *, #2468, .F.);
#2470 = CARTESIAN_POINT ('', (-124., 51., 3.5));
#2471 = VERTEX_POINT ('', #2470);
#2472 = CARTESIAN_POINT ('', (-124., 51., 3.5));
#2473 = CARTESIAN_POINT ('', (-123., 51., 3.5));
#2474 = CARTESIAN_POINT ('', (-123., 50., 3.5));
#2475 = CARTESIAN_POINT ('', (-123., 49., 3.5));
#2476 = CARTESIAN_POINT ('', (-124., 49., 3.5));
#2477 = (
   BOUNDED_CURVE ()
   B_SPLINE_CURVE (2, (#2472, #2473, #2474, #2475, #2476), .UNSPECIFIED., .F., .U.)
   B_SPLINE_CURVE_WITH_KNOTS ((3, 2, 3), (519., 519.5, 520.), .UNSPECIFIED.)
   CURVE ()
   GEOMETRIC_REPRESENTATION_ITEM ()
   RATIONAL_B_SPLINE_CURVE ((1., 0.707106781186548, 1., 0.707106781186548, 1.))
   REPRESENTATION_ITEM ('')
);
#2478 = EDGE_CURVE ('', #2471, #2461, #2477, .T.);
#2479 = ORIENTED_EDGE ('', *, *, #2478, .F.);
#2480 = CARTESIAN_POINT ('', (-125., 50., 3.5));
#2481 = CARTESIAN_POINT ('', (-125., 51., 3.5));
#2482 = CARTESIAN_POINT ('', (-124., 51., 3.5));
#2483 = (
   BOUNDED_CURVE ()
   B_SPLINE_CURVE (2, (#2480, #2481, #2482), .UNSPECIFIED., .F., .U.)
   B_SPLINE_CURVE_WITH_KNOTS ((3, 3), (518., 519.), .UNSPECIFIED.)
   CURVE ()
   GEOMETRIC_REPRESENTATION_ITEM ()
   RATIONAL_B_SPLINE_CURVE ((1., 0.707106781186548, 1.))
   REPRESENTATION_ITEM ('')
);
#2484 = EDGE_CURVE ('', #2463, #2471, #2483, .T.);
#2485 = ORIENTED_EDGE ('', *, *, #2484, .F.);
#2486 = EDGE_LOOP ('', (#2469, #2479, #2485));
#2487 = FACE_BOUND ('', #2486, .T.);
#2488 = CARTESIAN_POINT ('', (-99.25, 11., 3.5));
#2489 = VERTEX_POINT ('', #2488);
#2490 = CARTESIAN_POINT ('', (-100.25, 12., 3.5));
#2491 = VERTEX_POINT ('', #2490);
#2492 = CARTESIAN_POINT ('', (-99.25, 11., 3.5));
#2493 = CARTESIAN_POINT ('', (-100.25, 11., 3.5));
#2494 = CARTESIAN_POINT ('', (-100.25, 12., 3.5));
#2495 = (
   BOUNDED_CURVE ()
   B_SPLINE_CURVE (2, (#2492, #2493, #2494), .UNSPECIFIED., .F., .U.)
   B_SPLINE_CURVE_WITH_KNOTS ((3, 3), (739.75, 740.75), .UNSPECIFIED.)
   CURVE ()
   GEOMETRIC_REPRESENTATION_ITEM ()
   RATIONAL_B_SPLINE_CURVE ((1., 0.707106781186548, 1.))
   REPRESENTATION_ITEM ('')
);
#2496 = EDGE_CURVE ('', #2489, #2491, #2495, .T.);
#2497 = ORIENTED_EDGE ('', *, *, #2496, .F.);
#2498 = CARTESIAN_POINT ('', (-99.25, 13., 3.5));
#2499 = VERTEX_POINT ('', #2498);
#2500 = CARTESIAN_POINT ('', (-99.25, 13., 3.5));
#2501 = CARTESIAN_POINT ('', (-98.25, 13., 3.5));
#2502 = CARTESIAN_POINT ('', (-98.25, 12., 3.5));
#2503 = CARTESIAN_POINT ('', (-98.25, 11., 3.5));
#2504 = CARTESIAN_POINT ('', (-99.25, 11., 3.5));
#2505 = (
   BOUNDED_CURVE ()
   B_SPLINE_CURVE (2, (#2500, #2501, #2502, #2503, #2504), .UNSPECIFIED., .F., .U.)
   B_SPLINE_CURVE_WITH_KNOTS ((3, 2, 3), (741.75, 742.25, 742.75), .UNSPECIFIED.)
   CURVE ()
   GEOMETRIC_REPRESENTATION_ITEM ()
   RATIONAL_B_SPLINE_CURVE ((1., 0.707106781186548, 1., 0.707106781186548, 1.))
   REPRESENTATION_ITEM ('')
);
#2506 = EDGE_CURVE ('', #2499, #2489, #2505, .T.);
#2507 = ORIENTED_EDGE ('', *, *, #2506, .F.);
#2508 = CARTESIAN_POINT ('', (-100.25, 12., 3.5));
#2509 = CARTESIAN_POINT ('', (-100.25, 13., 3.5));
#2510 = CARTESIAN_POINT ('', (-99.25, 13., 3.5));
#2511 = (
   BOUNDED_CURVE ()
   B_SPLINE_CURVE (2, (#2508, #2509, #2510), .UNSPECIFIED., .F., .U.)
   B_SPLINE_CURVE_WITH_KNOTS ((3, 3), (740.75, 741.75), .UNSPECIFIED.)
   CURVE ()
   GEOMETRIC_REPRESENTATION_ITEM ()
   RATIONAL_B_SPLINE_CURVE ((1., 0.707106781186548, 1.))
   REPRESENTATION_ITEM ('')
);
#2512 = EDGE_CURVE ('', #2491, #2499, #2511, .T.);
#2513 = ORIENTED_EDGE ('', *, *, #2512, .F.);
#2514 = EDGE_LOOP ('', (#2497, #2507, #2513));
#2515 = FACE_BOUND ('', #2514, .T.);
#2516 = CARTESIAN_POINT ('', (-77.75, 12., 3.5));
#2517 = VERTEX_POINT ('', #2516);
#2518 = CARTESIAN_POINT ('', (-78.75, 13., 3.5));
#2519 = VERTEX_POINT ('', #2518);
#2520 = CARTESIAN_POINT ('', (-77.75, 12., 3.5));
#2521 = CARTESIAN_POINT ('', (-77.75, 13., 3.5));
#2522 = CARTESIAN_POINT ('', (-78.75, 13., 3.5));
#2523 = (
   BOUNDED_CURVE ()
   B_SPLINE_CURVE (2, (#2520, #2521, #2522), .UNSPECIFIED., .F., .U.)
   B_SPLINE_CURVE_WITH_KNOTS ((3, 3), (702.25, 703.25), .UNSPECIFIED.)
   CURVE ()
   GEOMETRIC_REPRESENTATION_ITEM ()
   RATIONAL_B_SPLINE_CURVE ((1., 0.707106781186548, 1.))
   REPRESENTATION_ITEM ('')
);
#2524 = EDGE_CURVE ('', #2517, #2519, #2523, .T.);
#2525 = ORIENTED_EDGE ('', *, *, #2524, .T.);
#2526 = CARTESIAN_POINT ('', (-78.75, 11., 3.5));
#2527 = VERTEX_POINT ('', #2526);
#2528 = CARTESIAN_POINT ('', (-78.75, 13., 3.5));
#2529 = CARTESIAN_POINT ('', (-79.75, 13., 3.5));
#2530 = CARTESIAN_POINT ('', (-79.75, 12., 3.5));
#2531 = CARTESIAN_POINT ('', (-79.75, 11., 3.5));
#2532 = CARTESIAN_POINT ('', (-78.75, 11., 3.5));
#2533 = (
   BOUNDED_CURVE ()
   B_SPLINE_CURVE (2, (#2528, #2529, #2530, #2531, #2532), .UNSPECIFIED., .F., .U.)
   B_SPLINE_CURVE_WITH_KNOTS ((3, 2, 3), (703.25, 703.75, 704.25), .UNSPECIFIED.)
   CURVE ()
   GEOMETRIC_REPRESENTATION_ITEM ()
   RATIONAL_B_SPLINE_CURVE ((1., 0.707106781186548, 1., 0.707106781186548, 1.))
   REPRESENTATION_ITEM ('')
);
#2534 = EDGE_CURVE ('', #2519, #2527, #2533, .T.);
#2535 = ORIENTED_EDGE ('', *, *, #2534, .T.);
#2536 = CARTESIAN_POINT ('', (-78.75, 11., 3.5));
#2537 = CARTESIAN_POINT ('', (-77.75, 11., 3.5));
#2538 = CARTESIAN_POINT ('', (-77.75, 12., 3.5));
#2539 = (
   BOUNDED_CURVE ()
   B_SPLINE_CURVE (2, (#2536, #2537, #2538), .UNSPECIFIED., .F., .U.)
   B_SPLINE_CURVE_WITH_KNOTS ((3, 3), (701.25, 702.25), .UNSPECIFIED.)
   CURVE ()
   GEOMETRIC_REPRESENTATION_ITEM ()
   RATIONAL_B_SPLINE_CURVE ((1., 0.707106781186548, 1.))
   REPRESENTATION_ITEM ('')
);
#2540 = EDGE_CURVE ('', #2527, #2517, #2539, .T.);
#2541 = ORIENTED_EDGE ('', *, *, #2540, .T.);
#2542 = EDGE_LOOP ('', (#2525, #2535, #2541));
#2543 = FACE_BOUND ('', #2542, .T.);
#2544 = CARTESIAN_POINT ('', (-41.375, 18.5, 3.5));
#2545 = VERTEX_POINT ('', #2544);
#2546 = CARTESIAN_POINT ('', (-40.875, 19., 3.5));
#2547 = VERTEX_POINT ('', #2546);
#2548 = CARTESIAN_POINT ('', (-41.375, 18.5, 3.5));
#2549 = CARTESIAN_POINT ('', (-41.375, 19., 3.5));
#2550 = CARTESIAN_POINT ('', (-40.875, 19., 3.5));
#2551 = (
   BOUNDED_CURVE ()
   B_SPLINE_CURVE (2, (#2548, #2549, #2550), .UNSPECIFIED., .F., .U.)
   B_SPLINE_CURVE_WITH_KNOTS ((3, 3), (90.010989010989, 91.010989010989), .UNSPECIFIED.)
   CURVE ()
   GEOMETRIC_REPRESENTATION_ITEM ()
   RATIONAL_B_SPLINE_CURVE ((1., 0.707106781186553, 1.))
   REPRESENTATION_ITEM ('')
);
#2552 = EDGE_CURVE ('', #2545, #2547, #2551, .T.);
#2553 = ORIENTED_EDGE ('', *, *, #2552, .F.);
#2554 = CARTESIAN_POINT ('', (-41.375, 14., 3.5));
#2555 = VERTEX_POINT ('', #2554);
#2556 = CARTESIAN_POINT ('', (-41.375, 14., 3.5));
#2557 = CARTESIAN_POINT ('', (-41.375, 18.5, 3.5));
#2558 = B_SPLINE_CURVE_WITH_KNOTS ('', 1, (#2556, #2557), .UNSPECIFIED., .F., .U., (2, 2), (89.510989010989, 90.010989010989), .UNSPECIFIED.);
#2559 = EDGE_CURVE ('', #2555, #2545, #2558, .T.);
#2560 = ORIENTED_EDGE ('', *, *, #2559, .F.);
#2561 = CARTESIAN_POINT ('', (-42.875, 14., 3.5));
#2562 = VERTEX_POINT ('', #2561);
#2563 = CARTESIAN_POINT ('', (-42.875, 14., 3.5));
#2564 = CARTESIAN_POINT ('', (-41.375, 14., 3.5));
#2565 = B_SPLINE_CURVE_WITH_KNOTS ('', 1, (#2563, #2564), .UNSPECIFIED., .F., .U., (2, 2), (88.010989010989, 89.510989010989), .UNSPECIFIED.);
#2566 = EDGE_CURVE ('', #2562, #2555, #2565, .T.);
#2567 = ORIENTED_EDGE ('', *, *, #2566, .F.);
#2568 = CARTESIAN_POINT ('', (-42.875, 18.25, 3.5));
#2569 = VERTEX_POINT ('', #2568);
#2570 = CARTESIAN_POINT ('', (-42.875, 18.25, 3.5));
#2571 = CARTESIAN_POINT ('', (-42.875, 14., 3.5));
#2572 = B_SPLINE_CURVE_WITH_KNOTS ('', 1, (#2570, #2571), .UNSPECIFIED., .F., .U., (2, 2), (87.760989010989, 88.010989010989), .UNSPECIFIED.);
#2573 = EDGE_CURVE ('', #2569, #2562, #2572, .T.);
#2574 = ORIENTED_EDGE ('', *, *, #2573, .F.);
#2575 = CARTESIAN_POINT ('', (-43.375, 18.75, 3.5));
#2576 = VERTEX_POINT ('', #2575);
#2577 = CARTESIAN_POINT ('', (-43.375, 18.75, 3.5));
#2578 = CARTESIAN_POINT ('', (-42.875, 18.75, 3.5));
#2579 = CARTESIAN_POINT ('', (-42.875, 18.25, 3.5));
#2580 = (
   BOUNDED_CURVE ()
   B_SPLINE_CURVE (2, (#2577, #2578, #2579), .UNSPECIFIED., .F., .U.)
   B_SPLINE_CURVE_WITH_KNOTS ((3, 3), (86.760989010989, 87.760989010989), .UNSPECIFIED.)
   CURVE ()
   GEOMETRIC_REPRESENTATION_ITEM ()
   RATIONAL_B_SPLINE_CURVE ((1., 0.707106781186548, 1.))
   REPRESENTATION_ITEM ('')
);
#2581 = EDGE_CURVE ('', #2576, #2569, #2580, .T.);
#2582 = ORIENTED_EDGE ('', *, *, #2581, .F.);
#2583 = CARTESIAN_POINT ('', (-44.625, 18.75, 3.5));
#2584 = VERTEX_POINT ('', #2583);
#2585 = CARTESIAN_POINT ('', (-44.625, 18.75, 3.5));
#2586 = CARTESIAN_POINT ('', (-43.375, 18.75, 3.5));
#2587 = B_SPLINE_CURVE_WITH_KNOTS ('', 1, (#2585, #2586), .UNSPECIFIED., .F., .U., (2, 2), (85.3324175824176, 86.760989010989), .UNSPECIFIED.);
#2588 = EDGE_CURVE ('', #2584, #2576, #2587, .T.);
#2589 = ORIENTED_EDGE ('', *, *, #2588, .F.);
#2590 = CARTESIAN_POINT ('', (-44.625, 19.5, 3.5));
#2591 = VERTEX_POINT ('', #2590);
#2592 = CARTESIAN_POINT ('', (-44.625, 19.5, 3.5));
#2593 = CARTESIAN_POINT ('', (-44.625, 18.75, 3.5));
#2594 = B_SPLINE_CURVE_WITH_KNOTS ('', 1, (#2592, #2593), .UNSPECIFIED., .F., .U., (2, 2), (84.5824175824176, 85.3324175824176), .UNSPECIFIED.);
#2595 = EDGE_CURVE ('', #2591, #2584, #2594, .T.);
#2596 = ORIENTED_EDGE ('', *, *, #2595, .F.);
#2597 = CARTESIAN_POINT ('', (-45.125, 20., 3.5));
#2598 = VERTEX_POINT ('', #2597);
#2599 = CARTESIAN_POINT ('', (-45.125, 20., 3.5));
#2600 = CARTESIAN_POINT ('', (-44.625, 20., 3.5));
#2601 = CARTESIAN_POINT ('', (-44.625, 19.5, 3.5));
#2602 = (
   BOUNDED_CURVE ()
   B_SPLINE_CURVE (2, (#2599, #2600, #2601), .UNSPECIFIED., .F., .U.)
   B_SPLINE_CURVE_WITH_KNOTS ((3, 3), (83.5824175824176, 84.5824175824176), .UNSPECIFIED.)
   CURVE ()
   GEOMETRIC_REPRESENTATION_ITEM ()
   RATIONAL_B_SPLINE_CURVE ((1., 0.707106781186543, 1.))
   REPRESENTATION_ITEM ('')
);
#2603 = EDGE_CURVE ('', #2598, #2591, #2602, .T.);
#2604 = ORIENTED_EDGE ('', *, *, #2603, .F.);
#2605 = CARTESIAN_POINT ('', (-47.375, 20., 3.5));
#2606 = VERTEX_POINT ('', #2605);
#2607 = CARTESIAN_POINT ('', (-47.375, 20., 3.5));
#2608 = CARTESIAN_POINT ('', (-45.125, 20., 3.5));
#2609 = B_SPLINE_CURVE_WITH_KNOTS ('', 1, (#2607, #2608), .UNSPECIFIED., .F., .U., (2, 2), (81.5054945054945, 83.5824175824176), .UNSPECIFIED.);
#2610 = EDGE_CURVE ('', #2606, #2598, #2609, .T.);
#2611 = ORIENTED_EDGE ('', *, *, #2610, .F.);
#2612 = CARTESIAN_POINT ('', (-47.875, 19.5, 3.5));
#2613 = VERTEX_POINT ('', #2612);
#2614 = CARTESIAN_POINT ('', (-47.875, 19.5, 3.5));
#2615 = CARTESIAN_POINT ('', (-47.875, 20., 3.5));
#2616 = CARTESIAN_POINT ('', (-47.375, 20., 3.5));
#2617 = (
   BOUNDED_CURVE ()
   B_SPLINE_CURVE (2, (#2614, #2615, #2616), .UNSPECIFIED., .F., .U.)
   B_SPLINE_CURVE_WITH_KNOTS ((3, 3), (80.5054945054945, 81.5054945054945), .UNSPECIFIED.)
   CURVE ()
   GEOMETRIC_REPRESENTATION_ITEM ()
   RATIONAL_B_SPLINE_CURVE ((1., 0.707106781186537, 1.))
   REPRESENTATION_ITEM ('')
);
#2618 = EDGE_CURVE ('', #2613, #2606, #2617, .T.);
#2619 = ORIENTED_EDGE ('', *, *, #2618, .F.);
#2620 = CARTESIAN_POINT ('', (-47.875, 18.75, 3.5));
#2621 = VERTEX_POINT ('', #2620);
#2622 = CARTESIAN_POINT ('', (-47.875, 18.75, 3.5));
#2623 = CARTESIAN_POINT ('', (-47.875, 19.5, 3.5));
#2624 = B_SPLINE_CURVE_WITH_KNOTS ('', 1, (#2622, #2623), .UNSPECIFIED., .F., .U., (2, 2), (79.7554945054945, 80.5054945054945), .UNSPECIFIED.);
#2625 = EDGE_CURVE ('', #2621, #2613, #2624, .T.);
#2626 = ORIENTED_EDGE ('', *, *, #2625, .F.);
#2627 = CARTESIAN_POINT ('', (-49.125, 18.75, 3.5));
#2628 = VERTEX_POINT ('', #2627);
#2629 = CARTESIAN_POINT ('', (-49.125, 18.75, 3.5));
#2630 = CARTESIAN_POINT ('', (-47.875, 18.75, 3.5));
#2631 = B_SPLINE_CURVE_WITH_KNOTS ('', 1, (#2629, #2630), .UNSPECIFIED., .F., .U., (2, 2), (78.5054945054945, 79.7554945054945), .UNSPECIFIED.);
#2632 = EDGE_CURVE ('', #2628, #2621, #2631, .T.);
#2633 = ORIENTED_EDGE ('', *, *, #2632, .F.);
#2634 = CARTESIAN_POINT ('', (-49.625, 18.25, 3.5));
#2635 = VERTEX_POINT ('', #2634);
#2636 = CARTESIAN_POINT ('', (-49.625, 18.25, 3.5));
#2637 = CARTESIAN_POINT ('', (-49.625, 18.75, 3.5));
#2638 = CARTESIAN_POINT ('', (-49.125, 18.75, 3.5));
#2639 = (
   BOUNDED_CURVE ()
   B_SPLINE_CURVE (2, (#2636, #2637, #2638), .UNSPECIFIED., .F., .U.)
   B_SPLINE_CURVE_WITH_KNOTS ((3, 3), (77.5054945054945, 78.5054945054945), .UNSPECIFIED.)
   CURVE ()
   GEOMETRIC_REPRESENTATION_ITEM ()
   RATIONAL_B_SPLINE_CURVE ((1., 0.70710678118656, 1.))
   REPRESENTATION_ITEM ('')
);
#2640 = EDGE_CURVE ('', #2635, #2628, #2639, .T.);
#2641 = ORIENTED_EDGE ('', *, *, #2640, .F.);
#2642 = CARTESIAN_POINT ('', (-49.625, 14., 3.5));
#2643 = VERTEX_POINT ('', #2642);
#2644 = CARTESIAN_POINT ('', (-49.625, 14., 3.5));
#2645 = CARTESIAN_POINT ('', (-49.625, 18.25, 3.5));
#2646 = B_SPLINE_CURVE_WITH_KNOTS ('', 1, (#2644, #2645), .UNSPECIFIED., .F., .U., (2, 2), (73.2554945054945, 77.5054945054945), .UNSPECIFIED.);
#2647 = EDGE_CURVE ('', #2643, #2635, #2646, .T.);
#2648 = ORIENTED_EDGE ('', *, *, #2647, .F.);
#2649 = CARTESIAN_POINT ('', (-50.125, 14., 3.5));
#2650 = VERTEX_POINT ('', #2649);
#2651 = CARTESIAN_POINT ('', (-50.125, 14., 3.5));
#2652 = CARTESIAN_POINT ('', (-49.625, 14., 3.5));
#2653 = B_SPLINE_CURVE_WITH_KNOTS ('', 1, (#2651, #2652), .UNSPECIFIED., .F., .U., (2, 2), (72.7554945054945, 73.2554945054945), .UNSPECIFIED.);
#2654 = EDGE_CURVE ('', #2650, #2643, #2653, .T.);
#2655 = ORIENTED_EDGE ('', *, *, #2654, .F.);
#2656 = CARTESIAN_POINT ('', (-50.625, 13.5, 3.5));
#2657 = VERTEX_POINT ('', #2656);
#2658 = CARTESIAN_POINT ('', (-50.625, 13.5, 3.5));
#2659 = CARTESIAN_POINT ('', (-50.625, 14., 3.5));
#2660 = CARTESIAN_POINT ('', (-50.125, 14., 3.5));
#2661 = (
   BOUNDED_CURVE ()
   B_SPLINE_CURVE (2, (#2658, #2659, #2660), .UNSPECIFIED., .F., .U.)
   B_SPLINE_CURVE_WITH_KNOTS ((3, 3), (71.7554945054945, 72.7554945054945), .UNSPECIFIED.)
   CURVE ()
   GEOMETRIC_REPRESENTATION_ITEM ()
   RATIONAL_B_SPLINE_CURVE ((1., 0.707106781186548, 1.))
   REPRESENTATION_ITEM ('')
);
#2662 = EDGE_CURVE ('', #2657, #2650, #2661, .T.);
#2663 = ORIENTED_EDGE ('', *, *, #2662, .F.);
#2664 = CARTESIAN_POINT ('', (-50.625, 10.25, 3.5));
#2665 = VERTEX_POINT ('', #2664);
#2666 = CARTESIAN_POINT ('', (-50.625, 10.25, 3.5));
#2667 = CARTESIAN_POINT ('', (-50.625, 13.5, 3.5));
#2668 = B_SPLINE_CURVE_WITH_KNOTS ('', 1, (#2666, #2667), .UNSPECIFIED., .F., .U., (2, 2), (68.5054945054945, 71.7554945054945), .UNSPECIFIED.);
#2669 = EDGE_CURVE ('', #2665, #2657, #2668, .T.);
#2670 = ORIENTED_EDGE ('', *, *, #2669, .F.);
#2671 = CARTESIAN_POINT ('', (-50.125, 9.75000000000001, 3.5));
#2672 = VERTEX_POINT ('', #2671);
#2673 = CARTESIAN_POINT ('', (-50.125, 9.75000000000001, 3.5));
#2674 = CARTESIAN_POINT ('', (-50.625, 9.75, 3.5));
#2675 = CARTESIAN_POINT ('', (-50.625, 10.25, 3.5));
#2676 = (
   BOUNDED_CURVE ()
   B_SPLINE_CURVE (2, (#2673, #2674, #2675), .UNSPECIFIED., .F., .U.)
   B_SPLINE_CURVE_WITH_KNOTS ((3, 3), (67.5054945054945, 68.5054945054945), .UNSPECIFIED.)
   CURVE ()
   GEOMETRIC_REPRESENTATION_ITEM ()
   RATIONAL_B_SPLINE_CURVE ((1., 0.707106781186543, 1.))
   REPRESENTATION_ITEM ('')
);
#2677 = EDGE_CURVE ('', #2672, #2665, #2676, .T.);
#2678 = ORIENTED_EDGE ('', *, *, #2677, .F.);
#2679 = CARTESIAN_POINT ('', (-49.625, 9.75000000000001, 3.5));
#2680 = VERTEX_POINT ('', #2679);
#2681 = CARTESIAN_POINT ('', (-49.625, 9.75000000000001, 3.5));
#2682 = CARTESIAN_POINT ('', (-50.125, 9.75000000000001, 3.5));
#2683 = B_SPLINE_CURVE_WITH_KNOTS ('', 1, (#2681, #2682), .UNSPECIFIED., .F., .U., (2, 2), (67.0054945054945, 67.5054945054945), .UNSPECIFIED.);
#2684 = EDGE_CURVE ('', #2680, #2672, #2683, .T.);
#2685 = ORIENTED_EDGE ('', *, *, #2684, .F.);
#2686 = CARTESIAN_POINT ('', (-49.625, 7.00000000000001, 3.5));
#2687 = VERTEX_POINT ('', #2686);
#2688 = CARTESIAN_POINT ('', (-49.625, 7.00000000000001, 3.5));
#2689 = CARTESIAN_POINT ('', (-49.625, 9.75000000000001, 3.5));
#2690 = B_SPLINE_CURVE_WITH_KNOTS ('', 1, (#2688, #2689), .UNSPECIFIED., .F., .U., (2, 2), (64.2554945054945, 67.0054945054945), .UNSPECIFIED.);
#2691 = EDGE_CURVE ('', #2687, #2680, #2690, .T.);
#2692 = ORIENTED_EDGE ('', *, *, #2691, .F.);
#2693 = CARTESIAN_POINT ('', (-49.125, 6.50000000000001, 3.5));
#2694 = VERTEX_POINT ('', #2693);
#2695 = CARTESIAN_POINT ('', (-49.125, 6.50000000000001, 3.5));
#2696 = CARTESIAN_POINT ('', (-49.625, 6.50000000000001, 3.5));
#2697 = CARTESIAN_POINT ('', (-49.625, 7.00000000000001, 3.5));
#2698 = (
   BOUNDED_CURVE ()
   B_SPLINE_CURVE (2, (#2695, #2696, #2697), .UNSPECIFIED., .F., .U.)
   B_SPLINE_CURVE_WITH_KNOTS ((3, 3), (63.2554945054945, 64.2554945054945), .UNSPECIFIED.)
   CURVE ()
   GEOMETRIC_REPRESENTATION_ITEM ()
   RATIONAL_B_SPLINE_CURVE ((1., 0.707106781186553, 1.))
   REPRESENTATION_ITEM ('')
);
#2699 = EDGE_CURVE ('', #2694, #2687, #2698, .T.);
#2700 = ORIENTED_EDGE ('', *, *, #2699, .F.);
#2701 = CARTESIAN_POINT ('', (-43.375, 6.50000000000001, 3.5));
#2702 = VERTEX_POINT ('', #2701);
#2703 = CARTESIAN_POINT ('', (-43.375, 6.50000000000001, 3.5));
#2704 = CARTESIAN_POINT ('', (-49.125, 6.50000000000001, 3.5));
#2705 = B_SPLINE_CURVE_WITH_KNOTS ('', 1, (#2703, #2704), .UNSPECIFIED., .F., .U., (2, 2), (57.5054945054945, 63.2554945054945), .UNSPECIFIED.);
#2706 = EDGE_CURVE ('', #2702, #2694, #2705, .T.);
#2707 = ORIENTED_EDGE ('', *, *, #2706, .F.);
#2708 = CARTESIAN_POINT ('', (-42.875, 7.00000000000001, 3.5));
#2709 = VERTEX_POINT ('', #2708);
#2710 = CARTESIAN_POINT ('', (-42.875, 7.00000000000001, 3.5));
#2711 = CARTESIAN_POINT ('', (-42.875, 6.49999999999999, 3.5));
#2712 = CARTESIAN_POINT ('', (-43.375, 6.50000000000001, 3.5));
#2713 = (
   BOUNDED_CURVE ()
   B_SPLINE_CURVE (2, (#2710, #2711, #2712), .UNSPECIFIED., .F., .U.)
   B_SPLINE_CURVE_WITH_KNOTS ((3, 3), (56.5054945054945, 57.5054945054945), .UNSPECIFIED.)
   CURVE ()
   GEOMETRIC_REPRESENTATION_ITEM ()
   RATIONAL_B_SPLINE_CURVE ((1., 0.707106781186537, 1.))
   REPRESENTATION_ITEM ('')
);
#2714 = EDGE_CURVE ('', #2709, #2702, #2713, .T.);
#2715 = ORIENTED_EDGE ('', *, *, #2714, .F.);
#2716 = CARTESIAN_POINT ('', (-42.875, 9.74999999999999, 3.5));
#2717 = VERTEX_POINT ('', #2716);
#2718 = CARTESIAN_POINT ('', (-42.875, 9.74999999999999, 3.5));
#2719 = CARTESIAN_POINT ('', (-42.875, 7.00000000000001, 3.5));
#2720 = B_SPLINE_CURVE_WITH_KNOTS ('', 1, (#2718, #2719), .UNSPECIFIED., .F., .U., (2, 2), (56.2554945054945, 56.5054945054945), .UNSPECIFIED.);
#2721 = EDGE_CURVE ('', #2717, #2709, #2720, .T.);
#2722 = ORIENTED_EDGE ('', *, *, #2721, .F.);
#2723 = CARTESIAN_POINT ('', (-41.375, 9.74999999999998, 3.5));
#2724 = VERTEX_POINT ('', #2723);
#2725 = CARTESIAN_POINT ('', (-41.375, 9.74999999999998, 3.5));
#2726 = CARTESIAN_POINT ('', (-42.875, 9.74999999999999, 3.5));
#2727 = B_SPLINE_CURVE_WITH_KNOTS ('', 1, (#2725, #2726), .UNSPECIFIED., .F., .U., (2, 2), (54.7554945054945, 56.2554945054945), .UNSPECIFIED.);
#2728 = EDGE_CURVE ('', #2724, #2717, #2727, .T.);
#2729 = ORIENTED_EDGE ('', *, *, #2728, .F.);
#2730 = CARTESIAN_POINT ('', (-41.375, 5.50000000000001, 3.5));
#2731 = VERTEX_POINT ('', #2730);
#2732 = CARTESIAN_POINT ('', (-41.375, 5.50000000000001, 3.5));
#2733 = CARTESIAN_POINT ('', (-41.375, 9.74999999999998, 3.5));
#2734 = B_SPLINE_CURVE_WITH_KNOTS ('', 1, (#2732, #2733), .UNSPECIFIED., .F., .U., (2, 2), (53.0054945054945, 54.7554945054945), .UNSPECIFIED.);
#2735 = EDGE_CURVE ('', #2731, #2724, #2734, .T.);
#2736 = ORIENTED_EDGE ('', *, *, #2735, .F.);
#2737 = CARTESIAN_POINT ('', (-40.875, 5.00000000000001, 3.5));
#2738 = VERTEX_POINT ('', #2737);
#2739 = CARTESIAN_POINT ('', (-40.875, 5.00000000000001, 3.5));
#2740 = CARTESIAN_POINT ('', (-41.375, 5.00000000000001, 3.5));
#2741 = CARTESIAN_POINT ('', (-41.375, 5.50000000000001, 3.5));
#2742 = (
   BOUNDED_CURVE ()
   B_SPLINE_CURVE (2, (#2739, #2740, #2741), .UNSPECIFIED., .F., .U.)
   B_SPLINE_CURVE_WITH_KNOTS ((3, 3), (52.0054945054945, 53.0054945054945), .UNSPECIFIED.)
   CURVE ()
   GEOMETRIC_REPRESENTATION_ITEM ()
   RATIONAL_B_SPLINE_CURVE ((1., 0.707106781186547, 1.))
   REPRESENTATION_ITEM ('')
);
#2743 = EDGE_CURVE ('', #2738, #2731, #2742, .T.);
#2744 = ORIENTED_EDGE ('', *, *, #2743, .F.);
#2745 = CARTESIAN_POINT ('', (-34.375, 5.00000000000001, 3.5));
#2746 = VERTEX_POINT ('', #2745);
#2747 = CARTESIAN_POINT ('', (-34.375, 5.00000000000001, 3.5));
#2748 = CARTESIAN_POINT ('', (-40.875, 5.00000000000001, 3.5));
#2749 = B_SPLINE_CURVE_WITH_KNOTS ('', 1, (#2747, #2748), .UNSPECIFIED., .F., .U., (2, 2), (45.5054945054945, 52.0054945054945), .UNSPECIFIED.);
#2750 = EDGE_CURVE ('', #2746, #2738, #2749, .T.);
#2751 = ORIENTED_EDGE ('', *, *, #2750, .F.);
#2752 = CARTESIAN_POINT ('', (-27.875, 5.00000000000001, 3.5));
#2753 = VERTEX_POINT ('', #2752);
#2754 = CARTESIAN_POINT ('', (-27.875, 5.00000000000001, 3.5));
#2755 = CARTESIAN_POINT ('', (-34.375, 5.00000000000001, 3.5));
#2756 = B_SPLINE_CURVE_WITH_KNOTS ('', 1, (#2754, #2755), .UNSPECIFIED., .F., .U., (2, 2), (39.0054945054945, 45.5054945054945), .UNSPECIFIED.);
#2757 = EDGE_CURVE ('', #2753, #2746, #2756, .T.);
#2758 = ORIENTED_EDGE ('', *, *, #2757, .F.);
#2759 = CARTESIAN_POINT ('', (-27.375, 5.50000000000001, 3.5));
#2760 = VERTEX_POINT ('', #2759);
#2761 = CARTESIAN_POINT ('', (-27.375, 5.50000000000001, 3.5));
#2762 = CARTESIAN_POINT ('', (-27.375, 5.00000000000001, 3.5));
#2763 = CARTESIAN_POINT ('', (-27.875, 5.00000000000001, 3.5));
#2764 = (
   BOUNDED_CURVE ()
   B_SPLINE_CURVE (2, (#2761, #2762, #2763), .UNSPECIFIED., .F., .U.)
   B_SPLINE_CURVE_WITH_KNOTS ((3, 3), (38.0054945054945, 39.0054945054945), .UNSPECIFIED.)
   CURVE ()
   GEOMETRIC_REPRESENTATION_ITEM ()
   RATIONAL_B_SPLINE_CURVE ((1., 0.707106781186547, 1.))
   REPRESENTATION_ITEM ('')
);
#2765 = EDGE_CURVE ('', #2760, #2753, #2764, .T.);
#2766 = ORIENTED_EDGE ('', *, *, #2765, .F.);
#2767 = CARTESIAN_POINT ('', (-27.375, 9.74999999999999, 3.5));
#2768 = VERTEX_POINT ('', #2767);
#2769 = CARTESIAN_POINT ('', (-27.375, 9.74999999999999, 3.5));
#2770 = CARTESIAN_POINT ('', (-27.375, 5.50000000000001, 3.5));
#2771 = B_SPLINE_CURVE_WITH_KNOTS ('', 1, (#2769, #2770), .UNSPECIFIED., .F., .U., (2, 2), (36.2554945054945, 38.0054945054945), .UNSPECIFIED.);
#2772 = EDGE_CURVE ('', #2768, #2760, #2771, .T.);
#2773 = ORIENTED_EDGE ('', *, *, #2772, .F.);
#2774 = CARTESIAN_POINT ('', (-25.875, 9.74999999999999, 3.5));
#2775 = VERTEX_POINT ('', #2774);
#2776 = CARTESIAN_POINT ('', (-25.875, 9.74999999999999, 3.5));
#2777 = CARTESIAN_POINT ('', (-27.375, 9.74999999999999, 3.5));
#2778 = B_SPLINE_CURVE_WITH_KNOTS ('', 1, (#2776, #2777), .UNSPECIFIED., .F., .U., (2, 2), (34.7554945054945, 36.2554945054945), .UNSPECIFIED.);
#2779 = EDGE_CURVE ('', #2775, #2768, #2778, .T.);
#2780 = ORIENTED_EDGE ('', *, *, #2779, .F.);
#2781 = CARTESIAN_POINT ('', (-25.875, 7.00000000000001, 3.5));
#2782 = VERTEX_POINT ('', #2781);
#2783 = CARTESIAN_POINT ('', (-25.875, 7.00000000000001, 3.5));
#2784 = CARTESIAN_POINT ('', (-25.875, 9.74999999999999, 3.5));
#2785 = B_SPLINE_CURVE_WITH_KNOTS ('', 1, (#2783, #2784), .UNSPECIFIED., .F., .U., (2, 2), (34.5054945054945, 34.7554945054945), .UNSPECIFIED.);
#2786 = EDGE_CURVE ('', #2782, #2775, #2785, .T.);
#2787 = ORIENTED_EDGE ('', *, *, #2786, .F.);
#2788 = CARTESIAN_POINT ('', (-25.375, 6.50000000000001, 3.5));
#2789 = VERTEX_POINT ('', #2788);
#2790 = CARTESIAN_POINT ('', (-25.375, 6.50000000000001, 3.5));
#2791 = CARTESIAN_POINT ('', (-25.875, 6.50000000000001, 3.5));
#2792 = CARTESIAN_POINT ('', (-25.875, 7.00000000000001, 3.5));
#2793 = (
   BOUNDED_CURVE ()
   B_SPLINE_CURVE (2, (#2790, #2791, #2792), .UNSPECIFIED., .F., .U.)
   B_SPLINE_CURVE_WITH_KNOTS ((3, 3), (33.5054945054945, 34.5054945054945), .UNSPECIFIED.)
   CURVE ()
   GEOMETRIC_REPRESENTATION_ITEM ()
   RATIONAL_B_SPLINE_CURVE ((1., 0.707106781186548, 1.))
   REPRESENTATION_ITEM ('')
);
#2794 = EDGE_CURVE ('', #2789, #2782, #2793, .T.);
#2795 = ORIENTED_EDGE ('', *, *, #2794, .F.);
#2796 = CARTESIAN_POINT ('', (-19.625, 6.50000000000001, 3.5));
#2797 = VERTEX_POINT ('', #2796);
#2798 = CARTESIAN_POINT ('', (-19.625, 6.50000000000001, 3.5));
#2799 = CARTESIAN_POINT ('', (-25.375, 6.50000000000001, 3.5));
#2800 = B_SPLINE_CURVE_WITH_KNOTS ('', 1, (#2798, #2799), .UNSPECIFIED., .F., .U., (2, 2), (27.7554945054945, 33.5054945054945), .UNSPECIFIED.);
#2801 = EDGE_CURVE ('', #2797, #2789, #2800, .T.);
#2802 = ORIENTED_EDGE ('', *, *, #2801, .F.);
#2803 = CARTESIAN_POINT ('', (-19.125, 7.00000000000001, 3.5));
#2804 = VERTEX_POINT ('', #2803);
#2805 = CARTESIAN_POINT ('', (-19.125, 7.00000000000001, 3.5));
#2806 = CARTESIAN_POINT ('', (-19.125, 6.50000000000001, 3.5));
#2807 = CARTESIAN_POINT ('', (-19.625, 6.50000000000001, 3.5));
#2808 = (
   BOUNDED_CURVE ()
   B_SPLINE_CURVE (2, (#2805, #2806, #2807), .UNSPECIFIED., .F., .U.)
   B_SPLINE_CURVE_WITH_KNOTS ((3, 3), (26.7554945054945, 27.7554945054945), .UNSPECIFIED.)
   CURVE ()
   GEOMETRIC_REPRESENTATION_ITEM ()
   RATIONAL_B_SPLINE_CURVE ((1., 0.707106781186548, 1.))
   REPRESENTATION_ITEM ('')
);
#2809 = EDGE_CURVE ('', #2804, #2797, #2808, .T.);
#2810 = ORIENTED_EDGE ('', *, *, #2809, .F.);
#2811 = CARTESIAN_POINT ('', (-19.125, 9.75, 3.5));
#2812 = VERTEX_POINT ('', #2811);
#2813 = CARTESIAN_POINT ('', (-19.125, 9.75, 3.5));
#2814 = CARTESIAN_POINT ('', (-19.125, 7.00000000000001, 3.5));
#2815 = B_SPLINE_CURVE_WITH_KNOTS ('', 1, (#2813, #2814), .UNSPECIFIED., .F., .U., (2, 2), (24.0054945054945, 26.7554945054945), .UNSPECIFIED.);
#2816 = EDGE_CURVE ('', #2812, #2804, #2815, .T.);
#2817 = ORIENTED_EDGE ('', *, *, #2816, .F.);
#2818 = CARTESIAN_POINT ('', (-18.625, 9.75000000000001, 3.5));
#2819 = VERTEX_POINT ('', #2818);
#2820 = CARTESIAN_POINT ('', (-18.625, 9.75000000000001, 3.5));
#2821 = CARTESIAN_POINT ('', (-19.125, 9.75, 3.5));
#2822 = B_SPLINE_CURVE_WITH_KNOTS ('', 1, (#2820, #2821), .UNSPECIFIED., .F., .U., (2, 2), (23.5054945054945, 24.0054945054945), .UNSPECIFIED.);
#2823 = EDGE_CURVE ('', #2819, #2812, #2822, .T.);
#2824 = ORIENTED_EDGE ('', *, *, #2823, .F.);
#2825 = CARTESIAN_POINT ('', (-18.125, 10.25, 3.5));
#2826 = VERTEX_POINT ('', #2825);
#2827 = CARTESIAN_POINT ('', (-18.125, 10.25, 3.5));
#2828 = CARTESIAN_POINT ('', (-18.125, 9.75000000000001, 3.5));
#2829 = CARTESIAN_POINT ('', (-18.625, 9.75000000000001, 3.5));
#2830 = (
   BOUNDED_CURVE ()
   B_SPLINE_CURVE (2, (#2827, #2828, #2829), .UNSPECIFIED., .F., .U.)
   B_SPLINE_CURVE_WITH_KNOTS ((3, 3), (22.5054945054945, 23.5054945054945), .UNSPECIFIED.)
   CURVE ()
   GEOMETRIC_REPRESENTATION_ITEM ()
   RATIONAL_B_SPLINE_CURVE ((1., 0.707106781186548, 1.))
   REPRESENTATION_ITEM ('')
);
#2831 = EDGE_CURVE ('', #2826, #2819, #2830, .T.);
#2832 = ORIENTED_EDGE ('', *, *, #2831, .F.);
#2833 = CARTESIAN_POINT ('', (-18.125, 13.5, 3.5));
#2834 = VERTEX_POINT ('', #2833);
#2835 = CARTESIAN_POINT ('', (-18.125, 13.5, 3.5));
#2836 = CARTESIAN_POINT ('', (-18.125, 10.25, 3.5));
#2837 = B_SPLINE_CURVE_WITH_KNOTS ('', 1, (#2835, #2836), .UNSPECIFIED., .F., .U., (2, 2), (19.2554945054945, 22.5054945054945), .UNSPECIFIED.);
#2838 = EDGE_CURVE ('', #2834, #2826, #2837, .T.);
#2839 = ORIENTED_EDGE ('', *, *, #2838, .F.);
#2840 = CARTESIAN_POINT ('', (-18.625, 14., 3.5));
#2841 = VERTEX_POINT ('', #2840);
#2842 = CARTESIAN_POINT ('', (-18.625, 14., 3.5));
#2843 = CARTESIAN_POINT ('', (-18.125, 14., 3.5));
#2844 = CARTESIAN_POINT ('', (-18.125, 13.5, 3.5));
#2845 = (
   BOUNDED_CURVE ()
   B_SPLINE_CURVE (2, (#2842, #2843, #2844), .UNSPECIFIED., .F., .U.)
   B_SPLINE_CURVE_WITH_KNOTS ((3, 3), (18.2554945054945, 19.2554945054945), .UNSPECIFIED.)
   CURVE ()
   GEOMETRIC_REPRESENTATION_ITEM ()
   RATIONAL_B_SPLINE_CURVE ((1., 0.707106781186548, 1.))
   REPRESENTATION_ITEM ('')
);
#2846 = EDGE_CURVE ('', #2841, #2834, #2845, .T.);
#2847 = ORIENTED_EDGE ('', *, *, #2846, .F.);
#2848 = CARTESIAN_POINT ('', (-19.125, 14., 3.5));
#2849 = VERTEX_POINT ('', #2848);
#2850 = CARTESIAN_POINT ('', (-19.125, 14., 3.5));
#2851 = CARTESIAN_POINT ('', (-18.625, 14., 3.5));
#2852 = B_SPLINE_CURVE_WITH_KNOTS ('', 1, (#2850, #2851), .UNSPECIFIED., .F., .U., (2, 2), (17.7554945054945, 18.2554945054945), .UNSPECIFIED.);
#2853 = EDGE_CURVE ('', #2849, #2841, #2852, .T.);
#2854 = ORIENTED_EDGE ('', *, *, #2853, .F.);
#2855 = CARTESIAN_POINT ('', (-19.125, 18.25, 3.5));
#2856 = VERTEX_POINT ('', #2855);
#2857 = CARTESIAN_POINT ('', (-19.125, 18.25, 3.5));
#2858 = CARTESIAN_POINT ('', (-19.125, 14., 3.5));
#2859 = B_SPLINE_CURVE_WITH_KNOTS ('', 1, (#2857, #2858), .UNSPECIFIED., .F., .U., (2, 2), (13.5054945054945, 17.7554945054945), .UNSPECIFIED.);
#2860 = EDGE_CURVE ('', #2856, #2849, #2859, .T.);
#2861 = ORIENTED_EDGE ('', *, *, #2860, .F.);
#2862 = CARTESIAN_POINT ('', (-19.625, 18.75, 3.5));
#2863 = VERTEX_POINT ('', #2862);
#2864 = CARTESIAN_POINT ('', (-19.625, 18.75, 3.5));
#2865 = CARTESIAN_POINT ('', (-19.125, 18.75, 3.5));
#2866 = CARTESIAN_POINT ('', (-19.125, 18.25, 3.5));
#2867 = (
   BOUNDED_CURVE ()
   B_SPLINE_CURVE (2, (#2864, #2865, #2866), .UNSPECIFIED., .F., .U.)
   B_SPLINE_CURVE_WITH_KNOTS ((3, 3), (12.5054945054945, 13.5054945054945), .UNSPECIFIED.)
   CURVE ()
   GEOMETRIC_REPRESENTATION_ITEM ()
   RATIONAL_B_SPLINE_CURVE ((1., 0.707106781186545, 1.))
   REPRESENTATION_ITEM ('')
);
#2868 = EDGE_CURVE ('', #2863, #2856, #2867, .T.);
#2869 = ORIENTED_EDGE ('', *, *, #2868, .F.);
#2870 = CARTESIAN_POINT ('', (-20.875, 18.75, 3.5));
#2871 = VERTEX_POINT ('', #2870);
#2872 = CARTESIAN_POINT ('', (-20.875, 18.75, 3.5));
#2873 = CARTESIAN_POINT ('', (-19.625, 18.75, 3.5));
#2874 = B_SPLINE_CURVE_WITH_KNOTS ('', 1, (#2872, #2873), .UNSPECIFIED., .F., .U., (2, 2), (11.2554945054945, 12.5054945054945), .UNSPECIFIED.);
#2875 = EDGE_CURVE ('', #2871, #2863, #2874, .T.);
#2876 = ORIENTED_EDGE ('', *, *, #2875, .F.);
#2877 = CARTESIAN_POINT ('', (-20.875, 19.5, 3.5));
#2878 = VERTEX_POINT ('', #2877);
#2879 = CARTESIAN_POINT ('', (-20.875, 19.5, 3.5));
#2880 = CARTESIAN_POINT ('', (-20.875, 18.75, 3.5));
#2881 = B_SPLINE_CURVE_WITH_KNOTS ('', 1, (#2879, #2880), .UNSPECIFIED., .F., .U., (2, 2), (10.5054945054945, 11.2554945054945), .UNSPECIFIED.);
#2882 = EDGE_CURVE ('', #2878, #2871, #2881, .T.);
#2883 = ORIENTED_EDGE ('', *, *, #2882, .F.);
#2884 = CARTESIAN_POINT ('', (-21.375, 20., 3.5));
#2885 = VERTEX_POINT ('', #2884);
#2886 = CARTESIAN_POINT ('', (-21.375, 20., 3.5));
#2887 = CARTESIAN_POINT ('', (-20.875, 20., 3.5));
#2888 = CARTESIAN_POINT ('', (-20.875, 19.5, 3.5));
#2889 = (
   BOUNDED_CURVE ()
   B_SPLINE_CURVE (2, (#2886, #2887, #2888), .UNSPECIFIED., .F., .U.)
   B_SPLINE_CURVE_WITH_KNOTS ((3, 3), (9.50549450549451, 10.5054945054945), .UNSPECIFIED.)
   CURVE ()
   GEOMETRIC_REPRESENTATION_ITEM ()
   RATIONAL_B_SPLINE_CURVE ((1., 0.707106781186548, 1.))
   REPRESENTATION_ITEM ('')
);
#2890 = EDGE_CURVE ('', #2885, #2878, #2889, .T.);
#2891 = ORIENTED_EDGE ('', *, *, #2890, .F.);
#2892 = CARTESIAN_POINT ('', (-23.625, 20., 3.5));
#2893 = VERTEX_POINT ('', #2892);
#2894 = CARTESIAN_POINT ('', (-23.625, 20., 3.5));
#2895 = CARTESIAN_POINT ('', (-21.375, 20., 3.5));
#2896 = B_SPLINE_CURVE_WITH_KNOTS ('', 1, (#2894, #2895), .UNSPECIFIED., .F., .U., (2, 2), (7.42857142857143, 9.50549450549451), .UNSPECIFIED.);
#2897 = EDGE_CURVE ('', #2893, #2885, #2896, .T.);
#2898 = ORIENTED_EDGE ('', *, *, #2897, .F.);
#2899 = CARTESIAN_POINT ('', (-24.125, 19.5, 3.5));
#2900 = VERTEX_POINT ('', #2899);
#2901 = CARTESIAN_POINT ('', (-24.125, 19.5, 3.5));
#2902 = CARTESIAN_POINT ('', (-24.125, 20., 3.5));
#2903 = CARTESIAN_POINT ('', (-23.625, 20., 3.5));
#2904 = (
   BOUNDED_CURVE ()
   B_SPLINE_CURVE (2, (#2901, #2902, #2903), .UNSPECIFIED., .F., .U.)
   B_SPLINE_CURVE_WITH_KNOTS ((3, 3), (6.42857142857143, 7.42857142857143), .UNSPECIFIED.)
   CURVE ()
   GEOMETRIC_REPRESENTATION_ITEM ()
   RATIONAL_B_SPLINE_CURVE ((1., 0.707106781186548, 1.))
   REPRESENTATION_ITEM ('')
);
#2905 = EDGE_CURVE ('', #2900, #2893, #2904, .T.);
#2906 = ORIENTED_EDGE ('', *, *, #2905, .F.);
#2907 = CARTESIAN_POINT ('', (-24.125, 18.75, 3.5));
#2908 = VERTEX_POINT ('', #2907);
#2909 = CARTESIAN_POINT ('', (-24.125, 18.75, 3.5));
#2910 = CARTESIAN_POINT ('', (-24.125, 19.5, 3.5));
#2911 = B_SPLINE_CURVE_WITH_KNOTS ('', 1, (#2909, #2910), .UNSPECIFIED., .F., .U., (2, 2), (5.67857142857143, 6.42857142857143), .UNSPECIFIED.);
#2912 = EDGE_CURVE ('', #2908, #2900, #2911, .T.);
#2913 = ORIENTED_EDGE ('', *, *, #2912, .F.);
#2914 = CARTESIAN_POINT ('', (-25.375, 18.75, 3.5));
#2915 = VERTEX_POINT ('', #2914);
#2916 = CARTESIAN_POINT ('', (-25.375, 18.75, 3.5));
#2917 = CARTESIAN_POINT ('', (-24.125, 18.75, 3.5));
#2918 = B_SPLINE_CURVE_WITH_KNOTS ('', 1, (#2916, #2917), .UNSPECIFIED., .F., .U., (2, 2), (4.25, 5.67857142857143), .UNSPECIFIED.);
#2919 = EDGE_CURVE ('', #2915, #2908, #2918, .T.);
#2920 = ORIENTED_EDGE ('', *, *, #2919, .F.);
#2921 = CARTESIAN_POINT ('', (-25.875, 18.25, 3.5));
#2922 = VERTEX_POINT ('', #2921);
#2923 = CARTESIAN_POINT ('', (-25.875, 18.25, 3.5));
#2924 = CARTESIAN_POINT ('', (-25.875, 18.75, 3.5));
#2925 = CARTESIAN_POINT ('', (-25.375, 18.75, 3.5));
#2926 = (
   BOUNDED_CURVE ()
   B_SPLINE_CURVE (2, (#2923, #2924, #2925), .UNSPECIFIED., .F., .U.)
   B_SPLINE_CURVE_WITH_KNOTS ((3, 3), (3.25, 4.25), .UNSPECIFIED.)
   CURVE ()
   GEOMETRIC_REPRESENTATION_ITEM ()
   RATIONAL_B_SPLINE_CURVE ((1., 0.707106781186548, 1.))
   REPRESENTATION_ITEM ('')
);
#2927 = EDGE_CURVE ('', #2922, #2915, #2926, .T.);
#2928 = ORIENTED_EDGE ('', *, *, #2927, .F.);
#2929 = CARTESIAN_POINT ('', (-25.875, 14., 3.5));
#2930 = VERTEX_POINT ('', #2929);
#2931 = CARTESIAN_POINT ('', (-25.875, 14., 3.5));
#2932 = CARTESIAN_POINT ('', (-25.875, 18.25, 3.5));
#2933 = B_SPLINE_CURVE_WITH_KNOTS ('', 1, (#2931, #2932), .UNSPECIFIED., .F., .U., (2, 2), (3., 3.25), .UNSPECIFIED.);
#2934 = EDGE_CURVE ('', #2930, #2922, #2933, .T.);
#2935 = ORIENTED_EDGE ('', *, *, #2934, .F.);
#2936 = CARTESIAN_POINT ('', (-27.375, 14., 3.5));
#2937 = VERTEX_POINT ('', #2936);
#2938 = CARTESIAN_POINT ('', (-27.375, 14., 3.5));
#2939 = CARTESIAN_POINT ('', (-25.875, 14., 3.5));
#2940 = B_SPLINE_CURVE_WITH_KNOTS ('', 1, (#2938, #2939), .UNSPECIFIED., .F., .U., (2, 2), (1.5, 3.), .UNSPECIFIED.);
#2941 = EDGE_CURVE ('', #2937, #2930, #2940, .T.);
#2942 = ORIENTED_EDGE ('', *, *, #2941, .F.);
#2943 = CARTESIAN_POINT ('', (-27.375, 18.5, 3.5));
#2944 = VERTEX_POINT ('', #2943);
#2945 = CARTESIAN_POINT ('', (-27.375, 18.5, 3.5));
#2946 = CARTESIAN_POINT ('', (-27.375, 14., 3.5));
#2947 = B_SPLINE_CURVE_WITH_KNOTS ('', 1, (#2945, #2946), .UNSPECIFIED., .F., .U., (2, 2), (1., 1.5), .UNSPECIFIED.);
#2948 = EDGE_CURVE ('', #2944, #2937, #2947, .T.);
#2949 = ORIENTED_EDGE ('', *, *, #2948, .F.);
#2950 = CARTESIAN_POINT ('', (-27.875, 19., 3.5));
#2951 = VERTEX_POINT ('', #2950);
#2952 = CARTESIAN_POINT ('', (-27.875, 19., 3.5));
#2953 = CARTESIAN_POINT ('', (-27.375, 19., 3.5));
#2954 = CARTESIAN_POINT ('', (-27.375, 18.5, 3.5));
#2955 = (
   BOUNDED_CURVE ()
   B_SPLINE_CURVE (2, (#2952, #2953, #2954), .UNSPECIFIED., .F., .U.)
   B_SPLINE_CURVE_WITH_KNOTS ((3, 3), (0., 1.), .UNSPECIFIED.)
   CURVE ()
   GEOMETRIC_REPRESENTATION_ITEM ()
   RATIONAL_B_SPLINE_CURVE ((1., 0.707106781186543, 1.))
   REPRESENTATION_ITEM ('')
);
#2956 = EDGE_CURVE ('', #2951, #2944, #2955, .T.);
#2957 = ORIENTED_EDGE ('', *, *, #2956, .F.);
#2958 = CARTESIAN_POINT ('', (-34.375, 19., 3.5));
#2959 = VERTEX_POINT ('', #2958);
#2960 = CARTESIAN_POINT ('', (-34.375, 19., 3.5));
#2961 = CARTESIAN_POINT ('', (-27.875, 19., 3.5));
#2962 = B_SPLINE_CURVE_WITH_KNOTS ('', 1, (#2960, #2961), .UNSPECIFIED., .F., .U., (2, 2), (97.510989010989, 104.010989010989), .UNSPECIFIED.);
#2963 = EDGE_CURVE ('', #2959, #2951, #2962, .T.);
#2964 = ORIENTED_EDGE ('', *, *, #2963, .F.);
#2965 = CARTESIAN_POINT ('', (-40.875, 19., 3.5));
#2966 = CARTESIAN_POINT ('', (-34.375, 19., 3.5));
#2967 = B_SPLINE_CURVE_WITH_KNOTS ('', 1, (#2965, #2966), .UNSPECIFIED., .F., .U., (2, 2), (91.010989010989, 97.510989010989), .UNSPECIFIED.);
#2968 = EDGE_CURVE ('', #2547, #2959, #2967, .T.);
#2969 = ORIENTED_EDGE ('', *, *, #2968, .F.);
#2970 = EDGE_LOOP ('', (#2553, #2560, #2567, #2574, #2582, #2589, #2596, #2604, #2611, #2619, #2626, #2633, #2641, #2648, #2655, #2663, #2670, #2678, #2685, #2692, #2700, #2707, #2715, #2722, #2729, #2736, #2744, #2751, #2758, #2766, #2773, #2780, #2787, #2795, #2802, #2810, #2817, #2824, #2832, #2839, #2847, #2854, #2861, #2869, #2876, #2883, #2891, #2898, #2906, #2913, #2920, #2928, #2935, #2942, #2949, #2957, #2964, #2969));
#2971 = FACE_BOUND ('', #2970, .T.);
#2972 = CARTESIAN_POINT ('', (-13., 2.49999999999984, 3.5));
#2973 = CARTESIAN_POINT ('', (-13., 78.5, 3.5));
#2974 = CARTESIAN_POINT ('', (-127., 2.49999999999984, 3.5));
#2975 = CARTESIAN_POINT ('', (-127., 78.5, 3.5));
#2976 = B_SPLINE_SURFACE_WITH_KNOTS ('', 1, 1, ((#2972, #2973), (#2974, #2975)), .UNSPECIFIED., .F., .F., .U., (2, 2), (2, 2), (0.308023297794161, 0.704237723669324), (0.385810445085691, 0.649953395669133), .UNSPECIFIED.);
#2977 = ADVANCED_FACE ('', (#611, #723, #835, #905, #975, #1045, #1115, #1185, #1255, #1325, #1395, #1465, #1535, #1605, #1675, #1745, #1815, #1877, #1947, #2017, #2087, #2157, #2294, #2322, #2459, #2487, #2515, #2543, #2971), #2976, .T.);
#2978 = CARTESIAN_POINT ('', (-34.375, 19., 5.));
#2979 = VERTEX_POINT ('', #2978);
#2980 = CARTESIAN_POINT ('', (-27.875, 19., 5.));
#2981 = VERTEX_POINT ('', #2980);
#2982 = CARTESIAN_POINT ('', (-34.375, 19., 5.));
#2983 = CARTESIAN_POINT ('', (-27.875, 19., 5.));
#2984 = B_SPLINE_CURVE_WITH_KNOTS ('', 1, (#2982, #2983), .UNSPECIFIED., .F., .U., (2, 2), (97.510989010989, 104.010989010989), .UNSPECIFIED.);
#2985 = EDGE_CURVE ('', #2979, #2981, #2984, .T.);
#2986 = ORIENTED_EDGE ('', *, *, #2985, .F.);
#2987 = CARTESIAN_POINT ('', (-34.375, 19., 3.5));
#2988 = CARTESIAN_POINT ('', (-34.375, 19., 5.));
#2989 = B_SPLINE_CURVE_WITH_KNOTS ('', 1, (#2987, #2988), .UNSPECIFIED., .F., .U., (2, 2), (0., 1.), .UNSPECIFIED.);
#2990 = EDGE_CURVE ('', #2959, #2979, #2989, .T.);
#2991 = ORIENTED_EDGE ('', *, *, #2990, .F.);
#2992 = ORIENTED_EDGE ('', *, *, #2963, .T.);
#2993 = CARTESIAN_POINT ('', (-27.875, 19., 3.5));
#2994 = CARTESIAN_POINT ('', (-27.875, 19., 5.));
#2995 = B_SPLINE_CURVE_WITH_KNOTS ('', 1, (#2993, #2994), .UNSPECIFIED., .F., .U., (2, 2), (0., 1.), .UNSPECIFIED.);
#2996 = EDGE_CURVE ('', #2951, #2981, #2995, .T.);
#2997 = ORIENTED_EDGE ('', *, *, #2996, .T.);
#2998 = EDGE_LOOP ('', (#2986, #2991, #2992, #2997));
#2999 = FACE_OUTER_BOUND ('', #2998, .T.);
#3000 = CARTESIAN_POINT ('', (-34.375, 19., 3.5));
#3001 = CARTESIAN_POINT ('', (-34.375, 19., 5.));
#3002 = CARTESIAN_POINT ('', (-27.875, 19., 3.5));
#3003 = CARTESIAN_POINT ('', (-27.875, 19., 5.));
#3004 = B_SPLINE_SURFACE_WITH_KNOTS ('', 1, 1, ((#3000, #3001), (#3002, #3003)), .UNSPECIFIED., .F., .F., .U., (2, 2), (2, 2), (97.510989010989, 104.010989010989), (0., 1.), .UNSPECIFIED.);
#3005 = ADVANCED_FACE ('', (#2999), #3004, .T.);
#3006 = CARTESIAN_POINT ('', (-27.375, 18.5, 5.));
#3007 = VERTEX_POINT ('', #3006);
#3008 = CARTESIAN_POINT ('', (-27.875, 19., 5.));
#3009 = CARTESIAN_POINT ('', (-27.375, 19., 5.));
#3010 = CARTESIAN_POINT ('', (-27.375, 18.5, 5.));
#3011 = (
   BOUNDED_CURVE ()
   B_SPLINE_CURVE (2, (#3008, #3009, #3010), .UNSPECIFIED., .F., .U.)
   B_SPLINE_CURVE_WITH_KNOTS ((3, 3), (0., 1.), .UNSPECIFIED.)
   CURVE ()
   GEOMETRIC_REPRESENTATION_ITEM ()
   RATIONAL_B_SPLINE_CURVE ((1., 0.707106781186543, 1.))
   REPRESENTATION_ITEM ('')
);
#3012 = EDGE_CURVE ('', #2981, #3007, #3011, .T.);
#3013 = ORIENTED_EDGE ('', *, *, #3012, .F.);
#3014 = ORIENTED_EDGE ('', *, *, #2996, .F.);
#3015 = ORIENTED_EDGE ('', *, *, #2956, .T.);
#3016 = CARTESIAN_POINT ('', (-27.375, 18.5, 3.5));
#3017 = CARTESIAN_POINT ('', (-27.375, 18.5, 5.));
#3018 = B_SPLINE_CURVE_WITH_KNOTS ('', 1, (#3016, #3017), .UNSPECIFIED., .F., .U., (2, 2), (0., 1.), .UNSPECIFIED.);
#3019 = EDGE_CURVE ('', #2944, #3007, #3018, .T.);
#3020 = ORIENTED_EDGE ('', *, *, #3019, .T.);
#3021 = EDGE_LOOP ('', (#3013, #3014, #3015, #3020));
#3022 = FACE_OUTER_BOUND ('', #3021, .T.);
#3023 = CARTESIAN_POINT ('', (-27.875, 19., 3.5));
#3024 = CARTESIAN_POINT ('', (-27.875, 19., 5.));
#3025 = CARTESIAN_POINT ('', (-27.375, 19., 3.5));
#3026 = CARTESIAN_POINT ('', (-27.375, 19., 5.));
#3027 = CARTESIAN_POINT ('', (-27.375, 18.5, 3.5));
#3028 = CARTESIAN_POINT ('', (-27.375, 18.5, 5.));
#3029 = (
   BOUNDED_SURFACE ()
   B_SPLINE_SURFACE (2, 1, ((#3023, #3024), (#3025, #3026), (#3027, #3028)), .UNSPECIFIED., .F., .F., .U.)
   B_SPLINE_SURFACE_WITH_KNOTS ((3, 3), (2, 2), (0., 1.), (0., 1.), .UNSPECIFIED.)
   GEOMETRIC_REPRESENTATION_ITEM ()
   RATIONAL_B_SPLINE_SURFACE (((1., 1.), (0.707106781186543, 0.707106781186543), (1., 1.)))
   REPRESENTATION_ITEM ('')
   SURFACE ()
);
#3030 = ADVANCED_FACE ('', (#3022), #3029, .T.);
#3031 = CARTESIAN_POINT ('', (-27.375, 14., 5.));
#3032 = VERTEX_POINT ('', #3031);
#3033 = CARTESIAN_POINT ('', (-27.375, 18.5, 5.));
#3034 = CARTESIAN_POINT ('', (-27.375, 14., 5.));
#3035 = B_SPLINE_CURVE_WITH_KNOTS ('', 1, (#3033, #3034), .UNSPECIFIED., .F., .U., (2, 2), (1., 1.5), .UNSPECIFIED.);
#3036 = EDGE_CURVE ('', #3007, #3032, #3035, .T.);
#3037 = ORIENTED_EDGE ('', *, *, #3036, .F.);
#3038 = ORIENTED_EDGE ('', *, *, #3019, .F.);
#3039 = ORIENTED_EDGE ('', *, *, #2948, .T.);
#3040 = CARTESIAN_POINT ('', (-27.375, 14., 3.5));
#3041 = CARTESIAN_POINT ('', (-27.375, 14., 5.));
#3042 = B_SPLINE_CURVE_WITH_KNOTS ('', 1, (#3040, #3041), .UNSPECIFIED., .F., .U., (2, 2), (0., 1.), .UNSPECIFIED.);
#3043 = EDGE_CURVE ('', #2937, #3032, #3042, .T.);
#3044 = ORIENTED_EDGE ('', *, *, #3043, .T.);
#3045 = EDGE_LOOP ('', (#3037, #3038, #3039, #3044));
#3046 = FACE_OUTER_BOUND ('', #3045, .T.);
#3047 = CARTESIAN_POINT ('', (-27.375, 18.5, 3.5));
#3048 = CARTESIAN_POINT ('', (-27.375, 18.5, 5.));
#3049 = CARTESIAN_POINT ('', (-27.375, 14., 3.5));
#3050 = CARTESIAN_POINT ('', (-27.375, 14., 5.));
#3051 = B_SPLINE_SURFACE_WITH_KNOTS ('', 1, 1, ((#3047, #3048), (#3049, #3050)), .UNSPECIFIED., .F., .F., .U., (2, 2), (2, 2), (1., 1.5), (0., 1.), .UNSPECIFIED.);
#3052 = ADVANCED_FACE ('', (#3046), #3051, .T.);
#3053 = CARTESIAN_POINT ('', (-25.875, 14., 5.));
#3054 = VERTEX_POINT ('', #3053);
#3055 = CARTESIAN_POINT ('', (-27.375, 14., 5.));
#3056 = CARTESIAN_POINT ('', (-25.875, 14., 5.));
#3057 = B_SPLINE_CURVE_WITH_KNOTS ('', 1, (#3055, #3056), .UNSPECIFIED., .F., .U., (2, 2), (1.5, 3.), .UNSPECIFIED.);
#3058 = EDGE_CURVE ('', #3032, #3054, #3057, .T.);
#3059 = ORIENTED_EDGE ('', *, *, #3058, .F.);
#3060 = ORIENTED_EDGE ('', *, *, #3043, .F.);
#3061 = ORIENTED_EDGE ('', *, *, #2941, .T.);
#3062 = CARTESIAN_POINT ('', (-25.875, 14., 3.5));
#3063 = CARTESIAN_POINT ('', (-25.875, 14., 5.));
#3064 = B_SPLINE_CURVE_WITH_KNOTS ('', 1, (#3062, #3063), .UNSPECIFIED., .F., .U., (2, 2), (0., 1.), .UNSPECIFIED.);
#3065 = EDGE_CURVE ('', #2930, #3054, #3064, .T.);
#3066 = ORIENTED_EDGE ('', *, *, #3065, .T.);
#3067 = EDGE_LOOP ('', (#3059, #3060, #3061, #3066));
#3068 = FACE_OUTER_BOUND ('', #3067, .T.);
#3069 = CARTESIAN_POINT ('', (-27.375, 14., 3.5));
#3070 = CARTESIAN_POINT ('', (-27.375, 14., 5.));
#3071 = CARTESIAN_POINT ('', (-25.875, 14., 3.5));
#3072 = CARTESIAN_POINT ('', (-25.875, 14., 5.));
#3073 = B_SPLINE_SURFACE_WITH_KNOTS ('', 1, 1, ((#3069, #3070), (#3071, #3072)), .UNSPECIFIED., .F., .F., .U., (2, 2), (2, 2), (1.5, 3.), (0., 1.), .UNSPECIFIED.);
#3074 = ADVANCED_FACE ('', (#3068), #3073, .T.);
#3075 = CARTESIAN_POINT ('', (-25.875, 18.25, 5.));
#3076 = VERTEX_POINT ('', #3075);
#3077 = CARTESIAN_POINT ('', (-25.875, 14., 5.));
#3078 = CARTESIAN_POINT ('', (-25.875, 18.25, 5.));
#3079 = B_SPLINE_CURVE_WITH_KNOTS ('', 1, (#3077, #3078), .UNSPECIFIED., .F., .U., (2, 2), (3., 3.25), .UNSPECIFIED.);
#3080 = EDGE_CURVE ('', #3054, #3076, #3079, .T.);
#3081 = ORIENTED_EDGE ('', *, *, #3080, .F.);
#3082 = ORIENTED_EDGE ('', *, *, #3065, .F.);
#3083 = ORIENTED_EDGE ('', *, *, #2934, .T.);
#3084 = CARTESIAN_POINT ('', (-25.875, 18.25, 3.5));
#3085 = CARTESIAN_POINT ('', (-25.875, 18.25, 5.));
#3086 = B_SPLINE_CURVE_WITH_KNOTS ('', 1, (#3084, #3085), .UNSPECIFIED., .F., .U., (2, 2), (0., 1.), .UNSPECIFIED.);
#3087 = EDGE_CURVE ('', #2922, #3076, #3086, .T.);
#3088 = ORIENTED_EDGE ('', *, *, #3087, .T.);
#3089 = EDGE_LOOP ('', (#3081, #3082, #3083, #3088));
#3090 = FACE_OUTER_BOUND ('', #3089, .T.);
#3091 = CARTESIAN_POINT ('', (-25.875, 14., 3.5));
#3092 = CARTESIAN_POINT ('', (-25.875, 14., 5.));
#3093 = CARTESIAN_POINT ('', (-25.875, 18.25, 3.5));
#3094 = CARTESIAN_POINT ('', (-25.875, 18.25, 5.));
#3095 = B_SPLINE_SURFACE_WITH_KNOTS ('', 1, 1, ((#3091, #3092), (#3093, #3094)), .UNSPECIFIED., .F., .F., .U., (2, 2), (2, 2), (3., 3.25), (0., 1.), .UNSPECIFIED.);
#3096 = ADVANCED_FACE ('', (#3090), #3095, .T.);
#3097 = CARTESIAN_POINT ('', (-25.375, 18.75, 5.));
#3098 = VERTEX_POINT ('', #3097);
#3099 = CARTESIAN_POINT ('', (-25.875, 18.25, 5.));
#3100 = CARTESIAN_POINT ('', (-25.875, 18.75, 5.));
#3101 = CARTESIAN_POINT ('', (-25.375, 18.75, 5.));
#3102 = (
   BOUNDED_CURVE ()
   B_SPLINE_CURVE (2, (#3099, #3100, #3101), .UNSPECIFIED., .F., .U.)
   B_SPLINE_CURVE_WITH_KNOTS ((3, 3), (3.25, 4.25), .UNSPECIFIED.)
   CURVE ()
   GEOMETRIC_REPRESENTATION_ITEM ()
   RATIONAL_B_SPLINE_CURVE ((1., 0.707106781186548, 1.))
   REPRESENTATION_ITEM ('')
);
#3103 = EDGE_CURVE ('', #3076, #3098, #3102, .T.);
#3104 = ORIENTED_EDGE ('', *, *, #3103, .F.);
#3105 = ORIENTED_EDGE ('', *, *, #3087, .F.);
#3106 = ORIENTED_EDGE ('', *, *, #2927, .T.);
#3107 = CARTESIAN_POINT ('', (-25.375, 18.75, 3.5));
#3108 = CARTESIAN_POINT ('', (-25.375, 18.75, 5.));
#3109 = B_SPLINE_CURVE_WITH_KNOTS ('', 1, (#3107, #3108), .UNSPECIFIED., .F., .U., (2, 2), (0., 1.), .UNSPECIFIED.);
#3110 = EDGE_CURVE ('', #2915, #3098, #3109, .T.);
#3111 = ORIENTED_EDGE ('', *, *, #3110, .T.);
#3112 = EDGE_LOOP ('', (#3104, #3105, #3106, #3111));
#3113 = FACE_OUTER_BOUND ('', #3112, .T.);
#3114 = CARTESIAN_POINT ('', (-25.875, 18.25, 3.5));
#3115 = CARTESIAN_POINT ('', (-25.875, 18.25, 5.));
#3116 = CARTESIAN_POINT ('', (-25.875, 18.75, 3.5));
#3117 = CARTESIAN_POINT ('', (-25.875, 18.75, 5.));
#3118 = CARTESIAN_POINT ('', (-25.375, 18.75, 3.5));
#3119 = CARTESIAN_POINT ('', (-25.375, 18.75, 5.));
#3120 = (
   BOUNDED_SURFACE ()
   B_SPLINE_SURFACE (2, 1, ((#3114, #3115), (#3116, #3117), (#3118, #3119)), .UNSPECIFIED., .F., .F., .U.)
   B_SPLINE_SURFACE_WITH_KNOTS ((3, 3), (2, 2), (3.25, 4.25), (0., 1.), .UNSPECIFIED.)
   GEOMETRIC_REPRESENTATION_ITEM ()
   RATIONAL_B_SPLINE_SURFACE (((1., 1.), (0.707106781186548, 0.707106781186548), (1., 1.)))
   REPRESENTATION_ITEM ('')
   SURFACE ()
);
#3121 = ADVANCED_FACE ('', (#3113), #3120, .T.);
#3122 = CARTESIAN_POINT ('', (-24.125, 18.75, 5.));
#3123 = VERTEX_POINT ('', #3122);
#3124 = CARTESIAN_POINT ('', (-25.375, 18.75, 5.));
#3125 = CARTESIAN_POINT ('', (-24.125, 18.75, 5.));
#3126 = B_SPLINE_CURVE_WITH_KNOTS ('', 1, (#3124, #3125), .UNSPECIFIED., .F., .U., (2, 2), (4.25, 5.67857142857143), .UNSPECIFIED.);
#3127 = EDGE_CURVE ('', #3098, #3123, #3126, .T.);
#3128 = ORIENTED_EDGE ('', *, *, #3127, .F.);
#3129 = ORIENTED_EDGE ('', *, *, #3110, .F.);
#3130 = ORIENTED_EDGE ('', *, *, #2919, .T.);
#3131 = CARTESIAN_POINT ('', (-24.125, 18.75, 3.5));
#3132 = CARTESIAN_POINT ('', (-24.125, 18.75, 5.));
#3133 = B_SPLINE_CURVE_WITH_KNOTS ('', 1, (#3131, #3132), .UNSPECIFIED., .F., .U., (2, 2), (0., 1.), .UNSPECIFIED.);
#3134 = EDGE_CURVE ('', #2908, #3123, #3133, .T.);
#3135 = ORIENTED_EDGE ('', *, *, #3134, .T.);
#3136 = EDGE_LOOP ('', (#3128, #3129, #3130, #3135));
#3137 = FACE_OUTER_BOUND ('', #3136, .T.);
#3138 = CARTESIAN_POINT ('', (-25.375, 18.75, 3.5));
#3139 = CARTESIAN_POINT ('', (-25.375, 18.75, 5.));
#3140 = CARTESIAN_POINT ('', (-24.125, 18.75, 3.5));
#3141 = CARTESIAN_POINT ('', (-24.125, 18.75, 5.));
#3142 = B_SPLINE_SURFACE_WITH_KNOTS ('', 1, 1, ((#3138, #3139), (#3140, #3141)), .UNSPECIFIED., .F., .F., .U., (2, 2), (2, 2), (4.25, 5.67857142857143), (0., 1.), .UNSPECIFIED.);
#3143 = ADVANCED_FACE ('', (#3137), #3142, .T.);
#3144 = CARTESIAN_POINT ('', (-24.125, 19.5, 5.));
#3145 = VERTEX_POINT ('', #3144);
#3146 = CARTESIAN_POINT ('', (-24.125, 18.75, 5.));
#3147 = CARTESIAN_POINT ('', (-24.125, 19.5, 5.));
#3148 = B_SPLINE_CURVE_WITH_KNOTS ('', 1, (#3146, #3147), .UNSPECIFIED., .F., .U., (2, 2), (5.67857142857143, 6.42857142857143), .UNSPECIFIED.);
#3149 = EDGE_CURVE ('', #3123, #3145, #3148, .T.);
#3150 = ORIENTED_EDGE ('', *, *, #3149, .F.);
#3151 = ORIENTED_EDGE ('', *, *, #3134, .F.);
#3152 = ORIENTED_EDGE ('', *, *, #2912, .T.);
#3153 = CARTESIAN_POINT ('', (-24.125, 19.5, 3.5));
#3154 = CARTESIAN_POINT ('', (-24.125, 19.5, 5.));
#3155 = B_SPLINE_CURVE_WITH_KNOTS ('', 1, (#3153, #3154), .UNSPECIFIED., .F., .U., (2, 2), (0., 1.), .UNSPECIFIED.);
#3156 = EDGE_CURVE ('', #2900, #3145, #3155, .T.);
#3157 = ORIENTED_EDGE ('', *, *, #3156, .T.);
#3158 = EDGE_LOOP ('', (#3150, #3151, #3152, #3157));
#3159 = FACE_OUTER_BOUND ('', #3158, .T.);
#3160 = CARTESIAN_POINT ('', (-24.125, 18.75, 3.5));
#3161 = CARTESIAN_POINT ('', (-24.125, 18.75, 5.));
#3162 = CARTESIAN_POINT ('', (-24.125, 19.5, 3.5));
#3163 = CARTESIAN_POINT ('', (-24.125, 19.5, 5.));
#3164 = B_SPLINE_SURFACE_WITH_KNOTS ('', 1, 1, ((#3160, #3161), (#3162, #3163)), .UNSPECIFIED., .F., .F., .U., (2, 2), (2, 2), (5.67857142857143, 6.42857142857143), (0., 1.), .UNSPECIFIED.);
#3165 = ADVANCED_FACE ('', (#3159), #3164, .T.);
#3166 = CARTESIAN_POINT ('', (-23.625, 20., 5.));
#3167 = VERTEX_POINT ('', #3166);
#3168 = CARTESIAN_POINT ('', (-24.125, 19.5, 5.));
#3169 = CARTESIAN_POINT ('', (-24.125, 20., 5.));
#3170 = CARTESIAN_POINT ('', (-23.625, 20., 5.));
#3171 = (
   BOUNDED_CURVE ()
   B_SPLINE_CURVE (2, (#3168, #3169, #3170), .UNSPECIFIED., .F., .U.)
   B_SPLINE_CURVE_WITH_KNOTS ((3, 3), (6.42857142857143, 7.42857142857143), .UNSPECIFIED.)
   CURVE ()
   GEOMETRIC_REPRESENTATION_ITEM ()
   RATIONAL_B_SPLINE_CURVE ((1., 0.707106781186548, 1.))
   REPRESENTATION_ITEM ('')
);
#3172 = EDGE_CURVE ('', #3145, #3167, #3171, .T.);
#3173 = ORIENTED_EDGE ('', *, *, #3172, .F.);
#3174 = ORIENTED_EDGE ('', *, *, #3156, .F.);
#3175 = ORIENTED_EDGE ('', *, *, #2905, .T.);
#3176 = CARTESIAN_POINT ('', (-23.625, 20., 3.5));
#3177 = CARTESIAN_POINT ('', (-23.625, 20., 5.));
#3178 = B_SPLINE_CURVE_WITH_KNOTS ('', 1, (#3176, #3177), .UNSPECIFIED., .F., .U., (2, 2), (0., 1.), .UNSPECIFIED.);
#3179 = EDGE_CURVE ('', #2893, #3167, #3178, .T.);
#3180 = ORIENTED_EDGE ('', *, *, #3179, .T.);
#3181 = EDGE_LOOP ('', (#3173, #3174, #3175, #3180));
#3182 = FACE_OUTER_BOUND ('', #3181, .T.);
#3183 = CARTESIAN_POINT ('', (-24.125, 19.5, 3.5));
#3184 = CARTESIAN_POINT ('', (-24.125, 19.5, 5.));
#3185 = CARTESIAN_POINT ('', (-24.125, 20., 3.5));
#3186 = CARTESIAN_POINT ('', (-24.125, 20., 5.));
#3187 = CARTESIAN_POINT ('', (-23.625, 20., 3.5));
#3188 = CARTESIAN_POINT ('', (-23.625, 20., 5.));
#3189 = (
   BOUNDED_SURFACE ()
   B_SPLINE_SURFACE (2, 1, ((#3183, #3184), (#3185, #3186), (#3187, #3188)), .UNSPECIFIED., .F., .F., .U.)
   B_SPLINE_SURFACE_WITH_KNOTS ((3, 3), (2, 2), (6.42857142857143, 7.42857142857143), (0., 1.), .UNSPECIFIED.)
   GEOMETRIC_REPRESENTATION_ITEM ()
   RATIONAL_B_SPLINE_SURFACE (((1., 1.), (0.707106781186548, 0.707106781186548), (1., 1.)))
   REPRESENTATION_ITEM ('')
   SURFACE ()
);
#3190 = ADVANCED_FACE ('', (#3182), #3189, .T.);
#3191 = CARTESIAN_POINT ('', (-21.375, 20., 5.));
#3192 = VERTEX_POINT ('', #3191);
#3193 = CARTESIAN_POINT ('', (-23.625, 20., 5.));
#3194 = CARTESIAN_POINT ('', (-21.375, 20., 5.));
#3195 = B_SPLINE_CURVE_WITH_KNOTS ('', 1, (#3193, #3194), .UNSPECIFIED., .F., .U., (2, 2), (7.42857142857143, 9.50549450549451), .UNSPECIFIED.);
#3196 = EDGE_CURVE ('', #3167, #3192, #3195, .T.);
#3197 = ORIENTED_EDGE ('', *, *, #3196, .F.);
#3198 = ORIENTED_EDGE ('', *, *, #3179, .F.);
#3199 = ORIENTED_EDGE ('', *, *, #2897, .T.);
#3200 = CARTESIAN_POINT ('', (-21.375, 20., 3.5));
#3201 = CARTESIAN_POINT ('', (-21.375, 20., 5.));
#3202 = B_SPLINE_CURVE_WITH_KNOTS ('', 1, (#3200, #3201), .UNSPECIFIED., .F., .U., (2, 2), (0., 1.), .UNSPECIFIED.);
#3203 = EDGE_CURVE ('', #2885, #3192, #3202, .T.);
#3204 = ORIENTED_EDGE ('', *, *, #3203, .T.);
#3205 = EDGE_LOOP ('', (#3197, #3198, #3199, #3204));
#3206 = FACE_OUTER_BOUND ('', #3205, .T.);
#3207 = CARTESIAN_POINT ('', (-23.625, 20., 3.5));
#3208 = CARTESIAN_POINT ('', (-23.625, 20., 5.));
#3209 = CARTESIAN_POINT ('', (-21.375, 20., 3.5));
#3210 = CARTESIAN_POINT ('', (-21.375, 20., 5.));
#3211 = B_SPLINE_SURFACE_WITH_KNOTS ('', 1, 1, ((#3207, #3208), (#3209, #3210)), .UNSPECIFIED., .F., .F., .U., (2, 2), (2, 2), (7.42857142857143, 9.50549450549451), (0., 1.), .UNSPECIFIED.);
#3212 = ADVANCED_FACE ('', (#3206), #3211, .T.);
#3213 = CARTESIAN_POINT ('', (-20.875, 19.5, 5.));
#3214 = VERTEX_POINT ('', #3213);
#3215 = CARTESIAN_POINT ('', (-21.375, 20., 5.));
#3216 = CARTESIAN_POINT ('', (-20.875, 20., 5.));
#3217 = CARTESIAN_POINT ('', (-20.875, 19.5, 5.));
#3218 = (
   BOUNDED_CURVE ()
   B_SPLINE_CURVE (2, (#3215, #3216, #3217), .UNSPECIFIED., .F., .U.)
   B_SPLINE_CURVE_WITH_KNOTS ((3, 3), (9.50549450549451, 10.5054945054945), .UNSPECIFIED.)
   CURVE ()
   GEOMETRIC_REPRESENTATION_ITEM ()
   RATIONAL_B_SPLINE_CURVE ((1., 0.707106781186548, 1.))
   REPRESENTATION_ITEM ('')
);
#3219 = EDGE_CURVE ('', #3192, #3214, #3218, .T.);
#3220 = ORIENTED_EDGE ('', *, *, #3219, .F.);
#3221 = ORIENTED_EDGE ('', *, *, #3203, .F.);
#3222 = ORIENTED_EDGE ('', *, *, #2890, .T.);
#3223 = CARTESIAN_POINT ('', (-20.875, 19.5, 3.5));
#3224 = CARTESIAN_POINT ('', (-20.875, 19.5, 5.));
#3225 = B_SPLINE_CURVE_WITH_KNOTS ('', 1, (#3223, #3224), .UNSPECIFIED., .F., .U., (2, 2), (0., 1.), .UNSPECIFIED.);
#3226 = EDGE_CURVE ('', #2878, #3214, #3225, .T.);
#3227 = ORIENTED_EDGE ('', *, *, #3226, .T.);
#3228 = EDGE_LOOP ('', (#3220, #3221, #3222, #3227));
#3229 = FACE_OUTER_BOUND ('', #3228, .T.);
#3230 = CARTESIAN_POINT ('', (-21.375, 20., 3.5));
#3231 = CARTESIAN_POINT ('', (-21.375, 20., 5.));
#3232 = CARTESIAN_POINT ('', (-20.875, 20., 3.5));
#3233 = CARTESIAN_POINT ('', (-20.875, 20., 5.));
#3234 = CARTESIAN_POINT ('', (-20.875, 19.5, 3.5));
#3235 = CARTESIAN_POINT ('', (-20.875, 19.5, 5.));
#3236 = (
   BOUNDED_SURFACE ()
   B_SPLINE_SURFACE (2, 1, ((#3230, #3231), (#3232, #3233), (#3234, #3235)), .UNSPECIFIED., .F., .F., .U.)
   B_SPLINE_SURFACE_WITH_KNOTS ((3, 3), (2, 2), (9.50549450549451, 10.5054945054945), (0., 1.), .UNSPECIFIED.)
   GEOMETRIC_REPRESENTATION_ITEM ()
   RATIONAL_B_SPLINE_SURFACE (((1., 1.), (0.707106781186548, 0.707106781186548), (1., 1.)))
   REPRESENTATION_ITEM ('')
   SURFACE ()
);
#3237 = ADVANCED_FACE ('', (#3229), #3236, .T.);
#3238 = CARTESIAN_POINT ('', (-20.875, 18.75, 5.));
#3239 = VERTEX_POINT ('', #3238);
#3240 = CARTESIAN_POINT ('', (-20.875, 19.5, 5.));
#3241 = CARTESIAN_POINT ('', (-20.875, 18.75, 5.));
#3242 = B_SPLINE_CURVE_WITH_KNOTS ('', 1, (#3240, #3241), .UNSPECIFIED., .F., .U., (2, 2), (10.5054945054945, 11.2554945054945), .UNSPECIFIED.);
#3243 = EDGE_CURVE ('', #3214, #3239, #3242, .T.);
#3244 = ORIENTED_EDGE ('', *, *, #3243, .F.);
#3245 = ORIENTED_EDGE ('', *, *, #3226, .F.);
#3246 = ORIENTED_EDGE ('', *, *, #2882, .T.);
#3247 = CARTESIAN_POINT ('', (-20.875, 18.75, 3.5));
#3248 = CARTESIAN_POINT ('', (-20.875, 18.75, 5.));
#3249 = B_SPLINE_CURVE_WITH_KNOTS ('', 1, (#3247, #3248), .UNSPECIFIED., .F., .U., (2, 2), (0., 1.), .UNSPECIFIED.);
#3250 = EDGE_CURVE ('', #2871, #3239, #3249, .T.);
#3251 = ORIENTED_EDGE ('', *, *, #3250, .T.);
#3252 = EDGE_LOOP ('', (#3244, #3245, #3246, #3251));
#3253 = FACE_OUTER_BOUND ('', #3252, .T.);
#3254 = CARTESIAN_POINT ('', (-20.875, 19.5, 3.5));
#3255 = CARTESIAN_POINT ('', (-20.875, 19.5, 5.));
#3256 = CARTESIAN_POINT ('', (-20.875, 18.75, 3.5));
#3257 = CARTESIAN_POINT ('', (-20.875, 18.75, 5.));
#3258 = B_SPLINE_SURFACE_WITH_KNOTS ('', 1, 1, ((#3254, #3255), (#3256, #3257)), .UNSPECIFIED., .F., .F., .U., (2, 2), (2, 2), (10.5054945054945, 11.2554945054945), (0., 1.), .UNSPECIFIED.);
#3259 = ADVANCED_FACE ('', (#3253), #3258, .T.);
#3260 = CARTESIAN_POINT ('', (-19.625, 18.75, 5.));
#3261 = VERTEX_POINT ('', #3260);
#3262 = CARTESIAN_POINT ('', (-20.875, 18.75, 5.));
#3263 = CARTESIAN_POINT ('', (-19.625, 18.75, 5.));
#3264 = B_SPLINE_CURVE_WITH_KNOTS ('', 1, (#3262, #3263), .UNSPECIFIED., .F., .U., (2, 2), (11.2554945054945, 12.5054945054945), .UNSPECIFIED.);
#3265 = EDGE_CURVE ('', #3239, #3261, #3264, .T.);
#3266 = ORIENTED_EDGE ('', *, *, #3265, .F.);
#3267 = ORIENTED_EDGE ('', *, *, #3250, .F.);
#3268 = ORIENTED_EDGE ('', *, *, #2875, .T.);
#3269 = CARTESIAN_POINT ('', (-19.625, 18.75, 3.5));
#3270 = CARTESIAN_POINT ('', (-19.625, 18.75, 5.));
#3271 = B_SPLINE_CURVE_WITH_KNOTS ('', 1, (#3269, #3270), .UNSPECIFIED., .F., .U., (2, 2), (0., 1.), .UNSPECIFIED.);
#3272 = EDGE_CURVE ('', #2863, #3261, #3271, .T.);
#3273 = ORIENTED_EDGE ('', *, *, #3272, .T.);
#3274 = EDGE_LOOP ('', (#3266, #3267, #3268, #3273));
#3275 = FACE_OUTER_BOUND ('', #3274, .T.);
#3276 = CARTESIAN_POINT ('', (-20.875, 18.75, 3.5));
#3277 = CARTESIAN_POINT ('', (-20.875, 18.75, 5.));
#3278 = CARTESIAN_POINT ('', (-19.625, 18.75, 3.5));
#3279 = CARTESIAN_POINT ('', (-19.625, 18.75, 5.));
#3280 = B_SPLINE_SURFACE_WITH_KNOTS ('', 1, 1, ((#3276, #3277), (#3278, #3279)), .UNSPECIFIED., .F., .F., .U., (2, 2), (2, 2), (11.2554945054945, 12.5054945054945), (0., 1.), .UNSPECIFIED.);
#3281 = ADVANCED_FACE ('', (#3275), #3280, .T.);
#3282 = CARTESIAN_POINT ('', (-19.125, 18.25, 5.));
#3283 = VERTEX_POINT ('', #3282);
#3284 = CARTESIAN_POINT ('', (-19.625, 18.75, 5.));
#3285 = CARTESIAN_POINT ('', (-19.125, 18.75, 5.));
#3286 = CARTESIAN_POINT ('', (-19.125, 18.25, 5.));
#3287 = (
   BOUNDED_CURVE ()
   B_SPLINE_CURVE (2, (#3284, #3285, #3286), .UNSPECIFIED., .F., .U.)
   B_SPLINE_CURVE_WITH_KNOTS ((3, 3), (12.5054945054945, 13.5054945054945), .UNSPECIFIED.)
   CURVE ()
   GEOMETRIC_REPRESENTATION_ITEM ()
   RATIONAL_B_SPLINE_CURVE ((1., 0.707106781186545, 1.))
   REPRESENTATION_ITEM ('')
);
#3288 = EDGE_CURVE ('', #3261, #3283, #3287, .T.);
#3289 = ORIENTED_EDGE ('', *, *, #3288, .F.);
#3290 = ORIENTED_EDGE ('', *, *, #3272, .F.);
#3291 = ORIENTED_EDGE ('', *, *, #2868, .T.);
#3292 = CARTESIAN_POINT ('', (-19.125, 18.25, 3.5));
#3293 = CARTESIAN_POINT ('', (-19.125, 18.25, 5.));
#3294 = B_SPLINE_CURVE_WITH_KNOTS ('', 1, (#3292, #3293), .UNSPECIFIED., .F., .U., (2, 2), (0., 1.), .UNSPECIFIED.);
#3295 = EDGE_CURVE ('', #2856, #3283, #3294, .T.);
#3296 = ORIENTED_EDGE ('', *, *, #3295, .T.);
#3297 = EDGE_LOOP ('', (#3289, #3290, #3291, #3296));
#3298 = FACE_OUTER_BOUND ('', #3297, .T.);
#3299 = CARTESIAN_POINT ('', (-19.625, 18.75, 3.5));
#3300 = CARTESIAN_POINT ('', (-19.625, 18.75, 5.));
#3301 = CARTESIAN_POINT ('', (-19.125, 18.75, 3.5));
#3302 = CARTESIAN_POINT ('', (-19.125, 18.75, 5.));
#3303 = CARTESIAN_POINT ('', (-19.125, 18.25, 3.5));
#3304 = CARTESIAN_POINT ('', (-19.125, 18.25, 5.));
#3305 = (
   BOUNDED_SURFACE ()
   B_SPLINE_SURFACE (2, 1, ((#3299, #3300), (#3301, #3302), (#3303, #3304)), .UNSPECIFIED., .F., .F., .U.)
   B_SPLINE_SURFACE_WITH_KNOTS ((3, 3), (2, 2), (12.5054945054945, 13.5054945054945), (0., 1.), .UNSPECIFIED.)
   GEOMETRIC_REPRESENTATION_ITEM ()
   RATIONAL_B_SPLINE_SURFACE (((1., 1.), (0.707106781186545, 0.707106781186545), (1., 1.)))
   REPRESENTATION_ITEM ('')
   SURFACE ()
);
#3306 = ADVANCED_FACE ('', (#3298), #3305, .T.);
#3307 = CARTESIAN_POINT ('', (-19.125, 14., 5.));
#3308 = VERTEX_POINT ('', #3307);
#3309 = CARTESIAN_POINT ('', (-19.125, 18.25, 5.));
#3310 = CARTESIAN_POINT ('', (-19.125, 14., 5.));
#3311 = B_SPLINE_CURVE_WITH_KNOTS ('', 1, (#3309, #3310), .UNSPECIFIED., .F., .U., (2, 2), (13.5054945054945, 17.7554945054945), .UNSPECIFIED.);
#3312 = EDGE_CURVE ('', #3283, #3308, #3311, .T.);
#3313 = ORIENTED_EDGE ('', *, *, #3312, .F.);
#3314 = ORIENTED_EDGE ('', *, *, #3295, .F.);
#3315 = ORIENTED_EDGE ('', *, *, #2860, .T.);
#3316 = CARTESIAN_POINT ('', (-19.125, 14., 3.5));
#3317 = CARTESIAN_POINT ('', (-19.125, 14., 5.));
#3318 = B_SPLINE_CURVE_WITH_KNOTS ('', 1, (#3316, #3317), .UNSPECIFIED., .F., .U., (2, 2), (0., 1.), .UNSPECIFIED.);
#3319 = EDGE_CURVE ('', #2849, #3308, #3318, .T.);
#3320 = ORIENTED_EDGE ('', *, *, #3319, .T.);
#3321 = EDGE_LOOP ('', (#3313, #3314, #3315, #3320));
#3322 = FACE_OUTER_BOUND ('', #3321, .T.);
#3323 = CARTESIAN_POINT ('', (-19.125, 18.25, 3.5));
#3324 = CARTESIAN_POINT ('', (-19.125, 18.25, 5.));
#3325 = CARTESIAN_POINT ('', (-19.125, 14., 3.5));
#3326 = CARTESIAN_POINT ('', (-19.125, 14., 5.));
#3327 = B_SPLINE_SURFACE_WITH_KNOTS ('', 1, 1, ((#3323, #3324), (#3325, #3326)), .UNSPECIFIED., .F., .F., .U., (2, 2), (2, 2), (13.5054945054945, 17.7554945054945), (0., 1.), .UNSPECIFIED.);
#3328 = ADVANCED_FACE ('', (#3322), #3327, .T.);
#3329 = CARTESIAN_POINT ('', (-18.625, 14., 5.));
#3330 = VERTEX_POINT ('', #3329);
#3331 = CARTESIAN_POINT ('', (-19.125, 14., 5.));
#3332 = CARTESIAN_POINT ('', (-18.625, 14., 5.));
#3333 = B_SPLINE_CURVE_WITH_KNOTS ('', 1, (#3331, #3332), .UNSPECIFIED., .F., .U., (2, 2), (17.7554945054945, 18.2554945054945), .UNSPECIFIED.);
#3334 = EDGE_CURVE ('', #3308, #3330, #3333, .T.);
#3335 = ORIENTED_EDGE ('', *, *, #3334, .F.);
#3336 = ORIENTED_EDGE ('', *, *, #3319, .F.);
#3337 = ORIENTED_EDGE ('', *, *, #2853, .T.);
#3338 = CARTESIAN_POINT ('', (-18.625, 14., 3.5));
#3339 = CARTESIAN_POINT ('', (-18.625, 14., 5.));
#3340 = B_SPLINE_CURVE_WITH_KNOTS ('', 1, (#3338, #3339), .UNSPECIFIED., .F., .U., (2, 2), (0., 1.), .UNSPECIFIED.);
#3341 = EDGE_CURVE ('', #2841, #3330, #3340, .T.);
#3342 = ORIENTED_EDGE ('', *, *, #3341, .T.);
#3343 = EDGE_LOOP ('', (#3335, #3336, #3337, #3342));
#3344 = FACE_OUTER_BOUND ('', #3343, .T.);
#3345 = CARTESIAN_POINT ('', (-19.125, 14., 3.5));
#3346 = CARTESIAN_POINT ('', (-19.125, 14., 5.));
#3347 = CARTESIAN_POINT ('', (-18.625, 14., 3.5));
#3348 = CARTESIAN_POINT ('', (-18.625, 14., 5.));
#3349 = B_SPLINE_SURFACE_WITH_KNOTS ('', 1, 1, ((#3345, #3346), (#3347, #3348)), .UNSPECIFIED., .F., .F., .U., (2, 2), (2, 2), (17.7554945054945, 18.2554945054945), (0., 1.), .UNSPECIFIED.);
#3350 = ADVANCED_FACE ('', (#3344), #3349, .T.);
#3351 = CARTESIAN_POINT ('', (-18.125, 13.5, 5.));
#3352 = VERTEX_POINT ('', #3351);
#3353 = CARTESIAN_POINT ('', (-18.625, 14., 5.));
#3354 = CARTESIAN_POINT ('', (-18.125, 14., 5.));
#3355 = CARTESIAN_POINT ('', (-18.125, 13.5, 5.));
#3356 = (
   BOUNDED_CURVE ()
   B_SPLINE_CURVE (2, (#3353, #3354, #3355), .UNSPECIFIED., .F., .U.)
   B_SPLINE_CURVE_WITH_KNOTS ((3, 3), (18.2554945054945, 19.2554945054945), .UNSPECIFIED.)
   CURVE ()
   GEOMETRIC_REPRESENTATION_ITEM ()
   RATIONAL_B_SPLINE_CURVE ((1., 0.707106781186548, 1.))
   REPRESENTATION_ITEM ('')
);
#3357 = EDGE_CURVE ('', #3330, #3352, #3356, .T.);
#3358 = ORIENTED_EDGE ('', *, *, #3357, .F.);
#3359 = ORIENTED_EDGE ('', *, *, #3341, .F.);
#3360 = ORIENTED_EDGE ('', *, *, #2846, .T.);
#3361 = CARTESIAN_POINT ('', (-18.125, 13.5, 3.5));
#3362 = CARTESIAN_POINT ('', (-18.125, 13.5, 5.));
#3363 = B_SPLINE_CURVE_WITH_KNOTS ('', 1, (#3361, #3362), .UNSPECIFIED., .F., .U., (2, 2), (0., 1.), .UNSPECIFIED.);
#3364 = EDGE_CURVE ('', #2834, #3352, #3363, .T.);
#3365 = ORIENTED_EDGE ('', *, *, #3364, .T.);
#3366 = EDGE_LOOP ('', (#3358, #3359, #3360, #3365));
#3367 = FACE_OUTER_BOUND ('', #3366, .T.);
#3368 = CARTESIAN_POINT ('', (-18.625, 14., 3.5));
#3369 = CARTESIAN_POINT ('', (-18.625, 14., 5.));
#3370 = CARTESIAN_POINT ('', (-18.125, 14., 3.5));
#3371 = CARTESIAN_POINT ('', (-18.125, 14., 5.));
#3372 = CARTESIAN_POINT ('', (-18.125, 13.5, 3.5));
#3373 = CARTESIAN_POINT ('', (-18.125, 13.5, 5.));
#3374 = (
   BOUNDED_SURFACE ()
   B_SPLINE_SURFACE (2, 1, ((#3368, #3369), (#3370, #3371), (#3372, #3373)), .UNSPECIFIED., .F., .F., .U.)
   B_SPLINE_SURFACE_WITH_KNOTS ((3, 3), (2, 2), (18.2554945054945, 19.2554945054945), (0., 1.), .UNSPECIFIED.)
   GEOMETRIC_REPRESENTATION_ITEM ()
   RATIONAL_B_SPLINE_SURFACE (((1., 1.), (0.707106781186548, 0.707106781186548), (1., 1.)))
   REPRESENTATION_ITEM ('')
   SURFACE ()
);
#3375 = ADVANCED_FACE ('', (#3367), #3374, .T.);
#3376 = CARTESIAN_POINT ('', (-18.125, 10.25, 5.));
#3377 = VERTEX_POINT ('', #3376);
#3378 = CARTESIAN_POINT ('', (-18.125, 13.5, 5.));
#3379 = CARTESIAN_POINT ('', (-18.125, 10.25, 5.));
#3380 = B_SPLINE_CURVE_WITH_KNOTS ('', 1, (#3378, #3379), .UNSPECIFIED., .F., .U., (2, 2), (19.2554945054945, 22.5054945054945), .UNSPECIFIED.);
#3381 = EDGE_CURVE ('', #3352, #3377, #3380, .T.);
#3382 = ORIENTED_EDGE ('', *, *, #3381, .F.);
#3383 = ORIENTED_EDGE ('', *, *, #3364, .F.);
#3384 = ORIENTED_EDGE ('', *, *, #2838, .T.);
#3385 = CARTESIAN_POINT ('', (-18.125, 10.25, 3.5));
#3386 = CARTESIAN_POINT ('', (-18.125, 10.25, 5.));
#3387 = B_SPLINE_CURVE_WITH_KNOTS ('', 1, (#3385, #3386), .UNSPECIFIED., .F., .U., (2, 2), (0., 1.), .UNSPECIFIED.);
#3388 = EDGE_CURVE ('', #2826, #3377, #3387, .T.);
#3389 = ORIENTED_EDGE ('', *, *, #3388, .T.);
#3390 = EDGE_LOOP ('', (#3382, #3383, #3384, #3389));
#3391 = FACE_OUTER_BOUND ('', #3390, .T.);
#3392 = CARTESIAN_POINT ('', (-18.125, 13.5, 3.5));
#3393 = CARTESIAN_POINT ('', (-18.125, 13.5, 5.));
#3394 = CARTESIAN_POINT ('', (-18.125, 10.25, 3.5));
#3395 = CARTESIAN_POINT ('', (-18.125, 10.25, 5.));
#3396 = B_SPLINE_SURFACE_WITH_KNOTS ('', 1, 1, ((#3392, #3393), (#3394, #3395)), .UNSPECIFIED., .F., .F., .U., (2, 2), (2, 2), (19.2554945054945, 22.5054945054945), (0., 1.), .UNSPECIFIED.);
#3397 = ADVANCED_FACE ('', (#3391), #3396, .T.);
#3398 = CARTESIAN_POINT ('', (-18.625, 9.75000000000001, 5.));
#3399 = VERTEX_POINT ('', #3398);
#3400 = CARTESIAN_POINT ('', (-18.125, 10.25, 5.));
#3401 = CARTESIAN_POINT ('', (-18.125, 9.75000000000001, 5.));
#3402 = CARTESIAN_POINT ('', (-18.625, 9.75000000000001, 5.));
#3403 = (
   BOUNDED_CURVE ()
   B_SPLINE_CURVE (2, (#3400, #3401, #3402), .UNSPECIFIED., .F., .U.)
   B_SPLINE_CURVE_WITH_KNOTS ((3, 3), (22.5054945054945, 23.5054945054945), .UNSPECIFIED.)
   CURVE ()
   GEOMETRIC_REPRESENTATION_ITEM ()
   RATIONAL_B_SPLINE_CURVE ((1., 0.707106781186548, 1.))
   REPRESENTATION_ITEM ('')
);
#3404 = EDGE_CURVE ('', #3377, #3399, #3403, .T.);
#3405 = ORIENTED_EDGE ('', *, *, #3404, .F.);
#3406 = ORIENTED_EDGE ('', *, *, #3388, .F.);
#3407 = ORIENTED_EDGE ('', *, *, #2831, .T.);
#3408 = CARTESIAN_POINT ('', (-18.625, 9.75000000000001, 3.5));
#3409 = CARTESIAN_POINT ('', (-18.625, 9.75000000000001, 5.));
#3410 = B_SPLINE_CURVE_WITH_KNOTS ('', 1, (#3408, #3409), .UNSPECIFIED., .F., .U., (2, 2), (0., 1.), .UNSPECIFIED.);
#3411 = EDGE_CURVE ('', #2819, #3399, #3410, .T.);
#3412 = ORIENTED_EDGE ('', *, *, #3411, .T.);
#3413 = EDGE_LOOP ('', (#3405, #3406, #3407, #3412));
#3414 = FACE_OUTER_BOUND ('', #3413, .T.);
#3415 = CARTESIAN_POINT ('', (-18.125, 10.25, 3.5));
#3416 = CARTESIAN_POINT ('', (-18.125, 10.25, 5.));
#3417 = CARTESIAN_POINT ('', (-18.125, 9.75000000000001, 3.5));
#3418 = CARTESIAN_POINT ('', (-18.125, 9.75000000000001, 5.));
#3419 = CARTESIAN_POINT ('', (-18.625, 9.75000000000001, 3.5));
#3420 = CARTESIAN_POINT ('', (-18.625, 9.75000000000001, 5.));
#3421 = (
   BOUNDED_SURFACE ()
   B_SPLINE_SURFACE (2, 1, ((#3415, #3416), (#3417, #3418), (#3419, #3420)), .UNSPECIFIED., .F., .F., .U.)
   B_SPLINE_SURFACE_WITH_KNOTS ((3, 3), (2, 2), (22.5054945054945, 23.5054945054945), (0., 1.), .UNSPECIFIED.)
   GEOMETRIC_REPRESENTATION_ITEM ()
   RATIONAL_B_SPLINE_SURFACE (((1., 1.), (0.707106781186548, 0.707106781186548), (1., 1.)))
   REPRESENTATION_ITEM ('')
   SURFACE ()
);
#3422 = ADVANCED_FACE ('', (#3414), #3421, .T.);
#3423 = CARTESIAN_POINT ('', (-19.125, 9.75, 5.));
#3424 = VERTEX_POINT ('', #3423);
#3425 = CARTESIAN_POINT ('', (-18.625, 9.75000000000001, 5.));
#3426 = CARTESIAN_POINT ('', (-19.125, 9.75, 5.));
#3427 = B_SPLINE_CURVE_WITH_KNOTS ('', 1, (#3425, #3426), .UNSPECIFIED., .F., .U., (2, 2), (23.5054945054945, 24.0054945054945), .UNSPECIFIED.);
#3428 = EDGE_CURVE ('', #3399, #3424, #3427, .T.);
#3429 = ORIENTED_EDGE ('', *, *, #3428, .F.);
#3430 = ORIENTED_EDGE ('', *, *, #3411, .F.);
#3431 = ORIENTED_EDGE ('', *, *, #2823, .T.);
#3432 = CARTESIAN_POINT ('', (-19.125, 9.75, 3.5));
#3433 = CARTESIAN_POINT ('', (-19.125, 9.75, 5.));
#3434 = B_SPLINE_CURVE_WITH_KNOTS ('', 1, (#3432, #3433), .UNSPECIFIED., .F., .U., (2, 2), (0., 1.), .UNSPECIFIED.);
#3435 = EDGE_CURVE ('', #2812, #3424, #3434, .T.);
#3436 = ORIENTED_EDGE ('', *, *, #3435, .T.);
#3437 = EDGE_LOOP ('', (#3429, #3430, #3431, #3436));
#3438 = FACE_OUTER_BOUND ('', #3437, .T.);
#3439 = CARTESIAN_POINT ('', (-18.625, 9.75000000000001, 3.5));
#3440 = CARTESIAN_POINT ('', (-18.625, 9.75000000000001, 5.));
#3441 = CARTESIAN_POINT ('', (-19.125, 9.75, 3.5));
#3442 = CARTESIAN_POINT ('', (-19.125, 9.75, 5.));
#3443 = B_SPLINE_SURFACE_WITH_KNOTS ('', 1, 1, ((#3439, #3440), (#3441, #3442)), .UNSPECIFIED., .F., .F., .U., (2, 2), (2, 2), (23.5054945054945, 24.0054945054945), (0., 1.), .UNSPECIFIED.);
#3444 = ADVANCED_FACE ('', (#3438), #3443, .T.);
#3445 = CARTESIAN_POINT ('', (-19.125, 7.00000000000001, 5.));
#3446 = VERTEX_POINT ('', #3445);
#3447 = CARTESIAN_POINT ('', (-19.125, 9.75, 5.));
#3448 = CARTESIAN_POINT ('', (-19.125, 7.00000000000001, 5.));
#3449 = B_SPLINE_CURVE_WITH_KNOTS ('', 1, (#3447, #3448), .UNSPECIFIED., .F., .U., (2, 2), (24.0054945054945, 26.7554945054945), .UNSPECIFIED.);
#3450 = EDGE_CURVE ('', #3424, #3446, #3449, .T.);
#3451 = ORIENTED_EDGE ('', *, *, #3450, .F.);
#3452 = ORIENTED_EDGE ('', *, *, #3435, .F.);
#3453 = ORIENTED_EDGE ('', *, *, #2816, .T.);
#3454 = CARTESIAN_POINT ('', (-19.125, 7.00000000000001, 3.5));
#3455 = CARTESIAN_POINT ('', (-19.125, 7.00000000000001, 5.));
#3456 = B_SPLINE_CURVE_WITH_KNOTS ('', 1, (#3454, #3455), .UNSPECIFIED., .F., .U., (2, 2), (0., 1.), .UNSPECIFIED.);
#3457 = EDGE_CURVE ('', #2804, #3446, #3456, .T.);
#3458 = ORIENTED_EDGE ('', *, *, #3457, .T.);
#3459 = EDGE_LOOP ('', (#3451, #3452, #3453, #3458));
#3460 = FACE_OUTER_BOUND ('', #3459, .T.);
#3461 = CARTESIAN_POINT ('', (-19.125, 9.75, 3.5));
#3462 = CARTESIAN_POINT ('', (-19.125, 9.75, 5.));
#3463 = CARTESIAN_POINT ('', (-19.125, 7.00000000000001, 3.5));
#3464 = CARTESIAN_POINT ('', (-19.125, 7.00000000000001, 5.));
#3465 = B_SPLINE_SURFACE_WITH_KNOTS ('', 1, 1, ((#3461, #3462), (#3463, #3464)), .UNSPECIFIED., .F., .F., .U., (2, 2), (2, 2), (24.0054945054945, 26.7554945054945), (0., 1.), .UNSPECIFIED.);
#3466 = ADVANCED_FACE ('', (#3460), #3465, .T.);
#3467 = CARTESIAN_POINT ('', (-19.625, 6.50000000000001, 5.));
#3468 = VERTEX_POINT ('', #3467);
#3469 = CARTESIAN_POINT ('', (-19.125, 7.00000000000001, 5.));
#3470 = CARTESIAN_POINT ('', (-19.125, 6.50000000000001, 5.));
#3471 = CARTESIAN_POINT ('', (-19.625, 6.50000000000001, 5.));
#3472 = (
   BOUNDED_CURVE ()
   B_SPLINE_CURVE (2, (#3469, #3470, #3471), .UNSPECIFIED., .F., .U.)
   B_SPLINE_CURVE_WITH_KNOTS ((3, 3), (26.7554945054945, 27.7554945054945), .UNSPECIFIED.)
   CURVE ()
   GEOMETRIC_REPRESENTATION_ITEM ()
   RATIONAL_B_SPLINE_CURVE ((1., 0.707106781186548, 1.))
   REPRESENTATION_ITEM ('')
);
#3473 = EDGE_CURVE ('', #3446, #3468, #3472, .T.);
#3474 = ORIENTED_EDGE ('', *, *, #3473, .F.);
#3475 = ORIENTED_EDGE ('', *, *, #3457, .F.);
#3476 = ORIENTED_EDGE ('', *, *, #2809, .T.);
#3477 = CARTESIAN_POINT ('', (-19.625, 6.50000000000001, 3.5));
#3478 = CARTESIAN_POINT ('', (-19.625, 6.50000000000001, 5.));
#3479 = B_SPLINE_CURVE_WITH_KNOTS ('', 1, (#3477, #3478), .UNSPECIFIED., .F., .U., (2, 2), (0., 1.), .UNSPECIFIED.);
#3480 = EDGE_CURVE ('', #2797, #3468, #3479, .T.);
#3481 = ORIENTED_EDGE ('', *, *, #3480, .T.);
#3482 = EDGE_LOOP ('', (#3474, #3475, #3476, #3481));
#3483 = FACE_OUTER_BOUND ('', #3482, .T.);
#3484 = CARTESIAN_POINT ('', (-19.125, 7.00000000000001, 3.5));
#3485 = CARTESIAN_POINT ('', (-19.125, 7.00000000000001, 5.));
#3486 = CARTESIAN_POINT ('', (-19.125, 6.50000000000001, 3.5));
#3487 = CARTESIAN_POINT ('', (-19.125, 6.50000000000001, 5.));
#3488 = CARTESIAN_POINT ('', (-19.625, 6.50000000000001, 3.5));
#3489 = CARTESIAN_POINT ('', (-19.625, 6.50000000000001, 5.));
#3490 = (
   BOUNDED_SURFACE ()
   B_SPLINE_SURFACE (2, 1, ((#3484, #3485), (#3486, #3487), (#3488, #3489)), .UNSPECIFIED., .F., .F., .U.)
   B_SPLINE_SURFACE_WITH_KNOTS ((3, 3), (2, 2), (26.7554945054945, 27.7554945054945), (0., 1.), .UNSPECIFIED.)
   GEOMETRIC_REPRESENTATION_ITEM ()
   RATIONAL_B_SPLINE_SURFACE (((1., 1.), (0.707106781186548, 0.707106781186548), (1., 1.)))
   REPRESENTATION_ITEM ('')
   SURFACE ()
);
#3491 = ADVANCED_FACE ('', (#3483), #3490, .T.);
#3492 = CARTESIAN_POINT ('', (-25.375, 6.50000000000001, 5.));
#3493 = VERTEX_POINT ('', #3492);
#3494 = CARTESIAN_POINT ('', (-19.625, 6.50000000000001, 5.));
#3495 = CARTESIAN_POINT ('', (-25.375, 6.50000000000001, 5.));
#3496 = B_SPLINE_CURVE_WITH_KNOTS ('', 1, (#3494, #3495), .UNSPECIFIED., .F., .U., (2, 2), (27.7554945054945, 33.5054945054945), .UNSPECIFIED.);
#3497 = EDGE_CURVE ('', #3468, #3493, #3496, .T.);
#3498 = ORIENTED_EDGE ('', *, *, #3497, .F.);
#3499 = ORIENTED_EDGE ('', *, *, #3480, .F.);
#3500 = ORIENTED_EDGE ('', *, *, #2801, .T.);
#3501 = CARTESIAN_POINT ('', (-25.375, 6.50000000000001, 3.5));
#3502 = CARTESIAN_POINT ('', (-25.375, 6.50000000000001, 5.));
#3503 = B_SPLINE_CURVE_WITH_KNOTS ('', 1, (#3501, #3502), .UNSPECIFIED., .F., .U., (2, 2), (0., 1.), .UNSPECIFIED.);
#3504 = EDGE_CURVE ('', #2789, #3493, #3503, .T.);
#3505 = ORIENTED_EDGE ('', *, *, #3504, .T.);
#3506 = EDGE_LOOP ('', (#3498, #3499, #3500, #3505));
#3507 = FACE_OUTER_BOUND ('', #3506, .T.);
#3508 = CARTESIAN_POINT ('', (-19.625, 6.50000000000001, 3.5));
#3509 = CARTESIAN_POINT ('', (-19.625, 6.50000000000001, 5.));
#3510 = CARTESIAN_POINT ('', (-25.375, 6.50000000000001, 3.5));
#3511 = CARTESIAN_POINT ('', (-25.375, 6.50000000000001, 5.));
#3512 = B_SPLINE_SURFACE_WITH_KNOTS ('', 1, 1, ((#3508, #3509), (#3510, #3511)), .UNSPECIFIED., .F., .F., .U., (2, 2), (2, 2), (27.7554945054945, 33.5054945054945), (0., 1.), .UNSPECIFIED.);
#3513 = ADVANCED_FACE ('', (#3507), #3512, .T.);
#3514 = CARTESIAN_POINT ('', (-25.875, 7.00000000000001, 5.));
#3515 = VERTEX_POINT ('', #3514);
#3516 = CARTESIAN_POINT ('', (-25.375, 6.50000000000001, 5.));
#3517 = CARTESIAN_POINT ('', (-25.875, 6.50000000000001, 5.));
#3518 = CARTESIAN_POINT ('', (-25.875, 7.00000000000001, 5.));
#3519 = (
   BOUNDED_CURVE ()
   B_SPLINE_CURVE (2, (#3516, #3517, #3518), .UNSPECIFIED., .F., .U.)
   B_SPLINE_CURVE_WITH_KNOTS ((3, 3), (33.5054945054945, 34.5054945054945), .UNSPECIFIED.)
   CURVE ()
   GEOMETRIC_REPRESENTATION_ITEM ()
   RATIONAL_B_SPLINE_CURVE ((1., 0.707106781186548, 1.))
   REPRESENTATION_ITEM ('')
);
#3520 = EDGE_CURVE ('', #3493, #3515, #3519, .T.);
#3521 = ORIENTED_EDGE ('', *, *, #3520, .F.);
#3522 = ORIENTED_EDGE ('', *, *, #3504, .F.);
#3523 = ORIENTED_EDGE ('', *, *, #2794, .T.);
#3524 = CARTESIAN_POINT ('', (-25.875, 7., 3.5));
#3525 = CARTESIAN_POINT ('', (-25.875, 7., 5.));
#3526 = B_SPLINE_CURVE_WITH_KNOTS ('', 1, (#3524, #3525), .UNSPECIFIED., .F., .U., (2, 2), (0., 1.), .UNSPECIFIED.);
#3527 = EDGE_CURVE ('', #2782, #3515, #3526, .T.);
#3528 = ORIENTED_EDGE ('', *, *, #3527, .T.);
#3529 = EDGE_LOOP ('', (#3521, #3522, #3523, #3528));
#3530 = FACE_OUTER_BOUND ('', #3529, .T.);
#3531 = CARTESIAN_POINT ('', (-25.375, 6.50000000000001, 3.5));
#3532 = CARTESIAN_POINT ('', (-25.375, 6.50000000000001, 5.));
#3533 = CARTESIAN_POINT ('', (-25.875, 6.50000000000001, 3.5));
#3534 = CARTESIAN_POINT ('', (-25.875, 6.50000000000001, 5.));
#3535 = CARTESIAN_POINT ('', (-25.875, 7.00000000000001, 3.5));
#3536 = CARTESIAN_POINT ('', (-25.875, 7.00000000000001, 5.));
#3537 = (
   BOUNDED_SURFACE ()
   B_SPLINE_SURFACE (2, 1, ((#3531, #3532), (#3533, #3534), (#3535, #3536)), .UNSPECIFIED., .F., .F., .U.)
   B_SPLINE_SURFACE_WITH_KNOTS ((3, 3), (2, 2), (33.5054945054945, 34.5054945054945), (0., 1.), .UNSPECIFIED.)
   GEOMETRIC_REPRESENTATION_ITEM ()
   RATIONAL_B_SPLINE_SURFACE (((1., 1.), (0.707106781186548, 0.707106781186548), (1., 1.)))
   REPRESENTATION_ITEM ('')
   SURFACE ()
);
#3538 = ADVANCED_FACE ('', (#3530), #3537, .T.);
#3539 = CARTESIAN_POINT ('', (-25.875, 9.74999999999999, 5.));
#3540 = VERTEX_POINT ('', #3539);
#3541 = CARTESIAN_POINT ('', (-25.875, 7.00000000000001, 5.));
#3542 = CARTESIAN_POINT ('', (-25.875, 9.74999999999999, 5.));
#3543 = B_SPLINE_CURVE_WITH_KNOTS ('', 1, (#3541, #3542), .UNSPECIFIED., .F., .U., (2, 2), (34.5054945054945, 34.7554945054945), .UNSPECIFIED.);
#3544 = EDGE_CURVE ('', #3515, #3540, #3543, .T.);
#3545 = ORIENTED_EDGE ('', *, *, #3544, .F.);
#3546 = ORIENTED_EDGE ('', *, *, #3527, .F.);
#3547 = ORIENTED_EDGE ('', *, *, #2786, .T.);
#3548 = CARTESIAN_POINT ('', (-25.875, 9.74999999999999, 3.5));
#3549 = CARTESIAN_POINT ('', (-25.875, 9.74999999999999, 5.));
#3550 = B_SPLINE_CURVE_WITH_KNOTS ('', 1, (#3548, #3549), .UNSPECIFIED., .F., .U., (2, 2), (0., 1.), .UNSPECIFIED.);
#3551 = EDGE_CURVE ('', #2775, #3540, #3550, .T.);
#3552 = ORIENTED_EDGE ('', *, *, #3551, .T.);
#3553 = EDGE_LOOP ('', (#3545, #3546, #3547, #3552));
#3554 = FACE_OUTER_BOUND ('', #3553, .T.);
#3555 = CARTESIAN_POINT ('', (-25.875, 7.00000000000001, 3.5));
#3556 = CARTESIAN_POINT ('', (-25.875, 7.00000000000001, 5.));
#3557 = CARTESIAN_POINT ('', (-25.875, 9.74999999999999, 3.5));
#3558 = CARTESIAN_POINT ('', (-25.875, 9.74999999999999, 5.));
#3559 = B_SPLINE_SURFACE_WITH_KNOTS ('', 1, 1, ((#3555, #3556), (#3557, #3558)), .UNSPECIFIED., .F., .F., .U., (2, 2), (2, 2), (34.5054945054945, 34.7554945054945), (0., 1.), .UNSPECIFIED.);
#3560 = ADVANCED_FACE ('', (#3554), #3559, .T.);
#3561 = CARTESIAN_POINT ('', (-27.375, 9.74999999999999, 5.));
#3562 = VERTEX_POINT ('', #3561);
#3563 = CARTESIAN_POINT ('', (-25.875, 9.74999999999999, 5.));
#3564 = CARTESIAN_POINT ('', (-27.375, 9.74999999999999, 5.));
#3565 = B_SPLINE_CURVE_WITH_KNOTS ('', 1, (#3563, #3564), .UNSPECIFIED., .F., .U., (2, 2), (34.7554945054945, 36.2554945054945), .UNSPECIFIED.);
#3566 = EDGE_CURVE ('', #3540, #3562, #3565, .T.);
#3567 = ORIENTED_EDGE ('', *, *, #3566, .F.);
#3568 = ORIENTED_EDGE ('', *, *, #3551, .F.);
#3569 = ORIENTED_EDGE ('', *, *, #2779, .T.);
#3570 = CARTESIAN_POINT ('', (-27.375, 9.74999999999999, 3.5));
#3571 = CARTESIAN_POINT ('', (-27.375, 9.74999999999999, 5.));
#3572 = B_SPLINE_CURVE_WITH_KNOTS ('', 1, (#3570, #3571), .UNSPECIFIED., .F., .U., (2, 2), (0., 1.), .UNSPECIFIED.);
#3573 = EDGE_CURVE ('', #2768, #3562, #3572, .T.);
#3574 = ORIENTED_EDGE ('', *, *, #3573, .T.);
#3575 = EDGE_LOOP ('', (#3567, #3568, #3569, #3574));
#3576 = FACE_OUTER_BOUND ('', #3575, .T.);
#3577 = CARTESIAN_POINT ('', (-25.875, 9.74999999999999, 3.5));
#3578 = CARTESIAN_POINT ('', (-25.875, 9.74999999999999, 5.));
#3579 = CARTESIAN_POINT ('', (-27.375, 9.74999999999999, 3.5));
#3580 = CARTESIAN_POINT ('', (-27.375, 9.74999999999999, 5.));
#3581 = B_SPLINE_SURFACE_WITH_KNOTS ('', 1, 1, ((#3577, #3578), (#3579, #3580)), .UNSPECIFIED., .F., .F., .U., (2, 2), (2, 2), (34.7554945054945, 36.2554945054945), (0., 1.), .UNSPECIFIED.);
#3582 = ADVANCED_FACE ('', (#3576), #3581, .T.);
#3583 = CARTESIAN_POINT ('', (-27.375, 5.50000000000001, 5.));
#3584 = VERTEX_POINT ('', #3583);
#3585 = CARTESIAN_POINT ('', (-27.375, 9.74999999999999, 5.));
#3586 = CARTESIAN_POINT ('', (-27.375, 5.50000000000001, 5.));
#3587 = B_SPLINE_CURVE_WITH_KNOTS ('', 1, (#3585, #3586), .UNSPECIFIED., .F., .U., (2, 2), (36.2554945054945, 38.0054945054945), .UNSPECIFIED.);
#3588 = EDGE_CURVE ('', #3562, #3584, #3587, .T.);
#3589 = ORIENTED_EDGE ('', *, *, #3588, .F.);
#3590 = ORIENTED_EDGE ('', *, *, #3573, .F.);
#3591 = ORIENTED_EDGE ('', *, *, #2772, .T.);
#3592 = CARTESIAN_POINT ('', (-27.375, 5.50000000000001, 3.5));
#3593 = CARTESIAN_POINT ('', (-27.375, 5.50000000000001, 5.));
#3594 = B_SPLINE_CURVE_WITH_KNOTS ('', 1, (#3592, #3593), .UNSPECIFIED., .F., .U., (2, 2), (0., 1.), .UNSPECIFIED.);
#3595 = EDGE_CURVE ('', #2760, #3584, #3594, .T.);
#3596 = ORIENTED_EDGE ('', *, *, #3595, .T.);
#3597 = EDGE_LOOP ('', (#3589, #3590, #3591, #3596));
#3598 = FACE_OUTER_BOUND ('', #3597, .T.);
#3599 = CARTESIAN_POINT ('', (-27.375, 9.74999999999999, 3.5));
#3600 = CARTESIAN_POINT ('', (-27.375, 9.74999999999999, 5.));
#3601 = CARTESIAN_POINT ('', (-27.375, 5.50000000000001, 3.5));
#3602 = CARTESIAN_POINT ('', (-27.375, 5.50000000000001, 5.));
#3603 = B_SPLINE_SURFACE_WITH_KNOTS ('', 1, 1, ((#3599, #3600), (#3601, #3602)), .UNSPECIFIED., .F., .F., .U., (2, 2), (2, 2), (36.2554945054945, 38.0054945054945), (0., 1.), .UNSPECIFIED.);
#3604 = ADVANCED_FACE ('', (#3598), #3603, .T.);
#3605 = CARTESIAN_POINT ('', (-27.875, 5.00000000000001, 5.));
#3606 = VERTEX_POINT ('', #3605);
#3607 = CARTESIAN_POINT ('', (-27.375, 5.50000000000001, 5.));
#3608 = CARTESIAN_POINT ('', (-27.375, 5.00000000000001, 5.));
#3609 = CARTESIAN_POINT ('', (-27.875, 5.00000000000001, 5.));
#3610 = (
   BOUNDED_CURVE ()
   B_SPLINE_CURVE (2, (#3607, #3608, #3609), .UNSPECIFIED., .F., .U.)
   B_SPLINE_CURVE_WITH_KNOTS ((3, 3), (38.0054945054945, 39.0054945054945), .UNSPECIFIED.)
   CURVE ()
   GEOMETRIC_REPRESENTATION_ITEM ()
   RATIONAL_B_SPLINE_CURVE ((1., 0.707106781186547, 1.))
   REPRESENTATION_ITEM ('')
);
#3611 = EDGE_CURVE ('', #3584, #3606, #3610, .T.);
#3612 = ORIENTED_EDGE ('', *, *, #3611, .F.);
#3613 = ORIENTED_EDGE ('', *, *, #3595, .F.);
#3614 = ORIENTED_EDGE ('', *, *, #2765, .T.);
#3615 = CARTESIAN_POINT ('', (-27.875, 5.00000000000001, 3.5));
#3616 = CARTESIAN_POINT ('', (-27.875, 5.00000000000001, 5.));
#3617 = B_SPLINE_CURVE_WITH_KNOTS ('', 1, (#3615, #3616), .UNSPECIFIED., .F., .U., (2, 2), (0., 1.), .UNSPECIFIED.);
#3618 = EDGE_CURVE ('', #2753, #3606, #3617, .T.);
#3619 = ORIENTED_EDGE ('', *, *, #3618, .T.);
#3620 = EDGE_LOOP ('', (#3612, #3613, #3614, #3619));
#3621 = FACE_OUTER_BOUND ('', #3620, .T.);
#3622 = CARTESIAN_POINT ('', (-27.375, 5.50000000000001, 3.5));
#3623 = CARTESIAN_POINT ('', (-27.375, 5.50000000000001, 5.));
#3624 = CARTESIAN_POINT ('', (-27.375, 5.00000000000001, 3.5));
#3625 = CARTESIAN_POINT ('', (-27.375, 5.00000000000001, 5.));
#3626 = CARTESIAN_POINT ('', (-27.875, 5.00000000000001, 3.5));
#3627 = CARTESIAN_POINT ('', (-27.875, 5.00000000000001, 5.));
#3628 = (
   BOUNDED_SURFACE ()
   B_SPLINE_SURFACE (2, 1, ((#3622, #3623), (#3624, #3625), (#3626, #3627)), .UNSPECIFIED., .F., .F., .U.)
   B_SPLINE_SURFACE_WITH_KNOTS ((3, 3), (2, 2), (38.0054945054945, 39.0054945054945), (0., 1.), .UNSPECIFIED.)
   GEOMETRIC_REPRESENTATION_ITEM ()
   RATIONAL_B_SPLINE_SURFACE (((1., 1.), (0.707106781186547, 0.707106781186547), (1., 1.)))
   REPRESENTATION_ITEM ('')
   SURFACE ()
);
#3629 = ADVANCED_FACE ('', (#3621), #3628, .T.);
#3630 = CARTESIAN_POINT ('', (-34.375, 5.00000000000001, 5.));
#3631 = VERTEX_POINT ('', #3630);
#3632 = CARTESIAN_POINT ('', (-27.875, 5.00000000000001, 5.));
#3633 = CARTESIAN_POINT ('', (-34.375, 5.00000000000001, 5.));
#3634 = B_SPLINE_CURVE_WITH_KNOTS ('', 1, (#3632, #3633), .UNSPECIFIED., .F., .U., (2, 2), (39.0054945054945, 45.5054945054945), .UNSPECIFIED.);
#3635 = EDGE_CURVE ('', #3606, #3631, #3634, .T.);
#3636 = ORIENTED_EDGE ('', *, *, #3635, .F.);
#3637 = ORIENTED_EDGE ('', *, *, #3618, .F.);
#3638 = ORIENTED_EDGE ('', *, *, #2757, .T.);
#3639 = CARTESIAN_POINT ('', (-34.375, 5.00000000000001, 3.5));
#3640 = CARTESIAN_POINT ('', (-34.375, 5.00000000000001, 5.));
#3641 = B_SPLINE_CURVE_WITH_KNOTS ('', 1, (#3639, #3640), .UNSPECIFIED., .F., .U., (2, 2), (0., 1.), .UNSPECIFIED.);
#3642 = EDGE_CURVE ('', #2746, #3631, #3641, .T.);
#3643 = ORIENTED_EDGE ('', *, *, #3642, .T.);
#3644 = EDGE_LOOP ('', (#3636, #3637, #3638, #3643));
#3645 = FACE_OUTER_BOUND ('', #3644, .T.);
#3646 = CARTESIAN_POINT ('', (-27.875, 5.00000000000001, 3.5));
#3647 = CARTESIAN_POINT ('', (-27.875, 5.00000000000001, 5.));
#3648 = CARTESIAN_POINT ('', (-34.375, 5.00000000000001, 3.5));
#3649 = CARTESIAN_POINT ('', (-34.375, 5.00000000000001, 5.));
#3650 = B_SPLINE_SURFACE_WITH_KNOTS ('', 1, 1, ((#3646, #3647), (#3648, #3649)), .UNSPECIFIED., .F., .F., .U., (2, 2), (2, 2), (39.0054945054945, 45.5054945054945), (0., 1.), .UNSPECIFIED.);
#3651 = ADVANCED_FACE ('', (#3645), #3650, .T.);
#3652 = CARTESIAN_POINT ('', (-40.875, 5.00000000000001, 5.));
#3653 = VERTEX_POINT ('', #3652);
#3654 = CARTESIAN_POINT ('', (-34.375, 5.00000000000001, 5.));
#3655 = CARTESIAN_POINT ('', (-40.875, 5.00000000000001, 5.));
#3656 = B_SPLINE_CURVE_WITH_KNOTS ('', 1, (#3654, #3655), .UNSPECIFIED., .F., .U., (2, 2), (45.5054945054945, 52.0054945054945), .UNSPECIFIED.);
#3657 = EDGE_CURVE ('', #3631, #3653, #3656, .T.);
#3658 = ORIENTED_EDGE ('', *, *, #3657, .F.);
#3659 = ORIENTED_EDGE ('', *, *, #3642, .F.);
#3660 = ORIENTED_EDGE ('', *, *, #2750, .T.);
#3661 = CARTESIAN_POINT ('', (-40.875, 5.00000000000001, 3.5));
#3662 = CARTESIAN_POINT ('', (-40.875, 5.00000000000001, 5.));
#3663 = B_SPLINE_CURVE_WITH_KNOTS ('', 1, (#3661, #3662), .UNSPECIFIED., .F., .U., (2, 2), (0., 1.), .UNSPECIFIED.);
#3664 = EDGE_CURVE ('', #2738, #3653, #3663, .T.);
#3665 = ORIENTED_EDGE ('', *, *, #3664, .T.);
#3666 = EDGE_LOOP ('', (#3658, #3659, #3660, #3665));
#3667 = FACE_OUTER_BOUND ('', #3666, .T.);
#3668 = CARTESIAN_POINT ('', (-34.375, 5.00000000000001, 3.5));
#3669 = CARTESIAN_POINT ('', (-34.375, 5.00000000000001, 5.));
#3670 = CARTESIAN_POINT ('', (-40.875, 5.00000000000001, 3.5));
#3671 = CARTESIAN_POINT ('', (-40.875, 5.00000000000001, 5.));
#3672 = B_SPLINE_SURFACE_WITH_KNOTS ('', 1, 1, ((#3668, #3669), (#3670, #3671)), .UNSPECIFIED., .F., .F., .U., (2, 2), (2, 2), (45.5054945054945, 52.0054945054945), (0., 1.), .UNSPECIFIED.);
#3673 = ADVANCED_FACE ('', (#3667), #3672, .T.);
#3674 = CARTESIAN_POINT ('', (-41.375, 5.50000000000001, 5.));
#3675 = VERTEX_POINT ('', #3674);
#3676 = CARTESIAN_POINT ('', (-40.875, 5.00000000000001, 5.));
#3677 = CARTESIAN_POINT ('', (-41.375, 5.00000000000001, 5.));
#3678 = CARTESIAN_POINT ('', (-41.375, 5.50000000000001, 5.));
#3679 = (
   BOUNDED_CURVE ()
   B_SPLINE_CURVE (2, (#3676, #3677, #3678), .UNSPECIFIED., .F., .U.)
   B_SPLINE_CURVE_WITH_KNOTS ((3, 3), (52.0054945054945, 53.0054945054945), .UNSPECIFIED.)
   CURVE ()
   GEOMETRIC_REPRESENTATION_ITEM ()
   RATIONAL_B_SPLINE_CURVE ((1., 0.707106781186547, 1.))
   REPRESENTATION_ITEM ('')
);
#3680 = EDGE_CURVE ('', #3653, #3675, #3679, .T.);
#3681 = ORIENTED_EDGE ('', *, *, #3680, .F.);
#3682 = ORIENTED_EDGE ('', *, *, #3664, .F.);
#3683 = ORIENTED_EDGE ('', *, *, #2743, .T.);
#3684 = CARTESIAN_POINT ('', (-41.375, 5.5, 3.5));
#3685 = CARTESIAN_POINT ('', (-41.375, 5.5, 5.));
#3686 = B_SPLINE_CURVE_WITH_KNOTS ('', 1, (#3684, #3685), .UNSPECIFIED., .F., .U., (2, 2), (0., 1.), .UNSPECIFIED.);
#3687 = EDGE_CURVE ('', #2731, #3675, #3686, .T.);
#3688 = ORIENTED_EDGE ('', *, *, #3687, .T.);
#3689 = EDGE_LOOP ('', (#3681, #3682, #3683, #3688));
#3690 = FACE_OUTER_BOUND ('', #3689, .T.);
#3691 = CARTESIAN_POINT ('', (-40.875, 5.00000000000001, 3.5));
#3692 = CARTESIAN_POINT ('', (-40.875, 5.00000000000001, 5.));
#3693 = CARTESIAN_POINT ('', (-41.375, 5.00000000000001, 3.5));
#3694 = CARTESIAN_POINT ('', (-41.375, 5.00000000000001, 5.));
#3695 = CARTESIAN_POINT ('', (-41.375, 5.50000000000001, 3.5));
#3696 = CARTESIAN_POINT ('', (-41.375, 5.50000000000001, 5.));
#3697 = (
   BOUNDED_SURFACE ()
   B_SPLINE_SURFACE (2, 1, ((#3691, #3692), (#3693, #3694), (#3695, #3696)), .UNSPECIFIED., .F., .F., .U.)
   B_SPLINE_SURFACE_WITH_KNOTS ((3, 3), (2, 2), (52.0054945054945, 53.0054945054945), (0., 1.), .UNSPECIFIED.)
   GEOMETRIC_REPRESENTATION_ITEM ()
   RATIONAL_B_SPLINE_SURFACE (((1., 1.), (0.707106781186547, 0.707106781186547), (1., 1.)))
   REPRESENTATION_ITEM ('')
   SURFACE ()
);
#3698 = ADVANCED_FACE ('', (#3690), #3697, .T.);
#3699 = CARTESIAN_POINT ('', (-41.375, 9.74999999999998, 5.));
#3700 = VERTEX_POINT ('', #3699);
#3701 = CARTESIAN_POINT ('', (-41.375, 5.50000000000001, 5.));
#3702 = CARTESIAN_POINT ('', (-41.375, 9.74999999999998, 5.));
#3703 = B_SPLINE_CURVE_WITH_KNOTS ('', 1, (#3701, #3702), .UNSPECIFIED., .F., .U., (2, 2), (53.0054945054945, 54.7554945054945), .UNSPECIFIED.);
#3704 = EDGE_CURVE ('', #3675, #3700, #3703, .T.);
#3705 = ORIENTED_EDGE ('', *, *, #3704, .F.);
#3706 = ORIENTED_EDGE ('', *, *, #3687, .F.);
#3707 = ORIENTED_EDGE ('', *, *, #2735, .T.);
#3708 = CARTESIAN_POINT ('', (-41.375, 9.74999999999998, 3.5));
#3709 = CARTESIAN_POINT ('', (-41.375, 9.74999999999998, 5.));
#3710 = B_SPLINE_CURVE_WITH_KNOTS ('', 1, (#3708, #3709), .UNSPECIFIED., .F., .U., (2, 2), (0., 1.), .UNSPECIFIED.);
#3711 = EDGE_CURVE ('', #2724, #3700, #3710, .T.);
#3712 = ORIENTED_EDGE ('', *, *, #3711, .T.);
#3713 = EDGE_LOOP ('', (#3705, #3706, #3707, #3712));
#3714 = FACE_OUTER_BOUND ('', #3713, .T.);
#3715 = CARTESIAN_POINT ('', (-41.375, 5.50000000000001, 3.5));
#3716 = CARTESIAN_POINT ('', (-41.375, 5.50000000000001, 5.));
#3717 = CARTESIAN_POINT ('', (-41.375, 9.74999999999998, 3.5));
#3718 = CARTESIAN_POINT ('', (-41.375, 9.74999999999998, 5.));
#3719 = B_SPLINE_SURFACE_WITH_KNOTS ('', 1, 1, ((#3715, #3716), (#3717, #3718)), .UNSPECIFIED., .F., .F., .U., (2, 2), (2, 2), (53.0054945054945, 54.7554945054945), (0., 1.), .UNSPECIFIED.);
#3720 = ADVANCED_FACE ('', (#3714), #3719, .T.);
#3721 = CARTESIAN_POINT ('', (-42.875, 9.74999999999999, 5.));
#3722 = VERTEX_POINT ('', #3721);
#3723 = CARTESIAN_POINT ('', (-41.375, 9.74999999999998, 5.));
#3724 = CARTESIAN_POINT ('', (-42.875, 9.74999999999999, 5.));
#3725 = B_SPLINE_CURVE_WITH_KNOTS ('', 1, (#3723, #3724), .UNSPECIFIED., .F., .U., (2, 2), (54.7554945054945, 56.2554945054945), .UNSPECIFIED.);
#3726 = EDGE_CURVE ('', #3700, #3722, #3725, .T.);
#3727 = ORIENTED_EDGE ('', *, *, #3726, .F.);
#3728 = ORIENTED_EDGE ('', *, *, #3711, .F.);
#3729 = ORIENTED_EDGE ('', *, *, #2728, .T.);
#3730 = CARTESIAN_POINT ('', (-42.875, 9.75, 3.5));
#3731 = CARTESIAN_POINT ('', (-42.875, 9.75, 5.));
#3732 = B_SPLINE_CURVE_WITH_KNOTS ('', 1, (#3730, #3731), .UNSPECIFIED., .F., .U., (2, 2), (0., 1.), .UNSPECIFIED.);
#3733 = EDGE_CURVE ('', #2717, #3722, #3732, .T.);
#3734 = ORIENTED_EDGE ('', *, *, #3733, .T.);
#3735 = EDGE_LOOP ('', (#3727, #3728, #3729, #3734));
#3736 = FACE_OUTER_BOUND ('', #3735, .T.);
#3737 = CARTESIAN_POINT ('', (-41.375, 9.74999999999998, 3.5));
#3738 = CARTESIAN_POINT ('', (-41.375, 9.74999999999998, 5.));
#3739 = CARTESIAN_POINT ('', (-42.875, 9.74999999999999, 3.5));
#3740 = CARTESIAN_POINT ('', (-42.875, 9.74999999999999, 5.));
#3741 = B_SPLINE_SURFACE_WITH_KNOTS ('', 1, 1, ((#3737, #3738), (#3739, #3740)), .UNSPECIFIED., .F., .F., .U., (2, 2), (2, 2), (54.7554945054945, 56.2554945054945), (0., 1.), .UNSPECIFIED.);
#3742 = ADVANCED_FACE ('', (#3736), #3741, .T.);
#3743 = CARTESIAN_POINT ('', (-42.875, 7.00000000000001, 5.));
#3744 = VERTEX_POINT ('', #3743);
#3745 = CARTESIAN_POINT ('', (-42.875, 9.74999999999999, 5.));
#3746 = CARTESIAN_POINT ('', (-42.875, 7.00000000000001, 5.));
#3747 = B_SPLINE_CURVE_WITH_KNOTS ('', 1, (#3745, #3746), .UNSPECIFIED., .F., .U., (2, 2), (56.2554945054945, 56.5054945054945), .UNSPECIFIED.);
#3748 = EDGE_CURVE ('', #3722, #3744, #3747, .T.);
#3749 = ORIENTED_EDGE ('', *, *, #3748, .F.);
#3750 = ORIENTED_EDGE ('', *, *, #3733, .F.);
#3751 = ORIENTED_EDGE ('', *, *, #2721, .T.);
#3752 = CARTESIAN_POINT ('', (-42.875, 7.00000000000001, 3.5));
#3753 = CARTESIAN_POINT ('', (-42.875, 7.00000000000001, 5.));
#3754 = B_SPLINE_CURVE_WITH_KNOTS ('', 1, (#3752, #3753), .UNSPECIFIED., .F., .U., (2, 2), (0., 1.), .UNSPECIFIED.);
#3755 = EDGE_CURVE ('', #2709, #3744, #3754, .T.);
#3756 = ORIENTED_EDGE ('', *, *, #3755, .T.);
#3757 = EDGE_LOOP ('', (#3749, #3750, #3751, #3756));
#3758 = FACE_OUTER_BOUND ('', #3757, .T.);
#3759 = CARTESIAN_POINT ('', (-42.875, 9.74999999999999, 3.5));
#3760 = CARTESIAN_POINT ('', (-42.875, 9.74999999999999, 5.));
#3761 = CARTESIAN_POINT ('', (-42.875, 7.00000000000001, 3.5));
#3762 = CARTESIAN_POINT ('', (-42.875, 7.00000000000001, 5.));
#3763 = B_SPLINE_SURFACE_WITH_KNOTS ('', 1, 1, ((#3759, #3760), (#3761, #3762)), .UNSPECIFIED., .F., .F., .U., (2, 2), (2, 2), (56.2554945054945, 56.5054945054945), (0., 1.), .UNSPECIFIED.);
#3764 = ADVANCED_FACE ('', (#3758), #3763, .T.);
#3765 = CARTESIAN_POINT ('', (-43.375, 6.50000000000001, 5.));
#3766 = VERTEX_POINT ('', #3765);
#3767 = CARTESIAN_POINT ('', (-42.875, 7.00000000000001, 5.));
#3768 = CARTESIAN_POINT ('', (-42.875, 6.49999999999999, 5.));
#3769 = CARTESIAN_POINT ('', (-43.375, 6.50000000000001, 5.));
#3770 = (
   BOUNDED_CURVE ()
   B_SPLINE_CURVE (2, (#3767, #3768, #3769), .UNSPECIFIED., .F., .U.)
   B_SPLINE_CURVE_WITH_KNOTS ((3, 3), (56.5054945054945, 57.5054945054945), .UNSPECIFIED.)
   CURVE ()
   GEOMETRIC_REPRESENTATION_ITEM ()
   RATIONAL_B_SPLINE_CURVE ((1., 0.707106781186537, 1.))
   REPRESENTATION_ITEM ('')
);
#3771 = EDGE_CURVE ('', #3744, #3766, #3770, .T.);
#3772 = ORIENTED_EDGE ('', *, *, #3771, .F.);
#3773 = ORIENTED_EDGE ('', *, *, #3755, .F.);
#3774 = ORIENTED_EDGE ('', *, *, #2714, .T.);
#3775 = CARTESIAN_POINT ('', (-43.375, 6.50000000000001, 3.5));
#3776 = CARTESIAN_POINT ('', (-43.375, 6.50000000000001, 5.));
#3777 = B_SPLINE_CURVE_WITH_KNOTS ('', 1, (#3775, #3776), .UNSPECIFIED., .F., .U., (2, 2), (0., 1.), .UNSPECIFIED.);
#3778 = EDGE_CURVE ('', #2702, #3766, #3777, .T.);
#3779 = ORIENTED_EDGE ('', *, *, #3778, .T.);
#3780 = EDGE_LOOP ('', (#3772, #3773, #3774, #3779));
#3781 = FACE_OUTER_BOUND ('', #3780, .T.);
#3782 = CARTESIAN_POINT ('', (-42.875, 7.00000000000001, 3.5));
#3783 = CARTESIAN_POINT ('', (-42.875, 7.00000000000001, 5.));
#3784 = CARTESIAN_POINT ('', (-42.875, 6.49999999999999, 3.5));
#3785 = CARTESIAN_POINT ('', (-42.875, 6.49999999999999, 5.));
#3786 = CARTESIAN_POINT ('', (-43.375, 6.50000000000001, 3.5));
#3787 = CARTESIAN_POINT ('', (-43.375, 6.50000000000001, 5.));
#3788 = (
   BOUNDED_SURFACE ()
   B_SPLINE_SURFACE (2, 1, ((#3782, #3783), (#3784, #3785), (#3786, #3787)), .UNSPECIFIED., .F., .F., .U.)
   B_SPLINE_SURFACE_WITH_KNOTS ((3, 3), (2, 2), (56.5054945054945, 57.5054945054945), (0., 1.), .UNSPECIFIED.)
   GEOMETRIC_REPRESENTATION_ITEM ()
   RATIONAL_B_SPLINE_SURFACE (((1., 1.), (0.707106781186537, 0.707106781186537), (1., 1.)))
   REPRESENTATION_ITEM ('')
   SURFACE ()
);
#3789 = ADVANCED_FACE ('', (#3781), #3788, .T.);
#3790 = CARTESIAN_POINT ('', (-49.125, 6.50000000000001, 5.));
#3791 = VERTEX_POINT ('', #3790);
#3792 = CARTESIAN_POINT ('', (-43.375, 6.50000000000001, 5.));
#3793 = CARTESIAN_POINT ('', (-49.125, 6.50000000000001, 5.));
#3794 = B_SPLINE_CURVE_WITH_KNOTS ('', 1, (#3792, #3793), .UNSPECIFIED., .F., .U., (2, 2), (57.5054945054945, 63.2554945054945), .UNSPECIFIED.);
#3795 = EDGE_CURVE ('', #3766, #3791, #3794, .T.);
#3796 = ORIENTED_EDGE ('', *, *, #3795, .F.);
#3797 = ORIENTED_EDGE ('', *, *, #3778, .F.);
#3798 = ORIENTED_EDGE ('', *, *, #2706, .T.);
#3799 = CARTESIAN_POINT ('', (-49.125, 6.50000000000001, 3.5));
#3800 = CARTESIAN_POINT ('', (-49.125, 6.50000000000001, 5.));
#3801 = B_SPLINE_CURVE_WITH_KNOTS ('', 1, (#3799, #3800), .UNSPECIFIED., .F., .U., (2, 2), (0., 1.), .UNSPECIFIED.);
#3802 = EDGE_CURVE ('', #2694, #3791, #3801, .T.);
#3803 = ORIENTED_EDGE ('', *, *, #3802, .T.);
#3804 = EDGE_LOOP ('', (#3796, #3797, #3798, #3803));
#3805 = FACE_OUTER_BOUND ('', #3804, .T.);
#3806 = CARTESIAN_POINT ('', (-43.375, 6.50000000000001, 3.5));
#3807 = CARTESIAN_POINT ('', (-43.375, 6.50000000000001, 5.));
#3808 = CARTESIAN_POINT ('', (-49.125, 6.50000000000001, 3.5));
#3809 = CARTESIAN_POINT ('', (-49.125, 6.50000000000001, 5.));
#3810 = B_SPLINE_SURFACE_WITH_KNOTS ('', 1, 1, ((#3806, #3807), (#3808, #3809)), .UNSPECIFIED., .F., .F., .U., (2, 2), (2, 2), (57.5054945054945, 63.2554945054945), (0., 1.), .UNSPECIFIED.);
#3811 = ADVANCED_FACE ('', (#3805), #3810, .T.);
#3812 = CARTESIAN_POINT ('', (-49.625, 7.00000000000001, 5.));
#3813 = VERTEX_POINT ('', #3812);
#3814 = CARTESIAN_POINT ('', (-49.125, 6.50000000000001, 5.));
#3815 = CARTESIAN_POINT ('', (-49.625, 6.50000000000001, 5.));
#3816 = CARTESIAN_POINT ('', (-49.625, 7.00000000000001, 5.));
#3817 = (
   BOUNDED_CURVE ()
   B_SPLINE_CURVE (2, (#3814, #3815, #3816), .UNSPECIFIED., .F., .U.)
   B_SPLINE_CURVE_WITH_KNOTS ((3, 3), (63.2554945054945, 64.2554945054945), .UNSPECIFIED.)
   CURVE ()
   GEOMETRIC_REPRESENTATION_ITEM ()
   RATIONAL_B_SPLINE_CURVE ((1., 0.707106781186553, 1.))
   REPRESENTATION_ITEM ('')
);
#3818 = EDGE_CURVE ('', #3791, #3813, #3817, .T.);
#3819 = ORIENTED_EDGE ('', *, *, #3818, .F.);
#3820 = ORIENTED_EDGE ('', *, *, #3802, .F.);
#3821 = ORIENTED_EDGE ('', *, *, #2699, .T.);
#3822 = CARTESIAN_POINT ('', (-49.625, 7.00000000000001, 3.5));
#3823 = CARTESIAN_POINT ('', (-49.625, 7.00000000000001, 5.));
#3824 = B_SPLINE_CURVE_WITH_KNOTS ('', 1, (#3822, #3823), .UNSPECIFIED., .F., .U., (2, 2), (0., 1.), .UNSPECIFIED.);
#3825 = EDGE_CURVE ('', #2687, #3813, #3824, .T.);
#3826 = ORIENTED_EDGE ('', *, *, #3825, .T.);
#3827 = EDGE_LOOP ('', (#3819, #3820, #3821, #3826));
#3828 = FACE_OUTER_BOUND ('', #3827, .T.);
#3829 = CARTESIAN_POINT ('', (-49.125, 6.50000000000001, 3.5));
#3830 = CARTESIAN_POINT ('', (-49.125, 6.50000000000001, 5.));
#3831 = CARTESIAN_POINT ('', (-49.625, 6.50000000000001, 3.5));
#3832 = CARTESIAN_POINT ('', (-49.625, 6.50000000000001, 5.));
#3833 = CARTESIAN_POINT ('', (-49.625, 7.00000000000001, 3.5));
#3834 = CARTESIAN_POINT ('', (-49.625, 7.00000000000001, 5.));
#3835 = (
   BOUNDED_SURFACE ()
   B_SPLINE_SURFACE (2, 1, ((#3829, #3830), (#3831, #3832), (#3833, #3834)), .UNSPECIFIED., .F., .F., .U.)
   B_SPLINE_SURFACE_WITH_KNOTS ((3, 3), (2, 2), (63.2554945054945, 64.2554945054945), (0., 1.), .UNSPECIFIED.)
   GEOMETRIC_REPRESENTATION_ITEM ()
   RATIONAL_B_SPLINE_SURFACE (((1., 1.), (0.707106781186553, 0.707106781186553), (1., 1.)))
   REPRESENTATION_ITEM ('')
   SURFACE ()
);
#3836 = ADVANCED_FACE ('', (#3828), #3835, .T.);
#3837 = CARTESIAN_POINT ('', (-49.625, 9.75000000000001, 5.));
#3838 = VERTEX_POINT ('', #3837);
#3839 = CARTESIAN_POINT ('', (-49.625, 7.00000000000001, 5.));
#3840 = CARTESIAN_POINT ('', (-49.625, 9.75000000000001, 5.));
#3841 = B_SPLINE_CURVE_WITH_KNOTS ('', 1, (#3839, #3840), .UNSPECIFIED., .F., .U., (2, 2), (64.2554945054945, 67.0054945054945), .UNSPECIFIED.);
#3842 = EDGE_CURVE ('', #3813, #3838, #3841, .T.);
#3843 = ORIENTED_EDGE ('', *, *, #3842, .F.);
#3844 = ORIENTED_EDGE ('', *, *, #3825, .F.);
#3845 = ORIENTED_EDGE ('', *, *, #2691, .T.);
#3846 = CARTESIAN_POINT ('', (-49.625, 9.75000000000001, 3.5));
#3847 = CARTESIAN_POINT ('', (-49.625, 9.75000000000001, 5.));
#3848 = B_SPLINE_CURVE_WITH_KNOTS ('', 1, (#3846, #3847), .UNSPECIFIED., .F., .U., (2, 2), (0., 1.), .UNSPECIFIED.);
#3849 = EDGE_CURVE ('', #2680, #3838, #3848, .T.);
#3850 = ORIENTED_EDGE ('', *, *, #3849, .T.);
#3851 = EDGE_LOOP ('', (#3843, #3844, #3845, #3850));
#3852 = FACE_OUTER_BOUND ('', #3851, .T.);
#3853 = CARTESIAN_POINT ('', (-49.625, 7.00000000000001, 3.5));
#3854 = CARTESIAN_POINT ('', (-49.625, 7.00000000000001, 5.));
#3855 = CARTESIAN_POINT ('', (-49.625, 9.75000000000001, 3.5));
#3856 = CARTESIAN_POINT ('', (-49.625, 9.75000000000001, 5.));
#3857 = B_SPLINE_SURFACE_WITH_KNOTS ('', 1, 1, ((#3853, #3854), (#3855, #3856)), .UNSPECIFIED., .F., .F., .U., (2, 2), (2, 2), (64.2554945054945, 67.0054945054945), (0., 1.), .UNSPECIFIED.);
#3858 = ADVANCED_FACE ('', (#3852), #3857, .T.);
#3859 = CARTESIAN_POINT ('', (-50.125, 9.75000000000001, 5.));
#3860 = VERTEX_POINT ('', #3859);
#3861 = CARTESIAN_POINT ('', (-49.625, 9.75000000000001, 5.));
#3862 = CARTESIAN_POINT ('', (-50.125, 9.75000000000001, 5.));
#3863 = B_SPLINE_CURVE_WITH_KNOTS ('', 1, (#3861, #3862), .UNSPECIFIED., .F., .U., (2, 2), (67.0054945054945, 67.5054945054945), .UNSPECIFIED.);
#3864 = EDGE_CURVE ('', #3838, #3860, #3863, .T.);
#3865 = ORIENTED_EDGE ('', *, *, #3864, .F.);
#3866 = ORIENTED_EDGE ('', *, *, #3849, .F.);
#3867 = ORIENTED_EDGE ('', *, *, #2684, .T.);
#3868 = CARTESIAN_POINT ('', (-50.125, 9.75000000000001, 3.5));
#3869 = CARTESIAN_POINT ('', (-50.125, 9.75000000000001, 5.));
#3870 = B_SPLINE_CURVE_WITH_KNOTS ('', 1, (#3868, #3869), .UNSPECIFIED., .F., .U., (2, 2), (0., 1.), .UNSPECIFIED.);
#3871 = EDGE_CURVE ('', #2672, #3860, #3870, .T.);
#3872 = ORIENTED_EDGE ('', *, *, #3871, .T.);
#3873 = EDGE_LOOP ('', (#3865, #3866, #3867, #3872));
#3874 = FACE_OUTER_BOUND ('', #3873, .T.);
#3875 = CARTESIAN_POINT ('', (-49.625, 9.75000000000001, 3.5));
#3876 = CARTESIAN_POINT ('', (-49.625, 9.75000000000001, 5.));
#3877 = CARTESIAN_POINT ('', (-50.125, 9.75000000000001, 3.5));
#3878 = CARTESIAN_POINT ('', (-50.125, 9.75000000000001, 5.));
#3879 = B_SPLINE_SURFACE_WITH_KNOTS ('', 1, 1, ((#3875, #3876), (#3877, #3878)), .UNSPECIFIED., .F., .F., .U., (2, 2), (2, 2), (67.0054945054945, 67.5054945054945), (0., 1.), .UNSPECIFIED.);
#3880 = ADVANCED_FACE ('', (#3874), #3879, .T.);
#3881 = CARTESIAN_POINT ('', (-50.625, 10.25, 5.));
#3882 = VERTEX_POINT ('', #3881);
#3883 = CARTESIAN_POINT ('', (-50.125, 9.75000000000001, 5.));
#3884 = CARTESIAN_POINT ('', (-50.625, 9.75, 5.));
#3885 = CARTESIAN_POINT ('', (-50.625, 10.25, 5.));
#3886 = (
   BOUNDED_CURVE ()
   B_SPLINE_CURVE (2, (#3883, #3884, #3885), .UNSPECIFIED., .F., .U.)
   B_SPLINE_CURVE_WITH_KNOTS ((3, 3), (67.5054945054945, 68.5054945054945), .UNSPECIFIED.)
   CURVE ()
   GEOMETRIC_REPRESENTATION_ITEM ()
   RATIONAL_B_SPLINE_CURVE ((1., 0.707106781186543, 1.))
   REPRESENTATION_ITEM ('')
);
#3887 = EDGE_CURVE ('', #3860, #3882, #3886, .T.);
#3888 = ORIENTED_EDGE ('', *, *, #3887, .F.);
#3889 = ORIENTED_EDGE ('', *, *, #3871, .F.);
#3890 = ORIENTED_EDGE ('', *, *, #2677, .T.);
#3891 = CARTESIAN_POINT ('', (-50.625, 10.25, 3.5));
#3892 = CARTESIAN_POINT ('', (-50.625, 10.25, 5.));
#3893 = B_SPLINE_CURVE_WITH_KNOTS ('', 1, (#3891, #3892), .UNSPECIFIED., .F., .U., (2, 2), (0., 1.), .UNSPECIFIED.);
#3894 = EDGE_CURVE ('', #2665, #3882, #3893, .T.);
#3895 = ORIENTED_EDGE ('', *, *, #3894, .T.);
#3896 = EDGE_LOOP ('', (#3888, #3889, #3890, #3895));
#3897 = FACE_OUTER_BOUND ('', #3896, .T.);
#3898 = CARTESIAN_POINT ('', (-50.125, 9.75000000000001, 3.5));
#3899 = CARTESIAN_POINT ('', (-50.125, 9.75000000000001, 5.));
#3900 = CARTESIAN_POINT ('', (-50.625, 9.75, 3.5));
#3901 = CARTESIAN_POINT ('', (-50.625, 9.75, 5.));
#3902 = CARTESIAN_POINT ('', (-50.625, 10.25, 3.5));
#3903 = CARTESIAN_POINT ('', (-50.625, 10.25, 5.));
#3904 = (
   BOUNDED_SURFACE ()
   B_SPLINE_SURFACE (2, 1, ((#3898, #3899), (#3900, #3901), (#3902, #3903)), .UNSPECIFIED., .F., .F., .U.)
   B_SPLINE_SURFACE_WITH_KNOTS ((3, 3), (2, 2), (67.5054945054945, 68.5054945054945), (0., 1.), .UNSPECIFIED.)
   GEOMETRIC_REPRESENTATION_ITEM ()
   RATIONAL_B_SPLINE_SURFACE (((1., 1.), (0.707106781186543, 0.707106781186543), (1., 1.)))
   REPRESENTATION_ITEM ('')
   SURFACE ()
);
#3905 = ADVANCED_FACE ('', (#3897), #3904, .T.);
#3906 = CARTESIAN_POINT ('', (-50.625, 13.5, 5.));
#3907 = VERTEX_POINT ('', #3906);
#3908 = CARTESIAN_POINT ('', (-50.625, 10.25, 5.));
#3909 = CARTESIAN_POINT ('', (-50.625, 13.5, 5.));
#3910 = B_SPLINE_CURVE_WITH_KNOTS ('', 1, (#3908, #3909), .UNSPECIFIED., .F., .U., (2, 2), (68.5054945054945, 71.7554945054945), .UNSPECIFIED.);
#3911 = EDGE_CURVE ('', #3882, #3907, #3910, .T.);
#3912 = ORIENTED_EDGE ('', *, *, #3911, .F.);
#3913 = ORIENTED_EDGE ('', *, *, #3894, .F.);
#3914 = ORIENTED_EDGE ('', *, *, #2669, .T.);
#3915 = CARTESIAN_POINT ('', (-50.625, 13.5, 3.5));
#3916 = CARTESIAN_POINT ('', (-50.625, 13.5, 5.));
#3917 = B_SPLINE_CURVE_WITH_KNOTS ('', 1, (#3915, #3916), .UNSPECIFIED., .F., .U., (2, 2), (0., 1.), .UNSPECIFIED.);
#3918 = EDGE_CURVE ('', #2657, #3907, #3917, .T.);
#3919 = ORIENTED_EDGE ('', *, *, #3918, .T.);
#3920 = EDGE_LOOP ('', (#3912, #3913, #3914, #3919));
#3921 = FACE_OUTER_BOUND ('', #3920, .T.);
#3922 = CARTESIAN_POINT ('', (-50.625, 10.25, 3.5));
#3923 = CARTESIAN_POINT ('', (-50.625, 10.25, 5.));
#3924 = CARTESIAN_POINT ('', (-50.625, 13.5, 3.5));
#3925 = CARTESIAN_POINT ('', (-50.625, 13.5, 5.));
#3926 = B_SPLINE_SURFACE_WITH_KNOTS ('', 1, 1, ((#3922, #3923), (#3924, #3925)), .UNSPECIFIED., .F., .F., .U., (2, 2), (2, 2), (68.5054945054945, 71.7554945054945), (0., 1.), .UNSPECIFIED.);
#3927 = ADVANCED_FACE ('', (#3921), #3926, .T.);
#3928 = CARTESIAN_POINT ('', (-50.125, 14., 5.));
#3929 = VERTEX_POINT ('', #3928);
#3930 = CARTESIAN_POINT ('', (-50.625, 13.5, 5.));
#3931 = CARTESIAN_POINT ('', (-50.625, 14., 5.));
#3932 = CARTESIAN_POINT ('', (-50.125, 14., 5.));
#3933 = (
   BOUNDED_CURVE ()
   B_SPLINE_CURVE (2, (#3930, #3931, #3932), .UNSPECIFIED., .F., .U.)
   B_SPLINE_CURVE_WITH_KNOTS ((3, 3), (71.7554945054945, 72.7554945054945), .UNSPECIFIED.)
   CURVE ()
   GEOMETRIC_REPRESENTATION_ITEM ()
   RATIONAL_B_SPLINE_CURVE ((1., 0.707106781186548, 1.))
   REPRESENTATION_ITEM ('')
);
#3934 = EDGE_CURVE ('', #3907, #3929, #3933, .T.);
#3935 = ORIENTED_EDGE ('', *, *, #3934, .F.);
#3936 = ORIENTED_EDGE ('', *, *, #3918, .F.);
#3937 = ORIENTED_EDGE ('', *, *, #2662, .T.);
#3938 = CARTESIAN_POINT ('', (-50.125, 14., 3.5));
#3939 = CARTESIAN_POINT ('', (-50.125, 14., 5.));
#3940 = B_SPLINE_CURVE_WITH_KNOTS ('', 1, (#3938, #3939), .UNSPECIFIED., .F., .U., (2, 2), (0., 1.), .UNSPECIFIED.);
#3941 = EDGE_CURVE ('', #2650, #3929, #3940, .T.);
#3942 = ORIENTED_EDGE ('', *, *, #3941, .T.);
#3943 = EDGE_LOOP ('', (#3935, #3936, #3937, #3942));
#3944 = FACE_OUTER_BOUND ('', #3943, .T.);
#3945 = CARTESIAN_POINT ('', (-50.625, 13.5, 3.5));
#3946 = CARTESIAN_POINT ('', (-50.625, 13.5, 5.));
#3947 = CARTESIAN_POINT ('', (-50.625, 14., 3.5));
#3948 = CARTESIAN_POINT ('', (-50.625, 14., 5.));
#3949 = CARTESIAN_POINT ('', (-50.125, 14., 3.5));
#3950 = CARTESIAN_POINT ('', (-50.125, 14., 5.));
#3951 = (
   BOUNDED_SURFACE ()
   B_SPLINE_SURFACE (2, 1, ((#3945, #3946), (#3947, #3948), (#3949, #3950)), .UNSPECIFIED., .F., .F., .U.)
   B_SPLINE_SURFACE_WITH_KNOTS ((3, 3), (2, 2), (71.7554945054945, 72.7554945054945), (0., 1.), .UNSPECIFIED.)
   GEOMETRIC_REPRESENTATION_ITEM ()
   RATIONAL_B_SPLINE_SURFACE (((1., 1.), (0.707106781186548, 0.707106781186548), (1., 1.)))
   REPRESENTATION_ITEM ('')
   SURFACE ()
);
#3952 = ADVANCED_FACE ('', (#3944), #3951, .T.);
#3953 = CARTESIAN_POINT ('', (-49.625, 14., 5.));
#3954 = VERTEX_POINT ('', #3953);
#3955 = CARTESIAN_POINT ('', (-50.125, 14., 5.));
#3956 = CARTESIAN_POINT ('', (-49.625, 14., 5.));
#3957 = B_SPLINE_CURVE_WITH_KNOTS ('', 1, (#3955, #3956), .UNSPECIFIED., .F., .U., (2, 2), (72.7554945054945, 73.2554945054945), .UNSPECIFIED.);
#3958 = EDGE_CURVE ('', #3929, #3954, #3957, .T.);
#3959 = ORIENTED_EDGE ('', *, *, #3958, .F.);
#3960 = ORIENTED_EDGE ('', *, *, #3941, .F.);
#3961 = ORIENTED_EDGE ('', *, *, #2654, .T.);
#3962 = CARTESIAN_POINT ('', (-49.625, 14., 3.5));
#3963 = CARTESIAN_POINT ('', (-49.625, 14., 5.));
#3964 = B_SPLINE_CURVE_WITH_KNOTS ('', 1, (#3962, #3963), .UNSPECIFIED., .F., .U., (2, 2), (0., 1.), .UNSPECIFIED.);
#3965 = EDGE_CURVE ('', #2643, #3954, #3964, .T.);
#3966 = ORIENTED_EDGE ('', *, *, #3965, .T.);
#3967 = EDGE_LOOP ('', (#3959, #3960, #3961, #3966));
#3968 = FACE_OUTER_BOUND ('', #3967, .T.);
#3969 = CARTESIAN_POINT ('', (-50.125, 14., 3.5));
#3970 = CARTESIAN_POINT ('', (-50.125, 14., 5.));
#3971 = CARTESIAN_POINT ('', (-49.625, 14., 3.5));
#3972 = CARTESIAN_POINT ('', (-49.625, 14., 5.));
#3973 = B_SPLINE_SURFACE_WITH_KNOTS ('', 1, 1, ((#3969, #3970), (#3971, #3972)), .UNSPECIFIED., .F., .F., .U., (2, 2), (2, 2), (72.7554945054945, 73.2554945054945), (0., 1.), .UNSPECIFIED.);
#3974 = ADVANCED_FACE ('', (#3968), #3973, .T.);
#3975 = CARTESIAN_POINT ('', (-49.625, 18.25, 5.));
#3976 = VERTEX_POINT ('', #3975);
#3977 = CARTESIAN_POINT ('', (-49.625, 14., 5.));
#3978 = CARTESIAN_POINT ('', (-49.625, 18.25, 5.));
#3979 = B_SPLINE_CURVE_WITH_KNOTS ('', 1, (#3977, #3978), .UNSPECIFIED., .F., .U., (2, 2), (73.2554945054945, 77.5054945054945), .UNSPECIFIED.);
#3980 = EDGE_CURVE ('', #3954, #3976, #3979, .T.);
#3981 = ORIENTED_EDGE ('', *, *, #3980, .F.);
#3982 = ORIENTED_EDGE ('', *, *, #3965, .F.);
#3983 = ORIENTED_EDGE ('', *, *, #2647, .T.);
#3984 = CARTESIAN_POINT ('', (-49.625, 18.25, 3.5));
#3985 = CARTESIAN_POINT ('', (-49.625, 18.25, 5.));
#3986 = B_SPLINE_CURVE_WITH_KNOTS ('', 1, (#3984, #3985), .UNSPECIFIED., .F., .U., (2, 2), (0., 1.), .UNSPECIFIED.);
#3987 = EDGE_CURVE ('', #2635, #3976, #3986, .T.);
#3988 = ORIENTED_EDGE ('', *, *, #3987, .T.);
#3989 = EDGE_LOOP ('', (#3981, #3982, #3983, #3988));
#3990 = FACE_OUTER_BOUND ('', #3989, .T.);
#3991 = CARTESIAN_POINT ('', (-49.625, 14., 3.5));
#3992 = CARTESIAN_POINT ('', (-49.625, 14., 5.));
#3993 = CARTESIAN_POINT ('', (-49.625, 18.25, 3.5));
#3994 = CARTESIAN_POINT ('', (-49.625, 18.25, 5.));
#3995 = B_SPLINE_SURFACE_WITH_KNOTS ('', 1, 1, ((#3991, #3992), (#3993, #3994)), .UNSPECIFIED., .F., .F., .U., (2, 2), (2, 2), (73.2554945054945, 77.5054945054945), (0., 1.), .UNSPECIFIED.);
#3996 = ADVANCED_FACE ('', (#3990), #3995, .T.);
#3997 = CARTESIAN_POINT ('', (-49.125, 18.75, 5.));
#3998 = VERTEX_POINT ('', #3997);
#3999 = CARTESIAN_POINT ('', (-49.625, 18.25, 5.));
#4000 = CARTESIAN_POINT ('', (-49.625, 18.75, 5.));
#4001 = CARTESIAN_POINT ('', (-49.125, 18.75, 5.));
#4002 = (
   BOUNDED_CURVE ()
   B_SPLINE_CURVE (2, (#3999, #4000, #4001), .UNSPECIFIED., .F., .U.)
   B_SPLINE_CURVE_WITH_KNOTS ((3, 3), (77.5054945054945, 78.5054945054945), .UNSPECIFIED.)
   CURVE ()
   GEOMETRIC_REPRESENTATION_ITEM ()
   RATIONAL_B_SPLINE_CURVE ((1., 0.70710678118656, 1.))
   REPRESENTATION_ITEM ('')
);
#4003 = EDGE_CURVE ('', #3976, #3998, #4002, .T.);
#4004 = ORIENTED_EDGE ('', *, *, #4003, .F.);
#4005 = ORIENTED_EDGE ('', *, *, #3987, .F.);
#4006 = ORIENTED_EDGE ('', *, *, #2640, .T.);
#4007 = CARTESIAN_POINT ('', (-49.125, 18.75, 3.5));
#4008 = CARTESIAN_POINT ('', (-49.125, 18.75, 5.));
#4009 = B_SPLINE_CURVE_WITH_KNOTS ('', 1, (#4007, #4008), .UNSPECIFIED., .F., .U., (2, 2), (0., 1.), .UNSPECIFIED.);
#4010 = EDGE_CURVE ('', #2628, #3998, #4009, .T.);
#4011 = ORIENTED_EDGE ('', *, *, #4010, .T.);
#4012 = EDGE_LOOP ('', (#4004, #4005, #4006, #4011));
#4013 = FACE_OUTER_BOUND ('', #4012, .T.);
#4014 = CARTESIAN_POINT ('', (-49.625, 18.25, 3.5));
#4015 = CARTESIAN_POINT ('', (-49.625, 18.25, 5.));
#4016 = CARTESIAN_POINT ('', (-49.625, 18.75, 3.5));
#4017 = CARTESIAN_POINT ('', (-49.625, 18.75, 5.));
#4018 = CARTESIAN_POINT ('', (-49.125, 18.75, 3.5));
#4019 = CARTESIAN_POINT ('', (-49.125, 18.75, 5.));
#4020 = (
   BOUNDED_SURFACE ()
   B_SPLINE_SURFACE (2, 1, ((#4014, #4015), (#4016, #4017), (#4018, #4019)), .UNSPECIFIED., .F., .F., .U.)
   B_SPLINE_SURFACE_WITH_KNOTS ((3, 3), (2, 2), (77.5054945054945, 78.5054945054945), (0., 1.), .UNSPECIFIED.)
   GEOMETRIC_REPRESENTATION_ITEM ()
   RATIONAL_B_SPLINE_SURFACE (((1., 1.), (0.70710678118656, 0.70710678118656), (1., 1.)))
   REPRESENTATION_ITEM ('')
   SURFACE ()
);
#4021 = ADVANCED_FACE ('', (#4013), #4020, .T.);
#4022 = CARTESIAN_POINT ('', (-47.875, 18.75, 5.));
#4023 = VERTEX_POINT ('', #4022);
#4024 = CARTESIAN_POINT ('', (-49.125, 18.75, 5.));
#4025 = CARTESIAN_POINT ('', (-47.875, 18.75, 5.));
#4026 = B_SPLINE_CURVE_WITH_KNOTS ('', 1, (#4024, #4025), .UNSPECIFIED., .F., .U., (2, 2), (78.5054945054945, 79.7554945054945), .UNSPECIFIED.);
#4027 = EDGE_CURVE ('', #3998, #4023, #4026, .T.);
#4028 = ORIENTED_EDGE ('', *, *, #4027, .F.);
#4029 = ORIENTED_EDGE ('', *, *, #4010, .F.);
#4030 = ORIENTED_EDGE ('', *, *, #2632, .T.);
#4031 = CARTESIAN_POINT ('', (-47.875, 18.75, 3.5));
#4032 = CARTESIAN_POINT ('', (-47.875, 18.75, 5.));
#4033 = B_SPLINE_CURVE_WITH_KNOTS ('', 1, (#4031, #4032), .UNSPECIFIED., .F., .U., (2, 2), (0., 1.), .UNSPECIFIED.);
#4034 = EDGE_CURVE ('', #2621, #4023, #4033, .T.);
#4035 = ORIENTED_EDGE ('', *, *, #4034, .T.);
#4036 = EDGE_LOOP ('', (#4028, #4029, #4030, #4035));
#4037 = FACE_OUTER_BOUND ('', #4036, .T.);
#4038 = CARTESIAN_POINT ('', (-49.125, 18.75, 3.5));
#4039 = CARTESIAN_POINT ('', (-49.125, 18.75, 5.));
#4040 = CARTESIAN_POINT ('', (-47.875, 18.75, 3.5));
#4041 = CARTESIAN_POINT ('', (-47.875, 18.75, 5.));
#4042 = B_SPLINE_SURFACE_WITH_KNOTS ('', 1, 1, ((#4038, #4039), (#4040, #4041)), .UNSPECIFIED., .F., .F., .U., (2, 2), (2, 2), (78.5054945054945, 79.7554945054945), (0., 1.), .UNSPECIFIED.);
#4043 = ADVANCED_FACE ('', (#4037), #4042, .T.);
#4044 = CARTESIAN_POINT ('', (-47.875, 19.5, 5.));
#4045 = VERTEX_POINT ('', #4044);
#4046 = CARTESIAN_POINT ('', (-47.875, 18.75, 5.));
#4047 = CARTESIAN_POINT ('', (-47.875, 19.5, 5.));
#4048 = B_SPLINE_CURVE_WITH_KNOTS ('', 1, (#4046, #4047), .UNSPECIFIED., .F., .U., (2, 2), (79.7554945054945, 80.5054945054945), .UNSPECIFIED.);
#4049 = EDGE_CURVE ('', #4023, #4045, #4048, .T.);
#4050 = ORIENTED_EDGE ('', *, *, #4049, .F.);
#4051 = ORIENTED_EDGE ('', *, *, #4034, .F.);
#4052 = ORIENTED_EDGE ('', *, *, #2625, .T.);
#4053 = CARTESIAN_POINT ('', (-47.875, 19.5, 3.5));
#4054 = CARTESIAN_POINT ('', (-47.875, 19.5, 5.));
#4055 = B_SPLINE_CURVE_WITH_KNOTS ('', 1, (#4053, #4054), .UNSPECIFIED., .F., .U., (2, 2), (0., 1.), .UNSPECIFIED.);
#4056 = EDGE_CURVE ('', #2613, #4045, #4055, .T.);
#4057 = ORIENTED_EDGE ('', *, *, #4056, .T.);
#4058 = EDGE_LOOP ('', (#4050, #4051, #4052, #4057));
#4059 = FACE_OUTER_BOUND ('', #4058, .T.);
#4060 = CARTESIAN_POINT ('', (-47.875, 18.75, 3.5));
#4061 = CARTESIAN_POINT ('', (-47.875, 18.75, 5.));
#4062 = CARTESIAN_POINT ('', (-47.875, 19.5, 3.5));
#4063 = CARTESIAN_POINT ('', (-47.875, 19.5, 5.));
#4064 = B_SPLINE_SURFACE_WITH_KNOTS ('', 1, 1, ((#4060, #4061), (#4062, #4063)), .UNSPECIFIED., .F., .F., .U., (2, 2), (2, 2), (79.7554945054945, 80.5054945054945), (0., 1.), .UNSPECIFIED.);
#4065 = ADVANCED_FACE ('', (#4059), #4064, .T.);
#4066 = CARTESIAN_POINT ('', (-47.375, 20., 5.));
#4067 = VERTEX_POINT ('', #4066);
#4068 = CARTESIAN_POINT ('', (-47.875, 19.5, 5.));
#4069 = CARTESIAN_POINT ('', (-47.875, 20., 5.));
#4070 = CARTESIAN_POINT ('', (-47.375, 20., 5.));
#4071 = (
   BOUNDED_CURVE ()
   B_SPLINE_CURVE (2, (#4068, #4069, #4070), .UNSPECIFIED., .F., .U.)
   B_SPLINE_CURVE_WITH_KNOTS ((3, 3), (80.5054945054945, 81.5054945054945), .UNSPECIFIED.)
   CURVE ()
   GEOMETRIC_REPRESENTATION_ITEM ()
   RATIONAL_B_SPLINE_CURVE ((1., 0.707106781186537, 1.))
   REPRESENTATION_ITEM ('')
);
#4072 = EDGE_CURVE ('', #4045, #4067, #4071, .T.);
#4073 = ORIENTED_EDGE ('', *, *, #4072, .F.);
#4074 = ORIENTED_EDGE ('', *, *, #4056, .F.);
#4075 = ORIENTED_EDGE ('', *, *, #2618, .T.);
#4076 = CARTESIAN_POINT ('', (-47.375, 20., 3.5));
#4077 = CARTESIAN_POINT ('', (-47.375, 20., 5.));
#4078 = B_SPLINE_CURVE_WITH_KNOTS ('', 1, (#4076, #4077), .UNSPECIFIED., .F., .U., (2, 2), (0., 1.), .UNSPECIFIED.);
#4079 = EDGE_CURVE ('', #2606, #4067, #4078, .T.);
#4080 = ORIENTED_EDGE ('', *, *, #4079, .T.);
#4081 = EDGE_LOOP ('', (#4073, #4074, #4075, #4080));
#4082 = FACE_OUTER_BOUND ('', #4081, .T.);
#4083 = CARTESIAN_POINT ('', (-47.875, 19.5, 3.5));
#4084 = CARTESIAN_POINT ('', (-47.875, 19.5, 5.));
#4085 = CARTESIAN_POINT ('', (-47.875, 20., 3.5));
#4086 = CARTESIAN_POINT ('', (-47.875, 20., 5.));
#4087 = CARTESIAN_POINT ('', (-47.375, 20., 3.5));
#4088 = CARTESIAN_POINT ('', (-47.375, 20., 5.));
#4089 = (
   BOUNDED_SURFACE ()
   B_SPLINE_SURFACE (2, 1, ((#4083, #4084), (#4085, #4086), (#4087, #4088)), .UNSPECIFIED., .F., .F., .U.)
   B_SPLINE_SURFACE_WITH_KNOTS ((3, 3), (2, 2), (80.5054945054945, 81.5054945054945), (0., 1.), .UNSPECIFIED.)
   GEOMETRIC_REPRESENTATION_ITEM ()
   RATIONAL_B_SPLINE_SURFACE (((1., 1.), (0.707106781186537, 0.707106781186537), (1., 1.)))
   REPRESENTATION_ITEM ('')
   SURFACE ()
);
#4090 = ADVANCED_FACE ('', (#4082), #4089, .T.);
#4091 = CARTESIAN_POINT ('', (-45.125, 20., 5.));
#4092 = VERTEX_POINT ('', #4091);
#4093 = CARTESIAN_POINT ('', (-47.375, 20., 5.));
#4094 = CARTESIAN_POINT ('', (-45.125, 20., 5.));
#4095 = B_SPLINE_CURVE_WITH_KNOTS ('', 1, (#4093, #4094), .UNSPECIFIED., .F., .U., (2, 2), (81.5054945054945, 83.5824175824176), .UNSPECIFIED.);
#4096 = EDGE_CURVE ('', #4067, #4092, #4095, .T.);
#4097 = ORIENTED_EDGE ('', *, *, #4096, .F.);
#4098 = ORIENTED_EDGE ('', *, *, #4079, .F.);
#4099 = ORIENTED_EDGE ('', *, *, #2610, .T.);
#4100 = CARTESIAN_POINT ('', (-45.125, 20., 3.5));
#4101 = CARTESIAN_POINT ('', (-45.125, 20., 5.));
#4102 = B_SPLINE_CURVE_WITH_KNOTS ('', 1, (#4100, #4101), .UNSPECIFIED., .F., .U., (2, 2), (0., 1.), .UNSPECIFIED.);
#4103 = EDGE_CURVE ('', #2598, #4092, #4102, .T.);
#4104 = ORIENTED_EDGE ('', *, *, #4103, .T.);
#4105 = EDGE_LOOP ('', (#4097, #4098, #4099, #4104));
#4106 = FACE_OUTER_BOUND ('', #4105, .T.);
#4107 = CARTESIAN_POINT ('', (-47.375, 20., 3.5));
#4108 = CARTESIAN_POINT ('', (-47.375, 20., 5.));
#4109 = CARTESIAN_POINT ('', (-45.125, 20., 3.5));
#4110 = CARTESIAN_POINT ('', (-45.125, 20., 5.));
#4111 = B_SPLINE_SURFACE_WITH_KNOTS ('', 1, 1, ((#4107, #4108), (#4109, #4110)), .UNSPECIFIED., .F., .F., .U., (2, 2), (2, 2), (81.5054945054945, 83.5824175824176), (0., 1.), .UNSPECIFIED.);
#4112 = ADVANCED_FACE ('', (#4106), #4111, .T.);
#4113 = CARTESIAN_POINT ('', (-44.625, 19.5, 5.));
#4114 = VERTEX_POINT ('', #4113);
#4115 = CARTESIAN_POINT ('', (-45.125, 20., 5.));
#4116 = CARTESIAN_POINT ('', (-44.625, 20., 5.));
#4117 = CARTESIAN_POINT ('', (-44.625, 19.5, 5.));
#4118 = (
   BOUNDED_CURVE ()
   B_SPLINE_CURVE (2, (#4115, #4116, #4117), .UNSPECIFIED., .F., .U.)
   B_SPLINE_CURVE_WITH_KNOTS ((3, 3), (83.5824175824176, 84.5824175824176), .UNSPECIFIED.)
   CURVE ()
   GEOMETRIC_REPRESENTATION_ITEM ()
   RATIONAL_B_SPLINE_CURVE ((1., 0.707106781186543, 1.))
   REPRESENTATION_ITEM ('')
);
#4119 = EDGE_CURVE ('', #4092, #4114, #4118, .T.);
#4120 = ORIENTED_EDGE ('', *, *, #4119, .F.);
#4121 = ORIENTED_EDGE ('', *, *, #4103, .F.);
#4122 = ORIENTED_EDGE ('', *, *, #2603, .T.);
#4123 = CARTESIAN_POINT ('', (-44.625, 19.5, 3.5));
#4124 = CARTESIAN_POINT ('', (-44.625, 19.5, 5.));
#4125 = B_SPLINE_CURVE_WITH_KNOTS ('', 1, (#4123, #4124), .UNSPECIFIED., .F., .U., (2, 2), (0., 1.), .UNSPECIFIED.);
#4126 = EDGE_CURVE ('', #2591, #4114, #4125, .T.);
#4127 = ORIENTED_EDGE ('', *, *, #4126, .T.);
#4128 = EDGE_LOOP ('', (#4120, #4121, #4122, #4127));
#4129 = FACE_OUTER_BOUND ('', #4128, .T.);
#4130 = CARTESIAN_POINT ('', (-45.125, 20., 3.5));
#4131 = CARTESIAN_POINT ('', (-45.125, 20., 5.));
#4132 = CARTESIAN_POINT ('', (-44.625, 20., 3.5));
#4133 = CARTESIAN_POINT ('', (-44.625, 20., 5.));
#4134 = CARTESIAN_POINT ('', (-44.625, 19.5, 3.5));
#4135 = CARTESIAN_POINT ('', (-44.625, 19.5, 5.));
#4136 = (
   BOUNDED_SURFACE ()
   B_SPLINE_SURFACE (2, 1, ((#4130, #4131), (#4132, #4133), (#4134, #4135)), .UNSPECIFIED., .F., .F., .U.)
   B_SPLINE_SURFACE_WITH_KNOTS ((3, 3), (2, 2), (83.5824175824176, 84.5824175824176), (0., 1.), .UNSPECIFIED.)
   GEOMETRIC_REPRESENTATION_ITEM ()
   RATIONAL_B_SPLINE_SURFACE (((1., 1.), (0.707106781186543, 0.707106781186543), (1., 1.)))
   REPRESENTATION_ITEM ('')
   SURFACE ()
);
#4137 = ADVANCED_FACE ('', (#4129), #4136, .T.);
#4138 = CARTESIAN_POINT ('', (-44.625, 18.75, 5.));
#4139 = VERTEX_POINT ('', #4138);
#4140 = CARTESIAN_POINT ('', (-44.625, 19.5, 5.));
#4141 = CARTESIAN_POINT ('', (-44.625, 18.75, 5.));
#4142 = B_SPLINE_CURVE_WITH_KNOTS ('', 1, (#4140, #4141), .UNSPECIFIED., .F., .U., (2, 2), (84.5824175824176, 85.3324175824176), .UNSPECIFIED.);
#4143 = EDGE_CURVE ('', #4114, #4139, #4142, .T.);
#4144 = ORIENTED_EDGE ('', *, *, #4143, .F.);
#4145 = ORIENTED_EDGE ('', *, *, #4126, .F.);
#4146 = ORIENTED_EDGE ('', *, *, #2595, .T.);
#4147 = CARTESIAN_POINT ('', (-44.625, 18.75, 3.5));
#4148 = CARTESIAN_POINT ('', (-44.625, 18.75, 5.));
#4149 = B_SPLINE_CURVE_WITH_KNOTS ('', 1, (#4147, #4148), .UNSPECIFIED., .F., .U., (2, 2), (0., 1.), .UNSPECIFIED.);
#4150 = EDGE_CURVE ('', #2584, #4139, #4149, .T.);
#4151 = ORIENTED_EDGE ('', *, *, #4150, .T.);
#4152 = EDGE_LOOP ('', (#4144, #4145, #4146, #4151));
#4153 = FACE_OUTER_BOUND ('', #4152, .T.);
#4154 = CARTESIAN_POINT ('', (-44.625, 19.5, 3.5));
#4155 = CARTESIAN_POINT ('', (-44.625, 19.5, 5.));
#4156 = CARTESIAN_POINT ('', (-44.625, 18.75, 3.5));
#4157 = CARTESIAN_POINT ('', (-44.625, 18.75, 5.));
#4158 = B_SPLINE_SURFACE_WITH_KNOTS ('', 1, 1, ((#4154, #4155), (#4156, #4157)), .UNSPECIFIED., .F., .F., .U., (2, 2), (2, 2), (84.5824175824176, 85.3324175824176), (0., 1.), .UNSPECIFIED.);
#4159 = ADVANCED_FACE ('', (#4153), #4158, .T.);
#4160 = CARTESIAN_POINT ('', (-43.375, 18.75, 5.));
#4161 = VERTEX_POINT ('', #4160);
#4162 = CARTESIAN_POINT ('', (-44.625, 18.75, 5.));
#4163 = CARTESIAN_POINT ('', (-43.375, 18.75, 5.));
#4164 = B_SPLINE_CURVE_WITH_KNOTS ('', 1, (#4162, #4163), .UNSPECIFIED., .F., .U., (2, 2), (85.3324175824176, 86.760989010989), .UNSPECIFIED.);
#4165 = EDGE_CURVE ('', #4139, #4161, #4164, .T.);
#4166 = ORIENTED_EDGE ('', *, *, #4165, .F.);
#4167 = ORIENTED_EDGE ('', *, *, #4150, .F.);
#4168 = ORIENTED_EDGE ('', *, *, #2588, .T.);
#4169 = CARTESIAN_POINT ('', (-43.375, 18.75, 3.5));
#4170 = CARTESIAN_POINT ('', (-43.375, 18.75, 5.));
#4171 = B_SPLINE_CURVE_WITH_KNOTS ('', 1, (#4169, #4170), .UNSPECIFIED., .F., .U., (2, 2), (0., 1.), .UNSPECIFIED.);
#4172 = EDGE_CURVE ('', #2576, #4161, #4171, .T.);
#4173 = ORIENTED_EDGE ('', *, *, #4172, .T.);
#4174 = EDGE_LOOP ('', (#4166, #4167, #4168, #4173));
#4175 = FACE_OUTER_BOUND ('', #4174, .T.);
#4176 = CARTESIAN_POINT ('', (-44.625, 18.75, 3.5));
#4177 = CARTESIAN_POINT ('', (-44.625, 18.75, 5.));
#4178 = CARTESIAN_POINT ('', (-43.375, 18.75, 3.5));
#4179 = CARTESIAN_POINT ('', (-43.375, 18.75, 5.));
#4180 = B_SPLINE_SURFACE_WITH_KNOTS ('', 1, 1, ((#4176, #4177), (#4178, #4179)), .UNSPECIFIED., .F., .F., .U., (2, 2), (2, 2), (85.3324175824176, 86.760989010989), (0., 1.), .UNSPECIFIED.);
#4181 = ADVANCED_FACE ('', (#4175), #4180, .T.);
#4182 = CARTESIAN_POINT ('', (-42.875, 18.25, 5.));
#4183 = VERTEX_POINT ('', #4182);
#4184 = CARTESIAN_POINT ('', (-43.375, 18.75, 5.));
#4185 = CARTESIAN_POINT ('', (-42.875, 18.75, 5.));
#4186 = CARTESIAN_POINT ('', (-42.875, 18.25, 5.));
#4187 = (
   BOUNDED_CURVE ()
   B_SPLINE_CURVE (2, (#4184, #4185, #4186), .UNSPECIFIED., .F., .U.)
   B_SPLINE_CURVE_WITH_KNOTS ((3, 3), (86.760989010989, 87.760989010989), .UNSPECIFIED.)
   CURVE ()
   GEOMETRIC_REPRESENTATION_ITEM ()
   RATIONAL_B_SPLINE_CURVE ((1., 0.707106781186548, 1.))
   REPRESENTATION_ITEM ('')
);
#4188 = EDGE_CURVE ('', #4161, #4183, #4187, .T.);
#4189 = ORIENTED_EDGE ('', *, *, #4188, .F.);
#4190 = ORIENTED_EDGE ('', *, *, #4172, .F.);
#4191 = ORIENTED_EDGE ('', *, *, #2581, .T.);
#4192 = CARTESIAN_POINT ('', (-42.875, 18.25, 3.5));
#4193 = CARTESIAN_POINT ('', (-42.875, 18.25, 5.));
#4194 = B_SPLINE_CURVE_WITH_KNOTS ('', 1, (#4192, #4193), .UNSPECIFIED., .F., .U., (2, 2), (0., 1.), .UNSPECIFIED.);
#4195 = EDGE_CURVE ('', #2569, #4183, #4194, .T.);
#4196 = ORIENTED_EDGE ('', *, *, #4195, .T.);
#4197 = EDGE_LOOP ('', (#4189, #4190, #4191, #4196));
#4198 = FACE_OUTER_BOUND ('', #4197, .T.);
#4199 = CARTESIAN_POINT ('', (-43.375, 18.75, 3.5));
#4200 = CARTESIAN_POINT ('', (-43.375, 18.75, 5.));
#4201 = CARTESIAN_POINT ('', (-42.875, 18.75, 3.5));
#4202 = CARTESIAN_POINT ('', (-42.875, 18.75, 5.));
#4203 = CARTESIAN_POINT ('', (-42.875, 18.25, 3.5));
#4204 = CARTESIAN_POINT ('', (-42.875, 18.25, 5.));
#4205 = (
   BOUNDED_SURFACE ()
   B_SPLINE_SURFACE (2, 1, ((#4199, #4200), (#4201, #4202), (#4203, #4204)), .UNSPECIFIED., .F., .F., .U.)
   B_SPLINE_SURFACE_WITH_KNOTS ((3, 3), (2, 2), (86.760989010989, 87.760989010989), (0., 1.), .UNSPECIFIED.)
   GEOMETRIC_REPRESENTATION_ITEM ()
   RATIONAL_B_SPLINE_SURFACE (((1., 1.), (0.707106781186548, 0.707106781186548), (1., 1.)))
   REPRESENTATION_ITEM ('')
   SURFACE ()
);
#4206 = ADVANCED_FACE ('', (#4198), #4205, .T.);
#4207 = CARTESIAN_POINT ('', (-42.875, 14., 5.));
#4208 = VERTEX_POINT ('', #4207);
#4209 = CARTESIAN_POINT ('', (-42.875, 18.25, 5.));
#4210 = CARTESIAN_POINT ('', (-42.875, 14., 5.));
#4211 = B_SPLINE_CURVE_WITH_KNOTS ('', 1, (#4209, #4210), .UNSPECIFIED., .F., .U., (2, 2), (87.760989010989, 88.010989010989), .UNSPECIFIED.);
#4212 = EDGE_CURVE ('', #4183, #4208, #4211, .T.);
#4213 = ORIENTED_EDGE ('', *, *, #4212, .F.);
#4214 = ORIENTED_EDGE ('', *, *, #4195, .F.);
#4215 = ORIENTED_EDGE ('', *, *, #2573, .T.);
#4216 = CARTESIAN_POINT ('', (-42.875, 14., 3.5));
#4217 = CARTESIAN_POINT ('', (-42.875, 14., 5.));
#4218 = B_SPLINE_CURVE_WITH_KNOTS ('', 1, (#4216, #4217), .UNSPECIFIED., .F., .U., (2, 2), (0., 1.), .UNSPECIFIED.);
#4219 = EDGE_CURVE ('', #2562, #4208, #4218, .T.);
#4220 = ORIENTED_EDGE ('', *, *, #4219, .T.);
#4221 = EDGE_LOOP ('', (#4213, #4214, #4215, #4220));
#4222 = FACE_OUTER_BOUND ('', #4221, .T.);
#4223 = CARTESIAN_POINT ('', (-42.875, 18.25, 3.5));
#4224 = CARTESIAN_POINT ('', (-42.875, 18.25, 5.));
#4225 = CARTESIAN_POINT ('', (-42.875, 14., 3.5));
#4226 = CARTESIAN_POINT ('', (-42.875, 14., 5.));
#4227 = B_SPLINE_SURFACE_WITH_KNOTS ('', 1, 1, ((#4223, #4224), (#4225, #4226)), .UNSPECIFIED., .F., .F., .U., (2, 2), (2, 2), (87.760989010989, 88.010989010989), (0., 1.), .UNSPECIFIED.);
#4228 = ADVANCED_FACE ('', (#4222), #4227, .T.);
#4229 = CARTESIAN_POINT ('', (-41.375, 14., 5.));
#4230 = VERTEX_POINT ('', #4229);
#4231 = CARTESIAN_POINT ('', (-42.875, 14., 5.));
#4232 = CARTESIAN_POINT ('', (-41.375, 14., 5.));
#4233 = B_SPLINE_CURVE_WITH_KNOTS ('', 1, (#4231, #4232), .UNSPECIFIED., .F., .U., (2, 2), (88.010989010989, 89.510989010989), .UNSPECIFIED.);
#4234 = EDGE_CURVE ('', #4208, #4230, #4233, .T.);
#4235 = ORIENTED_EDGE ('', *, *, #4234, .F.);
#4236 = ORIENTED_EDGE ('', *, *, #4219, .F.);
#4237 = ORIENTED_EDGE ('', *, *, #2566, .T.);
#4238 = CARTESIAN_POINT ('', (-41.375, 14., 3.5));
#4239 = CARTESIAN_POINT ('', (-41.375, 14., 5.));
#4240 = B_SPLINE_CURVE_WITH_KNOTS ('', 1, (#4238, #4239), .UNSPECIFIED., .F., .U., (2, 2), (0., 1.), .UNSPECIFIED.);
#4241 = EDGE_CURVE ('', #2555, #4230, #4240, .T.);
#4242 = ORIENTED_EDGE ('', *, *, #4241, .T.);
#4243 = EDGE_LOOP ('', (#4235, #4236, #4237, #4242));
#4244 = FACE_OUTER_BOUND ('', #4243, .T.);
#4245 = CARTESIAN_POINT ('', (-42.875, 14., 3.5));
#4246 = CARTESIAN_POINT ('', (-42.875, 14., 5.));
#4247 = CARTESIAN_POINT ('', (-41.375, 14., 3.5));
#4248 = CARTESIAN_POINT ('', (-41.375, 14., 5.));
#4249 = B_SPLINE_SURFACE_WITH_KNOTS ('', 1, 1, ((#4245, #4246), (#4247, #4248)), .UNSPECIFIED., .F., .F., .U., (2, 2), (2, 2), (88.010989010989, 89.510989010989), (0., 1.), .UNSPECIFIED.);
#4250 = ADVANCED_FACE ('', (#4244), #4249, .T.);
#4251 = CARTESIAN_POINT ('', (-41.375, 18.5, 5.));
#4252 = VERTEX_POINT ('', #4251);
#4253 = CARTESIAN_POINT ('', (-41.375, 14., 5.));
#4254 = CARTESIAN_POINT ('', (-41.375, 18.5, 5.));
#4255 = B_SPLINE_CURVE_WITH_KNOTS ('', 1, (#4253, #4254), .UNSPECIFIED., .F., .U., (2, 2), (89.510989010989, 90.010989010989), .UNSPECIFIED.);
#4256 = EDGE_CURVE ('', #4230, #4252, #4255, .T.);
#4257 = ORIENTED_EDGE ('', *, *, #4256, .F.);
#4258 = ORIENTED_EDGE ('', *, *, #4241, .F.);
#4259 = ORIENTED_EDGE ('', *, *, #2559, .T.);
#4260 = CARTESIAN_POINT ('', (-41.375, 18.5, 3.5));
#4261 = CARTESIAN_POINT ('', (-41.375, 18.5, 5.));
#4262 = B_SPLINE_CURVE_WITH_KNOTS ('', 1, (#4260, #4261), .UNSPECIFIED., .F., .U., (2, 2), (0., 1.), .UNSPECIFIED.);
#4263 = EDGE_CURVE ('', #2545, #4252, #4262, .T.);
#4264 = ORIENTED_EDGE ('', *, *, #4263, .T.);
#4265 = EDGE_LOOP ('', (#4257, #4258, #4259, #4264));
#4266 = FACE_OUTER_BOUND ('', #4265, .T.);
#4267 = CARTESIAN_POINT ('', (-41.375, 14., 3.5));
#4268 = CARTESIAN_POINT ('', (-41.375, 14., 5.));
#4269 = CARTESIAN_POINT ('', (-41.375, 18.5, 3.5));
#4270 = CARTESIAN_POINT ('', (-41.375, 18.5, 5.));
#4271 = B_SPLINE_SURFACE_WITH_KNOTS ('', 1, 1, ((#4267, #4268), (#4269, #4270)), .UNSPECIFIED., .F., .F., .U., (2, 2), (2, 2), (89.510989010989, 90.010989010989), (0., 1.), .UNSPECIFIED.);
#4272 = ADVANCED_FACE ('', (#4266), #4271, .T.);
#4273 = CARTESIAN_POINT ('', (-40.875, 19., 5.));
#4274 = VERTEX_POINT ('', #4273);
#4275 = CARTESIAN_POINT ('', (-41.375, 18.5, 5.));
#4276 = CARTESIAN_POINT ('', (-41.375, 19., 5.));
#4277 = CARTESIAN_POINT ('', (-40.875, 19., 5.));
#4278 = (
   BOUNDED_CURVE ()
   B_SPLINE_CURVE (2, (#4275, #4276, #4277), .UNSPECIFIED., .F., .U.)
   B_SPLINE_CURVE_WITH_KNOTS ((3, 3), (90.010989010989, 91.010989010989), .UNSPECIFIED.)
   CURVE ()
   GEOMETRIC_REPRESENTATION_ITEM ()
   RATIONAL_B_SPLINE_CURVE ((1., 0.707106781186553, 1.))
   REPRESENTATION_ITEM ('')
);
#4279 = EDGE_CURVE ('', #4252, #4274, #4278, .T.);
#4280 = ORIENTED_EDGE ('', *, *, #4279, .F.);
#4281 = ORIENTED_EDGE ('', *, *, #4263, .F.);
#4282 = ORIENTED_EDGE ('', *, *, #2552, .T.);
#4283 = CARTESIAN_POINT ('', (-40.875, 19., 3.5));
#4284 = CARTESIAN_POINT ('', (-40.875, 19., 5.));
#4285 = B_SPLINE_CURVE_WITH_KNOTS ('', 1, (#4283, #4284), .UNSPECIFIED., .F., .U., (2, 2), (0., 1.), .UNSPECIFIED.);
#4286 = EDGE_CURVE ('', #2547, #4274, #4285, .T.);
#4287 = ORIENTED_EDGE ('', *, *, #4286, .T.);
#4288 = EDGE_LOOP ('', (#4280, #4281, #4282, #4287));
#4289 = FACE_OUTER_BOUND ('', #4288, .T.);
#4290 = CARTESIAN_POINT ('', (-41.375, 18.5, 3.5));
#4291 = CARTESIAN_POINT ('', (-41.375, 18.5, 5.));
#4292 = CARTESIAN_POINT ('', (-41.375, 19., 3.5));
#4293 = CARTESIAN_POINT ('', (-41.375, 19., 5.));
#4294 = CARTESIAN_POINT ('', (-40.875, 19., 3.5));
#4295 = CARTESIAN_POINT ('', (-40.875, 19., 5.));
#4296 = (
   BOUNDED_SURFACE ()
   B_SPLINE_SURFACE (2, 1, ((#4290, #4291), (#4292, #4293), (#4294, #4295)), .UNSPECIFIED., .F., .F., .U.)
   B_SPLINE_SURFACE_WITH_KNOTS ((3, 3), (2, 2), (90.010989010989, 91.010989010989), (0., 1.), .UNSPECIFIED.)
   GEOMETRIC_REPRESENTATION_ITEM ()
   RATIONAL_B_SPLINE_SURFACE (((1., 1.), (0.707106781186553, 0.707106781186553), (1., 1.)))
   REPRESENTATION_ITEM ('')
   SURFACE ()
);
#4297 = ADVANCED_FACE ('', (#4289), #4296, .T.);
#4298 = CARTESIAN_POINT ('', (-40.875, 19., 5.));
#4299 = CARTESIAN_POINT ('', (-34.375, 19., 5.));
#4300 = B_SPLINE_CURVE_WITH_KNOTS ('', 1, (#4298, #4299), .UNSPECIFIED., .F., .U., (2, 2), (91.010989010989, 97.510989010989), .UNSPECIFIED.);
#4301 = EDGE_CURVE ('', #4274, #2979, #4300, .T.);
#4302 = ORIENTED_EDGE ('', *, *, #4301, .F.);
#4303 = ORIENTED_EDGE ('', *, *, #4286, .F.);
#4304 = ORIENTED_EDGE ('', *, *, #2968, .T.);
#4305 = ORIENTED_EDGE ('', *, *, #2990, .T.);
#4306 = EDGE_LOOP ('', (#4302, #4303, #4304, #4305));
#4307 = FACE_OUTER_BOUND ('', #4306, .T.);
#4308 = CARTESIAN_POINT ('', (-40.875, 19., 3.5));
#4309 = CARTESIAN_POINT ('', (-40.875, 19., 5.));
#4310 = CARTESIAN_POINT ('', (-34.375, 19., 3.5));
#4311 = CARTESIAN_POINT ('', (-34.375, 19., 5.));
#4312 = B_SPLINE_SURFACE_WITH_KNOTS ('', 1, 1, ((#4308, #4309), (#4310, #4311)), .UNSPECIFIED., .F., .F., .U., (2, 2), (2, 2), (91.010989010989, 97.510989010989), (0., 1.), .UNSPECIFIED.);
#4313 = ADVANCED_FACE ('', (#4307), #4312, .T.);
#4314 = CARTESIAN_POINT ('', (-78.75, 13., 5.));
#4315 = VERTEX_POINT ('', #4314);
#4316 = CARTESIAN_POINT ('', (-78.75, 11., 5.));
#4317 = VERTEX_POINT ('', #4316);
#4318 = CARTESIAN_POINT ('', (-78.75, 13., 5.));
#4319 = CARTESIAN_POINT ('', (-79.75, 13., 5.));
#4320 = CARTESIAN_POINT ('', (-79.75, 12., 5.));
#4321 = CARTESIAN_POINT ('', (-79.75, 11., 5.));
#4322 = CARTESIAN_POINT ('', (-78.75, 11., 5.));
#4323 = (
   BOUNDED_CURVE ()
   B_SPLINE_CURVE (2, (#4318, #4319, #4320, #4321, #4322), .UNSPECIFIED., .F., .U.)
   B_SPLINE_CURVE_WITH_KNOTS ((3, 2, 3), (703.25, 703.75, 704.25), .UNSPECIFIED.)
   CURVE ()
   GEOMETRIC_REPRESENTATION_ITEM ()
   RATIONAL_B_SPLINE_CURVE ((1., 0.707106781186548, 1., 0.707106781186548, 1.))
   REPRESENTATION_ITEM ('')
);
#4324 = EDGE_CURVE ('', #4315, #4317, #4323, .T.);
#4325 = ORIENTED_EDGE ('', *, *, #4324, .T.);
#4326 = CARTESIAN_POINT ('', (-78.75, 11., 3.5));
#4327 = CARTESIAN_POINT ('', (-78.75, 11., 5.));
#4328 = B_SPLINE_CURVE_WITH_KNOTS ('', 1, (#4326, #4327), .UNSPECIFIED., .F., .U., (2, 2), (0., 1.), .UNSPECIFIED.);
#4329 = EDGE_CURVE ('', #2527, #4317, #4328, .T.);
#4330 = ORIENTED_EDGE ('', *, *, #4329, .F.);
#4331 = ORIENTED_EDGE ('', *, *, #2534, .F.);
#4332 = CARTESIAN_POINT ('', (-78.75, 13., 3.5));
#4333 = CARTESIAN_POINT ('', (-78.75, 13., 5.));
#4334 = B_SPLINE_CURVE_WITH_KNOTS ('', 1, (#4332, #4333), .UNSPECIFIED., .F., .U., (2, 2), (0., 1.), .UNSPECIFIED.);
#4335 = EDGE_CURVE ('', #2519, #4315, #4334, .T.);
#4336 = ORIENTED_EDGE ('', *, *, #4335, .T.);
#4337 = EDGE_LOOP ('', (#4325, #4330, #4331, #4336));
#4338 = FACE_OUTER_BOUND ('', #4337, .T.);
#4339 = CARTESIAN_POINT ('', (-78.75, 13., 3.5));
#4340 = CARTESIAN_POINT ('', (-79.75, 13., 3.5));
#4341 = CARTESIAN_POINT ('', (-79.75, 12., 3.5));
#4342 = CARTESIAN_POINT ('', (-79.75, 11., 3.5));
#4343 = CARTESIAN_POINT ('', (-78.75, 11., 3.5));
#4344 = CARTESIAN_POINT ('', (-78.75, 13., 5.));
#4345 = CARTESIAN_POINT ('', (-79.75, 13., 5.));
#4346 = CARTESIAN_POINT ('', (-79.75, 12., 5.));
#4347 = CARTESIAN_POINT ('', (-79.75, 11., 5.));
#4348 = CARTESIAN_POINT ('', (-78.75, 11., 5.));
#4349 = (
   BOUNDED_SURFACE ()
   B_SPLINE_SURFACE (1, 2, ((#4339, #4340, #4341, #4342, #4343), (#4344, #4345, #4346, #4347, #4348)), .UNSPECIFIED., .F., .F., .U.)
   B_SPLINE_SURFACE_WITH_KNOTS ((2, 2), (3, 2, 3), (0., 1.), (703.25, 703.75, 704.25), .UNSPECIFIED.)
   GEOMETRIC_REPRESENTATION_ITEM ()
   RATIONAL_B_SPLINE_SURFACE (((1., 0.707106781186548, 1., 0.707106781186548, 1.), (1., 0.707106781186548, 1., 0.707106781186548, 1.)))
   REPRESENTATION_ITEM ('')
   SURFACE ()
);
#4350 = ADVANCED_FACE ('', (#4338), #4349, .T.);
#4351 = CARTESIAN_POINT ('', (-77.75, 12., 5.));
#4352 = VERTEX_POINT ('', #4351);
#4353 = CARTESIAN_POINT ('', (-77.75, 12., 5.));
#4354 = CARTESIAN_POINT ('', (-77.75, 13., 5.));
#4355 = CARTESIAN_POINT ('', (-78.75, 13., 5.));
#4356 = (
   BOUNDED_CURVE ()
   B_SPLINE_CURVE (2, (#4353, #4354, #4355), .UNSPECIFIED., .F., .U.)
   B_SPLINE_CURVE_WITH_KNOTS ((3, 3), (702.25, 703.25), .UNSPECIFIED.)
   CURVE ()
   GEOMETRIC_REPRESENTATION_ITEM ()
   RATIONAL_B_SPLINE_CURVE ((1., 0.707106781186548, 1.))
   REPRESENTATION_ITEM ('')
);
#4357 = EDGE_CURVE ('', #4352, #4315, #4356, .T.);
#4358 = ORIENTED_EDGE ('', *, *, #4357, .T.);
#4359 = ORIENTED_EDGE ('', *, *, #4335, .F.);
#4360 = ORIENTED_EDGE ('', *, *, #2524, .F.);
#4361 = CARTESIAN_POINT ('', (-77.75, 12., 3.5));
#4362 = CARTESIAN_POINT ('', (-77.75, 12., 5.));
#4363 = B_SPLINE_CURVE_WITH_KNOTS ('', 1, (#4361, #4362), .UNSPECIFIED., .F., .U., (2, 2), (0., 1.), .UNSPECIFIED.);
#4364 = EDGE_CURVE ('', #2517, #4352, #4363, .T.);
#4365 = ORIENTED_EDGE ('', *, *, #4364, .T.);
#4366 = EDGE_LOOP ('', (#4358, #4359, #4360, #4365));
#4367 = FACE_OUTER_BOUND ('', #4366, .T.);
#4368 = CARTESIAN_POINT ('', (-77.75, 12., 3.5));
#4369 = CARTESIAN_POINT ('', (-77.75, 13., 3.5));
#4370 = CARTESIAN_POINT ('', (-78.75, 13., 3.5));
#4371 = CARTESIAN_POINT ('', (-77.75, 12., 5.));
#4372 = CARTESIAN_POINT ('', (-77.75, 13., 5.));
#4373 = CARTESIAN_POINT ('', (-78.75, 13., 5.));
#4374 = (
   BOUNDED_SURFACE ()
   B_SPLINE_SURFACE (1, 2, ((#4368, #4369, #4370), (#4371, #4372, #4373)), .UNSPECIFIED., .F., .F., .U.)
   B_SPLINE_SURFACE_WITH_KNOTS ((2, 2), (3, 3), (0., 1.), (702.25, 703.25), .UNSPECIFIED.)
   GEOMETRIC_REPRESENTATION_ITEM ()
   RATIONAL_B_SPLINE_SURFACE (((1., 0.707106781186548, 1.), (1., 0.707106781186548, 1.)))
   REPRESENTATION_ITEM ('')
   SURFACE ()
);
#4375 = ADVANCED_FACE ('', (#4367), #4374, .T.);
#4376 = CARTESIAN_POINT ('', (-78.75, 11., 5.));
#4377 = CARTESIAN_POINT ('', (-77.75, 11., 5.));
#4378 = CARTESIAN_POINT ('', (-77.75, 12., 5.));
#4379 = (
   BOUNDED_CURVE ()
   B_SPLINE_CURVE (2, (#4376, #4377, #4378), .UNSPECIFIED., .F., .U.)
   B_SPLINE_CURVE_WITH_KNOTS ((3, 3), (701.25, 702.25), .UNSPECIFIED.)
   CURVE ()
   GEOMETRIC_REPRESENTATION_ITEM ()
   RATIONAL_B_SPLINE_CURVE ((1., 0.707106781186548, 1.))
   REPRESENTATION_ITEM ('')
);
#4380 = EDGE_CURVE ('', #4317, #4352, #4379, .T.);
#4381 = ORIENTED_EDGE ('', *, *, #4380, .T.);
#4382 = ORIENTED_EDGE ('', *, *, #4364, .F.);
#4383 = ORIENTED_EDGE ('', *, *, #2540, .F.);
#4384 = ORIENTED_EDGE ('', *, *, #4329, .T.);
#4385 = EDGE_LOOP ('', (#4381, #4382, #4383, #4384));
#4386 = FACE_OUTER_BOUND ('', #4385, .T.);
#4387 = CARTESIAN_POINT ('', (-78.75, 11., 3.5));
#4388 = CARTESIAN_POINT ('', (-77.75, 11., 3.5));
#4389 = CARTESIAN_POINT ('', (-77.75, 12., 3.5));
#4390 = CARTESIAN_POINT ('', (-78.75, 11., 5.));
#4391 = CARTESIAN_POINT ('', (-77.75, 11., 5.));
#4392 = CARTESIAN_POINT ('', (-77.75, 12., 5.));
#4393 = (
   BOUNDED_SURFACE ()
   B_SPLINE_SURFACE (1, 2, ((#4387, #4388, #4389), (#4390, #4391, #4392)), .UNSPECIFIED., .F., .F., .U.)
   B_SPLINE_SURFACE_WITH_KNOTS ((2, 2), (3, 3), (0., 1.), (701.25, 702.25), .UNSPECIFIED.)
   GEOMETRIC_REPRESENTATION_ITEM ()
   RATIONAL_B_SPLINE_SURFACE (((1., 0.707106781186548, 1.), (1., 0.707106781186548, 1.)))
   REPRESENTATION_ITEM ('')
   SURFACE ()
);
#4394 = ADVANCED_FACE ('', (#4386), #4393, .T.);
#4395 = CARTESIAN_POINT ('', (-99.25, 13., 5.));
#4396 = VERTEX_POINT ('', #4395);
#4397 = CARTESIAN_POINT ('', (-99.25, 11., 5.));
#4398 = VERTEX_POINT ('', #4397);
#4399 = CARTESIAN_POINT ('', (-99.25, 13., 5.));
#4400 = CARTESIAN_POINT ('', (-98.25, 13., 5.));
#4401 = CARTESIAN_POINT ('', (-98.25, 12., 5.));
#4402 = CARTESIAN_POINT ('', (-98.25, 11., 5.));
#4403 = CARTESIAN_POINT ('', (-99.25, 11., 5.));
#4404 = (
   BOUNDED_CURVE ()
   B_SPLINE_CURVE (2, (#4399, #4400, #4401, #4402, #4403), .UNSPECIFIED., .F., .U.)
   B_SPLINE_CURVE_WITH_KNOTS ((3, 2, 3), (741.75, 742.25, 742.75), .UNSPECIFIED.)
   CURVE ()
   GEOMETRIC_REPRESENTATION_ITEM ()
   RATIONAL_B_SPLINE_CURVE ((1., 0.707106781186548, 1., 0.707106781186548, 1.))
   REPRESENTATION_ITEM ('')
);
#4405 = EDGE_CURVE ('', #4396, #4398, #4404, .T.);
#4406 = ORIENTED_EDGE ('', *, *, #4405, .F.);
#4407 = CARTESIAN_POINT ('', (-99.25, 13., 3.5));
#4408 = CARTESIAN_POINT ('', (-99.25, 13., 5.));
#4409 = B_SPLINE_CURVE_WITH_KNOTS ('', 1, (#4407, #4408), .UNSPECIFIED., .F., .U., (2, 2), (0., 1.), .UNSPECIFIED.);
#4410 = EDGE_CURVE ('', #2499, #4396, #4409, .T.);
#4411 = ORIENTED_EDGE ('', *, *, #4410, .F.);
#4412 = ORIENTED_EDGE ('', *, *, #2506, .T.);
#4413 = CARTESIAN_POINT ('', (-99.25, 11., 3.5));
#4414 = CARTESIAN_POINT ('', (-99.25, 11., 5.));
#4415 = B_SPLINE_CURVE_WITH_KNOTS ('', 1, (#4413, #4414), .UNSPECIFIED., .F., .U., (2, 2), (0., 1.), .UNSPECIFIED.);
#4416 = EDGE_CURVE ('', #2489, #4398, #4415, .T.);
#4417 = ORIENTED_EDGE ('', *, *, #4416, .T.);
#4418 = EDGE_LOOP ('', (#4406, #4411, #4412, #4417));
#4419 = FACE_OUTER_BOUND ('', #4418, .T.);
#4420 = CARTESIAN_POINT ('', (-99.25, 13., 3.5));
#4421 = CARTESIAN_POINT ('', (-99.25, 13., 5.));
#4422 = CARTESIAN_POINT ('', (-98.25, 13., 3.5));
#4423 = CARTESIAN_POINT ('', (-98.25, 13., 5.));
#4424 = CARTESIAN_POINT ('', (-98.25, 12., 3.5));
#4425 = CARTESIAN_POINT ('', (-98.25, 12., 5.));
#4426 = CARTESIAN_POINT ('', (-98.25, 11., 3.5));
#4427 = CARTESIAN_POINT ('', (-98.25, 11., 5.));
#4428 = CARTESIAN_POINT ('', (-99.25, 11., 3.5));
#4429 = CARTESIAN_POINT ('', (-99.25, 11., 5.));
#4430 = (
   BOUNDED_SURFACE ()
   B_SPLINE_SURFACE (2, 1, ((#4420, #4421), (#4422, #4423), (#4424, #4425), (#4426, #4427), (#4428, #4429)), .UNSPECIFIED., .F., .F., .U.)
   B_SPLINE_SURFACE_WITH_KNOTS ((3, 2, 3), (2, 2), (741.75, 742.25, 742.75), (0., 1.), .UNSPECIFIED.)
   GEOMETRIC_REPRESENTATION_ITEM ()
   RATIONAL_B_SPLINE_SURFACE (((1., 1.), (0.707106781186548, 0.707106781186548), (1., 1.), (0.707106781186548, 0.707106781186548), (1., 1.)))
   REPRESENTATION_ITEM ('')
   SURFACE ()
);
#4431 = ADVANCED_FACE ('', (#4419), #4430, .T.);
#4432 = CARTESIAN_POINT ('', (-100.25, 12., 5.));
#4433 = VERTEX_POINT ('', #4432);
#4434 = CARTESIAN_POINT ('', (-99.25, 11., 5.));
#4435 = CARTESIAN_POINT ('', (-100.25, 11., 5.));
#4436 = CARTESIAN_POINT ('', (-100.25, 12., 5.));
#4437 = (
   BOUNDED_CURVE ()
   B_SPLINE_CURVE (2, (#4434, #4435, #4436), .UNSPECIFIED., .F., .U.)
   B_SPLINE_CURVE_WITH_KNOTS ((3, 3), (739.75, 740.75), .UNSPECIFIED.)
   CURVE ()
   GEOMETRIC_REPRESENTATION_ITEM ()
   RATIONAL_B_SPLINE_CURVE ((1., 0.707106781186548, 1.))
   REPRESENTATION_ITEM ('')
);
#4438 = EDGE_CURVE ('', #4398, #4433, #4437, .T.);
#4439 = ORIENTED_EDGE ('', *, *, #4438, .F.);
#4440 = ORIENTED_EDGE ('', *, *, #4416, .F.);
#4441 = ORIENTED_EDGE ('', *, *, #2496, .T.);
#4442 = CARTESIAN_POINT ('', (-100.25, 12., 3.5));
#4443 = CARTESIAN_POINT ('', (-100.25, 12., 5.));
#4444 = B_SPLINE_CURVE_WITH_KNOTS ('', 1, (#4442, #4443), .UNSPECIFIED., .F., .U., (2, 2), (0., 1.), .UNSPECIFIED.);
#4445 = EDGE_CURVE ('', #2491, #4433, #4444, .T.);
#4446 = ORIENTED_EDGE ('', *, *, #4445, .T.);
#4447 = EDGE_LOOP ('', (#4439, #4440, #4441, #4446));
#4448 = FACE_OUTER_BOUND ('', #4447, .T.);
#4449 = CARTESIAN_POINT ('', (-99.25, 11., 3.5));
#4450 = CARTESIAN_POINT ('', (-99.25, 11., 5.));
#4451 = CARTESIAN_POINT ('', (-100.25, 11., 3.5));
#4452 = CARTESIAN_POINT ('', (-100.25, 11., 5.));
#4453 = CARTESIAN_POINT ('', (-100.25, 12., 3.5));
#4454 = CARTESIAN_POINT ('', (-100.25, 12., 5.));
#4455 = (
   BOUNDED_SURFACE ()
   B_SPLINE_SURFACE (2, 1, ((#4449, #4450), (#4451, #4452), (#4453, #4454)), .UNSPECIFIED., .F., .F., .U.)
   B_SPLINE_SURFACE_WITH_KNOTS ((3, 3), (2, 2), (739.75, 740.75), (0., 1.), .UNSPECIFIED.)
   GEOMETRIC_REPRESENTATION_ITEM ()
   RATIONAL_B_SPLINE_SURFACE (((1., 1.), (0.707106781186548, 0.707106781186548), (1., 1.)))
   REPRESENTATION_ITEM ('')
   SURFACE ()
);
#4456 = ADVANCED_FACE ('', (#4448), #4455, .T.);
#4457 = CARTESIAN_POINT ('', (-100.25, 12., 5.));
#4458 = CARTESIAN_POINT ('', (-100.25, 13., 5.));
#4459 = CARTESIAN_POINT ('', (-99.25, 13., 5.));
#4460 = (
   BOUNDED_CURVE ()
   B_SPLINE_CURVE (2, (#4457, #4458, #4459), .UNSPECIFIED., .F., .U.)
   B_SPLINE_CURVE_WITH_KNOTS ((3, 3), (740.75, 741.75), .UNSPECIFIED.)
   CURVE ()
   GEOMETRIC_REPRESENTATION_ITEM ()
   RATIONAL_B_SPLINE_CURVE ((1., 0.707106781186548, 1.))
   REPRESENTATION_ITEM ('')
);
#4461 = EDGE_CURVE ('', #4433, #4396, #4460, .T.);
#4462 = ORIENTED_EDGE ('', *, *, #4461, .F.);
#4463 = ORIENTED_EDGE ('', *, *, #4445, .F.);
#4464 = ORIENTED_EDGE ('', *, *, #2512, .T.);
#4465 = ORIENTED_EDGE ('', *, *, #4410, .T.);
#4466 = EDGE_LOOP ('', (#4462, #4463, #4464, #4465));
#4467 = FACE_OUTER_BOUND ('', #4466, .T.);
#4468 = CARTESIAN_POINT ('', (-100.25, 12., 3.5));
#4469 = CARTESIAN_POINT ('', (-100.25, 12., 5.));
#4470 = CARTESIAN_POINT ('', (-100.25, 13., 3.5));
#4471 = CARTESIAN_POINT ('', (-100.25, 13., 5.));
#4472 = CARTESIAN_POINT ('', (-99.25, 13., 3.5));
#4473 = CARTESIAN_POINT ('', (-99.25, 13., 5.));
#4474 = (
   BOUNDED_SURFACE ()
   B_SPLINE_SURFACE (2, 1, ((#4468, #4469), (#4470, #4471), (#4472, #4473)), .UNSPECIFIED., .F., .F., .U.)
   B_SPLINE_SURFACE_WITH_KNOTS ((3, 3), (2, 2), (740.75, 741.75), (0., 1.), .UNSPECIFIED.)
   GEOMETRIC_REPRESENTATION_ITEM ()
   RATIONAL_B_SPLINE_SURFACE (((1., 1.), (0.707106781186548, 0.707106781186548), (1., 1.)))
   REPRESENTATION_ITEM ('')
   SURFACE ()
);
#4475 = ADVANCED_FACE ('', (#4467), #4474, .T.);
#4476 = CARTESIAN_POINT ('', (-124., 51., 5.));
#4477 = VERTEX_POINT ('', #4476);
#4478 = CARTESIAN_POINT ('', (-124., 49., 5.));
#4479 = VERTEX_POINT ('', #4478);
#4480 = CARTESIAN_POINT ('', (-124., 51., 5.));
#4481 = CARTESIAN_POINT ('', (-123., 51., 5.));
#4482 = CARTESIAN_POINT ('', (-123., 50., 5.));
#4483 = CARTESIAN_POINT ('', (-123., 49., 5.));
#4484 = CARTESIAN_POINT ('', (-124., 49., 5.));
#4485 = (
   BOUNDED_CURVE ()
   B_SPLINE_CURVE (2, (#4480, #4481, #4482, #4483, #4484), .UNSPECIFIED., .F., .U.)
   B_SPLINE_CURVE_WITH_KNOTS ((3, 2, 3), (519., 519.5, 520.), .UNSPECIFIED.)
   CURVE ()
   GEOMETRIC_REPRESENTATION_ITEM ()
   RATIONAL_B_SPLINE_CURVE ((1., 0.707106781186548, 1., 0.707106781186548, 1.))
   REPRESENTATION_ITEM ('')
);
#4486 = EDGE_CURVE ('', #4477, #4479, #4485, .T.);
#4487 = ORIENTED_EDGE ('', *, *, #4486, .F.);
#4488 = CARTESIAN_POINT ('', (-124., 51., 3.5));
#4489 = CARTESIAN_POINT ('', (-124., 51., 5.));
#4490 = B_SPLINE_CURVE_WITH_KNOTS ('', 1, (#4488, #4489), .UNSPECIFIED., .F., .U., (2, 2), (0., 1.), .UNSPECIFIED.);
#4491 = EDGE_CURVE ('', #2471, #4477, #4490, .T.);
#4492 = ORIENTED_EDGE ('', *, *, #4491, .F.);
#4493 = ORIENTED_EDGE ('', *, *, #2478, .T.);
#4494 = CARTESIAN_POINT ('', (-124., 49., 3.5));
#4495 = CARTESIAN_POINT ('', (-124., 49., 5.));
#4496 = B_SPLINE_CURVE_WITH_KNOTS ('', 1, (#4494, #4495), .UNSPECIFIED., .F., .U., (2, 2), (0., 1.), .UNSPECIFIED.);
#4497 = EDGE_CURVE ('', #2461, #4479, #4496, .T.);
#4498 = ORIENTED_EDGE ('', *, *, #4497, .T.);
#4499 = EDGE_LOOP ('', (#4487, #4492, #4493, #4498));
#4500 = FACE_OUTER_BOUND ('', #4499, .T.);
#4501 = CARTESIAN_POINT ('', (-124., 51., 3.5));
#4502 = CARTESIAN_POINT ('', (-124., 51., 5.));
#4503 = CARTESIAN_POINT ('', (-123., 51., 3.5));
#4504 = CARTESIAN_POINT ('', (-123., 51., 5.));
#4505 = CARTESIAN_POINT ('', (-123., 50., 3.5));
#4506 = CARTESIAN_POINT ('', (-123., 50., 5.));
#4507 = CARTESIAN_POINT ('', (-123., 49., 3.5));
#4508 = CARTESIAN_POINT ('', (-123., 49., 5.));
#4509 = CARTESIAN_POINT ('', (-124., 49., 3.5));
#4510 = CARTESIAN_POINT ('', (-124., 49., 5.));
#4511 = (
   BOUNDED_SURFACE ()
   B_SPLINE_SURFACE (2, 1, ((#4501, #4502), (#4503, #4504), (#4505, #4506), (#4507, #4508), (#4509, #4510)), .UNSPECIFIED., .F., .F., .U.)
   B_SPLINE_SURFACE_WITH_KNOTS ((3, 2, 3), (2, 2), (519., 519.5, 520.), (0., 1.), .UNSPECIFIED.)
   GEOMETRIC_REPRESENTATION_ITEM ()
   RATIONAL_B_SPLINE_SURFACE (((1., 1.), (0.707106781186548, 0.707106781186548), (1., 1.), (0.707106781186548, 0.707106781186548), (1., 1.)))
   REPRESENTATION_ITEM ('')
   SURFACE ()
);
#4512 = ADVANCED_FACE ('', (#4500), #4511, .T.);
#4513 = CARTESIAN_POINT ('', (-125., 50., 5.));
#4514 = VERTEX_POINT ('', #4513);
#4515 = CARTESIAN_POINT ('', (-124., 49., 5.));
#4516 = CARTESIAN_POINT ('', (-125., 49., 5.));
#4517 = CARTESIAN_POINT ('', (-125., 50., 5.));
#4518 = (
   BOUNDED_CURVE ()
   B_SPLINE_CURVE (2, (#4515, #4516, #4517), .UNSPECIFIED., .F., .U.)
   B_SPLINE_CURVE_WITH_KNOTS ((3, 3), (517., 518.), .UNSPECIFIED.)
   CURVE ()
   GEOMETRIC_REPRESENTATION_ITEM ()
   RATIONAL_B_SPLINE_CURVE ((1., 0.707106781186548, 1.))
   REPRESENTATION_ITEM ('')
);
#4519 = EDGE_CURVE ('', #4479, #4514, #4518, .T.);
#4520 = ORIENTED_EDGE ('', *, *, #4519, .F.);
#4521 = ORIENTED_EDGE ('', *, *, #4497, .F.);
#4522 = ORIENTED_EDGE ('', *, *, #2468, .T.);
#4523 = CARTESIAN_POINT ('', (-125., 50., 3.5));
#4524 = CARTESIAN_POINT ('', (-125., 50., 5.));
#4525 = B_SPLINE_CURVE_WITH_KNOTS ('', 1, (#4523, #4524), .UNSPECIFIED., .F., .U., (2, 2), (0., 1.), .UNSPECIFIED.);
#4526 = EDGE_CURVE ('', #2463, #4514, #4525, .T.);
#4527 = ORIENTED_EDGE ('', *, *, #4526, .T.);
#4528 = EDGE_LOOP ('', (#4520, #4521, #4522, #4527));
#4529 = FACE_OUTER_BOUND ('', #4528, .T.);
#4530 = CARTESIAN_POINT ('', (-124., 49., 3.5));
#4531 = CARTESIAN_POINT ('', (-124., 49., 5.));
#4532 = CARTESIAN_POINT ('', (-125., 49., 3.5));
#4533 = CARTESIAN_POINT ('', (-125., 49., 5.));
#4534 = CARTESIAN_POINT ('', (-125., 50., 3.5));
#4535 = CARTESIAN_POINT ('', (-125., 50., 5.));
#4536 = (
   BOUNDED_SURFACE ()
   B_SPLINE_SURFACE (2, 1, ((#4530, #4531), (#4532, #4533), (#4534, #4535)), .UNSPECIFIED., .F., .F., .U.)
   B_SPLINE_SURFACE_WITH_KNOTS ((3, 3), (2, 2), (517., 518.), (0., 1.), .UNSPECIFIED.)
   GEOMETRIC_REPRESENTATION_ITEM ()
   RATIONAL_B_SPLINE_SURFACE (((1., 1.), (0.707106781186548, 0.707106781186548), (1., 1.)))
   REPRESENTATION_ITEM ('')
   SURFACE ()
);
#4537 = ADVANCED_FACE ('', (#4529), #4536, .T.);
#4538 = CARTESIAN_POINT ('', (-125., 50., 5.));
#4539 = CARTESIAN_POINT ('', (-125., 51., 5.));
#4540 = CARTESIAN_POINT ('', (-124., 51., 5.));
#4541 = (
   BOUNDED_CURVE ()
   B_SPLINE_CURVE (2, (#4538, #4539, #4540), .UNSPECIFIED., .F., .U.)
   B_SPLINE_CURVE_WITH_KNOTS ((3, 3), (518., 519.), .UNSPECIFIED.)
   CURVE ()
   GEOMETRIC_REPRESENTATION_ITEM ()
   RATIONAL_B_SPLINE_CURVE ((1., 0.707106781186548, 1.))
   REPRESENTATION_ITEM ('')
);
#4542 = EDGE_CURVE ('', #4514, #4477, #4541, .T.);
#4543 = ORIENTED_EDGE ('', *, *, #4542, .F.);
#4544 = ORIENTED_EDGE ('', *, *, #4526, .F.);
#4545 = ORIENTED_EDGE ('', *, *, #2484, .T.);
#4546 = ORIENTED_EDGE ('', *, *, #4491, .T.);
#4547 = EDGE_LOOP ('', (#4543, #4544, #4545, #4546));
#4548 = FACE_OUTER_BOUND ('', #4547, .T.);
#4549 = CARTESIAN_POINT ('', (-125., 50., 3.5));
#4550 = CARTESIAN_POINT ('', (-125., 50., 5.));
#4551 = CARTESIAN_POINT ('', (-125., 51., 3.5));
#4552 = CARTESIAN_POINT ('', (-125., 51., 5.));
#4553 = CARTESIAN_POINT ('', (-124., 51., 3.5));
#4554 = CARTESIAN_POINT ('', (-124., 51., 5.));
#4555 = (
   BOUNDED_SURFACE ()
   B_SPLINE_SURFACE (2, 1, ((#4549, #4550), (#4551, #4552), (#4553, #4554)), .UNSPECIFIED., .F., .F., .U.)
   B_SPLINE_SURFACE_WITH_KNOTS ((3, 3), (2, 2), (518., 519.), (0., 1.), .UNSPECIFIED.)
   GEOMETRIC_REPRESENTATION_ITEM ()
   RATIONAL_B_SPLINE_SURFACE (((1., 1.), (0.707106781186548, 0.707106781186548), (1., 1.)))
   REPRESENTATION_ITEM ('')
   SURFACE ()
);
#4556 = ADVANCED_FACE ('', (#4548), #4555, .T.);
#4557 = CARTESIAN_POINT ('', (-123., 47.5, 5.));
#4558 = VERTEX_POINT ('', #4557);
#4559 = CARTESIAN_POINT ('', (-123., 52.5, 5.));
#4560 = VERTEX_POINT ('', #4559);
#4561 = CARTESIAN_POINT ('', (-123., 47.5, 5.));
#4562 = CARTESIAN_POINT ('', (-121., 47.5, 5.));
#4563 = CARTESIAN_POINT ('', (-121., 50., 5.));
#4564 = CARTESIAN_POINT ('', (-121., 52.5, 5.));
#4565 = CARTESIAN_POINT ('', (-123., 52.5, 5.));
#4566 = (
   BOUNDED_CURVE ()
   B_SPLINE_CURVE (2, (#4561, #4562, #4563, #4564, #4565), .UNSPECIFIED., .F., .U.)
   B_SPLINE_CURVE_WITH_KNOTS ((3, 2, 3), (605., 605.5, 606.), .UNSPECIFIED.)
   CURVE ()
   GEOMETRIC_REPRESENTATION_ITEM ()
   RATIONAL_B_SPLINE_CURVE ((1., 0.707106781186548, 1., 0.707106781186548, 1.))
   REPRESENTATION_ITEM ('')
);
#4567 = EDGE_CURVE ('', #4558, #4560, #4566, .T.);
#4568 = ORIENTED_EDGE ('', *, *, #4567, .F.);
#4569 = CARTESIAN_POINT ('', (-123., 47.5, 3.5));
#4570 = CARTESIAN_POINT ('', (-123., 47.5, 5.));
#4571 = B_SPLINE_CURVE_WITH_KNOTS ('', 1, (#4569, #4570), .UNSPECIFIED., .F., .U., (2, 2), (0., 1.), .UNSPECIFIED.);
#4572 = EDGE_CURVE ('', #2441, #4558, #4571, .T.);
#4573 = ORIENTED_EDGE ('', *, *, #4572, .F.);
#4574 = ORIENTED_EDGE ('', *, *, #2448, .T.);
#4575 = CARTESIAN_POINT ('', (-123., 52.5, 3.5));
#4576 = CARTESIAN_POINT ('', (-123., 52.5, 5.));
#4577 = B_SPLINE_CURVE_WITH_KNOTS ('', 1, (#4575, #4576), .UNSPECIFIED., .F., .U., (2, 2), (0., 1.), .UNSPECIFIED.);
#4578 = EDGE_CURVE ('', #2431, #4560, #4577, .T.);
#4579 = ORIENTED_EDGE ('', *, *, #4578, .T.);
#4580 = EDGE_LOOP ('', (#4568, #4573, #4574, #4579));
#4581 = FACE_OUTER_BOUND ('', #4580, .T.);
#4582 = CARTESIAN_POINT ('', (-123., 47.5, 3.5));
#4583 = CARTESIAN_POINT ('', (-123., 47.5, 5.));
#4584 = CARTESIAN_POINT ('', (-121., 47.5, 3.5));
#4585 = CARTESIAN_POINT ('', (-121., 47.5, 5.));
#4586 = CARTESIAN_POINT ('', (-121., 50., 3.5));
#4587 = CARTESIAN_POINT ('', (-121., 50., 5.));
#4588 = CARTESIAN_POINT ('', (-121., 52.5, 3.5));
#4589 = CARTESIAN_POINT ('', (-121., 52.5, 5.));
#4590 = CARTESIAN_POINT ('', (-123., 52.5, 3.5));
#4591 = CARTESIAN_POINT ('', (-123., 52.5, 5.));
#4592 = (
   BOUNDED_SURFACE ()
   B_SPLINE_SURFACE (2, 1, ((#4582, #4583), (#4584, #4585), (#4586, #4587), (#4588, #4589), (#4590, #4591)), .UNSPECIFIED., .F., .F., .U.)
   B_SPLINE_SURFACE_WITH_KNOTS ((3, 2, 3), (2, 2), (605., 605.5, 606.), (0., 1.), .UNSPECIFIED.)
   GEOMETRIC_REPRESENTATION_ITEM ()
   RATIONAL_B_SPLINE_SURFACE (((1., 1.), (0.707106781186548, 0.707106781186548), (1., 1.), (0.707106781186548, 0.707106781186548), (1., 1.)))
   REPRESENTATION_ITEM ('')
   SURFACE ()
);
#4593 = ADVANCED_FACE ('', (#4581), #4592, .T.);
#4594 = CARTESIAN_POINT ('', (-123., 53.5, 5.));
#4595 = VERTEX_POINT ('', #4594);
#4596 = CARTESIAN_POINT ('', (-123., 52.5, 5.));
#4597 = CARTESIAN_POINT ('', (-123.5, 52.5, 5.));
#4598 = CARTESIAN_POINT ('', (-123.5, 53., 5.));
#4599 = CARTESIAN_POINT ('', (-123.5, 53.5, 5.));
#4600 = CARTESIAN_POINT ('', (-123., 53.5, 5.));
#4601 = (
   BOUNDED_CURVE ()
   B_SPLINE_CURVE (2, (#4596, #4597, #4598, #4599, #4600), .UNSPECIFIED., .F., .U.)
   B_SPLINE_CURVE_WITH_KNOTS ((3, 2, 3), (562., 562.5, 563.), .UNSPECIFIED.)
   CURVE ()
   GEOMETRIC_REPRESENTATION_ITEM ()
   RATIONAL_B_SPLINE_CURVE ((1., 0.707106781186548, 1., 0.707106781186548, 1.))
   REPRESENTATION_ITEM ('')
);
#4602 = EDGE_CURVE ('', #4560, #4595, #4601, .T.);
#4603 = ORIENTED_EDGE ('', *, *, #4602, .F.);
#4604 = ORIENTED_EDGE ('', *, *, #4578, .F.);
#4605 = ORIENTED_EDGE ('', *, *, #2438, .T.);
#4606 = CARTESIAN_POINT ('', (-123., 53.5, 3.5));
#4607 = CARTESIAN_POINT ('', (-123., 53.5, 5.));
#4608 = B_SPLINE_CURVE_WITH_KNOTS ('', 1, (#4606, #4607), .UNSPECIFIED., .F., .U., (2, 2), (0., 1.), .UNSPECIFIED.);
#4609 = EDGE_CURVE ('', #2424, #4595, #4608, .T.);
#4610 = ORIENTED_EDGE ('', *, *, #4609, .T.);
#4611 = EDGE_LOOP ('', (#4603, #4604, #4605, #4610));
#4612 = FACE_OUTER_BOUND ('', #4611, .T.);
#4613 = CARTESIAN_POINT ('', (-123., 52.5, 3.5));
#4614 = CARTESIAN_POINT ('', (-123., 52.5, 5.));
#4615 = CARTESIAN_POINT ('', (-123.5, 52.5, 3.5));
#4616 = CARTESIAN_POINT ('', (-123.5, 52.5, 5.));
#4617 = CARTESIAN_POINT ('', (-123.5, 53., 3.5));
#4618 = CARTESIAN_POINT ('', (-123.5, 53., 5.));
#4619 = CARTESIAN_POINT ('', (-123.5, 53.5, 3.5));
#4620 = CARTESIAN_POINT ('', (-123.5, 53.5, 5.));
#4621 = CARTESIAN_POINT ('', (-123., 53.5, 3.5));
#4622 = CARTESIAN_POINT ('', (-123., 53.5, 5.));
#4623 = (
   BOUNDED_SURFACE ()
   B_SPLINE_SURFACE (2, 1, ((#4613, #4614), (#4615, #4616), (#4617, #4618), (#4619, #4620), (#4621, #4622)), .UNSPECIFIED., .F., .F., .U.)
   B_SPLINE_SURFACE_WITH_KNOTS ((3, 2, 3), (2, 2), (562., 562.5, 563.), (0., 1.), .UNSPECIFIED.)
   GEOMETRIC_REPRESENTATION_ITEM ()
   RATIONAL_B_SPLINE_SURFACE (((1., 1.), (0.707106781186548, 0.707106781186548), (1., 1.), (0.707106781186548, 0.707106781186548), (1., 1.)))
   REPRESENTATION_ITEM ('')
   SURFACE ()
);
#4624 = ADVANCED_FACE ('', (#4612), #4623, .T.);
#4625 = CARTESIAN_POINT ('', (-121., 53.5, 5.));
#4626 = VERTEX_POINT ('', #4625);
#4627 = CARTESIAN_POINT ('', (-123., 53.5, 5.));
#4628 = CARTESIAN_POINT ('', (-121., 53.5, 5.));
#4629 = B_SPLINE_CURVE_WITH_KNOTS ('', 1, (#4627, #4628), .UNSPECIFIED., .F., .U., (2, 2), (563., 564.), .UNSPECIFIED.);
#4630 = EDGE_CURVE ('', #4595, #4626, #4629, .T.);
#4631 = ORIENTED_EDGE ('', *, *, #4630, .F.);
#4632 = ORIENTED_EDGE ('', *, *, #4609, .F.);
#4633 = ORIENTED_EDGE ('', *, *, #2428, .T.);
#4634 = CARTESIAN_POINT ('', (-121., 53.5, 3.5));
#4635 = CARTESIAN_POINT ('', (-121., 53.5, 5.));
#4636 = B_SPLINE_CURVE_WITH_KNOTS ('', 1, (#4634, #4635), .UNSPECIFIED., .F., .U., (2, 2), (0., 1.), .UNSPECIFIED.);
#4637 = EDGE_CURVE ('', #2414, #4626, #4636, .T.);
#4638 = ORIENTED_EDGE ('', *, *, #4637, .T.);
#4639 = EDGE_LOOP ('', (#4631, #4632, #4633, #4638));
#4640 = FACE_OUTER_BOUND ('', #4639, .T.);
#4641 = CARTESIAN_POINT ('', (-123., 53.5, 3.5));
#4642 = CARTESIAN_POINT ('', (-123., 53.5, 5.));
#4643 = CARTESIAN_POINT ('', (-121., 53.5, 3.5));
#4644 = CARTESIAN_POINT ('', (-121., 53.5, 5.));
#4645 = B_SPLINE_SURFACE_WITH_KNOTS ('', 1, 1, ((#4641, #4642), (#4643, #4644)), .UNSPECIFIED., .F., .F., .U., (2, 2), (2, 2), (563., 564.), (0., 1.), .UNSPECIFIED.);
#4646 = ADVANCED_FACE ('', (#4640), #4645, .T.);
#4647 = CARTESIAN_POINT ('', (-121., 58.5, 5.));
#4648 = VERTEX_POINT ('', #4647);
#4649 = CARTESIAN_POINT ('', (-121., 53.5, 5.));
#4650 = CARTESIAN_POINT ('', (-118.5, 53.5, 5.));
#4651 = CARTESIAN_POINT ('', (-118.5, 56., 5.));
#4652 = CARTESIAN_POINT ('', (-118.5, 58.5, 5.));
#4653 = CARTESIAN_POINT ('', (-121., 58.5, 5.));
#4654 = (
   BOUNDED_CURVE ()
   B_SPLINE_CURVE (2, (#4649, #4650, #4651, #4652, #4653), .UNSPECIFIED., .F., .U.)
   B_SPLINE_CURVE_WITH_KNOTS ((3, 2, 3), (564., 564.5, 565.), .UNSPECIFIED.)
   CURVE ()
   GEOMETRIC_REPRESENTATION_ITEM ()
   RATIONAL_B_SPLINE_CURVE ((1., 0.707106781186548, 1., 0.707106781186548, 1.))
   REPRESENTATION_ITEM ('')
);
#4655 = EDGE_CURVE ('', #4626, #4648, #4654, .T.);
#4656 = ORIENTED_EDGE ('', *, *, #4655, .F.);
#4657 = ORIENTED_EDGE ('', *, *, #4637, .F.);
#4658 = ORIENTED_EDGE ('', *, *, #2421, .T.);
#4659 = CARTESIAN_POINT ('', (-121., 58.5, 3.5));
#4660 = CARTESIAN_POINT ('', (-121., 58.5, 5.));
#4661 = B_SPLINE_CURVE_WITH_KNOTS ('', 1, (#4659, #4660), .UNSPECIFIED., .F., .U., (2, 2), (0., 1.), .UNSPECIFIED.);
#4662 = EDGE_CURVE ('', #2407, #4648, #4661, .T.);
#4663 = ORIENTED_EDGE ('', *, *, #4662, .T.);
#4664 = EDGE_LOOP ('', (#4656, #4657, #4658, #4663));
#4665 = FACE_OUTER_BOUND ('', #4664, .T.);
#4666 = CARTESIAN_POINT ('', (-121., 53.5, 3.5));
#4667 = CARTESIAN_POINT ('', (-121., 53.5, 5.));
#4668 = CARTESIAN_POINT ('', (-118.5, 53.5, 3.5));
#4669 = CARTESIAN_POINT ('', (-118.5, 53.5, 5.));
#4670 = CARTESIAN_POINT ('', (-118.5, 56., 3.5));
#4671 = CARTESIAN_POINT ('', (-118.5, 56., 5.));
#4672 = CARTESIAN_POINT ('', (-118.5, 58.5, 3.5));
#4673 = CARTESIAN_POINT ('', (-118.5, 58.5, 5.));
#4674 = CARTESIAN_POINT ('', (-121., 58.5, 3.5));
#4675 = CARTESIAN_POINT ('', (-121., 58.5, 5.));
#4676 = (
   BOUNDED_SURFACE ()
   B_SPLINE_SURFACE (2, 1, ((#4666, #4667), (#4668, #4669), (#4670, #4671), (#4672, #4673), (#4674, #4675)), .UNSPECIFIED., .F., .F., .U.)
   B_SPLINE_SURFACE_WITH_KNOTS ((3, 2, 3), (2, 2), (564., 564.5, 565.), (0., 1.), .UNSPECIFIED.)
   GEOMETRIC_REPRESENTATION_ITEM ()
   RATIONAL_B_SPLINE_SURFACE (((1., 1.), (0.707106781186548, 0.707106781186548), (1., 1.), (0.707106781186548, 0.707106781186548), (1., 1.)))
   REPRESENTATION_ITEM ('')
   SURFACE ()
);
#4677 = ADVANCED_FACE ('', (#4665), #4676, .T.);
#4678 = CARTESIAN_POINT ('', (-124.5, 58.5, 5.));
#4679 = VERTEX_POINT ('', #4678);
#4680 = CARTESIAN_POINT ('', (-121., 58.5, 5.));
#4681 = CARTESIAN_POINT ('', (-124.5, 58.5, 5.));
#4682 = B_SPLINE_CURVE_WITH_KNOTS ('', 1, (#4680, #4681), .UNSPECIFIED., .F., .U., (2, 2), (565., 566.), .UNSPECIFIED.);
#4683 = EDGE_CURVE ('', #4648, #4679, #4682, .T.);
#4684 = ORIENTED_EDGE ('', *, *, #4683, .F.);
#4685 = ORIENTED_EDGE ('', *, *, #4662, .F.);
#4686 = ORIENTED_EDGE ('', *, *, #2411, .T.);
#4687 = CARTESIAN_POINT ('', (-124.5, 58.5, 3.5));
#4688 = CARTESIAN_POINT ('', (-124.5, 58.5, 5.));
#4689 = B_SPLINE_CURVE_WITH_KNOTS ('', 1, (#4687, #4688), .UNSPECIFIED., .F., .U., (2, 2), (0., 1.), .UNSPECIFIED.);
#4690 = EDGE_CURVE ('', #2397, #4679, #4689, .T.);
#4691 = ORIENTED_EDGE ('', *, *, #4690, .T.);
#4692 = EDGE_LOOP ('', (#4684, #4685, #4686, #4691));
#4693 = FACE_OUTER_BOUND ('', #4692, .T.);
#4694 = CARTESIAN_POINT ('', (-121., 58.5, 3.5));
#4695 = CARTESIAN_POINT ('', (-121., 58.5, 5.));
#4696 = CARTESIAN_POINT ('', (-124.5, 58.5, 3.5));
#4697 = CARTESIAN_POINT ('', (-124.5, 58.5, 5.));
#4698 = B_SPLINE_SURFACE_WITH_KNOTS ('', 1, 1, ((#4694, #4695), (#4696, #4697)), .UNSPECIFIED., .F., .F., .U., (2, 2), (2, 2), (565., 566.), (0., 1.), .UNSPECIFIED.);
#4699 = ADVANCED_FACE ('', (#4693), #4698, .T.);
#4700 = CARTESIAN_POINT ('', (-124.5, 59.5, 5.));
#4701 = VERTEX_POINT ('', #4700);
#4702 = CARTESIAN_POINT ('', (-124.5, 58.5, 5.));
#4703 = CARTESIAN_POINT ('', (-125., 58.5, 5.));
#4704 = CARTESIAN_POINT ('', (-125., 59., 5.));
#4705 = CARTESIAN_POINT ('', (-125., 59.5, 5.));
#4706 = CARTESIAN_POINT ('', (-124.5, 59.5, 5.));
#4707 = (
   BOUNDED_CURVE ()
   B_SPLINE_CURVE (2, (#4702, #4703, #4704, #4705, #4706), .UNSPECIFIED., .F., .U.)
   B_SPLINE_CURVE_WITH_KNOTS ((3, 2, 3), (566., 566.5, 567.), .UNSPECIFIED.)
   CURVE ()
   GEOMETRIC_REPRESENTATION_ITEM ()
   RATIONAL_B_SPLINE_CURVE ((1., 0.707106781186548, 1., 0.707106781186548, 1.))
   REPRESENTATION_ITEM ('')
);
#4708 = EDGE_CURVE ('', #4679, #4701, #4707, .T.);
#4709 = ORIENTED_EDGE ('', *, *, #4708, .F.);
#4710 = ORIENTED_EDGE ('', *, *, #4690, .F.);
#4711 = ORIENTED_EDGE ('', *, *, #2404, .T.);
#4712 = CARTESIAN_POINT ('', (-124.5, 59.5, 3.5));
#4713 = CARTESIAN_POINT ('', (-124.5, 59.5, 5.));
#4714 = B_SPLINE_CURVE_WITH_KNOTS ('', 1, (#4712, #4713), .UNSPECIFIED., .F., .U., (2, 2), (0., 1.), .UNSPECIFIED.);
#4715 = EDGE_CURVE ('', #2390, #4701, #4714, .T.);
#4716 = ORIENTED_EDGE ('', *, *, #4715, .T.);
#4717 = EDGE_LOOP ('', (#4709, #4710, #4711, #4716));
#4718 = FACE_OUTER_BOUND ('', #4717, .T.);
#4719 = CARTESIAN_POINT ('', (-124.5, 58.5, 3.5));
#4720 = CARTESIAN_POINT ('', (-124.5, 58.5, 5.));
#4721 = CARTESIAN_POINT ('', (-125., 58.5, 3.5));
#4722 = CARTESIAN_POINT ('', (-125., 58.5, 5.));
#4723 = CARTESIAN_POINT ('', (-125., 59., 3.5));
#4724 = CARTESIAN_POINT ('', (-125., 59., 5.));
#4725 = CARTESIAN_POINT ('', (-125., 59.5, 3.5));
#4726 = CARTESIAN_POINT ('', (-125., 59.5, 5.));
#4727 = CARTESIAN_POINT ('', (-124.5, 59.5, 3.5));
#4728 = CARTESIAN_POINT ('', (-124.5, 59.5, 5.));
#4729 = (
   BOUNDED_SURFACE ()
   B_SPLINE_SURFACE (2, 1, ((#4719, #4720), (#4721, #4722), (#4723, #4724), (#4725, #4726), (#4727, #4728)), .UNSPECIFIED., .F., .F., .U.)
   B_SPLINE_SURFACE_WITH_KNOTS ((3, 2, 3), (2, 2), (566., 566.5, 567.), (0., 1.), .UNSPECIFIED.)
   GEOMETRIC_REPRESENTATION_ITEM ()
   RATIONAL_B_SPLINE_SURFACE (((1., 1.), (0.707106781186548, 0.707106781186548), (1., 1.), (0.707106781186548, 0.707106781186548), (1., 1.)))
   REPRESENTATION_ITEM ('')
   SURFACE ()
);
#4730 = ADVANCED_FACE ('', (#4718), #4729, .T.);
#4731 = CARTESIAN_POINT ('', (-118., 59.5, 5.));
#4732 = VERTEX_POINT ('', #4731);
#4733 = CARTESIAN_POINT ('', (-124.5, 59.5, 5.));
#4734 = CARTESIAN_POINT ('', (-118., 59.5, 5.));
#4735 = B_SPLINE_CURVE_WITH_KNOTS ('', 1, (#4733, #4734), .UNSPECIFIED., .F., .U., (2, 2), (567., 573.5), .UNSPECIFIED.);
#4736 = EDGE_CURVE ('', #4701, #4732, #4735, .T.);
#4737 = ORIENTED_EDGE ('', *, *, #4736, .F.);
#4738 = ORIENTED_EDGE ('', *, *, #4715, .F.);
#4739 = ORIENTED_EDGE ('', *, *, #2394, .T.);
#4740 = CARTESIAN_POINT ('', (-118., 59.5, 3.5));
#4741 = CARTESIAN_POINT ('', (-118., 59.5, 5.));
#4742 = B_SPLINE_CURVE_WITH_KNOTS ('', 1, (#4740, #4741), .UNSPECIFIED., .F., .U., (2, 2), (0., 1.), .UNSPECIFIED.);
#4743 = EDGE_CURVE ('', #2382, #4732, #4742, .T.);
#4744 = ORIENTED_EDGE ('', *, *, #4743, .T.);
#4745 = EDGE_LOOP ('', (#4737, #4738, #4739, #4744));
#4746 = FACE_OUTER_BOUND ('', #4745, .T.);
#4747 = CARTESIAN_POINT ('', (-124.5, 59.5, 3.5));
#4748 = CARTESIAN_POINT ('', (-124.5, 59.5, 5.));
#4749 = CARTESIAN_POINT ('', (-118., 59.5, 3.5));
#4750 = CARTESIAN_POINT ('', (-118., 59.5, 5.));
#4751 = B_SPLINE_SURFACE_WITH_KNOTS ('', 1, 1, ((#4747, #4748), (#4749, #4750)), .UNSPECIFIED., .F., .F., .U., (2, 2), (2, 2), (567., 573.5), (0., 1.), .UNSPECIFIED.);
#4752 = ADVANCED_FACE ('', (#4746), #4751, .T.);
#4753 = CARTESIAN_POINT ('', (-117.5, 59., 5.));
#4754 = VERTEX_POINT ('', #4753);
#4755 = CARTESIAN_POINT ('', (-118., 59.5, 5.));
#4756 = CARTESIAN_POINT ('', (-117.5, 59.5, 5.));
#4757 = CARTESIAN_POINT ('', (-117.5, 59., 5.));
#4758 = (
   BOUNDED_CURVE ()
   B_SPLINE_CURVE (2, (#4755, #4756, #4757), .UNSPECIFIED., .F., .U.)
   B_SPLINE_CURVE_WITH_KNOTS ((3, 3), (573.5, 574.5), .UNSPECIFIED.)
   CURVE ()
   GEOMETRIC_REPRESENTATION_ITEM ()
   RATIONAL_B_SPLINE_CURVE ((1., 0.707106781186548, 1.))
   REPRESENTATION_ITEM ('')
);
#4759 = EDGE_CURVE ('', #4732, #4754, #4758, .T.);
#4760 = ORIENTED_EDGE ('', *, *, #4759, .F.);
#4761 = ORIENTED_EDGE ('', *, *, #4743, .F.);
#4762 = ORIENTED_EDGE ('', *, *, #2387, .T.);
#4763 = CARTESIAN_POINT ('', (-117.5, 59., 3.5));
#4764 = CARTESIAN_POINT ('', (-117.5, 59., 5.));
#4765 = B_SPLINE_CURVE_WITH_KNOTS ('', 1, (#4763, #4764), .UNSPECIFIED., .F., .U., (2, 2), (0., 1.), .UNSPECIFIED.);
#4766 = EDGE_CURVE ('', #2375, #4754, #4765, .T.);
#4767 = ORIENTED_EDGE ('', *, *, #4766, .T.);
#4768 = EDGE_LOOP ('', (#4760, #4761, #4762, #4767));
#4769 = FACE_OUTER_BOUND ('', #4768, .T.);
#4770 = CARTESIAN_POINT ('', (-118., 59.5, 3.5));
#4771 = CARTESIAN_POINT ('', (-118., 59.5, 5.));
#4772 = CARTESIAN_POINT ('', (-117.5, 59.5, 3.5));
#4773 = CARTESIAN_POINT ('', (-117.5, 59.5, 5.));
#4774 = CARTESIAN_POINT ('', (-117.5, 59., 3.5));
#4775 = CARTESIAN_POINT ('', (-117.5, 59., 5.));
#4776 = (
   BOUNDED_SURFACE ()
   B_SPLINE_SURFACE (2, 1, ((#4770, #4771), (#4772, #4773), (#4774, #4775)), .UNSPECIFIED., .F., .F., .U.)
   B_SPLINE_SURFACE_WITH_KNOTS ((3, 3), (2, 2), (573.5, 574.5), (0., 1.), .UNSPECIFIED.)
   GEOMETRIC_REPRESENTATION_ITEM ()
   RATIONAL_B_SPLINE_SURFACE (((1., 1.), (0.707106781186548, 0.707106781186548), (1., 1.)))
   REPRESENTATION_ITEM ('')
   SURFACE ()
);
#4777 = ADVANCED_FACE ('', (#4769), #4776, .T.);
#4778 = CARTESIAN_POINT ('', (-117.5, 41., 5.));
#4779 = VERTEX_POINT ('', #4778);
#4780 = CARTESIAN_POINT ('', (-117.5, 59., 5.));
#4781 = CARTESIAN_POINT ('', (-117.5, 41., 5.));
#4782 = B_SPLINE_CURVE_WITH_KNOTS ('', 1, (#4780, #4781), .UNSPECIFIED., .F., .U., (2, 2), (574.5, 592.5), .UNSPECIFIED.);
#4783 = EDGE_CURVE ('', #4754, #4779, #4782, .T.);
#4784 = ORIENTED_EDGE ('', *, *, #4783, .F.);
#4785 = ORIENTED_EDGE ('', *, *, #4766, .F.);
#4786 = ORIENTED_EDGE ('', *, *, #2379, .T.);
#4787 = CARTESIAN_POINT ('', (-117.5, 41., 3.5));
#4788 = CARTESIAN_POINT ('', (-117.5, 41., 5.));
#4789 = B_SPLINE_CURVE_WITH_KNOTS ('', 1, (#4787, #4788), .UNSPECIFIED., .F., .U., (2, 2), (0., 1.), .UNSPECIFIED.);
#4790 = EDGE_CURVE ('', #2367, #4779, #4789, .T.);
#4791 = ORIENTED_EDGE ('', *, *, #4790, .T.);
#4792 = EDGE_LOOP ('', (#4784, #4785, #4786, #4791));
#4793 = FACE_OUTER_BOUND ('', #4792, .T.);
#4794 = CARTESIAN_POINT ('', (-117.5, 59., 3.5));
#4795 = CARTESIAN_POINT ('', (-117.5, 59., 5.));
#4796 = CARTESIAN_POINT ('', (-117.5, 41., 3.5));
#4797 = CARTESIAN_POINT ('', (-117.5, 41., 5.));
#4798 = B_SPLINE_SURFACE_WITH_KNOTS ('', 1, 1, ((#4794, #4795), (#4796, #4797)), .UNSPECIFIED., .F., .F., .U., (2, 2), (2, 2), (574.5, 592.5), (0., 1.), .UNSPECIFIED.);
#4799 = ADVANCED_FACE ('', (#4793), #4798, .T.);
#4800 = CARTESIAN_POINT ('', (-118., 40.5, 5.));
#4801 = VERTEX_POINT ('', #4800);
#4802 = CARTESIAN_POINT ('', (-117.5, 41., 5.));
#4803 = CARTESIAN_POINT ('', (-117.5, 40.5, 5.));
#4804 = CARTESIAN_POINT ('', (-118., 40.5, 5.));
#4805 = (
   BOUNDED_CURVE ()
   B_SPLINE_CURVE (2, (#4802, #4803, #4804), .UNSPECIFIED., .F., .U.)
   B_SPLINE_CURVE_WITH_KNOTS ((3, 3), (592.5, 593.5), .UNSPECIFIED.)
   CURVE ()
   GEOMETRIC_REPRESENTATION_ITEM ()
   RATIONAL_B_SPLINE_CURVE ((1., 0.707106781186548, 1.))
   REPRESENTATION_ITEM ('')
);
#4806 = EDGE_CURVE ('', #4779, #4801, #4805, .T.);
#4807 = ORIENTED_EDGE ('', *, *, #4806, .F.);
#4808 = ORIENTED_EDGE ('', *, *, #4790, .F.);
#4809 = ORIENTED_EDGE ('', *, *, #2372, .T.);
#4810 = CARTESIAN_POINT ('', (-118., 40.5, 3.5));
#4811 = CARTESIAN_POINT ('', (-118., 40.5, 5.));
#4812 = B_SPLINE_CURVE_WITH_KNOTS ('', 1, (#4810, #4811), .UNSPECIFIED., .F., .U., (2, 2), (0., 1.), .UNSPECIFIED.);
#4813 = EDGE_CURVE ('', #2360, #4801, #4812, .T.);
#4814 = ORIENTED_EDGE ('', *, *, #4813, .T.);
#4815 = EDGE_LOOP ('', (#4807, #4808, #4809, #4814));
#4816 = FACE_OUTER_BOUND ('', #4815, .T.);
#4817 = CARTESIAN_POINT ('', (-117.5, 41., 3.5));
#4818 = CARTESIAN_POINT ('', (-117.5, 41., 5.));
#4819 = CARTESIAN_POINT ('', (-117.5, 40.5, 3.5));
#4820 = CARTESIAN_POINT ('', (-117.5, 40.5, 5.));
#4821 = CARTESIAN_POINT ('', (-118., 40.5, 3.5));
#4822 = CARTESIAN_POINT ('', (-118., 40.5, 5.));
#4823 = (
   BOUNDED_SURFACE ()
   B_SPLINE_SURFACE (2, 1, ((#4817, #4818), (#4819, #4820), (#4821, #4822)), .UNSPECIFIED., .F., .F., .U.)
   B_SPLINE_SURFACE_WITH_KNOTS ((3, 3), (2, 2), (592.5, 593.5), (0., 1.), .UNSPECIFIED.)
   GEOMETRIC_REPRESENTATION_ITEM ()
   RATIONAL_B_SPLINE_SURFACE (((1., 1.), (0.707106781186548, 0.707106781186548), (1., 1.)))
   REPRESENTATION_ITEM ('')
   SURFACE ()
);
#4824 = ADVANCED_FACE ('', (#4816), #4823, .T.);
#4825 = CARTESIAN_POINT ('', (-124.5, 40.5, 5.));
#4826 = VERTEX_POINT ('', #4825);
#4827 = CARTESIAN_POINT ('', (-118., 40.5, 5.));
#4828 = CARTESIAN_POINT ('', (-124.5, 40.5, 5.));
#4829 = B_SPLINE_CURVE_WITH_KNOTS ('', 1, (#4827, #4828), .UNSPECIFIED., .F., .U., (2, 2), (593.5, 600.), .UNSPECIFIED.);
#4830 = EDGE_CURVE ('', #4801, #4826, #4829, .T.);
#4831 = ORIENTED_EDGE ('', *, *, #4830, .F.);
#4832 = ORIENTED_EDGE ('', *, *, #4813, .F.);
#4833 = ORIENTED_EDGE ('', *, *, #2364, .T.);
#4834 = CARTESIAN_POINT ('', (-124.5, 40.5, 3.5));
#4835 = CARTESIAN_POINT ('', (-124.5, 40.5, 5.));
#4836 = B_SPLINE_CURVE_WITH_KNOTS ('', 1, (#4834, #4835), .UNSPECIFIED., .F., .U., (2, 2), (0., 1.), .UNSPECIFIED.);
#4837 = EDGE_CURVE ('', #2350, #4826, #4836, .T.);
#4838 = ORIENTED_EDGE ('', *, *, #4837, .T.);
#4839 = EDGE_LOOP ('', (#4831, #4832, #4833, #4838));
#4840 = FACE_OUTER_BOUND ('', #4839, .T.);
#4841 = CARTESIAN_POINT ('', (-118., 40.5, 3.5));
#4842 = CARTESIAN_POINT ('', (-118., 40.5, 5.));
#4843 = CARTESIAN_POINT ('', (-124.5, 40.5, 3.5));
#4844 = CARTESIAN_POINT ('', (-124.5, 40.5, 5.));
#4845 = B_SPLINE_SURFACE_WITH_KNOTS ('', 1, 1, ((#4841, #4842), (#4843, #4844)), .UNSPECIFIED., .F., .F., .U., (2, 2), (2, 2), (593.5, 600.), (0., 1.), .UNSPECIFIED.);
#4846 = ADVANCED_FACE ('', (#4840), #4845, .T.);
#4847 = CARTESIAN_POINT ('', (-124.5, 41.5, 5.));
#4848 = VERTEX_POINT ('', #4847);
#4849 = CARTESIAN_POINT ('', (-124.5, 40.5, 5.));
#4850 = CARTESIAN_POINT ('', (-125., 40.5, 5.));
#4851 = CARTESIAN_POINT ('', (-125., 41., 5.));
#4852 = CARTESIAN_POINT ('', (-125., 41.5, 5.));
#4853 = CARTESIAN_POINT ('', (-124.5, 41.5, 5.));
#4854 = (
   BOUNDED_CURVE ()
   B_SPLINE_CURVE (2, (#4849, #4850, #4851, #4852, #4853), .UNSPECIFIED., .F., .U.)
   B_SPLINE_CURVE_WITH_KNOTS ((3, 2, 3), (600., 600.5, 601.), .UNSPECIFIED.)
   CURVE ()
   GEOMETRIC_REPRESENTATION_ITEM ()
   RATIONAL_B_SPLINE_CURVE ((1., 0.707106781186548, 1., 0.707106781186548, 1.))
   REPRESENTATION_ITEM ('')
);
#4855 = EDGE_CURVE ('', #4826, #4848, #4854, .T.);
#4856 = ORIENTED_EDGE ('', *, *, #4855, .F.);
#4857 = ORIENTED_EDGE ('', *, *, #4837, .F.);
#4858 = ORIENTED_EDGE ('', *, *, #2357, .T.);
#4859 = CARTESIAN_POINT ('', (-124.5, 41.5, 3.5));
#4860 = CARTESIAN_POINT ('', (-124.5, 41.5, 5.));
#4861 = B_SPLINE_CURVE_WITH_KNOTS ('', 1, (#4859, #4860), .UNSPECIFIED., .F., .U., (2, 2), (0., 1.), .UNSPECIFIED.);
#4862 = EDGE_CURVE ('', #2343, #4848, #4861, .T.);
#4863 = ORIENTED_EDGE ('', *, *, #4862, .T.);
#4864 = EDGE_LOOP ('', (#4856, #4857, #4858, #4863));
#4865 = FACE_OUTER_BOUND ('', #4864, .T.);
#4866 = CARTESIAN_POINT ('', (-124.5, 40.5, 3.5));
#4867 = CARTESIAN_POINT ('', (-124.5, 40.5, 5.));
#4868 = CARTESIAN_POINT ('', (-125., 40.5, 3.5));
#4869 = CARTESIAN_POINT ('', (-125., 40.5, 5.));
#4870 = CARTESIAN_POINT ('', (-125., 41., 3.5));
#4871 = CARTESIAN_POINT ('', (-125., 41., 5.));
#4872 = CARTESIAN_POINT ('', (-125., 41.5, 3.5));
#4873 = CARTESIAN_POINT ('', (-125., 41.5, 5.));
#4874 = CARTESIAN_POINT ('', (-124.5, 41.5, 3.5));
#4875 = CARTESIAN_POINT ('', (-124.5, 41.5, 5.));
#4876 = (
   BOUNDED_SURFACE ()
   B_SPLINE_SURFACE (2, 1, ((#4866, #4867), (#4868, #4869), (#4870, #4871), (#4872, #4873), (#4874, #4875)), .UNSPECIFIED., .F., .F., .U.)
   B_SPLINE_SURFACE_WITH_KNOTS ((3, 2, 3), (2, 2), (600., 600.5, 601.), (0., 1.), .UNSPECIFIED.)
   GEOMETRIC_REPRESENTATION_ITEM ()
   RATIONAL_B_SPLINE_SURFACE (((1., 1.), (0.707106781186548, 0.707106781186548), (1., 1.), (0.707106781186548, 0.707106781186548), (1., 1.)))
   REPRESENTATION_ITEM ('')
   SURFACE ()
);
#4877 = ADVANCED_FACE ('', (#4865), #4876, .T.);
#4878 = CARTESIAN_POINT ('', (-121., 41.5, 5.));
#4879 = VERTEX_POINT ('', #4878);
#4880 = CARTESIAN_POINT ('', (-124.5, 41.5, 5.));
#4881 = CARTESIAN_POINT ('', (-121., 41.5, 5.));
#4882 = B_SPLINE_CURVE_WITH_KNOTS ('', 1, (#4880, #4881), .UNSPECIFIED., .F., .U., (2, 2), (601., 602.), .UNSPECIFIED.);
#4883 = EDGE_CURVE ('', #4848, #4879, #4882, .T.);
#4884 = ORIENTED_EDGE ('', *, *, #4883, .F.);
#4885 = ORIENTED_EDGE ('', *, *, #4862, .F.);
#4886 = ORIENTED_EDGE ('', *, *, #2347, .T.);
#4887 = CARTESIAN_POINT ('', (-121., 41.5, 3.5));
#4888 = CARTESIAN_POINT ('', (-121., 41.5, 5.));
#4889 = B_SPLINE_CURVE_WITH_KNOTS ('', 1, (#4887, #4888), .UNSPECIFIED., .F., .U., (2, 2), (0., 1.), .UNSPECIFIED.);
#4890 = EDGE_CURVE ('', #2333, #4879, #4889, .T.);
#4891 = ORIENTED_EDGE ('', *, *, #4890, .T.);
#4892 = EDGE_LOOP ('', (#4884, #4885, #4886, #4891));
#4893 = FACE_OUTER_BOUND ('', #4892, .T.);
#4894 = CARTESIAN_POINT ('', (-124.5, 41.5, 3.5));
#4895 = CARTESIAN_POINT ('', (-124.5, 41.5, 5.));
#4896 = CARTESIAN_POINT ('', (-121., 41.5, 3.5));
#4897 = CARTESIAN_POINT ('', (-121., 41.5, 5.));
#4898 = B_SPLINE_SURFACE_WITH_KNOTS ('', 1, 1, ((#4894, #4895), (#4896, #4897)), .UNSPECIFIED., .F., .F., .U., (2, 2), (2, 2), (601., 602.), (0., 1.), .UNSPECIFIED.);
#4899 = ADVANCED_FACE ('', (#4893), #4898, .T.);
#4900 = CARTESIAN_POINT ('', (-121., 46.5, 5.));
#4901 = VERTEX_POINT ('', #4900);
#4902 = CARTESIAN_POINT ('', (-121., 41.5, 5.));
#4903 = CARTESIAN_POINT ('', (-118.5, 41.5, 5.));
#4904 = CARTESIAN_POINT ('', (-118.5, 44., 5.));
#4905 = CARTESIAN_POINT ('', (-118.5, 46.5, 5.));
#4906 = CARTESIAN_POINT ('', (-121., 46.5, 5.));
#4907 = (
   BOUNDED_CURVE ()
   B_SPLINE_CURVE (2, (#4902, #4903, #4904, #4905, #4906), .UNSPECIFIED., .F., .U.)
   B_SPLINE_CURVE_WITH_KNOTS ((3, 2, 3), (602., 602.5, 603.), .UNSPECIFIED.)
   CURVE ()
   GEOMETRIC_REPRESENTATION_ITEM ()
   RATIONAL_B_SPLINE_CURVE ((1., 0.707106781186548, 1., 0.707106781186548, 1.))
   REPRESENTATION_ITEM ('')
);
#4908 = EDGE_CURVE ('', #4879, #4901, #4907, .T.);
#4909 = ORIENTED_EDGE ('', *, *, #4908, .F.);
#4910 = ORIENTED_EDGE ('', *, *, #4890, .F.);
#4911 = ORIENTED_EDGE ('', *, *, #2340, .T.);
#4912 = CARTESIAN_POINT ('', (-121., 46.5, 3.5));
#4913 = CARTESIAN_POINT ('', (-121., 46.5, 5.));
#4914 = B_SPLINE_CURVE_WITH_KNOTS ('', 1, (#4912, #4913), .UNSPECIFIED., .F., .U., (2, 2), (0., 1.), .UNSPECIFIED.);
#4915 = EDGE_CURVE ('', #2324, #4901, #4914, .T.);
#4916 = ORIENTED_EDGE ('', *, *, #4915, .T.);
#4917 = EDGE_LOOP ('', (#4909, #4910, #4911, #4916));
#4918 = FACE_OUTER_BOUND ('', #4917, .T.);
#4919 = CARTESIAN_POINT ('', (-121., 41.5, 3.5));
#4920 = CARTESIAN_POINT ('', (-121., 41.5, 5.));
#4921 = CARTESIAN_POINT ('', (-118.5, 41.5, 3.5));
#4922 = CARTESIAN_POINT ('', (-118.5, 41.5, 5.));
#4923 = CARTESIAN_POINT ('', (-118.5, 44., 3.5));
#4924 = CARTESIAN_POINT ('', (-118.5, 44., 5.));
#4925 = CARTESIAN_POINT ('', (-118.5, 46.5, 3.5));
#4926 = CARTESIAN_POINT ('', (-118.5, 46.5, 5.));
#4927 = CARTESIAN_POINT ('', (-121., 46.5, 3.5));
#4928 = CARTESIAN_POINT ('', (-121., 46.5, 5.));
#4929 = (
   BOUNDED_SURFACE ()
   B_SPLINE_SURFACE (2, 1, ((#4919, #4920), (#4921, #4922), (#4923, #4924), (#4925, #4926), (#4927, #4928)), .UNSPECIFIED., .F., .F., .U.)
   B_SPLINE_SURFACE_WITH_KNOTS ((3, 2, 3), (2, 2), (602., 602.5, 603.), (0., 1.), .UNSPECIFIED.)
   GEOMETRIC_REPRESENTATION_ITEM ()
   RATIONAL_B_SPLINE_SURFACE (((1., 1.), (0.707106781186548, 0.707106781186548), (1., 1.), (0.707106781186548, 0.707106781186548), (1., 1.)))
   REPRESENTATION_ITEM ('')
   SURFACE ()
);
#4930 = ADVANCED_FACE ('', (#4918), #4929, .T.);
#4931 = CARTESIAN_POINT ('', (-123., 46.5, 5.));
#4932 = VERTEX_POINT ('', #4931);
#4933 = CARTESIAN_POINT ('', (-121., 46.5, 5.));
#4934 = CARTESIAN_POINT ('', (-123., 46.5, 5.));
#4935 = B_SPLINE_CURVE_WITH_KNOTS ('', 1, (#4933, #4934), .UNSPECIFIED., .F., .U., (2, 2), (603., 604.), .UNSPECIFIED.);
#4936 = EDGE_CURVE ('', #4901, #4932, #4935, .T.);
#4937 = ORIENTED_EDGE ('', *, *, #4936, .F.);
#4938 = ORIENTED_EDGE ('', *, *, #4915, .F.);
#4939 = ORIENTED_EDGE ('', *, *, #2330, .T.);
#4940 = CARTESIAN_POINT ('', (-123., 46.5, 3.5));
#4941 = CARTESIAN_POINT ('', (-123., 46.5, 5.));
#4942 = B_SPLINE_CURVE_WITH_KNOTS ('', 1, (#4940, #4941), .UNSPECIFIED., .F., .U., (2, 2), (0., 1.), .UNSPECIFIED.);
#4943 = EDGE_CURVE ('', #2326, #4932, #4942, .T.);
#4944 = ORIENTED_EDGE ('', *, *, #4943, .T.);
#4945 = EDGE_LOOP ('', (#4937, #4938, #4939, #4944));
#4946 = FACE_OUTER_BOUND ('', #4945, .T.);
#4947 = CARTESIAN_POINT ('', (-121., 46.5, 3.5));
#4948 = CARTESIAN_POINT ('', (-121., 46.5, 5.));
#4949 = CARTESIAN_POINT ('', (-123., 46.5, 3.5));
#4950 = CARTESIAN_POINT ('', (-123., 46.5, 5.));
#4951 = B_SPLINE_SURFACE_WITH_KNOTS ('', 1, 1, ((#4947, #4948), (#4949, #4950)), .UNSPECIFIED., .F., .F., .U., (2, 2), (2, 2), (603., 604.), (0., 1.), .UNSPECIFIED.);
#4952 = ADVANCED_FACE ('', (#4946), #4951, .T.);
#4953 = CARTESIAN_POINT ('', (-123., 46.5, 5.));
#4954 = CARTESIAN_POINT ('', (-123.5, 46.5, 5.));
#4955 = CARTESIAN_POINT ('', (-123.5, 47., 5.));
#4956 = CARTESIAN_POINT ('', (-123.5, 47.5, 5.));
#4957 = CARTESIAN_POINT ('', (-123., 47.5, 5.));
#4958 = (
   BOUNDED_CURVE ()
   B_SPLINE_CURVE (2, (#4953, #4954, #4955, #4956, #4957), .UNSPECIFIED., .F., .U.)
   B_SPLINE_CURVE_WITH_KNOTS ((3, 2, 3), (604., 604.5, 605.), .UNSPECIFIED.)
   CURVE ()
   GEOMETRIC_REPRESENTATION_ITEM ()
   RATIONAL_B_SPLINE_CURVE ((1., 0.707106781186548, 1., 0.707106781186548, 1.))
   REPRESENTATION_ITEM ('')
);
#4959 = EDGE_CURVE ('', #4932, #4558, #4958, .T.);
#4960 = ORIENTED_EDGE ('', *, *, #4959, .F.);
#4961 = ORIENTED_EDGE ('', *, *, #4943, .F.);
#4962 = ORIENTED_EDGE ('', *, *, #2456, .T.);
#4963 = ORIENTED_EDGE ('', *, *, #4572, .T.);
#4964 = EDGE_LOOP ('', (#4960, #4961, #4962, #4963));
#4965 = FACE_OUTER_BOUND ('', #4964, .T.);
#4966 = CARTESIAN_POINT ('', (-123., 46.5, 3.5));
#4967 = CARTESIAN_POINT ('', (-123., 46.5, 5.));
#4968 = CARTESIAN_POINT ('', (-123.5, 46.5, 3.5));
#4969 = CARTESIAN_POINT ('', (-123.5, 46.5, 5.));
#4970 = CARTESIAN_POINT ('', (-123.5, 47., 3.5));
#4971 = CARTESIAN_POINT ('', (-123.5, 47., 5.));
#4972 = CARTESIAN_POINT ('', (-123.5, 47.5, 3.5));
#4973 = CARTESIAN_POINT ('', (-123.5, 47.5, 5.));
#4974 = CARTESIAN_POINT ('', (-123., 47.5, 3.5));
#4975 = CARTESIAN_POINT ('', (-123., 47.5, 5.));
#4976 = (
   BOUNDED_SURFACE ()
   B_SPLINE_SURFACE (2, 1, ((#4966, #4967), (#4968, #4969), (#4970, #4971), (#4972, #4973), (#4974, #4975)), .UNSPECIFIED., .F., .F., .U.)
   B_SPLINE_SURFACE_WITH_KNOTS ((3, 2, 3), (2, 2), (604., 604.5, 605.), (0., 1.), .UNSPECIFIED.)
   GEOMETRIC_REPRESENTATION_ITEM ()
   RATIONAL_B_SPLINE_SURFACE (((1., 1.), (0.707106781186548, 0.707106781186548), (1., 1.), (0.707106781186548, 0.707106781186548), (1., 1.)))
   REPRESENTATION_ITEM ('')
   SURFACE ()
);
#4977 = ADVANCED_FACE ('', (#4965), #4976, .T.);
#4978 = CARTESIAN_POINT ('', (-16., 51., 5.));
#4979 = VERTEX_POINT ('', #4978);
#4980 = CARTESIAN_POINT ('', (-16., 49., 5.));
#4981 = VERTEX_POINT ('', #4980);
#4982 = CARTESIAN_POINT ('', (-16., 51., 5.));
#4983 = CARTESIAN_POINT ('', (-17., 51., 5.));
#4984 = CARTESIAN_POINT ('', (-17., 50., 5.));
#4985 = CARTESIAN_POINT ('', (-17., 49., 5.));
#4986 = CARTESIAN_POINT ('', (-16., 49., 5.));
#4987 = (
   BOUNDED_CURVE ()
   B_SPLINE_CURVE (2, (#4982, #4983, #4984, #4985, #4986), .UNSPECIFIED., .F., .U.)
   B_SPLINE_CURVE_WITH_KNOTS ((3, 2, 3), (302.5, 303., 303.5), .UNSPECIFIED.)
   CURVE ()
   GEOMETRIC_REPRESENTATION_ITEM ()
   RATIONAL_B_SPLINE_CURVE ((1., 0.707106781186548, 1., 0.707106781186548, 1.))
   REPRESENTATION_ITEM ('')
);
#4988 = EDGE_CURVE ('', #4979, #4981, #4987, .T.);
#4989 = ORIENTED_EDGE ('', *, *, #4988, .T.);
#4990 = CARTESIAN_POINT ('', (-16., 49., 3.5));
#4991 = CARTESIAN_POINT ('', (-16., 49., 5.));
#4992 = B_SPLINE_CURVE_WITH_KNOTS ('', 1, (#4990, #4991), .UNSPECIFIED., .F., .U., (2, 2), (0., 1.), .UNSPECIFIED.);
#4993 = EDGE_CURVE ('', #2306, #4981, #4992, .T.);
#4994 = ORIENTED_EDGE ('', *, *, #4993, .F.);
#4995 = ORIENTED_EDGE ('', *, *, #2313, .F.);
#4996 = CARTESIAN_POINT ('', (-16., 51., 3.5));
#4997 = CARTESIAN_POINT ('', (-16., 51., 5.));
#4998 = B_SPLINE_CURVE_WITH_KNOTS ('', 1, (#4996, #4997), .UNSPECIFIED., .F., .U., (2, 2), (0., 1.), .UNSPECIFIED.);
#4999 = EDGE_CURVE ('', #2298, #4979, #4998, .T.);
#5000 = ORIENTED_EDGE ('', *, *, #4999, .T.);
#5001 = EDGE_LOOP ('', (#4989, #4994, #4995, #5000));
#5002 = FACE_OUTER_BOUND ('', #5001, .T.);
#5003 = CARTESIAN_POINT ('', (-16., 51., 3.5));
#5004 = CARTESIAN_POINT ('', (-17., 51., 3.5));
#5005 = CARTESIAN_POINT ('', (-17., 50., 3.5));
#5006 = CARTESIAN_POINT ('', (-17., 49., 3.5));
#5007 = CARTESIAN_POINT ('', (-16., 49., 3.5));
#5008 = CARTESIAN_POINT ('', (-16., 51., 5.));
#5009 = CARTESIAN_POINT ('', (-17., 51., 5.));
#5010 = CARTESIAN_POINT ('', (-17., 50., 5.));
#5011 = CARTESIAN_POINT ('', (-17., 49., 5.));
#5012 = CARTESIAN_POINT ('', (-16., 49., 5.));
#5013 = (
   BOUNDED_SURFACE ()
   B_SPLINE_SURFACE (1, 2, ((#5003, #5004, #5005, #5006, #5007), (#5008, #5009, #5010, #5011, #5012)), .UNSPECIFIED., .F., .F., .U.)
   B_SPLINE_SURFACE_WITH_KNOTS ((2, 2), (3, 2, 3), (0., 1.), (302.5, 303., 303.5), .UNSPECIFIED.)
   GEOMETRIC_REPRESENTATION_ITEM ()
   RATIONAL_B_SPLINE_SURFACE (((1., 0.707106781186548, 1., 0.707106781186548, 1.), (1., 0.707106781186548, 1., 0.707106781186548, 1.)))
   REPRESENTATION_ITEM ('')
   SURFACE ()
);
#5014 = ADVANCED_FACE ('', (#5002), #5013, .T.);
#5015 = CARTESIAN_POINT ('', (-15., 50., 5.));
#5016 = VERTEX_POINT ('', #5015);
#5017 = CARTESIAN_POINT ('', (-15., 50., 5.));
#5018 = CARTESIAN_POINT ('', (-15., 51., 5.));
#5019 = CARTESIAN_POINT ('', (-16., 51., 5.));
#5020 = (
   BOUNDED_CURVE ()
   B_SPLINE_CURVE (2, (#5017, #5018, #5019), .UNSPECIFIED., .F., .U.)
   B_SPLINE_CURVE_WITH_KNOTS ((3, 3), (301.5, 302.5), .UNSPECIFIED.)
   CURVE ()
   GEOMETRIC_REPRESENTATION_ITEM ()
   RATIONAL_B_SPLINE_CURVE ((1., 0.707106781186548, 1.))
   REPRESENTATION_ITEM ('')
);
#5021 = EDGE_CURVE ('', #5016, #4979, #5020, .T.);
#5022 = ORIENTED_EDGE ('', *, *, #5021, .T.);
#5023 = ORIENTED_EDGE ('', *, *, #4999, .F.);
#5024 = ORIENTED_EDGE ('', *, *, #2303, .F.);
#5025 = CARTESIAN_POINT ('', (-15., 50., 3.5));
#5026 = CARTESIAN_POINT ('', (-15., 50., 5.));
#5027 = B_SPLINE_CURVE_WITH_KNOTS ('', 1, (#5025, #5026), .UNSPECIFIED., .F., .U., (2, 2), (0., 1.), .UNSPECIFIED.);
#5028 = EDGE_CURVE ('', #2296, #5016, #5027, .T.);
#5029 = ORIENTED_EDGE ('', *, *, #5028, .T.);
#5030 = EDGE_LOOP ('', (#5022, #5023, #5024, #5029));
#5031 = FACE_OUTER_BOUND ('', #5030, .T.);
#5032 = CARTESIAN_POINT ('', (-15., 50., 3.5));
#5033 = CARTESIAN_POINT ('', (-15., 51., 3.5));
#5034 = CARTESIAN_POINT ('', (-16., 51., 3.5));
#5035 = CARTESIAN_POINT ('', (-15., 50., 5.));
#5036 = CARTESIAN_POINT ('', (-15., 51., 5.));
#5037 = CARTESIAN_POINT ('', (-16., 51., 5.));
#5038 = (
   BOUNDED_SURFACE ()
   B_SPLINE_SURFACE (1, 2, ((#5032, #5033, #5034), (#5035, #5036, #5037)), .UNSPECIFIED., .F., .F., .U.)
   B_SPLINE_SURFACE_WITH_KNOTS ((2, 2), (3, 3), (0., 1.), (301.5, 302.5), .UNSPECIFIED.)
   GEOMETRIC_REPRESENTATION_ITEM ()
   RATIONAL_B_SPLINE_SURFACE (((1., 0.707106781186548, 1.), (1., 0.707106781186548, 1.)))
   REPRESENTATION_ITEM ('')
   SURFACE ()
);
#5039 = ADVANCED_FACE ('', (#5031), #5038, .T.);
#5040 = CARTESIAN_POINT ('', (-16., 49., 5.));
#5041 = CARTESIAN_POINT ('', (-15., 49., 5.));
#5042 = CARTESIAN_POINT ('', (-15., 50., 5.));
#5043 = (
   BOUNDED_CURVE ()
   B_SPLINE_CURVE (2, (#5040, #5041, #5042), .UNSPECIFIED., .F., .U.)
   B_SPLINE_CURVE_WITH_KNOTS ((3, 3), (300.5, 301.5), .UNSPECIFIED.)
   CURVE ()
   GEOMETRIC_REPRESENTATION_ITEM ()
   RATIONAL_B_SPLINE_CURVE ((1., 0.707106781186548, 1.))
   REPRESENTATION_ITEM ('')
);
#5044 = EDGE_CURVE ('', #4981, #5016, #5043, .T.);
#5045 = ORIENTED_EDGE ('', *, *, #5044, .T.);
#5046 = ORIENTED_EDGE ('', *, *, #5028, .F.);
#5047 = ORIENTED_EDGE ('', *, *, #2319, .F.);
#5048 = ORIENTED_EDGE ('', *, *, #4993, .T.);
#5049 = EDGE_LOOP ('', (#5045, #5046, #5047, #5048));
#5050 = FACE_OUTER_BOUND ('', #5049, .T.);
#5051 = CARTESIAN_POINT ('', (-16., 49., 3.5));
#5052 = CARTESIAN_POINT ('', (-15., 49., 3.5));
#5053 = CARTESIAN_POINT ('', (-15., 50., 3.5));
#5054 = CARTESIAN_POINT ('', (-16., 49., 5.));
#5055 = CARTESIAN_POINT ('', (-15., 49., 5.));
#5056 = CARTESIAN_POINT ('', (-15., 50., 5.));
#5057 = (
   BOUNDED_SURFACE ()
   B_SPLINE_SURFACE (1, 2, ((#5051, #5052, #5053), (#5054, #5055, #5056)), .UNSPECIFIED., .F., .F., .U.)
   B_SPLINE_SURFACE_WITH_KNOTS ((2, 2), (3, 3), (0., 1.), (300.5, 301.5), .UNSPECIFIED.)
   GEOMETRIC_REPRESENTATION_ITEM ()
   RATIONAL_B_SPLINE_SURFACE (((1., 0.707106781186548, 1.), (1., 0.707106781186548, 1.)))
   REPRESENTATION_ITEM ('')
   SURFACE ()
);
#5058 = ADVANCED_FACE ('', (#5050), #5057, .T.);
#5059 = CARTESIAN_POINT ('', (-17., 47.5, 5.));
#5060 = VERTEX_POINT ('', #5059);
#5061 = CARTESIAN_POINT ('', (-17., 52.5, 5.));
#5062 = VERTEX_POINT ('', #5061);
#5063 = CARTESIAN_POINT ('', (-17., 47.5, 5.));
#5064 = CARTESIAN_POINT ('', (-19., 47.5, 5.));
#5065 = CARTESIAN_POINT ('', (-19., 50., 5.));
#5066 = CARTESIAN_POINT ('', (-19., 52.5, 5.));
#5067 = CARTESIAN_POINT ('', (-17., 52.5, 5.));
#5068 = (
   BOUNDED_CURVE ()
   B_SPLINE_CURVE (2, (#5063, #5064, #5065, #5066, #5067), .UNSPECIFIED., .F., .U.)
   B_SPLINE_CURVE_WITH_KNOTS ((3, 2, 3), (388.5, 389., 389.5), .UNSPECIFIED.)
   CURVE ()
   GEOMETRIC_REPRESENTATION_ITEM ()
   RATIONAL_B_SPLINE_CURVE ((1., 0.707106781186548, 1., 0.707106781186548, 1.))
   REPRESENTATION_ITEM ('')
);
#5069 = EDGE_CURVE ('', #5060, #5062, #5068, .T.);
#5070 = ORIENTED_EDGE ('', *, *, #5069, .T.);
#5071 = CARTESIAN_POINT ('', (-17., 52.5, 3.5));
#5072 = CARTESIAN_POINT ('', (-17., 52.5, 5.));
#5073 = B_SPLINE_CURVE_WITH_KNOTS ('', 1, (#5071, #5072), .UNSPECIFIED., .F., .U., (2, 2), (0., 1.), .UNSPECIFIED.);
#5074 = EDGE_CURVE ('', #2276, #5062, #5073, .T.);
#5075 = ORIENTED_EDGE ('', *, *, #5074, .F.);
#5076 = ORIENTED_EDGE ('', *, *, #2283, .F.);
#5077 = CARTESIAN_POINT ('', (-17., 47.5, 3.5));
#5078 = CARTESIAN_POINT ('', (-17., 47.5, 5.));
#5079 = B_SPLINE_CURVE_WITH_KNOTS ('', 1, (#5077, #5078), .UNSPECIFIED., .F., .U., (2, 2), (0., 1.), .UNSPECIFIED.);
#5080 = EDGE_CURVE ('', #2266, #5060, #5079, .T.);
#5081 = ORIENTED_EDGE ('', *, *, #5080, .T.);
#5082 = EDGE_LOOP ('', (#5070, #5075, #5076, #5081));
#5083 = FACE_OUTER_BOUND ('', #5082, .T.);
#5084 = CARTESIAN_POINT ('', (-17., 47.5, 3.5));
#5085 = CARTESIAN_POINT ('', (-19., 47.5, 3.5));
#5086 = CARTESIAN_POINT ('', (-19., 50., 3.5));
#5087 = CARTESIAN_POINT ('', (-19., 52.5, 3.5));
#5088 = CARTESIAN_POINT ('', (-17., 52.5, 3.5));
#5089 = CARTESIAN_POINT ('', (-17., 47.5, 5.));
#5090 = CARTESIAN_POINT ('', (-19., 47.5, 5.));
#5091 = CARTESIAN_POINT ('', (-19., 50., 5.));
#5092 = CARTESIAN_POINT ('', (-19., 52.5, 5.));
#5093 = CARTESIAN_POINT ('', (-17., 52.5, 5.));
#5094 = (
   BOUNDED_SURFACE ()
   B_SPLINE_SURFACE (1, 2, ((#5084, #5085, #5086, #5087, #5088), (#5089, #5090, #5091, #5092, #5093)), .UNSPECIFIED., .F., .F., .U.)
   B_SPLINE_SURFACE_WITH_KNOTS ((2, 2), (3, 2, 3), (0., 1.), (388.5, 389., 389.5), .UNSPECIFIED.)
   GEOMETRIC_REPRESENTATION_ITEM ()
   RATIONAL_B_SPLINE_SURFACE (((1., 0.707106781186548, 1., 0.707106781186548, 1.), (1., 0.707106781186548, 1., 0.707106781186548, 1.)))
   REPRESENTATION_ITEM ('')
   SURFACE ()
);
#5095 = ADVANCED_FACE ('', (#5083), #5094, .T.);
#5096 = CARTESIAN_POINT ('', (-17., 46.5, 5.));
#5097 = VERTEX_POINT ('', #5096);
#5098 = CARTESIAN_POINT ('', (-17., 46.5, 5.));
#5099 = CARTESIAN_POINT ('', (-16.5, 46.5, 5.));
#5100 = CARTESIAN_POINT ('', (-16.5, 47., 5.));
#5101 = CARTESIAN_POINT ('', (-16.5, 47.5, 5.));
#5102 = CARTESIAN_POINT ('', (-17., 47.5, 5.));
#5103 = (
   BOUNDED_CURVE ()
   B_SPLINE_CURVE (2, (#5098, #5099, #5100, #5101, #5102), .UNSPECIFIED., .F., .U.)
   B_SPLINE_CURVE_WITH_KNOTS ((3, 2, 3), (387.5, 388., 388.5), .UNSPECIFIED.)
   CURVE ()
   GEOMETRIC_REPRESENTATION_ITEM ()
   RATIONAL_B_SPLINE_CURVE ((1., 0.707106781186548, 1., 0.707106781186548, 1.))
   REPRESENTATION_ITEM ('')
);
#5104 = EDGE_CURVE ('', #5097, #5060, #5103, .T.);
#5105 = ORIENTED_EDGE ('', *, *, #5104, .T.);
#5106 = ORIENTED_EDGE ('', *, *, #5080, .F.);
#5107 = ORIENTED_EDGE ('', *, *, #2273, .F.);
#5108 = CARTESIAN_POINT ('', (-17., 46.5, 3.5));
#5109 = CARTESIAN_POINT ('', (-17., 46.5, 5.));
#5110 = B_SPLINE_CURVE_WITH_KNOTS ('', 1, (#5108, #5109), .UNSPECIFIED., .F., .U., (2, 2), (0., 1.), .UNSPECIFIED.);
#5111 = EDGE_CURVE ('', #2259, #5097, #5110, .T.);
#5112 = ORIENTED_EDGE ('', *, *, #5111, .T.);
#5113 = EDGE_LOOP ('', (#5105, #5106, #5107, #5112));
#5114 = FACE_OUTER_BOUND ('', #5113, .T.);
#5115 = CARTESIAN_POINT ('', (-17., 46.5, 3.5));
#5116 = CARTESIAN_POINT ('', (-16.5, 46.5, 3.5));
#5117 = CARTESIAN_POINT ('', (-16.5, 47., 3.5));
#5118 = CARTESIAN_POINT ('', (-16.5, 47.5, 3.5));
#5119 = CARTESIAN_POINT ('', (-17., 47.5, 3.5));
#5120 = CARTESIAN_POINT ('', (-17., 46.5, 5.));
#5121 = CARTESIAN_POINT ('', (-16.5, 46.5, 5.));
#5122 = CARTESIAN_POINT ('', (-16.5, 47., 5.));
#5123 = CARTESIAN_POINT ('', (-16.5, 47.5, 5.));
#5124 = CARTESIAN_POINT ('', (-17., 47.5, 5.));
#5125 = (
   BOUNDED_SURFACE ()
   B_SPLINE_SURFACE (1, 2, ((#5115, #5116, #5117, #5118, #5119), (#5120, #5121, #5122, #5123, #5124)), .UNSPECIFIED., .F., .F., .U.)
   B_SPLINE_SURFACE_WITH_KNOTS ((2, 2), (3, 2, 3), (0., 1.), (387.5, 388., 388.5), .UNSPECIFIED.)
   GEOMETRIC_REPRESENTATION_ITEM ()
   RATIONAL_B_SPLINE_SURFACE (((1., 0.707106781186548, 1., 0.707106781186548, 1.), (1., 0.707106781186548, 1., 0.707106781186548, 1.)))
   REPRESENTATION_ITEM ('')
   SURFACE ()
);
#5126 = ADVANCED_FACE ('', (#5114), #5125, .T.);
#5127 = CARTESIAN_POINT ('', (-19., 46.5, 5.));
#5128 = VERTEX_POINT ('', #5127);
#5129 = CARTESIAN_POINT ('', (-19., 46.5, 5.));
#5130 = CARTESIAN_POINT ('', (-17., 46.5, 5.));
#5131 = B_SPLINE_CURVE_WITH_KNOTS ('', 1, (#5129, #5130), .UNSPECIFIED., .F., .U., (2, 2), (386.5, 387.5), .UNSPECIFIED.);
#5132 = EDGE_CURVE ('', #5128, #5097, #5131, .T.);
#5133 = ORIENTED_EDGE ('', *, *, #5132, .T.);
#5134 = ORIENTED_EDGE ('', *, *, #5111, .F.);
#5135 = ORIENTED_EDGE ('', *, *, #2263, .F.);
#5136 = CARTESIAN_POINT ('', (-19., 46.5, 3.5));
#5137 = CARTESIAN_POINT ('', (-19., 46.5, 5.));
#5138 = B_SPLINE_CURVE_WITH_KNOTS ('', 1, (#5136, #5137), .UNSPECIFIED., .F., .U., (2, 2), (0., 1.), .UNSPECIFIED.);
#5139 = EDGE_CURVE ('', #2249, #5128, #5138, .T.);
#5140 = ORIENTED_EDGE ('', *, *, #5139, .T.);
#5141 = EDGE_LOOP ('', (#5133, #5134, #5135, #5140));
#5142 = FACE_OUTER_BOUND ('', #5141, .T.);
#5143 = CARTESIAN_POINT ('', (-19., 46.5, 3.5));
#5144 = CARTESIAN_POINT ('', (-17., 46.5, 3.5));
#5145 = CARTESIAN_POINT ('', (-19., 46.5, 5.));
#5146 = CARTESIAN_POINT ('', (-17., 46.5, 5.));
#5147 = B_SPLINE_SURFACE_WITH_KNOTS ('', 1, 1, ((#5143, #5144), (#5145, #5146)), .UNSPECIFIED., .F., .F., .U., (2, 2), (2, 2), (0., 1.), (386.5, 387.5), .UNSPECIFIED.);
#5148 = ADVANCED_FACE ('', (#5142), #5147, .T.);
#5149 = CARTESIAN_POINT ('', (-19., 41.5, 5.));
#5150 = VERTEX_POINT ('', #5149);
#5151 = CARTESIAN_POINT ('', (-19., 41.5, 5.));
#5152 = CARTESIAN_POINT ('', (-21.5, 41.5, 5.));
#5153 = CARTESIAN_POINT ('', (-21.5, 44., 5.));
#5154 = CARTESIAN_POINT ('', (-21.5, 46.5, 5.));
#5155 = CARTESIAN_POINT ('', (-19., 46.5, 5.));
#5156 = (
   BOUNDED_CURVE ()
   B_SPLINE_CURVE (2, (#5151, #5152, #5153, #5154, #5155), .UNSPECIFIED., .F., .U.)
   B_SPLINE_CURVE_WITH_KNOTS ((3, 2, 3), (385.5, 386., 386.5), .UNSPECIFIED.)
   CURVE ()
   GEOMETRIC_REPRESENTATION_ITEM ()
   RATIONAL_B_SPLINE_CURVE ((1., 0.707106781186548, 1., 0.707106781186548, 1.))
   REPRESENTATION_ITEM ('')
);
#5157 = EDGE_CURVE ('', #5150, #5128, #5156, .T.);
#5158 = ORIENTED_EDGE ('', *, *, #5157, .T.);
#5159 = ORIENTED_EDGE ('', *, *, #5139, .F.);
#5160 = ORIENTED_EDGE ('', *, *, #2256, .F.);
#5161 = CARTESIAN_POINT ('', (-19., 41.5, 3.5));
#5162 = CARTESIAN_POINT ('', (-19., 41.5, 5.));
#5163 = B_SPLINE_CURVE_WITH_KNOTS ('', 1, (#5161, #5162), .UNSPECIFIED., .F., .U., (2, 2), (0., 1.), .UNSPECIFIED.);
#5164 = EDGE_CURVE ('', #2242, #5150, #5163, .T.);
#5165 = ORIENTED_EDGE ('', *, *, #5164, .T.);
#5166 = EDGE_LOOP ('', (#5158, #5159, #5160, #5165));
#5167 = FACE_OUTER_BOUND ('', #5166, .T.);
#5168 = CARTESIAN_POINT ('', (-19., 41.5, 3.5));
#5169 = CARTESIAN_POINT ('', (-21.5, 41.5, 3.5));
#5170 = CARTESIAN_POINT ('', (-21.5, 44., 3.5));
#5171 = CARTESIAN_POINT ('', (-21.5, 46.5, 3.5));
#5172 = CARTESIAN_POINT ('', (-19., 46.5, 3.5));
#5173 = CARTESIAN_POINT ('', (-19., 41.5, 5.));
#5174 = CARTESIAN_POINT ('', (-21.5, 41.5, 5.));
#5175 = CARTESIAN_POINT ('', (-21.5, 44., 5.));
#5176 = CARTESIAN_POINT ('', (-21.5, 46.5, 5.));
#5177 = CARTESIAN_POINT ('', (-19., 46.5, 5.));
#5178 = (
   BOUNDED_SURFACE ()
   B_SPLINE_SURFACE (1, 2, ((#5168, #5169, #5170, #5171, #5172), (#5173, #5174, #5175, #5176, #5177)), .UNSPECIFIED., .F., .F., .U.)
   B_SPLINE_SURFACE_WITH_KNOTS ((2, 2), (3, 2, 3), (0., 1.), (385.5, 386., 386.5), .UNSPECIFIED.)
   GEOMETRIC_REPRESENTATION_ITEM ()
   RATIONAL_B_SPLINE_SURFACE (((1., 0.707106781186548, 1., 0.707106781186548, 1.), (1., 0.707106781186548, 1., 0.707106781186548, 1.)))
   REPRESENTATION_ITEM ('')
   SURFACE ()
);
#5179 = ADVANCED_FACE ('', (#5167), #5178, .T.);
#5180 = CARTESIAN_POINT ('', (-15.5, 41.5, 5.));
#5181 = VERTEX_POINT ('', #5180);
#5182 = CARTESIAN_POINT ('', (-15.5, 41.5, 5.));
#5183 = CARTESIAN_POINT ('', (-19., 41.5, 5.));
#5184 = B_SPLINE_CURVE_WITH_KNOTS ('', 1, (#5182, #5183), .UNSPECIFIED., .F., .U., (2, 2), (384.5, 385.5), .UNSPECIFIED.);
#5185 = EDGE_CURVE ('', #5181, #5150, #5184, .T.);
#5186 = ORIENTED_EDGE ('', *, *, #5185, .T.);
#5187 = ORIENTED_EDGE ('', *, *, #5164, .F.);
#5188 = ORIENTED_EDGE ('', *, *, #2246, .F.);
#5189 = CARTESIAN_POINT ('', (-15.5, 41.5, 3.5));
#5190 = CARTESIAN_POINT ('', (-15.5, 41.5, 5.));
#5191 = B_SPLINE_CURVE_WITH_KNOTS ('', 1, (#5189, #5190), .UNSPECIFIED., .F., .U., (2, 2), (0., 1.), .UNSPECIFIED.);
#5192 = EDGE_CURVE ('', #2232, #5181, #5191, .T.);
#5193 = ORIENTED_EDGE ('', *, *, #5192, .T.);
#5194 = EDGE_LOOP ('', (#5186, #5187, #5188, #5193));
#5195 = FACE_OUTER_BOUND ('', #5194, .T.);
#5196 = CARTESIAN_POINT ('', (-15.5, 41.5, 3.5));
#5197 = CARTESIAN_POINT ('', (-19., 41.5, 3.5));
#5198 = CARTESIAN_POINT ('', (-15.5, 41.5, 5.));
#5199 = CARTESIAN_POINT ('', (-19., 41.5, 5.));
#5200 = B_SPLINE_SURFACE_WITH_KNOTS ('', 1, 1, ((#5196, #5197), (#5198, #5199)), .UNSPECIFIED., .F., .F., .U., (2, 2), (2, 2), (0., 1.), (384.5, 385.5), .UNSPECIFIED.);
#5201 = ADVANCED_FACE ('', (#5195), #5200, .T.);
#5202 = CARTESIAN_POINT ('', (-15.5, 40.5, 5.));
#5203 = VERTEX_POINT ('', #5202);
#5204 = CARTESIAN_POINT ('', (-15.5, 40.5, 5.));
#5205 = CARTESIAN_POINT ('', (-15., 40.5, 5.));
#5206 = CARTESIAN_POINT ('', (-15., 41., 5.));
#5207 = CARTESIAN_POINT ('', (-15., 41.5, 5.));
#5208 = CARTESIAN_POINT ('', (-15.5, 41.5, 5.));
#5209 = (
   BOUNDED_CURVE ()
   B_SPLINE_CURVE (2, (#5204, #5205, #5206, #5207, #5208), .UNSPECIFIED., .F., .U.)
   B_SPLINE_CURVE_WITH_KNOTS ((3, 2, 3), (383.5, 384., 384.5), .UNSPECIFIED.)
   CURVE ()
   GEOMETRIC_REPRESENTATION_ITEM ()
   RATIONAL_B_SPLINE_CURVE ((1., 0.707106781186548, 1., 0.707106781186548, 1.))
   REPRESENTATION_ITEM ('')
);
#5210 = EDGE_CURVE ('', #5203, #5181, #5209, .T.);
#5211 = ORIENTED_EDGE ('', *, *, #5210, .T.);
#5212 = ORIENTED_EDGE ('', *, *, #5192, .F.);
#5213 = ORIENTED_EDGE ('', *, *, #2239, .F.);
#5214 = CARTESIAN_POINT ('', (-15.5, 40.5, 3.5));
#5215 = CARTESIAN_POINT ('', (-15.5, 40.5, 5.));
#5216 = B_SPLINE_CURVE_WITH_KNOTS ('', 1, (#5214, #5215), .UNSPECIFIED., .F., .U., (2, 2), (0., 1.), .UNSPECIFIED.);
#5217 = EDGE_CURVE ('', #2225, #5203, #5216, .T.);
#5218 = ORIENTED_EDGE ('', *, *, #5217, .T.);
#5219 = EDGE_LOOP ('', (#5211, #5212, #5213, #5218));
#5220 = FACE_OUTER_BOUND ('', #5219, .T.);
#5221 = CARTESIAN_POINT ('', (-15.5, 40.5, 3.5));
#5222 = CARTESIAN_POINT ('', (-15., 40.5, 3.5));
#5223 = CARTESIAN_POINT ('', (-15., 41., 3.5));
#5224 = CARTESIAN_POINT ('', (-15., 41.5, 3.5));
#5225 = CARTESIAN_POINT ('', (-15.5, 41.5, 3.5));
#5226 = CARTESIAN_POINT ('', (-15.5, 40.5, 5.));
#5227 = CARTESIAN_POINT ('', (-15., 40.5, 5.));
#5228 = CARTESIAN_POINT ('', (-15., 41., 5.));
#5229 = CARTESIAN_POINT ('', (-15., 41.5, 5.));
#5230 = CARTESIAN_POINT ('', (-15.5, 41.5, 5.));
#5231 = (
   BOUNDED_SURFACE ()
   B_SPLINE_SURFACE (1, 2, ((#5221, #5222, #5223, #5224, #5225), (#5226, #5227, #5228, #5229, #5230)), .UNSPECIFIED., .F., .F., .U.)
   B_SPLINE_SURFACE_WITH_KNOTS ((2, 2), (3, 2, 3), (0., 1.), (383.5, 384., 384.5), .UNSPECIFIED.)
   GEOMETRIC_REPRESENTATION_ITEM ()
   RATIONAL_B_SPLINE_SURFACE (((1., 0.707106781186548, 1., 0.707106781186548, 1.), (1., 0.707106781186548, 1., 0.707106781186548, 1.)))
   REPRESENTATION_ITEM ('')
   SURFACE ()
);
#5232 = ADVANCED_FACE ('', (#5220), #5231, .T.);
#5233 = CARTESIAN_POINT ('', (-22., 40.5, 5.));
#5234 = VERTEX_POINT ('', #5233);
#5235 = CARTESIAN_POINT ('', (-22., 40.5, 5.));
#5236 = CARTESIAN_POINT ('', (-15.5, 40.5, 5.));
#5237 = B_SPLINE_CURVE_WITH_KNOTS ('', 1, (#5235, #5236), .UNSPECIFIED., .F., .U., (2, 2), (377., 383.5), .UNSPECIFIED.);
#5238 = EDGE_CURVE ('', #5234, #5203, #5237, .T.);
#5239 = ORIENTED_EDGE ('', *, *, #5238, .T.);
#5240 = ORIENTED_EDGE ('', *, *, #5217, .F.);
#5241 = ORIENTED_EDGE ('', *, *, #2229, .F.);
#5242 = CARTESIAN_POINT ('', (-22., 40.5, 3.5));
#5243 = CARTESIAN_POINT ('', (-22., 40.5, 5.));
#5244 = B_SPLINE_CURVE_WITH_KNOTS ('', 1, (#5242, #5243), .UNSPECIFIED., .F., .U., (2, 2), (0., 1.), .UNSPECIFIED.);
#5245 = EDGE_CURVE ('', #2217, #5234, #5244, .T.);
#5246 = ORIENTED_EDGE ('', *, *, #5245, .T.);
#5247 = EDGE_LOOP ('', (#5239, #5240, #5241, #5246));
#5248 = FACE_OUTER_BOUND ('', #5247, .T.);
#5249 = CARTESIAN_POINT ('', (-22., 40.5, 3.5));
#5250 = CARTESIAN_POINT ('', (-15.5, 40.5, 3.5));
#5251 = CARTESIAN_POINT ('', (-22., 40.5, 5.));
#5252 = CARTESIAN_POINT ('', (-15.5, 40.5, 5.));
#5253 = B_SPLINE_SURFACE_WITH_KNOTS ('', 1, 1, ((#5249, #5250), (#5251, #5252)), .UNSPECIFIED., .F., .F., .U., (2, 2), (2, 2), (0., 1.), (377., 383.5), .UNSPECIFIED.);
#5254 = ADVANCED_FACE ('', (#5248), #5253, .T.);
#5255 = CARTESIAN_POINT ('', (-22.5, 41., 5.));
#5256 = VERTEX_POINT ('', #5255);
#5257 = CARTESIAN_POINT ('', (-22.5, 41., 5.));
#5258 = CARTESIAN_POINT ('', (-22.5, 40.5, 5.));
#5259 = CARTESIAN_POINT ('', (-22., 40.5, 5.));
#5260 = (
   BOUNDED_CURVE ()
   B_SPLINE_CURVE (2, (#5257, #5258, #5259), .UNSPECIFIED., .F., .U.)
   B_SPLINE_CURVE_WITH_KNOTS ((3, 3), (376., 377.), .UNSPECIFIED.)
   CURVE ()
   GEOMETRIC_REPRESENTATION_ITEM ()
   RATIONAL_B_SPLINE_CURVE ((1., 0.707106781186548, 1.))
   REPRESENTATION_ITEM ('')
);
#5261 = EDGE_CURVE ('', #5256, #5234, #5260, .T.);
#5262 = ORIENTED_EDGE ('', *, *, #5261, .T.);
#5263 = ORIENTED_EDGE ('', *, *, #5245, .F.);
#5264 = ORIENTED_EDGE ('', *, *, #2222, .F.);
#5265 = CARTESIAN_POINT ('', (-22.5, 41., 3.5));
#5266 = CARTESIAN_POINT ('', (-22.5, 41., 5.));
#5267 = B_SPLINE_CURVE_WITH_KNOTS ('', 1, (#5265, #5266), .UNSPECIFIED., .F., .U., (2, 2), (0., 1.), .UNSPECIFIED.);
#5268 = EDGE_CURVE ('', #2210, #5256, #5267, .T.);
#5269 = ORIENTED_EDGE ('', *, *, #5268, .T.);
#5270 = EDGE_LOOP ('', (#5262, #5263, #5264, #5269));
#5271 = FACE_OUTER_BOUND ('', #5270, .T.);
#5272 = CARTESIAN_POINT ('', (-22.5, 41., 3.5));
#5273 = CARTESIAN_POINT ('', (-22.5, 40.5, 3.5));
#5274 = CARTESIAN_POINT ('', (-22., 40.5, 3.5));
#5275 = CARTESIAN_POINT ('', (-22.5, 41., 5.));
#5276 = CARTESIAN_POINT ('', (-22.5, 40.5, 5.));
#5277 = CARTESIAN_POINT ('', (-22., 40.5, 5.));
#5278 = (
   BOUNDED_SURFACE ()
   B_SPLINE_SURFACE (1, 2, ((#5272, #5273, #5274), (#5275, #5276, #5277)), .UNSPECIFIED., .F., .F., .U.)
   B_SPLINE_SURFACE_WITH_KNOTS ((2, 2), (3, 3), (0., 1.), (376., 377.), .UNSPECIFIED.)
   GEOMETRIC_REPRESENTATION_ITEM ()
   RATIONAL_B_SPLINE_SURFACE (((1., 0.707106781186548, 1.), (1., 0.707106781186548, 1.)))
   REPRESENTATION_ITEM ('')
   SURFACE ()
);
#5279 = ADVANCED_FACE ('', (#5271), #5278, .T.);
#5280 = CARTESIAN_POINT ('', (-22.5, 59., 5.));
#5281 = VERTEX_POINT ('', #5280);
#5282 = CARTESIAN_POINT ('', (-22.5, 59., 5.));
#5283 = CARTESIAN_POINT ('', (-22.5, 41., 5.));
#5284 = B_SPLINE_CURVE_WITH_KNOTS ('', 1, (#5282, #5283), .UNSPECIFIED., .F., .U., (2, 2), (358., 376.), .UNSPECIFIED.);
#5285 = EDGE_CURVE ('', #5281, #5256, #5284, .T.);
#5286 = ORIENTED_EDGE ('', *, *, #5285, .T.);
#5287 = ORIENTED_EDGE ('', *, *, #5268, .F.);
#5288 = ORIENTED_EDGE ('', *, *, #2214, .F.);
#5289 = CARTESIAN_POINT ('', (-22.5, 59., 3.5));
#5290 = CARTESIAN_POINT ('', (-22.5, 59., 5.));
#5291 = B_SPLINE_CURVE_WITH_KNOTS ('', 1, (#5289, #5290), .UNSPECIFIED., .F., .U., (2, 2), (0., 1.), .UNSPECIFIED.);
#5292 = EDGE_CURVE ('', #2202, #5281, #5291, .T.);
#5293 = ORIENTED_EDGE ('', *, *, #5292, .T.);
#5294 = EDGE_LOOP ('', (#5286, #5287, #5288, #5293));
#5295 = FACE_OUTER_BOUND ('', #5294, .T.);
#5296 = CARTESIAN_POINT ('', (-22.5, 59., 3.5));
#5297 = CARTESIAN_POINT ('', (-22.5, 41., 3.5));
#5298 = CARTESIAN_POINT ('', (-22.5, 59., 5.));
#5299 = CARTESIAN_POINT ('', (-22.5, 41., 5.));
#5300 = B_SPLINE_SURFACE_WITH_KNOTS ('', 1, 1, ((#5296, #5297), (#5298, #5299)), .UNSPECIFIED., .F., .F., .U., (2, 2), (2, 2), (0., 1.), (358., 376.), .UNSPECIFIED.);
#5301 = ADVANCED_FACE ('', (#5295), #5300, .T.);
#5302 = CARTESIAN_POINT ('', (-22., 59.5, 5.));
#5303 = VERTEX_POINT ('', #5302);
#5304 = CARTESIAN_POINT ('', (-22., 59.5, 5.));
#5305 = CARTESIAN_POINT ('', (-22.5, 59.5, 5.));
#5306 = CARTESIAN_POINT ('', (-22.5, 59., 5.));
#5307 = (
   BOUNDED_CURVE ()
   B_SPLINE_CURVE (2, (#5304, #5305, #5306), .UNSPECIFIED., .F., .U.)
   B_SPLINE_CURVE_WITH_KNOTS ((3, 3), (357., 358.), .UNSPECIFIED.)
   CURVE ()
   GEOMETRIC_REPRESENTATION_ITEM ()
   RATIONAL_B_SPLINE_CURVE ((1., 0.707106781186548, 1.))
   REPRESENTATION_ITEM ('')
);
#5308 = EDGE_CURVE ('', #5303, #5281, #5307, .T.);
#5309 = ORIENTED_EDGE ('', *, *, #5308, .T.);
#5310 = ORIENTED_EDGE ('', *, *, #5292, .F.);
#5311 = ORIENTED_EDGE ('', *, *, #2207, .F.);
#5312 = CARTESIAN_POINT ('', (-22., 59.5, 3.5));
#5313 = CARTESIAN_POINT ('', (-22., 59.5, 5.));
#5314 = B_SPLINE_CURVE_WITH_KNOTS ('', 1, (#5312, #5313), .UNSPECIFIED., .F., .U., (2, 2), (0., 1.), .UNSPECIFIED.);
#5315 = EDGE_CURVE ('', #2195, #5303, #5314, .T.);
#5316 = ORIENTED_EDGE ('', *, *, #5315, .T.);
#5317 = EDGE_LOOP ('', (#5309, #5310, #5311, #5316));
#5318 = FACE_OUTER_BOUND ('', #5317, .T.);
#5319 = CARTESIAN_POINT ('', (-22., 59.5, 3.5));
#5320 = CARTESIAN_POINT ('', (-22.5, 59.5, 3.5));
#5321 = CARTESIAN_POINT ('', (-22.5, 59., 3.5));
#5322 = CARTESIAN_POINT ('', (-22., 59.5, 5.));
#5323 = CARTESIAN_POINT ('', (-22.5, 59.5, 5.));
#5324 = CARTESIAN_POINT ('', (-22.5, 59., 5.));
#5325 = (
   BOUNDED_SURFACE ()
   B_SPLINE_SURFACE (1, 2, ((#5319, #5320, #5321), (#5322, #5323, #5324)), .UNSPECIFIED., .F., .F., .U.)
   B_SPLINE_SURFACE_WITH_KNOTS ((2, 2), (3, 3), (0., 1.), (357., 358.), .UNSPECIFIED.)
   GEOMETRIC_REPRESENTATION_ITEM ()
   RATIONAL_B_SPLINE_SURFACE (((1., 0.707106781186548, 1.), (1., 0.707106781186548, 1.)))
   REPRESENTATION_ITEM ('')
   SURFACE ()
);
#5326 = ADVANCED_FACE ('', (#5318), #5325, .T.);
#5327 = CARTESIAN_POINT ('', (-15.5, 59.5, 5.));
#5328 = VERTEX_POINT ('', #5327);
#5329 = CARTESIAN_POINT ('', (-15.5, 59.5, 5.));
#5330 = CARTESIAN_POINT ('', (-22., 59.5, 5.));
#5331 = B_SPLINE_CURVE_WITH_KNOTS ('', 1, (#5329, #5330), .UNSPECIFIED., .F., .U., (2, 2), (350.5, 357.), .UNSPECIFIED.);
#5332 = EDGE_CURVE ('', #5328, #5303, #5331, .T.);
#5333 = ORIENTED_EDGE ('', *, *, #5332, .T.);
#5334 = ORIENTED_EDGE ('', *, *, #5315, .F.);
#5335 = ORIENTED_EDGE ('', *, *, #2199, .F.);
#5336 = CARTESIAN_POINT ('', (-15.5, 59.5, 3.5));
#5337 = CARTESIAN_POINT ('', (-15.5, 59.5, 5.));
#5338 = B_SPLINE_CURVE_WITH_KNOTS ('', 1, (#5336, #5337), .UNSPECIFIED., .F., .U., (2, 2), (0., 1.), .UNSPECIFIED.);
#5339 = EDGE_CURVE ('', #2185, #5328, #5338, .T.);
#5340 = ORIENTED_EDGE ('', *, *, #5339, .T.);
#5341 = EDGE_LOOP ('', (#5333, #5334, #5335, #5340));
#5342 = FACE_OUTER_BOUND ('', #5341, .T.);
#5343 = CARTESIAN_POINT ('', (-15.5, 59.5, 3.5));
#5344 = CARTESIAN_POINT ('', (-22., 59.5, 3.5));
#5345 = CARTESIAN_POINT ('', (-15.5, 59.5, 5.));
#5346 = CARTESIAN_POINT ('', (-22., 59.5, 5.));
#5347 = B_SPLINE_SURFACE_WITH_KNOTS ('', 1, 1, ((#5343, #5344), (#5345, #5346)), .UNSPECIFIED., .F., .F., .U., (2, 2), (2, 2), (0., 1.), (350.5, 357.), .UNSPECIFIED.);
#5348 = ADVANCED_FACE ('', (#5342), #5347, .T.);
#5349 = CARTESIAN_POINT ('', (-15.5, 58.5, 5.));
#5350 = VERTEX_POINT ('', #5349);
#5351 = CARTESIAN_POINT ('', (-15.5, 58.5, 5.));
#5352 = CARTESIAN_POINT ('', (-15., 58.5, 5.));
#5353 = CARTESIAN_POINT ('', (-15., 59., 5.));
#5354 = CARTESIAN_POINT ('', (-15., 59.5, 5.));
#5355 = CARTESIAN_POINT ('', (-15.5, 59.5, 5.));
#5356 = (
   BOUNDED_CURVE ()
   B_SPLINE_CURVE (2, (#5351, #5352, #5353, #5354, #5355), .UNSPECIFIED., .F., .U.)
   B_SPLINE_CURVE_WITH_KNOTS ((3, 2, 3), (349.5, 350., 350.5), .UNSPECIFIED.)
   CURVE ()
   GEOMETRIC_REPRESENTATION_ITEM ()
   RATIONAL_B_SPLINE_CURVE ((1., 0.707106781186548, 1., 0.707106781186548, 1.))
   REPRESENTATION_ITEM ('')
);
#5357 = EDGE_CURVE ('', #5350, #5328, #5356, .T.);
#5358 = ORIENTED_EDGE ('', *, *, #5357, .T.);
#5359 = ORIENTED_EDGE ('', *, *, #5339, .F.);
#5360 = ORIENTED_EDGE ('', *, *, #2192, .F.);
#5361 = CARTESIAN_POINT ('', (-15.5, 58.5, 3.5));
#5362 = CARTESIAN_POINT ('', (-15.5, 58.5, 5.));
#5363 = B_SPLINE_CURVE_WITH_KNOTS ('', 1, (#5361, #5362), .UNSPECIFIED., .F., .U., (2, 2), (0., 1.), .UNSPECIFIED.);
#5364 = EDGE_CURVE ('', #2178, #5350, #5363, .T.);
#5365 = ORIENTED_EDGE ('', *, *, #5364, .T.);
#5366 = EDGE_LOOP ('', (#5358, #5359, #5360, #5365));
#5367 = FACE_OUTER_BOUND ('', #5366, .T.);
#5368 = CARTESIAN_POINT ('', (-15.5, 58.5, 3.5));
#5369 = CARTESIAN_POINT ('', (-15., 58.5, 3.5));
#5370 = CARTESIAN_POINT ('', (-15., 59., 3.5));
#5371 = CARTESIAN_POINT ('', (-15., 59.5, 3.5));
#5372 = CARTESIAN_POINT ('', (-15.5, 59.5, 3.5));
#5373 = CARTESIAN_POINT ('', (-15.5, 58.5, 5.));
#5374 = CARTESIAN_POINT ('', (-15., 58.5, 5.));
#5375 = CARTESIAN_POINT ('', (-15., 59., 5.));
#5376 = CARTESIAN_POINT ('', (-15., 59.5, 5.));
#5377 = CARTESIAN_POINT ('', (-15.5, 59.5, 5.));
#5378 = (
   BOUNDED_SURFACE ()
   B_SPLINE_SURFACE (1, 2, ((#5368, #5369, #5370, #5371, #5372), (#5373, #5374, #5375, #5376, #5377)), .UNSPECIFIED., .F., .F., .U.)
   B_SPLINE_SURFACE_WITH_KNOTS ((2, 2), (3, 2, 3), (0., 1.), (349.5, 350., 350.5), .UNSPECIFIED.)
   GEOMETRIC_REPRESENTATION_ITEM ()
   RATIONAL_B_SPLINE_SURFACE (((1., 0.707106781186548, 1., 0.707106781186548, 1.), (1., 0.707106781186548, 1., 0.707106781186548, 1.)))
   REPRESENTATION_ITEM ('')
   SURFACE ()
);
#5379 = ADVANCED_FACE ('', (#5367), #5378, .T.);
#5380 = CARTESIAN_POINT ('', (-19., 58.5, 5.));
#5381 = VERTEX_POINT ('', #5380);
#5382 = CARTESIAN_POINT ('', (-19., 58.5, 5.));
#5383 = CARTESIAN_POINT ('', (-15.5, 58.5, 5.));
#5384 = B_SPLINE_CURVE_WITH_KNOTS ('', 1, (#5382, #5383), .UNSPECIFIED., .F., .U., (2, 2), (348.5, 349.5), .UNSPECIFIED.);
#5385 = EDGE_CURVE ('', #5381, #5350, #5384, .T.);
#5386 = ORIENTED_EDGE ('', *, *, #5385, .T.);
#5387 = ORIENTED_EDGE ('', *, *, #5364, .F.);
#5388 = ORIENTED_EDGE ('', *, *, #2182, .F.);
#5389 = CARTESIAN_POINT ('', (-19., 58.5, 3.5));
#5390 = CARTESIAN_POINT ('', (-19., 58.5, 5.));
#5391 = B_SPLINE_CURVE_WITH_KNOTS ('', 1, (#5389, #5390), .UNSPECIFIED., .F., .U., (2, 2), (0., 1.), .UNSPECIFIED.);
#5392 = EDGE_CURVE ('', #2168, #5381, #5391, .T.);
#5393 = ORIENTED_EDGE ('', *, *, #5392, .T.);
#5394 = EDGE_LOOP ('', (#5386, #5387, #5388, #5393));
#5395 = FACE_OUTER_BOUND ('', #5394, .T.);
#5396 = CARTESIAN_POINT ('', (-19., 58.5, 3.5));
#5397 = CARTESIAN_POINT ('', (-15.5, 58.5, 3.5));
#5398 = CARTESIAN_POINT ('', (-19., 58.5, 5.));
#5399 = CARTESIAN_POINT ('', (-15.5, 58.5, 5.));
#5400 = B_SPLINE_SURFACE_WITH_KNOTS ('', 1, 1, ((#5396, #5397), (#5398, #5399)), .UNSPECIFIED., .F., .F., .U., (2, 2), (2, 2), (0., 1.), (348.5, 349.5), .UNSPECIFIED.);
#5401 = ADVANCED_FACE ('', (#5395), #5400, .T.);
#5402 = CARTESIAN_POINT ('', (-19., 53.5, 5.));
#5403 = VERTEX_POINT ('', #5402);
#5404 = CARTESIAN_POINT ('', (-19., 53.5, 5.));
#5405 = CARTESIAN_POINT ('', (-21.5, 53.5, 5.));
#5406 = CARTESIAN_POINT ('', (-21.5, 56., 5.));
#5407 = CARTESIAN_POINT ('', (-21.5, 58.5, 5.));
#5408 = CARTESIAN_POINT ('', (-19., 58.5, 5.));
#5409 = (
   BOUNDED_CURVE ()
   B_SPLINE_CURVE (2, (#5404, #5405, #5406, #5407, #5408), .UNSPECIFIED., .F., .U.)
   B_SPLINE_CURVE_WITH_KNOTS ((3, 2, 3), (347.5, 348., 348.5), .UNSPECIFIED.)
   CURVE ()
   GEOMETRIC_REPRESENTATION_ITEM ()
   RATIONAL_B_SPLINE_CURVE ((1., 0.707106781186548, 1., 0.707106781186548, 1.))
   REPRESENTATION_ITEM ('')
);
#5410 = EDGE_CURVE ('', #5403, #5381, #5409, .T.);
#5411 = ORIENTED_EDGE ('', *, *, #5410, .T.);
#5412 = ORIENTED_EDGE ('', *, *, #5392, .F.);
#5413 = ORIENTED_EDGE ('', *, *, #2175, .F.);
#5414 = CARTESIAN_POINT ('', (-19., 53.5, 3.5));
#5415 = CARTESIAN_POINT ('', (-19., 53.5, 5.));
#5416 = B_SPLINE_CURVE_WITH_KNOTS ('', 1, (#5414, #5415), .UNSPECIFIED., .F., .U., (2, 2), (0., 1.), .UNSPECIFIED.);
#5417 = EDGE_CURVE ('', #2161, #5403, #5416, .T.);
#5418 = ORIENTED_EDGE ('', *, *, #5417, .T.);
#5419 = EDGE_LOOP ('', (#5411, #5412, #5413, #5418));
#5420 = FACE_OUTER_BOUND ('', #5419, .T.);
#5421 = CARTESIAN_POINT ('', (-19., 53.5, 3.5));
#5422 = CARTESIAN_POINT ('', (-21.5, 53.5, 3.5));
#5423 = CARTESIAN_POINT ('', (-21.5, 56., 3.5));
#5424 = CARTESIAN_POINT ('', (-21.5, 58.5, 3.5));
#5425 = CARTESIAN_POINT ('', (-19., 58.5, 3.5));
#5426 = CARTESIAN_POINT ('', (-19., 53.5, 5.));
#5427 = CARTESIAN_POINT ('', (-21.5, 53.5, 5.));
#5428 = CARTESIAN_POINT ('', (-21.5, 56., 5.));
#5429 = CARTESIAN_POINT ('', (-21.5, 58.5, 5.));
#5430 = CARTESIAN_POINT ('', (-19., 58.5, 5.));
#5431 = (
   BOUNDED_SURFACE ()
   B_SPLINE_SURFACE (1, 2, ((#5421, #5422, #5423, #5424, #5425), (#5426, #5427, #5428, #5429, #5430)), .UNSPECIFIED., .F., .F., .U.)
   B_SPLINE_SURFACE_WITH_KNOTS ((2, 2), (3, 2, 3), (0., 1.), (347.5, 348., 348.5), .UNSPECIFIED.)
   GEOMETRIC_REPRESENTATION_ITEM ()
   RATIONAL_B_SPLINE_SURFACE (((1., 0.707106781186548, 1., 0.707106781186548, 1.), (1., 0.707106781186548, 1., 0.707106781186548, 1.)))
   REPRESENTATION_ITEM ('')
   SURFACE ()
);
#5432 = ADVANCED_FACE ('', (#5420), #5431, .T.);
#5433 = CARTESIAN_POINT ('', (-17., 53.5, 5.));
#5434 = VERTEX_POINT ('', #5433);
#5435 = CARTESIAN_POINT ('', (-17., 53.5, 5.));
#5436 = CARTESIAN_POINT ('', (-19., 53.5, 5.));
#5437 = B_SPLINE_CURVE_WITH_KNOTS ('', 1, (#5435, #5436), .UNSPECIFIED., .F., .U., (2, 2), (346.5, 347.5), .UNSPECIFIED.);
#5438 = EDGE_CURVE ('', #5434, #5403, #5437, .T.);
#5439 = ORIENTED_EDGE ('', *, *, #5438, .T.);
#5440 = ORIENTED_EDGE ('', *, *, #5417, .F.);
#5441 = ORIENTED_EDGE ('', *, *, #2165, .F.);
#5442 = CARTESIAN_POINT ('', (-17., 53.5, 3.5));
#5443 = CARTESIAN_POINT ('', (-17., 53.5, 5.));
#5444 = B_SPLINE_CURVE_WITH_KNOTS ('', 1, (#5442, #5443), .UNSPECIFIED., .F., .U., (2, 2), (0., 1.), .UNSPECIFIED.);
#5445 = EDGE_CURVE ('', #2159, #5434, #5444, .T.);
#5446 = ORIENTED_EDGE ('', *, *, #5445, .T.);
#5447 = EDGE_LOOP ('', (#5439, #5440, #5441, #5446));
#5448 = FACE_OUTER_BOUND ('', #5447, .T.);
#5449 = CARTESIAN_POINT ('', (-17., 53.5, 3.5));
#5450 = CARTESIAN_POINT ('', (-19., 53.5, 3.5));
#5451 = CARTESIAN_POINT ('', (-17., 53.5, 5.));
#5452 = CARTESIAN_POINT ('', (-19., 53.5, 5.));
#5453 = B_SPLINE_SURFACE_WITH_KNOTS ('', 1, 1, ((#5449, #5450), (#5451, #5452)), .UNSPECIFIED., .F., .F., .U., (2, 2), (2, 2), (0., 1.), (346.5, 347.5), .UNSPECIFIED.);
#5454 = ADVANCED_FACE ('', (#5448), #5453, .T.);
#5455 = CARTESIAN_POINT ('', (-17., 52.5, 5.));
#5456 = CARTESIAN_POINT ('', (-16.5, 52.5, 5.));
#5457 = CARTESIAN_POINT ('', (-16.5, 53., 5.));
#5458 = CARTESIAN_POINT ('', (-16.5, 53.5, 5.));
#5459 = CARTESIAN_POINT ('', (-17., 53.5, 5.));
#5460 = (
   BOUNDED_CURVE ()
   B_SPLINE_CURVE (2, (#5455, #5456, #5457, #5458, #5459), .UNSPECIFIED., .F., .U.)
   B_SPLINE_CURVE_WITH_KNOTS ((3, 2, 3), (345.5, 346., 346.5), .UNSPECIFIED.)
   CURVE ()
   GEOMETRIC_REPRESENTATION_ITEM ()
   RATIONAL_B_SPLINE_CURVE ((1., 0.707106781186548, 1., 0.707106781186548, 1.))
   REPRESENTATION_ITEM ('')
);
#5461 = EDGE_CURVE ('', #5062, #5434, #5460, .T.);
#5462 = ORIENTED_EDGE ('', *, *, #5461, .T.);
#5463 = ORIENTED_EDGE ('', *, *, #5445, .F.);
#5464 = ORIENTED_EDGE ('', *, *, #2291, .F.);
#5465 = ORIENTED_EDGE ('', *, *, #5074, .T.);
#5466 = EDGE_LOOP ('', (#5462, #5463, #5464, #5465));
#5467 = FACE_OUTER_BOUND ('', #5466, .T.);
#5468 = CARTESIAN_POINT ('', (-17., 52.5, 3.5));
#5469 = CARTESIAN_POINT ('', (-16.5, 52.5, 3.5));
#5470 = CARTESIAN_POINT ('', (-16.5, 53., 3.5));
#5471 = CARTESIAN_POINT ('', (-16.5, 53.5, 3.5));
#5472 = CARTESIAN_POINT ('', (-17., 53.5, 3.5));
#5473 = CARTESIAN_POINT ('', (-17., 52.5, 5.));
#5474 = CARTESIAN_POINT ('', (-16.5, 52.5, 5.));
#5475 = CARTESIAN_POINT ('', (-16.5, 53., 5.));
#5476 = CARTESIAN_POINT ('', (-16.5, 53.5, 5.));
#5477 = CARTESIAN_POINT ('', (-17., 53.5, 5.));
#5478 = (
   BOUNDED_SURFACE ()
   B_SPLINE_SURFACE (1, 2, ((#5468, #5469, #5470, #5471, #5472), (#5473, #5474, #5475, #5476, #5477)), .UNSPECIFIED., .F., .F., .U.)
   B_SPLINE_SURFACE_WITH_KNOTS ((2, 2), (3, 2, 3), (0., 1.), (345.5, 346., 346.5), .UNSPECIFIED.)
   GEOMETRIC_REPRESENTATION_ITEM ()
   RATIONAL_B_SPLINE_SURFACE (((1., 0.707106781186548, 1., 0.707106781186548, 1.), (1., 0.707106781186548, 1., 0.707106781186548, 1.)))
   REPRESENTATION_ITEM ('')
   SURFACE ()
);
#5479 = ADVANCED_FACE ('', (#5467), #5478, .T.);
#5480 = CARTESIAN_POINT ('', (-122.125, 19., 5.));
#5481 = VERTEX_POINT ('', #5480);
#5482 = CARTESIAN_POINT ('', (-121.125, 19., 5.));
#5483 = VERTEX_POINT ('', #5482);
#5484 = CARTESIAN_POINT ('', (-122.125, 19., 5.));
#5485 = CARTESIAN_POINT ('', (-122.125, 19.5, 5.));
#5486 = CARTESIAN_POINT ('', (-121.625, 19.5, 5.));
#5487 = CARTESIAN_POINT ('', (-121.125, 19.5, 5.));
#5488 = CARTESIAN_POINT ('', (-121.125, 19., 5.));
#5489 = (
   BOUNDED_CURVE ()
   B_SPLINE_CURVE (2, (#5484, #5485, #5486, #5487, #5488), .UNSPECIFIED., .F., .U.)
   B_SPLINE_CURVE_WITH_KNOTS ((3, 2, 3), (82.5, 82.75, 83.), .UNSPECIFIED.)
   CURVE ()
   GEOMETRIC_REPRESENTATION_ITEM ()
   RATIONAL_B_SPLINE_CURVE ((1., 0.707106781186548, 1., 0.707106781186548, 1.))
   REPRESENTATION_ITEM ('')
);
#5490 = EDGE_CURVE ('', #5481, #5483, #5489, .T.);
#5491 = ORIENTED_EDGE ('', *, *, #5490, .F.);
#5492 = CARTESIAN_POINT ('', (-122.125, 19., 3.5));
#5493 = CARTESIAN_POINT ('', (-122.125, 19., 5.));
#5494 = B_SPLINE_CURVE_WITH_KNOTS ('', 1, (#5492, #5493), .UNSPECIFIED., .F., .U., (2, 2), (0., 1.), .UNSPECIFIED.);
#5495 = EDGE_CURVE ('', #2142, #5481, #5494, .T.);
#5496 = ORIENTED_EDGE ('', *, *, #5495, .F.);
#5497 = ORIENTED_EDGE ('', *, *, #2149, .T.);
#5498 = CARTESIAN_POINT ('', (-121.125, 19., 3.5));
#5499 = CARTESIAN_POINT ('', (-121.125, 19., 5.));
#5500 = B_SPLINE_CURVE_WITH_KNOTS ('', 1, (#5498, #5499), .UNSPECIFIED., .F., .U., (2, 2), (0., 1.), .UNSPECIFIED.);
#5501 = EDGE_CURVE ('', #2135, #5483, #5500, .T.);
#5502 = ORIENTED_EDGE ('', *, *, #5501, .T.);
#5503 = EDGE_LOOP ('', (#5491, #5496, #5497, #5502));
#5504 = FACE_OUTER_BOUND ('', #5503, .T.);
#5505 = CARTESIAN_POINT ('', (-122.125, 19., 3.5));
#5506 = CARTESIAN_POINT ('', (-122.125, 19., 5.));
#5507 = CARTESIAN_POINT ('', (-122.125, 19.5, 3.5));
#5508 = CARTESIAN_POINT ('', (-122.125, 19.5, 5.));
#5509 = CARTESIAN_POINT ('', (-121.625, 19.5, 3.5));
#5510 = CARTESIAN_POINT ('', (-121.625, 19.5, 5.));
#5511 = CARTESIAN_POINT ('', (-121.125, 19.5, 3.5));
#5512 = CARTESIAN_POINT ('', (-121.125, 19.5, 5.));
#5513 = CARTESIAN_POINT ('', (-121.125, 19., 3.5));
#5514 = CARTESIAN_POINT ('', (-121.125, 19., 5.));
#5515 = (
   BOUNDED_SURFACE ()
   B_SPLINE_SURFACE (2, 1, ((#5505, #5506), (#5507, #5508), (#5509, #5510), (#5511, #5512), (#5513, #5514)), .UNSPECIFIED., .F., .F., .U.)
   B_SPLINE_SURFACE_WITH_KNOTS ((3, 2, 3), (2, 2), (82.5, 82.75, 83.), (0., 1.), .UNSPECIFIED.)
   GEOMETRIC_REPRESENTATION_ITEM ()
   RATIONAL_B_SPLINE_SURFACE (((1., 1.), (0.707106781186548, 0.707106781186548), (1., 1.), (0.707106781186548, 0.707106781186548), (1., 1.)))
   REPRESENTATION_ITEM ('')
   SURFACE ()
);
#5516 = ADVANCED_FACE ('', (#5504), #5515, .T.);
#5517 = CARTESIAN_POINT ('', (-109.125, 19., 5.));
#5518 = VERTEX_POINT ('', #5517);
#5519 = CARTESIAN_POINT ('', (-121.125, 19., 5.));
#5520 = CARTESIAN_POINT ('', (-109.125, 19., 5.));
#5521 = B_SPLINE_CURVE_WITH_KNOTS ('', 1, (#5519, #5520), .UNSPECIFIED., .F., .U., (2, 2), (29., 41.), .UNSPECIFIED.);
#5522 = EDGE_CURVE ('', #5483, #5518, #5521, .T.);
#5523 = ORIENTED_EDGE ('', *, *, #5522, .F.);
#5524 = ORIENTED_EDGE ('', *, *, #5501, .F.);
#5525 = ORIENTED_EDGE ('', *, *, #2139, .T.);
#5526 = CARTESIAN_POINT ('', (-109.125, 19., 3.5));
#5527 = CARTESIAN_POINT ('', (-109.125, 19., 5.));
#5528 = B_SPLINE_CURVE_WITH_KNOTS ('', 1, (#5526, #5527), .UNSPECIFIED., .F., .U., (2, 2), (0., 1.), .UNSPECIFIED.);
#5529 = EDGE_CURVE ('', #2125, #5518, #5528, .T.);
#5530 = ORIENTED_EDGE ('', *, *, #5529, .T.);
#5531 = EDGE_LOOP ('', (#5523, #5524, #5525, #5530));
#5532 = FACE_OUTER_BOUND ('', #5531, .T.);
#5533 = CARTESIAN_POINT ('', (-121.125, 19., 3.5));
#5534 = CARTESIAN_POINT ('', (-121.125, 19., 5.));
#5535 = CARTESIAN_POINT ('', (-109.125, 19., 3.5));
#5536 = CARTESIAN_POINT ('', (-109.125, 19., 5.));
#5537 = B_SPLINE_SURFACE_WITH_KNOTS ('', 1, 1, ((#5533, #5534), (#5535, #5536)), .UNSPECIFIED., .F., .F., .U., (2, 2), (2, 2), (29., 41.), (0., 1.), .UNSPECIFIED.);
#5538 = ADVANCED_FACE ('', (#5532), #5537, .T.);
#5539 = CARTESIAN_POINT ('', (-108.125, 19., 5.));
#5540 = VERTEX_POINT ('', #5539);
#5541 = CARTESIAN_POINT ('', (-109.125, 19., 5.));
#5542 = CARTESIAN_POINT ('', (-109.125, 19.5, 5.));
#5543 = CARTESIAN_POINT ('', (-108.625, 19.5, 5.));
#5544 = CARTESIAN_POINT ('', (-108.125, 19.5, 5.));
#5545 = CARTESIAN_POINT ('', (-108.125, 19., 5.));
#5546 = (
   BOUNDED_CURVE ()
   B_SPLINE_CURVE (2, (#5541, #5542, #5543, #5544, #5545), .UNSPECIFIED., .F., .U.)
   B_SPLINE_CURVE_WITH_KNOTS ((3, 2, 3), (41., 41.25, 41.5), .UNSPECIFIED.)
   CURVE ()
   GEOMETRIC_REPRESENTATION_ITEM ()
   RATIONAL_B_SPLINE_CURVE ((1., 0.707106781186548, 1., 0.707106781186548, 1.))
   REPRESENTATION_ITEM ('')
);
#5547 = EDGE_CURVE ('', #5518, #5540, #5546, .T.);
#5548 = ORIENTED_EDGE ('', *, *, #5547, .F.);
#5549 = ORIENTED_EDGE ('', *, *, #5529, .F.);
#5550 = ORIENTED_EDGE ('', *, *, #2132, .T.);
#5551 = CARTESIAN_POINT ('', (-108.125, 19., 3.5));
#5552 = CARTESIAN_POINT ('', (-108.125, 19., 5.));
#5553 = B_SPLINE_CURVE_WITH_KNOTS ('', 1, (#5551, #5552), .UNSPECIFIED., .F., .U., (2, 2), (0., 1.), .UNSPECIFIED.);
#5554 = EDGE_CURVE ('', #2118, #5540, #5553, .T.);
#5555 = ORIENTED_EDGE ('', *, *, #5554, .T.);
#5556 = EDGE_LOOP ('', (#5548, #5549, #5550, #5555));
#5557 = FACE_OUTER_BOUND ('', #5556, .T.);
#5558 = CARTESIAN_POINT ('', (-109.125, 19., 3.5));
#5559 = CARTESIAN_POINT ('', (-109.125, 19., 5.));
#5560 = CARTESIAN_POINT ('', (-109.125, 19.5, 3.5));
#5561 = CARTESIAN_POINT ('', (-109.125, 19.5, 5.));
#5562 = CARTESIAN_POINT ('', (-108.625, 19.5, 3.5));
#5563 = CARTESIAN_POINT ('', (-108.625, 19.5, 5.));
#5564 = CARTESIAN_POINT ('', (-108.125, 19.5, 3.5));
#5565 = CARTESIAN_POINT ('', (-108.125, 19.5, 5.));
#5566 = CARTESIAN_POINT ('', (-108.125, 19., 3.5));
#5567 = CARTESIAN_POINT ('', (-108.125, 19., 5.));
#5568 = (
   BOUNDED_SURFACE ()
   B_SPLINE_SURFACE (2, 1, ((#5558, #5559), (#5560, #5561), (#5562, #5563), (#5564, #5565), (#5566, #5567)), .UNSPECIFIED., .F., .F., .U.)
   B_SPLINE_SURFACE_WITH_KNOTS ((3, 2, 3), (2, 2), (41., 41.25, 41.5), (0., 1.), .UNSPECIFIED.)
   GEOMETRIC_REPRESENTATION_ITEM ()
   RATIONAL_B_SPLINE_SURFACE (((1., 1.), (0.707106781186548, 0.707106781186548), (1., 1.), (0.707106781186548, 0.707106781186548), (1., 1.)))
   REPRESENTATION_ITEM ('')
   SURFACE ()
);
#5569 = ADVANCED_FACE ('', (#5557), #5568, .T.);
#5570 = CARTESIAN_POINT ('', (-108.125, 5., 5.));
#5571 = VERTEX_POINT ('', #5570);
#5572 = CARTESIAN_POINT ('', (-108.125, 19., 5.));
#5573 = CARTESIAN_POINT ('', (-108.125, 5., 5.));
#5574 = B_SPLINE_CURVE_WITH_KNOTS ('', 1, (#5572, #5573), .UNSPECIFIED., .F., .U., (2, 2), (41.5, 55.5), .UNSPECIFIED.);
#5575 = EDGE_CURVE ('', #5540, #5571, #5574, .T.);
#5576 = ORIENTED_EDGE ('', *, *, #5575, .F.);
#5577 = ORIENTED_EDGE ('', *, *, #5554, .F.);
#5578 = ORIENTED_EDGE ('', *, *, #2122, .T.);
#5579 = CARTESIAN_POINT ('', (-108.125, 5., 3.5));
#5580 = CARTESIAN_POINT ('', (-108.125, 5., 5.));
#5581 = B_SPLINE_CURVE_WITH_KNOTS ('', 1, (#5579, #5580), .UNSPECIFIED., .F., .U., (2, 2), (0., 1.), .UNSPECIFIED.);
#5582 = EDGE_CURVE ('', #2108, #5571, #5581, .T.);
#5583 = ORIENTED_EDGE ('', *, *, #5582, .T.);
#5584 = EDGE_LOOP ('', (#5576, #5577, #5578, #5583));
#5585 = FACE_OUTER_BOUND ('', #5584, .T.);
#5586 = CARTESIAN_POINT ('', (-108.125, 19., 3.5));
#5587 = CARTESIAN_POINT ('', (-108.125, 19., 5.));
#5588 = CARTESIAN_POINT ('', (-108.125, 5., 3.5));
#5589 = CARTESIAN_POINT ('', (-108.125, 5., 5.));
#5590 = B_SPLINE_SURFACE_WITH_KNOTS ('', 1, 1, ((#5586, #5587), (#5588, #5589)), .UNSPECIFIED., .F., .F., .U., (2, 2), (2, 2), (41.5, 55.5), (0., 1.), .UNSPECIFIED.);
#5591 = ADVANCED_FACE ('', (#5585), #5590, .T.);
#5592 = CARTESIAN_POINT ('', (-109.125, 5., 5.));
#5593 = VERTEX_POINT ('', #5592);
#5594 = CARTESIAN_POINT ('', (-108.125, 5., 5.));
#5595 = CARTESIAN_POINT ('', (-108.125, 4.5, 5.));
#5596 = CARTESIAN_POINT ('', (-108.625, 4.5, 5.));
#5597 = CARTESIAN_POINT ('', (-109.125, 4.5, 5.));
#5598 = CARTESIAN_POINT ('', (-109.125, 5., 5.));
#5599 = (
   BOUNDED_CURVE ()
   B_SPLINE_CURVE (2, (#5594, #5595, #5596, #5597, #5598), .UNSPECIFIED., .F., .U.)
   B_SPLINE_CURVE_WITH_KNOTS ((3, 2, 3), (55.5, 55.75, 56.), .UNSPECIFIED.)
   CURVE ()
   GEOMETRIC_REPRESENTATION_ITEM ()
   RATIONAL_B_SPLINE_CURVE ((1., 0.707106781186548, 1., 0.707106781186548, 1.))
   REPRESENTATION_ITEM ('')
);
#5600 = EDGE_CURVE ('', #5571, #5593, #5599, .T.);
#5601 = ORIENTED_EDGE ('', *, *, #5600, .F.);
#5602 = ORIENTED_EDGE ('', *, *, #5582, .F.);
#5603 = ORIENTED_EDGE ('', *, *, #2115, .T.);
#5604 = CARTESIAN_POINT ('', (-109.125, 5., 3.5));
#5605 = CARTESIAN_POINT ('', (-109.125, 5., 5.));
#5606 = B_SPLINE_CURVE_WITH_KNOTS ('', 1, (#5604, #5605), .UNSPECIFIED., .F., .U., (2, 2), (0., 1.), .UNSPECIFIED.);
#5607 = EDGE_CURVE ('', #2101, #5593, #5606, .T.);
#5608 = ORIENTED_EDGE ('', *, *, #5607, .T.);
#5609 = EDGE_LOOP ('', (#5601, #5602, #5603, #5608));
#5610 = FACE_OUTER_BOUND ('', #5609, .T.);
#5611 = CARTESIAN_POINT ('', (-108.125, 5., 3.5));
#5612 = CARTESIAN_POINT ('', (-108.125, 5., 5.));
#5613 = CARTESIAN_POINT ('', (-108.125, 4.5, 3.5));
#5614 = CARTESIAN_POINT ('', (-108.125, 4.5, 5.));
#5615 = CARTESIAN_POINT ('', (-108.625, 4.5, 3.5));
#5616 = CARTESIAN_POINT ('', (-108.625, 4.5, 5.));
#5617 = CARTESIAN_POINT ('', (-109.125, 4.5, 3.5));
#5618 = CARTESIAN_POINT ('', (-109.125, 4.5, 5.));
#5619 = CARTESIAN_POINT ('', (-109.125, 5., 3.5));
#5620 = CARTESIAN_POINT ('', (-109.125, 5., 5.));
#5621 = (
   BOUNDED_SURFACE ()
   B_SPLINE_SURFACE (2, 1, ((#5611, #5612), (#5613, #5614), (#5615, #5616), (#5617, #5618), (#5619, #5620)), .UNSPECIFIED., .F., .F., .U.)
   B_SPLINE_SURFACE_WITH_KNOTS ((3, 2, 3), (2, 2), (55.5, 55.75, 56.), (0., 1.), .UNSPECIFIED.)
   GEOMETRIC_REPRESENTATION_ITEM ()
   RATIONAL_B_SPLINE_SURFACE (((1., 1.), (0.707106781186548, 0.707106781186548), (1., 1.), (0.707106781186548, 0.707106781186548), (1., 1.)))
   REPRESENTATION_ITEM ('')
   SURFACE ()
);
#5622 = ADVANCED_FACE ('', (#5610), #5621, .T.);
#5623 = CARTESIAN_POINT ('', (-121.125, 5., 5.));
#5624 = VERTEX_POINT ('', #5623);
#5625 = CARTESIAN_POINT ('', (-109.125, 5., 5.));
#5626 = CARTESIAN_POINT ('', (-121.125, 5., 5.));
#5627 = B_SPLINE_CURVE_WITH_KNOTS ('', 1, (#5625, #5626), .UNSPECIFIED., .F., .U., (2, 2), (56., 68.), .UNSPECIFIED.);
#5628 = EDGE_CURVE ('', #5593, #5624, #5627, .T.);
#5629 = ORIENTED_EDGE ('', *, *, #5628, .F.);
#5630 = ORIENTED_EDGE ('', *, *, #5607, .F.);
#5631 = ORIENTED_EDGE ('', *, *, #2105, .T.);
#5632 = CARTESIAN_POINT ('', (-121.125, 5., 3.5));
#5633 = CARTESIAN_POINT ('', (-121.125, 5., 5.));
#5634 = B_SPLINE_CURVE_WITH_KNOTS ('', 1, (#5632, #5633), .UNSPECIFIED., .F., .U., (2, 2), (0., 1.), .UNSPECIFIED.);
#5635 = EDGE_CURVE ('', #2089, #5624, #5634, .T.);
#5636 = ORIENTED_EDGE ('', *, *, #5635, .T.);
#5637 = EDGE_LOOP ('', (#5629, #5630, #5631, #5636));
#5638 = FACE_OUTER_BOUND ('', #5637, .T.);
#5639 = CARTESIAN_POINT ('', (-109.125, 5., 3.5));
#5640 = CARTESIAN_POINT ('', (-109.125, 5., 5.));
#5641 = CARTESIAN_POINT ('', (-121.125, 5., 3.5));
#5642 = CARTESIAN_POINT ('', (-121.125, 5., 5.));
#5643 = B_SPLINE_SURFACE_WITH_KNOTS ('', 1, 1, ((#5639, #5640), (#5641, #5642)), .UNSPECIFIED., .F., .F., .U., (2, 2), (2, 2), (56., 68.), (0., 1.), .UNSPECIFIED.);
#5644 = ADVANCED_FACE ('', (#5638), #5643, .T.);
#5645 = CARTESIAN_POINT ('', (-122.125, 5., 5.));
#5646 = VERTEX_POINT ('', #5645);
#5647 = CARTESIAN_POINT ('', (-121.125, 5., 5.));
#5648 = CARTESIAN_POINT ('', (-121.125, 4.5, 5.));
#5649 = CARTESIAN_POINT ('', (-121.625, 4.5, 5.));
#5650 = CARTESIAN_POINT ('', (-122.125, 4.5, 5.));
#5651 = CARTESIAN_POINT ('', (-122.125, 5., 5.));
#5652 = (
   BOUNDED_CURVE ()
   B_SPLINE_CURVE (2, (#5647, #5648, #5649, #5650, #5651), .UNSPECIFIED., .F., .U.)
   B_SPLINE_CURVE_WITH_KNOTS ((3, 2, 3), (68., 68.25, 68.5), .UNSPECIFIED.)
   CURVE ()
   GEOMETRIC_REPRESENTATION_ITEM ()
   RATIONAL_B_SPLINE_CURVE ((1., 0.707106781186548, 1., 0.707106781186548, 1.))
   REPRESENTATION_ITEM ('')
);
#5653 = EDGE_CURVE ('', #5624, #5646, #5652, .T.);
#5654 = ORIENTED_EDGE ('', *, *, #5653, .F.);
#5655 = ORIENTED_EDGE ('', *, *, #5635, .F.);
#5656 = ORIENTED_EDGE ('', *, *, #2098, .T.);
#5657 = CARTESIAN_POINT ('', (-122.125, 5., 3.5));
#5658 = CARTESIAN_POINT ('', (-122.125, 5., 5.));
#5659 = B_SPLINE_CURVE_WITH_KNOTS ('', 1, (#5657, #5658), .UNSPECIFIED., .F., .U., (2, 2), (0., 1.), .UNSPECIFIED.);
#5660 = EDGE_CURVE ('', #2091, #5646, #5659, .T.);
#5661 = ORIENTED_EDGE ('', *, *, #5660, .T.);
#5662 = EDGE_LOOP ('', (#5654, #5655, #5656, #5661));
#5663 = FACE_OUTER_BOUND ('', #5662, .T.);
#5664 = CARTESIAN_POINT ('', (-121.125, 5., 3.5));
#5665 = CARTESIAN_POINT ('', (-121.125, 5., 5.));
#5666 = CARTESIAN_POINT ('', (-121.125, 4.5, 3.5));
#5667 = CARTESIAN_POINT ('', (-121.125, 4.5, 5.));
#5668 = CARTESIAN_POINT ('', (-121.625, 4.5, 3.5));
#5669 = CARTESIAN_POINT ('', (-121.625, 4.5, 5.));
#5670 = CARTESIAN_POINT ('', (-122.125, 4.5, 3.5));
#5671 = CARTESIAN_POINT ('', (-122.125, 4.5, 5.));
#5672 = CARTESIAN_POINT ('', (-122.125, 5., 3.5));
#5673 = CARTESIAN_POINT ('', (-122.125, 5., 5.));
#5674 = (
   BOUNDED_SURFACE ()
   B_SPLINE_SURFACE (2, 1, ((#5664, #5665), (#5666, #5667), (#5668, #5669), (#5670, #5671), (#5672, #5673)), .UNSPECIFIED., .F., .F., .U.)
   B_SPLINE_SURFACE_WITH_KNOTS ((3, 2, 3), (2, 2), (68., 68.25, 68.5), (0., 1.), .UNSPECIFIED.)
   GEOMETRIC_REPRESENTATION_ITEM ()
   RATIONAL_B_SPLINE_SURFACE (((1., 1.), (0.707106781186548, 0.707106781186548), (1., 1.), (0.707106781186548, 0.707106781186548), (1., 1.)))
   REPRESENTATION_ITEM ('')
   SURFACE ()
);
#5675 = ADVANCED_FACE ('', (#5663), #5674, .T.);
#5676 = CARTESIAN_POINT ('', (-122.125, 5., 5.));
#5677 = CARTESIAN_POINT ('', (-122.125, 19., 5.));
#5678 = B_SPLINE_CURVE_WITH_KNOTS ('', 1, (#5676, #5677), .UNSPECIFIED., .F., .U., (2, 2), (68.5, 82.5), .UNSPECIFIED.);
#5679 = EDGE_CURVE ('', #5646, #5481, #5678, .T.);
#5680 = ORIENTED_EDGE ('', *, *, #5679, .F.);
#5681 = ORIENTED_EDGE ('', *, *, #5660, .F.);
#5682 = ORIENTED_EDGE ('', *, *, #2154, .T.);
#5683 = ORIENTED_EDGE ('', *, *, #5495, .T.);
#5684 = EDGE_LOOP ('', (#5680, #5681, #5682, #5683));
#5685 = FACE_OUTER_BOUND ('', #5684, .T.);
#5686 = CARTESIAN_POINT ('', (-122.125, 5., 3.5));
#5687 = CARTESIAN_POINT ('', (-122.125, 5., 5.));
#5688 = CARTESIAN_POINT ('', (-122.125, 19., 3.5));
#5689 = CARTESIAN_POINT ('', (-122.125, 19., 5.));
#5690 = B_SPLINE_SURFACE_WITH_KNOTS ('', 1, 1, ((#5686, #5687), (#5688, #5689)), .UNSPECIFIED., .F., .F., .U., (2, 2), (2, 2), (68.5, 82.5), (0., 1.), .UNSPECIFIED.);
#5691 = ADVANCED_FACE ('', (#5685), #5690, .T.);
#5692 = CARTESIAN_POINT ('', (-72.25, 19., 5.));
#5693 = VERTEX_POINT ('', #5692);
#5694 = CARTESIAN_POINT ('', (-71.25, 19., 5.));
#5695 = VERTEX_POINT ('', #5694);
#5696 = CARTESIAN_POINT ('', (-72.25, 19., 5.));
#5697 = CARTESIAN_POINT ('', (-72.25, 19.5, 5.));
#5698 = CARTESIAN_POINT ('', (-71.75, 19.5, 5.));
#5699 = CARTESIAN_POINT ('', (-71.25, 19.5, 5.));
#5700 = CARTESIAN_POINT ('', (-71.25, 19., 5.));
#5701 = (
   BOUNDED_CURVE ()
   B_SPLINE_CURVE (2, (#5696, #5697, #5698, #5699, #5700), .UNSPECIFIED., .F., .U.)
   B_SPLINE_CURVE_WITH_KNOTS ((3, 2, 3), (82.5, 82.75, 83.), .UNSPECIFIED.)
   CURVE ()
   GEOMETRIC_REPRESENTATION_ITEM ()
   RATIONAL_B_SPLINE_CURVE ((1., 0.707106781186548, 1., 0.707106781186548, 1.))
   REPRESENTATION_ITEM ('')
);
#5702 = EDGE_CURVE ('', #5693, #5695, #5701, .T.);
#5703 = ORIENTED_EDGE ('', *, *, #5702, .F.);
#5704 = CARTESIAN_POINT ('', (-72.25, 19., 3.5));
#5705 = CARTESIAN_POINT ('', (-72.25, 19., 5.));
#5706 = B_SPLINE_CURVE_WITH_KNOTS ('', 1, (#5704, #5705), .UNSPECIFIED., .F., .U., (2, 2), (0., 1.), .UNSPECIFIED.);
#5707 = EDGE_CURVE ('', #2072, #5693, #5706, .T.);
#5708 = ORIENTED_EDGE ('', *, *, #5707, .F.);
#5709 = ORIENTED_EDGE ('', *, *, #2079, .T.);
#5710 = CARTESIAN_POINT ('', (-71.25, 19., 3.5));
#5711 = CARTESIAN_POINT ('', (-71.25, 19., 5.));
#5712 = B_SPLINE_CURVE_WITH_KNOTS ('', 1, (#5710, #5711), .UNSPECIFIED., .F., .U., (2, 2), (0., 1.), .UNSPECIFIED.);
#5713 = EDGE_CURVE ('', #2065, #5695, #5712, .T.);
#5714 = ORIENTED_EDGE ('', *, *, #5713, .T.);
#5715 = EDGE_LOOP ('', (#5703, #5708, #5709, #5714));
#5716 = FACE_OUTER_BOUND ('', #5715, .T.);
#5717 = CARTESIAN_POINT ('', (-72.25, 19., 3.5));
#5718 = CARTESIAN_POINT ('', (-72.25, 19., 5.));
#5719 = CARTESIAN_POINT ('', (-72.25, 19.5, 3.5));
#5720 = CARTESIAN_POINT ('', (-72.25, 19.5, 5.));
#5721 = CARTESIAN_POINT ('', (-71.75, 19.5, 3.5));
#5722 = CARTESIAN_POINT ('', (-71.75, 19.5, 5.));
#5723 = CARTESIAN_POINT ('', (-71.25, 19.5, 3.5));
#5724 = CARTESIAN_POINT ('', (-71.25, 19.5, 5.));
#5725 = CARTESIAN_POINT ('', (-71.25, 19., 3.5));
#5726 = CARTESIAN_POINT ('', (-71.25, 19., 5.));
#5727 = (
   BOUNDED_SURFACE ()
   B_SPLINE_SURFACE (2, 1, ((#5717, #5718), (#5719, #5720), (#5721, #5722), (#5723, #5724), (#5725, #5726)), .UNSPECIFIED., .F., .F., .U.)
   B_SPLINE_SURFACE_WITH_KNOTS ((3, 2, 3), (2, 2), (82.5, 82.75, 83.), (0., 1.), .UNSPECIFIED.)
   GEOMETRIC_REPRESENTATION_ITEM ()
   RATIONAL_B_SPLINE_SURFACE (((1., 1.), (0.707106781186548, 0.707106781186548), (1., 1.), (0.707106781186548, 0.707106781186548), (1., 1.)))
   REPRESENTATION_ITEM ('')
   SURFACE ()
);
#5728 = ADVANCED_FACE ('', (#5716), #5727, .T.);
#5729 = CARTESIAN_POINT ('', (-59.25, 19., 5.));
#5730 = VERTEX_POINT ('', #5729);
#5731 = CARTESIAN_POINT ('', (-71.25, 19., 5.));
#5732 = CARTESIAN_POINT ('', (-59.25, 19., 5.));
#5733 = B_SPLINE_CURVE_WITH_KNOTS ('', 1, (#5731, #5732), .UNSPECIFIED., .F., .U., (2, 2), (29., 41.), .UNSPECIFIED.);
#5734 = EDGE_CURVE ('', #5695, #5730, #5733, .T.);
#5735 = ORIENTED_EDGE ('', *, *, #5734, .F.);
#5736 = ORIENTED_EDGE ('', *, *, #5713, .F.);
#5737 = ORIENTED_EDGE ('', *, *, #2069, .T.);
#5738 = CARTESIAN_POINT ('', (-59.25, 19., 3.5));
#5739 = CARTESIAN_POINT ('', (-59.25, 19., 5.));
#5740 = B_SPLINE_CURVE_WITH_KNOTS ('', 1, (#5738, #5739), .UNSPECIFIED., .F., .U., (2, 2), (0., 1.), .UNSPECIFIED.);
#5741 = EDGE_CURVE ('', #2055, #5730, #5740, .T.);
#5742 = ORIENTED_EDGE ('', *, *, #5741, .T.);
#5743 = EDGE_LOOP ('', (#5735, #5736, #5737, #5742));
#5744 = FACE_OUTER_BOUND ('', #5743, .T.);
#5745 = CARTESIAN_POINT ('', (-71.25, 19., 3.5));
#5746 = CARTESIAN_POINT ('', (-71.25, 19., 5.));
#5747 = CARTESIAN_POINT ('', (-59.25, 19., 3.5));
#5748 = CARTESIAN_POINT ('', (-59.25, 19., 5.));
#5749 = B_SPLINE_SURFACE_WITH_KNOTS ('', 1, 1, ((#5745, #5746), (#5747, #5748)), .UNSPECIFIED., .F., .F., .U., (2, 2), (2, 2), (29., 41.), (0., 1.), .UNSPECIFIED.);
#5750 = ADVANCED_FACE ('', (#5744), #5749, .T.);
#5751 = CARTESIAN_POINT ('', (-58.25, 19., 5.));
#5752 = VERTEX_POINT ('', #5751);
#5753 = CARTESIAN_POINT ('', (-59.25, 19., 5.));
#5754 = CARTESIAN_POINT ('', (-59.25, 19.5, 5.));
#5755 = CARTESIAN_POINT ('', (-58.75, 19.5, 5.));
#5756 = CARTESIAN_POINT ('', (-58.25, 19.5, 5.));
#5757 = CARTESIAN_POINT ('', (-58.25, 19., 5.));
#5758 = (
   BOUNDED_CURVE ()
   B_SPLINE_CURVE (2, (#5753, #5754, #5755, #5756, #5757), .UNSPECIFIED., .F., .U.)
   B_SPLINE_CURVE_WITH_KNOTS ((3, 2, 3), (41., 41.25, 41.5), .UNSPECIFIED.)
   CURVE ()
   GEOMETRIC_REPRESENTATION_ITEM ()
   RATIONAL_B_SPLINE_CURVE ((1., 0.707106781186548, 1., 0.707106781186548, 1.))
   REPRESENTATION_ITEM ('')
);
#5759 = EDGE_CURVE ('', #5730, #5752, #5758, .T.);
#5760 = ORIENTED_EDGE ('', *, *, #5759, .F.);
#5761 = ORIENTED_EDGE ('', *, *, #5741, .F.);
#5762 = ORIENTED_EDGE ('', *, *, #2062, .T.);
#5763 = CARTESIAN_POINT ('', (-58.25, 19., 3.5));
#5764 = CARTESIAN_POINT ('', (-58.25, 19., 5.));
#5765 = B_SPLINE_CURVE_WITH_KNOTS ('', 1, (#5763, #5764), .UNSPECIFIED., .F., .U., (2, 2), (0., 1.), .UNSPECIFIED.);
#5766 = EDGE_CURVE ('', #2048, #5752, #5765, .T.);
#5767 = ORIENTED_EDGE ('', *, *, #5766, .T.);
#5768 = EDGE_LOOP ('', (#5760, #5761, #5762, #5767));
#5769 = FACE_OUTER_BOUND ('', #5768, .T.);
#5770 = CARTESIAN_POINT ('', (-59.25, 19., 3.5));
#5771 = CARTESIAN_POINT ('', (-59.25, 19., 5.));
#5772 = CARTESIAN_POINT ('', (-59.25, 19.5, 3.5));
#5773 = CARTESIAN_POINT ('', (-59.25, 19.5, 5.));
#5774 = CARTESIAN_POINT ('', (-58.75, 19.5, 3.5));
#5775 = CARTESIAN_POINT ('', (-58.75, 19.5, 5.));
#5776 = CARTESIAN_POINT ('', (-58.25, 19.5, 3.5));
#5777 = CARTESIAN_POINT ('', (-58.25, 19.5, 5.));
#5778 = CARTESIAN_POINT ('', (-58.25, 19., 3.5));
#5779 = CARTESIAN_POINT ('', (-58.25, 19., 5.));
#5780 = (
   BOUNDED_SURFACE ()
   B_SPLINE_SURFACE (2, 1, ((#5770, #5771), (#5772, #5773), (#5774, #5775), (#5776, #5777), (#5778, #5779)), .UNSPECIFIED., .F., .F., .U.)
   B_SPLINE_SURFACE_WITH_KNOTS ((3, 2, 3), (2, 2), (41., 41.25, 41.5), (0., 1.), .UNSPECIFIED.)
   GEOMETRIC_REPRESENTATION_ITEM ()
   RATIONAL_B_SPLINE_SURFACE (((1., 1.), (0.707106781186548, 0.707106781186548), (1., 1.), (0.707106781186548, 0.707106781186548), (1., 1.)))
   REPRESENTATION_ITEM ('')
   SURFACE ()
);
#5781 = ADVANCED_FACE ('', (#5769), #5780, .T.);
#5782 = CARTESIAN_POINT ('', (-58.25, 5., 5.));
#5783 = VERTEX_POINT ('', #5782);
#5784 = CARTESIAN_POINT ('', (-58.25, 19., 5.));
#5785 = CARTESIAN_POINT ('', (-58.25, 5., 5.));
#5786 = B_SPLINE_CURVE_WITH_KNOTS ('', 1, (#5784, #5785), .UNSPECIFIED., .F., .U., (2, 2), (41.5, 55.5), .UNSPECIFIED.);
#5787 = EDGE_CURVE ('', #5752, #5783, #5786, .T.);
#5788 = ORIENTED_EDGE ('', *, *, #5787, .F.);
#5789 = ORIENTED_EDGE ('', *, *, #5766, .F.);
#5790 = ORIENTED_EDGE ('', *, *, #2052, .T.);
#5791 = CARTESIAN_POINT ('', (-58.25, 5., 3.5));
#5792 = CARTESIAN_POINT ('', (-58.25, 5., 5.));
#5793 = B_SPLINE_CURVE_WITH_KNOTS ('', 1, (#5791, #5792), .UNSPECIFIED., .F., .U., (2, 2), (0., 1.), .UNSPECIFIED.);
#5794 = EDGE_CURVE ('', #2038, #5783, #5793, .T.);
#5795 = ORIENTED_EDGE ('', *, *, #5794, .T.);
#5796 = EDGE_LOOP ('', (#5788, #5789, #5790, #5795));
#5797 = FACE_OUTER_BOUND ('', #5796, .T.);
#5798 = CARTESIAN_POINT ('', (-58.25, 19., 3.5));
#5799 = CARTESIAN_POINT ('', (-58.25, 19., 5.));
#5800 = CARTESIAN_POINT ('', (-58.25, 5., 3.5));
#5801 = CARTESIAN_POINT ('', (-58.25, 5., 5.));
#5802 = B_SPLINE_SURFACE_WITH_KNOTS ('', 1, 1, ((#5798, #5799), (#5800, #5801)), .UNSPECIFIED., .F., .F., .U., (2, 2), (2, 2), (41.5, 55.5), (0., 1.), .UNSPECIFIED.);
#5803 = ADVANCED_FACE ('', (#5797), #5802, .T.);
#5804 = CARTESIAN_POINT ('', (-59.25, 5., 5.));
#5805 = VERTEX_POINT ('', #5804);
#5806 = CARTESIAN_POINT ('', (-58.25, 5., 5.));
#5807 = CARTESIAN_POINT ('', (-58.25, 4.5, 5.));
#5808 = CARTESIAN_POINT ('', (-58.75, 4.5, 5.));
#5809 = CARTESIAN_POINT ('', (-59.25, 4.5, 5.));
#5810 = CARTESIAN_POINT ('', (-59.25, 5., 5.));
#5811 = (
   BOUNDED_CURVE ()
   B_SPLINE_CURVE (2, (#5806, #5807, #5808, #5809, #5810), .UNSPECIFIED., .F., .U.)
   B_SPLINE_CURVE_WITH_KNOTS ((3, 2, 3), (55.5, 55.75, 56.), .UNSPECIFIED.)
   CURVE ()
   GEOMETRIC_REPRESENTATION_ITEM ()
   RATIONAL_B_SPLINE_CURVE ((1., 0.707106781186548, 1., 0.707106781186548, 1.))
   REPRESENTATION_ITEM ('')
);
#5812 = EDGE_CURVE ('', #5783, #5805, #5811, .T.);
#5813 = ORIENTED_EDGE ('', *, *, #5812, .F.);
#5814 = ORIENTED_EDGE ('', *, *, #5794, .F.);
#5815 = ORIENTED_EDGE ('', *, *, #2045, .T.);
#5816 = CARTESIAN_POINT ('', (-59.25, 5., 3.5));
#5817 = CARTESIAN_POINT ('', (-59.25, 5., 5.));
#5818 = B_SPLINE_CURVE_WITH_KNOTS ('', 1, (#5816, #5817), .UNSPECIFIED., .F., .U., (2, 2), (0., 1.), .UNSPECIFIED.);
#5819 = EDGE_CURVE ('', #2031, #5805, #5818, .T.);
#5820 = ORIENTED_EDGE ('', *, *, #5819, .T.);
#5821 = EDGE_LOOP ('', (#5813, #5814, #5815, #5820));
#5822 = FACE_OUTER_BOUND ('', #5821, .T.);
#5823 = CARTESIAN_POINT ('', (-58.25, 5., 3.5));
#5824 = CARTESIAN_POINT ('', (-58.25, 5., 5.));
#5825 = CARTESIAN_POINT ('', (-58.25, 4.5, 3.5));
#5826 = CARTESIAN_POINT ('', (-58.25, 4.5, 5.));
#5827 = CARTESIAN_POINT ('', (-58.75, 4.5, 3.5));
#5828 = CARTESIAN_POINT ('', (-58.75, 4.5, 5.));
#5829 = CARTESIAN_POINT ('', (-59.25, 4.5, 3.5));
#5830 = CARTESIAN_POINT ('', (-59.25, 4.5, 5.));
#5831 = CARTESIAN_POINT ('', (-59.25, 5., 3.5));
#5832 = CARTESIAN_POINT ('', (-59.25, 5., 5.));
#5833 = (
   BOUNDED_SURFACE ()
   B_SPLINE_SURFACE (2, 1, ((#5823, #5824), (#5825, #5826), (#5827, #5828), (#5829, #5830), (#5831, #5832)), .UNSPECIFIED., .F., .F., .U.)
   B_SPLINE_SURFACE_WITH_KNOTS ((3, 2, 3), (2, 2), (55.5, 55.75, 56.), (0., 1.), .UNSPECIFIED.)
   GEOMETRIC_REPRESENTATION_ITEM ()
   RATIONAL_B_SPLINE_SURFACE (((1., 1.), (0.707106781186548, 0.707106781186548), (1., 1.), (0.707106781186548, 0.707106781186548), (1., 1.)))
   REPRESENTATION_ITEM ('')
   SURFACE ()
);
#5834 = ADVANCED_FACE ('', (#5822), #5833, .T.);
#5835 = CARTESIAN_POINT ('', (-71.25, 5., 5.));
#5836 = VERTEX_POINT ('', #5835);
#5837 = CARTESIAN_POINT ('', (-59.25, 5., 5.));
#5838 = CARTESIAN_POINT ('', (-71.25, 5., 5.));
#5839 = B_SPLINE_CURVE_WITH_KNOTS ('', 1, (#5837, #5838), .UNSPECIFIED., .F., .U., (2, 2), (56., 68.), .UNSPECIFIED.);
#5840 = EDGE_CURVE ('', #5805, #5836, #5839, .T.);
#5841 = ORIENTED_EDGE ('', *, *, #5840, .F.);
#5842 = ORIENTED_EDGE ('', *, *, #5819, .F.);
#5843 = ORIENTED_EDGE ('', *, *, #2035, .T.);
#5844 = CARTESIAN_POINT ('', (-71.25, 5., 3.5));
#5845 = CARTESIAN_POINT ('', (-71.25, 5., 5.));
#5846 = B_SPLINE_CURVE_WITH_KNOTS ('', 1, (#5844, #5845), .UNSPECIFIED., .F., .U., (2, 2), (0., 1.), .UNSPECIFIED.);
#5847 = EDGE_CURVE ('', #2019, #5836, #5846, .T.);
#5848 = ORIENTED_EDGE ('', *, *, #5847, .T.);
#5849 = EDGE_LOOP ('', (#5841, #5842, #5843, #5848));
#5850 = FACE_OUTER_BOUND ('', #5849, .T.);
#5851 = CARTESIAN_POINT ('', (-59.25, 5., 3.5));
#5852 = CARTESIAN_POINT ('', (-59.25, 5., 5.));
#5853 = CARTESIAN_POINT ('', (-71.25, 5., 3.5));
#5854 = CARTESIAN_POINT ('', (-71.25, 5., 5.));
#5855 = B_SPLINE_SURFACE_WITH_KNOTS ('', 1, 1, ((#5851, #5852), (#5853, #5854)), .UNSPECIFIED., .F., .F., .U., (2, 2), (2, 2), (56., 68.), (0., 1.), .UNSPECIFIED.);
#5856 = ADVANCED_FACE ('', (#5850), #5855, .T.);
#5857 = CARTESIAN_POINT ('', (-72.25, 5., 5.));
#5858 = VERTEX_POINT ('', #5857);
#5859 = CARTESIAN_POINT ('', (-71.25, 5., 5.));
#5860 = CARTESIAN_POINT ('', (-71.25, 4.5, 5.));
#5861 = CARTESIAN_POINT ('', (-71.75, 4.5, 5.));
#5862 = CARTESIAN_POINT ('', (-72.25, 4.5, 5.));
#5863 = CARTESIAN_POINT ('', (-72.25, 5., 5.));
#5864 = (
   BOUNDED_CURVE ()
   B_SPLINE_CURVE (2, (#5859, #5860, #5861, #5862, #5863), .UNSPECIFIED., .F., .U.)
   B_SPLINE_CURVE_WITH_KNOTS ((3, 2, 3), (68., 68.25, 68.5), .UNSPECIFIED.)
   CURVE ()
   GEOMETRIC_REPRESENTATION_ITEM ()
   RATIONAL_B_SPLINE_CURVE ((1., 0.707106781186548, 1., 0.707106781186548, 1.))
   REPRESENTATION_ITEM ('')
);
#5865 = EDGE_CURVE ('', #5836, #5858, #5864, .T.);
#5866 = ORIENTED_EDGE ('', *, *, #5865, .F.);
#5867 = ORIENTED_EDGE ('', *, *, #5847, .F.);
#5868 = ORIENTED_EDGE ('', *, *, #2028, .T.);
#5869 = CARTESIAN_POINT ('', (-72.25, 5., 3.5));
#5870 = CARTESIAN_POINT ('', (-72.25, 5., 5.));
#5871 = B_SPLINE_CURVE_WITH_KNOTS ('', 1, (#5869, #5870), .UNSPECIFIED., .F., .U., (2, 2), (0., 1.), .UNSPECIFIED.);
#5872 = EDGE_CURVE ('', #2021, #5858, #5871, .T.);
#5873 = ORIENTED_EDGE ('', *, *, #5872, .T.);
#5874 = EDGE_LOOP ('', (#5866, #5867, #5868, #5873));
#5875 = FACE_OUTER_BOUND ('', #5874, .T.);
#5876 = CARTESIAN_POINT ('', (-71.25, 5., 3.5));
#5877 = CARTESIAN_POINT ('', (-71.25, 5., 5.));
#5878 = CARTESIAN_POINT ('', (-71.25, 4.5, 3.5));
#5879 = CARTESIAN_POINT ('', (-71.25, 4.5, 5.));
#5880 = CARTESIAN_POINT ('', (-71.75, 4.5, 3.5));
#5881 = CARTESIAN_POINT ('', (-71.75, 4.5, 5.));
#5882 = CARTESIAN_POINT ('', (-72.25, 4.5, 3.5));
#5883 = CARTESIAN_POINT ('', (-72.25, 4.5, 5.));
#5884 = CARTESIAN_POINT ('', (-72.25, 5., 3.5));
#5885 = CARTESIAN_POINT ('', (-72.25, 5., 5.));
#5886 = (
   BOUNDED_SURFACE ()
   B_SPLINE_SURFACE (2, 1, ((#5876, #5877), (#5878, #5879), (#5880, #5881), (#5882, #5883), (#5884, #5885)), .UNSPECIFIED., .F., .F., .U.)
   B_SPLINE_SURFACE_WITH_KNOTS ((3, 2, 3), (2, 2), (68., 68.25, 68.5), (0., 1.), .UNSPECIFIED.)
   GEOMETRIC_REPRESENTATION_ITEM ()
   RATIONAL_B_SPLINE_SURFACE (((1., 1.), (0.707106781186548, 0.707106781186548), (1., 1.), (0.707106781186548, 0.707106781186548), (1., 1.)))
   REPRESENTATION_ITEM ('')
   SURFACE ()
);
#5887 = ADVANCED_FACE ('', (#5875), #5886, .T.);
#5888 = CARTESIAN_POINT ('', (-72.25, 5., 5.));
#5889 = CARTESIAN_POINT ('', (-72.25, 19., 5.));
#5890 = B_SPLINE_CURVE_WITH_KNOTS ('', 1, (#5888, #5889), .UNSPECIFIED., .F., .U., (2, 2), (68.5, 82.5), .UNSPECIFIED.);
#5891 = EDGE_CURVE ('', #5858, #5693, #5890, .T.);
#5892 = ORIENTED_EDGE ('', *, *, #5891, .F.);
#5893 = ORIENTED_EDGE ('', *, *, #5872, .F.);
#5894 = ORIENTED_EDGE ('', *, *, #2084, .T.);
#5895 = ORIENTED_EDGE ('', *, *, #5707, .T.);
#5896 = EDGE_LOOP ('', (#5892, #5893, #5894, #5895));
#5897 = FACE_OUTER_BOUND ('', #5896, .T.);
#5898 = CARTESIAN_POINT ('', (-72.25, 5., 3.5));
#5899 = CARTESIAN_POINT ('', (-72.25, 5., 5.));
#5900 = CARTESIAN_POINT ('', (-72.25, 19., 3.5));
#5901 = CARTESIAN_POINT ('', (-72.25, 19., 5.));
#5902 = B_SPLINE_SURFACE_WITH_KNOTS ('', 1, 1, ((#5898, #5899), (#5900, #5901)), .UNSPECIFIED., .F., .F., .U., (2, 2), (2, 2), (68.5, 82.5), (0., 1.), .UNSPECIFIED.);
#5903 = ADVANCED_FACE ('', (#5897), #5902, .T.);
#5904 = CARTESIAN_POINT ('', (-29.5, 38., 5.));
#5905 = VERTEX_POINT ('', #5904);
#5906 = CARTESIAN_POINT ('', (-28.5, 38., 5.));
#5907 = VERTEX_POINT ('', #5906);
#5908 = CARTESIAN_POINT ('', (-29.5, 38., 5.));
#5909 = CARTESIAN_POINT ('', (-29.5, 38.5, 5.));
#5910 = CARTESIAN_POINT ('', (-29., 38.5, 5.));
#5911 = CARTESIAN_POINT ('', (-28.5, 38.5, 5.));
#5912 = CARTESIAN_POINT ('', (-28.5, 38., 5.));
#5913 = (
   BOUNDED_CURVE ()
   B_SPLINE_CURVE (2, (#5908, #5909, #5910, #5911, #5912), .UNSPECIFIED., .F., .U.)
   B_SPLINE_CURVE_WITH_KNOTS ((3, 2, 3), (82.5, 82.75, 83.), .UNSPECIFIED.)
   CURVE ()
   GEOMETRIC_REPRESENTATION_ITEM ()
   RATIONAL_B_SPLINE_CURVE ((1., 0.707106781186548, 1., 0.707106781186548, 1.))
   REPRESENTATION_ITEM ('')
);
#5914 = EDGE_CURVE ('', #5905, #5907, #5913, .T.);
#5915 = ORIENTED_EDGE ('', *, *, #5914, .F.);
#5916 = CARTESIAN_POINT ('', (-29.5, 38., 3.5));
#5917 = CARTESIAN_POINT ('', (-29.5, 38., 5.));
#5918 = B_SPLINE_CURVE_WITH_KNOTS ('', 1, (#5916, #5917), .UNSPECIFIED., .F., .U., (2, 2), (0., 1.), .UNSPECIFIED.);
#5919 = EDGE_CURVE ('', #2002, #5905, #5918, .T.);
#5920 = ORIENTED_EDGE ('', *, *, #5919, .F.);
#5921 = ORIENTED_EDGE ('', *, *, #2009, .T.);
#5922 = CARTESIAN_POINT ('', (-28.5, 38., 3.5));
#5923 = CARTESIAN_POINT ('', (-28.5, 38., 5.));
#5924 = B_SPLINE_CURVE_WITH_KNOTS ('', 1, (#5922, #5923), .UNSPECIFIED., .F., .U., (2, 2), (0., 1.), .UNSPECIFIED.);
#5925 = EDGE_CURVE ('', #1995, #5907, #5924, .T.);
#5926 = ORIENTED_EDGE ('', *, *, #5925, .T.);
#5927 = EDGE_LOOP ('', (#5915, #5920, #5921, #5926));
#5928 = FACE_OUTER_BOUND ('', #5927, .T.);
#5929 = CARTESIAN_POINT ('', (-29.5, 38., 3.5));
#5930 = CARTESIAN_POINT ('', (-29.5, 38., 5.));
#5931 = CARTESIAN_POINT ('', (-29.5, 38.5, 3.5));
#5932 = CARTESIAN_POINT ('', (-29.5, 38.5, 5.));
#5933 = CARTESIAN_POINT ('', (-29., 38.5, 3.5));
#5934 = CARTESIAN_POINT ('', (-29., 38.5, 5.));
#5935 = CARTESIAN_POINT ('', (-28.5, 38.5, 3.5));
#5936 = CARTESIAN_POINT ('', (-28.5, 38.5, 5.));
#5937 = CARTESIAN_POINT ('', (-28.5, 38., 3.5));
#5938 = CARTESIAN_POINT ('', (-28.5, 38., 5.));
#5939 = (
   BOUNDED_SURFACE ()
   B_SPLINE_SURFACE (2, 1, ((#5929, #5930), (#5931, #5932), (#5933, #5934), (#5935, #5936), (#5937, #5938)), .UNSPECIFIED., .F., .F., .U.)
   B_SPLINE_SURFACE_WITH_KNOTS ((3, 2, 3), (2, 2), (82.5, 82.75, 83.), (0., 1.), .UNSPECIFIED.)
   GEOMETRIC_REPRESENTATION_ITEM ()
   RATIONAL_B_SPLINE_SURFACE (((1., 1.), (0.707106781186548, 0.707106781186548), (1., 1.), (0.707106781186548, 0.707106781186548), (1., 1.)))
   REPRESENTATION_ITEM ('')
   SURFACE ()
);
#5940 = ADVANCED_FACE ('', (#5928), #5939, .T.);
#5941 = CARTESIAN_POINT ('', (-16.5, 38., 5.));
#5942 = VERTEX_POINT ('', #5941);
#5943 = CARTESIAN_POINT ('', (-28.5, 38., 5.));
#5944 = CARTESIAN_POINT ('', (-16.5, 38., 5.));
#5945 = B_SPLINE_CURVE_WITH_KNOTS ('', 1, (#5943, #5944), .UNSPECIFIED., .F., .U., (2, 2), (29., 41.), .UNSPECIFIED.);
#5946 = EDGE_CURVE ('', #5907, #5942, #5945, .T.);
#5947 = ORIENTED_EDGE ('', *, *, #5946, .F.);
#5948 = ORIENTED_EDGE ('', *, *, #5925, .F.);
#5949 = ORIENTED_EDGE ('', *, *, #1999, .T.);
#5950 = CARTESIAN_POINT ('', (-16.5, 38., 3.5));
#5951 = CARTESIAN_POINT ('', (-16.5, 38., 5.));
#5952 = B_SPLINE_CURVE_WITH_KNOTS ('', 1, (#5950, #5951), .UNSPECIFIED., .F., .U., (2, 2), (0., 1.), .UNSPECIFIED.);
#5953 = EDGE_CURVE ('', #1985, #5942, #5952, .T.);
#5954 = ORIENTED_EDGE ('', *, *, #5953, .T.);
#5955 = EDGE_LOOP ('', (#5947, #5948, #5949, #5954));
#5956 = FACE_OUTER_BOUND ('', #5955, .T.);
#5957 = CARTESIAN_POINT ('', (-28.5, 38., 3.5));
#5958 = CARTESIAN_POINT ('', (-28.5, 38., 5.));
#5959 = CARTESIAN_POINT ('', (-16.5, 38., 3.5));
#5960 = CARTESIAN_POINT ('', (-16.5, 38., 5.));
#5961 = B_SPLINE_SURFACE_WITH_KNOTS ('', 1, 1, ((#5957, #5958), (#5959, #5960)), .UNSPECIFIED., .F., .F., .U., (2, 2), (2, 2), (29., 41.), (0., 1.), .UNSPECIFIED.);
#5962 = ADVANCED_FACE ('', (#5956), #5961, .T.);
#5963 = CARTESIAN_POINT ('', (-15.5, 38., 5.));
#5964 = VERTEX_POINT ('', #5963);
#5965 = CARTESIAN_POINT ('', (-16.5, 38., 5.));
#5966 = CARTESIAN_POINT ('', (-16.5, 38.5, 5.));
#5967 = CARTESIAN_POINT ('', (-16., 38.5, 5.));
#5968 = CARTESIAN_POINT ('', (-15.5, 38.5, 5.));
#5969 = CARTESIAN_POINT ('', (-15.5, 38., 5.));
#5970 = (
   BOUNDED_CURVE ()
   B_SPLINE_CURVE (2, (#5965, #5966, #5967, #5968, #5969), .UNSPECIFIED., .F., .U.)
   B_SPLINE_CURVE_WITH_KNOTS ((3, 2, 3), (41., 41.25, 41.5), .UNSPECIFIED.)
   CURVE ()
   GEOMETRIC_REPRESENTATION_ITEM ()
   RATIONAL_B_SPLINE_CURVE ((1., 0.707106781186548, 1., 0.707106781186548, 1.))
   REPRESENTATION_ITEM ('')
);
#5971 = EDGE_CURVE ('', #5942, #5964, #5970, .T.);
#5972 = ORIENTED_EDGE ('', *, *, #5971, .F.);
#5973 = ORIENTED_EDGE ('', *, *, #5953, .F.);
#5974 = ORIENTED_EDGE ('', *, *, #1992, .T.);
#5975 = CARTESIAN_POINT ('', (-15.5, 38., 3.5));
#5976 = CARTESIAN_POINT ('', (-15.5, 38., 5.));
#5977 = B_SPLINE_CURVE_WITH_KNOTS ('', 1, (#5975, #5976), .UNSPECIFIED., .F., .U., (2, 2), (0., 1.), .UNSPECIFIED.);
#5978 = EDGE_CURVE ('', #1978, #5964, #5977, .T.);
#5979 = ORIENTED_EDGE ('', *, *, #5978, .T.);
#5980 = EDGE_LOOP ('', (#5972, #5973, #5974, #5979));
#5981 = FACE_OUTER_BOUND ('', #5980, .T.);
#5982 = CARTESIAN_POINT ('', (-16.5, 38., 3.5));
#5983 = CARTESIAN_POINT ('', (-16.5, 38., 5.));
#5984 = CARTESIAN_POINT ('', (-16.5, 38.5, 3.5));
#5985 = CARTESIAN_POINT ('', (-16.5, 38.5, 5.));
#5986 = CARTESIAN_POINT ('', (-16., 38.5, 3.5));
#5987 = CARTESIAN_POINT ('', (-16., 38.5, 5.));
#5988 = CARTESIAN_POINT ('', (-15.5, 38.5, 3.5));
#5989 = CARTESIAN_POINT ('', (-15.5, 38.5, 5.));
#5990 = CARTESIAN_POINT ('', (-15.5, 38., 3.5));
#5991 = CARTESIAN_POINT ('', (-15.5, 38., 5.));
#5992 = (
   BOUNDED_SURFACE ()
   B_SPLINE_SURFACE (2, 1, ((#5982, #5983), (#5984, #5985), (#5986, #5987), (#5988, #5989), (#5990, #5991)), .UNSPECIFIED., .F., .F., .U.)
   B_SPLINE_SURFACE_WITH_KNOTS ((3, 2, 3), (2, 2), (41., 41.25, 41.5), (0., 1.), .UNSPECIFIED.)
   GEOMETRIC_REPRESENTATION_ITEM ()
   RATIONAL_B_SPLINE_SURFACE (((1., 1.), (0.707106781186548, 0.707106781186548), (1., 1.), (0.707106781186548, 0.707106781186548), (1., 1.)))
   REPRESENTATION_ITEM ('')
   SURFACE ()
);
#5993 = ADVANCED_FACE ('', (#5981), #5992, .T.);
#5994 = CARTESIAN_POINT ('', (-15.5, 24., 5.));
#5995 = VERTEX_POINT ('', #5994);
#5996 = CARTESIAN_POINT ('', (-15.5, 38., 5.));
#5997 = CARTESIAN_POINT ('', (-15.5, 24., 5.));
#5998 = B_SPLINE_CURVE_WITH_KNOTS ('', 1, (#5996, #5997), .UNSPECIFIED., .F., .U., (2, 2), (41.5, 55.5), .UNSPECIFIED.);
#5999 = EDGE_CURVE ('', #5964, #5995, #5998, .T.);
#6000 = ORIENTED_EDGE ('', *, *, #5999, .F.);
#6001 = ORIENTED_EDGE ('', *, *, #5978, .F.);
#6002 = ORIENTED_EDGE ('', *, *, #1982, .T.);
#6003 = CARTESIAN_POINT ('', (-15.5, 24., 3.5));
#6004 = CARTESIAN_POINT ('', (-15.5, 24., 5.));
#6005 = B_SPLINE_CURVE_WITH_KNOTS ('', 1, (#6003, #6004), .UNSPECIFIED., .F., .U., (2, 2), (0., 1.), .UNSPECIFIED.);
#6006 = EDGE_CURVE ('', #1968, #5995, #6005, .T.);
#6007 = ORIENTED_EDGE ('', *, *, #6006, .T.);
#6008 = EDGE_LOOP ('', (#6000, #6001, #6002, #6007));
#6009 = FACE_OUTER_BOUND ('', #6008, .T.);
#6010 = CARTESIAN_POINT ('', (-15.5, 38., 3.5));
#6011 = CARTESIAN_POINT ('', (-15.5, 38., 5.));
#6012 = CARTESIAN_POINT ('', (-15.5, 24., 3.5));
#6013 = CARTESIAN_POINT ('', (-15.5, 24., 5.));
#6014 = B_SPLINE_SURFACE_WITH_KNOTS ('', 1, 1, ((#6010, #6011), (#6012, #6013)), .UNSPECIFIED., .F., .F., .U., (2, 2), (2, 2), (41.5, 55.5), (0., 1.), .UNSPECIFIED.);
#6015 = ADVANCED_FACE ('', (#6009), #6014, .T.);
#6016 = CARTESIAN_POINT ('', (-16.5, 24., 5.));
#6017 = VERTEX_POINT ('', #6016);
#6018 = CARTESIAN_POINT ('', (-15.5, 24., 5.));
#6019 = CARTESIAN_POINT ('', (-15.5, 23.5, 5.));
#6020 = CARTESIAN_POINT ('', (-16., 23.5, 5.));
#6021 = CARTESIAN_POINT ('', (-16.5, 23.5, 5.));
#6022 = CARTESIAN_POINT ('', (-16.5, 24., 5.));
#6023 = (
   BOUNDED_CURVE ()
   B_SPLINE_CURVE (2, (#6018, #6019, #6020, #6021, #6022), .UNSPECIFIED., .F., .U.)
   B_SPLINE_CURVE_WITH_KNOTS ((3, 2, 3), (55.5, 55.75, 56.), .UNSPECIFIED.)
   CURVE ()
   GEOMETRIC_REPRESENTATION_ITEM ()
   RATIONAL_B_SPLINE_CURVE ((1., 0.707106781186548, 1., 0.707106781186548, 1.))
   REPRESENTATION_ITEM ('')
);
#6024 = EDGE_CURVE ('', #5995, #6017, #6023, .T.);
#6025 = ORIENTED_EDGE ('', *, *, #6024, .F.);
#6026 = ORIENTED_EDGE ('', *, *, #6006, .F.);
#6027 = ORIENTED_EDGE ('', *, *, #1975, .T.);
#6028 = CARTESIAN_POINT ('', (-16.5, 24., 3.5));
#6029 = CARTESIAN_POINT ('', (-16.5, 24., 5.));
#6030 = B_SPLINE_CURVE_WITH_KNOTS ('', 1, (#6028, #6029), .UNSPECIFIED., .F., .U., (2, 2), (0., 1.), .UNSPECIFIED.);
#6031 = EDGE_CURVE ('', #1961, #6017, #6030, .T.);
#6032 = ORIENTED_EDGE ('', *, *, #6031, .T.);
#6033 = EDGE_LOOP ('', (#6025, #6026, #6027, #6032));
#6034 = FACE_OUTER_BOUND ('', #6033, .T.);
#6035 = CARTESIAN_POINT ('', (-15.5, 24., 3.5));
#6036 = CARTESIAN_POINT ('', (-15.5, 24., 5.));
#6037 = CARTESIAN_POINT ('', (-15.5, 23.5, 3.5));
#6038 = CARTESIAN_POINT ('', (-15.5, 23.5, 5.));
#6039 = CARTESIAN_POINT ('', (-16., 23.5, 3.5));
#6040 = CARTESIAN_POINT ('', (-16., 23.5, 5.));
#6041 = CARTESIAN_POINT ('', (-16.5, 23.5, 3.5));
#6042 = CARTESIAN_POINT ('', (-16.5, 23.5, 5.));
#6043 = CARTESIAN_POINT ('', (-16.5, 24., 3.5));
#6044 = CARTESIAN_POINT ('', (-16.5, 24., 5.));
#6045 = (
   BOUNDED_SURFACE ()
   B_SPLINE_SURFACE (2, 1, ((#6035, #6036), (#6037, #6038), (#6039, #6040), (#6041, #6042), (#6043, #6044)), .UNSPECIFIED., .F., .F., .U.)
   B_SPLINE_SURFACE_WITH_KNOTS ((3, 2, 3), (2, 2), (55.5, 55.75, 56.), (0., 1.), .UNSPECIFIED.)
   GEOMETRIC_REPRESENTATION_ITEM ()
   RATIONAL_B_SPLINE_SURFACE (((1., 1.), (0.707106781186548, 0.707106781186548), (1., 1.), (0.707106781186548, 0.707106781186548), (1., 1.)))
   REPRESENTATION_ITEM ('')
   SURFACE ()
);
#6046 = ADVANCED_FACE ('', (#6034), #6045, .T.);
#6047 = CARTESIAN_POINT ('', (-28.5, 24., 5.));
#6048 = VERTEX_POINT ('', #6047);
#6049 = CARTESIAN_POINT ('', (-16.5, 24., 5.));
#6050 = CARTESIAN_POINT ('', (-28.5, 24., 5.));
#6051 = B_SPLINE_CURVE_WITH_KNOTS ('', 1, (#6049, #6050), .UNSPECIFIED., .F., .U., (2, 2), (56., 68.), .UNSPECIFIED.);
#6052 = EDGE_CURVE ('', #6017, #6048, #6051, .T.);
#6053 = ORIENTED_EDGE ('', *, *, #6052, .F.);
#6054 = ORIENTED_EDGE ('', *, *, #6031, .F.);
#6055 = ORIENTED_EDGE ('', *, *, #1965, .T.);
#6056 = CARTESIAN_POINT ('', (-28.5, 24., 3.5));
#6057 = CARTESIAN_POINT ('', (-28.5, 24., 5.));
#6058 = B_SPLINE_CURVE_WITH_KNOTS ('', 1, (#6056, #6057), .UNSPECIFIED., .F., .U., (2, 2), (0., 1.), .UNSPECIFIED.);
#6059 = EDGE_CURVE ('', #1949, #6048, #6058, .T.);
#6060 = ORIENTED_EDGE ('', *, *, #6059, .T.);
#6061 = EDGE_LOOP ('', (#6053, #6054, #6055, #6060));
#6062 = FACE_OUTER_BOUND ('', #6061, .T.);
#6063 = CARTESIAN_POINT ('', (-16.5, 24., 3.5));
#6064 = CARTESIAN_POINT ('', (-16.5, 24., 5.));
#6065 = CARTESIAN_POINT ('', (-28.5, 24., 3.5));
#6066 = CARTESIAN_POINT ('', (-28.5, 24., 5.));
#6067 = B_SPLINE_SURFACE_WITH_KNOTS ('', 1, 1, ((#6063, #6064), (#6065, #6066)), .UNSPECIFIED., .F., .F., .U., (2, 2), (2, 2), (56., 68.), (0., 1.), .UNSPECIFIED.);
#6068 = ADVANCED_FACE ('', (#6062), #6067, .T.);
#6069 = CARTESIAN_POINT ('', (-29.5, 24., 5.));
#6070 = VERTEX_POINT ('', #6069);
#6071 = CARTESIAN_POINT ('', (-28.5, 24., 5.));
#6072 = CARTESIAN_POINT ('', (-28.5, 23.5, 5.));
#6073 = CARTESIAN_POINT ('', (-29., 23.5, 5.));
#6074 = CARTESIAN_POINT ('', (-29.5, 23.5, 5.));
#6075 = CARTESIAN_POINT ('', (-29.5, 24., 5.));
#6076 = (
   BOUNDED_CURVE ()
   B_SPLINE_CURVE (2, (#6071, #6072, #6073, #6074, #6075), .UNSPECIFIED., .F., .U.)
   B_SPLINE_CURVE_WITH_KNOTS ((3, 2, 3), (68., 68.25, 68.5), .UNSPECIFIED.)
   CURVE ()
   GEOMETRIC_REPRESENTATION_ITEM ()
   RATIONAL_B_SPLINE_CURVE ((1., 0.707106781186548, 1., 0.707106781186548, 1.))
   REPRESENTATION_ITEM ('')
);
#6077 = EDGE_CURVE ('', #6048, #6070, #6076, .T.);
#6078 = ORIENTED_EDGE ('', *, *, #6077, .F.);
#6079 = ORIENTED_EDGE ('', *, *, #6059, .F.);
#6080 = ORIENTED_EDGE ('', *, *, #1958, .T.);
#6081 = CARTESIAN_POINT ('', (-29.5, 24., 3.5));
#6082 = CARTESIAN_POINT ('', (-29.5, 24., 5.));
#6083 = B_SPLINE_CURVE_WITH_KNOTS ('', 1, (#6081, #6082), .UNSPECIFIED., .F., .U., (2, 2), (0., 1.), .UNSPECIFIED.);
#6084 = EDGE_CURVE ('', #1951, #6070, #6083, .T.);
#6085 = ORIENTED_EDGE ('', *, *, #6084, .T.);
#6086 = EDGE_LOOP ('', (#6078, #6079, #6080, #6085));
#6087 = FACE_OUTER_BOUND ('', #6086, .T.);
#6088 = CARTESIAN_POINT ('', (-28.5, 24., 3.5));
#6089 = CARTESIAN_POINT ('', (-28.5, 24., 5.));
#6090 = CARTESIAN_POINT ('', (-28.5, 23.5, 3.5));
#6091 = CARTESIAN_POINT ('', (-28.5, 23.5, 5.));
#6092 = CARTESIAN_POINT ('', (-29., 23.5, 3.5));
#6093 = CARTESIAN_POINT ('', (-29., 23.5, 5.));
#6094 = CARTESIAN_POINT ('', (-29.5, 23.5, 3.5));
#6095 = CARTESIAN_POINT ('', (-29.5, 23.5, 5.));
#6096 = CARTESIAN_POINT ('', (-29.5, 24., 3.5));
#6097 = CARTESIAN_POINT ('', (-29.5, 24., 5.));
#6098 = (
   BOUNDED_SURFACE ()
   B_SPLINE_SURFACE (2, 1, ((#6088, #6089), (#6090, #6091), (#6092, #6093), (#6094, #6095), (#6096, #6097)), .UNSPECIFIED., .F., .F., .U.)
   B_SPLINE_SURFACE_WITH_KNOTS ((3, 2, 3), (2, 2), (68., 68.25, 68.5), (0., 1.), .UNSPECIFIED.)
   GEOMETRIC_REPRESENTATION_ITEM ()
   RATIONAL_B_SPLINE_SURFACE (((1., 1.), (0.707106781186548, 0.707106781186548), (1., 1.), (0.707106781186548, 0.707106781186548), (1., 1.)))
   REPRESENTATION_ITEM ('')
   SURFACE ()
);
#6099 = ADVANCED_FACE ('', (#6087), #6098, .T.);
#6100 = CARTESIAN_POINT ('', (-29.5, 24., 5.));
#6101 = CARTESIAN_POINT ('', (-29.5, 38., 5.));
#6102 = B_SPLINE_CURVE_WITH_KNOTS ('', 1, (#6100, #6101), .UNSPECIFIED., .F., .U., (2, 2), (68.5, 82.5), .UNSPECIFIED.);
#6103 = EDGE_CURVE ('', #6070, #5905, #6102, .T.);
#6104 = ORIENTED_EDGE ('', *, *, #6103, .F.);
#6105 = ORIENTED_EDGE ('', *, *, #6084, .F.);
#6106 = ORIENTED_EDGE ('', *, *, #2014, .T.);
#6107 = ORIENTED_EDGE ('', *, *, #5919, .T.);
#6108 = EDGE_LOOP ('', (#6104, #6105, #6106, #6107));
#6109 = FACE_OUTER_BOUND ('', #6108, .T.);
#6110 = CARTESIAN_POINT ('', (-29.5, 24., 3.5));
#6111 = CARTESIAN_POINT ('', (-29.5, 24., 5.));
#6112 = CARTESIAN_POINT ('', (-29.5, 38., 3.5));
#6113 = CARTESIAN_POINT ('', (-29.5, 38., 5.));
#6114 = B_SPLINE_SURFACE_WITH_KNOTS ('', 1, 1, ((#6110, #6111), (#6112, #6113)), .UNSPECIFIED., .F., .F., .U., (2, 2), (2, 2), (68.5, 82.5), (0., 1.), .UNSPECIFIED.);
#6115 = ADVANCED_FACE ('', (#6109), #6114, .T.);
#6116 = CARTESIAN_POINT ('', (-48.5, 38., 5.));
#6117 = VERTEX_POINT ('', #6116);
#6118 = CARTESIAN_POINT ('', (-47.5, 38., 5.));
#6119 = VERTEX_POINT ('', #6118);
#6120 = CARTESIAN_POINT ('', (-48.5, 38., 5.));
#6121 = CARTESIAN_POINT ('', (-48.5, 38.5, 5.));
#6122 = CARTESIAN_POINT ('', (-48., 38.5, 5.));
#6123 = CARTESIAN_POINT ('', (-47.5, 38.5, 5.));
#6124 = CARTESIAN_POINT ('', (-47.5, 38., 5.));
#6125 = (
   BOUNDED_CURVE ()
   B_SPLINE_CURVE (2, (#6120, #6121, #6122, #6123, #6124), .UNSPECIFIED., .F., .U.)
   B_SPLINE_CURVE_WITH_KNOTS ((3, 2, 3), (82.5, 82.75, 83.), .UNSPECIFIED.)
   CURVE ()
   GEOMETRIC_REPRESENTATION_ITEM ()
   RATIONAL_B_SPLINE_CURVE ((1., 0.707106781186548, 1., 0.707106781186548, 1.))
   REPRESENTATION_ITEM ('')
);
#6126 = EDGE_CURVE ('', #6117, #6119, #6125, .T.);
#6127 = ORIENTED_EDGE ('', *, *, #6126, .F.);
#6128 = CARTESIAN_POINT ('', (-48.5, 38., 3.5));
#6129 = CARTESIAN_POINT ('', (-48.5, 38., 5.));
#6130 = B_SPLINE_CURVE_WITH_KNOTS ('', 1, (#6128, #6129), .UNSPECIFIED., .F., .U., (2, 2), (0., 1.), .UNSPECIFIED.);
#6131 = EDGE_CURVE ('', #1932, #6117, #6130, .T.);
#6132 = ORIENTED_EDGE ('', *, *, #6131, .F.);
#6133 = ORIENTED_EDGE ('', *, *, #1939, .T.);
#6134 = CARTESIAN_POINT ('', (-47.5, 38., 3.5));
#6135 = CARTESIAN_POINT ('', (-47.5, 38., 5.));
#6136 = B_SPLINE_CURVE_WITH_KNOTS ('', 1, (#6134, #6135), .UNSPECIFIED., .F., .U., (2, 2), (0., 1.), .UNSPECIFIED.);
#6137 = EDGE_CURVE ('', #1925, #6119, #6136, .T.);
#6138 = ORIENTED_EDGE ('', *, *, #6137, .T.);
#6139 = EDGE_LOOP ('', (#6127, #6132, #6133, #6138));
#6140 = FACE_OUTER_BOUND ('', #6139, .T.);
#6141 = CARTESIAN_POINT ('', (-48.5, 38., 3.5));
#6142 = CARTESIAN_POINT ('', (-48.5, 38., 5.));
#6143 = CARTESIAN_POINT ('', (-48.5, 38.5, 3.5));
#6144 = CARTESIAN_POINT ('', (-48.5, 38.5, 5.));
#6145 = CARTESIAN_POINT ('', (-48., 38.5, 3.5));
#6146 = CARTESIAN_POINT ('', (-48., 38.5, 5.));
#6147 = CARTESIAN_POINT ('', (-47.5, 38.5, 3.5));
#6148 = CARTESIAN_POINT ('', (-47.5, 38.5, 5.));
#6149 = CARTESIAN_POINT ('', (-47.5, 38., 3.5));
#6150 = CARTESIAN_POINT ('', (-47.5, 38., 5.));
#6151 = (
   BOUNDED_SURFACE ()
   B_SPLINE_SURFACE (2, 1, ((#6141, #6142), (#6143, #6144), (#6145, #6146), (#6147, #6148), (#6149, #6150)), .UNSPECIFIED., .F., .F., .U.)
   B_SPLINE_SURFACE_WITH_KNOTS ((3, 2, 3), (2, 2), (82.5, 82.75, 83.), (0., 1.), .UNSPECIFIED.)
   GEOMETRIC_REPRESENTATION_ITEM ()
   RATIONAL_B_SPLINE_SURFACE (((1., 1.), (0.707106781186548, 0.707106781186548), (1., 1.), (0.707106781186548, 0.707106781186548), (1., 1.)))
   REPRESENTATION_ITEM ('')
   SURFACE ()
);
#6152 = ADVANCED_FACE ('', (#6140), #6151, .T.);
#6153 = CARTESIAN_POINT ('', (-35.5, 38., 5.));
#6154 = VERTEX_POINT ('', #6153);
#6155 = CARTESIAN_POINT ('', (-47.5, 38., 5.));
#6156 = CARTESIAN_POINT ('', (-35.5, 38., 5.));
#6157 = B_SPLINE_CURVE_WITH_KNOTS ('', 1, (#6155, #6156), .UNSPECIFIED., .F., .U., (2, 2), (29., 41.), .UNSPECIFIED.);
#6158 = EDGE_CURVE ('', #6119, #6154, #6157, .T.);
#6159 = ORIENTED_EDGE ('', *, *, #6158, .F.);
#6160 = ORIENTED_EDGE ('', *, *, #6137, .F.);
#6161 = ORIENTED_EDGE ('', *, *, #1929, .T.);
#6162 = CARTESIAN_POINT ('', (-35.5, 38., 3.5));
#6163 = CARTESIAN_POINT ('', (-35.5, 38., 5.));
#6164 = B_SPLINE_CURVE_WITH_KNOTS ('', 1, (#6162, #6163), .UNSPECIFIED., .F., .U., (2, 2), (0., 1.), .UNSPECIFIED.);
#6165 = EDGE_CURVE ('', #1915, #6154, #6164, .T.);
#6166 = ORIENTED_EDGE ('', *, *, #6165, .T.);
#6167 = EDGE_LOOP ('', (#6159, #6160, #6161, #6166));
#6168 = FACE_OUTER_BOUND ('', #6167, .T.);
#6169 = CARTESIAN_POINT ('', (-47.5, 38., 3.5));
#6170 = CARTESIAN_POINT ('', (-47.5, 38., 5.));
#6171 = CARTESIAN_POINT ('', (-35.5, 38., 3.5));
#6172 = CARTESIAN_POINT ('', (-35.5, 38., 5.));
#6173 = B_SPLINE_SURFACE_WITH_KNOTS ('', 1, 1, ((#6169, #6170), (#6171, #6172)), .UNSPECIFIED., .F., .F., .U., (2, 2), (2, 2), (29., 41.), (0., 1.), .UNSPECIFIED.);
#6174 = ADVANCED_FACE ('', (#6168), #6173, .T.);
#6175 = CARTESIAN_POINT ('', (-34.5, 38., 5.));
#6176 = VERTEX_POINT ('', #6175);
#6177 = CARTESIAN_POINT ('', (-35.5, 38., 5.));
#6178 = CARTESIAN_POINT ('', (-35.5, 38.5, 5.));
#6179 = CARTESIAN_POINT ('', (-35., 38.5, 5.));
#6180 = CARTESIAN_POINT ('', (-34.5, 38.5, 5.));
#6181 = CARTESIAN_POINT ('', (-34.5, 38., 5.));
#6182 = (
   BOUNDED_CURVE ()
   B_SPLINE_CURVE (2, (#6177, #6178, #6179, #6180, #6181), .UNSPECIFIED., .F., .U.)
   B_SPLINE_CURVE_WITH_KNOTS ((3, 2, 3), (41., 41.25, 41.5), .UNSPECIFIED.)
   CURVE ()
   GEOMETRIC_REPRESENTATION_ITEM ()
   RATIONAL_B_SPLINE_CURVE ((1., 0.707106781186548, 1., 0.707106781186548, 1.))
   REPRESENTATION_ITEM ('')
);
#6183 = EDGE_CURVE ('', #6154, #6176, #6182, .T.);
#6184 = ORIENTED_EDGE ('', *, *, #6183, .F.);
#6185 = ORIENTED_EDGE ('', *, *, #6165, .F.);
#6186 = ORIENTED_EDGE ('', *, *, #1922, .T.);
#6187 = CARTESIAN_POINT ('', (-34.5, 38., 3.5));
#6188 = CARTESIAN_POINT ('', (-34.5, 38., 5.));
#6189 = B_SPLINE_CURVE_WITH_KNOTS ('', 1, (#6187, #6188), .UNSPECIFIED., .F., .U., (2, 2), (0., 1.), .UNSPECIFIED.);
#6190 = EDGE_CURVE ('', #1908, #6176, #6189, .T.);
#6191 = ORIENTED_EDGE ('', *, *, #6190, .T.);
#6192 = EDGE_LOOP ('', (#6184, #6185, #6186, #6191));
#6193 = FACE_OUTER_BOUND ('', #6192, .T.);
#6194 = CARTESIAN_POINT ('', (-35.5, 38., 3.5));
#6195 = CARTESIAN_POINT ('', (-35.5, 38., 5.));
#6196 = CARTESIAN_POINT ('', (-35.5, 38.5, 3.5));
#6197 = CARTESIAN_POINT ('', (-35.5, 38.5, 5.));
#6198 = CARTESIAN_POINT ('', (-35., 38.5, 3.5));
#6199 = CARTESIAN_POINT ('', (-35., 38.5, 5.));
#6200 = CARTESIAN_POINT ('', (-34.5, 38.5, 3.5));
#6201 = CARTESIAN_POINT ('', (-34.5, 38.5, 5.));
#6202 = CARTESIAN_POINT ('', (-34.5, 38., 3.5));
#6203 = CARTESIAN_POINT ('', (-34.5, 38., 5.));
#6204 = (
   BOUNDED_SURFACE ()
   B_SPLINE_SURFACE (2, 1, ((#6194, #6195), (#6196, #6197), (#6198, #6199), (#6200, #6201), (#6202, #6203)), .UNSPECIFIED., .F., .F., .U.)
   B_SPLINE_SURFACE_WITH_KNOTS ((3, 2, 3), (2, 2), (41., 41.25, 41.5), (0., 1.), .UNSPECIFIED.)
   GEOMETRIC_REPRESENTATION_ITEM ()
   RATIONAL_B_SPLINE_SURFACE (((1., 1.), (0.707106781186548, 0.707106781186548), (1., 1.), (0.707106781186548, 0.707106781186548), (1., 1.)))
   REPRESENTATION_ITEM ('')
   SURFACE ()
);
#6205 = ADVANCED_FACE ('', (#6193), #6204, .T.);
#6206 = CARTESIAN_POINT ('', (-34.5, 24., 5.));
#6207 = VERTEX_POINT ('', #6206);
#6208 = CARTESIAN_POINT ('', (-34.5, 38., 5.));
#6209 = CARTESIAN_POINT ('', (-34.5, 24., 5.));
#6210 = B_SPLINE_CURVE_WITH_KNOTS ('', 1, (#6208, #6209), .UNSPECIFIED., .F., .U., (2, 2), (41.5, 55.5), .UNSPECIFIED.);
#6211 = EDGE_CURVE ('', #6176, #6207, #6210, .T.);
#6212 = ORIENTED_EDGE ('', *, *, #6211, .F.);
#6213 = ORIENTED_EDGE ('', *, *, #6190, .F.);
#6214 = ORIENTED_EDGE ('', *, *, #1912, .T.);
#6215 = CARTESIAN_POINT ('', (-34.5, 24., 3.5));
#6216 = CARTESIAN_POINT ('', (-34.5, 24., 5.));
#6217 = B_SPLINE_CURVE_WITH_KNOTS ('', 1, (#6215, #6216), .UNSPECIFIED., .F., .U., (2, 2), (0., 1.), .UNSPECIFIED.);
#6218 = EDGE_CURVE ('', #1898, #6207, #6217, .T.);
#6219 = ORIENTED_EDGE ('', *, *, #6218, .T.);
#6220 = EDGE_LOOP ('', (#6212, #6213, #6214, #6219));
#6221 = FACE_OUTER_BOUND ('', #6220, .T.);
#6222 = CARTESIAN_POINT ('', (-34.5, 38., 3.5));
#6223 = CARTESIAN_POINT ('', (-34.5, 38., 5.));
#6224 = CARTESIAN_POINT ('', (-34.5, 24., 3.5));
#6225 = CARTESIAN_POINT ('', (-34.5, 24., 5.));
#6226 = B_SPLINE_SURFACE_WITH_KNOTS ('', 1, 1, ((#6222, #6223), (#6224, #6225)), .UNSPECIFIED., .F., .F., .U., (2, 2), (2, 2), (41.5, 55.5), (0., 1.), .UNSPECIFIED.);
#6227 = ADVANCED_FACE ('', (#6221), #6226, .T.);
#6228 = CARTESIAN_POINT ('', (-35.5, 24., 5.));
#6229 = VERTEX_POINT ('', #6228);
#6230 = CARTESIAN_POINT ('', (-34.5, 24., 5.));
#6231 = CARTESIAN_POINT ('', (-34.5, 23.5, 5.));
#6232 = CARTESIAN_POINT ('', (-35., 23.5, 5.));
#6233 = CARTESIAN_POINT ('', (-35.5, 23.5, 5.));
#6234 = CARTESIAN_POINT ('', (-35.5, 24., 5.));
#6235 = (
   BOUNDED_CURVE ()
   B_SPLINE_CURVE (2, (#6230, #6231, #6232, #6233, #6234), .UNSPECIFIED., .F., .U.)
   B_SPLINE_CURVE_WITH_KNOTS ((3, 2, 3), (55.5, 55.75, 56.), .UNSPECIFIED.)
   CURVE ()
   GEOMETRIC_REPRESENTATION_ITEM ()
   RATIONAL_B_SPLINE_CURVE ((1., 0.707106781186548, 1., 0.707106781186548, 1.))
   REPRESENTATION_ITEM ('')
);
#6236 = EDGE_CURVE ('', #6207, #6229, #6235, .T.);
#6237 = ORIENTED_EDGE ('', *, *, #6236, .F.);
#6238 = ORIENTED_EDGE ('', *, *, #6218, .F.);
#6239 = ORIENTED_EDGE ('', *, *, #1905, .T.);
#6240 = CARTESIAN_POINT ('', (-35.5, 24., 3.5));
#6241 = CARTESIAN_POINT ('', (-35.5, 24., 5.));
#6242 = B_SPLINE_CURVE_WITH_KNOTS ('', 1, (#6240, #6241), .UNSPECIFIED., .F., .U., (2, 2), (0., 1.), .UNSPECIFIED.);
#6243 = EDGE_CURVE ('', #1891, #6229, #6242, .T.);
#6244 = ORIENTED_EDGE ('', *, *, #6243, .T.);
#6245 = EDGE_LOOP ('', (#6237, #6238, #6239, #6244));
#6246 = FACE_OUTER_BOUND ('', #6245, .T.);
#6247 = CARTESIAN_POINT ('', (-34.5, 24., 3.5));
#6248 = CARTESIAN_POINT ('', (-34.5, 24., 5.));
#6249 = CARTESIAN_POINT ('', (-34.5, 23.5, 3.5));
#6250 = CARTESIAN_POINT ('', (-34.5, 23.5, 5.));
#6251 = CARTESIAN_POINT ('', (-35., 23.5, 3.5));
#6252 = CARTESIAN_POINT ('', (-35., 23.5, 5.));
#6253 = CARTESIAN_POINT ('', (-35.5, 23.5, 3.5));
#6254 = CARTESIAN_POINT ('', (-35.5, 23.5, 5.));
#6255 = CARTESIAN_POINT ('', (-35.5, 24., 3.5));
#6256 = CARTESIAN_POINT ('', (-35.5, 24., 5.));
#6257 = (
   BOUNDED_SURFACE ()
   B_SPLINE_SURFACE (2, 1, ((#6247, #6248), (#6249, #6250), (#6251, #6252), (#6253, #6254), (#6255, #6256)), .UNSPECIFIED., .F., .F., .U.)
   B_SPLINE_SURFACE_WITH_KNOTS ((3, 2, 3), (2, 2), (55.5, 55.75, 56.), (0., 1.), .UNSPECIFIED.)
   GEOMETRIC_REPRESENTATION_ITEM ()
   RATIONAL_B_SPLINE_SURFACE (((1., 1.), (0.707106781186548, 0.707106781186548), (1., 1.), (0.707106781186548, 0.707106781186548), (1., 1.)))
   REPRESENTATION_ITEM ('')
   SURFACE ()
);
#6258 = ADVANCED_FACE ('', (#6246), #6257, .T.);
#6259 = CARTESIAN_POINT ('', (-47.5, 24., 5.));
#6260 = VERTEX_POINT ('', #6259);
#6261 = CARTESIAN_POINT ('', (-35.5, 24., 5.));
#6262 = CARTESIAN_POINT ('', (-47.5, 24., 5.));
#6263 = B_SPLINE_CURVE_WITH_KNOTS ('', 1, (#6261, #6262), .UNSPECIFIED., .F., .U., (2, 2), (56., 68.), .UNSPECIFIED.);
#6264 = EDGE_CURVE ('', #6229, #6260, #6263, .T.);
#6265 = ORIENTED_EDGE ('', *, *, #6264, .F.);
#6266 = ORIENTED_EDGE ('', *, *, #6243, .F.);
#6267 = ORIENTED_EDGE ('', *, *, #1895, .T.);
#6268 = CARTESIAN_POINT ('', (-47.5, 24., 3.5));
#6269 = CARTESIAN_POINT ('', (-47.5, 24., 5.));
#6270 = B_SPLINE_CURVE_WITH_KNOTS ('', 1, (#6268, #6269), .UNSPECIFIED., .F., .U., (2, 2), (0., 1.), .UNSPECIFIED.);
#6271 = EDGE_CURVE ('', #1879, #6260, #6270, .T.);
#6272 = ORIENTED_EDGE ('', *, *, #6271, .T.);
#6273 = EDGE_LOOP ('', (#6265, #6266, #6267, #6272));
#6274 = FACE_OUTER_BOUND ('', #6273, .T.);
#6275 = CARTESIAN_POINT ('', (-35.5, 24., 3.5));
#6276 = CARTESIAN_POINT ('', (-35.5, 24., 5.));
#6277 = CARTESIAN_POINT ('', (-47.5, 24., 3.5));
#6278 = CARTESIAN_POINT ('', (-47.5, 24., 5.));
#6279 = B_SPLINE_SURFACE_WITH_KNOTS ('', 1, 1, ((#6275, #6276), (#6277, #6278)), .UNSPECIFIED., .F., .F., .U., (2, 2), (2, 2), (56., 68.), (0., 1.), .UNSPECIFIED.);
#6280 = ADVANCED_FACE ('', (#6274), #6279, .T.);
#6281 = CARTESIAN_POINT ('', (-48.5, 24., 5.));
#6282 = VERTEX_POINT ('', #6281);
#6283 = CARTESIAN_POINT ('', (-47.5, 24., 5.));
#6284 = CARTESIAN_POINT ('', (-47.5, 23.5, 5.));
#6285 = CARTESIAN_POINT ('', (-48., 23.5, 5.));
#6286 = CARTESIAN_POINT ('', (-48.5, 23.5, 5.));
#6287 = CARTESIAN_POINT ('', (-48.5, 24., 5.));
#6288 = (
   BOUNDED_CURVE ()
   B_SPLINE_CURVE (2, (#6283, #6284, #6285, #6286, #6287), .UNSPECIFIED., .F., .U.)
   B_SPLINE_CURVE_WITH_KNOTS ((3, 2, 3), (68., 68.25, 68.5), .UNSPECIFIED.)
   CURVE ()
   GEOMETRIC_REPRESENTATION_ITEM ()
   RATIONAL_B_SPLINE_CURVE ((1., 0.707106781186548, 1., 0.707106781186548, 1.))
   REPRESENTATION_ITEM ('')
);
#6289 = EDGE_CURVE ('', #6260, #6282, #6288, .T.);
#6290 = ORIENTED_EDGE ('', *, *, #6289, .F.);
#6291 = ORIENTED_EDGE ('', *, *, #6271, .F.);
#6292 = ORIENTED_EDGE ('', *, *, #1888, .T.);
#6293 = CARTESIAN_POINT ('', (-48.5, 24., 3.5));
#6294 = CARTESIAN_POINT ('', (-48.5, 24., 5.));
#6295 = B_SPLINE_CURVE_WITH_KNOTS ('', 1, (#6293, #6294), .UNSPECIFIED., .F., .U., (2, 2), (0., 1.), .UNSPECIFIED.);
#6296 = EDGE_CURVE ('', #1881, #6282, #6295, .T.);
#6297 = ORIENTED_EDGE ('', *, *, #6296, .T.);
#6298 = EDGE_LOOP ('', (#6290, #6291, #6292, #6297));
#6299 = FACE_OUTER_BOUND ('', #6298, .T.);
#6300 = CARTESIAN_POINT ('', (-47.5, 24., 3.5));
#6301 = CARTESIAN_POINT ('', (-47.5, 24., 5.));
#6302 = CARTESIAN_POINT ('', (-47.5, 23.5, 3.5));
#6303 = CARTESIAN_POINT ('', (-47.5, 23.5, 5.));
#6304 = CARTESIAN_POINT ('', (-48., 23.5, 3.5));
#6305 = CARTESIAN_POINT ('', (-48., 23.5, 5.));
#6306 = CARTESIAN_POINT ('', (-48.5, 23.5, 3.5));
#6307 = CARTESIAN_POINT ('', (-48.5, 23.5, 5.));
#6308 = CARTESIAN_POINT ('', (-48.5, 24., 3.5));
#6309 = CARTESIAN_POINT ('', (-48.5, 24., 5.));
#6310 = (
   BOUNDED_SURFACE ()
   B_SPLINE_SURFACE (2, 1, ((#6300, #6301), (#6302, #6303), (#6304, #6305), (#6306, #6307), (#6308, #6309)), .UNSPECIFIED., .F., .F., .U.)
   B_SPLINE_SURFACE_WITH_KNOTS ((3, 2, 3), (2, 2), (68., 68.25, 68.5), (0., 1.), .UNSPECIFIED.)
   GEOMETRIC_REPRESENTATION_ITEM ()
   RATIONAL_B_SPLINE_SURFACE (((1., 1.), (0.707106781186548, 0.707106781186548), (1., 1.), (0.707106781186548, 0.707106781186548), (1., 1.)))
   REPRESENTATION_ITEM ('')
   SURFACE ()
);
#6311 = ADVANCED_FACE ('', (#6299), #6310, .T.);
#6312 = CARTESIAN_POINT ('', (-48.5, 24., 5.));
#6313 = CARTESIAN_POINT ('', (-48.5, 38., 5.));
#6314 = B_SPLINE_CURVE_WITH_KNOTS ('', 1, (#6312, #6313), .UNSPECIFIED., .F., .U., (2, 2), (68.5, 82.5), .UNSPECIFIED.);
#6315 = EDGE_CURVE ('', #6282, #6117, #6314, .T.);
#6316 = ORIENTED_EDGE ('', *, *, #6315, .F.);
#6317 = ORIENTED_EDGE ('', *, *, #6296, .F.);
#6318 = ORIENTED_EDGE ('', *, *, #1944, .T.);
#6319 = ORIENTED_EDGE ('', *, *, #6131, .T.);
#6320 = EDGE_LOOP ('', (#6316, #6317, #6318, #6319));
#6321 = FACE_OUTER_BOUND ('', #6320, .T.);
#6322 = CARTESIAN_POINT ('', (-48.5, 24., 3.5));
#6323 = CARTESIAN_POINT ('', (-48.5, 24., 5.));
#6324 = CARTESIAN_POINT ('', (-48.5, 38., 3.5));
#6325 = CARTESIAN_POINT ('', (-48.5, 38., 5.));
#6326 = B_SPLINE_SURFACE_WITH_KNOTS ('', 1, 1, ((#6322, #6323), (#6324, #6325)), .UNSPECIFIED., .F., .F., .U., (2, 2), (2, 2), (68.5, 82.5), (0., 1.), .UNSPECIFIED.);
#6327 = ADVANCED_FACE ('', (#6321), #6326, .T.);
#6328 = CARTESIAN_POINT ('', (-66.5, 38., 5.));
#6329 = VERTEX_POINT ('', #6328);
#6330 = CARTESIAN_POINT ('', (-54.5, 38., 5.));
#6331 = VERTEX_POINT ('', #6330);
#6332 = CARTESIAN_POINT ('', (-66.5, 38., 5.));
#6333 = CARTESIAN_POINT ('', (-54.5, 38., 5.));
#6334 = B_SPLINE_CURVE_WITH_KNOTS ('', 1, (#6332, #6333), .UNSPECIFIED., .F., .U., (2, 2), (29., 41.), .UNSPECIFIED.);
#6335 = EDGE_CURVE ('', #6329, #6331, #6334, .T.);
#6336 = ORIENTED_EDGE ('', *, *, #6335, .F.);
#6337 = CARTESIAN_POINT ('', (-66.5, 38., 3.5));
#6338 = CARTESIAN_POINT ('', (-66.5, 38., 5.));
#6339 = B_SPLINE_CURVE_WITH_KNOTS ('', 1, (#6337, #6338), .UNSPECIFIED., .F., .U., (2, 2), (0., 1.), .UNSPECIFIED.);
#6340 = EDGE_CURVE ('', #1861, #6329, #6339, .T.);
#6341 = ORIENTED_EDGE ('', *, *, #6340, .F.);
#6342 = ORIENTED_EDGE ('', *, *, #1865, .T.);
#6343 = CARTESIAN_POINT ('', (-54.5, 38., 3.5));
#6344 = CARTESIAN_POINT ('', (-54.5, 38., 5.));
#6345 = B_SPLINE_CURVE_WITH_KNOTS ('', 1, (#6343, #6344), .UNSPECIFIED., .F., .U., (2, 2), (0., 1.), .UNSPECIFIED.);
#6346 = EDGE_CURVE ('', #1851, #6331, #6345, .T.);
#6347 = ORIENTED_EDGE ('', *, *, #6346, .T.);
#6348 = EDGE_LOOP ('', (#6336, #6341, #6342, #6347));
#6349 = FACE_OUTER_BOUND ('', #6348, .T.);
#6350 = CARTESIAN_POINT ('', (-66.5, 38., 3.5));
#6351 = CARTESIAN_POINT ('', (-66.5, 38., 5.));
#6352 = CARTESIAN_POINT ('', (-54.5, 38., 3.5));
#6353 = CARTESIAN_POINT ('', (-54.5, 38., 5.));
#6354 = B_SPLINE_SURFACE_WITH_KNOTS ('', 1, 1, ((#6350, #6351), (#6352, #6353)), .UNSPECIFIED., .F., .F., .U., (2, 2), (2, 2), (29., 41.), (0., 1.), .UNSPECIFIED.);
#6355 = ADVANCED_FACE ('', (#6349), #6354, .T.);
#6356 = CARTESIAN_POINT ('', (-53.5, 38., 5.));
#6357 = VERTEX_POINT ('', #6356);
#6358 = CARTESIAN_POINT ('', (-54.5, 38., 5.));
#6359 = CARTESIAN_POINT ('', (-54.5, 38.5, 5.));
#6360 = CARTESIAN_POINT ('', (-54., 38.5, 5.));
#6361 = CARTESIAN_POINT ('', (-53.5, 38.5, 5.));
#6362 = CARTESIAN_POINT ('', (-53.5, 38., 5.));
#6363 = (
   BOUNDED_CURVE ()
   B_SPLINE_CURVE (2, (#6358, #6359, #6360, #6361, #6362), .UNSPECIFIED., .F., .U.)
   B_SPLINE_CURVE_WITH_KNOTS ((3, 2, 3), (41., 41.25, 41.5), .UNSPECIFIED.)
   CURVE ()
   GEOMETRIC_REPRESENTATION_ITEM ()
   RATIONAL_B_SPLINE_CURVE ((1., 0.707106781186548, 1., 0.707106781186548, 1.))
   REPRESENTATION_ITEM ('')
);
#6364 = EDGE_CURVE ('', #6331, #6357, #6363, .T.);
#6365 = ORIENTED_EDGE ('', *, *, #6364, .F.);
#6366 = ORIENTED_EDGE ('', *, *, #6346, .F.);
#6367 = ORIENTED_EDGE ('', *, *, #1858, .T.);
#6368 = CARTESIAN_POINT ('', (-53.5, 38., 3.5));
#6369 = CARTESIAN_POINT ('', (-53.5, 38., 5.));
#6370 = B_SPLINE_CURVE_WITH_KNOTS ('', 1, (#6368, #6369), .UNSPECIFIED., .F., .U., (2, 2), (0., 1.), .UNSPECIFIED.);
#6371 = EDGE_CURVE ('', #1844, #6357, #6370, .T.);
#6372 = ORIENTED_EDGE ('', *, *, #6371, .T.);
#6373 = EDGE_LOOP ('', (#6365, #6366, #6367, #6372));
#6374 = FACE_OUTER_BOUND ('', #6373, .T.);
#6375 = CARTESIAN_POINT ('', (-54.5, 38., 3.5));
#6376 = CARTESIAN_POINT ('', (-54.5, 38., 5.));
#6377 = CARTESIAN_POINT ('', (-54.5, 38.5, 3.5));
#6378 = CARTESIAN_POINT ('', (-54.5, 38.5, 5.));
#6379 = CARTESIAN_POINT ('', (-54., 38.5, 3.5));
#6380 = CARTESIAN_POINT ('', (-54., 38.5, 5.));
#6381 = CARTESIAN_POINT ('', (-53.5, 38.5, 3.5));
#6382 = CARTESIAN_POINT ('', (-53.5, 38.5, 5.));
#6383 = CARTESIAN_POINT ('', (-53.5, 38., 3.5));
#6384 = CARTESIAN_POINT ('', (-53.5, 38., 5.));
#6385 = (
   BOUNDED_SURFACE ()
   B_SPLINE_SURFACE (2, 1, ((#6375, #6376), (#6377, #6378), (#6379, #6380), (#6381, #6382), (#6383, #6384)), .UNSPECIFIED., .F., .F., .U.)
   B_SPLINE_SURFACE_WITH_KNOTS ((3, 2, 3), (2, 2), (41., 41.25, 41.5), (0., 1.), .UNSPECIFIED.)
   GEOMETRIC_REPRESENTATION_ITEM ()
   RATIONAL_B_SPLINE_SURFACE (((1., 1.), (0.707106781186548, 0.707106781186548), (1., 1.), (0.707106781186548, 0.707106781186548), (1., 1.)))
   REPRESENTATION_ITEM ('')
   SURFACE ()
);
#6386 = ADVANCED_FACE ('', (#6374), #6385, .T.);
#6387 = CARTESIAN_POINT ('', (-53.5, 24., 5.));
#6388 = VERTEX_POINT ('', #6387);
#6389 = CARTESIAN_POINT ('', (-53.5, 38., 5.));
#6390 = CARTESIAN_POINT ('', (-53.5, 24., 5.));
#6391 = B_SPLINE_CURVE_WITH_KNOTS ('', 1, (#6389, #6390), .UNSPECIFIED., .F., .U., (2, 2), (41.5, 55.5), .UNSPECIFIED.);
#6392 = EDGE_CURVE ('', #6357, #6388, #6391, .T.);
#6393 = ORIENTED_EDGE ('', *, *, #6392, .F.);
#6394 = ORIENTED_EDGE ('', *, *, #6371, .F.);
#6395 = ORIENTED_EDGE ('', *, *, #1848, .T.);
#6396 = CARTESIAN_POINT ('', (-53.5, 24., 3.5));
#6397 = CARTESIAN_POINT ('', (-53.5, 24., 5.));
#6398 = B_SPLINE_CURVE_WITH_KNOTS ('', 1, (#6396, #6397), .UNSPECIFIED., .F., .U., (2, 2), (0., 1.), .UNSPECIFIED.);
#6399 = EDGE_CURVE ('', #1834, #6388, #6398, .T.);
#6400 = ORIENTED_EDGE ('', *, *, #6399, .T.);
#6401 = EDGE_LOOP ('', (#6393, #6394, #6395, #6400));
#6402 = FACE_OUTER_BOUND ('', #6401, .T.);
#6403 = CARTESIAN_POINT ('', (-53.5, 38., 3.5));
#6404 = CARTESIAN_POINT ('', (-53.5, 38., 5.));
#6405 = CARTESIAN_POINT ('', (-53.5, 24., 3.5));
#6406 = CARTESIAN_POINT ('', (-53.5, 24., 5.));
#6407 = B_SPLINE_SURFACE_WITH_KNOTS ('', 1, 1, ((#6403, #6404), (#6405, #6406)), .UNSPECIFIED., .F., .F., .U., (2, 2), (2, 2), (41.5, 55.5), (0., 1.), .UNSPECIFIED.);
#6408 = ADVANCED_FACE ('', (#6402), #6407, .T.);
#6409 = CARTESIAN_POINT ('', (-54.5, 24., 5.));
#6410 = VERTEX_POINT ('', #6409);
#6411 = CARTESIAN_POINT ('', (-53.5, 24., 5.));
#6412 = CARTESIAN_POINT ('', (-53.5, 23.5, 5.));
#6413 = CARTESIAN_POINT ('', (-54., 23.5, 5.));
#6414 = CARTESIAN_POINT ('', (-54.5, 23.5, 5.));
#6415 = CARTESIAN_POINT ('', (-54.5, 24., 5.));
#6416 = (
   BOUNDED_CURVE ()
   B_SPLINE_CURVE (2, (#6411, #6412, #6413, #6414, #6415), .UNSPECIFIED., .F., .U.)
   B_SPLINE_CURVE_WITH_KNOTS ((3, 2, 3), (55.5, 55.75, 56.), .UNSPECIFIED.)
   CURVE ()
   GEOMETRIC_REPRESENTATION_ITEM ()
   RATIONAL_B_SPLINE_CURVE ((1., 0.707106781186548, 1., 0.707106781186548, 1.))
   REPRESENTATION_ITEM ('')
);
#6417 = EDGE_CURVE ('', #6388, #6410, #6416, .T.);
#6418 = ORIENTED_EDGE ('', *, *, #6417, .F.);
#6419 = ORIENTED_EDGE ('', *, *, #6399, .F.);
#6420 = ORIENTED_EDGE ('', *, *, #1841, .T.);
#6421 = CARTESIAN_POINT ('', (-54.5, 24., 3.5));
#6422 = CARTESIAN_POINT ('', (-54.5, 24., 5.));
#6423 = B_SPLINE_CURVE_WITH_KNOTS ('', 1, (#6421, #6422), .UNSPECIFIED., .F., .U., (2, 2), (0., 1.), .UNSPECIFIED.);
#6424 = EDGE_CURVE ('', #1827, #6410, #6423, .T.);
#6425 = ORIENTED_EDGE ('', *, *, #6424, .T.);
#6426 = EDGE_LOOP ('', (#6418, #6419, #6420, #6425));
#6427 = FACE_OUTER_BOUND ('', #6426, .T.);
#6428 = CARTESIAN_POINT ('', (-53.5, 24., 3.5));
#6429 = CARTESIAN_POINT ('', (-53.5, 24., 5.));
#6430 = CARTESIAN_POINT ('', (-53.5, 23.5, 3.5));
#6431 = CARTESIAN_POINT ('', (-53.5, 23.5, 5.));
#6432 = CARTESIAN_POINT ('', (-54., 23.5, 3.5));
#6433 = CARTESIAN_POINT ('', (-54., 23.5, 5.));
#6434 = CARTESIAN_POINT ('', (-54.5, 23.5, 3.5));
#6435 = CARTESIAN_POINT ('', (-54.5, 23.5, 5.));
#6436 = CARTESIAN_POINT ('', (-54.5, 24., 3.5));
#6437 = CARTESIAN_POINT ('', (-54.5, 24., 5.));
#6438 = (
   BOUNDED_SURFACE ()
   B_SPLINE_SURFACE (2, 1, ((#6428, #6429), (#6430, #6431), (#6432, #6433), (#6434, #6435), (#6436, #6437)), .UNSPECIFIED., .F., .F., .U.)
   B_SPLINE_SURFACE_WITH_KNOTS ((3, 2, 3), (2, 2), (55.5, 55.75, 56.), (0., 1.), .UNSPECIFIED.)
   GEOMETRIC_REPRESENTATION_ITEM ()
   RATIONAL_B_SPLINE_SURFACE (((1., 1.), (0.707106781186548, 0.707106781186548), (1., 1.), (0.707106781186548, 0.707106781186548), (1., 1.)))
   REPRESENTATION_ITEM ('')
   SURFACE ()
);
#6439 = ADVANCED_FACE ('', (#6427), #6438, .T.);
#6440 = CARTESIAN_POINT ('', (-66.5, 24., 5.));
#6441 = VERTEX_POINT ('', #6440);
#6442 = CARTESIAN_POINT ('', (-54.5, 24., 5.));
#6443 = CARTESIAN_POINT ('', (-66.5, 24., 5.));
#6444 = B_SPLINE_CURVE_WITH_KNOTS ('', 1, (#6442, #6443), .UNSPECIFIED., .F., .U., (2, 2), (56., 68.), .UNSPECIFIED.);
#6445 = EDGE_CURVE ('', #6410, #6441, #6444, .T.);
#6446 = ORIENTED_EDGE ('', *, *, #6445, .F.);
#6447 = ORIENTED_EDGE ('', *, *, #6424, .F.);
#6448 = ORIENTED_EDGE ('', *, *, #1831, .T.);
#6449 = CARTESIAN_POINT ('', (-66.5, 24., 3.5));
#6450 = CARTESIAN_POINT ('', (-66.5, 24., 5.));
#6451 = B_SPLINE_CURVE_WITH_KNOTS ('', 1, (#6449, #6450), .UNSPECIFIED., .F., .U., (2, 2), (0., 1.), .UNSPECIFIED.);
#6452 = EDGE_CURVE ('', #1817, #6441, #6451, .T.);
#6453 = ORIENTED_EDGE ('', *, *, #6452, .T.);
#6454 = EDGE_LOOP ('', (#6446, #6447, #6448, #6453));
#6455 = FACE_OUTER_BOUND ('', #6454, .T.);
#6456 = CARTESIAN_POINT ('', (-54.5, 24., 3.5));
#6457 = CARTESIAN_POINT ('', (-54.5, 24., 5.));
#6458 = CARTESIAN_POINT ('', (-66.5, 24., 3.5));
#6459 = CARTESIAN_POINT ('', (-66.5, 24., 5.));
#6460 = B_SPLINE_SURFACE_WITH_KNOTS ('', 1, 1, ((#6456, #6457), (#6458, #6459)), .UNSPECIFIED., .F., .F., .U., (2, 2), (2, 2), (56., 68.), (0., 1.), .UNSPECIFIED.);
#6461 = ADVANCED_FACE ('', (#6455), #6460, .T.);
#6462 = CARTESIAN_POINT ('', (-86.5, 38., 5.));
#6463 = VERTEX_POINT ('', #6462);
#6464 = CARTESIAN_POINT ('', (-85.5, 38., 5.));
#6465 = VERTEX_POINT ('', #6464);
#6466 = CARTESIAN_POINT ('', (-86.5, 38., 5.));
#6467 = CARTESIAN_POINT ('', (-86.5, 38.5, 5.));
#6468 = CARTESIAN_POINT ('', (-86., 38.5, 5.));
#6469 = CARTESIAN_POINT ('', (-85.5, 38.5, 5.));
#6470 = CARTESIAN_POINT ('', (-85.5, 38., 5.));
#6471 = (
   BOUNDED_CURVE ()
   B_SPLINE_CURVE (2, (#6466, #6467, #6468, #6469, #6470), .UNSPECIFIED., .F., .U.)
   B_SPLINE_CURVE_WITH_KNOTS ((3, 2, 3), (82.5, 82.75, 83.), .UNSPECIFIED.)
   CURVE ()
   GEOMETRIC_REPRESENTATION_ITEM ()
   RATIONAL_B_SPLINE_CURVE ((1., 0.707106781186548, 1., 0.707106781186548, 1.))
   REPRESENTATION_ITEM ('')
);
#6472 = EDGE_CURVE ('', #6463, #6465, #6471, .T.);
#6473 = ORIENTED_EDGE ('', *, *, #6472, .F.);
#6474 = CARTESIAN_POINT ('', (-86.5, 38., 3.5));
#6475 = CARTESIAN_POINT ('', (-86.5, 38., 5.));
#6476 = B_SPLINE_CURVE_WITH_KNOTS ('', 1, (#6474, #6475), .UNSPECIFIED., .F., .U., (2, 2), (0., 1.), .UNSPECIFIED.);
#6477 = EDGE_CURVE ('', #1800, #6463, #6476, .T.);
#6478 = ORIENTED_EDGE ('', *, *, #6477, .F.);
#6479 = ORIENTED_EDGE ('', *, *, #1807, .T.);
#6480 = CARTESIAN_POINT ('', (-85.5, 38., 3.5));
#6481 = CARTESIAN_POINT ('', (-85.5, 38., 5.));
#6482 = B_SPLINE_CURVE_WITH_KNOTS ('', 1, (#6480, #6481), .UNSPECIFIED., .F., .U., (2, 2), (0., 1.), .UNSPECIFIED.);
#6483 = EDGE_CURVE ('', #1793, #6465, #6482, .T.);
#6484 = ORIENTED_EDGE ('', *, *, #6483, .T.);
#6485 = EDGE_LOOP ('', (#6473, #6478, #6479, #6484));
#6486 = FACE_OUTER_BOUND ('', #6485, .T.);
#6487 = CARTESIAN_POINT ('', (-86.5, 38., 3.5));
#6488 = CARTESIAN_POINT ('', (-86.5, 38., 5.));
#6489 = CARTESIAN_POINT ('', (-86.5, 38.5, 3.5));
#6490 = CARTESIAN_POINT ('', (-86.5, 38.5, 5.));
#6491 = CARTESIAN_POINT ('', (-86., 38.5, 3.5));
#6492 = CARTESIAN_POINT ('', (-86., 38.5, 5.));
#6493 = CARTESIAN_POINT ('', (-85.5, 38.5, 3.5));
#6494 = CARTESIAN_POINT ('', (-85.5, 38.5, 5.));
#6495 = CARTESIAN_POINT ('', (-85.5, 38., 3.5));
#6496 = CARTESIAN_POINT ('', (-85.5, 38., 5.));
#6497 = (
   BOUNDED_SURFACE ()
   B_SPLINE_SURFACE (2, 1, ((#6487, #6488), (#6489, #6490), (#6491, #6492), (#6493, #6494), (#6495, #6496)), .UNSPECIFIED., .F., .F., .U.)
   B_SPLINE_SURFACE_WITH_KNOTS ((3, 2, 3), (2, 2), (82.5, 82.75, 83.), (0., 1.), .UNSPECIFIED.)
   GEOMETRIC_REPRESENTATION_ITEM ()
   RATIONAL_B_SPLINE_SURFACE (((1., 1.), (0.707106781186548, 0.707106781186548), (1., 1.), (0.707106781186548, 0.707106781186548), (1., 1.)))
   REPRESENTATION_ITEM ('')
   SURFACE ()
);
#6498 = ADVANCED_FACE ('', (#6486), #6497, .T.);
#6499 = CARTESIAN_POINT ('', (-73.5, 38., 5.));
#6500 = VERTEX_POINT ('', #6499);
#6501 = CARTESIAN_POINT ('', (-85.5, 38., 5.));
#6502 = CARTESIAN_POINT ('', (-73.5, 38., 5.));
#6503 = B_SPLINE_CURVE_WITH_KNOTS ('', 1, (#6501, #6502), .UNSPECIFIED., .F., .U., (2, 2), (29., 41.), .UNSPECIFIED.);
#6504 = EDGE_CURVE ('', #6465, #6500, #6503, .T.);
#6505 = ORIENTED_EDGE ('', *, *, #6504, .F.);
#6506 = ORIENTED_EDGE ('', *, *, #6483, .F.);
#6507 = ORIENTED_EDGE ('', *, *, #1797, .T.);
#6508 = CARTESIAN_POINT ('', (-73.5, 38., 3.5));
#6509 = CARTESIAN_POINT ('', (-73.5, 38., 5.));
#6510 = B_SPLINE_CURVE_WITH_KNOTS ('', 1, (#6508, #6509), .UNSPECIFIED., .F., .U., (2, 2), (0., 1.), .UNSPECIFIED.);
#6511 = EDGE_CURVE ('', #1783, #6500, #6510, .T.);
#6512 = ORIENTED_EDGE ('', *, *, #6511, .T.);
#6513 = EDGE_LOOP ('', (#6505, #6506, #6507, #6512));
#6514 = FACE_OUTER_BOUND ('', #6513, .T.);
#6515 = CARTESIAN_POINT ('', (-85.5, 38., 3.5));
#6516 = CARTESIAN_POINT ('', (-85.5, 38., 5.));
#6517 = CARTESIAN_POINT ('', (-73.5, 38., 3.5));
#6518 = CARTESIAN_POINT ('', (-73.5, 38., 5.));
#6519 = B_SPLINE_SURFACE_WITH_KNOTS ('', 1, 1, ((#6515, #6516), (#6517, #6518)), .UNSPECIFIED., .F., .F., .U., (2, 2), (2, 2), (29., 41.), (0., 1.), .UNSPECIFIED.);
#6520 = ADVANCED_FACE ('', (#6514), #6519, .T.);
#6521 = CARTESIAN_POINT ('', (-72.5, 38., 5.));
#6522 = VERTEX_POINT ('', #6521);
#6523 = CARTESIAN_POINT ('', (-73.5, 38., 5.));
#6524 = CARTESIAN_POINT ('', (-73.5, 38.5, 5.));
#6525 = CARTESIAN_POINT ('', (-73., 38.5, 5.));
#6526 = CARTESIAN_POINT ('', (-72.5, 38.5, 5.));
#6527 = CARTESIAN_POINT ('', (-72.5, 38., 5.));
#6528 = (
   BOUNDED_CURVE ()
   B_SPLINE_CURVE (2, (#6523, #6524, #6525, #6526, #6527), .UNSPECIFIED., .F., .U.)
   B_SPLINE_CURVE_WITH_KNOTS ((3, 2, 3), (41., 41.25, 41.5), .UNSPECIFIED.)
   CURVE ()
   GEOMETRIC_REPRESENTATION_ITEM ()
   RATIONAL_B_SPLINE_CURVE ((1., 0.707106781186548, 1., 0.707106781186548, 1.))
   REPRESENTATION_ITEM ('')
);
#6529 = EDGE_CURVE ('', #6500, #6522, #6528, .T.);
#6530 = ORIENTED_EDGE ('', *, *, #6529, .F.);
#6531 = ORIENTED_EDGE ('', *, *, #6511, .F.);
#6532 = ORIENTED_EDGE ('', *, *, #1790, .T.);
#6533 = CARTESIAN_POINT ('', (-72.5, 38., 3.5));
#6534 = CARTESIAN_POINT ('', (-72.5, 38., 5.));
#6535 = B_SPLINE_CURVE_WITH_KNOTS ('', 1, (#6533, #6534), .UNSPECIFIED., .F., .U., (2, 2), (0., 1.), .UNSPECIFIED.);
#6536 = EDGE_CURVE ('', #1776, #6522, #6535, .T.);
#6537 = ORIENTED_EDGE ('', *, *, #6536, .T.);
#6538 = EDGE_LOOP ('', (#6530, #6531, #6532, #6537));
#6539 = FACE_OUTER_BOUND ('', #6538, .T.);
#6540 = CARTESIAN_POINT ('', (-73.5, 38., 3.5));
#6541 = CARTESIAN_POINT ('', (-73.5, 38., 5.));
#6542 = CARTESIAN_POINT ('', (-73.5, 38.5, 3.5));
#6543 = CARTESIAN_POINT ('', (-73.5, 38.5, 5.));
#6544 = CARTESIAN_POINT ('', (-73., 38.5, 3.5));
#6545 = CARTESIAN_POINT ('', (-73., 38.5, 5.));
#6546 = CARTESIAN_POINT ('', (-72.5, 38.5, 3.5));
#6547 = CARTESIAN_POINT ('', (-72.5, 38.5, 5.));
#6548 = CARTESIAN_POINT ('', (-72.5, 38., 3.5));
#6549 = CARTESIAN_POINT ('', (-72.5, 38., 5.));
#6550 = (
   BOUNDED_SURFACE ()
   B_SPLINE_SURFACE (2, 1, ((#6540, #6541), (#6542, #6543), (#6544, #6545), (#6546, #6547), (#6548, #6549)), .UNSPECIFIED., .F., .F., .U.)
   B_SPLINE_SURFACE_WITH_KNOTS ((3, 2, 3), (2, 2), (41., 41.25, 41.5), (0., 1.), .UNSPECIFIED.)
   GEOMETRIC_REPRESENTATION_ITEM ()
   RATIONAL_B_SPLINE_SURFACE (((1., 1.), (0.707106781186548, 0.707106781186548), (1., 1.), (0.707106781186548, 0.707106781186548), (1., 1.)))
   REPRESENTATION_ITEM ('')
   SURFACE ()
);
#6551 = ADVANCED_FACE ('', (#6539), #6550, .T.);
#6552 = CARTESIAN_POINT ('', (-72.5, 24., 5.));
#6553 = VERTEX_POINT ('', #6552);
#6554 = CARTESIAN_POINT ('', (-72.5, 38., 5.));
#6555 = CARTESIAN_POINT ('', (-72.5, 24., 5.));
#6556 = B_SPLINE_CURVE_WITH_KNOTS ('', 1, (#6554, #6555), .UNSPECIFIED., .F., .U., (2, 2), (41.5, 55.5), .UNSPECIFIED.);
#6557 = EDGE_CURVE ('', #6522, #6553, #6556, .T.);
#6558 = ORIENTED_EDGE ('', *, *, #6557, .F.);
#6559 = ORIENTED_EDGE ('', *, *, #6536, .F.);
#6560 = ORIENTED_EDGE ('', *, *, #1780, .T.);
#6561 = CARTESIAN_POINT ('', (-72.5, 24., 3.5));
#6562 = CARTESIAN_POINT ('', (-72.5, 24., 5.));
#6563 = B_SPLINE_CURVE_WITH_KNOTS ('', 1, (#6561, #6562), .UNSPECIFIED., .F., .U., (2, 2), (0., 1.), .UNSPECIFIED.);
#6564 = EDGE_CURVE ('', #1766, #6553, #6563, .T.);
#6565 = ORIENTED_EDGE ('', *, *, #6564, .T.);
#6566 = EDGE_LOOP ('', (#6558, #6559, #6560, #6565));
#6567 = FACE_OUTER_BOUND ('', #6566, .T.);
#6568 = CARTESIAN_POINT ('', (-72.5, 38., 3.5));
#6569 = CARTESIAN_POINT ('', (-72.5, 38., 5.));
#6570 = CARTESIAN_POINT ('', (-72.5, 24., 3.5));
#6571 = CARTESIAN_POINT ('', (-72.5, 24., 5.));
#6572 = B_SPLINE_SURFACE_WITH_KNOTS ('', 1, 1, ((#6568, #6569), (#6570, #6571)), .UNSPECIFIED., .F., .F., .U., (2, 2), (2, 2), (41.5, 55.5), (0., 1.), .UNSPECIFIED.);
#6573 = ADVANCED_FACE ('', (#6567), #6572, .T.);
#6574 = CARTESIAN_POINT ('', (-73.5, 24., 5.));
#6575 = VERTEX_POINT ('', #6574);
#6576 = CARTESIAN_POINT ('', (-72.5, 24., 5.));
#6577 = CARTESIAN_POINT ('', (-72.5, 23.5, 5.));
#6578 = CARTESIAN_POINT ('', (-73., 23.5, 5.));
#6579 = CARTESIAN_POINT ('', (-73.5, 23.5, 5.));
#6580 = CARTESIAN_POINT ('', (-73.5, 24., 5.));
#6581 = (
   BOUNDED_CURVE ()
   B_SPLINE_CURVE (2, (#6576, #6577, #6578, #6579, #6580), .UNSPECIFIED., .F., .U.)
   B_SPLINE_CURVE_WITH_KNOTS ((3, 2, 3), (55.5, 55.75, 56.), .UNSPECIFIED.)
   CURVE ()
   GEOMETRIC_REPRESENTATION_ITEM ()
   RATIONAL_B_SPLINE_CURVE ((1., 0.707106781186548, 1., 0.707106781186548, 1.))
   REPRESENTATION_ITEM ('')
);
#6582 = EDGE_CURVE ('', #6553, #6575, #6581, .T.);
#6583 = ORIENTED_EDGE ('', *, *, #6582, .F.);
#6584 = ORIENTED_EDGE ('', *, *, #6564, .F.);
#6585 = ORIENTED_EDGE ('', *, *, #1773, .T.);
#6586 = CARTESIAN_POINT ('', (-73.5, 24., 3.5));
#6587 = CARTESIAN_POINT ('', (-73.5, 24., 5.));
#6588 = B_SPLINE_CURVE_WITH_KNOTS ('', 1, (#6586, #6587), .UNSPECIFIED., .F., .U., (2, 2), (0., 1.), .UNSPECIFIED.);
#6589 = EDGE_CURVE ('', #1759, #6575, #6588, .T.);
#6590 = ORIENTED_EDGE ('', *, *, #6589, .T.);
#6591 = EDGE_LOOP ('', (#6583, #6584, #6585, #6590));
#6592 = FACE_OUTER_BOUND ('', #6591, .T.);
#6593 = CARTESIAN_POINT ('', (-72.5, 24., 3.5));
#6594 = CARTESIAN_POINT ('', (-72.5, 24., 5.));
#6595 = CARTESIAN_POINT ('', (-72.5, 23.5, 3.5));
#6596 = CARTESIAN_POINT ('', (-72.5, 23.5, 5.));
#6597 = CARTESIAN_POINT ('', (-73., 23.5, 3.5));
#6598 = CARTESIAN_POINT ('', (-73., 23.5, 5.));
#6599 = CARTESIAN_POINT ('', (-73.5, 23.5, 3.5));
#6600 = CARTESIAN_POINT ('', (-73.5, 23.5, 5.));
#6601 = CARTESIAN_POINT ('', (-73.5, 24., 3.5));
#6602 = CARTESIAN_POINT ('', (-73.5, 24., 5.));
#6603 = (
   BOUNDED_SURFACE ()
   B_SPLINE_SURFACE (2, 1, ((#6593, #6594), (#6595, #6596), (#6597, #6598), (#6599, #6600), (#6601, #6602)), .UNSPECIFIED., .F., .F., .U.)
   B_SPLINE_SURFACE_WITH_KNOTS ((3, 2, 3), (2, 2), (55.5, 55.75, 56.), (0., 1.), .UNSPECIFIED.)
   GEOMETRIC_REPRESENTATION_ITEM ()
   RATIONAL_B_SPLINE_SURFACE (((1., 1.), (0.707106781186548, 0.707106781186548), (1., 1.), (0.707106781186548, 0.707106781186548), (1., 1.)))
   REPRESENTATION_ITEM ('')
   SURFACE ()
);
#6604 = ADVANCED_FACE ('', (#6592), #6603, .T.);
#6605 = CARTESIAN_POINT ('', (-85.5, 24., 5.));
#6606 = VERTEX_POINT ('', #6605);
#6607 = CARTESIAN_POINT ('', (-73.5, 24., 5.));
#6608 = CARTESIAN_POINT ('', (-85.5, 24., 5.));
#6609 = B_SPLINE_CURVE_WITH_KNOTS ('', 1, (#6607, #6608), .UNSPECIFIED., .F., .U., (2, 2), (56., 68.), .UNSPECIFIED.);
#6610 = EDGE_CURVE ('', #6575, #6606, #6609, .T.);
#6611 = ORIENTED_EDGE ('', *, *, #6610, .F.);
#6612 = ORIENTED_EDGE ('', *, *, #6589, .F.);
#6613 = ORIENTED_EDGE ('', *, *, #1763, .T.);
#6614 = CARTESIAN_POINT ('', (-85.5, 24., 3.5));
#6615 = CARTESIAN_POINT ('', (-85.5, 24., 5.));
#6616 = B_SPLINE_CURVE_WITH_KNOTS ('', 1, (#6614, #6615), .UNSPECIFIED., .F., .U., (2, 2), (0., 1.), .UNSPECIFIED.);
#6617 = EDGE_CURVE ('', #1747, #6606, #6616, .T.);
#6618 = ORIENTED_EDGE ('', *, *, #6617, .T.);
#6619 = EDGE_LOOP ('', (#6611, #6612, #6613, #6618));
#6620 = FACE_OUTER_BOUND ('', #6619, .T.);
#6621 = CARTESIAN_POINT ('', (-73.5, 24., 3.5));
#6622 = CARTESIAN_POINT ('', (-73.5, 24., 5.));
#6623 = CARTESIAN_POINT ('', (-85.5, 24., 3.5));
#6624 = CARTESIAN_POINT ('', (-85.5, 24., 5.));
#6625 = B_SPLINE_SURFACE_WITH_KNOTS ('', 1, 1, ((#6621, #6622), (#6623, #6624)), .UNSPECIFIED., .F., .F., .U., (2, 2), (2, 2), (56., 68.), (0., 1.), .UNSPECIFIED.);
#6626 = ADVANCED_FACE ('', (#6620), #6625, .T.);
#6627 = CARTESIAN_POINT ('', (-86.5, 24., 5.));
#6628 = VERTEX_POINT ('', #6627);
#6629 = CARTESIAN_POINT ('', (-85.5, 24., 5.));
#6630 = CARTESIAN_POINT ('', (-85.5, 23.5, 5.));
#6631 = CARTESIAN_POINT ('', (-86., 23.5, 5.));
#6632 = CARTESIAN_POINT ('', (-86.5, 23.5, 5.));
#6633 = CARTESIAN_POINT ('', (-86.5, 24., 5.));
#6634 = (
   BOUNDED_CURVE ()
   B_SPLINE_CURVE (2, (#6629, #6630, #6631, #6632, #6633), .UNSPECIFIED., .F., .U.)
   B_SPLINE_CURVE_WITH_KNOTS ((3, 2, 3), (68., 68.25, 68.5), .UNSPECIFIED.)
   CURVE ()
   GEOMETRIC_REPRESENTATION_ITEM ()
   RATIONAL_B_SPLINE_CURVE ((1., 0.707106781186548, 1., 0.707106781186548, 1.))
   REPRESENTATION_ITEM ('')
);
#6635 = EDGE_CURVE ('', #6606, #6628, #6634, .T.);
#6636 = ORIENTED_EDGE ('', *, *, #6635, .F.);
#6637 = ORIENTED_EDGE ('', *, *, #6617, .F.);
#6638 = ORIENTED_EDGE ('', *, *, #1756, .T.);
#6639 = CARTESIAN_POINT ('', (-86.5, 24., 3.5));
#6640 = CARTESIAN_POINT ('', (-86.5, 24., 5.));
#6641 = B_SPLINE_CURVE_WITH_KNOTS ('', 1, (#6639, #6640), .UNSPECIFIED., .F., .U., (2, 2), (0., 1.), .UNSPECIFIED.);
#6642 = EDGE_CURVE ('', #1749, #6628, #6641, .T.);
#6643 = ORIENTED_EDGE ('', *, *, #6642, .T.);
#6644 = EDGE_LOOP ('', (#6636, #6637, #6638, #6643));
#6645 = FACE_OUTER_BOUND ('', #6644, .T.);
#6646 = CARTESIAN_POINT ('', (-85.5, 24., 3.5));
#6647 = CARTESIAN_POINT ('', (-85.5, 24., 5.));
#6648 = CARTESIAN_POINT ('', (-85.5, 23.5, 3.5));
#6649 = CARTESIAN_POINT ('', (-85.5, 23.5, 5.));
#6650 = CARTESIAN_POINT ('', (-86., 23.5, 3.5));
#6651 = CARTESIAN_POINT ('', (-86., 23.5, 5.));
#6652 = CARTESIAN_POINT ('', (-86.5, 23.5, 3.5));
#6653 = CARTESIAN_POINT ('', (-86.5, 23.5, 5.));
#6654 = CARTESIAN_POINT ('', (-86.5, 24., 3.5));
#6655 = CARTESIAN_POINT ('', (-86.5, 24., 5.));
#6656 = (
   BOUNDED_SURFACE ()
   B_SPLINE_SURFACE (2, 1, ((#6646, #6647), (#6648, #6649), (#6650, #6651), (#6652, #6653), (#6654, #6655)), .UNSPECIFIED., .F., .F., .U.)
   B_SPLINE_SURFACE_WITH_KNOTS ((3, 2, 3), (2, 2), (68., 68.25, 68.5), (0., 1.), .UNSPECIFIED.)
   GEOMETRIC_REPRESENTATION_ITEM ()
   RATIONAL_B_SPLINE_SURFACE (((1., 1.), (0.707106781186548, 0.707106781186548), (1., 1.), (0.707106781186548, 0.707106781186548), (1., 1.)))
   REPRESENTATION_ITEM ('')
   SURFACE ()
);
#6657 = ADVANCED_FACE ('', (#6645), #6656, .T.);
#6658 = CARTESIAN_POINT ('', (-86.5, 24., 5.));
#6659 = CARTESIAN_POINT ('', (-86.5, 38., 5.));
#6660 = B_SPLINE_CURVE_WITH_KNOTS ('', 1, (#6658, #6659), .UNSPECIFIED., .F., .U., (2, 2), (68.5, 82.5), .UNSPECIFIED.);
#6661 = EDGE_CURVE ('', #6628, #6463, #6660, .T.);
#6662 = ORIENTED_EDGE ('', *, *, #6661, .F.);
#6663 = ORIENTED_EDGE ('', *, *, #6642, .F.);
#6664 = ORIENTED_EDGE ('', *, *, #1812, .T.);
#6665 = ORIENTED_EDGE ('', *, *, #6477, .T.);
#6666 = EDGE_LOOP ('', (#6662, #6663, #6664, #6665));
#6667 = FACE_OUTER_BOUND ('', #6666, .T.);
#6668 = CARTESIAN_POINT ('', (-86.5, 24., 3.5));
#6669 = CARTESIAN_POINT ('', (-86.5, 24., 5.));
#6670 = CARTESIAN_POINT ('', (-86.5, 38., 3.5));
#6671 = CARTESIAN_POINT ('', (-86.5, 38., 5.));
#6672 = B_SPLINE_SURFACE_WITH_KNOTS ('', 1, 1, ((#6668, #6669), (#6670, #6671)), .UNSPECIFIED., .F., .F., .U., (2, 2), (2, 2), (68.5, 82.5), (0., 1.), .UNSPECIFIED.);
#6673 = ADVANCED_FACE ('', (#6667), #6672, .T.);
#6674 = CARTESIAN_POINT ('', (-105.5, 38., 5.));
#6675 = VERTEX_POINT ('', #6674);
#6676 = CARTESIAN_POINT ('', (-104.5, 38., 5.));
#6677 = VERTEX_POINT ('', #6676);
#6678 = CARTESIAN_POINT ('', (-105.5, 38., 5.));
#6679 = CARTESIAN_POINT ('', (-105.5, 38.5, 5.));
#6680 = CARTESIAN_POINT ('', (-105., 38.5, 5.));
#6681 = CARTESIAN_POINT ('', (-104.5, 38.5, 5.));
#6682 = CARTESIAN_POINT ('', (-104.5, 38., 5.));
#6683 = (
   BOUNDED_CURVE ()
   B_SPLINE_CURVE (2, (#6678, #6679, #6680, #6681, #6682), .UNSPECIFIED., .F., .U.)
   B_SPLINE_CURVE_WITH_KNOTS ((3, 2, 3), (82.5, 82.75, 83.), .UNSPECIFIED.)
   CURVE ()
   GEOMETRIC_REPRESENTATION_ITEM ()
   RATIONAL_B_SPLINE_CURVE ((1., 0.707106781186548, 1., 0.707106781186548, 1.))
   REPRESENTATION_ITEM ('')
);
#6684 = EDGE_CURVE ('', #6675, #6677, #6683, .T.);
#6685 = ORIENTED_EDGE ('', *, *, #6684, .F.);
#6686 = CARTESIAN_POINT ('', (-105.5, 38., 3.5));
#6687 = CARTESIAN_POINT ('', (-105.5, 38., 5.));
#6688 = B_SPLINE_CURVE_WITH_KNOTS ('', 1, (#6686, #6687), .UNSPECIFIED., .F., .U., (2, 2), (0., 1.), .UNSPECIFIED.);
#6689 = EDGE_CURVE ('', #1730, #6675, #6688, .T.);
#6690 = ORIENTED_EDGE ('', *, *, #6689, .F.);
#6691 = ORIENTED_EDGE ('', *, *, #1737, .T.);
#6692 = CARTESIAN_POINT ('', (-104.5, 38., 3.5));
#6693 = CARTESIAN_POINT ('', (-104.5, 38., 5.));
#6694 = B_SPLINE_CURVE_WITH_KNOTS ('', 1, (#6692, #6693), .UNSPECIFIED., .F., .U., (2, 2), (0., 1.), .UNSPECIFIED.);
#6695 = EDGE_CURVE ('', #1723, #6677, #6694, .T.);
#6696 = ORIENTED_EDGE ('', *, *, #6695, .T.);
#6697 = EDGE_LOOP ('', (#6685, #6690, #6691, #6696));
#6698 = FACE_OUTER_BOUND ('', #6697, .T.);
#6699 = CARTESIAN_POINT ('', (-105.5, 38., 3.5));
#6700 = CARTESIAN_POINT ('', (-105.5, 38., 5.));
#6701 = CARTESIAN_POINT ('', (-105.5, 38.5, 3.5));
#6702 = CARTESIAN_POINT ('', (-105.5, 38.5, 5.));
#6703 = CARTESIAN_POINT ('', (-105., 38.5, 3.5));
#6704 = CARTESIAN_POINT ('', (-105., 38.5, 5.));
#6705 = CARTESIAN_POINT ('', (-104.5, 38.5, 3.5));
#6706 = CARTESIAN_POINT ('', (-104.5, 38.5, 5.));
#6707 = CARTESIAN_POINT ('', (-104.5, 38., 3.5));
#6708 = CARTESIAN_POINT ('', (-104.5, 38., 5.));
#6709 = (
   BOUNDED_SURFACE ()
   B_SPLINE_SURFACE (2, 1, ((#6699, #6700), (#6701, #6702), (#6703, #6704), (#6705, #6706), (#6707, #6708)), .UNSPECIFIED., .F., .F., .U.)
   B_SPLINE_SURFACE_WITH_KNOTS ((3, 2, 3), (2, 2), (82.5, 82.75, 83.), (0., 1.), .UNSPECIFIED.)
   GEOMETRIC_REPRESENTATION_ITEM ()
   RATIONAL_B_SPLINE_SURFACE (((1., 1.), (0.707106781186548, 0.707106781186548), (1., 1.), (0.707106781186548, 0.707106781186548), (1., 1.)))
   REPRESENTATION_ITEM ('')
   SURFACE ()
);
#6710 = ADVANCED_FACE ('', (#6698), #6709, .T.);
#6711 = CARTESIAN_POINT ('', (-92.5, 38., 5.));
#6712 = VERTEX_POINT ('', #6711);
#6713 = CARTESIAN_POINT ('', (-104.5, 38., 5.));
#6714 = CARTESIAN_POINT ('', (-92.5, 38., 5.));
#6715 = B_SPLINE_CURVE_WITH_KNOTS ('', 1, (#6713, #6714), .UNSPECIFIED., .F., .U., (2, 2), (29., 41.), .UNSPECIFIED.);
#6716 = EDGE_CURVE ('', #6677, #6712, #6715, .T.);
#6717 = ORIENTED_EDGE ('', *, *, #6716, .F.);
#6718 = ORIENTED_EDGE ('', *, *, #6695, .F.);
#6719 = ORIENTED_EDGE ('', *, *, #1727, .T.);
#6720 = CARTESIAN_POINT ('', (-92.5, 38., 3.5));
#6721 = CARTESIAN_POINT ('', (-92.5, 38., 5.));
#6722 = B_SPLINE_CURVE_WITH_KNOTS ('', 1, (#6720, #6721), .UNSPECIFIED., .F., .U., (2, 2), (0., 1.), .UNSPECIFIED.);
#6723 = EDGE_CURVE ('', #1713, #6712, #6722, .T.);
#6724 = ORIENTED_EDGE ('', *, *, #6723, .T.);
#6725 = EDGE_LOOP ('', (#6717, #6718, #6719, #6724));
#6726 = FACE_OUTER_BOUND ('', #6725, .T.);
#6727 = CARTESIAN_POINT ('', (-104.5, 38., 3.5));
#6728 = CARTESIAN_POINT ('', (-104.5, 38., 5.));
#6729 = CARTESIAN_POINT ('', (-92.5, 38., 3.5));
#6730 = CARTESIAN_POINT ('', (-92.5, 38., 5.));
#6731 = B_SPLINE_SURFACE_WITH_KNOTS ('', 1, 1, ((#6727, #6728), (#6729, #6730)), .UNSPECIFIED., .F., .F., .U., (2, 2), (2, 2), (29., 41.), (0., 1.), .UNSPECIFIED.);
#6732 = ADVANCED_FACE ('', (#6726), #6731, .T.);
#6733 = CARTESIAN_POINT ('', (-91.5, 38., 5.));
#6734 = VERTEX_POINT ('', #6733);
#6735 = CARTESIAN_POINT ('', (-92.5, 38., 5.));
#6736 = CARTESIAN_POINT ('', (-92.5, 38.5, 5.));
#6737 = CARTESIAN_POINT ('', (-92., 38.5, 5.));
#6738 = CARTESIAN_POINT ('', (-91.5, 38.5, 5.));
#6739 = CARTESIAN_POINT ('', (-91.5, 38., 5.));
#6740 = (
   BOUNDED_CURVE ()
   B_SPLINE_CURVE (2, (#6735, #6736, #6737, #6738, #6739), .UNSPECIFIED., .F., .U.)
   B_SPLINE_CURVE_WITH_KNOTS ((3, 2, 3), (41., 41.25, 41.5), .UNSPECIFIED.)
   CURVE ()
   GEOMETRIC_REPRESENTATION_ITEM ()
   RATIONAL_B_SPLINE_CURVE ((1., 0.707106781186548, 1., 0.707106781186548, 1.))
   REPRESENTATION_ITEM ('')
);
#6741 = EDGE_CURVE ('', #6712, #6734, #6740, .T.);
#6742 = ORIENTED_EDGE ('', *, *, #6741, .F.);
#6743 = ORIENTED_EDGE ('', *, *, #6723, .F.);
#6744 = ORIENTED_EDGE ('', *, *, #1720, .T.);
#6745 = CARTESIAN_POINT ('', (-91.5, 38., 3.5));
#6746 = CARTESIAN_POINT ('', (-91.5, 38., 5.));
#6747 = B_SPLINE_CURVE_WITH_KNOTS ('', 1, (#6745, #6746), .UNSPECIFIED., .F., .U., (2, 2), (0., 1.), .UNSPECIFIED.);
#6748 = EDGE_CURVE ('', #1706, #6734, #6747, .T.);
#6749 = ORIENTED_EDGE ('', *, *, #6748, .T.);
#6750 = EDGE_LOOP ('', (#6742, #6743, #6744, #6749));
#6751 = FACE_OUTER_BOUND ('', #6750, .T.);
#6752 = CARTESIAN_POINT ('', (-92.5, 38., 3.5));
#6753 = CARTESIAN_POINT ('', (-92.5, 38., 5.));
#6754 = CARTESIAN_POINT ('', (-92.5, 38.5, 3.5));
#6755 = CARTESIAN_POINT ('', (-92.5, 38.5, 5.));
#6756 = CARTESIAN_POINT ('', (-92., 38.5, 3.5));
#6757 = CARTESIAN_POINT ('', (-92., 38.5, 5.));
#6758 = CARTESIAN_POINT ('', (-91.5, 38.5, 3.5));
#6759 = CARTESIAN_POINT ('', (-91.5, 38.5, 5.));
#6760 = CARTESIAN_POINT ('', (-91.5, 38., 3.5));
#6761 = CARTESIAN_POINT ('', (-91.5, 38., 5.));
#6762 = (
   BOUNDED_SURFACE ()
   B_SPLINE_SURFACE (2, 1, ((#6752, #6753), (#6754, #6755), (#6756, #6757), (#6758, #6759), (#6760, #6761)), .UNSPECIFIED., .F., .F., .U.)
   B_SPLINE_SURFACE_WITH_KNOTS ((3, 2, 3), (2, 2), (41., 41.25, 41.5), (0., 1.), .UNSPECIFIED.)
   GEOMETRIC_REPRESENTATION_ITEM ()
   RATIONAL_B_SPLINE_SURFACE (((1., 1.), (0.707106781186548, 0.707106781186548), (1., 1.), (0.707106781186548, 0.707106781186548), (1., 1.)))
   REPRESENTATION_ITEM ('')
   SURFACE ()
);
#6763 = ADVANCED_FACE ('', (#6751), #6762, .T.);
#6764 = CARTESIAN_POINT ('', (-91.5, 24., 5.));
#6765 = VERTEX_POINT ('', #6764);
#6766 = CARTESIAN_POINT ('', (-91.5, 38., 5.));
#6767 = CARTESIAN_POINT ('', (-91.5, 24., 5.));
#6768 = B_SPLINE_CURVE_WITH_KNOTS ('', 1, (#6766, #6767), .UNSPECIFIED., .F., .U., (2, 2), (41.5, 55.5), .UNSPECIFIED.);
#6769 = EDGE_CURVE ('', #6734, #6765, #6768, .T.);
#6770 = ORIENTED_EDGE ('', *, *, #6769, .F.);
#6771 = ORIENTED_EDGE ('', *, *, #6748, .F.);
#6772 = ORIENTED_EDGE ('', *, *, #1710, .T.);
#6773 = CARTESIAN_POINT ('', (-91.5, 24., 3.5));
#6774 = CARTESIAN_POINT ('', (-91.5, 24., 5.));
#6775 = B_SPLINE_CURVE_WITH_KNOTS ('', 1, (#6773, #6774), .UNSPECIFIED., .F., .U., (2, 2), (0., 1.), .UNSPECIFIED.);
#6776 = EDGE_CURVE ('', #1696, #6765, #6775, .T.);
#6777 = ORIENTED_EDGE ('', *, *, #6776, .T.);
#6778 = EDGE_LOOP ('', (#6770, #6771, #6772, #6777));
#6779 = FACE_OUTER_BOUND ('', #6778, .T.);
#6780 = CARTESIAN_POINT ('', (-91.5, 38., 3.5));
#6781 = CARTESIAN_POINT ('', (-91.5, 38., 5.));
#6782 = CARTESIAN_POINT ('', (-91.5, 24., 3.5));
#6783 = CARTESIAN_POINT ('', (-91.5, 24., 5.));
#6784 = B_SPLINE_SURFACE_WITH_KNOTS ('', 1, 1, ((#6780, #6781), (#6782, #6783)), .UNSPECIFIED., .F., .F., .U., (2, 2), (2, 2), (41.5, 55.5), (0., 1.), .UNSPECIFIED.);
#6785 = ADVANCED_FACE ('', (#6779), #6784, .T.);
#6786 = CARTESIAN_POINT ('', (-92.5, 24., 5.));
#6787 = VERTEX_POINT ('', #6786);
#6788 = CARTESIAN_POINT ('', (-91.5, 24., 5.));
#6789 = CARTESIAN_POINT ('', (-91.5, 23.5, 5.));
#6790 = CARTESIAN_POINT ('', (-92., 23.5, 5.));
#6791 = CARTESIAN_POINT ('', (-92.5, 23.5, 5.));
#6792 = CARTESIAN_POINT ('', (-92.5, 24., 5.));
#6793 = (
   BOUNDED_CURVE ()
   B_SPLINE_CURVE (2, (#6788, #6789, #6790, #6791, #6792), .UNSPECIFIED., .F., .U.)
   B_SPLINE_CURVE_WITH_KNOTS ((3, 2, 3), (55.5, 55.75, 56.), .UNSPECIFIED.)
   CURVE ()
   GEOMETRIC_REPRESENTATION_ITEM ()
   RATIONAL_B_SPLINE_CURVE ((1., 0.707106781186548, 1., 0.707106781186548, 1.))
   REPRESENTATION_ITEM ('')
);
#6794 = EDGE_CURVE ('', #6765, #6787, #6793, .T.);
#6795 = ORIENTED_EDGE ('', *, *, #6794, .F.);
#6796 = ORIENTED_EDGE ('', *, *, #6776, .F.);
#6797 = ORIENTED_EDGE ('', *, *, #1703, .T.);
#6798 = CARTESIAN_POINT ('', (-92.5, 24., 3.5));
#6799 = CARTESIAN_POINT ('', (-92.5, 24., 5.));
#6800 = B_SPLINE_CURVE_WITH_KNOTS ('', 1, (#6798, #6799), .UNSPECIFIED., .F., .U., (2, 2), (0., 1.), .UNSPECIFIED.);
#6801 = EDGE_CURVE ('', #1689, #6787, #6800, .T.);
#6802 = ORIENTED_EDGE ('', *, *, #6801, .T.);
#6803 = EDGE_LOOP ('', (#6795, #6796, #6797, #6802));
#6804 = FACE_OUTER_BOUND ('', #6803, .T.);
#6805 = CARTESIAN_POINT ('', (-91.5, 24., 3.5));
#6806 = CARTESIAN_POINT ('', (-91.5, 24., 5.));
#6807 = CARTESIAN_POINT ('', (-91.5, 23.5, 3.5));
#6808 = CARTESIAN_POINT ('', (-91.5, 23.5, 5.));
#6809 = CARTESIAN_POINT ('', (-92., 23.5, 3.5));
#6810 = CARTESIAN_POINT ('', (-92., 23.5, 5.));
#6811 = CARTESIAN_POINT ('', (-92.5, 23.5, 3.5));
#6812 = CARTESIAN_POINT ('', (-92.5, 23.5, 5.));
#6813 = CARTESIAN_POINT ('', (-92.5, 24., 3.5));
#6814 = CARTESIAN_POINT ('', (-92.5, 24., 5.));
#6815 = (
   BOUNDED_SURFACE ()
   B_SPLINE_SURFACE (2, 1, ((#6805, #6806), (#6807, #6808), (#6809, #6810), (#6811, #6812), (#6813, #6814)), .UNSPECIFIED., .F., .F., .U.)
   B_SPLINE_SURFACE_WITH_KNOTS ((3, 2, 3), (2, 2), (55.5, 55.75, 56.), (0., 1.), .UNSPECIFIED.)
   GEOMETRIC_REPRESENTATION_ITEM ()
   RATIONAL_B_SPLINE_SURFACE (((1., 1.), (0.707106781186548, 0.707106781186548), (1., 1.), (0.707106781186548, 0.707106781186548), (1., 1.)))
   REPRESENTATION_ITEM ('')
   SURFACE ()
);
#6816 = ADVANCED_FACE ('', (#6804), #6815, .T.);
#6817 = CARTESIAN_POINT ('', (-104.5, 24., 5.));
#6818 = VERTEX_POINT ('', #6817);
#6819 = CARTESIAN_POINT ('', (-92.5, 24., 5.));
#6820 = CARTESIAN_POINT ('', (-104.5, 24., 5.));
#6821 = B_SPLINE_CURVE_WITH_KNOTS ('', 1, (#6819, #6820), .UNSPECIFIED., .F., .U., (2, 2), (56., 68.), .UNSPECIFIED.);
#6822 = EDGE_CURVE ('', #6787, #6818, #6821, .T.);
#6823 = ORIENTED_EDGE ('', *, *, #6822, .F.);
#6824 = ORIENTED_EDGE ('', *, *, #6801, .F.);
#6825 = ORIENTED_EDGE ('', *, *, #1693, .T.);
#6826 = CARTESIAN_POINT ('', (-104.5, 24., 3.5));
#6827 = CARTESIAN_POINT ('', (-104.5, 24., 5.));
#6828 = B_SPLINE_CURVE_WITH_KNOTS ('', 1, (#6826, #6827), .UNSPECIFIED., .F., .U., (2, 2), (0., 1.), .UNSPECIFIED.);
#6829 = EDGE_CURVE ('', #1677, #6818, #6828, .T.);
#6830 = ORIENTED_EDGE ('', *, *, #6829, .T.);
#6831 = EDGE_LOOP ('', (#6823, #6824, #6825, #6830));
#6832 = FACE_OUTER_BOUND ('', #6831, .T.);
#6833 = CARTESIAN_POINT ('', (-92.5, 24., 3.5));
#6834 = CARTESIAN_POINT ('', (-92.5, 24., 5.));
#6835 = CARTESIAN_POINT ('', (-104.5, 24., 3.5));
#6836 = CARTESIAN_POINT ('', (-104.5, 24., 5.));
#6837 = B_SPLINE_SURFACE_WITH_KNOTS ('', 1, 1, ((#6833, #6834), (#6835, #6836)), .UNSPECIFIED., .F., .F., .U., (2, 2), (2, 2), (56., 68.), (0., 1.), .UNSPECIFIED.);
#6838 = ADVANCED_FACE ('', (#6832), #6837, .T.);
#6839 = CARTESIAN_POINT ('', (-105.5, 24., 5.));
#6840 = VERTEX_POINT ('', #6839);
#6841 = CARTESIAN_POINT ('', (-104.5, 24., 5.));
#6842 = CARTESIAN_POINT ('', (-104.5, 23.5, 5.));
#6843 = CARTESIAN_POINT ('', (-105., 23.5, 5.));
#6844 = CARTESIAN_POINT ('', (-105.5, 23.5, 5.));
#6845 = CARTESIAN_POINT ('', (-105.5, 24., 5.));
#6846 = (
   BOUNDED_CURVE ()
   B_SPLINE_CURVE (2, (#6841, #6842, #6843, #6844, #6845), .UNSPECIFIED., .F., .U.)
   B_SPLINE_CURVE_WITH_KNOTS ((3, 2, 3), (68., 68.25, 68.5), .UNSPECIFIED.)
   CURVE ()
   GEOMETRIC_REPRESENTATION_ITEM ()
   RATIONAL_B_SPLINE_CURVE ((1., 0.707106781186548, 1., 0.707106781186548, 1.))
   REPRESENTATION_ITEM ('')
);
#6847 = EDGE_CURVE ('', #6818, #6840, #6846, .T.);
#6848 = ORIENTED_EDGE ('', *, *, #6847, .F.);
#6849 = ORIENTED_EDGE ('', *, *, #6829, .F.);
#6850 = ORIENTED_EDGE ('', *, *, #1686, .T.);
#6851 = CARTESIAN_POINT ('', (-105.5, 24., 3.5));
#6852 = CARTESIAN_POINT ('', (-105.5, 24., 5.));
#6853 = B_SPLINE_CURVE_WITH_KNOTS ('', 1, (#6851, #6852), .UNSPECIFIED., .F., .U., (2, 2), (0., 1.), .UNSPECIFIED.);
#6854 = EDGE_CURVE ('', #1679, #6840, #6853, .T.);
#6855 = ORIENTED_EDGE ('', *, *, #6854, .T.);
#6856 = EDGE_LOOP ('', (#6848, #6849, #6850, #6855));
#6857 = FACE_OUTER_BOUND ('', #6856, .T.);
#6858 = CARTESIAN_POINT ('', (-104.5, 24., 3.5));
#6859 = CARTESIAN_POINT ('', (-104.5, 24., 5.));
#6860 = CARTESIAN_POINT ('', (-104.5, 23.5, 3.5));
#6861 = CARTESIAN_POINT ('', (-104.5, 23.5, 5.));
#6862 = CARTESIAN_POINT ('', (-105., 23.5, 3.5));
#6863 = CARTESIAN_POINT ('', (-105., 23.5, 5.));
#6864 = CARTESIAN_POINT ('', (-105.5, 23.5, 3.5));
#6865 = CARTESIAN_POINT ('', (-105.5, 23.5, 5.));
#6866 = CARTESIAN_POINT ('', (-105.5, 24., 3.5));
#6867 = CARTESIAN_POINT ('', (-105.5, 24., 5.));
#6868 = (
   BOUNDED_SURFACE ()
   B_SPLINE_SURFACE (2, 1, ((#6858, #6859), (#6860, #6861), (#6862, #6863), (#6864, #6865), (#6866, #6867)), .UNSPECIFIED., .F., .F., .U.)
   B_SPLINE_SURFACE_WITH_KNOTS ((3, 2, 3), (2, 2), (68., 68.25, 68.5), (0., 1.), .UNSPECIFIED.)
   GEOMETRIC_REPRESENTATION_ITEM ()
   RATIONAL_B_SPLINE_SURFACE (((1., 1.), (0.707106781186548, 0.707106781186548), (1., 1.), (0.707106781186548, 0.707106781186548), (1., 1.)))
   REPRESENTATION_ITEM ('')
   SURFACE ()
);
#6869 = ADVANCED_FACE ('', (#6857), #6868, .T.);
#6870 = CARTESIAN_POINT ('', (-105.5, 24., 5.));
#6871 = CARTESIAN_POINT ('', (-105.5, 38., 5.));
#6872 = B_SPLINE_CURVE_WITH_KNOTS ('', 1, (#6870, #6871), .UNSPECIFIED., .F., .U., (2, 2), (68.5, 82.5), .UNSPECIFIED.);
#6873 = EDGE_CURVE ('', #6840, #6675, #6872, .T.);
#6874 = ORIENTED_EDGE ('', *, *, #6873, .F.);
#6875 = ORIENTED_EDGE ('', *, *, #6854, .F.);
#6876 = ORIENTED_EDGE ('', *, *, #1742, .T.);
#6877 = ORIENTED_EDGE ('', *, *, #6689, .T.);
#6878 = EDGE_LOOP ('', (#6874, #6875, #6876, #6877));
#6879 = FACE_OUTER_BOUND ('', #6878, .T.);
#6880 = CARTESIAN_POINT ('', (-105.5, 24., 3.5));
#6881 = CARTESIAN_POINT ('', (-105.5, 24., 5.));
#6882 = CARTESIAN_POINT ('', (-105.5, 38., 3.5));
#6883 = CARTESIAN_POINT ('', (-105.5, 38., 5.));
#6884 = B_SPLINE_SURFACE_WITH_KNOTS ('', 1, 1, ((#6880, #6881), (#6882, #6883)), .UNSPECIFIED., .F., .F., .U., (2, 2), (2, 2), (68.5, 82.5), (0., 1.), .UNSPECIFIED.);
#6885 = ADVANCED_FACE ('', (#6879), #6884, .T.);
#6886 = CARTESIAN_POINT ('', (-124.5, 38., 5.));
#6887 = VERTEX_POINT ('', #6886);
#6888 = CARTESIAN_POINT ('', (-123.5, 38., 5.));
#6889 = VERTEX_POINT ('', #6888);
#6890 = CARTESIAN_POINT ('', (-124.5, 38., 5.));
#6891 = CARTESIAN_POINT ('', (-124.5, 38.5, 5.));
#6892 = CARTESIAN_POINT ('', (-124., 38.5, 5.));
#6893 = CARTESIAN_POINT ('', (-123.5, 38.5, 5.));
#6894 = CARTESIAN_POINT ('', (-123.5, 38., 5.));
#6895 = (
   BOUNDED_CURVE ()
   B_SPLINE_CURVE (2, (#6890, #6891, #6892, #6893, #6894), .UNSPECIFIED., .F., .U.)
   B_SPLINE_CURVE_WITH_KNOTS ((3, 2, 3), (82.5, 82.75, 83.), .UNSPECIFIED.)
   CURVE ()
   GEOMETRIC_REPRESENTATION_ITEM ()
   RATIONAL_B_SPLINE_CURVE ((1., 0.707106781186548, 1., 0.707106781186548, 1.))
   REPRESENTATION_ITEM ('')
);
#6896 = EDGE_CURVE ('', #6887, #6889, #6895, .T.);
#6897 = ORIENTED_EDGE ('', *, *, #6896, .F.);
#6898 = CARTESIAN_POINT ('', (-124.5, 38., 3.5));
#6899 = CARTESIAN_POINT ('', (-124.5, 38., 5.));
#6900 = B_SPLINE_CURVE_WITH_KNOTS ('', 1, (#6898, #6899), .UNSPECIFIED., .F., .U., (2, 2), (0., 1.), .UNSPECIFIED.);
#6901 = EDGE_CURVE ('', #1660, #6887, #6900, .T.);
#6902 = ORIENTED_EDGE ('', *, *, #6901, .F.);
#6903 = ORIENTED_EDGE ('', *, *, #1667, .T.);
#6904 = CARTESIAN_POINT ('', (-123.5, 38., 3.5));
#6905 = CARTESIAN_POINT ('', (-123.5, 38., 5.));
#6906 = B_SPLINE_CURVE_WITH_KNOTS ('', 1, (#6904, #6905), .UNSPECIFIED., .F., .U., (2, 2), (0., 1.), .UNSPECIFIED.);
#6907 = EDGE_CURVE ('', #1653, #6889, #6906, .T.);
#6908 = ORIENTED_EDGE ('', *, *, #6907, .T.);
#6909 = EDGE_LOOP ('', (#6897, #6902, #6903, #6908));
#6910 = FACE_OUTER_BOUND ('', #6909, .T.);
#6911 = CARTESIAN_POINT ('', (-124.5, 38., 3.5));
#6912 = CARTESIAN_POINT ('', (-124.5, 38., 5.));
#6913 = CARTESIAN_POINT ('', (-124.5, 38.5, 3.5));
#6914 = CARTESIAN_POINT ('', (-124.5, 38.5, 5.));
#6915 = CARTESIAN_POINT ('', (-124., 38.5, 3.5));
#6916 = CARTESIAN_POINT ('', (-124., 38.5, 5.));
#6917 = CARTESIAN_POINT ('', (-123.5, 38.5, 3.5));
#6918 = CARTESIAN_POINT ('', (-123.5, 38.5, 5.));
#6919 = CARTESIAN_POINT ('', (-123.5, 38., 3.5));
#6920 = CARTESIAN_POINT ('', (-123.5, 38., 5.));
#6921 = (
   BOUNDED_SURFACE ()
   B_SPLINE_SURFACE (2, 1, ((#6911, #6912), (#6913, #6914), (#6915, #6916), (#6917, #6918), (#6919, #6920)), .UNSPECIFIED., .F., .F., .U.)
   B_SPLINE_SURFACE_WITH_KNOTS ((3, 2, 3), (2, 2), (82.5, 82.75, 83.), (0., 1.), .UNSPECIFIED.)
   GEOMETRIC_REPRESENTATION_ITEM ()
   RATIONAL_B_SPLINE_SURFACE (((1., 1.), (0.707106781186548, 0.707106781186548), (1., 1.), (0.707106781186548, 0.707106781186548), (1., 1.)))
   REPRESENTATION_ITEM ('')
   SURFACE ()
);
#6922 = ADVANCED_FACE ('', (#6910), #6921, .T.);
#6923 = CARTESIAN_POINT ('', (-111.5, 38., 5.));
#6924 = VERTEX_POINT ('', #6923);
#6925 = CARTESIAN_POINT ('', (-123.5, 38., 5.));
#6926 = CARTESIAN_POINT ('', (-111.5, 38., 5.));
#6927 = B_SPLINE_CURVE_WITH_KNOTS ('', 1, (#6925, #6926), .UNSPECIFIED., .F., .U., (2, 2), (29., 41.), .UNSPECIFIED.);
#6928 = EDGE_CURVE ('', #6889, #6924, #6927, .T.);
#6929 = ORIENTED_EDGE ('', *, *, #6928, .F.);
#6930 = ORIENTED_EDGE ('', *, *, #6907, .F.);
#6931 = ORIENTED_EDGE ('', *, *, #1657, .T.);
#6932 = CARTESIAN_POINT ('', (-111.5, 38., 3.5));
#6933 = CARTESIAN_POINT ('', (-111.5, 38., 5.));
#6934 = B_SPLINE_CURVE_WITH_KNOTS ('', 1, (#6932, #6933), .UNSPECIFIED., .F., .U., (2, 2), (0., 1.), .UNSPECIFIED.);
#6935 = EDGE_CURVE ('', #1643, #6924, #6934, .T.);
#6936 = ORIENTED_EDGE ('', *, *, #6935, .T.);
#6937 = EDGE_LOOP ('', (#6929, #6930, #6931, #6936));
#6938 = FACE_OUTER_BOUND ('', #6937, .T.);
#6939 = CARTESIAN_POINT ('', (-123.5, 38., 3.5));
#6940 = CARTESIAN_POINT ('', (-123.5, 38., 5.));
#6941 = CARTESIAN_POINT ('', (-111.5, 38., 3.5));
#6942 = CARTESIAN_POINT ('', (-111.5, 38., 5.));
#6943 = B_SPLINE_SURFACE_WITH_KNOTS ('', 1, 1, ((#6939, #6940), (#6941, #6942)), .UNSPECIFIED., .F., .F., .U., (2, 2), (2, 2), (29., 41.), (0., 1.), .UNSPECIFIED.);
#6944 = ADVANCED_FACE ('', (#6938), #6943, .T.);
#6945 = CARTESIAN_POINT ('', (-110.5, 38., 5.));
#6946 = VERTEX_POINT ('', #6945);
#6947 = CARTESIAN_POINT ('', (-111.5, 38., 5.));
#6948 = CARTESIAN_POINT ('', (-111.5, 38.5, 5.));
#6949 = CARTESIAN_POINT ('', (-111., 38.5, 5.));
#6950 = CARTESIAN_POINT ('', (-110.5, 38.5, 5.));
#6951 = CARTESIAN_POINT ('', (-110.5, 38., 5.));
#6952 = (
   BOUNDED_CURVE ()
   B_SPLINE_CURVE (2, (#6947, #6948, #6949, #6950, #6951), .UNSPECIFIED., .F., .U.)
   B_SPLINE_CURVE_WITH_KNOTS ((3, 2, 3), (41., 41.25, 41.5), .UNSPECIFIED.)
   CURVE ()
   GEOMETRIC_REPRESENTATION_ITEM ()
   RATIONAL_B_SPLINE_CURVE ((1., 0.707106781186548, 1., 0.707106781186548, 1.))
   REPRESENTATION_ITEM ('')
);
#6953 = EDGE_CURVE ('', #6924, #6946, #6952, .T.);
#6954 = ORIENTED_EDGE ('', *, *, #6953, .F.);
#6955 = ORIENTED_EDGE ('', *, *, #6935, .F.);
#6956 = ORIENTED_EDGE ('', *, *, #1650, .T.);
#6957 = CARTESIAN_POINT ('', (-110.5, 38., 3.5));
#6958 = CARTESIAN_POINT ('', (-110.5, 38., 5.));
#6959 = B_SPLINE_CURVE_WITH_KNOTS ('', 1, (#6957, #6958), .UNSPECIFIED., .F., .U., (2, 2), (0., 1.), .UNSPECIFIED.);
#6960 = EDGE_CURVE ('', #1636, #6946, #6959, .T.);
#6961 = ORIENTED_EDGE ('', *, *, #6960, .T.);
#6962 = EDGE_LOOP ('', (#6954, #6955, #6956, #6961));
#6963 = FACE_OUTER_BOUND ('', #6962, .T.);
#6964 = CARTESIAN_POINT ('', (-111.5, 38., 3.5));
#6965 = CARTESIAN_POINT ('', (-111.5, 38., 5.));
#6966 = CARTESIAN_POINT ('', (-111.5, 38.5, 3.5));
#6967 = CARTESIAN_POINT ('', (-111.5, 38.5, 5.));
#6968 = CARTESIAN_POINT ('', (-111., 38.5, 3.5));
#6969 = CARTESIAN_POINT ('', (-111., 38.5, 5.));
#6970 = CARTESIAN_POINT ('', (-110.5, 38.5, 3.5));
#6971 = CARTESIAN_POINT ('', (-110.5, 38.5, 5.));
#6972 = CARTESIAN_POINT ('', (-110.5, 38., 3.5));
#6973 = CARTESIAN_POINT ('', (-110.5, 38., 5.));
#6974 = (
   BOUNDED_SURFACE ()
   B_SPLINE_SURFACE (2, 1, ((#6964, #6965), (#6966, #6967), (#6968, #6969), (#6970, #6971), (#6972, #6973)), .UNSPECIFIED., .F., .F., .U.)
   B_SPLINE_SURFACE_WITH_KNOTS ((3, 2, 3), (2, 2), (41., 41.25, 41.5), (0., 1.), .UNSPECIFIED.)
   GEOMETRIC_REPRESENTATION_ITEM ()
   RATIONAL_B_SPLINE_SURFACE (((1., 1.), (0.707106781186548, 0.707106781186548), (1., 1.), (0.707106781186548, 0.707106781186548), (1., 1.)))
   REPRESENTATION_ITEM ('')
   SURFACE ()
);
#6975 = ADVANCED_FACE ('', (#6963), #6974, .T.);
#6976 = CARTESIAN_POINT ('', (-110.5, 24., 5.));
#6977 = VERTEX_POINT ('', #6976);
#6978 = CARTESIAN_POINT ('', (-110.5, 38., 5.));
#6979 = CARTESIAN_POINT ('', (-110.5, 24., 5.));
#6980 = B_SPLINE_CURVE_WITH_KNOTS ('', 1, (#6978, #6979), .UNSPECIFIED., .F., .U., (2, 2), (41.5, 55.5), .UNSPECIFIED.);
#6981 = EDGE_CURVE ('', #6946, #6977, #6980, .T.);
#6982 = ORIENTED_EDGE ('', *, *, #6981, .F.);
#6983 = ORIENTED_EDGE ('', *, *, #6960, .F.);
#6984 = ORIENTED_EDGE ('', *, *, #1640, .T.);
#6985 = CARTESIAN_POINT ('', (-110.5, 24., 3.5));
#6986 = CARTESIAN_POINT ('', (-110.5, 24., 5.));
#6987 = B_SPLINE_CURVE_WITH_KNOTS ('', 1, (#6985, #6986), .UNSPECIFIED., .F., .U., (2, 2), (0., 1.), .UNSPECIFIED.);
#6988 = EDGE_CURVE ('', #1626, #6977, #6987, .T.);
#6989 = ORIENTED_EDGE ('', *, *, #6988, .T.);
#6990 = EDGE_LOOP ('', (#6982, #6983, #6984, #6989));
#6991 = FACE_OUTER_BOUND ('', #6990, .T.);
#6992 = CARTESIAN_POINT ('', (-110.5, 38., 3.5));
#6993 = CARTESIAN_POINT ('', (-110.5, 38., 5.));
#6994 = CARTESIAN_POINT ('', (-110.5, 24., 3.5));
#6995 = CARTESIAN_POINT ('', (-110.5, 24., 5.));
#6996 = B_SPLINE_SURFACE_WITH_KNOTS ('', 1, 1, ((#6992, #6993), (#6994, #6995)), .UNSPECIFIED., .F., .F., .U., (2, 2), (2, 2), (41.5, 55.5), (0., 1.), .UNSPECIFIED.);
#6997 = ADVANCED_FACE ('', (#6991), #6996, .T.);
#6998 = CARTESIAN_POINT ('', (-111.5, 24., 5.));
#6999 = VERTEX_POINT ('', #6998);
#7000 = CARTESIAN_POINT ('', (-110.5, 24., 5.));
#7001 = CARTESIAN_POINT ('', (-110.5, 23.5, 5.));
#7002 = CARTESIAN_POINT ('', (-111., 23.5, 5.));
#7003 = CARTESIAN_POINT ('', (-111.5, 23.5, 5.));
#7004 = CARTESIAN_POINT ('', (-111.5, 24., 5.));
#7005 = (
   BOUNDED_CURVE ()
   B_SPLINE_CURVE (2, (#7000, #7001, #7002, #7003, #7004), .UNSPECIFIED., .F., .U.)
   B_SPLINE_CURVE_WITH_KNOTS ((3, 2, 3), (55.5, 55.75, 56.), .UNSPECIFIED.)
   CURVE ()
   GEOMETRIC_REPRESENTATION_ITEM ()
   RATIONAL_B_SPLINE_CURVE ((1., 0.707106781186548, 1., 0.707106781186548, 1.))
   REPRESENTATION_ITEM ('')
);
#7006 = EDGE_CURVE ('', #6977, #6999, #7005, .T.);
#7007 = ORIENTED_EDGE ('', *, *, #7006, .F.);
#7008 = ORIENTED_EDGE ('', *, *, #6988, .F.);
#7009 = ORIENTED_EDGE ('', *, *, #1633, .T.);
#7010 = CARTESIAN_POINT ('', (-111.5, 24., 3.5));
#7011 = CARTESIAN_POINT ('', (-111.5, 24., 5.));
#7012 = B_SPLINE_CURVE_WITH_KNOTS ('', 1, (#7010, #7011), .UNSPECIFIED., .F., .U., (2, 2), (0., 1.), .UNSPECIFIED.);
#7013 = EDGE_CURVE ('', #1619, #6999, #7012, .T.);
#7014 = ORIENTED_EDGE ('', *, *, #7013, .T.);
#7015 = EDGE_LOOP ('', (#7007, #7008, #7009, #7014));
#7016 = FACE_OUTER_BOUND ('', #7015, .T.);
#7017 = CARTESIAN_POINT ('', (-110.5, 24., 3.5));
#7018 = CARTESIAN_POINT ('', (-110.5, 24., 5.));
#7019 = CARTESIAN_POINT ('', (-110.5, 23.5, 3.5));
#7020 = CARTESIAN_POINT ('', (-110.5, 23.5, 5.));
#7021 = CARTESIAN_POINT ('', (-111., 23.5, 3.5));
#7022 = CARTESIAN_POINT ('', (-111., 23.5, 5.));
#7023 = CARTESIAN_POINT ('', (-111.5, 23.5, 3.5));
#7024 = CARTESIAN_POINT ('', (-111.5, 23.5, 5.));
#7025 = CARTESIAN_POINT ('', (-111.5, 24., 3.5));
#7026 = CARTESIAN_POINT ('', (-111.5, 24., 5.));
#7027 = (
   BOUNDED_SURFACE ()
   B_SPLINE_SURFACE (2, 1, ((#7017, #7018), (#7019, #7020), (#7021, #7022), (#7023, #7024), (#7025, #7026)), .UNSPECIFIED., .F., .F., .U.)
   B_SPLINE_SURFACE_WITH_KNOTS ((3, 2, 3), (2, 2), (55.5, 55.75, 56.), (0., 1.), .UNSPECIFIED.)
   GEOMETRIC_REPRESENTATION_ITEM ()
   RATIONAL_B_SPLINE_SURFACE (((1., 1.), (0.707106781186548, 0.707106781186548), (1., 1.), (0.707106781186548, 0.707106781186548), (1., 1.)))
   REPRESENTATION_ITEM ('')
   SURFACE ()
);
#7028 = ADVANCED_FACE ('', (#7016), #7027, .T.);
#7029 = CARTESIAN_POINT ('', (-123.5, 24., 5.));
#7030 = VERTEX_POINT ('', #7029);
#7031 = CARTESIAN_POINT ('', (-111.5, 24., 5.));
#7032 = CARTESIAN_POINT ('', (-123.5, 24., 5.));
#7033 = B_SPLINE_CURVE_WITH_KNOTS ('', 1, (#7031, #7032), .UNSPECIFIED., .F., .U., (2, 2), (56., 68.), .UNSPECIFIED.);
#7034 = EDGE_CURVE ('', #6999, #7030, #7033, .T.);
#7035 = ORIENTED_EDGE ('', *, *, #7034, .F.);
#7036 = ORIENTED_EDGE ('', *, *, #7013, .F.);
#7037 = ORIENTED_EDGE ('', *, *, #1623, .T.);
#7038 = CARTESIAN_POINT ('', (-123.5, 24., 3.5));
#7039 = CARTESIAN_POINT ('', (-123.5, 24., 5.));
#7040 = B_SPLINE_CURVE_WITH_KNOTS ('', 1, (#7038, #7039), .UNSPECIFIED., .F., .U., (2, 2), (0., 1.), .UNSPECIFIED.);
#7041 = EDGE_CURVE ('', #1607, #7030, #7040, .T.);
#7042 = ORIENTED_EDGE ('', *, *, #7041, .T.);
#7043 = EDGE_LOOP ('', (#7035, #7036, #7037, #7042));
#7044 = FACE_OUTER_BOUND ('', #7043, .T.);
#7045 = CARTESIAN_POINT ('', (-111.5, 24., 3.5));
#7046 = CARTESIAN_POINT ('', (-111.5, 24., 5.));
#7047 = CARTESIAN_POINT ('', (-123.5, 24., 3.5));
#7048 = CARTESIAN_POINT ('', (-123.5, 24., 5.));
#7049 = B_SPLINE_SURFACE_WITH_KNOTS ('', 1, 1, ((#7045, #7046), (#7047, #7048)), .UNSPECIFIED., .F., .F., .U., (2, 2), (2, 2), (56., 68.), (0., 1.), .UNSPECIFIED.);
#7050 = ADVANCED_FACE ('', (#7044), #7049, .T.);
#7051 = CARTESIAN_POINT ('', (-124.5, 24., 5.));
#7052 = VERTEX_POINT ('', #7051);
#7053 = CARTESIAN_POINT ('', (-123.5, 24., 5.));
#7054 = CARTESIAN_POINT ('', (-123.5, 23.5, 5.));
#7055 = CARTESIAN_POINT ('', (-124., 23.5, 5.));
#7056 = CARTESIAN_POINT ('', (-124.5, 23.5, 5.));
#7057 = CARTESIAN_POINT ('', (-124.5, 24., 5.));
#7058 = (
   BOUNDED_CURVE ()
   B_SPLINE_CURVE (2, (#7053, #7054, #7055, #7056, #7057), .UNSPECIFIED., .F., .U.)
   B_SPLINE_CURVE_WITH_KNOTS ((3, 2, 3), (68., 68.25, 68.5), .UNSPECIFIED.)
   CURVE ()
   GEOMETRIC_REPRESENTATION_ITEM ()
   RATIONAL_B_SPLINE_CURVE ((1., 0.707106781186548, 1., 0.707106781186548, 1.))
   REPRESENTATION_ITEM ('')
);
#7059 = EDGE_CURVE ('', #7030, #7052, #7058, .T.);
#7060 = ORIENTED_EDGE ('', *, *, #7059, .F.);
#7061 = ORIENTED_EDGE ('', *, *, #7041, .F.);
#7062 = ORIENTED_EDGE ('', *, *, #1616, .T.);
#7063 = CARTESIAN_POINT ('', (-124.5, 24., 3.5));
#7064 = CARTESIAN_POINT ('', (-124.5, 24., 5.));
#7065 = B_SPLINE_CURVE_WITH_KNOTS ('', 1, (#7063, #7064), .UNSPECIFIED., .F., .U., (2, 2), (0., 1.), .UNSPECIFIED.);
#7066 = EDGE_CURVE ('', #1609, #7052, #7065, .T.);
#7067 = ORIENTED_EDGE ('', *, *, #7066, .T.);
#7068 = EDGE_LOOP ('', (#7060, #7061, #7062, #7067));
#7069 = FACE_OUTER_BOUND ('', #7068, .T.);
#7070 = CARTESIAN_POINT ('', (-123.5, 24., 3.5));
#7071 = CARTESIAN_POINT ('', (-123.5, 24., 5.));
#7072 = CARTESIAN_POINT ('', (-123.5, 23.5, 3.5));
#7073 = CARTESIAN_POINT ('', (-123.5, 23.5, 5.));
#7074 = CARTESIAN_POINT ('', (-124., 23.5, 3.5));
#7075 = CARTESIAN_POINT ('', (-124., 23.5, 5.));
#7076 = CARTESIAN_POINT ('', (-124.5, 23.5, 3.5));
#7077 = CARTESIAN_POINT ('', (-124.5, 23.5, 5.));
#7078 = CARTESIAN_POINT ('', (-124.5, 24., 3.5));
#7079 = CARTESIAN_POINT ('', (-124.5, 24., 5.));
#7080 = (
   BOUNDED_SURFACE ()
   B_SPLINE_SURFACE (2, 1, ((#7070, #7071), (#7072, #7073), (#7074, #7075), (#7076, #7077), (#7078, #7079)), .UNSPECIFIED., .F., .F., .U.)
   B_SPLINE_SURFACE_WITH_KNOTS ((3, 2, 3), (2, 2), (68., 68.25, 68.5), (0., 1.), .UNSPECIFIED.)
   GEOMETRIC_REPRESENTATION_ITEM ()
   RATIONAL_B_SPLINE_SURFACE (((1., 1.), (0.707106781186548, 0.707106781186548), (1., 1.), (0.707106781186548, 0.707106781186548), (1., 1.)))
   REPRESENTATION_ITEM ('')
   SURFACE ()
);
#7081 = ADVANCED_FACE ('', (#7069), #7080, .T.);
#7082 = CARTESIAN_POINT ('', (-124.5, 24., 5.));
#7083 = CARTESIAN_POINT ('', (-124.5, 38., 5.));
#7084 = B_SPLINE_CURVE_WITH_KNOTS ('', 1, (#7082, #7083), .UNSPECIFIED., .F., .U., (2, 2), (68.5, 82.5), .UNSPECIFIED.);
#7085 = EDGE_CURVE ('', #7052, #6887, #7084, .T.);
#7086 = ORIENTED_EDGE ('', *, *, #7085, .F.);
#7087 = ORIENTED_EDGE ('', *, *, #7066, .F.);
#7088 = ORIENTED_EDGE ('', *, *, #1672, .T.);
#7089 = ORIENTED_EDGE ('', *, *, #6901, .T.);
#7090 = EDGE_LOOP ('', (#7086, #7087, #7088, #7089));
#7091 = FACE_OUTER_BOUND ('', #7090, .T.);
#7092 = CARTESIAN_POINT ('', (-124.5, 24., 3.5));
#7093 = CARTESIAN_POINT ('', (-124.5, 24., 5.));
#7094 = CARTESIAN_POINT ('', (-124.5, 38., 3.5));
#7095 = CARTESIAN_POINT ('', (-124.5, 38., 5.));
#7096 = B_SPLINE_SURFACE_WITH_KNOTS ('', 1, 1, ((#7092, #7093), (#7094, #7095)), .UNSPECIFIED., .F., .F., .U., (2, 2), (2, 2), (68.5, 82.5), (0., 1.), .UNSPECIFIED.);
#7097 = ADVANCED_FACE ('', (#7091), #7096, .T.);
#7098 = CARTESIAN_POINT ('', (-115., 57., 5.));
#7099 = VERTEX_POINT ('', #7098);
#7100 = CARTESIAN_POINT ('', (-114., 57., 5.));
#7101 = VERTEX_POINT ('', #7100);
#7102 = CARTESIAN_POINT ('', (-115., 57., 5.));
#7103 = CARTESIAN_POINT ('', (-115., 57.5, 5.));
#7104 = CARTESIAN_POINT ('', (-114.5, 57.5, 5.));
#7105 = CARTESIAN_POINT ('', (-114., 57.5, 5.));
#7106 = CARTESIAN_POINT ('', (-114., 57., 5.));
#7107 = (
   BOUNDED_CURVE ()
   B_SPLINE_CURVE (2, (#7102, #7103, #7104, #7105, #7106), .UNSPECIFIED., .F., .U.)
   B_SPLINE_CURVE_WITH_KNOTS ((3, 2, 3), (82.5, 82.75, 83.), .UNSPECIFIED.)
   CURVE ()
   GEOMETRIC_REPRESENTATION_ITEM ()
   RATIONAL_B_SPLINE_CURVE ((1., 0.707106781186548, 1., 0.707106781186548, 1.))
   REPRESENTATION_ITEM ('')
);
#7108 = EDGE_CURVE ('', #7099, #7101, #7107, .T.);
#7109 = ORIENTED_EDGE ('', *, *, #7108, .F.);
#7110 = CARTESIAN_POINT ('', (-115., 57., 3.5));
#7111 = CARTESIAN_POINT ('', (-115., 57., 5.));
#7112 = B_SPLINE_CURVE_WITH_KNOTS ('', 1, (#7110, #7111), .UNSPECIFIED., .F., .U., (2, 2), (0., 1.), .UNSPECIFIED.);
#7113 = EDGE_CURVE ('', #1590, #7099, #7112, .T.);
#7114 = ORIENTED_EDGE ('', *, *, #7113, .F.);
#7115 = ORIENTED_EDGE ('', *, *, #1597, .T.);
#7116 = CARTESIAN_POINT ('', (-114., 57., 3.5));
#7117 = CARTESIAN_POINT ('', (-114., 57., 5.));
#7118 = B_SPLINE_CURVE_WITH_KNOTS ('', 1, (#7116, #7117), .UNSPECIFIED., .F., .U., (2, 2), (0., 1.), .UNSPECIFIED.);
#7119 = EDGE_CURVE ('', #1583, #7101, #7118, .T.);
#7120 = ORIENTED_EDGE ('', *, *, #7119, .T.);
#7121 = EDGE_LOOP ('', (#7109, #7114, #7115, #7120));
#7122 = FACE_OUTER_BOUND ('', #7121, .T.);
#7123 = CARTESIAN_POINT ('', (-115., 57., 3.5));
#7124 = CARTESIAN_POINT ('', (-115., 57., 5.));
#7125 = CARTESIAN_POINT ('', (-115., 57.5, 3.5));
#7126 = CARTESIAN_POINT ('', (-115., 57.5, 5.));
#7127 = CARTESIAN_POINT ('', (-114.5, 57.5, 3.5));
#7128 = CARTESIAN_POINT ('', (-114.5, 57.5, 5.));
#7129 = CARTESIAN_POINT ('', (-114., 57.5, 3.5));
#7130 = CARTESIAN_POINT ('', (-114., 57.5, 5.));
#7131 = CARTESIAN_POINT ('', (-114., 57., 3.5));
#7132 = CARTESIAN_POINT ('', (-114., 57., 5.));
#7133 = (
   BOUNDED_SURFACE ()
   B_SPLINE_SURFACE (2, 1, ((#7123, #7124), (#7125, #7126), (#7127, #7128), (#7129, #7130), (#7131, #7132)), .UNSPECIFIED., .F., .F., .U.)
   B_SPLINE_SURFACE_WITH_KNOTS ((3, 2, 3), (2, 2), (82.5, 82.75, 83.), (0., 1.), .UNSPECIFIED.)
   GEOMETRIC_REPRESENTATION_ITEM ()
   RATIONAL_B_SPLINE_SURFACE (((1., 1.), (0.707106781186548, 0.707106781186548), (1., 1.), (0.707106781186548, 0.707106781186548), (1., 1.)))
   REPRESENTATION_ITEM ('')
   SURFACE ()
);
#7134 = ADVANCED_FACE ('', (#7122), #7133, .T.);
#7135 = CARTESIAN_POINT ('', (-102., 57., 5.));
#7136 = VERTEX_POINT ('', #7135);
#7137 = CARTESIAN_POINT ('', (-114., 57., 5.));
#7138 = CARTESIAN_POINT ('', (-102., 57., 5.));
#7139 = B_SPLINE_CURVE_WITH_KNOTS ('', 1, (#7137, #7138), .UNSPECIFIED., .F., .U., (2, 2), (29., 41.), .UNSPECIFIED.);
#7140 = EDGE_CURVE ('', #7101, #7136, #7139, .T.);
#7141 = ORIENTED_EDGE ('', *, *, #7140, .F.);
#7142 = ORIENTED_EDGE ('', *, *, #7119, .F.);
#7143 = ORIENTED_EDGE ('', *, *, #1587, .T.);
#7144 = CARTESIAN_POINT ('', (-102., 57., 3.5));
#7145 = CARTESIAN_POINT ('', (-102., 57., 5.));
#7146 = B_SPLINE_CURVE_WITH_KNOTS ('', 1, (#7144, #7145), .UNSPECIFIED., .F., .U., (2, 2), (0., 1.), .UNSPECIFIED.);
#7147 = EDGE_CURVE ('', #1573, #7136, #7146, .T.);
#7148 = ORIENTED_EDGE ('', *, *, #7147, .T.);
#7149 = EDGE_LOOP ('', (#7141, #7142, #7143, #7148));
#7150 = FACE_OUTER_BOUND ('', #7149, .T.);
#7151 = CARTESIAN_POINT ('', (-114., 57., 3.5));
#7152 = CARTESIAN_POINT ('', (-114., 57., 5.));
#7153 = CARTESIAN_POINT ('', (-102., 57., 3.5));
#7154 = CARTESIAN_POINT ('', (-102., 57., 5.));
#7155 = B_SPLINE_SURFACE_WITH_KNOTS ('', 1, 1, ((#7151, #7152), (#7153, #7154)), .UNSPECIFIED., .F., .F., .U., (2, 2), (2, 2), (29., 41.), (0., 1.), .UNSPECIFIED.);
#7156 = ADVANCED_FACE ('', (#7150), #7155, .T.);
#7157 = CARTESIAN_POINT ('', (-101., 57., 5.));
#7158 = VERTEX_POINT ('', #7157);
#7159 = CARTESIAN_POINT ('', (-102., 57., 5.));
#7160 = CARTESIAN_POINT ('', (-102., 57.5, 5.));
#7161 = CARTESIAN_POINT ('', (-101.5, 57.5, 5.));
#7162 = CARTESIAN_POINT ('', (-101., 57.5, 5.));
#7163 = CARTESIAN_POINT ('', (-101., 57., 5.));
#7164 = (
   BOUNDED_CURVE ()
   B_SPLINE_CURVE (2, (#7159, #7160, #7161, #7162, #7163), .UNSPECIFIED., .F., .U.)
   B_SPLINE_CURVE_WITH_KNOTS ((3, 2, 3), (41., 41.25, 41.5), .UNSPECIFIED.)
   CURVE ()
   GEOMETRIC_REPRESENTATION_ITEM ()
   RATIONAL_B_SPLINE_CURVE ((1., 0.707106781186548, 1., 0.707106781186548, 1.))
   REPRESENTATION_ITEM ('')
);
#7165 = EDGE_CURVE ('', #7136, #7158, #7164, .T.);
#7166 = ORIENTED_EDGE ('', *, *, #7165, .F.);
#7167 = ORIENTED_EDGE ('', *, *, #7147, .F.);
#7168 = ORIENTED_EDGE ('', *, *, #1580, .T.);
#7169 = CARTESIAN_POINT ('', (-101., 57., 3.5));
#7170 = CARTESIAN_POINT ('', (-101., 57., 5.));
#7171 = B_SPLINE_CURVE_WITH_KNOTS ('', 1, (#7169, #7170), .UNSPECIFIED., .F., .U., (2, 2), (0., 1.), .UNSPECIFIED.);
#7172 = EDGE_CURVE ('', #1566, #7158, #7171, .T.);
#7173 = ORIENTED_EDGE ('', *, *, #7172, .T.);
#7174 = EDGE_LOOP ('', (#7166, #7167, #7168, #7173));
#7175 = FACE_OUTER_BOUND ('', #7174, .T.);
#7176 = CARTESIAN_POINT ('', (-102., 57., 3.5));
#7177 = CARTESIAN_POINT ('', (-102., 57., 5.));
#7178 = CARTESIAN_POINT ('', (-102., 57.5, 3.5));
#7179 = CARTESIAN_POINT ('', (-102., 57.5, 5.));
#7180 = CARTESIAN_POINT ('', (-101.5, 57.5, 3.5));
#7181 = CARTESIAN_POINT ('', (-101.5, 57.5, 5.));
#7182 = CARTESIAN_POINT ('', (-101., 57.5, 3.5));
#7183 = CARTESIAN_POINT ('', (-101., 57.5, 5.));
#7184 = CARTESIAN_POINT ('', (-101., 57., 3.5));
#7185 = CARTESIAN_POINT ('', (-101., 57., 5.));
#7186 = (
   BOUNDED_SURFACE ()
   B_SPLINE_SURFACE (2, 1, ((#7176, #7177), (#7178, #7179), (#7180, #7181), (#7182, #7183), (#7184, #7185)), .UNSPECIFIED., .F., .F., .U.)
   B_SPLINE_SURFACE_WITH_KNOTS ((3, 2, 3), (2, 2), (41., 41.25, 41.5), (0., 1.), .UNSPECIFIED.)
   GEOMETRIC_REPRESENTATION_ITEM ()
   RATIONAL_B_SPLINE_SURFACE (((1., 1.), (0.707106781186548, 0.707106781186548), (1., 1.), (0.707106781186548, 0.707106781186548), (1., 1.)))
   REPRESENTATION_ITEM ('')
   SURFACE ()
);
#7187 = ADVANCED_FACE ('', (#7175), #7186, .T.);
#7188 = CARTESIAN_POINT ('', (-101., 43., 5.));
#7189 = VERTEX_POINT ('', #7188);
#7190 = CARTESIAN_POINT ('', (-101., 57., 5.));
#7191 = CARTESIAN_POINT ('', (-101., 43., 5.));
#7192 = B_SPLINE_CURVE_WITH_KNOTS ('', 1, (#7190, #7191), .UNSPECIFIED., .F., .U., (2, 2), (41.5, 55.5), .UNSPECIFIED.);
#7193 = EDGE_CURVE ('', #7158, #7189, #7192, .T.);
#7194 = ORIENTED_EDGE ('', *, *, #7193, .F.);
#7195 = ORIENTED_EDGE ('', *, *, #7172, .F.);
#7196 = ORIENTED_EDGE ('', *, *, #1570, .T.);
#7197 = CARTESIAN_POINT ('', (-101., 43., 3.5));
#7198 = CARTESIAN_POINT ('', (-101., 43., 5.));
#7199 = B_SPLINE_CURVE_WITH_KNOTS ('', 1, (#7197, #7198), .UNSPECIFIED., .F., .U., (2, 2), (0., 1.), .UNSPECIFIED.);
#7200 = EDGE_CURVE ('', #1556, #7189, #7199, .T.);
#7201 = ORIENTED_EDGE ('', *, *, #7200, .T.);
#7202 = EDGE_LOOP ('', (#7194, #7195, #7196, #7201));
#7203 = FACE_OUTER_BOUND ('', #7202, .T.);
#7204 = CARTESIAN_POINT ('', (-101., 57., 3.5));
#7205 = CARTESIAN_POINT ('', (-101., 57., 5.));
#7206 = CARTESIAN_POINT ('', (-101., 43., 3.5));
#7207 = CARTESIAN_POINT ('', (-101., 43., 5.));
#7208 = B_SPLINE_SURFACE_WITH_KNOTS ('', 1, 1, ((#7204, #7205), (#7206, #7207)), .UNSPECIFIED., .F., .F., .U., (2, 2), (2, 2), (41.5, 55.5), (0., 1.), .UNSPECIFIED.);
#7209 = ADVANCED_FACE ('', (#7203), #7208, .T.);
#7210 = CARTESIAN_POINT ('', (-102., 43., 5.));
#7211 = VERTEX_POINT ('', #7210);
#7212 = CARTESIAN_POINT ('', (-101., 43., 5.));
#7213 = CARTESIAN_POINT ('', (-101., 42.5, 5.));
#7214 = CARTESIAN_POINT ('', (-101.5, 42.5, 5.));
#7215 = CARTESIAN_POINT ('', (-102., 42.5, 5.));
#7216 = CARTESIAN_POINT ('', (-102., 43., 5.));
#7217 = (
   BOUNDED_CURVE ()
   B_SPLINE_CURVE (2, (#7212, #7213, #7214, #7215, #7216), .UNSPECIFIED., .F., .U.)
   B_SPLINE_CURVE_WITH_KNOTS ((3, 2, 3), (55.5, 55.75, 56.), .UNSPECIFIED.)
   CURVE ()
   GEOMETRIC_REPRESENTATION_ITEM ()
   RATIONAL_B_SPLINE_CURVE ((1., 0.707106781186548, 1., 0.707106781186548, 1.))
   REPRESENTATION_ITEM ('')
);
#7218 = EDGE_CURVE ('', #7189, #7211, #7217, .T.);
#7219 = ORIENTED_EDGE ('', *, *, #7218, .F.);
#7220 = ORIENTED_EDGE ('', *, *, #7200, .F.);
#7221 = ORIENTED_EDGE ('', *, *, #1563, .T.);
#7222 = CARTESIAN_POINT ('', (-102., 43., 3.5));
#7223 = CARTESIAN_POINT ('', (-102., 43., 5.));
#7224 = B_SPLINE_CURVE_WITH_KNOTS ('', 1, (#7222, #7223), .UNSPECIFIED., .F., .U., (2, 2), (0., 1.), .UNSPECIFIED.);
#7225 = EDGE_CURVE ('', #1549, #7211, #7224, .T.);
#7226 = ORIENTED_EDGE ('', *, *, #7225, .T.);
#7227 = EDGE_LOOP ('', (#7219, #7220, #7221, #7226));
#7228 = FACE_OUTER_BOUND ('', #7227, .T.);
#7229 = CARTESIAN_POINT ('', (-101., 43., 3.5));
#7230 = CARTESIAN_POINT ('', (-101., 43., 5.));
#7231 = CARTESIAN_POINT ('', (-101., 42.5, 3.5));
#7232 = CARTESIAN_POINT ('', (-101., 42.5, 5.));
#7233 = CARTESIAN_POINT ('', (-101.5, 42.5, 3.5));
#7234 = CARTESIAN_POINT ('', (-101.5, 42.5, 5.));
#7235 = CARTESIAN_POINT ('', (-102., 42.5, 3.5));
#7236 = CARTESIAN_POINT ('', (-102., 42.5, 5.));
#7237 = CARTESIAN_POINT ('', (-102., 43., 3.5));
#7238 = CARTESIAN_POINT ('', (-102., 43., 5.));
#7239 = (
   BOUNDED_SURFACE ()
   B_SPLINE_SURFACE (2, 1, ((#7229, #7230), (#7231, #7232), (#7233, #7234), (#7235, #7236), (#7237, #7238)), .UNSPECIFIED., .F., .F., .U.)
   B_SPLINE_SURFACE_WITH_KNOTS ((3, 2, 3), (2, 2), (55.5, 55.75, 56.), (0., 1.), .UNSPECIFIED.)
   GEOMETRIC_REPRESENTATION_ITEM ()
   RATIONAL_B_SPLINE_SURFACE (((1., 1.), (0.707106781186548, 0.707106781186548), (1., 1.), (0.707106781186548, 0.707106781186548), (1., 1.)))
   REPRESENTATION_ITEM ('')
   SURFACE ()
);
#7240 = ADVANCED_FACE ('', (#7228), #7239, .T.);
#7241 = CARTESIAN_POINT ('', (-114., 43., 5.));
#7242 = VERTEX_POINT ('', #7241);
#7243 = CARTESIAN_POINT ('', (-102., 43., 5.));
#7244 = CARTESIAN_POINT ('', (-114., 43., 5.));
#7245 = B_SPLINE_CURVE_WITH_KNOTS ('', 1, (#7243, #7244), .UNSPECIFIED., .F., .U., (2, 2), (56., 68.), .UNSPECIFIED.);
#7246 = EDGE_CURVE ('', #7211, #7242, #7245, .T.);
#7247 = ORIENTED_EDGE ('', *, *, #7246, .F.);
#7248 = ORIENTED_EDGE ('', *, *, #7225, .F.);
#7249 = ORIENTED_EDGE ('', *, *, #1553, .T.);
#7250 = CARTESIAN_POINT ('', (-114., 43., 3.5));
#7251 = CARTESIAN_POINT ('', (-114., 43., 5.));
#7252 = B_SPLINE_CURVE_WITH_KNOTS ('', 1, (#7250, #7251), .UNSPECIFIED., .F., .U., (2, 2), (0., 1.), .UNSPECIFIED.);
#7253 = EDGE_CURVE ('', #1537, #7242, #7252, .T.);
#7254 = ORIENTED_EDGE ('', *, *, #7253, .T.);
#7255 = EDGE_LOOP ('', (#7247, #7248, #7249, #7254));
#7256 = FACE_OUTER_BOUND ('', #7255, .T.);
#7257 = CARTESIAN_POINT ('', (-102., 43., 3.5));
#7258 = CARTESIAN_POINT ('', (-102., 43., 5.));
#7259 = CARTESIAN_POINT ('', (-114., 43., 3.5));
#7260 = CARTESIAN_POINT ('', (-114., 43., 5.));
#7261 = B_SPLINE_SURFACE_WITH_KNOTS ('', 1, 1, ((#7257, #7258), (#7259, #7260)), .UNSPECIFIED., .F., .F., .U., (2, 2), (2, 2), (56., 68.), (0., 1.), .UNSPECIFIED.);
#7262 = ADVANCED_FACE ('', (#7256), #7261, .T.);
#7263 = CARTESIAN_POINT ('', (-115., 43., 5.));
#7264 = VERTEX_POINT ('', #7263);
#7265 = CARTESIAN_POINT ('', (-114., 43., 5.));
#7266 = CARTESIAN_POINT ('', (-114., 42.5, 5.));
#7267 = CARTESIAN_POINT ('', (-114.5, 42.5, 5.));
#7268 = CARTESIAN_POINT ('', (-115., 42.5, 5.));
#7269 = CARTESIAN_POINT ('', (-115., 43., 5.));
#7270 = (
   BOUNDED_CURVE ()
   B_SPLINE_CURVE (2, (#7265, #7266, #7267, #7268, #7269), .UNSPECIFIED., .F., .U.)
   B_SPLINE_CURVE_WITH_KNOTS ((3, 2, 3), (68., 68.25, 68.5), .UNSPECIFIED.)
   CURVE ()
   GEOMETRIC_REPRESENTATION_ITEM ()
   RATIONAL_B_SPLINE_CURVE ((1., 0.707106781186548, 1., 0.707106781186548, 1.))
   REPRESENTATION_ITEM ('')
);
#7271 = EDGE_CURVE ('', #7242, #7264, #7270, .T.);
#7272 = ORIENTED_EDGE ('', *, *, #7271, .F.);
#7273 = ORIENTED_EDGE ('', *, *, #7253, .F.);
#7274 = ORIENTED_EDGE ('', *, *, #1546, .T.);
#7275 = CARTESIAN_POINT ('', (-115., 43., 3.5));
#7276 = CARTESIAN_POINT ('', (-115., 43., 5.));
#7277 = B_SPLINE_CURVE_WITH_KNOTS ('', 1, (#7275, #7276), .UNSPECIFIED., .F., .U., (2, 2), (0., 1.), .UNSPECIFIED.);
#7278 = EDGE_CURVE ('', #1539, #7264, #7277, .T.);
#7279 = ORIENTED_EDGE ('', *, *, #7278, .T.);
#7280 = EDGE_LOOP ('', (#7272, #7273, #7274, #7279));
#7281 = FACE_OUTER_BOUND ('', #7280, .T.);
#7282 = CARTESIAN_POINT ('', (-114., 43., 3.5));
#7283 = CARTESIAN_POINT ('', (-114., 43., 5.));
#7284 = CARTESIAN_POINT ('', (-114., 42.5, 3.5));
#7285 = CARTESIAN_POINT ('', (-114., 42.5, 5.));
#7286 = CARTESIAN_POINT ('', (-114.5, 42.5, 3.5));
#7287 = CARTESIAN_POINT ('', (-114.5, 42.5, 5.));
#7288 = CARTESIAN_POINT ('', (-115., 42.5, 3.5));
#7289 = CARTESIAN_POINT ('', (-115., 42.5, 5.));
#7290 = CARTESIAN_POINT ('', (-115., 43., 3.5));
#7291 = CARTESIAN_POINT ('', (-115., 43., 5.));
#7292 = (
   BOUNDED_SURFACE ()
   B_SPLINE_SURFACE (2, 1, ((#7282, #7283), (#7284, #7285), (#7286, #7287), (#7288, #7289), (#7290, #7291)), .UNSPECIFIED., .F., .F., .U.)
   B_SPLINE_SURFACE_WITH_KNOTS ((3, 2, 3), (2, 2), (68., 68.25, 68.5), (0., 1.), .UNSPECIFIED.)
   GEOMETRIC_REPRESENTATION_ITEM ()
   RATIONAL_B_SPLINE_SURFACE (((1., 1.), (0.707106781186548, 0.707106781186548), (1., 1.), (0.707106781186548, 0.707106781186548), (1., 1.)))
   REPRESENTATION_ITEM ('')
   SURFACE ()
);
#7293 = ADVANCED_FACE ('', (#7281), #7292, .T.);
#7294 = CARTESIAN_POINT ('', (-115., 43., 5.));
#7295 = CARTESIAN_POINT ('', (-115., 57., 5.));
#7296 = B_SPLINE_CURVE_WITH_KNOTS ('', 1, (#7294, #7295), .UNSPECIFIED., .F., .U., (2, 2), (68.5, 82.5), .UNSPECIFIED.);
#7297 = EDGE_CURVE ('', #7264, #7099, #7296, .T.);
#7298 = ORIENTED_EDGE ('', *, *, #7297, .F.);
#7299 = ORIENTED_EDGE ('', *, *, #7278, .F.);
#7300 = ORIENTED_EDGE ('', *, *, #1602, .T.);
#7301 = ORIENTED_EDGE ('', *, *, #7113, .T.);
#7302 = EDGE_LOOP ('', (#7298, #7299, #7300, #7301));
#7303 = FACE_OUTER_BOUND ('', #7302, .T.);
#7304 = CARTESIAN_POINT ('', (-115., 43., 3.5));
#7305 = CARTESIAN_POINT ('', (-115., 43., 5.));
#7306 = CARTESIAN_POINT ('', (-115., 57., 3.5));
#7307 = CARTESIAN_POINT ('', (-115., 57., 5.));
#7308 = B_SPLINE_SURFACE_WITH_KNOTS ('', 1, 1, ((#7304, #7305), (#7306, #7307)), .UNSPECIFIED., .F., .F., .U., (2, 2), (2, 2), (68.5, 82.5), (0., 1.), .UNSPECIFIED.);
#7309 = ADVANCED_FACE ('', (#7303), #7308, .T.);
#7310 = CARTESIAN_POINT ('', (-124.5, 76., 5.));
#7311 = VERTEX_POINT ('', #7310);
#7312 = CARTESIAN_POINT ('', (-123.5, 76., 5.));
#7313 = VERTEX_POINT ('', #7312);
#7314 = CARTESIAN_POINT ('', (-124.5, 76., 5.));
#7315 = CARTESIAN_POINT ('', (-124.5, 76.5, 5.));
#7316 = CARTESIAN_POINT ('', (-124., 76.5, 5.));
#7317 = CARTESIAN_POINT ('', (-123.5, 76.5, 5.));
#7318 = CARTESIAN_POINT ('', (-123.5, 76., 5.));
#7319 = (
   BOUNDED_CURVE ()
   B_SPLINE_CURVE (2, (#7314, #7315, #7316, #7317, #7318), .UNSPECIFIED., .F., .U.)
   B_SPLINE_CURVE_WITH_KNOTS ((3, 2, 3), (82.5, 82.75, 83.), .UNSPECIFIED.)
   CURVE ()
   GEOMETRIC_REPRESENTATION_ITEM ()
   RATIONAL_B_SPLINE_CURVE ((1., 0.707106781186548, 1., 0.707106781186548, 1.))
   REPRESENTATION_ITEM ('')
);
#7320 = EDGE_CURVE ('', #7311, #7313, #7319, .T.);
#7321 = ORIENTED_EDGE ('', *, *, #7320, .F.);
#7322 = CARTESIAN_POINT ('', (-124.5, 76., 3.5));
#7323 = CARTESIAN_POINT ('', (-124.5, 76., 5.));
#7324 = B_SPLINE_CURVE_WITH_KNOTS ('', 1, (#7322, #7323), .UNSPECIFIED., .F., .U., (2, 2), (0., 1.), .UNSPECIFIED.);
#7325 = EDGE_CURVE ('', #1520, #7311, #7324, .T.);
#7326 = ORIENTED_EDGE ('', *, *, #7325, .F.);
#7327 = ORIENTED_EDGE ('', *, *, #1527, .T.);
#7328 = CARTESIAN_POINT ('', (-123.5, 76., 3.5));
#7329 = CARTESIAN_POINT ('', (-123.5, 76., 5.));
#7330 = B_SPLINE_CURVE_WITH_KNOTS ('', 1, (#7328, #7329), .UNSPECIFIED., .F., .U., (2, 2), (0., 1.), .UNSPECIFIED.);
#7331 = EDGE_CURVE ('', #1513, #7313, #7330, .T.);
#7332 = ORIENTED_EDGE ('', *, *, #7331, .T.);
#7333 = EDGE_LOOP ('', (#7321, #7326, #7327, #7332));
#7334 = FACE_OUTER_BOUND ('', #7333, .T.);
#7335 = CARTESIAN_POINT ('', (-124.5, 76., 3.5));
#7336 = CARTESIAN_POINT ('', (-124.5, 76., 5.));
#7337 = CARTESIAN_POINT ('', (-124.5, 76.5, 3.5));
#7338 = CARTESIAN_POINT ('', (-124.5, 76.5, 5.));
#7339 = CARTESIAN_POINT ('', (-124., 76.5, 3.5));
#7340 = CARTESIAN_POINT ('', (-124., 76.5, 5.));
#7341 = CARTESIAN_POINT ('', (-123.5, 76.5, 3.5));
#7342 = CARTESIAN_POINT ('', (-123.5, 76.5, 5.));
#7343 = CARTESIAN_POINT ('', (-123.5, 76., 3.5));
#7344 = CARTESIAN_POINT ('', (-123.5, 76., 5.));
#7345 = (
   BOUNDED_SURFACE ()
   B_SPLINE_SURFACE (2, 1, ((#7335, #7336), (#7337, #7338), (#7339, #7340), (#7341, #7342), (#7343, #7344)), .UNSPECIFIED., .F., .F., .U.)
   B_SPLINE_SURFACE_WITH_KNOTS ((3, 2, 3), (2, 2), (82.5, 82.75, 83.), (0., 1.), .UNSPECIFIED.)
   GEOMETRIC_REPRESENTATION_ITEM ()
   RATIONAL_B_SPLINE_SURFACE (((1., 1.), (0.707106781186548, 0.707106781186548), (1., 1.), (0.707106781186548, 0.707106781186548), (1., 1.)))
   REPRESENTATION_ITEM ('')
   SURFACE ()
);
#7346 = ADVANCED_FACE ('', (#7334), #7345, .T.);
#7347 = CARTESIAN_POINT ('', (-111.5, 76., 5.));
#7348 = VERTEX_POINT ('', #7347);
#7349 = CARTESIAN_POINT ('', (-123.5, 76., 5.));
#7350 = CARTESIAN_POINT ('', (-111.5, 76., 5.));
#7351 = B_SPLINE_CURVE_WITH_KNOTS ('', 1, (#7349, #7350), .UNSPECIFIED., .F., .U., (2, 2), (29., 41.), .UNSPECIFIED.);
#7352 = EDGE_CURVE ('', #7313, #7348, #7351, .T.);
#7353 = ORIENTED_EDGE ('', *, *, #7352, .F.);
#7354 = ORIENTED_EDGE ('', *, *, #7331, .F.);
#7355 = ORIENTED_EDGE ('', *, *, #1517, .T.);
#7356 = CARTESIAN_POINT ('', (-111.5, 76., 3.5));
#7357 = CARTESIAN_POINT ('', (-111.5, 76., 5.));
#7358 = B_SPLINE_CURVE_WITH_KNOTS ('', 1, (#7356, #7357), .UNSPECIFIED., .F., .U., (2, 2), (0., 1.), .UNSPECIFIED.);
#7359 = EDGE_CURVE ('', #1503, #7348, #7358, .T.);
#7360 = ORIENTED_EDGE ('', *, *, #7359, .T.);
#7361 = EDGE_LOOP ('', (#7353, #7354, #7355, #7360));
#7362 = FACE_OUTER_BOUND ('', #7361, .T.);
#7363 = CARTESIAN_POINT ('', (-123.5, 76., 3.5));
#7364 = CARTESIAN_POINT ('', (-123.5, 76., 5.));
#7365 = CARTESIAN_POINT ('', (-111.5, 76., 3.5));
#7366 = CARTESIAN_POINT ('', (-111.5, 76., 5.));
#7367 = B_SPLINE_SURFACE_WITH_KNOTS ('', 1, 1, ((#7363, #7364), (#7365, #7366)), .UNSPECIFIED., .F., .F., .U., (2, 2), (2, 2), (29., 41.), (0., 1.), .UNSPECIFIED.);
#7368 = ADVANCED_FACE ('', (#7362), #7367, .T.);
#7369 = CARTESIAN_POINT ('', (-110.5, 76., 5.));
#7370 = VERTEX_POINT ('', #7369);
#7371 = CARTESIAN_POINT ('', (-111.5, 76., 5.));
#7372 = CARTESIAN_POINT ('', (-111.5, 76.5, 5.));
#7373 = CARTESIAN_POINT ('', (-111., 76.5, 5.));
#7374 = CARTESIAN_POINT ('', (-110.5, 76.5, 5.));
#7375 = CARTESIAN_POINT ('', (-110.5, 76., 5.));
#7376 = (
   BOUNDED_CURVE ()
   B_SPLINE_CURVE (2, (#7371, #7372, #7373, #7374, #7375), .UNSPECIFIED., .F., .U.)
   B_SPLINE_CURVE_WITH_KNOTS ((3, 2, 3), (41., 41.25, 41.5), .UNSPECIFIED.)
   CURVE ()
   GEOMETRIC_REPRESENTATION_ITEM ()
   RATIONAL_B_SPLINE_CURVE ((1., 0.707106781186548, 1., 0.707106781186548, 1.))
   REPRESENTATION_ITEM ('')
);
#7377 = EDGE_CURVE ('', #7348, #7370, #7376, .T.);
#7378 = ORIENTED_EDGE ('', *, *, #7377, .F.);
#7379 = ORIENTED_EDGE ('', *, *, #7359, .F.);
#7380 = ORIENTED_EDGE ('', *, *, #1510, .T.);
#7381 = CARTESIAN_POINT ('', (-110.5, 76., 3.5));
#7382 = CARTESIAN_POINT ('', (-110.5, 76., 5.));
#7383 = B_SPLINE_CURVE_WITH_KNOTS ('', 1, (#7381, #7382), .UNSPECIFIED., .F., .U., (2, 2), (0., 1.), .UNSPECIFIED.);
#7384 = EDGE_CURVE ('', #1496, #7370, #7383, .T.);
#7385 = ORIENTED_EDGE ('', *, *, #7384, .T.);
#7386 = EDGE_LOOP ('', (#7378, #7379, #7380, #7385));
#7387 = FACE_OUTER_BOUND ('', #7386, .T.);
#7388 = CARTESIAN_POINT ('', (-111.5, 76., 3.5));
#7389 = CARTESIAN_POINT ('', (-111.5, 76., 5.));
#7390 = CARTESIAN_POINT ('', (-111.5, 76.5, 3.5));
#7391 = CARTESIAN_POINT ('', (-111.5, 76.5, 5.));
#7392 = CARTESIAN_POINT ('', (-111., 76.5, 3.5));
#7393 = CARTESIAN_POINT ('', (-111., 76.5, 5.));
#7394 = CARTESIAN_POINT ('', (-110.5, 76.5, 3.5));
#7395 = CARTESIAN_POINT ('', (-110.5, 76.5, 5.));
#7396 = CARTESIAN_POINT ('', (-110.5, 76., 3.5));
#7397 = CARTESIAN_POINT ('', (-110.5, 76., 5.));
#7398 = (
   BOUNDED_SURFACE ()
   B_SPLINE_SURFACE (2, 1, ((#7388, #7389), (#7390, #7391), (#7392, #7393), (#7394, #7395), (#7396, #7397)), .UNSPECIFIED., .F., .F., .U.)
   B_SPLINE_SURFACE_WITH_KNOTS ((3, 2, 3), (2, 2), (41., 41.25, 41.5), (0., 1.), .UNSPECIFIED.)
   GEOMETRIC_REPRESENTATION_ITEM ()
   RATIONAL_B_SPLINE_SURFACE (((1., 1.), (0.707106781186548, 0.707106781186548), (1., 1.), (0.707106781186548, 0.707106781186548), (1., 1.)))
   REPRESENTATION_ITEM ('')
   SURFACE ()
);
#7399 = ADVANCED_FACE ('', (#7387), #7398, .T.);
#7400 = CARTESIAN_POINT ('', (-110.5, 62., 5.));
#7401 = VERTEX_POINT ('', #7400);
#7402 = CARTESIAN_POINT ('', (-110.5, 76., 5.));
#7403 = CARTESIAN_POINT ('', (-110.5, 62., 5.));
#7404 = B_SPLINE_CURVE_WITH_KNOTS ('', 1, (#7402, #7403), .UNSPECIFIED., .F., .U., (2, 2), (41.5, 55.5), .UNSPECIFIED.);
#7405 = EDGE_CURVE ('', #7370, #7401, #7404, .T.);
#7406 = ORIENTED_EDGE ('', *, *, #7405, .F.);
#7407 = ORIENTED_EDGE ('', *, *, #7384, .F.);
#7408 = ORIENTED_EDGE ('', *, *, #1500, .T.);
#7409 = CARTESIAN_POINT ('', (-110.5, 62., 3.5));
#7410 = CARTESIAN_POINT ('', (-110.5, 62., 5.));
#7411 = B_SPLINE_CURVE_WITH_KNOTS ('', 1, (#7409, #7410), .UNSPECIFIED., .F., .U., (2, 2), (0., 1.), .UNSPECIFIED.);
#7412 = EDGE_CURVE ('', #1486, #7401, #7411, .T.);
#7413 = ORIENTED_EDGE ('', *, *, #7412, .T.);
#7414 = EDGE_LOOP ('', (#7406, #7407, #7408, #7413));
#7415 = FACE_OUTER_BOUND ('', #7414, .T.);
#7416 = CARTESIAN_POINT ('', (-110.5, 76., 3.5));
#7417 = CARTESIAN_POINT ('', (-110.5, 76., 5.));
#7418 = CARTESIAN_POINT ('', (-110.5, 62., 3.5));
#7419 = CARTESIAN_POINT ('', (-110.5, 62., 5.));
#7420 = B_SPLINE_SURFACE_WITH_KNOTS ('', 1, 1, ((#7416, #7417), (#7418, #7419)), .UNSPECIFIED., .F., .F., .U., (2, 2), (2, 2), (41.5, 55.5), (0., 1.), .UNSPECIFIED.);
#7421 = ADVANCED_FACE ('', (#7415), #7420, .T.);
#7422 = CARTESIAN_POINT ('', (-111.5, 62., 5.));
#7423 = VERTEX_POINT ('', #7422);
#7424 = CARTESIAN_POINT ('', (-110.5, 62., 5.));
#7425 = CARTESIAN_POINT ('', (-110.5, 61.5, 5.));
#7426 = CARTESIAN_POINT ('', (-111., 61.5, 5.));
#7427 = CARTESIAN_POINT ('', (-111.5, 61.5, 5.));
#7428 = CARTESIAN_POINT ('', (-111.5, 62., 5.));
#7429 = (
   BOUNDED_CURVE ()
   B_SPLINE_CURVE (2, (#7424, #7425, #7426, #7427, #7428), .UNSPECIFIED., .F., .U.)
   B_SPLINE_CURVE_WITH_KNOTS ((3, 2, 3), (55.5, 55.75, 56.), .UNSPECIFIED.)
   CURVE ()
   GEOMETRIC_REPRESENTATION_ITEM ()
   RATIONAL_B_SPLINE_CURVE ((1., 0.707106781186548, 1., 0.707106781186548, 1.))
   REPRESENTATION_ITEM ('')
);
#7430 = EDGE_CURVE ('', #7401, #7423, #7429, .T.);
#7431 = ORIENTED_EDGE ('', *, *, #7430, .F.);
#7432 = ORIENTED_EDGE ('', *, *, #7412, .F.);
#7433 = ORIENTED_EDGE ('', *, *, #1493, .T.);
#7434 = CARTESIAN_POINT ('', (-111.5, 62., 3.5));
#7435 = CARTESIAN_POINT ('', (-111.5, 62., 5.));
#7436 = B_SPLINE_CURVE_WITH_KNOTS ('', 1, (#7434, #7435), .UNSPECIFIED., .F., .U., (2, 2), (0., 1.), .UNSPECIFIED.);
#7437 = EDGE_CURVE ('', #1479, #7423, #7436, .T.);
#7438 = ORIENTED_EDGE ('', *, *, #7437, .T.);
#7439 = EDGE_LOOP ('', (#7431, #7432, #7433, #7438));
#7440 = FACE_OUTER_BOUND ('', #7439, .T.);
#7441 = CARTESIAN_POINT ('', (-110.5, 62., 3.5));
#7442 = CARTESIAN_POINT ('', (-110.5, 62., 5.));
#7443 = CARTESIAN_POINT ('', (-110.5, 61.5, 3.5));
#7444 = CARTESIAN_POINT ('', (-110.5, 61.5, 5.));
#7445 = CARTESIAN_POINT ('', (-111., 61.5, 3.5));
#7446 = CARTESIAN_POINT ('', (-111., 61.5, 5.));
#7447 = CARTESIAN_POINT ('', (-111.5, 61.5, 3.5));
#7448 = CARTESIAN_POINT ('', (-111.5, 61.5, 5.));
#7449 = CARTESIAN_POINT ('', (-111.5, 62., 3.5));
#7450 = CARTESIAN_POINT ('', (-111.5, 62., 5.));
#7451 = (
   BOUNDED_SURFACE ()
   B_SPLINE_SURFACE (2, 1, ((#7441, #7442), (#7443, #7444), (#7445, #7446), (#7447, #7448), (#7449, #7450)), .UNSPECIFIED., .F., .F., .U.)
   B_SPLINE_SURFACE_WITH_KNOTS ((3, 2, 3), (2, 2), (55.5, 55.75, 56.), (0., 1.), .UNSPECIFIED.)
   GEOMETRIC_REPRESENTATION_ITEM ()
   RATIONAL_B_SPLINE_SURFACE (((1., 1.), (0.707106781186548, 0.707106781186548), (1., 1.), (0.707106781186548, 0.707106781186548), (1., 1.)))
   REPRESENTATION_ITEM ('')
   SURFACE ()
);
#7452 = ADVANCED_FACE ('', (#7440), #7451, .T.);
#7453 = CARTESIAN_POINT ('', (-123.5, 62., 5.));
#7454 = VERTEX_POINT ('', #7453);
#7455 = CARTESIAN_POINT ('', (-111.5, 62., 5.));
#7456 = CARTESIAN_POINT ('', (-123.5, 62., 5.));
#7457 = B_SPLINE_CURVE_WITH_KNOTS ('', 1, (#7455, #7456), .UNSPECIFIED., .F., .U., (2, 2), (56., 68.), .UNSPECIFIED.);
#7458 = EDGE_CURVE ('', #7423, #7454, #7457, .T.);
#7459 = ORIENTED_EDGE ('', *, *, #7458, .F.);
#7460 = ORIENTED_EDGE ('', *, *, #7437, .F.);
#7461 = ORIENTED_EDGE ('', *, *, #1483, .T.);
#7462 = CARTESIAN_POINT ('', (-123.5, 62., 3.5));
#7463 = CARTESIAN_POINT ('', (-123.5, 62., 5.));
#7464 = B_SPLINE_CURVE_WITH_KNOTS ('', 1, (#7462, #7463), .UNSPECIFIED., .F., .U., (2, 2), (0., 1.), .UNSPECIFIED.);
#7465 = EDGE_CURVE ('', #1467, #7454, #7464, .T.);
#7466 = ORIENTED_EDGE ('', *, *, #7465, .T.);
#7467 = EDGE_LOOP ('', (#7459, #7460, #7461, #7466));
#7468 = FACE_OUTER_BOUND ('', #7467, .T.);
#7469 = CARTESIAN_POINT ('', (-111.5, 62., 3.5));
#7470 = CARTESIAN_POINT ('', (-111.5, 62., 5.));
#7471 = CARTESIAN_POINT ('', (-123.5, 62., 3.5));
#7472 = CARTESIAN_POINT ('', (-123.5, 62., 5.));
#7473 = B_SPLINE_SURFACE_WITH_KNOTS ('', 1, 1, ((#7469, #7470), (#7471, #7472)), .UNSPECIFIED., .F., .F., .U., (2, 2), (2, 2), (56., 68.), (0., 1.), .UNSPECIFIED.);
#7474 = ADVANCED_FACE ('', (#7468), #7473, .T.);
#7475 = CARTESIAN_POINT ('', (-124.5, 62., 5.));
#7476 = VERTEX_POINT ('', #7475);
#7477 = CARTESIAN_POINT ('', (-123.5, 62., 5.));
#7478 = CARTESIAN_POINT ('', (-123.5, 61.5, 5.));
#7479 = CARTESIAN_POINT ('', (-124., 61.5, 5.));
#7480 = CARTESIAN_POINT ('', (-124.5, 61.5, 5.));
#7481 = CARTESIAN_POINT ('', (-124.5, 62., 5.));
#7482 = (
   BOUNDED_CURVE ()
   B_SPLINE_CURVE (2, (#7477, #7478, #7479, #7480, #7481), .UNSPECIFIED., .F., .U.)
   B_SPLINE_CURVE_WITH_KNOTS ((3, 2, 3), (68., 68.25, 68.5), .UNSPECIFIED.)
   CURVE ()
   GEOMETRIC_REPRESENTATION_ITEM ()
   RATIONAL_B_SPLINE_CURVE ((1., 0.707106781186548, 1., 0.707106781186548, 1.))
   REPRESENTATION_ITEM ('')
);
#7483 = EDGE_CURVE ('', #7454, #7476, #7482, .T.);
#7484 = ORIENTED_EDGE ('', *, *, #7483, .F.);
#7485 = ORIENTED_EDGE ('', *, *, #7465, .F.);
#7486 = ORIENTED_EDGE ('', *, *, #1476, .T.);
#7487 = CARTESIAN_POINT ('', (-124.5, 62., 3.5));
#7488 = CARTESIAN_POINT ('', (-124.5, 62., 5.));
#7489 = B_SPLINE_CURVE_WITH_KNOTS ('', 1, (#7487, #7488), .UNSPECIFIED., .F., .U., (2, 2), (0., 1.), .UNSPECIFIED.);
#7490 = EDGE_CURVE ('', #1469, #7476, #7489, .T.);
#7491 = ORIENTED_EDGE ('', *, *, #7490, .T.);
#7492 = EDGE_LOOP ('', (#7484, #7485, #7486, #7491));
#7493 = FACE_OUTER_BOUND ('', #7492, .T.);
#7494 = CARTESIAN_POINT ('', (-123.5, 62., 3.5));
#7495 = CARTESIAN_POINT ('', (-123.5, 62., 5.));
#7496 = CARTESIAN_POINT ('', (-123.5, 61.5, 3.5));
#7497 = CARTESIAN_POINT ('', (-123.5, 61.5, 5.));
#7498 = CARTESIAN_POINT ('', (-124., 61.5, 3.5));
#7499 = CARTESIAN_POINT ('', (-124., 61.5, 5.));
#7500 = CARTESIAN_POINT ('', (-124.5, 61.5, 3.5));
#7501 = CARTESIAN_POINT ('', (-124.5, 61.5, 5.));
#7502 = CARTESIAN_POINT ('', (-124.5, 62., 3.5));
#7503 = CARTESIAN_POINT ('', (-124.5, 62., 5.));
#7504 = (
   BOUNDED_SURFACE ()
   B_SPLINE_SURFACE (2, 1, ((#7494, #7495), (#7496, #7497), (#7498, #7499), (#7500, #7501), (#7502, #7503)), .UNSPECIFIED., .F., .F., .U.)
   B_SPLINE_SURFACE_WITH_KNOTS ((3, 2, 3), (2, 2), (68., 68.25, 68.5), (0., 1.), .UNSPECIFIED.)
   GEOMETRIC_REPRESENTATION_ITEM ()
   RATIONAL_B_SPLINE_SURFACE (((1., 1.), (0.707106781186548, 0.707106781186548), (1., 1.), (0.707106781186548, 0.707106781186548), (1., 1.)))
   REPRESENTATION_ITEM ('')
   SURFACE ()
);
#7505 = ADVANCED_FACE ('', (#7493), #7504, .T.);
#7506 = CARTESIAN_POINT ('', (-124.5, 62., 5.));
#7507 = CARTESIAN_POINT ('', (-124.5, 76., 5.));
#7508 = B_SPLINE_CURVE_WITH_KNOTS ('', 1, (#7506, #7507), .UNSPECIFIED., .F., .U., (2, 2), (68.5, 82.5), .UNSPECIFIED.);
#7509 = EDGE_CURVE ('', #7476, #7311, #7508, .T.);
#7510 = ORIENTED_EDGE ('', *, *, #7509, .F.);
#7511 = ORIENTED_EDGE ('', *, *, #7490, .F.);
#7512 = ORIENTED_EDGE ('', *, *, #1532, .T.);
#7513 = ORIENTED_EDGE ('', *, *, #7325, .T.);
#7514 = EDGE_LOOP ('', (#7510, #7511, #7512, #7513));
#7515 = FACE_OUTER_BOUND ('', #7514, .T.);
#7516 = CARTESIAN_POINT ('', (-124.5, 62., 3.5));
#7517 = CARTESIAN_POINT ('', (-124.5, 62., 5.));
#7518 = CARTESIAN_POINT ('', (-124.5, 76., 3.5));
#7519 = CARTESIAN_POINT ('', (-124.5, 76., 5.));
#7520 = B_SPLINE_SURFACE_WITH_KNOTS ('', 1, 1, ((#7516, #7517), (#7518, #7519)), .UNSPECIFIED., .F., .F., .U., (2, 2), (2, 2), (68.5, 82.5), (0., 1.), .UNSPECIFIED.);
#7521 = ADVANCED_FACE ('', (#7515), #7520, .T.);
#7522 = CARTESIAN_POINT ('', (-105.5, 76., 5.));
#7523 = VERTEX_POINT ('', #7522);
#7524 = CARTESIAN_POINT ('', (-104.5, 76., 5.));
#7525 = VERTEX_POINT ('', #7524);
#7526 = CARTESIAN_POINT ('', (-105.5, 76., 5.));
#7527 = CARTESIAN_POINT ('', (-105.5, 76.5, 5.));
#7528 = CARTESIAN_POINT ('', (-105., 76.5, 5.));
#7529 = CARTESIAN_POINT ('', (-104.5, 76.5, 5.));
#7530 = CARTESIAN_POINT ('', (-104.5, 76., 5.));
#7531 = (
   BOUNDED_CURVE ()
   B_SPLINE_CURVE (2, (#7526, #7527, #7528, #7529, #7530), .UNSPECIFIED., .F., .U.)
   B_SPLINE_CURVE_WITH_KNOTS ((3, 2, 3), (82.5, 82.75, 83.), .UNSPECIFIED.)
   CURVE ()
   GEOMETRIC_REPRESENTATION_ITEM ()
   RATIONAL_B_SPLINE_CURVE ((1., 0.707106781186548, 1., 0.707106781186548, 1.))
   REPRESENTATION_ITEM ('')
);
#7532 = EDGE_CURVE ('', #7523, #7525, #7531, .T.);
#7533 = ORIENTED_EDGE ('', *, *, #7532, .F.);
#7534 = CARTESIAN_POINT ('', (-105.5, 76., 3.5));
#7535 = CARTESIAN_POINT ('', (-105.5, 76., 5.));
#7536 = B_SPLINE_CURVE_WITH_KNOTS ('', 1, (#7534, #7535), .UNSPECIFIED., .F., .U., (2, 2), (0., 1.), .UNSPECIFIED.);
#7537 = EDGE_CURVE ('', #1450, #7523, #7536, .T.);
#7538 = ORIENTED_EDGE ('', *, *, #7537, .F.);
#7539 = ORIENTED_EDGE ('', *, *, #1457, .T.);
#7540 = CARTESIAN_POINT ('', (-104.5, 76., 3.5));
#7541 = CARTESIAN_POINT ('', (-104.5, 76., 5.));
#7542 = B_SPLINE_CURVE_WITH_KNOTS ('', 1, (#7540, #7541), .UNSPECIFIED., .F., .U., (2, 2), (0., 1.), .UNSPECIFIED.);
#7543 = EDGE_CURVE ('', #1443, #7525, #7542, .T.);
#7544 = ORIENTED_EDGE ('', *, *, #7543, .T.);
#7545 = EDGE_LOOP ('', (#7533, #7538, #7539, #7544));
#7546 = FACE_OUTER_BOUND ('', #7545, .T.);
#7547 = CARTESIAN_POINT ('', (-105.5, 76., 3.5));
#7548 = CARTESIAN_POINT ('', (-105.5, 76., 5.));
#7549 = CARTESIAN_POINT ('', (-105.5, 76.5, 3.5));
#7550 = CARTESIAN_POINT ('', (-105.5, 76.5, 5.));
#7551 = CARTESIAN_POINT ('', (-105., 76.5, 3.5));
#7552 = CARTESIAN_POINT ('', (-105., 76.5, 5.));
#7553 = CARTESIAN_POINT ('', (-104.5, 76.5, 3.5));
#7554 = CARTESIAN_POINT ('', (-104.5, 76.5, 5.));
#7555 = CARTESIAN_POINT ('', (-104.5, 76., 3.5));
#7556 = CARTESIAN_POINT ('', (-104.5, 76., 5.));
#7557 = (
   BOUNDED_SURFACE ()
   B_SPLINE_SURFACE (2, 1, ((#7547, #7548), (#7549, #7550), (#7551, #7552), (#7553, #7554), (#7555, #7556)), .UNSPECIFIED., .F., .F., .U.)
   B_SPLINE_SURFACE_WITH_KNOTS ((3, 2, 3), (2, 2), (82.5, 82.75, 83.), (0., 1.), .UNSPECIFIED.)
   GEOMETRIC_REPRESENTATION_ITEM ()
   RATIONAL_B_SPLINE_SURFACE (((1., 1.), (0.707106781186548, 0.707106781186548), (1., 1.), (0.707106781186548, 0.707106781186548), (1., 1.)))
   REPRESENTATION_ITEM ('')
   SURFACE ()
);
#7558 = ADVANCED_FACE ('', (#7546), #7557, .T.);
#7559 = CARTESIAN_POINT ('', (-92.5, 76., 5.));
#7560 = VERTEX_POINT ('', #7559);
#7561 = CARTESIAN_POINT ('', (-104.5, 76., 5.));
#7562 = CARTESIAN_POINT ('', (-92.5, 76., 5.));
#7563 = B_SPLINE_CURVE_WITH_KNOTS ('', 1, (#7561, #7562), .UNSPECIFIED., .F., .U., (2, 2), (29., 41.), .UNSPECIFIED.);
#7564 = EDGE_CURVE ('', #7525, #7560, #7563, .T.);
#7565 = ORIENTED_EDGE ('', *, *, #7564, .F.);
#7566 = ORIENTED_EDGE ('', *, *, #7543, .F.);
#7567 = ORIENTED_EDGE ('', *, *, #1447, .T.);
#7568 = CARTESIAN_POINT ('', (-92.5, 76., 3.5));
#7569 = CARTESIAN_POINT ('', (-92.5, 76., 5.));
#7570 = B_SPLINE_CURVE_WITH_KNOTS ('', 1, (#7568, #7569), .UNSPECIFIED., .F., .U., (2, 2), (0., 1.), .UNSPECIFIED.);
#7571 = EDGE_CURVE ('', #1433, #7560, #7570, .T.);
#7572 = ORIENTED_EDGE ('', *, *, #7571, .T.);
#7573 = EDGE_LOOP ('', (#7565, #7566, #7567, #7572));
#7574 = FACE_OUTER_BOUND ('', #7573, .T.);
#7575 = CARTESIAN_POINT ('', (-104.5, 76., 3.5));
#7576 = CARTESIAN_POINT ('', (-104.5, 76., 5.));
#7577 = CARTESIAN_POINT ('', (-92.5, 76., 3.5));
#7578 = CARTESIAN_POINT ('', (-92.5, 76., 5.));
#7579 = B_SPLINE_SURFACE_WITH_KNOTS ('', 1, 1, ((#7575, #7576), (#7577, #7578)), .UNSPECIFIED., .F., .F., .U., (2, 2), (2, 2), (29., 41.), (0., 1.), .UNSPECIFIED.);
#7580 = ADVANCED_FACE ('', (#7574), #7579, .T.);
#7581 = CARTESIAN_POINT ('', (-91.5, 76., 5.));
#7582 = VERTEX_POINT ('', #7581);
#7583 = CARTESIAN_POINT ('', (-92.5, 76., 5.));
#7584 = CARTESIAN_POINT ('', (-92.5, 76.5, 5.));
#7585 = CARTESIAN_POINT ('', (-92., 76.5, 5.));
#7586 = CARTESIAN_POINT ('', (-91.5, 76.5, 5.));
#7587 = CARTESIAN_POINT ('', (-91.5, 76., 5.));
#7588 = (
   BOUNDED_CURVE ()
   B_SPLINE_CURVE (2, (#7583, #7584, #7585, #7586, #7587), .UNSPECIFIED., .F., .U.)
   B_SPLINE_CURVE_WITH_KNOTS ((3, 2, 3), (41., 41.25, 41.5), .UNSPECIFIED.)
   CURVE ()
   GEOMETRIC_REPRESENTATION_ITEM ()
   RATIONAL_B_SPLINE_CURVE ((1., 0.707106781186548, 1., 0.707106781186548, 1.))
   REPRESENTATION_ITEM ('')
);
#7589 = EDGE_CURVE ('', #7560, #7582, #7588, .T.);
#7590 = ORIENTED_EDGE ('', *, *, #7589, .F.);
#7591 = ORIENTED_EDGE ('', *, *, #7571, .F.);
#7592 = ORIENTED_EDGE ('', *, *, #1440, .T.);
#7593 = CARTESIAN_POINT ('', (-91.5, 76., 3.5));
#7594 = CARTESIAN_POINT ('', (-91.5, 76., 5.));
#7595 = B_SPLINE_CURVE_WITH_KNOTS ('', 1, (#7593, #7594), .UNSPECIFIED., .F., .U., (2, 2), (0., 1.), .UNSPECIFIED.);
#7596 = EDGE_CURVE ('', #1426, #7582, #7595, .T.);
#7597 = ORIENTED_EDGE ('', *, *, #7596, .T.);
#7598 = EDGE_LOOP ('', (#7590, #7591, #7592, #7597));
#7599 = FACE_OUTER_BOUND ('', #7598, .T.);
#7600 = CARTESIAN_POINT ('', (-92.5, 76., 3.5));
#7601 = CARTESIAN_POINT ('', (-92.5, 76., 5.));
#7602 = CARTESIAN_POINT ('', (-92.5, 76.5, 3.5));
#7603 = CARTESIAN_POINT ('', (-92.5, 76.5, 5.));
#7604 = CARTESIAN_POINT ('', (-92., 76.5, 3.5));
#7605 = CARTESIAN_POINT ('', (-92., 76.5, 5.));
#7606 = CARTESIAN_POINT ('', (-91.5, 76.5, 3.5));
#7607 = CARTESIAN_POINT ('', (-91.5, 76.5, 5.));
#7608 = CARTESIAN_POINT ('', (-91.5, 76., 3.5));
#7609 = CARTESIAN_POINT ('', (-91.5, 76., 5.));
#7610 = (
   BOUNDED_SURFACE ()
   B_SPLINE_SURFACE (2, 1, ((#7600, #7601), (#7602, #7603), (#7604, #7605), (#7606, #7607), (#7608, #7609)), .UNSPECIFIED., .F., .F., .U.)
   B_SPLINE_SURFACE_WITH_KNOTS ((3, 2, 3), (2, 2), (41., 41.25, 41.5), (0., 1.), .UNSPECIFIED.)
   GEOMETRIC_REPRESENTATION_ITEM ()
   RATIONAL_B_SPLINE_SURFACE (((1., 1.), (0.707106781186548, 0.707106781186548), (1., 1.), (0.707106781186548, 0.707106781186548), (1., 1.)))
   REPRESENTATION_ITEM ('')
   SURFACE ()
);
#7611 = ADVANCED_FACE ('', (#7599), #7610, .T.);
#7612 = CARTESIAN_POINT ('', (-91.5, 62., 5.));
#7613 = VERTEX_POINT ('', #7612);
#7614 = CARTESIAN_POINT ('', (-91.5, 76., 5.));
#7615 = CARTESIAN_POINT ('', (-91.5, 62., 5.));
#7616 = B_SPLINE_CURVE_WITH_KNOTS ('', 1, (#7614, #7615), .UNSPECIFIED., .F., .U., (2, 2), (41.5, 55.5), .UNSPECIFIED.);
#7617 = EDGE_CURVE ('', #7582, #7613, #7616, .T.);
#7618 = ORIENTED_EDGE ('', *, *, #7617, .F.);
#7619 = ORIENTED_EDGE ('', *, *, #7596, .F.);
#7620 = ORIENTED_EDGE ('', *, *, #1430, .T.);
#7621 = CARTESIAN_POINT ('', (-91.5, 62., 3.5));
#7622 = CARTESIAN_POINT ('', (-91.5, 62., 5.));
#7623 = B_SPLINE_CURVE_WITH_KNOTS ('', 1, (#7621, #7622), .UNSPECIFIED., .F., .U., (2, 2), (0., 1.), .UNSPECIFIED.);
#7624 = EDGE_CURVE ('', #1416, #7613, #7623, .T.);
#7625 = ORIENTED_EDGE ('', *, *, #7624, .T.);
#7626 = EDGE_LOOP ('', (#7618, #7619, #7620, #7625));
#7627 = FACE_OUTER_BOUND ('', #7626, .T.);
#7628 = CARTESIAN_POINT ('', (-91.5, 76., 3.5));
#7629 = CARTESIAN_POINT ('', (-91.5, 76., 5.));
#7630 = CARTESIAN_POINT ('', (-91.5, 62., 3.5));
#7631 = CARTESIAN_POINT ('', (-91.5, 62., 5.));
#7632 = B_SPLINE_SURFACE_WITH_KNOTS ('', 1, 1, ((#7628, #7629), (#7630, #7631)), .UNSPECIFIED., .F., .F., .U., (2, 2), (2, 2), (41.5, 55.5), (0., 1.), .UNSPECIFIED.);
#7633 = ADVANCED_FACE ('', (#7627), #7632, .T.);
#7634 = CARTESIAN_POINT ('', (-92.5, 62., 5.));
#7635 = VERTEX_POINT ('', #7634);
#7636 = CARTESIAN_POINT ('', (-91.5, 62., 5.));
#7637 = CARTESIAN_POINT ('', (-91.5, 61.5, 5.));
#7638 = CARTESIAN_POINT ('', (-92., 61.5, 5.));
#7639 = CARTESIAN_POINT ('', (-92.5, 61.5, 5.));
#7640 = CARTESIAN_POINT ('', (-92.5, 62., 5.));
#7641 = (
   BOUNDED_CURVE ()
   B_SPLINE_CURVE (2, (#7636, #7637, #7638, #7639, #7640), .UNSPECIFIED., .F., .U.)
   B_SPLINE_CURVE_WITH_KNOTS ((3, 2, 3), (55.5, 55.75, 56.), .UNSPECIFIED.)
   CURVE ()
   GEOMETRIC_REPRESENTATION_ITEM ()
   RATIONAL_B_SPLINE_CURVE ((1., 0.707106781186548, 1., 0.707106781186548, 1.))
   REPRESENTATION_ITEM ('')
);
#7642 = EDGE_CURVE ('', #7613, #7635, #7641, .T.);
#7643 = ORIENTED_EDGE ('', *, *, #7642, .F.);
#7644 = ORIENTED_EDGE ('', *, *, #7624, .F.);
#7645 = ORIENTED_EDGE ('', *, *, #1423, .T.);
#7646 = CARTESIAN_POINT ('', (-92.5, 62., 3.5));
#7647 = CARTESIAN_POINT ('', (-92.5, 62., 5.));
#7648 = B_SPLINE_CURVE_WITH_KNOTS ('', 1, (#7646, #7647), .UNSPECIFIED., .F., .U., (2, 2), (0., 1.), .UNSPECIFIED.);
#7649 = EDGE_CURVE ('', #1409, #7635, #7648, .T.);
#7650 = ORIENTED_EDGE ('', *, *, #7649, .T.);
#7651 = EDGE_LOOP ('', (#7643, #7644, #7645, #7650));
#7652 = FACE_OUTER_BOUND ('', #7651, .T.);
#7653 = CARTESIAN_POINT ('', (-91.5, 62., 3.5));
#7654 = CARTESIAN_POINT ('', (-91.5, 62., 5.));
#7655 = CARTESIAN_POINT ('', (-91.5, 61.5, 3.5));
#7656 = CARTESIAN_POINT ('', (-91.5, 61.5, 5.));
#7657 = CARTESIAN_POINT ('', (-92., 61.5, 3.5));
#7658 = CARTESIAN_POINT ('', (-92., 61.5, 5.));
#7659 = CARTESIAN_POINT ('', (-92.5, 61.5, 3.5));
#7660 = CARTESIAN_POINT ('', (-92.5, 61.5, 5.));
#7661 = CARTESIAN_POINT ('', (-92.5, 62., 3.5));
#7662 = CARTESIAN_POINT ('', (-92.5, 62., 5.));
#7663 = (
   BOUNDED_SURFACE ()
   B_SPLINE_SURFACE (2, 1, ((#7653, #7654), (#7655, #7656), (#7657, #7658), (#7659, #7660), (#7661, #7662)), .UNSPECIFIED., .F., .F., .U.)
   B_SPLINE_SURFACE_WITH_KNOTS ((3, 2, 3), (2, 2), (55.5, 55.75, 56.), (0., 1.), .UNSPECIFIED.)
   GEOMETRIC_REPRESENTATION_ITEM ()
   RATIONAL_B_SPLINE_SURFACE (((1., 1.), (0.707106781186548, 0.707106781186548), (1., 1.), (0.707106781186548, 0.707106781186548), (1., 1.)))
   REPRESENTATION_ITEM ('')
   SURFACE ()
);
#7664 = ADVANCED_FACE ('', (#7652), #7663, .T.);
#7665 = CARTESIAN_POINT ('', (-104.5, 62., 5.));
#7666 = VERTEX_POINT ('', #7665);
#7667 = CARTESIAN_POINT ('', (-92.5, 62., 5.));
#7668 = CARTESIAN_POINT ('', (-104.5, 62., 5.));
#7669 = B_SPLINE_CURVE_WITH_KNOTS ('', 1, (#7667, #7668), .UNSPECIFIED., .F., .U., (2, 2), (56., 68.), .UNSPECIFIED.);
#7670 = EDGE_CURVE ('', #7635, #7666, #7669, .T.);
#7671 = ORIENTED_EDGE ('', *, *, #7670, .F.);
#7672 = ORIENTED_EDGE ('', *, *, #7649, .F.);
#7673 = ORIENTED_EDGE ('', *, *, #1413, .T.);
#7674 = CARTESIAN_POINT ('', (-104.5, 62., 3.5));
#7675 = CARTESIAN_POINT ('', (-104.5, 62., 5.));
#7676 = B_SPLINE_CURVE_WITH_KNOTS ('', 1, (#7674, #7675), .UNSPECIFIED., .F., .U., (2, 2), (0., 1.), .UNSPECIFIED.);
#7677 = EDGE_CURVE ('', #1397, #7666, #7676, .T.);
#7678 = ORIENTED_EDGE ('', *, *, #7677, .T.);
#7679 = EDGE_LOOP ('', (#7671, #7672, #7673, #7678));
#7680 = FACE_OUTER_BOUND ('', #7679, .T.);
#7681 = CARTESIAN_POINT ('', (-92.5, 62., 3.5));
#7682 = CARTESIAN_POINT ('', (-92.5, 62., 5.));
#7683 = CARTESIAN_POINT ('', (-104.5, 62., 3.5));
#7684 = CARTESIAN_POINT ('', (-104.5, 62., 5.));
#7685 = B_SPLINE_SURFACE_WITH_KNOTS ('', 1, 1, ((#7681, #7682), (#7683, #7684)), .UNSPECIFIED., .F., .F., .U., (2, 2), (2, 2), (56., 68.), (0., 1.), .UNSPECIFIED.);
#7686 = ADVANCED_FACE ('', (#7680), #7685, .T.);
#7687 = CARTESIAN_POINT ('', (-105.5, 62., 5.));
#7688 = VERTEX_POINT ('', #7687);
#7689 = CARTESIAN_POINT ('', (-104.5, 62., 5.));
#7690 = CARTESIAN_POINT ('', (-104.5, 61.5, 5.));
#7691 = CARTESIAN_POINT ('', (-105., 61.5, 5.));
#7692 = CARTESIAN_POINT ('', (-105.5, 61.5, 5.));
#7693 = CARTESIAN_POINT ('', (-105.5, 62., 5.));
#7694 = (
   BOUNDED_CURVE ()
   B_SPLINE_CURVE (2, (#7689, #7690, #7691, #7692, #7693), .UNSPECIFIED., .F., .U.)
   B_SPLINE_CURVE_WITH_KNOTS ((3, 2, 3), (68., 68.25, 68.5), .UNSPECIFIED.)
   CURVE ()
   GEOMETRIC_REPRESENTATION_ITEM ()
   RATIONAL_B_SPLINE_CURVE ((1., 0.707106781186548, 1., 0.707106781186548, 1.))
   REPRESENTATION_ITEM ('')
);
#7695 = EDGE_CURVE ('', #7666, #7688, #7694, .T.);
#7696 = ORIENTED_EDGE ('', *, *, #7695, .F.);
#7697 = ORIENTED_EDGE ('', *, *, #7677, .F.);
#7698 = ORIENTED_EDGE ('', *, *, #1406, .T.);
#7699 = CARTESIAN_POINT ('', (-105.5, 62., 3.5));
#7700 = CARTESIAN_POINT ('', (-105.5, 62., 5.));
#7701 = B_SPLINE_CURVE_WITH_KNOTS ('', 1, (#7699, #7700), .UNSPECIFIED., .F., .U., (2, 2), (0., 1.), .UNSPECIFIED.);
#7702 = EDGE_CURVE ('', #1399, #7688, #7701, .T.);
#7703 = ORIENTED_EDGE ('', *, *, #7702, .T.);
#7704 = EDGE_LOOP ('', (#7696, #7697, #7698, #7703));
#7705 = FACE_OUTER_BOUND ('', #7704, .T.);
#7706 = CARTESIAN_POINT ('', (-104.5, 62., 3.5));
#7707 = CARTESIAN_POINT ('', (-104.5, 62., 5.));
#7708 = CARTESIAN_POINT ('', (-104.5, 61.5, 3.5));
#7709 = CARTESIAN_POINT ('', (-104.5, 61.5, 5.));
#7710 = CARTESIAN_POINT ('', (-105., 61.5, 3.5));
#7711 = CARTESIAN_POINT ('', (-105., 61.5, 5.));
#7712 = CARTESIAN_POINT ('', (-105.5, 61.5, 3.5));
#7713 = CARTESIAN_POINT ('', (-105.5, 61.5, 5.));
#7714 = CARTESIAN_POINT ('', (-105.5, 62., 3.5));
#7715 = CARTESIAN_POINT ('', (-105.5, 62., 5.));
#7716 = (
   BOUNDED_SURFACE ()
   B_SPLINE_SURFACE (2, 1, ((#7706, #7707), (#7708, #7709), (#7710, #7711), (#7712, #7713), (#7714, #7715)), .UNSPECIFIED., .F., .F., .U.)
   B_SPLINE_SURFACE_WITH_KNOTS ((3, 2, 3), (2, 2), (68., 68.25, 68.5), (0., 1.), .UNSPECIFIED.)
   GEOMETRIC_REPRESENTATION_ITEM ()
   RATIONAL_B_SPLINE_SURFACE (((1., 1.), (0.707106781186548, 0.707106781186548), (1., 1.), (0.707106781186548, 0.707106781186548), (1., 1.)))
   REPRESENTATION_ITEM ('')
   SURFACE ()
);
#7717 = ADVANCED_FACE ('', (#7705), #7716, .T.);
#7718 = CARTESIAN_POINT ('', (-105.5, 62., 5.));
#7719 = CARTESIAN_POINT ('', (-105.5, 76., 5.));
#7720 = B_SPLINE_CURVE_WITH_KNOTS ('', 1, (#7718, #7719), .UNSPECIFIED., .F., .U., (2, 2), (68.5, 82.5), .UNSPECIFIED.);
#7721 = EDGE_CURVE ('', #7688, #7523, #7720, .T.);
#7722 = ORIENTED_EDGE ('', *, *, #7721, .F.);
#7723 = ORIENTED_EDGE ('', *, *, #7702, .F.);
#7724 = ORIENTED_EDGE ('', *, *, #1462, .T.);
#7725 = ORIENTED_EDGE ('', *, *, #7537, .T.);
#7726 = EDGE_LOOP ('', (#7722, #7723, #7724, #7725));
#7727 = FACE_OUTER_BOUND ('', #7726, .T.);
#7728 = CARTESIAN_POINT ('', (-105.5, 62., 3.5));
#7729 = CARTESIAN_POINT ('', (-105.5, 62., 5.));
#7730 = CARTESIAN_POINT ('', (-105.5, 76., 3.5));
#7731 = CARTESIAN_POINT ('', (-105.5, 76., 5.));
#7732 = B_SPLINE_SURFACE_WITH_KNOTS ('', 1, 1, ((#7728, #7729), (#7730, #7731)), .UNSPECIFIED., .F., .F., .U., (2, 2), (2, 2), (68.5, 82.5), (0., 1.), .UNSPECIFIED.);
#7733 = ADVANCED_FACE ('', (#7727), #7732, .T.);
#7734 = CARTESIAN_POINT ('', (-96., 57., 5.));
#7735 = VERTEX_POINT ('', #7734);
#7736 = CARTESIAN_POINT ('', (-95., 57., 5.));
#7737 = VERTEX_POINT ('', #7736);
#7738 = CARTESIAN_POINT ('', (-96., 57., 5.));
#7739 = CARTESIAN_POINT ('', (-96., 57.5, 5.));
#7740 = CARTESIAN_POINT ('', (-95.5, 57.5, 5.));
#7741 = CARTESIAN_POINT ('', (-95., 57.5, 5.));
#7742 = CARTESIAN_POINT ('', (-95., 57., 5.));
#7743 = (
   BOUNDED_CURVE ()
   B_SPLINE_CURVE (2, (#7738, #7739, #7740, #7741, #7742), .UNSPECIFIED., .F., .U.)
   B_SPLINE_CURVE_WITH_KNOTS ((3, 2, 3), (82.5, 82.75, 83.), .UNSPECIFIED.)
   CURVE ()
   GEOMETRIC_REPRESENTATION_ITEM ()
   RATIONAL_B_SPLINE_CURVE ((1., 0.707106781186548, 1., 0.707106781186548, 1.))
   REPRESENTATION_ITEM ('')
);
#7744 = EDGE_CURVE ('', #7735, #7737, #7743, .T.);
#7745 = ORIENTED_EDGE ('', *, *, #7744, .F.);
#7746 = CARTESIAN_POINT ('', (-96., 57., 3.5));
#7747 = CARTESIAN_POINT ('', (-96., 57., 5.));
#7748 = B_SPLINE_CURVE_WITH_KNOTS ('', 1, (#7746, #7747), .UNSPECIFIED., .F., .U., (2, 2), (0., 1.), .UNSPECIFIED.);
#7749 = EDGE_CURVE ('', #1380, #7735, #7748, .T.);
#7750 = ORIENTED_EDGE ('', *, *, #7749, .F.);
#7751 = ORIENTED_EDGE ('', *, *, #1387, .T.);
#7752 = CARTESIAN_POINT ('', (-95., 57., 3.5));
#7753 = CARTESIAN_POINT ('', (-95., 57., 5.));
#7754 = B_SPLINE_CURVE_WITH_KNOTS ('', 1, (#7752, #7753), .UNSPECIFIED., .F., .U., (2, 2), (0., 1.), .UNSPECIFIED.);
#7755 = EDGE_CURVE ('', #1373, #7737, #7754, .T.);
#7756 = ORIENTED_EDGE ('', *, *, #7755, .T.);
#7757 = EDGE_LOOP ('', (#7745, #7750, #7751, #7756));
#7758 = FACE_OUTER_BOUND ('', #7757, .T.);
#7759 = CARTESIAN_POINT ('', (-96., 57., 3.5));
#7760 = CARTESIAN_POINT ('', (-96., 57., 5.));
#7761 = CARTESIAN_POINT ('', (-96., 57.5, 3.5));
#7762 = CARTESIAN_POINT ('', (-96., 57.5, 5.));
#7763 = CARTESIAN_POINT ('', (-95.5, 57.5, 3.5));
#7764 = CARTESIAN_POINT ('', (-95.5, 57.5, 5.));
#7765 = CARTESIAN_POINT ('', (-95., 57.5, 3.5));
#7766 = CARTESIAN_POINT ('', (-95., 57.5, 5.));
#7767 = CARTESIAN_POINT ('', (-95., 57., 3.5));
#7768 = CARTESIAN_POINT ('', (-95., 57., 5.));
#7769 = (
   BOUNDED_SURFACE ()
   B_SPLINE_SURFACE (2, 1, ((#7759, #7760), (#7761, #7762), (#7763, #7764), (#7765, #7766), (#7767, #7768)), .UNSPECIFIED., .F., .F., .U.)
   B_SPLINE_SURFACE_WITH_KNOTS ((3, 2, 3), (2, 2), (82.5, 82.75, 83.), (0., 1.), .UNSPECIFIED.)
   GEOMETRIC_REPRESENTATION_ITEM ()
   RATIONAL_B_SPLINE_SURFACE (((1., 1.), (0.707106781186548, 0.707106781186548), (1., 1.), (0.707106781186548, 0.707106781186548), (1., 1.)))
   REPRESENTATION_ITEM ('')
   SURFACE ()
);
#7770 = ADVANCED_FACE ('', (#7758), #7769, .T.);
#7771 = CARTESIAN_POINT ('', (-83., 57., 5.));
#7772 = VERTEX_POINT ('', #7771);
#7773 = CARTESIAN_POINT ('', (-95., 57., 5.));
#7774 = CARTESIAN_POINT ('', (-83., 57., 5.));
#7775 = B_SPLINE_CURVE_WITH_KNOTS ('', 1, (#7773, #7774), .UNSPECIFIED., .F., .U., (2, 2), (29., 41.), .UNSPECIFIED.);
#7776 = EDGE_CURVE ('', #7737, #7772, #7775, .T.);
#7777 = ORIENTED_EDGE ('', *, *, #7776, .F.);
#7778 = ORIENTED_EDGE ('', *, *, #7755, .F.);
#7779 = ORIENTED_EDGE ('', *, *, #1377, .T.);
#7780 = CARTESIAN_POINT ('', (-83., 57., 3.5));
#7781 = CARTESIAN_POINT ('', (-83., 57., 5.));
#7782 = B_SPLINE_CURVE_WITH_KNOTS ('', 1, (#7780, #7781), .UNSPECIFIED., .F., .U., (2, 2), (0., 1.), .UNSPECIFIED.);
#7783 = EDGE_CURVE ('', #1363, #7772, #7782, .T.);
#7784 = ORIENTED_EDGE ('', *, *, #7783, .T.);
#7785 = EDGE_LOOP ('', (#7777, #7778, #7779, #7784));
#7786 = FACE_OUTER_BOUND ('', #7785, .T.);
#7787 = CARTESIAN_POINT ('', (-95., 57., 3.5));
#7788 = CARTESIAN_POINT ('', (-95., 57., 5.));
#7789 = CARTESIAN_POINT ('', (-83., 57., 3.5));
#7790 = CARTESIAN_POINT ('', (-83., 57., 5.));
#7791 = B_SPLINE_SURFACE_WITH_KNOTS ('', 1, 1, ((#7787, #7788), (#7789, #7790)), .UNSPECIFIED., .F., .F., .U., (2, 2), (2, 2), (29., 41.), (0., 1.), .UNSPECIFIED.);
#7792 = ADVANCED_FACE ('', (#7786), #7791, .T.);
#7793 = CARTESIAN_POINT ('', (-82., 57., 5.));
#7794 = VERTEX_POINT ('', #7793);
#7795 = CARTESIAN_POINT ('', (-83., 57., 5.));
#7796 = CARTESIAN_POINT ('', (-83., 57.5, 5.));
#7797 = CARTESIAN_POINT ('', (-82.5, 57.5, 5.));
#7798 = CARTESIAN_POINT ('', (-82., 57.5, 5.));
#7799 = CARTESIAN_POINT ('', (-82., 57., 5.));
#7800 = (
   BOUNDED_CURVE ()
   B_SPLINE_CURVE (2, (#7795, #7796, #7797, #7798, #7799), .UNSPECIFIED., .F., .U.)
   B_SPLINE_CURVE_WITH_KNOTS ((3, 2, 3), (41., 41.25, 41.5), .UNSPECIFIED.)
   CURVE ()
   GEOMETRIC_REPRESENTATION_ITEM ()
   RATIONAL_B_SPLINE_CURVE ((1., 0.707106781186548, 1., 0.707106781186548, 1.))
   REPRESENTATION_ITEM ('')
);
#7801 = EDGE_CURVE ('', #7772, #7794, #7800, .T.);
#7802 = ORIENTED_EDGE ('', *, *, #7801, .F.);
#7803 = ORIENTED_EDGE ('', *, *, #7783, .F.);
#7804 = ORIENTED_EDGE ('', *, *, #1370, .T.);
#7805 = CARTESIAN_POINT ('', (-82., 57., 3.5));
#7806 = CARTESIAN_POINT ('', (-82., 57., 5.));
#7807 = B_SPLINE_CURVE_WITH_KNOTS ('', 1, (#7805, #7806), .UNSPECIFIED., .F., .U., (2, 2), (0., 1.), .UNSPECIFIED.);
#7808 = EDGE_CURVE ('', #1356, #7794, #7807, .T.);
#7809 = ORIENTED_EDGE ('', *, *, #7808, .T.);
#7810 = EDGE_LOOP ('', (#7802, #7803, #7804, #7809));
#7811 = FACE_OUTER_BOUND ('', #7810, .T.);
#7812 = CARTESIAN_POINT ('', (-83., 57., 3.5));
#7813 = CARTESIAN_POINT ('', (-83., 57., 5.));
#7814 = CARTESIAN_POINT ('', (-83., 57.5, 3.5));
#7815 = CARTESIAN_POINT ('', (-83., 57.5, 5.));
#7816 = CARTESIAN_POINT ('', (-82.5, 57.5, 3.5));
#7817 = CARTESIAN_POINT ('', (-82.5, 57.5, 5.));
#7818 = CARTESIAN_POINT ('', (-82., 57.5, 3.5));
#7819 = CARTESIAN_POINT ('', (-82., 57.5, 5.));
#7820 = CARTESIAN_POINT ('', (-82., 57., 3.5));
#7821 = CARTESIAN_POINT ('', (-82., 57., 5.));
#7822 = (
   BOUNDED_SURFACE ()
   B_SPLINE_SURFACE (2, 1, ((#7812, #7813), (#7814, #7815), (#7816, #7817), (#7818, #7819), (#7820, #7821)), .UNSPECIFIED., .F., .F., .U.)
   B_SPLINE_SURFACE_WITH_KNOTS ((3, 2, 3), (2, 2), (41., 41.25, 41.5), (0., 1.), .UNSPECIFIED.)
   GEOMETRIC_REPRESENTATION_ITEM ()
   RATIONAL_B_SPLINE_SURFACE (((1., 1.), (0.707106781186548, 0.707106781186548), (1., 1.), (0.707106781186548, 0.707106781186548), (1., 1.)))
   REPRESENTATION_ITEM ('')
   SURFACE ()
);
#7823 = ADVANCED_FACE ('', (#7811), #7822, .T.);
#7824 = CARTESIAN_POINT ('', (-82., 43., 5.));
#7825 = VERTEX_POINT ('', #7824);
#7826 = CARTESIAN_POINT ('', (-82., 57., 5.));
#7827 = CARTESIAN_POINT ('', (-82., 43., 5.));
#7828 = B_SPLINE_CURVE_WITH_KNOTS ('', 1, (#7826, #7827), .UNSPECIFIED., .F., .U., (2, 2), (41.5, 55.5), .UNSPECIFIED.);
#7829 = EDGE_CURVE ('', #7794, #7825, #7828, .T.);
#7830 = ORIENTED_EDGE ('', *, *, #7829, .F.);
#7831 = ORIENTED_EDGE ('', *, *, #7808, .F.);
#7832 = ORIENTED_EDGE ('', *, *, #1360, .T.);
#7833 = CARTESIAN_POINT ('', (-82., 43., 3.5));
#7834 = CARTESIAN_POINT ('', (-82., 43., 5.));
#7835 = B_SPLINE_CURVE_WITH_KNOTS ('', 1, (#7833, #7834), .UNSPECIFIED., .F., .U., (2, 2), (0., 1.), .UNSPECIFIED.);
#7836 = EDGE_CURVE ('', #1346, #7825, #7835, .T.);
#7837 = ORIENTED_EDGE ('', *, *, #7836, .T.);
#7838 = EDGE_LOOP ('', (#7830, #7831, #7832, #7837));
#7839 = FACE_OUTER_BOUND ('', #7838, .T.);
#7840 = CARTESIAN_POINT ('', (-82., 57., 3.5));
#7841 = CARTESIAN_POINT ('', (-82., 57., 5.));
#7842 = CARTESIAN_POINT ('', (-82., 43., 3.5));
#7843 = CARTESIAN_POINT ('', (-82., 43., 5.));
#7844 = B_SPLINE_SURFACE_WITH_KNOTS ('', 1, 1, ((#7840, #7841), (#7842, #7843)), .UNSPECIFIED., .F., .F., .U., (2, 2), (2, 2), (41.5, 55.5), (0., 1.), .UNSPECIFIED.);
#7845 = ADVANCED_FACE ('', (#7839), #7844, .T.);
#7846 = CARTESIAN_POINT ('', (-83., 43., 5.));
#7847 = VERTEX_POINT ('', #7846);
#7848 = CARTESIAN_POINT ('', (-82., 43., 5.));
#7849 = CARTESIAN_POINT ('', (-82., 42.5, 5.));
#7850 = CARTESIAN_POINT ('', (-82.5, 42.5, 5.));
#7851 = CARTESIAN_POINT ('', (-83., 42.5, 5.));
#7852 = CARTESIAN_POINT ('', (-83., 43., 5.));
#7853 = (
   BOUNDED_CURVE ()
   B_SPLINE_CURVE (2, (#7848, #7849, #7850, #7851, #7852), .UNSPECIFIED., .F., .U.)
   B_SPLINE_CURVE_WITH_KNOTS ((3, 2, 3), (55.5, 55.75, 56.), .UNSPECIFIED.)
   CURVE ()
   GEOMETRIC_REPRESENTATION_ITEM ()
   RATIONAL_B_SPLINE_CURVE ((1., 0.707106781186548, 1., 0.707106781186548, 1.))
   REPRESENTATION_ITEM ('')
);
#7854 = EDGE_CURVE ('', #7825, #7847, #7853, .T.);
#7855 = ORIENTED_EDGE ('', *, *, #7854, .F.);
#7856 = ORIENTED_EDGE ('', *, *, #7836, .F.);
#7857 = ORIENTED_EDGE ('', *, *, #1353, .T.);
#7858 = CARTESIAN_POINT ('', (-83., 43., 3.5));
#7859 = CARTESIAN_POINT ('', (-83., 43., 5.));
#7860 = B_SPLINE_CURVE_WITH_KNOTS ('', 1, (#7858, #7859), .UNSPECIFIED., .F., .U., (2, 2), (0., 1.), .UNSPECIFIED.);
#7861 = EDGE_CURVE ('', #1339, #7847, #7860, .T.);
#7862 = ORIENTED_EDGE ('', *, *, #7861, .T.);
#7863 = EDGE_LOOP ('', (#7855, #7856, #7857, #7862));
#7864 = FACE_OUTER_BOUND ('', #7863, .T.);
#7865 = CARTESIAN_POINT ('', (-82., 43., 3.5));
#7866 = CARTESIAN_POINT ('', (-82., 43., 5.));
#7867 = CARTESIAN_POINT ('', (-82., 42.5, 3.5));
#7868 = CARTESIAN_POINT ('', (-82., 42.5, 5.));
#7869 = CARTESIAN_POINT ('', (-82.5, 42.5, 3.5));
#7870 = CARTESIAN_POINT ('', (-82.5, 42.5, 5.));
#7871 = CARTESIAN_POINT ('', (-83., 42.5, 3.5));
#7872 = CARTESIAN_POINT ('', (-83., 42.5, 5.));
#7873 = CARTESIAN_POINT ('', (-83., 43., 3.5));
#7874 = CARTESIAN_POINT ('', (-83., 43., 5.));
#7875 = (
   BOUNDED_SURFACE ()
   B_SPLINE_SURFACE (2, 1, ((#7865, #7866), (#7867, #7868), (#7869, #7870), (#7871, #7872), (#7873, #7874)), .UNSPECIFIED., .F., .F., .U.)
   B_SPLINE_SURFACE_WITH_KNOTS ((3, 2, 3), (2, 2), (55.5, 55.75, 56.), (0., 1.), .UNSPECIFIED.)
   GEOMETRIC_REPRESENTATION_ITEM ()
   RATIONAL_B_SPLINE_SURFACE (((1., 1.), (0.707106781186548, 0.707106781186548), (1., 1.), (0.707106781186548, 0.707106781186548), (1., 1.)))
   REPRESENTATION_ITEM ('')
   SURFACE ()
);
#7876 = ADVANCED_FACE ('', (#7864), #7875, .T.);
#7877 = CARTESIAN_POINT ('', (-95., 43., 5.));
#7878 = VERTEX_POINT ('', #7877);
#7879 = CARTESIAN_POINT ('', (-83., 43., 5.));
#7880 = CARTESIAN_POINT ('', (-95., 43., 5.));
#7881 = B_SPLINE_CURVE_WITH_KNOTS ('', 1, (#7879, #7880), .UNSPECIFIED., .F., .U., (2, 2), (56., 68.), .UNSPECIFIED.);
#7882 = EDGE_CURVE ('', #7847, #7878, #7881, .T.);
#7883 = ORIENTED_EDGE ('', *, *, #7882, .F.);
#7884 = ORIENTED_EDGE ('', *, *, #7861, .F.);
#7885 = ORIENTED_EDGE ('', *, *, #1343, .T.);
#7886 = CARTESIAN_POINT ('', (-95., 43., 3.5));
#7887 = CARTESIAN_POINT ('', (-95., 43., 5.));
#7888 = B_SPLINE_CURVE_WITH_KNOTS ('', 1, (#7886, #7887), .UNSPECIFIED., .F., .U., (2, 2), (0., 1.), .UNSPECIFIED.);
#7889 = EDGE_CURVE ('', #1327, #7878, #7888, .T.);
#7890 = ORIENTED_EDGE ('', *, *, #7889, .T.);
#7891 = EDGE_LOOP ('', (#7883, #7884, #7885, #7890));
#7892 = FACE_OUTER_BOUND ('', #7891, .T.);
#7893 = CARTESIAN_POINT ('', (-83., 43., 3.5));
#7894 = CARTESIAN_POINT ('', (-83., 43., 5.));
#7895 = CARTESIAN_POINT ('', (-95., 43., 3.5));
#7896 = CARTESIAN_POINT ('', (-95., 43., 5.));
#7897 = B_SPLINE_SURFACE_WITH_KNOTS ('', 1, 1, ((#7893, #7894), (#7895, #7896)), .UNSPECIFIED., .F., .F., .U., (2, 2), (2, 2), (56., 68.), (0., 1.), .UNSPECIFIED.);
#7898 = ADVANCED_FACE ('', (#7892), #7897, .T.);
#7899 = CARTESIAN_POINT ('', (-96., 43., 5.));
#7900 = VERTEX_POINT ('', #7899);
#7901 = CARTESIAN_POINT ('', (-95., 43., 5.));
#7902 = CARTESIAN_POINT ('', (-95., 42.5, 5.));
#7903 = CARTESIAN_POINT ('', (-95.5, 42.5, 5.));
#7904 = CARTESIAN_POINT ('', (-96., 42.5, 5.));
#7905 = CARTESIAN_POINT ('', (-96., 43., 5.));
#7906 = (
   BOUNDED_CURVE ()
   B_SPLINE_CURVE (2, (#7901, #7902, #7903, #7904, #7905), .UNSPECIFIED., .F., .U.)
   B_SPLINE_CURVE_WITH_KNOTS ((3, 2, 3), (68., 68.25, 68.5), .UNSPECIFIED.)
   CURVE ()
   GEOMETRIC_REPRESENTATION_ITEM ()
   RATIONAL_B_SPLINE_CURVE ((1., 0.707106781186548, 1., 0.707106781186548, 1.))
   REPRESENTATION_ITEM ('')
);
#7907 = EDGE_CURVE ('', #7878, #7900, #7906, .T.);
#7908 = ORIENTED_EDGE ('', *, *, #7907, .F.);
#7909 = ORIENTED_EDGE ('', *, *, #7889, .F.);
#7910 = ORIENTED_EDGE ('', *, *, #1336, .T.);
#7911 = CARTESIAN_POINT ('', (-96., 43., 3.5));
#7912 = CARTESIAN_POINT ('', (-96., 43., 5.));
#7913 = B_SPLINE_CURVE_WITH_KNOTS ('', 1, (#7911, #7912), .UNSPECIFIED., .F., .U., (2, 2), (0., 1.), .UNSPECIFIED.);
#7914 = EDGE_CURVE ('', #1329, #7900, #7913, .T.);
#7915 = ORIENTED_EDGE ('', *, *, #7914, .T.);
#7916 = EDGE_LOOP ('', (#7908, #7909, #7910, #7915));
#7917 = FACE_OUTER_BOUND ('', #7916, .T.);
#7918 = CARTESIAN_POINT ('', (-95., 43., 3.5));
#7919 = CARTESIAN_POINT ('', (-95., 43., 5.));
#7920 = CARTESIAN_POINT ('', (-95., 42.5, 3.5));
#7921 = CARTESIAN_POINT ('', (-95., 42.5, 5.));
#7922 = CARTESIAN_POINT ('', (-95.5, 42.5, 3.5));
#7923 = CARTESIAN_POINT ('', (-95.5, 42.5, 5.));
#7924 = CARTESIAN_POINT ('', (-96., 42.5, 3.5));
#7925 = CARTESIAN_POINT ('', (-96., 42.5, 5.));
#7926 = CARTESIAN_POINT ('', (-96., 43., 3.5));
#7927 = CARTESIAN_POINT ('', (-96., 43., 5.));
#7928 = (
   BOUNDED_SURFACE ()
   B_SPLINE_SURFACE (2, 1, ((#7918, #7919), (#7920, #7921), (#7922, #7923), (#7924, #7925), (#7926, #7927)), .UNSPECIFIED., .F., .F., .U.)
   B_SPLINE_SURFACE_WITH_KNOTS ((3, 2, 3), (2, 2), (68., 68.25, 68.5), (0., 1.), .UNSPECIFIED.)
   GEOMETRIC_REPRESENTATION_ITEM ()
   RATIONAL_B_SPLINE_SURFACE (((1., 1.), (0.707106781186548, 0.707106781186548), (1., 1.), (0.707106781186548, 0.707106781186548), (1., 1.)))
   REPRESENTATION_ITEM ('')
   SURFACE ()
);
#7929 = ADVANCED_FACE ('', (#7917), #7928, .T.);
#7930 = CARTESIAN_POINT ('', (-96., 43., 5.));
#7931 = CARTESIAN_POINT ('', (-96., 57., 5.));
#7932 = B_SPLINE_CURVE_WITH_KNOTS ('', 1, (#7930, #7931), .UNSPECIFIED., .F., .U., (2, 2), (68.5, 82.5), .UNSPECIFIED.);
#7933 = EDGE_CURVE ('', #7900, #7735, #7932, .T.);
#7934 = ORIENTED_EDGE ('', *, *, #7933, .F.);
#7935 = ORIENTED_EDGE ('', *, *, #7914, .F.);
#7936 = ORIENTED_EDGE ('', *, *, #1392, .T.);
#7937 = ORIENTED_EDGE ('', *, *, #7749, .T.);
#7938 = EDGE_LOOP ('', (#7934, #7935, #7936, #7937));
#7939 = FACE_OUTER_BOUND ('', #7938, .T.);
#7940 = CARTESIAN_POINT ('', (-96., 43., 3.5));
#7941 = CARTESIAN_POINT ('', (-96., 43., 5.));
#7942 = CARTESIAN_POINT ('', (-96., 57., 3.5));
#7943 = CARTESIAN_POINT ('', (-96., 57., 5.));
#7944 = B_SPLINE_SURFACE_WITH_KNOTS ('', 1, 1, ((#7940, #7941), (#7942, #7943)), .UNSPECIFIED., .F., .F., .U., (2, 2), (2, 2), (68.5, 82.5), (0., 1.), .UNSPECIFIED.);
#7945 = ADVANCED_FACE ('', (#7939), #7944, .T.);
#7946 = CARTESIAN_POINT ('', (-86.5, 76., 5.));
#7947 = VERTEX_POINT ('', #7946);
#7948 = CARTESIAN_POINT ('', (-85.5, 76., 5.));
#7949 = VERTEX_POINT ('', #7948);
#7950 = CARTESIAN_POINT ('', (-86.5, 76., 5.));
#7951 = CARTESIAN_POINT ('', (-86.5, 76.5, 5.));
#7952 = CARTESIAN_POINT ('', (-86., 76.5, 5.));
#7953 = CARTESIAN_POINT ('', (-85.5, 76.5, 5.));
#7954 = CARTESIAN_POINT ('', (-85.5, 76., 5.));
#7955 = (
   BOUNDED_CURVE ()
   B_SPLINE_CURVE (2, (#7950, #7951, #7952, #7953, #7954), .UNSPECIFIED., .F., .U.)
   B_SPLINE_CURVE_WITH_KNOTS ((3, 2, 3), (82.5, 82.75, 83.), .UNSPECIFIED.)
   CURVE ()
   GEOMETRIC_REPRESENTATION_ITEM ()
   RATIONAL_B_SPLINE_CURVE ((1., 0.707106781186548, 1., 0.707106781186548, 1.))
   REPRESENTATION_ITEM ('')
);
#7956 = EDGE_CURVE ('', #7947, #7949, #7955, .T.);
#7957 = ORIENTED_EDGE ('', *, *, #7956, .F.);
#7958 = CARTESIAN_POINT ('', (-86.5, 76., 3.5));
#7959 = CARTESIAN_POINT ('', (-86.5, 76., 5.));
#7960 = B_SPLINE_CURVE_WITH_KNOTS ('', 1, (#7958, #7959), .UNSPECIFIED., .F., .U., (2, 2), (0., 1.), .UNSPECIFIED.);
#7961 = EDGE_CURVE ('', #1310, #7947, #7960, .T.);
#7962 = ORIENTED_EDGE ('', *, *, #7961, .F.);
#7963 = ORIENTED_EDGE ('', *, *, #1317, .T.);
#7964 = CARTESIAN_POINT ('', (-85.5, 76., 3.5));
#7965 = CARTESIAN_POINT ('', (-85.5, 76., 5.));
#7966 = B_SPLINE_CURVE_WITH_KNOTS ('', 1, (#7964, #7965), .UNSPECIFIED., .F., .U., (2, 2), (0., 1.), .UNSPECIFIED.);
#7967 = EDGE_CURVE ('', #1303, #7949, #7966, .T.);
#7968 = ORIENTED_EDGE ('', *, *, #7967, .T.);
#7969 = EDGE_LOOP ('', (#7957, #7962, #7963, #7968));
#7970 = FACE_OUTER_BOUND ('', #7969, .T.);
#7971 = CARTESIAN_POINT ('', (-86.5, 76., 3.5));
#7972 = CARTESIAN_POINT ('', (-86.5, 76., 5.));
#7973 = CARTESIAN_POINT ('', (-86.5, 76.5, 3.5));
#7974 = CARTESIAN_POINT ('', (-86.5, 76.5, 5.));
#7975 = CARTESIAN_POINT ('', (-86., 76.5, 3.5));
#7976 = CARTESIAN_POINT ('', (-86., 76.5, 5.));
#7977 = CARTESIAN_POINT ('', (-85.5, 76.5, 3.5));
#7978 = CARTESIAN_POINT ('', (-85.5, 76.5, 5.));
#7979 = CARTESIAN_POINT ('', (-85.5, 76., 3.5));
#7980 = CARTESIAN_POINT ('', (-85.5, 76., 5.));
#7981 = (
   BOUNDED_SURFACE ()
   B_SPLINE_SURFACE (2, 1, ((#7971, #7972), (#7973, #7974), (#7975, #7976), (#7977, #7978), (#7979, #7980)), .UNSPECIFIED., .F., .F., .U.)
   B_SPLINE_SURFACE_WITH_KNOTS ((3, 2, 3), (2, 2), (82.5, 82.75, 83.), (0., 1.), .UNSPECIFIED.)
   GEOMETRIC_REPRESENTATION_ITEM ()
   RATIONAL_B_SPLINE_SURFACE (((1., 1.), (0.707106781186548, 0.707106781186548), (1., 1.), (0.707106781186548, 0.707106781186548), (1., 1.)))
   REPRESENTATION_ITEM ('')
   SURFACE ()
);
#7982 = ADVANCED_FACE ('', (#7970), #7981, .T.);
#7983 = CARTESIAN_POINT ('', (-73.5, 76., 5.));
#7984 = VERTEX_POINT ('', #7983);
#7985 = CARTESIAN_POINT ('', (-85.5, 76., 5.));
#7986 = CARTESIAN_POINT ('', (-73.5, 76., 5.));
#7987 = B_SPLINE_CURVE_WITH_KNOTS ('', 1, (#7985, #7986), .UNSPECIFIED., .F., .U., (2, 2), (29., 41.), .UNSPECIFIED.);
#7988 = EDGE_CURVE ('', #7949, #7984, #7987, .T.);
#7989 = ORIENTED_EDGE ('', *, *, #7988, .F.);
#7990 = ORIENTED_EDGE ('', *, *, #7967, .F.);
#7991 = ORIENTED_EDGE ('', *, *, #1307, .T.);
#7992 = CARTESIAN_POINT ('', (-73.5, 76., 3.5));
#7993 = CARTESIAN_POINT ('', (-73.5, 76., 5.));
#7994 = B_SPLINE_CURVE_WITH_KNOTS ('', 1, (#7992, #7993), .UNSPECIFIED., .F., .U., (2, 2), (0., 1.), .UNSPECIFIED.);
#7995 = EDGE_CURVE ('', #1293, #7984, #7994, .T.);
#7996 = ORIENTED_EDGE ('', *, *, #7995, .T.);
#7997 = EDGE_LOOP ('', (#7989, #7990, #7991, #7996));
#7998 = FACE_OUTER_BOUND ('', #7997, .T.);
#7999 = CARTESIAN_POINT ('', (-85.5, 76., 3.5));
#8000 = CARTESIAN_POINT ('', (-85.5, 76., 5.));
#8001 = CARTESIAN_POINT ('', (-73.5, 76., 3.5));
#8002 = CARTESIAN_POINT ('', (-73.5, 76., 5.));
#8003 = B_SPLINE_SURFACE_WITH_KNOTS ('', 1, 1, ((#7999, #8000), (#8001, #8002)), .UNSPECIFIED., .F., .F., .U., (2, 2), (2, 2), (29., 41.), (0., 1.), .UNSPECIFIED.);
#8004 = ADVANCED_FACE ('', (#7998), #8003, .T.);
#8005 = CARTESIAN_POINT ('', (-72.5, 76., 5.));
#8006 = VERTEX_POINT ('', #8005);
#8007 = CARTESIAN_POINT ('', (-73.5, 76., 5.));
#8008 = CARTESIAN_POINT ('', (-73.5, 76.5, 5.));
#8009 = CARTESIAN_POINT ('', (-73., 76.5, 5.));
#8010 = CARTESIAN_POINT ('', (-72.5, 76.5, 5.));
#8011 = CARTESIAN_POINT ('', (-72.5, 76., 5.));
#8012 = (
   BOUNDED_CURVE ()
   B_SPLINE_CURVE (2, (#8007, #8008, #8009, #8010, #8011), .UNSPECIFIED., .F., .U.)
   B_SPLINE_CURVE_WITH_KNOTS ((3, 2, 3), (41., 41.25, 41.5), .UNSPECIFIED.)
   CURVE ()
   GEOMETRIC_REPRESENTATION_ITEM ()
   RATIONAL_B_SPLINE_CURVE ((1., 0.707106781186548, 1., 0.707106781186548, 1.))
   REPRESENTATION_ITEM ('')
);
#8013 = EDGE_CURVE ('', #7984, #8006, #8012, .T.);
#8014 = ORIENTED_EDGE ('', *, *, #8013, .F.);
#8015 = ORIENTED_EDGE ('', *, *, #7995, .F.);
#8016 = ORIENTED_EDGE ('', *, *, #1300, .T.);
#8017 = CARTESIAN_POINT ('', (-72.5, 76., 3.5));
#8018 = CARTESIAN_POINT ('', (-72.5, 76., 5.));
#8019 = B_SPLINE_CURVE_WITH_KNOTS ('', 1, (#8017, #8018), .UNSPECIFIED., .F., .U., (2, 2), (0., 1.), .UNSPECIFIED.);
#8020 = EDGE_CURVE ('', #1286, #8006, #8019, .T.);
#8021 = ORIENTED_EDGE ('', *, *, #8020, .T.);
#8022 = EDGE_LOOP ('', (#8014, #8015, #8016, #8021));
#8023 = FACE_OUTER_BOUND ('', #8022, .T.);
#8024 = CARTESIAN_POINT ('', (-73.5, 76., 3.5));
#8025 = CARTESIAN_POINT ('', (-73.5, 76., 5.));
#8026 = CARTESIAN_POINT ('', (-73.5, 76.5, 3.5));
#8027 = CARTESIAN_POINT ('', (-73.5, 76.5, 5.));
#8028 = CARTESIAN_POINT ('', (-73., 76.5, 3.5));
#8029 = CARTESIAN_POINT ('', (-73., 76.5, 5.));
#8030 = CARTESIAN_POINT ('', (-72.5, 76.5, 3.5));
#8031 = CARTESIAN_POINT ('', (-72.5, 76.5, 5.));
#8032 = CARTESIAN_POINT ('', (-72.5, 76., 3.5));
#8033 = CARTESIAN_POINT ('', (-72.5, 76., 5.));
#8034 = (
   BOUNDED_SURFACE ()
   B_SPLINE_SURFACE (2, 1, ((#8024, #8025), (#8026, #8027), (#8028, #8029), (#8030, #8031), (#8032, #8033)), .UNSPECIFIED., .F., .F., .U.)
   B_SPLINE_SURFACE_WITH_KNOTS ((3, 2, 3), (2, 2), (41., 41.25, 41.5), (0., 1.), .UNSPECIFIED.)
   GEOMETRIC_REPRESENTATION_ITEM ()
   RATIONAL_B_SPLINE_SURFACE (((1., 1.), (0.707106781186548, 0.707106781186548), (1., 1.), (0.707106781186548, 0.707106781186548), (1., 1.)))
   REPRESENTATION_ITEM ('')
   SURFACE ()
);
#8035 = ADVANCED_FACE ('', (#8023), #8034, .T.);
#8036 = CARTESIAN_POINT ('', (-72.5, 62., 5.));
#8037 = VERTEX_POINT ('', #8036);
#8038 = CARTESIAN_POINT ('', (-72.5, 76., 5.));
#8039 = CARTESIAN_POINT ('', (-72.5, 62., 5.));
#8040 = B_SPLINE_CURVE_WITH_KNOTS ('', 1, (#8038, #8039), .UNSPECIFIED., .F., .U., (2, 2), (41.5, 55.5), .UNSPECIFIED.);
#8041 = EDGE_CURVE ('', #8006, #8037, #8040, .T.);
#8042 = ORIENTED_EDGE ('', *, *, #8041, .F.);
#8043 = ORIENTED_EDGE ('', *, *, #8020, .F.);
#8044 = ORIENTED_EDGE ('', *, *, #1290, .T.);
#8045 = CARTESIAN_POINT ('', (-72.5, 62., 3.5));
#8046 = CARTESIAN_POINT ('', (-72.5, 62., 5.));
#8047 = B_SPLINE_CURVE_WITH_KNOTS ('', 1, (#8045, #8046), .UNSPECIFIED., .F., .U., (2, 2), (0., 1.), .UNSPECIFIED.);
#8048 = EDGE_CURVE ('', #1276, #8037, #8047, .T.);
#8049 = ORIENTED_EDGE ('', *, *, #8048, .T.);
#8050 = EDGE_LOOP ('', (#8042, #8043, #8044, #8049));
#8051 = FACE_OUTER_BOUND ('', #8050, .T.);
#8052 = CARTESIAN_POINT ('', (-72.5, 76., 3.5));
#8053 = CARTESIAN_POINT ('', (-72.5, 76., 5.));
#8054 = CARTESIAN_POINT ('', (-72.5, 62., 3.5));
#8055 = CARTESIAN_POINT ('', (-72.5, 62., 5.));
#8056 = B_SPLINE_SURFACE_WITH_KNOTS ('', 1, 1, ((#8052, #8053), (#8054, #8055)), .UNSPECIFIED., .F., .F., .U., (2, 2), (2, 2), (41.5, 55.5), (0., 1.), .UNSPECIFIED.);
#8057 = ADVANCED_FACE ('', (#8051), #8056, .T.);
#8058 = CARTESIAN_POINT ('', (-73.5, 62., 5.));
#8059 = VERTEX_POINT ('', #8058);
#8060 = CARTESIAN_POINT ('', (-72.5, 62., 5.));
#8061 = CARTESIAN_POINT ('', (-72.5, 61.5, 5.));
#8062 = CARTESIAN_POINT ('', (-73., 61.5, 5.));
#8063 = CARTESIAN_POINT ('', (-73.5, 61.5, 5.));
#8064 = CARTESIAN_POINT ('', (-73.5, 62., 5.));
#8065 = (
   BOUNDED_CURVE ()
   B_SPLINE_CURVE (2, (#8060, #8061, #8062, #8063, #8064), .UNSPECIFIED., .F., .U.)
   B_SPLINE_CURVE_WITH_KNOTS ((3, 2, 3), (55.5, 55.75, 56.), .UNSPECIFIED.)
   CURVE ()
   GEOMETRIC_REPRESENTATION_ITEM ()
   RATIONAL_B_SPLINE_CURVE ((1., 0.707106781186548, 1., 0.707106781186548, 1.))
   REPRESENTATION_ITEM ('')
);
#8066 = EDGE_CURVE ('', #8037, #8059, #8065, .T.);
#8067 = ORIENTED_EDGE ('', *, *, #8066, .F.);
#8068 = ORIENTED_EDGE ('', *, *, #8048, .F.);
#8069 = ORIENTED_EDGE ('', *, *, #1283, .T.);
#8070 = CARTESIAN_POINT ('', (-73.5, 62., 3.5));
#8071 = CARTESIAN_POINT ('', (-73.5, 62., 5.));
#8072 = B_SPLINE_CURVE_WITH_KNOTS ('', 1, (#8070, #8071), .UNSPECIFIED., .F., .U., (2, 2), (0., 1.), .UNSPECIFIED.);
#8073 = EDGE_CURVE ('', #1269, #8059, #8072, .T.);
#8074 = ORIENTED_EDGE ('', *, *, #8073, .T.);
#8075 = EDGE_LOOP ('', (#8067, #8068, #8069, #8074));
#8076 = FACE_OUTER_BOUND ('', #8075, .T.);
#8077 = CARTESIAN_POINT ('', (-72.5, 62., 3.5));
#8078 = CARTESIAN_POINT ('', (-72.5, 62., 5.));
#8079 = CARTESIAN_POINT ('', (-72.5, 61.5, 3.5));
#8080 = CARTESIAN_POINT ('', (-72.5, 61.5, 5.));
#8081 = CARTESIAN_POINT ('', (-73., 61.5, 3.5));
#8082 = CARTESIAN_POINT ('', (-73., 61.5, 5.));
#8083 = CARTESIAN_POINT ('', (-73.5, 61.5, 3.5));
#8084 = CARTESIAN_POINT ('', (-73.5, 61.5, 5.));
#8085 = CARTESIAN_POINT ('', (-73.5, 62., 3.5));
#8086 = CARTESIAN_POINT ('', (-73.5, 62., 5.));
#8087 = (
   BOUNDED_SURFACE ()
   B_SPLINE_SURFACE (2, 1, ((#8077, #8078), (#8079, #8080), (#8081, #8082), (#8083, #8084), (#8085, #8086)), .UNSPECIFIED., .F., .F., .U.)
   B_SPLINE_SURFACE_WITH_KNOTS ((3, 2, 3), (2, 2), (55.5, 55.75, 56.), (0., 1.), .UNSPECIFIED.)
   GEOMETRIC_REPRESENTATION_ITEM ()
   RATIONAL_B_SPLINE_SURFACE (((1., 1.), (0.707106781186548, 0.707106781186548), (1., 1.), (0.707106781186548, 0.707106781186548), (1., 1.)))
   REPRESENTATION_ITEM ('')
   SURFACE ()
);
#8088 = ADVANCED_FACE ('', (#8076), #8087, .T.);
#8089 = CARTESIAN_POINT ('', (-85.5, 62., 5.));
#8090 = VERTEX_POINT ('', #8089);
#8091 = CARTESIAN_POINT ('', (-73.5, 62., 5.));
#8092 = CARTESIAN_POINT ('', (-85.5, 62., 5.));
#8093 = B_SPLINE_CURVE_WITH_KNOTS ('', 1, (#8091, #8092), .UNSPECIFIED., .F., .U., (2, 2), (56., 68.), .UNSPECIFIED.);
#8094 = EDGE_CURVE ('', #8059, #8090, #8093, .T.);
#8095 = ORIENTED_EDGE ('', *, *, #8094, .F.);
#8096 = ORIENTED_EDGE ('', *, *, #8073, .F.);
#8097 = ORIENTED_EDGE ('', *, *, #1273, .T.);
#8098 = CARTESIAN_POINT ('', (-85.5, 62., 3.5));
#8099 = CARTESIAN_POINT ('', (-85.5, 62., 5.));
#8100 = B_SPLINE_CURVE_WITH_KNOTS ('', 1, (#8098, #8099), .UNSPECIFIED., .F., .U., (2, 2), (0., 1.), .UNSPECIFIED.);
#8101 = EDGE_CURVE ('', #1257, #8090, #8100, .T.);
#8102 = ORIENTED_EDGE ('', *, *, #8101, .T.);
#8103 = EDGE_LOOP ('', (#8095, #8096, #8097, #8102));
#8104 = FACE_OUTER_BOUND ('', #8103, .T.);
#8105 = CARTESIAN_POINT ('', (-73.5, 62., 3.5));
#8106 = CARTESIAN_POINT ('', (-73.5, 62., 5.));
#8107 = CARTESIAN_POINT ('', (-85.5, 62., 3.5));
#8108 = CARTESIAN_POINT ('', (-85.5, 62., 5.));
#8109 = B_SPLINE_SURFACE_WITH_KNOTS ('', 1, 1, ((#8105, #8106), (#8107, #8108)), .UNSPECIFIED., .F., .F., .U., (2, 2), (2, 2), (56., 68.), (0., 1.), .UNSPECIFIED.);
#8110 = ADVANCED_FACE ('', (#8104), #8109, .T.);
#8111 = CARTESIAN_POINT ('', (-86.5, 62., 5.));
#8112 = VERTEX_POINT ('', #8111);
#8113 = CARTESIAN_POINT ('', (-85.5, 62., 5.));
#8114 = CARTESIAN_POINT ('', (-85.5, 61.5, 5.));
#8115 = CARTESIAN_POINT ('', (-86., 61.5, 5.));
#8116 = CARTESIAN_POINT ('', (-86.5, 61.5, 5.));
#8117 = CARTESIAN_POINT ('', (-86.5, 62., 5.));
#8118 = (
   BOUNDED_CURVE ()
   B_SPLINE_CURVE (2, (#8113, #8114, #8115, #8116, #8117), .UNSPECIFIED., .F., .U.)
   B_SPLINE_CURVE_WITH_KNOTS ((3, 2, 3), (68., 68.25, 68.5), .UNSPECIFIED.)
   CURVE ()
   GEOMETRIC_REPRESENTATION_ITEM ()
   RATIONAL_B_SPLINE_CURVE ((1., 0.707106781186548, 1., 0.707106781186548, 1.))
   REPRESENTATION_ITEM ('')
);
#8119 = EDGE_CURVE ('', #8090, #8112, #8118, .T.);
#8120 = ORIENTED_EDGE ('', *, *, #8119, .F.);
#8121 = ORIENTED_EDGE ('', *, *, #8101, .F.);
#8122 = ORIENTED_EDGE ('', *, *, #1266, .T.);
#8123 = CARTESIAN_POINT ('', (-86.5, 62., 3.5));
#8124 = CARTESIAN_POINT ('', (-86.5, 62., 5.));
#8125 = B_SPLINE_CURVE_WITH_KNOTS ('', 1, (#8123, #8124), .UNSPECIFIED., .F., .U., (2, 2), (0., 1.), .UNSPECIFIED.);
#8126 = EDGE_CURVE ('', #1259, #8112, #8125, .T.);
#8127 = ORIENTED_EDGE ('', *, *, #8126, .T.);
#8128 = EDGE_LOOP ('', (#8120, #8121, #8122, #8127));
#8129 = FACE_OUTER_BOUND ('', #8128, .T.);
#8130 = CARTESIAN_POINT ('', (-85.5, 62., 3.5));
#8131 = CARTESIAN_POINT ('', (-85.5, 62., 5.));
#8132 = CARTESIAN_POINT ('', (-85.5, 61.5, 3.5));
#8133 = CARTESIAN_POINT ('', (-85.5, 61.5, 5.));
#8134 = CARTESIAN_POINT ('', (-86., 61.5, 3.5));
#8135 = CARTESIAN_POINT ('', (-86., 61.5, 5.));
#8136 = CARTESIAN_POINT ('', (-86.5, 61.5, 3.5));
#8137 = CARTESIAN_POINT ('', (-86.5, 61.5, 5.));
#8138 = CARTESIAN_POINT ('', (-86.5, 62., 3.5));
#8139 = CARTESIAN_POINT ('', (-86.5, 62., 5.));
#8140 = (
   BOUNDED_SURFACE ()
   B_SPLINE_SURFACE (2, 1, ((#8130, #8131), (#8132, #8133), (#8134, #8135), (#8136, #8137), (#8138, #8139)), .UNSPECIFIED., .F., .F., .U.)
   B_SPLINE_SURFACE_WITH_KNOTS ((3, 2, 3), (2, 2), (68., 68.25, 68.5), (0., 1.), .UNSPECIFIED.)
   GEOMETRIC_REPRESENTATION_ITEM ()
   RATIONAL_B_SPLINE_SURFACE (((1., 1.), (0.707106781186548, 0.707106781186548), (1., 1.), (0.707106781186548, 0.707106781186548), (1., 1.)))
   REPRESENTATION_ITEM ('')
   SURFACE ()
);
#8141 = ADVANCED_FACE ('', (#8129), #8140, .T.);
#8142 = CARTESIAN_POINT ('', (-86.5, 62., 5.));
#8143 = CARTESIAN_POINT ('', (-86.5, 76., 5.));
#8144 = B_SPLINE_CURVE_WITH_KNOTS ('', 1, (#8142, #8143), .UNSPECIFIED., .F., .U., (2, 2), (68.5, 82.5), .UNSPECIFIED.);
#8145 = EDGE_CURVE ('', #8112, #7947, #8144, .T.);
#8146 = ORIENTED_EDGE ('', *, *, #8145, .F.);
#8147 = ORIENTED_EDGE ('', *, *, #8126, .F.);
#8148 = ORIENTED_EDGE ('', *, *, #1322, .T.);
#8149 = ORIENTED_EDGE ('', *, *, #7961, .T.);
#8150 = EDGE_LOOP ('', (#8146, #8147, #8148, #8149));
#8151 = FACE_OUTER_BOUND ('', #8150, .T.);
#8152 = CARTESIAN_POINT ('', (-86.5, 62., 3.5));
#8153 = CARTESIAN_POINT ('', (-86.5, 62., 5.));
#8154 = CARTESIAN_POINT ('', (-86.5, 76., 3.5));
#8155 = CARTESIAN_POINT ('', (-86.5, 76., 5.));
#8156 = B_SPLINE_SURFACE_WITH_KNOTS ('', 1, 1, ((#8152, #8153), (#8154, #8155)), .UNSPECIFIED., .F., .F., .U., (2, 2), (2, 2), (68.5, 82.5), (0., 1.), .UNSPECIFIED.);
#8157 = ADVANCED_FACE ('', (#8151), #8156, .T.);
#8158 = CARTESIAN_POINT ('', (-77., 57., 5.));
#8159 = VERTEX_POINT ('', #8158);
#8160 = CARTESIAN_POINT ('', (-76., 57., 5.));
#8161 = VERTEX_POINT ('', #8160);
#8162 = CARTESIAN_POINT ('', (-77., 57., 5.));
#8163 = CARTESIAN_POINT ('', (-77., 57.5, 5.));
#8164 = CARTESIAN_POINT ('', (-76.5, 57.5, 5.));
#8165 = CARTESIAN_POINT ('', (-76., 57.5, 5.));
#8166 = CARTESIAN_POINT ('', (-76., 57., 5.));
#8167 = (
   BOUNDED_CURVE ()
   B_SPLINE_CURVE (2, (#8162, #8163, #8164, #8165, #8166), .UNSPECIFIED., .F., .U.)
   B_SPLINE_CURVE_WITH_KNOTS ((3, 2, 3), (82.5, 82.75, 83.), .UNSPECIFIED.)
   CURVE ()
   GEOMETRIC_REPRESENTATION_ITEM ()
   RATIONAL_B_SPLINE_CURVE ((1., 0.707106781186548, 1., 0.707106781186548, 1.))
   REPRESENTATION_ITEM ('')
);
#8168 = EDGE_CURVE ('', #8159, #8161, #8167, .T.);
#8169 = ORIENTED_EDGE ('', *, *, #8168, .F.);
#8170 = CARTESIAN_POINT ('', (-77., 57., 3.5));
#8171 = CARTESIAN_POINT ('', (-77., 57., 5.));
#8172 = B_SPLINE_CURVE_WITH_KNOTS ('', 1, (#8170, #8171), .UNSPECIFIED., .F., .U., (2, 2), (0., 1.), .UNSPECIFIED.);
#8173 = EDGE_CURVE ('', #1240, #8159, #8172, .T.);
#8174 = ORIENTED_EDGE ('', *, *, #8173, .F.);
#8175 = ORIENTED_EDGE ('', *, *, #1247, .T.);
#8176 = CARTESIAN_POINT ('', (-76., 57., 3.5));
#8177 = CARTESIAN_POINT ('', (-76., 57., 5.));
#8178 = B_SPLINE_CURVE_WITH_KNOTS ('', 1, (#8176, #8177), .UNSPECIFIED., .F., .U., (2, 2), (0., 1.), .UNSPECIFIED.);
#8179 = EDGE_CURVE ('', #1233, #8161, #8178, .T.);
#8180 = ORIENTED_EDGE ('', *, *, #8179, .T.);
#8181 = EDGE_LOOP ('', (#8169, #8174, #8175, #8180));
#8182 = FACE_OUTER_BOUND ('', #8181, .T.);
#8183 = CARTESIAN_POINT ('', (-77., 57., 3.5));
#8184 = CARTESIAN_POINT ('', (-77., 57., 5.));
#8185 = CARTESIAN_POINT ('', (-77., 57.5, 3.5));
#8186 = CARTESIAN_POINT ('', (-77., 57.5, 5.));
#8187 = CARTESIAN_POINT ('', (-76.5, 57.5, 3.5));
#8188 = CARTESIAN_POINT ('', (-76.5, 57.5, 5.));
#8189 = CARTESIAN_POINT ('', (-76., 57.5, 3.5));
#8190 = CARTESIAN_POINT ('', (-76., 57.5, 5.));
#8191 = CARTESIAN_POINT ('', (-76., 57., 3.5));
#8192 = CARTESIAN_POINT ('', (-76., 57., 5.));
#8193 = (
   BOUNDED_SURFACE ()
   B_SPLINE_SURFACE (2, 1, ((#8183, #8184), (#8185, #8186), (#8187, #8188), (#8189, #8190), (#8191, #8192)), .UNSPECIFIED., .F., .F., .U.)
   B_SPLINE_SURFACE_WITH_KNOTS ((3, 2, 3), (2, 2), (82.5, 82.75, 83.), (0., 1.), .UNSPECIFIED.)
   GEOMETRIC_REPRESENTATION_ITEM ()
   RATIONAL_B_SPLINE_SURFACE (((1., 1.), (0.707106781186548, 0.707106781186548), (1., 1.), (0.707106781186548, 0.707106781186548), (1., 1.)))
   REPRESENTATION_ITEM ('')
   SURFACE ()
);
#8194 = ADVANCED_FACE ('', (#8182), #8193, .T.);
#8195 = CARTESIAN_POINT ('', (-64., 57., 5.));
#8196 = VERTEX_POINT ('', #8195);
#8197 = CARTESIAN_POINT ('', (-76., 57., 5.));
#8198 = CARTESIAN_POINT ('', (-64., 57., 5.));
#8199 = B_SPLINE_CURVE_WITH_KNOTS ('', 1, (#8197, #8198), .UNSPECIFIED., .F., .U., (2, 2), (29., 41.), .UNSPECIFIED.);
#8200 = EDGE_CURVE ('', #8161, #8196, #8199, .T.);
#8201 = ORIENTED_EDGE ('', *, *, #8200, .F.);
#8202 = ORIENTED_EDGE ('', *, *, #8179, .F.);
#8203 = ORIENTED_EDGE ('', *, *, #1237, .T.);
#8204 = CARTESIAN_POINT ('', (-64., 57., 3.5));
#8205 = CARTESIAN_POINT ('', (-64., 57., 5.));
#8206 = B_SPLINE_CURVE_WITH_KNOTS ('', 1, (#8204, #8205), .UNSPECIFIED., .F., .U., (2, 2), (0., 1.), .UNSPECIFIED.);
#8207 = EDGE_CURVE ('', #1223, #8196, #8206, .T.);
#8208 = ORIENTED_EDGE ('', *, *, #8207, .T.);
#8209 = EDGE_LOOP ('', (#8201, #8202, #8203, #8208));
#8210 = FACE_OUTER_BOUND ('', #8209, .T.);
#8211 = CARTESIAN_POINT ('', (-76., 57., 3.5));
#8212 = CARTESIAN_POINT ('', (-76., 57., 5.));
#8213 = CARTESIAN_POINT ('', (-64., 57., 3.5));
#8214 = CARTESIAN_POINT ('', (-64., 57., 5.));
#8215 = B_SPLINE_SURFACE_WITH_KNOTS ('', 1, 1, ((#8211, #8212), (#8213, #8214)), .UNSPECIFIED., .F., .F., .U., (2, 2), (2, 2), (29., 41.), (0., 1.), .UNSPECIFIED.);
#8216 = ADVANCED_FACE ('', (#8210), #8215, .T.);
#8217 = CARTESIAN_POINT ('', (-63., 57., 5.));
#8218 = VERTEX_POINT ('', #8217);
#8219 = CARTESIAN_POINT ('', (-64., 57., 5.));
#8220 = CARTESIAN_POINT ('', (-64., 57.5, 5.));
#8221 = CARTESIAN_POINT ('', (-63.5, 57.5, 5.));
#8222 = CARTESIAN_POINT ('', (-63., 57.5, 5.));
#8223 = CARTESIAN_POINT ('', (-63., 57., 5.));
#8224 = (
   BOUNDED_CURVE ()
   B_SPLINE_CURVE (2, (#8219, #8220, #8221, #8222, #8223), .UNSPECIFIED., .F., .U.)
   B_SPLINE_CURVE_WITH_KNOTS ((3, 2, 3), (41., 41.25, 41.5), .UNSPECIFIED.)
   CURVE ()
   GEOMETRIC_REPRESENTATION_ITEM ()
   RATIONAL_B_SPLINE_CURVE ((1., 0.707106781186548, 1., 0.707106781186548, 1.))
   REPRESENTATION_ITEM ('')
);
#8225 = EDGE_CURVE ('', #8196, #8218, #8224, .T.);
#8226 = ORIENTED_EDGE ('', *, *, #8225, .F.);
#8227 = ORIENTED_EDGE ('', *, *, #8207, .F.);
#8228 = ORIENTED_EDGE ('', *, *, #1230, .T.);
#8229 = CARTESIAN_POINT ('', (-63., 57., 3.5));
#8230 = CARTESIAN_POINT ('', (-63., 57., 5.));
#8231 = B_SPLINE_CURVE_WITH_KNOTS ('', 1, (#8229, #8230), .UNSPECIFIED., .F., .U., (2, 2), (0., 1.), .UNSPECIFIED.);
#8232 = EDGE_CURVE ('', #1216, #8218, #8231, .T.);
#8233 = ORIENTED_EDGE ('', *, *, #8232, .T.);
#8234 = EDGE_LOOP ('', (#8226, #8227, #8228, #8233));
#8235 = FACE_OUTER_BOUND ('', #8234, .T.);
#8236 = CARTESIAN_POINT ('', (-64., 57., 3.5));
#8237 = CARTESIAN_POINT ('', (-64., 57., 5.));
#8238 = CARTESIAN_POINT ('', (-64., 57.5, 3.5));
#8239 = CARTESIAN_POINT ('', (-64., 57.5, 5.));
#8240 = CARTESIAN_POINT ('', (-63.5, 57.5, 3.5));
#8241 = CARTESIAN_POINT ('', (-63.5, 57.5, 5.));
#8242 = CARTESIAN_POINT ('', (-63., 57.5, 3.5));
#8243 = CARTESIAN_POINT ('', (-63., 57.5, 5.));
#8244 = CARTESIAN_POINT ('', (-63., 57., 3.5));
#8245 = CARTESIAN_POINT ('', (-63., 57., 5.));
#8246 = (
   BOUNDED_SURFACE ()
   B_SPLINE_SURFACE (2, 1, ((#8236, #8237), (#8238, #8239), (#8240, #8241), (#8242, #8243), (#8244, #8245)), .UNSPECIFIED., .F., .F., .U.)
   B_SPLINE_SURFACE_WITH_KNOTS ((3, 2, 3), (2, 2), (41., 41.25, 41.5), (0., 1.), .UNSPECIFIED.)
   GEOMETRIC_REPRESENTATION_ITEM ()
   RATIONAL_B_SPLINE_SURFACE (((1., 1.), (0.707106781186548, 0.707106781186548), (1., 1.), (0.707106781186548, 0.707106781186548), (1., 1.)))
   REPRESENTATION_ITEM ('')
   SURFACE ()
);
#8247 = ADVANCED_FACE ('', (#8235), #8246, .T.);
#8248 = CARTESIAN_POINT ('', (-63., 43., 5.));
#8249 = VERTEX_POINT ('', #8248);
#8250 = CARTESIAN_POINT ('', (-63., 57., 5.));
#8251 = CARTESIAN_POINT ('', (-63., 43., 5.));
#8252 = B_SPLINE_CURVE_WITH_KNOTS ('', 1, (#8250, #8251), .UNSPECIFIED., .F., .U., (2, 2), (41.5, 55.5), .UNSPECIFIED.);
#8253 = EDGE_CURVE ('', #8218, #8249, #8252, .T.);
#8254 = ORIENTED_EDGE ('', *, *, #8253, .F.);
#8255 = ORIENTED_EDGE ('', *, *, #8232, .F.);
#8256 = ORIENTED_EDGE ('', *, *, #1220, .T.);
#8257 = CARTESIAN_POINT ('', (-63., 43., 3.5));
#8258 = CARTESIAN_POINT ('', (-63., 43., 5.));
#8259 = B_SPLINE_CURVE_WITH_KNOTS ('', 1, (#8257, #8258), .UNSPECIFIED., .F., .U., (2, 2), (0., 1.), .UNSPECIFIED.);
#8260 = EDGE_CURVE ('', #1206, #8249, #8259, .T.);
#8261 = ORIENTED_EDGE ('', *, *, #8260, .T.);
#8262 = EDGE_LOOP ('', (#8254, #8255, #8256, #8261));
#8263 = FACE_OUTER_BOUND ('', #8262, .T.);
#8264 = CARTESIAN_POINT ('', (-63., 57., 3.5));
#8265 = CARTESIAN_POINT ('', (-63., 57., 5.));
#8266 = CARTESIAN_POINT ('', (-63., 43., 3.5));
#8267 = CARTESIAN_POINT ('', (-63., 43., 5.));
#8268 = B_SPLINE_SURFACE_WITH_KNOTS ('', 1, 1, ((#8264, #8265), (#8266, #8267)), .UNSPECIFIED., .F., .F., .U., (2, 2), (2, 2), (41.5, 55.5), (0., 1.), .UNSPECIFIED.);
#8269 = ADVANCED_FACE ('', (#8263), #8268, .T.);
#8270 = CARTESIAN_POINT ('', (-64., 43., 5.));
#8271 = VERTEX_POINT ('', #8270);
#8272 = CARTESIAN_POINT ('', (-63., 43., 5.));
#8273 = CARTESIAN_POINT ('', (-63., 42.5, 5.));
#8274 = CARTESIAN_POINT ('', (-63.5, 42.5, 5.));
#8275 = CARTESIAN_POINT ('', (-64., 42.5, 5.));
#8276 = CARTESIAN_POINT ('', (-64., 43., 5.));
#8277 = (
   BOUNDED_CURVE ()
   B_SPLINE_CURVE (2, (#8272, #8273, #8274, #8275, #8276), .UNSPECIFIED., .F., .U.)
   B_SPLINE_CURVE_WITH_KNOTS ((3, 2, 3), (55.5, 55.75, 56.), .UNSPECIFIED.)
   CURVE ()
   GEOMETRIC_REPRESENTATION_ITEM ()
   RATIONAL_B_SPLINE_CURVE ((1., 0.707106781186548, 1., 0.707106781186548, 1.))
   REPRESENTATION_ITEM ('')
);
#8278 = EDGE_CURVE ('', #8249, #8271, #8277, .T.);
#8279 = ORIENTED_EDGE ('', *, *, #8278, .F.);
#8280 = ORIENTED_EDGE ('', *, *, #8260, .F.);
#8281 = ORIENTED_EDGE ('', *, *, #1213, .T.);
#8282 = CARTESIAN_POINT ('', (-64., 43., 3.5));
#8283 = CARTESIAN_POINT ('', (-64., 43., 5.));
#8284 = B_SPLINE_CURVE_WITH_KNOTS ('', 1, (#8282, #8283), .UNSPECIFIED., .F., .U., (2, 2), (0., 1.), .UNSPECIFIED.);
#8285 = EDGE_CURVE ('', #1199, #8271, #8284, .T.);
#8286 = ORIENTED_EDGE ('', *, *, #8285, .T.);
#8287 = EDGE_LOOP ('', (#8279, #8280, #8281, #8286));
#8288 = FACE_OUTER_BOUND ('', #8287, .T.);
#8289 = CARTESIAN_POINT ('', (-63., 43., 3.5));
#8290 = CARTESIAN_POINT ('', (-63., 43., 5.));
#8291 = CARTESIAN_POINT ('', (-63., 42.5, 3.5));
#8292 = CARTESIAN_POINT ('', (-63., 42.5, 5.));
#8293 = CARTESIAN_POINT ('', (-63.5, 42.5, 3.5));
#8294 = CARTESIAN_POINT ('', (-63.5, 42.5, 5.));
#8295 = CARTESIAN_POINT ('', (-64., 42.5, 3.5));
#8296 = CARTESIAN_POINT ('', (-64., 42.5, 5.));
#8297 = CARTESIAN_POINT ('', (-64., 43., 3.5));
#8298 = CARTESIAN_POINT ('', (-64., 43., 5.));
#8299 = (
   BOUNDED_SURFACE ()
   B_SPLINE_SURFACE (2, 1, ((#8289, #8290), (#8291, #8292), (#8293, #8294), (#8295, #8296), (#8297, #8298)), .UNSPECIFIED., .F., .F., .U.)
   B_SPLINE_SURFACE_WITH_KNOTS ((3, 2, 3), (2, 2), (55.5, 55.75, 56.), (0., 1.), .UNSPECIFIED.)
   GEOMETRIC_REPRESENTATION_ITEM ()
   RATIONAL_B_SPLINE_SURFACE (((1., 1.), (0.707106781186548, 0.707106781186548), (1., 1.), (0.707106781186548, 0.707106781186548), (1., 1.)))
   REPRESENTATION_ITEM ('')
   SURFACE ()
);
#8300 = ADVANCED_FACE ('', (#8288), #8299, .T.);
#8301 = CARTESIAN_POINT ('', (-76., 43., 5.));
#8302 = VERTEX_POINT ('', #8301);
#8303 = CARTESIAN_POINT ('', (-64., 43., 5.));
#8304 = CARTESIAN_POINT ('', (-76., 43., 5.));
#8305 = B_SPLINE_CURVE_WITH_KNOTS ('', 1, (#8303, #8304), .UNSPECIFIED., .F., .U., (2, 2), (56., 68.), .UNSPECIFIED.);
#8306 = EDGE_CURVE ('', #8271, #8302, #8305, .T.);
#8307 = ORIENTED_EDGE ('', *, *, #8306, .F.);
#8308 = ORIENTED_EDGE ('', *, *, #8285, .F.);
#8309 = ORIENTED_EDGE ('', *, *, #1203, .T.);
#8310 = CARTESIAN_POINT ('', (-76., 43., 3.5));
#8311 = CARTESIAN_POINT ('', (-76., 43., 5.));
#8312 = B_SPLINE_CURVE_WITH_KNOTS ('', 1, (#8310, #8311), .UNSPECIFIED., .F., .U., (2, 2), (0., 1.), .UNSPECIFIED.);
#8313 = EDGE_CURVE ('', #1187, #8302, #8312, .T.);
#8314 = ORIENTED_EDGE ('', *, *, #8313, .T.);
#8315 = EDGE_LOOP ('', (#8307, #8308, #8309, #8314));
#8316 = FACE_OUTER_BOUND ('', #8315, .T.);
#8317 = CARTESIAN_POINT ('', (-64., 43., 3.5));
#8318 = CARTESIAN_POINT ('', (-64., 43., 5.));
#8319 = CARTESIAN_POINT ('', (-76., 43., 3.5));
#8320 = CARTESIAN_POINT ('', (-76., 43., 5.));
#8321 = B_SPLINE_SURFACE_WITH_KNOTS ('', 1, 1, ((#8317, #8318), (#8319, #8320)), .UNSPECIFIED., .F., .F., .U., (2, 2), (2, 2), (56., 68.), (0., 1.), .UNSPECIFIED.);
#8322 = ADVANCED_FACE ('', (#8316), #8321, .T.);
#8323 = CARTESIAN_POINT ('', (-77., 43., 5.));
#8324 = VERTEX_POINT ('', #8323);
#8325 = CARTESIAN_POINT ('', (-76., 43., 5.));
#8326 = CARTESIAN_POINT ('', (-76., 42.5, 5.));
#8327 = CARTESIAN_POINT ('', (-76.5, 42.5, 5.));
#8328 = CARTESIAN_POINT ('', (-77., 42.5, 5.));
#8329 = CARTESIAN_POINT ('', (-77., 43., 5.));
#8330 = (
   BOUNDED_CURVE ()
   B_SPLINE_CURVE (2, (#8325, #8326, #8327, #8328, #8329), .UNSPECIFIED., .F., .U.)
   B_SPLINE_CURVE_WITH_KNOTS ((3, 2, 3), (68., 68.25, 68.5), .UNSPECIFIED.)
   CURVE ()
   GEOMETRIC_REPRESENTATION_ITEM ()
   RATIONAL_B_SPLINE_CURVE ((1., 0.707106781186548, 1., 0.707106781186548, 1.))
   REPRESENTATION_ITEM ('')
);
#8331 = EDGE_CURVE ('', #8302, #8324, #8330, .T.);
#8332 = ORIENTED_EDGE ('', *, *, #8331, .F.);
#8333 = ORIENTED_EDGE ('', *, *, #8313, .F.);
#8334 = ORIENTED_EDGE ('', *, *, #1196, .T.);
#8335 = CARTESIAN_POINT ('', (-77., 43., 3.5));
#8336 = CARTESIAN_POINT ('', (-77., 43., 5.));
#8337 = B_SPLINE_CURVE_WITH_KNOTS ('', 1, (#8335, #8336), .UNSPECIFIED., .F., .U., (2, 2), (0., 1.), .UNSPECIFIED.);
#8338 = EDGE_CURVE ('', #1189, #8324, #8337, .T.);
#8339 = ORIENTED_EDGE ('', *, *, #8338, .T.);
#8340 = EDGE_LOOP ('', (#8332, #8333, #8334, #8339));
#8341 = FACE_OUTER_BOUND ('', #8340, .T.);
#8342 = CARTESIAN_POINT ('', (-76., 43., 3.5));
#8343 = CARTESIAN_POINT ('', (-76., 43., 5.));
#8344 = CARTESIAN_POINT ('', (-76., 42.5, 3.5));
#8345 = CARTESIAN_POINT ('', (-76., 42.5, 5.));
#8346 = CARTESIAN_POINT ('', (-76.5, 42.5, 3.5));
#8347 = CARTESIAN_POINT ('', (-76.5, 42.5, 5.));
#8348 = CARTESIAN_POINT ('', (-77., 42.5, 3.5));
#8349 = CARTESIAN_POINT ('', (-77., 42.5, 5.));
#8350 = CARTESIAN_POINT ('', (-77., 43., 3.5));
#8351 = CARTESIAN_POINT ('', (-77., 43., 5.));
#8352 = (
   BOUNDED_SURFACE ()
   B_SPLINE_SURFACE (2, 1, ((#8342, #8343), (#8344, #8345), (#8346, #8347), (#8348, #8349), (#8350, #8351)), .UNSPECIFIED., .F., .F., .U.)
   B_SPLINE_SURFACE_WITH_KNOTS ((3, 2, 3), (2, 2), (68., 68.25, 68.5), (0., 1.), .UNSPECIFIED.)
   GEOMETRIC_REPRESENTATION_ITEM ()
   RATIONAL_B_SPLINE_SURFACE (((1., 1.), (0.707106781186548, 0.707106781186548), (1., 1.), (0.707106781186548, 0.707106781186548), (1., 1.)))
   REPRESENTATION_ITEM ('')
   SURFACE ()
);
#8353 = ADVANCED_FACE ('', (#8341), #8352, .T.);
#8354 = CARTESIAN_POINT ('', (-77., 43., 5.));
#8355 = CARTESIAN_POINT ('', (-77., 57., 5.));
#8356 = B_SPLINE_CURVE_WITH_KNOTS ('', 1, (#8354, #8355), .UNSPECIFIED., .F., .U., (2, 2), (68.5, 82.5), .UNSPECIFIED.);
#8357 = EDGE_CURVE ('', #8324, #8159, #8356, .T.);
#8358 = ORIENTED_EDGE ('', *, *, #8357, .F.);
#8359 = ORIENTED_EDGE ('', *, *, #8338, .F.);
#8360 = ORIENTED_EDGE ('', *, *, #1252, .T.);
#8361 = ORIENTED_EDGE ('', *, *, #8173, .T.);
#8362 = EDGE_LOOP ('', (#8358, #8359, #8360, #8361));
#8363 = FACE_OUTER_BOUND ('', #8362, .T.);
#8364 = CARTESIAN_POINT ('', (-77., 43., 3.5));
#8365 = CARTESIAN_POINT ('', (-77., 43., 5.));
#8366 = CARTESIAN_POINT ('', (-77., 57., 3.5));
#8367 = CARTESIAN_POINT ('', (-77., 57., 5.));
#8368 = B_SPLINE_SURFACE_WITH_KNOTS ('', 1, 1, ((#8364, #8365), (#8366, #8367)), .UNSPECIFIED., .F., .F., .U., (2, 2), (2, 2), (68.5, 82.5), (0., 1.), .UNSPECIFIED.);
#8369 = ADVANCED_FACE ('', (#8363), #8368, .T.);
#8370 = CARTESIAN_POINT ('', (-67.5, 76., 5.));
#8371 = VERTEX_POINT ('', #8370);
#8372 = CARTESIAN_POINT ('', (-66.5, 76., 5.));
#8373 = VERTEX_POINT ('', #8372);
#8374 = CARTESIAN_POINT ('', (-67.5, 76., 5.));
#8375 = CARTESIAN_POINT ('', (-67.5, 76.5, 5.));
#8376 = CARTESIAN_POINT ('', (-67., 76.5, 5.));
#8377 = CARTESIAN_POINT ('', (-66.5, 76.5, 5.));
#8378 = CARTESIAN_POINT ('', (-66.5, 76., 5.));
#8379 = (
   BOUNDED_CURVE ()
   B_SPLINE_CURVE (2, (#8374, #8375, #8376, #8377, #8378), .UNSPECIFIED., .F., .U.)
   B_SPLINE_CURVE_WITH_KNOTS ((3, 2, 3), (82.5, 82.75, 83.), .UNSPECIFIED.)
   CURVE ()
   GEOMETRIC_REPRESENTATION_ITEM ()
   RATIONAL_B_SPLINE_CURVE ((1., 0.707106781186548, 1., 0.707106781186548, 1.))
   REPRESENTATION_ITEM ('')
);
#8380 = EDGE_CURVE ('', #8371, #8373, #8379, .T.);
#8381 = ORIENTED_EDGE ('', *, *, #8380, .F.);
#8382 = CARTESIAN_POINT ('', (-67.5, 76., 3.5));
#8383 = CARTESIAN_POINT ('', (-67.5, 76., 5.));
#8384 = B_SPLINE_CURVE_WITH_KNOTS ('', 1, (#8382, #8383), .UNSPECIFIED., .F., .U., (2, 2), (0., 1.), .UNSPECIFIED.);
#8385 = EDGE_CURVE ('', #1170, #8371, #8384, .T.);
#8386 = ORIENTED_EDGE ('', *, *, #8385, .F.);
#8387 = ORIENTED_EDGE ('', *, *, #1177, .T.);
#8388 = CARTESIAN_POINT ('', (-66.5, 76., 3.5));
#8389 = CARTESIAN_POINT ('', (-66.5, 76., 5.));
#8390 = B_SPLINE_CURVE_WITH_KNOTS ('', 1, (#8388, #8389), .UNSPECIFIED., .F., .U., (2, 2), (0., 1.), .UNSPECIFIED.);
#8391 = EDGE_CURVE ('', #1163, #8373, #8390, .T.);
#8392 = ORIENTED_EDGE ('', *, *, #8391, .T.);
#8393 = EDGE_LOOP ('', (#8381, #8386, #8387, #8392));
#8394 = FACE_OUTER_BOUND ('', #8393, .T.);
#8395 = CARTESIAN_POINT ('', (-67.5, 76., 3.5));
#8396 = CARTESIAN_POINT ('', (-67.5, 76., 5.));
#8397 = CARTESIAN_POINT ('', (-67.5, 76.5, 3.5));
#8398 = CARTESIAN_POINT ('', (-67.5, 76.5, 5.));
#8399 = CARTESIAN_POINT ('', (-67., 76.5, 3.5));
#8400 = CARTESIAN_POINT ('', (-67., 76.5, 5.));
#8401 = CARTESIAN_POINT ('', (-66.5, 76.5, 3.5));
#8402 = CARTESIAN_POINT ('', (-66.5, 76.5, 5.));
#8403 = CARTESIAN_POINT ('', (-66.5, 76., 3.5));
#8404 = CARTESIAN_POINT ('', (-66.5, 76., 5.));
#8405 = (
   BOUNDED_SURFACE ()
   B_SPLINE_SURFACE (2, 1, ((#8395, #8396), (#8397, #8398), (#8399, #8400), (#8401, #8402), (#8403, #8404)), .UNSPECIFIED., .F., .F., .U.)
   B_SPLINE_SURFACE_WITH_KNOTS ((3, 2, 3), (2, 2), (82.5, 82.75, 83.), (0., 1.), .UNSPECIFIED.)
   GEOMETRIC_REPRESENTATION_ITEM ()
   RATIONAL_B_SPLINE_SURFACE (((1., 1.), (0.707106781186548, 0.707106781186548), (1., 1.), (0.707106781186548, 0.707106781186548), (1., 1.)))
   REPRESENTATION_ITEM ('')
   SURFACE ()
);
#8406 = ADVANCED_FACE ('', (#8394), #8405, .T.);
#8407 = CARTESIAN_POINT ('', (-54.5, 76., 5.));
#8408 = VERTEX_POINT ('', #8407);
#8409 = CARTESIAN_POINT ('', (-66.5, 76., 5.));
#8410 = CARTESIAN_POINT ('', (-54.5, 76., 5.));
#8411 = B_SPLINE_CURVE_WITH_KNOTS ('', 1, (#8409, #8410), .UNSPECIFIED., .F., .U., (2, 2), (29., 41.), .UNSPECIFIED.);
#8412 = EDGE_CURVE ('', #8373, #8408, #8411, .T.);
#8413 = ORIENTED_EDGE ('', *, *, #8412, .F.);
#8414 = ORIENTED_EDGE ('', *, *, #8391, .F.);
#8415 = ORIENTED_EDGE ('', *, *, #1167, .T.);
#8416 = CARTESIAN_POINT ('', (-54.5, 76., 3.5));
#8417 = CARTESIAN_POINT ('', (-54.5, 76., 5.));
#8418 = B_SPLINE_CURVE_WITH_KNOTS ('', 1, (#8416, #8417), .UNSPECIFIED., .F., .U., (2, 2), (0., 1.), .UNSPECIFIED.);
#8419 = EDGE_CURVE ('', #1153, #8408, #8418, .T.);
#8420 = ORIENTED_EDGE ('', *, *, #8419, .T.);
#8421 = EDGE_LOOP ('', (#8413, #8414, #8415, #8420));
#8422 = FACE_OUTER_BOUND ('', #8421, .T.);
#8423 = CARTESIAN_POINT ('', (-66.5, 76., 3.5));
#8424 = CARTESIAN_POINT ('', (-66.5, 76., 5.));
#8425 = CARTESIAN_POINT ('', (-54.5, 76., 3.5));
#8426 = CARTESIAN_POINT ('', (-54.5, 76., 5.));
#8427 = B_SPLINE_SURFACE_WITH_KNOTS ('', 1, 1, ((#8423, #8424), (#8425, #8426)), .UNSPECIFIED., .F., .F., .U., (2, 2), (2, 2), (29., 41.), (0., 1.), .UNSPECIFIED.);
#8428 = ADVANCED_FACE ('', (#8422), #8427, .T.);
#8429 = CARTESIAN_POINT ('', (-53.5, 76., 5.));
#8430 = VERTEX_POINT ('', #8429);
#8431 = CARTESIAN_POINT ('', (-54.5, 76., 5.));
#8432 = CARTESIAN_POINT ('', (-54.5, 76.5, 5.));
#8433 = CARTESIAN_POINT ('', (-54., 76.5, 5.));
#8434 = CARTESIAN_POINT ('', (-53.5, 76.5, 5.));
#8435 = CARTESIAN_POINT ('', (-53.5, 76., 5.));
#8436 = (
   BOUNDED_CURVE ()
   B_SPLINE_CURVE (2, (#8431, #8432, #8433, #8434, #8435), .UNSPECIFIED., .F., .U.)
   B_SPLINE_CURVE_WITH_KNOTS ((3, 2, 3), (41., 41.25, 41.5), .UNSPECIFIED.)
   CURVE ()
   GEOMETRIC_REPRESENTATION_ITEM ()
   RATIONAL_B_SPLINE_CURVE ((1., 0.707106781186548, 1., 0.707106781186548, 1.))
   REPRESENTATION_ITEM ('')
);
#8437 = EDGE_CURVE ('', #8408, #8430, #8436, .T.);
#8438 = ORIENTED_EDGE ('', *, *, #8437, .F.);
#8439 = ORIENTED_EDGE ('', *, *, #8419, .F.);
#8440 = ORIENTED_EDGE ('', *, *, #1160, .T.);
#8441 = CARTESIAN_POINT ('', (-53.5, 76., 3.5));
#8442 = CARTESIAN_POINT ('', (-53.5, 76., 5.));
#8443 = B_SPLINE_CURVE_WITH_KNOTS ('', 1, (#8441, #8442), .UNSPECIFIED., .F., .U., (2, 2), (0., 1.), .UNSPECIFIED.);
#8444 = EDGE_CURVE ('', #1146, #8430, #8443, .T.);
#8445 = ORIENTED_EDGE ('', *, *, #8444, .T.);
#8446 = EDGE_LOOP ('', (#8438, #8439, #8440, #8445));
#8447 = FACE_OUTER_BOUND ('', #8446, .T.);
#8448 = CARTESIAN_POINT ('', (-54.5, 76., 3.5));
#8449 = CARTESIAN_POINT ('', (-54.5, 76., 5.));
#8450 = CARTESIAN_POINT ('', (-54.5, 76.5, 3.5));
#8451 = CARTESIAN_POINT ('', (-54.5, 76.5, 5.));
#8452 = CARTESIAN_POINT ('', (-54., 76.5, 3.5));
#8453 = CARTESIAN_POINT ('', (-54., 76.5, 5.));
#8454 = CARTESIAN_POINT ('', (-53.5, 76.5, 3.5));
#8455 = CARTESIAN_POINT ('', (-53.5, 76.5, 5.));
#8456 = CARTESIAN_POINT ('', (-53.5, 76., 3.5));
#8457 = CARTESIAN_POINT ('', (-53.5, 76., 5.));
#8458 = (
   BOUNDED_SURFACE ()
   B_SPLINE_SURFACE (2, 1, ((#8448, #8449), (#8450, #8451), (#8452, #8453), (#8454, #8455), (#8456, #8457)), .UNSPECIFIED., .F., .F., .U.)
   B_SPLINE_SURFACE_WITH_KNOTS ((3, 2, 3), (2, 2), (41., 41.25, 41.5), (0., 1.), .UNSPECIFIED.)
   GEOMETRIC_REPRESENTATION_ITEM ()
   RATIONAL_B_SPLINE_SURFACE (((1., 1.), (0.707106781186548, 0.707106781186548), (1., 1.), (0.707106781186548, 0.707106781186548), (1., 1.)))
   REPRESENTATION_ITEM ('')
   SURFACE ()
);
#8459 = ADVANCED_FACE ('', (#8447), #8458, .T.);
#8460 = CARTESIAN_POINT ('', (-53.5, 62., 5.));
#8461 = VERTEX_POINT ('', #8460);
#8462 = CARTESIAN_POINT ('', (-53.5, 76., 5.));
#8463 = CARTESIAN_POINT ('', (-53.5, 62., 5.));
#8464 = B_SPLINE_CURVE_WITH_KNOTS ('', 1, (#8462, #8463), .UNSPECIFIED., .F., .U., (2, 2), (41.5, 55.5), .UNSPECIFIED.);
#8465 = EDGE_CURVE ('', #8430, #8461, #8464, .T.);
#8466 = ORIENTED_EDGE ('', *, *, #8465, .F.);
#8467 = ORIENTED_EDGE ('', *, *, #8444, .F.);
#8468 = ORIENTED_EDGE ('', *, *, #1150, .T.);
#8469 = CARTESIAN_POINT ('', (-53.5, 62., 3.5));
#8470 = CARTESIAN_POINT ('', (-53.5, 62., 5.));
#8471 = B_SPLINE_CURVE_WITH_KNOTS ('', 1, (#8469, #8470), .UNSPECIFIED., .F., .U., (2, 2), (0., 1.), .UNSPECIFIED.);
#8472 = EDGE_CURVE ('', #1136, #8461, #8471, .T.);
#8473 = ORIENTED_EDGE ('', *, *, #8472, .T.);
#8474 = EDGE_LOOP ('', (#8466, #8467, #8468, #8473));
#8475 = FACE_OUTER_BOUND ('', #8474, .T.);
#8476 = CARTESIAN_POINT ('', (-53.5, 76., 3.5));
#8477 = CARTESIAN_POINT ('', (-53.5, 76., 5.));
#8478 = CARTESIAN_POINT ('', (-53.5, 62., 3.5));
#8479 = CARTESIAN_POINT ('', (-53.5, 62., 5.));
#8480 = B_SPLINE_SURFACE_WITH_KNOTS ('', 1, 1, ((#8476, #8477), (#8478, #8479)), .UNSPECIFIED., .F., .F., .U., (2, 2), (2, 2), (41.5, 55.5), (0., 1.), .UNSPECIFIED.);
#8481 = ADVANCED_FACE ('', (#8475), #8480, .T.);
#8482 = CARTESIAN_POINT ('', (-54.5, 62., 5.));
#8483 = VERTEX_POINT ('', #8482);
#8484 = CARTESIAN_POINT ('', (-53.5, 62., 5.));
#8485 = CARTESIAN_POINT ('', (-53.5, 61.5, 5.));
#8486 = CARTESIAN_POINT ('', (-54., 61.5, 5.));
#8487 = CARTESIAN_POINT ('', (-54.5, 61.5, 5.));
#8488 = CARTESIAN_POINT ('', (-54.5, 62., 5.));
#8489 = (
   BOUNDED_CURVE ()
   B_SPLINE_CURVE (2, (#8484, #8485, #8486, #8487, #8488), .UNSPECIFIED., .F., .U.)
   B_SPLINE_CURVE_WITH_KNOTS ((3, 2, 3), (55.5, 55.75, 56.), .UNSPECIFIED.)
   CURVE ()
   GEOMETRIC_REPRESENTATION_ITEM ()
   RATIONAL_B_SPLINE_CURVE ((1., 0.707106781186548, 1., 0.707106781186548, 1.))
   REPRESENTATION_ITEM ('')
);
#8490 = EDGE_CURVE ('', #8461, #8483, #8489, .T.);
#8491 = ORIENTED_EDGE ('', *, *, #8490, .F.);
#8492 = ORIENTED_EDGE ('', *, *, #8472, .F.);
#8493 = ORIENTED_EDGE ('', *, *, #1143, .T.);
#8494 = CARTESIAN_POINT ('', (-54.5, 62., 3.5));
#8495 = CARTESIAN_POINT ('', (-54.5, 62., 5.));
#8496 = B_SPLINE_CURVE_WITH_KNOTS ('', 1, (#8494, #8495), .UNSPECIFIED., .F., .U., (2, 2), (0., 1.), .UNSPECIFIED.);
#8497 = EDGE_CURVE ('', #1129, #8483, #8496, .T.);
#8498 = ORIENTED_EDGE ('', *, *, #8497, .T.);
#8499 = EDGE_LOOP ('', (#8491, #8492, #8493, #8498));
#8500 = FACE_OUTER_BOUND ('', #8499, .T.);
#8501 = CARTESIAN_POINT ('', (-53.5, 62., 3.5));
#8502 = CARTESIAN_POINT ('', (-53.5, 62., 5.));
#8503 = CARTESIAN_POINT ('', (-53.5, 61.5, 3.5));
#8504 = CARTESIAN_POINT ('', (-53.5, 61.5, 5.));
#8505 = CARTESIAN_POINT ('', (-54., 61.5, 3.5));
#8506 = CARTESIAN_POINT ('', (-54., 61.5, 5.));
#8507 = CARTESIAN_POINT ('', (-54.5, 61.5, 3.5));
#8508 = CARTESIAN_POINT ('', (-54.5, 61.5, 5.));
#8509 = CARTESIAN_POINT ('', (-54.5, 62., 3.5));
#8510 = CARTESIAN_POINT ('', (-54.5, 62., 5.));
#8511 = (
   BOUNDED_SURFACE ()
   B_SPLINE_SURFACE (2, 1, ((#8501, #8502), (#8503, #8504), (#8505, #8506), (#8507, #8508), (#8509, #8510)), .UNSPECIFIED., .F., .F., .U.)
   B_SPLINE_SURFACE_WITH_KNOTS ((3, 2, 3), (2, 2), (55.5, 55.75, 56.), (0., 1.), .UNSPECIFIED.)
   GEOMETRIC_REPRESENTATION_ITEM ()
   RATIONAL_B_SPLINE_SURFACE (((1., 1.), (0.707106781186548, 0.707106781186548), (1., 1.), (0.707106781186548, 0.707106781186548), (1., 1.)))
   REPRESENTATION_ITEM ('')
   SURFACE ()
);
#8512 = ADVANCED_FACE ('', (#8500), #8511, .T.);
#8513 = CARTESIAN_POINT ('', (-66.5, 62., 5.));
#8514 = VERTEX_POINT ('', #8513);
#8515 = CARTESIAN_POINT ('', (-54.5, 62., 5.));
#8516 = CARTESIAN_POINT ('', (-66.5, 62., 5.));
#8517 = B_SPLINE_CURVE_WITH_KNOTS ('', 1, (#8515, #8516), .UNSPECIFIED., .F., .U., (2, 2), (56., 68.), .UNSPECIFIED.);
#8518 = EDGE_CURVE ('', #8483, #8514, #8517, .T.);
#8519 = ORIENTED_EDGE ('', *, *, #8518, .F.);
#8520 = ORIENTED_EDGE ('', *, *, #8497, .F.);
#8521 = ORIENTED_EDGE ('', *, *, #1133, .T.);
#8522 = CARTESIAN_POINT ('', (-66.5, 62., 3.5));
#8523 = CARTESIAN_POINT ('', (-66.5, 62., 5.));
#8524 = B_SPLINE_CURVE_WITH_KNOTS ('', 1, (#8522, #8523), .UNSPECIFIED., .F., .U., (2, 2), (0., 1.), .UNSPECIFIED.);
#8525 = EDGE_CURVE ('', #1117, #8514, #8524, .T.);
#8526 = ORIENTED_EDGE ('', *, *, #8525, .T.);
#8527 = EDGE_LOOP ('', (#8519, #8520, #8521, #8526));
#8528 = FACE_OUTER_BOUND ('', #8527, .T.);
#8529 = CARTESIAN_POINT ('', (-54.5, 62., 3.5));
#8530 = CARTESIAN_POINT ('', (-54.5, 62., 5.));
#8531 = CARTESIAN_POINT ('', (-66.5, 62., 3.5));
#8532 = CARTESIAN_POINT ('', (-66.5, 62., 5.));
#8533 = B_SPLINE_SURFACE_WITH_KNOTS ('', 1, 1, ((#8529, #8530), (#8531, #8532)), .UNSPECIFIED., .F., .F., .U., (2, 2), (2, 2), (56., 68.), (0., 1.), .UNSPECIFIED.);
#8534 = ADVANCED_FACE ('', (#8528), #8533, .T.);
#8535 = CARTESIAN_POINT ('', (-67.5, 62., 5.));
#8536 = VERTEX_POINT ('', #8535);
#8537 = CARTESIAN_POINT ('', (-66.5, 62., 5.));
#8538 = CARTESIAN_POINT ('', (-66.5, 61.5, 5.));
#8539 = CARTESIAN_POINT ('', (-67., 61.5, 5.));
#8540 = CARTESIAN_POINT ('', (-67.5, 61.5, 5.));
#8541 = CARTESIAN_POINT ('', (-67.5, 62., 5.));
#8542 = (
   BOUNDED_CURVE ()
   B_SPLINE_CURVE (2, (#8537, #8538, #8539, #8540, #8541), .UNSPECIFIED., .F., .U.)
   B_SPLINE_CURVE_WITH_KNOTS ((3, 2, 3), (68., 68.25, 68.5), .UNSPECIFIED.)
   CURVE ()
   GEOMETRIC_REPRESENTATION_ITEM ()
   RATIONAL_B_SPLINE_CURVE ((1., 0.707106781186548, 1., 0.707106781186548, 1.))
   REPRESENTATION_ITEM ('')
);
#8543 = EDGE_CURVE ('', #8514, #8536, #8542, .T.);
#8544 = ORIENTED_EDGE ('', *, *, #8543, .F.);
#8545 = ORIENTED_EDGE ('', *, *, #8525, .F.);
#8546 = ORIENTED_EDGE ('', *, *, #1126, .T.);
#8547 = CARTESIAN_POINT ('', (-67.5, 62., 3.5));
#8548 = CARTESIAN_POINT ('', (-67.5, 62., 5.));
#8549 = B_SPLINE_CURVE_WITH_KNOTS ('', 1, (#8547, #8548), .UNSPECIFIED., .F., .U., (2, 2), (0., 1.), .UNSPECIFIED.);
#8550 = EDGE_CURVE ('', #1119, #8536, #8549, .T.);
#8551 = ORIENTED_EDGE ('', *, *, #8550, .T.);
#8552 = EDGE_LOOP ('', (#8544, #8545, #8546, #8551));
#8553 = FACE_OUTER_BOUND ('', #8552, .T.);
#8554 = CARTESIAN_POINT ('', (-66.5, 62., 3.5));
#8555 = CARTESIAN_POINT ('', (-66.5, 62., 5.));
#8556 = CARTESIAN_POINT ('', (-66.5, 61.5, 3.5));
#8557 = CARTESIAN_POINT ('', (-66.5, 61.5, 5.));
#8558 = CARTESIAN_POINT ('', (-67., 61.5, 3.5));
#8559 = CARTESIAN_POINT ('', (-67., 61.5, 5.));
#8560 = CARTESIAN_POINT ('', (-67.5, 61.5, 3.5));
#8561 = CARTESIAN_POINT ('', (-67.5, 61.5, 5.));
#8562 = CARTESIAN_POINT ('', (-67.5, 62., 3.5));
#8563 = CARTESIAN_POINT ('', (-67.5, 62., 5.));
#8564 = (
   BOUNDED_SURFACE ()
   B_SPLINE_SURFACE (2, 1, ((#8554, #8555), (#8556, #8557), (#8558, #8559), (#8560, #8561), (#8562, #8563)), .UNSPECIFIED., .F., .F., .U.)
   B_SPLINE_SURFACE_WITH_KNOTS ((3, 2, 3), (2, 2), (68., 68.25, 68.5), (0., 1.), .UNSPECIFIED.)
   GEOMETRIC_REPRESENTATION_ITEM ()
   RATIONAL_B_SPLINE_SURFACE (((1., 1.), (0.707106781186548, 0.707106781186548), (1., 1.), (0.707106781186548, 0.707106781186548), (1., 1.)))
   REPRESENTATION_ITEM ('')
   SURFACE ()
);
#8565 = ADVANCED_FACE ('', (#8553), #8564, .T.);
#8566 = CARTESIAN_POINT ('', (-67.5, 62., 5.));
#8567 = CARTESIAN_POINT ('', (-67.5, 76., 5.));
#8568 = B_SPLINE_CURVE_WITH_KNOTS ('', 1, (#8566, #8567), .UNSPECIFIED., .F., .U., (2, 2), (68.5, 82.5), .UNSPECIFIED.);
#8569 = EDGE_CURVE ('', #8536, #8371, #8568, .T.);
#8570 = ORIENTED_EDGE ('', *, *, #8569, .F.);
#8571 = ORIENTED_EDGE ('', *, *, #8550, .F.);
#8572 = ORIENTED_EDGE ('', *, *, #1182, .T.);
#8573 = ORIENTED_EDGE ('', *, *, #8385, .T.);
#8574 = EDGE_LOOP ('', (#8570, #8571, #8572, #8573));
#8575 = FACE_OUTER_BOUND ('', #8574, .T.);
#8576 = CARTESIAN_POINT ('', (-67.5, 62., 3.5));
#8577 = CARTESIAN_POINT ('', (-67.5, 62., 5.));
#8578 = CARTESIAN_POINT ('', (-67.5, 76., 3.5));
#8579 = CARTESIAN_POINT ('', (-67.5, 76., 5.));
#8580 = B_SPLINE_SURFACE_WITH_KNOTS ('', 1, 1, ((#8576, #8577), (#8578, #8579)), .UNSPECIFIED., .F., .F., .U., (2, 2), (2, 2), (68.5, 82.5), (0., 1.), .UNSPECIFIED.);
#8581 = ADVANCED_FACE ('', (#8575), #8580, .T.);
#8582 = CARTESIAN_POINT ('', (-58., 57., 5.));
#8583 = VERTEX_POINT ('', #8582);
#8584 = CARTESIAN_POINT ('', (-57., 57., 5.));
#8585 = VERTEX_POINT ('', #8584);
#8586 = CARTESIAN_POINT ('', (-58., 57., 5.));
#8587 = CARTESIAN_POINT ('', (-58., 57.5, 5.));
#8588 = CARTESIAN_POINT ('', (-57.5, 57.5, 5.));
#8589 = CARTESIAN_POINT ('', (-57., 57.5, 5.));
#8590 = CARTESIAN_POINT ('', (-57., 57., 5.));
#8591 = (
   BOUNDED_CURVE ()
   B_SPLINE_CURVE (2, (#8586, #8587, #8588, #8589, #8590), .UNSPECIFIED., .F., .U.)
   B_SPLINE_CURVE_WITH_KNOTS ((3, 2, 3), (82.5, 82.75, 83.), .UNSPECIFIED.)
   CURVE ()
   GEOMETRIC_REPRESENTATION_ITEM ()
   RATIONAL_B_SPLINE_CURVE ((1., 0.707106781186548, 1., 0.707106781186548, 1.))
   REPRESENTATION_ITEM ('')
);
#8592 = EDGE_CURVE ('', #8583, #8585, #8591, .T.);
#8593 = ORIENTED_EDGE ('', *, *, #8592, .F.);
#8594 = CARTESIAN_POINT ('', (-58., 57., 3.5));
#8595 = CARTESIAN_POINT ('', (-58., 57., 5.));
#8596 = B_SPLINE_CURVE_WITH_KNOTS ('', 1, (#8594, #8595), .UNSPECIFIED., .F., .U., (2, 2), (0., 1.), .UNSPECIFIED.);
#8597 = EDGE_CURVE ('', #1100, #8583, #8596, .T.);
#8598 = ORIENTED_EDGE ('', *, *, #8597, .F.);
#8599 = ORIENTED_EDGE ('', *, *, #1107, .T.);
#8600 = CARTESIAN_POINT ('', (-57., 57., 3.5));
#8601 = CARTESIAN_POINT ('', (-57., 57., 5.));
#8602 = B_SPLINE_CURVE_WITH_KNOTS ('', 1, (#8600, #8601), .UNSPECIFIED., .F., .U., (2, 2), (0., 1.), .UNSPECIFIED.);
#8603 = EDGE_CURVE ('', #1093, #8585, #8602, .T.);
#8604 = ORIENTED_EDGE ('', *, *, #8603, .T.);
#8605 = EDGE_LOOP ('', (#8593, #8598, #8599, #8604));
#8606 = FACE_OUTER_BOUND ('', #8605, .T.);
#8607 = CARTESIAN_POINT ('', (-58., 57., 3.5));
#8608 = CARTESIAN_POINT ('', (-58., 57., 5.));
#8609 = CARTESIAN_POINT ('', (-58., 57.5, 3.5));
#8610 = CARTESIAN_POINT ('', (-58., 57.5, 5.));
#8611 = CARTESIAN_POINT ('', (-57.5, 57.5, 3.5));
#8612 = CARTESIAN_POINT ('', (-57.5, 57.5, 5.));
#8613 = CARTESIAN_POINT ('', (-57., 57.5, 3.5));
#8614 = CARTESIAN_POINT ('', (-57., 57.5, 5.));
#8615 = CARTESIAN_POINT ('', (-57., 57., 3.5));
#8616 = CARTESIAN_POINT ('', (-57., 57., 5.));
#8617 = (
   BOUNDED_SURFACE ()
   B_SPLINE_SURFACE (2, 1, ((#8607, #8608), (#8609, #8610), (#8611, #8612), (#8613, #8614), (#8615, #8616)), .UNSPECIFIED., .F., .F., .U.)
   B_SPLINE_SURFACE_WITH_KNOTS ((3, 2, 3), (2, 2), (82.5, 82.75, 83.), (0., 1.), .UNSPECIFIED.)
   GEOMETRIC_REPRESENTATION_ITEM ()
   RATIONAL_B_SPLINE_SURFACE (((1., 1.), (0.707106781186548, 0.707106781186548), (1., 1.), (0.707106781186548, 0.707106781186548), (1., 1.)))
   REPRESENTATION_ITEM ('')
   SURFACE ()
);
#8618 = ADVANCED_FACE ('', (#8606), #8617, .T.);
#8619 = CARTESIAN_POINT ('', (-45., 57., 5.));
#8620 = VERTEX_POINT ('', #8619);
#8621 = CARTESIAN_POINT ('', (-57., 57., 5.));
#8622 = CARTESIAN_POINT ('', (-45., 57., 5.));
#8623 = B_SPLINE_CURVE_WITH_KNOTS ('', 1, (#8621, #8622), .UNSPECIFIED., .F., .U., (2, 2), (29., 41.), .UNSPECIFIED.);
#8624 = EDGE_CURVE ('', #8585, #8620, #8623, .T.);
#8625 = ORIENTED_EDGE ('', *, *, #8624, .F.);
#8626 = ORIENTED_EDGE ('', *, *, #8603, .F.);
#8627 = ORIENTED_EDGE ('', *, *, #1097, .T.);
#8628 = CARTESIAN_POINT ('', (-45., 57., 3.5));
#8629 = CARTESIAN_POINT ('', (-45., 57., 5.));
#8630 = B_SPLINE_CURVE_WITH_KNOTS ('', 1, (#8628, #8629), .UNSPECIFIED., .F., .U., (2, 2), (0., 1.), .UNSPECIFIED.);
#8631 = EDGE_CURVE ('', #1083, #8620, #8630, .T.);
#8632 = ORIENTED_EDGE ('', *, *, #8631, .T.);
#8633 = EDGE_LOOP ('', (#8625, #8626, #8627, #8632));
#8634 = FACE_OUTER_BOUND ('', #8633, .T.);
#8635 = CARTESIAN_POINT ('', (-57., 57., 3.5));
#8636 = CARTESIAN_POINT ('', (-57., 57., 5.));
#8637 = CARTESIAN_POINT ('', (-45., 57., 3.5));
#8638 = CARTESIAN_POINT ('', (-45., 57., 5.));
#8639 = B_SPLINE_SURFACE_WITH_KNOTS ('', 1, 1, ((#8635, #8636), (#8637, #8638)), .UNSPECIFIED., .F., .F., .U., (2, 2), (2, 2), (29., 41.), (0., 1.), .UNSPECIFIED.);
#8640 = ADVANCED_FACE ('', (#8634), #8639, .T.);
#8641 = CARTESIAN_POINT ('', (-44., 57., 5.));
#8642 = VERTEX_POINT ('', #8641);
#8643 = CARTESIAN_POINT ('', (-45., 57., 5.));
#8644 = CARTESIAN_POINT ('', (-45., 57.5, 5.));
#8645 = CARTESIAN_POINT ('', (-44.5, 57.5, 5.));
#8646 = CARTESIAN_POINT ('', (-44., 57.5, 5.));
#8647 = CARTESIAN_POINT ('', (-44., 57., 5.));
#8648 = (
   BOUNDED_CURVE ()
   B_SPLINE_CURVE (2, (#8643, #8644, #8645, #8646, #8647), .UNSPECIFIED., .F., .U.)
   B_SPLINE_CURVE_WITH_KNOTS ((3, 2, 3), (41., 41.25, 41.5), .UNSPECIFIED.)
   CURVE ()
   GEOMETRIC_REPRESENTATION_ITEM ()
   RATIONAL_B_SPLINE_CURVE ((1., 0.707106781186548, 1., 0.707106781186548, 1.))
   REPRESENTATION_ITEM ('')
);
#8649 = EDGE_CURVE ('', #8620, #8642, #8648, .T.);
#8650 = ORIENTED_EDGE ('', *, *, #8649, .F.);
#8651 = ORIENTED_EDGE ('', *, *, #8631, .F.);
#8652 = ORIENTED_EDGE ('', *, *, #1090, .T.);
#8653 = CARTESIAN_POINT ('', (-44., 57., 3.5));
#8654 = CARTESIAN_POINT ('', (-44., 57., 5.));
#8655 = B_SPLINE_CURVE_WITH_KNOTS ('', 1, (#8653, #8654), .UNSPECIFIED., .F., .U., (2, 2), (0., 1.), .UNSPECIFIED.);
#8656 = EDGE_CURVE ('', #1076, #8642, #8655, .T.);
#8657 = ORIENTED_EDGE ('', *, *, #8656, .T.);
#8658 = EDGE_LOOP ('', (#8650, #8651, #8652, #8657));
#8659 = FACE_OUTER_BOUND ('', #8658, .T.);
#8660 = CARTESIAN_POINT ('', (-45., 57., 3.5));
#8661 = CARTESIAN_POINT ('', (-45., 57., 5.));
#8662 = CARTESIAN_POINT ('', (-45., 57.5, 3.5));
#8663 = CARTESIAN_POINT ('', (-45., 57.5, 5.));
#8664 = CARTESIAN_POINT ('', (-44.5, 57.5, 3.5));
#8665 = CARTESIAN_POINT ('', (-44.5, 57.5, 5.));
#8666 = CARTESIAN_POINT ('', (-44., 57.5, 3.5));
#8667 = CARTESIAN_POINT ('', (-44., 57.5, 5.));
#8668 = CARTESIAN_POINT ('', (-44., 57., 3.5));
#8669 = CARTESIAN_POINT ('', (-44., 57., 5.));
#8670 = (
   BOUNDED_SURFACE ()
   B_SPLINE_SURFACE (2, 1, ((#8660, #8661), (#8662, #8663), (#8664, #8665), (#8666, #8667), (#8668, #8669)), .UNSPECIFIED., .F., .F., .U.)
   B_SPLINE_SURFACE_WITH_KNOTS ((3, 2, 3), (2, 2), (41., 41.25, 41.5), (0., 1.), .UNSPECIFIED.)
   GEOMETRIC_REPRESENTATION_ITEM ()
   RATIONAL_B_SPLINE_SURFACE (((1., 1.), (0.707106781186548, 0.707106781186548), (1., 1.), (0.707106781186548, 0.707106781186548), (1., 1.)))
   REPRESENTATION_ITEM ('')
   SURFACE ()
);
#8671 = ADVANCED_FACE ('', (#8659), #8670, .T.);
#8672 = CARTESIAN_POINT ('', (-44., 43., 5.));
#8673 = VERTEX_POINT ('', #8672);
#8674 = CARTESIAN_POINT ('', (-44., 57., 5.));
#8675 = CARTESIAN_POINT ('', (-44., 43., 5.));
#8676 = B_SPLINE_CURVE_WITH_KNOTS ('', 1, (#8674, #8675), .UNSPECIFIED., .F., .U., (2, 2), (41.5, 55.5), .UNSPECIFIED.);
#8677 = EDGE_CURVE ('', #8642, #8673, #8676, .T.);
#8678 = ORIENTED_EDGE ('', *, *, #8677, .F.);
#8679 = ORIENTED_EDGE ('', *, *, #8656, .F.);
#8680 = ORIENTED_EDGE ('', *, *, #1080, .T.);
#8681 = CARTESIAN_POINT ('', (-44., 43., 3.5));
#8682 = CARTESIAN_POINT ('', (-44., 43., 5.));
#8683 = B_SPLINE_CURVE_WITH_KNOTS ('', 1, (#8681, #8682), .UNSPECIFIED., .F., .U., (2, 2), (0., 1.), .UNSPECIFIED.);
#8684 = EDGE_CURVE ('', #1066, #8673, #8683, .T.);
#8685 = ORIENTED_EDGE ('', *, *, #8684, .T.);
#8686 = EDGE_LOOP ('', (#8678, #8679, #8680, #8685));
#8687 = FACE_OUTER_BOUND ('', #8686, .T.);
#8688 = CARTESIAN_POINT ('', (-44., 57., 3.5));
#8689 = CARTESIAN_POINT ('', (-44., 57., 5.));
#8690 = CARTESIAN_POINT ('', (-44., 43., 3.5));
#8691 = CARTESIAN_POINT ('', (-44., 43., 5.));
#8692 = B_SPLINE_SURFACE_WITH_KNOTS ('', 1, 1, ((#8688, #8689), (#8690, #8691)), .UNSPECIFIED., .F., .F., .U., (2, 2), (2, 2), (41.5, 55.5), (0., 1.), .UNSPECIFIED.);
#8693 = ADVANCED_FACE ('', (#8687), #8692, .T.);
#8694 = CARTESIAN_POINT ('', (-45., 43., 5.));
#8695 = VERTEX_POINT ('', #8694);
#8696 = CARTESIAN_POINT ('', (-44., 43., 5.));
#8697 = CARTESIAN_POINT ('', (-44., 42.5, 5.));
#8698 = CARTESIAN_POINT ('', (-44.5, 42.5, 5.));
#8699 = CARTESIAN_POINT ('', (-45., 42.5, 5.));
#8700 = CARTESIAN_POINT ('', (-45., 43., 5.));
#8701 = (
   BOUNDED_CURVE ()
   B_SPLINE_CURVE (2, (#8696, #8697, #8698, #8699, #8700), .UNSPECIFIED., .F., .U.)
   B_SPLINE_CURVE_WITH_KNOTS ((3, 2, 3), (55.5, 55.75, 56.), .UNSPECIFIED.)
   CURVE ()
   GEOMETRIC_REPRESENTATION_ITEM ()
   RATIONAL_B_SPLINE_CURVE ((1., 0.707106781186548, 1., 0.707106781186548, 1.))
   REPRESENTATION_ITEM ('')
);
#8702 = EDGE_CURVE ('', #8673, #8695, #8701, .T.);
#8703 = ORIENTED_EDGE ('', *, *, #8702, .F.);
#8704 = ORIENTED_EDGE ('', *, *, #8684, .F.);
#8705 = ORIENTED_EDGE ('', *, *, #1073, .T.);
#8706 = CARTESIAN_POINT ('', (-45., 43., 3.5));
#8707 = CARTESIAN_POINT ('', (-45., 43., 5.));
#8708 = B_SPLINE_CURVE_WITH_KNOTS ('', 1, (#8706, #8707), .UNSPECIFIED., .F., .U., (2, 2), (0., 1.), .UNSPECIFIED.);
#8709 = EDGE_CURVE ('', #1059, #8695, #8708, .T.);
#8710 = ORIENTED_EDGE ('', *, *, #8709, .T.);
#8711 = EDGE_LOOP ('', (#8703, #8704, #8705, #8710));
#8712 = FACE_OUTER_BOUND ('', #8711, .T.);
#8713 = CARTESIAN_POINT ('', (-44., 43., 3.5));
#8714 = CARTESIAN_POINT ('', (-44., 43., 5.));
#8715 = CARTESIAN_POINT ('', (-44., 42.5, 3.5));
#8716 = CARTESIAN_POINT ('', (-44., 42.5, 5.));
#8717 = CARTESIAN_POINT ('', (-44.5, 42.5, 3.5));
#8718 = CARTESIAN_POINT ('', (-44.5, 42.5, 5.));
#8719 = CARTESIAN_POINT ('', (-45., 42.5, 3.5));
#8720 = CARTESIAN_POINT ('', (-45., 42.5, 5.));
#8721 = CARTESIAN_POINT ('', (-45., 43., 3.5));
#8722 = CARTESIAN_POINT ('', (-45., 43., 5.));
#8723 = (
   BOUNDED_SURFACE ()
   B_SPLINE_SURFACE (2, 1, ((#8713, #8714), (#8715, #8716), (#8717, #8718), (#8719, #8720), (#8721, #8722)), .UNSPECIFIED., .F., .F., .U.)
   B_SPLINE_SURFACE_WITH_KNOTS ((3, 2, 3), (2, 2), (55.5, 55.75, 56.), (0., 1.), .UNSPECIFIED.)
   GEOMETRIC_REPRESENTATION_ITEM ()
   RATIONAL_B_SPLINE_SURFACE (((1., 1.), (0.707106781186548, 0.707106781186548), (1., 1.), (0.707106781186548, 0.707106781186548), (1., 1.)))
   REPRESENTATION_ITEM ('')
   SURFACE ()
);
#8724 = ADVANCED_FACE ('', (#8712), #8723, .T.);
#8725 = CARTESIAN_POINT ('', (-57., 43., 5.));
#8726 = VERTEX_POINT ('', #8725);
#8727 = CARTESIAN_POINT ('', (-45., 43., 5.));
#8728 = CARTESIAN_POINT ('', (-57., 43., 5.));
#8729 = B_SPLINE_CURVE_WITH_KNOTS ('', 1, (#8727, #8728), .UNSPECIFIED., .F., .U., (2, 2), (56., 68.), .UNSPECIFIED.);
#8730 = EDGE_CURVE ('', #8695, #8726, #8729, .T.);
#8731 = ORIENTED_EDGE ('', *, *, #8730, .F.);
#8732 = ORIENTED_EDGE ('', *, *, #8709, .F.);
#8733 = ORIENTED_EDGE ('', *, *, #1063, .T.);
#8734 = CARTESIAN_POINT ('', (-57., 43., 3.5));
#8735 = CARTESIAN_POINT ('', (-57., 43., 5.));
#8736 = B_SPLINE_CURVE_WITH_KNOTS ('', 1, (#8734, #8735), .UNSPECIFIED., .F., .U., (2, 2), (0., 1.), .UNSPECIFIED.);
#8737 = EDGE_CURVE ('', #1047, #8726, #8736, .T.);
#8738 = ORIENTED_EDGE ('', *, *, #8737, .T.);
#8739 = EDGE_LOOP ('', (#8731, #8732, #8733, #8738));
#8740 = FACE_OUTER_BOUND ('', #8739, .T.);
#8741 = CARTESIAN_POINT ('', (-45., 43., 3.5));
#8742 = CARTESIAN_POINT ('', (-45., 43., 5.));
#8743 = CARTESIAN_POINT ('', (-57., 43., 3.5));
#8744 = CARTESIAN_POINT ('', (-57., 43., 5.));
#8745 = B_SPLINE_SURFACE_WITH_KNOTS ('', 1, 1, ((#8741, #8742), (#8743, #8744)), .UNSPECIFIED., .F., .F., .U., (2, 2), (2, 2), (56., 68.), (0., 1.), .UNSPECIFIED.);
#8746 = ADVANCED_FACE ('', (#8740), #8745, .T.);
#8747 = CARTESIAN_POINT ('', (-58., 43., 5.));
#8748 = VERTEX_POINT ('', #8747);
#8749 = CARTESIAN_POINT ('', (-57., 43., 5.));
#8750 = CARTESIAN_POINT ('', (-57., 42.5, 5.));
#8751 = CARTESIAN_POINT ('', (-57.5, 42.5, 5.));
#8752 = CARTESIAN_POINT ('', (-58., 42.5, 5.));
#8753 = CARTESIAN_POINT ('', (-58., 43., 5.));
#8754 = (
   BOUNDED_CURVE ()
   B_SPLINE_CURVE (2, (#8749, #8750, #8751, #8752, #8753), .UNSPECIFIED., .F., .U.)
   B_SPLINE_CURVE_WITH_KNOTS ((3, 2, 3), (68., 68.25, 68.5), .UNSPECIFIED.)
   CURVE ()
   GEOMETRIC_REPRESENTATION_ITEM ()
   RATIONAL_B_SPLINE_CURVE ((1., 0.707106781186548, 1., 0.707106781186548, 1.))
   REPRESENTATION_ITEM ('')
);
#8755 = EDGE_CURVE ('', #8726, #8748, #8754, .T.);
#8756 = ORIENTED_EDGE ('', *, *, #8755, .F.);
#8757 = ORIENTED_EDGE ('', *, *, #8737, .F.);
#8758 = ORIENTED_EDGE ('', *, *, #1056, .T.);
#8759 = CARTESIAN_POINT ('', (-58., 43., 3.5));
#8760 = CARTESIAN_POINT ('', (-58., 43., 5.));
#8761 = B_SPLINE_CURVE_WITH_KNOTS ('', 1, (#8759, #8760), .UNSPECIFIED., .F., .U., (2, 2), (0., 1.), .UNSPECIFIED.);
#8762 = EDGE_CURVE ('', #1049, #8748, #8761, .T.);
#8763 = ORIENTED_EDGE ('', *, *, #8762, .T.);
#8764 = EDGE_LOOP ('', (#8756, #8757, #8758, #8763));
#8765 = FACE_OUTER_BOUND ('', #8764, .T.);
#8766 = CARTESIAN_POINT ('', (-57., 43., 3.5));
#8767 = CARTESIAN_POINT ('', (-57., 43., 5.));
#8768 = CARTESIAN_POINT ('', (-57., 42.5, 3.5));
#8769 = CARTESIAN_POINT ('', (-57., 42.5, 5.));
#8770 = CARTESIAN_POINT ('', (-57.5, 42.5, 3.5));
#8771 = CARTESIAN_POINT ('', (-57.5, 42.5, 5.));
#8772 = CARTESIAN_POINT ('', (-58., 42.5, 3.5));
#8773 = CARTESIAN_POINT ('', (-58., 42.5, 5.));
#8774 = CARTESIAN_POINT ('', (-58., 43., 3.5));
#8775 = CARTESIAN_POINT ('', (-58., 43., 5.));
#8776 = (
   BOUNDED_SURFACE ()
   B_SPLINE_SURFACE (2, 1, ((#8766, #8767), (#8768, #8769), (#8770, #8771), (#8772, #8773), (#8774, #8775)), .UNSPECIFIED., .F., .F., .U.)
   B_SPLINE_SURFACE_WITH_KNOTS ((3, 2, 3), (2, 2), (68., 68.25, 68.5), (0., 1.), .UNSPECIFIED.)
   GEOMETRIC_REPRESENTATION_ITEM ()
   RATIONAL_B_SPLINE_SURFACE (((1., 1.), (0.707106781186548, 0.707106781186548), (1., 1.), (0.707106781186548, 0.707106781186548), (1., 1.)))
   REPRESENTATION_ITEM ('')
   SURFACE ()
);
#8777 = ADVANCED_FACE ('', (#8765), #8776, .T.);
#8778 = CARTESIAN_POINT ('', (-58., 43., 5.));
#8779 = CARTESIAN_POINT ('', (-58., 57., 5.));
#8780 = B_SPLINE_CURVE_WITH_KNOTS ('', 1, (#8778, #8779), .UNSPECIFIED., .F., .U., (2, 2), (68.5, 82.5), .UNSPECIFIED.);
#8781 = EDGE_CURVE ('', #8748, #8583, #8780, .T.);
#8782 = ORIENTED_EDGE ('', *, *, #8781, .F.);
#8783 = ORIENTED_EDGE ('', *, *, #8762, .F.);
#8784 = ORIENTED_EDGE ('', *, *, #1112, .T.);
#8785 = ORIENTED_EDGE ('', *, *, #8597, .T.);
#8786 = EDGE_LOOP ('', (#8782, #8783, #8784, #8785));
#8787 = FACE_OUTER_BOUND ('', #8786, .T.);
#8788 = CARTESIAN_POINT ('', (-58., 43., 3.5));
#8789 = CARTESIAN_POINT ('', (-58., 43., 5.));
#8790 = CARTESIAN_POINT ('', (-58., 57., 3.5));
#8791 = CARTESIAN_POINT ('', (-58., 57., 5.));
#8792 = B_SPLINE_SURFACE_WITH_KNOTS ('', 1, 1, ((#8788, #8789), (#8790, #8791)), .UNSPECIFIED., .F., .F., .U., (2, 2), (2, 2), (68.5, 82.5), (0., 1.), .UNSPECIFIED.);
#8793 = ADVANCED_FACE ('', (#8787), #8792, .T.);
#8794 = CARTESIAN_POINT ('', (-48.5, 76., 5.));
#8795 = VERTEX_POINT ('', #8794);
#8796 = CARTESIAN_POINT ('', (-47.5, 76., 5.));
#8797 = VERTEX_POINT ('', #8796);
#8798 = CARTESIAN_POINT ('', (-48.5, 76., 5.));
#8799 = CARTESIAN_POINT ('', (-48.5, 76.5, 5.));
#8800 = CARTESIAN_POINT ('', (-48., 76.5, 5.));
#8801 = CARTESIAN_POINT ('', (-47.5, 76.5, 5.));
#8802 = CARTESIAN_POINT ('', (-47.5, 76., 5.));
#8803 = (
   BOUNDED_CURVE ()
   B_SPLINE_CURVE (2, (#8798, #8799, #8800, #8801, #8802), .UNSPECIFIED., .F., .U.)
   B_SPLINE_CURVE_WITH_KNOTS ((3, 2, 3), (82.5, 82.75, 83.), .UNSPECIFIED.)
   CURVE ()
   GEOMETRIC_REPRESENTATION_ITEM ()
   RATIONAL_B_SPLINE_CURVE ((1., 0.707106781186548, 1., 0.707106781186548, 1.))
   REPRESENTATION_ITEM ('')
);
#8804 = EDGE_CURVE ('', #8795, #8797, #8803, .T.);
#8805 = ORIENTED_EDGE ('', *, *, #8804, .F.);
#8806 = CARTESIAN_POINT ('', (-48.5, 76., 3.5));
#8807 = CARTESIAN_POINT ('', (-48.5, 76., 5.));
#8808 = B_SPLINE_CURVE_WITH_KNOTS ('', 1, (#8806, #8807), .UNSPECIFIED., .F., .U., (2, 2), (0., 1.), .UNSPECIFIED.);
#8809 = EDGE_CURVE ('', #1030, #8795, #8808, .T.);
#8810 = ORIENTED_EDGE ('', *, *, #8809, .F.);
#8811 = ORIENTED_EDGE ('', *, *, #1037, .T.);
#8812 = CARTESIAN_POINT ('', (-47.5, 76., 3.5));
#8813 = CARTESIAN_POINT ('', (-47.5, 76., 5.));
#8814 = B_SPLINE_CURVE_WITH_KNOTS ('', 1, (#8812, #8813), .UNSPECIFIED., .F., .U., (2, 2), (0., 1.), .UNSPECIFIED.);
#8815 = EDGE_CURVE ('', #1023, #8797, #8814, .T.);
#8816 = ORIENTED_EDGE ('', *, *, #8815, .T.);
#8817 = EDGE_LOOP ('', (#8805, #8810, #8811, #8816));
#8818 = FACE_OUTER_BOUND ('', #8817, .T.);
#8819 = CARTESIAN_POINT ('', (-48.5, 76., 3.5));
#8820 = CARTESIAN_POINT ('', (-48.5, 76., 5.));
#8821 = CARTESIAN_POINT ('', (-48.5, 76.5, 3.5));
#8822 = CARTESIAN_POINT ('', (-48.5, 76.5, 5.));
#8823 = CARTESIAN_POINT ('', (-48., 76.5, 3.5));
#8824 = CARTESIAN_POINT ('', (-48., 76.5, 5.));
#8825 = CARTESIAN_POINT ('', (-47.5, 76.5, 3.5));
#8826 = CARTESIAN_POINT ('', (-47.5, 76.5, 5.));
#8827 = CARTESIAN_POINT ('', (-47.5, 76., 3.5));
#8828 = CARTESIAN_POINT ('', (-47.5, 76., 5.));
#8829 = (
   BOUNDED_SURFACE ()
   B_SPLINE_SURFACE (2, 1, ((#8819, #8820), (#8821, #8822), (#8823, #8824), (#8825, #8826), (#8827, #8828)), .UNSPECIFIED., .F., .F., .U.)
   B_SPLINE_SURFACE_WITH_KNOTS ((3, 2, 3), (2, 2), (82.5, 82.75, 83.), (0., 1.), .UNSPECIFIED.)
   GEOMETRIC_REPRESENTATION_ITEM ()
   RATIONAL_B_SPLINE_SURFACE (((1., 1.), (0.707106781186548, 0.707106781186548), (1., 1.), (0.707106781186548, 0.707106781186548), (1., 1.)))
   REPRESENTATION_ITEM ('')
   SURFACE ()
);
#8830 = ADVANCED_FACE ('', (#8818), #8829, .T.);
#8831 = CARTESIAN_POINT ('', (-35.5, 76., 5.));
#8832 = VERTEX_POINT ('', #8831);
#8833 = CARTESIAN_POINT ('', (-47.5, 76., 5.));
#8834 = CARTESIAN_POINT ('', (-35.5, 76., 5.));
#8835 = B_SPLINE_CURVE_WITH_KNOTS ('', 1, (#8833, #8834), .UNSPECIFIED., .F., .U., (2, 2), (29., 41.), .UNSPECIFIED.);
#8836 = EDGE_CURVE ('', #8797, #8832, #8835, .T.);
#8837 = ORIENTED_EDGE ('', *, *, #8836, .F.);
#8838 = ORIENTED_EDGE ('', *, *, #8815, .F.);
#8839 = ORIENTED_EDGE ('', *, *, #1027, .T.);
#8840 = CARTESIAN_POINT ('', (-35.5, 76., 3.5));
#8841 = CARTESIAN_POINT ('', (-35.5, 76., 5.));
#8842 = B_SPLINE_CURVE_WITH_KNOTS ('', 1, (#8840, #8841), .UNSPECIFIED., .F., .U., (2, 2), (0., 1.), .UNSPECIFIED.);
#8843 = EDGE_CURVE ('', #1013, #8832, #8842, .T.);
#8844 = ORIENTED_EDGE ('', *, *, #8843, .T.);
#8845 = EDGE_LOOP ('', (#8837, #8838, #8839, #8844));
#8846 = FACE_OUTER_BOUND ('', #8845, .T.);
#8847 = CARTESIAN_POINT ('', (-47.5, 76., 3.5));
#8848 = CARTESIAN_POINT ('', (-47.5, 76., 5.));
#8849 = CARTESIAN_POINT ('', (-35.5, 76., 3.5));
#8850 = CARTESIAN_POINT ('', (-35.5, 76., 5.));
#8851 = B_SPLINE_SURFACE_WITH_KNOTS ('', 1, 1, ((#8847, #8848), (#8849, #8850)), .UNSPECIFIED., .F., .F., .U., (2, 2), (2, 2), (29., 41.), (0., 1.), .UNSPECIFIED.);
#8852 = ADVANCED_FACE ('', (#8846), #8851, .T.);
#8853 = CARTESIAN_POINT ('', (-34.5, 76., 5.));
#8854 = VERTEX_POINT ('', #8853);
#8855 = CARTESIAN_POINT ('', (-35.5, 76., 5.));
#8856 = CARTESIAN_POINT ('', (-35.5, 76.5, 5.));
#8857 = CARTESIAN_POINT ('', (-35., 76.5, 5.));
#8858 = CARTESIAN_POINT ('', (-34.5, 76.5, 5.));
#8859 = CARTESIAN_POINT ('', (-34.5, 76., 5.));
#8860 = (
   BOUNDED_CURVE ()
   B_SPLINE_CURVE (2, (#8855, #8856, #8857, #8858, #8859), .UNSPECIFIED., .F., .U.)
   B_SPLINE_CURVE_WITH_KNOTS ((3, 2, 3), (41., 41.25, 41.5), .UNSPECIFIED.)
   CURVE ()
   GEOMETRIC_REPRESENTATION_ITEM ()
   RATIONAL_B_SPLINE_CURVE ((1., 0.707106781186548, 1., 0.707106781186548, 1.))
   REPRESENTATION_ITEM ('')
);
#8861 = EDGE_CURVE ('', #8832, #8854, #8860, .T.);
#8862 = ORIENTED_EDGE ('', *, *, #8861, .F.);
#8863 = ORIENTED_EDGE ('', *, *, #8843, .F.);
#8864 = ORIENTED_EDGE ('', *, *, #1020, .T.);
#8865 = CARTESIAN_POINT ('', (-34.5, 76., 3.5));
#8866 = CARTESIAN_POINT ('', (-34.5, 76., 5.));
#8867 = B_SPLINE_CURVE_WITH_KNOTS ('', 1, (#8865, #8866), .UNSPECIFIED., .F., .U., (2, 2), (0., 1.), .UNSPECIFIED.);
#8868 = EDGE_CURVE ('', #1006, #8854, #8867, .T.);
#8869 = ORIENTED_EDGE ('', *, *, #8868, .T.);
#8870 = EDGE_LOOP ('', (#8862, #8863, #8864, #8869));
#8871 = FACE_OUTER_BOUND ('', #8870, .T.);
#8872 = CARTESIAN_POINT ('', (-35.5, 76., 3.5));
#8873 = CARTESIAN_POINT ('', (-35.5, 76., 5.));
#8874 = CARTESIAN_POINT ('', (-35.5, 76.5, 3.5));
#8875 = CARTESIAN_POINT ('', (-35.5, 76.5, 5.));
#8876 = CARTESIAN_POINT ('', (-35., 76.5, 3.5));
#8877 = CARTESIAN_POINT ('', (-35., 76.5, 5.));
#8878 = CARTESIAN_POINT ('', (-34.5, 76.5, 3.5));
#8879 = CARTESIAN_POINT ('', (-34.5, 76.5, 5.));
#8880 = CARTESIAN_POINT ('', (-34.5, 76., 3.5));
#8881 = CARTESIAN_POINT ('', (-34.5, 76., 5.));
#8882 = (
   BOUNDED_SURFACE ()
   B_SPLINE_SURFACE (2, 1, ((#8872, #8873), (#8874, #8875), (#8876, #8877), (#8878, #8879), (#8880, #8881)), .UNSPECIFIED., .F., .F., .U.)
   B_SPLINE_SURFACE_WITH_KNOTS ((3, 2, 3), (2, 2), (41., 41.25, 41.5), (0., 1.), .UNSPECIFIED.)
   GEOMETRIC_REPRESENTATION_ITEM ()
   RATIONAL_B_SPLINE_SURFACE (((1., 1.), (0.707106781186548, 0.707106781186548), (1., 1.), (0.707106781186548, 0.707106781186548), (1., 1.)))
   REPRESENTATION_ITEM ('')
   SURFACE ()
);
#8883 = ADVANCED_FACE ('', (#8871), #8882, .T.);
#8884 = CARTESIAN_POINT ('', (-34.5, 62., 5.));
#8885 = VERTEX_POINT ('', #8884);
#8886 = CARTESIAN_POINT ('', (-34.5, 76., 5.));
#8887 = CARTESIAN_POINT ('', (-34.5, 62., 5.));
#8888 = B_SPLINE_CURVE_WITH_KNOTS ('', 1, (#8886, #8887), .UNSPECIFIED., .F., .U., (2, 2), (41.5, 55.5), .UNSPECIFIED.);
#8889 = EDGE_CURVE ('', #8854, #8885, #8888, .T.);
#8890 = ORIENTED_EDGE ('', *, *, #8889, .F.);
#8891 = ORIENTED_EDGE ('', *, *, #8868, .F.);
#8892 = ORIENTED_EDGE ('', *, *, #1010, .T.);
#8893 = CARTESIAN_POINT ('', (-34.5, 62., 3.5));
#8894 = CARTESIAN_POINT ('', (-34.5, 62., 5.));
#8895 = B_SPLINE_CURVE_WITH_KNOTS ('', 1, (#8893, #8894), .UNSPECIFIED., .F., .U., (2, 2), (0., 1.), .UNSPECIFIED.);
#8896 = EDGE_CURVE ('', #996, #8885, #8895, .T.);
#8897 = ORIENTED_EDGE ('', *, *, #8896, .T.);
#8898 = EDGE_LOOP ('', (#8890, #8891, #8892, #8897));
#8899 = FACE_OUTER_BOUND ('', #8898, .T.);
#8900 = CARTESIAN_POINT ('', (-34.5, 76., 3.5));
#8901 = CARTESIAN_POINT ('', (-34.5, 76., 5.));
#8902 = CARTESIAN_POINT ('', (-34.5, 62., 3.5));
#8903 = CARTESIAN_POINT ('', (-34.5, 62., 5.));
#8904 = B_SPLINE_SURFACE_WITH_KNOTS ('', 1, 1, ((#8900, #8901), (#8902, #8903)), .UNSPECIFIED., .F., .F., .U., (2, 2), (2, 2), (41.5, 55.5), (0., 1.), .UNSPECIFIED.);
#8905 = ADVANCED_FACE ('', (#8899), #8904, .T.);
#8906 = CARTESIAN_POINT ('', (-35.5, 62., 5.));
#8907 = VERTEX_POINT ('', #8906);
#8908 = CARTESIAN_POINT ('', (-34.5, 62., 5.));
#8909 = CARTESIAN_POINT ('', (-34.5, 61.5, 5.));
#8910 = CARTESIAN_POINT ('', (-35., 61.5, 5.));
#8911 = CARTESIAN_POINT ('', (-35.5, 61.5, 5.));
#8912 = CARTESIAN_POINT ('', (-35.5, 62., 5.));
#8913 = (
   BOUNDED_CURVE ()
   B_SPLINE_CURVE (2, (#8908, #8909, #8910, #8911, #8912), .UNSPECIFIED., .F., .U.)
   B_SPLINE_CURVE_WITH_KNOTS ((3, 2, 3), (55.5, 55.75, 56.), .UNSPECIFIED.)
   CURVE ()
   GEOMETRIC_REPRESENTATION_ITEM ()
   RATIONAL_B_SPLINE_CURVE ((1., 0.707106781186548, 1., 0.707106781186548, 1.))
   REPRESENTATION_ITEM ('')
);
#8914 = EDGE_CURVE ('', #8885, #8907, #8913, .T.);
#8915 = ORIENTED_EDGE ('', *, *, #8914, .F.);
#8916 = ORIENTED_EDGE ('', *, *, #8896, .F.);
#8917 = ORIENTED_EDGE ('', *, *, #1003, .T.);
#8918 = CARTESIAN_POINT ('', (-35.5, 62., 3.5));
#8919 = CARTESIAN_POINT ('', (-35.5, 62., 5.));
#8920 = B_SPLINE_CURVE_WITH_KNOTS ('', 1, (#8918, #8919), .UNSPECIFIED., .F., .U., (2, 2), (0., 1.), .UNSPECIFIED.);
#8921 = EDGE_CURVE ('', #989, #8907, #8920, .T.);
#8922 = ORIENTED_EDGE ('', *, *, #8921, .T.);
#8923 = EDGE_LOOP ('', (#8915, #8916, #8917, #8922));
#8924 = FACE_OUTER_BOUND ('', #8923, .T.);
#8925 = CARTESIAN_POINT ('', (-34.5, 62., 3.5));
#8926 = CARTESIAN_POINT ('', (-34.5, 62., 5.));
#8927 = CARTESIAN_POINT ('', (-34.5, 61.5, 3.5));
#8928 = CARTESIAN_POINT ('', (-34.5, 61.5, 5.));
#8929 = CARTESIAN_POINT ('', (-35., 61.5, 3.5));
#8930 = CARTESIAN_POINT ('', (-35., 61.5, 5.));
#8931 = CARTESIAN_POINT ('', (-35.5, 61.5, 3.5));
#8932 = CARTESIAN_POINT ('', (-35.5, 61.5, 5.));
#8933 = CARTESIAN_POINT ('', (-35.5, 62., 3.5));
#8934 = CARTESIAN_POINT ('', (-35.5, 62., 5.));
#8935 = (
   BOUNDED_SURFACE ()
   B_SPLINE_SURFACE (2, 1, ((#8925, #8926), (#8927, #8928), (#8929, #8930), (#8931, #8932), (#8933, #8934)), .UNSPECIFIED., .F., .F., .U.)
   B_SPLINE_SURFACE_WITH_KNOTS ((3, 2, 3), (2, 2), (55.5, 55.75, 56.), (0., 1.), .UNSPECIFIED.)
   GEOMETRIC_REPRESENTATION_ITEM ()
   RATIONAL_B_SPLINE_SURFACE (((1., 1.), (0.707106781186548, 0.707106781186548), (1., 1.), (0.707106781186548, 0.707106781186548), (1., 1.)))
   REPRESENTATION_ITEM ('')
   SURFACE ()
);
#8936 = ADVANCED_FACE ('', (#8924), #8935, .T.);
#8937 = CARTESIAN_POINT ('', (-47.5, 62., 5.));
#8938 = VERTEX_POINT ('', #8937);
#8939 = CARTESIAN_POINT ('', (-35.5, 62., 5.));
#8940 = CARTESIAN_POINT ('', (-47.5, 62., 5.));
#8941 = B_SPLINE_CURVE_WITH_KNOTS ('', 1, (#8939, #8940), .UNSPECIFIED., .F., .U., (2, 2), (56., 68.), .UNSPECIFIED.);
#8942 = EDGE_CURVE ('', #8907, #8938, #8941, .T.);
#8943 = ORIENTED_EDGE ('', *, *, #8942, .F.);
#8944 = ORIENTED_EDGE ('', *, *, #8921, .F.);
#8945 = ORIENTED_EDGE ('', *, *, #993, .T.);
#8946 = CARTESIAN_POINT ('', (-47.5, 62., 3.5));
#8947 = CARTESIAN_POINT ('', (-47.5, 62., 5.));
#8948 = B_SPLINE_CURVE_WITH_KNOTS ('', 1, (#8946, #8947), .UNSPECIFIED., .F., .U., (2, 2), (0., 1.), .UNSPECIFIED.);
#8949 = EDGE_CURVE ('', #977, #8938, #8948, .T.);
#8950 = ORIENTED_EDGE ('', *, *, #8949, .T.);
#8951 = EDGE_LOOP ('', (#8943, #8944, #8945, #8950));
#8952 = FACE_OUTER_BOUND ('', #8951, .T.);
#8953 = CARTESIAN_POINT ('', (-35.5, 62., 3.5));
#8954 = CARTESIAN_POINT ('', (-35.5, 62., 5.));
#8955 = CARTESIAN_POINT ('', (-47.5, 62., 3.5));
#8956 = CARTESIAN_POINT ('', (-47.5, 62., 5.));
#8957 = B_SPLINE_SURFACE_WITH_KNOTS ('', 1, 1, ((#8953, #8954), (#8955, #8956)), .UNSPECIFIED., .F., .F., .U., (2, 2), (2, 2), (56., 68.), (0., 1.), .UNSPECIFIED.);
#8958 = ADVANCED_FACE ('', (#8952), #8957, .T.);
#8959 = CARTESIAN_POINT ('', (-48.5, 62., 5.));
#8960 = VERTEX_POINT ('', #8959);
#8961 = CARTESIAN_POINT ('', (-47.5, 62., 5.));
#8962 = CARTESIAN_POINT ('', (-47.5, 61.5, 5.));
#8963 = CARTESIAN_POINT ('', (-48., 61.5, 5.));
#8964 = CARTESIAN_POINT ('', (-48.5, 61.5, 5.));
#8965 = CARTESIAN_POINT ('', (-48.5, 62., 5.));
#8966 = (
   BOUNDED_CURVE ()
   B_SPLINE_CURVE (2, (#8961, #8962, #8963, #8964, #8965), .UNSPECIFIED., .F., .U.)
   B_SPLINE_CURVE_WITH_KNOTS ((3, 2, 3), (68., 68.25, 68.5), .UNSPECIFIED.)
   CURVE ()
   GEOMETRIC_REPRESENTATION_ITEM ()
   RATIONAL_B_SPLINE_CURVE ((1., 0.707106781186548, 1., 0.707106781186548, 1.))
   REPRESENTATION_ITEM ('')
);
#8967 = EDGE_CURVE ('', #8938, #8960, #8966, .T.);
#8968 = ORIENTED_EDGE ('', *, *, #8967, .F.);
#8969 = ORIENTED_EDGE ('', *, *, #8949, .F.);
#8970 = ORIENTED_EDGE ('', *, *, #986, .T.);
#8971 = CARTESIAN_POINT ('', (-48.5, 62., 3.5));
#8972 = CARTESIAN_POINT ('', (-48.5, 62., 5.));
#8973 = B_SPLINE_CURVE_WITH_KNOTS ('', 1, (#8971, #8972), .UNSPECIFIED., .F., .U., (2, 2), (0., 1.), .UNSPECIFIED.);
#8974 = EDGE_CURVE ('', #979, #8960, #8973, .T.);
#8975 = ORIENTED_EDGE ('', *, *, #8974, .T.);
#8976 = EDGE_LOOP ('', (#8968, #8969, #8970, #8975));
#8977 = FACE_OUTER_BOUND ('', #8976, .T.);
#8978 = CARTESIAN_POINT ('', (-47.5, 62., 3.5));
#8979 = CARTESIAN_POINT ('', (-47.5, 62., 5.));
#8980 = CARTESIAN_POINT ('', (-47.5, 61.5, 3.5));
#8981 = CARTESIAN_POINT ('', (-47.5, 61.5, 5.));
#8982 = CARTESIAN_POINT ('', (-48., 61.5, 3.5));
#8983 = CARTESIAN_POINT ('', (-48., 61.5, 5.));
#8984 = CARTESIAN_POINT ('', (-48.5, 61.5, 3.5));
#8985 = CARTESIAN_POINT ('', (-48.5, 61.5, 5.));
#8986 = CARTESIAN_POINT ('', (-48.5, 62., 3.5));
#8987 = CARTESIAN_POINT ('', (-48.5, 62., 5.));
#8988 = (
   BOUNDED_SURFACE ()
   B_SPLINE_SURFACE (2, 1, ((#8978, #8979), (#8980, #8981), (#8982, #8983), (#8984, #8985), (#8986, #8987)), .UNSPECIFIED., .F., .F., .U.)
   B_SPLINE_SURFACE_WITH_KNOTS ((3, 2, 3), (2, 2), (68., 68.25, 68.5), (0., 1.), .UNSPECIFIED.)
   GEOMETRIC_REPRESENTATION_ITEM ()
   RATIONAL_B_SPLINE_SURFACE (((1., 1.), (0.707106781186548, 0.707106781186548), (1., 1.), (0.707106781186548, 0.707106781186548), (1., 1.)))
   REPRESENTATION_ITEM ('')
   SURFACE ()
);
#8989 = ADVANCED_FACE ('', (#8977), #8988, .T.);
#8990 = CARTESIAN_POINT ('', (-48.5, 62., 5.));
#8991 = CARTESIAN_POINT ('', (-48.5, 76., 5.));
#8992 = B_SPLINE_CURVE_WITH_KNOTS ('', 1, (#8990, #8991), .UNSPECIFIED., .F., .U., (2, 2), (68.5, 82.5), .UNSPECIFIED.);
#8993 = EDGE_CURVE ('', #8960, #8795, #8992, .T.);
#8994 = ORIENTED_EDGE ('', *, *, #8993, .F.);
#8995 = ORIENTED_EDGE ('', *, *, #8974, .F.);
#8996 = ORIENTED_EDGE ('', *, *, #1042, .T.);
#8997 = ORIENTED_EDGE ('', *, *, #8809, .T.);
#8998 = EDGE_LOOP ('', (#8994, #8995, #8996, #8997));
#8999 = FACE_OUTER_BOUND ('', #8998, .T.);
#9000 = CARTESIAN_POINT ('', (-48.5, 62., 3.5));
#9001 = CARTESIAN_POINT ('', (-48.5, 62., 5.));
#9002 = CARTESIAN_POINT ('', (-48.5, 76., 3.5));
#9003 = CARTESIAN_POINT ('', (-48.5, 76., 5.));
#9004 = B_SPLINE_SURFACE_WITH_KNOTS ('', 1, 1, ((#9000, #9001), (#9002, #9003)), .UNSPECIFIED., .F., .F., .U., (2, 2), (2, 2), (68.5, 82.5), (0., 1.), .UNSPECIFIED.);
#9005 = ADVANCED_FACE ('', (#8999), #9004, .T.);
#9006 = CARTESIAN_POINT ('', (-39., 57., 5.));
#9007 = VERTEX_POINT ('', #9006);
#9008 = CARTESIAN_POINT ('', (-38., 57., 5.));
#9009 = VERTEX_POINT ('', #9008);
#9010 = CARTESIAN_POINT ('', (-39., 57., 5.));
#9011 = CARTESIAN_POINT ('', (-39., 57.5, 5.));
#9012 = CARTESIAN_POINT ('', (-38.5, 57.5, 5.));
#9013 = CARTESIAN_POINT ('', (-38., 57.5, 5.));
#9014 = CARTESIAN_POINT ('', (-38., 57., 5.));
#9015 = (
   BOUNDED_CURVE ()
   B_SPLINE_CURVE (2, (#9010, #9011, #9012, #9013, #9014), .UNSPECIFIED., .F., .U.)
   B_SPLINE_CURVE_WITH_KNOTS ((3, 2, 3), (82.5, 82.75, 83.), .UNSPECIFIED.)
   CURVE ()
   GEOMETRIC_REPRESENTATION_ITEM ()
   RATIONAL_B_SPLINE_CURVE ((1., 0.707106781186548, 1., 0.707106781186548, 1.))
   REPRESENTATION_ITEM ('')
);
#9016 = EDGE_CURVE ('', #9007, #9009, #9015, .T.);
#9017 = ORIENTED_EDGE ('', *, *, #9016, .F.);
#9018 = CARTESIAN_POINT ('', (-39., 57., 3.5));
#9019 = CARTESIAN_POINT ('', (-39., 57., 5.));
#9020 = B_SPLINE_CURVE_WITH_KNOTS ('', 1, (#9018, #9019), .UNSPECIFIED., .F., .U., (2, 2), (0., 1.), .UNSPECIFIED.);
#9021 = EDGE_CURVE ('', #960, #9007, #9020, .T.);
#9022 = ORIENTED_EDGE ('', *, *, #9021, .F.);
#9023 = ORIENTED_EDGE ('', *, *, #967, .T.);
#9024 = CARTESIAN_POINT ('', (-38., 57., 3.5));
#9025 = CARTESIAN_POINT ('', (-38., 57., 5.));
#9026 = B_SPLINE_CURVE_WITH_KNOTS ('', 1, (#9024, #9025), .UNSPECIFIED., .F., .U., (2, 2), (0., 1.), .UNSPECIFIED.);
#9027 = EDGE_CURVE ('', #953, #9009, #9026, .T.);
#9028 = ORIENTED_EDGE ('', *, *, #9027, .T.);
#9029 = EDGE_LOOP ('', (#9017, #9022, #9023, #9028));
#9030 = FACE_OUTER_BOUND ('', #9029, .T.);
#9031 = CARTESIAN_POINT ('', (-39., 57., 3.5));
#9032 = CARTESIAN_POINT ('', (-39., 57., 5.));
#9033 = CARTESIAN_POINT ('', (-39., 57.5, 3.5));
#9034 = CARTESIAN_POINT ('', (-39., 57.5, 5.));
#9035 = CARTESIAN_POINT ('', (-38.5, 57.5, 3.5));
#9036 = CARTESIAN_POINT ('', (-38.5, 57.5, 5.));
#9037 = CARTESIAN_POINT ('', (-38., 57.5, 3.5));
#9038 = CARTESIAN_POINT ('', (-38., 57.5, 5.));
#9039 = CARTESIAN_POINT ('', (-38., 57., 3.5));
#9040 = CARTESIAN_POINT ('', (-38., 57., 5.));
#9041 = (
   BOUNDED_SURFACE ()
   B_SPLINE_SURFACE (2, 1, ((#9031, #9032), (#9033, #9034), (#9035, #9036), (#9037, #9038), (#9039, #9040)), .UNSPECIFIED., .F., .F., .U.)
   B_SPLINE_SURFACE_WITH_KNOTS ((3, 2, 3), (2, 2), (82.5, 82.75, 83.), (0., 1.), .UNSPECIFIED.)
   GEOMETRIC_REPRESENTATION_ITEM ()
   RATIONAL_B_SPLINE_SURFACE (((1., 1.), (0.707106781186548, 0.707106781186548), (1., 1.), (0.707106781186548, 0.707106781186548), (1., 1.)))
   REPRESENTATION_ITEM ('')
   SURFACE ()
);
#9042 = ADVANCED_FACE ('', (#9030), #9041, .T.);
#9043 = CARTESIAN_POINT ('', (-26., 57., 5.));
#9044 = VERTEX_POINT ('', #9043);
#9045 = CARTESIAN_POINT ('', (-38., 57., 5.));
#9046 = CARTESIAN_POINT ('', (-26., 57., 5.));
#9047 = B_SPLINE_CURVE_WITH_KNOTS ('', 1, (#9045, #9046), .UNSPECIFIED., .F., .U., (2, 2), (29., 41.), .UNSPECIFIED.);
#9048 = EDGE_CURVE ('', #9009, #9044, #9047, .T.);
#9049 = ORIENTED_EDGE ('', *, *, #9048, .F.);
#9050 = ORIENTED_EDGE ('', *, *, #9027, .F.);
#9051 = ORIENTED_EDGE ('', *, *, #957, .T.);
#9052 = CARTESIAN_POINT ('', (-26., 57., 3.5));
#9053 = CARTESIAN_POINT ('', (-26., 57., 5.));
#9054 = B_SPLINE_CURVE_WITH_KNOTS ('', 1, (#9052, #9053), .UNSPECIFIED., .F., .U., (2, 2), (0., 1.), .UNSPECIFIED.);
#9055 = EDGE_CURVE ('', #943, #9044, #9054, .T.);
#9056 = ORIENTED_EDGE ('', *, *, #9055, .T.);
#9057 = EDGE_LOOP ('', (#9049, #9050, #9051, #9056));
#9058 = FACE_OUTER_BOUND ('', #9057, .T.);
#9059 = CARTESIAN_POINT ('', (-38., 57., 3.5));
#9060 = CARTESIAN_POINT ('', (-38., 57., 5.));
#9061 = CARTESIAN_POINT ('', (-26., 57., 3.5));
#9062 = CARTESIAN_POINT ('', (-26., 57., 5.));
#9063 = B_SPLINE_SURFACE_WITH_KNOTS ('', 1, 1, ((#9059, #9060), (#9061, #9062)), .UNSPECIFIED., .F., .F., .U., (2, 2), (2, 2), (29., 41.), (0., 1.), .UNSPECIFIED.);
#9064 = ADVANCED_FACE ('', (#9058), #9063, .T.);
#9065 = CARTESIAN_POINT ('', (-25., 57., 5.));
#9066 = VERTEX_POINT ('', #9065);
#9067 = CARTESIAN_POINT ('', (-26., 57., 5.));
#9068 = CARTESIAN_POINT ('', (-26., 57.5, 5.));
#9069 = CARTESIAN_POINT ('', (-25.5, 57.5, 5.));
#9070 = CARTESIAN_POINT ('', (-25., 57.5, 5.));
#9071 = CARTESIAN_POINT ('', (-25., 57., 5.));
#9072 = (
   BOUNDED_CURVE ()
   B_SPLINE_CURVE (2, (#9067, #9068, #9069, #9070, #9071), .UNSPECIFIED., .F., .U.)
   B_SPLINE_CURVE_WITH_KNOTS ((3, 2, 3), (41., 41.25, 41.5), .UNSPECIFIED.)
   CURVE ()
   GEOMETRIC_REPRESENTATION_ITEM ()
   RATIONAL_B_SPLINE_CURVE ((1., 0.707106781186548, 1., 0.707106781186548, 1.))
   REPRESENTATION_ITEM ('')
);
#9073 = EDGE_CURVE ('', #9044, #9066, #9072, .T.);
#9074 = ORIENTED_EDGE ('', *, *, #9073, .F.);
#9075 = ORIENTED_EDGE ('', *, *, #9055, .F.);
#9076 = ORIENTED_EDGE ('', *, *, #950, .T.);
#9077 = CARTESIAN_POINT ('', (-25., 57., 3.5));
#9078 = CARTESIAN_POINT ('', (-25., 57., 5.));
#9079 = B_SPLINE_CURVE_WITH_KNOTS ('', 1, (#9077, #9078), .UNSPECIFIED., .F., .U., (2, 2), (0., 1.), .UNSPECIFIED.);
#9080 = EDGE_CURVE ('', #936, #9066, #9079, .T.);
#9081 = ORIENTED_EDGE ('', *, *, #9080, .T.);
#9082 = EDGE_LOOP ('', (#9074, #9075, #9076, #9081));
#9083 = FACE_OUTER_BOUND ('', #9082, .T.);
#9084 = CARTESIAN_POINT ('', (-26., 57., 3.5));
#9085 = CARTESIAN_POINT ('', (-26., 57., 5.));
#9086 = CARTESIAN_POINT ('', (-26., 57.5, 3.5));
#9087 = CARTESIAN_POINT ('', (-26., 57.5, 5.));
#9088 = CARTESIAN_POINT ('', (-25.5, 57.5, 3.5));
#9089 = CARTESIAN_POINT ('', (-25.5, 57.5, 5.));
#9090 = CARTESIAN_POINT ('', (-25., 57.5, 3.5));
#9091 = CARTESIAN_POINT ('', (-25., 57.5, 5.));
#9092 = CARTESIAN_POINT ('', (-25., 57., 3.5));
#9093 = CARTESIAN_POINT ('', (-25., 57., 5.));
#9094 = (
   BOUNDED_SURFACE ()
   B_SPLINE_SURFACE (2, 1, ((#9084, #9085), (#9086, #9087), (#9088, #9089), (#9090, #9091), (#9092, #9093)), .UNSPECIFIED., .F., .F., .U.)
   B_SPLINE_SURFACE_WITH_KNOTS ((3, 2, 3), (2, 2), (41., 41.25, 41.5), (0., 1.), .UNSPECIFIED.)
   GEOMETRIC_REPRESENTATION_ITEM ()
   RATIONAL_B_SPLINE_SURFACE (((1., 1.), (0.707106781186548, 0.707106781186548), (1., 1.), (0.707106781186548, 0.707106781186548), (1., 1.)))
   REPRESENTATION_ITEM ('')
   SURFACE ()
);
#9095 = ADVANCED_FACE ('', (#9083), #9094, .T.);
#9096 = CARTESIAN_POINT ('', (-25., 43., 5.));
#9097 = VERTEX_POINT ('', #9096);
#9098 = CARTESIAN_POINT ('', (-25., 57., 5.));
#9099 = CARTESIAN_POINT ('', (-25., 43., 5.));
#9100 = B_SPLINE_CURVE_WITH_KNOTS ('', 1, (#9098, #9099), .UNSPECIFIED., .F., .U., (2, 2), (41.5, 55.5), .UNSPECIFIED.);
#9101 = EDGE_CURVE ('', #9066, #9097, #9100, .T.);
#9102 = ORIENTED_EDGE ('', *, *, #9101, .F.);
#9103 = ORIENTED_EDGE ('', *, *, #9080, .F.);
#9104 = ORIENTED_EDGE ('', *, *, #940, .T.);
#9105 = CARTESIAN_POINT ('', (-25., 43., 3.5));
#9106 = CARTESIAN_POINT ('', (-25., 43., 5.));
#9107 = B_SPLINE_CURVE_WITH_KNOTS ('', 1, (#9105, #9106), .UNSPECIFIED., .F., .U., (2, 2), (0., 1.), .UNSPECIFIED.);
#9108 = EDGE_CURVE ('', #926, #9097, #9107, .T.);
#9109 = ORIENTED_EDGE ('', *, *, #9108, .T.);
#9110 = EDGE_LOOP ('', (#9102, #9103, #9104, #9109));
#9111 = FACE_OUTER_BOUND ('', #9110, .T.);
#9112 = CARTESIAN_POINT ('', (-25., 57., 3.5));
#9113 = CARTESIAN_POINT ('', (-25., 57., 5.));
#9114 = CARTESIAN_POINT ('', (-25., 43., 3.5));
#9115 = CARTESIAN_POINT ('', (-25., 43., 5.));
#9116 = B_SPLINE_SURFACE_WITH_KNOTS ('', 1, 1, ((#9112, #9113), (#9114, #9115)), .UNSPECIFIED., .F., .F., .U., (2, 2), (2, 2), (41.5, 55.5), (0., 1.), .UNSPECIFIED.);
#9117 = ADVANCED_FACE ('', (#9111), #9116, .T.);
#9118 = CARTESIAN_POINT ('', (-26., 43., 5.));
#9119 = VERTEX_POINT ('', #9118);
#9120 = CARTESIAN_POINT ('', (-25., 43., 5.));
#9121 = CARTESIAN_POINT ('', (-25., 42.5, 5.));
#9122 = CARTESIAN_POINT ('', (-25.5, 42.5, 5.));
#9123 = CARTESIAN_POINT ('', (-26., 42.5, 5.));
#9124 = CARTESIAN_POINT ('', (-26., 43., 5.));
#9125 = (
   BOUNDED_CURVE ()
   B_SPLINE_CURVE (2, (#9120, #9121, #9122, #9123, #9124), .UNSPECIFIED., .F., .U.)
   B_SPLINE_CURVE_WITH_KNOTS ((3, 2, 3), (55.5, 55.75, 56.), .UNSPECIFIED.)
   CURVE ()
   GEOMETRIC_REPRESENTATION_ITEM ()
   RATIONAL_B_SPLINE_CURVE ((1., 0.707106781186548, 1., 0.707106781186548, 1.))
   REPRESENTATION_ITEM ('')
);
#9126 = EDGE_CURVE ('', #9097, #9119, #9125, .T.);
#9127 = ORIENTED_EDGE ('', *, *, #9126, .F.);
#9128 = ORIENTED_EDGE ('', *, *, #9108, .F.);
#9129 = ORIENTED_EDGE ('', *, *, #933, .T.);
#9130 = CARTESIAN_POINT ('', (-26., 43., 3.5));
#9131 = CARTESIAN_POINT ('', (-26., 43., 5.));
#9132 = B_SPLINE_CURVE_WITH_KNOTS ('', 1, (#9130, #9131), .UNSPECIFIED., .F., .U., (2, 2), (0., 1.), .UNSPECIFIED.);
#9133 = EDGE_CURVE ('', #919, #9119, #9132, .T.);
#9134 = ORIENTED_EDGE ('', *, *, #9133, .T.);
#9135 = EDGE_LOOP ('', (#9127, #9128, #9129, #9134));
#9136 = FACE_OUTER_BOUND ('', #9135, .T.);
#9137 = CARTESIAN_POINT ('', (-25., 43., 3.5));
#9138 = CARTESIAN_POINT ('', (-25., 43., 5.));
#9139 = CARTESIAN_POINT ('', (-25., 42.5, 3.5));
#9140 = CARTESIAN_POINT ('', (-25., 42.5, 5.));
#9141 = CARTESIAN_POINT ('', (-25.5, 42.5, 3.5));
#9142 = CARTESIAN_POINT ('', (-25.5, 42.5, 5.));
#9143 = CARTESIAN_POINT ('', (-26., 42.5, 3.5));
#9144 = CARTESIAN_POINT ('', (-26., 42.5, 5.));
#9145 = CARTESIAN_POINT ('', (-26., 43., 3.5));
#9146 = CARTESIAN_POINT ('', (-26., 43., 5.));
#9147 = (
   BOUNDED_SURFACE ()
   B_SPLINE_SURFACE (2, 1, ((#9137, #9138), (#9139, #9140), (#9141, #9142), (#9143, #9144), (#9145, #9146)), .UNSPECIFIED., .F., .F., .U.)
   B_SPLINE_SURFACE_WITH_KNOTS ((3, 2, 3), (2, 2), (55.5, 55.75, 56.), (0., 1.), .UNSPECIFIED.)
   GEOMETRIC_REPRESENTATION_ITEM ()
   RATIONAL_B_SPLINE_SURFACE (((1., 1.), (0.707106781186548, 0.707106781186548), (1., 1.), (0.707106781186548, 0.707106781186548), (1., 1.)))
   REPRESENTATION_ITEM ('')
   SURFACE ()
);
#9148 = ADVANCED_FACE ('', (#9136), #9147, .T.);
#9149 = CARTESIAN_POINT ('', (-38., 43., 5.));
#9150 = VERTEX_POINT ('', #9149);
#9151 = CARTESIAN_POINT ('', (-26., 43., 5.));
#9152 = CARTESIAN_POINT ('', (-38., 43., 5.));
#9153 = B_SPLINE_CURVE_WITH_KNOTS ('', 1, (#9151, #9152), .UNSPECIFIED., .F., .U., (2, 2), (56., 68.), .UNSPECIFIED.);
#9154 = EDGE_CURVE ('', #9119, #9150, #9153, .T.);
#9155 = ORIENTED_EDGE ('', *, *, #9154, .F.);
#9156 = ORIENTED_EDGE ('', *, *, #9133, .F.);
#9157 = ORIENTED_EDGE ('', *, *, #923, .T.);
#9158 = CARTESIAN_POINT ('', (-38., 43., 3.5));
#9159 = CARTESIAN_POINT ('', (-38., 43., 5.));
#9160 = B_SPLINE_CURVE_WITH_KNOTS ('', 1, (#9158, #9159), .UNSPECIFIED., .F., .U., (2, 2), (0., 1.), .UNSPECIFIED.);
#9161 = EDGE_CURVE ('', #907, #9150, #9160, .T.);
#9162 = ORIENTED_EDGE ('', *, *, #9161, .T.);
#9163 = EDGE_LOOP ('', (#9155, #9156, #9157, #9162));
#9164 = FACE_OUTER_BOUND ('', #9163, .T.);
#9165 = CARTESIAN_POINT ('', (-26., 43., 3.5));
#9166 = CARTESIAN_POINT ('', (-26., 43., 5.));
#9167 = CARTESIAN_POINT ('', (-38., 43., 3.5));
#9168 = CARTESIAN_POINT ('', (-38., 43., 5.));
#9169 = B_SPLINE_SURFACE_WITH_KNOTS ('', 1, 1, ((#9165, #9166), (#9167, #9168)), .UNSPECIFIED., .F., .F., .U., (2, 2), (2, 2), (56., 68.), (0., 1.), .UNSPECIFIED.);
#9170 = ADVANCED_FACE ('', (#9164), #9169, .T.);
#9171 = CARTESIAN_POINT ('', (-39., 43., 5.));
#9172 = VERTEX_POINT ('', #9171);
#9173 = CARTESIAN_POINT ('', (-38., 43., 5.));
#9174 = CARTESIAN_POINT ('', (-38., 42.5, 5.));
#9175 = CARTESIAN_POINT ('', (-38.5, 42.5, 5.));
#9176 = CARTESIAN_POINT ('', (-39., 42.5, 5.));
#9177 = CARTESIAN_POINT ('', (-39., 43., 5.));
#9178 = (
   BOUNDED_CURVE ()
   B_SPLINE_CURVE (2, (#9173, #9174, #9175, #9176, #9177), .UNSPECIFIED., .F., .U.)
   B_SPLINE_CURVE_WITH_KNOTS ((3, 2, 3), (68., 68.25, 68.5), .UNSPECIFIED.)
   CURVE ()
   GEOMETRIC_REPRESENTATION_ITEM ()
   RATIONAL_B_SPLINE_CURVE ((1., 0.707106781186548, 1., 0.707106781186548, 1.))
   REPRESENTATION_ITEM ('')
);
#9179 = EDGE_CURVE ('', #9150, #9172, #9178, .T.);
#9180 = ORIENTED_EDGE ('', *, *, #9179, .F.);
#9181 = ORIENTED_EDGE ('', *, *, #9161, .F.);
#9182 = ORIENTED_EDGE ('', *, *, #916, .T.);
#9183 = CARTESIAN_POINT ('', (-39., 43., 3.5));
#9184 = CARTESIAN_POINT ('', (-39., 43., 5.));
#9185 = B_SPLINE_CURVE_WITH_KNOTS ('', 1, (#9183, #9184), .UNSPECIFIED., .F., .U., (2, 2), (0., 1.), .UNSPECIFIED.);
#9186 = EDGE_CURVE ('', #909, #9172, #9185, .T.);
#9187 = ORIENTED_EDGE ('', *, *, #9186, .T.);
#9188 = EDGE_LOOP ('', (#9180, #9181, #9182, #9187));
#9189 = FACE_OUTER_BOUND ('', #9188, .T.);
#9190 = CARTESIAN_POINT ('', (-38., 43., 3.5));
#9191 = CARTESIAN_POINT ('', (-38., 43., 5.));
#9192 = CARTESIAN_POINT ('', (-38., 42.5, 3.5));
#9193 = CARTESIAN_POINT ('', (-38., 42.5, 5.));
#9194 = CARTESIAN_POINT ('', (-38.5, 42.5, 3.5));
#9195 = CARTESIAN_POINT ('', (-38.5, 42.5, 5.));
#9196 = CARTESIAN_POINT ('', (-39., 42.5, 3.5));
#9197 = CARTESIAN_POINT ('', (-39., 42.5, 5.));
#9198 = CARTESIAN_POINT ('', (-39., 43., 3.5));
#9199 = CARTESIAN_POINT ('', (-39., 43., 5.));
#9200 = (
   BOUNDED_SURFACE ()
   B_SPLINE_SURFACE (2, 1, ((#9190, #9191), (#9192, #9193), (#9194, #9195), (#9196, #9197), (#9198, #9199)), .UNSPECIFIED., .F., .F., .U.)
   B_SPLINE_SURFACE_WITH_KNOTS ((3, 2, 3), (2, 2), (68., 68.25, 68.5), (0., 1.), .UNSPECIFIED.)
   GEOMETRIC_REPRESENTATION_ITEM ()
   RATIONAL_B_SPLINE_SURFACE (((1., 1.), (0.707106781186548, 0.707106781186548), (1., 1.), (0.707106781186548, 0.707106781186548), (1., 1.)))
   REPRESENTATION_ITEM ('')
   SURFACE ()
);
#9201 = ADVANCED_FACE ('', (#9189), #9200, .T.);
#9202 = CARTESIAN_POINT ('', (-39., 43., 5.));
#9203 = CARTESIAN_POINT ('', (-39., 57., 5.));
#9204 = B_SPLINE_CURVE_WITH_KNOTS ('', 1, (#9202, #9203), .UNSPECIFIED., .F., .U., (2, 2), (68.5, 82.5), .UNSPECIFIED.);
#9205 = EDGE_CURVE ('', #9172, #9007, #9204, .T.);
#9206 = ORIENTED_EDGE ('', *, *, #9205, .F.);
#9207 = ORIENTED_EDGE ('', *, *, #9186, .F.);
#9208 = ORIENTED_EDGE ('', *, *, #972, .T.);
#9209 = ORIENTED_EDGE ('', *, *, #9021, .T.);
#9210 = EDGE_LOOP ('', (#9206, #9207, #9208, #9209));
#9211 = FACE_OUTER_BOUND ('', #9210, .T.);
#9212 = CARTESIAN_POINT ('', (-39., 43., 3.5));
#9213 = CARTESIAN_POINT ('', (-39., 43., 5.));
#9214 = CARTESIAN_POINT ('', (-39., 57., 3.5));
#9215 = CARTESIAN_POINT ('', (-39., 57., 5.));
#9216 = B_SPLINE_SURFACE_WITH_KNOTS ('', 1, 1, ((#9212, #9213), (#9214, #9215)), .UNSPECIFIED., .F., .F., .U., (2, 2), (2, 2), (68.5, 82.5), (0., 1.), .UNSPECIFIED.);
#9217 = ADVANCED_FACE ('', (#9211), #9216, .T.);
#9218 = CARTESIAN_POINT ('', (-29.5, 76., 5.));
#9219 = VERTEX_POINT ('', #9218);
#9220 = CARTESIAN_POINT ('', (-28.5, 76., 5.));
#9221 = VERTEX_POINT ('', #9220);
#9222 = CARTESIAN_POINT ('', (-29.5, 76., 5.));
#9223 = CARTESIAN_POINT ('', (-29.5, 76.5, 5.));
#9224 = CARTESIAN_POINT ('', (-29., 76.5, 5.));
#9225 = CARTESIAN_POINT ('', (-28.5, 76.5, 5.));
#9226 = CARTESIAN_POINT ('', (-28.5, 76., 5.));
#9227 = (
   BOUNDED_CURVE ()
   B_SPLINE_CURVE (2, (#9222, #9223, #9224, #9225, #9226), .UNSPECIFIED., .F., .U.)
   B_SPLINE_CURVE_WITH_KNOTS ((3, 2, 3), (82.5, 82.75, 83.), .UNSPECIFIED.)
   CURVE ()
   GEOMETRIC_REPRESENTATION_ITEM ()
   RATIONAL_B_SPLINE_CURVE ((1., 0.707106781186548, 1., 0.707106781186548, 1.))
   REPRESENTATION_ITEM ('')
);
#9228 = EDGE_CURVE ('', #9219, #9221, #9227, .T.);
#9229 = ORIENTED_EDGE ('', *, *, #9228, .F.);
#9230 = CARTESIAN_POINT ('', (-29.5, 76., 3.5));
#9231 = CARTESIAN_POINT ('', (-29.5, 76., 5.));
#9232 = B_SPLINE_CURVE_WITH_KNOTS ('', 1, (#9230, #9231), .UNSPECIFIED., .F., .U., (2, 2), (0., 1.), .UNSPECIFIED.);
#9233 = EDGE_CURVE ('', #890, #9219, #9232, .T.);
#9234 = ORIENTED_EDGE ('', *, *, #9233, .F.);
#9235 = ORIENTED_EDGE ('', *, *, #897, .T.);
#9236 = CARTESIAN_POINT ('', (-28.5, 76., 3.5));
#9237 = CARTESIAN_POINT ('', (-28.5, 76., 5.));
#9238 = B_SPLINE_CURVE_WITH_KNOTS ('', 1, (#9236, #9237), .UNSPECIFIED., .F., .U., (2, 2), (0., 1.), .UNSPECIFIED.);
#9239 = EDGE_CURVE ('', #883, #9221, #9238, .T.);
#9240 = ORIENTED_EDGE ('', *, *, #9239, .T.);
#9241 = EDGE_LOOP ('', (#9229, #9234, #9235, #9240));
#9242 = FACE_OUTER_BOUND ('', #9241, .T.);
#9243 = CARTESIAN_POINT ('', (-29.5, 76., 3.5));
#9244 = CARTESIAN_POINT ('', (-29.5, 76., 5.));
#9245 = CARTESIAN_POINT ('', (-29.5, 76.5, 3.5));
#9246 = CARTESIAN_POINT ('', (-29.5, 76.5, 5.));
#9247 = CARTESIAN_POINT ('', (-29., 76.5, 3.5));
#9248 = CARTESIAN_POINT ('', (-29., 76.5, 5.));
#9249 = CARTESIAN_POINT ('', (-28.5, 76.5, 3.5));
#9250 = CARTESIAN_POINT ('', (-28.5, 76.5, 5.));
#9251 = CARTESIAN_POINT ('', (-28.5, 76., 3.5));
#9252 = CARTESIAN_POINT ('', (-28.5, 76., 5.));
#9253 = (
   BOUNDED_SURFACE ()
   B_SPLINE_SURFACE (2, 1, ((#9243, #9244), (#9245, #9246), (#9247, #9248), (#9249, #9250), (#9251, #9252)), .UNSPECIFIED., .F., .F., .U.)
   B_SPLINE_SURFACE_WITH_KNOTS ((3, 2, 3), (2, 2), (82.5, 82.75, 83.), (0., 1.), .UNSPECIFIED.)
   GEOMETRIC_REPRESENTATION_ITEM ()
   RATIONAL_B_SPLINE_SURFACE (((1., 1.), (0.707106781186548, 0.707106781186548), (1., 1.), (0.707106781186548, 0.707106781186548), (1., 1.)))
   REPRESENTATION_ITEM ('')
   SURFACE ()
);
#9254 = ADVANCED_FACE ('', (#9242), #9253, .T.);
#9255 = CARTESIAN_POINT ('', (-16.5, 76., 5.));
#9256 = VERTEX_POINT ('', #9255);
#9257 = CARTESIAN_POINT ('', (-28.5, 76., 5.));
#9258 = CARTESIAN_POINT ('', (-16.5, 76., 5.));
#9259 = B_SPLINE_CURVE_WITH_KNOTS ('', 1, (#9257, #9258), .UNSPECIFIED., .F., .U., (2, 2), (29., 41.), .UNSPECIFIED.);
#9260 = EDGE_CURVE ('', #9221, #9256, #9259, .T.);
#9261 = ORIENTED_EDGE ('', *, *, #9260, .F.);
#9262 = ORIENTED_EDGE ('', *, *, #9239, .F.);
#9263 = ORIENTED_EDGE ('', *, *, #887, .T.);
#9264 = CARTESIAN_POINT ('', (-16.5, 76., 3.5));
#9265 = CARTESIAN_POINT ('', (-16.5, 76., 5.));
#9266 = B_SPLINE_CURVE_WITH_KNOTS ('', 1, (#9264, #9265), .UNSPECIFIED., .F., .U., (2, 2), (0., 1.), .UNSPECIFIED.);
#9267 = EDGE_CURVE ('', #873, #9256, #9266, .T.);
#9268 = ORIENTED_EDGE ('', *, *, #9267, .T.);
#9269 = EDGE_LOOP ('', (#9261, #9262, #9263, #9268));
#9270 = FACE_OUTER_BOUND ('', #9269, .T.);
#9271 = CARTESIAN_POINT ('', (-28.5, 76., 3.5));
#9272 = CARTESIAN_POINT ('', (-28.5, 76., 5.));
#9273 = CARTESIAN_POINT ('', (-16.5, 76., 3.5));
#9274 = CARTESIAN_POINT ('', (-16.5, 76., 5.));
#9275 = B_SPLINE_SURFACE_WITH_KNOTS ('', 1, 1, ((#9271, #9272), (#9273, #9274)), .UNSPECIFIED., .F., .F., .U., (2, 2), (2, 2), (29., 41.), (0., 1.), .UNSPECIFIED.);
#9276 = ADVANCED_FACE ('', (#9270), #9275, .T.);
#9277 = CARTESIAN_POINT ('', (-15.5, 76., 5.));
#9278 = VERTEX_POINT ('', #9277);
#9279 = CARTESIAN_POINT ('', (-16.5, 76., 5.));
#9280 = CARTESIAN_POINT ('', (-16.5, 76.5, 5.));
#9281 = CARTESIAN_POINT ('', (-16., 76.5, 5.));
#9282 = CARTESIAN_POINT ('', (-15.5, 76.5, 5.));
#9283 = CARTESIAN_POINT ('', (-15.5, 76., 5.));
#9284 = (
   BOUNDED_CURVE ()
   B_SPLINE_CURVE (2, (#9279, #9280, #9281, #9282, #9283), .UNSPECIFIED., .F., .U.)
   B_SPLINE_CURVE_WITH_KNOTS ((3, 2, 3), (41., 41.25, 41.5), .UNSPECIFIED.)
   CURVE ()
   GEOMETRIC_REPRESENTATION_ITEM ()
   RATIONAL_B_SPLINE_CURVE ((1., 0.707106781186548, 1., 0.707106781186548, 1.))
   REPRESENTATION_ITEM ('')
);
#9285 = EDGE_CURVE ('', #9256, #9278, #9284, .T.);
#9286 = ORIENTED_EDGE ('', *, *, #9285, .F.);
#9287 = ORIENTED_EDGE ('', *, *, #9267, .F.);
#9288 = ORIENTED_EDGE ('', *, *, #880, .T.);
#9289 = CARTESIAN_POINT ('', (-15.5, 76., 3.5));
#9290 = CARTESIAN_POINT ('', (-15.5, 76., 5.));
#9291 = B_SPLINE_CURVE_WITH_KNOTS ('', 1, (#9289, #9290), .UNSPECIFIED., .F., .U., (2, 2), (0., 1.), .UNSPECIFIED.);
#9292 = EDGE_CURVE ('', #866, #9278, #9291, .T.);
#9293 = ORIENTED_EDGE ('', *, *, #9292, .T.);
#9294 = EDGE_LOOP ('', (#9286, #9287, #9288, #9293));
#9295 = FACE_OUTER_BOUND ('', #9294, .T.);
#9296 = CARTESIAN_POINT ('', (-16.5, 76., 3.5));
#9297 = CARTESIAN_POINT ('', (-16.5, 76., 5.));
#9298 = CARTESIAN_POINT ('', (-16.5, 76.5, 3.5));
#9299 = CARTESIAN_POINT ('', (-16.5, 76.5, 5.));
#9300 = CARTESIAN_POINT ('', (-16., 76.5, 3.5));
#9301 = CARTESIAN_POINT ('', (-16., 76.5, 5.));
#9302 = CARTESIAN_POINT ('', (-15.5, 76.5, 3.5));
#9303 = CARTESIAN_POINT ('', (-15.5, 76.5, 5.));
#9304 = CARTESIAN_POINT ('', (-15.5, 76., 3.5));
#9305 = CARTESIAN_POINT ('', (-15.5, 76., 5.));
#9306 = (
   BOUNDED_SURFACE ()
   B_SPLINE_SURFACE (2, 1, ((#9296, #9297), (#9298, #9299), (#9300, #9301), (#9302, #9303), (#9304, #9305)), .UNSPECIFIED., .F., .F., .U.)
   B_SPLINE_SURFACE_WITH_KNOTS ((3, 2, 3), (2, 2), (41., 41.25, 41.5), (0., 1.), .UNSPECIFIED.)
   GEOMETRIC_REPRESENTATION_ITEM ()
   RATIONAL_B_SPLINE_SURFACE (((1., 1.), (0.707106781186548, 0.707106781186548), (1., 1.), (0.707106781186548, 0.707106781186548), (1., 1.)))
   REPRESENTATION_ITEM ('')
   SURFACE ()
);
#9307 = ADVANCED_FACE ('', (#9295), #9306, .T.);
#9308 = CARTESIAN_POINT ('', (-15.5, 62., 5.));
#9309 = VERTEX_POINT ('', #9308);
#9310 = CARTESIAN_POINT ('', (-15.5, 76., 5.));
#9311 = CARTESIAN_POINT ('', (-15.5, 62., 5.));
#9312 = B_SPLINE_CURVE_WITH_KNOTS ('', 1, (#9310, #9311), .UNSPECIFIED., .F., .U., (2, 2), (41.5, 55.5), .UNSPECIFIED.);
#9313 = EDGE_CURVE ('', #9278, #9309, #9312, .T.);
#9314 = ORIENTED_EDGE ('', *, *, #9313, .F.);
#9315 = ORIENTED_EDGE ('', *, *, #9292, .F.);
#9316 = ORIENTED_EDGE ('', *, *, #870, .T.);
#9317 = CARTESIAN_POINT ('', (-15.5, 62., 3.5));
#9318 = CARTESIAN_POINT ('', (-15.5, 62., 5.));
#9319 = B_SPLINE_CURVE_WITH_KNOTS ('', 1, (#9317, #9318), .UNSPECIFIED., .F., .U., (2, 2), (0., 1.), .UNSPECIFIED.);
#9320 = EDGE_CURVE ('', #856, #9309, #9319, .T.);
#9321 = ORIENTED_EDGE ('', *, *, #9320, .T.);
#9322 = EDGE_LOOP ('', (#9314, #9315, #9316, #9321));
#9323 = FACE_OUTER_BOUND ('', #9322, .T.);
#9324 = CARTESIAN_POINT ('', (-15.5, 76., 3.5));
#9325 = CARTESIAN_POINT ('', (-15.5, 76., 5.));
#9326 = CARTESIAN_POINT ('', (-15.5, 62., 3.5));
#9327 = CARTESIAN_POINT ('', (-15.5, 62., 5.));
#9328 = B_SPLINE_SURFACE_WITH_KNOTS ('', 1, 1, ((#9324, #9325), (#9326, #9327)), .UNSPECIFIED., .F., .F., .U., (2, 2), (2, 2), (41.5, 55.5), (0., 1.), .UNSPECIFIED.);
#9329 = ADVANCED_FACE ('', (#9323), #9328, .T.);
#9330 = CARTESIAN_POINT ('', (-16.5, 62., 5.));
#9331 = VERTEX_POINT ('', #9330);
#9332 = CARTESIAN_POINT ('', (-15.5, 62., 5.));
#9333 = CARTESIAN_POINT ('', (-15.5, 61.5, 5.));
#9334 = CARTESIAN_POINT ('', (-16., 61.5, 5.));
#9335 = CARTESIAN_POINT ('', (-16.5, 61.5, 5.));
#9336 = CARTESIAN_POINT ('', (-16.5, 62., 5.));
#9337 = (
   BOUNDED_CURVE ()
   B_SPLINE_CURVE (2, (#9332, #9333, #9334, #9335, #9336), .UNSPECIFIED., .F., .U.)
   B_SPLINE_CURVE_WITH_KNOTS ((3, 2, 3), (55.5, 55.75, 56.), .UNSPECIFIED.)
   CURVE ()
   GEOMETRIC_REPRESENTATION_ITEM ()
   RATIONAL_B_SPLINE_CURVE ((1., 0.707106781186548, 1., 0.707106781186548, 1.))
   REPRESENTATION_ITEM ('')
);
#9338 = EDGE_CURVE ('', #9309, #9331, #9337, .T.);
#9339 = ORIENTED_EDGE ('', *, *, #9338, .F.);
#9340 = ORIENTED_EDGE ('', *, *, #9320, .F.);
#9341 = ORIENTED_EDGE ('', *, *, #863, .T.);
#9342 = CARTESIAN_POINT ('', (-16.5, 62., 3.5));
#9343 = CARTESIAN_POINT ('', (-16.5, 62., 5.));
#9344 = B_SPLINE_CURVE_WITH_KNOTS ('', 1, (#9342, #9343), .UNSPECIFIED., .F., .U., (2, 2), (0., 1.), .UNSPECIFIED.);
#9345 = EDGE_CURVE ('', #849, #9331, #9344, .T.);
#9346 = ORIENTED_EDGE ('', *, *, #9345, .T.);
#9347 = EDGE_LOOP ('', (#9339, #9340, #9341, #9346));
#9348 = FACE_OUTER_BOUND ('', #9347, .T.);
#9349 = CARTESIAN_POINT ('', (-15.5, 62., 3.5));
#9350 = CARTESIAN_POINT ('', (-15.5, 62., 5.));
#9351 = CARTESIAN_POINT ('', (-15.5, 61.5, 3.5));
#9352 = CARTESIAN_POINT ('', (-15.5, 61.5, 5.));
#9353 = CARTESIAN_POINT ('', (-16., 61.5, 3.5));
#9354 = CARTESIAN_POINT ('', (-16., 61.5, 5.));
#9355 = CARTESIAN_POINT ('', (-16.5, 61.5, 3.5));
#9356 = CARTESIAN_POINT ('', (-16.5, 61.5, 5.));
#9357 = CARTESIAN_POINT ('', (-16.5, 62., 3.5));
#9358 = CARTESIAN_POINT ('', (-16.5, 62., 5.));
#9359 = (
   BOUNDED_SURFACE ()
   B_SPLINE_SURFACE (2, 1, ((#9349, #9350), (#9351, #9352), (#9353, #9354), (#9355, #9356), (#9357, #9358)), .UNSPECIFIED., .F., .F., .U.)
   B_SPLINE_SURFACE_WITH_KNOTS ((3, 2, 3), (2, 2), (55.5, 55.75, 56.), (0., 1.), .UNSPECIFIED.)
   GEOMETRIC_REPRESENTATION_ITEM ()
   RATIONAL_B_SPLINE_SURFACE (((1., 1.), (0.707106781186548, 0.707106781186548), (1., 1.), (0.707106781186548, 0.707106781186548), (1., 1.)))
   REPRESENTATION_ITEM ('')
   SURFACE ()
);
#9360 = ADVANCED_FACE ('', (#9348), #9359, .T.);
#9361 = CARTESIAN_POINT ('', (-28.5, 62., 5.));
#9362 = VERTEX_POINT ('', #9361);
#9363 = CARTESIAN_POINT ('', (-16.5, 62., 5.));
#9364 = CARTESIAN_POINT ('', (-28.5, 62., 5.));
#9365 = B_SPLINE_CURVE_WITH_KNOTS ('', 1, (#9363, #9364), .UNSPECIFIED., .F., .U., (2, 2), (56., 68.), .UNSPECIFIED.);
#9366 = EDGE_CURVE ('', #9331, #9362, #9365, .T.);
#9367 = ORIENTED_EDGE ('', *, *, #9366, .F.);
#9368 = ORIENTED_EDGE ('', *, *, #9345, .F.);
#9369 = ORIENTED_EDGE ('', *, *, #853, .T.);
#9370 = CARTESIAN_POINT ('', (-28.5, 62., 3.5));
#9371 = CARTESIAN_POINT ('', (-28.5, 62., 5.));
#9372 = B_SPLINE_CURVE_WITH_KNOTS ('', 1, (#9370, #9371), .UNSPECIFIED., .F., .U., (2, 2), (0., 1.), .UNSPECIFIED.);
#9373 = EDGE_CURVE ('', #837, #9362, #9372, .T.);
#9374 = ORIENTED_EDGE ('', *, *, #9373, .T.);
#9375 = EDGE_LOOP ('', (#9367, #9368, #9369, #9374));
#9376 = FACE_OUTER_BOUND ('', #9375, .T.);
#9377 = CARTESIAN_POINT ('', (-16.5, 62., 3.5));
#9378 = CARTESIAN_POINT ('', (-16.5, 62., 5.));
#9379 = CARTESIAN_POINT ('', (-28.5, 62., 3.5));
#9380 = CARTESIAN_POINT ('', (-28.5, 62., 5.));
#9381 = B_SPLINE_SURFACE_WITH_KNOTS ('', 1, 1, ((#9377, #9378), (#9379, #9380)), .UNSPECIFIED., .F., .F., .U., (2, 2), (2, 2), (56., 68.), (0., 1.), .UNSPECIFIED.);
#9382 = ADVANCED_FACE ('', (#9376), #9381, .T.);
#9383 = CARTESIAN_POINT ('', (-29.5, 62., 5.));
#9384 = VERTEX_POINT ('', #9383);
#9385 = CARTESIAN_POINT ('', (-28.5, 62., 5.));
#9386 = CARTESIAN_POINT ('', (-28.5, 61.5, 5.));
#9387 = CARTESIAN_POINT ('', (-29., 61.5, 5.));
#9388 = CARTESIAN_POINT ('', (-29.5, 61.5, 5.));
#9389 = CARTESIAN_POINT ('', (-29.5, 62., 5.));
#9390 = (
   BOUNDED_CURVE ()
   B_SPLINE_CURVE (2, (#9385, #9386, #9387, #9388, #9389), .UNSPECIFIED., .F., .U.)
   B_SPLINE_CURVE_WITH_KNOTS ((3, 2, 3), (68., 68.25, 68.5), .UNSPECIFIED.)
   CURVE ()
   GEOMETRIC_REPRESENTATION_ITEM ()
   RATIONAL_B_SPLINE_CURVE ((1., 0.707106781186548, 1., 0.707106781186548, 1.))
   REPRESENTATION_ITEM ('')
);
#9391 = EDGE_CURVE ('', #9362, #9384, #9390, .T.);
#9392 = ORIENTED_EDGE ('', *, *, #9391, .F.);
#9393 = ORIENTED_EDGE ('', *, *, #9373, .F.);
#9394 = ORIENTED_EDGE ('', *, *, #846, .T.);
#9395 = CARTESIAN_POINT ('', (-29.5, 62., 3.5));
#9396 = CARTESIAN_POINT ('', (-29.5, 62., 5.));
#9397 = B_SPLINE_CURVE_WITH_KNOTS ('', 1, (#9395, #9396), .UNSPECIFIED., .F., .U., (2, 2), (0., 1.), .UNSPECIFIED.);
#9398 = EDGE_CURVE ('', #839, #9384, #9397, .T.);
#9399 = ORIENTED_EDGE ('', *, *, #9398, .T.);
#9400 = EDGE_LOOP ('', (#9392, #9393, #9394, #9399));
#9401 = FACE_OUTER_BOUND ('', #9400, .T.);
#9402 = CARTESIAN_POINT ('', (-28.5, 62., 3.5));
#9403 = CARTESIAN_POINT ('', (-28.5, 62., 5.));
#9404 = CARTESIAN_POINT ('', (-28.5, 61.5, 3.5));
#9405 = CARTESIAN_POINT ('', (-28.5, 61.5, 5.));
#9406 = CARTESIAN_POINT ('', (-29., 61.5, 3.5));
#9407 = CARTESIAN_POINT ('', (-29., 61.5, 5.));
#9408 = CARTESIAN_POINT ('', (-29.5, 61.5, 3.5));
#9409 = CARTESIAN_POINT ('', (-29.5, 61.5, 5.));
#9410 = CARTESIAN_POINT ('', (-29.5, 62., 3.5));
#9411 = CARTESIAN_POINT ('', (-29.5, 62., 5.));
#9412 = (
   BOUNDED_SURFACE ()
   B_SPLINE_SURFACE (2, 1, ((#9402, #9403), (#9404, #9405), (#9406, #9407), (#9408, #9409), (#9410, #9411)), .UNSPECIFIED., .F., .F., .U.)
   B_SPLINE_SURFACE_WITH_KNOTS ((3, 2, 3), (2, 2), (68., 68.25, 68.5), (0., 1.), .UNSPECIFIED.)
   GEOMETRIC_REPRESENTATION_ITEM ()
   RATIONAL_B_SPLINE_SURFACE (((1., 1.), (0.707106781186548, 0.707106781186548), (1., 1.), (0.707106781186548, 0.707106781186548), (1., 1.)))
   REPRESENTATION_ITEM ('')
   SURFACE ()
);
#9413 = ADVANCED_FACE ('', (#9401), #9412, .T.);
#9414 = CARTESIAN_POINT ('', (-29.5, 62., 5.));
#9415 = CARTESIAN_POINT ('', (-29.5, 76., 5.));
#9416 = B_SPLINE_CURVE_WITH_KNOTS ('', 1, (#9414, #9415), .UNSPECIFIED., .F., .U., (2, 2), (68.5, 82.5), .UNSPECIFIED.);
#9417 = EDGE_CURVE ('', #9384, #9219, #9416, .T.);
#9418 = ORIENTED_EDGE ('', *, *, #9417, .F.);
#9419 = ORIENTED_EDGE ('', *, *, #9398, .F.);
#9420 = ORIENTED_EDGE ('', *, *, #902, .T.);
#9421 = ORIENTED_EDGE ('', *, *, #9233, .T.);
#9422 = EDGE_LOOP ('', (#9418, #9419, #9420, #9421));
#9423 = FACE_OUTER_BOUND ('', #9422, .T.);
#9424 = CARTESIAN_POINT ('', (-29.5, 62., 3.5));
#9425 = CARTESIAN_POINT ('', (-29.5, 62., 5.));
#9426 = CARTESIAN_POINT ('', (-29.5, 76., 3.5));
#9427 = CARTESIAN_POINT ('', (-29.5, 76., 5.));
#9428 = B_SPLINE_SURFACE_WITH_KNOTS ('', 1, 1, ((#9424, #9425), (#9426, #9427)), .UNSPECIFIED., .F., .F., .U., (2, 2), (2, 2), (68.5, 82.5), (0., 1.), .UNSPECIFIED.);
#9429 = ADVANCED_FACE ('', (#9423), #9428, .T.);
#9430 = CARTESIAN_POINT ('', (-102.75, 5.5, 5.));
#9431 = VERTEX_POINT ('', #9430);
#9432 = CARTESIAN_POINT ('', (-103.25, 6., 5.));
#9433 = VERTEX_POINT ('', #9432);
#9434 = CARTESIAN_POINT ('', (-102.75, 5.5, 5.));
#9435 = CARTESIAN_POINT ('', (-103.25, 5.5, 5.));
#9436 = CARTESIAN_POINT ('', (-103.25, 6., 5.));
#9437 = (
   BOUNDED_CURVE ()
   B_SPLINE_CURVE (2, (#9434, #9435, #9436), .UNSPECIFIED., .F., .U.)
   B_SPLINE_CURVE_WITH_KNOTS ((3, 3), (121.25, 122.25), .UNSPECIFIED.)
   CURVE ()
   GEOMETRIC_REPRESENTATION_ITEM ()
   RATIONAL_B_SPLINE_CURVE ((1., 0.707106781186548, 1.))
   REPRESENTATION_ITEM ('')
);
#9438 = EDGE_CURVE ('', #9431, #9433, #9437, .T.);
#9439 = ORIENTED_EDGE ('', *, *, #9438, .F.);
#9440 = CARTESIAN_POINT ('', (-102.75, 5.5, 3.5));
#9441 = CARTESIAN_POINT ('', (-102.75, 5.5, 5.));
#9442 = B_SPLINE_CURVE_WITH_KNOTS ('', 1, (#9440, #9441), .UNSPECIFIED., .F., .U., (2, 2), (0., 1.), .UNSPECIFIED.);
#9443 = EDGE_CURVE ('', #822, #9431, #9442, .T.);
#9444 = ORIENTED_EDGE ('', *, *, #9443, .F.);
#9445 = ORIENTED_EDGE ('', *, *, #827, .T.);
#9446 = CARTESIAN_POINT ('', (-103.25, 6., 3.5));
#9447 = CARTESIAN_POINT ('', (-103.25, 6., 5.));
#9448 = B_SPLINE_CURVE_WITH_KNOTS ('', 1, (#9446, #9447), .UNSPECIFIED., .F., .U., (2, 2), (0., 1.), .UNSPECIFIED.);
#9449 = EDGE_CURVE ('', #815, #9433, #9448, .T.);
#9450 = ORIENTED_EDGE ('', *, *, #9449, .T.);
#9451 = EDGE_LOOP ('', (#9439, #9444, #9445, #9450));
#9452 = FACE_OUTER_BOUND ('', #9451, .T.);
#9453 = CARTESIAN_POINT ('', (-102.75, 5.5, 3.5));
#9454 = CARTESIAN_POINT ('', (-102.75, 5.5, 5.));
#9455 = CARTESIAN_POINT ('', (-103.25, 5.5, 3.5));
#9456 = CARTESIAN_POINT ('', (-103.25, 5.5, 5.));
#9457 = CARTESIAN_POINT ('', (-103.25, 6., 3.5));
#9458 = CARTESIAN_POINT ('', (-103.25, 6., 5.));
#9459 = (
   BOUNDED_SURFACE ()
   B_SPLINE_SURFACE (2, 1, ((#9453, #9454), (#9455, #9456), (#9457, #9458)), .UNSPECIFIED., .F., .F., .U.)
   B_SPLINE_SURFACE_WITH_KNOTS ((3, 3), (2, 2), (121.25, 122.25), (0., 1.), .UNSPECIFIED.)
   GEOMETRIC_REPRESENTATION_ITEM ()
   RATIONAL_B_SPLINE_SURFACE (((1., 1.), (0.707106781186548, 0.707106781186548), (1., 1.)))
   REPRESENTATION_ITEM ('')
   SURFACE ()
);
#9460 = ADVANCED_FACE ('', (#9452), #9459, .T.);
#9461 = CARTESIAN_POINT ('', (-103.25, 21., 5.));
#9462 = VERTEX_POINT ('', #9461);
#9463 = CARTESIAN_POINT ('', (-103.25, 6., 5.));
#9464 = CARTESIAN_POINT ('', (-103.25, 21., 5.));
#9465 = B_SPLINE_CURVE_WITH_KNOTS ('', 1, (#9463, #9464), .UNSPECIFIED., .F., .U., (2, 2), (94.25, 109.25), .UNSPECIFIED.);
#9466 = EDGE_CURVE ('', #9433, #9462, #9465, .T.);
#9467 = ORIENTED_EDGE ('', *, *, #9466, .F.);
#9468 = ORIENTED_EDGE ('', *, *, #9449, .F.);
#9469 = ORIENTED_EDGE ('', *, *, #819, .T.);
#9470 = CARTESIAN_POINT ('', (-103.25, 21., 3.5));
#9471 = CARTESIAN_POINT ('', (-103.25, 21., 5.));
#9472 = B_SPLINE_CURVE_WITH_KNOTS ('', 1, (#9470, #9471), .UNSPECIFIED., .F., .U., (2, 2), (0., 1.), .UNSPECIFIED.);
#9473 = EDGE_CURVE ('', #807, #9462, #9472, .T.);
#9474 = ORIENTED_EDGE ('', *, *, #9473, .T.);
#9475 = EDGE_LOOP ('', (#9467, #9468, #9469, #9474));
#9476 = FACE_OUTER_BOUND ('', #9475, .T.);
#9477 = CARTESIAN_POINT ('', (-103.25, 6., 3.5));
#9478 = CARTESIAN_POINT ('', (-103.25, 6., 5.));
#9479 = CARTESIAN_POINT ('', (-103.25, 21., 3.5));
#9480 = CARTESIAN_POINT ('', (-103.25, 21., 5.));
#9481 = B_SPLINE_SURFACE_WITH_KNOTS ('', 1, 1, ((#9477, #9478), (#9479, #9480)), .UNSPECIFIED., .F., .F., .U., (2, 2), (2, 2), (94.25, 109.25), (0., 1.), .UNSPECIFIED.);
#9482 = ADVANCED_FACE ('', (#9476), #9481, .T.);
#9483 = CARTESIAN_POINT ('', (-102.75, 21.5, 5.));
#9484 = VERTEX_POINT ('', #9483);
#9485 = CARTESIAN_POINT ('', (-103.25, 21., 5.));
#9486 = CARTESIAN_POINT ('', (-103.25, 21.5, 5.));
#9487 = CARTESIAN_POINT ('', (-102.75, 21.5, 5.));
#9488 = (
   BOUNDED_CURVE ()
   B_SPLINE_CURVE (2, (#9485, #9486, #9487), .UNSPECIFIED., .F., .U.)
   B_SPLINE_CURVE_WITH_KNOTS ((3, 3), (109.25, 110.25), .UNSPECIFIED.)
   CURVE ()
   GEOMETRIC_REPRESENTATION_ITEM ()
   RATIONAL_B_SPLINE_CURVE ((1., 0.707106781186548, 1.))
   REPRESENTATION_ITEM ('')
);
#9489 = EDGE_CURVE ('', #9462, #9484, #9488, .T.);
#9490 = ORIENTED_EDGE ('', *, *, #9489, .F.);
#9491 = ORIENTED_EDGE ('', *, *, #9473, .F.);
#9492 = ORIENTED_EDGE ('', *, *, #812, .T.);
#9493 = CARTESIAN_POINT ('', (-102.75, 21.5, 3.5));
#9494 = CARTESIAN_POINT ('', (-102.75, 21.5, 5.));
#9495 = B_SPLINE_CURVE_WITH_KNOTS ('', 1, (#9493, #9494), .UNSPECIFIED., .F., .U., (2, 2), (0., 1.), .UNSPECIFIED.);
#9496 = EDGE_CURVE ('', #799, #9484, #9495, .T.);
#9497 = ORIENTED_EDGE ('', *, *, #9496, .T.);
#9498 = EDGE_LOOP ('', (#9490, #9491, #9492, #9497));
#9499 = FACE_OUTER_BOUND ('', #9498, .T.);
#9500 = CARTESIAN_POINT ('', (-103.25, 21., 3.5));
#9501 = CARTESIAN_POINT ('', (-103.25, 21., 5.));
#9502 = CARTESIAN_POINT ('', (-103.25, 21.5, 3.5));
#9503 = CARTESIAN_POINT ('', (-103.25, 21.5, 5.));
#9504 = CARTESIAN_POINT ('', (-102.75, 21.5, 3.5));
#9505 = CARTESIAN_POINT ('', (-102.75, 21.5, 5.));
#9506 = (
   BOUNDED_SURFACE ()
   B_SPLINE_SURFACE (2, 1, ((#9500, #9501), (#9502, #9503), (#9504, #9505)), .UNSPECIFIED., .F., .F., .U.)
   B_SPLINE_SURFACE_WITH_KNOTS ((3, 3), (2, 2), (109.25, 110.25), (0., 1.), .UNSPECIFIED.)
   GEOMETRIC_REPRESENTATION_ITEM ()
   RATIONAL_B_SPLINE_SURFACE (((1., 1.), (0.707106781186548, 0.707106781186548), (1., 1.)))
   REPRESENTATION_ITEM ('')
   SURFACE ()
);
#9507 = ADVANCED_FACE ('', (#9499), #9506, .T.);
#9508 = CARTESIAN_POINT ('', (-102.25, 21., 5.));
#9509 = VERTEX_POINT ('', #9508);
#9510 = CARTESIAN_POINT ('', (-102.75, 21.5, 5.));
#9511 = CARTESIAN_POINT ('', (-102.25, 21.5, 5.));
#9512 = CARTESIAN_POINT ('', (-102.25, 21., 5.));
#9513 = (
   BOUNDED_CURVE ()
   B_SPLINE_CURVE (2, (#9510, #9511, #9512), .UNSPECIFIED., .F., .U.)
   B_SPLINE_CURVE_WITH_KNOTS ((3, 3), (110.25, 111.25), .UNSPECIFIED.)
   CURVE ()
   GEOMETRIC_REPRESENTATION_ITEM ()
   RATIONAL_B_SPLINE_CURVE ((1., 0.707106781186548, 1.))
   REPRESENTATION_ITEM ('')
);
#9514 = EDGE_CURVE ('', #9484, #9509, #9513, .T.);
#9515 = ORIENTED_EDGE ('', *, *, #9514, .F.);
#9516 = ORIENTED_EDGE ('', *, *, #9496, .F.);
#9517 = ORIENTED_EDGE ('', *, *, #804, .T.);
#9518 = CARTESIAN_POINT ('', (-102.25, 21., 3.5));
#9519 = CARTESIAN_POINT ('', (-102.25, 21., 5.));
#9520 = B_SPLINE_CURVE_WITH_KNOTS ('', 1, (#9518, #9519), .UNSPECIFIED., .F., .U., (2, 2), (0., 1.), .UNSPECIFIED.);
#9521 = EDGE_CURVE ('', #791, #9509, #9520, .T.);
#9522 = ORIENTED_EDGE ('', *, *, #9521, .T.);
#9523 = EDGE_LOOP ('', (#9515, #9516, #9517, #9522));
#9524 = FACE_OUTER_BOUND ('', #9523, .T.);
#9525 = CARTESIAN_POINT ('', (-102.75, 21.5, 3.5));
#9526 = CARTESIAN_POINT ('', (-102.75, 21.5, 5.));
#9527 = CARTESIAN_POINT ('', (-102.25, 21.5, 3.5));
#9528 = CARTESIAN_POINT ('', (-102.25, 21.5, 5.));
#9529 = CARTESIAN_POINT ('', (-102.25, 21., 3.5));
#9530 = CARTESIAN_POINT ('', (-102.25, 21., 5.));
#9531 = (
   BOUNDED_SURFACE ()
   B_SPLINE_SURFACE (2, 1, ((#9525, #9526), (#9527, #9528), (#9529, #9530)), .UNSPECIFIED., .F., .F., .U.)
   B_SPLINE_SURFACE_WITH_KNOTS ((3, 3), (2, 2), (110.25, 111.25), (0., 1.), .UNSPECIFIED.)
   GEOMETRIC_REPRESENTATION_ITEM ()
   RATIONAL_B_SPLINE_SURFACE (((1., 1.), (0.707106781186548, 0.707106781186548), (1., 1.)))
   REPRESENTATION_ITEM ('')
   SURFACE ()
);
#9532 = ADVANCED_FACE ('', (#9524), #9531, .T.);
#9533 = CARTESIAN_POINT ('', (-99.75, 18.5, 5.));
#9534 = VERTEX_POINT ('', #9533);
#9535 = CARTESIAN_POINT ('', (-102.25, 21., 5.));
#9536 = CARTESIAN_POINT ('', (-102.25, 18.5, 5.));
#9537 = CARTESIAN_POINT ('', (-99.75, 18.5, 5.));
#9538 = (
   BOUNDED_CURVE ()
   B_SPLINE_CURVE (2, (#9535, #9536, #9537), .UNSPECIFIED., .F., .U.)
   B_SPLINE_CURVE_WITH_KNOTS ((3, 3), (111.25, 112.25), .UNSPECIFIED.)
   CURVE ()
   GEOMETRIC_REPRESENTATION_ITEM ()
   RATIONAL_B_SPLINE_CURVE ((1., 0.707106781186548, 1.))
   REPRESENTATION_ITEM ('')
);
#9539 = EDGE_CURVE ('', #9509, #9534, #9538, .T.);
#9540 = ORIENTED_EDGE ('', *, *, #9539, .F.);
#9541 = ORIENTED_EDGE ('', *, *, #9521, .F.);
#9542 = ORIENTED_EDGE ('', *, *, #796, .T.);
#9543 = CARTESIAN_POINT ('', (-99.75, 18.5, 3.5));
#9544 = CARTESIAN_POINT ('', (-99.75, 18.5, 5.));
#9545 = B_SPLINE_CURVE_WITH_KNOTS ('', 1, (#9543, #9544), .UNSPECIFIED., .F., .U., (2, 2), (0., 1.), .UNSPECIFIED.);
#9546 = EDGE_CURVE ('', #784, #9534, #9545, .T.);
#9547 = ORIENTED_EDGE ('', *, *, #9546, .T.);
#9548 = EDGE_LOOP ('', (#9540, #9541, #9542, #9547));
#9549 = FACE_OUTER_BOUND ('', #9548, .T.);
#9550 = CARTESIAN_POINT ('', (-102.25, 21., 3.5));
#9551 = CARTESIAN_POINT ('', (-102.25, 21., 5.));
#9552 = CARTESIAN_POINT ('', (-102.25, 18.5, 3.5));
#9553 = CARTESIAN_POINT ('', (-102.25, 18.5, 5.));
#9554 = CARTESIAN_POINT ('', (-99.75, 18.5, 3.5));
#9555 = CARTESIAN_POINT ('', (-99.75, 18.5, 5.));
#9556 = (
   BOUNDED_SURFACE ()
   B_SPLINE_SURFACE (2, 1, ((#9550, #9551), (#9552, #9553), (#9554, #9555)), .UNSPECIFIED., .F., .F., .U.)
   B_SPLINE_SURFACE_WITH_KNOTS ((3, 3), (2, 2), (111.25, 112.25), (0., 1.), .UNSPECIFIED.)
   GEOMETRIC_REPRESENTATION_ITEM ()
   RATIONAL_B_SPLINE_SURFACE (((1., 1.), (0.707106781186548, 0.707106781186548), (1., 1.)))
   REPRESENTATION_ITEM ('')
   SURFACE ()
);
#9557 = ADVANCED_FACE ('', (#9549), #9556, .T.);
#9558 = CARTESIAN_POINT ('', (-96.25, 18.5, 5.));
#9559 = VERTEX_POINT ('', #9558);
#9560 = CARTESIAN_POINT ('', (-99.75, 18.5, 5.));
#9561 = CARTESIAN_POINT ('', (-96.25, 18.5, 5.));
#9562 = B_SPLINE_CURVE_WITH_KNOTS ('', 1, (#9560, #9561), .UNSPECIFIED., .F., .U., (2, 2), (112.25, 113.25), .UNSPECIFIED.);
#9563 = EDGE_CURVE ('', #9534, #9559, #9562, .T.);
#9564 = ORIENTED_EDGE ('', *, *, #9563, .F.);
#9565 = ORIENTED_EDGE ('', *, *, #9546, .F.);
#9566 = ORIENTED_EDGE ('', *, *, #788, .T.);
#9567 = CARTESIAN_POINT ('', (-96.25, 18.5, 3.5));
#9568 = CARTESIAN_POINT ('', (-96.25, 18.5, 5.));
#9569 = B_SPLINE_CURVE_WITH_KNOTS ('', 1, (#9567, #9568), .UNSPECIFIED., .F., .U., (2, 2), (0., 1.), .UNSPECIFIED.);
#9570 = EDGE_CURVE ('', #774, #9559, #9569, .T.);
#9571 = ORIENTED_EDGE ('', *, *, #9570, .T.);
#9572 = EDGE_LOOP ('', (#9564, #9565, #9566, #9571));
#9573 = FACE_OUTER_BOUND ('', #9572, .T.);
#9574 = CARTESIAN_POINT ('', (-99.75, 18.5, 3.5));
#9575 = CARTESIAN_POINT ('', (-99.75, 18.5, 5.));
#9576 = CARTESIAN_POINT ('', (-96.25, 18.5, 3.5));
#9577 = CARTESIAN_POINT ('', (-96.25, 18.5, 5.));
#9578 = B_SPLINE_SURFACE_WITH_KNOTS ('', 1, 1, ((#9574, #9575), (#9576, #9577)), .UNSPECIFIED., .F., .F., .U., (2, 2), (2, 2), (112.25, 113.25), (0., 1.), .UNSPECIFIED.);
#9579 = ADVANCED_FACE ('', (#9573), #9578, .T.);
#9580 = CARTESIAN_POINT ('', (-96.25, 17.5, 5.));
#9581 = VERTEX_POINT ('', #9580);
#9582 = CARTESIAN_POINT ('', (-96.25, 18.5, 5.));
#9583 = CARTESIAN_POINT ('', (-95.75, 18.5, 5.));
#9584 = CARTESIAN_POINT ('', (-95.75, 18., 5.));
#9585 = CARTESIAN_POINT ('', (-95.75, 17.5, 5.));
#9586 = CARTESIAN_POINT ('', (-96.25, 17.5, 5.));
#9587 = (
   BOUNDED_CURVE ()
   B_SPLINE_CURVE (2, (#9582, #9583, #9584, #9585, #9586), .UNSPECIFIED., .F., .U.)
   B_SPLINE_CURVE_WITH_KNOTS ((3, 2, 3), (113.25, 113.75, 114.25), .UNSPECIFIED.)
   CURVE ()
   GEOMETRIC_REPRESENTATION_ITEM ()
   RATIONAL_B_SPLINE_CURVE ((1., 0.707106781186548, 1., 0.707106781186548, 1.))
   REPRESENTATION_ITEM ('')
);
#9588 = EDGE_CURVE ('', #9559, #9581, #9587, .T.);
#9589 = ORIENTED_EDGE ('', *, *, #9588, .F.);
#9590 = ORIENTED_EDGE ('', *, *, #9570, .F.);
#9591 = ORIENTED_EDGE ('', *, *, #781, .T.);
#9592 = CARTESIAN_POINT ('', (-96.25, 17.5, 3.5));
#9593 = CARTESIAN_POINT ('', (-96.25, 17.5, 5.));
#9594 = B_SPLINE_CURVE_WITH_KNOTS ('', 1, (#9592, #9593), .UNSPECIFIED., .F., .U., (2, 2), (0., 1.), .UNSPECIFIED.);
#9595 = EDGE_CURVE ('', #767, #9581, #9594, .T.);
#9596 = ORIENTED_EDGE ('', *, *, #9595, .T.);
#9597 = EDGE_LOOP ('', (#9589, #9590, #9591, #9596));
#9598 = FACE_OUTER_BOUND ('', #9597, .T.);
#9599 = CARTESIAN_POINT ('', (-96.25, 18.5, 3.5));
#9600 = CARTESIAN_POINT ('', (-96.25, 18.5, 5.));
#9601 = CARTESIAN_POINT ('', (-95.75, 18.5, 3.5));
#9602 = CARTESIAN_POINT ('', (-95.75, 18.5, 5.));
#9603 = CARTESIAN_POINT ('', (-95.75, 18., 3.5));
#9604 = CARTESIAN_POINT ('', (-95.75, 18., 5.));
#9605 = CARTESIAN_POINT ('', (-95.75, 17.5, 3.5));
#9606 = CARTESIAN_POINT ('', (-95.75, 17.5, 5.));
#9607 = CARTESIAN_POINT ('', (-96.25, 17.5, 3.5));
#9608 = CARTESIAN_POINT ('', (-96.25, 17.5, 5.));
#9609 = (
   BOUNDED_SURFACE ()
   B_SPLINE_SURFACE (2, 1, ((#9599, #9600), (#9601, #9602), (#9603, #9604), (#9605, #9606), (#9607, #9608)), .UNSPECIFIED., .F., .F., .U.)
   B_SPLINE_SURFACE_WITH_KNOTS ((3, 2, 3), (2, 2), (113.25, 113.75, 114.25), (0., 1.), .UNSPECIFIED.)
   GEOMETRIC_REPRESENTATION_ITEM ()
   RATIONAL_B_SPLINE_SURFACE (((1., 1.), (0.707106781186548, 0.707106781186548), (1., 1.), (0.707106781186548, 0.707106781186548), (1., 1.)))
   REPRESENTATION_ITEM ('')
   SURFACE ()
);
#9610 = ADVANCED_FACE ('', (#9598), #9609, .T.);
#9611 = CARTESIAN_POINT ('', (-99.75, 17.5, 5.));
#9612 = VERTEX_POINT ('', #9611);
#9613 = CARTESIAN_POINT ('', (-96.25, 17.5, 5.));
#9614 = CARTESIAN_POINT ('', (-99.75, 17.5, 5.));
#9615 = B_SPLINE_CURVE_WITH_KNOTS ('', 1, (#9613, #9614), .UNSPECIFIED., .F., .U., (2, 2), (114.25, 115.25), .UNSPECIFIED.);
#9616 = EDGE_CURVE ('', #9581, #9612, #9615, .T.);
#9617 = ORIENTED_EDGE ('', *, *, #9616, .F.);
#9618 = ORIENTED_EDGE ('', *, *, #9595, .F.);
#9619 = ORIENTED_EDGE ('', *, *, #771, .T.);
#9620 = CARTESIAN_POINT ('', (-99.75, 17.5, 3.5));
#9621 = CARTESIAN_POINT ('', (-99.75, 17.5, 5.));
#9622 = B_SPLINE_CURVE_WITH_KNOTS ('', 1, (#9620, #9621), .UNSPECIFIED., .F., .U., (2, 2), (0., 1.), .UNSPECIFIED.);
#9623 = EDGE_CURVE ('', #759, #9612, #9622, .T.);
#9624 = ORIENTED_EDGE ('', *, *, #9623, .T.);
#9625 = EDGE_LOOP ('', (#9617, #9618, #9619, #9624));
#9626 = FACE_OUTER_BOUND ('', #9625, .T.);
#9627 = CARTESIAN_POINT ('', (-96.25, 17.5, 3.5));
#9628 = CARTESIAN_POINT ('', (-96.25, 17.5, 5.));
#9629 = CARTESIAN_POINT ('', (-99.75, 17.5, 3.5));
#9630 = CARTESIAN_POINT ('', (-99.75, 17.5, 5.));
#9631 = B_SPLINE_SURFACE_WITH_KNOTS ('', 1, 1, ((#9627, #9628), (#9629, #9630)), .UNSPECIFIED., .F., .F., .U., (2, 2), (2, 2), (114.25, 115.25), (0., 1.), .UNSPECIFIED.);
#9632 = ADVANCED_FACE ('', (#9626), #9631, .T.);
#9633 = CARTESIAN_POINT ('', (-102.25, 15., 5.));
#9634 = VERTEX_POINT ('', #9633);
#9635 = CARTESIAN_POINT ('', (-99.75, 17.5, 5.));
#9636 = CARTESIAN_POINT ('', (-102.25, 17.5, 5.));
#9637 = CARTESIAN_POINT ('', (-102.25, 15., 5.));
#9638 = (
   BOUNDED_CURVE ()
   B_SPLINE_CURVE (2, (#9635, #9636, #9637), .UNSPECIFIED., .F., .U.)
   B_SPLINE_CURVE_WITH_KNOTS ((3, 3), (115.25, 116.25), .UNSPECIFIED.)
   CURVE ()
   GEOMETRIC_REPRESENTATION_ITEM ()
   RATIONAL_B_SPLINE_CURVE ((1., 0.707106781186548, 1.))
   REPRESENTATION_ITEM ('')
);
#9639 = EDGE_CURVE ('', #9612, #9634, #9638, .T.);
#9640 = ORIENTED_EDGE ('', *, *, #9639, .F.);
#9641 = ORIENTED_EDGE ('', *, *, #9623, .F.);
#9642 = ORIENTED_EDGE ('', *, *, #764, .T.);
#9643 = CARTESIAN_POINT ('', (-102.25, 15., 3.5));
#9644 = CARTESIAN_POINT ('', (-102.25, 15., 5.));
#9645 = B_SPLINE_CURVE_WITH_KNOTS ('', 1, (#9643, #9644), .UNSPECIFIED., .F., .U., (2, 2), (0., 1.), .UNSPECIFIED.);
#9646 = EDGE_CURVE ('', #752, #9634, #9645, .T.);
#9647 = ORIENTED_EDGE ('', *, *, #9646, .T.);
#9648 = EDGE_LOOP ('', (#9640, #9641, #9642, #9647));
#9649 = FACE_OUTER_BOUND ('', #9648, .T.);
#9650 = CARTESIAN_POINT ('', (-99.75, 17.5, 3.5));
#9651 = CARTESIAN_POINT ('', (-99.75, 17.5, 5.));
#9652 = CARTESIAN_POINT ('', (-102.25, 17.5, 3.5));
#9653 = CARTESIAN_POINT ('', (-102.25, 17.5, 5.));
#9654 = CARTESIAN_POINT ('', (-102.25, 15., 3.5));
#9655 = CARTESIAN_POINT ('', (-102.25, 15., 5.));
#9656 = (
   BOUNDED_SURFACE ()
   B_SPLINE_SURFACE (2, 1, ((#9650, #9651), (#9652, #9653), (#9654, #9655)), .UNSPECIFIED., .F., .F., .U.)
   B_SPLINE_SURFACE_WITH_KNOTS ((3, 3), (2, 2), (115.25, 116.25), (0., 1.), .UNSPECIFIED.)
   GEOMETRIC_REPRESENTATION_ITEM ()
   RATIONAL_B_SPLINE_SURFACE (((1., 1.), (0.707106781186548, 0.707106781186548), (1., 1.)))
   REPRESENTATION_ITEM ('')
   SURFACE ()
);
#9657 = ADVANCED_FACE ('', (#9649), #9656, .T.);
#9658 = CARTESIAN_POINT ('', (-102.25, 8.99999999999999, 5.));
#9659 = VERTEX_POINT ('', #9658);
#9660 = CARTESIAN_POINT ('', (-102.25, 15., 5.));
#9661 = CARTESIAN_POINT ('', (-102.25, 8.99999999999999, 5.));
#9662 = B_SPLINE_CURVE_WITH_KNOTS ('', 1, (#9660, #9661), .UNSPECIFIED., .F., .U., (2, 2), (116.25, 117.25), .UNSPECIFIED.);
#9663 = EDGE_CURVE ('', #9634, #9659, #9662, .T.);
#9664 = ORIENTED_EDGE ('', *, *, #9663, .F.);
#9665 = ORIENTED_EDGE ('', *, *, #9646, .F.);
#9666 = ORIENTED_EDGE ('', *, *, #756, .T.);
#9667 = CARTESIAN_POINT ('', (-102.25, 8.99999999999999, 3.5));
#9668 = CARTESIAN_POINT ('', (-102.25, 8.99999999999999, 5.));
#9669 = B_SPLINE_CURVE_WITH_KNOTS ('', 1, (#9667, #9668), .UNSPECIFIED., .F., .U., (2, 2), (0., 1.), .UNSPECIFIED.);
#9670 = EDGE_CURVE ('', #744, #9659, #9669, .T.);
#9671 = ORIENTED_EDGE ('', *, *, #9670, .T.);
#9672 = EDGE_LOOP ('', (#9664, #9665, #9666, #9671));
#9673 = FACE_OUTER_BOUND ('', #9672, .T.);
#9674 = CARTESIAN_POINT ('', (-102.25, 15., 3.5));
#9675 = CARTESIAN_POINT ('', (-102.25, 15., 5.));
#9676 = CARTESIAN_POINT ('', (-102.25, 8.99999999999999, 3.5));
#9677 = CARTESIAN_POINT ('', (-102.25, 8.99999999999999, 5.));
#9678 = B_SPLINE_SURFACE_WITH_KNOTS ('', 1, 1, ((#9674, #9675), (#9676, #9677)), .UNSPECIFIED., .F., .F., .U., (2, 2), (2, 2), (116.25, 117.25), (0., 1.), .UNSPECIFIED.);
#9679 = ADVANCED_FACE ('', (#9673), #9678, .T.);
#9680 = CARTESIAN_POINT ('', (-99.75, 6.49999999999999, 5.));
#9681 = VERTEX_POINT ('', #9680);
#9682 = CARTESIAN_POINT ('', (-102.25, 8.99999999999999, 5.));
#9683 = CARTESIAN_POINT ('', (-102.25, 6.49999999999999, 5.));
#9684 = CARTESIAN_POINT ('', (-99.75, 6.49999999999999, 5.));
#9685 = (
   BOUNDED_CURVE ()
   B_SPLINE_CURVE (2, (#9682, #9683, #9684), .UNSPECIFIED., .F., .U.)
   B_SPLINE_CURVE_WITH_KNOTS ((3, 3), (117.25, 118.25), .UNSPECIFIED.)
   CURVE ()
   GEOMETRIC_REPRESENTATION_ITEM ()
   RATIONAL_B_SPLINE_CURVE ((1., 0.707106781186548, 1.))
   REPRESENTATION_ITEM ('')
);
#9686 = EDGE_CURVE ('', #9659, #9681, #9685, .T.);
#9687 = ORIENTED_EDGE ('', *, *, #9686, .F.);
#9688 = ORIENTED_EDGE ('', *, *, #9670, .F.);
#9689 = ORIENTED_EDGE ('', *, *, #749, .T.);
#9690 = CARTESIAN_POINT ('', (-99.75, 6.49999999999999, 3.5));
#9691 = CARTESIAN_POINT ('', (-99.75, 6.49999999999999, 5.));
#9692 = B_SPLINE_CURVE_WITH_KNOTS ('', 1, (#9690, #9691), .UNSPECIFIED., .F., .U., (2, 2), (0., 1.), .UNSPECIFIED.);
#9693 = EDGE_CURVE ('', #737, #9681, #9692, .T.);
#9694 = ORIENTED_EDGE ('', *, *, #9693, .T.);
#9695 = EDGE_LOOP ('', (#9687, #9688, #9689, #9694));
#9696 = FACE_OUTER_BOUND ('', #9695, .T.);
#9697 = CARTESIAN_POINT ('', (-102.25, 8.99999999999999, 3.5));
#9698 = CARTESIAN_POINT ('', (-102.25, 8.99999999999999, 5.));
#9699 = CARTESIAN_POINT ('', (-102.25, 6.49999999999999, 3.5));
#9700 = CARTESIAN_POINT ('', (-102.25, 6.49999999999999, 5.));
#9701 = CARTESIAN_POINT ('', (-99.75, 6.49999999999999, 3.5));
#9702 = CARTESIAN_POINT ('', (-99.75, 6.49999999999999, 5.));
#9703 = (
   BOUNDED_SURFACE ()
   B_SPLINE_SURFACE (2, 1, ((#9697, #9698), (#9699, #9700), (#9701, #9702)), .UNSPECIFIED., .F., .F., .U.)
   B_SPLINE_SURFACE_WITH_KNOTS ((3, 3), (2, 2), (117.25, 118.25), (0., 1.), .UNSPECIFIED.)
   GEOMETRIC_REPRESENTATION_ITEM ()
   RATIONAL_B_SPLINE_SURFACE (((1., 1.), (0.707106781186548, 0.707106781186548), (1., 1.)))
   REPRESENTATION_ITEM ('')
   SURFACE ()
);
#9704 = ADVANCED_FACE ('', (#9696), #9703, .T.);
#9705 = CARTESIAN_POINT ('', (-96.25, 6.49999999999999, 5.));
#9706 = VERTEX_POINT ('', #9705);
#9707 = CARTESIAN_POINT ('', (-99.75, 6.49999999999999, 5.));
#9708 = CARTESIAN_POINT ('', (-96.25, 6.49999999999999, 5.));
#9709 = B_SPLINE_CURVE_WITH_KNOTS ('', 1, (#9707, #9708), .UNSPECIFIED., .F., .U., (2, 2), (118.25, 119.25), .UNSPECIFIED.);
#9710 = EDGE_CURVE ('', #9681, #9706, #9709, .T.);
#9711 = ORIENTED_EDGE ('', *, *, #9710, .F.);
#9712 = ORIENTED_EDGE ('', *, *, #9693, .F.);
#9713 = ORIENTED_EDGE ('', *, *, #741, .T.);
#9714 = CARTESIAN_POINT ('', (-96.25, 6.49999999999999, 3.5));
#9715 = CARTESIAN_POINT ('', (-96.25, 6.49999999999999, 5.));
#9716 = B_SPLINE_CURVE_WITH_KNOTS ('', 1, (#9714, #9715), .UNSPECIFIED., .F., .U., (2, 2), (0., 1.), .UNSPECIFIED.);
#9717 = EDGE_CURVE ('', #725, #9706, #9716, .T.);
#9718 = ORIENTED_EDGE ('', *, *, #9717, .T.);
#9719 = EDGE_LOOP ('', (#9711, #9712, #9713, #9718));
#9720 = FACE_OUTER_BOUND ('', #9719, .T.);
#9721 = CARTESIAN_POINT ('', (-99.75, 6.49999999999999, 3.5));
#9722 = CARTESIAN_POINT ('', (-99.75, 6.49999999999999, 5.));
#9723 = CARTESIAN_POINT ('', (-96.25, 6.49999999999999, 3.5));
#9724 = CARTESIAN_POINT ('', (-96.25, 6.49999999999999, 5.));
#9725 = B_SPLINE_SURFACE_WITH_KNOTS ('', 1, 1, ((#9721, #9722), (#9723, #9724)), .UNSPECIFIED., .F., .F., .U., (2, 2), (2, 2), (118.25, 119.25), (0., 1.), .UNSPECIFIED.);
#9726 = ADVANCED_FACE ('', (#9720), #9725, .T.);
#9727 = CARTESIAN_POINT ('', (-96.25, 5.49999999999999, 5.));
#9728 = VERTEX_POINT ('', #9727);
#9729 = CARTESIAN_POINT ('', (-96.25, 6.49999999999999, 5.));
#9730 = CARTESIAN_POINT ('', (-95.75, 6.49999999999999, 5.));
#9731 = CARTESIAN_POINT ('', (-95.75, 5.99999999999999, 5.));
#9732 = CARTESIAN_POINT ('', (-95.75, 5.49999999999999, 5.));
#9733 = CARTESIAN_POINT ('', (-96.25, 5.49999999999999, 5.));
#9734 = (
   BOUNDED_CURVE ()
   B_SPLINE_CURVE (2, (#9729, #9730, #9731, #9732, #9733), .UNSPECIFIED., .F., .U.)
   B_SPLINE_CURVE_WITH_KNOTS ((3, 2, 3), (119.25, 119.75, 120.25), .UNSPECIFIED.)
   CURVE ()
   GEOMETRIC_REPRESENTATION_ITEM ()
   RATIONAL_B_SPLINE_CURVE ((1., 0.707106781186548, 1., 0.707106781186548, 1.))
   REPRESENTATION_ITEM ('')
);
#9735 = EDGE_CURVE ('', #9706, #9728, #9734, .T.);
#9736 = ORIENTED_EDGE ('', *, *, #9735, .F.);
#9737 = ORIENTED_EDGE ('', *, *, #9717, .F.);
#9738 = ORIENTED_EDGE ('', *, *, #734, .T.);
#9739 = CARTESIAN_POINT ('', (-96.25, 5.49999999999999, 3.5));
#9740 = CARTESIAN_POINT ('', (-96.25, 5.49999999999999, 5.));
#9741 = B_SPLINE_CURVE_WITH_KNOTS ('', 1, (#9739, #9740), .UNSPECIFIED., .F., .U., (2, 2), (0., 1.), .UNSPECIFIED.);
#9742 = EDGE_CURVE ('', #727, #9728, #9741, .T.);
#9743 = ORIENTED_EDGE ('', *, *, #9742, .T.);
#9744 = EDGE_LOOP ('', (#9736, #9737, #9738, #9743));
#9745 = FACE_OUTER_BOUND ('', #9744, .T.);
#9746 = CARTESIAN_POINT ('', (-96.25, 6.49999999999999, 3.5));
#9747 = CARTESIAN_POINT ('', (-96.25, 6.49999999999999, 5.));
#9748 = CARTESIAN_POINT ('', (-95.75, 6.49999999999999, 3.5));
#9749 = CARTESIAN_POINT ('', (-95.75, 6.49999999999999, 5.));
#9750 = CARTESIAN_POINT ('', (-95.75, 5.99999999999999, 3.5));
#9751 = CARTESIAN_POINT ('', (-95.75, 5.99999999999999, 5.));
#9752 = CARTESIAN_POINT ('', (-95.75, 5.49999999999999, 3.5));
#9753 = CARTESIAN_POINT ('', (-95.75, 5.49999999999999, 5.));
#9754 = CARTESIAN_POINT ('', (-96.25, 5.49999999999999, 3.5));
#9755 = CARTESIAN_POINT ('', (-96.25, 5.49999999999999, 5.));
#9756 = (
   BOUNDED_SURFACE ()
   B_SPLINE_SURFACE (2, 1, ((#9746, #9747), (#9748, #9749), (#9750, #9751), (#9752, #9753), (#9754, #9755)), .UNSPECIFIED., .F., .F., .U.)
   B_SPLINE_SURFACE_WITH_KNOTS ((3, 2, 3), (2, 2), (119.25, 119.75, 120.25), (0., 1.), .UNSPECIFIED.)
   GEOMETRIC_REPRESENTATION_ITEM ()
   RATIONAL_B_SPLINE_SURFACE (((1., 1.), (0.707106781186548, 0.707106781186548), (1., 1.), (0.707106781186548, 0.707106781186548), (1., 1.)))
   REPRESENTATION_ITEM ('')
   SURFACE ()
);
#9757 = ADVANCED_FACE ('', (#9745), #9756, .T.);
#9758 = CARTESIAN_POINT ('', (-96.25, 5.49999999999999, 5.));
#9759 = CARTESIAN_POINT ('', (-102.75, 5.5, 5.));
#9760 = B_SPLINE_CURVE_WITH_KNOTS ('', 1, (#9758, #9759), .UNSPECIFIED., .F., .U., (2, 2), (120.25, 121.25), .UNSPECIFIED.);
#9761 = EDGE_CURVE ('', #9728, #9431, #9760, .T.);
#9762 = ORIENTED_EDGE ('', *, *, #9761, .F.);
#9763 = ORIENTED_EDGE ('', *, *, #9742, .F.);
#9764 = ORIENTED_EDGE ('', *, *, #832, .T.);
#9765 = ORIENTED_EDGE ('', *, *, #9443, .T.);
#9766 = EDGE_LOOP ('', (#9762, #9763, #9764, #9765));
#9767 = FACE_OUTER_BOUND ('', #9766, .T.);
#9768 = CARTESIAN_POINT ('', (-96.25, 5.49999999999999, 3.5));
#9769 = CARTESIAN_POINT ('', (-96.25, 5.49999999999999, 5.));
#9770 = CARTESIAN_POINT ('', (-102.75, 5.5, 3.5));
#9771 = CARTESIAN_POINT ('', (-102.75, 5.5, 5.));
#9772 = B_SPLINE_SURFACE_WITH_KNOTS ('', 1, 1, ((#9768, #9769), (#9770, #9771)), .UNSPECIFIED., .F., .F., .U., (2, 2), (2, 2), (120.25, 121.25), (0., 1.), .UNSPECIFIED.);
#9773 = ADVANCED_FACE ('', (#9767), #9772, .T.);
#9774 = CARTESIAN_POINT ('', (-75.25, 5.5, 5.));
#9775 = VERTEX_POINT ('', #9774);
#9776 = CARTESIAN_POINT ('', (-74.75, 6., 5.));
#9777 = VERTEX_POINT ('', #9776);
#9778 = CARTESIAN_POINT ('', (-75.25, 5.5, 5.));
#9779 = CARTESIAN_POINT ('', (-74.75, 5.5, 5.));
#9780 = CARTESIAN_POINT ('', (-74.75, 6., 5.));
#9781 = (
   BOUNDED_CURVE ()
   B_SPLINE_CURVE (2, (#9778, #9779, #9780), .UNSPECIFIED., .F., .U.)
   B_SPLINE_CURVE_WITH_KNOTS ((3, 3), (165.75, 166.75), .UNSPECIFIED.)
   CURVE ()
   GEOMETRIC_REPRESENTATION_ITEM ()
   RATIONAL_B_SPLINE_CURVE ((1., 0.707106781186548, 1.))
   REPRESENTATION_ITEM ('')
);
#9782 = EDGE_CURVE ('', #9775, #9777, #9781, .T.);
#9783 = ORIENTED_EDGE ('', *, *, #9782, .T.);
#9784 = CARTESIAN_POINT ('', (-74.75, 6., 3.5));
#9785 = CARTESIAN_POINT ('', (-74.75, 6., 5.));
#9786 = B_SPLINE_CURVE_WITH_KNOTS ('', 1, (#9784, #9785), .UNSPECIFIED., .F., .U., (2, 2), (0., 1.), .UNSPECIFIED.);
#9787 = EDGE_CURVE ('', #710, #9777, #9786, .T.);
#9788 = ORIENTED_EDGE ('', *, *, #9787, .F.);
#9789 = ORIENTED_EDGE ('', *, *, #715, .F.);
#9790 = CARTESIAN_POINT ('', (-75.25, 5.5, 3.5));
#9791 = CARTESIAN_POINT ('', (-75.25, 5.5, 5.));
#9792 = B_SPLINE_CURVE_WITH_KNOTS ('', 1, (#9790, #9791), .UNSPECIFIED., .F., .U., (2, 2), (0., 1.), .UNSPECIFIED.);
#9793 = EDGE_CURVE ('', #703, #9775, #9792, .T.);
#9794 = ORIENTED_EDGE ('', *, *, #9793, .T.);
#9795 = EDGE_LOOP ('', (#9783, #9788, #9789, #9794));
#9796 = FACE_OUTER_BOUND ('', #9795, .T.);
#9797 = CARTESIAN_POINT ('', (-75.25, 5.5, 3.5));
#9798 = CARTESIAN_POINT ('', (-74.75, 5.5, 3.5));
#9799 = CARTESIAN_POINT ('', (-74.75, 6., 3.5));
#9800 = CARTESIAN_POINT ('', (-75.25, 5.5, 5.));
#9801 = CARTESIAN_POINT ('', (-74.75, 5.5, 5.));
#9802 = CARTESIAN_POINT ('', (-74.75, 6., 5.));
#9803 = (
   BOUNDED_SURFACE ()
   B_SPLINE_SURFACE (1, 2, ((#9797, #9798, #9799), (#9800, #9801, #9802)), .UNSPECIFIED., .F., .F., .U.)
   B_SPLINE_SURFACE_WITH_KNOTS ((2, 2), (3, 3), (0., 1.), (165.75, 166.75), .UNSPECIFIED.)
   GEOMETRIC_REPRESENTATION_ITEM ()
   RATIONAL_B_SPLINE_SURFACE (((1., 0.707106781186548, 1.), (1., 0.707106781186548, 1.)))
   REPRESENTATION_ITEM ('')
   SURFACE ()
);
#9804 = ADVANCED_FACE ('', (#9796), #9803, .T.);
#9805 = CARTESIAN_POINT ('', (-81.75, 5.49999999999999, 5.));
#9806 = VERTEX_POINT ('', #9805);
#9807 = CARTESIAN_POINT ('', (-81.75, 5.49999999999999, 5.));
#9808 = CARTESIAN_POINT ('', (-75.25, 5.5, 5.));
#9809 = B_SPLINE_CURVE_WITH_KNOTS ('', 1, (#9807, #9808), .UNSPECIFIED., .F., .U., (2, 2), (164.75, 165.75), .UNSPECIFIED.);
#9810 = EDGE_CURVE ('', #9806, #9775, #9809, .T.);
#9811 = ORIENTED_EDGE ('', *, *, #9810, .T.);
#9812 = ORIENTED_EDGE ('', *, *, #9793, .F.);
#9813 = ORIENTED_EDGE ('', *, *, #707, .F.);
#9814 = CARTESIAN_POINT ('', (-81.75, 5.49999999999999, 3.5));
#9815 = CARTESIAN_POINT ('', (-81.75, 5.49999999999999, 5.));
#9816 = B_SPLINE_CURVE_WITH_KNOTS ('', 1, (#9814, #9815), .UNSPECIFIED., .F., .U., (2, 2), (0., 1.), .UNSPECIFIED.);
#9817 = EDGE_CURVE ('', #693, #9806, #9816, .T.);
#9818 = ORIENTED_EDGE ('', *, *, #9817, .T.);
#9819 = EDGE_LOOP ('', (#9811, #9812, #9813, #9818));
#9820 = FACE_OUTER_BOUND ('', #9819, .T.);
#9821 = CARTESIAN_POINT ('', (-81.75, 5.49999999999999, 3.5));
#9822 = CARTESIAN_POINT ('', (-75.25, 5.5, 3.5));
#9823 = CARTESIAN_POINT ('', (-81.75, 5.49999999999999, 5.));
#9824 = CARTESIAN_POINT ('', (-75.25, 5.5, 5.));
#9825 = B_SPLINE_SURFACE_WITH_KNOTS ('', 1, 1, ((#9821, #9822), (#9823, #9824)), .UNSPECIFIED., .F., .F., .U., (2, 2), (2, 2), (0., 1.), (164.75, 165.75), .UNSPECIFIED.);
#9826 = ADVANCED_FACE ('', (#9820), #9825, .T.);
#9827 = CARTESIAN_POINT ('', (-81.75, 6.49999999999999, 5.));
#9828 = VERTEX_POINT ('', #9827);
#9829 = CARTESIAN_POINT ('', (-81.75, 6.49999999999999, 5.));
#9830 = CARTESIAN_POINT ('', (-82.25, 6.49999999999999, 5.));
#9831 = CARTESIAN_POINT ('', (-82.25, 5.99999999999999, 5.));
#9832 = CARTESIAN_POINT ('', (-82.25, 5.49999999999999, 5.));
#9833 = CARTESIAN_POINT ('', (-81.75, 5.49999999999999, 5.));
#9834 = (
   BOUNDED_CURVE ()
   B_SPLINE_CURVE (2, (#9829, #9830, #9831, #9832, #9833), .UNSPECIFIED., .F., .U.)
   B_SPLINE_CURVE_WITH_KNOTS ((3, 2, 3), (163.75, 164.25, 164.75), .UNSPECIFIED.)
   CURVE ()
   GEOMETRIC_REPRESENTATION_ITEM ()
   RATIONAL_B_SPLINE_CURVE ((1., 0.707106781186548, 1., 0.707106781186548, 1.))
   REPRESENTATION_ITEM ('')
);
#9835 = EDGE_CURVE ('', #9828, #9806, #9834, .T.);
#9836 = ORIENTED_EDGE ('', *, *, #9835, .T.);
#9837 = ORIENTED_EDGE ('', *, *, #9817, .F.);
#9838 = ORIENTED_EDGE ('', *, *, #700, .F.);
#9839 = CARTESIAN_POINT ('', (-81.75, 6.49999999999999, 3.5));
#9840 = CARTESIAN_POINT ('', (-81.75, 6.49999999999999, 5.));
#9841 = B_SPLINE_CURVE_WITH_KNOTS ('', 1, (#9839, #9840), .UNSPECIFIED., .F., .U., (2, 2), (0., 1.), .UNSPECIFIED.);
#9842 = EDGE_CURVE ('', #686, #9828, #9841, .T.);
#9843 = ORIENTED_EDGE ('', *, *, #9842, .T.);
#9844 = EDGE_LOOP ('', (#9836, #9837, #9838, #9843));
#9845 = FACE_OUTER_BOUND ('', #9844, .T.);
#9846 = CARTESIAN_POINT ('', (-81.75, 6.49999999999999, 3.5));
#9847 = CARTESIAN_POINT ('', (-82.25, 6.49999999999999, 3.5));
#9848 = CARTESIAN_POINT ('', (-82.25, 5.99999999999999, 3.5));
#9849 = CARTESIAN_POINT ('', (-82.25, 5.49999999999999, 3.5));
#9850 = CARTESIAN_POINT ('', (-81.75, 5.49999999999999, 3.5));
#9851 = CARTESIAN_POINT ('', (-81.75, 6.49999999999999, 5.));
#9852 = CARTESIAN_POINT ('', (-82.25, 6.49999999999999, 5.));
#9853 = CARTESIAN_POINT ('', (-82.25, 5.99999999999999, 5.));
#9854 = CARTESIAN_POINT ('', (-82.25, 5.49999999999999, 5.));
#9855 = CARTESIAN_POINT ('', (-81.75, 5.49999999999999, 5.));
#9856 = (
   BOUNDED_SURFACE ()
   B_SPLINE_SURFACE (1, 2, ((#9846, #9847, #9848, #9849, #9850), (#9851, #9852, #9853, #9854, #9855)), .UNSPECIFIED., .F., .F., .U.)
   B_SPLINE_SURFACE_WITH_KNOTS ((2, 2), (3, 2, 3), (0., 1.), (163.75, 164.25, 164.75), .UNSPECIFIED.)
   GEOMETRIC_REPRESENTATION_ITEM ()
   RATIONAL_B_SPLINE_SURFACE (((1., 0.707106781186548, 1., 0.707106781186548, 1.), (1., 0.707106781186548, 1., 0.707106781186548, 1.)))
   REPRESENTATION_ITEM ('')
   SURFACE ()
);
#9857 = ADVANCED_FACE ('', (#9845), #9856, .T.);
#9858 = CARTESIAN_POINT ('', (-78.25, 6.49999999999999, 5.));
#9859 = VERTEX_POINT ('', #9858);
#9860 = CARTESIAN_POINT ('', (-78.25, 6.49999999999999, 5.));
#9861 = CARTESIAN_POINT ('', (-81.75, 6.49999999999999, 5.));
#9862 = B_SPLINE_CURVE_WITH_KNOTS ('', 1, (#9860, #9861), .UNSPECIFIED., .F., .U., (2, 2), (162.75, 163.75), .UNSPECIFIED.);
#9863 = EDGE_CURVE ('', #9859, #9828, #9862, .T.);
#9864 = ORIENTED_EDGE ('', *, *, #9863, .T.);
#9865 = ORIENTED_EDGE ('', *, *, #9842, .F.);
#9866 = ORIENTED_EDGE ('', *, *, #690, .F.);
#9867 = CARTESIAN_POINT ('', (-78.25, 6.49999999999999, 3.5));
#9868 = CARTESIAN_POINT ('', (-78.25, 6.49999999999999, 5.));
#9869 = B_SPLINE_CURVE_WITH_KNOTS ('', 1, (#9867, #9868), .UNSPECIFIED., .F., .U., (2, 2), (0., 1.), .UNSPECIFIED.);
#9870 = EDGE_CURVE ('', #678, #9859, #9869, .T.);
#9871 = ORIENTED_EDGE ('', *, *, #9870, .T.);
#9872 = EDGE_LOOP ('', (#9864, #9865, #9866, #9871));
#9873 = FACE_OUTER_BOUND ('', #9872, .T.);
#9874 = CARTESIAN_POINT ('', (-78.25, 6.49999999999999, 3.5));
#9875 = CARTESIAN_POINT ('', (-81.75, 6.49999999999999, 3.5));
#9876 = CARTESIAN_POINT ('', (-78.25, 6.49999999999999, 5.));
#9877 = CARTESIAN_POINT ('', (-81.75, 6.49999999999999, 5.));
#9878 = B_SPLINE_SURFACE_WITH_KNOTS ('', 1, 1, ((#9874, #9875), (#9876, #9877)), .UNSPECIFIED., .F., .F., .U., (2, 2), (2, 2), (0., 1.), (162.75, 163.75), .UNSPECIFIED.);
#9879 = ADVANCED_FACE ('', (#9873), #9878, .T.);
#9880 = CARTESIAN_POINT ('', (-75.75, 8.99999999999999, 5.));
#9881 = VERTEX_POINT ('', #9880);
#9882 = CARTESIAN_POINT ('', (-75.75, 8.99999999999999, 5.));
#9883 = CARTESIAN_POINT ('', (-75.75, 6.49999999999999, 5.));
#9884 = CARTESIAN_POINT ('', (-78.25, 6.49999999999999, 5.));
#9885 = (
   BOUNDED_CURVE ()
   B_SPLINE_CURVE (2, (#9882, #9883, #9884), .UNSPECIFIED., .F., .U.)
   B_SPLINE_CURVE_WITH_KNOTS ((3, 3), (161.75, 162.75), .UNSPECIFIED.)
   CURVE ()
   GEOMETRIC_REPRESENTATION_ITEM ()
   RATIONAL_B_SPLINE_CURVE ((1., 0.707106781186548, 1.))
   REPRESENTATION_ITEM ('')
);
#9886 = EDGE_CURVE ('', #9881, #9859, #9885, .T.);
#9887 = ORIENTED_EDGE ('', *, *, #9886, .T.);
#9888 = ORIENTED_EDGE ('', *, *, #9870, .F.);
#9889 = ORIENTED_EDGE ('', *, *, #683, .F.);
#9890 = CARTESIAN_POINT ('', (-75.75, 9., 3.5));
#9891 = CARTESIAN_POINT ('', (-75.75, 9., 5.));
#9892 = B_SPLINE_CURVE_WITH_KNOTS ('', 1, (#9890, #9891), .UNSPECIFIED., .F., .U., (2, 2), (0., 1.), .UNSPECIFIED.);
#9893 = EDGE_CURVE ('', #671, #9881, #9892, .T.);
#9894 = ORIENTED_EDGE ('', *, *, #9893, .T.);
#9895 = EDGE_LOOP ('', (#9887, #9888, #9889, #9894));
#9896 = FACE_OUTER_BOUND ('', #9895, .T.);
#9897 = CARTESIAN_POINT ('', (-75.75, 8.99999999999999, 3.5));
#9898 = CARTESIAN_POINT ('', (-75.75, 6.49999999999999, 3.5));
#9899 = CARTESIAN_POINT ('', (-78.25, 6.49999999999999, 3.5));
#9900 = CARTESIAN_POINT ('', (-75.75, 8.99999999999999, 5.));
#9901 = CARTESIAN_POINT ('', (-75.75, 6.49999999999999, 5.));
#9902 = CARTESIAN_POINT ('', (-78.25, 6.49999999999999, 5.));
#9903 = (
   BOUNDED_SURFACE ()
   B_SPLINE_SURFACE (1, 2, ((#9897, #9898, #9899), (#9900, #9901, #9902)), .UNSPECIFIED., .F., .F., .U.)
   B_SPLINE_SURFACE_WITH_KNOTS ((2, 2), (3, 3), (0., 1.), (161.75, 162.75), .UNSPECIFIED.)
   GEOMETRIC_REPRESENTATION_ITEM ()
   RATIONAL_B_SPLINE_SURFACE (((1., 0.707106781186548, 1.), (1., 0.707106781186548, 1.)))
   REPRESENTATION_ITEM ('')
   SURFACE ()
);
#9904 = ADVANCED_FACE ('', (#9896), #9903, .T.);
#9905 = CARTESIAN_POINT ('', (-75.75, 15., 5.));
#9906 = VERTEX_POINT ('', #9905);
#9907 = CARTESIAN_POINT ('', (-75.75, 15., 5.));
#9908 = CARTESIAN_POINT ('', (-75.75, 8.99999999999999, 5.));
#9909 = B_SPLINE_CURVE_WITH_KNOTS ('', 1, (#9907, #9908), .UNSPECIFIED., .F., .U., (2, 2), (160.75, 161.75), .UNSPECIFIED.);
#9910 = EDGE_CURVE ('', #9906, #9881, #9909, .T.);
#9911 = ORIENTED_EDGE ('', *, *, #9910, .T.);
#9912 = ORIENTED_EDGE ('', *, *, #9893, .F.);
#9913 = ORIENTED_EDGE ('', *, *, #675, .F.);
#9914 = CARTESIAN_POINT ('', (-75.75, 15., 3.5));
#9915 = CARTESIAN_POINT ('', (-75.75, 15., 5.));
#9916 = B_SPLINE_CURVE_WITH_KNOTS ('', 1, (#9914, #9915), .UNSPECIFIED., .F., .U., (2, 2), (0., 1.), .UNSPECIFIED.);
#9917 = EDGE_CURVE ('', #663, #9906, #9916, .T.);
#9918 = ORIENTED_EDGE ('', *, *, #9917, .T.);
#9919 = EDGE_LOOP ('', (#9911, #9912, #9913, #9918));
#9920 = FACE_OUTER_BOUND ('', #9919, .T.);
#9921 = CARTESIAN_POINT ('', (-75.75, 15., 3.5));
#9922 = CARTESIAN_POINT ('', (-75.75, 8.99999999999999, 3.5));
#9923 = CARTESIAN_POINT ('', (-75.75, 15., 5.));
#9924 = CARTESIAN_POINT ('', (-75.75, 8.99999999999999, 5.));
#9925 = B_SPLINE_SURFACE_WITH_KNOTS ('', 1, 1, ((#9921, #9922), (#9923, #9924)), .UNSPECIFIED., .F., .F., .U., (2, 2), (2, 2), (0., 1.), (160.75, 161.75), .UNSPECIFIED.);
#9926 = ADVANCED_FACE ('', (#9920), #9925, .T.);
#9927 = CARTESIAN_POINT ('', (-78.25, 17.5, 5.));
#9928 = VERTEX_POINT ('', #9927);
#9929 = CARTESIAN_POINT ('', (-78.25, 17.5, 5.));
#9930 = CARTESIAN_POINT ('', (-75.75, 17.5, 5.));
#9931 = CARTESIAN_POINT ('', (-75.75, 15., 5.));
#9932 = (
   BOUNDED_CURVE ()
   B_SPLINE_CURVE (2, (#9929, #9930, #9931), .UNSPECIFIED., .F., .U.)
   B_SPLINE_CURVE_WITH_KNOTS ((3, 3), (159.75, 160.75), .UNSPECIFIED.)
   CURVE ()
   GEOMETRIC_REPRESENTATION_ITEM ()
   RATIONAL_B_SPLINE_CURVE ((1., 0.707106781186548, 1.))
   REPRESENTATION_ITEM ('')
);
#9933 = EDGE_CURVE ('', #9928, #9906, #9932, .T.);
#9934 = ORIENTED_EDGE ('', *, *, #9933, .T.);
#9935 = ORIENTED_EDGE ('', *, *, #9917, .F.);
#9936 = ORIENTED_EDGE ('', *, *, #668, .F.);
#9937 = CARTESIAN_POINT ('', (-78.25, 17.5, 3.5));
#9938 = CARTESIAN_POINT ('', (-78.25, 17.5, 5.));
#9939 = B_SPLINE_CURVE_WITH_KNOTS ('', 1, (#9937, #9938), .UNSPECIFIED., .F., .U., (2, 2), (0., 1.), .UNSPECIFIED.);
#9940 = EDGE_CURVE ('', #656, #9928, #9939, .T.);
#9941 = ORIENTED_EDGE ('', *, *, #9940, .T.);
#9942 = EDGE_LOOP ('', (#9934, #9935, #9936, #9941));
#9943 = FACE_OUTER_BOUND ('', #9942, .T.);
#9944 = CARTESIAN_POINT ('', (-78.25, 17.5, 3.5));
#9945 = CARTESIAN_POINT ('', (-75.75, 17.5, 3.5));
#9946 = CARTESIAN_POINT ('', (-75.75, 15., 3.5));
#9947 = CARTESIAN_POINT ('', (-78.25, 17.5, 5.));
#9948 = CARTESIAN_POINT ('', (-75.75, 17.5, 5.));
#9949 = CARTESIAN_POINT ('', (-75.75, 15., 5.));
#9950 = (
   BOUNDED_SURFACE ()
   B_SPLINE_SURFACE (1, 2, ((#9944, #9945, #9946), (#9947, #9948, #9949)), .UNSPECIFIED., .F., .F., .U.)
   B_SPLINE_SURFACE_WITH_KNOTS ((2, 2), (3, 3), (0., 1.), (159.75, 160.75), .UNSPECIFIED.)
   GEOMETRIC_REPRESENTATION_ITEM ()
   RATIONAL_B_SPLINE_SURFACE (((1., 0.707106781186548, 1.), (1., 0.707106781186548, 1.)))
   REPRESENTATION_ITEM ('')
   SURFACE ()
);
#9951 = ADVANCED_FACE ('', (#9943), #9950, .T.);
#9952 = CARTESIAN_POINT ('', (-81.75, 17.5, 5.));
#9953 = VERTEX_POINT ('', #9952);
#9954 = CARTESIAN_POINT ('', (-81.75, 17.5, 5.));
#9955 = CARTESIAN_POINT ('', (-78.25, 17.5, 5.));
#9956 = B_SPLINE_CURVE_WITH_KNOTS ('', 1, (#9954, #9955), .UNSPECIFIED., .F., .U., (2, 2), (158.75, 159.75), .UNSPECIFIED.);
#9957 = EDGE_CURVE ('', #9953, #9928, #9956, .T.);
#9958 = ORIENTED_EDGE ('', *, *, #9957, .T.);
#9959 = ORIENTED_EDGE ('', *, *, #9940, .F.);
#9960 = ORIENTED_EDGE ('', *, *, #660, .F.);
#9961 = CARTESIAN_POINT ('', (-81.75, 17.5, 3.5));
#9962 = CARTESIAN_POINT ('', (-81.75, 17.5, 5.));
#9963 = B_SPLINE_CURVE_WITH_KNOTS ('', 1, (#9961, #9962), .UNSPECIFIED., .F., .U., (2, 2), (0., 1.), .UNSPECIFIED.);
#9964 = EDGE_CURVE ('', #646, #9953, #9963, .T.);
#9965 = ORIENTED_EDGE ('', *, *, #9964, .T.);
#9966 = EDGE_LOOP ('', (#9958, #9959, #9960, #9965));
#9967 = FACE_OUTER_BOUND ('', #9966, .T.);
#9968 = CARTESIAN_POINT ('', (-81.75, 17.5, 3.5));
#9969 = CARTESIAN_POINT ('', (-78.25, 17.5, 3.5));
#9970 = CARTESIAN_POINT ('', (-81.75, 17.5, 5.));
#9971 = CARTESIAN_POINT ('', (-78.25, 17.5, 5.));
#9972 = B_SPLINE_SURFACE_WITH_KNOTS ('', 1, 1, ((#9968, #9969), (#9970, #9971)), .UNSPECIFIED., .F., .F., .U., (2, 2), (2, 2), (0., 1.), (158.75, 159.75), .UNSPECIFIED.);
#9973 = ADVANCED_FACE ('', (#9967), #9972, .T.);
#9974 = CARTESIAN_POINT ('', (-81.75, 18.5, 5.));
#9975 = VERTEX_POINT ('', #9974);
#9976 = CARTESIAN_POINT ('', (-81.75, 18.5, 5.));
#9977 = CARTESIAN_POINT ('', (-82.25, 18.5, 5.));
#9978 = CARTESIAN_POINT ('', (-82.25, 18., 5.));
#9979 = CARTESIAN_POINT ('', (-82.25, 17.5, 5.));
#9980 = CARTESIAN_POINT ('', (-81.75, 17.5, 5.));
#9981 = (
   BOUNDED_CURVE ()
   B_SPLINE_CURVE (2, (#9976, #9977, #9978, #9979, #9980), .UNSPECIFIED., .F., .U.)
   B_SPLINE_CURVE_WITH_KNOTS ((3, 2, 3), (157.75, 158.25, 158.75), .UNSPECIFIED.)
   CURVE ()
   GEOMETRIC_REPRESENTATION_ITEM ()
   RATIONAL_B_SPLINE_CURVE ((1., 0.707106781186548, 1., 0.707106781186548, 1.))
   REPRESENTATION_ITEM ('')
);
#9982 = EDGE_CURVE ('', #9975, #9953, #9981, .T.);
#9983 = ORIENTED_EDGE ('', *, *, #9982, .T.);
#9984 = ORIENTED_EDGE ('', *, *, #9964, .F.);
#9985 = ORIENTED_EDGE ('', *, *, #653, .F.);
#9986 = CARTESIAN_POINT ('', (-81.75, 18.5, 3.5));
#9987 = CARTESIAN_POINT ('', (-81.75, 18.5, 5.));
#9988 = B_SPLINE_CURVE_WITH_KNOTS ('', 1, (#9986, #9987), .UNSPECIFIED., .F., .U., (2, 2), (0., 1.), .UNSPECIFIED.);
#9989 = EDGE_CURVE ('', #639, #9975, #9988, .T.);
#9990 = ORIENTED_EDGE ('', *, *, #9989, .T.);
#9991 = EDGE_LOOP ('', (#9983, #9984, #9985, #9990));
#9992 = FACE_OUTER_BOUND ('', #9991, .T.);
#9993 = CARTESIAN_POINT ('', (-81.75, 18.5, 3.5));
#9994 = CARTESIAN_POINT ('', (-82.25, 18.5, 3.5));
#9995 = CARTESIAN_POINT ('', (-82.25, 18., 3.5));
#9996 = CARTESIAN_POINT ('', (-82.25, 17.5, 3.5));
#9997 = CARTESIAN_POINT ('', (-81.75, 17.5, 3.5));
#9998 = CARTESIAN_POINT ('', (-81.75, 18.5, 5.));
#9999 = CARTESIAN_POINT ('', (-82.25, 18.5, 5.));
#10000 = CARTESIAN_POINT ('', (-82.25, 18., 5.));
#10001 = CARTESIAN_POINT ('', (-82.25, 17.5, 5.));
#10002 = CARTESIAN_POINT ('', (-81.75, 17.5, 5.));
#10003 = (
   BOUNDED_SURFACE ()
   B_SPLINE_SURFACE (1, 2, ((#9993, #9994, #9995, #9996, #9997), (#9998, #9999, #10000, #10001, #10002)), .UNSPECIFIED., .F., .F., .U.)
   B_SPLINE_SURFACE_WITH_KNOTS ((2, 2), (3, 2, 3), (0., 1.), (157.75, 158.25, 158.75), .UNSPECIFIED.)
   GEOMETRIC_REPRESENTATION_ITEM ()
   RATIONAL_B_SPLINE_SURFACE (((1., 0.707106781186548, 1., 0.707106781186548, 1.), (1., 0.707106781186548, 1., 0.707106781186548, 1.)))
   REPRESENTATION_ITEM ('')
   SURFACE ()
);
#10004 = ADVANCED_FACE ('', (#9992), #10003, .T.);
#10005 = CARTESIAN_POINT ('', (-78.25, 18.5, 5.));
#10006 = VERTEX_POINT ('', #10005);
#10007 = CARTESIAN_POINT ('', (-78.25, 18.5, 5.));
#10008 = CARTESIAN_POINT ('', (-81.75, 18.5, 5.));
#10009 = B_SPLINE_CURVE_WITH_KNOTS ('', 1, (#10007, #10008), .UNSPECIFIED., .F., .U., (2, 2), (156.75, 157.75), .UNSPECIFIED.);
#10010 = EDGE_CURVE ('', #10006, #9975, #10009, .T.);
#10011 = ORIENTED_EDGE ('', *, *, #10010, .T.);
#10012 = ORIENTED_EDGE ('', *, *, #9989, .F.);
#10013 = ORIENTED_EDGE ('', *, *, #643, .F.);
#10014 = CARTESIAN_POINT ('', (-78.25, 18.5, 3.5));
#10015 = CARTESIAN_POINT ('', (-78.25, 18.5, 5.));
#10016 = B_SPLINE_CURVE_WITH_KNOTS ('', 1, (#10014, #10015), .UNSPECIFIED., .F., .U., (2, 2), (0., 1.), .UNSPECIFIED.);
#10017 = EDGE_CURVE ('', #631, #10006, #10016, .T.);
#10018 = ORIENTED_EDGE ('', *, *, #10017, .T.);
#10019 = EDGE_LOOP ('', (#10011, #10012, #10013, #10018));
#10020 = FACE_OUTER_BOUND ('', #10019, .T.);
#10021 = CARTESIAN_POINT ('', (-78.25, 18.5, 3.5));
#10022 = CARTESIAN_POINT ('', (-81.75, 18.5, 3.5));
#10023 = CARTESIAN_POINT ('', (-78.25, 18.5, 5.));
#10024 = CARTESIAN_POINT ('', (-81.75, 18.5, 5.));
#10025 = B_SPLINE_SURFACE_WITH_KNOTS ('', 1, 1, ((#10021, #10022), (#10023, #10024)), .UNSPECIFIED., .F., .F., .U., (2, 2), (2, 2), (0., 1.), (156.75, 157.75), .UNSPECIFIED.);
#10026 = ADVANCED_FACE ('', (#10020), #10025, .T.);
#10027 = CARTESIAN_POINT ('', (-75.75, 21., 5.));
#10028 = VERTEX_POINT ('', #10027);
#10029 = CARTESIAN_POINT ('', (-75.75, 21., 5.));
#10030 = CARTESIAN_POINT ('', (-75.75, 18.5, 5.));
#10031 = CARTESIAN_POINT ('', (-78.25, 18.5, 5.));
#10032 = (
   BOUNDED_CURVE ()
   B_SPLINE_CURVE (2, (#10029, #10030, #10031), .UNSPECIFIED., .F., .U.)
   B_SPLINE_CURVE_WITH_KNOTS ((3, 3), (155.75, 156.75), .UNSPECIFIED.)
   CURVE ()
   GEOMETRIC_REPRESENTATION_ITEM ()
   RATIONAL_B_SPLINE_CURVE ((1., 0.707106781186548, 1.))
   REPRESENTATION_ITEM ('')
);
#10033 = EDGE_CURVE ('', #10028, #10006, #10032, .T.);
#10034 = ORIENTED_EDGE ('', *, *, #10033, .T.);
#10035 = ORIENTED_EDGE ('', *, *, #10017, .F.);
#10036 = ORIENTED_EDGE ('', *, *, #636, .F.);
#10037 = CARTESIAN_POINT ('', (-75.75, 21., 3.5));
#10038 = CARTESIAN_POINT ('', (-75.75, 21., 5.));
#10039 = B_SPLINE_CURVE_WITH_KNOTS ('', 1, (#10037, #10038), .UNSPECIFIED., .F., .U., (2, 2), (0., 1.), .UNSPECIFIED.);
#10040 = EDGE_CURVE ('', #623, #10028, #10039, .T.);
#10041 = ORIENTED_EDGE ('', *, *, #10040, .T.);
#10042 = EDGE_LOOP ('', (#10034, #10035, #10036, #10041));
#10043 = FACE_OUTER_BOUND ('', #10042, .T.);
#10044 = CARTESIAN_POINT ('', (-75.75, 21., 3.5));
#10045 = CARTESIAN_POINT ('', (-75.75, 18.5, 3.5));
#10046 = CARTESIAN_POINT ('', (-78.25, 18.5, 3.5));
#10047 = CARTESIAN_POINT ('', (-75.75, 21., 5.));
#10048 = CARTESIAN_POINT ('', (-75.75, 18.5, 5.));
#10049 = CARTESIAN_POINT ('', (-78.25, 18.5, 5.));
#10050 = (
   BOUNDED_SURFACE ()
   B_SPLINE_SURFACE (1, 2, ((#10044, #10045, #10046), (#10047, #10048, #10049)), .UNSPECIFIED., .F., .F., .U.)
   B_SPLINE_SURFACE_WITH_KNOTS ((2, 2), (3, 3), (0., 1.), (155.75, 156.75), .UNSPECIFIED.)
   GEOMETRIC_REPRESENTATION_ITEM ()
   RATIONAL_B_SPLINE_SURFACE (((1., 0.707106781186548, 1.), (1., 0.707106781186548, 1.)))
   REPRESENTATION_ITEM ('')
   SURFACE ()
);
#10051 = ADVANCED_FACE ('', (#10043), #10050, .T.);
#10052 = CARTESIAN_POINT ('', (-75.25, 21.5, 5.));
#10053 = VERTEX_POINT ('', #10052);
#10054 = CARTESIAN_POINT ('', (-75.25, 21.5, 5.));
#10055 = CARTESIAN_POINT ('', (-75.75, 21.5, 5.));
#10056 = CARTESIAN_POINT ('', (-75.75, 21., 5.));
#10057 = (
   BOUNDED_CURVE ()
   B_SPLINE_CURVE (2, (#10054, #10055, #10056), .UNSPECIFIED., .F., .U.)
   B_SPLINE_CURVE_WITH_KNOTS ((3, 3), (154.75, 155.75), .UNSPECIFIED.)
   CURVE ()
   GEOMETRIC_REPRESENTATION_ITEM ()
   RATIONAL_B_SPLINE_CURVE ((1., 0.707106781186548, 1.))
   REPRESENTATION_ITEM ('')
);
#10058 = EDGE_CURVE ('', #10053, #10028, #10057, .T.);
#10059 = ORIENTED_EDGE ('', *, *, #10058, .T.);
#10060 = ORIENTED_EDGE ('', *, *, #10040, .F.);
#10061 = ORIENTED_EDGE ('', *, *, #628, .F.);
#10062 = CARTESIAN_POINT ('', (-75.25, 21.5, 3.5));
#10063 = CARTESIAN_POINT ('', (-75.25, 21.5, 5.));
#10064 = B_SPLINE_CURVE_WITH_KNOTS ('', 1, (#10062, #10063), .UNSPECIFIED., .F., .U., (2, 2), (0., 1.), .UNSPECIFIED.);
#10065 = EDGE_CURVE ('', #615, #10053, #10064, .T.);
#10066 = ORIENTED_EDGE ('', *, *, #10065, .T.);
#10067 = EDGE_LOOP ('', (#10059, #10060, #10061, #10066));
#10068 = FACE_OUTER_BOUND ('', #10067, .T.);
#10069 = CARTESIAN_POINT ('', (-75.25, 21.5, 3.5));
#10070 = CARTESIAN_POINT ('', (-75.75, 21.5, 3.5));
#10071 = CARTESIAN_POINT ('', (-75.75, 21., 3.5));
#10072 = CARTESIAN_POINT ('', (-75.25, 21.5, 5.));
#10073 = CARTESIAN_POINT ('', (-75.75, 21.5, 5.));
#10074 = CARTESIAN_POINT ('', (-75.75, 21., 5.));
#10075 = (
   BOUNDED_SURFACE ()
   B_SPLINE_SURFACE (1, 2, ((#10069, #10070, #10071), (#10072, #10073, #10074)), .UNSPECIFIED., .F., .F., .U.)
   B_SPLINE_SURFACE_WITH_KNOTS ((2, 2), (3, 3), (0., 1.), (154.75, 155.75), .UNSPECIFIED.)
   GEOMETRIC_REPRESENTATION_ITEM ()
   RATIONAL_B_SPLINE_SURFACE (((1., 0.707106781186548, 1.), (1., 0.707106781186548, 1.)))
   REPRESENTATION_ITEM ('')
   SURFACE ()
);
#10076 = ADVANCED_FACE ('', (#10068), #10075, .T.);
#10077 = CARTESIAN_POINT ('', (-74.75, 21., 5.));
#10078 = VERTEX_POINT ('', #10077);
#10079 = CARTESIAN_POINT ('', (-74.75, 21., 5.));
#10080 = CARTESIAN_POINT ('', (-74.75, 21.5, 5.));
#10081 = CARTESIAN_POINT ('', (-75.25, 21.5, 5.));
#10082 = (
   BOUNDED_CURVE ()
   B_SPLINE_CURVE (2, (#10079, #10080, #10081), .UNSPECIFIED., .F., .U.)
   B_SPLINE_CURVE_WITH_KNOTS ((3, 3), (153.75, 154.75), .UNSPECIFIED.)
   CURVE ()
   GEOMETRIC_REPRESENTATION_ITEM ()
   RATIONAL_B_SPLINE_CURVE ((1., 0.707106781186548, 1.))
   REPRESENTATION_ITEM ('')
);
#10083 = EDGE_CURVE ('', #10078, #10053, #10082, .T.);
#10084 = ORIENTED_EDGE ('', *, *, #10083, .T.);
#10085 = ORIENTED_EDGE ('', *, *, #10065, .F.);
#10086 = ORIENTED_EDGE ('', *, *, #620, .F.);
#10087 = CARTESIAN_POINT ('', (-74.75, 21., 3.5));
#10088 = CARTESIAN_POINT ('', (-74.75, 21., 5.));
#10089 = B_SPLINE_CURVE_WITH_KNOTS ('', 1, (#10087, #10088), .UNSPECIFIED., .F., .U., (2, 2), (0., 1.), .UNSPECIFIED.);
#10090 = EDGE_CURVE ('', #613, #10078, #10089, .T.);
#10091 = ORIENTED_EDGE ('', *, *, #10090, .T.);
#10092 = EDGE_LOOP ('', (#10084, #10085, #10086, #10091));
#10093 = FACE_OUTER_BOUND ('', #10092, .T.);
#10094 = CARTESIAN_POINT ('', (-74.75, 21., 3.5));
#10095 = CARTESIAN_POINT ('', (-74.75, 21.5, 3.5));
#10096 = CARTESIAN_POINT ('', (-75.25, 21.5, 3.5));
#10097 = CARTESIAN_POINT ('', (-74.75, 21., 5.));
#10098 = CARTESIAN_POINT ('', (-74.75, 21.5, 5.));
#10099 = CARTESIAN_POINT ('', (-75.25, 21.5, 5.));
#10100 = (
   BOUNDED_SURFACE ()
   B_SPLINE_SURFACE (1, 2, ((#10094, #10095, #10096), (#10097, #10098, #10099)), .UNSPECIFIED., .F., .F., .U.)
   B_SPLINE_SURFACE_WITH_KNOTS ((2, 2), (3, 3), (0., 1.), (153.75, 154.75), .UNSPECIFIED.)
   GEOMETRIC_REPRESENTATION_ITEM ()
   RATIONAL_B_SPLINE_SURFACE (((1., 0.707106781186548, 1.), (1., 0.707106781186548, 1.)))
   REPRESENTATION_ITEM ('')
   SURFACE ()
);
#10101 = ADVANCED_FACE ('', (#10093), #10100, .T.);
#10102 = CARTESIAN_POINT ('', (-74.75, 6., 5.));
#10103 = CARTESIAN_POINT ('', (-74.75, 21., 5.));
#10104 = B_SPLINE_CURVE_WITH_KNOTS ('', 1, (#10102, #10103), .UNSPECIFIED., .F., .U., (2, 2), (138.75, 153.75), .UNSPECIFIED.);
#10105 = EDGE_CURVE ('', #9777, #10078, #10104, .T.);
#10106 = ORIENTED_EDGE ('', *, *, #10105, .T.);
#10107 = ORIENTED_EDGE ('', *, *, #10090, .F.);
#10108 = ORIENTED_EDGE ('', *, *, #720, .F.);
#10109 = ORIENTED_EDGE ('', *, *, #9787, .T.);
#10110 = EDGE_LOOP ('', (#10106, #10107, #10108, #10109));
#10111 = FACE_OUTER_BOUND ('', #10110, .T.);
#10112 = CARTESIAN_POINT ('', (-74.75, 6., 3.5));
#10113 = CARTESIAN_POINT ('', (-74.75, 21., 3.5));
#10114 = CARTESIAN_POINT ('', (-74.75, 6., 5.));
#10115 = CARTESIAN_POINT ('', (-74.75, 21., 5.));
#10116 = B_SPLINE_SURFACE_WITH_KNOTS ('', 1, 1, ((#10112, #10113), (#10114, #10115)), .UNSPECIFIED., .F., .F., .U., (2, 2), (2, 2), (0., 1.), (138.75, 153.75), .UNSPECIFIED.);
#10117 = ADVANCED_FACE ('', (#10111), #10116, .T.);
#10118 = CARTESIAN_POINT ('', (-98.25, 9.49999999999999, 5.));
#10119 = VERTEX_POINT ('', #10118);
#10120 = CARTESIAN_POINT ('', (-98.25, 14.5, 5.));
#10121 = VERTEX_POINT ('', #10120);
#10122 = CARTESIAN_POINT ('', (-98.25, 9.49999999999999, 5.));
#10123 = CARTESIAN_POINT ('', (-96.25, 9.49999999999999, 5.));
#10124 = CARTESIAN_POINT ('', (-96.25, 12., 5.));
#10125 = CARTESIAN_POINT ('', (-96.25, 14.5, 5.));
#10126 = CARTESIAN_POINT ('', (-98.25, 14.5, 5.));
#10127 = (
   BOUNDED_CURVE ()
   B_SPLINE_CURVE (2, (#10122, #10123, #10124, #10125, #10126), .UNSPECIFIED., .F., .U.)
   B_SPLINE_CURVE_WITH_KNOTS ((3, 2, 3), (1120.75, 1121.25, 1121.75), .UNSPECIFIED.)
   CURVE ()
   GEOMETRIC_REPRESENTATION_ITEM ()
   RATIONAL_B_SPLINE_CURVE ((1., 0.707106781186548, 1., 0.707106781186548, 1.))
   REPRESENTATION_ITEM ('')
);
#10128 = EDGE_CURVE ('', #10119, #10121, #10127, .T.);
#10129 = ORIENTED_EDGE ('', *, *, #10128, .F.);
#10130 = CARTESIAN_POINT ('', (-98.25, 9.49999999999999, 3.5));
#10131 = CARTESIAN_POINT ('', (-98.25, 9.49999999999999, 5.));
#10132 = B_SPLINE_CURVE_WITH_KNOTS ('', 1, (#10130, #10131), .UNSPECIFIED., .F., .U., (2, 2), (0., 1.), .UNSPECIFIED.);
#10133 = EDGE_CURVE ('', #593, #10119, #10132, .T.);
#10134 = ORIENTED_EDGE ('', *, *, #10133, .F.);
#10135 = ORIENTED_EDGE ('', *, *, #600, .T.);
#10136 = CARTESIAN_POINT ('', (-98.25, 14.5, 3.5));
#10137 = CARTESIAN_POINT ('', (-98.25, 14.5, 5.));
#10138 = B_SPLINE_CURVE_WITH_KNOTS ('', 1, (#10136, #10137), .UNSPECIFIED., .F., .U., (2, 2), (0., 1.), .UNSPECIFIED.);
#10139 = EDGE_CURVE ('', #583, #10121, #10138, .T.);
#10140 = ORIENTED_EDGE ('', *, *, #10139, .T.);
#10141 = EDGE_LOOP ('', (#10129, #10134, #10135, #10140));
#10142 = FACE_OUTER_BOUND ('', #10141, .T.);
#10143 = CARTESIAN_POINT ('', (-98.25, 9.49999999999999, 3.5));
#10144 = CARTESIAN_POINT ('', (-98.25, 9.49999999999999, 5.));
#10145 = CARTESIAN_POINT ('', (-96.25, 9.49999999999999, 3.5));
#10146 = CARTESIAN_POINT ('', (-96.25, 9.49999999999999, 5.));
#10147 = CARTESIAN_POINT ('', (-96.25, 12., 3.5));
#10148 = CARTESIAN_POINT ('', (-96.25, 12., 5.));
#10149 = CARTESIAN_POINT ('', (-96.25, 14.5, 3.5));
#10150 = CARTESIAN_POINT ('', (-96.25, 14.5, 5.));
#10151 = CARTESIAN_POINT ('', (-98.25, 14.5, 3.5));
#10152 = CARTESIAN_POINT ('', (-98.25, 14.5, 5.));
#10153 = (
   BOUNDED_SURFACE ()
   B_SPLINE_SURFACE (2, 1, ((#10143, #10144), (#10145, #10146), (#10147, #10148), (#10149, #10150), (#10151, #10152)), .UNSPECIFIED., .F., .F., .U.)
   B_SPLINE_SURFACE_WITH_KNOTS ((3, 2, 3), (2, 2), (0., 0.5, 1.), (0., 1.), .UNSPECIFIED.)
   GEOMETRIC_REPRESENTATION_ITEM ()
   RATIONAL_B_SPLINE_SURFACE (((1., 1.), (0.707106781186548, 0.707106781186548), (1., 1.), (0.707106781186548, 0.707106781186548), (1., 1.)))
   REPRESENTATION_ITEM ('')
   SURFACE ()
);
#10154 = ADVANCED_FACE ('', (#10142), #10153, .T.);
#10155 = CARTESIAN_POINT ('', (-98.25, 15.5, 5.));
#10156 = VERTEX_POINT ('', #10155);
#10157 = CARTESIAN_POINT ('', (-98.25, 14.5, 5.));
#10158 = CARTESIAN_POINT ('', (-98.75, 14.5, 5.));
#10159 = CARTESIAN_POINT ('', (-98.75, 15., 5.));
#10160 = CARTESIAN_POINT ('', (-98.75, 15.5, 5.));
#10161 = CARTESIAN_POINT ('', (-98.25, 15.5, 5.));
#10162 = (
   BOUNDED_CURVE ()
   B_SPLINE_CURVE (2, (#10157, #10158, #10159, #10160, #10161), .UNSPECIFIED., .F., .U.)
   B_SPLINE_CURVE_WITH_KNOTS ((3, 2, 3), (735.75, 736.25, 736.75), .UNSPECIFIED.)
   CURVE ()
   GEOMETRIC_REPRESENTATION_ITEM ()
   RATIONAL_B_SPLINE_CURVE ((1., 0.707106781186548, 1., 0.707106781186548, 1.))
   REPRESENTATION_ITEM ('')
);
#10163 = EDGE_CURVE ('', #10121, #10156, #10162, .T.);
#10164 = ORIENTED_EDGE ('', *, *, #10163, .F.);
#10165 = ORIENTED_EDGE ('', *, *, #10139, .F.);
#10166 = ORIENTED_EDGE ('', *, *, #590, .T.);
#10167 = CARTESIAN_POINT ('', (-98.25, 15.5, 3.5));
#10168 = CARTESIAN_POINT ('', (-98.25, 15.5, 5.));
#10169 = B_SPLINE_CURVE_WITH_KNOTS ('', 1, (#10167, #10168), .UNSPECIFIED., .F., .U., (2, 2), (0., 1.), .UNSPECIFIED.);
#10170 = EDGE_CURVE ('', #576, #10156, #10169, .T.);
#10171 = ORIENTED_EDGE ('', *, *, #10170, .T.);
#10172 = EDGE_LOOP ('', (#10164, #10165, #10166, #10171));
#10173 = FACE_OUTER_BOUND ('', #10172, .T.);
#10174 = CARTESIAN_POINT ('', (-98.25, 14.5, 3.5));
#10175 = CARTESIAN_POINT ('', (-98.25, 14.5, 5.));
#10176 = CARTESIAN_POINT ('', (-98.75, 14.5, 3.5));
#10177 = CARTESIAN_POINT ('', (-98.75, 14.5, 5.));
#10178 = CARTESIAN_POINT ('', (-98.75, 15., 3.5));
#10179 = CARTESIAN_POINT ('', (-98.75, 15., 5.));
#10180 = CARTESIAN_POINT ('', (-98.75, 15.5, 3.5));
#10181 = CARTESIAN_POINT ('', (-98.75, 15.5, 5.));
#10182 = CARTESIAN_POINT ('', (-98.25, 15.5, 3.5));
#10183 = CARTESIAN_POINT ('', (-98.25, 15.5, 5.));
#10184 = (
   BOUNDED_SURFACE ()
   B_SPLINE_SURFACE (2, 1, ((#10174, #10175), (#10176, #10177), (#10178, #10179), (#10180, #10181), (#10182, #10183)), .UNSPECIFIED., .F., .F., .U.)
   B_SPLINE_SURFACE_WITH_KNOTS ((3, 2, 3), (2, 2), (735.75, 736.25, 736.75), (0., 1.), .UNSPECIFIED.)
   GEOMETRIC_REPRESENTATION_ITEM ()
   RATIONAL_B_SPLINE_SURFACE (((1., 1.), (0.707106781186548, 0.707106781186548), (1., 1.), (0.707106781186548, 0.707106781186548), (1., 1.)))
   REPRESENTATION_ITEM ('')
   SURFACE ()
);
#10185 = ADVANCED_FACE ('', (#10173), #10184, .T.);
#10186 = CARTESIAN_POINT ('', (-96.25, 15.5, 5.));
#10187 = VERTEX_POINT ('', #10186);
#10188 = CARTESIAN_POINT ('', (-98.25, 15.5, 5.));
#10189 = CARTESIAN_POINT ('', (-96.25, 15.5, 5.));
#10190 = B_SPLINE_CURVE_WITH_KNOTS ('', 1, (#10188, #10189), .UNSPECIFIED., .F., .U., (2, 2), (736.75, 737.75), .UNSPECIFIED.);
#10191 = EDGE_CURVE ('', #10156, #10187, #10190, .T.);
#10192 = ORIENTED_EDGE ('', *, *, #10191, .F.);
#10193 = ORIENTED_EDGE ('', *, *, #10170, .F.);
#10194 = ORIENTED_EDGE ('', *, *, #580, .T.);
#10195 = CARTESIAN_POINT ('', (-96.25, 15.5, 3.5));
#10196 = CARTESIAN_POINT ('', (-96.25, 15.5, 5.));
#10197 = B_SPLINE_CURVE_WITH_KNOTS ('', 1, (#10195, #10196), .UNSPECIFIED., .F., .U., (2, 2), (0., 1.), .UNSPECIFIED.);
#10198 = EDGE_CURVE ('', #566, #10187, #10197, .T.);
#10199 = ORIENTED_EDGE ('', *, *, #10198, .T.);
#10200 = EDGE_LOOP ('', (#10192, #10193, #10194, #10199));
#10201 = FACE_OUTER_BOUND ('', #10200, .T.);
#10202 = CARTESIAN_POINT ('', (-98.25, 15.5, 3.5));
#10203 = CARTESIAN_POINT ('', (-98.25, 15.5, 5.));
#10204 = CARTESIAN_POINT ('', (-96.25, 15.5, 3.5));
#10205 = CARTESIAN_POINT ('', (-96.25, 15.5, 5.));
#10206 = B_SPLINE_SURFACE_WITH_KNOTS ('', 1, 1, ((#10202, #10203), (#10204, #10205)), .UNSPECIFIED., .F., .F., .U., (2, 2), (2, 2), (736.75, 737.75), (0., 1.), .UNSPECIFIED.);
#10207 = ADVANCED_FACE ('', (#10201), #10206, .T.);
#10208 = CARTESIAN_POINT ('', (-96.25, 20.5, 5.));
#10209 = VERTEX_POINT ('', #10208);
#10210 = CARTESIAN_POINT ('', (-96.25, 15.5, 5.));
#10211 = CARTESIAN_POINT ('', (-93.75, 15.5, 5.));
#10212 = CARTESIAN_POINT ('', (-93.75, 18., 5.));
#10213 = CARTESIAN_POINT ('', (-93.75, 20.5, 5.));
#10214 = CARTESIAN_POINT ('', (-96.25, 20.5, 5.));
#10215 = (
   BOUNDED_CURVE ()
   B_SPLINE_CURVE (2, (#10210, #10211, #10212, #10213, #10214), .UNSPECIFIED., .F., .U.)
   B_SPLINE_CURVE_WITH_KNOTS ((3, 2, 3), (737.75, 738.25, 738.75), .UNSPECIFIED.)
   CURVE ()
   GEOMETRIC_REPRESENTATION_ITEM ()
   RATIONAL_B_SPLINE_CURVE ((1., 0.707106781186548, 1., 0.707106781186548, 1.))
   REPRESENTATION_ITEM ('')
);
#10216 = EDGE_CURVE ('', #10187, #10209, #10215, .T.);
#10217 = ORIENTED_EDGE ('', *, *, #10216, .F.);
#10218 = ORIENTED_EDGE ('', *, *, #10198, .F.);
#10219 = ORIENTED_EDGE ('', *, *, #573, .T.);
#10220 = CARTESIAN_POINT ('', (-96.25, 20.5, 3.5));
#10221 = CARTESIAN_POINT ('', (-96.25, 20.5, 5.));
#10222 = B_SPLINE_CURVE_WITH_KNOTS ('', 1, (#10220, #10221), .UNSPECIFIED., .F., .U., (2, 2), (0., 1.), .UNSPECIFIED.);
#10223 = EDGE_CURVE ('', #559, #10209, #10222, .T.);
#10224 = ORIENTED_EDGE ('', *, *, #10223, .T.);
#10225 = EDGE_LOOP ('', (#10217, #10218, #10219, #10224));
#10226 = FACE_OUTER_BOUND ('', #10225, .T.);
#10227 = CARTESIAN_POINT ('', (-96.25, 15.5, 3.5));
#10228 = CARTESIAN_POINT ('', (-96.25, 15.5, 5.));
#10229 = CARTESIAN_POINT ('', (-93.75, 15.5, 3.5));
#10230 = CARTESIAN_POINT ('', (-93.75, 15.5, 5.));
#10231 = CARTESIAN_POINT ('', (-93.75, 18., 3.5));
#10232 = CARTESIAN_POINT ('', (-93.75, 18., 5.));
#10233 = CARTESIAN_POINT ('', (-93.75, 20.5, 3.5));
#10234 = CARTESIAN_POINT ('', (-93.75, 20.5, 5.));
#10235 = CARTESIAN_POINT ('', (-96.25, 20.5, 3.5));
#10236 = CARTESIAN_POINT ('', (-96.25, 20.5, 5.));
#10237 = (
   BOUNDED_SURFACE ()
   B_SPLINE_SURFACE (2, 1, ((#10227, #10228), (#10229, #10230), (#10231, #10232), (#10233, #10234), (#10235, #10236)), .UNSPECIFIED., .F., .F., .U.)
   B_SPLINE_SURFACE_WITH_KNOTS ((3, 2, 3), (2, 2), (737.75, 738.25, 738.75), (0., 1.), .UNSPECIFIED.)
   GEOMETRIC_REPRESENTATION_ITEM ()
   RATIONAL_B_SPLINE_SURFACE (((1., 1.), (0.707106781186548, 0.707106781186548), (1., 1.), (0.707106781186548, 0.707106781186548), (1., 1.)))
   REPRESENTATION_ITEM ('')
   SURFACE ()
);
#10238 = ADVANCED_FACE ('', (#10226), #10237, .T.);
#10239 = CARTESIAN_POINT ('', (-99.75, 20.5, 5.));
#10240 = VERTEX_POINT ('', #10239);
#10241 = CARTESIAN_POINT ('', (-96.25, 20.5, 5.));
#10242 = CARTESIAN_POINT ('', (-99.75, 20.5, 5.));
#10243 = B_SPLINE_CURVE_WITH_KNOTS ('', 1, (#10241, #10242), .UNSPECIFIED., .F., .U., (2, 2), (738.75, 739.75), .UNSPECIFIED.);
#10244 = EDGE_CURVE ('', #10209, #10240, #10243, .T.);
#10245 = ORIENTED_EDGE ('', *, *, #10244, .F.);
#10246 = ORIENTED_EDGE ('', *, *, #10223, .F.);
#10247 = ORIENTED_EDGE ('', *, *, #563, .T.);
#10248 = CARTESIAN_POINT ('', (-99.75, 20.5, 3.5));
#10249 = CARTESIAN_POINT ('', (-99.75, 20.5, 5.));
#10250 = B_SPLINE_CURVE_WITH_KNOTS ('', 1, (#10248, #10249), .UNSPECIFIED., .F., .U., (2, 2), (0., 1.), .UNSPECIFIED.);
#10251 = EDGE_CURVE ('', #549, #10240, #10250, .T.);
#10252 = ORIENTED_EDGE ('', *, *, #10251, .T.);
#10253 = EDGE_LOOP ('', (#10245, #10246, #10247, #10252));
#10254 = FACE_OUTER_BOUND ('', #10253, .T.);
#10255 = CARTESIAN_POINT ('', (-96.25, 20.5, 3.5));
#10256 = CARTESIAN_POINT ('', (-96.25, 20.5, 5.));
#10257 = CARTESIAN_POINT ('', (-99.75, 20.5, 3.5));
#10258 = CARTESIAN_POINT ('', (-99.75, 20.5, 5.));
#10259 = B_SPLINE_SURFACE_WITH_KNOTS ('', 1, 1, ((#10255, #10256), (#10257, #10258)), .UNSPECIFIED., .F., .F., .U., (2, 2), (2, 2), (738.75, 739.75), (0., 1.), .UNSPECIFIED.);
#10260 = ADVANCED_FACE ('', (#10254), #10259, .T.);
#10261 = CARTESIAN_POINT ('', (-99.75, 21.5, 5.));
#10262 = VERTEX_POINT ('', #10261);
#10263 = CARTESIAN_POINT ('', (-99.75, 20.5, 5.));
#10264 = CARTESIAN_POINT ('', (-100.25, 20.5, 5.));
#10265 = CARTESIAN_POINT ('', (-100.25, 21., 5.));
#10266 = CARTESIAN_POINT ('', (-100.25, 21.5, 5.));
#10267 = CARTESIAN_POINT ('', (-99.75, 21.5, 5.));
#10268 = (
   BOUNDED_CURVE ()
   B_SPLINE_CURVE (2, (#10263, #10264, #10265, #10266, #10267), .UNSPECIFIED., .F., .U.)
   B_SPLINE_CURVE_WITH_KNOTS ((3, 2, 3), (739.75, 740.25, 740.75), .UNSPECIFIED.)
   CURVE ()
   GEOMETRIC_REPRESENTATION_ITEM ()
   RATIONAL_B_SPLINE_CURVE ((1., 0.707106781186548, 1., 0.707106781186548, 1.))
   REPRESENTATION_ITEM ('')
);
#10269 = EDGE_CURVE ('', #10240, #10262, #10268, .T.);
#10270 = ORIENTED_EDGE ('', *, *, #10269, .F.);
#10271 = ORIENTED_EDGE ('', *, *, #10251, .F.);
#10272 = ORIENTED_EDGE ('', *, *, #556, .T.);
#10273 = CARTESIAN_POINT ('', (-99.75, 21.5, 3.5));
#10274 = CARTESIAN_POINT ('', (-99.75, 21.5, 5.));
#10275 = B_SPLINE_CURVE_WITH_KNOTS ('', 1, (#10273, #10274), .UNSPECIFIED., .F., .U., (2, 2), (0., 1.), .UNSPECIFIED.);
#10276 = EDGE_CURVE ('', #542, #10262, #10275, .T.);
#10277 = ORIENTED_EDGE ('', *, *, #10276, .T.);
#10278 = EDGE_LOOP ('', (#10270, #10271, #10272, #10277));
#10279 = FACE_OUTER_BOUND ('', #10278, .T.);
#10280 = CARTESIAN_POINT ('', (-99.75, 20.5, 3.5));
#10281 = CARTESIAN_POINT ('', (-99.75, 20.5, 5.));
#10282 = CARTESIAN_POINT ('', (-100.25, 20.5, 3.5));
#10283 = CARTESIAN_POINT ('', (-100.25, 20.5, 5.));
#10284 = CARTESIAN_POINT ('', (-100.25, 21., 3.5));
#10285 = CARTESIAN_POINT ('', (-100.25, 21., 5.));
#10286 = CARTESIAN_POINT ('', (-100.25, 21.5, 3.5));
#10287 = CARTESIAN_POINT ('', (-100.25, 21.5, 5.));
#10288 = CARTESIAN_POINT ('', (-99.75, 21.5, 3.5));
#10289 = CARTESIAN_POINT ('', (-99.75, 21.5, 5.));
#10290 = (
   BOUNDED_SURFACE ()
   B_SPLINE_SURFACE (2, 1, ((#10280, #10281), (#10282, #10283), (#10284, #10285), (#10286, #10287), (#10288, #10289)), .UNSPECIFIED., .F., .F., .U.)
   B_SPLINE_SURFACE_WITH_KNOTS ((3, 2, 3), (2, 2), (739.75, 740.25, 740.75), (0., 1.), .UNSPECIFIED.)
   GEOMETRIC_REPRESENTATION_ITEM ()
   RATIONAL_B_SPLINE_SURFACE (((1., 1.), (0.707106781186548, 0.707106781186548), (1., 1.), (0.707106781186548, 0.707106781186548), (1., 1.)))
   REPRESENTATION_ITEM ('')
   SURFACE ()
);
#10291 = ADVANCED_FACE ('', (#10279), #10290, .T.);
#10292 = CARTESIAN_POINT ('', (-78.25, 21.5, 5.));
#10293 = VERTEX_POINT ('', #10292);
#10294 = CARTESIAN_POINT ('', (-99.75, 21.5, 5.));
#10295 = CARTESIAN_POINT ('', (-78.25, 21.5, 5.));
#10296 = B_SPLINE_CURVE_WITH_KNOTS ('', 1, (#10294, #10295), .UNSPECIFIED., .F., .U., (2, 2), (740.75, 762.25), .UNSPECIFIED.);
#10297 = EDGE_CURVE ('', #10262, #10293, #10296, .T.);
#10298 = ORIENTED_EDGE ('', *, *, #10297, .F.);
#10299 = ORIENTED_EDGE ('', *, *, #10276, .F.);
#10300 = ORIENTED_EDGE ('', *, *, #546, .T.);
#10301 = CARTESIAN_POINT ('', (-78.25, 21.5, 3.5));
#10302 = CARTESIAN_POINT ('', (-78.25, 21.5, 5.));
#10303 = B_SPLINE_CURVE_WITH_KNOTS ('', 1, (#10301, #10302), .UNSPECIFIED., .F., .U., (2, 2), (0., 1.), .UNSPECIFIED.);
#10304 = EDGE_CURVE ('', #532, #10293, #10303, .T.);
#10305 = ORIENTED_EDGE ('', *, *, #10304, .T.);
#10306 = EDGE_LOOP ('', (#10298, #10299, #10300, #10305));
#10307 = FACE_OUTER_BOUND ('', #10306, .T.);
#10308 = CARTESIAN_POINT ('', (-99.75, 21.5, 3.5));
#10309 = CARTESIAN_POINT ('', (-99.75, 21.5, 5.));
#10310 = CARTESIAN_POINT ('', (-78.25, 21.5, 3.5));
#10311 = CARTESIAN_POINT ('', (-78.25, 21.5, 5.));
#10312 = B_SPLINE_SURFACE_WITH_KNOTS ('', 1, 1, ((#10308, #10309), (#10310, #10311)), .UNSPECIFIED., .F., .F., .U., (2, 2), (2, 2), (740.75, 762.25), (0., 1.), .UNSPECIFIED.);
#10313 = ADVANCED_FACE ('', (#10307), #10312, .T.);
#10314 = CARTESIAN_POINT ('', (-78.25, 20.5, 5.));
#10315 = VERTEX_POINT ('', #10314);
#10316 = CARTESIAN_POINT ('', (-78.25, 21.5, 5.));
#10317 = CARTESIAN_POINT ('', (-77.75, 21.5, 5.));
#10318 = CARTESIAN_POINT ('', (-77.75, 21., 5.));
#10319 = CARTESIAN_POINT ('', (-77.75, 20.5, 5.));
#10320 = CARTESIAN_POINT ('', (-78.25, 20.5, 5.));
#10321 = (
   BOUNDED_CURVE ()
   B_SPLINE_CURVE (2, (#10316, #10317, #10318, #10319, #10320), .UNSPECIFIED., .F., .U.)
   B_SPLINE_CURVE_WITH_KNOTS ((3, 2, 3), (762.25, 762.75, 763.25), .UNSPECIFIED.)
   CURVE ()
   GEOMETRIC_REPRESENTATION_ITEM ()
   RATIONAL_B_SPLINE_CURVE ((1., 0.707106781186548, 1., 0.707106781186548, 1.))
   REPRESENTATION_ITEM ('')
);
#10322 = EDGE_CURVE ('', #10293, #10315, #10321, .T.);
#10323 = ORIENTED_EDGE ('', *, *, #10322, .F.);
#10324 = ORIENTED_EDGE ('', *, *, #10304, .F.);
#10325 = ORIENTED_EDGE ('', *, *, #539, .T.);
#10326 = CARTESIAN_POINT ('', (-78.25, 20.5, 3.5));
#10327 = CARTESIAN_POINT ('', (-78.25, 20.5, 5.));
#10328 = B_SPLINE_CURVE_WITH_KNOTS ('', 1, (#10326, #10327), .UNSPECIFIED., .F., .U., (2, 2), (0., 1.), .UNSPECIFIED.);
#10329 = EDGE_CURVE ('', #525, #10315, #10328, .T.);
#10330 = ORIENTED_EDGE ('', *, *, #10329, .T.);
#10331 = EDGE_LOOP ('', (#10323, #10324, #10325, #10330));
#10332 = FACE_OUTER_BOUND ('', #10331, .T.);
#10333 = CARTESIAN_POINT ('', (-78.25, 21.5, 3.5));
#10334 = CARTESIAN_POINT ('', (-78.25, 21.5, 5.));
#10335 = CARTESIAN_POINT ('', (-77.75, 21.5, 3.5));
#10336 = CARTESIAN_POINT ('', (-77.75, 21.5, 5.));
#10337 = CARTESIAN_POINT ('', (-77.75, 21., 3.5));
#10338 = CARTESIAN_POINT ('', (-77.75, 21., 5.));
#10339 = CARTESIAN_POINT ('', (-77.75, 20.5, 3.5));
#10340 = CARTESIAN_POINT ('', (-77.75, 20.5, 5.));
#10341 = CARTESIAN_POINT ('', (-78.25, 20.5, 3.5));
#10342 = CARTESIAN_POINT ('', (-78.25, 20.5, 5.));
#10343 = (
   BOUNDED_SURFACE ()
   B_SPLINE_SURFACE (2, 1, ((#10333, #10334), (#10335, #10336), (#10337, #10338), (#10339, #10340), (#10341, #10342)), .UNSPECIFIED., .F., .F., .U.)
   B_SPLINE_SURFACE_WITH_KNOTS ((3, 2, 3), (2, 2), (762.25, 762.75, 763.25), (0., 1.), .UNSPECIFIED.)
   GEOMETRIC_REPRESENTATION_ITEM ()
   RATIONAL_B_SPLINE_SURFACE (((1., 1.), (0.707106781186548, 0.707106781186548), (1., 1.), (0.707106781186548, 0.707106781186548), (1., 1.)))
   REPRESENTATION_ITEM ('')
   SURFACE ()
);
#10344 = ADVANCED_FACE ('', (#10332), #10343, .T.);
#10345 = CARTESIAN_POINT ('', (-81.75, 20.5, 5.));
#10346 = VERTEX_POINT ('', #10345);
#10347 = CARTESIAN_POINT ('', (-78.25, 20.5, 5.));
#10348 = CARTESIAN_POINT ('', (-81.75, 20.5, 5.));
#10349 = B_SPLINE_CURVE_WITH_KNOTS ('', 1, (#10347, #10348), .UNSPECIFIED., .F., .U., (2, 2), (763.25, 764.25), .UNSPECIFIED.);
#10350 = EDGE_CURVE ('', #10315, #10346, #10349, .T.);
#10351 = ORIENTED_EDGE ('', *, *, #10350, .F.);
#10352 = ORIENTED_EDGE ('', *, *, #10329, .F.);
#10353 = ORIENTED_EDGE ('', *, *, #529, .T.);
#10354 = CARTESIAN_POINT ('', (-81.75, 20.5, 3.5));
#10355 = CARTESIAN_POINT ('', (-81.75, 20.5, 5.));
#10356 = B_SPLINE_CURVE_WITH_KNOTS ('', 1, (#10354, #10355), .UNSPECIFIED., .F., .U., (2, 2), (0., 1.), .UNSPECIFIED.);
#10357 = EDGE_CURVE ('', #515, #10346, #10356, .T.);
#10358 = ORIENTED_EDGE ('', *, *, #10357, .T.);
#10359 = EDGE_LOOP ('', (#10351, #10352, #10353, #10358));
#10360 = FACE_OUTER_BOUND ('', #10359, .T.);
#10361 = CARTESIAN_POINT ('', (-78.25, 20.5, 3.5));
#10362 = CARTESIAN_POINT ('', (-78.25, 20.5, 5.));
#10363 = CARTESIAN_POINT ('', (-81.75, 20.5, 3.5));
#10364 = CARTESIAN_POINT ('', (-81.75, 20.5, 5.));
#10365 = B_SPLINE_SURFACE_WITH_KNOTS ('', 1, 1, ((#10361, #10362), (#10363, #10364)), .UNSPECIFIED., .F., .F., .U., (2, 2), (2, 2), (763.25, 764.25), (0., 1.), .UNSPECIFIED.);
#10366 = ADVANCED_FACE ('', (#10360), #10365, .T.);
#10367 = CARTESIAN_POINT ('', (-81.75, 15.5, 5.));
#10368 = VERTEX_POINT ('', #10367);
#10369 = CARTESIAN_POINT ('', (-81.75, 20.5, 5.));
#10370 = CARTESIAN_POINT ('', (-84.25, 20.5, 5.));
#10371 = CARTESIAN_POINT ('', (-84.25, 18., 5.));
#10372 = CARTESIAN_POINT ('', (-84.25, 15.5, 5.));
#10373 = CARTESIAN_POINT ('', (-81.75, 15.5, 5.));
#10374 = (
   BOUNDED_CURVE ()
   B_SPLINE_CURVE (2, (#10369, #10370, #10371, #10372, #10373), .UNSPECIFIED., .F., .U.)
   B_SPLINE_CURVE_WITH_KNOTS ((3, 2, 3), (764.25, 764.75, 765.25), .UNSPECIFIED.)
   CURVE ()
   GEOMETRIC_REPRESENTATION_ITEM ()
   RATIONAL_B_SPLINE_CURVE ((1., 0.707106781186548, 1., 0.707106781186548, 1.))
   REPRESENTATION_ITEM ('')
);
#10375 = EDGE_CURVE ('', #10346, #10368, #10374, .T.);
#10376 = ORIENTED_EDGE ('', *, *, #10375, .F.);
#10377 = ORIENTED_EDGE ('', *, *, #10357, .F.);
#10378 = ORIENTED_EDGE ('', *, *, #522, .T.);
#10379 = CARTESIAN_POINT ('', (-81.75, 15.5, 3.5));
#10380 = CARTESIAN_POINT ('', (-81.75, 15.5, 5.));
#10381 = B_SPLINE_CURVE_WITH_KNOTS ('', 1, (#10379, #10380), .UNSPECIFIED., .F., .U., (2, 2), (0., 1.), .UNSPECIFIED.);
#10382 = EDGE_CURVE ('', #508, #10368, #10381, .T.);
#10383 = ORIENTED_EDGE ('', *, *, #10382, .T.);
#10384 = EDGE_LOOP ('', (#10376, #10377, #10378, #10383));
#10385 = FACE_OUTER_BOUND ('', #10384, .T.);
#10386 = CARTESIAN_POINT ('', (-81.75, 20.5, 3.5));
#10387 = CARTESIAN_POINT ('', (-81.75, 20.5, 5.));
#10388 = CARTESIAN_POINT ('', (-84.25, 20.5, 3.5));
#10389 = CARTESIAN_POINT ('', (-84.25, 20.5, 5.));
#10390 = CARTESIAN_POINT ('', (-84.25, 18., 3.5));
#10391 = CARTESIAN_POINT ('', (-84.25, 18., 5.));
#10392 = CARTESIAN_POINT ('', (-84.25, 15.5, 3.5));
#10393 = CARTESIAN_POINT ('', (-84.25, 15.5, 5.));
#10394 = CARTESIAN_POINT ('', (-81.75, 15.5, 3.5));
#10395 = CARTESIAN_POINT ('', (-81.75, 15.5, 5.));
#10396 = (
   BOUNDED_SURFACE ()
   B_SPLINE_SURFACE (2, 1, ((#10386, #10387), (#10388, #10389), (#10390, #10391), (#10392, #10393), (#10394, #10395)), .UNSPECIFIED., .F., .F., .U.)
   B_SPLINE_SURFACE_WITH_KNOTS ((3, 2, 3), (2, 2), (764.25, 764.75, 765.25), (0., 1.), .UNSPECIFIED.)
   GEOMETRIC_REPRESENTATION_ITEM ()
   RATIONAL_B_SPLINE_SURFACE (((1., 1.), (0.707106781186548, 0.707106781186548), (1., 1.), (0.707106781186548, 0.707106781186548), (1., 1.)))
   REPRESENTATION_ITEM ('')
   SURFACE ()
);
#10397 = ADVANCED_FACE ('', (#10385), #10396, .T.);
#10398 = CARTESIAN_POINT ('', (-79.75, 15.5, 5.));
#10399 = VERTEX_POINT ('', #10398);
#10400 = CARTESIAN_POINT ('', (-81.75, 15.5, 5.));
#10401 = CARTESIAN_POINT ('', (-79.75, 15.5, 5.));
#10402 = B_SPLINE_CURVE_WITH_KNOTS ('', 1, (#10400, #10401), .UNSPECIFIED., .F., .U., (2, 2), (765.25, 766.25), .UNSPECIFIED.);
#10403 = EDGE_CURVE ('', #10368, #10399, #10402, .T.);
#10404 = ORIENTED_EDGE ('', *, *, #10403, .F.);
#10405 = ORIENTED_EDGE ('', *, *, #10382, .F.);
#10406 = ORIENTED_EDGE ('', *, *, #512, .T.);
#10407 = CARTESIAN_POINT ('', (-79.75, 15.5, 3.5));
#10408 = CARTESIAN_POINT ('', (-79.75, 15.5, 5.));
#10409 = B_SPLINE_CURVE_WITH_KNOTS ('', 1, (#10407, #10408), .UNSPECIFIED., .F., .U., (2, 2), (0., 1.), .UNSPECIFIED.);
#10410 = EDGE_CURVE ('', #498, #10399, #10409, .T.);
#10411 = ORIENTED_EDGE ('', *, *, #10410, .T.);
#10412 = EDGE_LOOP ('', (#10404, #10405, #10406, #10411));
#10413 = FACE_OUTER_BOUND ('', #10412, .T.);
#10414 = CARTESIAN_POINT ('', (-81.75, 15.5, 3.5));
#10415 = CARTESIAN_POINT ('', (-81.75, 15.5, 5.));
#10416 = CARTESIAN_POINT ('', (-79.75, 15.5, 3.5));
#10417 = CARTESIAN_POINT ('', (-79.75, 15.5, 5.));
#10418 = B_SPLINE_SURFACE_WITH_KNOTS ('', 1, 1, ((#10414, #10415), (#10416, #10417)), .UNSPECIFIED., .F., .F., .U., (2, 2), (2, 2), (765.25, 766.25), (0., 1.), .UNSPECIFIED.);
#10419 = ADVANCED_FACE ('', (#10413), #10418, .T.);
#10420 = CARTESIAN_POINT ('', (-79.75, 14.5, 5.));
#10421 = VERTEX_POINT ('', #10420);
#10422 = CARTESIAN_POINT ('', (-79.75, 15.5, 5.));
#10423 = CARTESIAN_POINT ('', (-79.25, 15.5, 5.));
#10424 = CARTESIAN_POINT ('', (-79.25, 15., 5.));
#10425 = CARTESIAN_POINT ('', (-79.25, 14.5, 5.));
#10426 = CARTESIAN_POINT ('', (-79.75, 14.5, 5.));
#10427 = (
   BOUNDED_CURVE ()
   B_SPLINE_CURVE (2, (#10422, #10423, #10424, #10425, #10426), .UNSPECIFIED., .F., .U.)
   B_SPLINE_CURVE_WITH_KNOTS ((3, 2, 3), (766.25, 766.75, 767.25), .UNSPECIFIED.)
   CURVE ()
   GEOMETRIC_REPRESENTATION_ITEM ()
   RATIONAL_B_SPLINE_CURVE ((1., 0.707106781186548, 1., 0.707106781186548, 1.))
   REPRESENTATION_ITEM ('')
);
#10428 = EDGE_CURVE ('', #10399, #10421, #10427, .T.);
#10429 = ORIENTED_EDGE ('', *, *, #10428, .F.);
#10430 = ORIENTED_EDGE ('', *, *, #10410, .F.);
#10431 = ORIENTED_EDGE ('', *, *, #505, .T.);
#10432 = CARTESIAN_POINT ('', (-79.75, 14.5, 3.5));
#10433 = CARTESIAN_POINT ('', (-79.75, 14.5, 5.));
#10434 = B_SPLINE_CURVE_WITH_KNOTS ('', 1, (#10432, #10433), .UNSPECIFIED., .F., .U., (2, 2), (0., 1.), .UNSPECIFIED.);
#10435 = EDGE_CURVE ('', #488, #10421, #10434, .T.);
#10436 = ORIENTED_EDGE ('', *, *, #10435, .T.);
#10437 = EDGE_LOOP ('', (#10429, #10430, #10431, #10436));
#10438 = FACE_OUTER_BOUND ('', #10437, .T.);
#10439 = CARTESIAN_POINT ('', (-79.75, 15.5, 3.5));
#10440 = CARTESIAN_POINT ('', (-79.75, 15.5, 5.));
#10441 = CARTESIAN_POINT ('', (-79.25, 15.5, 3.5));
#10442 = CARTESIAN_POINT ('', (-79.25, 15.5, 5.));
#10443 = CARTESIAN_POINT ('', (-79.25, 15., 3.5));
#10444 = CARTESIAN_POINT ('', (-79.25, 15., 5.));
#10445 = CARTESIAN_POINT ('', (-79.25, 14.5, 3.5));
#10446 = CARTESIAN_POINT ('', (-79.25, 14.5, 5.));
#10447 = CARTESIAN_POINT ('', (-79.75, 14.5, 3.5));
#10448 = CARTESIAN_POINT ('', (-79.75, 14.5, 5.));
#10449 = (
   BOUNDED_SURFACE ()
   B_SPLINE_SURFACE (2, 1, ((#10439, #10440), (#10441, #10442), (#10443, #10444), (#10445, #10446), (#10447, #10448)), .UNSPECIFIED., .F., .F., .U.)
   B_SPLINE_SURFACE_WITH_KNOTS ((3, 2, 3), (2, 2), (766.25, 766.75, 767.25), (0., 1.), .UNSPECIFIED.)
   GEOMETRIC_REPRESENTATION_ITEM ()
   RATIONAL_B_SPLINE_SURFACE (((1., 1.), (0.707106781186548, 0.707106781186548), (1., 1.), (0.707106781186548, 0.707106781186548), (1., 1.)))
   REPRESENTATION_ITEM ('')
   SURFACE ()
);
#10450 = ADVANCED_FACE ('', (#10438), #10449, .T.);
#10451 = CARTESIAN_POINT ('', (-79.75, 9.49999999999999, 5.));
#10452 = VERTEX_POINT ('', #10451);
#10453 = CARTESIAN_POINT ('', (-79.75, 14.5, 5.));
#10454 = CARTESIAN_POINT ('', (-81.75, 14.5, 5.));
#10455 = CARTESIAN_POINT ('', (-81.75, 12., 5.));
#10456 = CARTESIAN_POINT ('', (-81.75, 9.49999999999999, 5.));
#10457 = CARTESIAN_POINT ('', (-79.75, 9.49999999999999, 5.));
#10458 = (
   BOUNDED_CURVE ()
   B_SPLINE_CURVE (2, (#10453, #10454, #10455, #10456, #10457), .UNSPECIFIED., .F., .U.)
   B_SPLINE_CURVE_WITH_KNOTS ((3, 2, 3), (767.25, 767.75, 768.25), .UNSPECIFIED.)
   CURVE ()
   GEOMETRIC_REPRESENTATION_ITEM ()
   RATIONAL_B_SPLINE_CURVE ((1., 0.707106781186548, 1., 0.707106781186548, 1.))
   REPRESENTATION_ITEM ('')
);
#10459 = EDGE_CURVE ('', #10421, #10452, #10458, .T.);
#10460 = ORIENTED_EDGE ('', *, *, #10459, .F.);
#10461 = ORIENTED_EDGE ('', *, *, #10435, .F.);
#10462 = ORIENTED_EDGE ('', *, *, #495, .T.);
#10463 = CARTESIAN_POINT ('', (-79.75, 9.49999999999999, 3.5));
#10464 = CARTESIAN_POINT ('', (-79.75, 9.49999999999999, 5.));
#10465 = B_SPLINE_CURVE_WITH_KNOTS ('', 1, (#10463, #10464), .UNSPECIFIED., .F., .U., (2, 2), (0., 1.), .UNSPECIFIED.);
#10466 = EDGE_CURVE ('', #478, #10452, #10465, .T.);
#10467 = ORIENTED_EDGE ('', *, *, #10466, .T.);
#10468 = EDGE_LOOP ('', (#10460, #10461, #10462, #10467));
#10469 = FACE_OUTER_BOUND ('', #10468, .T.);
#10470 = CARTESIAN_POINT ('', (-79.75, 14.5, 3.5));
#10471 = CARTESIAN_POINT ('', (-79.75, 14.5, 5.));
#10472 = CARTESIAN_POINT ('', (-81.75, 14.5, 3.5));
#10473 = CARTESIAN_POINT ('', (-81.75, 14.5, 5.));
#10474 = CARTESIAN_POINT ('', (-81.75, 12., 3.5));
#10475 = CARTESIAN_POINT ('', (-81.75, 12., 5.));
#10476 = CARTESIAN_POINT ('', (-81.75, 9.49999999999999, 3.5));
#10477 = CARTESIAN_POINT ('', (-81.75, 9.49999999999999, 5.));
#10478 = CARTESIAN_POINT ('', (-79.75, 9.49999999999999, 3.5));
#10479 = CARTESIAN_POINT ('', (-79.75, 9.49999999999999, 5.));
#10480 = (
   BOUNDED_SURFACE ()
   B_SPLINE_SURFACE (2, 1, ((#10470, #10471), (#10472, #10473), (#10474, #10475), (#10476, #10477), (#10478, #10479)), .UNSPECIFIED., .F., .F., .U.)
   B_SPLINE_SURFACE_WITH_KNOTS ((3, 2, 3), (2, 2), (767.25, 767.75, 768.25), (0., 1.), .UNSPECIFIED.)
   GEOMETRIC_REPRESENTATION_ITEM ()
   RATIONAL_B_SPLINE_SURFACE (((1., 1.), (0.707106781186548, 0.707106781186548), (1., 1.), (0.707106781186548, 0.707106781186548), (1., 1.)))
   REPRESENTATION_ITEM ('')
   SURFACE ()
);
#10481 = ADVANCED_FACE ('', (#10469), #10480, .T.);
#10482 = CARTESIAN_POINT ('', (-79.75, 8.49999999999999, 5.));
#10483 = VERTEX_POINT ('', #10482);
#10484 = CARTESIAN_POINT ('', (-79.75, 9.49999999999999, 5.));
#10485 = CARTESIAN_POINT ('', (-79.25, 9.49999999999999, 5.));
#10486 = CARTESIAN_POINT ('', (-79.25, 8.99999999999999, 5.));
#10487 = CARTESIAN_POINT ('', (-79.25, 8.49999999999999, 5.));
#10488 = CARTESIAN_POINT ('', (-79.75, 8.49999999999999, 5.));
#10489 = (
   BOUNDED_CURVE ()
   B_SPLINE_CURVE (2, (#10484, #10485, #10486, #10487, #10488), .UNSPECIFIED., .F., .U.)
   B_SPLINE_CURVE_WITH_KNOTS ((3, 2, 3), (768.25, 768.75, 769.25), .UNSPECIFIED.)
   CURVE ()
   GEOMETRIC_REPRESENTATION_ITEM ()
   RATIONAL_B_SPLINE_CURVE ((1., 0.707106781186548, 1., 0.707106781186548, 1.))
   REPRESENTATION_ITEM ('')
);
#10490 = EDGE_CURVE ('', #10452, #10483, #10489, .T.);
#10491 = ORIENTED_EDGE ('', *, *, #10490, .F.);
#10492 = ORIENTED_EDGE ('', *, *, #10466, .F.);
#10493 = ORIENTED_EDGE ('', *, *, #485, .T.);
#10494 = CARTESIAN_POINT ('', (-79.75, 8.49999999999999, 3.5));
#10495 = CARTESIAN_POINT ('', (-79.75, 8.49999999999999, 5.));
#10496 = B_SPLINE_CURVE_WITH_KNOTS ('', 1, (#10494, #10495), .UNSPECIFIED., .F., .U., (2, 2), (0., 1.), .UNSPECIFIED.);
#10497 = EDGE_CURVE ('', #471, #10483, #10496, .T.);
#10498 = ORIENTED_EDGE ('', *, *, #10497, .T.);
#10499 = EDGE_LOOP ('', (#10491, #10492, #10493, #10498));
#10500 = FACE_OUTER_BOUND ('', #10499, .T.);
#10501 = CARTESIAN_POINT ('', (-79.75, 9.49999999999999, 3.5));
#10502 = CARTESIAN_POINT ('', (-79.75, 9.49999999999999, 5.));
#10503 = CARTESIAN_POINT ('', (-79.25, 9.49999999999999, 3.5));
#10504 = CARTESIAN_POINT ('', (-79.25, 9.49999999999999, 5.));
#10505 = CARTESIAN_POINT ('', (-79.25, 8.99999999999999, 3.5));
#10506 = CARTESIAN_POINT ('', (-79.25, 8.99999999999999, 5.));
#10507 = CARTESIAN_POINT ('', (-79.25, 8.49999999999999, 3.5));
#10508 = CARTESIAN_POINT ('', (-79.25, 8.49999999999999, 5.));
#10509 = CARTESIAN_POINT ('', (-79.75, 8.49999999999999, 3.5));
#10510 = CARTESIAN_POINT ('', (-79.75, 8.49999999999999, 5.));
#10511 = (
   BOUNDED_SURFACE ()
   B_SPLINE_SURFACE (2, 1, ((#10501, #10502), (#10503, #10504), (#10505, #10506), (#10507, #10508), (#10509, #10510)), .UNSPECIFIED., .F., .F., .U.)
   B_SPLINE_SURFACE_WITH_KNOTS ((3, 2, 3), (2, 2), (768.25, 768.75, 769.25), (0., 1.), .UNSPECIFIED.)
   GEOMETRIC_REPRESENTATION_ITEM ()
   RATIONAL_B_SPLINE_SURFACE (((1., 1.), (0.707106781186548, 0.707106781186548), (1., 1.), (0.707106781186548, 0.707106781186548), (1., 1.)))
   REPRESENTATION_ITEM ('')
   SURFACE ()
);
#10512 = ADVANCED_FACE ('', (#10500), #10511, .T.);
#10513 = CARTESIAN_POINT ('', (-81.75, 8.49999999999999, 5.));
#10514 = VERTEX_POINT ('', #10513);
#10515 = CARTESIAN_POINT ('', (-79.75, 8.49999999999999, 5.));
#10516 = CARTESIAN_POINT ('', (-81.75, 8.49999999999999, 5.));
#10517 = B_SPLINE_CURVE_WITH_KNOTS ('', 1, (#10515, #10516), .UNSPECIFIED., .F., .U., (2, 2), (769.25, 770.25), .UNSPECIFIED.);
#10518 = EDGE_CURVE ('', #10483, #10514, #10517, .T.);
#10519 = ORIENTED_EDGE ('', *, *, #10518, .F.);
#10520 = ORIENTED_EDGE ('', *, *, #10497, .F.);
#10521 = ORIENTED_EDGE ('', *, *, #475, .T.);
#10522 = CARTESIAN_POINT ('', (-81.75, 8.49999999999999, 3.5));
#10523 = CARTESIAN_POINT ('', (-81.75, 8.49999999999999, 5.));
#10524 = B_SPLINE_CURVE_WITH_KNOTS ('', 1, (#10522, #10523), .UNSPECIFIED., .F., .U., (2, 2), (0., 1.), .UNSPECIFIED.);
#10525 = EDGE_CURVE ('', #461, #10514, #10524, .T.);
#10526 = ORIENTED_EDGE ('', *, *, #10525, .T.);
#10527 = EDGE_LOOP ('', (#10519, #10520, #10521, #10526));
#10528 = FACE_OUTER_BOUND ('', #10527, .T.);
#10529 = CARTESIAN_POINT ('', (-79.75, 8.49999999999999, 3.5));
#10530 = CARTESIAN_POINT ('', (-79.75, 8.49999999999999, 5.));
#10531 = CARTESIAN_POINT ('', (-81.75, 8.49999999999999, 3.5));
#10532 = CARTESIAN_POINT ('', (-81.75, 8.49999999999999, 5.));
#10533 = B_SPLINE_SURFACE_WITH_KNOTS ('', 1, 1, ((#10529, #10530), (#10531, #10532)), .UNSPECIFIED., .F., .F., .U., (2, 2), (2, 2), (769.25, 770.25), (0., 1.), .UNSPECIFIED.);
#10534 = ADVANCED_FACE ('', (#10528), #10533, .T.);
#10535 = CARTESIAN_POINT ('', (-81.75, 3.49999999999999, 5.));
#10536 = VERTEX_POINT ('', #10535);
#10537 = CARTESIAN_POINT ('', (-81.75, 8.49999999999999, 5.));
#10538 = CARTESIAN_POINT ('', (-84.25, 8.49999999999999, 5.));
#10539 = CARTESIAN_POINT ('', (-84.25, 5.99999999999999, 5.));
#10540 = CARTESIAN_POINT ('', (-84.25, 3.49999999999999, 5.));
#10541 = CARTESIAN_POINT ('', (-81.75, 3.49999999999999, 5.));
#10542 = (
   BOUNDED_CURVE ()
   B_SPLINE_CURVE (2, (#10537, #10538, #10539, #10540, #10541), .UNSPECIFIED., .F., .U.)
   B_SPLINE_CURVE_WITH_KNOTS ((3, 2, 3), (770.25, 770.75, 771.25), .UNSPECIFIED.)
   CURVE ()
   GEOMETRIC_REPRESENTATION_ITEM ()
   RATIONAL_B_SPLINE_CURVE ((1., 0.707106781186548, 1., 0.707106781186548, 1.))
   REPRESENTATION_ITEM ('')
);
#10543 = EDGE_CURVE ('', #10514, #10536, #10542, .T.);
#10544 = ORIENTED_EDGE ('', *, *, #10543, .F.);
#10545 = ORIENTED_EDGE ('', *, *, #10525, .F.);
#10546 = ORIENTED_EDGE ('', *, *, #468, .T.);
#10547 = CARTESIAN_POINT ('', (-81.75, 3.49999999999999, 3.5));
#10548 = CARTESIAN_POINT ('', (-81.75, 3.49999999999999, 5.));
#10549 = B_SPLINE_CURVE_WITH_KNOTS ('', 1, (#10547, #10548), .UNSPECIFIED., .F., .U., (2, 2), (0., 1.), .UNSPECIFIED.);
#10550 = EDGE_CURVE ('', #454, #10536, #10549, .T.);
#10551 = ORIENTED_EDGE ('', *, *, #10550, .T.);
#10552 = EDGE_LOOP ('', (#10544, #10545, #10546, #10551));
#10553 = FACE_OUTER_BOUND ('', #10552, .T.);
#10554 = CARTESIAN_POINT ('', (-81.75, 8.49999999999999, 3.5));
#10555 = CARTESIAN_POINT ('', (-81.75, 8.49999999999999, 5.));
#10556 = CARTESIAN_POINT ('', (-84.25, 8.49999999999999, 3.5));
#10557 = CARTESIAN_POINT ('', (-84.25, 8.49999999999999, 5.));
#10558 = CARTESIAN_POINT ('', (-84.25, 5.99999999999999, 3.5));
#10559 = CARTESIAN_POINT ('', (-84.25, 5.99999999999999, 5.));
#10560 = CARTESIAN_POINT ('', (-84.25, 3.49999999999999, 3.5));
#10561 = CARTESIAN_POINT ('', (-84.25, 3.49999999999999, 5.));
#10562 = CARTESIAN_POINT ('', (-81.75, 3.49999999999999, 3.5));
#10563 = CARTESIAN_POINT ('', (-81.75, 3.49999999999999, 5.));
#10564 = (
   BOUNDED_SURFACE ()
   B_SPLINE_SURFACE (2, 1, ((#10554, #10555), (#10556, #10557), (#10558, #10559), (#10560, #10561), (#10562, #10563)), .UNSPECIFIED., .F., .F., .U.)
   B_SPLINE_SURFACE_WITH_KNOTS ((3, 2, 3), (2, 2), (770.25, 770.75, 771.25), (0., 1.), .UNSPECIFIED.)
   GEOMETRIC_REPRESENTATION_ITEM ()
   RATIONAL_B_SPLINE_SURFACE (((1., 1.), (0.707106781186548, 0.707106781186548), (1., 1.), (0.707106781186548, 0.707106781186548), (1., 1.)))
   REPRESENTATION_ITEM ('')
   SURFACE ()
);
#10565 = ADVANCED_FACE ('', (#10553), #10564, .T.);
#10566 = CARTESIAN_POINT ('', (-75.25, 3.5, 5.));
#10567 = VERTEX_POINT ('', #10566);
#10568 = CARTESIAN_POINT ('', (-81.75, 3.49999999999999, 5.));
#10569 = CARTESIAN_POINT ('', (-75.25, 3.5, 5.));
#10570 = B_SPLINE_CURVE_WITH_KNOTS ('', 1, (#10568, #10569), .UNSPECIFIED., .F., .U., (2, 2), (771.25, 772.25), .UNSPECIFIED.);
#10571 = EDGE_CURVE ('', #10536, #10567, #10570, .T.);
#10572 = ORIENTED_EDGE ('', *, *, #10571, .F.);
#10573 = ORIENTED_EDGE ('', *, *, #10550, .F.);
#10574 = ORIENTED_EDGE ('', *, *, #458, .T.);
#10575 = CARTESIAN_POINT ('', (-75.25, 3.5, 3.5));
#10576 = CARTESIAN_POINT ('', (-75.25, 3.5, 5.));
#10577 = B_SPLINE_CURVE_WITH_KNOTS ('', 1, (#10575, #10576), .UNSPECIFIED., .F., .U., (2, 2), (0., 1.), .UNSPECIFIED.);
#10578 = EDGE_CURVE ('', #446, #10567, #10577, .T.);
#10579 = ORIENTED_EDGE ('', *, *, #10578, .T.);
#10580 = EDGE_LOOP ('', (#10572, #10573, #10574, #10579));
#10581 = FACE_OUTER_BOUND ('', #10580, .T.);
#10582 = CARTESIAN_POINT ('', (-81.75, 3.49999999999999, 3.5));
#10583 = CARTESIAN_POINT ('', (-81.75, 3.49999999999999, 5.));
#10584 = CARTESIAN_POINT ('', (-75.25, 3.5, 3.5));
#10585 = CARTESIAN_POINT ('', (-75.25, 3.5, 5.));
#10586 = B_SPLINE_SURFACE_WITH_KNOTS ('', 1, 1, ((#10582, #10583), (#10584, #10585)), .UNSPECIFIED., .F., .F., .U., (2, 2), (2, 2), (771.25, 772.25), (0., 1.), .UNSPECIFIED.);
#10587 = ADVANCED_FACE ('', (#10581), #10586, .T.);
#10588 = CARTESIAN_POINT ('', (-74.75, 3., 5.));
#10589 = VERTEX_POINT ('', #10588);
#10590 = CARTESIAN_POINT ('', (-75.25, 3.5, 5.));
#10591 = CARTESIAN_POINT ('', (-74.75, 3.5, 5.));
#10592 = CARTESIAN_POINT ('', (-74.75, 3., 5.));
#10593 = (
   BOUNDED_CURVE ()
   B_SPLINE_CURVE (2, (#10590, #10591, #10592), .UNSPECIFIED., .F., .U.)
   B_SPLINE_CURVE_WITH_KNOTS ((3, 3), (772.25, 773.25), .UNSPECIFIED.)
   CURVE ()
   GEOMETRIC_REPRESENTATION_ITEM ()
   RATIONAL_B_SPLINE_CURVE ((1., 0.707106781186548, 1.))
   REPRESENTATION_ITEM ('')
);
#10594 = EDGE_CURVE ('', #10567, #10589, #10593, .T.);
#10595 = ORIENTED_EDGE ('', *, *, #10594, .F.);
#10596 = ORIENTED_EDGE ('', *, *, #10578, .F.);
#10597 = ORIENTED_EDGE ('', *, *, #451, .T.);
#10598 = CARTESIAN_POINT ('', (-74.75, 3., 3.5));
#10599 = CARTESIAN_POINT ('', (-74.75, 3., 5.));
#10600 = B_SPLINE_CURVE_WITH_KNOTS ('', 1, (#10598, #10599), .UNSPECIFIED., .F., .U., (2, 2), (0., 1.), .UNSPECIFIED.);
#10601 = EDGE_CURVE ('', #439, #10589, #10600, .T.);
#10602 = ORIENTED_EDGE ('', *, *, #10601, .T.);
#10603 = EDGE_LOOP ('', (#10595, #10596, #10597, #10602));
#10604 = FACE_OUTER_BOUND ('', #10603, .T.);
#10605 = CARTESIAN_POINT ('', (-75.25, 3.5, 3.5));
#10606 = CARTESIAN_POINT ('', (-75.25, 3.5, 5.));
#10607 = CARTESIAN_POINT ('', (-74.75, 3.5, 3.5));
#10608 = CARTESIAN_POINT ('', (-74.75, 3.5, 5.));
#10609 = CARTESIAN_POINT ('', (-74.75, 3., 3.5));
#10610 = CARTESIAN_POINT ('', (-74.75, 3., 5.));
#10611 = (
   BOUNDED_SURFACE ()
   B_SPLINE_SURFACE (2, 1, ((#10605, #10606), (#10607, #10608), (#10609, #10610)), .UNSPECIFIED., .F., .F., .U.)
   B_SPLINE_SURFACE_WITH_KNOTS ((3, 3), (2, 2), (772.25, 773.25), (0., 1.), .UNSPECIFIED.)
   GEOMETRIC_REPRESENTATION_ITEM ()
   RATIONAL_B_SPLINE_SURFACE (((1., 1.), (0.707106781186548, 0.707106781186548), (1., 1.)))
   REPRESENTATION_ITEM ('')
   SURFACE ()
);
#10612 = ADVANCED_FACE ('', (#10604), #10611, .T.);
#10613 = CARTESIAN_POINT ('', (-74.75, 2.50000000000022, 5.));
#10614 = VERTEX_POINT ('', #10613);
#10615 = CARTESIAN_POINT ('', (-74.75, 3., 5.));
#10616 = CARTESIAN_POINT ('', (-74.75, 2.50000000000022, 5.));
#10617 = B_SPLINE_CURVE_WITH_KNOTS ('', 1, (#10615, #10616), .UNSPECIFIED., .F., .U., (2, 2), (773.25, 773.75), .UNSPECIFIED.);
#10618 = EDGE_CURVE ('', #10589, #10614, #10617, .T.);
#10619 = ORIENTED_EDGE ('', *, *, #10618, .F.);
#10620 = ORIENTED_EDGE ('', *, *, #10601, .F.);
#10621 = ORIENTED_EDGE ('', *, *, #443, .T.);
#10622 = CARTESIAN_POINT ('', (-74.75, 2.50000000000022, 3.5));
#10623 = CARTESIAN_POINT ('', (-74.75, 2.50000000000022, 5.));
#10624 = B_SPLINE_CURVE_WITH_KNOTS ('', 1, (#10622, #10623), .UNSPECIFIED., .F., .U., (2, 2), (0., 1.), .UNSPECIFIED.);
#10625 = EDGE_CURVE ('', #432, #10614, #10624, .T.);
#10626 = ORIENTED_EDGE ('', *, *, #10625, .T.);
#10627 = EDGE_LOOP ('', (#10619, #10620, #10621, #10626));
#10628 = FACE_OUTER_BOUND ('', #10627, .T.);
#10629 = CARTESIAN_POINT ('', (-74.75, 3., 3.5));
#10630 = CARTESIAN_POINT ('', (-74.75, 3., 5.));
#10631 = CARTESIAN_POINT ('', (-74.75, 2.50000000000022, 3.5));
#10632 = CARTESIAN_POINT ('', (-74.75, 2.50000000000022, 5.));
#10633 = B_SPLINE_SURFACE_WITH_KNOTS ('', 1, 1, ((#10629, #10630), (#10631, #10632)), .UNSPECIFIED., .F., .F., .U., (2, 2), (2, 2), (773.25, 773.75), (0., 1.), .UNSPECIFIED.);
#10634 = ADVANCED_FACE ('', (#10628), #10633, .T.);
#10635 = CARTESIAN_POINT ('', (-13., 2.5, 5.));
#10636 = VERTEX_POINT ('', #10635);
#10637 = CARTESIAN_POINT ('', (-74.75, 2.50000000000022, 5.));
#10638 = CARTESIAN_POINT ('', (-13., 2.5, 5.));
#10639 = B_SPLINE_CURVE_WITH_KNOTS ('', 1, (#10637, #10638), .UNSPECIFIED., .F., .U., (2, 2), (773.75, 835.5), .UNSPECIFIED.);
#10640 = EDGE_CURVE ('', #10614, #10636, #10639, .T.);
#10641 = ORIENTED_EDGE ('', *, *, #10640, .F.);
#10642 = ORIENTED_EDGE ('', *, *, #10625, .F.);
#10643 = ORIENTED_EDGE ('', *, *, #436, .T.);
#10644 = CARTESIAN_POINT ('', (-13., 2.5, 3.5));
#10645 = CARTESIAN_POINT ('', (-13., 2.5, 5.));
#10646 = B_SPLINE_CURVE_WITH_KNOTS ('', 1, (#10644, #10645), .UNSPECIFIED., .F., .U., (2, 2), (0., 1.), .UNSPECIFIED.);
#10647 = EDGE_CURVE ('', #425, #10636, #10646, .T.);
#10648 = ORIENTED_EDGE ('', *, *, #10647, .T.);
#10649 = EDGE_LOOP ('', (#10641, #10642, #10643, #10648));
#10650 = FACE_OUTER_BOUND ('', #10649, .T.);
#10651 = CARTESIAN_POINT ('', (-74.75, 2.50000000000022, 3.5));
#10652 = CARTESIAN_POINT ('', (-74.75, 2.50000000000022, 5.));
#10653 = CARTESIAN_POINT ('', (-13., 2.5, 3.5));
#10654 = CARTESIAN_POINT ('', (-13., 2.5, 5.));
#10655 = B_SPLINE_SURFACE_WITH_KNOTS ('', 1, 1, ((#10651, #10652), (#10653, #10654)), .UNSPECIFIED., .F., .F., .U., (2, 2), (2, 2), (773.75, 835.5), (0., 1.), .UNSPECIFIED.);
#10656 = ADVANCED_FACE ('', (#10650), #10655, .T.);
#10657 = CARTESIAN_POINT ('', (-13., 40.5, 5.));
#10658 = VERTEX_POINT ('', #10657);
#10659 = CARTESIAN_POINT ('', (-13., 2.5, 5.));
#10660 = CARTESIAN_POINT ('', (-13., 40.5, 5.));
#10661 = B_SPLINE_CURVE_WITH_KNOTS ('', 1, (#10659, #10660), .UNSPECIFIED., .F., .U., (2, 2), (835.5, 873.5), .UNSPECIFIED.);
#10662 = EDGE_CURVE ('', #10636, #10658, #10661, .T.);
#10663 = ORIENTED_EDGE ('', *, *, #10662, .F.);
#10664 = ORIENTED_EDGE ('', *, *, #10647, .F.);
#10665 = ORIENTED_EDGE ('', *, *, #429, .T.);
#10666 = CARTESIAN_POINT ('', (-13., 40.5, 3.5));
#10667 = CARTESIAN_POINT ('', (-13., 40.5, 5.));
#10668 = B_SPLINE_CURVE_WITH_KNOTS ('', 1, (#10666, #10667), .UNSPECIFIED., .F., .U., (2, 2), (0., 1.), .UNSPECIFIED.);
#10669 = EDGE_CURVE ('', #418, #10658, #10668, .T.);
#10670 = ORIENTED_EDGE ('', *, *, #10669, .T.);
#10671 = EDGE_LOOP ('', (#10663, #10664, #10665, #10670));
#10672 = FACE_OUTER_BOUND ('', #10671, .T.);
#10673 = CARTESIAN_POINT ('', (-13., 2.5, 3.5));
#10674 = CARTESIAN_POINT ('', (-13., 2.5, 5.));
#10675 = CARTESIAN_POINT ('', (-13., 40.5, 3.5));
#10676 = CARTESIAN_POINT ('', (-13., 40.5, 5.));
#10677 = B_SPLINE_SURFACE_WITH_KNOTS ('', 1, 1, ((#10673, #10674), (#10675, #10676)), .UNSPECIFIED., .F., .F., .U., (2, 2), (2, 2), (835.5, 873.5), (0., 1.), .UNSPECIFIED.);
#10678 = ADVANCED_FACE ('', (#10672), #10677, .T.);
#10679 = CARTESIAN_POINT ('', (-13., 41., 5.));
#10680 = VERTEX_POINT ('', #10679);
#10681 = CARTESIAN_POINT ('', (-13., 40.5, 5.));
#10682 = CARTESIAN_POINT ('', (-13., 41., 5.));
#10683 = B_SPLINE_CURVE_WITH_KNOTS ('', 1, (#10681, #10682), .UNSPECIFIED., .F., .U., (2, 2), (873.5, 874.5), .UNSPECIFIED.);
#10684 = EDGE_CURVE ('', #10658, #10680, #10683, .T.);
#10685 = ORIENTED_EDGE ('', *, *, #10684, .F.);
#10686 = ORIENTED_EDGE ('', *, *, #10669, .F.);
#10687 = ORIENTED_EDGE ('', *, *, #422, .T.);
#10688 = CARTESIAN_POINT ('', (-13., 41., 3.5));
#10689 = CARTESIAN_POINT ('', (-13., 41., 5.));
#10690 = B_SPLINE_CURVE_WITH_KNOTS ('', 1, (#10688, #10689), .UNSPECIFIED., .F., .U., (2, 2), (0., 1.), .UNSPECIFIED.);
#10691 = EDGE_CURVE ('', #410, #10680, #10690, .T.);
#10692 = ORIENTED_EDGE ('', *, *, #10691, .T.);
#10693 = EDGE_LOOP ('', (#10685, #10686, #10687, #10692));
#10694 = FACE_OUTER_BOUND ('', #10693, .T.);
#10695 = CARTESIAN_POINT ('', (-13., 40.5, 3.5));
#10696 = CARTESIAN_POINT ('', (-13., 40.5, 5.));
#10697 = CARTESIAN_POINT ('', (-13., 41., 3.5));
#10698 = CARTESIAN_POINT ('', (-13., 41., 5.));
#10699 = B_SPLINE_SURFACE_WITH_KNOTS ('', 1, 1, ((#10695, #10696), (#10697, #10698)), .UNSPECIFIED., .F., .F., .U., (2, 2), (2, 2), (873.5, 874.5), (0., 1.), .UNSPECIFIED.);
#10700 = ADVANCED_FACE ('', (#10694), #10699, .T.);
#10701 = CARTESIAN_POINT ('', (-15.5, 43.5, 5.));
#10702 = VERTEX_POINT ('', #10701);
#10703 = CARTESIAN_POINT ('', (-13., 41., 5.));
#10704 = CARTESIAN_POINT ('', (-13., 43.5, 5.));
#10705 = CARTESIAN_POINT ('', (-15.5, 43.5, 5.));
#10706 = (
   BOUNDED_CURVE ()
   B_SPLINE_CURVE (2, (#10703, #10704, #10705), .UNSPECIFIED., .F., .U.)
   B_SPLINE_CURVE_WITH_KNOTS ((3, 3), (874.5, 875.5), .UNSPECIFIED.)
   CURVE ()
   GEOMETRIC_REPRESENTATION_ITEM ()
   RATIONAL_B_SPLINE_CURVE ((1., 0.707106781186548, 1.))
   REPRESENTATION_ITEM ('')
);
#10707 = EDGE_CURVE ('', #10680, #10702, #10706, .T.);
#10708 = ORIENTED_EDGE ('', *, *, #10707, .F.);
#10709 = ORIENTED_EDGE ('', *, *, #10691, .F.);
#10710 = ORIENTED_EDGE ('', *, *, #415, .T.);
#10711 = CARTESIAN_POINT ('', (-15.5, 43.5, 3.5));
#10712 = CARTESIAN_POINT ('', (-15.5, 43.5, 5.));
#10713 = B_SPLINE_CURVE_WITH_KNOTS ('', 1, (#10711, #10712), .UNSPECIFIED., .F., .U., (2, 2), (0., 1.), .UNSPECIFIED.);
#10714 = EDGE_CURVE ('', #403, #10702, #10713, .T.);
#10715 = ORIENTED_EDGE ('', *, *, #10714, .T.);
#10716 = EDGE_LOOP ('', (#10708, #10709, #10710, #10715));
#10717 = FACE_OUTER_BOUND ('', #10716, .T.);
#10718 = CARTESIAN_POINT ('', (-13., 41., 3.5));
#10719 = CARTESIAN_POINT ('', (-13., 41., 5.));
#10720 = CARTESIAN_POINT ('', (-13., 43.5, 3.5));
#10721 = CARTESIAN_POINT ('', (-13., 43.5, 5.));
#10722 = CARTESIAN_POINT ('', (-15.5, 43.5, 3.5));
#10723 = CARTESIAN_POINT ('', (-15.5, 43.5, 5.));
#10724 = (
   BOUNDED_SURFACE ()
   B_SPLINE_SURFACE (2, 1, ((#10718, #10719), (#10720, #10721), (#10722, #10723)), .UNSPECIFIED., .F., .F., .U.)
   B_SPLINE_SURFACE_WITH_KNOTS ((3, 3), (2, 2), (874.5, 875.5), (0., 1.), .UNSPECIFIED.)
   GEOMETRIC_REPRESENTATION_ITEM ()
   RATIONAL_B_SPLINE_SURFACE (((1., 1.), (0.707106781186548, 0.707106781186548), (1., 1.)))
   REPRESENTATION_ITEM ('')
   SURFACE ()
);
#10725 = ADVANCED_FACE ('', (#10717), #10724, .T.);
#10726 = CARTESIAN_POINT ('', (-19., 43.5, 5.));
#10727 = VERTEX_POINT ('', #10726);
#10728 = CARTESIAN_POINT ('', (-15.5, 43.5, 5.));
#10729 = CARTESIAN_POINT ('', (-19., 43.5, 5.));
#10730 = B_SPLINE_CURVE_WITH_KNOTS ('', 1, (#10728, #10729), .UNSPECIFIED., .F., .U., (2, 2), (875.5, 876.5), .UNSPECIFIED.);
#10731 = EDGE_CURVE ('', #10702, #10727, #10730, .T.);
#10732 = ORIENTED_EDGE ('', *, *, #10731, .F.);
#10733 = ORIENTED_EDGE ('', *, *, #10714, .F.);
#10734 = ORIENTED_EDGE ('', *, *, #407, .T.);
#10735 = CARTESIAN_POINT ('', (-19., 43.5, 3.5));
#10736 = CARTESIAN_POINT ('', (-19., 43.5, 5.));
#10737 = B_SPLINE_CURVE_WITH_KNOTS ('', 1, (#10735, #10736), .UNSPECIFIED., .F., .U., (2, 2), (0., 1.), .UNSPECIFIED.);
#10738 = EDGE_CURVE ('', #393, #10727, #10737, .T.);
#10739 = ORIENTED_EDGE ('', *, *, #10738, .T.);
#10740 = EDGE_LOOP ('', (#10732, #10733, #10734, #10739));
#10741 = FACE_OUTER_BOUND ('', #10740, .T.);
#10742 = CARTESIAN_POINT ('', (-15.5, 43.5, 3.5));
#10743 = CARTESIAN_POINT ('', (-15.5, 43.5, 5.));
#10744 = CARTESIAN_POINT ('', (-19., 43.5, 3.5));
#10745 = CARTESIAN_POINT ('', (-19., 43.5, 5.));
#10746 = B_SPLINE_SURFACE_WITH_KNOTS ('', 1, 1, ((#10742, #10743), (#10744, #10745)), .UNSPECIFIED., .F., .F., .U., (2, 2), (2, 2), (875.5, 876.5), (0., 1.), .UNSPECIFIED.);
#10747 = ADVANCED_FACE ('', (#10741), #10746, .T.);
#10748 = CARTESIAN_POINT ('', (-19., 44.5, 5.));
#10749 = VERTEX_POINT ('', #10748);
#10750 = CARTESIAN_POINT ('', (-19., 43.5, 5.));
#10751 = CARTESIAN_POINT ('', (-19.5, 43.5, 5.));
#10752 = CARTESIAN_POINT ('', (-19.5, 44., 5.));
#10753 = CARTESIAN_POINT ('', (-19.5, 44.5, 5.));
#10754 = CARTESIAN_POINT ('', (-19., 44.5, 5.));
#10755 = (
   BOUNDED_CURVE ()
   B_SPLINE_CURVE (2, (#10750, #10751, #10752, #10753, #10754), .UNSPECIFIED., .F., .U.)
   B_SPLINE_CURVE_WITH_KNOTS ((3, 2, 3), (876.5, 877., 877.5), .UNSPECIFIED.)
   CURVE ()
   GEOMETRIC_REPRESENTATION_ITEM ()
   RATIONAL_B_SPLINE_CURVE ((1., 0.707106781186548, 1., 0.707106781186548, 1.))
   REPRESENTATION_ITEM ('')
);
#10756 = EDGE_CURVE ('', #10727, #10749, #10755, .T.);
#10757 = ORIENTED_EDGE ('', *, *, #10756, .F.);
#10758 = ORIENTED_EDGE ('', *, *, #10738, .F.);
#10759 = ORIENTED_EDGE ('', *, *, #400, .T.);
#10760 = CARTESIAN_POINT ('', (-19., 44.5, 3.5));
#10761 = CARTESIAN_POINT ('', (-19., 44.5, 5.));
#10762 = B_SPLINE_CURVE_WITH_KNOTS ('', 1, (#10760, #10761), .UNSPECIFIED., .F., .U., (2, 2), (0., 1.), .UNSPECIFIED.);
#10763 = EDGE_CURVE ('', #386, #10749, #10762, .T.);
#10764 = ORIENTED_EDGE ('', *, *, #10763, .T.);
#10765 = EDGE_LOOP ('', (#10757, #10758, #10759, #10764));
#10766 = FACE_OUTER_BOUND ('', #10765, .T.);
#10767 = CARTESIAN_POINT ('', (-19., 43.5, 3.5));
#10768 = CARTESIAN_POINT ('', (-19., 43.5, 5.));
#10769 = CARTESIAN_POINT ('', (-19.5, 43.5, 3.5));
#10770 = CARTESIAN_POINT ('', (-19.5, 43.5, 5.));
#10771 = CARTESIAN_POINT ('', (-19.5, 44., 3.5));
#10772 = CARTESIAN_POINT ('', (-19.5, 44., 5.));
#10773 = CARTESIAN_POINT ('', (-19.5, 44.5, 3.5));
#10774 = CARTESIAN_POINT ('', (-19.5, 44.5, 5.));
#10775 = CARTESIAN_POINT ('', (-19., 44.5, 3.5));
#10776 = CARTESIAN_POINT ('', (-19., 44.5, 5.));
#10777 = (
   BOUNDED_SURFACE ()
   B_SPLINE_SURFACE (2, 1, ((#10767, #10768), (#10769, #10770), (#10771, #10772), (#10773, #10774), (#10775, #10776)), .UNSPECIFIED., .F., .F., .U.)
   B_SPLINE_SURFACE_WITH_KNOTS ((3, 2, 3), (2, 2), (876.5, 877., 877.5), (0., 1.), .UNSPECIFIED.)
   GEOMETRIC_REPRESENTATION_ITEM ()
   RATIONAL_B_SPLINE_SURFACE (((1., 1.), (0.707106781186548, 0.707106781186548), (1., 1.), (0.707106781186548, 0.707106781186548), (1., 1.)))
   REPRESENTATION_ITEM ('')
   SURFACE ()
);
#10778 = ADVANCED_FACE ('', (#10766), #10777, .T.);
#10779 = CARTESIAN_POINT ('', (-15.5, 44.5, 5.));
#10780 = VERTEX_POINT ('', #10779);
#10781 = CARTESIAN_POINT ('', (-19., 44.5, 5.));
#10782 = CARTESIAN_POINT ('', (-15.5, 44.5, 5.));
#10783 = B_SPLINE_CURVE_WITH_KNOTS ('', 1, (#10781, #10782), .UNSPECIFIED., .F., .U., (2, 2), (877.5, 878.5), .UNSPECIFIED.);
#10784 = EDGE_CURVE ('', #10749, #10780, #10783, .T.);
#10785 = ORIENTED_EDGE ('', *, *, #10784, .F.);
#10786 = ORIENTED_EDGE ('', *, *, #10763, .F.);
#10787 = ORIENTED_EDGE ('', *, *, #390, .T.);
#10788 = CARTESIAN_POINT ('', (-15.5, 44.5, 3.5));
#10789 = CARTESIAN_POINT ('', (-15.5, 44.5, 5.));
#10790 = B_SPLINE_CURVE_WITH_KNOTS ('', 1, (#10788, #10789), .UNSPECIFIED., .F., .U., (2, 2), (0., 1.), .UNSPECIFIED.);
#10791 = EDGE_CURVE ('', #378, #10780, #10790, .T.);
#10792 = ORIENTED_EDGE ('', *, *, #10791, .T.);
#10793 = EDGE_LOOP ('', (#10785, #10786, #10787, #10792));
#10794 = FACE_OUTER_BOUND ('', #10793, .T.);
#10795 = CARTESIAN_POINT ('', (-19., 44.5, 3.5));
#10796 = CARTESIAN_POINT ('', (-19., 44.5, 5.));
#10797 = CARTESIAN_POINT ('', (-15.5, 44.5, 3.5));
#10798 = CARTESIAN_POINT ('', (-15.5, 44.5, 5.));
#10799 = B_SPLINE_SURFACE_WITH_KNOTS ('', 1, 1, ((#10795, #10796), (#10797, #10798)), .UNSPECIFIED., .F., .F., .U., (2, 2), (2, 2), (877.5, 878.5), (0., 1.), .UNSPECIFIED.);
#10800 = ADVANCED_FACE ('', (#10794), #10799, .T.);
#10801 = CARTESIAN_POINT ('', (-13., 47., 5.));
#10802 = VERTEX_POINT ('', #10801);
#10803 = CARTESIAN_POINT ('', (-15.5, 44.5, 5.));
#10804 = CARTESIAN_POINT ('', (-13., 44.5, 5.));
#10805 = CARTESIAN_POINT ('', (-13., 47., 5.));
#10806 = (
   BOUNDED_CURVE ()
   B_SPLINE_CURVE (2, (#10803, #10804, #10805), .UNSPECIFIED., .F., .U.)
   B_SPLINE_CURVE_WITH_KNOTS ((3, 3), (878.5, 879.5), .UNSPECIFIED.)
   CURVE ()
   GEOMETRIC_REPRESENTATION_ITEM ()
   RATIONAL_B_SPLINE_CURVE ((1., 0.707106781186548, 1.))
   REPRESENTATION_ITEM ('')
);
#10807 = EDGE_CURVE ('', #10780, #10802, #10806, .T.);
#10808 = ORIENTED_EDGE ('', *, *, #10807, .F.);
#10809 = ORIENTED_EDGE ('', *, *, #10791, .F.);
#10810 = ORIENTED_EDGE ('', *, *, #383, .T.);
#10811 = CARTESIAN_POINT ('', (-13., 47., 3.5));
#10812 = CARTESIAN_POINT ('', (-13., 47., 5.));
#10813 = B_SPLINE_CURVE_WITH_KNOTS ('', 1, (#10811, #10812), .UNSPECIFIED., .F., .U., (2, 2), (0., 1.), .UNSPECIFIED.);
#10814 = EDGE_CURVE ('', #371, #10802, #10813, .T.);
#10815 = ORIENTED_EDGE ('', *, *, #10814, .T.);
#10816 = EDGE_LOOP ('', (#10808, #10809, #10810, #10815));
#10817 = FACE_OUTER_BOUND ('', #10816, .T.);
#10818 = CARTESIAN_POINT ('', (-15.5, 44.5, 3.5));
#10819 = CARTESIAN_POINT ('', (-15.5, 44.5, 5.));
#10820 = CARTESIAN_POINT ('', (-13., 44.5, 3.5));
#10821 = CARTESIAN_POINT ('', (-13., 44.5, 5.));
#10822 = CARTESIAN_POINT ('', (-13., 47., 3.5));
#10823 = CARTESIAN_POINT ('', (-13., 47., 5.));
#10824 = (
   BOUNDED_SURFACE ()
   B_SPLINE_SURFACE (2, 1, ((#10818, #10819), (#10820, #10821), (#10822, #10823)), .UNSPECIFIED., .F., .F., .U.)
   B_SPLINE_SURFACE_WITH_KNOTS ((3, 3), (2, 2), (878.5, 879.5), (0., 1.), .UNSPECIFIED.)
   GEOMETRIC_REPRESENTATION_ITEM ()
   RATIONAL_B_SPLINE_SURFACE (((1., 1.), (0.707106781186548, 0.707106781186548), (1., 1.)))
   REPRESENTATION_ITEM ('')
   SURFACE ()
);
#10825 = ADVANCED_FACE ('', (#10817), #10824, .T.);
#10826 = CARTESIAN_POINT ('', (-13., 50., 5.));
#10827 = VERTEX_POINT ('', #10826);
#10828 = CARTESIAN_POINT ('', (-13., 47., 5.));
#10829 = CARTESIAN_POINT ('', (-13., 50., 5.));
#10830 = B_SPLINE_CURVE_WITH_KNOTS ('', 1, (#10828, #10829), .UNSPECIFIED., .F., .U., (2, 2), (879.5, 880.5), .UNSPECIFIED.);
#10831 = EDGE_CURVE ('', #10802, #10827, #10830, .T.);
#10832 = ORIENTED_EDGE ('', *, *, #10831, .F.);
#10833 = ORIENTED_EDGE ('', *, *, #10814, .F.);
#10834 = ORIENTED_EDGE ('', *, *, #375, .T.);
#10835 = CARTESIAN_POINT ('', (-13., 50., 3.5));
#10836 = CARTESIAN_POINT ('', (-13., 50., 5.));
#10837 = B_SPLINE_CURVE_WITH_KNOTS ('', 1, (#10835, #10836), .UNSPECIFIED., .F., .U., (2, 2), (0., 1.), .UNSPECIFIED.);
#10838 = EDGE_CURVE ('', #364, #10827, #10837, .T.);
#10839 = ORIENTED_EDGE ('', *, *, #10838, .T.);
#10840 = EDGE_LOOP ('', (#10832, #10833, #10834, #10839));
#10841 = FACE_OUTER_BOUND ('', #10840, .T.);
#10842 = CARTESIAN_POINT ('', (-13., 47., 3.5));
#10843 = CARTESIAN_POINT ('', (-13., 47., 5.));
#10844 = CARTESIAN_POINT ('', (-13., 50., 3.5));
#10845 = CARTESIAN_POINT ('', (-13., 50., 5.));
#10846 = B_SPLINE_SURFACE_WITH_KNOTS ('', 1, 1, ((#10842, #10843), (#10844, #10845)), .UNSPECIFIED., .F., .F., .U., (2, 2), (2, 2), (879.5, 880.5), (0., 1.), .UNSPECIFIED.);
#10847 = ADVANCED_FACE ('', (#10841), #10846, .T.);
#10848 = CARTESIAN_POINT ('', (-13., 53., 5.));
#10849 = VERTEX_POINT ('', #10848);
#10850 = CARTESIAN_POINT ('', (-13., 50., 5.));
#10851 = CARTESIAN_POINT ('', (-13., 53., 5.));
#10852 = B_SPLINE_CURVE_WITH_KNOTS ('', 1, (#10850, #10851), .UNSPECIFIED., .F., .U., (2, 2), (880.5, 881.5), .UNSPECIFIED.);
#10853 = EDGE_CURVE ('', #10827, #10849, #10852, .T.);
#10854 = ORIENTED_EDGE ('', *, *, #10853, .F.);
#10855 = ORIENTED_EDGE ('', *, *, #10838, .F.);
#10856 = ORIENTED_EDGE ('', *, *, #368, .T.);
#10857 = CARTESIAN_POINT ('', (-13., 53., 3.5));
#10858 = CARTESIAN_POINT ('', (-13., 53., 5.));
#10859 = B_SPLINE_CURVE_WITH_KNOTS ('', 1, (#10857, #10858), .UNSPECIFIED., .F., .U., (2, 2), (0., 1.), .UNSPECIFIED.);
#10860 = EDGE_CURVE ('', #356, #10849, #10859, .T.);
#10861 = ORIENTED_EDGE ('', *, *, #10860, .T.);
#10862 = EDGE_LOOP ('', (#10854, #10855, #10856, #10861));
#10863 = FACE_OUTER_BOUND ('', #10862, .T.);
#10864 = CARTESIAN_POINT ('', (-13., 50., 3.5));
#10865 = CARTESIAN_POINT ('', (-13., 50., 5.));
#10866 = CARTESIAN_POINT ('', (-13., 53., 3.5));
#10867 = CARTESIAN_POINT ('', (-13., 53., 5.));
#10868 = B_SPLINE_SURFACE_WITH_KNOTS ('', 1, 1, ((#10864, #10865), (#10866, #10867)), .UNSPECIFIED., .F., .F., .U., (2, 2), (2, 2), (880.5, 881.5), (0., 1.), .UNSPECIFIED.);
#10869 = ADVANCED_FACE ('', (#10863), #10868, .T.);
#10870 = CARTESIAN_POINT ('', (-15.5, 55.5, 5.));
#10871 = VERTEX_POINT ('', #10870);
#10872 = CARTESIAN_POINT ('', (-13., 53., 5.));
#10873 = CARTESIAN_POINT ('', (-13., 55.5, 5.));
#10874 = CARTESIAN_POINT ('', (-15.5, 55.5, 5.));
#10875 = (
   BOUNDED_CURVE ()
   B_SPLINE_CURVE (2, (#10872, #10873, #10874), .UNSPECIFIED., .F., .U.)
   B_SPLINE_CURVE_WITH_KNOTS ((3, 3), (881.5, 882.5), .UNSPECIFIED.)
   CURVE ()
   GEOMETRIC_REPRESENTATION_ITEM ()
   RATIONAL_B_SPLINE_CURVE ((1., 0.707106781186548, 1.))
   REPRESENTATION_ITEM ('')
);
#10876 = EDGE_CURVE ('', #10849, #10871, #10875, .T.);
#10877 = ORIENTED_EDGE ('', *, *, #10876, .F.);
#10878 = ORIENTED_EDGE ('', *, *, #10860, .F.);
#10879 = ORIENTED_EDGE ('', *, *, #361, .T.);
#10880 = CARTESIAN_POINT ('', (-15.5, 55.5, 3.5));
#10881 = CARTESIAN_POINT ('', (-15.5, 55.5, 5.));
#10882 = B_SPLINE_CURVE_WITH_KNOTS ('', 1, (#10880, #10881), .UNSPECIFIED., .F., .U., (2, 2), (0., 1.), .UNSPECIFIED.);
#10883 = EDGE_CURVE ('', #349, #10871, #10882, .T.);
#10884 = ORIENTED_EDGE ('', *, *, #10883, .T.);
#10885 = EDGE_LOOP ('', (#10877, #10878, #10879, #10884));
#10886 = FACE_OUTER_BOUND ('', #10885, .T.);
#10887 = CARTESIAN_POINT ('', (-13., 53., 3.5));
#10888 = CARTESIAN_POINT ('', (-13., 53., 5.));
#10889 = CARTESIAN_POINT ('', (-13., 55.5, 3.5));
#10890 = CARTESIAN_POINT ('', (-13., 55.5, 5.));
#10891 = CARTESIAN_POINT ('', (-15.5, 55.5, 3.5));
#10892 = CARTESIAN_POINT ('', (-15.5, 55.5, 5.));
#10893 = (
   BOUNDED_SURFACE ()
   B_SPLINE_SURFACE (2, 1, ((#10887, #10888), (#10889, #10890), (#10891, #10892)), .UNSPECIFIED., .F., .F., .U.)
   B_SPLINE_SURFACE_WITH_KNOTS ((3, 3), (2, 2), (881.5, 882.5), (0., 1.), .UNSPECIFIED.)
   GEOMETRIC_REPRESENTATION_ITEM ()
   RATIONAL_B_SPLINE_SURFACE (((1., 1.), (0.707106781186548, 0.707106781186548), (1., 1.)))
   REPRESENTATION_ITEM ('')
   SURFACE ()
);
#10894 = ADVANCED_FACE ('', (#10886), #10893, .T.);
#10895 = CARTESIAN_POINT ('', (-19., 55.5, 5.));
#10896 = VERTEX_POINT ('', #10895);
#10897 = CARTESIAN_POINT ('', (-15.5, 55.5, 5.));
#10898 = CARTESIAN_POINT ('', (-19., 55.5, 5.));
#10899 = B_SPLINE_CURVE_WITH_KNOTS ('', 1, (#10897, #10898), .UNSPECIFIED., .F., .U., (2, 2), (882.5, 883.5), .UNSPECIFIED.);
#10900 = EDGE_CURVE ('', #10871, #10896, #10899, .T.);
#10901 = ORIENTED_EDGE ('', *, *, #10900, .F.);
#10902 = ORIENTED_EDGE ('', *, *, #10883, .F.);
#10903 = ORIENTED_EDGE ('', *, *, #353, .T.);
#10904 = CARTESIAN_POINT ('', (-19., 55.5, 3.5));
#10905 = CARTESIAN_POINT ('', (-19., 55.5, 5.));
#10906 = B_SPLINE_CURVE_WITH_KNOTS ('', 1, (#10904, #10905), .UNSPECIFIED., .F., .U., (2, 2), (0., 1.), .UNSPECIFIED.);
#10907 = EDGE_CURVE ('', #339, #10896, #10906, .T.);
#10908 = ORIENTED_EDGE ('', *, *, #10907, .T.);
#10909 = EDGE_LOOP ('', (#10901, #10902, #10903, #10908));
#10910 = FACE_OUTER_BOUND ('', #10909, .T.);
#10911 = CARTESIAN_POINT ('', (-15.5, 55.5, 3.5));
#10912 = CARTESIAN_POINT ('', (-15.5, 55.5, 5.));
#10913 = CARTESIAN_POINT ('', (-19., 55.5, 3.5));
#10914 = CARTESIAN_POINT ('', (-19., 55.5, 5.));
#10915 = B_SPLINE_SURFACE_WITH_KNOTS ('', 1, 1, ((#10911, #10912), (#10913, #10914)), .UNSPECIFIED., .F., .F., .U., (2, 2), (2, 2), (882.5, 883.5), (0., 1.), .UNSPECIFIED.);
#10916 = ADVANCED_FACE ('', (#10910), #10915, .T.);
#10917 = CARTESIAN_POINT ('', (-19., 56.5, 5.));
#10918 = VERTEX_POINT ('', #10917);
#10919 = CARTESIAN_POINT ('', (-19., 55.5, 5.));
#10920 = CARTESIAN_POINT ('', (-19.5, 55.5, 5.));
#10921 = CARTESIAN_POINT ('', (-19.5, 56., 5.));
#10922 = CARTESIAN_POINT ('', (-19.5, 56.5, 5.));
#10923 = CARTESIAN_POINT ('', (-19., 56.5, 5.));
#10924 = (
   BOUNDED_CURVE ()
   B_SPLINE_CURVE (2, (#10919, #10920, #10921, #10922, #10923), .UNSPECIFIED., .F., .U.)
   B_SPLINE_CURVE_WITH_KNOTS ((3, 2, 3), (883.5, 884., 884.5), .UNSPECIFIED.)
   CURVE ()
   GEOMETRIC_REPRESENTATION_ITEM ()
   RATIONAL_B_SPLINE_CURVE ((1., 0.707106781186548, 1., 0.707106781186548, 1.))
   REPRESENTATION_ITEM ('')
);
#10925 = EDGE_CURVE ('', #10896, #10918, #10924, .T.);
#10926 = ORIENTED_EDGE ('', *, *, #10925, .F.);
#10927 = ORIENTED_EDGE ('', *, *, #10907, .F.);
#10928 = ORIENTED_EDGE ('', *, *, #346, .T.);
#10929 = CARTESIAN_POINT ('', (-19., 56.5, 3.5));
#10930 = CARTESIAN_POINT ('', (-19., 56.5, 5.));
#10931 = B_SPLINE_CURVE_WITH_KNOTS ('', 1, (#10929, #10930), .UNSPECIFIED., .F., .U., (2, 2), (0., 1.), .UNSPECIFIED.);
#10932 = EDGE_CURVE ('', #332, #10918, #10931, .T.);
#10933 = ORIENTED_EDGE ('', *, *, #10932, .T.);
#10934 = EDGE_LOOP ('', (#10926, #10927, #10928, #10933));
#10935 = FACE_OUTER_BOUND ('', #10934, .T.);
#10936 = CARTESIAN_POINT ('', (-19., 55.5, 3.5));
#10937 = CARTESIAN_POINT ('', (-19., 55.5, 5.));
#10938 = CARTESIAN_POINT ('', (-19.5, 55.5, 3.5));
#10939 = CARTESIAN_POINT ('', (-19.5, 55.5, 5.));
#10940 = CARTESIAN_POINT ('', (-19.5, 56., 3.5));
#10941 = CARTESIAN_POINT ('', (-19.5, 56., 5.));
#10942 = CARTESIAN_POINT ('', (-19.5, 56.5, 3.5));
#10943 = CARTESIAN_POINT ('', (-19.5, 56.5, 5.));
#10944 = CARTESIAN_POINT ('', (-19., 56.5, 3.5));
#10945 = CARTESIAN_POINT ('', (-19., 56.5, 5.));
#10946 = (
   BOUNDED_SURFACE ()
   B_SPLINE_SURFACE (2, 1, ((#10936, #10937), (#10938, #10939), (#10940, #10941), (#10942, #10943), (#10944, #10945)), .UNSPECIFIED., .F., .F., .U.)
   B_SPLINE_SURFACE_WITH_KNOTS ((3, 2, 3), (2, 2), (883.5, 884., 884.5), (0., 1.), .UNSPECIFIED.)
   GEOMETRIC_REPRESENTATION_ITEM ()
   RATIONAL_B_SPLINE_SURFACE (((1., 1.), (0.707106781186548, 0.707106781186548), (1., 1.), (0.707106781186548, 0.707106781186548), (1., 1.)))
   REPRESENTATION_ITEM ('')
   SURFACE ()
);
#10947 = ADVANCED_FACE ('', (#10935), #10946, .T.);
#10948 = CARTESIAN_POINT ('', (-15.5, 56.5, 5.));
#10949 = VERTEX_POINT ('', #10948);
#10950 = CARTESIAN_POINT ('', (-19., 56.5, 5.));
#10951 = CARTESIAN_POINT ('', (-15.5, 56.5, 5.));
#10952 = B_SPLINE_CURVE_WITH_KNOTS ('', 1, (#10950, #10951), .UNSPECIFIED., .F., .U., (2, 2), (884.5, 885.5), .UNSPECIFIED.);
#10953 = EDGE_CURVE ('', #10918, #10949, #10952, .T.);
#10954 = ORIENTED_EDGE ('', *, *, #10953, .F.);
#10955 = ORIENTED_EDGE ('', *, *, #10932, .F.);
#10956 = ORIENTED_EDGE ('', *, *, #336, .T.);
#10957 = CARTESIAN_POINT ('', (-15.5, 56.5, 3.5));
#10958 = CARTESIAN_POINT ('', (-15.5, 56.5, 5.));
#10959 = B_SPLINE_CURVE_WITH_KNOTS ('', 1, (#10957, #10958), .UNSPECIFIED., .F., .U., (2, 2), (0., 1.), .UNSPECIFIED.);
#10960 = EDGE_CURVE ('', #324, #10949, #10959, .T.);
#10961 = ORIENTED_EDGE ('', *, *, #10960, .T.);
#10962 = EDGE_LOOP ('', (#10954, #10955, #10956, #10961));
#10963 = FACE_OUTER_BOUND ('', #10962, .T.);
#10964 = CARTESIAN_POINT ('', (-19., 56.5, 3.5));
#10965 = CARTESIAN_POINT ('', (-19., 56.5, 5.));
#10966 = CARTESIAN_POINT ('', (-15.5, 56.5, 3.5));
#10967 = CARTESIAN_POINT ('', (-15.5, 56.5, 5.));
#10968 = B_SPLINE_SURFACE_WITH_KNOTS ('', 1, 1, ((#10964, #10965), (#10966, #10967)), .UNSPECIFIED., .F., .F., .U., (2, 2), (2, 2), (884.5, 885.5), (0., 1.), .UNSPECIFIED.);
#10969 = ADVANCED_FACE ('', (#10963), #10968, .T.);
#10970 = CARTESIAN_POINT ('', (-13., 59., 5.));
#10971 = VERTEX_POINT ('', #10970);
#10972 = CARTESIAN_POINT ('', (-15.5, 56.5, 5.));
#10973 = CARTESIAN_POINT ('', (-13., 56.5, 5.));
#10974 = CARTESIAN_POINT ('', (-13., 59., 5.));
#10975 = (
   BOUNDED_CURVE ()
   B_SPLINE_CURVE (2, (#10972, #10973, #10974), .UNSPECIFIED., .F., .U.)
   B_SPLINE_CURVE_WITH_KNOTS ((3, 3), (885.5, 886.5), .UNSPECIFIED.)
   CURVE ()
   GEOMETRIC_REPRESENTATION_ITEM ()
   RATIONAL_B_SPLINE_CURVE ((1., 0.707106781186548, 1.))
   REPRESENTATION_ITEM ('')
);
#10976 = EDGE_CURVE ('', #10949, #10971, #10975, .T.);
#10977 = ORIENTED_EDGE ('', *, *, #10976, .F.);
#10978 = ORIENTED_EDGE ('', *, *, #10960, .F.);
#10979 = ORIENTED_EDGE ('', *, *, #329, .T.);
#10980 = CARTESIAN_POINT ('', (-13., 59., 3.5));
#10981 = CARTESIAN_POINT ('', (-13., 59., 5.));
#10982 = B_SPLINE_CURVE_WITH_KNOTS ('', 1, (#10980, #10981), .UNSPECIFIED., .F., .U., (2, 2), (0., 1.), .UNSPECIFIED.);
#10983 = EDGE_CURVE ('', #317, #10971, #10982, .T.);
#10984 = ORIENTED_EDGE ('', *, *, #10983, .T.);
#10985 = EDGE_LOOP ('', (#10977, #10978, #10979, #10984));
#10986 = FACE_OUTER_BOUND ('', #10985, .T.);
#10987 = CARTESIAN_POINT ('', (-15.5, 56.5, 3.5));
#10988 = CARTESIAN_POINT ('', (-15.5, 56.5, 5.));
#10989 = CARTESIAN_POINT ('', (-13., 56.5, 3.5));
#10990 = CARTESIAN_POINT ('', (-13., 56.5, 5.));
#10991 = CARTESIAN_POINT ('', (-13., 59., 3.5));
#10992 = CARTESIAN_POINT ('', (-13., 59., 5.));
#10993 = (
   BOUNDED_SURFACE ()
   B_SPLINE_SURFACE (2, 1, ((#10987, #10988), (#10989, #10990), (#10991, #10992)), .UNSPECIFIED., .F., .F., .U.)
   B_SPLINE_SURFACE_WITH_KNOTS ((3, 3), (2, 2), (885.5, 886.5), (0., 1.), .UNSPECIFIED.)
   GEOMETRIC_REPRESENTATION_ITEM ()
   RATIONAL_B_SPLINE_SURFACE (((1., 1.), (0.707106781186548, 0.707106781186548), (1., 1.)))
   REPRESENTATION_ITEM ('')
   SURFACE ()
);
#10994 = ADVANCED_FACE ('', (#10986), #10993, .T.);
#10995 = CARTESIAN_POINT ('', (-13., 59.5, 5.));
#10996 = VERTEX_POINT ('', #10995);
#10997 = CARTESIAN_POINT ('', (-13., 59., 5.));
#10998 = CARTESIAN_POINT ('', (-13., 59.5, 5.));
#10999 = B_SPLINE_CURVE_WITH_KNOTS ('', 1, (#10997, #10998), .UNSPECIFIED., .F., .U., (2, 2), (886.5, 887.5), .UNSPECIFIED.);
#11000 = EDGE_CURVE ('', #10971, #10996, #10999, .T.);
#11001 = ORIENTED_EDGE ('', *, *, #11000, .F.);
#11002 = ORIENTED_EDGE ('', *, *, #10983, .F.);
#11003 = ORIENTED_EDGE ('', *, *, #321, .T.);
#11004 = CARTESIAN_POINT ('', (-13., 59.5, 3.5));
#11005 = CARTESIAN_POINT ('', (-13., 59.5, 5.));
#11006 = B_SPLINE_CURVE_WITH_KNOTS ('', 1, (#11004, #11005), .UNSPECIFIED., .F., .U., (2, 2), (0., 1.), .UNSPECIFIED.);
#11007 = EDGE_CURVE ('', #310, #10996, #11006, .T.);
#11008 = ORIENTED_EDGE ('', *, *, #11007, .T.);
#11009 = EDGE_LOOP ('', (#11001, #11002, #11003, #11008));
#11010 = FACE_OUTER_BOUND ('', #11009, .T.);
#11011 = CARTESIAN_POINT ('', (-13., 59., 3.5));
#11012 = CARTESIAN_POINT ('', (-13., 59., 5.));
#11013 = CARTESIAN_POINT ('', (-13., 59.5, 3.5));
#11014 = CARTESIAN_POINT ('', (-13., 59.5, 5.));
#11015 = B_SPLINE_SURFACE_WITH_KNOTS ('', 1, 1, ((#11011, #11012), (#11013, #11014)), .UNSPECIFIED., .F., .F., .U., (2, 2), (2, 2), (886.5, 887.5), (0., 1.), .UNSPECIFIED.);
#11016 = ADVANCED_FACE ('', (#11010), #11015, .T.);
#11017 = CARTESIAN_POINT ('', (-13., 78.5, 5.));
#11018 = VERTEX_POINT ('', #11017);
#11019 = CARTESIAN_POINT ('', (-13., 59.5, 5.));
#11020 = CARTESIAN_POINT ('', (-13., 78.5, 5.));
#11021 = B_SPLINE_CURVE_WITH_KNOTS ('', 1, (#11019, #11020), .UNSPECIFIED., .F., .U., (2, 2), (887.5, 906.5), .UNSPECIFIED.);
#11022 = EDGE_CURVE ('', #10996, #11018, #11021, .T.);
#11023 = ORIENTED_EDGE ('', *, *, #11022, .F.);
#11024 = ORIENTED_EDGE ('', *, *, #11007, .F.);
#11025 = ORIENTED_EDGE ('', *, *, #314, .T.);
#11026 = CARTESIAN_POINT ('', (-13., 78.5, 3.5));
#11027 = CARTESIAN_POINT ('', (-13., 78.5, 5.));
#11028 = B_SPLINE_CURVE_WITH_KNOTS ('', 1, (#11026, #11027), .UNSPECIFIED., .F., .U., (2, 2), (0., 1.), .UNSPECIFIED.);
#11029 = EDGE_CURVE ('', #303, #11018, #11028, .T.);
#11030 = ORIENTED_EDGE ('', *, *, #11029, .T.);
#11031 = EDGE_LOOP ('', (#11023, #11024, #11025, #11030));
#11032 = FACE_OUTER_BOUND ('', #11031, .T.);
#11033 = CARTESIAN_POINT ('', (-13., 59.5, 3.5));
#11034 = CARTESIAN_POINT ('', (-13., 59.5, 5.));
#11035 = CARTESIAN_POINT ('', (-13., 78.5, 3.5));
#11036 = CARTESIAN_POINT ('', (-13., 78.5, 5.));
#11037 = B_SPLINE_SURFACE_WITH_KNOTS ('', 1, 1, ((#11033, #11034), (#11035, #11036)), .UNSPECIFIED., .F., .F., .U., (2, 2), (2, 2), (887.5, 906.5), (0., 1.), .UNSPECIFIED.);
#11038 = ADVANCED_FACE ('', (#11032), #11037, .T.);
#11039 = CARTESIAN_POINT ('', (-127., 78.4999999999999, 5.));
#11040 = VERTEX_POINT ('', #11039);
#11041 = CARTESIAN_POINT ('', (-13., 78.5, 5.));
#11042 = CARTESIAN_POINT ('', (-127., 78.4999999999999, 5.));
#11043 = B_SPLINE_CURVE_WITH_KNOTS ('', 1, (#11041, #11042), .UNSPECIFIED., .F., .U., (2, 2), (906.5, 1020.5), .UNSPECIFIED.);
#11044 = EDGE_CURVE ('', #11018, #11040, #11043, .T.);
#11045 = ORIENTED_EDGE ('', *, *, #11044, .F.);
#11046 = ORIENTED_EDGE ('', *, *, #11029, .F.);
#11047 = ORIENTED_EDGE ('', *, *, #307, .T.);
#11048 = CARTESIAN_POINT ('', (-127., 78.4999999999999, 3.5));
#11049 = CARTESIAN_POINT ('', (-127., 78.4999999999999, 5.));
#11050 = B_SPLINE_CURVE_WITH_KNOTS ('', 1, (#11048, #11049), .UNSPECIFIED., .F., .U., (2, 2), (0., 1.), .UNSPECIFIED.);
#11051 = EDGE_CURVE ('', #296, #11040, #11050, .T.);
#11052 = ORIENTED_EDGE ('', *, *, #11051, .T.);
#11053 = EDGE_LOOP ('', (#11045, #11046, #11047, #11052));
#11054 = FACE_OUTER_BOUND ('', #11053, .T.);
#11055 = CARTESIAN_POINT ('', (-13., 78.5, 3.5));
#11056 = CARTESIAN_POINT ('', (-13., 78.5, 5.));
#11057 = CARTESIAN_POINT ('', (-127., 78.4999999999999, 3.5));
#11058 = CARTESIAN_POINT ('', (-127., 78.4999999999999, 5.));
#11059 = B_SPLINE_SURFACE_WITH_KNOTS ('', 1, 1, ((#11055, #11056), (#11057, #11058)), .UNSPECIFIED., .F., .F., .U., (2, 2), (2, 2), (906.5, 1020.5), (0., 1.), .UNSPECIFIED.);
#11060 = ADVANCED_FACE ('', (#11054), #11059, .T.);
#11061 = CARTESIAN_POINT ('', (-127., 59.4999999999999, 5.));
#11062 = VERTEX_POINT ('', #11061);
#11063 = CARTESIAN_POINT ('', (-127., 78.4999999999999, 5.));
#11064 = CARTESIAN_POINT ('', (-127., 59.4999999999999, 5.));
#11065 = B_SPLINE_CURVE_WITH_KNOTS ('', 1, (#11063, #11064), .UNSPECIFIED., .F., .U., (2, 2), (1020.5, 1039.5), .UNSPECIFIED.);
#11066 = EDGE_CURVE ('', #11040, #11062, #11065, .T.);
#11067 = ORIENTED_EDGE ('', *, *, #11066, .F.);
#11068 = ORIENTED_EDGE ('', *, *, #11051, .F.);
#11069 = ORIENTED_EDGE ('', *, *, #300, .T.);
#11070 = CARTESIAN_POINT ('', (-127., 59.4999999999999, 3.5));
#11071 = CARTESIAN_POINT ('', (-127., 59.4999999999999, 5.));
#11072 = B_SPLINE_CURVE_WITH_KNOTS ('', 1, (#11070, #11071), .UNSPECIFIED., .F., .U., (2, 2), (0., 1.), .UNSPECIFIED.);
#11073 = EDGE_CURVE ('', #289, #11062, #11072, .T.);
#11074 = ORIENTED_EDGE ('', *, *, #11073, .T.);
#11075 = EDGE_LOOP ('', (#11067, #11068, #11069, #11074));
#11076 = FACE_OUTER_BOUND ('', #11075, .T.);
#11077 = CARTESIAN_POINT ('', (-127., 78.4999999999999, 3.5));
#11078 = CARTESIAN_POINT ('', (-127., 78.4999999999999, 5.));
#11079 = CARTESIAN_POINT ('', (-127., 59.4999999999998, 3.5));
#11080 = CARTESIAN_POINT ('', (-127., 59.4999999999998, 5.));
#11081 = B_SPLINE_SURFACE_WITH_KNOTS ('', 1, 1, ((#11077, #11078), (#11079, #11080)), .UNSPECIFIED., .F., .F., .U., (2, 2), (2, 2), (0., 1.), (0., 1.), .UNSPECIFIED.);
#11082 = ADVANCED_FACE ('', (#11076), #11081, .T.);
#11083 = CARTESIAN_POINT ('', (-127., 59., 5.));
#11084 = VERTEX_POINT ('', #11083);
#11085 = CARTESIAN_POINT ('', (-127., 59.4999999999999, 5.));
#11086 = CARTESIAN_POINT ('', (-127., 59., 5.));
#11087 = B_SPLINE_CURVE_WITH_KNOTS ('', 1, (#11085, #11086), .UNSPECIFIED., .F., .U., (2, 2), (1039.5, 1040.5), .UNSPECIFIED.);
#11088 = EDGE_CURVE ('', #11062, #11084, #11087, .T.);
#11089 = ORIENTED_EDGE ('', *, *, #11088, .F.);
#11090 = ORIENTED_EDGE ('', *, *, #11073, .F.);
#11091 = ORIENTED_EDGE ('', *, *, #293, .T.);
#11092 = CARTESIAN_POINT ('', (-127., 59., 3.5));
#11093 = CARTESIAN_POINT ('', (-127., 59., 5.));
#11094 = B_SPLINE_CURVE_WITH_KNOTS ('', 1, (#11092, #11093), .UNSPECIFIED., .F., .U., (2, 2), (0., 1.), .UNSPECIFIED.);
#11095 = EDGE_CURVE ('', #281, #11084, #11094, .T.);
#11096 = ORIENTED_EDGE ('', *, *, #11095, .T.);
#11097 = EDGE_LOOP ('', (#11089, #11090, #11091, #11096));
#11098 = FACE_OUTER_BOUND ('', #11097, .T.);
#11099 = CARTESIAN_POINT ('', (-127., 59.4999999999999, 3.5));
#11100 = CARTESIAN_POINT ('', (-127., 59.4999999999999, 5.));
#11101 = CARTESIAN_POINT ('', (-127., 59., 3.5));
#11102 = CARTESIAN_POINT ('', (-127., 59., 5.));
#11103 = B_SPLINE_SURFACE_WITH_KNOTS ('', 1, 1, ((#11099, #11100), (#11101, #11102)), .UNSPECIFIED., .F., .F., .U., (2, 2), (2, 2), (0., 1.), (0., 1.), .UNSPECIFIED.);
#11104 = ADVANCED_FACE ('', (#11098), #11103, .T.);
#11105 = CARTESIAN_POINT ('', (-124.5, 56.5, 5.));
#11106 = VERTEX_POINT ('', #11105);
#11107 = CARTESIAN_POINT ('', (-127., 59., 5.));
#11108 = CARTESIAN_POINT ('', (-127., 56.5, 5.));
#11109 = CARTESIAN_POINT ('', (-124.5, 56.5, 5.));
#11110 = (
   BOUNDED_CURVE ()
   B_SPLINE_CURVE (2, (#11107, #11108, #11109), .UNSPECIFIED., .F., .U.)
   B_SPLINE_CURVE_WITH_KNOTS ((3, 3), (1040.5, 1041.5), .UNSPECIFIED.)
   CURVE ()
   GEOMETRIC_REPRESENTATION_ITEM ()
   RATIONAL_B_SPLINE_CURVE ((1., 0.707106781186548, 1.))
   REPRESENTATION_ITEM ('')
);
#11111 = EDGE_CURVE ('', #11084, #11106, #11110, .T.);
#11112 = ORIENTED_EDGE ('', *, *, #11111, .F.);
#11113 = ORIENTED_EDGE ('', *, *, #11095, .F.);
#11114 = ORIENTED_EDGE ('', *, *, #286, .T.);
#11115 = CARTESIAN_POINT ('', (-124.5, 56.5, 3.5));
#11116 = CARTESIAN_POINT ('', (-124.5, 56.5, 5.));
#11117 = B_SPLINE_CURVE_WITH_KNOTS ('', 1, (#11115, #11116), .UNSPECIFIED., .F., .U., (2, 2), (0., 1.), .UNSPECIFIED.);
#11118 = EDGE_CURVE ('', #274, #11106, #11117, .T.);
#11119 = ORIENTED_EDGE ('', *, *, #11118, .T.);
#11120 = EDGE_LOOP ('', (#11112, #11113, #11114, #11119));
#11121 = FACE_OUTER_BOUND ('', #11120, .T.);
#11122 = CARTESIAN_POINT ('', (-127., 59., 3.5));
#11123 = CARTESIAN_POINT ('', (-127., 59., 5.));
#11124 = CARTESIAN_POINT ('', (-127., 56.5, 3.5));
#11125 = CARTESIAN_POINT ('', (-127., 56.5, 5.));
#11126 = CARTESIAN_POINT ('', (-124.5, 56.5, 3.5));
#11127 = CARTESIAN_POINT ('', (-124.5, 56.5, 5.));
#11128 = (
   BOUNDED_SURFACE ()
   B_SPLINE_SURFACE (2, 1, ((#11122, #11123), (#11124, #11125), (#11126, #11127)), .UNSPECIFIED., .F., .F., .U.)
   B_SPLINE_SURFACE_WITH_KNOTS ((3, 3), (2, 2), (1040.5, 1041.5), (0., 1.), .UNSPECIFIED.)
   GEOMETRIC_REPRESENTATION_ITEM ()
   RATIONAL_B_SPLINE_SURFACE (((1., 1.), (0.707106781186548, 0.707106781186548), (1., 1.)))
   REPRESENTATION_ITEM ('')
   SURFACE ()
);
#11129 = ADVANCED_FACE ('', (#11121), #11128, .T.);
#11130 = CARTESIAN_POINT ('', (-121., 56.5, 5.));
#11131 = VERTEX_POINT ('', #11130);
#11132 = CARTESIAN_POINT ('', (-124.5, 56.5, 5.));
#11133 = CARTESIAN_POINT ('', (-121., 56.5, 5.));
#11134 = B_SPLINE_CURVE_WITH_KNOTS ('', 1, (#11132, #11133), .UNSPECIFIED., .F., .U., (2, 2), (1041.5, 1042.5), .UNSPECIFIED.);
#11135 = EDGE_CURVE ('', #11106, #11131, #11134, .T.);
#11136 = ORIENTED_EDGE ('', *, *, #11135, .F.);
#11137 = ORIENTED_EDGE ('', *, *, #11118, .F.);
#11138 = ORIENTED_EDGE ('', *, *, #278, .T.);
#11139 = CARTESIAN_POINT ('', (-121., 56.5, 3.5));
#11140 = CARTESIAN_POINT ('', (-121., 56.5, 5.));
#11141 = B_SPLINE_CURVE_WITH_KNOTS ('', 1, (#11139, #11140), .UNSPECIFIED., .F., .U., (2, 2), (0., 1.), .UNSPECIFIED.);
#11142 = EDGE_CURVE ('', #264, #11131, #11141, .T.);
#11143 = ORIENTED_EDGE ('', *, *, #11142, .T.);
#11144 = EDGE_LOOP ('', (#11136, #11137, #11138, #11143));
#11145 = FACE_OUTER_BOUND ('', #11144, .T.);
#11146 = CARTESIAN_POINT ('', (-124.5, 56.5, 3.5));
#11147 = CARTESIAN_POINT ('', (-124.5, 56.5, 5.));
#11148 = CARTESIAN_POINT ('', (-121., 56.5, 3.5));
#11149 = CARTESIAN_POINT ('', (-121., 56.5, 5.));
#11150 = B_SPLINE_SURFACE_WITH_KNOTS ('', 1, 1, ((#11146, #11147), (#11148, #11149)), .UNSPECIFIED., .F., .F., .U., (2, 2), (2, 2), (0., 1.), (0., 1.), .UNSPECIFIED.);
#11151 = ADVANCED_FACE ('', (#11145), #11150, .T.);
#11152 = CARTESIAN_POINT ('', (-121., 55.5, 5.));
#11153 = VERTEX_POINT ('', #11152);
#11154 = CARTESIAN_POINT ('', (-121., 56.5, 5.));
#11155 = CARTESIAN_POINT ('', (-120.5, 56.5, 5.));
#11156 = CARTESIAN_POINT ('', (-120.5, 56., 5.));
#11157 = CARTESIAN_POINT ('', (-120.5, 55.5, 5.));
#11158 = CARTESIAN_POINT ('', (-121., 55.5, 5.));
#11159 = (
   BOUNDED_CURVE ()
   B_SPLINE_CURVE (2, (#11154, #11155, #11156, #11157, #11158), .UNSPECIFIED., .F., .U.)
   B_SPLINE_CURVE_WITH_KNOTS ((3, 2, 3), (1042.5, 1043., 1043.5), .UNSPECIFIED.)
   CURVE ()
   GEOMETRIC_REPRESENTATION_ITEM ()
   RATIONAL_B_SPLINE_CURVE ((1., 0.707106781186548, 1., 0.707106781186548, 1.))
   REPRESENTATION_ITEM ('')
);
#11160 = EDGE_CURVE ('', #11131, #11153, #11159, .T.);
#11161 = ORIENTED_EDGE ('', *, *, #11160, .F.);
#11162 = ORIENTED_EDGE ('', *, *, #11142, .F.);
#11163 = ORIENTED_EDGE ('', *, *, #271, .T.);
#11164 = CARTESIAN_POINT ('', (-121., 55.5, 3.5));
#11165 = CARTESIAN_POINT ('', (-121., 55.5, 5.));
#11166 = B_SPLINE_CURVE_WITH_KNOTS ('', 1, (#11164, #11165), .UNSPECIFIED., .F., .U., (2, 2), (0., 1.), .UNSPECIFIED.);
#11167 = EDGE_CURVE ('', #257, #11153, #11166, .T.);
#11168 = ORIENTED_EDGE ('', *, *, #11167, .T.);
#11169 = EDGE_LOOP ('', (#11161, #11162, #11163, #11168));
#11170 = FACE_OUTER_BOUND ('', #11169, .T.);
#11171 = CARTESIAN_POINT ('', (-121., 56.5, 3.5));
#11172 = CARTESIAN_POINT ('', (-121., 56.5, 5.));
#11173 = CARTESIAN_POINT ('', (-120.5, 56.5, 3.5));
#11174 = CARTESIAN_POINT ('', (-120.5, 56.5, 5.));
#11175 = CARTESIAN_POINT ('', (-120.5, 56., 3.5));
#11176 = CARTESIAN_POINT ('', (-120.5, 56., 5.));
#11177 = CARTESIAN_POINT ('', (-120.5, 55.5, 3.5));
#11178 = CARTESIAN_POINT ('', (-120.5, 55.5, 5.));
#11179 = CARTESIAN_POINT ('', (-121., 55.5, 3.5));
#11180 = CARTESIAN_POINT ('', (-121., 55.5, 5.));
#11181 = (
   BOUNDED_SURFACE ()
   B_SPLINE_SURFACE (2, 1, ((#11171, #11172), (#11173, #11174), (#11175, #11176), (#11177, #11178), (#11179, #11180)), .UNSPECIFIED., .F., .F., .U.)
   B_SPLINE_SURFACE_WITH_KNOTS ((3, 2, 3), (2, 2), (1042.5, 1043., 1043.5), (0., 1.), .UNSPECIFIED.)
   GEOMETRIC_REPRESENTATION_ITEM ()
   RATIONAL_B_SPLINE_SURFACE (((1., 1.), (0.707106781186548, 0.707106781186548), (1., 1.), (0.707106781186548, 0.707106781186548), (1., 1.)))
   REPRESENTATION_ITEM ('')
   SURFACE ()
);
#11182 = ADVANCED_FACE ('', (#11170), #11181, .T.);
#11183 = CARTESIAN_POINT ('', (-124.5, 55.5, 5.));
#11184 = VERTEX_POINT ('', #11183);
#11185 = CARTESIAN_POINT ('', (-121., 55.5, 5.));
#11186 = CARTESIAN_POINT ('', (-124.5, 55.5, 5.));
#11187 = B_SPLINE_CURVE_WITH_KNOTS ('', 1, (#11185, #11186), .UNSPECIFIED., .F., .U., (2, 2), (1043.5, 1044.5), .UNSPECIFIED.);
#11188 = EDGE_CURVE ('', #11153, #11184, #11187, .T.);
#11189 = ORIENTED_EDGE ('', *, *, #11188, .F.);
#11190 = ORIENTED_EDGE ('', *, *, #11167, .F.);
#11191 = ORIENTED_EDGE ('', *, *, #261, .T.);
#11192 = CARTESIAN_POINT ('', (-124.5, 55.5, 3.5));
#11193 = CARTESIAN_POINT ('', (-124.5, 55.5, 5.));
#11194 = B_SPLINE_CURVE_WITH_KNOTS ('', 1, (#11192, #11193), .UNSPECIFIED., .F., .U., (2, 2), (0., 1.), .UNSPECIFIED.);
#11195 = EDGE_CURVE ('', #249, #11184, #11194, .T.);
#11196 = ORIENTED_EDGE ('', *, *, #11195, .T.);
#11197 = EDGE_LOOP ('', (#11189, #11190, #11191, #11196));
#11198 = FACE_OUTER_BOUND ('', #11197, .T.);
#11199 = CARTESIAN_POINT ('', (-121., 55.5, 3.5));
#11200 = CARTESIAN_POINT ('', (-121., 55.5, 5.));
#11201 = CARTESIAN_POINT ('', (-124.5, 55.5, 3.5));
#11202 = CARTESIAN_POINT ('', (-124.5, 55.5, 5.));
#11203 = B_SPLINE_SURFACE_WITH_KNOTS ('', 1, 1, ((#11199, #11200), (#11201, #11202)), .UNSPECIFIED., .F., .F., .U., (2, 2), (2, 2), (0., 1.), (0., 1.), .UNSPECIFIED.);
#11204 = ADVANCED_FACE ('', (#11198), #11203, .T.);
#11205 = CARTESIAN_POINT ('', (-127., 53., 5.));
#11206 = VERTEX_POINT ('', #11205);
#11207 = CARTESIAN_POINT ('', (-124.5, 55.5, 5.));
#11208 = CARTESIAN_POINT ('', (-127., 55.5, 5.));
#11209 = CARTESIAN_POINT ('', (-127., 53., 5.));
#11210 = (
   BOUNDED_CURVE ()
   B_SPLINE_CURVE (2, (#11207, #11208, #11209), .UNSPECIFIED., .F., .U.)
   B_SPLINE_CURVE_WITH_KNOTS ((3, 3), (1044.5, 1045.5), .UNSPECIFIED.)
   CURVE ()
   GEOMETRIC_REPRESENTATION_ITEM ()
   RATIONAL_B_SPLINE_CURVE ((1., 0.707106781186548, 1.))
   REPRESENTATION_ITEM ('')
);
#11211 = EDGE_CURVE ('', #11184, #11206, #11210, .T.);
#11212 = ORIENTED_EDGE ('', *, *, #11211, .F.);
#11213 = ORIENTED_EDGE ('', *, *, #11195, .F.);
#11214 = ORIENTED_EDGE ('', *, *, #254, .T.);
#11215 = CARTESIAN_POINT ('', (-127., 53., 3.5));
#11216 = CARTESIAN_POINT ('', (-127., 53., 5.));
#11217 = B_SPLINE_CURVE_WITH_KNOTS ('', 1, (#11215, #11216), .UNSPECIFIED., .F., .U., (2, 2), (0., 1.), .UNSPECIFIED.);
#11218 = EDGE_CURVE ('', #242, #11206, #11217, .T.);
#11219 = ORIENTED_EDGE ('', *, *, #11218, .T.);
#11220 = EDGE_LOOP ('', (#11212, #11213, #11214, #11219));
#11221 = FACE_OUTER_BOUND ('', #11220, .T.);
#11222 = CARTESIAN_POINT ('', (-124.5, 55.5, 3.5));
#11223 = CARTESIAN_POINT ('', (-124.5, 55.5, 5.));
#11224 = CARTESIAN_POINT ('', (-127., 55.5, 3.5));
#11225 = CARTESIAN_POINT ('', (-127., 55.5, 5.));
#11226 = CARTESIAN_POINT ('', (-127., 53., 3.5));
#11227 = CARTESIAN_POINT ('', (-127., 53., 5.));
#11228 = (
   BOUNDED_SURFACE ()
   B_SPLINE_SURFACE (2, 1, ((#11222, #11223), (#11224, #11225), (#11226, #11227)), .UNSPECIFIED., .F., .F., .U.)
   B_SPLINE_SURFACE_WITH_KNOTS ((3, 3), (2, 2), (1044.5, 1045.5), (0., 1.), .UNSPECIFIED.)
   GEOMETRIC_REPRESENTATION_ITEM ()
   RATIONAL_B_SPLINE_SURFACE (((1., 1.), (0.707106781186548, 0.707106781186548), (1., 1.)))
   REPRESENTATION_ITEM ('')
   SURFACE ()
);
#11229 = ADVANCED_FACE ('', (#11221), #11228, .T.);
#11230 = CARTESIAN_POINT ('', (-127., 50., 5.));
#11231 = VERTEX_POINT ('', #11230);
#11232 = CARTESIAN_POINT ('', (-127., 53., 5.));
#11233 = CARTESIAN_POINT ('', (-127., 50., 5.));
#11234 = B_SPLINE_CURVE_WITH_KNOTS ('', 1, (#11232, #11233), .UNSPECIFIED., .F., .U., (2, 2), (1045.5, 1046.5), .UNSPECIFIED.);
#11235 = EDGE_CURVE ('', #11206, #11231, #11234, .T.);
#11236 = ORIENTED_EDGE ('', *, *, #11235, .F.);
#11237 = ORIENTED_EDGE ('', *, *, #11218, .F.);
#11238 = ORIENTED_EDGE ('', *, *, #246, .T.);
#11239 = CARTESIAN_POINT ('', (-127., 50., 3.5));
#11240 = CARTESIAN_POINT ('', (-127., 50., 5.));
#11241 = B_SPLINE_CURVE_WITH_KNOTS ('', 1, (#11239, #11240), .UNSPECIFIED., .F., .U., (2, 2), (0., 1.), .UNSPECIFIED.);
#11242 = EDGE_CURVE ('', #235, #11231, #11241, .T.);
#11243 = ORIENTED_EDGE ('', *, *, #11242, .T.);
#11244 = EDGE_LOOP ('', (#11236, #11237, #11238, #11243));
#11245 = FACE_OUTER_BOUND ('', #11244, .T.);
#11246 = CARTESIAN_POINT ('', (-127., 53., 3.5));
#11247 = CARTESIAN_POINT ('', (-127., 53., 5.));
#11248 = CARTESIAN_POINT ('', (-127., 50., 3.5));
#11249 = CARTESIAN_POINT ('', (-127., 50., 5.));
#11250 = B_SPLINE_SURFACE_WITH_KNOTS ('', 1, 1, ((#11246, #11247), (#11248, #11249)), .UNSPECIFIED., .F., .F., .U., (2, 2), (2, 2), (0., 1.), (0., 1.), .UNSPECIFIED.);
#11251 = ADVANCED_FACE ('', (#11245), #11250, .T.);
#11252 = CARTESIAN_POINT ('', (-127., 47., 5.));
#11253 = VERTEX_POINT ('', #11252);
#11254 = CARTESIAN_POINT ('', (-127., 50., 5.));
#11255 = CARTESIAN_POINT ('', (-127., 47., 5.));
#11256 = B_SPLINE_CURVE_WITH_KNOTS ('', 1, (#11254, #11255), .UNSPECIFIED., .F., .U., (2, 2), (1046.5, 1047.5), .UNSPECIFIED.);
#11257 = EDGE_CURVE ('', #11231, #11253, #11256, .T.);
#11258 = ORIENTED_EDGE ('', *, *, #11257, .F.);
#11259 = ORIENTED_EDGE ('', *, *, #11242, .F.);
#11260 = ORIENTED_EDGE ('', *, *, #239, .T.);
#11261 = CARTESIAN_POINT ('', (-127., 47., 3.5));
#11262 = CARTESIAN_POINT ('', (-127., 47., 5.));
#11263 = B_SPLINE_CURVE_WITH_KNOTS ('', 1, (#11261, #11262), .UNSPECIFIED., .F., .U., (2, 2), (0., 1.), .UNSPECIFIED.);
#11264 = EDGE_CURVE ('', #227, #11253, #11263, .T.);
#11265 = ORIENTED_EDGE ('', *, *, #11264, .T.);
#11266 = EDGE_LOOP ('', (#11258, #11259, #11260, #11265));
#11267 = FACE_OUTER_BOUND ('', #11266, .T.);
#11268 = CARTESIAN_POINT ('', (-127., 50., 3.5));
#11269 = CARTESIAN_POINT ('', (-127., 50., 5.));
#11270 = CARTESIAN_POINT ('', (-127., 47., 3.5));
#11271 = CARTESIAN_POINT ('', (-127., 47., 5.));
#11272 = B_SPLINE_SURFACE_WITH_KNOTS ('', 1, 1, ((#11268, #11269), (#11270, #11271)), .UNSPECIFIED., .F., .F., .U., (2, 2), (2, 2), (0., 1.), (0., 1.), .UNSPECIFIED.);
#11273 = ADVANCED_FACE ('', (#11267), #11272, .T.);
#11274 = CARTESIAN_POINT ('', (-124.5, 44.5, 5.));
#11275 = VERTEX_POINT ('', #11274);
#11276 = CARTESIAN_POINT ('', (-127., 47., 5.));
#11277 = CARTESIAN_POINT ('', (-127., 44.5, 5.));
#11278 = CARTESIAN_POINT ('', (-124.5, 44.5, 5.));
#11279 = (
   BOUNDED_CURVE ()
   B_SPLINE_CURVE (2, (#11276, #11277, #11278), .UNSPECIFIED., .F., .U.)
   B_SPLINE_CURVE_WITH_KNOTS ((3, 3), (1047.5, 1048.5), .UNSPECIFIED.)
   CURVE ()
   GEOMETRIC_REPRESENTATION_ITEM ()
   RATIONAL_B_SPLINE_CURVE ((1., 0.707106781186548, 1.))
   REPRESENTATION_ITEM ('')
);
#11280 = EDGE_CURVE ('', #11253, #11275, #11279, .T.);
#11281 = ORIENTED_EDGE ('', *, *, #11280, .F.);
#11282 = ORIENTED_EDGE ('', *, *, #11264, .F.);
#11283 = ORIENTED_EDGE ('', *, *, #232, .T.);
#11284 = CARTESIAN_POINT ('', (-124.5, 44.5, 3.5));
#11285 = CARTESIAN_POINT ('', (-124.5, 44.5, 5.));
#11286 = B_SPLINE_CURVE_WITH_KNOTS ('', 1, (#11284, #11285), .UNSPECIFIED., .F., .U., (2, 2), (0., 1.), .UNSPECIFIED.);
#11287 = EDGE_CURVE ('', #220, #11275, #11286, .T.);
#11288 = ORIENTED_EDGE ('', *, *, #11287, .T.);
#11289 = EDGE_LOOP ('', (#11281, #11282, #11283, #11288));
#11290 = FACE_OUTER_BOUND ('', #11289, .T.);
#11291 = CARTESIAN_POINT ('', (-127., 47., 3.5));
#11292 = CARTESIAN_POINT ('', (-127., 47., 5.));
#11293 = CARTESIAN_POINT ('', (-127., 44.5, 3.5));
#11294 = CARTESIAN_POINT ('', (-127., 44.5, 5.));
#11295 = CARTESIAN_POINT ('', (-124.5, 44.5, 3.5));
#11296 = CARTESIAN_POINT ('', (-124.5, 44.5, 5.));
#11297 = (
   BOUNDED_SURFACE ()
   B_SPLINE_SURFACE (2, 1, ((#11291, #11292), (#11293, #11294), (#11295, #11296)), .UNSPECIFIED., .F., .F., .U.)
   B_SPLINE_SURFACE_WITH_KNOTS ((3, 3), (2, 2), (1047.5, 1048.5), (0., 1.), .UNSPECIFIED.)
   GEOMETRIC_REPRESENTATION_ITEM ()
   RATIONAL_B_SPLINE_SURFACE (((1., 1.), (0.707106781186548, 0.707106781186548), (1., 1.)))
   REPRESENTATION_ITEM ('')
   SURFACE ()
);
#11298 = ADVANCED_FACE ('', (#11290), #11297, .T.);
#11299 = CARTESIAN_POINT ('', (-121., 44.5, 5.));
#11300 = VERTEX_POINT ('', #11299);
#11301 = CARTESIAN_POINT ('', (-124.5, 44.5, 5.));
#11302 = CARTESIAN_POINT ('', (-121., 44.5, 5.));
#11303 = B_SPLINE_CURVE_WITH_KNOTS ('', 1, (#11301, #11302), .UNSPECIFIED., .F., .U., (2, 2), (1048.5, 1049.5), .UNSPECIFIED.);
#11304 = EDGE_CURVE ('', #11275, #11300, #11303, .T.);
#11305 = ORIENTED_EDGE ('', *, *, #11304, .F.);
#11306 = ORIENTED_EDGE ('', *, *, #11287, .F.);
#11307 = ORIENTED_EDGE ('', *, *, #224, .T.);
#11308 = CARTESIAN_POINT ('', (-121., 44.5, 3.5));
#11309 = CARTESIAN_POINT ('', (-121., 44.5, 5.));
#11310 = B_SPLINE_CURVE_WITH_KNOTS ('', 1, (#11308, #11309), .UNSPECIFIED., .F., .U., (2, 2), (0., 1.), .UNSPECIFIED.);
#11311 = EDGE_CURVE ('', #210, #11300, #11310, .T.);
#11312 = ORIENTED_EDGE ('', *, *, #11311, .T.);
#11313 = EDGE_LOOP ('', (#11305, #11306, #11307, #11312));
#11314 = FACE_OUTER_BOUND ('', #11313, .T.);
#11315 = CARTESIAN_POINT ('', (-124.5, 44.5, 3.5));
#11316 = CARTESIAN_POINT ('', (-124.5, 44.5, 5.));
#11317 = CARTESIAN_POINT ('', (-121., 44.5, 3.5));
#11318 = CARTESIAN_POINT ('', (-121., 44.5, 5.));
#11319 = B_SPLINE_SURFACE_WITH_KNOTS ('', 1, 1, ((#11315, #11316), (#11317, #11318)), .UNSPECIFIED., .F., .F., .U., (2, 2), (2, 2), (0., 1.), (0., 1.), .UNSPECIFIED.);
#11320 = ADVANCED_FACE ('', (#11314), #11319, .T.);
#11321 = CARTESIAN_POINT ('', (-121., 43.5, 5.));
#11322 = VERTEX_POINT ('', #11321);
#11323 = CARTESIAN_POINT ('', (-121., 44.5, 5.));
#11324 = CARTESIAN_POINT ('', (-120.5, 44.5, 5.));
#11325 = CARTESIAN_POINT ('', (-120.5, 44., 5.));
#11326 = CARTESIAN_POINT ('', (-120.5, 43.5, 5.));
#11327 = CARTESIAN_POINT ('', (-121., 43.5, 5.));
#11328 = (
   BOUNDED_CURVE ()
   B_SPLINE_CURVE (2, (#11323, #11324, #11325, #11326, #11327), .UNSPECIFIED., .F., .U.)
   B_SPLINE_CURVE_WITH_KNOTS ((3, 2, 3), (1049.5, 1050., 1050.5), .UNSPECIFIED.)
   CURVE ()
   GEOMETRIC_REPRESENTATION_ITEM ()
   RATIONAL_B_SPLINE_CURVE ((1., 0.707106781186548, 1., 0.707106781186548, 1.))
   REPRESENTATION_ITEM ('')
);
#11329 = EDGE_CURVE ('', #11300, #11322, #11328, .T.);
#11330 = ORIENTED_EDGE ('', *, *, #11329, .F.);
#11331 = ORIENTED_EDGE ('', *, *, #11311, .F.);
#11332 = ORIENTED_EDGE ('', *, *, #217, .T.);
#11333 = CARTESIAN_POINT ('', (-121., 43.5, 3.5));
#11334 = CARTESIAN_POINT ('', (-121., 43.5, 5.));
#11335 = B_SPLINE_CURVE_WITH_KNOTS ('', 1, (#11333, #11334), .UNSPECIFIED., .F., .U., (2, 2), (0., 1.), .UNSPECIFIED.);
#11336 = EDGE_CURVE ('', #203, #11322, #11335, .T.);
#11337 = ORIENTED_EDGE ('', *, *, #11336, .T.);
#11338 = EDGE_LOOP ('', (#11330, #11331, #11332, #11337));
#11339 = FACE_OUTER_BOUND ('', #11338, .T.);
#11340 = CARTESIAN_POINT ('', (-121., 44.5, 3.5));
#11341 = CARTESIAN_POINT ('', (-121., 44.5, 5.));
#11342 = CARTESIAN_POINT ('', (-120.5, 44.5, 3.5));
#11343 = CARTESIAN_POINT ('', (-120.5, 44.5, 5.));
#11344 = CARTESIAN_POINT ('', (-120.5, 44., 3.5));
#11345 = CARTESIAN_POINT ('', (-120.5, 44., 5.));
#11346 = CARTESIAN_POINT ('', (-120.5, 43.5, 3.5));
#11347 = CARTESIAN_POINT ('', (-120.5, 43.5, 5.));
#11348 = CARTESIAN_POINT ('', (-121., 43.5, 3.5));
#11349 = CARTESIAN_POINT ('', (-121., 43.5, 5.));
#11350 = (
   BOUNDED_SURFACE ()
   B_SPLINE_SURFACE (2, 1, ((#11340, #11341), (#11342, #11343), (#11344, #11345), (#11346, #11347), (#11348, #11349)), .UNSPECIFIED., .F., .F., .U.)
   B_SPLINE_SURFACE_WITH_KNOTS ((3, 2, 3), (2, 2), (1049.5, 1050., 1050.5), (0., 1.), .UNSPECIFIED.)
   GEOMETRIC_REPRESENTATION_ITEM ()
   RATIONAL_B_SPLINE_SURFACE (((1., 1.), (0.707106781186548, 0.707106781186548), (1., 1.), (0.707106781186548, 0.707106781186548), (1., 1.)))
   REPRESENTATION_ITEM ('')
   SURFACE ()
);
#11351 = ADVANCED_FACE ('', (#11339), #11350, .T.);
#11352 = CARTESIAN_POINT ('', (-124.5, 43.5, 5.));
#11353 = VERTEX_POINT ('', #11352);
#11354 = CARTESIAN_POINT ('', (-121., 43.5, 5.));
#11355 = CARTESIAN_POINT ('', (-124.5, 43.5, 5.));
#11356 = B_SPLINE_CURVE_WITH_KNOTS ('', 1, (#11354, #11355), .UNSPECIFIED., .F., .U., (2, 2), (1050.5, 1051.5), .UNSPECIFIED.);
#11357 = EDGE_CURVE ('', #11322, #11353, #11356, .T.);
#11358 = ORIENTED_EDGE ('', *, *, #11357, .F.);
#11359 = ORIENTED_EDGE ('', *, *, #11336, .F.);
#11360 = ORIENTED_EDGE ('', *, *, #207, .T.);
#11361 = CARTESIAN_POINT ('', (-124.5, 43.5, 3.5));
#11362 = CARTESIAN_POINT ('', (-124.5, 43.5, 5.));
#11363 = B_SPLINE_CURVE_WITH_KNOTS ('', 1, (#11361, #11362), .UNSPECIFIED., .F., .U., (2, 2), (0., 1.), .UNSPECIFIED.);
#11364 = EDGE_CURVE ('', #195, #11353, #11363, .T.);
#11365 = ORIENTED_EDGE ('', *, *, #11364, .T.);
#11366 = EDGE_LOOP ('', (#11358, #11359, #11360, #11365));
#11367 = FACE_OUTER_BOUND ('', #11366, .T.);
#11368 = CARTESIAN_POINT ('', (-121., 43.5, 3.5));
#11369 = CARTESIAN_POINT ('', (-121., 43.5, 5.));
#11370 = CARTESIAN_POINT ('', (-124.5, 43.5, 3.5));
#11371 = CARTESIAN_POINT ('', (-124.5, 43.5, 5.));
#11372 = B_SPLINE_SURFACE_WITH_KNOTS ('', 1, 1, ((#11368, #11369), (#11370, #11371)), .UNSPECIFIED., .F., .F., .U., (2, 2), (2, 2), (0., 1.), (0., 1.), .UNSPECIFIED.);
#11373 = ADVANCED_FACE ('', (#11367), #11372, .T.);
#11374 = CARTESIAN_POINT ('', (-127., 41., 5.));
#11375 = VERTEX_POINT ('', #11374);
#11376 = CARTESIAN_POINT ('', (-124.5, 43.5, 5.));
#11377 = CARTESIAN_POINT ('', (-127., 43.5, 5.));
#11378 = CARTESIAN_POINT ('', (-127., 41., 5.));
#11379 = (
   BOUNDED_CURVE ()
   B_SPLINE_CURVE (2, (#11376, #11377, #11378), .UNSPECIFIED., .F., .U.)
   B_SPLINE_CURVE_WITH_KNOTS ((3, 3), (1051.5, 1052.5), .UNSPECIFIED.)
   CURVE ()
   GEOMETRIC_REPRESENTATION_ITEM ()
   RATIONAL_B_SPLINE_CURVE ((1., 0.707106781186548, 1.))
   REPRESENTATION_ITEM ('')
);
#11380 = EDGE_CURVE ('', #11353, #11375, #11379, .T.);
#11381 = ORIENTED_EDGE ('', *, *, #11380, .F.);
#11382 = ORIENTED_EDGE ('', *, *, #11364, .F.);
#11383 = ORIENTED_EDGE ('', *, *, #200, .T.);
#11384 = CARTESIAN_POINT ('', (-127., 41., 3.5));
#11385 = CARTESIAN_POINT ('', (-127., 41., 5.));
#11386 = B_SPLINE_CURVE_WITH_KNOTS ('', 1, (#11384, #11385), .UNSPECIFIED., .F., .U., (2, 2), (0., 1.), .UNSPECIFIED.);
#11387 = EDGE_CURVE ('', #188, #11375, #11386, .T.);
#11388 = ORIENTED_EDGE ('', *, *, #11387, .T.);
#11389 = EDGE_LOOP ('', (#11381, #11382, #11383, #11388));
#11390 = FACE_OUTER_BOUND ('', #11389, .T.);
#11391 = CARTESIAN_POINT ('', (-124.5, 43.5, 3.5));
#11392 = CARTESIAN_POINT ('', (-124.5, 43.5, 5.));
#11393 = CARTESIAN_POINT ('', (-127., 43.5, 3.5));
#11394 = CARTESIAN_POINT ('', (-127., 43.5, 5.));
#11395 = CARTESIAN_POINT ('', (-127., 41., 3.5));
#11396 = CARTESIAN_POINT ('', (-127., 41., 5.));
#11397 = (
   BOUNDED_SURFACE ()
   B_SPLINE_SURFACE (2, 1, ((#11391, #11392), (#11393, #11394), (#11395, #11396)), .UNSPECIFIED., .F., .F., .U.)
   B_SPLINE_SURFACE_WITH_KNOTS ((3, 3), (2, 2), (1051.5, 1052.5), (0., 1.), .UNSPECIFIED.)
   GEOMETRIC_REPRESENTATION_ITEM ()
   RATIONAL_B_SPLINE_SURFACE (((1., 1.), (0.707106781186548, 0.707106781186548), (1., 1.)))
   REPRESENTATION_ITEM ('')
   SURFACE ()
);
#11398 = ADVANCED_FACE ('', (#11390), #11397, .T.);
#11399 = CARTESIAN_POINT ('', (-127., 40.5, 5.));
#11400 = VERTEX_POINT ('', #11399);
#11401 = CARTESIAN_POINT ('', (-127., 41., 5.));
#11402 = CARTESIAN_POINT ('', (-127., 40.5, 5.));
#11403 = B_SPLINE_CURVE_WITH_KNOTS ('', 1, (#11401, #11402), .UNSPECIFIED., .F., .U., (2, 2), (1052.5, 1053.5), .UNSPECIFIED.);
#11404 = EDGE_CURVE ('', #11375, #11400, #11403, .T.);
#11405 = ORIENTED_EDGE ('', *, *, #11404, .F.);
#11406 = ORIENTED_EDGE ('', *, *, #11387, .F.);
#11407 = ORIENTED_EDGE ('', *, *, #192, .T.);
#11408 = CARTESIAN_POINT ('', (-127., 40.5, 3.5));
#11409 = CARTESIAN_POINT ('', (-127., 40.5, 5.));
#11410 = B_SPLINE_CURVE_WITH_KNOTS ('', 1, (#11408, #11409), .UNSPECIFIED., .F., .U., (2, 2), (0., 1.), .UNSPECIFIED.);
#11411 = EDGE_CURVE ('', #181, #11400, #11410, .T.);
#11412 = ORIENTED_EDGE ('', *, *, #11411, .T.);
#11413 = EDGE_LOOP ('', (#11405, #11406, #11407, #11412));
#11414 = FACE_OUTER_BOUND ('', #11413, .T.);
#11415 = CARTESIAN_POINT ('', (-127., 41., 3.5));
#11416 = CARTESIAN_POINT ('', (-127., 41., 5.));
#11417 = CARTESIAN_POINT ('', (-127., 40.5, 3.5));
#11418 = CARTESIAN_POINT ('', (-127., 40.5, 5.));
#11419 = B_SPLINE_SURFACE_WITH_KNOTS ('', 1, 1, ((#11415, #11416), (#11417, #11418)), .UNSPECIFIED., .F., .F., .U., (2, 2), (2, 2), (0., 1.), (0., 1.), .UNSPECIFIED.);
#11420 = ADVANCED_FACE ('', (#11414), #11419, .T.);
#11421 = CARTESIAN_POINT ('', (-127., 2.5, 5.));
#11422 = VERTEX_POINT ('', #11421);
#11423 = CARTESIAN_POINT ('', (-127., 40.5, 5.));
#11424 = CARTESIAN_POINT ('', (-127., 2.5, 5.));
#11425 = B_SPLINE_CURVE_WITH_KNOTS ('', 1, (#11423, #11424), .UNSPECIFIED., .F., .U., (2, 2), (1053.5, 1091.5), .UNSPECIFIED.);
#11426 = EDGE_CURVE ('', #11400, #11422, #11425, .T.);
#11427 = ORIENTED_EDGE ('', *, *, #11426, .F.);
#11428 = ORIENTED_EDGE ('', *, *, #11411, .F.);
#11429 = ORIENTED_EDGE ('', *, *, #185, .T.);
#11430 = CARTESIAN_POINT ('', (-127., 2.5, 3.5));
#11431 = CARTESIAN_POINT ('', (-127., 2.5, 5.));
#11432 = B_SPLINE_CURVE_WITH_KNOTS ('', 1, (#11430, #11431), .UNSPECIFIED., .F., .U., (2, 2), (0., 1.), .UNSPECIFIED.);
#11433 = EDGE_CURVE ('', #174, #11422, #11432, .T.);
#11434 = ORIENTED_EDGE ('', *, *, #11433, .T.);
#11435 = EDGE_LOOP ('', (#11427, #11428, #11429, #11434));
#11436 = FACE_OUTER_BOUND ('', #11435, .T.);
#11437 = CARTESIAN_POINT ('', (-127., 40.5, 3.5));
#11438 = CARTESIAN_POINT ('', (-127., 40.5, 5.));
#11439 = CARTESIAN_POINT ('', (-127., 2.5, 3.5));
#11440 = CARTESIAN_POINT ('', (-127., 2.5, 5.));
#11441 = B_SPLINE_SURFACE_WITH_KNOTS ('', 1, 1, ((#11437, #11438), (#11439, #11440)), .UNSPECIFIED., .F., .F., .U., (2, 2), (2, 2), (0., 1.), (0., 1.), .UNSPECIFIED.);
#11442 = ADVANCED_FACE ('', (#11436), #11441, .T.);
#11443 = CARTESIAN_POINT ('', (-103.25, 2.49999999999983, 5.));
#11444 = VERTEX_POINT ('', #11443);
#11445 = CARTESIAN_POINT ('', (-127., 2.5, 5.));
#11446 = CARTESIAN_POINT ('', (-103.25, 2.49999999999983, 5.));
#11447 = B_SPLINE_CURVE_WITH_KNOTS ('', 1, (#11445, #11446), .UNSPECIFIED., .F., .U., (2, 2), (1091.5, 1115.25), .UNSPECIFIED.);
#11448 = EDGE_CURVE ('', #11422, #11444, #11447, .T.);
#11449 = ORIENTED_EDGE ('', *, *, #11448, .F.);
#11450 = ORIENTED_EDGE ('', *, *, #11433, .F.);
#11451 = ORIENTED_EDGE ('', *, *, #178, .T.);
#11452 = CARTESIAN_POINT ('', (-103.25, 2.49999999999977, 3.5));
#11453 = CARTESIAN_POINT ('', (-103.25, 2.49999999999977, 5.));
#11454 = B_SPLINE_CURVE_WITH_KNOTS ('', 1, (#11452, #11453), .UNSPECIFIED., .F., .U., (2, 2), (0., 1.), .UNSPECIFIED.);
#11455 = EDGE_CURVE ('', #167, #11444, #11454, .T.);
#11456 = ORIENTED_EDGE ('', *, *, #11455, .T.);
#11457 = EDGE_LOOP ('', (#11449, #11450, #11451, #11456));
#11458 = FACE_OUTER_BOUND ('', #11457, .T.);
#11459 = CARTESIAN_POINT ('', (-127., 2.5, 3.5));
#11460 = CARTESIAN_POINT ('', (-127., 2.5, 5.));
#11461 = CARTESIAN_POINT ('', (-103.25, 2.49999999999983, 3.5));
#11462 = CARTESIAN_POINT ('', (-103.25, 2.49999999999983, 5.));
#11463 = B_SPLINE_SURFACE_WITH_KNOTS ('', 1, 1, ((#11459, #11460), (#11461, #11462)), .UNSPECIFIED., .F., .F., .U., (2, 2), (2, 2), (0., 1.), (0., 1.), .UNSPECIFIED.);
#11464 = ADVANCED_FACE ('', (#11458), #11463, .T.);
#11465 = CARTESIAN_POINT ('', (-103.25, 3., 5.));
#11466 = VERTEX_POINT ('', #11465);
#11467 = CARTESIAN_POINT ('', (-103.25, 2.49999999999983, 5.));
#11468 = CARTESIAN_POINT ('', (-103.25, 3., 5.));
#11469 = B_SPLINE_CURVE_WITH_KNOTS ('', 1, (#11467, #11468), .UNSPECIFIED., .F., .U., (2, 2), (1115.25, 1115.75), .UNSPECIFIED.);
#11470 = EDGE_CURVE ('', #11444, #11466, #11469, .T.);
#11471 = ORIENTED_EDGE ('', *, *, #11470, .F.);
#11472 = ORIENTED_EDGE ('', *, *, #11455, .F.);
#11473 = ORIENTED_EDGE ('', *, *, #171, .T.);
#11474 = CARTESIAN_POINT ('', (-103.25, 3., 3.5));
#11475 = CARTESIAN_POINT ('', (-103.25, 3., 5.));
#11476 = B_SPLINE_CURVE_WITH_KNOTS ('', 1, (#11474, #11475), .UNSPECIFIED., .F., .U., (2, 2), (0., 1.), .UNSPECIFIED.);
#11477 = EDGE_CURVE ('', #159, #11466, #11476, .T.);
#11478 = ORIENTED_EDGE ('', *, *, #11477, .T.);
#11479 = EDGE_LOOP ('', (#11471, #11472, #11473, #11478));
#11480 = FACE_OUTER_BOUND ('', #11479, .T.);
#11481 = CARTESIAN_POINT ('', (-103.25, 2.49999999999977, 3.5));
#11482 = CARTESIAN_POINT ('', (-103.25, 2.49999999999977, 5.));
#11483 = CARTESIAN_POINT ('', (-103.25, 3., 3.5));
#11484 = CARTESIAN_POINT ('', (-103.25, 3., 5.));
#11485 = B_SPLINE_SURFACE_WITH_KNOTS ('', 1, 1, ((#11481, #11482), (#11483, #11484)), .UNSPECIFIED., .F., .F., .U., (2, 2), (2, 2), (0., 1.), (0., 1.), .UNSPECIFIED.);
#11486 = ADVANCED_FACE ('', (#11480), #11485, .T.);
#11487 = CARTESIAN_POINT ('', (-102.75, 3.5, 5.));
#11488 = VERTEX_POINT ('', #11487);
#11489 = CARTESIAN_POINT ('', (-103.25, 3., 5.));
#11490 = CARTESIAN_POINT ('', (-103.25, 3.5, 5.));
#11491 = CARTESIAN_POINT ('', (-102.75, 3.5, 5.));
#11492 = (
   BOUNDED_CURVE ()
   B_SPLINE_CURVE (2, (#11489, #11490, #11491), .UNSPECIFIED., .F., .U.)
   B_SPLINE_CURVE_WITH_KNOTS ((3, 3), (1115.75, 1116.75), .UNSPECIFIED.)
   CURVE ()
   GEOMETRIC_REPRESENTATION_ITEM ()
   RATIONAL_B_SPLINE_CURVE ((1., 0.707106781186548, 1.))
   REPRESENTATION_ITEM ('')
);
#11493 = EDGE_CURVE ('', #11466, #11488, #11492, .T.);
#11494 = ORIENTED_EDGE ('', *, *, #11493, .F.);
#11495 = ORIENTED_EDGE ('', *, *, #11477, .F.);
#11496 = ORIENTED_EDGE ('', *, *, #164, .T.);
#11497 = CARTESIAN_POINT ('', (-102.75, 3.5, 3.5));
#11498 = CARTESIAN_POINT ('', (-102.75, 3.5, 5.));
#11499 = B_SPLINE_CURVE_WITH_KNOTS ('', 1, (#11497, #11498), .UNSPECIFIED., .F., .U., (2, 2), (0., 1.), .UNSPECIFIED.);
#11500 = EDGE_CURVE ('', #152, #11488, #11499, .T.);
#11501 = ORIENTED_EDGE ('', *, *, #11500, .T.);
#11502 = EDGE_LOOP ('', (#11494, #11495, #11496, #11501));
#11503 = FACE_OUTER_BOUND ('', #11502, .T.);
#11504 = CARTESIAN_POINT ('', (-103.25, 3., 3.5));
#11505 = CARTESIAN_POINT ('', (-103.25, 3., 5.));
#11506 = CARTESIAN_POINT ('', (-103.25, 3.5, 3.5));
#11507 = CARTESIAN_POINT ('', (-103.25, 3.5, 5.));
#11508 = CARTESIAN_POINT ('', (-102.75, 3.5, 3.5));
#11509 = CARTESIAN_POINT ('', (-102.75, 3.5, 5.));
#11510 = (
   BOUNDED_SURFACE ()
   B_SPLINE_SURFACE (2, 1, ((#11504, #11505), (#11506, #11507), (#11508, #11509)), .UNSPECIFIED., .F., .F., .U.)
   B_SPLINE_SURFACE_WITH_KNOTS ((3, 3), (2, 2), (1115.75, 1116.75), (0., 1.), .UNSPECIFIED.)
   GEOMETRIC_REPRESENTATION_ITEM ()
   RATIONAL_B_SPLINE_SURFACE (((1., 1.), (0.707106781186548, 0.707106781186548), (1., 1.)))
   REPRESENTATION_ITEM ('')
   SURFACE ()
);
#11511 = ADVANCED_FACE ('', (#11503), #11510, .T.);
#11512 = CARTESIAN_POINT ('', (-96.25, 3.49999999999999, 5.));
#11513 = VERTEX_POINT ('', #11512);
#11514 = CARTESIAN_POINT ('', (-102.75, 3.5, 5.));
#11515 = CARTESIAN_POINT ('', (-96.25, 3.49999999999999, 5.));
#11516 = B_SPLINE_CURVE_WITH_KNOTS ('', 1, (#11514, #11515), .UNSPECIFIED., .F., .U., (2, 2), (1116.75, 1117.75), .UNSPECIFIED.);
#11517 = EDGE_CURVE ('', #11488, #11513, #11516, .T.);
#11518 = ORIENTED_EDGE ('', *, *, #11517, .F.);
#11519 = ORIENTED_EDGE ('', *, *, #11500, .F.);
#11520 = ORIENTED_EDGE ('', *, *, #156, .T.);
#11521 = CARTESIAN_POINT ('', (-96.25, 3.49999999999999, 3.5));
#11522 = CARTESIAN_POINT ('', (-96.25, 3.49999999999999, 5.));
#11523 = B_SPLINE_CURVE_WITH_KNOTS ('', 1, (#11521, #11522), .UNSPECIFIED., .F., .U., (2, 2), (0., 1.), .UNSPECIFIED.);
#11524 = EDGE_CURVE ('', #142, #11513, #11523, .T.);
#11525 = ORIENTED_EDGE ('', *, *, #11524, .T.);
#11526 = EDGE_LOOP ('', (#11518, #11519, #11520, #11525));
#11527 = FACE_OUTER_BOUND ('', #11526, .T.);
#11528 = CARTESIAN_POINT ('', (-102.75, 3.5, 3.5));
#11529 = CARTESIAN_POINT ('', (-102.75, 3.5, 5.));
#11530 = CARTESIAN_POINT ('', (-96.25, 3.49999999999999, 3.5));
#11531 = CARTESIAN_POINT ('', (-96.25, 3.49999999999999, 5.));
#11532 = B_SPLINE_SURFACE_WITH_KNOTS ('', 1, 1, ((#11528, #11529), (#11530, #11531)), .UNSPECIFIED., .F., .F., .U., (2, 2), (2, 2), (0., 1.), (0., 1.), .UNSPECIFIED.);
#11533 = ADVANCED_FACE ('', (#11527), #11532, .T.);
#11534 = CARTESIAN_POINT ('', (-96.25, 8.49999999999999, 5.));
#11535 = VERTEX_POINT ('', #11534);
#11536 = CARTESIAN_POINT ('', (-96.25, 3.49999999999999, 5.));
#11537 = CARTESIAN_POINT ('', (-93.75, 3.49999999999999, 5.));
#11538 = CARTESIAN_POINT ('', (-93.75, 5.99999999999999, 5.));
#11539 = CARTESIAN_POINT ('', (-93.75, 8.49999999999999, 5.));
#11540 = CARTESIAN_POINT ('', (-96.25, 8.49999999999999, 5.));
#11541 = (
   BOUNDED_CURVE ()
   B_SPLINE_CURVE (2, (#11536, #11537, #11538, #11539, #11540), .UNSPECIFIED., .F., .U.)
   B_SPLINE_CURVE_WITH_KNOTS ((3, 2, 3), (1117.75, 1118.25, 1118.75), .UNSPECIFIED.)
   CURVE ()
   GEOMETRIC_REPRESENTATION_ITEM ()
   RATIONAL_B_SPLINE_CURVE ((1., 0.707106781186548, 1., 0.707106781186548, 1.))
   REPRESENTATION_ITEM ('')
);
#11542 = EDGE_CURVE ('', #11513, #11535, #11541, .T.);
#11543 = ORIENTED_EDGE ('', *, *, #11542, .F.);
#11544 = ORIENTED_EDGE ('', *, *, #11524, .F.);
#11545 = ORIENTED_EDGE ('', *, *, #149, .T.);
#11546 = CARTESIAN_POINT ('', (-96.25, 8.49999999999999, 3.5));
#11547 = CARTESIAN_POINT ('', (-96.25, 8.49999999999999, 5.));
#11548 = B_SPLINE_CURVE_WITH_KNOTS ('', 1, (#11546, #11547), .UNSPECIFIED., .F., .U., (2, 2), (0., 1.), .UNSPECIFIED.);
#11549 = EDGE_CURVE ('', #133, #11535, #11548, .T.);
#11550 = ORIENTED_EDGE ('', *, *, #11549, .T.);
#11551 = EDGE_LOOP ('', (#11543, #11544, #11545, #11550));
#11552 = FACE_OUTER_BOUND ('', #11551, .T.);
#11553 = CARTESIAN_POINT ('', (-96.25, 3.49999999999999, 3.5));
#11554 = CARTESIAN_POINT ('', (-96.25, 3.49999999999999, 5.));
#11555 = CARTESIAN_POINT ('', (-93.75, 3.49999999999999, 3.5));
#11556 = CARTESIAN_POINT ('', (-93.75, 3.49999999999999, 5.));
#11557 = CARTESIAN_POINT ('', (-93.75, 5.99999999999999, 3.5));
#11558 = CARTESIAN_POINT ('', (-93.75, 5.99999999999999, 5.));
#11559 = CARTESIAN_POINT ('', (-93.75, 8.49999999999999, 3.5));
#11560 = CARTESIAN_POINT ('', (-93.75, 8.49999999999999, 5.));
#11561 = CARTESIAN_POINT ('', (-96.25, 8.49999999999999, 3.5));
#11562 = CARTESIAN_POINT ('', (-96.25, 8.49999999999999, 5.));
#11563 = (
   BOUNDED_SURFACE ()
   B_SPLINE_SURFACE (2, 1, ((#11553, #11554), (#11555, #11556), (#11557, #11558), (#11559, #11560), (#11561, #11562)), .UNSPECIFIED., .F., .F., .U.)
   B_SPLINE_SURFACE_WITH_KNOTS ((3, 2, 3), (2, 2), (1117.75, 1118.25, 1118.75), (0., 1.), .UNSPECIFIED.)
   GEOMETRIC_REPRESENTATION_ITEM ()
   RATIONAL_B_SPLINE_SURFACE (((1., 1.), (0.707106781186548, 0.707106781186548), (1., 1.), (0.707106781186548, 0.707106781186548), (1., 1.)))
   REPRESENTATION_ITEM ('')
   SURFACE ()
);
#11564 = ADVANCED_FACE ('', (#11552), #11563, .T.);
#11565 = CARTESIAN_POINT ('', (-98.25, 8.49999999999999, 5.));
#11566 = VERTEX_POINT ('', #11565);
#11567 = CARTESIAN_POINT ('', (-96.25, 8.49999999999999, 5.));
#11568 = CARTESIAN_POINT ('', (-98.25, 8.49999999999999, 5.));
#11569 = B_SPLINE_CURVE_WITH_KNOTS ('', 1, (#11567, #11568), .UNSPECIFIED., .F., .U., (2, 2), (1118.75, 1119.75), .UNSPECIFIED.);
#11570 = EDGE_CURVE ('', #11535, #11566, #11569, .T.);
#11571 = ORIENTED_EDGE ('', *, *, #11570, .F.);
#11572 = ORIENTED_EDGE ('', *, *, #11549, .F.);
#11573 = ORIENTED_EDGE ('', *, *, #139, .T.);
#11574 = CARTESIAN_POINT ('', (-98.25, 8.49999999999999, 3.5));
#11575 = CARTESIAN_POINT ('', (-98.25, 8.49999999999999, 5.));
#11576 = B_SPLINE_CURVE_WITH_KNOTS ('', 1, (#11574, #11575), .UNSPECIFIED., .F., .U., (2, 2), (0., 1.), .UNSPECIFIED.);
#11577 = EDGE_CURVE ('', #135, #11566, #11576, .T.);
#11578 = ORIENTED_EDGE ('', *, *, #11577, .T.);
#11579 = EDGE_LOOP ('', (#11571, #11572, #11573, #11578));
#11580 = FACE_OUTER_BOUND ('', #11579, .T.);
#11581 = CARTESIAN_POINT ('', (-96.25, 8.49999999999999, 3.5));
#11582 = CARTESIAN_POINT ('', (-96.25, 8.49999999999999, 5.));
#11583 = CARTESIAN_POINT ('', (-98.25, 8.49999999999999, 3.5));
#11584 = CARTESIAN_POINT ('', (-98.25, 8.49999999999999, 5.));
#11585 = B_SPLINE_SURFACE_WITH_KNOTS ('', 1, 1, ((#11581, #11582), (#11583, #11584)), .UNSPECIFIED., .F., .F., .U., (2, 2), (2, 2), (0., 1.), (0., 1.), .UNSPECIFIED.);
#11586 = ADVANCED_FACE ('', (#11580), #11585, .T.);
#11587 = CARTESIAN_POINT ('', (-98.25, 8.49999999999999, 5.));
#11588 = CARTESIAN_POINT ('', (-98.75, 8.49999999999999, 5.));
#11589 = CARTESIAN_POINT ('', (-98.75, 8.99999999999999, 5.));
#11590 = CARTESIAN_POINT ('', (-98.75, 9.49999999999999, 5.));
#11591 = CARTESIAN_POINT ('', (-98.25, 9.49999999999999, 5.));
#11592 = (
   BOUNDED_CURVE ()
   B_SPLINE_CURVE (2, (#11587, #11588, #11589, #11590, #11591), .UNSPECIFIED., .F., .U.)
   B_SPLINE_CURVE_WITH_KNOTS ((3, 2, 3), (1119.75, 1120.25, 1120.75), .UNSPECIFIED.)
   CURVE ()
   GEOMETRIC_REPRESENTATION_ITEM ()
   RATIONAL_B_SPLINE_CURVE ((1., 0.707106781186548, 1., 0.707106781186548, 1.))
   REPRESENTATION_ITEM ('')
);
#11593 = EDGE_CURVE ('', #11566, #10119, #11592, .T.);
#11594 = ORIENTED_EDGE ('', *, *, #11593, .F.);
#11595 = ORIENTED_EDGE ('', *, *, #11577, .F.);
#11596 = ORIENTED_EDGE ('', *, *, #608, .T.);
#11597 = ORIENTED_EDGE ('', *, *, #10133, .T.);
#11598 = EDGE_LOOP ('', (#11594, #11595, #11596, #11597));
#11599 = FACE_OUTER_BOUND ('', #11598, .T.);
#11600 = CARTESIAN_POINT ('', (-98.25, 8.49999999999999, 3.5));
#11601 = CARTESIAN_POINT ('', (-98.25, 8.49999999999999, 5.));
#11602 = CARTESIAN_POINT ('', (-98.75, 8.49999999999999, 3.5));
#11603 = CARTESIAN_POINT ('', (-98.75, 8.49999999999999, 5.));
#11604 = CARTESIAN_POINT ('', (-98.75, 8.99999999999999, 3.5));
#11605 = CARTESIAN_POINT ('', (-98.75, 8.99999999999999, 5.));
#11606 = CARTESIAN_POINT ('', (-98.75, 9.49999999999999, 3.5));
#11607 = CARTESIAN_POINT ('', (-98.75, 9.49999999999999, 5.));
#11608 = CARTESIAN_POINT ('', (-98.25, 9.49999999999999, 3.5));
#11609 = CARTESIAN_POINT ('', (-98.25, 9.49999999999999, 5.));
#11610 = (
   BOUNDED_SURFACE ()
   B_SPLINE_SURFACE (2, 1, ((#11600, #11601), (#11602, #11603), (#11604, #11605), (#11606, #11607), (#11608, #11609)), .UNSPECIFIED., .F., .F., .U.)
   B_SPLINE_SURFACE_WITH_KNOTS ((3, 2, 3), (2, 2), (1119.75, 1120.25, 1120.75), (0., 1.), .UNSPECIFIED.)
   GEOMETRIC_REPRESENTATION_ITEM ()
   RATIONAL_B_SPLINE_SURFACE (((1., 1.), (0.707106781186548, 0.707106781186548), (1., 1.), (0.707106781186548, 0.707106781186548), (1., 1.)))
   REPRESENTATION_ITEM ('')
   SURFACE ()
);
#11611 = ADVANCED_FACE ('', (#11599), #11610, .T.);
#11612 = CARTESIAN_POINT ('', (-66.5, 24., 5.));
#11613 = CARTESIAN_POINT ('', (-66.5, 23.5, 5.));
#11614 = CARTESIAN_POINT ('', (-67., 23.5, 5.));
#11615 = CARTESIAN_POINT ('', (-67.5, 23.5, 5.));
#11616 = CARTESIAN_POINT ('', (-67.5, 24., 5.));
#11617 = (
   BOUNDED_CURVE ()
   B_SPLINE_CURVE (2, (#11612, #11613, #11614, #11615, #11616), .UNSPECIFIED., .F., .U.)
   B_SPLINE_CURVE_WITH_KNOTS ((3, 2, 3), (68., 68.25, 68.5), .UNSPECIFIED.)
   CURVE ()
   GEOMETRIC_REPRESENTATION_ITEM ()
   RATIONAL_B_SPLINE_CURVE ((1., 0.707106781186548, 1., 0.707106781186548, 1.))
   REPRESENTATION_ITEM ('')
);
#11618 = EDGE_CURVE ('', #6441, #97, #11617, .T.);
#11619 = ORIENTED_EDGE ('', *, *, #11618, .F.);
#11620 = ORIENTED_EDGE ('', *, *, #6452, .F.);
#11621 = ORIENTED_EDGE ('', *, *, #1824, .T.);
#11622 = ORIENTED_EDGE ('', *, *, #110, .T.);
#11623 = EDGE_LOOP ('', (#11619, #11620, #11621, #11622));
#11624 = FACE_OUTER_BOUND ('', #11623, .T.);
#11625 = CARTESIAN_POINT ('', (-66.5, 24., 3.5));
#11626 = CARTESIAN_POINT ('', (-66.5, 24., 5.));
#11627 = CARTESIAN_POINT ('', (-66.5, 23.5, 3.5));
#11628 = CARTESIAN_POINT ('', (-66.5, 23.5, 5.));
#11629 = CARTESIAN_POINT ('', (-67., 23.5, 3.5));
#11630 = CARTESIAN_POINT ('', (-67., 23.5, 5.));
#11631 = CARTESIAN_POINT ('', (-67.5, 23.5, 3.5));
#11632 = CARTESIAN_POINT ('', (-67.5, 23.5, 5.));
#11633 = CARTESIAN_POINT ('', (-67.5, 24., 3.5));
#11634 = CARTESIAN_POINT ('', (-67.5, 24., 5.));
#11635 = (
   BOUNDED_SURFACE ()
   B_SPLINE_SURFACE (2, 1, ((#11625, #11626), (#11627, #11628), (#11629, #11630), (#11631, #11632), (#11633, #11634)), .UNSPECIFIED., .F., .F., .U.)
   B_SPLINE_SURFACE_WITH_KNOTS ((3, 2, 3), (2, 2), (68., 68.25, 68.5), (0., 1.), .UNSPECIFIED.)
   GEOMETRIC_REPRESENTATION_ITEM ()
   RATIONAL_B_SPLINE_SURFACE (((1., 1.), (0.707106781186548, 0.707106781186548), (1., 1.), (0.707106781186548, 0.707106781186548), (1., 1.)))
   REPRESENTATION_ITEM ('')
   SURFACE ()
);
#11636 = ADVANCED_FACE ('', (#11624), #11635, .T.);
#11637 = ORIENTED_EDGE ('', *, *, #11570, .T.);
#11638 = ORIENTED_EDGE ('', *, *, #11593, .T.);
#11639 = ORIENTED_EDGE ('', *, *, #10128, .T.);
#11640 = ORIENTED_EDGE ('', *, *, #10163, .T.);
#11641 = ORIENTED_EDGE ('', *, *, #10191, .T.);
#11642 = ORIENTED_EDGE ('', *, *, #10216, .T.);
#11643 = ORIENTED_EDGE ('', *, *, #10244, .T.);
#11644 = ORIENTED_EDGE ('', *, *, #10269, .T.);
#11645 = ORIENTED_EDGE ('', *, *, #10297, .T.);
#11646 = ORIENTED_EDGE ('', *, *, #10322, .T.);
#11647 = ORIENTED_EDGE ('', *, *, #10350, .T.);
#11648 = ORIENTED_EDGE ('', *, *, #10375, .T.);
#11649 = ORIENTED_EDGE ('', *, *, #10403, .T.);
#11650 = ORIENTED_EDGE ('', *, *, #10428, .T.);
#11651 = ORIENTED_EDGE ('', *, *, #10459, .T.);
#11652 = ORIENTED_EDGE ('', *, *, #10490, .T.);
#11653 = ORIENTED_EDGE ('', *, *, #10518, .T.);
#11654 = ORIENTED_EDGE ('', *, *, #10543, .T.);
#11655 = ORIENTED_EDGE ('', *, *, #10571, .T.);
#11656 = ORIENTED_EDGE ('', *, *, #10594, .T.);
#11657 = ORIENTED_EDGE ('', *, *, #10618, .T.);
#11658 = ORIENTED_EDGE ('', *, *, #10640, .T.);
#11659 = ORIENTED_EDGE ('', *, *, #10662, .T.);
#11660 = ORIENTED_EDGE ('', *, *, #10684, .T.);
#11661 = ORIENTED_EDGE ('', *, *, #10707, .T.);
#11662 = ORIENTED_EDGE ('', *, *, #10731, .T.);
#11663 = ORIENTED_EDGE ('', *, *, #10756, .T.);
#11664 = ORIENTED_EDGE ('', *, *, #10784, .T.);
#11665 = ORIENTED_EDGE ('', *, *, #10807, .T.);
#11666 = ORIENTED_EDGE ('', *, *, #10831, .T.);
#11667 = ORIENTED_EDGE ('', *, *, #10853, .T.);
#11668 = ORIENTED_EDGE ('', *, *, #10876, .T.);
#11669 = ORIENTED_EDGE ('', *, *, #10900, .T.);
#11670 = ORIENTED_EDGE ('', *, *, #10925, .T.);
#11671 = ORIENTED_EDGE ('', *, *, #10953, .T.);
#11672 = ORIENTED_EDGE ('', *, *, #10976, .T.);
#11673 = ORIENTED_EDGE ('', *, *, #11000, .T.);
#11674 = ORIENTED_EDGE ('', *, *, #11022, .T.);
#11675 = ORIENTED_EDGE ('', *, *, #11044, .T.);
#11676 = ORIENTED_EDGE ('', *, *, #11066, .T.);
#11677 = ORIENTED_EDGE ('', *, *, #11088, .T.);
#11678 = ORIENTED_EDGE ('', *, *, #11111, .T.);
#11679 = ORIENTED_EDGE ('', *, *, #11135, .T.);
#11680 = ORIENTED_EDGE ('', *, *, #11160, .T.);
#11681 = ORIENTED_EDGE ('', *, *, #11188, .T.);
#11682 = ORIENTED_EDGE ('', *, *, #11211, .T.);
#11683 = ORIENTED_EDGE ('', *, *, #11235, .T.);
#11684 = ORIENTED_EDGE ('', *, *, #11257, .T.);
#11685 = ORIENTED_EDGE ('', *, *, #11280, .T.);
#11686 = ORIENTED_EDGE ('', *, *, #11304, .T.);
#11687 = ORIENTED_EDGE ('', *, *, #11329, .T.);
#11688 = ORIENTED_EDGE ('', *, *, #11357, .T.);
#11689 = ORIENTED_EDGE ('', *, *, #11380, .T.);
#11690 = ORIENTED_EDGE ('', *, *, #11404, .T.);
#11691 = ORIENTED_EDGE ('', *, *, #11426, .T.);
#11692 = ORIENTED_EDGE ('', *, *, #11448, .T.);
#11693 = ORIENTED_EDGE ('', *, *, #11470, .T.);
#11694 = ORIENTED_EDGE ('', *, *, #11493, .T.);
#11695 = ORIENTED_EDGE ('', *, *, #11517, .T.);
#11696 = ORIENTED_EDGE ('', *, *, #11542, .T.);
#11697 = EDGE_LOOP ('', (#11637, #11638, #11639, #11640, #11641, #11642, #11643, #11644, #11645, #11646, #11647, #11648, #11649, #11650, #11651, #11652, #11653, #11654, #11655, #11656, #11657, #11658, #11659, #11660, #11661, #11662, #11663, #11664, #11665, #11666, #11667, #11668, #11669, #11670, #11671, #11672, #11673, #11674, #11675, #11676, #11677, #11678, #11679, #11680, #11681, #11682, #11683, #11684, #11685, #11686, #11687, #11688, #11689, #11690, #11691, #11692, #11693, #11694, #11695, #11696));
#11698 = FACE_OUTER_BOUND ('', #11697, .T.);
#11699 = ORIENTED_EDGE ('', *, *, #10083, .F.);
#11700 = ORIENTED_EDGE ('', *, *, #10105, .F.);
#11701 = ORIENTED_EDGE ('', *, *, #9782, .F.);
#11702 = ORIENTED_EDGE ('', *, *, #9810, .F.);
#11703 = ORIENTED_EDGE ('', *, *, #9835, .F.);
#11704 = ORIENTED_EDGE ('', *, *, #9863, .F.);
#11705 = ORIENTED_EDGE ('', *, *, #9886, .F.);
#11706 = ORIENTED_EDGE ('', *, *, #9910, .F.);
#11707 = ORIENTED_EDGE ('', *, *, #9933, .F.);
#11708 = ORIENTED_EDGE ('', *, *, #9957, .F.);
#11709 = ORIENTED_EDGE ('', *, *, #9982, .F.);
#11710 = ORIENTED_EDGE ('', *, *, #10010, .F.);
#11711 = ORIENTED_EDGE ('', *, *, #10033, .F.);
#11712 = ORIENTED_EDGE ('', *, *, #10058, .F.);
#11713 = EDGE_LOOP ('', (#11699, #11700, #11701, #11702, #11703, #11704, #11705, #11706, #11707, #11708, #11709, #11710, #11711, #11712));
#11714 = FACE_BOUND ('', #11713, .T.);
#11715 = ORIENTED_EDGE ('', *, *, #9735, .T.);
#11716 = ORIENTED_EDGE ('', *, *, #9761, .T.);
#11717 = ORIENTED_EDGE ('', *, *, #9438, .T.);
#11718 = ORIENTED_EDGE ('', *, *, #9466, .T.);
#11719 = ORIENTED_EDGE ('', *, *, #9489, .T.);
#11720 = ORIENTED_EDGE ('', *, *, #9514, .T.);
#11721 = ORIENTED_EDGE ('', *, *, #9539, .T.);
#11722 = ORIENTED_EDGE ('', *, *, #9563, .T.);
#11723 = ORIENTED_EDGE ('', *, *, #9588, .T.);
#11724 = ORIENTED_EDGE ('', *, *, #9616, .T.);
#11725 = ORIENTED_EDGE ('', *, *, #9639, .T.);
#11726 = ORIENTED_EDGE ('', *, *, #9663, .T.);
#11727 = ORIENTED_EDGE ('', *, *, #9686, .T.);
#11728 = ORIENTED_EDGE ('', *, *, #9710, .T.);
#11729 = EDGE_LOOP ('', (#11715, #11716, #11717, #11718, #11719, #11720, #11721, #11722, #11723, #11724, #11725, #11726, #11727, #11728));
#11730 = FACE_BOUND ('', #11729, .T.);
#11731 = ORIENTED_EDGE ('', *, *, #9391, .T.);
#11732 = ORIENTED_EDGE ('', *, *, #9417, .T.);
#11733 = ORIENTED_EDGE ('', *, *, #9228, .T.);
#11734 = ORIENTED_EDGE ('', *, *, #9260, .T.);
#11735 = ORIENTED_EDGE ('', *, *, #9285, .T.);
#11736 = ORIENTED_EDGE ('', *, *, #9313, .T.);
#11737 = ORIENTED_EDGE ('', *, *, #9338, .T.);
#11738 = ORIENTED_EDGE ('', *, *, #9366, .T.);
#11739 = EDGE_LOOP ('', (#11731, #11732, #11733, #11734, #11735, #11736, #11737, #11738));
#11740 = FACE_BOUND ('', #11739, .T.);
#11741 = ORIENTED_EDGE ('', *, *, #9179, .T.);
#11742 = ORIENTED_EDGE ('', *, *, #9205, .T.);
#11743 = ORIENTED_EDGE ('', *, *, #9016, .T.);
#11744 = ORIENTED_EDGE ('', *, *, #9048, .T.);
#11745 = ORIENTED_EDGE ('', *, *, #9073, .T.);
#11746 = ORIENTED_EDGE ('', *, *, #9101, .T.);
#11747 = ORIENTED_EDGE ('', *, *, #9126, .T.);
#11748 = ORIENTED_EDGE ('', *, *, #9154, .T.);
#11749 = EDGE_LOOP ('', (#11741, #11742, #11743, #11744, #11745, #11746, #11747, #11748));
#11750 = FACE_BOUND ('', #11749, .T.);
#11751 = ORIENTED_EDGE ('', *, *, #8967, .T.);
#11752 = ORIENTED_EDGE ('', *, *, #8993, .T.);
#11753 = ORIENTED_EDGE ('', *, *, #8804, .T.);
#11754 = ORIENTED_EDGE ('', *, *, #8836, .T.);
#11755 = ORIENTED_EDGE ('', *, *, #8861, .T.);
#11756 = ORIENTED_EDGE ('', *, *, #8889, .T.);
#11757 = ORIENTED_EDGE ('', *, *, #8914, .T.);
#11758 = ORIENTED_EDGE ('', *, *, #8942, .T.);
#11759 = EDGE_LOOP ('', (#11751, #11752, #11753, #11754, #11755, #11756, #11757, #11758));
#11760 = FACE_BOUND ('', #11759, .T.);
#11761 = ORIENTED_EDGE ('', *, *, #8755, .T.);
#11762 = ORIENTED_EDGE ('', *, *, #8781, .T.);
#11763 = ORIENTED_EDGE ('', *, *, #8592, .T.);
#11764 = ORIENTED_EDGE ('', *, *, #8624, .T.);
#11765 = ORIENTED_EDGE ('', *, *, #8649, .T.);
#11766 = ORIENTED_EDGE ('', *, *, #8677, .T.);
#11767 = ORIENTED_EDGE ('', *, *, #8702, .T.);
#11768 = ORIENTED_EDGE ('', *, *, #8730, .T.);
#11769 = EDGE_LOOP ('', (#11761, #11762, #11763, #11764, #11765, #11766, #11767, #11768));
#11770 = FACE_BOUND ('', #11769, .T.);
#11771 = ORIENTED_EDGE ('', *, *, #8543, .T.);
#11772 = ORIENTED_EDGE ('', *, *, #8569, .T.);
#11773 = ORIENTED_EDGE ('', *, *, #8380, .T.);
#11774 = ORIENTED_EDGE ('', *, *, #8412, .T.);
#11775 = ORIENTED_EDGE ('', *, *, #8437, .T.);
#11776 = ORIENTED_EDGE ('', *, *, #8465, .T.);
#11777 = ORIENTED_EDGE ('', *, *, #8490, .T.);
#11778 = ORIENTED_EDGE ('', *, *, #8518, .T.);
#11779 = EDGE_LOOP ('', (#11771, #11772, #11773, #11774, #11775, #11776, #11777, #11778));
#11780 = FACE_BOUND ('', #11779, .T.);
#11781 = ORIENTED_EDGE ('', *, *, #8331, .T.);
#11782 = ORIENTED_EDGE ('', *, *, #8357, .T.);
#11783 = ORIENTED_EDGE ('', *, *, #8168, .T.);
#11784 = ORIENTED_EDGE ('', *, *, #8200, .T.);
#11785 = ORIENTED_EDGE ('', *, *, #8225, .T.);
#11786 = ORIENTED_EDGE ('', *, *, #8253, .T.);
#11787 = ORIENTED_EDGE ('', *, *, #8278, .T.);
#11788 = ORIENTED_EDGE ('', *, *, #8306, .T.);
#11789 = EDGE_LOOP ('', (#11781, #11782, #11783, #11784, #11785, #11786, #11787, #11788));
#11790 = FACE_BOUND ('', #11789, .T.);
#11791 = ORIENTED_EDGE ('', *, *, #8119, .T.);
#11792 = ORIENTED_EDGE ('', *, *, #8145, .T.);
#11793 = ORIENTED_EDGE ('', *, *, #7956, .T.);
#11794 = ORIENTED_EDGE ('', *, *, #7988, .T.);
#11795 = ORIENTED_EDGE ('', *, *, #8013, .T.);
#11796 = ORIENTED_EDGE ('', *, *, #8041, .T.);
#11797 = ORIENTED_EDGE ('', *, *, #8066, .T.);
#11798 = ORIENTED_EDGE ('', *, *, #8094, .T.);
#11799 = EDGE_LOOP ('', (#11791, #11792, #11793, #11794, #11795, #11796, #11797, #11798));
#11800 = FACE_BOUND ('', #11799, .T.);
#11801 = ORIENTED_EDGE ('', *, *, #7907, .T.);
#11802 = ORIENTED_EDGE ('', *, *, #7933, .T.);
#11803 = ORIENTED_EDGE ('', *, *, #7744, .T.);
#11804 = ORIENTED_EDGE ('', *, *, #7776, .T.);
#11805 = ORIENTED_EDGE ('', *, *, #7801, .T.);
#11806 = ORIENTED_EDGE ('', *, *, #7829, .T.);
#11807 = ORIENTED_EDGE ('', *, *, #7854, .T.);
#11808 = ORIENTED_EDGE ('', *, *, #7882, .T.);
#11809 = EDGE_LOOP ('', (#11801, #11802, #11803, #11804, #11805, #11806, #11807, #11808));
#11810 = FACE_BOUND ('', #11809, .T.);
#11811 = ORIENTED_EDGE ('', *, *, #7695, .T.);
#11812 = ORIENTED_EDGE ('', *, *, #7721, .T.);
#11813 = ORIENTED_EDGE ('', *, *, #7532, .T.);
#11814 = ORIENTED_EDGE ('', *, *, #7564, .T.);
#11815 = ORIENTED_EDGE ('', *, *, #7589, .T.);
#11816 = ORIENTED_EDGE ('', *, *, #7617, .T.);
#11817 = ORIENTED_EDGE ('', *, *, #7642, .T.);
#11818 = ORIENTED_EDGE ('', *, *, #7670, .T.);
#11819 = EDGE_LOOP ('', (#11811, #11812, #11813, #11814, #11815, #11816, #11817, #11818));
#11820 = FACE_BOUND ('', #11819, .T.);
#11821 = ORIENTED_EDGE ('', *, *, #7483, .T.);
#11822 = ORIENTED_EDGE ('', *, *, #7509, .T.);
#11823 = ORIENTED_EDGE ('', *, *, #7320, .T.);
#11824 = ORIENTED_EDGE ('', *, *, #7352, .T.);
#11825 = ORIENTED_EDGE ('', *, *, #7377, .T.);
#11826 = ORIENTED_EDGE ('', *, *, #7405, .T.);
#11827 = ORIENTED_EDGE ('', *, *, #7430, .T.);
#11828 = ORIENTED_EDGE ('', *, *, #7458, .T.);
#11829 = EDGE_LOOP ('', (#11821, #11822, #11823, #11824, #11825, #11826, #11827, #11828));
#11830 = FACE_BOUND ('', #11829, .T.);
#11831 = ORIENTED_EDGE ('', *, *, #7271, .T.);
#11832 = ORIENTED_EDGE ('', *, *, #7297, .T.);
#11833 = ORIENTED_EDGE ('', *, *, #7108, .T.);
#11834 = ORIENTED_EDGE ('', *, *, #7140, .T.);
#11835 = ORIENTED_EDGE ('', *, *, #7165, .T.);
#11836 = ORIENTED_EDGE ('', *, *, #7193, .T.);
#11837 = ORIENTED_EDGE ('', *, *, #7218, .T.);
#11838 = ORIENTED_EDGE ('', *, *, #7246, .T.);
#11839 = EDGE_LOOP ('', (#11831, #11832, #11833, #11834, #11835, #11836, #11837, #11838));
#11840 = FACE_BOUND ('', #11839, .T.);
#11841 = ORIENTED_EDGE ('', *, *, #7059, .T.);
#11842 = ORIENTED_EDGE ('', *, *, #7085, .T.);
#11843 = ORIENTED_EDGE ('', *, *, #6896, .T.);
#11844 = ORIENTED_EDGE ('', *, *, #6928, .T.);
#11845 = ORIENTED_EDGE ('', *, *, #6953, .T.);
#11846 = ORIENTED_EDGE ('', *, *, #6981, .T.);
#11847 = ORIENTED_EDGE ('', *, *, #7006, .T.);
#11848 = ORIENTED_EDGE ('', *, *, #7034, .T.);
#11849 = EDGE_LOOP ('', (#11841, #11842, #11843, #11844, #11845, #11846, #11847, #11848));
#11850 = FACE_BOUND ('', #11849, .T.);
#11851 = ORIENTED_EDGE ('', *, *, #6847, .T.);
#11852 = ORIENTED_EDGE ('', *, *, #6873, .T.);
#11853 = ORIENTED_EDGE ('', *, *, #6684, .T.);
#11854 = ORIENTED_EDGE ('', *, *, #6716, .T.);
#11855 = ORIENTED_EDGE ('', *, *, #6741, .T.);
#11856 = ORIENTED_EDGE ('', *, *, #6769, .T.);
#11857 = ORIENTED_EDGE ('', *, *, #6794, .T.);
#11858 = ORIENTED_EDGE ('', *, *, #6822, .T.);
#11859 = EDGE_LOOP ('', (#11851, #11852, #11853, #11854, #11855, #11856, #11857, #11858));
#11860 = FACE_BOUND ('', #11859, .T.);
#11861 = ORIENTED_EDGE ('', *, *, #6635, .T.);
#11862 = ORIENTED_EDGE ('', *, *, #6661, .T.);
#11863 = ORIENTED_EDGE ('', *, *, #6472, .T.);
#11864 = ORIENTED_EDGE ('', *, *, #6504, .T.);
#11865 = ORIENTED_EDGE ('', *, *, #6529, .T.);
#11866 = ORIENTED_EDGE ('', *, *, #6557, .T.);
#11867 = ORIENTED_EDGE ('', *, *, #6582, .T.);
#11868 = ORIENTED_EDGE ('', *, *, #6610, .T.);
#11869 = EDGE_LOOP ('', (#11861, #11862, #11863, #11864, #11865, #11866, #11867, #11868));
#11870 = FACE_BOUND ('', #11869, .T.);
#11871 = ORIENTED_EDGE ('', *, *, #11618, .T.);
#11872 = ORIENTED_EDGE ('', *, *, #103, .T.);
#11873 = CARTESIAN_POINT ('', (-67.5, 38., 5.));
#11874 = CARTESIAN_POINT ('', (-67.5, 38.5, 5.));
#11875 = CARTESIAN_POINT ('', (-67., 38.5, 5.));
#11876 = CARTESIAN_POINT ('', (-66.5, 38.5, 5.));
#11877 = CARTESIAN_POINT ('', (-66.5, 38., 5.));
#11878 = (
   BOUNDED_CURVE ()
   B_SPLINE_CURVE (2, (#11873, #11874, #11875, #11876, #11877), .UNSPECIFIED., .F., .U.)
   B_SPLINE_CURVE_WITH_KNOTS ((3, 2, 3), (82.5, 82.75, 83.), .UNSPECIFIED.)
   CURVE ()
   GEOMETRIC_REPRESENTATION_ITEM ()
   RATIONAL_B_SPLINE_CURVE ((1., 0.707106781186548, 1., 0.707106781186548, 1.))
   REPRESENTATION_ITEM ('')
);
#11879 = EDGE_CURVE ('', #99, #6329, #11878, .T.);
#11880 = ORIENTED_EDGE ('', *, *, #11879, .T.);
#11881 = ORIENTED_EDGE ('', *, *, #6335, .T.);
#11882 = ORIENTED_EDGE ('', *, *, #6364, .T.);
#11883 = ORIENTED_EDGE ('', *, *, #6392, .T.);
#11884 = ORIENTED_EDGE ('', *, *, #6417, .T.);
#11885 = ORIENTED_EDGE ('', *, *, #6445, .T.);
#11886 = EDGE_LOOP ('', (#11871, #11872, #11880, #11881, #11882, #11883, #11884, #11885));
#11887 = FACE_BOUND ('', #11886, .T.);
#11888 = ORIENTED_EDGE ('', *, *, #6289, .T.);
#11889 = ORIENTED_EDGE ('', *, *, #6315, .T.);
#11890 = ORIENTED_EDGE ('', *, *, #6126, .T.);
#11891 = ORIENTED_EDGE ('', *, *, #6158, .T.);
#11892 = ORIENTED_EDGE ('', *, *, #6183, .T.);
#11893 = ORIENTED_EDGE ('', *, *, #6211, .T.);
#11894 = ORIENTED_EDGE ('', *, *, #6236, .T.);
#11895 = ORIENTED_EDGE ('', *, *, #6264, .T.);
#11896 = EDGE_LOOP ('', (#11888, #11889, #11890, #11891, #11892, #11893, #11894, #11895));
#11897 = FACE_BOUND ('', #11896, .T.);
#11898 = ORIENTED_EDGE ('', *, *, #6077, .T.);
#11899 = ORIENTED_EDGE ('', *, *, #6103, .T.);
#11900 = ORIENTED_EDGE ('', *, *, #5914, .T.);
#11901 = ORIENTED_EDGE ('', *, *, #5946, .T.);
#11902 = ORIENTED_EDGE ('', *, *, #5971, .T.);
#11903 = ORIENTED_EDGE ('', *, *, #5999, .T.);
#11904 = ORIENTED_EDGE ('', *, *, #6024, .T.);
#11905 = ORIENTED_EDGE ('', *, *, #6052, .T.);
#11906 = EDGE_LOOP ('', (#11898, #11899, #11900, #11901, #11902, #11903, #11904, #11905));
#11907 = FACE_BOUND ('', #11906, .T.);
#11908 = ORIENTED_EDGE ('', *, *, #5865, .T.);
#11909 = ORIENTED_EDGE ('', *, *, #5891, .T.);
#11910 = ORIENTED_EDGE ('', *, *, #5702, .T.);
#11911 = ORIENTED_EDGE ('', *, *, #5734, .T.);
#11912 = ORIENTED_EDGE ('', *, *, #5759, .T.);
#11913 = ORIENTED_EDGE ('', *, *, #5787, .T.);
#11914 = ORIENTED_EDGE ('', *, *, #5812, .T.);
#11915 = ORIENTED_EDGE ('', *, *, #5840, .T.);
#11916 = EDGE_LOOP ('', (#11908, #11909, #11910, #11911, #11912, #11913, #11914, #11915));
#11917 = FACE_BOUND ('', #11916, .T.);
#11918 = ORIENTED_EDGE ('', *, *, #5653, .T.);
#11919 = ORIENTED_EDGE ('', *, *, #5679, .T.);
#11920 = ORIENTED_EDGE ('', *, *, #5490, .T.);
#11921 = ORIENTED_EDGE ('', *, *, #5522, .T.);
#11922 = ORIENTED_EDGE ('', *, *, #5547, .T.);
#11923 = ORIENTED_EDGE ('', *, *, #5575, .T.);
#11924 = ORIENTED_EDGE ('', *, *, #5600, .T.);
#11925 = ORIENTED_EDGE ('', *, *, #5628, .T.);
#11926 = EDGE_LOOP ('', (#11918, #11919, #11920, #11921, #11922, #11923, #11924, #11925));
#11927 = FACE_BOUND ('', #11926, .T.);
#11928 = ORIENTED_EDGE ('', *, *, #5438, .F.);
#11929 = ORIENTED_EDGE ('', *, *, #5461, .F.);
#11930 = ORIENTED_EDGE ('', *, *, #5069, .F.);
#11931 = ORIENTED_EDGE ('', *, *, #5104, .F.);
#11932 = ORIENTED_EDGE ('', *, *, #5132, .F.);
#11933 = ORIENTED_EDGE ('', *, *, #5157, .F.);
#11934 = ORIENTED_EDGE ('', *, *, #5185, .F.);
#11935 = ORIENTED_EDGE ('', *, *, #5210, .F.);
#11936 = ORIENTED_EDGE ('', *, *, #5238, .F.);
#11937 = ORIENTED_EDGE ('', *, *, #5261, .F.);
#11938 = ORIENTED_EDGE ('', *, *, #5285, .F.);
#11939 = ORIENTED_EDGE ('', *, *, #5308, .F.);
#11940 = ORIENTED_EDGE ('', *, *, #5332, .F.);
#11941 = ORIENTED_EDGE ('', *, *, #5357, .F.);
#11942 = ORIENTED_EDGE ('', *, *, #5385, .F.);
#11943 = ORIENTED_EDGE ('', *, *, #5410, .F.);
#11944 = EDGE_LOOP ('', (#11928, #11929, #11930, #11931, #11932, #11933, #11934, #11935, #11936, #11937, #11938, #11939, #11940, #11941, #11942, #11943));
#11945 = FACE_BOUND ('', #11944, .T.);
#11946 = ORIENTED_EDGE ('', *, *, #5021, .F.);
#11947 = ORIENTED_EDGE ('', *, *, #5044, .F.);
#11948 = ORIENTED_EDGE ('', *, *, #4988, .F.);
#11949 = EDGE_LOOP ('', (#11946, #11947, #11948));
#11950 = FACE_BOUND ('', #11949, .T.);
#11951 = ORIENTED_EDGE ('', *, *, #4936, .T.);
#11952 = ORIENTED_EDGE ('', *, *, #4959, .T.);
#11953 = ORIENTED_EDGE ('', *, *, #4567, .T.);
#11954 = ORIENTED_EDGE ('', *, *, #4602, .T.);
#11955 = ORIENTED_EDGE ('', *, *, #4630, .T.);
#11956 = ORIENTED_EDGE ('', *, *, #4655, .T.);
#11957 = ORIENTED_EDGE ('', *, *, #4683, .T.);
#11958 = ORIENTED_EDGE ('', *, *, #4708, .T.);
#11959 = ORIENTED_EDGE ('', *, *, #4736, .T.);
#11960 = ORIENTED_EDGE ('', *, *, #4759, .T.);
#11961 = ORIENTED_EDGE ('', *, *, #4783, .T.);
#11962 = ORIENTED_EDGE ('', *, *, #4806, .T.);
#11963 = ORIENTED_EDGE ('', *, *, #4830, .T.);
#11964 = ORIENTED_EDGE ('', *, *, #4855, .T.);
#11965 = ORIENTED_EDGE ('', *, *, #4883, .T.);
#11966 = ORIENTED_EDGE ('', *, *, #4908, .T.);
#11967 = EDGE_LOOP ('', (#11951, #11952, #11953, #11954, #11955, #11956, #11957, #11958, #11959, #11960, #11961, #11962, #11963, #11964, #11965, #11966));
#11968 = FACE_BOUND ('', #11967, .T.);
#11969 = ORIENTED_EDGE ('', *, *, #4519, .T.);
#11970 = ORIENTED_EDGE ('', *, *, #4542, .T.);
#11971 = ORIENTED_EDGE ('', *, *, #4486, .T.);
#11972 = EDGE_LOOP ('', (#11969, #11970, #11971));
#11973 = FACE_BOUND ('', #11972, .T.);
#11974 = ORIENTED_EDGE ('', *, *, #4438, .T.);
#11975 = ORIENTED_EDGE ('', *, *, #4461, .T.);
#11976 = ORIENTED_EDGE ('', *, *, #4405, .T.);
#11977 = EDGE_LOOP ('', (#11974, #11975, #11976));
#11978 = FACE_BOUND ('', #11977, .T.);
#11979 = ORIENTED_EDGE ('', *, *, #4357, .F.);
#11980 = ORIENTED_EDGE ('', *, *, #4380, .F.);
#11981 = ORIENTED_EDGE ('', *, *, #4324, .F.);
#11982 = EDGE_LOOP ('', (#11979, #11980, #11981));
#11983 = FACE_BOUND ('', #11982, .T.);
#11984 = ORIENTED_EDGE ('', *, *, #4279, .T.);
#11985 = ORIENTED_EDGE ('', *, *, #4301, .T.);
#11986 = ORIENTED_EDGE ('', *, *, #2985, .T.);
#11987 = ORIENTED_EDGE ('', *, *, #3012, .T.);
#11988 = ORIENTED_EDGE ('', *, *, #3036, .T.);
#11989 = ORIENTED_EDGE ('', *, *, #3058, .T.);
#11990 = ORIENTED_EDGE ('', *, *, #3080, .T.);
#11991 = ORIENTED_EDGE ('', *, *, #3103, .T.);
#11992 = ORIENTED_EDGE ('', *, *, #3127, .T.);
#11993 = ORIENTED_EDGE ('', *, *, #3149, .T.);
#11994 = ORIENTED_EDGE ('', *, *, #3172, .T.);
#11995 = ORIENTED_EDGE ('', *, *, #3196, .T.);
#11996 = ORIENTED_EDGE ('', *, *, #3219, .T.);
#11997 = ORIENTED_EDGE ('', *, *, #3243, .T.);
#11998 = ORIENTED_EDGE ('', *, *, #3265, .T.);
#11999 = ORIENTED_EDGE ('', *, *, #3288, .T.);
#12000 = ORIENTED_EDGE ('', *, *, #3312, .T.);
#12001 = ORIENTED_EDGE ('', *, *, #3334, .T.);
#12002 = ORIENTED_EDGE ('', *, *, #3357, .T.);
#12003 = ORIENTED_EDGE ('', *, *, #3381, .T.);
#12004 = ORIENTED_EDGE ('', *, *, #3404, .T.);
#12005 = ORIENTED_EDGE ('', *, *, #3428, .T.);
#12006 = ORIENTED_EDGE ('', *, *, #3450, .T.);
#12007 = ORIENTED_EDGE ('', *, *, #3473, .T.);
#12008 = ORIENTED_EDGE ('', *, *, #3497, .T.);
#12009 = ORIENTED_EDGE ('', *, *, #3520, .T.);
#12010 = ORIENTED_EDGE ('', *, *, #3544, .T.);
#12011 = ORIENTED_EDGE ('', *, *, #3566, .T.);
#12012 = ORIENTED_EDGE ('', *, *, #3588, .T.);
#12013 = ORIENTED_EDGE ('', *, *, #3611, .T.);
#12014 = ORIENTED_EDGE ('', *, *, #3635, .T.);
#12015 = ORIENTED_EDGE ('', *, *, #3657, .T.);
#12016 = ORIENTED_EDGE ('', *, *, #3680, .T.);
#12017 = ORIENTED_EDGE ('', *, *, #3704, .T.);
#12018 = ORIENTED_EDGE ('', *, *, #3726, .T.);
#12019 = ORIENTED_EDGE ('', *, *, #3748, .T.);
#12020 = ORIENTED_EDGE ('', *, *, #3771, .T.);
#12021 = ORIENTED_EDGE ('', *, *, #3795, .T.);
#12022 = ORIENTED_EDGE ('', *, *, #3818, .T.);
#12023 = ORIENTED_EDGE ('', *, *, #3842, .T.);
#12024 = ORIENTED_EDGE ('', *, *, #3864, .T.);
#12025 = ORIENTED_EDGE ('', *, *, #3887, .T.);
#12026 = ORIENTED_EDGE ('', *, *, #3911, .T.);
#12027 = ORIENTED_EDGE ('', *, *, #3934, .T.);
#12028 = ORIENTED_EDGE ('', *, *, #3958, .T.);
#12029 = ORIENTED_EDGE ('', *, *, #3980, .T.);
#12030 = ORIENTED_EDGE ('', *, *, #4003, .T.);
#12031 = ORIENTED_EDGE ('', *, *, #4027, .T.);
#12032 = ORIENTED_EDGE ('', *, *, #4049, .T.);
#12033 = ORIENTED_EDGE ('', *, *, #4072, .T.);
#12034 = ORIENTED_EDGE ('', *, *, #4096, .T.);
#12035 = ORIENTED_EDGE ('', *, *, #4119, .T.);
#12036 = ORIENTED_EDGE ('', *, *, #4143, .T.);
#12037 = ORIENTED_EDGE ('', *, *, #4165, .T.);
#12038 = ORIENTED_EDGE ('', *, *, #4188, .T.);
#12039 = ORIENTED_EDGE ('', *, *, #4212, .T.);
#12040 = ORIENTED_EDGE ('', *, *, #4234, .T.);
#12041 = ORIENTED_EDGE ('', *, *, #4256, .T.);
#12042 = EDGE_LOOP ('', (#11984, #11985, #11986, #11987, #11988, #11989, #11990, #11991, #11992, #11993, #11994, #11995, #11996, #11997, #11998, #11999, #12000, #12001, #12002, #12003, #12004, #12005, #12006, #12007, #12008, #12009, #12010, #12011, #12012, #12013, #12014, #12015, #12016, #12017, #12018, #12019, #12020, #12021, #12022, #12023, #12024, #12025, #12026, #12027, #12028, #12029, #12030, #12031, #12032, #12033, #12034, #12035, #12036, #12037, #12038, #12039, #12040, #12041));
#12043 = FACE_BOUND ('', #12042, .T.);
#12044 = CARTESIAN_POINT ('', (-13., 2.49999999999984, 5.));
#12045 = CARTESIAN_POINT ('', (-127., 2.49999999999984, 5.));
#12046 = CARTESIAN_POINT ('', (-13., 78.5, 5.));
#12047 = CARTESIAN_POINT ('', (-127., 78.5, 5.));
#12048 = B_SPLINE_SURFACE_WITH_KNOTS ('', 1, 1, ((#12044, #12045), (#12046, #12047)), .UNSPECIFIED., .F., .F., .U., (2, 2), (2, 2), (0.385810445085691, 0.649953395669133), (0.308023297794161, 0.704237723669325), .UNSPECIFIED.);
#12049 = ADVANCED_FACE ('', (#11698, #11714, #11730, #11740, #11750, #11760, #11770, #11780, #11790, #11800, #11810, #11820, #11830, #11840, #11850, #11860, #11870, #11887, #11897, #11907, #11917, #11927, #11945, #11950, #11968, #11973, #11978, #11983, #12043), #12048, .T.);
#12050 = ORIENTED_EDGE ('', *, *, #11879, .F.);
#12051 = ORIENTED_EDGE ('', *, *, #122, .F.);
#12052 = ORIENTED_EDGE ('', *, *, #1873, .T.);
#12053 = ORIENTED_EDGE ('', *, *, #6340, .T.);
#12054 = EDGE_LOOP ('', (#12050, #12051, #12052, #12053));
#12055 = FACE_OUTER_BOUND ('', #12054, .T.);
#12056 = CARTESIAN_POINT ('', (-67.5, 38., 3.5));
#12057 = CARTESIAN_POINT ('', (-67.5, 38., 5.));
#12058 = CARTESIAN_POINT ('', (-67.5, 38.5, 3.5));
#12059 = CARTESIAN_POINT ('', (-67.5, 38.5, 5.));
#12060 = CARTESIAN_POINT ('', (-67., 38.5, 3.5));
#12061 = CARTESIAN_POINT ('', (-67., 38.5, 5.));
#12062 = CARTESIAN_POINT ('', (-66.5, 38.5, 3.5));
#12063 = CARTESIAN_POINT ('', (-66.5, 38.5, 5.));
#12064 = CARTESIAN_POINT ('', (-66.5, 38., 3.5));
#12065 = CARTESIAN_POINT ('', (-66.5, 38., 5.));
#12066 = (
   BOUNDED_SURFACE ()
   B_SPLINE_SURFACE (2, 1, ((#12056, #12057), (#12058, #12059), (#12060, #12061), (#12062, #12063), (#12064, #12065)), .UNSPECIFIED., .F., .F., .U.)
   B_SPLINE_SURFACE_WITH_KNOTS ((3, 2, 3), (2, 2), (82.5, 82.75, 83.), (0., 1.), .UNSPECIFIED.)
   GEOMETRIC_REPRESENTATION_ITEM ()
   RATIONAL_B_SPLINE_SURFACE (((1., 1.), (0.707106781186548, 0.707106781186548), (1., 1.), (0.707106781186548, 0.707106781186548), (1., 1.)))
   REPRESENTATION_ITEM ('')
   SURFACE ()
);
#12067 = ADVANCED_FACE ('', (#12055), #12066, .T.);
#12068 = CLOSED_SHELL ('', (#131, #2977, #3005, #3030, #3052, #3074, #3096, #3121, #3143, #3165, #3190, #3212, #3237, #3259, #3281, #3306, #3328, #3350, #3375, #3397, #3422, #3444, #3466, #3491, #3513, #3538, #3560, #3582, #3604, #3629, #3651, #3673, #3698, #3720, #3742, #3764, #3789, #3811, #3836, #3858, #3880, #3905, #3927, #3952, #3974, #3996, #4021, #4043, #4065, #4090, #4112, #4137, #4159, #4181, #4206, #4228, #4250, #4272, #4297, #4313, #4350, #4375, #4394, #4431, #4456, #4475, #4512, #4537, #4556, #4593, #4624, #4646, #4677, #4699, #4730, #4752, #4777, #4799, #4824, #4846, #4877, #4899, #4930, #4952, #4977, #5014, #5039, #5058, #5095, #5126, #5148, #5179, #5201, #5232, #5254, #5279, #5301, #5326, #5348, #5379, #5401, #5432, #5454, #5479, #5516, #5538, #5569, #5591, #5622, #5644, #5675, #5691, #5728, #5750, #5781, #5803, #5834, #5856, #5887, #5903, #5940, #5962, #5993, #6015, #6046, #6068, #6099, #6115, #6152, #6174, #6205, #6227, #6258, #6280, #6311, #6327, #6355, #6386, #6408, #6439, #6461, #6498, #6520, #6551, #6573, #6604, #6626, #6657, #6673, #6710, #6732, #6763, #6785, #6816, #6838, #6869, #6885, #6922, #6944, #6975, #6997, #7028, #7050, #7081, #7097, #7134, #7156, #7187, #7209, #7240, #7262, #7293, #7309, #7346, #7368, #7399, #7421, #7452, #7474, #7505, #7521, #7558, #7580, #7611, #7633, #7664, #7686, #7717, #7733, #7770, #7792, #7823, #7845, #7876, #7898, #7929, #7945, #7982, #8004, #8035, #8057, #8088, #8110, #8141, #8157, #8194, #8216, #8247, #8269, #8300, #8322, #8353, #8369, #8406, #8428, #8459, #8481, #8512, #8534, #8565, #8581, #8618, #8640, #8671, #8693, #8724, #8746, #8777, #8793, #8830, #8852, #8883, #8905, #8936, #8958, #8989, #9005, #9042, #9064, #9095, #9117, #9148, #9170, #9201, #9217, #9254, #9276, #9307, #9329, #9360, #9382, #9413, #9429, #9460, #9482, #9507, #9532, #9557, #9579, #9610, #9632, #9657, #9679, #9704, #9726, #9757, #9773, #9804, #9826, #9857, #9879, #9904, #9926, #9951, #9973, #10004, #10026, #10051, #10076, #10101, #10117, #10154, #10185, #10207, #10238, #10260, #10291, #10313, #10344, #10366, #10397, #10419, #10450, #10481, #10512, #10534, #10565, #10587, #10612, #10634, #10656, #10678, #10700, #10725, #10747, #10778, #10800, #10825, #10847, #10869, #10894, #10916, #10947, #10969, #10994, #11016, #11038, #11060, #11082, #11104, #11129, #11151, #11182, #11204, #11229, #11251, #11273, #11298, #11320, #11351, #11373, #11398, #11420, #11442, #11464, #11486, #11511, #11533, #11564, #11586, #11611, #11636, #12049, #12067));
#12069 = MANIFOLD_SOLID_BREP ('', #12068);
#12070 = PRESENTATION_LAYER_ASSIGNMENT ('Level 6', 'Level 6', (#12069));
#12071 = COLOUR_RGB ('', 0., 0.8, 0.8);
#12072 = FILL_AREA_STYLE_COLOUR ('', #12071);
#12073 = FILL_AREA_STYLE ('', (#12072));
#12074 = SURFACE_STYLE_FILL_AREA (#12073);
#12075 = SURFACE_SIDE_STYLE ('', (#12074));
#12076 = SURFACE_STYLE_USAGE (.POSITIVE., #12075);
#12077 = PRESENTATION_STYLE_ASSIGNMENT ((#12076));
#12078 = STYLED_ITEM ('', (#12077), #12069);
#12079 = (
   LENGTH_UNIT ()
   NAMED_UNIT (*)
   SI_UNIT ($, .METRE.)
);
#12080 = (
   NAMED_UNIT (*)
   SI_UNIT ($, .STERADIAN.)
   SOLID_ANGLE_UNIT ()
);
#12081 = (
   NAMED_UNIT (*)
   PLANE_ANGLE_UNIT ()
   SI_UNIT ($, .RADIAN.)
);
#12082 = UNCERTAINTY_MEASURE_WITH_UNIT (LENGTH_MEASURE(0.001), #12079, 'DISTANCE_ACCURACY_VALUE', '');
#12083 = (
   GEOMETRIC_REPRESENTATION_CONTEXT (3)
   GLOBAL_UNCERTAINTY_ASSIGNED_CONTEXT ((#12082))
   GLOBAL_UNIT_ASSIGNED_CONTEXT ((#12079, #12080, #12081))
   REPRESENTATION_CONTEXT ('', '3D')
);
#12084 = SHAPE_REPRESENTATION ('', (#12212), #12083);
#12085 = APPLICATION_CONTEXT ('configuration controlled 3D designs of mechanical parts and assemblies');
#12086 = APPLICATION_PROTOCOL_DEFINITION ('International Standard', 'config_control_design', 1997, #12085);
#12087 = MECHANICAL_CONTEXT ('', #12085, 'mechanical');
#12088 = PRODUCT ('', '', '', (#12087));
#12089 = PERSON_AND_ORGANIZATION_ROLE ('design_owner');
#12090 = PERSON ('#12090', '', $, $, $, $);
#12091 = ORGANIZATION ($, '', '');
#12092 = PERSON_AND_ORGANIZATION (#12090, #12091);
#12093 = CC_DESIGN_PERSON_AND_ORGANIZATION_ASSIGNMENT (#12092, #12089, (#12088));
#12094 = PRODUCT_RELATED_PRODUCT_CATEGORY ('detail', $, (#12088));
#12095 = PRODUCT_DEFINITION_FORMATION_WITH_SPECIFIED_SOURCE ('', '', #12088, .NOT_KNOWN.);
#12096 = APPROVAL_STATUS ('approved');
#12097 = APPROVAL (#12096, '');
#12098 = CALENDAR_DATE (2026, 29, 1);
#12099 = COORDINATED_UNIVERSAL_TIME_OFFSET (0, $, .AHEAD.);
#12100 = LOCAL_TIME (22, 9, 19., #12099);
#12101 = DATE_AND_TIME (#12098, #12100);
#12102 = APPROVAL_DATE_TIME (#12101, #12097);
#12103 = APPROVAL_ROLE ('');
#12104 = PERSON ('#12104', '', $, $, $, $);
#12105 = ORGANIZATION ($, '', '');
#12106 = PERSON_AND_ORGANIZATION (#12104, #12105);
#12107 = APPROVAL_PERSON_ORGANIZATION (#12106, #12097, #12103);
#12108 = CC_DESIGN_APPROVAL (#12097, (#12095));
#12109 = PERSON_AND_ORGANIZATION_ROLE ('creator');
#12110 = PERSON ('#12110', '', $, $, $, $);
#12111 = ORGANIZATION ($, '', '');
#12112 = PERSON_AND_ORGANIZATION (#12110, #12111);
#12113 = CC_DESIGN_PERSON_AND_ORGANIZATION_ASSIGNMENT (#12112, #12109, (#12095));
#12114 = PERSON_AND_ORGANIZATION_ROLE ('part_supplier');
#12115 = PERSON ('#12115', '', $, $, $, $);
#12116 = ORGANIZATION ($, '', '');
#12117 = PERSON_AND_ORGANIZATION (#12115, #12116);
#12118 = CC_DESIGN_PERSON_AND_ORGANIZATION_ASSIGNMENT (#12117, #12114, (#12095));
#12119 = SECURITY_CLASSIFICATION_LEVEL ('unclassified');
#12120 = SECURITY_CLASSIFICATION ('', '', #12119);
#12121 = APPROVAL_STATUS ('approved');
#12122 = APPROVAL (#12121, '');
#12123 = CALENDAR_DATE (2026, 29, 1);
#12124 = COORDINATED_UNIVERSAL_TIME_OFFSET (0, $, .AHEAD.);
#12125 = LOCAL_TIME (22, 9, 19., #12124);
#12126 = DATE_AND_TIME (#12123, #12125);
#12127 = APPROVAL_DATE_TIME (#12126, #12122);
#12128 = APPROVAL_ROLE ('');
#12129 = PERSON ('#12129', '', $, $, $, $);
#12130 = ORGANIZATION ($, '', '');
#12131 = PERSON_AND_ORGANIZATION (#12129, #12130);
#12132 = APPROVAL_PERSON_ORGANIZATION (#12131, #12122, #12128);
#12133 = CC_DESIGN_APPROVAL (#12122, (#12120));
#12134 = DATE_TIME_ROLE ('classification_date');
#12135 = CALENDAR_DATE (2026, 29, 1);
#12136 = COORDINATED_UNIVERSAL_TIME_OFFSET (0, $, .AHEAD.);
#12137 = LOCAL_TIME (22, 9, 19., #12136);
#12138 = DATE_AND_TIME (#12135, #12137);
#12139 = CC_DESIGN_DATE_AND_TIME_ASSIGNMENT (#12138, #12134, (#12120));
#12140 = PERSON_AND_ORGANIZATION_ROLE ('classification_officer');
#12141 = PERSON ('#12141', '', $, $, $, $);
#12142 = ORGANIZATION ($, '', '');
#12143 = PERSON_AND_ORGANIZATION (#12141, #12142);
#12144 = CC_DESIGN_PERSON_AND_ORGANIZATION_ASSIGNMENT (#12143, #12140, (#12120));
#12145 = CC_DESIGN_SECURITY_CLASSIFICATION (#12120, (#12095));
#12146 = DESIGN_CONTEXT ('', #12085, 'design');
#12147 = APPROVAL_STATUS ('approved');
#12148 = APPROVAL (#12147, '');
#12149 = CALENDAR_DATE (2026, 29, 1);
#12150 = COORDINATED_UNIVERSAL_TIME_OFFSET (0, $, .AHEAD.);
#12151 = LOCAL_TIME (22, 9, 19., #12150);
#12152 = DATE_AND_TIME (#12149, #12151);
#12153 = APPROVAL_DATE_TIME (#12152, #12148);
#12154 = APPROVAL_ROLE ('');
#12155 = PERSON ('#12155', '', $, $, $, $);
#12156 = ORGANIZATION ($, '', '');
#12157 = PERSON_AND_ORGANIZATION (#12155, #12156);
#12158 = APPROVAL_PERSON_ORGANIZATION (#12157, #12148, #12154);
#12159 = CC_DESIGN_APPROVAL (#12148, (*));
#12160 = DATE_TIME_ROLE ('creation_date');
#12161 = CALENDAR_DATE (2026, 29, 1);
#12162 = COORDINATED_UNIVERSAL_TIME_OFFSET (0, $, .AHEAD.);
#12163 = LOCAL_TIME (22, 9, 19., #12162);
#12164 = DATE_AND_TIME (#12161, #12163);
#12165 = CC_DESIGN_DATE_AND_TIME_ASSIGNMENT (#12164, #12160, (*));
#12166 = PERSON_AND_ORGANIZATION_ROLE ('creator');
#12167 = PERSON ('#12167', '', $, $, $, $);
#12168 = ORGANIZATION ($, '', '');
#12169 = PERSON_AND_ORGANIZATION (#12167, #12168);
#12170 = CC_DESIGN_PERSON_AND_ORGANIZATION_ASSIGNMENT (#12169, #12166, (*));
#12171 = PRODUCT_DEFINITION ('', '', #12095, #12146);
#12172 = PRODUCT_DEFINITION_SHAPE ('', '', #12171);
#12173 = SHAPE_DEFINITION_REPRESENTATION (#12172, #12084);
#12174 = SHAPE_REPRESENTATION_RELATIONSHIP ('', '', #12084, #12175);
#12175 = ADVANCED_BREP_SHAPE_REPRESENTATION ('', (#12069), #12083);
#12176 = NEXT_ASSEMBLY_USAGE_OCCURRENCE ('#12176', '', '', #93, #12171, $);
#12177 = SECURITY_CLASSIFICATION_LEVEL ('unclassified');
#12178 = SECURITY_CLASSIFICATION ('', '', #12177);
#12179 = APPROVAL_STATUS ('approved');
#12180 = APPROVAL (#12179, '');
#12181 = CALENDAR_DATE (2026, 29, 1);
#12182 = COORDINATED_UNIVERSAL_TIME_OFFSET (0, $, .AHEAD.);
#12183 = LOCAL_TIME (22, 9, 19., #12182);
#12184 = DATE_AND_TIME (#12181, #12183);
#12185 = APPROVAL_DATE_TIME (#12184, #12180);
#12186 = APPROVAL_ROLE ('');
#12187 = PERSON ('#12187', '', $, $, $, $);
#12188 = ORGANIZATION ($, '', '');
#12189 = PERSON_AND_ORGANIZATION (#12187, #12188);
#12190 = APPROVAL_PERSON_ORGANIZATION (#12189, #12180, #12186);
#12191 = CC_DESIGN_APPROVAL (#12180, (#12178));
#12192 = DATE_TIME_ROLE ('classification_date');
#12193 = CALENDAR_DATE (2026, 29, 1);
#12194 = COORDINATED_UNIVERSAL_TIME_OFFSET (0, $, .AHEAD.);
#12195 = LOCAL_TIME (22, 9, 19., #12194);
#12196 = DATE_AND_TIME (#12193, #12195);
#12197 = CC_DESIGN_DATE_AND_TIME_ASSIGNMENT (#12196, #12192, (#12178));
#12198 = PERSON_AND_ORGANIZATION_ROLE ('classification_officer');
#12199 = PERSON ('#12199', '', $, $, $, $);
#12200 = ORGANIZATION ($, '', '');
#12201 = PERSON_AND_ORGANIZATION (#12199, #12200);
#12202 = CC_DESIGN_PERSON_AND_ORGANIZATION_ASSIGNMENT (#12201, #12198, (#12178));
#12203 = CC_DESIGN_SECURITY_CLASSIFICATION (#12178, (#12176));
#12204 = PRODUCT_DEFINITION_SHAPE ('', '', #12176);
#12205 = CARTESIAN_POINT ('', (0., 0., 0.));
#12206 = DIRECTION ('', (0., 0., 1.));
#12207 = DIRECTION ('', (1., 0., 0.));
#12208 = AXIS2_PLACEMENT_3D ('', #12205, #12206, #12207);
#12209 = CARTESIAN_POINT ('', (0., 0., 0.));
#12210 = DIRECTION ('', (0., 0., 1.));
#12211 = DIRECTION ('', (1., 0., 0.));
#12212 = AXIS2_PLACEMENT_3D ('', #12209, #12210, #12211);
#12213 = ITEM_DEFINED_TRANSFORMATION ('', '', #12208, #12212);
#12214 = (
   REPRESENTATION_RELATIONSHIP ('', '', #6, #12084)
   REPRESENTATION_RELATIONSHIP_WITH_TRANSFORMATION (#12213)
   SHAPE_REPRESENTATION_RELATIONSHIP ()
);
#12215 = CONTEXT_DEPENDENT_SHAPE_REPRESENTATION (#12214, #12204);
ENDSEC;
END-ISO-10303-21;
