solid OBJECT
  facet normal -0.999699 0.024544 -0.000000
    outer loop
      vertex 72.376807 116.419803 -5.000000
      vertex 72.375000 116.346194 -5.000000
      vertex 72.376807 116.419803 -4.500000
    endloop
  endfacet
  facet normal -0.999699 0.024544 -0.000000
    outer loop
      vertex 72.375000 116.346194 -5.000000
      vertex 72.375000 116.346194 -4.500000
      vertex 72.376807 116.419803 -4.500000
    endloop
  endfacet
  facet normal -0.997290 0.073569 -0.000000
    outer loop
      vertex 72.376807 116.419803 -4.500000
      vertex 72.382223 116.493225 -4.500000
      vertex 72.382223 116.493225 -5.000000
    endloop
  endfacet
  facet normal -0.997290 0.073569 -0.000000
    outer loop
      vertex 72.376807 116.419803 -4.500000
      vertex 72.382223 116.493225 -5.000000
      vertex 72.376807 116.419803 -5.000000
    endloop
  endfacet
  facet normal -0.992479 0.122413 -0.000000
    outer loop
      vertex 72.382223 116.493225 -4.500000
      vertex 72.391235 116.566290 -4.500000
      vertex 72.391235 116.566290 -5.000000
    endloop
  endfacet
  facet normal -0.992479 0.122413 -0.000000
    outer loop
      vertex 72.382223 116.493225 -4.500000
      vertex 72.391235 116.566290 -5.000000
      vertex 72.382223 116.493225 -5.000000
    endloop
  endfacet
  facet normal -0.985277 0.170963 -0.000000
    outer loop
      vertex 72.391235 116.566290 -4.500000
      vertex 72.403822 116.638832 -4.500000
      vertex 72.403822 116.638832 -5.000000
    endloop
  endfacet
  facet normal -0.985277 0.170963 -0.000000
    outer loop
      vertex 72.391235 116.566290 -4.500000
      vertex 72.403822 116.638832 -5.000000
      vertex 72.391235 116.566290 -5.000000
    endloop
  endfacet
  facet normal -0.975702 0.219103 -0.000000
    outer loop
      vertex 72.403822 116.638832 -4.500000
      vertex 72.419954 116.710668 -4.500000
      vertex 72.419954 116.710668 -5.000000
    endloop
  endfacet
  facet normal -0.975702 0.219103 -0.000000
    outer loop
      vertex 72.403822 116.638832 -4.500000
      vertex 72.419954 116.710668 -5.000000
      vertex 72.403822 116.638832 -5.000000
    endloop
  endfacet
  facet normal -0.963775 0.266715 -0.000000
    outer loop
      vertex 72.419954 116.710668 -4.500000
      vertex 72.439591 116.781625 -4.500000
      vertex 72.439591 116.781625 -5.000000
    endloop
  endfacet
  facet normal -0.963775 0.266715 -0.000000
    outer loop
      vertex 72.419954 116.710668 -4.500000
      vertex 72.439591 116.781625 -5.000000
      vertex 72.419954 116.710668 -5.000000
    endloop
  endfacet
  facet normal -0.949527 0.313684 -0.000000
    outer loop
      vertex 72.439591 116.781625 -4.500000
      vertex 72.462685 116.851532 -4.500000
      vertex 72.462685 116.851532 -5.000000
    endloop
  endfacet
  facet normal -0.949527 0.313684 -0.000000
    outer loop
      vertex 72.439591 116.781625 -4.500000
      vertex 72.462685 116.851532 -5.000000
      vertex 72.439591 116.781625 -5.000000
    endloop
  endfacet
  facet normal -0.932992 0.359897 -0.000000
    outer loop
      vertex 72.462685 116.851532 -4.500000
      vertex 72.489182 116.920222 -4.500000
      vertex 72.489182 116.920222 -5.000000
    endloop
  endfacet
  facet normal -0.932992 0.359897 -0.000000
    outer loop
      vertex 72.462685 116.851532 -4.500000
      vertex 72.489182 116.920222 -5.000000
      vertex 72.462685 116.851532 -5.000000
    endloop
  endfacet
  facet normal -0.914209 0.405243 -0.000000
    outer loop
      vertex 72.489182 116.920222 -4.500000
      vertex 72.519017 116.987528 -4.500000
      vertex 72.519017 116.987528 -5.000000
    endloop
  endfacet
  facet normal -0.914209 0.405243 -0.000000
    outer loop
      vertex 72.489182 116.920222 -4.500000
      vertex 72.519017 116.987528 -5.000000
      vertex 72.489182 116.920222 -5.000000
    endloop
  endfacet
  facet normal -0.893224 0.449612 -0.000000
    outer loop
      vertex 72.519017 116.987528 -4.500000
      vertex 72.552118 117.053290 -4.500000
      vertex 72.552118 117.053290 -5.000000
    endloop
  endfacet
  facet normal -0.893224 0.449612 -0.000000
    outer loop
      vertex 72.519017 116.987528 -4.500000
      vertex 72.552118 117.053290 -5.000000
      vertex 72.519017 116.987528 -5.000000
    endloop
  endfacet
  facet normal -0.870087 0.492898 -0.000000
    outer loop
      vertex 72.552118 117.053290 -4.500000
      vertex 72.588407 117.117349 -4.500000
      vertex 72.588407 117.117349 -5.000000
    endloop
  endfacet
  facet normal -0.870087 0.492898 -0.000000
    outer loop
      vertex 72.552118 117.053290 -4.500000
      vertex 72.588407 117.117349 -5.000000
      vertex 72.552118 117.053290 -5.000000
    endloop
  endfacet
  facet normal -0.844853 0.534998 -0.000000
    outer loop
      vertex 72.588407 117.117349 -4.500000
      vertex 72.627796 117.179551 -4.500000
      vertex 72.627796 117.179551 -5.000000
    endloop
  endfacet
  facet normal -0.844853 0.534998 -0.000000
    outer loop
      vertex 72.588407 117.117349 -4.500000
      vertex 72.627796 117.179551 -5.000000
      vertex 72.588407 117.117349 -5.000000
    endloop
  endfacet
  facet normal -0.817584 0.575809 -0.000000
    outer loop
      vertex 72.627796 117.179551 -4.500000
      vertex 72.670190 117.239744 -4.500000
      vertex 72.670190 117.239744 -5.000000
    endloop
  endfacet
  facet normal -0.817584 0.575809 -0.000000
    outer loop
      vertex 72.627796 117.179551 -4.500000
      vertex 72.670190 117.239744 -5.000000
      vertex 72.627796 117.179551 -5.000000
    endloop
  endfacet
  facet normal -0.788346 0.615232 -0.000000
    outer loop
      vertex 72.670190 117.239744 -4.500000
      vertex 72.715485 117.297785 -4.500000
      vertex 72.715485 117.297785 -5.000000
    endloop
  endfacet
  facet normal -0.788346 0.615232 -0.000000
    outer loop
      vertex 72.670190 117.239744 -4.500000
      vertex 72.715485 117.297785 -5.000000
      vertex 72.670190 117.239744 -5.000000
    endloop
  endfacet
  facet normal -0.757209 0.653173 -0.000000
    outer loop
      vertex 72.715485 117.297785 -4.500000
      vertex 72.763573 117.353533 -4.500000
      vertex 72.763573 117.353533 -5.000000
    endloop
  endfacet
  facet normal -0.757209 0.653173 -0.000000
    outer loop
      vertex 72.715485 117.297785 -4.500000
      vertex 72.763573 117.353533 -5.000000
      vertex 72.715485 117.297785 -5.000000
    endloop
  endfacet
  facet normal -0.724247 0.689541 -0.000000
    outer loop
      vertex 72.763573 117.353533 -4.500000
      vertex 72.814340 117.406854 -4.500000
      vertex 72.814340 117.406854 -5.000000
    endloop
  endfacet
  facet normal -0.724247 0.689541 -0.000000
    outer loop
      vertex 72.763573 117.353533 -4.500000
      vertex 72.814340 117.406854 -5.000000
      vertex 72.763573 117.353533 -5.000000
    endloop
  endfacet
  facet normal -0.689541 0.724247 -0.000000
    outer loop
      vertex 72.814340 117.406854 -4.500000
      vertex 72.867661 117.457621 -4.500000
      vertex 72.867661 117.457621 -5.000000
    endloop
  endfacet
  facet normal -0.689541 0.724247 -0.000000
    outer loop
      vertex 72.814340 117.406854 -4.500000
      vertex 72.867661 117.457621 -5.000000
      vertex 72.814340 117.406854 -5.000000
    endloop
  endfacet
  facet normal -0.653173 0.757209 -0.000000
    outer loop
      vertex 72.867661 117.457621 -4.500000
      vertex 72.923409 117.505709 -4.500000
      vertex 72.923409 117.505709 -5.000000
    endloop
  endfacet
  facet normal -0.653173 0.757209 -0.000000
    outer loop
      vertex 72.867661 117.457621 -4.500000
      vertex 72.923409 117.505709 -5.000000
      vertex 72.867661 117.457621 -5.000000
    endloop
  endfacet
  facet normal -0.615232 0.788346 -0.000000
    outer loop
      vertex 72.923409 117.505709 -4.500000
      vertex 72.981450 117.551004 -4.500000
      vertex 72.981450 117.551004 -5.000000
    endloop
  endfacet
  facet normal -0.615232 0.788346 -0.000000
    outer loop
      vertex 72.923409 117.505709 -4.500000
      vertex 72.981450 117.551004 -5.000000
      vertex 72.923409 117.505709 -5.000000
    endloop
  endfacet
  facet normal -0.575809 0.817584 -0.000000
    outer loop
      vertex 72.981450 117.551004 -4.500000
      vertex 73.041644 117.593398 -4.500000
      vertex 73.041644 117.593398 -5.000000
    endloop
  endfacet
  facet normal -0.575809 0.817584 -0.000000
    outer loop
      vertex 72.981450 117.551004 -4.500000
      vertex 73.041644 117.593398 -5.000000
      vertex 72.981450 117.551004 -5.000000
    endloop
  endfacet
  facet normal -0.534998 0.844853 -0.000000
    outer loop
      vertex 73.041644 117.593398 -4.500000
      vertex 73.103846 117.632787 -4.500000
      vertex 73.103846 117.632787 -5.000000
    endloop
  endfacet
  facet normal -0.534998 0.844853 -0.000000
    outer loop
      vertex 73.041644 117.593398 -4.500000
      vertex 73.103846 117.632787 -5.000000
      vertex 73.041644 117.593398 -5.000000
    endloop
  endfacet
  facet normal -0.492898 0.870087 -0.000000
    outer loop
      vertex 73.103846 117.632787 -4.500000
      vertex 73.167904 117.669076 -4.500000
      vertex 73.167904 117.669076 -5.000000
    endloop
  endfacet
  facet normal -0.492898 0.870087 -0.000000
    outer loop
      vertex 73.103846 117.632787 -4.500000
      vertex 73.167904 117.669076 -5.000000
      vertex 73.103846 117.632787 -5.000000
    endloop
  endfacet
  facet normal -0.449612 0.893224 -0.000000
    outer loop
      vertex 73.167904 117.669076 -4.500000
      vertex 73.233666 117.702177 -4.500000
      vertex 73.233666 117.702177 -5.000000
    endloop
  endfacet
  facet normal -0.449612 0.893224 -0.000000
    outer loop
      vertex 73.167904 117.669076 -4.500000
      vertex 73.233666 117.702177 -5.000000
      vertex 73.167904 117.669076 -5.000000
    endloop
  endfacet
  facet normal -0.405243 0.914209 -0.000000
    outer loop
      vertex 73.233666 117.702177 -4.500000
      vertex 73.300972 117.732012 -4.500000
      vertex 73.300972 117.732012 -5.000000
    endloop
  endfacet
  facet normal -0.405243 0.914209 -0.000000
    outer loop
      vertex 73.233666 117.702177 -4.500000
      vertex 73.300972 117.732012 -5.000000
      vertex 73.233666 117.702177 -5.000000
    endloop
  endfacet
  facet normal -0.359897 0.932992 -0.000000
    outer loop
      vertex 73.300972 117.732012 -4.500000
      vertex 73.369662 117.758509 -4.500000
      vertex 73.369662 117.758509 -5.000000
    endloop
  endfacet
  facet normal -0.359897 0.932992 -0.000000
    outer loop
      vertex 73.300972 117.732012 -4.500000
      vertex 73.369662 117.758509 -5.000000
      vertex 73.300972 117.732012 -5.000000
    endloop
  endfacet
  facet normal -0.313684 0.949527 -0.000000
    outer loop
      vertex 73.369662 117.758509 -4.500000
      vertex 73.439569 117.781603 -4.500000
      vertex 73.439569 117.781603 -5.000000
    endloop
  endfacet
  facet normal -0.313684 0.949527 -0.000000
    outer loop
      vertex 73.369662 117.758509 -4.500000
      vertex 73.439569 117.781603 -5.000000
      vertex 73.369662 117.758509 -5.000000
    endloop
  endfacet
  facet normal -0.266715 0.963775 -0.000000
    outer loop
      vertex 73.439569 117.781603 -4.500000
      vertex 73.510526 117.801240 -4.500000
      vertex 73.510526 117.801240 -5.000000
    endloop
  endfacet
  facet normal -0.266715 0.963775 -0.000000
    outer loop
      vertex 73.439569 117.781603 -4.500000
      vertex 73.510526 117.801240 -5.000000
      vertex 73.439569 117.781603 -5.000000
    endloop
  endfacet
  facet normal -0.219103 0.975702 -0.000000
    outer loop
      vertex 73.510526 117.801240 -4.500000
      vertex 73.582363 117.817372 -4.500000
      vertex 73.582363 117.817372 -5.000000
    endloop
  endfacet
  facet normal -0.219103 0.975702 -0.000000
    outer loop
      vertex 73.510526 117.801240 -4.500000
      vertex 73.582363 117.817372 -5.000000
      vertex 73.510526 117.801240 -5.000000
    endloop
  endfacet
  facet normal -0.170963 0.985277 -0.000000
    outer loop
      vertex 73.582363 117.817372 -4.500000
      vertex 73.654904 117.829959 -4.500000
      vertex 73.654904 117.829959 -5.000000
    endloop
  endfacet
  facet normal -0.170963 0.985277 -0.000000
    outer loop
      vertex 73.582363 117.817372 -4.500000
      vertex 73.654904 117.829959 -5.000000
      vertex 73.582363 117.817372 -5.000000
    endloop
  endfacet
  facet normal -0.122413 0.992479 -0.000000
    outer loop
      vertex 73.654904 117.829959 -4.500000
      vertex 73.727969 117.838971 -4.500000
      vertex 73.727969 117.838971 -5.000000
    endloop
  endfacet
  facet normal -0.122413 0.992479 -0.000000
    outer loop
      vertex 73.654904 117.829959 -4.500000
      vertex 73.727969 117.838971 -5.000000
      vertex 73.654904 117.829959 -5.000000
    endloop
  endfacet
  facet normal -0.073569 0.997290 -0.000000
    outer loop
      vertex 73.727969 117.838971 -4.500000
      vertex 73.801391 117.844387 -4.500000
      vertex 73.801391 117.844387 -5.000000
    endloop
  endfacet
  facet normal -0.073569 0.997290 -0.000000
    outer loop
      vertex 73.727969 117.838971 -4.500000
      vertex 73.801391 117.844387 -5.000000
      vertex 73.727969 117.838971 -5.000000
    endloop
  endfacet
  facet normal -0.024544 0.999699 -0.000000
    outer loop
      vertex 73.801391 117.844387 -4.500000
      vertex 73.875000 117.846194 -4.500000
      vertex 73.875000 117.846194 -5.000000
    endloop
  endfacet
  facet normal -0.024544 0.999699 -0.000000
    outer loop
      vertex 73.801391 117.844387 -4.500000
      vertex 73.875000 117.846194 -5.000000
      vertex 73.801391 117.844387 -5.000000
    endloop
  endfacet
  facet normal -1.000000 0.000000 -0.000000
    outer loop
      vertex 72.375000 114.846194 -5.000000
      vertex 72.375000 114.846194 -4.500000
      vertex 72.375000 116.346194 -5.000000
    endloop
  endfacet
  facet normal -1.000000 0.000000 -0.000000
    outer loop
      vertex 72.375000 114.846194 -4.500000
      vertex 72.375000 116.346194 -4.500000
      vertex 72.375000 116.346194 -5.000000
    endloop
  endfacet
  facet normal -0.024544 -0.999699 0.000000
    outer loop
      vertex 73.801391 113.348001 -5.000000
      vertex 73.875000 113.346194 -5.000000
      vertex 73.875000 113.346194 -4.500000
    endloop
  endfacet
  facet normal -0.024544 -0.999699 0.000000
    outer loop
      vertex 73.801391 113.348001 -5.000000
      vertex 73.875000 113.346194 -4.500000
      vertex 73.801391 113.348001 -4.500000
    endloop
  endfacet
  facet normal -0.073569 -0.997290 0.000000
    outer loop
      vertex 73.801391 113.348001 -4.500000
      vertex 73.727969 113.353417 -4.500000
      vertex 73.801391 113.348001 -5.000000
    endloop
  endfacet
  facet normal -0.073569 -0.997290 0.000000
    outer loop
      vertex 73.727969 113.353417 -4.500000
      vertex 73.727969 113.353417 -5.000000
      vertex 73.801391 113.348001 -5.000000
    endloop
  endfacet
  facet normal -0.122413 -0.992479 0.000000
    outer loop
      vertex 73.727969 113.353417 -4.500000
      vertex 73.654904 113.362429 -4.500000
      vertex 73.727969 113.353417 -5.000000
    endloop
  endfacet
  facet normal -0.122413 -0.992479 0.000000
    outer loop
      vertex 73.654904 113.362429 -4.500000
      vertex 73.654904 113.362429 -5.000000
      vertex 73.727969 113.353417 -5.000000
    endloop
  endfacet
  facet normal -0.170963 -0.985277 0.000000
    outer loop
      vertex 73.654904 113.362429 -4.500000
      vertex 73.582363 113.375017 -4.500000
      vertex 73.654904 113.362429 -5.000000
    endloop
  endfacet
  facet normal -0.170963 -0.985277 0.000000
    outer loop
      vertex 73.582363 113.375017 -4.500000
      vertex 73.582363 113.375017 -5.000000
      vertex 73.654904 113.362429 -5.000000
    endloop
  endfacet
  facet normal -0.219103 -0.975702 0.000000
    outer loop
      vertex 73.582363 113.375017 -4.500000
      vertex 73.510526 113.391148 -4.500000
      vertex 73.582363 113.375017 -5.000000
    endloop
  endfacet
  facet normal -0.219103 -0.975702 0.000000
    outer loop
      vertex 73.510526 113.391148 -4.500000
      vertex 73.510526 113.391148 -5.000000
      vertex 73.582363 113.375017 -5.000000
    endloop
  endfacet
  facet normal -0.266715 -0.963775 0.000000
    outer loop
      vertex 73.510526 113.391148 -4.500000
      vertex 73.439569 113.410785 -4.500000
      vertex 73.510526 113.391148 -5.000000
    endloop
  endfacet
  facet normal -0.266715 -0.963775 0.000000
    outer loop
      vertex 73.439569 113.410785 -4.500000
      vertex 73.439569 113.410785 -5.000000
      vertex 73.510526 113.391148 -5.000000
    endloop
  endfacet
  facet normal -0.313684 -0.949527 0.000000
    outer loop
      vertex 73.439569 113.410785 -4.500000
      vertex 73.369662 113.433879 -4.500000
      vertex 73.439569 113.410785 -5.000000
    endloop
  endfacet
  facet normal -0.313684 -0.949527 0.000000
    outer loop
      vertex 73.369662 113.433879 -4.500000
      vertex 73.369662 113.433879 -5.000000
      vertex 73.439569 113.410785 -5.000000
    endloop
  endfacet
  facet normal -0.359897 -0.932992 0.000000
    outer loop
      vertex 73.369662 113.433879 -4.500000
      vertex 73.300972 113.460376 -4.500000
      vertex 73.369662 113.433879 -5.000000
    endloop
  endfacet
  facet normal -0.359897 -0.932992 0.000000
    outer loop
      vertex 73.300972 113.460376 -4.500000
      vertex 73.300972 113.460376 -5.000000
      vertex 73.369662 113.433879 -5.000000
    endloop
  endfacet
  facet normal -0.405243 -0.914209 0.000000
    outer loop
      vertex 73.300972 113.460376 -4.500000
      vertex 73.233666 113.490211 -4.500000
      vertex 73.300972 113.460376 -5.000000
    endloop
  endfacet
  facet normal -0.405243 -0.914209 0.000000
    outer loop
      vertex 73.233666 113.490211 -4.500000
      vertex 73.233666 113.490211 -5.000000
      vertex 73.300972 113.460376 -5.000000
    endloop
  endfacet
  facet normal -0.449612 -0.893224 0.000000
    outer loop
      vertex 73.233666 113.490211 -4.500000
      vertex 73.167904 113.523312 -4.500000
      vertex 73.233666 113.490211 -5.000000
    endloop
  endfacet
  facet normal -0.449612 -0.893224 0.000000
    outer loop
      vertex 73.167904 113.523312 -4.500000
      vertex 73.167904 113.523312 -5.000000
      vertex 73.233666 113.490211 -5.000000
    endloop
  endfacet
  facet normal -0.492898 -0.870087 0.000000
    outer loop
      vertex 73.167904 113.523312 -4.500000
      vertex 73.103846 113.559601 -4.500000
      vertex 73.167904 113.523312 -5.000000
    endloop
  endfacet
  facet normal -0.492898 -0.870087 0.000000
    outer loop
      vertex 73.103846 113.559601 -4.500000
      vertex 73.103846 113.559601 -5.000000
      vertex 73.167904 113.523312 -5.000000
    endloop
  endfacet
  facet normal -0.534998 -0.844853 0.000000
    outer loop
      vertex 73.103846 113.559601 -4.500000
      vertex 73.041644 113.598990 -4.500000
      vertex 73.103846 113.559601 -5.000000
    endloop
  endfacet
  facet normal -0.534998 -0.844853 0.000000
    outer loop
      vertex 73.041644 113.598990 -4.500000
      vertex 73.041644 113.598990 -5.000000
      vertex 73.103846 113.559601 -5.000000
    endloop
  endfacet
  facet normal -0.575809 -0.817584 0.000000
    outer loop
      vertex 73.041644 113.598990 -4.500000
      vertex 72.981450 113.641384 -4.500000
      vertex 73.041644 113.598990 -5.000000
    endloop
  endfacet
  facet normal -0.575809 -0.817584 0.000000
    outer loop
      vertex 72.981450 113.641384 -4.500000
      vertex 72.981450 113.641384 -5.000000
      vertex 73.041644 113.598990 -5.000000
    endloop
  endfacet
  facet normal -0.615232 -0.788346 0.000000
    outer loop
      vertex 72.981450 113.641384 -4.500000
      vertex 72.923409 113.686679 -4.500000
      vertex 72.981450 113.641384 -5.000000
    endloop
  endfacet
  facet normal -0.615232 -0.788346 0.000000
    outer loop
      vertex 72.923409 113.686679 -4.500000
      vertex 72.923409 113.686679 -5.000000
      vertex 72.981450 113.641384 -5.000000
    endloop
  endfacet
  facet normal -0.653173 -0.757209 0.000000
    outer loop
      vertex 72.923409 113.686679 -4.500000
      vertex 72.867661 113.734768 -4.500000
      vertex 72.923409 113.686679 -5.000000
    endloop
  endfacet
  facet normal -0.653173 -0.757209 0.000000
    outer loop
      vertex 72.867661 113.734768 -4.500000
      vertex 72.867661 113.734768 -5.000000
      vertex 72.923409 113.686679 -5.000000
    endloop
  endfacet
  facet normal -0.689541 -0.724247 0.000000
    outer loop
      vertex 72.867661 113.734768 -4.500000
      vertex 72.814340 113.785534 -4.500000
      vertex 72.867661 113.734768 -5.000000
    endloop
  endfacet
  facet normal -0.689541 -0.724247 0.000000
    outer loop
      vertex 72.814340 113.785534 -4.500000
      vertex 72.814340 113.785534 -5.000000
      vertex 72.867661 113.734768 -5.000000
    endloop
  endfacet
  facet normal -0.724247 -0.689541 0.000000
    outer loop
      vertex 72.814340 113.785534 -4.500000
      vertex 72.763573 113.838855 -4.500000
      vertex 72.814340 113.785534 -5.000000
    endloop
  endfacet
  facet normal -0.724247 -0.689541 0.000000
    outer loop
      vertex 72.763573 113.838855 -4.500000
      vertex 72.763573 113.838855 -5.000000
      vertex 72.814340 113.785534 -5.000000
    endloop
  endfacet
  facet normal -0.757209 -0.653173 0.000000
    outer loop
      vertex 72.763573 113.838855 -4.500000
      vertex 72.715485 113.894603 -4.500000
      vertex 72.763573 113.838855 -5.000000
    endloop
  endfacet
  facet normal -0.757209 -0.653173 0.000000
    outer loop
      vertex 72.715485 113.894603 -4.500000
      vertex 72.715485 113.894603 -5.000000
      vertex 72.763573 113.838855 -5.000000
    endloop
  endfacet
  facet normal -0.788346 -0.615232 0.000000
    outer loop
      vertex 72.715485 113.894603 -4.500000
      vertex 72.670190 113.952644 -4.500000
      vertex 72.715485 113.894603 -5.000000
    endloop
  endfacet
  facet normal -0.788346 -0.615232 0.000000
    outer loop
      vertex 72.670190 113.952644 -4.500000
      vertex 72.670190 113.952644 -5.000000
      vertex 72.715485 113.894603 -5.000000
    endloop
  endfacet
  facet normal -0.817584 -0.575809 0.000000
    outer loop
      vertex 72.670190 113.952644 -4.500000
      vertex 72.627796 114.012838 -4.500000
      vertex 72.670190 113.952644 -5.000000
    endloop
  endfacet
  facet normal -0.817584 -0.575809 0.000000
    outer loop
      vertex 72.627796 114.012838 -4.500000
      vertex 72.627796 114.012838 -5.000000
      vertex 72.670190 113.952644 -5.000000
    endloop
  endfacet
  facet normal -0.844853 -0.534998 0.000000
    outer loop
      vertex 72.627796 114.012838 -4.500000
      vertex 72.588407 114.075040 -4.500000
      vertex 72.627796 114.012838 -5.000000
    endloop
  endfacet
  facet normal -0.844853 -0.534998 0.000000
    outer loop
      vertex 72.588407 114.075040 -4.500000
      vertex 72.588407 114.075040 -5.000000
      vertex 72.627796 114.012838 -5.000000
    endloop
  endfacet
  facet normal -0.870087 -0.492898 0.000000
    outer loop
      vertex 72.588407 114.075040 -4.500000
      vertex 72.552118 114.139098 -4.500000
      vertex 72.588407 114.075040 -5.000000
    endloop
  endfacet
  facet normal -0.870087 -0.492898 0.000000
    outer loop
      vertex 72.552118 114.139098 -4.500000
      vertex 72.552118 114.139098 -5.000000
      vertex 72.588407 114.075040 -5.000000
    endloop
  endfacet
  facet normal -0.893224 -0.449612 0.000000
    outer loop
      vertex 72.552118 114.139098 -4.500000
      vertex 72.519017 114.204860 -4.500000
      vertex 72.552118 114.139098 -5.000000
    endloop
  endfacet
  facet normal -0.893224 -0.449612 0.000000
    outer loop
      vertex 72.519017 114.204860 -4.500000
      vertex 72.519017 114.204860 -5.000000
      vertex 72.552118 114.139098 -5.000000
    endloop
  endfacet
  facet normal -0.914209 -0.405243 0.000000
    outer loop
      vertex 72.519017 114.204860 -4.500000
      vertex 72.489182 114.272166 -4.500000
      vertex 72.519017 114.204860 -5.000000
    endloop
  endfacet
  facet normal -0.914209 -0.405243 0.000000
    outer loop
      vertex 72.489182 114.272166 -4.500000
      vertex 72.489182 114.272166 -5.000000
      vertex 72.519017 114.204860 -5.000000
    endloop
  endfacet
  facet normal -0.932992 -0.359897 0.000000
    outer loop
      vertex 72.489182 114.272166 -4.500000
      vertex 72.462685 114.340856 -4.500000
      vertex 72.489182 114.272166 -5.000000
    endloop
  endfacet
  facet normal -0.932992 -0.359897 0.000000
    outer loop
      vertex 72.462685 114.340856 -4.500000
      vertex 72.462685 114.340856 -5.000000
      vertex 72.489182 114.272166 -5.000000
    endloop
  endfacet
  facet normal -0.949527 -0.313684 0.000000
    outer loop
      vertex 72.462685 114.340856 -4.500000
      vertex 72.439591 114.410763 -4.500000
      vertex 72.462685 114.340856 -5.000000
    endloop
  endfacet
  facet normal -0.949527 -0.313684 0.000000
    outer loop
      vertex 72.439591 114.410763 -4.500000
      vertex 72.439591 114.410763 -5.000000
      vertex 72.462685 114.340856 -5.000000
    endloop
  endfacet
  facet normal -0.963775 -0.266715 0.000000
    outer loop
      vertex 72.439591 114.410763 -4.500000
      vertex 72.419954 114.481720 -4.500000
      vertex 72.439591 114.410763 -5.000000
    endloop
  endfacet
  facet normal -0.963775 -0.266715 0.000000
    outer loop
      vertex 72.419954 114.481720 -4.500000
      vertex 72.419954 114.481720 -5.000000
      vertex 72.439591 114.410763 -5.000000
    endloop
  endfacet
  facet normal -0.975702 -0.219103 0.000000
    outer loop
      vertex 72.419954 114.481720 -4.500000
      vertex 72.403822 114.553557 -4.500000
      vertex 72.419954 114.481720 -5.000000
    endloop
  endfacet
  facet normal -0.975702 -0.219103 0.000000
    outer loop
      vertex 72.403822 114.553557 -4.500000
      vertex 72.403822 114.553557 -5.000000
      vertex 72.419954 114.481720 -5.000000
    endloop
  endfacet
  facet normal -0.985277 -0.170963 0.000000
    outer loop
      vertex 72.403822 114.553557 -4.500000
      vertex 72.391235 114.626098 -4.500000
      vertex 72.403822 114.553557 -5.000000
    endloop
  endfacet
  facet normal -0.985277 -0.170963 0.000000
    outer loop
      vertex 72.391235 114.626098 -4.500000
      vertex 72.391235 114.626098 -5.000000
      vertex 72.403822 114.553557 -5.000000
    endloop
  endfacet
  facet normal -0.992479 -0.122413 0.000000
    outer loop
      vertex 72.391235 114.626098 -4.500000
      vertex 72.382223 114.699163 -4.500000
      vertex 72.391235 114.626098 -5.000000
    endloop
  endfacet
  facet normal -0.992479 -0.122413 0.000000
    outer loop
      vertex 72.382223 114.699163 -4.500000
      vertex 72.382223 114.699163 -5.000000
      vertex 72.391235 114.626098 -5.000000
    endloop
  endfacet
  facet normal -0.997290 -0.073569 -0.000000
    outer loop
      vertex 72.382223 114.699163 -4.500000
      vertex 72.376807 114.772585 -4.500000
      vertex 72.382223 114.699163 -5.000000
    endloop
  endfacet
  facet normal -0.997290 -0.073569 0.000000
    outer loop
      vertex 72.376807 114.772585 -4.500000
      vertex 72.376807 114.772585 -5.000000
      vertex 72.382223 114.699163 -5.000000
    endloop
  endfacet
  facet normal -0.999699 -0.024544 0.000000
    outer loop
      vertex 72.376807 114.772585 -4.500000
      vertex 72.375000 114.846194 -4.500000
      vertex 72.376807 114.772585 -5.000000
    endloop
  endfacet
  facet normal -0.999699 -0.024544 0.000000
    outer loop
      vertex 72.375000 114.846194 -4.500000
      vertex 72.375000 114.846194 -5.000000
      vertex 72.376807 114.772585 -5.000000
    endloop
  endfacet
  facet normal 0.000000 -1.000000 0.000000
    outer loop
      vertex 76.250000 113.346194 -4.500000
      vertex 73.875000 113.346194 -4.500000
      vertex 73.875000 113.346194 -5.000000
    endloop
  endfacet
  facet normal 0.000000 -1.000000 0.000000
    outer loop
      vertex 76.250000 113.346194 -4.500000
      vertex 73.875000 113.346194 -5.000000
      vertex 76.250000 113.346194 -5.000000
    endloop
  endfacet
  facet normal -0.000000 -1.000000 0.000000
    outer loop
      vertex 78.625000 113.346194 -4.500000
      vertex 76.250000 113.346194 -4.500000
      vertex 76.250000 113.346194 -5.000000
    endloop
  endfacet
  facet normal -0.000000 -1.000000 0.000000
    outer loop
      vertex 78.625000 113.346194 -5.000000
      vertex 78.625000 113.346194 -4.500000
      vertex 76.250000 113.346194 -5.000000
    endloop
  endfacet
  facet normal 0.999699 -0.024544 0.000000
    outer loop
      vertex 80.123193 114.772585 -5.000000
      vertex 80.125000 114.846194 -5.000000
      vertex 80.123193 114.772585 -4.500000
    endloop
  endfacet
  facet normal 0.999699 -0.024544 0.000000
    outer loop
      vertex 80.125000 114.846194 -5.000000
      vertex 80.125000 114.846194 -4.500000
      vertex 80.123193 114.772585 -4.500000
    endloop
  endfacet
  facet normal 0.997290 -0.073569 0.000000
    outer loop
      vertex 80.123193 114.772585 -4.500000
      vertex 80.117777 114.699163 -4.500000
      vertex 80.117777 114.699163 -5.000000
    endloop
  endfacet
  facet normal 0.997290 -0.073569 0.000000
    outer loop
      vertex 80.123193 114.772585 -4.500000
      vertex 80.117777 114.699163 -5.000000
      vertex 80.123193 114.772585 -5.000000
    endloop
  endfacet
  facet normal 0.992479 -0.122413 0.000000
    outer loop
      vertex 80.117777 114.699163 -4.500000
      vertex 80.108765 114.626098 -4.500000
      vertex 80.108765 114.626098 -5.000000
    endloop
  endfacet
  facet normal 0.992479 -0.122413 0.000000
    outer loop
      vertex 80.117777 114.699163 -4.500000
      vertex 80.108765 114.626098 -5.000000
      vertex 80.117777 114.699163 -5.000000
    endloop
  endfacet
  facet normal 0.985277 -0.170963 0.000000
    outer loop
      vertex 80.108765 114.626098 -4.500000
      vertex 80.096178 114.553557 -4.500000
      vertex 80.096178 114.553557 -5.000000
    endloop
  endfacet
  facet normal 0.985277 -0.170963 0.000000
    outer loop
      vertex 80.108765 114.626098 -4.500000
      vertex 80.096178 114.553557 -5.000000
      vertex 80.108765 114.626098 -5.000000
    endloop
  endfacet
  facet normal 0.975702 -0.219103 0.000000
    outer loop
      vertex 80.096178 114.553557 -4.500000
      vertex 80.080046 114.481720 -4.500000
      vertex 80.080046 114.481720 -5.000000
    endloop
  endfacet
  facet normal 0.975702 -0.219103 0.000000
    outer loop
      vertex 80.096178 114.553557 -4.500000
      vertex 80.080046 114.481720 -5.000000
      vertex 80.096178 114.553557 -5.000000
    endloop
  endfacet
  facet normal 0.963775 -0.266715 0.000000
    outer loop
      vertex 80.080046 114.481720 -4.500000
      vertex 80.060409 114.410763 -4.500000
      vertex 80.060409 114.410763 -5.000000
    endloop
  endfacet
  facet normal 0.963775 -0.266715 0.000000
    outer loop
      vertex 80.080046 114.481720 -4.500000
      vertex 80.060409 114.410763 -5.000000
      vertex 80.080046 114.481720 -5.000000
    endloop
  endfacet
  facet normal 0.949527 -0.313684 0.000000
    outer loop
      vertex 80.060409 114.410763 -4.500000
      vertex 80.037315 114.340856 -4.500000
      vertex 80.037315 114.340856 -5.000000
    endloop
  endfacet
  facet normal 0.949527 -0.313684 0.000000
    outer loop
      vertex 80.060409 114.410763 -4.500000
      vertex 80.037315 114.340856 -5.000000
      vertex 80.060409 114.410763 -5.000000
    endloop
  endfacet
  facet normal 0.932992 -0.359897 0.000000
    outer loop
      vertex 80.037315 114.340856 -4.500000
      vertex 80.010818 114.272166 -4.500000
      vertex 80.010818 114.272166 -5.000000
    endloop
  endfacet
  facet normal 0.932992 -0.359897 0.000000
    outer loop
      vertex 80.037315 114.340856 -4.500000
      vertex 80.010818 114.272166 -5.000000
      vertex 80.037315 114.340856 -5.000000
    endloop
  endfacet
  facet normal 0.914209 -0.405243 0.000000
    outer loop
      vertex 80.010818 114.272166 -4.500000
      vertex 79.980983 114.204860 -4.500000
      vertex 79.980983 114.204860 -5.000000
    endloop
  endfacet
  facet normal 0.914209 -0.405243 0.000000
    outer loop
      vertex 80.010818 114.272166 -4.500000
      vertex 79.980983 114.204860 -5.000000
      vertex 80.010818 114.272166 -5.000000
    endloop
  endfacet
  facet normal 0.893224 -0.449612 0.000000
    outer loop
      vertex 79.980983 114.204860 -4.500000
      vertex 79.947882 114.139098 -4.500000
      vertex 79.947882 114.139098 -5.000000
    endloop
  endfacet
  facet normal 0.893224 -0.449612 0.000000
    outer loop
      vertex 79.980983 114.204860 -4.500000
      vertex 79.947882 114.139098 -5.000000
      vertex 79.980983 114.204860 -5.000000
    endloop
  endfacet
  facet normal 0.870087 -0.492898 0.000000
    outer loop
      vertex 79.947882 114.139098 -4.500000
      vertex 79.911593 114.075040 -4.500000
      vertex 79.911593 114.075040 -5.000000
    endloop
  endfacet
  facet normal 0.870087 -0.492898 0.000000
    outer loop
      vertex 79.947882 114.139098 -4.500000
      vertex 79.911593 114.075040 -5.000000
      vertex 79.947882 114.139098 -5.000000
    endloop
  endfacet
  facet normal 0.844853 -0.534998 0.000000
    outer loop
      vertex 79.911593 114.075040 -4.500000
      vertex 79.872204 114.012838 -4.500000
      vertex 79.872204 114.012838 -5.000000
    endloop
  endfacet
  facet normal 0.844853 -0.534998 0.000000
    outer loop
      vertex 79.911593 114.075040 -4.500000
      vertex 79.872204 114.012838 -5.000000
      vertex 79.911593 114.075040 -5.000000
    endloop
  endfacet
  facet normal 0.817584 -0.575809 0.000000
    outer loop
      vertex 79.872204 114.012838 -4.500000
      vertex 79.829810 113.952644 -4.500000
      vertex 79.829810 113.952644 -5.000000
    endloop
  endfacet
  facet normal 0.817584 -0.575809 0.000000
    outer loop
      vertex 79.872204 114.012838 -4.500000
      vertex 79.829810 113.952644 -5.000000
      vertex 79.872204 114.012838 -5.000000
    endloop
  endfacet
  facet normal 0.788346 -0.615232 0.000000
    outer loop
      vertex 79.829810 113.952644 -4.500000
      vertex 79.784515 113.894603 -4.500000
      vertex 79.784515 113.894603 -5.000000
    endloop
  endfacet
  facet normal 0.788346 -0.615232 0.000000
    outer loop
      vertex 79.829810 113.952644 -4.500000
      vertex 79.784515 113.894603 -5.000000
      vertex 79.829810 113.952644 -5.000000
    endloop
  endfacet
  facet normal 0.757209 -0.653173 0.000000
    outer loop
      vertex 79.784515 113.894603 -4.500000
      vertex 79.736427 113.838855 -4.500000
      vertex 79.736427 113.838855 -5.000000
    endloop
  endfacet
  facet normal 0.757209 -0.653173 0.000000
    outer loop
      vertex 79.784515 113.894603 -4.500000
      vertex 79.736427 113.838855 -5.000000
      vertex 79.784515 113.894603 -5.000000
    endloop
  endfacet
  facet normal 0.724247 -0.689541 0.000000
    outer loop
      vertex 79.736427 113.838855 -4.500000
      vertex 79.685660 113.785534 -4.500000
      vertex 79.685660 113.785534 -5.000000
    endloop
  endfacet
  facet normal 0.724247 -0.689541 0.000000
    outer loop
      vertex 79.736427 113.838855 -4.500000
      vertex 79.685660 113.785534 -5.000000
      vertex 79.736427 113.838855 -5.000000
    endloop
  endfacet
  facet normal 0.689541 -0.724247 0.000000
    outer loop
      vertex 79.685660 113.785534 -4.500000
      vertex 79.632339 113.734768 -4.500000
      vertex 79.632339 113.734768 -5.000000
    endloop
  endfacet
  facet normal 0.689541 -0.724247 0.000000
    outer loop
      vertex 79.685660 113.785534 -4.500000
      vertex 79.632339 113.734768 -5.000000
      vertex 79.685660 113.785534 -5.000000
    endloop
  endfacet
  facet normal 0.653173 -0.757209 0.000000
    outer loop
      vertex 79.632339 113.734768 -4.500000
      vertex 79.576591 113.686679 -4.500000
      vertex 79.576591 113.686679 -5.000000
    endloop
  endfacet
  facet normal 0.653173 -0.757209 0.000000
    outer loop
      vertex 79.632339 113.734768 -4.500000
      vertex 79.576591 113.686679 -5.000000
      vertex 79.632339 113.734768 -5.000000
    endloop
  endfacet
  facet normal 0.615232 -0.788346 0.000000
    outer loop
      vertex 79.576591 113.686679 -4.500000
      vertex 79.518550 113.641384 -4.500000
      vertex 79.518550 113.641384 -5.000000
    endloop
  endfacet
  facet normal 0.615232 -0.788346 0.000000
    outer loop
      vertex 79.576591 113.686679 -4.500000
      vertex 79.518550 113.641384 -5.000000
      vertex 79.576591 113.686679 -5.000000
    endloop
  endfacet
  facet normal 0.575809 -0.817584 0.000000
    outer loop
      vertex 79.518550 113.641384 -4.500000
      vertex 79.458356 113.598990 -4.500000
      vertex 79.458356 113.598990 -5.000000
    endloop
  endfacet
  facet normal 0.575809 -0.817584 0.000000
    outer loop
      vertex 79.518550 113.641384 -4.500000
      vertex 79.458356 113.598990 -5.000000
      vertex 79.518550 113.641384 -5.000000
    endloop
  endfacet
  facet normal 0.534998 -0.844853 0.000000
    outer loop
      vertex 79.458356 113.598990 -4.500000
      vertex 79.396154 113.559601 -4.500000
      vertex 79.396154 113.559601 -5.000000
    endloop
  endfacet
  facet normal 0.534998 -0.844853 0.000000
    outer loop
      vertex 79.458356 113.598990 -4.500000
      vertex 79.396154 113.559601 -5.000000
      vertex 79.458356 113.598990 -5.000000
    endloop
  endfacet
  facet normal 0.492898 -0.870087 0.000000
    outer loop
      vertex 79.396154 113.559601 -4.500000
      vertex 79.332096 113.523312 -4.500000
      vertex 79.332096 113.523312 -5.000000
    endloop
  endfacet
  facet normal 0.492898 -0.870087 0.000000
    outer loop
      vertex 79.396154 113.559601 -4.500000
      vertex 79.332096 113.523312 -5.000000
      vertex 79.396154 113.559601 -5.000000
    endloop
  endfacet
  facet normal 0.449612 -0.893224 0.000000
    outer loop
      vertex 79.332096 113.523312 -4.500000
      vertex 79.266334 113.490211 -4.500000
      vertex 79.266334 113.490211 -5.000000
    endloop
  endfacet
  facet normal 0.449612 -0.893224 0.000000
    outer loop
      vertex 79.332096 113.523312 -4.500000
      vertex 79.266334 113.490211 -5.000000
      vertex 79.332096 113.523312 -5.000000
    endloop
  endfacet
  facet normal 0.405243 -0.914209 0.000000
    outer loop
      vertex 79.266334 113.490211 -4.500000
      vertex 79.199028 113.460376 -4.500000
      vertex 79.199028 113.460376 -5.000000
    endloop
  endfacet
  facet normal 0.405243 -0.914209 0.000000
    outer loop
      vertex 79.266334 113.490211 -4.500000
      vertex 79.199028 113.460376 -5.000000
      vertex 79.266334 113.490211 -5.000000
    endloop
  endfacet
  facet normal 0.359897 -0.932992 0.000000
    outer loop
      vertex 79.199028 113.460376 -4.500000
      vertex 79.130338 113.433879 -4.500000
      vertex 79.130338 113.433879 -5.000000
    endloop
  endfacet
  facet normal 0.359897 -0.932992 0.000000
    outer loop
      vertex 79.199028 113.460376 -4.500000
      vertex 79.130338 113.433879 -5.000000
      vertex 79.199028 113.460376 -5.000000
    endloop
  endfacet
  facet normal 0.313684 -0.949527 0.000000
    outer loop
      vertex 79.130338 113.433879 -4.500000
      vertex 79.060431 113.410785 -4.500000
      vertex 79.060431 113.410785 -5.000000
    endloop
  endfacet
  facet normal 0.313684 -0.949527 0.000000
    outer loop
      vertex 79.130338 113.433879 -4.500000
      vertex 79.060431 113.410785 -5.000000
      vertex 79.130338 113.433879 -5.000000
    endloop
  endfacet
  facet normal 0.266715 -0.963775 0.000000
    outer loop
      vertex 79.060431 113.410785 -4.500000
      vertex 78.989474 113.391148 -4.500000
      vertex 78.989474 113.391148 -5.000000
    endloop
  endfacet
  facet normal 0.266715 -0.963775 0.000000
    outer loop
      vertex 79.060431 113.410785 -4.500000
      vertex 78.989474 113.391148 -5.000000
      vertex 79.060431 113.410785 -5.000000
    endloop
  endfacet
  facet normal 0.219103 -0.975702 0.000000
    outer loop
      vertex 78.989474 113.391148 -4.500000
      vertex 78.917637 113.375017 -4.500000
      vertex 78.917637 113.375017 -5.000000
    endloop
  endfacet
  facet normal 0.219103 -0.975702 0.000000
    outer loop
      vertex 78.989474 113.391148 -4.500000
      vertex 78.917637 113.375017 -5.000000
      vertex 78.989474 113.391148 -5.000000
    endloop
  endfacet
  facet normal 0.170963 -0.985277 0.000000
    outer loop
      vertex 78.917637 113.375017 -4.500000
      vertex 78.845096 113.362429 -4.500000
      vertex 78.845096 113.362429 -5.000000
    endloop
  endfacet
  facet normal 0.170963 -0.985277 0.000000
    outer loop
      vertex 78.917637 113.375017 -4.500000
      vertex 78.845096 113.362429 -5.000000
      vertex 78.917637 113.375017 -5.000000
    endloop
  endfacet
  facet normal 0.122413 -0.992479 0.000000
    outer loop
      vertex 78.845096 113.362429 -4.500000
      vertex 78.772031 113.353417 -4.500000
      vertex 78.772031 113.353417 -5.000000
    endloop
  endfacet
  facet normal 0.122413 -0.992479 0.000000
    outer loop
      vertex 78.845096 113.362429 -4.500000
      vertex 78.772031 113.353417 -5.000000
      vertex 78.845096 113.362429 -5.000000
    endloop
  endfacet
  facet normal 0.073569 -0.997290 0.000000
    outer loop
      vertex 78.772031 113.353417 -4.500000
      vertex 78.698609 113.348001 -4.500000
      vertex 78.698609 113.348001 -5.000000
    endloop
  endfacet
  facet normal 0.073569 -0.997290 0.000000
    outer loop
      vertex 78.772031 113.353417 -4.500000
      vertex 78.698609 113.348001 -5.000000
      vertex 78.772031 113.353417 -5.000000
    endloop
  endfacet
  facet normal 0.024544 -0.999699 0.000000
    outer loop
      vertex 78.698609 113.348001 -4.500000
      vertex 78.625000 113.346194 -4.500000
      vertex 78.625000 113.346194 -5.000000
    endloop
  endfacet
  facet normal 0.024544 -0.999699 0.000000
    outer loop
      vertex 78.698609 113.348001 -4.500000
      vertex 78.625000 113.346194 -5.000000
      vertex 78.698609 113.348001 -5.000000
    endloop
  endfacet
  facet normal 1.000000 0.000000 0.000000
    outer loop
      vertex 80.125000 116.346194 -5.000000
      vertex 80.125000 116.346194 -4.500000
      vertex 80.125000 114.846194 -5.000000
    endloop
  endfacet
  facet normal 1.000000 0.000000 0.000000
    outer loop
      vertex 80.125000 116.346194 -4.500000
      vertex 80.125000 114.846194 -4.500000
      vertex 80.125000 114.846194 -5.000000
    endloop
  endfacet
  facet normal 0.024544 0.999699 -0.000000
    outer loop
      vertex 78.698609 117.844387 -5.000000
      vertex 78.625000 117.846194 -5.000000
      vertex 78.625000 117.846194 -4.500000
    endloop
  endfacet
  facet normal 0.024544 0.999699 -0.000000
    outer loop
      vertex 78.698609 117.844387 -5.000000
      vertex 78.625000 117.846194 -4.500000
      vertex 78.698609 117.844387 -4.500000
    endloop
  endfacet
  facet normal 0.073569 0.997290 -0.000000
    outer loop
      vertex 78.698609 117.844387 -4.500000
      vertex 78.772031 117.838971 -4.500000
      vertex 78.698609 117.844387 -5.000000
    endloop
  endfacet
  facet normal 0.073569 0.997290 -0.000000
    outer loop
      vertex 78.772031 117.838971 -4.500000
      vertex 78.772031 117.838971 -5.000000
      vertex 78.698609 117.844387 -5.000000
    endloop
  endfacet
  facet normal 0.122413 0.992479 -0.000000
    outer loop
      vertex 78.772031 117.838971 -4.500000
      vertex 78.845096 117.829959 -4.500000
      vertex 78.772031 117.838971 -5.000000
    endloop
  endfacet
  facet normal 0.122413 0.992479 -0.000000
    outer loop
      vertex 78.845096 117.829959 -4.500000
      vertex 78.845096 117.829959 -5.000000
      vertex 78.772031 117.838971 -5.000000
    endloop
  endfacet
  facet normal 0.170963 0.985277 -0.000000
    outer loop
      vertex 78.845096 117.829959 -4.500000
      vertex 78.917637 117.817372 -4.500000
      vertex 78.845096 117.829959 -5.000000
    endloop
  endfacet
  facet normal 0.170963 0.985277 -0.000000
    outer loop
      vertex 78.917637 117.817372 -4.500000
      vertex 78.917637 117.817372 -5.000000
      vertex 78.845096 117.829959 -5.000000
    endloop
  endfacet
  facet normal 0.219103 0.975702 -0.000000
    outer loop
      vertex 78.917637 117.817372 -4.500000
      vertex 78.989474 117.801240 -4.500000
      vertex 78.917637 117.817372 -5.000000
    endloop
  endfacet
  facet normal 0.219103 0.975702 -0.000000
    outer loop
      vertex 78.989474 117.801240 -4.500000
      vertex 78.989474 117.801240 -5.000000
      vertex 78.917637 117.817372 -5.000000
    endloop
  endfacet
  facet normal 0.266715 0.963775 -0.000000
    outer loop
      vertex 78.989474 117.801240 -4.500000
      vertex 79.060431 117.781603 -4.500000
      vertex 78.989474 117.801240 -5.000000
    endloop
  endfacet
  facet normal 0.266715 0.963775 -0.000000
    outer loop
      vertex 79.060431 117.781603 -4.500000
      vertex 79.060431 117.781603 -5.000000
      vertex 78.989474 117.801240 -5.000000
    endloop
  endfacet
  facet normal 0.313684 0.949527 -0.000000
    outer loop
      vertex 79.060431 117.781603 -4.500000
      vertex 79.130338 117.758509 -4.500000
      vertex 79.060431 117.781603 -5.000000
    endloop
  endfacet
  facet normal 0.313684 0.949527 -0.000000
    outer loop
      vertex 79.130338 117.758509 -4.500000
      vertex 79.130338 117.758509 -5.000000
      vertex 79.060431 117.781603 -5.000000
    endloop
  endfacet
  facet normal 0.359897 0.932992 -0.000000
    outer loop
      vertex 79.130338 117.758509 -4.500000
      vertex 79.199028 117.732012 -4.500000
      vertex 79.130338 117.758509 -5.000000
    endloop
  endfacet
  facet normal 0.359897 0.932992 -0.000000
    outer loop
      vertex 79.199028 117.732012 -4.500000
      vertex 79.199028 117.732012 -5.000000
      vertex 79.130338 117.758509 -5.000000
    endloop
  endfacet
  facet normal 0.405243 0.914209 -0.000000
    outer loop
      vertex 79.199028 117.732012 -4.500000
      vertex 79.266334 117.702177 -4.500000
      vertex 79.199028 117.732012 -5.000000
    endloop
  endfacet
  facet normal 0.405243 0.914209 -0.000000
    outer loop
      vertex 79.266334 117.702177 -4.500000
      vertex 79.266334 117.702177 -5.000000
      vertex 79.199028 117.732012 -5.000000
    endloop
  endfacet
  facet normal 0.449612 0.893224 -0.000000
    outer loop
      vertex 79.266334 117.702177 -4.500000
      vertex 79.332096 117.669076 -4.500000
      vertex 79.266334 117.702177 -5.000000
    endloop
  endfacet
  facet normal 0.449612 0.893224 -0.000000
    outer loop
      vertex 79.332096 117.669076 -4.500000
      vertex 79.332096 117.669076 -5.000000
      vertex 79.266334 117.702177 -5.000000
    endloop
  endfacet
  facet normal 0.492898 0.870087 -0.000000
    outer loop
      vertex 79.332096 117.669076 -4.500000
      vertex 79.396154 117.632787 -4.500000
      vertex 79.332096 117.669076 -5.000000
    endloop
  endfacet
  facet normal 0.492898 0.870087 -0.000000
    outer loop
      vertex 79.396154 117.632787 -4.500000
      vertex 79.396154 117.632787 -5.000000
      vertex 79.332096 117.669076 -5.000000
    endloop
  endfacet
  facet normal 0.534998 0.844853 -0.000000
    outer loop
      vertex 79.396154 117.632787 -4.500000
      vertex 79.458356 117.593398 -4.500000
      vertex 79.396154 117.632787 -5.000000
    endloop
  endfacet
  facet normal 0.534998 0.844853 -0.000000
    outer loop
      vertex 79.458356 117.593398 -4.500000
      vertex 79.458356 117.593398 -5.000000
      vertex 79.396154 117.632787 -5.000000
    endloop
  endfacet
  facet normal 0.575809 0.817584 -0.000000
    outer loop
      vertex 79.458356 117.593398 -4.500000
      vertex 79.518550 117.551004 -4.500000
      vertex 79.458356 117.593398 -5.000000
    endloop
  endfacet
  facet normal 0.575809 0.817584 -0.000000
    outer loop
      vertex 79.518550 117.551004 -4.500000
      vertex 79.518550 117.551004 -5.000000
      vertex 79.458356 117.593398 -5.000000
    endloop
  endfacet
  facet normal 0.615232 0.788346 -0.000000
    outer loop
      vertex 79.518550 117.551004 -4.500000
      vertex 79.576591 117.505709 -4.500000
      vertex 79.518550 117.551004 -5.000000
    endloop
  endfacet
  facet normal 0.615232 0.788346 -0.000000
    outer loop
      vertex 79.576591 117.505709 -4.500000
      vertex 79.576591 117.505709 -5.000000
      vertex 79.518550 117.551004 -5.000000
    endloop
  endfacet
  facet normal 0.653173 0.757209 -0.000000
    outer loop
      vertex 79.576591 117.505709 -4.500000
      vertex 79.632339 117.457621 -4.500000
      vertex 79.576591 117.505709 -5.000000
    endloop
  endfacet
  facet normal 0.653173 0.757209 -0.000000
    outer loop
      vertex 79.632339 117.457621 -4.500000
      vertex 79.632339 117.457621 -5.000000
      vertex 79.576591 117.505709 -5.000000
    endloop
  endfacet
  facet normal 0.689541 0.724247 -0.000000
    outer loop
      vertex 79.632339 117.457621 -4.500000
      vertex 79.685660 117.406854 -4.500000
      vertex 79.632339 117.457621 -5.000000
    endloop
  endfacet
  facet normal 0.689541 0.724247 -0.000000
    outer loop
      vertex 79.685660 117.406854 -4.500000
      vertex 79.685660 117.406854 -5.000000
      vertex 79.632339 117.457621 -5.000000
    endloop
  endfacet
  facet normal 0.724247 0.689541 -0.000000
    outer loop
      vertex 79.685660 117.406854 -4.500000
      vertex 79.736427 117.353533 -4.500000
      vertex 79.685660 117.406854 -5.000000
    endloop
  endfacet
  facet normal 0.724247 0.689541 -0.000000
    outer loop
      vertex 79.736427 117.353533 -4.500000
      vertex 79.736427 117.353533 -5.000000
      vertex 79.685660 117.406854 -5.000000
    endloop
  endfacet
  facet normal 0.757209 0.653173 -0.000000
    outer loop
      vertex 79.736427 117.353533 -4.500000
      vertex 79.784515 117.297785 -4.500000
      vertex 79.736427 117.353533 -5.000000
    endloop
  endfacet
  facet normal 0.757209 0.653173 -0.000000
    outer loop
      vertex 79.784515 117.297785 -4.500000
      vertex 79.784515 117.297785 -5.000000
      vertex 79.736427 117.353533 -5.000000
    endloop
  endfacet
  facet normal 0.788346 0.615232 -0.000000
    outer loop
      vertex 79.784515 117.297785 -4.500000
      vertex 79.829810 117.239744 -4.500000
      vertex 79.784515 117.297785 -5.000000
    endloop
  endfacet
  facet normal 0.788346 0.615232 -0.000000
    outer loop
      vertex 79.829810 117.239744 -4.500000
      vertex 79.829810 117.239744 -5.000000
      vertex 79.784515 117.297785 -5.000000
    endloop
  endfacet
  facet normal 0.817584 0.575809 -0.000000
    outer loop
      vertex 79.829810 117.239744 -4.500000
      vertex 79.872204 117.179551 -4.500000
      vertex 79.829810 117.239744 -5.000000
    endloop
  endfacet
  facet normal 0.817584 0.575809 -0.000000
    outer loop
      vertex 79.872204 117.179551 -4.500000
      vertex 79.872204 117.179551 -5.000000
      vertex 79.829810 117.239744 -5.000000
    endloop
  endfacet
  facet normal 0.844853 0.534998 -0.000000
    outer loop
      vertex 79.872204 117.179551 -4.500000
      vertex 79.911593 117.117349 -4.500000
      vertex 79.872204 117.179551 -5.000000
    endloop
  endfacet
  facet normal 0.844853 0.534998 -0.000000
    outer loop
      vertex 79.911593 117.117349 -4.500000
      vertex 79.911593 117.117349 -5.000000
      vertex 79.872204 117.179551 -5.000000
    endloop
  endfacet
  facet normal 0.870087 0.492898 -0.000000
    outer loop
      vertex 79.911593 117.117349 -4.500000
      vertex 79.947882 117.053290 -4.500000
      vertex 79.911593 117.117349 -5.000000
    endloop
  endfacet
  facet normal 0.870087 0.492898 0.000000
    outer loop
      vertex 79.947882 117.053290 -4.500000
      vertex 79.947882 117.053290 -5.000000
      vertex 79.911593 117.117349 -5.000000
    endloop
  endfacet
  facet normal 0.893224 0.449612 0.000000
    outer loop
      vertex 79.947882 117.053290 -4.500000
      vertex 79.980983 116.987528 -4.500000
      vertex 79.947882 117.053290 -5.000000
    endloop
  endfacet
  facet normal 0.893224 0.449612 -0.000000
    outer loop
      vertex 79.980983 116.987528 -4.500000
      vertex 79.980983 116.987528 -5.000000
      vertex 79.947882 117.053290 -5.000000
    endloop
  endfacet
  facet normal 0.914209 0.405243 -0.000000
    outer loop
      vertex 79.980983 116.987528 -4.500000
      vertex 80.010818 116.920222 -4.500000
      vertex 79.980983 116.987528 -5.000000
    endloop
  endfacet
  facet normal 0.914209 0.405243 0.000000
    outer loop
      vertex 80.010818 116.920222 -4.500000
      vertex 80.010818 116.920222 -5.000000
      vertex 79.980983 116.987528 -5.000000
    endloop
  endfacet
  facet normal 0.932992 0.359897 0.000000
    outer loop
      vertex 80.010818 116.920222 -4.500000
      vertex 80.037315 116.851532 -4.500000
      vertex 80.037315 116.851532 -5.000000
    endloop
  endfacet
  facet normal 0.932992 0.359897 0.000000
    outer loop
      vertex 80.010818 116.920222 -4.500000
      vertex 80.037315 116.851532 -5.000000
      vertex 80.010818 116.920222 -5.000000
    endloop
  endfacet
  facet normal 0.949527 0.313684 0.000000
    outer loop
      vertex 80.037315 116.851532 -4.500000
      vertex 80.060409 116.781625 -4.500000
      vertex 80.060409 116.781625 -5.000000
    endloop
  endfacet
  facet normal 0.949527 0.313684 0.000000
    outer loop
      vertex 80.037315 116.851532 -4.500000
      vertex 80.060409 116.781625 -5.000000
      vertex 80.037315 116.851532 -5.000000
    endloop
  endfacet
  facet normal 0.963775 0.266715 0.000000
    outer loop
      vertex 80.060409 116.781625 -4.500000
      vertex 80.080046 116.710668 -4.500000
      vertex 80.060409 116.781625 -5.000000
    endloop
  endfacet
  facet normal 0.963775 0.266715 -0.000000
    outer loop
      vertex 80.080046 116.710668 -4.500000
      vertex 80.080046 116.710668 -5.000000
      vertex 80.060409 116.781625 -5.000000
    endloop
  endfacet
  facet normal 0.975702 0.219103 -0.000000
    outer loop
      vertex 80.080046 116.710668 -4.500000
      vertex 80.096178 116.638832 -4.500000
      vertex 80.080046 116.710668 -5.000000
    endloop
  endfacet
  facet normal 0.975702 0.219103 -0.000000
    outer loop
      vertex 80.096178 116.638832 -4.500000
      vertex 80.096178 116.638832 -5.000000
      vertex 80.080046 116.710668 -5.000000
    endloop
  endfacet
  facet normal 0.985277 0.170963 0.000000
    outer loop
      vertex 80.096178 116.638832 -4.500000
      vertex 80.108765 116.566290 -4.500000
      vertex 80.096178 116.638832 -5.000000
    endloop
  endfacet
  facet normal 0.985277 0.170963 -0.000000
    outer loop
      vertex 80.108765 116.566290 -4.500000
      vertex 80.108765 116.566290 -5.000000
      vertex 80.096178 116.638832 -5.000000
    endloop
  endfacet
  facet normal 0.992479 0.122413 -0.000000
    outer loop
      vertex 80.108765 116.566290 -4.500000
      vertex 80.117777 116.493225 -4.500000
      vertex 80.108765 116.566290 -5.000000
    endloop
  endfacet
  facet normal 0.992479 0.122413 0.000000
    outer loop
      vertex 80.117777 116.493225 -4.500000
      vertex 80.117777 116.493225 -5.000000
      vertex 80.108765 116.566290 -5.000000
    endloop
  endfacet
  facet normal 0.997290 0.073569 0.000000
    outer loop
      vertex 80.117777 116.493225 -4.500000
      vertex 80.123193 116.419803 -4.500000
      vertex 80.123193 116.419803 -5.000000
    endloop
  endfacet
  facet normal 0.997290 0.073569 0.000000
    outer loop
      vertex 80.117777 116.493225 -4.500000
      vertex 80.123193 116.419803 -5.000000
      vertex 80.117777 116.493225 -5.000000
    endloop
  endfacet
  facet normal 0.999699 0.024544 0.000000
    outer loop
      vertex 80.123193 116.419803 -4.500000
      vertex 80.125000 116.346194 -4.500000
      vertex 80.125000 116.346194 -5.000000
    endloop
  endfacet
  facet normal 0.999699 0.024544 0.000000
    outer loop
      vertex 80.123193 116.419803 -4.500000
      vertex 80.125000 116.346194 -5.000000
      vertex 80.123193 116.419803 -5.000000
    endloop
  endfacet
  facet normal -0.000000 -0.000000 -1.000000
    outer loop
      vertex 76.250000 117.846194 -5.000000
      vertex 76.250000 117.096194 -5.000000
      vertex 75.500000 117.096194 -5.000000
    endloop
  endfacet
  facet normal -0.000000 -0.000000 -1.000000
    outer loop
      vertex 75.500000 114.096194 -5.000000
      vertex 76.250000 114.096194 -5.000000
      vertex 76.250000 113.346194 -5.000000
    endloop
  endfacet
  facet normal 0.000000 -0.000000 -1.000000
    outer loop
      vertex 73.875000 117.846194 -5.000000
      vertex 76.250000 117.846194 -5.000000
      vertex 75.500000 117.096194 -5.000000
    endloop
  endfacet
  facet normal 0.000000 -0.000000 -1.000000
    outer loop
      vertex 73.875000 117.846194 -5.000000
      vertex 75.500000 117.096194 -5.000000
      vertex 75.500000 116.346194 -5.000000
    endloop
  endfacet
  facet normal -0.000000 -0.000000 -1.000000
    outer loop
      vertex 75.500000 114.096194 -5.000000
      vertex 76.250000 113.346194 -5.000000
      vertex 73.875000 113.346194 -5.000000
    endloop
  endfacet
  facet normal -0.000000 0.000000 -1.000000
    outer loop
      vertex 75.500000 114.846194 -5.000000
      vertex 75.500000 114.096194 -5.000000
      vertex 73.875000 113.346194 -5.000000
    endloop
  endfacet
  facet normal 0.000000 -0.000000 -1.000000
    outer loop
      vertex 73.875000 117.846194 -5.000000
      vertex 75.500000 116.346194 -5.000000
      vertex 75.500000 114.846194 -5.000000
    endloop
  endfacet
  facet normal 0.000000 -0.000000 -1.000000
    outer loop
      vertex 73.875000 117.846194 -5.000000
      vertex 75.500000 114.846194 -5.000000
      vertex 73.875000 113.346194 -5.000000
    endloop
  endfacet
  facet normal 0.000000 0.000000 -1.000000
    outer loop
      vertex 72.391235 114.626098 -5.000000
      vertex 72.382223 114.699163 -5.000000
      vertex 72.376807 114.772585 -5.000000
    endloop
  endfacet
  facet normal -0.000000 -0.000000 -1.000000
    outer loop
      vertex 73.654904 117.829959 -5.000000
      vertex 73.727969 117.838971 -5.000000
      vertex 73.801391 117.844387 -5.000000
    endloop
  endfacet
  facet normal -0.000000 -0.000000 -1.000000
    outer loop
      vertex 73.801391 113.348001 -5.000000
      vertex 73.727969 113.353417 -5.000000
      vertex 73.654904 113.362429 -5.000000
    endloop
  endfacet
  facet normal -0.000000 -0.000000 -1.000000
    outer loop
      vertex 72.376807 116.419803 -5.000000
      vertex 72.382223 116.493225 -5.000000
      vertex 72.391235 116.566290 -5.000000
    endloop
  endfacet
  facet normal -0.000000 -0.000000 -1.000000
    outer loop
      vertex 72.489182 116.920222 -5.000000
      vertex 72.519017 116.987528 -5.000000
      vertex 72.552118 117.053290 -5.000000
    endloop
  endfacet
  facet normal -0.000000 -0.000000 -1.000000
    outer loop
      vertex 73.300972 113.460376 -5.000000
      vertex 73.233666 113.490211 -5.000000
      vertex 73.167904 113.523312 -5.000000
    endloop
  endfacet
  facet normal -0.000000 -0.000000 -1.000000
    outer loop
      vertex 73.167904 117.669076 -5.000000
      vertex 73.233666 117.702177 -5.000000
      vertex 73.300972 117.732012 -5.000000
    endloop
  endfacet
  facet normal -0.000000 -0.000000 -1.000000
    outer loop
      vertex 72.552118 114.139098 -5.000000
      vertex 72.519017 114.204860 -5.000000
      vertex 72.489182 114.272166 -5.000000
    endloop
  endfacet
  facet normal -0.000000 0.000000 -1.000000
    outer loop
      vertex 72.867661 117.457621 -5.000000
      vertex 72.923409 117.505709 -5.000000
      vertex 72.981450 117.551004 -5.000000
    endloop
  endfacet
  facet normal -0.000000 -0.000000 -1.000000
    outer loop
      vertex 72.670190 117.239744 -5.000000
      vertex 72.715485 117.297785 -5.000000
      vertex 72.763573 117.353533 -5.000000
    endloop
  endfacet
  facet normal -0.000000 0.000000 -1.000000
    outer loop
      vertex 72.763573 113.838855 -5.000000
      vertex 72.715485 113.894603 -5.000000
      vertex 72.670190 113.952644 -5.000000
    endloop
  endfacet
  facet normal 0.000000 0.000000 -1.000000
    outer loop
      vertex 72.981450 113.641384 -5.000000
      vertex 72.923409 113.686679 -5.000000
      vertex 72.867661 113.734768 -5.000000
    endloop
  endfacet
  facet normal -0.000000 -0.000000 -1.000000
    outer loop
      vertex 73.439569 113.410785 -5.000000
      vertex 73.369662 113.433879 -5.000000
      vertex 73.300972 113.460376 -5.000000
    endloop
  endfacet
  facet normal -0.000000 -0.000000 -1.000000
    outer loop
      vertex 72.439591 116.781625 -5.000000
      vertex 72.462685 116.851532 -5.000000
      vertex 72.489182 116.920222 -5.000000
    endloop
  endfacet
  facet normal -0.000000 -0.000000 -1.000000
    outer loop
      vertex 72.489182 114.272166 -5.000000
      vertex 72.462685 114.340856 -5.000000
      vertex 72.439591 114.410763 -5.000000
    endloop
  endfacet
  facet normal -0.000000 -0.000000 -1.000000
    outer loop
      vertex 73.300972 117.732012 -5.000000
      vertex 73.369662 117.758509 -5.000000
      vertex 73.439569 117.781603 -5.000000
    endloop
  endfacet
  facet normal -0.000000 -0.000000 -1.000000
    outer loop
      vertex 72.867661 113.734768 -5.000000
      vertex 72.814340 113.785534 -5.000000
      vertex 72.763573 113.838855 -5.000000
    endloop
  endfacet
  facet normal -0.000000 -0.000000 -1.000000
    outer loop
      vertex 72.763573 117.353533 -5.000000
      vertex 72.814340 117.406854 -5.000000
      vertex 72.867661 117.457621 -5.000000
    endloop
  endfacet
  facet normal 0.000000 -0.000000 -1.000000
    outer loop
      vertex 73.041644 117.593398 -5.000000
      vertex 73.103846 117.632787 -5.000000
      vertex 73.167904 117.669076 -5.000000
    endloop
  endfacet
  facet normal -0.000000 -0.000000 -1.000000
    outer loop
      vertex 72.627796 114.012838 -5.000000
      vertex 72.588407 114.075040 -5.000000
      vertex 72.552118 114.139098 -5.000000
    endloop
  endfacet
  facet normal -0.000000 -0.000000 -1.000000
    outer loop
      vertex 73.167904 113.523312 -5.000000
      vertex 73.103846 113.559601 -5.000000
      vertex 73.041644 113.598990 -5.000000
    endloop
  endfacet
  facet normal -0.000000 -0.000000 -1.000000
    outer loop
      vertex 72.552118 117.053290 -5.000000
      vertex 72.588407 117.117349 -5.000000
      vertex 72.627796 117.179551 -5.000000
    endloop
  endfacet
  facet normal 0.000000 0.000000 -1.000000
    outer loop
      vertex 72.439591 114.410763 -5.000000
      vertex 72.419954 114.481720 -5.000000
      vertex 72.403822 114.553557 -5.000000
    endloop
  endfacet
  facet normal -0.000000 0.000000 -1.000000
    outer loop
      vertex 73.439569 117.781603 -5.000000
      vertex 73.510526 117.801240 -5.000000
      vertex 73.582363 117.817372 -5.000000
    endloop
  endfacet
  facet normal 0.000000 -0.000000 -1.000000
    outer loop
      vertex 72.403822 116.638832 -5.000000
      vertex 72.419954 116.710668 -5.000000
      vertex 72.439591 116.781625 -5.000000
    endloop
  endfacet
  facet normal -0.000000 -0.000000 -1.000000
    outer loop
      vertex 73.582363 113.375017 -5.000000
      vertex 73.510526 113.391148 -5.000000
      vertex 73.439569 113.410785 -5.000000
    endloop
  endfacet
  facet normal 0.000000 0.000000 -1.000000
    outer loop
      vertex 73.801391 113.348001 -5.000000
      vertex 73.654904 113.362429 -5.000000
      vertex 73.582363 113.375017 -5.000000
    endloop
  endfacet
  facet normal -0.000000 0.000000 -1.000000
    outer loop
      vertex 72.403822 114.553557 -5.000000
      vertex 72.391235 114.626098 -5.000000
      vertex 72.376807 114.772585 -5.000000
    endloop
  endfacet
  facet normal -0.000000 -0.000000 -1.000000
    outer loop
      vertex 73.582363 117.817372 -5.000000
      vertex 73.654904 117.829959 -5.000000
      vertex 73.801391 117.844387 -5.000000
    endloop
  endfacet
  facet normal -0.000000 -0.000000 -1.000000
    outer loop
      vertex 72.376807 116.419803 -5.000000
      vertex 72.391235 116.566290 -5.000000
      vertex 72.403822 116.638832 -5.000000
    endloop
  endfacet
  facet normal -0.000000 -0.000000 -1.000000
    outer loop
      vertex 72.867661 117.457621 -5.000000
      vertex 72.981450 117.551004 -5.000000
      vertex 73.041644 117.593398 -5.000000
    endloop
  endfacet
  facet normal -0.000000 0.000000 -1.000000
    outer loop
      vertex 72.763573 113.838855 -5.000000
      vertex 72.670190 113.952644 -5.000000
      vertex 72.627796 114.012838 -5.000000
    endloop
  endfacet
  facet normal -0.000000 -0.000000 -1.000000
    outer loop
      vertex 72.627796 117.179551 -5.000000
      vertex 72.670190 117.239744 -5.000000
      vertex 72.763573 117.353533 -5.000000
    endloop
  endfacet
  facet normal -0.000000 -0.000000 -1.000000
    outer loop
      vertex 73.041644 113.598990 -5.000000
      vertex 72.981450 113.641384 -5.000000
      vertex 72.867661 113.734768 -5.000000
    endloop
  endfacet
  facet normal -0.000000 0.000000 -1.000000
    outer loop
      vertex 72.403822 114.553557 -5.000000
      vertex 72.376807 114.772585 -5.000000
      vertex 72.375000 114.846194 -5.000000
    endloop
  endfacet
  facet normal 0.000000 -0.000000 -1.000000
    outer loop
      vertex 73.875000 113.346194 -5.000000
      vertex 73.801391 113.348001 -5.000000
      vertex 73.582363 113.375017 -5.000000
    endloop
  endfacet
  facet normal -0.000000 -0.000000 -1.000000
    outer loop
      vertex 73.582363 117.817372 -5.000000
      vertex 73.801391 117.844387 -5.000000
      vertex 73.875000 117.846194 -5.000000
    endloop
  endfacet
  facet normal -0.000000 -0.000000 -1.000000
    outer loop
      vertex 72.375000 116.346194 -5.000000
      vertex 72.376807 116.419803 -5.000000
      vertex 72.403822 116.638832 -5.000000
    endloop
  endfacet
  facet normal -0.000000 -0.000000 -1.000000
    outer loop
      vertex 72.439591 116.781625 -5.000000
      vertex 72.489182 116.920222 -5.000000
      vertex 72.552118 117.053290 -5.000000
    endloop
  endfacet
  facet normal 0.000000 0.000000 -1.000000
    outer loop
      vertex 73.439569 113.410785 -5.000000
      vertex 73.300972 113.460376 -5.000000
      vertex 73.167904 113.523312 -5.000000
    endloop
  endfacet
  facet normal 0.000000 0.000000 -1.000000
    outer loop
      vertex 72.552118 114.139098 -5.000000
      vertex 72.489182 114.272166 -5.000000
      vertex 72.439591 114.410763 -5.000000
    endloop
  endfacet
  facet normal -0.000000 -0.000000 -1.000000
    outer loop
      vertex 73.167904 117.669076 -5.000000
      vertex 73.300972 117.732012 -5.000000
      vertex 73.439569 117.781603 -5.000000
    endloop
  endfacet
  facet normal -0.000000 0.000000 -1.000000
    outer loop
      vertex 72.867661 113.734768 -5.000000
      vertex 72.763573 113.838855 -5.000000
      vertex 72.627796 114.012838 -5.000000
    endloop
  endfacet
  facet normal -0.000000 -0.000000 -1.000000
    outer loop
      vertex 72.763573 117.353533 -5.000000
      vertex 72.867661 117.457621 -5.000000
      vertex 73.041644 117.593398 -5.000000
    endloop
  endfacet
  facet normal 0.000000 0.000000 -1.000000
    outer loop
      vertex 73.167904 113.523312 -5.000000
      vertex 73.041644 113.598990 -5.000000
      vertex 72.867661 113.734768 -5.000000
    endloop
  endfacet
  facet normal -0.000000 -0.000000 -1.000000
    outer loop
      vertex 72.552118 117.053290 -5.000000
      vertex 72.627796 117.179551 -5.000000
      vertex 72.763573 117.353533 -5.000000
    endloop
  endfacet
  facet normal -0.000000 -0.000000 -1.000000
    outer loop
      vertex 73.041644 117.593398 -5.000000
      vertex 73.167904 117.669076 -5.000000
      vertex 73.439569 117.781603 -5.000000
    endloop
  endfacet
  facet normal 0.000000 0.000000 -1.000000
    outer loop
      vertex 72.627796 114.012838 -5.000000
      vertex 72.552118 114.139098 -5.000000
      vertex 72.439591 114.410763 -5.000000
    endloop
  endfacet
  facet normal -0.000000 -0.000000 -1.000000
    outer loop
      vertex 72.403822 116.638832 -5.000000
      vertex 72.439591 116.781625 -5.000000
      vertex 72.552118 117.053290 -5.000000
    endloop
  endfacet
  facet normal 0.000000 0.000000 -1.000000
    outer loop
      vertex 73.582363 113.375017 -5.000000
      vertex 73.439569 113.410785 -5.000000
      vertex 73.167904 113.523312 -5.000000
    endloop
  endfacet
  facet normal 0.000000 0.000000 -1.000000
    outer loop
      vertex 72.439591 114.410763 -5.000000
      vertex 72.403822 114.553557 -5.000000
      vertex 72.375000 114.846194 -5.000000
    endloop
  endfacet
  facet normal -0.000000 -0.000000 -1.000000
    outer loop
      vertex 73.439569 117.781603 -5.000000
      vertex 73.582363 117.817372 -5.000000
      vertex 73.875000 117.846194 -5.000000
    endloop
  endfacet
  facet normal 0.000000 0.000000 -1.000000
    outer loop
      vertex 73.875000 113.346194 -5.000000
      vertex 73.582363 113.375017 -5.000000
      vertex 73.167904 113.523312 -5.000000
    endloop
  endfacet
  facet normal -0.000000 -0.000000 -1.000000
    outer loop
      vertex 72.375000 116.346194 -5.000000
      vertex 72.403822 116.638832 -5.000000
      vertex 72.552118 117.053290 -5.000000
    endloop
  endfacet
  facet normal 0.000000 0.000000 -1.000000
    outer loop
      vertex 73.167904 113.523312 -5.000000
      vertex 72.867661 113.734768 -5.000000
      vertex 72.627796 114.012838 -5.000000
    endloop
  endfacet
  facet normal 0.000000 0.000000 -1.000000
    outer loop
      vertex 73.875000 113.346194 -5.000000
      vertex 73.167904 113.523312 -5.000000
      vertex 72.627796 114.012838 -5.000000
    endloop
  endfacet
  facet normal -0.000000 -0.000000 -1.000000
    outer loop
      vertex 73.875000 117.846194 -5.000000
      vertex 73.875000 113.346194 -5.000000
      vertex 72.627796 114.012838 -5.000000
    endloop
  endfacet
  facet normal -0.000000 -0.000000 -1.000000
    outer loop
      vertex 72.552118 117.053290 -5.000000
      vertex 72.763573 117.353533 -5.000000
      vertex 73.041644 117.593398 -5.000000
    endloop
  endfacet
  facet normal -0.000000 -0.000000 -1.000000
    outer loop
      vertex 72.375000 116.346194 -5.000000
      vertex 72.552118 117.053290 -5.000000
      vertex 73.041644 117.593398 -5.000000
    endloop
  endfacet
  facet normal -0.000000 -0.000000 -1.000000
    outer loop
      vertex 72.375000 114.846194 -5.000000
      vertex 72.375000 116.346194 -5.000000
      vertex 73.041644 117.593398 -5.000000
    endloop
  endfacet
  facet normal 0.000000 0.000000 -1.000000
    outer loop
      vertex 72.627796 114.012838 -5.000000
      vertex 72.439591 114.410763 -5.000000
      vertex 72.375000 114.846194 -5.000000
    endloop
  endfacet
  facet normal -0.000000 -0.000000 -1.000000
    outer loop
      vertex 73.041644 117.593398 -5.000000
      vertex 73.439569 117.781603 -5.000000
      vertex 73.875000 117.846194 -5.000000
    endloop
  endfacet
  facet normal -0.000000 -0.000000 -1.000000
    outer loop
      vertex 72.375000 114.846194 -5.000000
      vertex 73.041644 117.593398 -5.000000
      vertex 73.875000 117.846194 -5.000000
    endloop
  endfacet
  facet normal -0.000000 -0.000000 -1.000000
    outer loop
      vertex 72.627796 114.012838 -5.000000
      vertex 72.375000 114.846194 -5.000000
      vertex 73.875000 117.846194 -5.000000
    endloop
  endfacet
  facet normal 0.000000 -0.000000 -1.000000
    outer loop
      vertex 77.000000 117.096194 -5.000000
      vertex 76.250000 117.096194 -5.000000
      vertex 76.250000 117.846194 -5.000000
    endloop
  endfacet
  facet normal 0.000000 -0.000000 -1.000000
    outer loop
      vertex 76.250000 113.346194 -5.000000
      vertex 76.250000 114.096194 -5.000000
      vertex 77.000000 114.096194 -5.000000
    endloop
  endfacet
  facet normal 0.000000 -0.000000 -1.000000
    outer loop
      vertex 77.000000 117.096194 -5.000000
      vertex 76.250000 117.846194 -5.000000
      vertex 78.625000 117.846194 -5.000000
    endloop
  endfacet
  facet normal -0.000000 0.000000 -1.000000
    outer loop
      vertex 78.625000 113.346194 -5.000000
      vertex 76.250000 113.346194 -5.000000
      vertex 77.000000 114.096194 -5.000000
    endloop
  endfacet
  facet normal -0.000000 -0.000000 -1.000000
    outer loop
      vertex 77.000000 114.096194 -5.000000
      vertex 77.000000 117.096194 -5.000000
      vertex 78.625000 117.846194 -5.000000
    endloop
  endfacet
  facet normal -0.000000 -0.000000 -1.000000
    outer loop
      vertex 78.625000 113.346194 -5.000000
      vertex 77.000000 114.096194 -5.000000
      vertex 78.625000 117.846194 -5.000000
    endloop
  endfacet
  facet normal 0.000000 -0.000000 -1.000000
    outer loop
      vertex 80.108765 116.566290 -5.000000
      vertex 80.117777 116.493225 -5.000000
      vertex 80.123193 116.419803 -5.000000
    endloop
  endfacet
  facet normal 0.000000 -0.000000 -1.000000
    outer loop
      vertex 78.845096 113.362429 -5.000000
      vertex 78.772031 113.353417 -5.000000
      vertex 78.698609 113.348001 -5.000000
    endloop
  endfacet
  facet normal -0.000000 -0.000000 -1.000000
    outer loop
      vertex 78.698609 117.844387 -5.000000
      vertex 78.772031 117.838971 -5.000000
      vertex 78.845096 117.829959 -5.000000
    endloop
  endfacet
  facet normal 0.000000 -0.000000 -1.000000
    outer loop
      vertex 80.123193 114.772585 -5.000000
      vertex 80.117777 114.699163 -5.000000
      vertex 80.108765 114.626098 -5.000000
    endloop
  endfacet
  facet normal 0.000000 0.000000 -1.000000
    outer loop
      vertex 79.199028 117.732012 -5.000000
      vertex 79.266334 117.702177 -5.000000
      vertex 79.332096 117.669076 -5.000000
    endloop
  endfacet
  facet normal 0.000000 -0.000000 -1.000000
    outer loop
      vertex 79.947882 117.053290 -5.000000
      vertex 79.980983 116.987528 -5.000000
      vertex 80.010818 116.920222 -5.000000
    endloop
  endfacet
  facet normal 0.000000 -0.000000 -1.000000
    outer loop
      vertex 79.332096 113.523312 -5.000000
      vertex 79.266334 113.490211 -5.000000
      vertex 79.199028 113.460376 -5.000000
    endloop
  endfacet
  facet normal 0.000000 -0.000000 -1.000000
    outer loop
      vertex 80.010818 114.272166 -5.000000
      vertex 79.980983 114.204860 -5.000000
      vertex 79.947882 114.139098 -5.000000
    endloop
  endfacet
  facet normal -0.000000 -0.000000 -1.000000
    outer loop
      vertex 79.518550 117.551004 -5.000000
      vertex 79.576591 117.505709 -5.000000
      vertex 79.632339 117.457621 -5.000000
    endloop
  endfacet
  facet normal 0.000000 0.000000 -1.000000
    outer loop
      vertex 79.736427 117.353533 -5.000000
      vertex 79.784515 117.297785 -5.000000
      vertex 79.829810 117.239744 -5.000000
    endloop
  endfacet
  facet normal 0.000000 -0.000000 -1.000000
    outer loop
      vertex 79.632339 113.734768 -5.000000
      vertex 79.576591 113.686679 -5.000000
      vertex 79.518550 113.641384 -5.000000
    endloop
  endfacet
  facet normal 0.000000 -0.000000 -1.000000
    outer loop
      vertex 79.829810 113.952644 -5.000000
      vertex 79.784515 113.894603 -5.000000
      vertex 79.736427 113.838855 -5.000000
    endloop
  endfacet
  facet normal -0.000000 -0.000000 -1.000000
    outer loop
      vertex 80.060409 114.410763 -5.000000
      vertex 80.037315 114.340856 -5.000000
      vertex 80.010818 114.272166 -5.000000
    endloop
  endfacet
  facet normal 0.000000 -0.000000 -1.000000
    outer loop
      vertex 80.010818 116.920222 -5.000000
      vertex 80.037315 116.851532 -5.000000
      vertex 80.060409 116.781625 -5.000000
    endloop
  endfacet
  facet normal 0.000000 -0.000000 -1.000000
    outer loop
      vertex 79.199028 113.460376 -5.000000
      vertex 79.130338 113.433879 -5.000000
      vertex 79.060431 113.410785 -5.000000
    endloop
  endfacet
  facet normal 0.000000 0.000000 -1.000000
    outer loop
      vertex 79.060431 117.781603 -5.000000
      vertex 79.130338 117.758509 -5.000000
      vertex 79.199028 117.732012 -5.000000
    endloop
  endfacet
  facet normal 0.000000 -0.000000 -1.000000
    outer loop
      vertex 79.736427 113.838855 -5.000000
      vertex 79.685660 113.785534 -5.000000
      vertex 79.632339 113.734768 -5.000000
    endloop
  endfacet
  facet normal 0.000000 -0.000000 -1.000000
    outer loop
      vertex 79.632339 117.457621 -5.000000
      vertex 79.685660 117.406854 -5.000000
      vertex 79.736427 117.353533 -5.000000
    endloop
  endfacet
  facet normal 0.000000 -0.000000 -1.000000
    outer loop
      vertex 79.947882 114.139098 -5.000000
      vertex 79.911593 114.075040 -5.000000
      vertex 79.872204 114.012838 -5.000000
    endloop
  endfacet
  facet normal 0.000000 -0.000000 -1.000000
    outer loop
      vertex 79.458356 113.598990 -5.000000
      vertex 79.396154 113.559601 -5.000000
      vertex 79.332096 113.523312 -5.000000
    endloop
  endfacet
  facet normal 0.000000 0.000000 -1.000000
    outer loop
      vertex 79.332096 117.669076 -5.000000
      vertex 79.396154 117.632787 -5.000000
      vertex 79.458356 117.593398 -5.000000
    endloop
  endfacet
  facet normal -0.000000 -0.000000 -1.000000
    outer loop
      vertex 79.872204 117.179551 -5.000000
      vertex 79.911593 117.117349 -5.000000
      vertex 79.947882 117.053290 -5.000000
    endloop
  endfacet
  facet normal 0.000000 -0.000000 -1.000000
    outer loop
      vertex 80.096178 114.553557 -5.000000
      vertex 80.080046 114.481720 -5.000000
      vertex 80.060409 114.410763 -5.000000
    endloop
  endfacet
  facet normal 0.000000 0.000000 -1.000000
    outer loop
      vertex 78.917637 117.817372 -5.000000
      vertex 78.989474 117.801240 -5.000000
      vertex 79.060431 117.781603 -5.000000
    endloop
  endfacet
  facet normal 0.000000 -0.000000 -1.000000
    outer loop
      vertex 79.060431 113.410785 -5.000000
      vertex 78.989474 113.391148 -5.000000
      vertex 78.917637 113.375017 -5.000000
    endloop
  endfacet
  facet normal -0.000000 -0.000000 -1.000000
    outer loop
      vertex 80.060409 116.781625 -5.000000
      vertex 80.080046 116.710668 -5.000000
      vertex 80.096178 116.638832 -5.000000
    endloop
  endfacet
  facet normal -0.000000 -0.000000 -1.000000
    outer loop
      vertex 80.096178 116.638832 -5.000000
      vertex 80.108765 116.566290 -5.000000
      vertex 80.123193 116.419803 -5.000000
    endloop
  endfacet
  facet normal 0.000000 -0.000000 -1.000000
    outer loop
      vertex 78.917637 113.375017 -5.000000
      vertex 78.845096 113.362429 -5.000000
      vertex 78.698609 113.348001 -5.000000
    endloop
  endfacet
  facet normal 0.000000 -0.000000 -1.000000
    outer loop
      vertex 78.698609 117.844387 -5.000000
      vertex 78.845096 117.829959 -5.000000
      vertex 78.917637 117.817372 -5.000000
    endloop
  endfacet
  facet normal 0.000000 -0.000000 -1.000000
    outer loop
      vertex 80.123193 114.772585 -5.000000
      vertex 80.108765 114.626098 -5.000000
      vertex 80.096178 114.553557 -5.000000
    endloop
  endfacet
  facet normal 0.000000 -0.000000 -1.000000
    outer loop
      vertex 79.736427 117.353533 -5.000000
      vertex 79.829810 117.239744 -5.000000
      vertex 79.872204 117.179551 -5.000000
    endloop
  endfacet
  facet normal 0.000000 -0.000000 -1.000000
    outer loop
      vertex 79.458356 117.593398 -5.000000
      vertex 79.518550 117.551004 -5.000000
      vertex 79.632339 117.457621 -5.000000
    endloop
  endfacet
  facet normal 0.000000 -0.000000 -1.000000
    outer loop
      vertex 79.632339 113.734768 -5.000000
      vertex 79.518550 113.641384 -5.000000
      vertex 79.458356 113.598990 -5.000000
    endloop
  endfacet
  facet normal 0.000000 -0.000000 -1.000000
    outer loop
      vertex 79.872204 114.012838 -5.000000
      vertex 79.829810 113.952644 -5.000000
      vertex 79.736427 113.838855 -5.000000
    endloop
  endfacet
  facet normal 0.000000 -0.000000 -1.000000
    outer loop
      vertex 80.125000 114.846194 -5.000000
      vertex 80.123193 114.772585 -5.000000
      vertex 80.096178 114.553557 -5.000000
    endloop
  endfacet
  facet normal -0.000000 -0.000000 -1.000000
    outer loop
      vertex 78.625000 117.846194 -5.000000
      vertex 78.698609 117.844387 -5.000000
      vertex 78.917637 117.817372 -5.000000
    endloop
  endfacet
  facet normal 0.000000 -0.000000 -1.000000
    outer loop
      vertex 78.917637 113.375017 -5.000000
      vertex 78.698609 113.348001 -5.000000
      vertex 78.625000 113.346194 -5.000000
    endloop
  endfacet
  facet normal -0.000000 -0.000000 -1.000000
    outer loop
      vertex 80.096178 116.638832 -5.000000
      vertex 80.123193 116.419803 -5.000000
      vertex 80.125000 116.346194 -5.000000
    endloop
  endfacet
  facet normal 0.000000 -0.000000 -1.000000
    outer loop
      vertex 79.947882 117.053290 -5.000000
      vertex 80.010818 116.920222 -5.000000
      vertex 80.060409 116.781625 -5.000000
    endloop
  endfacet
  facet normal 0.000000 -0.000000 -1.000000
    outer loop
      vertex 79.332096 113.523312 -5.000000
      vertex 79.199028 113.460376 -5.000000
      vertex 79.060431 113.410785 -5.000000
    endloop
  endfacet
  facet normal 0.000000 -0.000000 -1.000000
    outer loop
      vertex 79.060431 117.781603 -5.000000
      vertex 79.199028 117.732012 -5.000000
      vertex 79.332096 117.669076 -5.000000
    endloop
  endfacet
  facet normal 0.000000 -0.000000 -1.000000
    outer loop
      vertex 80.060409 114.410763 -5.000000
      vertex 80.010818 114.272166 -5.000000
      vertex 79.947882 114.139098 -5.000000
    endloop
  endfacet
  facet normal 0.000000 -0.000000 -1.000000
    outer loop
      vertex 79.632339 117.457621 -5.000000
      vertex 79.736427 117.353533 -5.000000
      vertex 79.872204 117.179551 -5.000000
    endloop
  endfacet
  facet normal 0.000000 -0.000000 -1.000000
    outer loop
      vertex 79.736427 113.838855 -5.000000
      vertex 79.632339 113.734768 -5.000000
      vertex 79.458356 113.598990 -5.000000
    endloop
  endfacet
  facet normal 0.000000 -0.000000 -1.000000
    outer loop
      vertex 79.332096 117.669076 -5.000000
      vertex 79.458356 117.593398 -5.000000
      vertex 79.632339 117.457621 -5.000000
    endloop
  endfacet
  facet normal 0.000000 -0.000000 -1.000000
    outer loop
      vertex 79.947882 114.139098 -5.000000
      vertex 79.872204 114.012838 -5.000000
      vertex 79.736427 113.838855 -5.000000
    endloop
  endfacet
  facet normal 0.000000 -0.000000 -1.000000
    outer loop
      vertex 79.458356 113.598990 -5.000000
      vertex 79.332096 113.523312 -5.000000
      vertex 79.060431 113.410785 -5.000000
    endloop
  endfacet
  facet normal 0.000000 -0.000000 -1.000000
    outer loop
      vertex 79.872204 117.179551 -5.000000
      vertex 79.947882 117.053290 -5.000000
      vertex 80.060409 116.781625 -5.000000
    endloop
  endfacet
  facet normal 0.000000 -0.000000 -1.000000
    outer loop
      vertex 78.917637 117.817372 -5.000000
      vertex 79.060431 117.781603 -5.000000
      vertex 79.332096 117.669076 -5.000000
    endloop
  endfacet
  facet normal 0.000000 -0.000000 -1.000000
    outer loop
      vertex 80.096178 114.553557 -5.000000
      vertex 80.060409 114.410763 -5.000000
      vertex 79.947882 114.139098 -5.000000
    endloop
  endfacet
  facet normal 0.000000 -0.000000 -1.000000
    outer loop
      vertex 79.060431 113.410785 -5.000000
      vertex 78.917637 113.375017 -5.000000
      vertex 78.625000 113.346194 -5.000000
    endloop
  endfacet
  facet normal -0.000000 -0.000000 -1.000000
    outer loop
      vertex 80.060409 116.781625 -5.000000
      vertex 80.096178 116.638832 -5.000000
      vertex 80.125000 116.346194 -5.000000
    endloop
  endfacet
  facet normal 0.000000 -0.000000 -1.000000
    outer loop
      vertex 80.125000 114.846194 -5.000000
      vertex 80.096178 114.553557 -5.000000
      vertex 79.947882 114.139098 -5.000000
    endloop
  endfacet
  facet normal -0.000000 -0.000000 -1.000000
    outer loop
      vertex 78.625000 117.846194 -5.000000
      vertex 78.917637 117.817372 -5.000000
      vertex 79.332096 117.669076 -5.000000
    endloop
  endfacet
  facet normal 0.000000 -0.000000 -1.000000
    outer loop
      vertex 79.332096 117.669076 -5.000000
      vertex 79.632339 117.457621 -5.000000
      vertex 79.872204 117.179551 -5.000000
    endloop
  endfacet
  facet normal -0.000000 -0.000000 -1.000000
    outer loop
      vertex 78.625000 117.846194 -5.000000
      vertex 79.332096 117.669076 -5.000000
      vertex 79.872204 117.179551 -5.000000
    endloop
  endfacet
  facet normal 0.000000 -0.000000 -1.000000
    outer loop
      vertex 78.625000 113.346194 -5.000000
      vertex 78.625000 117.846194 -5.000000
      vertex 79.872204 117.179551 -5.000000
    endloop
  endfacet
  facet normal 0.000000 -0.000000 -1.000000
    outer loop
      vertex 79.947882 114.139098 -5.000000
      vertex 79.736427 113.838855 -5.000000
      vertex 79.458356 113.598990 -5.000000
    endloop
  endfacet
  facet normal 0.000000 -0.000000 -1.000000
    outer loop
      vertex 80.125000 114.846194 -5.000000
      vertex 79.947882 114.139098 -5.000000
      vertex 79.458356 113.598990 -5.000000
    endloop
  endfacet
  facet normal 0.000000 -0.000000 -1.000000
    outer loop
      vertex 80.125000 116.346194 -5.000000
      vertex 80.125000 114.846194 -5.000000
      vertex 79.458356 113.598990 -5.000000
    endloop
  endfacet
  facet normal 0.000000 -0.000000 -1.000000
    outer loop
      vertex 79.458356 113.598990 -5.000000
      vertex 79.060431 113.410785 -5.000000
      vertex 78.625000 113.346194 -5.000000
    endloop
  endfacet
  facet normal 0.000000 -0.000000 -1.000000
    outer loop
      vertex 80.125000 116.346194 -5.000000
      vertex 79.458356 113.598990 -5.000000
      vertex 78.625000 113.346194 -5.000000
    endloop
  endfacet
  facet normal -0.000000 -0.000000 -1.000000
    outer loop
      vertex 79.872204 117.179551 -5.000000
      vertex 80.060409 116.781625 -5.000000
      vertex 80.125000 116.346194 -5.000000
    endloop
  endfacet
  facet normal 0.000000 -0.000000 -1.000000
    outer loop
      vertex 79.872204 117.179551 -5.000000
      vertex 80.125000 116.346194 -5.000000
      vertex 78.625000 113.346194 -5.000000
    endloop
  endfacet
  facet normal 0.000000 0.707107 0.707107
    outer loop
      vertex 77.125000 117.096194 -4.250000
      vertex 77.125000 117.346194 -4.500000
      vertex 77.000000 117.096194 -4.250000
    endloop
  endfacet
  facet normal 0.000000 0.707107 0.707107
    outer loop
      vertex 77.125000 117.346194 -4.500000
      vertex 77.000000 117.346194 -4.500000
      vertex 77.000000 117.096194 -4.250000
    endloop
  endfacet
  facet normal 0.017357 0.707000 0.707000
    outer loop
      vertex 77.174070 117.344989 -4.500000
      vertex 77.125000 117.346194 -4.500000
      vertex 77.125000 117.096194 -4.250000
    endloop
  endfacet
  facet normal 0.017357 0.707000 0.707000
    outer loop
      vertex 77.174070 117.344989 -4.500000
      vertex 77.125000 117.096194 -4.250000
      vertex 77.161804 117.095291 -4.250000
    endloop
  endfacet
  facet normal 0.052028 0.705297 0.707000
    outer loop
      vertex 77.161804 117.095291 -4.250000
      vertex 77.198515 117.092582 -4.250000
      vertex 77.223020 117.341379 -4.500000
    endloop
  endfacet
  facet normal 0.052028 0.705297 0.707000
    outer loop
      vertex 77.161804 117.095291 -4.250000
      vertex 77.223020 117.341379 -4.500000
      vertex 77.174070 117.344989 -4.500000
    endloop
  endfacet
  facet normal 0.086571 0.701895 0.707000
    outer loop
      vertex 77.198515 117.092582 -4.250000
      vertex 77.235047 117.088077 -4.250000
      vertex 77.271728 117.335371 -4.500000
    endloop
  endfacet
  facet normal 0.086571 0.701895 0.707000
    outer loop
      vertex 77.198515 117.092582 -4.250000
      vertex 77.271728 117.335371 -4.500000
      vertex 77.223020 117.341379 -4.500000
    endloop
  endfacet
  facet normal 0.120906 0.696801 0.707000
    outer loop
      vertex 77.235047 117.088077 -4.250000
      vertex 77.271318 117.081783 -4.250000
      vertex 77.320090 117.326979 -4.500000
    endloop
  endfacet
  facet normal 0.120905 0.696802 0.707000
    outer loop
      vertex 77.235047 117.088077 -4.250000
      vertex 77.320090 117.326979 -4.500000
      vertex 77.271728 117.335371 -4.500000
    endloop
  endfacet
  facet normal 0.154952 0.690029 0.707000
    outer loop
      vertex 77.271318 117.081783 -4.250000
      vertex 77.307237 117.073717 -4.250000
      vertex 77.367982 117.316225 -4.500000
    endloop
  endfacet
  facet normal 0.154952 0.690029 0.707000
    outer loop
      vertex 77.271318 117.081783 -4.250000
      vertex 77.367982 117.316225 -4.500000
      vertex 77.320090 117.326979 -4.500000
    endloop
  endfacet
  facet normal 0.188624 0.681595 0.707000
    outer loop
      vertex 77.307237 117.073717 -4.250000
      vertex 77.342715 117.063899 -4.250000
      vertex 77.415287 117.303134 -4.500000
    endloop
  endfacet
  facet normal 0.188624 0.681595 0.707000
    outer loop
      vertex 77.307237 117.073717 -4.250000
      vertex 77.415287 117.303134 -4.500000
      vertex 77.367982 117.316225 -4.500000
    endloop
  endfacet
  facet normal 0.221842 0.671518 0.707000
    outer loop
      vertex 77.342715 117.063899 -4.250000
      vertex 77.377669 117.052351 -4.250000
      vertex 77.415287 117.303134 -4.500000
    endloop
  endfacet
  facet normal 0.221842 0.671518 0.707000
    outer loop
      vertex 77.377669 117.052351 -4.250000
      vertex 77.461892 117.287737 -4.500000
      vertex 77.415287 117.303134 -4.500000
    endloop
  endfacet
  facet normal 0.254524 0.659824 0.707000
    outer loop
      vertex 77.377669 117.052351 -4.250000
      vertex 77.412014 117.039103 -4.250000
      vertex 77.507685 117.270073 -4.500000
    endloop
  endfacet
  facet normal 0.254524 0.659824 0.707000
    outer loop
      vertex 77.377669 117.052351 -4.250000
      vertex 77.507685 117.270073 -4.500000
      vertex 77.461892 117.287737 -4.500000
    endloop
  endfacet
  facet normal 0.286593 0.646541 0.707000
    outer loop
      vertex 77.412014 117.039103 -4.250000
      vertex 77.445667 117.024186 -4.250000
      vertex 77.552555 117.250183 -4.500000
    endloop
  endfacet
  facet normal 0.286593 0.646541 0.707000
    outer loop
      vertex 77.412014 117.039103 -4.250000
      vertex 77.552555 117.250183 -4.500000
      vertex 77.507685 117.270073 -4.500000
    endloop
  endfacet
  facet normal 0.317971 0.631700 0.707000
    outer loop
      vertex 77.445667 117.024186 -4.250000
      vertex 77.478547 117.007635 -4.250000
      vertex 77.596396 117.228116 -4.500000
    endloop
  endfacet
  facet normal 0.317971 0.631700 0.707000
    outer loop
      vertex 77.445667 117.024186 -4.250000
      vertex 77.596396 117.228116 -4.500000
      vertex 77.552555 117.250183 -4.500000
    endloop
  endfacet
  facet normal 0.348584 0.615337 0.707000
    outer loop
      vertex 77.478547 117.007635 -4.250000
      vertex 77.510577 116.989491 -4.250000
      vertex 77.639102 117.203923 -4.500000
    endloop
  endfacet
  facet normal 0.348584 0.615337 0.707000
    outer loop
      vertex 77.478547 117.007635 -4.250000
      vertex 77.639102 117.203923 -4.500000
      vertex 77.596396 117.228116 -4.500000
    endloop
  endfacet
  facet normal 0.378358 0.597492 0.707000
    outer loop
      vertex 77.510577 116.989491 -4.250000
      vertex 77.541678 116.969796 -4.250000
      vertex 77.680571 117.177663 -4.500000
    endloop
  endfacet
  facet normal 0.378357 0.597492 0.707000
    outer loop
      vertex 77.510577 116.989491 -4.250000
      vertex 77.680571 117.177663 -4.500000
      vertex 77.639102 117.203923 -4.500000
    endloop
  endfacet
  facet normal 0.407220 0.578206 0.707000
    outer loop
      vertex 77.541678 116.969796 -4.250000
      vertex 77.571775 116.948599 -4.250000
      vertex 77.720700 117.149401 -4.500000
    endloop
  endfacet
  facet normal 0.407220 0.578207 0.707000
    outer loop
      vertex 77.541678 116.969796 -4.250000
      vertex 77.720700 117.149401 -4.500000
      vertex 77.680571 117.177663 -4.500000
    endloop
  endfacet
  facet normal 0.435100 0.557529 0.707000
    outer loop
      vertex 77.571775 116.948599 -4.250000
      vertex 77.600795 116.925952 -4.250000
      vertex 77.759394 117.119204 -4.500000
    endloop
  endfacet
  facet normal 0.435100 0.557529 0.707000
    outer loop
      vertex 77.571775 116.948599 -4.250000
      vertex 77.759394 117.119204 -4.500000
      vertex 77.720700 117.149401 -4.500000
    endloop
  endfacet
  facet normal 0.461933 0.535508 0.707000
    outer loop
      vertex 77.600795 116.925952 -4.250000
      vertex 77.628669 116.901907 -4.250000
      vertex 77.796559 117.087145 -4.500000
    endloop
  endfacet
  facet normal 0.461933 0.535508 0.707000
    outer loop
      vertex 77.600795 116.925952 -4.250000
      vertex 77.796559 117.087145 -4.500000
      vertex 77.759394 117.119204 -4.500000
    endloop
  endfacet
  facet normal 0.487652 0.512197 0.707000
    outer loop
      vertex 77.628669 116.901907 -4.250000
      vertex 77.655330 116.876524 -4.250000
      vertex 77.832107 117.053301 -4.500000
    endloop
  endfacet
  facet normal 0.487652 0.512197 0.707000
    outer loop
      vertex 77.628669 116.901907 -4.250000
      vertex 77.832107 117.053301 -4.500000
      vertex 77.796559 117.087145 -4.500000
    endloop
  endfacet
  facet normal 0.512197 0.487652 0.707000
    outer loop
      vertex 77.655330 116.876524 -4.250000
      vertex 77.680713 116.849863 -4.250000
      vertex 77.832107 117.053301 -4.500000
    endloop
  endfacet
  facet normal 0.512197 0.487652 0.707000
    outer loop
      vertex 77.680713 116.849863 -4.250000
      vertex 77.865951 117.017753 -4.500000
      vertex 77.832107 117.053301 -4.500000
    endloop
  endfacet
  facet normal 0.535508 0.461933 0.707000
    outer loop
      vertex 77.680713 116.849863 -4.250000
      vertex 77.704758 116.821989 -4.250000
      vertex 77.865951 117.017753 -4.500000
    endloop
  endfacet
  facet normal 0.535508 0.461933 0.707000
    outer loop
      vertex 77.704758 116.821989 -4.250000
      vertex 77.898010 116.980588 -4.500000
      vertex 77.865951 117.017753 -4.500000
    endloop
  endfacet
  facet normal 0.557529 0.435100 0.707000
    outer loop
      vertex 77.704758 116.821989 -4.250000
      vertex 77.727405 116.792969 -4.250000
      vertex 77.898010 116.980588 -4.500000
    endloop
  endfacet
  facet normal 0.557529 0.435100 0.707000
    outer loop
      vertex 77.727405 116.792969 -4.250000
      vertex 77.928207 116.941894 -4.500000
      vertex 77.898010 116.980588 -4.500000
    endloop
  endfacet
  facet normal 0.578206 0.407220 0.707000
    outer loop
      vertex 77.727405 116.792969 -4.250000
      vertex 77.748602 116.762872 -4.250000
      vertex 77.928207 116.941894 -4.500000
    endloop
  endfacet
  facet normal 0.578207 0.407220 0.707000
    outer loop
      vertex 77.748602 116.762872 -4.250000
      vertex 77.956469 116.901765 -4.500000
      vertex 77.928207 116.941894 -4.500000
    endloop
  endfacet
  facet normal 0.597492 0.378358 0.707000
    outer loop
      vertex 77.748602 116.762872 -4.250000
      vertex 77.768297 116.731771 -4.250000
      vertex 77.956469 116.901765 -4.500000
    endloop
  endfacet
  facet normal 0.597492 0.378357 0.707000
    outer loop
      vertex 77.768297 116.731771 -4.250000
      vertex 77.982729 116.860296 -4.500000
      vertex 77.956469 116.901765 -4.500000
    endloop
  endfacet
  facet normal 0.615337 0.348584 0.707000
    outer loop
      vertex 77.768297 116.731771 -4.250000
      vertex 77.786441 116.699741 -4.250000
      vertex 77.982729 116.860296 -4.500000
    endloop
  endfacet
  facet normal 0.615337 0.348584 0.707000
    outer loop
      vertex 77.786441 116.699741 -4.250000
      vertex 78.006922 116.817590 -4.500000
      vertex 77.982729 116.860296 -4.500000
    endloop
  endfacet
  facet normal 0.631700 0.317971 0.707000
    outer loop
      vertex 77.786441 116.699741 -4.250000
      vertex 77.802992 116.666861 -4.250000
      vertex 78.006922 116.817590 -4.500000
    endloop
  endfacet
  facet normal 0.631700 0.317971 0.707000
    outer loop
      vertex 77.802992 116.666861 -4.250000
      vertex 78.028989 116.773750 -4.500000
      vertex 78.006922 116.817590 -4.500000
    endloop
  endfacet
  facet normal 0.646541 0.286593 0.707000
    outer loop
      vertex 77.802992 116.666861 -4.250000
      vertex 77.817909 116.633208 -4.250000
      vertex 78.028989 116.773750 -4.500000
    endloop
  endfacet
  facet normal 0.646541 0.286593 0.707000
    outer loop
      vertex 77.817909 116.633208 -4.250000
      vertex 78.048879 116.728879 -4.500000
      vertex 78.028989 116.773750 -4.500000
    endloop
  endfacet
  facet normal 0.659824 0.254524 0.707000
    outer loop
      vertex 77.817909 116.633208 -4.250000
      vertex 77.831157 116.598863 -4.250000
      vertex 78.048879 116.728879 -4.500000
    endloop
  endfacet
  facet normal 0.659824 0.254524 0.707000
    outer loop
      vertex 77.831157 116.598863 -4.250000
      vertex 78.066543 116.683086 -4.500000
      vertex 78.048879 116.728879 -4.500000
    endloop
  endfacet
  facet normal 0.671518 0.221842 0.707000
    outer loop
      vertex 77.831157 116.598863 -4.250000
      vertex 77.842705 116.563910 -4.250000
      vertex 78.081940 116.636481 -4.500000
    endloop
  endfacet
  facet normal 0.671518 0.221842 0.707000
    outer loop
      vertex 77.831157 116.598863 -4.250000
      vertex 78.081940 116.636481 -4.500000
      vertex 78.066543 116.683086 -4.500000
    endloop
  endfacet
  facet normal 0.681595 0.188624 0.707000
    outer loop
      vertex 77.842705 116.563910 -4.250000
      vertex 77.852523 116.528431 -4.250000
      vertex 78.081940 116.636481 -4.500000
    endloop
  endfacet
  facet normal 0.681595 0.188624 0.707000
    outer loop
      vertex 77.852523 116.528431 -4.250000
      vertex 78.095031 116.589176 -4.500000
      vertex 78.081940 116.636481 -4.500000
    endloop
  endfacet
  facet normal 0.690029 0.154952 0.707000
    outer loop
      vertex 77.852523 116.528431 -4.250000
      vertex 77.860589 116.492512 -4.250000
      vertex 78.095031 116.589176 -4.500000
    endloop
  endfacet
  facet normal 0.690029 0.154952 0.707000
    outer loop
      vertex 77.860589 116.492512 -4.250000
      vertex 78.105785 116.541284 -4.500000
      vertex 78.095031 116.589176 -4.500000
    endloop
  endfacet
  facet normal 0.696801 0.120906 0.707000
    outer loop
      vertex 77.860589 116.492512 -4.250000
      vertex 77.866882 116.456241 -4.250000
      vertex 78.105785 116.541284 -4.500000
    endloop
  endfacet
  facet normal 0.696802 0.120905 0.707000
    outer loop
      vertex 77.866882 116.456241 -4.250000
      vertex 78.114177 116.492922 -4.500000
      vertex 78.105785 116.541284 -4.500000
    endloop
  endfacet
  facet normal 0.701895 0.086571 0.707000
    outer loop
      vertex 77.866882 116.456241 -4.250000
      vertex 77.871388 116.419709 -4.250000
      vertex 78.114177 116.492922 -4.500000
    endloop
  endfacet
  facet normal 0.701895 0.086571 0.707000
    outer loop
      vertex 77.871388 116.419709 -4.250000
      vertex 78.120184 116.444214 -4.500000
      vertex 78.114177 116.492922 -4.500000
    endloop
  endfacet
  facet normal 0.705297 0.052028 0.707000
    outer loop
      vertex 77.871388 116.419709 -4.250000
      vertex 77.874096 116.382998 -4.250000
      vertex 78.120184 116.444214 -4.500000
    endloop
  endfacet
  facet normal 0.705297 0.052028 0.707000
    outer loop
      vertex 77.874096 116.382998 -4.250000
      vertex 78.123795 116.395265 -4.500000
      vertex 78.120184 116.444214 -4.500000
    endloop
  endfacet
  facet normal 0.707000 0.017357 0.707000
    outer loop
      vertex 77.874096 116.382998 -4.250000
      vertex 77.875000 116.346194 -4.250000
      vertex 78.123795 116.395265 -4.500000
    endloop
  endfacet
  facet normal 0.707000 0.017357 0.707000
    outer loop
      vertex 77.875000 116.346194 -4.250000
      vertex 78.125000 116.346194 -4.500000
      vertex 78.123795 116.395265 -4.500000
    endloop
  endfacet
  facet normal 0.707107 -0.000000 0.707107
    outer loop
      vertex 78.125000 114.846194 -4.500000
      vertex 78.125000 116.346194 -4.500000
      vertex 77.875000 114.846194 -4.250000
    endloop
  endfacet
  facet normal 0.707107 0.000000 0.707107
    outer loop
      vertex 78.125000 116.346194 -4.500000
      vertex 77.875000 116.346194 -4.250000
      vertex 77.875000 114.846194 -4.250000
    endloop
  endfacet
  facet normal 0.707000 -0.017357 0.707000
    outer loop
      vertex 78.123795 114.797124 -4.500000
      vertex 78.125000 114.846194 -4.500000
      vertex 77.875000 114.846194 -4.250000
    endloop
  endfacet
  facet normal 0.707000 -0.017357 0.707000
    outer loop
      vertex 78.123795 114.797124 -4.500000
      vertex 77.875000 114.846194 -4.250000
      vertex 77.874096 114.809390 -4.250000
    endloop
  endfacet
  facet normal 0.705297 -0.052028 0.707000
    outer loop
      vertex 77.874096 114.809390 -4.250000
      vertex 77.871388 114.772679 -4.250000
      vertex 78.120184 114.748174 -4.500000
    endloop
  endfacet
  facet normal 0.705297 -0.052028 0.707000
    outer loop
      vertex 77.874096 114.809390 -4.250000
      vertex 78.120184 114.748174 -4.500000
      vertex 78.123795 114.797124 -4.500000
    endloop
  endfacet
  facet normal 0.701895 -0.086571 0.707000
    outer loop
      vertex 77.871388 114.772679 -4.250000
      vertex 77.866882 114.736147 -4.250000
      vertex 78.114177 114.699466 -4.500000
    endloop
  endfacet
  facet normal 0.701895 -0.086571 0.707000
    outer loop
      vertex 77.871388 114.772679 -4.250000
      vertex 78.114177 114.699466 -4.500000
      vertex 78.120184 114.748174 -4.500000
    endloop
  endfacet
  facet normal 0.696801 -0.120906 0.707000
    outer loop
      vertex 77.866882 114.736147 -4.250000
      vertex 77.860589 114.699876 -4.250000
      vertex 78.105785 114.651104 -4.500000
    endloop
  endfacet
  facet normal 0.696802 -0.120905 0.707000
    outer loop
      vertex 77.866882 114.736147 -4.250000
      vertex 78.105785 114.651104 -4.500000
      vertex 78.114177 114.699466 -4.500000
    endloop
  endfacet
  facet normal 0.690029 -0.154952 0.707000
    outer loop
      vertex 77.860589 114.699876 -4.250000
      vertex 77.852523 114.663957 -4.250000
      vertex 78.095031 114.603212 -4.500000
    endloop
  endfacet
  facet normal 0.690029 -0.154952 0.707000
    outer loop
      vertex 77.860589 114.699876 -4.250000
      vertex 78.095031 114.603212 -4.500000
      vertex 78.105785 114.651104 -4.500000
    endloop
  endfacet
  facet normal 0.681595 -0.188624 0.707000
    outer loop
      vertex 77.852523 114.663957 -4.250000
      vertex 77.842705 114.628479 -4.250000
      vertex 78.081940 114.555907 -4.500000
    endloop
  endfacet
  facet normal 0.681595 -0.188624 0.707000
    outer loop
      vertex 77.852523 114.663957 -4.250000
      vertex 78.081940 114.555907 -4.500000
      vertex 78.095031 114.603212 -4.500000
    endloop
  endfacet
  facet normal 0.671518 -0.221842 0.707000
    outer loop
      vertex 77.842705 114.628479 -4.250000
      vertex 77.831157 114.593525 -4.250000
      vertex 78.081940 114.555907 -4.500000
    endloop
  endfacet
  facet normal 0.671518 -0.221842 0.707000
    outer loop
      vertex 77.831157 114.593525 -4.250000
      vertex 78.066543 114.509302 -4.500000
      vertex 78.081940 114.555907 -4.500000
    endloop
  endfacet
  facet normal 0.659824 -0.254524 0.707000
    outer loop
      vertex 77.831157 114.593525 -4.250000
      vertex 77.817909 114.559180 -4.250000
      vertex 78.048879 114.463509 -4.500000
    endloop
  endfacet
  facet normal 0.659824 -0.254524 0.707000
    outer loop
      vertex 77.831157 114.593525 -4.250000
      vertex 78.048879 114.463509 -4.500000
      vertex 78.066543 114.509302 -4.500000
    endloop
  endfacet
  facet normal 0.646541 -0.286593 0.707000
    outer loop
      vertex 77.817909 114.559180 -4.250000
      vertex 77.802992 114.525527 -4.250000
      vertex 78.028989 114.418639 -4.500000
    endloop
  endfacet
  facet normal 0.646541 -0.286593 0.707000
    outer loop
      vertex 77.817909 114.559180 -4.250000
      vertex 78.028989 114.418639 -4.500000
      vertex 78.048879 114.463509 -4.500000
    endloop
  endfacet
  facet normal 0.631700 -0.317971 0.707000
    outer loop
      vertex 77.802992 114.525527 -4.250000
      vertex 77.786441 114.492647 -4.250000
      vertex 78.006922 114.374798 -4.500000
    endloop
  endfacet
  facet normal 0.631700 -0.317971 0.707000
    outer loop
      vertex 77.802992 114.525527 -4.250000
      vertex 78.006922 114.374798 -4.500000
      vertex 78.028989 114.418639 -4.500000
    endloop
  endfacet
  facet normal 0.615337 -0.348584 0.707000
    outer loop
      vertex 77.786441 114.492647 -4.250000
      vertex 77.768297 114.460617 -4.250000
      vertex 77.982729 114.332092 -4.500000
    endloop
  endfacet
  facet normal 0.615337 -0.348584 0.707000
    outer loop
      vertex 77.786441 114.492647 -4.250000
      vertex 77.982729 114.332092 -4.500000
      vertex 78.006922 114.374798 -4.500000
    endloop
  endfacet
  facet normal 0.597492 -0.378358 0.707000
    outer loop
      vertex 77.768297 114.460617 -4.250000
      vertex 77.748602 114.429516 -4.250000
      vertex 77.956469 114.290623 -4.500000
    endloop
  endfacet
  facet normal 0.597492 -0.378357 0.707000
    outer loop
      vertex 77.768297 114.460617 -4.250000
      vertex 77.956469 114.290623 -4.500000
      vertex 77.982729 114.332092 -4.500000
    endloop
  endfacet
  facet normal 0.578206 -0.407220 0.707000
    outer loop
      vertex 77.748602 114.429516 -4.250000
      vertex 77.727405 114.399419 -4.250000
      vertex 77.928207 114.250494 -4.500000
    endloop
  endfacet
  facet normal 0.578207 -0.407220 0.707000
    outer loop
      vertex 77.748602 114.429516 -4.250000
      vertex 77.928207 114.250494 -4.500000
      vertex 77.956469 114.290623 -4.500000
    endloop
  endfacet
  facet normal 0.557529 -0.435100 0.707000
    outer loop
      vertex 77.727405 114.399419 -4.250000
      vertex 77.704758 114.370399 -4.250000
      vertex 77.898010 114.211801 -4.500000
    endloop
  endfacet
  facet normal 0.557529 -0.435100 0.707000
    outer loop
      vertex 77.727405 114.399419 -4.250000
      vertex 77.898010 114.211801 -4.500000
      vertex 77.928207 114.250494 -4.500000
    endloop
  endfacet
  facet normal 0.535508 -0.461933 0.707000
    outer loop
      vertex 77.704758 114.370399 -4.250000
      vertex 77.680713 114.342525 -4.250000
      vertex 77.865951 114.174635 -4.500000
    endloop
  endfacet
  facet normal 0.535508 -0.461933 0.707000
    outer loop
      vertex 77.704758 114.370399 -4.250000
      vertex 77.865951 114.174635 -4.500000
      vertex 77.898010 114.211801 -4.500000
    endloop
  endfacet
  facet normal 0.512197 -0.487652 0.707000
    outer loop
      vertex 77.680713 114.342525 -4.250000
      vertex 77.655330 114.315864 -4.250000
      vertex 77.832107 114.139087 -4.500000
    endloop
  endfacet
  facet normal 0.512197 -0.487652 0.707000
    outer loop
      vertex 77.680713 114.342525 -4.250000
      vertex 77.832107 114.139087 -4.500000
      vertex 77.865951 114.174635 -4.500000
    endloop
  endfacet
  facet normal 0.487652 -0.512197 0.707000
    outer loop
      vertex 77.655330 114.315864 -4.250000
      vertex 77.628669 114.290481 -4.250000
      vertex 77.832107 114.139087 -4.500000
    endloop
  endfacet
  facet normal 0.487652 -0.512197 0.707000
    outer loop
      vertex 77.628669 114.290481 -4.250000
      vertex 77.796559 114.105243 -4.500000
      vertex 77.832107 114.139087 -4.500000
    endloop
  endfacet
  facet normal 0.461933 -0.535508 0.707000
    outer loop
      vertex 77.628669 114.290481 -4.250000
      vertex 77.600795 114.266437 -4.250000
      vertex 77.796559 114.105243 -4.500000
    endloop
  endfacet
  facet normal 0.461933 -0.535508 0.707000
    outer loop
      vertex 77.600795 114.266437 -4.250000
      vertex 77.759394 114.073184 -4.500000
      vertex 77.796559 114.105243 -4.500000
    endloop
  endfacet
  facet normal 0.435100 -0.557529 0.707000
    outer loop
      vertex 77.600795 114.266437 -4.250000
      vertex 77.571775 114.243789 -4.250000
      vertex 77.759394 114.073184 -4.500000
    endloop
  endfacet
  facet normal 0.435100 -0.557529 0.707000
    outer loop
      vertex 77.571775 114.243789 -4.250000
      vertex 77.720700 114.042987 -4.500000
      vertex 77.759394 114.073184 -4.500000
    endloop
  endfacet
  facet normal 0.407220 -0.578206 0.707000
    outer loop
      vertex 77.571775 114.243789 -4.250000
      vertex 77.541678 114.222592 -4.250000
      vertex 77.720700 114.042987 -4.500000
    endloop
  endfacet
  facet normal 0.407220 -0.578207 0.707000
    outer loop
      vertex 77.541678 114.222592 -4.250000
      vertex 77.680571 114.014725 -4.500000
      vertex 77.720700 114.042987 -4.500000
    endloop
  endfacet
  facet normal 0.378358 -0.597492 0.707000
    outer loop
      vertex 77.541678 114.222592 -4.250000
      vertex 77.510577 114.202897 -4.250000
      vertex 77.680571 114.014725 -4.500000
    endloop
  endfacet
  facet normal 0.378357 -0.597492 0.707000
    outer loop
      vertex 77.510577 114.202897 -4.250000
      vertex 77.639102 113.988465 -4.500000
      vertex 77.680571 114.014725 -4.500000
    endloop
  endfacet
  facet normal 0.348584 -0.615337 0.707000
    outer loop
      vertex 77.510577 114.202897 -4.250000
      vertex 77.478547 114.184753 -4.250000
      vertex 77.639102 113.988465 -4.500000
    endloop
  endfacet
  facet normal 0.348584 -0.615337 0.707000
    outer loop
      vertex 77.478547 114.184753 -4.250000
      vertex 77.596396 113.964272 -4.500000
      vertex 77.639102 113.988465 -4.500000
    endloop
  endfacet
  facet normal 0.317971 -0.631700 0.707000
    outer loop
      vertex 77.478547 114.184753 -4.250000
      vertex 77.445667 114.168202 -4.250000
      vertex 77.596396 113.964272 -4.500000
    endloop
  endfacet
  facet normal 0.317971 -0.631700 0.707000
    outer loop
      vertex 77.445667 114.168202 -4.250000
      vertex 77.552555 113.942205 -4.500000
      vertex 77.596396 113.964272 -4.500000
    endloop
  endfacet
  facet normal 0.286593 -0.646541 0.707000
    outer loop
      vertex 77.445667 114.168202 -4.250000
      vertex 77.412014 114.153285 -4.250000
      vertex 77.552555 113.942205 -4.500000
    endloop
  endfacet
  facet normal 0.286593 -0.646541 0.707000
    outer loop
      vertex 77.412014 114.153285 -4.250000
      vertex 77.507685 113.922315 -4.500000
      vertex 77.552555 113.942205 -4.500000
    endloop
  endfacet
  facet normal 0.254524 -0.659824 0.707000
    outer loop
      vertex 77.412014 114.153285 -4.250000
      vertex 77.377669 114.140037 -4.250000
      vertex 77.507685 113.922315 -4.500000
    endloop
  endfacet
  facet normal 0.254524 -0.659824 0.707000
    outer loop
      vertex 77.377669 114.140037 -4.250000
      vertex 77.461892 113.904651 -4.500000
      vertex 77.507685 113.922315 -4.500000
    endloop
  endfacet
  facet normal 0.221842 -0.671518 0.707000
    outer loop
      vertex 77.377669 114.140037 -4.250000
      vertex 77.342715 114.128489 -4.250000
      vertex 77.415287 113.889255 -4.500000
    endloop
  endfacet
  facet normal 0.221842 -0.671518 0.707000
    outer loop
      vertex 77.377669 114.140037 -4.250000
      vertex 77.415287 113.889255 -4.500000
      vertex 77.461892 113.904651 -4.500000
    endloop
  endfacet
  facet normal 0.188624 -0.681595 0.707000
    outer loop
      vertex 77.342715 114.128489 -4.250000
      vertex 77.307237 114.118671 -4.250000
      vertex 77.415287 113.889255 -4.500000
    endloop
  endfacet
  facet normal 0.188624 -0.681595 0.707000
    outer loop
      vertex 77.307237 114.118671 -4.250000
      vertex 77.367982 113.876163 -4.500000
      vertex 77.415287 113.889255 -4.500000
    endloop
  endfacet
  facet normal 0.154952 -0.690029 0.707000
    outer loop
      vertex 77.307237 114.118671 -4.250000
      vertex 77.271318 114.110605 -4.250000
      vertex 77.367982 113.876163 -4.500000
    endloop
  endfacet
  facet normal 0.154952 -0.690029 0.707000
    outer loop
      vertex 77.271318 114.110605 -4.250000
      vertex 77.320090 113.865409 -4.500000
      vertex 77.367982 113.876163 -4.500000
    endloop
  endfacet
  facet normal 0.120906 -0.696801 0.707000
    outer loop
      vertex 77.271318 114.110605 -4.250000
      vertex 77.235047 114.104312 -4.250000
      vertex 77.320090 113.865409 -4.500000
    endloop
  endfacet
  facet normal 0.120905 -0.696802 0.707000
    outer loop
      vertex 77.235047 114.104312 -4.250000
      vertex 77.271728 113.857017 -4.500000
      vertex 77.320090 113.865409 -4.500000
    endloop
  endfacet
  facet normal 0.086571 -0.701895 0.707000
    outer loop
      vertex 77.235047 114.104312 -4.250000
      vertex 77.198515 114.099806 -4.250000
      vertex 77.271728 113.857017 -4.500000
    endloop
  endfacet
  facet normal 0.086571 -0.701895 0.707000
    outer loop
      vertex 77.198515 114.099806 -4.250000
      vertex 77.223020 113.851010 -4.500000
      vertex 77.271728 113.857017 -4.500000
    endloop
  endfacet
  facet normal 0.052028 -0.705297 0.707000
    outer loop
      vertex 77.198515 114.099806 -4.250000
      vertex 77.161804 114.097098 -4.250000
      vertex 77.223020 113.851010 -4.500000
    endloop
  endfacet
  facet normal 0.052028 -0.705297 0.707000
    outer loop
      vertex 77.161804 114.097098 -4.250000
      vertex 77.174070 113.847399 -4.500000
      vertex 77.223020 113.851010 -4.500000
    endloop
  endfacet
  facet normal 0.017357 -0.707000 0.707000
    outer loop
      vertex 77.161804 114.097098 -4.250000
      vertex 77.125000 114.096194 -4.250000
      vertex 77.174070 113.847399 -4.500000
    endloop
  endfacet
  facet normal 0.017357 -0.707000 0.707000
    outer loop
      vertex 77.125000 114.096194 -4.250000
      vertex 77.125000 113.846194 -4.500000
      vertex 77.174070 113.847399 -4.500000
    endloop
  endfacet
  facet normal 0.999699 -0.024543 -0.000000
    outer loop
      vertex 77.874096 114.809390 -4.250000
      vertex 77.875000 114.846194 -4.250000
      vertex 77.875000 114.846194 -3.000000
    endloop
  endfacet
  facet normal 0.999699 -0.024544 0.000000
    outer loop
      vertex 77.874096 114.809390 -4.250000
      vertex 77.875000 114.846194 -3.000000
      vertex 77.874096 114.809390 -3.000000
    endloop
  endfacet
  facet normal 0.997290 -0.073569 0.000000
    outer loop
      vertex 77.874096 114.809390 -3.000000
      vertex 77.871388 114.772679 -3.000000
      vertex 77.871388 114.772679 -4.250000
    endloop
  endfacet
  facet normal 0.997290 -0.073568 -0.000000
    outer loop
      vertex 77.874096 114.809390 -3.000000
      vertex 77.871388 114.772679 -4.250000
      vertex 77.874096 114.809390 -4.250000
    endloop
  endfacet
  facet normal 0.992479 -0.122413 0.000000
    outer loop
      vertex 77.871388 114.772679 -3.000000
      vertex 77.866882 114.736146 -3.000000
      vertex 77.866882 114.736147 -4.250000
    endloop
  endfacet
  facet normal 0.992479 -0.122412 -0.000000
    outer loop
      vertex 77.871388 114.772679 -3.000000
      vertex 77.866882 114.736147 -4.250000
      vertex 77.871388 114.772679 -4.250000
    endloop
  endfacet
  facet normal 0.985277 -0.170963 0.000000
    outer loop
      vertex 77.866882 114.736146 -3.000000
      vertex 77.860589 114.699875 -3.000000
      vertex 77.860589 114.699876 -4.250000
    endloop
  endfacet
  facet normal 0.985278 -0.170962 -0.000000
    outer loop
      vertex 77.866882 114.736146 -3.000000
      vertex 77.860589 114.699876 -4.250000
      vertex 77.866882 114.736147 -4.250000
    endloop
  endfacet
  facet normal 0.975702 -0.219103 0.000000
    outer loop
      vertex 77.860589 114.699875 -3.000000
      vertex 77.852523 114.663957 -3.000000
      vertex 77.852523 114.663957 -4.250000
    endloop
  endfacet
  facet normal 0.975702 -0.219102 -0.000000
    outer loop
      vertex 77.860589 114.699875 -3.000000
      vertex 77.852523 114.663957 -4.250000
      vertex 77.860589 114.699876 -4.250000
    endloop
  endfacet
  facet normal 0.963775 -0.266715 0.000000
    outer loop
      vertex 77.852523 114.663957 -3.000000
      vertex 77.842705 114.628479 -3.000000
      vertex 77.842705 114.628479 -4.250000
    endloop
  endfacet
  facet normal 0.963775 -0.266715 -0.000000
    outer loop
      vertex 77.852523 114.663957 -3.000000
      vertex 77.842705 114.628479 -4.250000
      vertex 77.852523 114.663957 -4.250000
    endloop
  endfacet
  facet normal 0.949527 -0.313684 -0.000000
    outer loop
      vertex 77.842705 114.628479 -3.000000
      vertex 77.831157 114.593525 -3.000000
      vertex 77.842705 114.628479 -4.250000
    endloop
  endfacet
  facet normal 0.949527 -0.313684 -0.000000
    outer loop
      vertex 77.831157 114.593525 -3.000000
      vertex 77.831157 114.593525 -4.250000
      vertex 77.842705 114.628479 -4.250000
    endloop
  endfacet
  facet normal 0.932992 -0.359897 0.000000
    outer loop
      vertex 77.831157 114.593525 -3.000000
      vertex 77.817909 114.559180 -3.000000
      vertex 77.817909 114.559180 -4.250000
    endloop
  endfacet
  facet normal 0.932992 -0.359897 0.000000
    outer loop
      vertex 77.831157 114.593525 -3.000000
      vertex 77.817909 114.559180 -4.250000
      vertex 77.831157 114.593525 -4.250000
    endloop
  endfacet
  facet normal 0.914209 -0.405243 0.000000
    outer loop
      vertex 77.817909 114.559180 -3.000000
      vertex 77.802992 114.525527 -3.000000
      vertex 77.802992 114.525527 -4.250000
    endloop
  endfacet
  facet normal 0.914209 -0.405243 -0.000000
    outer loop
      vertex 77.817909 114.559180 -3.000000
      vertex 77.802992 114.525527 -4.250000
      vertex 77.817909 114.559180 -4.250000
    endloop
  endfacet
  facet normal 0.893224 -0.449612 0.000000
    outer loop
      vertex 77.802992 114.525527 -3.000000
      vertex 77.786441 114.492646 -3.000000
      vertex 77.786441 114.492647 -4.250000
    endloop
  endfacet
  facet normal 0.893224 -0.449612 -0.000000
    outer loop
      vertex 77.802992 114.525527 -3.000000
      vertex 77.786441 114.492647 -4.250000
      vertex 77.802992 114.525527 -4.250000
    endloop
  endfacet
  facet normal 0.870087 -0.492898 0.000000
    outer loop
      vertex 77.786441 114.492646 -3.000000
      vertex 77.768296 114.460617 -3.000000
      vertex 77.768297 114.460617 -4.250000
    endloop
  endfacet
  facet normal 0.870087 -0.492898 -0.000000
    outer loop
      vertex 77.786441 114.492646 -3.000000
      vertex 77.768297 114.460617 -4.250000
      vertex 77.786441 114.492647 -4.250000
    endloop
  endfacet
  facet normal 0.844853 -0.534998 0.000000
    outer loop
      vertex 77.768296 114.460617 -3.000000
      vertex 77.748602 114.429516 -3.000000
      vertex 77.748602 114.429516 -4.250000
    endloop
  endfacet
  facet normal 0.844853 -0.534998 -0.000000
    outer loop
      vertex 77.768296 114.460617 -3.000000
      vertex 77.748602 114.429516 -4.250000
      vertex 77.768297 114.460617 -4.250000
    endloop
  endfacet
  facet normal 0.817584 -0.575809 0.000000
    outer loop
      vertex 77.748602 114.429516 -3.000000
      vertex 77.727405 114.399419 -3.000000
      vertex 77.727405 114.399419 -4.250000
    endloop
  endfacet
  facet normal 0.817584 -0.575809 -0.000000
    outer loop
      vertex 77.748602 114.429516 -3.000000
      vertex 77.727405 114.399419 -4.250000
      vertex 77.748602 114.429516 -4.250000
    endloop
  endfacet
  facet normal 0.788346 -0.615232 0.000000
    outer loop
      vertex 77.727405 114.399419 -3.000000
      vertex 77.704757 114.370399 -3.000000
      vertex 77.704758 114.370399 -4.250000
    endloop
  endfacet
  facet normal 0.788346 -0.615232 -0.000000
    outer loop
      vertex 77.727405 114.399419 -3.000000
      vertex 77.704758 114.370399 -4.250000
      vertex 77.727405 114.399419 -4.250000
    endloop
  endfacet
  facet normal 0.757209 -0.653173 0.000000
    outer loop
      vertex 77.704757 114.370399 -3.000000
      vertex 77.680713 114.342525 -3.000000
      vertex 77.680713 114.342525 -4.250000
    endloop
  endfacet
  facet normal 0.757209 -0.653173 -0.000000
    outer loop
      vertex 77.704757 114.370399 -3.000000
      vertex 77.680713 114.342525 -4.250000
      vertex 77.704758 114.370399 -4.250000
    endloop
  endfacet
  facet normal 0.724247 -0.689541 0.000000
    outer loop
      vertex 77.680713 114.342525 -3.000000
      vertex 77.655330 114.315864 -3.000000
      vertex 77.655330 114.315864 -4.250000
    endloop
  endfacet
  facet normal 0.724247 -0.689541 -0.000000
    outer loop
      vertex 77.680713 114.342525 -3.000000
      vertex 77.655330 114.315864 -4.250000
      vertex 77.680713 114.342525 -4.250000
    endloop
  endfacet
  facet normal 0.689541 -0.724247 0.000000
    outer loop
      vertex 77.655330 114.315864 -3.000000
      vertex 77.628669 114.290481 -3.000000
      vertex 77.655330 114.315864 -4.250000
    endloop
  endfacet
  facet normal 0.689541 -0.724247 -0.000000
    outer loop
      vertex 77.628669 114.290481 -3.000000
      vertex 77.628669 114.290481 -4.250000
      vertex 77.655330 114.315864 -4.250000
    endloop
  endfacet
  facet normal 0.653173 -0.757209 0.000000
    outer loop
      vertex 77.628669 114.290481 -3.000000
      vertex 77.600795 114.266437 -3.000000
      vertex 77.628669 114.290481 -4.250000
    endloop
  endfacet
  facet normal 0.653173 -0.757209 -0.000000
    outer loop
      vertex 77.600795 114.266437 -3.000000
      vertex 77.600795 114.266437 -4.250000
      vertex 77.628669 114.290481 -4.250000
    endloop
  endfacet
  facet normal 0.615232 -0.788346 0.000000
    outer loop
      vertex 77.600795 114.266437 -3.000000
      vertex 77.571775 114.243789 -3.000000
      vertex 77.600795 114.266437 -4.250000
    endloop
  endfacet
  facet normal 0.615232 -0.788346 -0.000000
    outer loop
      vertex 77.571775 114.243789 -3.000000
      vertex 77.571775 114.243789 -4.250000
      vertex 77.600795 114.266437 -4.250000
    endloop
  endfacet
  facet normal 0.575809 -0.817584 0.000000
    outer loop
      vertex 77.571775 114.243789 -3.000000
      vertex 77.541678 114.222592 -3.000000
      vertex 77.571775 114.243789 -4.250000
    endloop
  endfacet
  facet normal 0.575809 -0.817584 -0.000000
    outer loop
      vertex 77.541678 114.222592 -3.000000
      vertex 77.541678 114.222592 -4.250000
      vertex 77.571775 114.243789 -4.250000
    endloop
  endfacet
  facet normal 0.534998 -0.844853 0.000000
    outer loop
      vertex 77.541678 114.222592 -3.000000
      vertex 77.510577 114.202898 -3.000000
      vertex 77.541678 114.222592 -4.250000
    endloop
  endfacet
  facet normal 0.534998 -0.844853 -0.000000
    outer loop
      vertex 77.510577 114.202898 -3.000000
      vertex 77.510577 114.202897 -4.250000
      vertex 77.541678 114.222592 -4.250000
    endloop
  endfacet
  facet normal 0.492898 -0.870087 0.000000
    outer loop
      vertex 77.510577 114.202898 -3.000000
      vertex 77.478548 114.184753 -3.000000
      vertex 77.510577 114.202897 -4.250000
    endloop
  endfacet
  facet normal 0.492898 -0.870087 -0.000000
    outer loop
      vertex 77.478548 114.184753 -3.000000
      vertex 77.478547 114.184753 -4.250000
      vertex 77.510577 114.202897 -4.250000
    endloop
  endfacet
  facet normal 0.449612 -0.893224 0.000000
    outer loop
      vertex 77.478548 114.184753 -3.000000
      vertex 77.445667 114.168203 -3.000000
      vertex 77.478547 114.184753 -4.250000
    endloop
  endfacet
  facet normal 0.449612 -0.893224 -0.000000
    outer loop
      vertex 77.445667 114.168203 -3.000000
      vertex 77.445667 114.168202 -4.250000
      vertex 77.478547 114.184753 -4.250000
    endloop
  endfacet
  facet normal 0.405243 -0.914209 0.000000
    outer loop
      vertex 77.445667 114.168203 -3.000000
      vertex 77.412014 114.153285 -3.000000
      vertex 77.445667 114.168202 -4.250000
    endloop
  endfacet
  facet normal 0.405243 -0.914209 -0.000000
    outer loop
      vertex 77.412014 114.153285 -3.000000
      vertex 77.412014 114.153285 -4.250000
      vertex 77.445667 114.168202 -4.250000
    endloop
  endfacet
  facet normal 0.359897 -0.932992 0.000000
    outer loop
      vertex 77.412014 114.153285 -3.000000
      vertex 77.377669 114.140037 -3.000000
      vertex 77.412014 114.153285 -4.250000
    endloop
  endfacet
  facet normal 0.359897 -0.932992 0.000000
    outer loop
      vertex 77.377669 114.140037 -3.000000
      vertex 77.377669 114.140037 -4.250000
      vertex 77.412014 114.153285 -4.250000
    endloop
  endfacet
  facet normal 0.313684 -0.949527 -0.000000
    outer loop
      vertex 77.377669 114.140037 -3.000000
      vertex 77.342715 114.128489 -3.000000
      vertex 77.342715 114.128489 -4.250000
    endloop
  endfacet
  facet normal 0.313684 -0.949527 -0.000000
    outer loop
      vertex 77.377669 114.140037 -3.000000
      vertex 77.342715 114.128489 -4.250000
      vertex 77.377669 114.140037 -4.250000
    endloop
  endfacet
  facet normal 0.266715 -0.963775 0.000000
    outer loop
      vertex 77.342715 114.128489 -3.000000
      vertex 77.307237 114.118671 -3.000000
      vertex 77.342715 114.128489 -4.250000
    endloop
  endfacet
  facet normal 0.266715 -0.963775 -0.000000
    outer loop
      vertex 77.307237 114.118671 -3.000000
      vertex 77.307237 114.118671 -4.250000
      vertex 77.342715 114.128489 -4.250000
    endloop
  endfacet
  facet normal 0.219103 -0.975702 0.000000
    outer loop
      vertex 77.307237 114.118671 -3.000000
      vertex 77.271319 114.110605 -3.000000
      vertex 77.307237 114.118671 -4.250000
    endloop
  endfacet
  facet normal 0.219102 -0.975702 -0.000000
    outer loop
      vertex 77.271319 114.110605 -3.000000
      vertex 77.271318 114.110605 -4.250000
      vertex 77.307237 114.118671 -4.250000
    endloop
  endfacet
  facet normal 0.170963 -0.985277 0.000000
    outer loop
      vertex 77.271319 114.110605 -3.000000
      vertex 77.235048 114.104312 -3.000000
      vertex 77.271318 114.110605 -4.250000
    endloop
  endfacet
  facet normal 0.170962 -0.985278 -0.000000
    outer loop
      vertex 77.235048 114.104312 -3.000000
      vertex 77.235047 114.104312 -4.250000
      vertex 77.271318 114.110605 -4.250000
    endloop
  endfacet
  facet normal 0.122413 -0.992479 0.000000
    outer loop
      vertex 77.235048 114.104312 -3.000000
      vertex 77.198515 114.099806 -3.000000
      vertex 77.235047 114.104312 -4.250000
    endloop
  endfacet
  facet normal 0.122412 -0.992479 -0.000000
    outer loop
      vertex 77.198515 114.099806 -3.000000
      vertex 77.198515 114.099806 -4.250000
      vertex 77.235047 114.104312 -4.250000
    endloop
  endfacet
  facet normal 0.073569 -0.997290 0.000000
    outer loop
      vertex 77.198515 114.099806 -3.000000
      vertex 77.161804 114.097098 -3.000000
      vertex 77.198515 114.099806 -4.250000
    endloop
  endfacet
  facet normal 0.073568 -0.997290 -0.000000
    outer loop
      vertex 77.161804 114.097098 -3.000000
      vertex 77.161804 114.097098 -4.250000
      vertex 77.198515 114.099806 -4.250000
    endloop
  endfacet
  facet normal 0.024544 -0.999699 0.000000
    outer loop
      vertex 77.161804 114.097098 -3.000000
      vertex 77.125000 114.096194 -3.000000
      vertex 77.161804 114.097098 -4.250000
    endloop
  endfacet
  facet normal 0.024543 -0.999699 0.000000
    outer loop
      vertex 77.125000 114.096194 -3.000000
      vertex 77.125000 114.096194 -4.250000
      vertex 77.161804 114.097098 -4.250000
    endloop
  endfacet
  facet normal 0.999699 -0.024544 -0.000000
    outer loop
      vertex 77.874096 114.809390 -3.000000
      vertex 77.875000 114.846194 -3.000000
      vertex 77.875000 114.846194 -2.500000
    endloop
  endfacet
  facet normal 0.999699 -0.024544 -0.000000
    outer loop
      vertex 77.874096 114.809390 -3.000000
      vertex 77.875000 114.846194 -2.500000
      vertex 77.874096 114.809390 -2.500000
    endloop
  endfacet
  facet normal 0.997290 -0.073569 -0.000000
    outer loop
      vertex 77.874096 114.809390 -2.500000
      vertex 77.871388 114.772679 -2.500000
      vertex 77.874096 114.809390 -3.000000
    endloop
  endfacet
  facet normal 0.997290 -0.073569 -0.000000
    outer loop
      vertex 77.871388 114.772679 -2.500000
      vertex 77.871388 114.772679 -3.000000
      vertex 77.874096 114.809390 -3.000000
    endloop
  endfacet
  facet normal 0.992479 -0.122413 -0.000000
    outer loop
      vertex 77.871388 114.772679 -2.500000
      vertex 77.866882 114.736146 -2.500000
      vertex 77.871388 114.772679 -3.000000
    endloop
  endfacet
  facet normal 0.992479 -0.122413 -0.000000
    outer loop
      vertex 77.866882 114.736146 -2.500000
      vertex 77.866882 114.736146 -3.000000
      vertex 77.871388 114.772679 -3.000000
    endloop
  endfacet
  facet normal 0.985277 -0.170963 -0.000000
    outer loop
      vertex 77.866882 114.736146 -2.500000
      vertex 77.860589 114.699875 -2.500000
      vertex 77.866882 114.736146 -3.000000
    endloop
  endfacet
  facet normal 0.985277 -0.170963 -0.000000
    outer loop
      vertex 77.860589 114.699875 -2.500000
      vertex 77.860589 114.699875 -3.000000
      vertex 77.866882 114.736146 -3.000000
    endloop
  endfacet
  facet normal 0.975702 -0.219103 -0.000000
    outer loop
      vertex 77.860589 114.699875 -2.500000
      vertex 77.852523 114.663957 -2.500000
      vertex 77.860589 114.699875 -3.000000
    endloop
  endfacet
  facet normal 0.975702 -0.219103 -0.000000
    outer loop
      vertex 77.852523 114.663957 -2.500000
      vertex 77.852523 114.663957 -3.000000
      vertex 77.860589 114.699875 -3.000000
    endloop
  endfacet
  facet normal 0.963775 -0.266715 -0.000000
    outer loop
      vertex 77.852523 114.663957 -2.500000
      vertex 77.842705 114.628479 -2.500000
      vertex 77.852523 114.663957 -3.000000
    endloop
  endfacet
  facet normal 0.963775 -0.266715 0.000000
    outer loop
      vertex 77.842705 114.628479 -2.500000
      vertex 77.842705 114.628479 -3.000000
      vertex 77.852523 114.663957 -3.000000
    endloop
  endfacet
  facet normal 0.949527 -0.313684 -0.000000
    outer loop
      vertex 77.842705 114.628479 -2.500000
      vertex 77.831157 114.593525 -2.500000
      vertex 77.831157 114.593525 -3.000000
    endloop
  endfacet
  facet normal 0.949527 -0.313684 0.000000
    outer loop
      vertex 77.842705 114.628479 -2.500000
      vertex 77.831157 114.593525 -3.000000
      vertex 77.842705 114.628479 -3.000000
    endloop
  endfacet
  facet normal 0.932992 -0.359897 0.000000
    outer loop
      vertex 77.831157 114.593525 -2.500000
      vertex 77.817909 114.559180 -2.500000
      vertex 77.817909 114.559180 -3.000000
    endloop
  endfacet
  facet normal 0.932992 -0.359897 0.000000
    outer loop
      vertex 77.831157 114.593525 -2.500000
      vertex 77.817909 114.559180 -3.000000
      vertex 77.831157 114.593525 -3.000000
    endloop
  endfacet
  facet normal 0.914209 -0.405243 0.000000
    outer loop
      vertex 77.817909 114.559180 -2.500000
      vertex 77.802992 114.525527 -2.500000
      vertex 77.802992 114.525527 -3.000000
    endloop
  endfacet
  facet normal 0.914209 -0.405243 0.000000
    outer loop
      vertex 77.817909 114.559180 -2.500000
      vertex 77.802992 114.525527 -3.000000
      vertex 77.817909 114.559180 -3.000000
    endloop
  endfacet
  facet normal 0.893224 -0.449612 0.000000
    outer loop
      vertex 77.802992 114.525527 -2.500000
      vertex 77.786441 114.492646 -2.500000
      vertex 77.786441 114.492646 -3.000000
    endloop
  endfacet
  facet normal 0.893224 -0.449612 0.000000
    outer loop
      vertex 77.802992 114.525527 -2.500000
      vertex 77.786441 114.492646 -3.000000
      vertex 77.802992 114.525527 -3.000000
    endloop
  endfacet
  facet normal 0.870087 -0.492898 0.000000
    outer loop
      vertex 77.786441 114.492646 -2.500000
      vertex 77.768296 114.460617 -2.500000
      vertex 77.768296 114.460617 -3.000000
    endloop
  endfacet
  facet normal 0.870087 -0.492898 0.000000
    outer loop
      vertex 77.786441 114.492646 -2.500000
      vertex 77.768296 114.460617 -3.000000
      vertex 77.786441 114.492646 -3.000000
    endloop
  endfacet
  facet normal 0.844853 -0.534998 0.000000
    outer loop
      vertex 77.768296 114.460617 -2.500000
      vertex 77.748602 114.429516 -2.500000
      vertex 77.748602 114.429516 -3.000000
    endloop
  endfacet
  facet normal 0.844853 -0.534998 0.000000
    outer loop
      vertex 77.768296 114.460617 -2.500000
      vertex 77.748602 114.429516 -3.000000
      vertex 77.768296 114.460617 -3.000000
    endloop
  endfacet
  facet normal 0.817584 -0.575809 0.000000
    outer loop
      vertex 77.748602 114.429516 -2.500000
      vertex 77.727405 114.399419 -2.500000
      vertex 77.727405 114.399419 -3.000000
    endloop
  endfacet
  facet normal 0.817584 -0.575809 0.000000
    outer loop
      vertex 77.748602 114.429516 -2.500000
      vertex 77.727405 114.399419 -3.000000
      vertex 77.748602 114.429516 -3.000000
    endloop
  endfacet
  facet normal 0.788346 -0.615232 0.000000
    outer loop
      vertex 77.727405 114.399419 -2.500000
      vertex 77.704757 114.370399 -2.500000
      vertex 77.704757 114.370399 -3.000000
    endloop
  endfacet
  facet normal 0.788346 -0.615232 0.000000
    outer loop
      vertex 77.727405 114.399419 -2.500000
      vertex 77.704757 114.370399 -3.000000
      vertex 77.727405 114.399419 -3.000000
    endloop
  endfacet
  facet normal 0.757209 -0.653173 0.000000
    outer loop
      vertex 77.704757 114.370399 -2.500000
      vertex 77.680713 114.342525 -2.500000
      vertex 77.680713 114.342525 -3.000000
    endloop
  endfacet
  facet normal 0.757209 -0.653173 0.000000
    outer loop
      vertex 77.704757 114.370399 -2.500000
      vertex 77.680713 114.342525 -3.000000
      vertex 77.704757 114.370399 -3.000000
    endloop
  endfacet
  facet normal 0.724247 -0.689541 0.000000
    outer loop
      vertex 77.680713 114.342525 -2.500000
      vertex 77.655330 114.315864 -2.500000
      vertex 77.655330 114.315864 -3.000000
    endloop
  endfacet
  facet normal 0.724247 -0.689541 0.000000
    outer loop
      vertex 77.680713 114.342525 -2.500000
      vertex 77.655330 114.315864 -3.000000
      vertex 77.680713 114.342525 -3.000000
    endloop
  endfacet
  facet normal 0.689541 -0.724247 0.000000
    outer loop
      vertex 77.655330 114.315864 -2.500000
      vertex 77.628669 114.290481 -2.500000
      vertex 77.628669 114.290481 -3.000000
    endloop
  endfacet
  facet normal 0.689541 -0.724247 0.000000
    outer loop
      vertex 77.655330 114.315864 -2.500000
      vertex 77.628669 114.290481 -3.000000
      vertex 77.655330 114.315864 -3.000000
    endloop
  endfacet
  facet normal 0.653173 -0.757209 0.000000
    outer loop
      vertex 77.628669 114.290481 -2.500000
      vertex 77.600795 114.266437 -2.500000
      vertex 77.600795 114.266437 -3.000000
    endloop
  endfacet
  facet normal 0.653173 -0.757209 0.000000
    outer loop
      vertex 77.628669 114.290481 -2.500000
      vertex 77.600795 114.266437 -3.000000
      vertex 77.628669 114.290481 -3.000000
    endloop
  endfacet
  facet normal 0.615232 -0.788346 0.000000
    outer loop
      vertex 77.600795 114.266437 -2.500000
      vertex 77.571775 114.243789 -2.500000
      vertex 77.571775 114.243789 -3.000000
    endloop
  endfacet
  facet normal 0.615232 -0.788346 0.000000
    outer loop
      vertex 77.600795 114.266437 -2.500000
      vertex 77.571775 114.243789 -3.000000
      vertex 77.600795 114.266437 -3.000000
    endloop
  endfacet
  facet normal 0.575809 -0.817584 0.000000
    outer loop
      vertex 77.571775 114.243789 -2.500000
      vertex 77.541678 114.222592 -2.500000
      vertex 77.541678 114.222592 -3.000000
    endloop
  endfacet
  facet normal 0.575809 -0.817584 0.000000
    outer loop
      vertex 77.571775 114.243789 -2.500000
      vertex 77.541678 114.222592 -3.000000
      vertex 77.571775 114.243789 -3.000000
    endloop
  endfacet
  facet normal 0.534998 -0.844853 0.000000
    outer loop
      vertex 77.541678 114.222592 -2.500000
      vertex 77.510577 114.202898 -2.500000
      vertex 77.510577 114.202898 -3.000000
    endloop
  endfacet
  facet normal 0.534998 -0.844853 0.000000
    outer loop
      vertex 77.541678 114.222592 -2.500000
      vertex 77.510577 114.202898 -3.000000
      vertex 77.541678 114.222592 -3.000000
    endloop
  endfacet
  facet normal 0.492898 -0.870087 0.000000
    outer loop
      vertex 77.510577 114.202898 -2.500000
      vertex 77.478548 114.184753 -2.500000
      vertex 77.478548 114.184753 -3.000000
    endloop
  endfacet
  facet normal 0.492898 -0.870087 0.000000
    outer loop
      vertex 77.510577 114.202898 -2.500000
      vertex 77.478548 114.184753 -3.000000
      vertex 77.510577 114.202898 -3.000000
    endloop
  endfacet
  facet normal 0.449612 -0.893224 0.000000
    outer loop
      vertex 77.478548 114.184753 -2.500000
      vertex 77.445667 114.168203 -2.500000
      vertex 77.445667 114.168203 -3.000000
    endloop
  endfacet
  facet normal 0.449612 -0.893224 0.000000
    outer loop
      vertex 77.478548 114.184753 -2.500000
      vertex 77.445667 114.168203 -3.000000
      vertex 77.478548 114.184753 -3.000000
    endloop
  endfacet
  facet normal 0.405243 -0.914209 0.000000
    outer loop
      vertex 77.445667 114.168203 -2.500000
      vertex 77.412014 114.153285 -2.500000
      vertex 77.412014 114.153285 -3.000000
    endloop
  endfacet
  facet normal 0.405243 -0.914209 0.000000
    outer loop
      vertex 77.445667 114.168203 -2.500000
      vertex 77.412014 114.153285 -3.000000
      vertex 77.445667 114.168203 -3.000000
    endloop
  endfacet
  facet normal 0.359897 -0.932992 0.000000
    outer loop
      vertex 77.412014 114.153285 -2.500000
      vertex 77.377669 114.140037 -2.500000
      vertex 77.377669 114.140037 -3.000000
    endloop
  endfacet
  facet normal 0.359897 -0.932992 0.000000
    outer loop
      vertex 77.412014 114.153285 -2.500000
      vertex 77.377669 114.140037 -3.000000
      vertex 77.412014 114.153285 -3.000000
    endloop
  endfacet
  facet normal 0.313684 -0.949527 0.000000
    outer loop
      vertex 77.377669 114.140037 -2.500000
      vertex 77.342715 114.128489 -2.500000
      vertex 77.342715 114.128489 -3.000000
    endloop
  endfacet
  facet normal 0.313684 -0.949527 0.000000
    outer loop
      vertex 77.377669 114.140037 -2.500000
      vertex 77.342715 114.128489 -3.000000
      vertex 77.377669 114.140037 -3.000000
    endloop
  endfacet
  facet normal 0.266715 -0.963775 0.000000
    outer loop
      vertex 77.342715 114.128489 -2.500000
      vertex 77.307237 114.118671 -2.500000
      vertex 77.307237 114.118671 -3.000000
    endloop
  endfacet
  facet normal 0.266715 -0.963775 0.000000
    outer loop
      vertex 77.342715 114.128489 -2.500000
      vertex 77.307237 114.118671 -3.000000
      vertex 77.342715 114.128489 -3.000000
    endloop
  endfacet
  facet normal 0.219103 -0.975702 0.000000
    outer loop
      vertex 77.307237 114.118671 -2.500000
      vertex 77.271319 114.110605 -2.500000
      vertex 77.271319 114.110605 -3.000000
    endloop
  endfacet
  facet normal 0.219103 -0.975702 0.000000
    outer loop
      vertex 77.307237 114.118671 -2.500000
      vertex 77.271319 114.110605 -3.000000
      vertex 77.307237 114.118671 -3.000000
    endloop
  endfacet
  facet normal 0.170963 -0.985277 0.000000
    outer loop
      vertex 77.271319 114.110605 -2.500000
      vertex 77.235048 114.104312 -2.500000
      vertex 77.235048 114.104312 -3.000000
    endloop
  endfacet
  facet normal 0.170963 -0.985277 0.000000
    outer loop
      vertex 77.271319 114.110605 -2.500000
      vertex 77.235048 114.104312 -3.000000
      vertex 77.271319 114.110605 -3.000000
    endloop
  endfacet
  facet normal 0.122413 -0.992479 0.000000
    outer loop
      vertex 77.235048 114.104312 -2.500000
      vertex 77.198515 114.099806 -2.500000
      vertex 77.198515 114.099806 -3.000000
    endloop
  endfacet
  facet normal 0.122413 -0.992479 0.000000
    outer loop
      vertex 77.235048 114.104312 -2.500000
      vertex 77.198515 114.099806 -3.000000
      vertex 77.235048 114.104312 -3.000000
    endloop
  endfacet
  facet normal 0.073569 -0.997290 0.000000
    outer loop
      vertex 77.198515 114.099806 -2.500000
      vertex 77.161804 114.097098 -2.500000
      vertex 77.161804 114.097098 -3.000000
    endloop
  endfacet
  facet normal 0.073569 -0.997290 0.000000
    outer loop
      vertex 77.198515 114.099806 -2.500000
      vertex 77.161804 114.097098 -3.000000
      vertex 77.198515 114.099806 -3.000000
    endloop
  endfacet
  facet normal 0.024544 -0.999699 0.000000
    outer loop
      vertex 77.161804 114.097098 -2.500000
      vertex 77.125000 114.096194 -2.500000
      vertex 77.125000 114.096194 -3.000000
    endloop
  endfacet
  facet normal 0.024544 -0.999699 0.000000
    outer loop
      vertex 77.161804 114.097098 -2.500000
      vertex 77.125000 114.096194 -3.000000
      vertex 77.161804 114.097098 -3.000000
    endloop
  endfacet
  facet normal 0.000000 0.000000 1.000000
    outer loop
      vertex 75.338196 117.095290 -2.500000
      vertex 75.301485 117.092582 -2.500000
      vertex 75.264952 117.088076 -2.500000
    endloop
  endfacet
  facet normal 0.000000 0.000000 1.000000
    outer loop
      vertex 75.264952 114.104312 -2.500000
      vertex 75.301485 114.099806 -2.500000
      vertex 75.338196 114.097098 -2.500000
    endloop
  endfacet
  facet normal -0.000000 0.000000 1.000000
    outer loop
      vertex 77.235048 117.088076 -2.500000
      vertex 77.198515 117.092582 -2.500000
      vertex 77.161804 117.095290 -2.500000
    endloop
  endfacet
  facet normal -0.000000 0.000000 1.000000
    outer loop
      vertex 77.161804 114.097098 -2.500000
      vertex 77.198515 114.099806 -2.500000
      vertex 77.235048 114.104312 -2.500000
    endloop
  endfacet
  facet normal -0.000000 0.000000 1.000000
    outer loop
      vertex 77.866882 114.736146 -2.500000
      vertex 77.871388 114.772679 -2.500000
      vertex 77.874096 114.809390 -2.500000
    endloop
  endfacet
  facet normal -0.000000 -0.000000 1.000000
    outer loop
      vertex 74.625904 114.809390 -2.500000
      vertex 74.628612 114.772679 -2.500000
      vertex 74.633118 114.736146 -2.500000
    endloop
  endfacet
  facet normal 0.000000 -0.000000 1.000000
    outer loop
      vertex 77.874096 116.382998 -2.500000
      vertex 77.871388 116.419709 -2.500000
      vertex 77.866882 116.456242 -2.500000
    endloop
  endfacet
  facet normal -0.000000 0.000000 1.000000
    outer loop
      vertex 74.633118 116.456242 -2.500000
      vertex 74.628612 116.419709 -2.500000
      vertex 74.625904 116.382998 -2.500000
    endloop
  endfacet
  facet normal 0.000000 -0.000000 1.000000
    outer loop
      vertex 75.087986 117.039103 -2.500000
      vertex 75.054333 117.024186 -2.500000
      vertex 75.021452 117.007635 -2.500000
    endloop
  endfacet
  facet normal -0.000000 0.000000 1.000000
    outer loop
      vertex 77.478548 117.007635 -2.500000
      vertex 77.445667 117.024186 -2.500000
      vertex 77.412014 117.039103 -2.500000
    endloop
  endfacet
  facet normal 0.000000 -0.000000 1.000000
    outer loop
      vertex 77.817909 116.633208 -2.500000
      vertex 77.802992 116.666861 -2.500000
      vertex 77.786441 116.699742 -2.500000
    endloop
  endfacet
  facet normal 0.000000 0.000000 1.000000
    outer loop
      vertex 74.713559 116.699742 -2.500000
      vertex 74.697008 116.666861 -2.500000
      vertex 74.682091 116.633208 -2.500000
    endloop
  endfacet
  facet normal -0.000000 -0.000000 1.000000
    outer loop
      vertex 75.021452 114.184753 -2.500000
      vertex 75.054333 114.168203 -2.500000
      vertex 75.087986 114.153285 -2.500000
    endloop
  endfacet
  facet normal 0.000000 -0.000000 1.000000
    outer loop
      vertex 74.682091 114.559180 -2.500000
      vertex 74.697008 114.525527 -2.500000
      vertex 74.713559 114.492646 -2.500000
    endloop
  endfacet
  facet normal -0.000000 0.000000 1.000000
    outer loop
      vertex 77.412014 114.153285 -2.500000
      vertex 77.445667 114.168203 -2.500000
      vertex 77.478548 114.184753 -2.500000
    endloop
  endfacet
  facet normal -0.000000 0.000000 1.000000
    outer loop
      vertex 77.786441 114.492646 -2.500000
      vertex 77.802992 114.525527 -2.500000
      vertex 77.817909 114.559180 -2.500000
    endloop
  endfacet
  facet normal -0.000000 0.000000 1.000000
    outer loop
      vertex 77.680713 114.342525 -2.500000
      vertex 77.704757 114.370399 -2.500000
      vertex 77.727405 114.399419 -2.500000
    endloop
  endfacet
  facet normal -0.000000 0.000000 1.000000
    outer loop
      vertex 77.571775 114.243789 -2.500000
      vertex 77.600795 114.266437 -2.500000
      vertex 77.628669 114.290481 -2.500000
    endloop
  endfacet
  facet normal 0.000000 0.000000 1.000000
    outer loop
      vertex 74.928225 116.948599 -2.500000
      vertex 74.899205 116.925952 -2.500000
      vertex 74.871331 116.901907 -2.500000
    endloop
  endfacet
  facet normal -0.000000 -0.000000 1.000000
    outer loop
      vertex 77.628669 116.901907 -2.500000
      vertex 77.600795 116.925952 -2.500000
      vertex 77.571775 116.948599 -2.500000
    endloop
  endfacet
  facet normal -0.000000 -0.000000 1.000000
    outer loop
      vertex 74.871331 114.290481 -2.500000
      vertex 74.899205 114.266437 -2.500000
      vertex 74.928225 114.243789 -2.500000
    endloop
  endfacet
  facet normal 0.000000 -0.000000 1.000000
    outer loop
      vertex 74.772595 114.399419 -2.500000
      vertex 74.795243 114.370399 -2.500000
      vertex 74.819287 114.342525 -2.500000
    endloop
  endfacet
  facet normal -0.000000 0.000000 1.000000
    outer loop
      vertex 77.727405 116.792969 -2.500000
      vertex 77.704757 116.821990 -2.500000
      vertex 77.680713 116.849863 -2.500000
    endloop
  endfacet
  facet normal 0.000000 0.000000 1.000000
    outer loop
      vertex 74.819287 116.849863 -2.500000
      vertex 74.795243 116.821990 -2.500000
      vertex 74.772595 116.792969 -2.500000
    endloop
  endfacet
  facet normal -0.000000 0.000000 1.000000
    outer loop
      vertex 77.817909 114.559180 -2.500000
      vertex 77.831157 114.593525 -2.500000
      vertex 77.842705 114.628479 -2.500000
    endloop
  endfacet
  facet normal -0.000000 -0.000000 1.000000
    outer loop
      vertex 74.657295 114.628479 -2.500000
      vertex 74.668843 114.593525 -2.500000
      vertex 74.682091 114.559180 -2.500000
    endloop
  endfacet
  facet normal -0.000000 -0.000000 1.000000
    outer loop
      vertex 75.087986 114.153285 -2.500000
      vertex 75.122331 114.140037 -2.500000
      vertex 75.157285 114.128489 -2.500000
    endloop
  endfacet
  facet normal -0.000000 0.000000 1.000000
    outer loop
      vertex 77.342715 114.128489 -2.500000
      vertex 77.377669 114.140037 -2.500000
      vertex 77.412014 114.153285 -2.500000
    endloop
  endfacet
  facet normal 0.000000 -0.000000 1.000000
    outer loop
      vertex 74.682091 116.633208 -2.500000
      vertex 74.668843 116.598863 -2.500000
      vertex 74.657295 116.563910 -2.500000
    endloop
  endfacet
  facet normal 0.000000 -0.000000 1.000000
    outer loop
      vertex 75.157285 117.063899 -2.500000
      vertex 75.122331 117.052351 -2.500000
      vertex 75.087986 117.039103 -2.500000
    endloop
  endfacet
  facet normal 0.000000 -0.000000 1.000000
    outer loop
      vertex 77.842705 116.563910 -2.500000
      vertex 77.831157 116.598863 -2.500000
      vertex 77.817909 116.633208 -2.500000
    endloop
  endfacet
  facet normal -0.000000 -0.000000 1.000000
    outer loop
      vertex 77.412014 117.039103 -2.500000
      vertex 77.377669 117.052351 -2.500000
      vertex 77.342715 117.063899 -2.500000
    endloop
  endfacet
  facet normal 0.000000 0.000000 1.000000
    outer loop
      vertex 74.871331 116.901907 -2.500000
      vertex 74.844670 116.876524 -2.500000
      vertex 74.819287 116.849863 -2.500000
    endloop
  endfacet
  facet normal -0.000000 -0.000000 1.000000
    outer loop
      vertex 77.680713 116.849863 -2.500000
      vertex 77.655330 116.876524 -2.500000
      vertex 77.628669 116.901907 -2.500000
    endloop
  endfacet
  facet normal -0.000000 -0.000000 1.000000
    outer loop
      vertex 74.819287 114.342525 -2.500000
      vertex 74.844670 114.315864 -2.500000
      vertex 74.871331 114.290481 -2.500000
    endloop
  endfacet
  facet normal -0.000000 0.000000 1.000000
    outer loop
      vertex 77.628669 114.290481 -2.500000
      vertex 77.655330 114.315864 -2.500000
      vertex 77.680713 114.342525 -2.500000
    endloop
  endfacet
  facet normal -0.000000 0.000000 1.000000
    outer loop
      vertex 77.478548 114.184753 -2.500000
      vertex 77.510577 114.202898 -2.500000
      vertex 77.541678 114.222592 -2.500000
    endloop
  endfacet
  facet normal -0.000000 0.000000 1.000000
    outer loop
      vertex 77.541678 116.969796 -2.500000
      vertex 77.510577 116.989490 -2.500000
      vertex 77.478548 117.007635 -2.500000
    endloop
  endfacet
  facet normal -0.000000 -0.000000 1.000000
    outer loop
      vertex 74.713559 114.492646 -2.500000
      vertex 74.731704 114.460617 -2.500000
      vertex 74.751398 114.429516 -2.500000
    endloop
  endfacet
  facet normal -0.000000 0.000000 1.000000
    outer loop
      vertex 77.748602 114.429516 -2.500000
      vertex 77.768296 114.460617 -2.500000
      vertex 77.786441 114.492646 -2.500000
    endloop
  endfacet
  facet normal -0.000000 -0.000000 1.000000
    outer loop
      vertex 74.958322 114.222592 -2.500000
      vertex 74.989423 114.202898 -2.500000
      vertex 75.021452 114.184753 -2.500000
    endloop
  endfacet
  facet normal 0.000000 0.000000 1.000000
    outer loop
      vertex 75.021452 117.007635 -2.500000
      vertex 74.989423 116.989490 -2.500000
      vertex 74.958322 116.969796 -2.500000
    endloop
  endfacet
  facet normal 0.000000 0.000000 1.000000
    outer loop
      vertex 74.751398 116.762872 -2.500000
      vertex 74.731704 116.731771 -2.500000
      vertex 74.713559 116.699742 -2.500000
    endloop
  endfacet
  facet normal -0.000000 -0.000000 1.000000
    outer loop
      vertex 77.786441 116.699742 -2.500000
      vertex 77.768296 116.731771 -2.500000
      vertex 77.748602 116.762872 -2.500000
    endloop
  endfacet
  facet normal -0.000000 0.000000 1.000000
    outer loop
      vertex 77.271319 114.110605 -2.500000
      vertex 77.307237 114.118671 -2.500000
      vertex 77.342715 114.128489 -2.500000
    endloop
  endfacet
  facet normal 0.000000 0.000000 1.000000
    outer loop
      vertex 75.228681 117.081783 -2.500000
      vertex 75.192763 117.073717 -2.500000
      vertex 75.157285 117.063899 -2.500000
    endloop
  endfacet
  facet normal 0.000000 0.000000 1.000000
    outer loop
      vertex 74.657295 116.563910 -2.500000
      vertex 74.647477 116.528431 -2.500000
      vertex 74.639411 116.492513 -2.500000
    endloop
  endfacet
  facet normal 0.000000 0.000000 1.000000
    outer loop
      vertex 77.342715 117.063899 -2.500000
      vertex 77.307237 117.073717 -2.500000
      vertex 77.271319 117.081783 -2.500000
    endloop
  endfacet
  facet normal -0.000000 -0.000000 1.000000
    outer loop
      vertex 75.157285 114.128489 -2.500000
      vertex 75.192763 114.118671 -2.500000
      vertex 75.228681 114.110605 -2.500000
    endloop
  endfacet
  facet normal -0.000000 -0.000000 1.000000
    outer loop
      vertex 77.860589 116.492513 -2.500000
      vertex 77.852523 116.528431 -2.500000
      vertex 77.842705 116.563910 -2.500000
    endloop
  endfacet
  facet normal -0.000000 -0.000000 1.000000
    outer loop
      vertex 74.639411 114.699875 -2.500000
      vertex 74.647477 114.663957 -2.500000
      vertex 74.657295 114.628479 -2.500000
    endloop
  endfacet
  facet normal -0.000000 0.000000 1.000000
    outer loop
      vertex 77.842705 114.628479 -2.500000
      vertex 77.852523 114.663957 -2.500000
      vertex 77.860589 114.699875 -2.500000
    endloop
  endfacet
  facet normal 0.000000 -0.000000 1.000000
    outer loop
      vertex 75.338196 117.095290 -2.500000
      vertex 75.264952 117.088076 -2.500000
      vertex 75.228681 117.081783 -2.500000
    endloop
  endfacet
  facet normal -0.000000 0.000000 1.000000
    outer loop
      vertex 77.271319 117.081783 -2.500000
      vertex 77.235048 117.088076 -2.500000
      vertex 77.161804 117.095290 -2.500000
    endloop
  endfacet
  facet normal -0.000000 0.000000 1.000000
    outer loop
      vertex 77.161804 114.097098 -2.500000
      vertex 77.235048 114.104312 -2.500000
      vertex 77.271319 114.110605 -2.500000
    endloop
  endfacet
  facet normal 0.000000 -0.000000 1.000000
    outer loop
      vertex 77.874096 116.382998 -2.500000
      vertex 77.866882 116.456242 -2.500000
      vertex 77.860589 116.492513 -2.500000
    endloop
  endfacet
  facet normal -0.000000 -0.000000 1.000000
    outer loop
      vertex 75.228681 114.110605 -2.500000
      vertex 75.264952 114.104312 -2.500000
      vertex 75.338196 114.097098 -2.500000
    endloop
  endfacet
  facet normal -0.000000 0.000000 1.000000
    outer loop
      vertex 77.860589 114.699875 -2.500000
      vertex 77.866882 114.736146 -2.500000
      vertex 77.874096 114.809390 -2.500000
    endloop
  endfacet
  facet normal 0.000000 -0.000000 1.000000
    outer loop
      vertex 74.625904 114.809390 -2.500000
      vertex 74.633118 114.736146 -2.500000
      vertex 74.639411 114.699875 -2.500000
    endloop
  endfacet
  facet normal 0.000000 0.000000 1.000000
    outer loop
      vertex 74.639411 116.492513 -2.500000
      vertex 74.633118 116.456242 -2.500000
      vertex 74.625904 116.382998 -2.500000
    endloop
  endfacet
  facet normal -0.000000 0.000000 1.000000
    outer loop
      vertex 77.680713 114.342525 -2.500000
      vertex 77.727405 114.399419 -2.500000
      vertex 77.748602 114.429516 -2.500000
    endloop
  endfacet
  facet normal -0.000000 0.000000 1.000000
    outer loop
      vertex 77.541678 114.222592 -2.500000
      vertex 77.571775 114.243789 -2.500000
      vertex 77.628669 114.290481 -2.500000
    endloop
  endfacet
  facet normal 0.000000 0.000000 1.000000
    outer loop
      vertex 77.628669 116.901907 -2.500000
      vertex 77.571775 116.948599 -2.500000
      vertex 77.541678 116.969796 -2.500000
    endloop
  endfacet
  facet normal 0.000000 -0.000000 1.000000
    outer loop
      vertex 74.871331 114.290481 -2.500000
      vertex 74.928225 114.243789 -2.500000
      vertex 74.958322 114.222592 -2.500000
    endloop
  endfacet
  facet normal -0.000000 -0.000000 1.000000
    outer loop
      vertex 74.751398 114.429516 -2.500000
      vertex 74.772595 114.399419 -2.500000
      vertex 74.819287 114.342525 -2.500000
    endloop
  endfacet
  facet normal 0.000000 0.000000 1.000000
    outer loop
      vertex 74.958322 116.969796 -2.500000
      vertex 74.928225 116.948599 -2.500000
      vertex 74.871331 116.901907 -2.500000
    endloop
  endfacet
  facet normal 0.000000 -0.000000 1.000000
    outer loop
      vertex 74.819287 116.849863 -2.500000
      vertex 74.772595 116.792969 -2.500000
      vertex 74.751398 116.762872 -2.500000
    endloop
  endfacet
  facet normal -0.000000 -0.000000 1.000000
    outer loop
      vertex 77.748602 116.762872 -2.500000
      vertex 77.727405 116.792969 -2.500000
      vertex 77.680713 116.849863 -2.500000
    endloop
  endfacet
  facet normal -0.000000 -0.000000 1.000000
    outer loop
      vertex 77.875000 116.346194 -2.500000
      vertex 77.874096 116.382998 -2.500000
      vertex 77.860589 116.492513 -2.500000
    endloop
  endfacet
  facet normal 0.000000 0.000000 1.000000
    outer loop
      vertex 75.375000 117.096194 -2.500000
      vertex 75.338196 117.095290 -2.500000
      vertex 75.228681 117.081783 -2.500000
    endloop
  endfacet
  facet normal -0.000000 0.000000 1.000000
    outer loop
      vertex 77.860589 114.699875 -2.500000
      vertex 77.874096 114.809390 -2.500000
      vertex 77.875000 114.846194 -2.500000
    endloop
  endfacet
  facet normal -0.000000 0.000000 1.000000
    outer loop
      vertex 77.271319 117.081783 -2.500000
      vertex 77.161804 117.095290 -2.500000
      vertex 77.125000 117.096194 -2.500000
    endloop
  endfacet
  facet normal -0.000000 0.000000 1.000000
    outer loop
      vertex 77.125000 114.096194 -2.500000
      vertex 77.161804 114.097098 -2.500000
      vertex 77.271319 114.110605 -2.500000
    endloop
  endfacet
  facet normal -0.000000 -0.000000 1.000000
    outer loop
      vertex 75.228681 114.110605 -2.500000
      vertex 75.338196 114.097098 -2.500000
      vertex 75.375000 114.096194 -2.500000
    endloop
  endfacet
  facet normal 0.000000 0.000000 1.000000
    outer loop
      vertex 74.639411 116.492513 -2.500000
      vertex 74.625904 116.382998 -2.500000
      vertex 74.625000 116.346194 -2.500000
    endloop
  endfacet
  facet normal -0.000000 -0.000000 1.000000
    outer loop
      vertex 74.625000 114.846194 -2.500000
      vertex 74.625904 114.809390 -2.500000
      vertex 74.639411 114.699875 -2.500000
    endloop
  endfacet
  facet normal -0.000000 -0.000000 1.000000
    outer loop
      vertex 74.657295 114.628479 -2.500000
      vertex 74.682091 114.559180 -2.500000
      vertex 74.713559 114.492646 -2.500000
    endloop
  endfacet
  facet normal 0.000000 0.000000 1.000000
    outer loop
      vertex 74.713559 116.699742 -2.500000
      vertex 74.682091 116.633208 -2.500000
      vertex 74.657295 116.563910 -2.500000
    endloop
  endfacet
  facet normal 0.000000 0.000000 1.000000
    outer loop
      vertex 75.157285 117.063899 -2.500000
      vertex 75.087986 117.039103 -2.500000
      vertex 75.021452 117.007635 -2.500000
    endloop
  endfacet
  facet normal -0.000000 -0.000000 1.000000
    outer loop
      vertex 75.021452 114.184753 -2.500000
      vertex 75.087986 114.153285 -2.500000
      vertex 75.157285 114.128489 -2.500000
    endloop
  endfacet
  facet normal -0.000000 -0.000000 1.000000
    outer loop
      vertex 77.842705 116.563910 -2.500000
      vertex 77.817909 116.633208 -2.500000
      vertex 77.786441 116.699742 -2.500000
    endloop
  endfacet
  facet normal -0.000000 -0.000000 1.000000
    outer loop
      vertex 77.478548 117.007635 -2.500000
      vertex 77.412014 117.039103 -2.500000
      vertex 77.342715 117.063899 -2.500000
    endloop
  endfacet
  facet normal -0.000000 0.000000 1.000000
    outer loop
      vertex 77.786441 114.492646 -2.500000
      vertex 77.817909 114.559180 -2.500000
      vertex 77.842705 114.628479 -2.500000
    endloop
  endfacet
  facet normal -0.000000 0.000000 1.000000
    outer loop
      vertex 77.342715 114.128489 -2.500000
      vertex 77.412014 114.153285 -2.500000
      vertex 77.478548 114.184753 -2.500000
    endloop
  endfacet
  facet normal -0.000000 -0.000000 1.000000
    outer loop
      vertex 77.680713 116.849863 -2.500000
      vertex 77.628669 116.901907 -2.500000
      vertex 77.541678 116.969796 -2.500000
    endloop
  endfacet
  facet normal 0.000000 0.000000 1.000000
    outer loop
      vertex 74.871331 116.901907 -2.500000
      vertex 74.819287 116.849863 -2.500000
      vertex 74.751398 116.762872 -2.500000
    endloop
  endfacet
  facet normal -0.000000 -0.000000 1.000000
    outer loop
      vertex 74.819287 114.342525 -2.500000
      vertex 74.871331 114.290481 -2.500000
      vertex 74.958322 114.222592 -2.500000
    endloop
  endfacet
  facet normal -0.000000 0.000000 1.000000
    outer loop
      vertex 77.628669 114.290481 -2.500000
      vertex 77.680713 114.342525 -2.500000
      vertex 77.748602 114.429516 -2.500000
    endloop
  endfacet
  facet normal -0.000000 0.000000 1.000000
    outer loop
      vertex 77.478548 114.184753 -2.500000
      vertex 77.541678 114.222592 -2.500000
      vertex 77.628669 114.290481 -2.500000
    endloop
  endfacet
  facet normal -0.000000 -0.000000 1.000000
    outer loop
      vertex 74.713559 114.492646 -2.500000
      vertex 74.751398 114.429516 -2.500000
      vertex 74.819287 114.342525 -2.500000
    endloop
  endfacet
  facet normal 0.000000 0.000000 1.000000
    outer loop
      vertex 75.021452 117.007635 -2.500000
      vertex 74.958322 116.969796 -2.500000
      vertex 74.871331 116.901907 -2.500000
    endloop
  endfacet
  facet normal -0.000000 -0.000000 1.000000
    outer loop
      vertex 77.786441 116.699742 -2.500000
      vertex 77.748602 116.762872 -2.500000
      vertex 77.680713 116.849863 -2.500000
    endloop
  endfacet
  facet normal 0.000000 -0.000000 1.000000
    outer loop
      vertex 74.958322 114.222592 -2.500000
      vertex 75.021452 114.184753 -2.500000
      vertex 75.157285 114.128489 -2.500000
    endloop
  endfacet
  facet normal -0.000000 -0.000000 1.000000
    outer loop
      vertex 77.541678 116.969796 -2.500000
      vertex 77.478548 117.007635 -2.500000
      vertex 77.342715 117.063899 -2.500000
    endloop
  endfacet
  facet normal 0.000000 0.000000 1.000000
    outer loop
      vertex 74.751398 116.762872 -2.500000
      vertex 74.713559 116.699742 -2.500000
      vertex 74.657295 116.563910 -2.500000
    endloop
  endfacet
  facet normal -0.000000 0.000000 1.000000
    outer loop
      vertex 77.748602 114.429516 -2.500000
      vertex 77.786441 114.492646 -2.500000
      vertex 77.842705 114.628479 -2.500000
    endloop
  endfacet
  facet normal 0.000000 0.000000 1.000000
    outer loop
      vertex 75.228681 117.081783 -2.500000
      vertex 75.157285 117.063899 -2.500000
      vertex 75.021452 117.007635 -2.500000
    endloop
  endfacet
  facet normal -0.000000 -0.000000 1.000000
    outer loop
      vertex 77.860589 116.492513 -2.500000
      vertex 77.842705 116.563910 -2.500000
      vertex 77.786441 116.699742 -2.500000
    endloop
  endfacet
  facet normal -0.000000 -0.000000 1.000000
    outer loop
      vertex 74.639411 114.699875 -2.500000
      vertex 74.657295 114.628479 -2.500000
      vertex 74.713559 114.492646 -2.500000
    endloop
  endfacet
  facet normal -0.000000 0.000000 1.000000
    outer loop
      vertex 77.271319 114.110605 -2.500000
      vertex 77.342715 114.128489 -2.500000
      vertex 77.478548 114.184753 -2.500000
    endloop
  endfacet
  facet normal -0.000000 -0.000000 1.000000
    outer loop
      vertex 77.342715 117.063899 -2.500000
      vertex 77.271319 117.081783 -2.500000
      vertex 77.125000 117.096194 -2.500000
    endloop
  endfacet
  facet normal -0.000000 -0.000000 1.000000
    outer loop
      vertex 75.157285 114.128489 -2.500000
      vertex 75.228681 114.110605 -2.500000
      vertex 75.375000 114.096194 -2.500000
    endloop
  endfacet
  facet normal 0.000000 0.000000 1.000000
    outer loop
      vertex 74.657295 116.563910 -2.500000
      vertex 74.639411 116.492513 -2.500000
      vertex 74.625000 116.346194 -2.500000
    endloop
  endfacet
  facet normal -0.000000 0.000000 1.000000
    outer loop
      vertex 77.842705 114.628479 -2.500000
      vertex 77.860589 114.699875 -2.500000
      vertex 77.875000 114.846194 -2.500000
    endloop
  endfacet
  facet normal 0.000000 0.000000 1.000000
    outer loop
      vertex 75.375000 117.096194 -2.500000
      vertex 75.228681 117.081783 -2.500000
      vertex 75.021452 117.007635 -2.500000
    endloop
  endfacet
  facet normal -0.000000 -0.000000 1.000000
    outer loop
      vertex 77.875000 116.346194 -2.500000
      vertex 77.860589 116.492513 -2.500000
      vertex 77.786441 116.699742 -2.500000
    endloop
  endfacet
  facet normal -0.000000 0.000000 1.000000
    outer loop
      vertex 77.125000 114.096194 -2.500000
      vertex 77.271319 114.110605 -2.500000
      vertex 77.478548 114.184753 -2.500000
    endloop
  endfacet
  facet normal -0.000000 -0.000000 1.000000
    outer loop
      vertex 74.625000 114.846194 -2.500000
      vertex 74.639411 114.699875 -2.500000
      vertex 74.713559 114.492646 -2.500000
    endloop
  endfacet
  facet normal -0.000000 0.000000 1.000000
    outer loop
      vertex 77.478548 114.184753 -2.500000
      vertex 77.628669 114.290481 -2.500000
      vertex 77.748602 114.429516 -2.500000
    endloop
  endfacet
  facet normal -0.000000 0.000000 1.000000
    outer loop
      vertex 77.125000 114.096194 -2.500000
      vertex 77.478548 114.184753 -2.500000
      vertex 77.748602 114.429516 -2.500000
    endloop
  endfacet
  facet normal 0.000000 -0.000000 1.000000
    outer loop
      vertex 74.713559 114.492646 -2.500000
      vertex 74.819287 114.342525 -2.500000
      vertex 74.958322 114.222592 -2.500000
    endloop
  endfacet
  facet normal -0.000000 -0.000000 1.000000
    outer loop
      vertex 74.625000 114.846194 -2.500000
      vertex 74.713559 114.492646 -2.500000
      vertex 74.958322 114.222592 -2.500000
    endloop
  endfacet
  facet normal 0.000000 0.000000 1.000000
    outer loop
      vertex 75.021452 117.007635 -2.500000
      vertex 74.871331 116.901907 -2.500000
      vertex 74.751398 116.762872 -2.500000
    endloop
  endfacet
  facet normal 0.000000 0.000000 1.000000
    outer loop
      vertex 75.375000 117.096194 -2.500000
      vertex 75.021452 117.007635 -2.500000
      vertex 74.751398 116.762872 -2.500000
    endloop
  endfacet
  facet normal -0.000000 -0.000000 1.000000
    outer loop
      vertex 77.786441 116.699742 -2.500000
      vertex 77.680713 116.849863 -2.500000
      vertex 77.541678 116.969796 -2.500000
    endloop
  endfacet
  facet normal -0.000000 -0.000000 1.000000
    outer loop
      vertex 77.875000 116.346194 -2.500000
      vertex 77.786441 116.699742 -2.500000
      vertex 77.541678 116.969796 -2.500000
    endloop
  endfacet
  facet normal -0.000000 -0.000000 1.000000
    outer loop
      vertex 77.541678 116.969796 -2.500000
      vertex 77.342715 117.063899 -2.500000
      vertex 77.125000 117.096194 -2.500000
    endloop
  endfacet
  facet normal -0.000000 -0.000000 1.000000
    outer loop
      vertex 77.875000 116.346194 -2.500000
      vertex 77.541678 116.969796 -2.500000
      vertex 77.125000 117.096194 -2.500000
    endloop
  endfacet
  facet normal 0.000000 0.000000 1.000000
    outer loop
      vertex 77.875000 114.846194 -2.500000
      vertex 77.875000 116.346194 -2.500000
      vertex 77.125000 117.096194 -2.500000
    endloop
  endfacet
  facet normal -0.000000 0.000000 1.000000
    outer loop
      vertex 77.875000 114.846194 -2.500000
      vertex 77.125000 117.096194 -2.500000
      vertex 75.375000 117.096194 -2.500000
    endloop
  endfacet
  facet normal 0.000000 0.000000 1.000000
    outer loop
      vertex 77.875000 114.846194 -2.500000
      vertex 75.375000 117.096194 -2.500000
      vertex 74.751398 116.762872 -2.500000
    endloop
  endfacet
  facet normal -0.000000 -0.000000 1.000000
    outer loop
      vertex 74.958322 114.222592 -2.500000
      vertex 75.157285 114.128489 -2.500000
      vertex 75.375000 114.096194 -2.500000
    endloop
  endfacet
  facet normal -0.000000 -0.000000 1.000000
    outer loop
      vertex 74.625000 114.846194 -2.500000
      vertex 74.958322 114.222592 -2.500000
      vertex 75.375000 114.096194 -2.500000
    endloop
  endfacet
  facet normal 0.000000 0.000000 1.000000
    outer loop
      vertex 74.625000 116.346194 -2.500000
      vertex 74.625000 114.846194 -2.500000
      vertex 75.375000 114.096194 -2.500000
    endloop
  endfacet
  facet normal 0.000000 0.000000 1.000000
    outer loop
      vertex 74.625000 116.346194 -2.500000
      vertex 75.375000 114.096194 -2.500000
      vertex 77.125000 114.096194 -2.500000
    endloop
  endfacet
  facet normal -0.000000 -0.000000 1.000000
    outer loop
      vertex 74.625000 116.346194 -2.500000
      vertex 77.125000 114.096194 -2.500000
      vertex 77.748602 114.429516 -2.500000
    endloop
  endfacet
  facet normal 0.000000 0.000000 1.000000
    outer loop
      vertex 74.751398 116.762872 -2.500000
      vertex 74.657295 116.563910 -2.500000
      vertex 74.625000 116.346194 -2.500000
    endloop
  endfacet
  facet normal -0.000000 0.000000 1.000000
    outer loop
      vertex 77.748602 114.429516 -2.500000
      vertex 77.842705 114.628479 -2.500000
      vertex 77.875000 114.846194 -2.500000
    endloop
  endfacet
  facet normal 0.000000 0.000000 1.000000
    outer loop
      vertex 77.875000 114.846194 -2.500000
      vertex 74.751398 116.762872 -2.500000
      vertex 74.625000 116.346194 -2.500000
    endloop
  endfacet
  facet normal -0.000000 0.000000 1.000000
    outer loop
      vertex 77.875000 114.846194 -2.500000
      vertex 74.625000 116.346194 -2.500000
      vertex 77.748602 114.429516 -2.500000
    endloop
  endfacet
  facet normal -1.000000 -0.000000 0.000000
    outer loop
      vertex 74.625000 114.846194 -2.500000
      vertex 74.625000 116.346194 -2.500000
      vertex 74.625000 116.346194 -3.000000
    endloop
  endfacet
  facet normal -1.000000 -0.000000 0.000000
    outer loop
      vertex 74.625000 114.846194 -3.000000
      vertex 74.625000 114.846194 -2.500000
      vertex 74.625000 116.346194 -3.000000
    endloop
  endfacet
  facet normal -1.000000 -0.000000 0.000000
    outer loop
      vertex 74.625000 114.846194 -4.250000
      vertex 74.625000 114.846194 -3.000000
      vertex 74.625000 116.346194 -3.000000
    endloop
  endfacet
  facet normal -1.000000 -0.000000 0.000000
    outer loop
      vertex 74.625000 116.346194 -3.000000
      vertex 74.625000 116.346194 -4.250000
      vertex 74.625000 114.846194 -4.250000
    endloop
  endfacet
  facet normal -0.024543 -0.999699 0.000000
    outer loop
      vertex 75.338196 114.097098 -4.250000
      vertex 75.375000 114.096194 -4.250000
      vertex 75.375000 114.096194 -3.000000
    endloop
  endfacet
  facet normal -0.024544 -0.999699 0.000000
    outer loop
      vertex 75.338196 114.097098 -4.250000
      vertex 75.375000 114.096194 -3.000000
      vertex 75.338196 114.097098 -3.000000
    endloop
  endfacet
  facet normal -0.073569 -0.997290 0.000000
    outer loop
      vertex 75.338196 114.097098 -3.000000
      vertex 75.301485 114.099806 -3.000000
      vertex 75.301485 114.099806 -4.250000
    endloop
  endfacet
  facet normal -0.073568 -0.997290 -0.000000
    outer loop
      vertex 75.338196 114.097098 -3.000000
      vertex 75.301485 114.099806 -4.250000
      vertex 75.338196 114.097098 -4.250000
    endloop
  endfacet
  facet normal -0.122413 -0.992479 0.000000
    outer loop
      vertex 75.301485 114.099806 -3.000000
      vertex 75.264952 114.104312 -3.000000
      vertex 75.264953 114.104312 -4.250000
    endloop
  endfacet
  facet normal -0.122412 -0.992479 -0.000000
    outer loop
      vertex 75.301485 114.099806 -3.000000
      vertex 75.264953 114.104312 -4.250000
      vertex 75.301485 114.099806 -4.250000
    endloop
  endfacet
  facet normal -0.170963 -0.985277 0.000000
    outer loop
      vertex 75.264952 114.104312 -3.000000
      vertex 75.228681 114.110605 -3.000000
      vertex 75.228682 114.110605 -4.250000
    endloop
  endfacet
  facet normal -0.170962 -0.985278 -0.000000
    outer loop
      vertex 75.264952 114.104312 -3.000000
      vertex 75.228682 114.110605 -4.250000
      vertex 75.264953 114.104312 -4.250000
    endloop
  endfacet
  facet normal -0.219103 -0.975702 0.000000
    outer loop
      vertex 75.228681 114.110605 -3.000000
      vertex 75.192763 114.118671 -3.000000
      vertex 75.192763 114.118671 -4.250000
    endloop
  endfacet
  facet normal -0.219102 -0.975702 -0.000000
    outer loop
      vertex 75.228681 114.110605 -3.000000
      vertex 75.192763 114.118671 -4.250000
      vertex 75.228682 114.110605 -4.250000
    endloop
  endfacet
  facet normal -0.266715 -0.963775 0.000000
    outer loop
      vertex 75.192763 114.118671 -3.000000
      vertex 75.157285 114.128489 -3.000000
      vertex 75.157285 114.128489 -4.250000
    endloop
  endfacet
  facet normal -0.266715 -0.963775 -0.000000
    outer loop
      vertex 75.192763 114.118671 -3.000000
      vertex 75.157285 114.128489 -4.250000
      vertex 75.192763 114.118671 -4.250000
    endloop
  endfacet
  facet normal -0.313684 -0.949527 -0.000000
    outer loop
      vertex 75.157285 114.128489 -3.000000
      vertex 75.122331 114.140037 -3.000000
      vertex 75.157285 114.128489 -4.250000
    endloop
  endfacet
  facet normal -0.313684 -0.949527 -0.000000
    outer loop
      vertex 75.122331 114.140037 -3.000000
      vertex 75.122331 114.140037 -4.250000
      vertex 75.157285 114.128489 -4.250000
    endloop
  endfacet
  facet normal -0.359897 -0.932992 0.000000
    outer loop
      vertex 75.122331 114.140037 -3.000000
      vertex 75.087986 114.153285 -3.000000
      vertex 75.087986 114.153285 -4.250000
    endloop
  endfacet
  facet normal -0.359897 -0.932992 0.000000
    outer loop
      vertex 75.122331 114.140037 -3.000000
      vertex 75.087986 114.153285 -4.250000
      vertex 75.122331 114.140037 -4.250000
    endloop
  endfacet
  facet normal -0.405243 -0.914209 0.000000
    outer loop
      vertex 75.087986 114.153285 -3.000000
      vertex 75.054333 114.168203 -3.000000
      vertex 75.054333 114.168202 -4.250000
    endloop
  endfacet
  facet normal -0.405243 -0.914209 -0.000000
    outer loop
      vertex 75.087986 114.153285 -3.000000
      vertex 75.054333 114.168202 -4.250000
      vertex 75.087986 114.153285 -4.250000
    endloop
  endfacet
  facet normal -0.449612 -0.893224 0.000000
    outer loop
      vertex 75.054333 114.168203 -3.000000
      vertex 75.021452 114.184753 -3.000000
      vertex 75.021453 114.184753 -4.250000
    endloop
  endfacet
  facet normal -0.449612 -0.893224 -0.000000
    outer loop
      vertex 75.054333 114.168203 -3.000000
      vertex 75.021453 114.184753 -4.250000
      vertex 75.054333 114.168202 -4.250000
    endloop
  endfacet
  facet normal -0.492898 -0.870087 0.000000
    outer loop
      vertex 75.021452 114.184753 -3.000000
      vertex 74.989423 114.202898 -3.000000
      vertex 74.989423 114.202897 -4.250000
    endloop
  endfacet
  facet normal -0.492898 -0.870087 -0.000000
    outer loop
      vertex 75.021452 114.184753 -3.000000
      vertex 74.989423 114.202897 -4.250000
      vertex 75.021453 114.184753 -4.250000
    endloop
  endfacet
  facet normal -0.534998 -0.844853 0.000000
    outer loop
      vertex 74.989423 114.202898 -3.000000
      vertex 74.958322 114.222592 -3.000000
      vertex 74.958322 114.222592 -4.250000
    endloop
  endfacet
  facet normal -0.534998 -0.844853 -0.000000
    outer loop
      vertex 74.989423 114.202898 -3.000000
      vertex 74.958322 114.222592 -4.250000
      vertex 74.989423 114.202897 -4.250000
    endloop
  endfacet
  facet normal -0.575809 -0.817584 0.000000
    outer loop
      vertex 74.958322 114.222592 -3.000000
      vertex 74.928225 114.243789 -3.000000
      vertex 74.928225 114.243789 -4.250000
    endloop
  endfacet
  facet normal -0.575809 -0.817584 -0.000000
    outer loop
      vertex 74.958322 114.222592 -3.000000
      vertex 74.928225 114.243789 -4.250000
      vertex 74.958322 114.222592 -4.250000
    endloop
  endfacet
  facet normal -0.615232 -0.788346 0.000000
    outer loop
      vertex 74.928225 114.243789 -3.000000
      vertex 74.899205 114.266437 -3.000000
      vertex 74.899205 114.266437 -4.250000
    endloop
  endfacet
  facet normal -0.615232 -0.788346 -0.000000
    outer loop
      vertex 74.928225 114.243789 -3.000000
      vertex 74.899205 114.266437 -4.250000
      vertex 74.928225 114.243789 -4.250000
    endloop
  endfacet
  facet normal -0.653173 -0.757209 0.000000
    outer loop
      vertex 74.899205 114.266437 -3.000000
      vertex 74.871331 114.290481 -3.000000
      vertex 74.871331 114.290481 -4.250000
    endloop
  endfacet
  facet normal -0.653173 -0.757209 -0.000000
    outer loop
      vertex 74.899205 114.266437 -3.000000
      vertex 74.871331 114.290481 -4.250000
      vertex 74.899205 114.266437 -4.250000
    endloop
  endfacet
  facet normal -0.689541 -0.724247 0.000000
    outer loop
      vertex 74.871331 114.290481 -3.000000
      vertex 74.844670 114.315864 -3.000000
      vertex 74.844670 114.315864 -4.250000
    endloop
  endfacet
  facet normal -0.689541 -0.724247 -0.000000
    outer loop
      vertex 74.871331 114.290481 -3.000000
      vertex 74.844670 114.315864 -4.250000
      vertex 74.871331 114.290481 -4.250000
    endloop
  endfacet
  facet normal -0.724247 -0.689541 0.000000
    outer loop
      vertex 74.844670 114.315864 -3.000000
      vertex 74.819287 114.342525 -3.000000
      vertex 74.844670 114.315864 -4.250000
    endloop
  endfacet
  facet normal -0.724247 -0.689541 -0.000000
    outer loop
      vertex 74.819287 114.342525 -3.000000
      vertex 74.819287 114.342525 -4.250000
      vertex 74.844670 114.315864 -4.250000
    endloop
  endfacet
  facet normal -0.757209 -0.653173 0.000000
    outer loop
      vertex 74.819287 114.342525 -3.000000
      vertex 74.795243 114.370399 -3.000000
      vertex 74.819287 114.342525 -4.250000
    endloop
  endfacet
  facet normal -0.757209 -0.653173 -0.000000
    outer loop
      vertex 74.795243 114.370399 -3.000000
      vertex 74.795242 114.370399 -4.250000
      vertex 74.819287 114.342525 -4.250000
    endloop
  endfacet
  facet normal -0.788346 -0.615232 0.000000
    outer loop
      vertex 74.795243 114.370399 -3.000000
      vertex 74.772595 114.399419 -3.000000
      vertex 74.795242 114.370399 -4.250000
    endloop
  endfacet
  facet normal -0.788346 -0.615232 -0.000000
    outer loop
      vertex 74.772595 114.399419 -3.000000
      vertex 74.772595 114.399419 -4.250000
      vertex 74.795242 114.370399 -4.250000
    endloop
  endfacet
  facet normal -0.817584 -0.575809 0.000000
    outer loop
      vertex 74.772595 114.399419 -3.000000
      vertex 74.751398 114.429516 -3.000000
      vertex 74.772595 114.399419 -4.250000
    endloop
  endfacet
  facet normal -0.817584 -0.575809 -0.000000
    outer loop
      vertex 74.751398 114.429516 -3.000000
      vertex 74.751398 114.429516 -4.250000
      vertex 74.772595 114.399419 -4.250000
    endloop
  endfacet
  facet normal -0.844853 -0.534998 0.000000
    outer loop
      vertex 74.751398 114.429516 -3.000000
      vertex 74.731704 114.460617 -3.000000
      vertex 74.751398 114.429516 -4.250000
    endloop
  endfacet
  facet normal -0.844853 -0.534998 -0.000000
    outer loop
      vertex 74.731704 114.460617 -3.000000
      vertex 74.731703 114.460617 -4.250000
      vertex 74.751398 114.429516 -4.250000
    endloop
  endfacet
  facet normal -0.870087 -0.492898 0.000000
    outer loop
      vertex 74.731704 114.460617 -3.000000
      vertex 74.713559 114.492646 -3.000000
      vertex 74.731703 114.460617 -4.250000
    endloop
  endfacet
  facet normal -0.870087 -0.492898 -0.000000
    outer loop
      vertex 74.713559 114.492646 -3.000000
      vertex 74.713559 114.492647 -4.250000
      vertex 74.731703 114.460617 -4.250000
    endloop
  endfacet
  facet normal -0.893224 -0.449612 0.000000
    outer loop
      vertex 74.713559 114.492646 -3.000000
      vertex 74.697008 114.525527 -3.000000
      vertex 74.713559 114.492647 -4.250000
    endloop
  endfacet
  facet normal -0.893224 -0.449612 -0.000000
    outer loop
      vertex 74.697008 114.525527 -3.000000
      vertex 74.697008 114.525527 -4.250000
      vertex 74.713559 114.492647 -4.250000
    endloop
  endfacet
  facet normal -0.914209 -0.405243 0.000000
    outer loop
      vertex 74.697008 114.525527 -3.000000
      vertex 74.682091 114.559180 -3.000000
      vertex 74.697008 114.525527 -4.250000
    endloop
  endfacet
  facet normal -0.914209 -0.405243 -0.000000
    outer loop
      vertex 74.682091 114.559180 -3.000000
      vertex 74.682091 114.559180 -4.250000
      vertex 74.697008 114.525527 -4.250000
    endloop
  endfacet
  facet normal -0.932992 -0.359897 0.000000
    outer loop
      vertex 74.682091 114.559180 -3.000000
      vertex 74.668843 114.593525 -3.000000
      vertex 74.682091 114.559180 -4.250000
    endloop
  endfacet
  facet normal -0.932992 -0.359897 0.000000
    outer loop
      vertex 74.668843 114.593525 -3.000000
      vertex 74.668843 114.593525 -4.250000
      vertex 74.682091 114.559180 -4.250000
    endloop
  endfacet
  facet normal -0.949527 -0.313684 -0.000000
    outer loop
      vertex 74.668843 114.593525 -3.000000
      vertex 74.657295 114.628479 -3.000000
      vertex 74.657295 114.628479 -4.250000
    endloop
  endfacet
  facet normal -0.949527 -0.313684 -0.000000
    outer loop
      vertex 74.668843 114.593525 -3.000000
      vertex 74.657295 114.628479 -4.250000
      vertex 74.668843 114.593525 -4.250000
    endloop
  endfacet
  facet normal -0.963775 -0.266715 0.000000
    outer loop
      vertex 74.657295 114.628479 -3.000000
      vertex 74.647477 114.663957 -3.000000
      vertex 74.657295 114.628479 -4.250000
    endloop
  endfacet
  facet normal -0.963775 -0.266715 -0.000000
    outer loop
      vertex 74.647477 114.663957 -3.000000
      vertex 74.647477 114.663957 -4.250000
      vertex 74.657295 114.628479 -4.250000
    endloop
  endfacet
  facet normal -0.975702 -0.219103 0.000000
    outer loop
      vertex 74.647477 114.663957 -3.000000
      vertex 74.639411 114.699875 -3.000000
      vertex 74.647477 114.663957 -4.250000
    endloop
  endfacet
  facet normal -0.975702 -0.219102 -0.000000
    outer loop
      vertex 74.639411 114.699875 -3.000000
      vertex 74.639411 114.699876 -4.250000
      vertex 74.647477 114.663957 -4.250000
    endloop
  endfacet
  facet normal -0.985277 -0.170963 0.000000
    outer loop
      vertex 74.639411 114.699875 -3.000000
      vertex 74.633118 114.736146 -3.000000
      vertex 74.639411 114.699876 -4.250000
    endloop
  endfacet
  facet normal -0.985278 -0.170962 -0.000000
    outer loop
      vertex 74.633118 114.736146 -3.000000
      vertex 74.633118 114.736147 -4.250000
      vertex 74.639411 114.699876 -4.250000
    endloop
  endfacet
  facet normal -0.992479 -0.122413 0.000000
    outer loop
      vertex 74.633118 114.736146 -3.000000
      vertex 74.628612 114.772679 -3.000000
      vertex 74.633118 114.736147 -4.250000
    endloop
  endfacet
  facet normal -0.992479 -0.122412 -0.000000
    outer loop
      vertex 74.628612 114.772679 -3.000000
      vertex 74.628612 114.772679 -4.250000
      vertex 74.633118 114.736147 -4.250000
    endloop
  endfacet
  facet normal -0.997290 -0.073569 0.000000
    outer loop
      vertex 74.628612 114.772679 -3.000000
      vertex 74.625904 114.809390 -3.000000
      vertex 74.628612 114.772679 -4.250000
    endloop
  endfacet
  facet normal -0.997290 -0.073568 -0.000000
    outer loop
      vertex 74.625904 114.809390 -3.000000
      vertex 74.625904 114.809390 -4.250000
      vertex 74.628612 114.772679 -4.250000
    endloop
  endfacet
  facet normal -0.999699 -0.024544 0.000000
    outer loop
      vertex 74.625904 114.809390 -3.000000
      vertex 74.625000 114.846194 -3.000000
      vertex 74.625904 114.809390 -4.250000
    endloop
  endfacet
  facet normal -0.999699 -0.024543 0.000000
    outer loop
      vertex 74.625000 114.846194 -3.000000
      vertex 74.625000 114.846194 -4.250000
      vertex 74.625904 114.809390 -4.250000
    endloop
  endfacet
  facet normal -0.017357 -0.707000 0.707000
    outer loop
      vertex 75.325930 113.847399 -4.500000
      vertex 75.375000 113.846194 -4.500000
      vertex 75.375000 114.096194 -4.250000
    endloop
  endfacet
  facet normal -0.017357 -0.707000 0.707000
    outer loop
      vertex 75.325930 113.847399 -4.500000
      vertex 75.375000 114.096194 -4.250000
      vertex 75.338196 114.097098 -4.250000
    endloop
  endfacet
  facet normal -0.052028 -0.705297 0.707000
    outer loop
      vertex 75.338196 114.097098 -4.250000
      vertex 75.301485 114.099806 -4.250000
      vertex 75.276980 113.851010 -4.500000
    endloop
  endfacet
  facet normal -0.052028 -0.705297 0.707000
    outer loop
      vertex 75.338196 114.097098 -4.250000
      vertex 75.276980 113.851010 -4.500000
      vertex 75.325930 113.847399 -4.500000
    endloop
  endfacet
  facet normal -0.086571 -0.701895 0.707000
    outer loop
      vertex 75.301485 114.099806 -4.250000
      vertex 75.264953 114.104312 -4.250000
      vertex 75.228272 113.857017 -4.500000
    endloop
  endfacet
  facet normal -0.086571 -0.701895 0.707000
    outer loop
      vertex 75.301485 114.099806 -4.250000
      vertex 75.228272 113.857017 -4.500000
      vertex 75.276980 113.851010 -4.500000
    endloop
  endfacet
  facet normal -0.120906 -0.696801 0.707000
    outer loop
      vertex 75.264953 114.104312 -4.250000
      vertex 75.228682 114.110605 -4.250000
      vertex 75.179910 113.865409 -4.500000
    endloop
  endfacet
  facet normal -0.120905 -0.696802 0.707000
    outer loop
      vertex 75.264953 114.104312 -4.250000
      vertex 75.179910 113.865409 -4.500000
      vertex 75.228272 113.857017 -4.500000
    endloop
  endfacet
  facet normal -0.154952 -0.690029 0.707000
    outer loop
      vertex 75.228682 114.110605 -4.250000
      vertex 75.192763 114.118671 -4.250000
      vertex 75.132018 113.876163 -4.500000
    endloop
  endfacet
  facet normal -0.154952 -0.690029 0.707000
    outer loop
      vertex 75.228682 114.110605 -4.250000
      vertex 75.132018 113.876163 -4.500000
      vertex 75.179910 113.865409 -4.500000
    endloop
  endfacet
  facet normal -0.188624 -0.681595 0.707000
    outer loop
      vertex 75.192763 114.118671 -4.250000
      vertex 75.157285 114.128489 -4.250000
      vertex 75.084713 113.889255 -4.500000
    endloop
  endfacet
  facet normal -0.188624 -0.681595 0.707000
    outer loop
      vertex 75.192763 114.118671 -4.250000
      vertex 75.084713 113.889255 -4.500000
      vertex 75.132018 113.876163 -4.500000
    endloop
  endfacet
  facet normal -0.221842 -0.671518 0.707000
    outer loop
      vertex 75.157285 114.128489 -4.250000
      vertex 75.122331 114.140037 -4.250000
      vertex 75.084713 113.889255 -4.500000
    endloop
  endfacet
  facet normal -0.221842 -0.671518 0.707000
    outer loop
      vertex 75.122331 114.140037 -4.250000
      vertex 75.038108 113.904651 -4.500000
      vertex 75.084713 113.889255 -4.500000
    endloop
  endfacet
  facet normal -0.254524 -0.659824 0.707000
    outer loop
      vertex 75.122331 114.140037 -4.250000
      vertex 75.087986 114.153285 -4.250000
      vertex 74.992315 113.922315 -4.500000
    endloop
  endfacet
  facet normal -0.254524 -0.659824 0.707000
    outer loop
      vertex 75.122331 114.140037 -4.250000
      vertex 74.992315 113.922315 -4.500000
      vertex 75.038108 113.904651 -4.500000
    endloop
  endfacet
  facet normal -0.286593 -0.646541 0.707000
    outer loop
      vertex 75.087986 114.153285 -4.250000
      vertex 75.054333 114.168202 -4.250000
      vertex 74.947445 113.942205 -4.500000
    endloop
  endfacet
  facet normal -0.286593 -0.646541 0.707000
    outer loop
      vertex 75.087986 114.153285 -4.250000
      vertex 74.947445 113.942205 -4.500000
      vertex 74.992315 113.922315 -4.500000
    endloop
  endfacet
  facet normal -0.317971 -0.631700 0.707000
    outer loop
      vertex 75.054333 114.168202 -4.250000
      vertex 75.021453 114.184753 -4.250000
      vertex 74.903604 113.964272 -4.500000
    endloop
  endfacet
  facet normal -0.317971 -0.631700 0.707000
    outer loop
      vertex 75.054333 114.168202 -4.250000
      vertex 74.903604 113.964272 -4.500000
      vertex 74.947445 113.942205 -4.500000
    endloop
  endfacet
  facet normal -0.348584 -0.615337 0.707000
    outer loop
      vertex 75.021453 114.184753 -4.250000
      vertex 74.989423 114.202897 -4.250000
      vertex 74.860898 113.988465 -4.500000
    endloop
  endfacet
  facet normal -0.348584 -0.615337 0.707000
    outer loop
      vertex 75.021453 114.184753 -4.250000
      vertex 74.860898 113.988465 -4.500000
      vertex 74.903604 113.964272 -4.500000
    endloop
  endfacet
  facet normal -0.378358 -0.597492 0.707000
    outer loop
      vertex 74.989423 114.202897 -4.250000
      vertex 74.958322 114.222592 -4.250000
      vertex 74.819429 114.014725 -4.500000
    endloop
  endfacet
  facet normal -0.378357 -0.597492 0.707000
    outer loop
      vertex 74.989423 114.202897 -4.250000
      vertex 74.819429 114.014725 -4.500000
      vertex 74.860898 113.988465 -4.500000
    endloop
  endfacet
  facet normal -0.407220 -0.578206 0.707000
    outer loop
      vertex 74.958322 114.222592 -4.250000
      vertex 74.928225 114.243789 -4.250000
      vertex 74.779300 114.042987 -4.500000
    endloop
  endfacet
  facet normal -0.407220 -0.578207 0.707000
    outer loop
      vertex 74.958322 114.222592 -4.250000
      vertex 74.779300 114.042987 -4.500000
      vertex 74.819429 114.014725 -4.500000
    endloop
  endfacet
  facet normal -0.435100 -0.557529 0.707000
    outer loop
      vertex 74.928225 114.243789 -4.250000
      vertex 74.899205 114.266437 -4.250000
      vertex 74.740606 114.073184 -4.500000
    endloop
  endfacet
  facet normal -0.435100 -0.557529 0.707000
    outer loop
      vertex 74.928225 114.243789 -4.250000
      vertex 74.740606 114.073184 -4.500000
      vertex 74.779300 114.042987 -4.500000
    endloop
  endfacet
  facet normal -0.461933 -0.535508 0.707000
    outer loop
      vertex 74.899205 114.266437 -4.250000
      vertex 74.871331 114.290481 -4.250000
      vertex 74.703441 114.105243 -4.500000
    endloop
  endfacet
  facet normal -0.461933 -0.535508 0.707000
    outer loop
      vertex 74.899205 114.266437 -4.250000
      vertex 74.703441 114.105243 -4.500000
      vertex 74.740606 114.073184 -4.500000
    endloop
  endfacet
  facet normal -0.487652 -0.512197 0.707000
    outer loop
      vertex 74.871331 114.290481 -4.250000
      vertex 74.844670 114.315864 -4.250000
      vertex 74.667893 114.139087 -4.500000
    endloop
  endfacet
  facet normal -0.487652 -0.512197 0.707000
    outer loop
      vertex 74.871331 114.290481 -4.250000
      vertex 74.667893 114.139087 -4.500000
      vertex 74.703441 114.105243 -4.500000
    endloop
  endfacet
  facet normal -0.512197 -0.487652 0.707000
    outer loop
      vertex 74.844670 114.315864 -4.250000
      vertex 74.819287 114.342525 -4.250000
      vertex 74.667893 114.139087 -4.500000
    endloop
  endfacet
  facet normal -0.512197 -0.487652 0.707000
    outer loop
      vertex 74.819287 114.342525 -4.250000
      vertex 74.634049 114.174635 -4.500000
      vertex 74.667893 114.139087 -4.500000
    endloop
  endfacet
  facet normal -0.535508 -0.461933 0.707000
    outer loop
      vertex 74.819287 114.342525 -4.250000
      vertex 74.795242 114.370399 -4.250000
      vertex 74.634049 114.174635 -4.500000
    endloop
  endfacet
  facet normal -0.535508 -0.461933 0.707000
    outer loop
      vertex 74.795242 114.370399 -4.250000
      vertex 74.601990 114.211801 -4.500000
      vertex 74.634049 114.174635 -4.500000
    endloop
  endfacet
  facet normal -0.557529 -0.435100 0.707000
    outer loop
      vertex 74.795242 114.370399 -4.250000
      vertex 74.772595 114.399419 -4.250000
      vertex 74.601990 114.211801 -4.500000
    endloop
  endfacet
  facet normal -0.557529 -0.435100 0.707000
    outer loop
      vertex 74.772595 114.399419 -4.250000
      vertex 74.571793 114.250494 -4.500000
      vertex 74.601990 114.211801 -4.500000
    endloop
  endfacet
  facet normal -0.578206 -0.407220 0.707000
    outer loop
      vertex 74.772595 114.399419 -4.250000
      vertex 74.751398 114.429516 -4.250000
      vertex 74.571793 114.250494 -4.500000
    endloop
  endfacet
  facet normal -0.578207 -0.407220 0.707000
    outer loop
      vertex 74.751398 114.429516 -4.250000
      vertex 74.543531 114.290623 -4.500000
      vertex 74.571793 114.250494 -4.500000
    endloop
  endfacet
  facet normal -0.597492 -0.378358 0.707000
    outer loop
      vertex 74.751398 114.429516 -4.250000
      vertex 74.731703 114.460617 -4.250000
      vertex 74.543531 114.290623 -4.500000
    endloop
  endfacet
  facet normal -0.597492 -0.378357 0.707000
    outer loop
      vertex 74.731703 114.460617 -4.250000
      vertex 74.517271 114.332092 -4.500000
      vertex 74.543531 114.290623 -4.500000
    endloop
  endfacet
  facet normal -0.615337 -0.348584 0.707000
    outer loop
      vertex 74.731703 114.460617 -4.250000
      vertex 74.713559 114.492647 -4.250000
      vertex 74.517271 114.332092 -4.500000
    endloop
  endfacet
  facet normal -0.615337 -0.348584 0.707000
    outer loop
      vertex 74.713559 114.492647 -4.250000
      vertex 74.493078 114.374798 -4.500000
      vertex 74.517271 114.332092 -4.500000
    endloop
  endfacet
  facet normal -0.631700 -0.317971 0.707000
    outer loop
      vertex 74.713559 114.492647 -4.250000
      vertex 74.697008 114.525527 -4.250000
      vertex 74.493078 114.374798 -4.500000
    endloop
  endfacet
  facet normal -0.631700 -0.317971 0.707000
    outer loop
      vertex 74.697008 114.525527 -4.250000
      vertex 74.471011 114.418639 -4.500000
      vertex 74.493078 114.374798 -4.500000
    endloop
  endfacet
  facet normal -0.646541 -0.286593 0.707000
    outer loop
      vertex 74.697008 114.525527 -4.250000
      vertex 74.682091 114.559180 -4.250000
      vertex 74.471011 114.418639 -4.500000
    endloop
  endfacet
  facet normal -0.646541 -0.286593 0.707000
    outer loop
      vertex 74.682091 114.559180 -4.250000
      vertex 74.451121 114.463509 -4.500000
      vertex 74.471011 114.418639 -4.500000
    endloop
  endfacet
  facet normal -0.659824 -0.254524 0.707000
    outer loop
      vertex 74.682091 114.559180 -4.250000
      vertex 74.668843 114.593525 -4.250000
      vertex 74.451121 114.463509 -4.500000
    endloop
  endfacet
  facet normal -0.659824 -0.254524 0.707000
    outer loop
      vertex 74.668843 114.593525 -4.250000
      vertex 74.433457 114.509302 -4.500000
      vertex 74.451121 114.463509 -4.500000
    endloop
  endfacet
  facet normal -0.671518 -0.221842 0.707000
    outer loop
      vertex 74.668843 114.593525 -4.250000
      vertex 74.657295 114.628479 -4.250000
      vertex 74.418060 114.555907 -4.500000
    endloop
  endfacet
  facet normal -0.671518 -0.221842 0.707000
    outer loop
      vertex 74.668843 114.593525 -4.250000
      vertex 74.418060 114.555907 -4.500000
      vertex 74.433457 114.509302 -4.500000
    endloop
  endfacet
  facet normal -0.681595 -0.188624 0.707000
    outer loop
      vertex 74.657295 114.628479 -4.250000
      vertex 74.647477 114.663957 -4.250000
      vertex 74.418060 114.555907 -4.500000
    endloop
  endfacet
  facet normal -0.681595 -0.188624 0.707000
    outer loop
      vertex 74.647477 114.663957 -4.250000
      vertex 74.404969 114.603212 -4.500000
      vertex 74.418060 114.555907 -4.500000
    endloop
  endfacet
  facet normal -0.690029 -0.154952 0.707000
    outer loop
      vertex 74.647477 114.663957 -4.250000
      vertex 74.639411 114.699876 -4.250000
      vertex 74.404969 114.603212 -4.500000
    endloop
  endfacet
  facet normal -0.690029 -0.154952 0.707000
    outer loop
      vertex 74.639411 114.699876 -4.250000
      vertex 74.394215 114.651104 -4.500000
      vertex 74.404969 114.603212 -4.500000
    endloop
  endfacet
  facet normal -0.696801 -0.120906 0.707000
    outer loop
      vertex 74.639411 114.699876 -4.250000
      vertex 74.633118 114.736147 -4.250000
      vertex 74.394215 114.651104 -4.500000
    endloop
  endfacet
  facet normal -0.696802 -0.120905 0.707000
    outer loop
      vertex 74.633118 114.736147 -4.250000
      vertex 74.385823 114.699466 -4.500000
      vertex 74.394215 114.651104 -4.500000
    endloop
  endfacet
  facet normal -0.701895 -0.086571 0.707000
    outer loop
      vertex 74.633118 114.736147 -4.250000
      vertex 74.628612 114.772679 -4.250000
      vertex 74.385823 114.699466 -4.500000
    endloop
  endfacet
  facet normal -0.701895 -0.086571 0.707000
    outer loop
      vertex 74.628612 114.772679 -4.250000
      vertex 74.379816 114.748174 -4.500000
      vertex 74.385823 114.699466 -4.500000
    endloop
  endfacet
  facet normal -0.705297 -0.052028 0.707000
    outer loop
      vertex 74.628612 114.772679 -4.250000
      vertex 74.625904 114.809390 -4.250000
      vertex 74.379816 114.748174 -4.500000
    endloop
  endfacet
  facet normal -0.705297 -0.052028 0.707000
    outer loop
      vertex 74.625904 114.809390 -4.250000
      vertex 74.376205 114.797124 -4.500000
      vertex 74.379816 114.748174 -4.500000
    endloop
  endfacet
  facet normal -0.707000 -0.017357 0.707000
    outer loop
      vertex 74.625904 114.809390 -4.250000
      vertex 74.625000 114.846194 -4.250000
      vertex 74.376205 114.797124 -4.500000
    endloop
  endfacet
  facet normal -0.707000 -0.017357 0.707000
    outer loop
      vertex 74.625000 114.846194 -4.250000
      vertex 74.375000 114.846194 -4.500000
      vertex 74.376205 114.797124 -4.500000
    endloop
  endfacet
  facet normal 0.000000 -0.707107 0.707107
    outer loop
      vertex 75.375000 114.096194 -4.250000
      vertex 75.375000 113.846194 -4.500000
      vertex 75.500000 113.846194 -4.500000
    endloop
  endfacet
  facet normal 0.000000 -0.707107 0.707107
    outer loop
      vertex 75.375000 114.096194 -4.250000
      vertex 75.500000 113.846194 -4.500000
      vertex 75.500000 114.096194 -4.250000
    endloop
  endfacet
  facet normal -0.707107 0.000000 0.707107
    outer loop
      vertex 74.375000 116.346194 -4.500000
      vertex 74.375000 114.846194 -4.500000
      vertex 74.625000 114.846194 -4.250000
    endloop
  endfacet
  facet normal -0.707107 0.000000 0.707107
    outer loop
      vertex 74.375000 116.346194 -4.500000
      vertex 74.625000 114.846194 -4.250000
      vertex 74.625000 116.346194 -4.250000
    endloop
  endfacet
  facet normal -0.707000 0.017357 0.707000
    outer loop
      vertex 74.376205 116.395265 -4.500000
      vertex 74.375000 116.346194 -4.500000
      vertex 74.625000 116.346194 -4.250000
    endloop
  endfacet
  facet normal -0.707000 0.017357 0.707000
    outer loop
      vertex 74.376205 116.395265 -4.500000
      vertex 74.625000 116.346194 -4.250000
      vertex 74.625904 116.382998 -4.250000
    endloop
  endfacet
  facet normal -0.705297 0.052028 0.707000
    outer loop
      vertex 74.625904 116.382998 -4.250000
      vertex 74.628612 116.419709 -4.250000
      vertex 74.379816 116.444214 -4.500000
    endloop
  endfacet
  facet normal -0.705297 0.052028 0.707000
    outer loop
      vertex 74.625904 116.382998 -4.250000
      vertex 74.379816 116.444214 -4.500000
      vertex 74.376205 116.395265 -4.500000
    endloop
  endfacet
  facet normal -0.701895 0.086571 0.707000
    outer loop
      vertex 74.628612 116.419709 -4.250000
      vertex 74.633118 116.456241 -4.250000
      vertex 74.385823 116.492922 -4.500000
    endloop
  endfacet
  facet normal -0.701895 0.086571 0.707000
    outer loop
      vertex 74.628612 116.419709 -4.250000
      vertex 74.385823 116.492922 -4.500000
      vertex 74.379816 116.444214 -4.500000
    endloop
  endfacet
  facet normal -0.696801 0.120906 0.707000
    outer loop
      vertex 74.633118 116.456241 -4.250000
      vertex 74.639411 116.492512 -4.250000
      vertex 74.394215 116.541284 -4.500000
    endloop
  endfacet
  facet normal -0.696802 0.120905 0.707000
    outer loop
      vertex 74.633118 116.456241 -4.250000
      vertex 74.394215 116.541284 -4.500000
      vertex 74.385823 116.492922 -4.500000
    endloop
  endfacet
  facet normal -0.690029 0.154952 0.707000
    outer loop
      vertex 74.639411 116.492512 -4.250000
      vertex 74.647477 116.528431 -4.250000
      vertex 74.404969 116.589176 -4.500000
    endloop
  endfacet
  facet normal -0.690029 0.154952 0.707000
    outer loop
      vertex 74.639411 116.492512 -4.250000
      vertex 74.404969 116.589176 -4.500000
      vertex 74.394215 116.541284 -4.500000
    endloop
  endfacet
  facet normal -0.681595 0.188624 0.707000
    outer loop
      vertex 74.647477 116.528431 -4.250000
      vertex 74.657295 116.563910 -4.250000
      vertex 74.418060 116.636481 -4.500000
    endloop
  endfacet
  facet normal -0.681595 0.188624 0.707000
    outer loop
      vertex 74.647477 116.528431 -4.250000
      vertex 74.418060 116.636481 -4.500000
      vertex 74.404969 116.589176 -4.500000
    endloop
  endfacet
  facet normal -0.671518 0.221842 0.707000
    outer loop
      vertex 74.657295 116.563910 -4.250000
      vertex 74.668843 116.598863 -4.250000
      vertex 74.418060 116.636481 -4.500000
    endloop
  endfacet
  facet normal -0.671518 0.221842 0.707000
    outer loop
      vertex 74.668843 116.598863 -4.250000
      vertex 74.433457 116.683086 -4.500000
      vertex 74.418060 116.636481 -4.500000
    endloop
  endfacet
  facet normal -0.659824 0.254524 0.707000
    outer loop
      vertex 74.668843 116.598863 -4.250000
      vertex 74.682091 116.633208 -4.250000
      vertex 74.451121 116.728879 -4.500000
    endloop
  endfacet
  facet normal -0.659824 0.254524 0.707000
    outer loop
      vertex 74.668843 116.598863 -4.250000
      vertex 74.451121 116.728879 -4.500000
      vertex 74.433457 116.683086 -4.500000
    endloop
  endfacet
  facet normal -0.646541 0.286593 0.707000
    outer loop
      vertex 74.682091 116.633208 -4.250000
      vertex 74.697008 116.666861 -4.250000
      vertex 74.471011 116.773750 -4.500000
    endloop
  endfacet
  facet normal -0.646541 0.286593 0.707000
    outer loop
      vertex 74.682091 116.633208 -4.250000
      vertex 74.471011 116.773750 -4.500000
      vertex 74.451121 116.728879 -4.500000
    endloop
  endfacet
  facet normal -0.631700 0.317971 0.707000
    outer loop
      vertex 74.697008 116.666861 -4.250000
      vertex 74.713559 116.699741 -4.250000
      vertex 74.493078 116.817590 -4.500000
    endloop
  endfacet
  facet normal -0.631700 0.317971 0.707000
    outer loop
      vertex 74.697008 116.666861 -4.250000
      vertex 74.493078 116.817590 -4.500000
      vertex 74.471011 116.773750 -4.500000
    endloop
  endfacet
  facet normal -0.615337 0.348584 0.707000
    outer loop
      vertex 74.713559 116.699741 -4.250000
      vertex 74.731703 116.731771 -4.250000
      vertex 74.517271 116.860296 -4.500000
    endloop
  endfacet
  facet normal -0.615337 0.348584 0.707000
    outer loop
      vertex 74.713559 116.699741 -4.250000
      vertex 74.517271 116.860296 -4.500000
      vertex 74.493078 116.817590 -4.500000
    endloop
  endfacet
  facet normal -0.597492 0.378358 0.707000
    outer loop
      vertex 74.731703 116.731771 -4.250000
      vertex 74.751398 116.762872 -4.250000
      vertex 74.543531 116.901765 -4.500000
    endloop
  endfacet
  facet normal -0.597492 0.378357 0.707000
    outer loop
      vertex 74.731703 116.731771 -4.250000
      vertex 74.543531 116.901765 -4.500000
      vertex 74.517271 116.860296 -4.500000
    endloop
  endfacet
  facet normal -0.578206 0.407220 0.707000
    outer loop
      vertex 74.751398 116.762872 -4.250000
      vertex 74.772595 116.792969 -4.250000
      vertex 74.571793 116.941894 -4.500000
    endloop
  endfacet
  facet normal -0.578207 0.407220 0.707000
    outer loop
      vertex 74.751398 116.762872 -4.250000
      vertex 74.571793 116.941894 -4.500000
      vertex 74.543531 116.901765 -4.500000
    endloop
  endfacet
  facet normal -0.557529 0.435100 0.707000
    outer loop
      vertex 74.772595 116.792969 -4.250000
      vertex 74.795242 116.821989 -4.250000
      vertex 74.601990 116.980588 -4.500000
    endloop
  endfacet
  facet normal -0.557529 0.435100 0.707000
    outer loop
      vertex 74.772595 116.792969 -4.250000
      vertex 74.601990 116.980588 -4.500000
      vertex 74.571793 116.941894 -4.500000
    endloop
  endfacet
  facet normal -0.535508 0.461933 0.707000
    outer loop
      vertex 74.795242 116.821989 -4.250000
      vertex 74.819287 116.849863 -4.250000
      vertex 74.634049 117.017753 -4.500000
    endloop
  endfacet
  facet normal -0.535508 0.461933 0.707000
    outer loop
      vertex 74.795242 116.821989 -4.250000
      vertex 74.634049 117.017753 -4.500000
      vertex 74.601990 116.980588 -4.500000
    endloop
  endfacet
  facet normal -0.512197 0.487652 0.707000
    outer loop
      vertex 74.819287 116.849863 -4.250000
      vertex 74.844670 116.876524 -4.250000
      vertex 74.667893 117.053301 -4.500000
    endloop
  endfacet
  facet normal -0.512197 0.487652 0.707000
    outer loop
      vertex 74.819287 116.849863 -4.250000
      vertex 74.667893 117.053301 -4.500000
      vertex 74.634049 117.017753 -4.500000
    endloop
  endfacet
  facet normal -0.487652 0.512197 0.707000
    outer loop
      vertex 74.844670 116.876524 -4.250000
      vertex 74.871331 116.901907 -4.250000
      vertex 74.667893 117.053301 -4.500000
    endloop
  endfacet
  facet normal -0.487652 0.512197 0.707000
    outer loop
      vertex 74.871331 116.901907 -4.250000
      vertex 74.703441 117.087145 -4.500000
      vertex 74.667893 117.053301 -4.500000
    endloop
  endfacet
  facet normal -0.461933 0.535508 0.707000
    outer loop
      vertex 74.871331 116.901907 -4.250000
      vertex 74.899205 116.925952 -4.250000
      vertex 74.703441 117.087145 -4.500000
    endloop
  endfacet
  facet normal -0.461933 0.535508 0.707000
    outer loop
      vertex 74.899205 116.925952 -4.250000
      vertex 74.740606 117.119204 -4.500000
      vertex 74.703441 117.087145 -4.500000
    endloop
  endfacet
  facet normal -0.435100 0.557529 0.707000
    outer loop
      vertex 74.899205 116.925952 -4.250000
      vertex 74.928225 116.948599 -4.250000
      vertex 74.740606 117.119204 -4.500000
    endloop
  endfacet
  facet normal -0.435100 0.557529 0.707000
    outer loop
      vertex 74.928225 116.948599 -4.250000
      vertex 74.779300 117.149401 -4.500000
      vertex 74.740606 117.119204 -4.500000
    endloop
  endfacet
  facet normal -0.407220 0.578206 0.707000
    outer loop
      vertex 74.928225 116.948599 -4.250000
      vertex 74.958322 116.969796 -4.250000
      vertex 74.779300 117.149401 -4.500000
    endloop
  endfacet
  facet normal -0.407220 0.578207 0.707000
    outer loop
      vertex 74.958322 116.969796 -4.250000
      vertex 74.819429 117.177663 -4.500000
      vertex 74.779300 117.149401 -4.500000
    endloop
  endfacet
  facet normal -0.378358 0.597492 0.707000
    outer loop
      vertex 74.958322 116.969796 -4.250000
      vertex 74.989423 116.989491 -4.250000
      vertex 74.819429 117.177663 -4.500000
    endloop
  endfacet
  facet normal -0.378357 0.597492 0.707000
    outer loop
      vertex 74.989423 116.989491 -4.250000
      vertex 74.860898 117.203923 -4.500000
      vertex 74.819429 117.177663 -4.500000
    endloop
  endfacet
  facet normal -0.348584 0.615337 0.707000
    outer loop
      vertex 74.989423 116.989491 -4.250000
      vertex 75.021453 117.007635 -4.250000
      vertex 74.860898 117.203923 -4.500000
    endloop
  endfacet
  facet normal -0.348584 0.615337 0.707000
    outer loop
      vertex 75.021453 117.007635 -4.250000
      vertex 74.903604 117.228116 -4.500000
      vertex 74.860898 117.203923 -4.500000
    endloop
  endfacet
  facet normal -0.317971 0.631700 0.707000
    outer loop
      vertex 75.021453 117.007635 -4.250000
      vertex 75.054333 117.024186 -4.250000
      vertex 74.903604 117.228116 -4.500000
    endloop
  endfacet
  facet normal -0.317971 0.631700 0.707000
    outer loop
      vertex 75.054333 117.024186 -4.250000
      vertex 74.947445 117.250183 -4.500000
      vertex 74.903604 117.228116 -4.500000
    endloop
  endfacet
  facet normal -0.286593 0.646541 0.707000
    outer loop
      vertex 75.054333 117.024186 -4.250000
      vertex 75.087986 117.039103 -4.250000
      vertex 74.947445 117.250183 -4.500000
    endloop
  endfacet
  facet normal -0.286593 0.646541 0.707000
    outer loop
      vertex 75.087986 117.039103 -4.250000
      vertex 74.992315 117.270073 -4.500000
      vertex 74.947445 117.250183 -4.500000
    endloop
  endfacet
  facet normal -0.254524 0.659824 0.707000
    outer loop
      vertex 75.087986 117.039103 -4.250000
      vertex 75.122331 117.052351 -4.250000
      vertex 74.992315 117.270073 -4.500000
    endloop
  endfacet
  facet normal -0.254524 0.659824 0.707000
    outer loop
      vertex 75.122331 117.052351 -4.250000
      vertex 75.038108 117.287737 -4.500000
      vertex 74.992315 117.270073 -4.500000
    endloop
  endfacet
  facet normal -0.221842 0.671518 0.707000
    outer loop
      vertex 75.122331 117.052351 -4.250000
      vertex 75.157285 117.063899 -4.250000
      vertex 75.084713 117.303134 -4.500000
    endloop
  endfacet
  facet normal -0.221842 0.671518 0.707000
    outer loop
      vertex 75.122331 117.052351 -4.250000
      vertex 75.084713 117.303134 -4.500000
      vertex 75.038108 117.287737 -4.500000
    endloop
  endfacet
  facet normal -0.188624 0.681595 0.707000
    outer loop
      vertex 75.157285 117.063899 -4.250000
      vertex 75.192763 117.073717 -4.250000
      vertex 75.084713 117.303134 -4.500000
    endloop
  endfacet
  facet normal -0.188624 0.681595 0.707000
    outer loop
      vertex 75.192763 117.073717 -4.250000
      vertex 75.132018 117.316225 -4.500000
      vertex 75.084713 117.303134 -4.500000
    endloop
  endfacet
  facet normal -0.154952 0.690029 0.707000
    outer loop
      vertex 75.192763 117.073717 -4.250000
      vertex 75.228682 117.081783 -4.250000
      vertex 75.132018 117.316225 -4.500000
    endloop
  endfacet
  facet normal -0.154952 0.690029 0.707000
    outer loop
      vertex 75.228682 117.081783 -4.250000
      vertex 75.179910 117.326979 -4.500000
      vertex 75.132018 117.316225 -4.500000
    endloop
  endfacet
  facet normal -0.120906 0.696801 0.707000
    outer loop
      vertex 75.228682 117.081783 -4.250000
      vertex 75.264953 117.088077 -4.250000
      vertex 75.179910 117.326979 -4.500000
    endloop
  endfacet
  facet normal -0.120905 0.696802 0.707000
    outer loop
      vertex 75.264953 117.088077 -4.250000
      vertex 75.228272 117.335371 -4.500000
      vertex 75.179910 117.326979 -4.500000
    endloop
  endfacet
  facet normal -0.086571 0.701895 0.707000
    outer loop
      vertex 75.264953 117.088077 -4.250000
      vertex 75.301485 117.092582 -4.250000
      vertex 75.228272 117.335371 -4.500000
    endloop
  endfacet
  facet normal -0.086571 0.701895 0.707000
    outer loop
      vertex 75.301485 117.092582 -4.250000
      vertex 75.276980 117.341379 -4.500000
      vertex 75.228272 117.335371 -4.500000
    endloop
  endfacet
  facet normal -0.052028 0.705297 0.707000
    outer loop
      vertex 75.301485 117.092582 -4.250000
      vertex 75.338196 117.095291 -4.250000
      vertex 75.276980 117.341379 -4.500000
    endloop
  endfacet
  facet normal -0.052028 0.705297 0.707000
    outer loop
      vertex 75.338196 117.095291 -4.250000
      vertex 75.325930 117.344989 -4.500000
      vertex 75.276980 117.341379 -4.500000
    endloop
  endfacet
  facet normal -0.017357 0.707000 0.707000
    outer loop
      vertex 75.338196 117.095291 -4.250000
      vertex 75.375000 117.096194 -4.250000
      vertex 75.325930 117.344989 -4.500000
    endloop
  endfacet
  facet normal -0.017357 0.707000 0.707000
    outer loop
      vertex 75.375000 117.096194 -4.250000
      vertex 75.375000 117.346194 -4.500000
      vertex 75.325930 117.344989 -4.500000
    endloop
  endfacet
  facet normal -0.000000 0.707107 0.707107
    outer loop
      vertex 75.375000 117.346194 -4.500000
      vertex 75.375000 117.096194 -4.250000
      vertex 75.500000 117.096194 -4.250000
    endloop
  endfacet
  facet normal -0.000000 0.707107 0.707107
    outer loop
      vertex 75.375000 117.346194 -4.500000
      vertex 75.500000 117.096194 -4.250000
      vertex 75.500000 117.346194 -4.500000
    endloop
  endfacet
  facet normal -0.999699 0.024543 0.000000
    outer loop
      vertex 74.625904 116.382998 -4.250000
      vertex 74.625000 116.346194 -4.250000
      vertex 74.625000 116.346194 -3.000000
    endloop
  endfacet
  facet normal -0.999699 0.024544 0.000000
    outer loop
      vertex 74.625904 116.382998 -4.250000
      vertex 74.625000 116.346194 -3.000000
      vertex 74.625904 116.382998 -3.000000
    endloop
  endfacet
  facet normal -0.997290 0.073569 0.000000
    outer loop
      vertex 74.625904 116.382998 -3.000000
      vertex 74.628612 116.419709 -3.000000
      vertex 74.628612 116.419709 -4.250000
    endloop
  endfacet
  facet normal -0.997290 0.073568 -0.000000
    outer loop
      vertex 74.625904 116.382998 -3.000000
      vertex 74.628612 116.419709 -4.250000
      vertex 74.625904 116.382998 -4.250000
    endloop
  endfacet
  facet normal -0.992479 0.122413 0.000000
    outer loop
      vertex 74.628612 116.419709 -3.000000
      vertex 74.633118 116.456242 -3.000000
      vertex 74.633118 116.456241 -4.250000
    endloop
  endfacet
  facet normal -0.992479 0.122412 -0.000000
    outer loop
      vertex 74.628612 116.419709 -3.000000
      vertex 74.633118 116.456241 -4.250000
      vertex 74.628612 116.419709 -4.250000
    endloop
  endfacet
  facet normal -0.985277 0.170963 0.000000
    outer loop
      vertex 74.633118 116.456242 -3.000000
      vertex 74.639411 116.492513 -3.000000
      vertex 74.639411 116.492512 -4.250000
    endloop
  endfacet
  facet normal -0.985278 0.170962 -0.000000
    outer loop
      vertex 74.633118 116.456242 -3.000000
      vertex 74.639411 116.492512 -4.250000
      vertex 74.633118 116.456241 -4.250000
    endloop
  endfacet
  facet normal -0.975702 0.219103 0.000000
    outer loop
      vertex 74.639411 116.492513 -3.000000
      vertex 74.647477 116.528431 -3.000000
      vertex 74.647477 116.528431 -4.250000
    endloop
  endfacet
  facet normal -0.975702 0.219102 -0.000000
    outer loop
      vertex 74.639411 116.492513 -3.000000
      vertex 74.647477 116.528431 -4.250000
      vertex 74.639411 116.492512 -4.250000
    endloop
  endfacet
  facet normal -0.963775 0.266715 0.000000
    outer loop
      vertex 74.647477 116.528431 -3.000000
      vertex 74.657295 116.563910 -3.000000
      vertex 74.657295 116.563910 -4.250000
    endloop
  endfacet
  facet normal -0.963775 0.266715 -0.000000
    outer loop
      vertex 74.647477 116.528431 -3.000000
      vertex 74.657295 116.563910 -4.250000
      vertex 74.647477 116.528431 -4.250000
    endloop
  endfacet
  facet normal -0.949527 0.313684 -0.000000
    outer loop
      vertex 74.657295 116.563910 -3.000000
      vertex 74.668843 116.598863 -3.000000
      vertex 74.657295 116.563910 -4.250000
    endloop
  endfacet
  facet normal -0.949527 0.313684 -0.000000
    outer loop
      vertex 74.668843 116.598863 -3.000000
      vertex 74.668843 116.598863 -4.250000
      vertex 74.657295 116.563910 -4.250000
    endloop
  endfacet
  facet normal -0.932992 0.359897 0.000000
    outer loop
      vertex 74.668843 116.598863 -3.000000
      vertex 74.682091 116.633208 -3.000000
      vertex 74.682091 116.633208 -4.250000
    endloop
  endfacet
  facet normal -0.932992 0.359897 0.000000
    outer loop
      vertex 74.668843 116.598863 -3.000000
      vertex 74.682091 116.633208 -4.250000
      vertex 74.668843 116.598863 -4.250000
    endloop
  endfacet
  facet normal -0.914209 0.405243 0.000000
    outer loop
      vertex 74.682091 116.633208 -3.000000
      vertex 74.697008 116.666861 -3.000000
      vertex 74.697008 116.666861 -4.250000
    endloop
  endfacet
  facet normal -0.914209 0.405243 -0.000000
    outer loop
      vertex 74.682091 116.633208 -3.000000
      vertex 74.697008 116.666861 -4.250000
      vertex 74.682091 116.633208 -4.250000
    endloop
  endfacet
  facet normal -0.893224 0.449612 0.000000
    outer loop
      vertex 74.697008 116.666861 -3.000000
      vertex 74.713559 116.699742 -3.000000
      vertex 74.713559 116.699741 -4.250000
    endloop
  endfacet
  facet normal -0.893224 0.449612 -0.000000
    outer loop
      vertex 74.697008 116.666861 -3.000000
      vertex 74.713559 116.699741 -4.250000
      vertex 74.697008 116.666861 -4.250000
    endloop
  endfacet
  facet normal -0.870087 0.492898 0.000000
    outer loop
      vertex 74.713559 116.699742 -3.000000
      vertex 74.731704 116.731771 -3.000000
      vertex 74.731703 116.731771 -4.250000
    endloop
  endfacet
  facet normal -0.870087 0.492898 -0.000000
    outer loop
      vertex 74.713559 116.699742 -3.000000
      vertex 74.731703 116.731771 -4.250000
      vertex 74.713559 116.699741 -4.250000
    endloop
  endfacet
  facet normal -0.844853 0.534998 0.000000
    outer loop
      vertex 74.731704 116.731771 -3.000000
      vertex 74.751398 116.762872 -3.000000
      vertex 74.751398 116.762872 -4.250000
    endloop
  endfacet
  facet normal -0.844853 0.534998 -0.000000
    outer loop
      vertex 74.731704 116.731771 -3.000000
      vertex 74.751398 116.762872 -4.250000
      vertex 74.731703 116.731771 -4.250000
    endloop
  endfacet
  facet normal -0.817584 0.575809 0.000000
    outer loop
      vertex 74.751398 116.762872 -3.000000
      vertex 74.772595 116.792969 -3.000000
      vertex 74.772595 116.792969 -4.250000
    endloop
  endfacet
  facet normal -0.817584 0.575809 -0.000000
    outer loop
      vertex 74.751398 116.762872 -3.000000
      vertex 74.772595 116.792969 -4.250000
      vertex 74.751398 116.762872 -4.250000
    endloop
  endfacet
  facet normal -0.788346 0.615232 0.000000
    outer loop
      vertex 74.772595 116.792969 -3.000000
      vertex 74.795243 116.821990 -3.000000
      vertex 74.795242 116.821989 -4.250000
    endloop
  endfacet
  facet normal -0.788346 0.615232 -0.000000
    outer loop
      vertex 74.772595 116.792969 -3.000000
      vertex 74.795242 116.821989 -4.250000
      vertex 74.772595 116.792969 -4.250000
    endloop
  endfacet
  facet normal -0.757209 0.653173 0.000000
    outer loop
      vertex 74.795243 116.821990 -3.000000
      vertex 74.819287 116.849863 -3.000000
      vertex 74.819287 116.849863 -4.250000
    endloop
  endfacet
  facet normal -0.757209 0.653173 -0.000000
    outer loop
      vertex 74.795243 116.821990 -3.000000
      vertex 74.819287 116.849863 -4.250000
      vertex 74.795242 116.821989 -4.250000
    endloop
  endfacet
  facet normal -0.724247 0.689541 -0.000000
    outer loop
      vertex 74.819287 116.849863 -3.000000
      vertex 74.844670 116.876524 -3.000000
      vertex 74.844670 116.876524 -4.250000
    endloop
  endfacet
  facet normal -0.724247 0.689541 -0.000000
    outer loop
      vertex 74.819287 116.849863 -3.000000
      vertex 74.844670 116.876524 -4.250000
      vertex 74.819287 116.849863 -4.250000
    endloop
  endfacet
  facet normal -0.689541 0.724247 -0.000000
    outer loop
      vertex 74.844670 116.876524 -3.000000
      vertex 74.871331 116.901907 -3.000000
      vertex 74.844670 116.876524 -4.250000
    endloop
  endfacet
  facet normal -0.689541 0.724247 -0.000000
    outer loop
      vertex 74.871331 116.901907 -3.000000
      vertex 74.871331 116.901907 -4.250000
      vertex 74.844670 116.876524 -4.250000
    endloop
  endfacet
  facet normal -0.653173 0.757209 0.000000
    outer loop
      vertex 74.871331 116.901907 -3.000000
      vertex 74.899205 116.925952 -3.000000
      vertex 74.871331 116.901907 -4.250000
    endloop
  endfacet
  facet normal -0.653173 0.757209 -0.000000
    outer loop
      vertex 74.899205 116.925952 -3.000000
      vertex 74.899205 116.925952 -4.250000
      vertex 74.871331 116.901907 -4.250000
    endloop
  endfacet
  facet normal -0.615232 0.788346 0.000000
    outer loop
      vertex 74.899205 116.925952 -3.000000
      vertex 74.928225 116.948599 -3.000000
      vertex 74.899205 116.925952 -4.250000
    endloop
  endfacet
  facet normal -0.615232 0.788346 -0.000000
    outer loop
      vertex 74.928225 116.948599 -3.000000
      vertex 74.928225 116.948599 -4.250000
      vertex 74.899205 116.925952 -4.250000
    endloop
  endfacet
  facet normal -0.575809 0.817584 0.000000
    outer loop
      vertex 74.928225 116.948599 -3.000000
      vertex 74.958322 116.969796 -3.000000
      vertex 74.928225 116.948599 -4.250000
    endloop
  endfacet
  facet normal -0.575809 0.817584 -0.000000
    outer loop
      vertex 74.958322 116.969796 -3.000000
      vertex 74.958322 116.969796 -4.250000
      vertex 74.928225 116.948599 -4.250000
    endloop
  endfacet
  facet normal -0.534998 0.844853 0.000000
    outer loop
      vertex 74.958322 116.969796 -3.000000
      vertex 74.989423 116.989490 -3.000000
      vertex 74.958322 116.969796 -4.250000
    endloop
  endfacet
  facet normal -0.534998 0.844853 -0.000000
    outer loop
      vertex 74.989423 116.989490 -3.000000
      vertex 74.989423 116.989491 -4.250000
      vertex 74.958322 116.969796 -4.250000
    endloop
  endfacet
  facet normal -0.492898 0.870087 0.000000
    outer loop
      vertex 74.989423 116.989490 -3.000000
      vertex 75.021452 117.007635 -3.000000
      vertex 74.989423 116.989491 -4.250000
    endloop
  endfacet
  facet normal -0.492898 0.870087 -0.000000
    outer loop
      vertex 75.021452 117.007635 -3.000000
      vertex 75.021453 117.007635 -4.250000
      vertex 74.989423 116.989491 -4.250000
    endloop
  endfacet
  facet normal -0.449612 0.893224 0.000000
    outer loop
      vertex 75.021452 117.007635 -3.000000
      vertex 75.054333 117.024186 -3.000000
      vertex 75.021453 117.007635 -4.250000
    endloop
  endfacet
  facet normal -0.449612 0.893224 -0.000000
    outer loop
      vertex 75.054333 117.024186 -3.000000
      vertex 75.054333 117.024186 -4.250000
      vertex 75.021453 117.007635 -4.250000
    endloop
  endfacet
  facet normal -0.405243 0.914209 0.000000
    outer loop
      vertex 75.054333 117.024186 -3.000000
      vertex 75.087986 117.039103 -3.000000
      vertex 75.054333 117.024186 -4.250000
    endloop
  endfacet
  facet normal -0.405243 0.914209 -0.000000
    outer loop
      vertex 75.087986 117.039103 -3.000000
      vertex 75.087986 117.039103 -4.250000
      vertex 75.054333 117.024186 -4.250000
    endloop
  endfacet
  facet normal -0.359897 0.932992 0.000000
    outer loop
      vertex 75.087986 117.039103 -3.000000
      vertex 75.122331 117.052351 -3.000000
      vertex 75.087986 117.039103 -4.250000
    endloop
  endfacet
  facet normal -0.359897 0.932992 0.000000
    outer loop
      vertex 75.122331 117.052351 -3.000000
      vertex 75.122331 117.052351 -4.250000
      vertex 75.087986 117.039103 -4.250000
    endloop
  endfacet
  facet normal -0.313684 0.949527 -0.000000
    outer loop
      vertex 75.122331 117.052351 -3.000000
      vertex 75.157285 117.063899 -3.000000
      vertex 75.157285 117.063899 -4.250000
    endloop
  endfacet
  facet normal -0.313684 0.949527 -0.000000
    outer loop
      vertex 75.122331 117.052351 -3.000000
      vertex 75.157285 117.063899 -4.250000
      vertex 75.122331 117.052351 -4.250000
    endloop
  endfacet
  facet normal -0.266715 0.963775 0.000000
    outer loop
      vertex 75.157285 117.063899 -3.000000
      vertex 75.192763 117.073717 -3.000000
      vertex 75.157285 117.063899 -4.250000
    endloop
  endfacet
  facet normal -0.266715 0.963775 -0.000000
    outer loop
      vertex 75.192763 117.073717 -3.000000
      vertex 75.192763 117.073717 -4.250000
      vertex 75.157285 117.063899 -4.250000
    endloop
  endfacet
  facet normal -0.219103 0.975702 0.000000
    outer loop
      vertex 75.192763 117.073717 -3.000000
      vertex 75.228681 117.081783 -3.000000
      vertex 75.192763 117.073717 -4.250000
    endloop
  endfacet
  facet normal -0.219102 0.975702 -0.000000
    outer loop
      vertex 75.228681 117.081783 -3.000000
      vertex 75.228682 117.081783 -4.250000
      vertex 75.192763 117.073717 -4.250000
    endloop
  endfacet
  facet normal -0.170963 0.985277 0.000000
    outer loop
      vertex 75.228681 117.081783 -3.000000
      vertex 75.264952 117.088076 -3.000000
      vertex 75.228682 117.081783 -4.250000
    endloop
  endfacet
  facet normal -0.170962 0.985278 -0.000000
    outer loop
      vertex 75.264952 117.088076 -3.000000
      vertex 75.264953 117.088077 -4.250000
      vertex 75.228682 117.081783 -4.250000
    endloop
  endfacet
  facet normal -0.122413 0.992479 0.000000
    outer loop
      vertex 75.264952 117.088076 -3.000000
      vertex 75.301485 117.092582 -3.000000
      vertex 75.264953 117.088077 -4.250000
    endloop
  endfacet
  facet normal -0.122412 0.992479 -0.000000
    outer loop
      vertex 75.301485 117.092582 -3.000000
      vertex 75.301485 117.092582 -4.250000
      vertex 75.264953 117.088077 -4.250000
    endloop
  endfacet
  facet normal -0.073569 0.997290 0.000000
    outer loop
      vertex 75.301485 117.092582 -3.000000
      vertex 75.338196 117.095290 -3.000000
      vertex 75.301485 117.092582 -4.250000
    endloop
  endfacet
  facet normal -0.073568 0.997290 -0.000000
    outer loop
      vertex 75.338196 117.095290 -3.000000
      vertex 75.338196 117.095291 -4.250000
      vertex 75.301485 117.092582 -4.250000
    endloop
  endfacet
  facet normal -0.024544 0.999699 0.000000
    outer loop
      vertex 75.338196 117.095290 -3.000000
      vertex 75.375000 117.096194 -3.000000
      vertex 75.338196 117.095291 -4.250000
    endloop
  endfacet
  facet normal -0.024543 0.999699 -0.000000
    outer loop
      vertex 75.375000 117.096194 -3.000000
      vertex 75.375000 117.096194 -4.250000
      vertex 75.338196 117.095291 -4.250000
    endloop
  endfacet
  facet normal -0.999699 0.024544 0.000000
    outer loop
      vertex 74.625904 116.382998 -3.000000
      vertex 74.625000 116.346194 -3.000000
      vertex 74.625000 116.346194 -2.500000
    endloop
  endfacet
  facet normal -0.999699 0.024544 0.000000
    outer loop
      vertex 74.625904 116.382998 -3.000000
      vertex 74.625000 116.346194 -2.500000
      vertex 74.625904 116.382998 -2.500000
    endloop
  endfacet
  facet normal -0.997290 0.073569 0.000000
    outer loop
      vertex 74.625904 116.382998 -2.500000
      vertex 74.628612 116.419709 -2.500000
      vertex 74.625904 116.382998 -3.000000
    endloop
  endfacet
  facet normal -0.997290 0.073569 0.000000
    outer loop
      vertex 74.628612 116.419709 -2.500000
      vertex 74.628612 116.419709 -3.000000
      vertex 74.625904 116.382998 -3.000000
    endloop
  endfacet
  facet normal -0.992479 0.122413 0.000000
    outer loop
      vertex 74.628612 116.419709 -2.500000
      vertex 74.633118 116.456242 -2.500000
      vertex 74.628612 116.419709 -3.000000
    endloop
  endfacet
  facet normal -0.992479 0.122413 0.000000
    outer loop
      vertex 74.633118 116.456242 -2.500000
      vertex 74.633118 116.456242 -3.000000
      vertex 74.628612 116.419709 -3.000000
    endloop
  endfacet
  facet normal -0.985277 0.170963 0.000000
    outer loop
      vertex 74.633118 116.456242 -2.500000
      vertex 74.639411 116.492513 -2.500000
      vertex 74.633118 116.456242 -3.000000
    endloop
  endfacet
  facet normal -0.985277 0.170963 0.000000
    outer loop
      vertex 74.639411 116.492513 -2.500000
      vertex 74.639411 116.492513 -3.000000
      vertex 74.633118 116.456242 -3.000000
    endloop
  endfacet
  facet normal -0.975702 0.219103 0.000000
    outer loop
      vertex 74.639411 116.492513 -2.500000
      vertex 74.647477 116.528431 -2.500000
      vertex 74.639411 116.492513 -3.000000
    endloop
  endfacet
  facet normal -0.975702 0.219103 -0.000000
    outer loop
      vertex 74.647477 116.528431 -2.500000
      vertex 74.647477 116.528431 -3.000000
      vertex 74.639411 116.492513 -3.000000
    endloop
  endfacet
  facet normal -0.963775 0.266715 -0.000000
    outer loop
      vertex 74.647477 116.528431 -2.500000
      vertex 74.657295 116.563910 -2.500000
      vertex 74.657295 116.563910 -3.000000
    endloop
  endfacet
  facet normal -0.963775 0.266715 -0.000000
    outer loop
      vertex 74.647477 116.528431 -2.500000
      vertex 74.657295 116.563910 -3.000000
      vertex 74.647477 116.528431 -3.000000
    endloop
  endfacet
  facet normal -0.949527 0.313684 -0.000000
    outer loop
      vertex 74.657295 116.563910 -2.500000
      vertex 74.668843 116.598863 -2.500000
      vertex 74.668843 116.598863 -3.000000
    endloop
  endfacet
  facet normal -0.949527 0.313684 -0.000000
    outer loop
      vertex 74.657295 116.563910 -2.500000
      vertex 74.668843 116.598863 -3.000000
      vertex 74.657295 116.563910 -3.000000
    endloop
  endfacet
  facet normal -0.932992 0.359897 0.000000
    outer loop
      vertex 74.668843 116.598863 -2.500000
      vertex 74.682091 116.633208 -2.500000
      vertex 74.682091 116.633208 -3.000000
    endloop
  endfacet
  facet normal -0.932992 0.359897 -0.000000
    outer loop
      vertex 74.668843 116.598863 -2.500000
      vertex 74.682091 116.633208 -3.000000
      vertex 74.668843 116.598863 -3.000000
    endloop
  endfacet
  facet normal -0.914209 0.405243 -0.000000
    outer loop
      vertex 74.682091 116.633208 -2.500000
      vertex 74.697008 116.666861 -2.500000
      vertex 74.682091 116.633208 -3.000000
    endloop
  endfacet
  facet normal -0.914209 0.405243 0.000000
    outer loop
      vertex 74.697008 116.666861 -2.500000
      vertex 74.697008 116.666861 -3.000000
      vertex 74.682091 116.633208 -3.000000
    endloop
  endfacet
  facet normal -0.893224 0.449612 -0.000000
    outer loop
      vertex 74.697008 116.666861 -2.500000
      vertex 74.713559 116.699742 -2.500000
      vertex 74.713559 116.699742 -3.000000
    endloop
  endfacet
  facet normal -0.893224 0.449612 -0.000000
    outer loop
      vertex 74.697008 116.666861 -2.500000
      vertex 74.713559 116.699742 -3.000000
      vertex 74.697008 116.666861 -3.000000
    endloop
  endfacet
  facet normal -0.870087 0.492898 -0.000000
    outer loop
      vertex 74.713559 116.699742 -2.500000
      vertex 74.731704 116.731771 -2.500000
      vertex 74.731704 116.731771 -3.000000
    endloop
  endfacet
  facet normal -0.870087 0.492898 -0.000000
    outer loop
      vertex 74.713559 116.699742 -2.500000
      vertex 74.731704 116.731771 -3.000000
      vertex 74.713559 116.699742 -3.000000
    endloop
  endfacet
  facet normal -0.844853 0.534998 -0.000000
    outer loop
      vertex 74.731704 116.731771 -2.500000
      vertex 74.751398 116.762872 -2.500000
      vertex 74.751398 116.762872 -3.000000
    endloop
  endfacet
  facet normal -0.844853 0.534998 -0.000000
    outer loop
      vertex 74.731704 116.731771 -2.500000
      vertex 74.751398 116.762872 -3.000000
      vertex 74.731704 116.731771 -3.000000
    endloop
  endfacet
  facet normal -0.817584 0.575809 -0.000000
    outer loop
      vertex 74.751398 116.762872 -2.500000
      vertex 74.772595 116.792969 -2.500000
      vertex 74.772595 116.792969 -3.000000
    endloop
  endfacet
  facet normal -0.817584 0.575809 -0.000000
    outer loop
      vertex 74.751398 116.762872 -2.500000
      vertex 74.772595 116.792969 -3.000000
      vertex 74.751398 116.762872 -3.000000
    endloop
  endfacet
  facet normal -0.788346 0.615232 -0.000000
    outer loop
      vertex 74.772595 116.792969 -2.500000
      vertex 74.795243 116.821990 -2.500000
      vertex 74.795243 116.821990 -3.000000
    endloop
  endfacet
  facet normal -0.788346 0.615232 -0.000000
    outer loop
      vertex 74.772595 116.792969 -2.500000
      vertex 74.795243 116.821990 -3.000000
      vertex 74.772595 116.792969 -3.000000
    endloop
  endfacet
  facet normal -0.757209 0.653173 -0.000000
    outer loop
      vertex 74.795243 116.821990 -2.500000
      vertex 74.819287 116.849863 -2.500000
      vertex 74.819287 116.849863 -3.000000
    endloop
  endfacet
  facet normal -0.757209 0.653173 -0.000000
    outer loop
      vertex 74.795243 116.821990 -2.500000
      vertex 74.819287 116.849863 -3.000000
      vertex 74.795243 116.821990 -3.000000
    endloop
  endfacet
  facet normal -0.724247 0.689541 -0.000000
    outer loop
      vertex 74.819287 116.849863 -2.500000
      vertex 74.844670 116.876524 -2.500000
      vertex 74.844670 116.876524 -3.000000
    endloop
  endfacet
  facet normal -0.724247 0.689541 -0.000000
    outer loop
      vertex 74.819287 116.849863 -2.500000
      vertex 74.844670 116.876524 -3.000000
      vertex 74.819287 116.849863 -3.000000
    endloop
  endfacet
  facet normal -0.689541 0.724247 -0.000000
    outer loop
      vertex 74.844670 116.876524 -2.500000
      vertex 74.871331 116.901907 -2.500000
      vertex 74.871331 116.901907 -3.000000
    endloop
  endfacet
  facet normal -0.689541 0.724247 -0.000000
    outer loop
      vertex 74.844670 116.876524 -2.500000
      vertex 74.871331 116.901907 -3.000000
      vertex 74.844670 116.876524 -3.000000
    endloop
  endfacet
  facet normal -0.653173 0.757209 -0.000000
    outer loop
      vertex 74.871331 116.901907 -2.500000
      vertex 74.899205 116.925952 -2.500000
      vertex 74.899205 116.925952 -3.000000
    endloop
  endfacet
  facet normal -0.653173 0.757209 -0.000000
    outer loop
      vertex 74.871331 116.901907 -2.500000
      vertex 74.899205 116.925952 -3.000000
      vertex 74.871331 116.901907 -3.000000
    endloop
  endfacet
  facet normal -0.615232 0.788346 -0.000000
    outer loop
      vertex 74.899205 116.925952 -2.500000
      vertex 74.928225 116.948599 -2.500000
      vertex 74.928225 116.948599 -3.000000
    endloop
  endfacet
  facet normal -0.615232 0.788346 -0.000000
    outer loop
      vertex 74.899205 116.925952 -2.500000
      vertex 74.928225 116.948599 -3.000000
      vertex 74.899205 116.925952 -3.000000
    endloop
  endfacet
  facet normal -0.575809 0.817584 -0.000000
    outer loop
      vertex 74.928225 116.948599 -2.500000
      vertex 74.958322 116.969796 -2.500000
      vertex 74.958322 116.969796 -3.000000
    endloop
  endfacet
  facet normal -0.575809 0.817584 -0.000000
    outer loop
      vertex 74.928225 116.948599 -2.500000
      vertex 74.958322 116.969796 -3.000000
      vertex 74.928225 116.948599 -3.000000
    endloop
  endfacet
  facet normal -0.534998 0.844853 -0.000000
    outer loop
      vertex 74.958322 116.969796 -2.500000
      vertex 74.989423 116.989490 -2.500000
      vertex 74.989423 116.989490 -3.000000
    endloop
  endfacet
  facet normal -0.534998 0.844853 -0.000000
    outer loop
      vertex 74.958322 116.969796 -2.500000
      vertex 74.989423 116.989490 -3.000000
      vertex 74.958322 116.969796 -3.000000
    endloop
  endfacet
  facet normal -0.492898 0.870087 -0.000000
    outer loop
      vertex 74.989423 116.989490 -2.500000
      vertex 75.021452 117.007635 -2.500000
      vertex 75.021452 117.007635 -3.000000
    endloop
  endfacet
  facet normal -0.492898 0.870087 -0.000000
    outer loop
      vertex 74.989423 116.989490 -2.500000
      vertex 75.021452 117.007635 -3.000000
      vertex 74.989423 116.989490 -3.000000
    endloop
  endfacet
  facet normal -0.449612 0.893224 -0.000000
    outer loop
      vertex 75.021452 117.007635 -2.500000
      vertex 75.054333 117.024186 -2.500000
      vertex 75.054333 117.024186 -3.000000
    endloop
  endfacet
  facet normal -0.449612 0.893224 -0.000000
    outer loop
      vertex 75.021452 117.007635 -2.500000
      vertex 75.054333 117.024186 -3.000000
      vertex 75.021452 117.007635 -3.000000
    endloop
  endfacet
  facet normal -0.405243 0.914209 -0.000000
    outer loop
      vertex 75.054333 117.024186 -2.500000
      vertex 75.087986 117.039103 -2.500000
      vertex 75.087986 117.039103 -3.000000
    endloop
  endfacet
  facet normal -0.405243 0.914209 -0.000000
    outer loop
      vertex 75.054333 117.024186 -2.500000
      vertex 75.087986 117.039103 -3.000000
      vertex 75.054333 117.024186 -3.000000
    endloop
  endfacet
  facet normal -0.359897 0.932992 -0.000000
    outer loop
      vertex 75.087986 117.039103 -2.500000
      vertex 75.122331 117.052351 -2.500000
      vertex 75.122331 117.052351 -3.000000
    endloop
  endfacet
  facet normal -0.359897 0.932992 -0.000000
    outer loop
      vertex 75.087986 117.039103 -2.500000
      vertex 75.122331 117.052351 -3.000000
      vertex 75.087986 117.039103 -3.000000
    endloop
  endfacet
  facet normal -0.313684 0.949527 -0.000000
    outer loop
      vertex 75.122331 117.052351 -2.500000
      vertex 75.157285 117.063899 -2.500000
      vertex 75.157285 117.063899 -3.000000
    endloop
  endfacet
  facet normal -0.313684 0.949527 -0.000000
    outer loop
      vertex 75.122331 117.052351 -2.500000
      vertex 75.157285 117.063899 -3.000000
      vertex 75.122331 117.052351 -3.000000
    endloop
  endfacet
  facet normal -0.266715 0.963775 -0.000000
    outer loop
      vertex 75.157285 117.063899 -2.500000
      vertex 75.192763 117.073717 -2.500000
      vertex 75.192763 117.073717 -3.000000
    endloop
  endfacet
  facet normal -0.266715 0.963775 -0.000000
    outer loop
      vertex 75.157285 117.063899 -2.500000
      vertex 75.192763 117.073717 -3.000000
      vertex 75.157285 117.063899 -3.000000
    endloop
  endfacet
  facet normal -0.219103 0.975702 -0.000000
    outer loop
      vertex 75.192763 117.073717 -2.500000
      vertex 75.228681 117.081783 -2.500000
      vertex 75.228681 117.081783 -3.000000
    endloop
  endfacet
  facet normal -0.219103 0.975702 -0.000000
    outer loop
      vertex 75.192763 117.073717 -2.500000
      vertex 75.228681 117.081783 -3.000000
      vertex 75.192763 117.073717 -3.000000
    endloop
  endfacet
  facet normal -0.170963 0.985277 -0.000000
    outer loop
      vertex 75.228681 117.081783 -2.500000
      vertex 75.264952 117.088076 -2.500000
      vertex 75.264952 117.088076 -3.000000
    endloop
  endfacet
  facet normal -0.170963 0.985277 -0.000000
    outer loop
      vertex 75.228681 117.081783 -2.500000
      vertex 75.264952 117.088076 -3.000000
      vertex 75.228681 117.081783 -3.000000
    endloop
  endfacet
  facet normal -0.122413 0.992479 -0.000000
    outer loop
      vertex 75.264952 117.088076 -2.500000
      vertex 75.301485 117.092582 -2.500000
      vertex 75.301485 117.092582 -3.000000
    endloop
  endfacet
  facet normal -0.122413 0.992479 -0.000000
    outer loop
      vertex 75.264952 117.088076 -2.500000
      vertex 75.301485 117.092582 -3.000000
      vertex 75.264952 117.088076 -3.000000
    endloop
  endfacet
  facet normal -0.073569 0.997290 -0.000000
    outer loop
      vertex 75.301485 117.092582 -2.500000
      vertex 75.338196 117.095290 -2.500000
      vertex 75.338196 117.095290 -3.000000
    endloop
  endfacet
  facet normal -0.073569 0.997290 -0.000000
    outer loop
      vertex 75.301485 117.092582 -2.500000
      vertex 75.338196 117.095290 -3.000000
      vertex 75.301485 117.092582 -3.000000
    endloop
  endfacet
  facet normal -0.024544 0.999699 -0.000000
    outer loop
      vertex 75.338196 117.095290 -2.500000
      vertex 75.375000 117.096194 -2.500000
      vertex 75.375000 117.096194 -3.000000
    endloop
  endfacet
  facet normal -0.024544 0.999699 -0.000000
    outer loop
      vertex 75.338196 117.095290 -2.500000
      vertex 75.375000 117.096194 -3.000000
      vertex 75.338196 117.095290 -3.000000
    endloop
  endfacet
  facet normal 0.024544 0.999699 -0.000000
    outer loop
      vertex 77.161804 117.095290 -3.000000
      vertex 77.125000 117.096194 -3.000000
      vertex 77.125000 117.096194 -2.500000
    endloop
  endfacet
  facet normal 0.024544 0.999699 -0.000000
    outer loop
      vertex 77.161804 117.095290 -3.000000
      vertex 77.125000 117.096194 -2.500000
      vertex 77.161804 117.095290 -2.500000
    endloop
  endfacet
  facet normal 0.073569 0.997290 -0.000000
    outer loop
      vertex 77.161804 117.095290 -2.500000
      vertex 77.198515 117.092582 -2.500000
      vertex 77.161804 117.095290 -3.000000
    endloop
  endfacet
  facet normal 0.073569 0.997290 -0.000000
    outer loop
      vertex 77.198515 117.092582 -2.500000
      vertex 77.198515 117.092582 -3.000000
      vertex 77.161804 117.095290 -3.000000
    endloop
  endfacet
  facet normal 0.122413 0.992479 -0.000000
    outer loop
      vertex 77.198515 117.092582 -2.500000
      vertex 77.235048 117.088076 -2.500000
      vertex 77.198515 117.092582 -3.000000
    endloop
  endfacet
  facet normal 0.122413 0.992479 -0.000000
    outer loop
      vertex 77.235048 117.088076 -2.500000
      vertex 77.235048 117.088076 -3.000000
      vertex 77.198515 117.092582 -3.000000
    endloop
  endfacet
  facet normal 0.170963 0.985277 -0.000000
    outer loop
      vertex 77.235048 117.088076 -2.500000
      vertex 77.271319 117.081783 -2.500000
      vertex 77.235048 117.088076 -3.000000
    endloop
  endfacet
  facet normal 0.170963 0.985277 -0.000000
    outer loop
      vertex 77.271319 117.081783 -2.500000
      vertex 77.271319 117.081783 -3.000000
      vertex 77.235048 117.088076 -3.000000
    endloop
  endfacet
  facet normal 0.219103 0.975702 -0.000000
    outer loop
      vertex 77.271319 117.081783 -2.500000
      vertex 77.307237 117.073717 -2.500000
      vertex 77.271319 117.081783 -3.000000
    endloop
  endfacet
  facet normal 0.219103 0.975702 -0.000000
    outer loop
      vertex 77.307237 117.073717 -2.500000
      vertex 77.307237 117.073717 -3.000000
      vertex 77.271319 117.081783 -3.000000
    endloop
  endfacet
  facet normal 0.266715 0.963775 -0.000000
    outer loop
      vertex 77.307237 117.073717 -2.500000
      vertex 77.342715 117.063899 -2.500000
      vertex 77.307237 117.073717 -3.000000
    endloop
  endfacet
  facet normal 0.266715 0.963775 -0.000000
    outer loop
      vertex 77.342715 117.063899 -2.500000
      vertex 77.342715 117.063899 -3.000000
      vertex 77.307237 117.073717 -3.000000
    endloop
  endfacet
  facet normal 0.313684 0.949527 -0.000000
    outer loop
      vertex 77.342715 117.063899 -2.500000
      vertex 77.377669 117.052351 -2.500000
      vertex 77.342715 117.063899 -3.000000
    endloop
  endfacet
  facet normal 0.313684 0.949527 -0.000000
    outer loop
      vertex 77.377669 117.052351 -2.500000
      vertex 77.377669 117.052351 -3.000000
      vertex 77.342715 117.063899 -3.000000
    endloop
  endfacet
  facet normal 0.359897 0.932992 -0.000000
    outer loop
      vertex 77.377669 117.052351 -2.500000
      vertex 77.412014 117.039103 -2.500000
      vertex 77.377669 117.052351 -3.000000
    endloop
  endfacet
  facet normal 0.359897 0.932992 -0.000000
    outer loop
      vertex 77.412014 117.039103 -2.500000
      vertex 77.412014 117.039103 -3.000000
      vertex 77.377669 117.052351 -3.000000
    endloop
  endfacet
  facet normal 0.405243 0.914209 -0.000000
    outer loop
      vertex 77.412014 117.039103 -2.500000
      vertex 77.445667 117.024186 -2.500000
      vertex 77.412014 117.039103 -3.000000
    endloop
  endfacet
  facet normal 0.405243 0.914209 -0.000000
    outer loop
      vertex 77.445667 117.024186 -2.500000
      vertex 77.445667 117.024186 -3.000000
      vertex 77.412014 117.039103 -3.000000
    endloop
  endfacet
  facet normal 0.449612 0.893224 -0.000000
    outer loop
      vertex 77.445667 117.024186 -2.500000
      vertex 77.478548 117.007635 -2.500000
      vertex 77.445667 117.024186 -3.000000
    endloop
  endfacet
  facet normal 0.449612 0.893224 -0.000000
    outer loop
      vertex 77.478548 117.007635 -2.500000
      vertex 77.478548 117.007635 -3.000000
      vertex 77.445667 117.024186 -3.000000
    endloop
  endfacet
  facet normal 0.492898 0.870087 -0.000000
    outer loop
      vertex 77.478548 117.007635 -2.500000
      vertex 77.510577 116.989490 -2.500000
      vertex 77.478548 117.007635 -3.000000
    endloop
  endfacet
  facet normal 0.492898 0.870087 -0.000000
    outer loop
      vertex 77.510577 116.989490 -2.500000
      vertex 77.510577 116.989490 -3.000000
      vertex 77.478548 117.007635 -3.000000
    endloop
  endfacet
  facet normal 0.534998 0.844853 -0.000000
    outer loop
      vertex 77.510577 116.989490 -2.500000
      vertex 77.541678 116.969796 -2.500000
      vertex 77.510577 116.989490 -3.000000
    endloop
  endfacet
  facet normal 0.534998 0.844853 -0.000000
    outer loop
      vertex 77.541678 116.969796 -2.500000
      vertex 77.541678 116.969796 -3.000000
      vertex 77.510577 116.989490 -3.000000
    endloop
  endfacet
  facet normal 0.575809 0.817584 -0.000000
    outer loop
      vertex 77.541678 116.969796 -2.500000
      vertex 77.571775 116.948599 -2.500000
      vertex 77.541678 116.969796 -3.000000
    endloop
  endfacet
  facet normal 0.575809 0.817584 -0.000000
    outer loop
      vertex 77.571775 116.948599 -2.500000
      vertex 77.571775 116.948599 -3.000000
      vertex 77.541678 116.969796 -3.000000
    endloop
  endfacet
  facet normal 0.615232 0.788346 -0.000000
    outer loop
      vertex 77.571775 116.948599 -2.500000
      vertex 77.600795 116.925952 -2.500000
      vertex 77.571775 116.948599 -3.000000
    endloop
  endfacet
  facet normal 0.615232 0.788346 -0.000000
    outer loop
      vertex 77.600795 116.925952 -2.500000
      vertex 77.600795 116.925952 -3.000000
      vertex 77.571775 116.948599 -3.000000
    endloop
  endfacet
  facet normal 0.653173 0.757209 -0.000000
    outer loop
      vertex 77.600795 116.925952 -2.500000
      vertex 77.628669 116.901907 -2.500000
      vertex 77.600795 116.925952 -3.000000
    endloop
  endfacet
  facet normal 0.653173 0.757209 -0.000000
    outer loop
      vertex 77.628669 116.901907 -2.500000
      vertex 77.628669 116.901907 -3.000000
      vertex 77.600795 116.925952 -3.000000
    endloop
  endfacet
  facet normal 0.689541 0.724247 -0.000000
    outer loop
      vertex 77.628669 116.901907 -2.500000
      vertex 77.655330 116.876524 -2.500000
      vertex 77.628669 116.901907 -3.000000
    endloop
  endfacet
  facet normal 0.689541 0.724247 -0.000000
    outer loop
      vertex 77.655330 116.876524 -2.500000
      vertex 77.655330 116.876524 -3.000000
      vertex 77.628669 116.901907 -3.000000
    endloop
  endfacet
  facet normal 0.724247 0.689541 -0.000000
    outer loop
      vertex 77.655330 116.876524 -2.500000
      vertex 77.680713 116.849863 -2.500000
      vertex 77.655330 116.876524 -3.000000
    endloop
  endfacet
  facet normal 0.724247 0.689541 -0.000000
    outer loop
      vertex 77.680713 116.849863 -2.500000
      vertex 77.680713 116.849863 -3.000000
      vertex 77.655330 116.876524 -3.000000
    endloop
  endfacet
  facet normal 0.757209 0.653173 -0.000000
    outer loop
      vertex 77.680713 116.849863 -2.500000
      vertex 77.704757 116.821990 -2.500000
      vertex 77.680713 116.849863 -3.000000
    endloop
  endfacet
  facet normal 0.757209 0.653173 -0.000000
    outer loop
      vertex 77.704757 116.821990 -2.500000
      vertex 77.704757 116.821990 -3.000000
      vertex 77.680713 116.849863 -3.000000
    endloop
  endfacet
  facet normal 0.788346 0.615232 -0.000000
    outer loop
      vertex 77.704757 116.821990 -2.500000
      vertex 77.727405 116.792969 -2.500000
      vertex 77.704757 116.821990 -3.000000
    endloop
  endfacet
  facet normal 0.788346 0.615232 -0.000000
    outer loop
      vertex 77.727405 116.792969 -2.500000
      vertex 77.727405 116.792969 -3.000000
      vertex 77.704757 116.821990 -3.000000
    endloop
  endfacet
  facet normal 0.817584 0.575809 -0.000000
    outer loop
      vertex 77.727405 116.792969 -2.500000
      vertex 77.748602 116.762872 -2.500000
      vertex 77.727405 116.792969 -3.000000
    endloop
  endfacet
  facet normal 0.817584 0.575809 -0.000000
    outer loop
      vertex 77.748602 116.762872 -2.500000
      vertex 77.748602 116.762872 -3.000000
      vertex 77.727405 116.792969 -3.000000
    endloop
  endfacet
  facet normal 0.844853 0.534998 -0.000000
    outer loop
      vertex 77.748602 116.762872 -2.500000
      vertex 77.768296 116.731771 -2.500000
      vertex 77.748602 116.762872 -3.000000
    endloop
  endfacet
  facet normal 0.844853 0.534998 -0.000000
    outer loop
      vertex 77.768296 116.731771 -2.500000
      vertex 77.768296 116.731771 -3.000000
      vertex 77.748602 116.762872 -3.000000
    endloop
  endfacet
  facet normal 0.870087 0.492898 -0.000000
    outer loop
      vertex 77.768296 116.731771 -2.500000
      vertex 77.786441 116.699742 -2.500000
      vertex 77.768296 116.731771 -3.000000
    endloop
  endfacet
  facet normal 0.870087 0.492898 -0.000000
    outer loop
      vertex 77.786441 116.699742 -2.500000
      vertex 77.786441 116.699742 -3.000000
      vertex 77.768296 116.731771 -3.000000
    endloop
  endfacet
  facet normal 0.893224 0.449612 -0.000000
    outer loop
      vertex 77.786441 116.699742 -2.500000
      vertex 77.802992 116.666861 -2.500000
      vertex 77.786441 116.699742 -3.000000
    endloop
  endfacet
  facet normal 0.893224 0.449612 -0.000000
    outer loop
      vertex 77.802992 116.666861 -2.500000
      vertex 77.802992 116.666861 -3.000000
      vertex 77.786441 116.699742 -3.000000
    endloop
  endfacet
  facet normal 0.914209 0.405243 -0.000000
    outer loop
      vertex 77.802992 116.666861 -2.500000
      vertex 77.817909 116.633208 -2.500000
      vertex 77.802992 116.666861 -3.000000
    endloop
  endfacet
  facet normal 0.914209 0.405243 -0.000000
    outer loop
      vertex 77.817909 116.633208 -2.500000
      vertex 77.817909 116.633208 -3.000000
      vertex 77.802992 116.666861 -3.000000
    endloop
  endfacet
  facet normal 0.932992 0.359897 -0.000000
    outer loop
      vertex 77.817909 116.633208 -2.500000
      vertex 77.831157 116.598863 -2.500000
      vertex 77.817909 116.633208 -3.000000
    endloop
  endfacet
  facet normal 0.932992 0.359897 -0.000000
    outer loop
      vertex 77.831157 116.598863 -2.500000
      vertex 77.831157 116.598863 -3.000000
      vertex 77.817909 116.633208 -3.000000
    endloop
  endfacet
  facet normal 0.949527 0.313684 -0.000000
    outer loop
      vertex 77.831157 116.598863 -2.500000
      vertex 77.842705 116.563910 -2.500000
      vertex 77.831157 116.598863 -3.000000
    endloop
  endfacet
  facet normal 0.949527 0.313684 -0.000000
    outer loop
      vertex 77.842705 116.563910 -2.500000
      vertex 77.842705 116.563910 -3.000000
      vertex 77.831157 116.598863 -3.000000
    endloop
  endfacet
  facet normal 0.963775 0.266715 -0.000000
    outer loop
      vertex 77.842705 116.563910 -2.500000
      vertex 77.852523 116.528431 -2.500000
      vertex 77.842705 116.563910 -3.000000
    endloop
  endfacet
  facet normal 0.963775 0.266715 -0.000000
    outer loop
      vertex 77.852523 116.528431 -2.500000
      vertex 77.852523 116.528431 -3.000000
      vertex 77.842705 116.563910 -3.000000
    endloop
  endfacet
  facet normal 0.975702 0.219103 -0.000000
    outer loop
      vertex 77.852523 116.528431 -2.500000
      vertex 77.860589 116.492513 -2.500000
      vertex 77.852523 116.528431 -3.000000
    endloop
  endfacet
  facet normal 0.975702 0.219103 -0.000000
    outer loop
      vertex 77.860589 116.492513 -2.500000
      vertex 77.860589 116.492513 -3.000000
      vertex 77.852523 116.528431 -3.000000
    endloop
  endfacet
  facet normal 0.985277 0.170963 -0.000000
    outer loop
      vertex 77.860589 116.492513 -2.500000
      vertex 77.866882 116.456242 -2.500000
      vertex 77.860589 116.492513 -3.000000
    endloop
  endfacet
  facet normal 0.985277 0.170963 -0.000000
    outer loop
      vertex 77.866882 116.456242 -2.500000
      vertex 77.866882 116.456242 -3.000000
      vertex 77.860589 116.492513 -3.000000
    endloop
  endfacet
  facet normal 0.992479 0.122413 -0.000000
    outer loop
      vertex 77.866882 116.456242 -2.500000
      vertex 77.871388 116.419709 -2.500000
      vertex 77.866882 116.456242 -3.000000
    endloop
  endfacet
  facet normal 0.992479 0.122413 -0.000000
    outer loop
      vertex 77.871388 116.419709 -2.500000
      vertex 77.871388 116.419709 -3.000000
      vertex 77.866882 116.456242 -3.000000
    endloop
  endfacet
  facet normal 0.997290 0.073569 -0.000000
    outer loop
      vertex 77.871388 116.419709 -2.500000
      vertex 77.874096 116.382998 -2.500000
      vertex 77.871388 116.419709 -3.000000
    endloop
  endfacet
  facet normal 0.997290 0.073569 -0.000000
    outer loop
      vertex 77.874096 116.382998 -2.500000
      vertex 77.874096 116.382998 -3.000000
      vertex 77.871388 116.419709 -3.000000
    endloop
  endfacet
  facet normal 0.999699 0.024544 -0.000000
    outer loop
      vertex 77.874096 116.382998 -2.500000
      vertex 77.875000 116.346194 -2.500000
      vertex 77.874096 116.382998 -3.000000
    endloop
  endfacet
  facet normal 0.999699 0.024544 -0.000000
    outer loop
      vertex 77.875000 116.346194 -2.500000
      vertex 77.875000 116.346194 -3.000000
      vertex 77.874096 116.382998 -3.000000
    endloop
  endfacet
  facet normal -0.024544 -0.999699 0.000000
    outer loop
      vertex 75.338196 114.097098 -3.000000
      vertex 75.375000 114.096194 -3.000000
      vertex 75.375000 114.096194 -2.500000
    endloop
  endfacet
  facet normal -0.024544 -0.999699 0.000000
    outer loop
      vertex 75.338196 114.097098 -3.000000
      vertex 75.375000 114.096194 -2.500000
      vertex 75.338196 114.097098 -2.500000
    endloop
  endfacet
  facet normal -0.073569 -0.997290 0.000000
    outer loop
      vertex 75.338196 114.097098 -2.500000
      vertex 75.301485 114.099806 -2.500000
      vertex 75.338196 114.097098 -3.000000
    endloop
  endfacet
  facet normal -0.073569 -0.997290 0.000000
    outer loop
      vertex 75.301485 114.099806 -2.500000
      vertex 75.301485 114.099806 -3.000000
      vertex 75.338196 114.097098 -3.000000
    endloop
  endfacet
  facet normal -0.122413 -0.992479 0.000000
    outer loop
      vertex 75.301485 114.099806 -2.500000
      vertex 75.264952 114.104312 -2.500000
      vertex 75.301485 114.099806 -3.000000
    endloop
  endfacet
  facet normal -0.122413 -0.992479 0.000000
    outer loop
      vertex 75.264952 114.104312 -2.500000
      vertex 75.264952 114.104312 -3.000000
      vertex 75.301485 114.099806 -3.000000
    endloop
  endfacet
  facet normal -0.170963 -0.985277 0.000000
    outer loop
      vertex 75.264952 114.104312 -2.500000
      vertex 75.228681 114.110605 -2.500000
      vertex 75.264952 114.104312 -3.000000
    endloop
  endfacet
  facet normal -0.170963 -0.985277 0.000000
    outer loop
      vertex 75.228681 114.110605 -2.500000
      vertex 75.228681 114.110605 -3.000000
      vertex 75.264952 114.104312 -3.000000
    endloop
  endfacet
  facet normal -0.219103 -0.975702 0.000000
    outer loop
      vertex 75.228681 114.110605 -2.500000
      vertex 75.192763 114.118671 -2.500000
      vertex 75.228681 114.110605 -3.000000
    endloop
  endfacet
  facet normal -0.219103 -0.975702 0.000000
    outer loop
      vertex 75.192763 114.118671 -2.500000
      vertex 75.192763 114.118671 -3.000000
      vertex 75.228681 114.110605 -3.000000
    endloop
  endfacet
  facet normal -0.266715 -0.963775 0.000000
    outer loop
      vertex 75.192763 114.118671 -2.500000
      vertex 75.157285 114.128489 -2.500000
      vertex 75.192763 114.118671 -3.000000
    endloop
  endfacet
  facet normal -0.266715 -0.963775 0.000000
    outer loop
      vertex 75.157285 114.128489 -2.500000
      vertex 75.157285 114.128489 -3.000000
      vertex 75.192763 114.118671 -3.000000
    endloop
  endfacet
  facet normal -0.313684 -0.949527 0.000000
    outer loop
      vertex 75.157285 114.128489 -2.500000
      vertex 75.122331 114.140037 -2.500000
      vertex 75.157285 114.128489 -3.000000
    endloop
  endfacet
  facet normal -0.313684 -0.949527 0.000000
    outer loop
      vertex 75.122331 114.140037 -2.500000
      vertex 75.122331 114.140037 -3.000000
      vertex 75.157285 114.128489 -3.000000
    endloop
  endfacet
  facet normal -0.359897 -0.932992 0.000000
    outer loop
      vertex 75.122331 114.140037 -2.500000
      vertex 75.087986 114.153285 -2.500000
      vertex 75.122331 114.140037 -3.000000
    endloop
  endfacet
  facet normal -0.359897 -0.932992 0.000000
    outer loop
      vertex 75.087986 114.153285 -2.500000
      vertex 75.087986 114.153285 -3.000000
      vertex 75.122331 114.140037 -3.000000
    endloop
  endfacet
  facet normal -0.405243 -0.914209 0.000000
    outer loop
      vertex 75.087986 114.153285 -2.500000
      vertex 75.054333 114.168203 -2.500000
      vertex 75.087986 114.153285 -3.000000
    endloop
  endfacet
  facet normal -0.405243 -0.914209 0.000000
    outer loop
      vertex 75.054333 114.168203 -2.500000
      vertex 75.054333 114.168203 -3.000000
      vertex 75.087986 114.153285 -3.000000
    endloop
  endfacet
  facet normal -0.449612 -0.893224 0.000000
    outer loop
      vertex 75.054333 114.168203 -2.500000
      vertex 75.021452 114.184753 -2.500000
      vertex 75.054333 114.168203 -3.000000
    endloop
  endfacet
  facet normal -0.449612 -0.893224 0.000000
    outer loop
      vertex 75.021452 114.184753 -2.500000
      vertex 75.021452 114.184753 -3.000000
      vertex 75.054333 114.168203 -3.000000
    endloop
  endfacet
  facet normal -0.492898 -0.870087 0.000000
    outer loop
      vertex 75.021452 114.184753 -2.500000
      vertex 74.989423 114.202898 -2.500000
      vertex 75.021452 114.184753 -3.000000
    endloop
  endfacet
  facet normal -0.492898 -0.870087 0.000000
    outer loop
      vertex 74.989423 114.202898 -2.500000
      vertex 74.989423 114.202898 -3.000000
      vertex 75.021452 114.184753 -3.000000
    endloop
  endfacet
  facet normal -0.534998 -0.844853 0.000000
    outer loop
      vertex 74.989423 114.202898 -2.500000
      vertex 74.958322 114.222592 -2.500000
      vertex 74.989423 114.202898 -3.000000
    endloop
  endfacet
  facet normal -0.534998 -0.844853 0.000000
    outer loop
      vertex 74.958322 114.222592 -2.500000
      vertex 74.958322 114.222592 -3.000000
      vertex 74.989423 114.202898 -3.000000
    endloop
  endfacet
  facet normal -0.575809 -0.817584 0.000000
    outer loop
      vertex 74.958322 114.222592 -2.500000
      vertex 74.928225 114.243789 -2.500000
      vertex 74.958322 114.222592 -3.000000
    endloop
  endfacet
  facet normal -0.575809 -0.817584 0.000000
    outer loop
      vertex 74.928225 114.243789 -2.500000
      vertex 74.928225 114.243789 -3.000000
      vertex 74.958322 114.222592 -3.000000
    endloop
  endfacet
  facet normal -0.615232 -0.788346 0.000000
    outer loop
      vertex 74.928225 114.243789 -2.500000
      vertex 74.899205 114.266437 -2.500000
      vertex 74.928225 114.243789 -3.000000
    endloop
  endfacet
  facet normal -0.615232 -0.788346 0.000000
    outer loop
      vertex 74.899205 114.266437 -2.500000
      vertex 74.899205 114.266437 -3.000000
      vertex 74.928225 114.243789 -3.000000
    endloop
  endfacet
  facet normal -0.653173 -0.757209 0.000000
    outer loop
      vertex 74.899205 114.266437 -2.500000
      vertex 74.871331 114.290481 -2.500000
      vertex 74.899205 114.266437 -3.000000
    endloop
  endfacet
  facet normal -0.653173 -0.757209 0.000000
    outer loop
      vertex 74.871331 114.290481 -2.500000
      vertex 74.871331 114.290481 -3.000000
      vertex 74.899205 114.266437 -3.000000
    endloop
  endfacet
  facet normal -0.689541 -0.724247 0.000000
    outer loop
      vertex 74.871331 114.290481 -2.500000
      vertex 74.844670 114.315864 -2.500000
      vertex 74.871331 114.290481 -3.000000
    endloop
  endfacet
  facet normal -0.689541 -0.724247 0.000000
    outer loop
      vertex 74.844670 114.315864 -2.500000
      vertex 74.844670 114.315864 -3.000000
      vertex 74.871331 114.290481 -3.000000
    endloop
  endfacet
  facet normal -0.724247 -0.689541 0.000000
    outer loop
      vertex 74.844670 114.315864 -2.500000
      vertex 74.819287 114.342525 -2.500000
      vertex 74.844670 114.315864 -3.000000
    endloop
  endfacet
  facet normal -0.724247 -0.689541 0.000000
    outer loop
      vertex 74.819287 114.342525 -2.500000
      vertex 74.819287 114.342525 -3.000000
      vertex 74.844670 114.315864 -3.000000
    endloop
  endfacet
  facet normal -0.757209 -0.653173 0.000000
    outer loop
      vertex 74.819287 114.342525 -2.500000
      vertex 74.795243 114.370399 -2.500000
      vertex 74.819287 114.342525 -3.000000
    endloop
  endfacet
  facet normal -0.757209 -0.653173 0.000000
    outer loop
      vertex 74.795243 114.370399 -2.500000
      vertex 74.795243 114.370399 -3.000000
      vertex 74.819287 114.342525 -3.000000
    endloop
  endfacet
  facet normal -0.788346 -0.615232 0.000000
    outer loop
      vertex 74.795243 114.370399 -2.500000
      vertex 74.772595 114.399419 -2.500000
      vertex 74.795243 114.370399 -3.000000
    endloop
  endfacet
  facet normal -0.788346 -0.615232 0.000000
    outer loop
      vertex 74.772595 114.399419 -2.500000
      vertex 74.772595 114.399419 -3.000000
      vertex 74.795243 114.370399 -3.000000
    endloop
  endfacet
  facet normal -0.817584 -0.575809 0.000000
    outer loop
      vertex 74.772595 114.399419 -2.500000
      vertex 74.751398 114.429516 -2.500000
      vertex 74.772595 114.399419 -3.000000
    endloop
  endfacet
  facet normal -0.817584 -0.575809 0.000000
    outer loop
      vertex 74.751398 114.429516 -2.500000
      vertex 74.751398 114.429516 -3.000000
      vertex 74.772595 114.399419 -3.000000
    endloop
  endfacet
  facet normal -0.844853 -0.534998 0.000000
    outer loop
      vertex 74.751398 114.429516 -2.500000
      vertex 74.731704 114.460617 -2.500000
      vertex 74.751398 114.429516 -3.000000
    endloop
  endfacet
  facet normal -0.844853 -0.534998 0.000000
    outer loop
      vertex 74.731704 114.460617 -2.500000
      vertex 74.731704 114.460617 -3.000000
      vertex 74.751398 114.429516 -3.000000
    endloop
  endfacet
  facet normal -0.870087 -0.492898 0.000000
    outer loop
      vertex 74.731704 114.460617 -2.500000
      vertex 74.713559 114.492646 -2.500000
      vertex 74.731704 114.460617 -3.000000
    endloop
  endfacet
  facet normal -0.870087 -0.492898 0.000000
    outer loop
      vertex 74.713559 114.492646 -2.500000
      vertex 74.713559 114.492646 -3.000000
      vertex 74.731704 114.460617 -3.000000
    endloop
  endfacet
  facet normal -0.893224 -0.449612 0.000000
    outer loop
      vertex 74.713559 114.492646 -2.500000
      vertex 74.697008 114.525527 -2.500000
      vertex 74.713559 114.492646 -3.000000
    endloop
  endfacet
  facet normal -0.893224 -0.449612 0.000000
    outer loop
      vertex 74.697008 114.525527 -2.500000
      vertex 74.697008 114.525527 -3.000000
      vertex 74.713559 114.492646 -3.000000
    endloop
  endfacet
  facet normal -0.914209 -0.405243 0.000000
    outer loop
      vertex 74.697008 114.525527 -2.500000
      vertex 74.682091 114.559180 -2.500000
      vertex 74.697008 114.525527 -3.000000
    endloop
  endfacet
  facet normal -0.914209 -0.405243 0.000000
    outer loop
      vertex 74.682091 114.559180 -2.500000
      vertex 74.682091 114.559180 -3.000000
      vertex 74.697008 114.525527 -3.000000
    endloop
  endfacet
  facet normal -0.932992 -0.359897 0.000000
    outer loop
      vertex 74.682091 114.559180 -2.500000
      vertex 74.668843 114.593525 -2.500000
      vertex 74.682091 114.559180 -3.000000
    endloop
  endfacet
  facet normal -0.932992 -0.359897 0.000000
    outer loop
      vertex 74.668843 114.593525 -2.500000
      vertex 74.668843 114.593525 -3.000000
      vertex 74.682091 114.559180 -3.000000
    endloop
  endfacet
  facet normal -0.949527 -0.313684 0.000000
    outer loop
      vertex 74.668843 114.593525 -2.500000
      vertex 74.657295 114.628479 -2.500000
      vertex 74.668843 114.593525 -3.000000
    endloop
  endfacet
  facet normal -0.949527 -0.313684 0.000000
    outer loop
      vertex 74.657295 114.628479 -2.500000
      vertex 74.657295 114.628479 -3.000000
      vertex 74.668843 114.593525 -3.000000
    endloop
  endfacet
  facet normal -0.963775 -0.266715 0.000000
    outer loop
      vertex 74.657295 114.628479 -2.500000
      vertex 74.647477 114.663957 -2.500000
      vertex 74.657295 114.628479 -3.000000
    endloop
  endfacet
  facet normal -0.963775 -0.266715 0.000000
    outer loop
      vertex 74.647477 114.663957 -2.500000
      vertex 74.647477 114.663957 -3.000000
      vertex 74.657295 114.628479 -3.000000
    endloop
  endfacet
  facet normal -0.975702 -0.219103 0.000000
    outer loop
      vertex 74.647477 114.663957 -2.500000
      vertex 74.639411 114.699875 -2.500000
      vertex 74.647477 114.663957 -3.000000
    endloop
  endfacet
  facet normal -0.975702 -0.219103 0.000000
    outer loop
      vertex 74.639411 114.699875 -2.500000
      vertex 74.639411 114.699875 -3.000000
      vertex 74.647477 114.663957 -3.000000
    endloop
  endfacet
  facet normal -0.985277 -0.170963 0.000000
    outer loop
      vertex 74.639411 114.699875 -2.500000
      vertex 74.633118 114.736146 -2.500000
      vertex 74.639411 114.699875 -3.000000
    endloop
  endfacet
  facet normal -0.985277 -0.170963 0.000000
    outer loop
      vertex 74.633118 114.736146 -2.500000
      vertex 74.633118 114.736146 -3.000000
      vertex 74.639411 114.699875 -3.000000
    endloop
  endfacet
  facet normal -0.992479 -0.122413 0.000000
    outer loop
      vertex 74.633118 114.736146 -2.500000
      vertex 74.628612 114.772679 -2.500000
      vertex 74.633118 114.736146 -3.000000
    endloop
  endfacet
  facet normal -0.992479 -0.122413 0.000000
    outer loop
      vertex 74.628612 114.772679 -2.500000
      vertex 74.628612 114.772679 -3.000000
      vertex 74.633118 114.736146 -3.000000
    endloop
  endfacet
  facet normal -0.997290 -0.073569 0.000000
    outer loop
      vertex 74.628612 114.772679 -2.500000
      vertex 74.625904 114.809390 -2.500000
      vertex 74.628612 114.772679 -3.000000
    endloop
  endfacet
  facet normal -0.997290 -0.073569 0.000000
    outer loop
      vertex 74.625904 114.809390 -2.500000
      vertex 74.625904 114.809390 -3.000000
      vertex 74.628612 114.772679 -3.000000
    endloop
  endfacet
  facet normal -0.999699 -0.024544 0.000000
    outer loop
      vertex 74.625904 114.809390 -2.500000
      vertex 74.625000 114.846194 -2.500000
      vertex 74.625904 114.809390 -3.000000
    endloop
  endfacet
  facet normal -0.999699 -0.024544 0.000000
    outer loop
      vertex 74.625000 114.846194 -2.500000
      vertex 74.625000 114.846194 -3.000000
      vertex 74.625904 114.809390 -3.000000
    endloop
  endfacet
  facet normal 1.000000 0.000000 -0.000000
    outer loop
      vertex 77.875000 116.346194 -3.000000
      vertex 77.875000 116.346194 -2.500000
      vertex 77.875000 114.846194 -2.500000
    endloop
  endfacet
  facet normal 1.000000 0.000000 -0.000000
    outer loop
      vertex 77.875000 116.346194 -3.000000
      vertex 77.875000 114.846194 -2.500000
      vertex 77.875000 114.846194 -3.000000
    endloop
  endfacet
  facet normal 1.000000 0.000000 -0.000000
    outer loop
      vertex 77.875000 114.846194 -4.250000
      vertex 77.875000 116.346194 -4.250000
      vertex 77.875000 116.346194 -3.000000
    endloop
  endfacet
  facet normal 1.000000 0.000000 -0.000000
    outer loop
      vertex 77.875000 114.846194 -4.250000
      vertex 77.875000 116.346194 -3.000000
      vertex 77.875000 114.846194 -3.000000
    endloop
  endfacet
  facet normal 0.024543 0.999699 -0.000000
    outer loop
      vertex 77.161804 117.095291 -4.250000
      vertex 77.125000 117.096194 -4.250000
      vertex 77.125000 117.096194 -3.000000
    endloop
  endfacet
  facet normal 0.024544 0.999699 0.000000
    outer loop
      vertex 77.161804 117.095291 -4.250000
      vertex 77.125000 117.096194 -3.000000
      vertex 77.161804 117.095290 -3.000000
    endloop
  endfacet
  facet normal 0.073569 0.997290 0.000000
    outer loop
      vertex 77.161804 117.095290 -3.000000
      vertex 77.198515 117.092582 -3.000000
      vertex 77.198515 117.092582 -4.250000
    endloop
  endfacet
  facet normal 0.073568 0.997290 -0.000000
    outer loop
      vertex 77.161804 117.095290 -3.000000
      vertex 77.198515 117.092582 -4.250000
      vertex 77.161804 117.095291 -4.250000
    endloop
  endfacet
  facet normal 0.122413 0.992479 0.000000
    outer loop
      vertex 77.198515 117.092582 -3.000000
      vertex 77.235048 117.088076 -3.000000
      vertex 77.235047 117.088077 -4.250000
    endloop
  endfacet
  facet normal 0.122412 0.992479 -0.000000
    outer loop
      vertex 77.198515 117.092582 -3.000000
      vertex 77.235047 117.088077 -4.250000
      vertex 77.198515 117.092582 -4.250000
    endloop
  endfacet
  facet normal 0.170963 0.985277 0.000000
    outer loop
      vertex 77.235048 117.088076 -3.000000
      vertex 77.271319 117.081783 -3.000000
      vertex 77.271318 117.081783 -4.250000
    endloop
  endfacet
  facet normal 0.170962 0.985278 -0.000000
    outer loop
      vertex 77.235048 117.088076 -3.000000
      vertex 77.271318 117.081783 -4.250000
      vertex 77.235047 117.088077 -4.250000
    endloop
  endfacet
  facet normal 0.219103 0.975702 0.000000
    outer loop
      vertex 77.271319 117.081783 -3.000000
      vertex 77.307237 117.073717 -3.000000
      vertex 77.307237 117.073717 -4.250000
    endloop
  endfacet
  facet normal 0.219102 0.975702 -0.000000
    outer loop
      vertex 77.271319 117.081783 -3.000000
      vertex 77.307237 117.073717 -4.250000
      vertex 77.271318 117.081783 -4.250000
    endloop
  endfacet
  facet normal 0.266715 0.963775 0.000000
    outer loop
      vertex 77.307237 117.073717 -3.000000
      vertex 77.342715 117.063899 -3.000000
      vertex 77.342715 117.063899 -4.250000
    endloop
  endfacet
  facet normal 0.266715 0.963775 -0.000000
    outer loop
      vertex 77.307237 117.073717 -3.000000
      vertex 77.342715 117.063899 -4.250000
      vertex 77.307237 117.073717 -4.250000
    endloop
  endfacet
  facet normal 0.313684 0.949527 -0.000000
    outer loop
      vertex 77.342715 117.063899 -3.000000
      vertex 77.377669 117.052351 -3.000000
      vertex 77.342715 117.063899 -4.250000
    endloop
  endfacet
  facet normal 0.313684 0.949527 -0.000000
    outer loop
      vertex 77.377669 117.052351 -3.000000
      vertex 77.377669 117.052351 -4.250000
      vertex 77.342715 117.063899 -4.250000
    endloop
  endfacet
  facet normal 0.359897 0.932992 0.000000
    outer loop
      vertex 77.377669 117.052351 -3.000000
      vertex 77.412014 117.039103 -3.000000
      vertex 77.412014 117.039103 -4.250000
    endloop
  endfacet
  facet normal 0.359897 0.932992 0.000000
    outer loop
      vertex 77.377669 117.052351 -3.000000
      vertex 77.412014 117.039103 -4.250000
      vertex 77.377669 117.052351 -4.250000
    endloop
  endfacet
  facet normal 0.405243 0.914209 0.000000
    outer loop
      vertex 77.412014 117.039103 -3.000000
      vertex 77.445667 117.024186 -3.000000
      vertex 77.445667 117.024186 -4.250000
    endloop
  endfacet
  facet normal 0.405243 0.914209 -0.000000
    outer loop
      vertex 77.412014 117.039103 -3.000000
      vertex 77.445667 117.024186 -4.250000
      vertex 77.412014 117.039103 -4.250000
    endloop
  endfacet
  facet normal 0.449612 0.893224 0.000000
    outer loop
      vertex 77.445667 117.024186 -3.000000
      vertex 77.478548 117.007635 -3.000000
      vertex 77.478547 117.007635 -4.250000
    endloop
  endfacet
  facet normal 0.449612 0.893224 -0.000000
    outer loop
      vertex 77.445667 117.024186 -3.000000
      vertex 77.478547 117.007635 -4.250000
      vertex 77.445667 117.024186 -4.250000
    endloop
  endfacet
  facet normal 0.492898 0.870087 0.000000
    outer loop
      vertex 77.478548 117.007635 -3.000000
      vertex 77.510577 116.989490 -3.000000
      vertex 77.510577 116.989491 -4.250000
    endloop
  endfacet
  facet normal 0.492898 0.870087 -0.000000
    outer loop
      vertex 77.478548 117.007635 -3.000000
      vertex 77.510577 116.989491 -4.250000
      vertex 77.478547 117.007635 -4.250000
    endloop
  endfacet
  facet normal 0.534998 0.844853 0.000000
    outer loop
      vertex 77.510577 116.989490 -3.000000
      vertex 77.541678 116.969796 -3.000000
      vertex 77.541678 116.969796 -4.250000
    endloop
  endfacet
  facet normal 0.534998 0.844853 -0.000000
    outer loop
      vertex 77.510577 116.989490 -3.000000
      vertex 77.541678 116.969796 -4.250000
      vertex 77.510577 116.989491 -4.250000
    endloop
  endfacet
  facet normal 0.575809 0.817584 0.000000
    outer loop
      vertex 77.541678 116.969796 -3.000000
      vertex 77.571775 116.948599 -3.000000
      vertex 77.571775 116.948599 -4.250000
    endloop
  endfacet
  facet normal 0.575809 0.817584 -0.000000
    outer loop
      vertex 77.541678 116.969796 -3.000000
      vertex 77.571775 116.948599 -4.250000
      vertex 77.541678 116.969796 -4.250000
    endloop
  endfacet
  facet normal 0.615232 0.788346 0.000000
    outer loop
      vertex 77.571775 116.948599 -3.000000
      vertex 77.600795 116.925952 -3.000000
      vertex 77.600795 116.925952 -4.250000
    endloop
  endfacet
  facet normal 0.615232 0.788346 -0.000000
    outer loop
      vertex 77.571775 116.948599 -3.000000
      vertex 77.600795 116.925952 -4.250000
      vertex 77.571775 116.948599 -4.250000
    endloop
  endfacet
  facet normal 0.653173 0.757209 0.000000
    outer loop
      vertex 77.600795 116.925952 -3.000000
      vertex 77.628669 116.901907 -3.000000
      vertex 77.628669 116.901907 -4.250000
    endloop
  endfacet
  facet normal 0.653173 0.757209 -0.000000
    outer loop
      vertex 77.600795 116.925952 -3.000000
      vertex 77.628669 116.901907 -4.250000
      vertex 77.600795 116.925952 -4.250000
    endloop
  endfacet
  facet normal 0.689541 0.724247 -0.000000
    outer loop
      vertex 77.628669 116.901907 -3.000000
      vertex 77.655330 116.876524 -3.000000
      vertex 77.655330 116.876524 -4.250000
    endloop
  endfacet
  facet normal 0.689541 0.724247 -0.000000
    outer loop
      vertex 77.628669 116.901907 -3.000000
      vertex 77.655330 116.876524 -4.250000
      vertex 77.628669 116.901907 -4.250000
    endloop
  endfacet
  facet normal 0.724247 0.689541 -0.000000
    outer loop
      vertex 77.655330 116.876524 -3.000000
      vertex 77.680713 116.849863 -3.000000
      vertex 77.655330 116.876524 -4.250000
    endloop
  endfacet
  facet normal 0.724247 0.689541 -0.000000
    outer loop
      vertex 77.680713 116.849863 -3.000000
      vertex 77.680713 116.849863 -4.250000
      vertex 77.655330 116.876524 -4.250000
    endloop
  endfacet
  facet normal 0.757209 0.653173 0.000000
    outer loop
      vertex 77.680713 116.849863 -3.000000
      vertex 77.704757 116.821990 -3.000000
      vertex 77.680713 116.849863 -4.250000
    endloop
  endfacet
  facet normal 0.757209 0.653173 -0.000000
    outer loop
      vertex 77.704757 116.821990 -3.000000
      vertex 77.704758 116.821989 -4.250000
      vertex 77.680713 116.849863 -4.250000
    endloop
  endfacet
  facet normal 0.788346 0.615232 0.000000
    outer loop
      vertex 77.704757 116.821990 -3.000000
      vertex 77.727405 116.792969 -3.000000
      vertex 77.704758 116.821989 -4.250000
    endloop
  endfacet
  facet normal 0.788346 0.615232 -0.000000
    outer loop
      vertex 77.727405 116.792969 -3.000000
      vertex 77.727405 116.792969 -4.250000
      vertex 77.704758 116.821989 -4.250000
    endloop
  endfacet
  facet normal 0.817584 0.575809 0.000000
    outer loop
      vertex 77.727405 116.792969 -3.000000
      vertex 77.748602 116.762872 -3.000000
      vertex 77.727405 116.792969 -4.250000
    endloop
  endfacet
  facet normal 0.817584 0.575809 -0.000000
    outer loop
      vertex 77.748602 116.762872 -3.000000
      vertex 77.748602 116.762872 -4.250000
      vertex 77.727405 116.792969 -4.250000
    endloop
  endfacet
  facet normal 0.844853 0.534998 0.000000
    outer loop
      vertex 77.748602 116.762872 -3.000000
      vertex 77.768296 116.731771 -3.000000
      vertex 77.748602 116.762872 -4.250000
    endloop
  endfacet
  facet normal 0.844853 0.534998 -0.000000
    outer loop
      vertex 77.768296 116.731771 -3.000000
      vertex 77.768297 116.731771 -4.250000
      vertex 77.748602 116.762872 -4.250000
    endloop
  endfacet
  facet normal 0.870087 0.492898 0.000000
    outer loop
      vertex 77.768296 116.731771 -3.000000
      vertex 77.786441 116.699742 -3.000000
      vertex 77.768297 116.731771 -4.250000
    endloop
  endfacet
  facet normal 0.870087 0.492898 -0.000000
    outer loop
      vertex 77.786441 116.699742 -3.000000
      vertex 77.786441 116.699741 -4.250000
      vertex 77.768297 116.731771 -4.250000
    endloop
  endfacet
  facet normal 0.893224 0.449612 0.000000
    outer loop
      vertex 77.786441 116.699742 -3.000000
      vertex 77.802992 116.666861 -3.000000
      vertex 77.786441 116.699741 -4.250000
    endloop
  endfacet
  facet normal 0.893224 0.449612 -0.000000
    outer loop
      vertex 77.802992 116.666861 -3.000000
      vertex 77.802992 116.666861 -4.250000
      vertex 77.786441 116.699741 -4.250000
    endloop
  endfacet
  facet normal 0.914209 0.405243 0.000000
    outer loop
      vertex 77.802992 116.666861 -3.000000
      vertex 77.817909 116.633208 -3.000000
      vertex 77.802992 116.666861 -4.250000
    endloop
  endfacet
  facet normal 0.914209 0.405243 -0.000000
    outer loop
      vertex 77.817909 116.633208 -3.000000
      vertex 77.817909 116.633208 -4.250000
      vertex 77.802992 116.666861 -4.250000
    endloop
  endfacet
  facet normal 0.932992 0.359897 0.000000
    outer loop
      vertex 77.817909 116.633208 -3.000000
      vertex 77.831157 116.598863 -3.000000
      vertex 77.817909 116.633208 -4.250000
    endloop
  endfacet
  facet normal 0.932992 0.359897 0.000000
    outer loop
      vertex 77.831157 116.598863 -3.000000
      vertex 77.831157 116.598863 -4.250000
      vertex 77.817909 116.633208 -4.250000
    endloop
  endfacet
  facet normal 0.949527 0.313684 -0.000000
    outer loop
      vertex 77.831157 116.598863 -3.000000
      vertex 77.842705 116.563910 -3.000000
      vertex 77.842705 116.563910 -4.250000
    endloop
  endfacet
  facet normal 0.949527 0.313684 -0.000000
    outer loop
      vertex 77.831157 116.598863 -3.000000
      vertex 77.842705 116.563910 -4.250000
      vertex 77.831157 116.598863 -4.250000
    endloop
  endfacet
  facet normal 0.963775 0.266715 0.000000
    outer loop
      vertex 77.842705 116.563910 -3.000000
      vertex 77.852523 116.528431 -3.000000
      vertex 77.842705 116.563910 -4.250000
    endloop
  endfacet
  facet normal 0.963775 0.266715 -0.000000
    outer loop
      vertex 77.852523 116.528431 -3.000000
      vertex 77.852523 116.528431 -4.250000
      vertex 77.842705 116.563910 -4.250000
    endloop
  endfacet
  facet normal 0.975702 0.219103 0.000000
    outer loop
      vertex 77.852523 116.528431 -3.000000
      vertex 77.860589 116.492513 -3.000000
      vertex 77.852523 116.528431 -4.250000
    endloop
  endfacet
  facet normal 0.975702 0.219102 -0.000000
    outer loop
      vertex 77.860589 116.492513 -3.000000
      vertex 77.860589 116.492512 -4.250000
      vertex 77.852523 116.528431 -4.250000
    endloop
  endfacet
  facet normal 0.985277 0.170963 0.000000
    outer loop
      vertex 77.860589 116.492513 -3.000000
      vertex 77.866882 116.456242 -3.000000
      vertex 77.860589 116.492512 -4.250000
    endloop
  endfacet
  facet normal 0.985278 0.170962 -0.000000
    outer loop
      vertex 77.866882 116.456242 -3.000000
      vertex 77.866882 116.456241 -4.250000
      vertex 77.860589 116.492512 -4.250000
    endloop
  endfacet
  facet normal 0.992479 0.122413 0.000000
    outer loop
      vertex 77.866882 116.456242 -3.000000
      vertex 77.871388 116.419709 -3.000000
      vertex 77.866882 116.456241 -4.250000
    endloop
  endfacet
  facet normal 0.992479 0.122412 -0.000000
    outer loop
      vertex 77.871388 116.419709 -3.000000
      vertex 77.871388 116.419709 -4.250000
      vertex 77.866882 116.456241 -4.250000
    endloop
  endfacet
  facet normal 0.997290 0.073569 0.000000
    outer loop
      vertex 77.871388 116.419709 -3.000000
      vertex 77.874096 116.382998 -3.000000
      vertex 77.871388 116.419709 -4.250000
    endloop
  endfacet
  facet normal 0.997290 0.073568 -0.000000
    outer loop
      vertex 77.874096 116.382998 -3.000000
      vertex 77.874096 116.382998 -4.250000
      vertex 77.871388 116.419709 -4.250000
    endloop
  endfacet
  facet normal 0.999699 0.024544 0.000000
    outer loop
      vertex 77.874096 116.382998 -3.000000
      vertex 77.875000 116.346194 -3.000000
      vertex 77.874096 116.382998 -4.250000
    endloop
  endfacet
  facet normal 0.999699 0.024543 -0.000000
    outer loop
      vertex 77.875000 116.346194 -3.000000
      vertex 77.875000 116.346194 -4.250000
      vertex 77.874096 116.382998 -4.250000
    endloop
  endfacet
  facet normal -0.000000 1.000000 -0.000000
    outer loop
      vertex 75.375000 117.096194 -2.500000
      vertex 77.125000 117.096194 -2.500000
      vertex 77.125000 117.096194 -3.000000
    endloop
  endfacet
  facet normal -0.000000 1.000000 -0.000000
    outer loop
      vertex 75.375000 117.096194 -3.000000
      vertex 75.375000 117.096194 -2.500000
      vertex 77.125000 117.096194 -3.000000
    endloop
  endfacet
  facet normal 0.000000 1.000000 -0.000000
    outer loop
      vertex 77.125000 117.096194 -4.250000
      vertex 77.000000 117.096194 -4.250000
      vertex 77.000000 117.096194 -3.500000
    endloop
  endfacet
  facet normal -0.000000 1.000000 -0.000000
    outer loop
      vertex 75.500000 117.096194 -3.500000
      vertex 75.500000 117.096194 -4.250000
      vertex 75.375000 117.096194 -4.250000
    endloop
  endfacet
  facet normal 0.000000 1.000000 -0.000000
    outer loop
      vertex 77.125000 117.096194 -3.000000
      vertex 77.125000 117.096194 -4.250000
      vertex 77.000000 117.096194 -3.500000
    endloop
  endfacet
  facet normal -0.000000 1.000000 0.000000
    outer loop
      vertex 77.125000 117.096194 -3.000000
      vertex 77.000000 117.096194 -3.500000
      vertex 75.500000 117.096194 -3.500000
    endloop
  endfacet
  facet normal -0.000000 1.000000 0.000000
    outer loop
      vertex 75.375000 117.096194 -3.000000
      vertex 77.125000 117.096194 -3.000000
      vertex 75.500000 117.096194 -3.500000
    endloop
  endfacet
  facet normal -0.000000 1.000000 -0.000000
    outer loop
      vertex 75.375000 117.096194 -4.250000
      vertex 75.375000 117.096194 -3.000000
      vertex 75.500000 117.096194 -3.500000
    endloop
  endfacet
  facet normal 0.000000 0.000000 -1.000000
    outer loop
      vertex 75.500000 117.096194 -3.500000
      vertex 77.000000 117.096194 -3.500000
      vertex 77.000000 116.346194 -3.500000
    endloop
  endfacet
  facet normal 0.000000 -0.000000 -1.000000
    outer loop
      vertex 77.000000 114.846194 -3.500000
      vertex 77.000000 114.096194 -3.500000
      vertex 75.500000 114.096194 -3.500000
    endloop
  endfacet
  facet normal 0.000000 0.000000 -1.000000
    outer loop
      vertex 75.500000 117.096194 -3.500000
      vertex 77.000000 116.346194 -3.500000
      vertex 77.000000 114.846194 -3.500000
    endloop
  endfacet
  facet normal -0.000000 0.000000 -1.000000
    outer loop
      vertex 77.000000 114.846194 -3.500000
      vertex 75.500000 114.096194 -3.500000
      vertex 75.500000 117.096194 -3.500000
    endloop
  endfacet
  facet normal 0.000000 -1.000000 0.000000
    outer loop
      vertex 77.125000 114.096194 -2.500000
      vertex 75.375000 114.096194 -2.500000
      vertex 75.375000 114.096194 -3.000000
    endloop
  endfacet
  facet normal 0.000000 -1.000000 0.000000
    outer loop
      vertex 77.125000 114.096194 -3.000000
      vertex 77.125000 114.096194 -2.500000
      vertex 75.375000 114.096194 -3.000000
    endloop
  endfacet
  facet normal 0.000000 -1.000000 0.000000
    outer loop
      vertex 75.375000 114.096194 -4.250000
      vertex 75.500000 114.096194 -4.250000
      vertex 75.500000 114.096194 -3.500000
    endloop
  endfacet
  facet normal -0.000000 -1.000000 0.000000
    outer loop
      vertex 77.000000 114.096194 -3.500000
      vertex 77.000000 114.096194 -4.250000
      vertex 77.125000 114.096194 -4.250000
    endloop
  endfacet
  facet normal -0.000000 -1.000000 0.000000
    outer loop
      vertex 77.000000 114.096194 -3.500000
      vertex 77.125000 114.096194 -4.250000
      vertex 77.125000 114.096194 -3.000000
    endloop
  endfacet
  facet normal 0.000000 -1.000000 -0.000000
    outer loop
      vertex 75.500000 114.096194 -3.500000
      vertex 77.000000 114.096194 -3.500000
      vertex 77.125000 114.096194 -3.000000
    endloop
  endfacet
  facet normal 0.000000 -1.000000 -0.000000
    outer loop
      vertex 75.500000 114.096194 -3.500000
      vertex 77.125000 114.096194 -3.000000
      vertex 75.375000 114.096194 -3.000000
    endloop
  endfacet
  facet normal 0.000000 -1.000000 0.000000
    outer loop
      vertex 75.375000 114.096194 -3.000000
      vertex 75.375000 114.096194 -4.250000
      vertex 75.500000 114.096194 -3.500000
    endloop
  endfacet
  facet normal -0.000000 -0.707107 0.707107
    outer loop
      vertex 77.125000 113.846194 -4.500000
      vertex 77.125000 114.096194 -4.250000
      vertex 77.000000 113.846194 -4.500000
    endloop
  endfacet
  facet normal -0.000000 -0.707107 0.707107
    outer loop
      vertex 77.125000 114.096194 -4.250000
      vertex 77.000000 114.096194 -4.250000
      vertex 77.000000 113.846194 -4.500000
    endloop
  endfacet
  facet normal 0.000000 1.000000 -0.000000
    outer loop
      vertex 76.250000 117.846194 -4.500000
      vertex 78.625000 117.846194 -4.500000
      vertex 78.625000 117.846194 -5.000000
    endloop
  endfacet
  facet normal 0.000000 1.000000 -0.000000
    outer loop
      vertex 76.250000 117.846194 -4.500000
      vertex 78.625000 117.846194 -5.000000
      vertex 76.250000 117.846194 -5.000000
    endloop
  endfacet
  facet normal -0.000000 1.000000 -0.000000
    outer loop
      vertex 73.875000 117.846194 -4.500000
      vertex 76.250000 117.846194 -4.500000
      vertex 76.250000 117.846194 -5.000000
    endloop
  endfacet
  facet normal -0.000000 1.000000 -0.000000
    outer loop
      vertex 73.875000 117.846194 -4.500000
      vertex 76.250000 117.846194 -5.000000
      vertex 73.875000 117.846194 -5.000000
    endloop
  endfacet
  facet normal 0.000000 -0.000000 1.000000
    outer loop
      vertex 75.500000 117.346194 -4.500000
      vertex 75.500000 117.096194 -4.500000
      vertex 76.250000 117.096194 -4.500000
    endloop
  endfacet
  facet normal 0.000000 0.000000 1.000000
    outer loop
      vertex 76.250000 114.096194 -4.500000
      vertex 75.500000 114.096194 -4.500000
      vertex 75.500000 113.846194 -4.500000
    endloop
  endfacet
  facet normal 0.000000 0.000000 1.000000
    outer loop
      vertex 75.500000 117.346194 -4.500000
      vertex 76.250000 117.096194 -4.500000
      vertex 76.250000 117.846194 -4.500000
    endloop
  endfacet
  facet normal 0.000000 0.000000 1.000000
    outer loop
      vertex 76.250000 113.346194 -4.500000
      vertex 76.250000 114.096194 -4.500000
      vertex 75.500000 113.846194 -4.500000
    endloop
  endfacet
  facet normal 0.000000 -0.000000 1.000000
    outer loop
      vertex 73.875000 113.346194 -4.500000
      vertex 76.250000 113.346194 -4.500000
      vertex 75.500000 113.846194 -4.500000
    endloop
  endfacet
  facet normal -0.000000 0.000000 1.000000
    outer loop
      vertex 75.500000 117.346194 -4.500000
      vertex 76.250000 117.846194 -4.500000
      vertex 73.875000 117.846194 -4.500000
    endloop
  endfacet
  facet normal -0.000000 -0.000000 1.000000
    outer loop
      vertex 72.376807 114.772585 -4.500000
      vertex 72.382223 114.699163 -4.500000
      vertex 72.391235 114.626098 -4.500000
    endloop
  endfacet
  facet normal -0.000000 0.000000 1.000000
    outer loop
      vertex 73.654904 113.362429 -4.500000
      vertex 73.727969 113.353417 -4.500000
      vertex 73.801391 113.348001 -4.500000
    endloop
  endfacet
  facet normal 0.000000 0.000000 1.000000
    outer loop
      vertex 72.391235 116.566290 -4.500000
      vertex 72.382223 116.493225 -4.500000
      vertex 72.376807 116.419803 -4.500000
    endloop
  endfacet
  facet normal 0.000000 0.000000 1.000000
    outer loop
      vertex 73.801391 117.844387 -4.500000
      vertex 73.727969 117.838971 -4.500000
      vertex 73.654904 117.829959 -4.500000
    endloop
  endfacet
  facet normal 0.000000 0.000000 1.000000
    outer loop
      vertex 73.300972 117.732012 -4.500000
      vertex 73.233666 117.702177 -4.500000
      vertex 73.167904 117.669076 -4.500000
    endloop
  endfacet
  facet normal -0.000000 -0.000000 1.000000
    outer loop
      vertex 72.489182 114.272166 -4.500000
      vertex 72.519017 114.204860 -4.500000
      vertex 72.552118 114.139098 -4.500000
    endloop
  endfacet
  facet normal -0.000000 0.000000 1.000000
    outer loop
      vertex 72.552118 117.053290 -4.500000
      vertex 72.519017 116.987528 -4.500000
      vertex 72.489182 116.920222 -4.500000
    endloop
  endfacet
  facet normal 0.000000 0.000000 1.000000
    outer loop
      vertex 73.167904 113.523312 -4.500000
      vertex 73.233666 113.490211 -4.500000
      vertex 73.300972 113.460376 -4.500000
    endloop
  endfacet
  facet normal 0.000000 -0.000000 1.000000
    outer loop
      vertex 72.867661 113.734768 -4.500000
      vertex 72.923409 113.686679 -4.500000
      vertex 72.981450 113.641384 -4.500000
    endloop
  endfacet
  facet normal 0.000000 0.000000 1.000000
    outer loop
      vertex 72.981450 117.551004 -4.500000
      vertex 72.923409 117.505709 -4.500000
      vertex 72.867661 117.457621 -4.500000
    endloop
  endfacet
  facet normal -0.000000 -0.000000 1.000000
    outer loop
      vertex 72.670190 113.952644 -4.500000
      vertex 72.715485 113.894603 -4.500000
      vertex 72.763573 113.838855 -4.500000
    endloop
  endfacet
  facet normal 0.000000 0.000000 1.000000
    outer loop
      vertex 72.763573 117.353533 -4.500000
      vertex 72.715485 117.297785 -4.500000
      vertex 72.670190 117.239744 -4.500000
    endloop
  endfacet
  facet normal 0.000000 0.000000 1.000000
    outer loop
      vertex 72.489182 116.920222 -4.500000
      vertex 72.462685 116.851532 -4.500000
      vertex 72.439591 116.781625 -4.500000
    endloop
  endfacet
  facet normal -0.000000 0.000000 1.000000
    outer loop
      vertex 73.300972 113.460376 -4.500000
      vertex 73.369662 113.433879 -4.500000
      vertex 73.439569 113.410785 -4.500000
    endloop
  endfacet
  facet normal -0.000000 -0.000000 1.000000
    outer loop
      vertex 72.439591 114.410763 -4.500000
      vertex 72.462685 114.340856 -4.500000
      vertex 72.489182 114.272166 -4.500000
    endloop
  endfacet
  facet normal 0.000000 0.000000 1.000000
    outer loop
      vertex 73.439569 117.781603 -4.500000
      vertex 73.369662 117.758509 -4.500000
      vertex 73.300972 117.732012 -4.500000
    endloop
  endfacet
  facet normal 0.000000 0.000000 1.000000
    outer loop
      vertex 72.763573 113.838855 -4.500000
      vertex 72.814340 113.785534 -4.500000
      vertex 72.867661 113.734768 -4.500000
    endloop
  endfacet
  facet normal 0.000000 -0.000000 1.000000
    outer loop
      vertex 72.867661 117.457621 -4.500000
      vertex 72.814340 117.406854 -4.500000
      vertex 72.763573 117.353533 -4.500000
    endloop
  endfacet
  facet normal 0.000000 -0.000000 1.000000
    outer loop
      vertex 73.167904 117.669076 -4.500000
      vertex 73.103846 117.632787 -4.500000
      vertex 73.041644 117.593398 -4.500000
    endloop
  endfacet
  facet normal -0.000000 -0.000000 1.000000
    outer loop
      vertex 72.552118 114.139098 -4.500000
      vertex 72.588407 114.075040 -4.500000
      vertex 72.627796 114.012838 -4.500000
    endloop
  endfacet
  facet normal 0.000000 0.000000 1.000000
    outer loop
      vertex 73.041644 113.598990 -4.500000
      vertex 73.103846 113.559601 -4.500000
      vertex 73.167904 113.523312 -4.500000
    endloop
  endfacet
  facet normal 0.000000 0.000000 1.000000
    outer loop
      vertex 72.627796 117.179551 -4.500000
      vertex 72.588407 117.117349 -4.500000
      vertex 72.552118 117.053290 -4.500000
    endloop
  endfacet
  facet normal 0.000000 0.000000 1.000000
    outer loop
      vertex 73.582363 117.817372 -4.500000
      vertex 73.510526 117.801240 -4.500000
      vertex 73.439569 117.781603 -4.500000
    endloop
  endfacet
  facet normal 0.000000 -0.000000 1.000000
    outer loop
      vertex 72.403822 114.553557 -4.500000
      vertex 72.419954 114.481720 -4.500000
      vertex 72.439591 114.410763 -4.500000
    endloop
  endfacet
  facet normal -0.000000 -0.000000 1.000000
    outer loop
      vertex 73.439569 113.410785 -4.500000
      vertex 73.510526 113.391148 -4.500000
      vertex 73.582363 113.375017 -4.500000
    endloop
  endfacet
  facet normal 0.000000 0.000000 1.000000
    outer loop
      vertex 72.439591 116.781625 -4.500000
      vertex 72.419954 116.710668 -4.500000
      vertex 72.403822 116.638832 -4.500000
    endloop
  endfacet
  facet normal 0.000000 -0.000000 1.000000
    outer loop
      vertex 72.376807 114.772585 -4.500000
      vertex 72.391235 114.626098 -4.500000
      vertex 72.403822 114.553557 -4.500000
    endloop
  endfacet
  facet normal 0.000000 0.000000 1.000000
    outer loop
      vertex 72.403822 116.638832 -4.500000
      vertex 72.391235 116.566290 -4.500000
      vertex 72.376807 116.419803 -4.500000
    endloop
  endfacet
  facet normal -0.000000 -0.000000 1.000000
    outer loop
      vertex 73.582363 113.375017 -4.500000
      vertex 73.654904 113.362429 -4.500000
      vertex 73.801391 113.348001 -4.500000
    endloop
  endfacet
  facet normal 0.000000 -0.000000 1.000000
    outer loop
      vertex 73.801391 117.844387 -4.500000
      vertex 73.654904 117.829959 -4.500000
      vertex 73.582363 117.817372 -4.500000
    endloop
  endfacet
  facet normal 0.000000 -0.000000 1.000000
    outer loop
      vertex 72.867661 113.734768 -4.500000
      vertex 72.981450 113.641384 -4.500000
      vertex 73.041644 113.598990 -4.500000
    endloop
  endfacet
  facet normal -0.000000 -0.000000 1.000000
    outer loop
      vertex 72.627796 114.012838 -4.500000
      vertex 72.670190 113.952644 -4.500000
      vertex 72.763573 113.838855 -4.500000
    endloop
  endfacet
  facet normal 0.000000 0.000000 1.000000
    outer loop
      vertex 73.041644 117.593398 -4.500000
      vertex 72.981450 117.551004 -4.500000
      vertex 72.867661 117.457621 -4.500000
    endloop
  endfacet
  facet normal 0.000000 0.000000 1.000000
    outer loop
      vertex 72.763573 117.353533 -4.500000
      vertex 72.670190 117.239744 -4.500000
      vertex 72.627796 117.179551 -4.500000
    endloop
  endfacet
  facet normal -0.000000 -0.000000 1.000000
    outer loop
      vertex 72.375000 114.846194 -4.500000
      vertex 72.376807 114.772585 -4.500000
      vertex 72.403822 114.553557 -4.500000
    endloop
  endfacet
  facet normal 0.000000 0.000000 1.000000
    outer loop
      vertex 73.875000 117.846194 -4.500000
      vertex 73.801391 117.844387 -4.500000
      vertex 73.582363 117.817372 -4.500000
    endloop
  endfacet
  facet normal -0.000000 -0.000000 1.000000
    outer loop
      vertex 73.582363 113.375017 -4.500000
      vertex 73.801391 113.348001 -4.500000
      vertex 73.875000 113.346194 -4.500000
    endloop
  endfacet
  facet normal 0.000000 0.000000 1.000000
    outer loop
      vertex 72.403822 116.638832 -4.500000
      vertex 72.376807 116.419803 -4.500000
      vertex 72.375000 116.346194 -4.500000
    endloop
  endfacet
  facet normal 0.000000 0.000000 1.000000
    outer loop
      vertex 72.552118 117.053290 -4.500000
      vertex 72.489182 116.920222 -4.500000
      vertex 72.439591 116.781625 -4.500000
    endloop
  endfacet
  facet normal -0.000000 0.000000 1.000000
    outer loop
      vertex 73.167904 113.523312 -4.500000
      vertex 73.300972 113.460376 -4.500000
      vertex 73.439569 113.410785 -4.500000
    endloop
  endfacet
  facet normal 0.000000 0.000000 1.000000
    outer loop
      vertex 73.439569 117.781603 -4.500000
      vertex 73.300972 117.732012 -4.500000
      vertex 73.167904 117.669076 -4.500000
    endloop
  endfacet
  facet normal -0.000000 -0.000000 1.000000
    outer loop
      vertex 72.439591 114.410763 -4.500000
      vertex 72.489182 114.272166 -4.500000
      vertex 72.552118 114.139098 -4.500000
    endloop
  endfacet
  facet normal -0.000000 -0.000000 1.000000
    outer loop
      vertex 72.763573 113.838855 -4.500000
      vertex 72.867661 113.734768 -4.500000
      vertex 73.041644 113.598990 -4.500000
    endloop
  endfacet
  facet normal 0.000000 0.000000 1.000000
    outer loop
      vertex 73.041644 117.593398 -4.500000
      vertex 72.867661 117.457621 -4.500000
      vertex 72.763573 117.353533 -4.500000
    endloop
  endfacet
  facet normal -0.000000 -0.000000 1.000000
    outer loop
      vertex 72.552118 114.139098 -4.500000
      vertex 72.627796 114.012838 -4.500000
      vertex 72.763573 113.838855 -4.500000
    endloop
  endfacet
  facet normal 0.000000 0.000000 1.000000
    outer loop
      vertex 72.763573 117.353533 -4.500000
      vertex 72.627796 117.179551 -4.500000
      vertex 72.552118 117.053290 -4.500000
    endloop
  endfacet
  facet normal 0.000000 0.000000 1.000000
    outer loop
      vertex 73.439569 117.781603 -4.500000
      vertex 73.167904 117.669076 -4.500000
      vertex 73.041644 117.593398 -4.500000
    endloop
  endfacet
  facet normal -0.000000 -0.000000 1.000000
    outer loop
      vertex 73.041644 113.598990 -4.500000
      vertex 73.167904 113.523312 -4.500000
      vertex 73.439569 113.410785 -4.500000
    endloop
  endfacet
  facet normal 0.000000 0.000000 1.000000
    outer loop
      vertex 72.552118 117.053290 -4.500000
      vertex 72.439591 116.781625 -4.500000
      vertex 72.403822 116.638832 -4.500000
    endloop
  endfacet
  facet normal 0.000000 -0.000000 1.000000
    outer loop
      vertex 72.403822 114.553557 -4.500000
      vertex 72.439591 114.410763 -4.500000
      vertex 72.552118 114.139098 -4.500000
    endloop
  endfacet
  facet normal 0.000000 0.000000 1.000000
    outer loop
      vertex 73.875000 117.846194 -4.500000
      vertex 73.582363 117.817372 -4.500000
      vertex 73.439569 117.781603 -4.500000
    endloop
  endfacet
  facet normal -0.000000 0.000000 1.000000
    outer loop
      vertex 73.439569 113.410785 -4.500000
      vertex 73.582363 113.375017 -4.500000
      vertex 73.875000 113.346194 -4.500000
    endloop
  endfacet
  facet normal -0.000000 -0.000000 1.000000
    outer loop
      vertex 72.375000 114.846194 -4.500000
      vertex 72.403822 114.553557 -4.500000
      vertex 72.552118 114.139098 -4.500000
    endloop
  endfacet
  facet normal 0.000000 0.000000 1.000000
    outer loop
      vertex 72.552118 117.053290 -4.500000
      vertex 72.403822 116.638832 -4.500000
      vertex 72.375000 116.346194 -4.500000
    endloop
  endfacet
  facet normal -0.000000 -0.000000 1.000000
    outer loop
      vertex 72.552118 114.139098 -4.500000
      vertex 72.763573 113.838855 -4.500000
      vertex 73.041644 113.598990 -4.500000
    endloop
  endfacet
  facet normal -0.000000 -0.000000 1.000000
    outer loop
      vertex 72.375000 114.846194 -4.500000
      vertex 72.552118 114.139098 -4.500000
      vertex 73.041644 113.598990 -4.500000
    endloop
  endfacet
  facet normal 0.000000 0.000000 1.000000
    outer loop
      vertex 72.375000 116.346194 -4.500000
      vertex 72.375000 114.846194 -4.500000
      vertex 73.041644 113.598990 -4.500000
    endloop
  endfacet
  facet normal 0.000000 0.000000 1.000000
    outer loop
      vertex 73.041644 117.593398 -4.500000
      vertex 72.763573 117.353533 -4.500000
      vertex 72.552118 117.053290 -4.500000
    endloop
  endfacet
  facet normal 0.000000 0.000000 1.000000
    outer loop
      vertex 73.041644 117.593398 -4.500000
      vertex 72.552118 117.053290 -4.500000
      vertex 72.375000 116.346194 -4.500000
    endloop
  endfacet
  facet normal 0.000000 0.000000 1.000000
    outer loop
      vertex 73.041644 117.593398 -4.500000
      vertex 72.375000 116.346194 -4.500000
      vertex 73.041644 113.598990 -4.500000
    endloop
  endfacet
  facet normal 0.000000 0.000000 1.000000
    outer loop
      vertex 73.875000 117.846194 -4.500000
      vertex 73.439569 117.781603 -4.500000
      vertex 73.041644 117.593398 -4.500000
    endloop
  endfacet
  facet normal 0.000000 0.000000 1.000000
    outer loop
      vertex 75.500000 117.346194 -4.500000
      vertex 73.875000 117.846194 -4.500000
      vertex 73.041644 117.593398 -4.500000
    endloop
  endfacet
  facet normal -0.000000 -0.000000 1.000000
    outer loop
      vertex 73.041644 113.598990 -4.500000
      vertex 73.439569 113.410785 -4.500000
      vertex 73.875000 113.346194 -4.500000
    endloop
  endfacet
  facet normal -0.000000 -0.000000 1.000000
    outer loop
      vertex 73.041644 113.598990 -4.500000
      vertex 73.875000 113.346194 -4.500000
      vertex 75.500000 113.846194 -4.500000
    endloop
  endfacet
  facet normal -0.000000 -0.000000 1.000000
    outer loop
      vertex 73.041644 113.598990 -4.500000
      vertex 75.500000 113.846194 -4.500000
      vertex 75.375000 113.846194 -4.500000
    endloop
  endfacet
  facet normal 0.000000 -0.000000 1.000000
    outer loop
      vertex 73.041644 113.598990 -4.500000
      vertex 75.375000 113.846194 -4.500000
      vertex 75.325930 113.847399 -4.500000
    endloop
  endfacet
  facet normal -0.000000 -0.000000 1.000000
    outer loop
      vertex 73.041644 113.598990 -4.500000
      vertex 75.325930 113.847399 -4.500000
      vertex 75.276980 113.851010 -4.500000
    endloop
  endfacet
  facet normal -0.000000 -0.000000 1.000000
    outer loop
      vertex 73.041644 113.598990 -4.500000
      vertex 75.276980 113.851010 -4.500000
      vertex 75.228272 113.857017 -4.500000
    endloop
  endfacet
  facet normal -0.000000 -0.000000 1.000000
    outer loop
      vertex 73.041644 113.598990 -4.500000
      vertex 75.228272 113.857017 -4.500000
      vertex 75.179910 113.865409 -4.500000
    endloop
  endfacet
  facet normal -0.000000 -0.000000 1.000000
    outer loop
      vertex 73.041644 113.598990 -4.500000
      vertex 75.179910 113.865409 -4.500000
      vertex 75.132018 113.876163 -4.500000
    endloop
  endfacet
  facet normal -0.000000 -0.000000 1.000000
    outer loop
      vertex 73.041644 113.598990 -4.500000
      vertex 75.132018 113.876163 -4.500000
      vertex 75.084713 113.889255 -4.500000
    endloop
  endfacet
  facet normal -0.000000 -0.000000 1.000000
    outer loop
      vertex 73.041644 113.598990 -4.500000
      vertex 75.084713 113.889255 -4.500000
      vertex 75.038108 113.904651 -4.500000
    endloop
  endfacet
  facet normal -0.000000 -0.000000 1.000000
    outer loop
      vertex 73.041644 113.598990 -4.500000
      vertex 75.038108 113.904651 -4.500000
      vertex 74.992315 113.922315 -4.500000
    endloop
  endfacet
  facet normal -0.000000 -0.000000 1.000000
    outer loop
      vertex 73.041644 113.598990 -4.500000
      vertex 74.992315 113.922315 -4.500000
      vertex 74.947445 113.942205 -4.500000
    endloop
  endfacet
  facet normal -0.000000 -0.000000 1.000000
    outer loop
      vertex 73.041644 113.598990 -4.500000
      vertex 74.947445 113.942205 -4.500000
      vertex 74.903604 113.964272 -4.500000
    endloop
  endfacet
  facet normal -0.000000 -0.000000 1.000000
    outer loop
      vertex 73.041644 113.598990 -4.500000
      vertex 74.903604 113.964272 -4.500000
      vertex 74.860898 113.988465 -4.500000
    endloop
  endfacet
  facet normal -0.000000 -0.000000 1.000000
    outer loop
      vertex 73.041644 113.598990 -4.500000
      vertex 74.860898 113.988465 -4.500000
      vertex 74.819429 114.014725 -4.500000
    endloop
  endfacet
  facet normal -0.000000 -0.000000 1.000000
    outer loop
      vertex 73.041644 113.598990 -4.500000
      vertex 74.819429 114.014725 -4.500000
      vertex 74.779300 114.042987 -4.500000
    endloop
  endfacet
  facet normal -0.000000 -0.000000 1.000000
    outer loop
      vertex 73.041644 113.598990 -4.500000
      vertex 74.779300 114.042987 -4.500000
      vertex 74.740606 114.073184 -4.500000
    endloop
  endfacet
  facet normal -0.000000 -0.000000 1.000000
    outer loop
      vertex 73.041644 113.598990 -4.500000
      vertex 74.740606 114.073184 -4.500000
      vertex 74.703441 114.105243 -4.500000
    endloop
  endfacet
  facet normal -0.000000 -0.000000 1.000000
    outer loop
      vertex 73.041644 113.598990 -4.500000
      vertex 74.703441 114.105243 -4.500000
      vertex 74.667893 114.139087 -4.500000
    endloop
  endfacet
  facet normal -0.000000 -0.000000 1.000000
    outer loop
      vertex 73.041644 113.598990 -4.500000
      vertex 74.667893 114.139087 -4.500000
      vertex 74.634049 114.174635 -4.500000
    endloop
  endfacet
  facet normal -0.000000 -0.000000 1.000000
    outer loop
      vertex 73.041644 113.598990 -4.500000
      vertex 74.634049 114.174635 -4.500000
      vertex 74.601990 114.211801 -4.500000
    endloop
  endfacet
  facet normal -0.000000 0.000000 1.000000
    outer loop
      vertex 73.041644 113.598990 -4.500000
      vertex 74.601990 114.211801 -4.500000
      vertex 74.571793 114.250494 -4.500000
    endloop
  endfacet
  facet normal -0.000000 0.000000 1.000000
    outer loop
      vertex 73.041644 113.598990 -4.500000
      vertex 74.571793 114.250494 -4.500000
      vertex 74.543531 114.290623 -4.500000
    endloop
  endfacet
  facet normal -0.000000 0.000000 1.000000
    outer loop
      vertex 73.041644 113.598990 -4.500000
      vertex 74.543531 114.290623 -4.500000
      vertex 74.517271 114.332092 -4.500000
    endloop
  endfacet
  facet normal -0.000000 0.000000 1.000000
    outer loop
      vertex 73.041644 113.598990 -4.500000
      vertex 74.517271 114.332092 -4.500000
      vertex 74.493078 114.374798 -4.500000
    endloop
  endfacet
  facet normal -0.000000 0.000000 1.000000
    outer loop
      vertex 73.041644 113.598990 -4.500000
      vertex 74.493078 114.374798 -4.500000
      vertex 74.471011 114.418639 -4.500000
    endloop
  endfacet
  facet normal -0.000000 0.000000 1.000000
    outer loop
      vertex 73.041644 117.593398 -4.500000
      vertex 73.041644 113.598990 -4.500000
      vertex 74.471011 114.418639 -4.500000
    endloop
  endfacet
  facet normal -0.000000 0.000000 1.000000
    outer loop
      vertex 75.375000 117.346194 -4.500000
      vertex 75.500000 117.346194 -4.500000
      vertex 73.041644 117.593398 -4.500000
    endloop
  endfacet
  facet normal -0.000000 -0.000000 1.000000
    outer loop
      vertex 75.325930 117.344989 -4.500000
      vertex 75.375000 117.346194 -4.500000
      vertex 73.041644 117.593398 -4.500000
    endloop
  endfacet
  facet normal 0.000000 0.000000 1.000000
    outer loop
      vertex 75.276980 117.341379 -4.500000
      vertex 75.325930 117.344989 -4.500000
      vertex 73.041644 117.593398 -4.500000
    endloop
  endfacet
  facet normal 0.000000 0.000000 1.000000
    outer loop
      vertex 75.228272 117.335371 -4.500000
      vertex 75.276980 117.341379 -4.500000
      vertex 73.041644 117.593398 -4.500000
    endloop
  endfacet
  facet normal 0.000000 0.000000 1.000000
    outer loop
      vertex 75.179910 117.326979 -4.500000
      vertex 75.228272 117.335371 -4.500000
      vertex 73.041644 117.593398 -4.500000
    endloop
  endfacet
  facet normal 0.000000 0.000000 1.000000
    outer loop
      vertex 75.132018 117.316225 -4.500000
      vertex 75.179910 117.326979 -4.500000
      vertex 73.041644 117.593398 -4.500000
    endloop
  endfacet
  facet normal 0.000000 0.000000 1.000000
    outer loop
      vertex 75.084713 117.303134 -4.500000
      vertex 75.132018 117.316225 -4.500000
      vertex 73.041644 117.593398 -4.500000
    endloop
  endfacet
  facet normal 0.000000 0.000000 1.000000
    outer loop
      vertex 75.038108 117.287737 -4.500000
      vertex 75.084713 117.303134 -4.500000
      vertex 73.041644 117.593398 -4.500000
    endloop
  endfacet
  facet normal 0.000000 0.000000 1.000000
    outer loop
      vertex 74.992315 117.270073 -4.500000
      vertex 75.038108 117.287737 -4.500000
      vertex 73.041644 117.593398 -4.500000
    endloop
  endfacet
  facet normal 0.000000 0.000000 1.000000
    outer loop
      vertex 74.947445 117.250183 -4.500000
      vertex 74.992315 117.270073 -4.500000
      vertex 73.041644 117.593398 -4.500000
    endloop
  endfacet
  facet normal 0.000000 0.000000 1.000000
    outer loop
      vertex 74.903604 117.228116 -4.500000
      vertex 74.947445 117.250183 -4.500000
      vertex 73.041644 117.593398 -4.500000
    endloop
  endfacet
  facet normal 0.000000 0.000000 1.000000
    outer loop
      vertex 74.860898 117.203923 -4.500000
      vertex 74.903604 117.228116 -4.500000
      vertex 73.041644 117.593398 -4.500000
    endloop
  endfacet
  facet normal 0.000000 0.000000 1.000000
    outer loop
      vertex 74.819429 117.177663 -4.500000
      vertex 74.860898 117.203923 -4.500000
      vertex 73.041644 117.593398 -4.500000
    endloop
  endfacet
  facet normal 0.000000 0.000000 1.000000
    outer loop
      vertex 74.779300 117.149401 -4.500000
      vertex 74.819429 117.177663 -4.500000
      vertex 73.041644 117.593398 -4.500000
    endloop
  endfacet
  facet normal 0.000000 0.000000 1.000000
    outer loop
      vertex 74.740606 117.119204 -4.500000
      vertex 74.779300 117.149401 -4.500000
      vertex 73.041644 117.593398 -4.500000
    endloop
  endfacet
  facet normal 0.000000 0.000000 1.000000
    outer loop
      vertex 74.703441 117.087145 -4.500000
      vertex 74.740606 117.119204 -4.500000
      vertex 73.041644 117.593398 -4.500000
    endloop
  endfacet
  facet normal 0.000000 0.000000 1.000000
    outer loop
      vertex 74.667893 117.053301 -4.500000
      vertex 74.703441 117.087145 -4.500000
      vertex 73.041644 117.593398 -4.500000
    endloop
  endfacet
  facet normal 0.000000 0.000000 1.000000
    outer loop
      vertex 74.634049 117.017753 -4.500000
      vertex 74.667893 117.053301 -4.500000
      vertex 73.041644 117.593398 -4.500000
    endloop
  endfacet
  facet normal 0.000000 0.000000 1.000000
    outer loop
      vertex 74.601990 116.980588 -4.500000
      vertex 74.634049 117.017753 -4.500000
      vertex 73.041644 117.593398 -4.500000
    endloop
  endfacet
  facet normal 0.000000 0.000000 1.000000
    outer loop
      vertex 74.571793 116.941894 -4.500000
      vertex 74.601990 116.980588 -4.500000
      vertex 73.041644 117.593398 -4.500000
    endloop
  endfacet
  facet normal 0.000000 0.000000 1.000000
    outer loop
      vertex 74.543531 116.901765 -4.500000
      vertex 74.571793 116.941894 -4.500000
      vertex 73.041644 117.593398 -4.500000
    endloop
  endfacet
  facet normal 0.000000 0.000000 1.000000
    outer loop
      vertex 74.517271 116.860296 -4.500000
      vertex 74.543531 116.901765 -4.500000
      vertex 73.041644 117.593398 -4.500000
    endloop
  endfacet
  facet normal 0.000000 0.000000 1.000000
    outer loop
      vertex 74.493078 116.817590 -4.500000
      vertex 74.517271 116.860296 -4.500000
      vertex 73.041644 117.593398 -4.500000
    endloop
  endfacet
  facet normal -0.000000 0.000000 1.000000
    outer loop
      vertex 74.471011 116.773750 -4.500000
      vertex 74.493078 116.817590 -4.500000
      vertex 73.041644 117.593398 -4.500000
    endloop
  endfacet
  facet normal -0.000000 0.000000 1.000000
    outer loop
      vertex 74.451121 116.728879 -4.500000
      vertex 74.471011 116.773750 -4.500000
      vertex 73.041644 117.593398 -4.500000
    endloop
  endfacet
  facet normal -0.000000 0.000000 1.000000
    outer loop
      vertex 74.433457 116.683086 -4.500000
      vertex 74.451121 116.728879 -4.500000
      vertex 73.041644 117.593398 -4.500000
    endloop
  endfacet
  facet normal -0.000000 0.000000 1.000000
    outer loop
      vertex 74.418060 116.636481 -4.500000
      vertex 74.433457 116.683086 -4.500000
      vertex 73.041644 117.593398 -4.500000
    endloop
  endfacet
  facet normal -0.000000 0.000000 1.000000
    outer loop
      vertex 74.404969 116.589176 -4.500000
      vertex 74.418060 116.636481 -4.500000
      vertex 73.041644 117.593398 -4.500000
    endloop
  endfacet
  facet normal -0.000000 0.000000 1.000000
    outer loop
      vertex 74.394215 116.541284 -4.500000
      vertex 74.404969 116.589176 -4.500000
      vertex 73.041644 117.593398 -4.500000
    endloop
  endfacet
  facet normal -0.000000 0.000000 1.000000
    outer loop
      vertex 74.385823 116.492922 -4.500000
      vertex 74.394215 116.541284 -4.500000
      vertex 73.041644 117.593398 -4.500000
    endloop
  endfacet
  facet normal -0.000000 0.000000 1.000000
    outer loop
      vertex 74.379816 116.444214 -4.500000
      vertex 74.385823 116.492922 -4.500000
      vertex 73.041644 117.593398 -4.500000
    endloop
  endfacet
  facet normal -0.000000 0.000000 1.000000
    outer loop
      vertex 74.376205 116.395265 -4.500000
      vertex 74.379816 116.444214 -4.500000
      vertex 73.041644 117.593398 -4.500000
    endloop
  endfacet
  facet normal -0.000000 0.000000 1.000000
    outer loop
      vertex 74.375000 116.346194 -4.500000
      vertex 74.376205 116.395265 -4.500000
      vertex 73.041644 117.593398 -4.500000
    endloop
  endfacet
  facet normal -0.000000 0.000000 1.000000
    outer loop
      vertex 74.375000 114.846194 -4.500000
      vertex 74.375000 116.346194 -4.500000
      vertex 73.041644 117.593398 -4.500000
    endloop
  endfacet
  facet normal -0.000000 0.000000 1.000000
    outer loop
      vertex 74.376205 114.797124 -4.500000
      vertex 74.375000 114.846194 -4.500000
      vertex 73.041644 117.593398 -4.500000
    endloop
  endfacet
  facet normal -0.000000 0.000000 1.000000
    outer loop
      vertex 74.379816 114.748174 -4.500000
      vertex 74.376205 114.797124 -4.500000
      vertex 73.041644 117.593398 -4.500000
    endloop
  endfacet
  facet normal -0.000000 0.000000 1.000000
    outer loop
      vertex 74.385823 114.699466 -4.500000
      vertex 74.379816 114.748174 -4.500000
      vertex 73.041644 117.593398 -4.500000
    endloop
  endfacet
  facet normal -0.000000 0.000000 1.000000
    outer loop
      vertex 74.394215 114.651104 -4.500000
      vertex 74.385823 114.699466 -4.500000
      vertex 73.041644 117.593398 -4.500000
    endloop
  endfacet
  facet normal -0.000000 0.000000 1.000000
    outer loop
      vertex 74.404969 114.603212 -4.500000
      vertex 74.394215 114.651104 -4.500000
      vertex 73.041644 117.593398 -4.500000
    endloop
  endfacet
  facet normal -0.000000 -0.000000 1.000000
    outer loop
      vertex 74.418060 114.555907 -4.500000
      vertex 74.404969 114.603212 -4.500000
      vertex 73.041644 117.593398 -4.500000
    endloop
  endfacet
  facet normal -0.000000 -0.000000 1.000000
    outer loop
      vertex 74.433457 114.509302 -4.500000
      vertex 74.418060 114.555907 -4.500000
      vertex 73.041644 117.593398 -4.500000
    endloop
  endfacet
  facet normal -0.000000 -0.000000 1.000000
    outer loop
      vertex 74.451121 114.463509 -4.500000
      vertex 74.433457 114.509302 -4.500000
      vertex 73.041644 117.593398 -4.500000
    endloop
  endfacet
  facet normal -0.000000 -0.000000 1.000000
    outer loop
      vertex 73.041644 117.593398 -4.500000
      vertex 74.471011 114.418639 -4.500000
      vertex 74.451121 114.463509 -4.500000
    endloop
  endfacet
  facet normal 0.000000 -0.000000 1.000000
    outer loop
      vertex 76.250000 117.096194 -4.500000
      vertex 77.000000 117.096194 -4.500000
      vertex 77.000000 117.346194 -4.500000
    endloop
  endfacet
  facet normal 0.000000 0.000000 1.000000
    outer loop
      vertex 77.000000 113.846194 -4.500000
      vertex 77.000000 114.096194 -4.500000
      vertex 76.250000 114.096194 -4.500000
    endloop
  endfacet
  facet normal -0.000000 0.000000 1.000000
    outer loop
      vertex 76.250000 117.846194 -4.500000
      vertex 76.250000 117.096194 -4.500000
      vertex 77.000000 117.346194 -4.500000
    endloop
  endfacet
  facet normal -0.000000 0.000000 1.000000
    outer loop
      vertex 77.000000 113.846194 -4.500000
      vertex 76.250000 114.096194 -4.500000
      vertex 76.250000 113.346194 -4.500000
    endloop
  endfacet
  facet normal -0.000000 0.000000 1.000000
    outer loop
      vertex 78.625000 117.846194 -4.500000
      vertex 76.250000 117.846194 -4.500000
      vertex 77.000000 117.346194 -4.500000
    endloop
  endfacet
  facet normal 0.000000 -0.000000 1.000000
    outer loop
      vertex 77.000000 113.846194 -4.500000
      vertex 76.250000 113.346194 -4.500000
      vertex 78.625000 113.346194 -4.500000
    endloop
  endfacet
  facet normal -0.000000 0.000000 1.000000
    outer loop
      vertex 78.845096 117.829959 -4.500000
      vertex 78.772031 117.838971 -4.500000
      vertex 78.698609 117.844387 -4.500000
    endloop
  endfacet
  facet normal -0.000000 0.000000 1.000000
    outer loop
      vertex 78.698609 113.348001 -4.500000
      vertex 78.772031 113.353417 -4.500000
      vertex 78.845096 113.362429 -4.500000
    endloop
  endfacet
  facet normal 0.000000 0.000000 1.000000
    outer loop
      vertex 80.123193 116.419803 -4.500000
      vertex 80.117777 116.493225 -4.500000
      vertex 80.108765 116.566290 -4.500000
    endloop
  endfacet
  facet normal -0.000000 0.000000 1.000000
    outer loop
      vertex 80.108765 114.626098 -4.500000
      vertex 80.117777 114.699163 -4.500000
      vertex 80.123193 114.772585 -4.500000
    endloop
  endfacet
  facet normal -0.000000 0.000000 1.000000
    outer loop
      vertex 79.332096 117.669076 -4.500000
      vertex 79.266334 117.702177 -4.500000
      vertex 79.199028 117.732012 -4.500000
    endloop
  endfacet
  facet normal -0.000000 0.000000 1.000000
    outer loop
      vertex 80.010818 116.920222 -4.500000
      vertex 79.980983 116.987528 -4.500000
      vertex 79.947882 117.053290 -4.500000
    endloop
  endfacet
  facet normal -0.000000 0.000000 1.000000
    outer loop
      vertex 79.199028 113.460376 -4.500000
      vertex 79.266334 113.490211 -4.500000
      vertex 79.332096 113.523312 -4.500000
    endloop
  endfacet
  facet normal -0.000000 0.000000 1.000000
    outer loop
      vertex 79.947882 114.139098 -4.500000
      vertex 79.980983 114.204860 -4.500000
      vertex 80.010818 114.272166 -4.500000
    endloop
  endfacet
  facet normal 0.000000 0.000000 1.000000
    outer loop
      vertex 79.829810 117.239744 -4.500000
      vertex 79.784515 117.297785 -4.500000
      vertex 79.736427 117.353533 -4.500000
    endloop
  endfacet
  facet normal -0.000000 0.000000 1.000000
    outer loop
      vertex 79.736427 113.838855 -4.500000
      vertex 79.784515 113.894603 -4.500000
      vertex 79.829810 113.952644 -4.500000
    endloop
  endfacet
  facet normal -0.000000 0.000000 1.000000
    outer loop
      vertex 79.632339 117.457621 -4.500000
      vertex 79.576591 117.505709 -4.500000
      vertex 79.518550 117.551004 -4.500000
    endloop
  endfacet
  facet normal -0.000000 0.000000 1.000000
    outer loop
      vertex 79.518550 113.641384 -4.500000
      vertex 79.576591 113.686679 -4.500000
      vertex 79.632339 113.734768 -4.500000
    endloop
  endfacet
  facet normal -0.000000 0.000000 1.000000
    outer loop
      vertex 79.060431 113.410785 -4.500000
      vertex 79.130338 113.433879 -4.500000
      vertex 79.199028 113.460376 -4.500000
    endloop
  endfacet
  facet normal -0.000000 0.000000 1.000000
    outer loop
      vertex 80.010818 114.272166 -4.500000
      vertex 80.037315 114.340856 -4.500000
      vertex 80.060409 114.410763 -4.500000
    endloop
  endfacet
  facet normal -0.000000 0.000000 1.000000
    outer loop
      vertex 80.060409 116.781625 -4.500000
      vertex 80.037315 116.851532 -4.500000
      vertex 80.010818 116.920222 -4.500000
    endloop
  endfacet
  facet normal 0.000000 0.000000 1.000000
    outer loop
      vertex 79.199028 117.732012 -4.500000
      vertex 79.130338 117.758509 -4.500000
      vertex 79.060431 117.781603 -4.500000
    endloop
  endfacet
  facet normal 0.000000 0.000000 1.000000
    outer loop
      vertex 79.736427 117.353533 -4.500000
      vertex 79.685660 117.406854 -4.500000
      vertex 79.632339 117.457621 -4.500000
    endloop
  endfacet
  facet normal -0.000000 0.000000 1.000000
    outer loop
      vertex 79.632339 113.734768 -4.500000
      vertex 79.685660 113.785534 -4.500000
      vertex 79.736427 113.838855 -4.500000
    endloop
  endfacet
  facet normal -0.000000 0.000000 1.000000
    outer loop
      vertex 79.872204 114.012838 -4.500000
      vertex 79.911593 114.075040 -4.500000
      vertex 79.947882 114.139098 -4.500000
    endloop
  endfacet
  facet normal -0.000000 0.000000 1.000000
    outer loop
      vertex 79.332096 113.523312 -4.500000
      vertex 79.396154 113.559601 -4.500000
      vertex 79.458356 113.598990 -4.500000
    endloop
  endfacet
  facet normal -0.000000 0.000000 1.000000
    outer loop
      vertex 79.947882 117.053290 -4.500000
      vertex 79.911593 117.117349 -4.500000
      vertex 79.872204 117.179551 -4.500000
    endloop
  endfacet
  facet normal -0.000000 0.000000 1.000000
    outer loop
      vertex 79.458356 117.593398 -4.500000
      vertex 79.396154 117.632787 -4.500000
      vertex 79.332096 117.669076 -4.500000
    endloop
  endfacet
  facet normal -0.000000 0.000000 1.000000
    outer loop
      vertex 80.060409 114.410763 -4.500000
      vertex 80.080046 114.481720 -4.500000
      vertex 80.096178 114.553557 -4.500000
    endloop
  endfacet
  facet normal 0.000000 0.000000 1.000000
    outer loop
      vertex 80.096178 116.638832 -4.500000
      vertex 80.080046 116.710668 -4.500000
      vertex 80.060409 116.781625 -4.500000
    endloop
  endfacet
  facet normal -0.000000 0.000000 1.000000
    outer loop
      vertex 78.917637 113.375017 -4.500000
      vertex 78.989474 113.391148 -4.500000
      vertex 79.060431 113.410785 -4.500000
    endloop
  endfacet
  facet normal -0.000000 -0.000000 1.000000
    outer loop
      vertex 79.060431 117.781603 -4.500000
      vertex 78.989474 117.801240 -4.500000
      vertex 78.917637 117.817372 -4.500000
    endloop
  endfacet
  facet normal -0.000000 0.000000 1.000000
    outer loop
      vertex 78.917637 117.817372 -4.500000
      vertex 78.845096 117.829959 -4.500000
      vertex 78.698609 117.844387 -4.500000
    endloop
  endfacet
  facet normal -0.000000 0.000000 1.000000
    outer loop
      vertex 78.698609 113.348001 -4.500000
      vertex 78.845096 113.362429 -4.500000
      vertex 78.917637 113.375017 -4.500000
    endloop
  endfacet
  facet normal -0.000000 0.000000 1.000000
    outer loop
      vertex 80.096178 114.553557 -4.500000
      vertex 80.108765 114.626098 -4.500000
      vertex 80.123193 114.772585 -4.500000
    endloop
  endfacet
  facet normal 0.000000 0.000000 1.000000
    outer loop
      vertex 80.123193 116.419803 -4.500000
      vertex 80.108765 116.566290 -4.500000
      vertex 80.096178 116.638832 -4.500000
    endloop
  endfacet
  facet normal 0.000000 0.000000 1.000000
    outer loop
      vertex 79.872204 117.179551 -4.500000
      vertex 79.829810 117.239744 -4.500000
      vertex 79.736427 117.353533 -4.500000
    endloop
  endfacet
  facet normal -0.000000 0.000000 1.000000
    outer loop
      vertex 79.736427 113.838855 -4.500000
      vertex 79.829810 113.952644 -4.500000
      vertex 79.872204 114.012838 -4.500000
    endloop
  endfacet
  facet normal -0.000000 0.000000 1.000000
    outer loop
      vertex 79.632339 117.457621 -4.500000
      vertex 79.518550 117.551004 -4.500000
      vertex 79.458356 117.593398 -4.500000
    endloop
  endfacet
  facet normal -0.000000 0.000000 1.000000
    outer loop
      vertex 79.458356 113.598990 -4.500000
      vertex 79.518550 113.641384 -4.500000
      vertex 79.632339 113.734768 -4.500000
    endloop
  endfacet
  facet normal -0.000000 0.000000 1.000000
    outer loop
      vertex 80.096178 114.553557 -4.500000
      vertex 80.123193 114.772585 -4.500000
      vertex 80.125000 114.846194 -4.500000
    endloop
  endfacet
  facet normal 0.000000 0.000000 1.000000
    outer loop
      vertex 78.917637 117.817372 -4.500000
      vertex 78.698609 117.844387 -4.500000
      vertex 78.625000 117.846194 -4.500000
    endloop
  endfacet
  facet normal -0.000000 0.000000 1.000000
    outer loop
      vertex 78.625000 113.346194 -4.500000
      vertex 78.698609 113.348001 -4.500000
      vertex 78.917637 113.375017 -4.500000
    endloop
  endfacet
  facet normal 0.000000 0.000000 1.000000
    outer loop
      vertex 80.125000 116.346194 -4.500000
      vertex 80.123193 116.419803 -4.500000
      vertex 80.096178 116.638832 -4.500000
    endloop
  endfacet
  facet normal 0.000000 0.000000 1.000000
    outer loop
      vertex 79.332096 117.669076 -4.500000
      vertex 79.199028 117.732012 -4.500000
      vertex 79.060431 117.781603 -4.500000
    endloop
  endfacet
  facet normal 0.000000 0.000000 1.000000
    outer loop
      vertex 80.060409 116.781625 -4.500000
      vertex 80.010818 116.920222 -4.500000
      vertex 79.947882 117.053290 -4.500000
    endloop
  endfacet
  facet normal -0.000000 0.000000 1.000000
    outer loop
      vertex 79.060431 113.410785 -4.500000
      vertex 79.199028 113.460376 -4.500000
      vertex 79.332096 113.523312 -4.500000
    endloop
  endfacet
  facet normal -0.000000 0.000000 1.000000
    outer loop
      vertex 79.947882 114.139098 -4.500000
      vertex 80.010818 114.272166 -4.500000
      vertex 80.060409 114.410763 -4.500000
    endloop
  endfacet
  facet normal -0.000000 0.000000 1.000000
    outer loop
      vertex 79.872204 117.179551 -4.500000
      vertex 79.736427 117.353533 -4.500000
      vertex 79.632339 117.457621 -4.500000
    endloop
  endfacet
  facet normal -0.000000 0.000000 1.000000
    outer loop
      vertex 79.632339 113.734768 -4.500000
      vertex 79.736427 113.838855 -4.500000
      vertex 79.872204 114.012838 -4.500000
    endloop
  endfacet
  facet normal -0.000000 0.000000 1.000000
    outer loop
      vertex 79.332096 113.523312 -4.500000
      vertex 79.458356 113.598990 -4.500000
      vertex 79.632339 113.734768 -4.500000
    endloop
  endfacet
  facet normal 0.000000 0.000000 1.000000
    outer loop
      vertex 79.632339 117.457621 -4.500000
      vertex 79.458356 117.593398 -4.500000
      vertex 79.332096 117.669076 -4.500000
    endloop
  endfacet
  facet normal -0.000000 0.000000 1.000000
    outer loop
      vertex 80.060409 116.781625 -4.500000
      vertex 79.947882 117.053290 -4.500000
      vertex 79.872204 117.179551 -4.500000
    endloop
  endfacet
  facet normal -0.000000 0.000000 1.000000
    outer loop
      vertex 79.872204 114.012838 -4.500000
      vertex 79.947882 114.139098 -4.500000
      vertex 80.060409 114.410763 -4.500000
    endloop
  endfacet
  facet normal -0.000000 0.000000 1.000000
    outer loop
      vertex 79.332096 117.669076 -4.500000
      vertex 79.060431 117.781603 -4.500000
      vertex 78.917637 117.817372 -4.500000
    endloop
  endfacet
  facet normal -0.000000 0.000000 1.000000
    outer loop
      vertex 78.917637 113.375017 -4.500000
      vertex 79.060431 113.410785 -4.500000
      vertex 79.332096 113.523312 -4.500000
    endloop
  endfacet
  facet normal -0.000000 0.000000 1.000000
    outer loop
      vertex 80.060409 114.410763 -4.500000
      vertex 80.096178 114.553557 -4.500000
      vertex 80.125000 114.846194 -4.500000
    endloop
  endfacet
  facet normal 0.000000 0.000000 1.000000
    outer loop
      vertex 80.125000 116.346194 -4.500000
      vertex 80.096178 116.638832 -4.500000
      vertex 80.060409 116.781625 -4.500000
    endloop
  endfacet
  facet normal 0.000000 0.000000 1.000000
    outer loop
      vertex 79.332096 117.669076 -4.500000
      vertex 78.917637 117.817372 -4.500000
      vertex 78.625000 117.846194 -4.500000
    endloop
  endfacet
  facet normal -0.000000 0.000000 1.000000
    outer loop
      vertex 78.625000 113.346194 -4.500000
      vertex 78.917637 113.375017 -4.500000
      vertex 79.332096 113.523312 -4.500000
    endloop
  endfacet
  facet normal -0.000000 0.000000 1.000000
    outer loop
      vertex 79.872204 117.179551 -4.500000
      vertex 79.632339 117.457621 -4.500000
      vertex 79.332096 117.669076 -4.500000
    endloop
  endfacet
  facet normal 0.000000 0.000000 1.000000
    outer loop
      vertex 79.872204 117.179551 -4.500000
      vertex 79.332096 117.669076 -4.500000
      vertex 78.625000 117.846194 -4.500000
    endloop
  endfacet
  facet normal -0.000000 0.000000 1.000000
    outer loop
      vertex 79.332096 113.523312 -4.500000
      vertex 79.632339 113.734768 -4.500000
      vertex 79.872204 114.012838 -4.500000
    endloop
  endfacet
  facet normal -0.000000 0.000000 1.000000
    outer loop
      vertex 78.625000 113.346194 -4.500000
      vertex 79.332096 113.523312 -4.500000
      vertex 79.872204 114.012838 -4.500000
    endloop
  endfacet
  facet normal -0.000000 0.000000 1.000000
    outer loop
      vertex 79.872204 114.012838 -4.500000
      vertex 80.060409 114.410763 -4.500000
      vertex 80.125000 114.846194 -4.500000
    endloop
  endfacet
  facet normal -0.000000 0.000000 1.000000
    outer loop
      vertex 78.625000 113.346194 -4.500000
      vertex 79.872204 114.012838 -4.500000
      vertex 80.125000 114.846194 -4.500000
    endloop
  endfacet
  facet normal -0.000000 0.000000 1.000000
    outer loop
      vertex 78.625000 113.346194 -4.500000
      vertex 80.125000 114.846194 -4.500000
      vertex 80.125000 116.346194 -4.500000
    endloop
  endfacet
  facet normal 0.000000 0.000000 1.000000
    outer loop
      vertex 80.125000 116.346194 -4.500000
      vertex 80.060409 116.781625 -4.500000
      vertex 79.872204 117.179551 -4.500000
    endloop
  endfacet
  facet normal 0.000000 0.000000 1.000000
    outer loop
      vertex 80.125000 116.346194 -4.500000
      vertex 79.872204 117.179551 -4.500000
      vertex 78.625000 117.846194 -4.500000
    endloop
  endfacet
  facet normal -0.000000 0.000000 1.000000
    outer loop
      vertex 78.625000 113.346194 -4.500000
      vertex 80.125000 116.346194 -4.500000
      vertex 78.625000 117.846194 -4.500000
    endloop
  endfacet
  facet normal -0.000000 0.000000 1.000000
    outer loop
      vertex 78.625000 117.846194 -4.500000
      vertex 77.000000 117.346194 -4.500000
      vertex 77.125000 117.346194 -4.500000
    endloop
  endfacet
  facet normal 0.000000 -0.000000 1.000000
    outer loop
      vertex 78.625000 117.846194 -4.500000
      vertex 77.125000 117.346194 -4.500000
      vertex 77.174070 117.344989 -4.500000
    endloop
  endfacet
  facet normal -0.000000 -0.000000 1.000000
    outer loop
      vertex 78.625000 117.846194 -4.500000
      vertex 77.174070 117.344989 -4.500000
      vertex 77.223020 117.341379 -4.500000
    endloop
  endfacet
  facet normal -0.000000 -0.000000 1.000000
    outer loop
      vertex 78.625000 117.846194 -4.500000
      vertex 77.223020 117.341379 -4.500000
      vertex 77.271728 117.335371 -4.500000
    endloop
  endfacet
  facet normal -0.000000 0.000000 1.000000
    outer loop
      vertex 78.625000 117.846194 -4.500000
      vertex 77.271728 117.335371 -4.500000
      vertex 77.320090 117.326979 -4.500000
    endloop
  endfacet
  facet normal -0.000000 0.000000 1.000000
    outer loop
      vertex 78.625000 117.846194 -4.500000
      vertex 77.320090 117.326979 -4.500000
      vertex 77.367982 117.316225 -4.500000
    endloop
  endfacet
  facet normal -0.000000 0.000000 1.000000
    outer loop
      vertex 78.625000 117.846194 -4.500000
      vertex 77.367982 117.316225 -4.500000
      vertex 77.415287 117.303134 -4.500000
    endloop
  endfacet
  facet normal -0.000000 0.000000 1.000000
    outer loop
      vertex 78.625000 117.846194 -4.500000
      vertex 77.415287 117.303134 -4.500000
      vertex 77.461892 117.287737 -4.500000
    endloop
  endfacet
  facet normal -0.000000 0.000000 1.000000
    outer loop
      vertex 78.625000 117.846194 -4.500000
      vertex 77.461892 117.287737 -4.500000
      vertex 77.507685 117.270073 -4.500000
    endloop
  endfacet
  facet normal -0.000000 0.000000 1.000000
    outer loop
      vertex 78.625000 117.846194 -4.500000
      vertex 77.507685 117.270073 -4.500000
      vertex 77.552555 117.250183 -4.500000
    endloop
  endfacet
  facet normal -0.000000 0.000000 1.000000
    outer loop
      vertex 78.625000 117.846194 -4.500000
      vertex 77.552555 117.250183 -4.500000
      vertex 77.596396 117.228116 -4.500000
    endloop
  endfacet
  facet normal -0.000000 0.000000 1.000000
    outer loop
      vertex 78.625000 117.846194 -4.500000
      vertex 77.596396 117.228116 -4.500000
      vertex 77.639102 117.203923 -4.500000
    endloop
  endfacet
  facet normal -0.000000 0.000000 1.000000
    outer loop
      vertex 78.625000 117.846194 -4.500000
      vertex 77.639102 117.203923 -4.500000
      vertex 77.680571 117.177663 -4.500000
    endloop
  endfacet
  facet normal -0.000000 0.000000 1.000000
    outer loop
      vertex 78.625000 117.846194 -4.500000
      vertex 77.680571 117.177663 -4.500000
      vertex 77.720700 117.149401 -4.500000
    endloop
  endfacet
  facet normal -0.000000 0.000000 1.000000
    outer loop
      vertex 78.625000 117.846194 -4.500000
      vertex 77.720700 117.149401 -4.500000
      vertex 77.759394 117.119204 -4.500000
    endloop
  endfacet
  facet normal -0.000000 0.000000 1.000000
    outer loop
      vertex 78.625000 117.846194 -4.500000
      vertex 77.759394 117.119204 -4.500000
      vertex 77.796559 117.087145 -4.500000
    endloop
  endfacet
  facet normal -0.000000 0.000000 1.000000
    outer loop
      vertex 78.625000 117.846194 -4.500000
      vertex 77.796559 117.087145 -4.500000
      vertex 77.832107 117.053301 -4.500000
    endloop
  endfacet
  facet normal -0.000000 0.000000 1.000000
    outer loop
      vertex 78.625000 117.846194 -4.500000
      vertex 77.832107 117.053301 -4.500000
      vertex 77.865951 117.017753 -4.500000
    endloop
  endfacet
  facet normal -0.000000 0.000000 1.000000
    outer loop
      vertex 78.625000 117.846194 -4.500000
      vertex 77.865951 117.017753 -4.500000
      vertex 77.898010 116.980588 -4.500000
    endloop
  endfacet
  facet normal -0.000000 0.000000 1.000000
    outer loop
      vertex 78.625000 117.846194 -4.500000
      vertex 77.898010 116.980588 -4.500000
      vertex 77.928207 116.941894 -4.500000
    endloop
  endfacet
  facet normal -0.000000 0.000000 1.000000
    outer loop
      vertex 78.625000 117.846194 -4.500000
      vertex 77.928207 116.941894 -4.500000
      vertex 77.956469 116.901765 -4.500000
    endloop
  endfacet
  facet normal -0.000000 0.000000 1.000000
    outer loop
      vertex 78.625000 117.846194 -4.500000
      vertex 77.956469 116.901765 -4.500000
      vertex 77.982729 116.860296 -4.500000
    endloop
  endfacet
  facet normal -0.000000 0.000000 1.000000
    outer loop
      vertex 78.625000 117.846194 -4.500000
      vertex 77.982729 116.860296 -4.500000
      vertex 78.006922 116.817590 -4.500000
    endloop
  endfacet
  facet normal -0.000000 0.000000 1.000000
    outer loop
      vertex 78.625000 117.846194 -4.500000
      vertex 78.006922 116.817590 -4.500000
      vertex 78.028989 116.773750 -4.500000
    endloop
  endfacet
  facet normal -0.000000 0.000000 1.000000
    outer loop
      vertex 78.625000 117.846194 -4.500000
      vertex 78.028989 116.773750 -4.500000
      vertex 78.048879 116.728879 -4.500000
    endloop
  endfacet
  facet normal -0.000000 0.000000 1.000000
    outer loop
      vertex 78.625000 117.846194 -4.500000
      vertex 78.048879 116.728879 -4.500000
      vertex 78.066543 116.683086 -4.500000
    endloop
  endfacet
  facet normal -0.000000 0.000000 1.000000
    outer loop
      vertex 78.625000 117.846194 -4.500000
      vertex 78.066543 116.683086 -4.500000
      vertex 78.081940 116.636481 -4.500000
    endloop
  endfacet
  facet normal -0.000000 0.000000 1.000000
    outer loop
      vertex 78.625000 117.846194 -4.500000
      vertex 78.081940 116.636481 -4.500000
      vertex 78.095031 116.589176 -4.500000
    endloop
  endfacet
  facet normal -0.000000 0.000000 1.000000
    outer loop
      vertex 78.625000 117.846194 -4.500000
      vertex 78.095031 116.589176 -4.500000
      vertex 78.105785 116.541284 -4.500000
    endloop
  endfacet
  facet normal -0.000000 0.000000 1.000000
    outer loop
      vertex 78.625000 117.846194 -4.500000
      vertex 78.105785 116.541284 -4.500000
      vertex 78.114177 116.492922 -4.500000
    endloop
  endfacet
  facet normal -0.000000 0.000000 1.000000
    outer loop
      vertex 78.625000 117.846194 -4.500000
      vertex 78.114177 116.492922 -4.500000
      vertex 78.120184 116.444214 -4.500000
    endloop
  endfacet
  facet normal -0.000000 0.000000 1.000000
    outer loop
      vertex 78.625000 117.846194 -4.500000
      vertex 78.120184 116.444214 -4.500000
      vertex 78.123795 116.395265 -4.500000
    endloop
  endfacet
  facet normal -0.000000 0.000000 1.000000
    outer loop
      vertex 78.625000 117.846194 -4.500000
      vertex 78.123795 116.395265 -4.500000
      vertex 78.125000 116.346194 -4.500000
    endloop
  endfacet
  facet normal -0.000000 -0.000000 1.000000
    outer loop
      vertex 77.125000 113.846194 -4.500000
      vertex 77.000000 113.846194 -4.500000
      vertex 78.625000 113.346194 -4.500000
    endloop
  endfacet
  facet normal 0.000000 0.000000 1.000000
    outer loop
      vertex 77.174070 113.847399 -4.500000
      vertex 77.125000 113.846194 -4.500000
      vertex 78.625000 113.346194 -4.500000
    endloop
  endfacet
  facet normal -0.000000 -0.000000 1.000000
    outer loop
      vertex 77.223020 113.851010 -4.500000
      vertex 77.174070 113.847399 -4.500000
      vertex 78.625000 113.346194 -4.500000
    endloop
  endfacet
  facet normal -0.000000 -0.000000 1.000000
    outer loop
      vertex 77.271728 113.857017 -4.500000
      vertex 77.223020 113.851010 -4.500000
      vertex 78.625000 113.346194 -4.500000
    endloop
  endfacet
  facet normal -0.000000 -0.000000 1.000000
    outer loop
      vertex 77.320090 113.865409 -4.500000
      vertex 77.271728 113.857017 -4.500000
      vertex 78.625000 113.346194 -4.500000
    endloop
  endfacet
  facet normal -0.000000 -0.000000 1.000000
    outer loop
      vertex 77.367982 113.876163 -4.500000
      vertex 77.320090 113.865409 -4.500000
      vertex 78.625000 113.346194 -4.500000
    endloop
  endfacet
  facet normal -0.000000 -0.000000 1.000000
    outer loop
      vertex 77.415287 113.889255 -4.500000
      vertex 77.367982 113.876163 -4.500000
      vertex 78.625000 113.346194 -4.500000
    endloop
  endfacet
  facet normal -0.000000 -0.000000 1.000000
    outer loop
      vertex 77.461892 113.904651 -4.500000
      vertex 77.415287 113.889255 -4.500000
      vertex 78.625000 113.346194 -4.500000
    endloop
  endfacet
  facet normal -0.000000 -0.000000 1.000000
    outer loop
      vertex 77.507685 113.922315 -4.500000
      vertex 77.461892 113.904651 -4.500000
      vertex 78.625000 113.346194 -4.500000
    endloop
  endfacet
  facet normal -0.000000 -0.000000 1.000000
    outer loop
      vertex 77.552555 113.942205 -4.500000
      vertex 77.507685 113.922315 -4.500000
      vertex 78.625000 113.346194 -4.500000
    endloop
  endfacet
  facet normal -0.000000 -0.000000 1.000000
    outer loop
      vertex 77.596396 113.964272 -4.500000
      vertex 77.552555 113.942205 -4.500000
      vertex 78.625000 113.346194 -4.500000
    endloop
  endfacet
  facet normal -0.000000 -0.000000 1.000000
    outer loop
      vertex 77.639102 113.988465 -4.500000
      vertex 77.596396 113.964272 -4.500000
      vertex 78.625000 113.346194 -4.500000
    endloop
  endfacet
  facet normal -0.000000 -0.000000 1.000000
    outer loop
      vertex 77.680571 114.014725 -4.500000
      vertex 77.639102 113.988465 -4.500000
      vertex 78.625000 113.346194 -4.500000
    endloop
  endfacet
  facet normal -0.000000 -0.000000 1.000000
    outer loop
      vertex 77.720700 114.042987 -4.500000
      vertex 77.680571 114.014725 -4.500000
      vertex 78.625000 113.346194 -4.500000
    endloop
  endfacet
  facet normal -0.000000 -0.000000 1.000000
    outer loop
      vertex 77.759394 114.073184 -4.500000
      vertex 77.720700 114.042987 -4.500000
      vertex 78.625000 113.346194 -4.500000
    endloop
  endfacet
  facet normal -0.000000 -0.000000 1.000000
    outer loop
      vertex 77.796559 114.105243 -4.500000
      vertex 77.759394 114.073184 -4.500000
      vertex 78.625000 113.346194 -4.500000
    endloop
  endfacet
  facet normal -0.000000 -0.000000 1.000000
    outer loop
      vertex 77.832107 114.139087 -4.500000
      vertex 77.796559 114.105243 -4.500000
      vertex 78.625000 113.346194 -4.500000
    endloop
  endfacet
  facet normal -0.000000 -0.000000 1.000000
    outer loop
      vertex 77.865951 114.174635 -4.500000
      vertex 77.832107 114.139087 -4.500000
      vertex 78.625000 113.346194 -4.500000
    endloop
  endfacet
  facet normal -0.000000 -0.000000 1.000000
    outer loop
      vertex 77.898010 114.211801 -4.500000
      vertex 77.865951 114.174635 -4.500000
      vertex 78.625000 113.346194 -4.500000
    endloop
  endfacet
  facet normal 0.000000 -0.000000 1.000000
    outer loop
      vertex 77.928207 114.250494 -4.500000
      vertex 77.898010 114.211801 -4.500000
      vertex 78.625000 113.346194 -4.500000
    endloop
  endfacet
  facet normal 0.000000 -0.000000 1.000000
    outer loop
      vertex 77.956469 114.290623 -4.500000
      vertex 77.928207 114.250494 -4.500000
      vertex 78.625000 113.346194 -4.500000
    endloop
  endfacet
  facet normal 0.000000 -0.000000 1.000000
    outer loop
      vertex 77.982729 114.332092 -4.500000
      vertex 77.956469 114.290623 -4.500000
      vertex 78.625000 113.346194 -4.500000
    endloop
  endfacet
  facet normal 0.000000 -0.000000 1.000000
    outer loop
      vertex 78.006922 114.374798 -4.500000
      vertex 77.982729 114.332092 -4.500000
      vertex 78.625000 113.346194 -4.500000
    endloop
  endfacet
  facet normal 0.000000 -0.000000 1.000000
    outer loop
      vertex 78.028989 114.418639 -4.500000
      vertex 78.006922 114.374798 -4.500000
      vertex 78.625000 113.346194 -4.500000
    endloop
  endfacet
  facet normal 0.000000 -0.000000 1.000000
    outer loop
      vertex 78.048879 114.463509 -4.500000
      vertex 78.028989 114.418639 -4.500000
      vertex 78.625000 113.346194 -4.500000
    endloop
  endfacet
  facet normal 0.000000 -0.000000 1.000000
    outer loop
      vertex 78.066543 114.509302 -4.500000
      vertex 78.048879 114.463509 -4.500000
      vertex 78.625000 113.346194 -4.500000
    endloop
  endfacet
  facet normal 0.000000 -0.000000 1.000000
    outer loop
      vertex 78.081940 114.555907 -4.500000
      vertex 78.066543 114.509302 -4.500000
      vertex 78.625000 113.346194 -4.500000
    endloop
  endfacet
  facet normal 0.000000 -0.000000 1.000000
    outer loop
      vertex 78.095031 114.603212 -4.500000
      vertex 78.081940 114.555907 -4.500000
      vertex 78.625000 113.346194 -4.500000
    endloop
  endfacet
  facet normal 0.000000 0.000000 1.000000
    outer loop
      vertex 78.105785 114.651104 -4.500000
      vertex 78.095031 114.603212 -4.500000
      vertex 78.625000 113.346194 -4.500000
    endloop
  endfacet
  facet normal 0.000000 0.000000 1.000000
    outer loop
      vertex 78.114177 114.699466 -4.500000
      vertex 78.105785 114.651104 -4.500000
      vertex 78.625000 113.346194 -4.500000
    endloop
  endfacet
  facet normal 0.000000 0.000000 1.000000
    outer loop
      vertex 78.120184 114.748174 -4.500000
      vertex 78.114177 114.699466 -4.500000
      vertex 78.625000 113.346194 -4.500000
    endloop
  endfacet
  facet normal 0.000000 0.000000 1.000000
    outer loop
      vertex 78.123795 114.797124 -4.500000
      vertex 78.120184 114.748174 -4.500000
      vertex 78.625000 113.346194 -4.500000
    endloop
  endfacet
  facet normal 0.000000 0.000000 1.000000
    outer loop
      vertex 78.125000 114.846194 -4.500000
      vertex 78.123795 114.797124 -4.500000
      vertex 78.625000 113.346194 -4.500000
    endloop
  endfacet
  facet normal -0.000000 -0.000000 1.000000
    outer loop
      vertex 78.125000 116.346194 -4.500000
      vertex 78.125000 114.846194 -4.500000
      vertex 78.625000 113.346194 -4.500000
    endloop
  endfacet
  facet normal 0.000000 0.000000 1.000000
    outer loop
      vertex 78.625000 113.346194 -4.500000
      vertex 78.625000 117.846194 -4.500000
      vertex 78.125000 116.346194 -4.500000
    endloop
  endfacet
  facet normal -0.000000 -1.000000 -0.000000
    outer loop
      vertex 76.250000 117.096194 -4.500000
      vertex 75.500000 117.096194 -4.500000
      vertex 75.500000 117.096194 -5.000000
    endloop
  endfacet
  facet normal -0.000000 -1.000000 -0.000000
    outer loop
      vertex 76.250000 117.096194 -4.500000
      vertex 75.500000 117.096194 -5.000000
      vertex 76.250000 117.096194 -5.000000
    endloop
  endfacet
  facet normal 0.000000 -1.000000 0.000000
    outer loop
      vertex 77.000000 117.096194 -5.000000
      vertex 77.000000 117.096194 -4.500000
      vertex 76.250000 117.096194 -4.500000
    endloop
  endfacet
  facet normal 0.000000 -1.000000 0.000000
    outer loop
      vertex 76.250000 117.096194 -5.000000
      vertex 77.000000 117.096194 -5.000000
      vertex 76.250000 117.096194 -4.500000
    endloop
  endfacet
  facet normal -1.000000 0.000000 0.000000
    outer loop
      vertex 77.000000 117.096194 -4.250000
      vertex 77.000000 117.346194 -4.500000
      vertex 77.000000 117.096194 -4.500000
    endloop
  endfacet
  facet normal -1.000000 -0.000000 -0.000000
    outer loop
      vertex 77.000000 114.096194 -4.500000
      vertex 77.000000 113.846194 -4.500000
      vertex 77.000000 114.096194 -4.250000
    endloop
  endfacet
  facet normal -1.000000 0.000000 0.000000
    outer loop
      vertex 77.000000 114.096194 -4.250000
      vertex 77.000000 114.096194 -3.500000
      vertex 77.000000 114.846194 -3.500000
    endloop
  endfacet
  facet normal -1.000000 0.000000 -0.000000
    outer loop
      vertex 77.000000 116.346194 -3.500000
      vertex 77.000000 117.096194 -3.500000
      vertex 77.000000 117.096194 -4.250000
    endloop
  endfacet
  facet normal -1.000000 0.000000 -0.000000
    outer loop
      vertex 77.000000 114.846194 -3.500000
      vertex 77.000000 116.346194 -3.500000
      vertex 77.000000 117.096194 -4.250000
    endloop
  endfacet
  facet normal -1.000000 0.000000 0.000000
    outer loop
      vertex 77.000000 114.096194 -4.250000
      vertex 77.000000 114.846194 -3.500000
      vertex 77.000000 117.096194 -4.250000
    endloop
  endfacet
  facet normal -1.000000 0.000000 -0.000000
    outer loop
      vertex 77.000000 114.096194 -4.500000
      vertex 77.000000 114.096194 -4.250000
      vertex 77.000000 117.096194 -4.250000
    endloop
  endfacet
  facet normal -1.000000 0.000000 0.000000
    outer loop
      vertex 77.000000 114.096194 -4.500000
      vertex 77.000000 117.096194 -4.250000
      vertex 77.000000 117.096194 -4.500000
    endloop
  endfacet
  facet normal -1.000000 0.000000 0.000000
    outer loop
      vertex 77.000000 114.096194 -5.000000
      vertex 77.000000 114.096194 -4.500000
      vertex 77.000000 117.096194 -4.500000
    endloop
  endfacet
  facet normal -1.000000 0.000000 -0.000000
    outer loop
      vertex 77.000000 117.096194 -4.500000
      vertex 77.000000 117.096194 -5.000000
      vertex 77.000000 114.096194 -5.000000
    endloop
  endfacet
  facet normal 1.000000 0.000000 0.000000
    outer loop
      vertex 75.500000 117.096194 -4.500000
      vertex 75.500000 117.346194 -4.500000
      vertex 75.500000 117.096194 -4.250000
    endloop
  endfacet
  facet normal 1.000000 -0.000000 0.000000
    outer loop
      vertex 75.500000 114.096194 -4.250000
      vertex 75.500000 113.846194 -4.500000
      vertex 75.500000 114.096194 -4.500000
    endloop
  endfacet
  facet normal 1.000000 0.000000 0.000000
    outer loop
      vertex 75.500000 114.096194 -4.500000
      vertex 75.500000 114.096194 -5.000000
      vertex 75.500000 114.846194 -5.000000
    endloop
  endfacet
  facet normal 1.000000 -0.000000 0.000000
    outer loop
      vertex 75.500000 116.346194 -5.000000
      vertex 75.500000 117.096194 -5.000000
      vertex 75.500000 117.096194 -4.500000
    endloop
  endfacet
  facet normal 1.000000 0.000000 0.000000
    outer loop
      vertex 75.500000 116.346194 -5.000000
      vertex 75.500000 117.096194 -4.500000
      vertex 75.500000 117.096194 -4.250000
    endloop
  endfacet
  facet normal 1.000000 0.000000 0.000000
    outer loop
      vertex 75.500000 114.096194 -4.250000
      vertex 75.500000 114.096194 -4.500000
      vertex 75.500000 114.846194 -5.000000
    endloop
  endfacet
  facet normal 1.000000 -0.000000 -0.000000
    outer loop
      vertex 75.500000 114.096194 -3.500000
      vertex 75.500000 114.096194 -4.250000
      vertex 75.500000 114.846194 -5.000000
    endloop
  endfacet
  facet normal 1.000000 0.000000 0.000000
    outer loop
      vertex 75.500000 116.346194 -5.000000
      vertex 75.500000 117.096194 -4.250000
      vertex 75.500000 117.096194 -3.500000
    endloop
  endfacet
  facet normal 1.000000 -0.000000 0.000000
    outer loop
      vertex 75.500000 114.846194 -5.000000
      vertex 75.500000 116.346194 -5.000000
      vertex 75.500000 117.096194 -3.500000
    endloop
  endfacet
  facet normal 1.000000 0.000000 -0.000000
    outer loop
      vertex 75.500000 114.846194 -5.000000
      vertex 75.500000 117.096194 -3.500000
      vertex 75.500000 114.096194 -3.500000
    endloop
  endfacet
  facet normal -0.000000 1.000000 0.000000
    outer loop
      vertex 76.250000 114.096194 -4.500000
      vertex 77.000000 114.096194 -4.500000
      vertex 77.000000 114.096194 -5.000000
    endloop
  endfacet
  facet normal 0.000000 1.000000 0.000000
    outer loop
      vertex 76.250000 114.096194 -4.500000
      vertex 77.000000 114.096194 -5.000000
      vertex 76.250000 114.096194 -5.000000
    endloop
  endfacet
  facet normal 0.000000 1.000000 0.000000
    outer loop
      vertex 75.500000 114.096194 -5.000000
      vertex 75.500000 114.096194 -4.500000
      vertex 76.250000 114.096194 -4.500000
    endloop
  endfacet
  facet normal -0.000000 1.000000 0.000000
    outer loop
      vertex 75.500000 114.096194 -5.000000
      vertex 76.250000 114.096194 -4.500000
      vertex 76.250000 114.096194 -5.000000
    endloop
  endfacet
  facet normal -0.999699 -0.024544 -0.000000
    outer loop
      vertex 72.376807 108.676391 -4.500000
      vertex 72.375000 108.750000 -4.500000
      vertex 72.375000 108.750000 -5.000000
    endloop
  endfacet
  facet normal -0.999699 -0.024544 -0.000000
    outer loop
      vertex 72.376807 108.676391 -4.500000
      vertex 72.375000 108.750000 -5.000000
      vertex 72.376807 108.676391 -5.000000
    endloop
  endfacet
  facet normal -0.997290 -0.073569 -0.000000
    outer loop
      vertex 72.376807 108.676391 -5.000000
      vertex 72.382223 108.602969 -5.000000
      vertex 72.376807 108.676391 -4.500000
    endloop
  endfacet
  facet normal -0.997290 -0.073569 -0.000000
    outer loop
      vertex 72.382223 108.602969 -5.000000
      vertex 72.382223 108.602969 -4.500000
      vertex 72.376807 108.676391 -4.500000
    endloop
  endfacet
  facet normal -0.992479 -0.122413 -0.000000
    outer loop
      vertex 72.382223 108.602969 -5.000000
      vertex 72.391235 108.529904 -5.000000
      vertex 72.382223 108.602969 -4.500000
    endloop
  endfacet
  facet normal -0.992479 -0.122413 -0.000000
    outer loop
      vertex 72.391235 108.529904 -5.000000
      vertex 72.391235 108.529904 -4.500000
      vertex 72.382223 108.602969 -4.500000
    endloop
  endfacet
  facet normal -0.985277 -0.170963 -0.000000
    outer loop
      vertex 72.391235 108.529904 -5.000000
      vertex 72.403822 108.457363 -5.000000
      vertex 72.391235 108.529904 -4.500000
    endloop
  endfacet
  facet normal -0.985277 -0.170963 -0.000000
    outer loop
      vertex 72.403822 108.457363 -5.000000
      vertex 72.403822 108.457363 -4.500000
      vertex 72.391235 108.529904 -4.500000
    endloop
  endfacet
  facet normal -0.975702 -0.219103 -0.000000
    outer loop
      vertex 72.403822 108.457363 -5.000000
      vertex 72.419954 108.385526 -5.000000
      vertex 72.403822 108.457363 -4.500000
    endloop
  endfacet
  facet normal -0.975702 -0.219103 -0.000000
    outer loop
      vertex 72.419954 108.385526 -5.000000
      vertex 72.419954 108.385526 -4.500000
      vertex 72.403822 108.457363 -4.500000
    endloop
  endfacet
  facet normal -0.963775 -0.266715 -0.000000
    outer loop
      vertex 72.419954 108.385526 -5.000000
      vertex 72.439591 108.314569 -5.000000
      vertex 72.419954 108.385526 -4.500000
    endloop
  endfacet
  facet normal -0.963775 -0.266715 -0.000000
    outer loop
      vertex 72.439591 108.314569 -5.000000
      vertex 72.439591 108.314569 -4.500000
      vertex 72.419954 108.385526 -4.500000
    endloop
  endfacet
  facet normal -0.949527 -0.313684 -0.000000
    outer loop
      vertex 72.439591 108.314569 -5.000000
      vertex 72.462685 108.244662 -5.000000
      vertex 72.439591 108.314569 -4.500000
    endloop
  endfacet
  facet normal -0.949527 -0.313684 -0.000000
    outer loop
      vertex 72.462685 108.244662 -5.000000
      vertex 72.462685 108.244662 -4.500000
      vertex 72.439591 108.314569 -4.500000
    endloop
  endfacet
  facet normal -0.932992 -0.359897 -0.000000
    outer loop
      vertex 72.462685 108.244662 -5.000000
      vertex 72.489182 108.175972 -5.000000
      vertex 72.462685 108.244662 -4.500000
    endloop
  endfacet
  facet normal -0.932992 -0.359897 -0.000000
    outer loop
      vertex 72.489182 108.175972 -5.000000
      vertex 72.489182 108.175972 -4.500000
      vertex 72.462685 108.244662 -4.500000
    endloop
  endfacet
  facet normal -0.914209 -0.405243 -0.000000
    outer loop
      vertex 72.489182 108.175972 -5.000000
      vertex 72.519017 108.108666 -5.000000
      vertex 72.489182 108.175972 -4.500000
    endloop
  endfacet
  facet normal -0.914209 -0.405243 -0.000000
    outer loop
      vertex 72.519017 108.108666 -5.000000
      vertex 72.519017 108.108666 -4.500000
      vertex 72.489182 108.175972 -4.500000
    endloop
  endfacet
  facet normal -0.893224 -0.449612 -0.000000
    outer loop
      vertex 72.519017 108.108666 -5.000000
      vertex 72.552118 108.042904 -5.000000
      vertex 72.519017 108.108666 -4.500000
    endloop
  endfacet
  facet normal -0.893224 -0.449612 -0.000000
    outer loop
      vertex 72.552118 108.042904 -5.000000
      vertex 72.552118 108.042904 -4.500000
      vertex 72.519017 108.108666 -4.500000
    endloop
  endfacet
  facet normal -0.870087 -0.492898 -0.000000
    outer loop
      vertex 72.552118 108.042904 -5.000000
      vertex 72.588407 107.978846 -5.000000
      vertex 72.552118 108.042904 -4.500000
    endloop
  endfacet
  facet normal -0.870087 -0.492898 -0.000000
    outer loop
      vertex 72.588407 107.978846 -5.000000
      vertex 72.588407 107.978846 -4.500000
      vertex 72.552118 108.042904 -4.500000
    endloop
  endfacet
  facet normal -0.844853 -0.534998 -0.000000
    outer loop
      vertex 72.588407 107.978846 -5.000000
      vertex 72.627796 107.916644 -5.000000
      vertex 72.588407 107.978846 -4.500000
    endloop
  endfacet
  facet normal -0.844853 -0.534998 -0.000000
    outer loop
      vertex 72.627796 107.916644 -5.000000
      vertex 72.627796 107.916644 -4.500000
      vertex 72.588407 107.978846 -4.500000
    endloop
  endfacet
  facet normal -0.817584 -0.575809 -0.000000
    outer loop
      vertex 72.627796 107.916644 -5.000000
      vertex 72.670190 107.856450 -5.000000
      vertex 72.627796 107.916644 -4.500000
    endloop
  endfacet
  facet normal -0.817584 -0.575809 -0.000000
    outer loop
      vertex 72.670190 107.856450 -5.000000
      vertex 72.670190 107.856450 -4.500000
      vertex 72.627796 107.916644 -4.500000
    endloop
  endfacet
  facet normal -0.788346 -0.615232 -0.000000
    outer loop
      vertex 72.670190 107.856450 -5.000000
      vertex 72.715485 107.798409 -5.000000
      vertex 72.670190 107.856450 -4.500000
    endloop
  endfacet
  facet normal -0.788346 -0.615232 -0.000000
    outer loop
      vertex 72.715485 107.798409 -5.000000
      vertex 72.715485 107.798409 -4.500000
      vertex 72.670190 107.856450 -4.500000
    endloop
  endfacet
  facet normal -0.757209 -0.653173 -0.000000
    outer loop
      vertex 72.715485 107.798409 -5.000000
      vertex 72.763573 107.742661 -5.000000
      vertex 72.715485 107.798409 -4.500000
    endloop
  endfacet
  facet normal -0.757209 -0.653173 -0.000000
    outer loop
      vertex 72.763573 107.742661 -5.000000
      vertex 72.763573 107.742661 -4.500000
      vertex 72.715485 107.798409 -4.500000
    endloop
  endfacet
  facet normal -0.724247 -0.689541 -0.000000
    outer loop
      vertex 72.763573 107.742661 -5.000000
      vertex 72.814340 107.689340 -5.000000
      vertex 72.763573 107.742661 -4.500000
    endloop
  endfacet
  facet normal -0.724247 -0.689541 -0.000000
    outer loop
      vertex 72.814340 107.689340 -5.000000
      vertex 72.814340 107.689340 -4.500000
      vertex 72.763573 107.742661 -4.500000
    endloop
  endfacet
  facet normal -0.689541 -0.724247 -0.000000
    outer loop
      vertex 72.814340 107.689340 -5.000000
      vertex 72.867661 107.638573 -5.000000
      vertex 72.814340 107.689340 -4.500000
    endloop
  endfacet
  facet normal -0.689541 -0.724247 -0.000000
    outer loop
      vertex 72.867661 107.638573 -5.000000
      vertex 72.867661 107.638573 -4.500000
      vertex 72.814340 107.689340 -4.500000
    endloop
  endfacet
  facet normal -0.653173 -0.757209 -0.000000
    outer loop
      vertex 72.867661 107.638573 -5.000000
      vertex 72.923409 107.590485 -5.000000
      vertex 72.867661 107.638573 -4.500000
    endloop
  endfacet
  facet normal -0.653173 -0.757209 -0.000000
    outer loop
      vertex 72.923409 107.590485 -5.000000
      vertex 72.923409 107.590485 -4.500000
      vertex 72.867661 107.638573 -4.500000
    endloop
  endfacet
  facet normal -0.615232 -0.788346 -0.000000
    outer loop
      vertex 72.923409 107.590485 -5.000000
      vertex 72.981450 107.545190 -5.000000
      vertex 72.923409 107.590485 -4.500000
    endloop
  endfacet
  facet normal -0.615232 -0.788346 -0.000000
    outer loop
      vertex 72.981450 107.545190 -5.000000
      vertex 72.981450 107.545190 -4.500000
      vertex 72.923409 107.590485 -4.500000
    endloop
  endfacet
  facet normal -0.575809 -0.817584 -0.000000
    outer loop
      vertex 72.981450 107.545190 -5.000000
      vertex 73.041644 107.502796 -5.000000
      vertex 72.981450 107.545190 -4.500000
    endloop
  endfacet
  facet normal -0.575809 -0.817584 -0.000000
    outer loop
      vertex 73.041644 107.502796 -5.000000
      vertex 73.041644 107.502796 -4.500000
      vertex 72.981450 107.545190 -4.500000
    endloop
  endfacet
  facet normal -0.534998 -0.844853 -0.000000
    outer loop
      vertex 73.041644 107.502796 -5.000000
      vertex 73.103846 107.463407 -5.000000
      vertex 73.041644 107.502796 -4.500000
    endloop
  endfacet
  facet normal -0.534998 -0.844853 -0.000000
    outer loop
      vertex 73.103846 107.463407 -5.000000
      vertex 73.103846 107.463407 -4.500000
      vertex 73.041644 107.502796 -4.500000
    endloop
  endfacet
  facet normal -0.492898 -0.870087 -0.000000
    outer loop
      vertex 73.103846 107.463407 -5.000000
      vertex 73.167904 107.427118 -5.000000
      vertex 73.103846 107.463407 -4.500000
    endloop
  endfacet
  facet normal -0.492898 -0.870087 -0.000000
    outer loop
      vertex 73.167904 107.427118 -5.000000
      vertex 73.167904 107.427118 -4.500000
      vertex 73.103846 107.463407 -4.500000
    endloop
  endfacet
  facet normal -0.449612 -0.893224 -0.000000
    outer loop
      vertex 73.167904 107.427118 -5.000000
      vertex 73.233666 107.394017 -5.000000
      vertex 73.167904 107.427118 -4.500000
    endloop
  endfacet
  facet normal -0.449612 -0.893224 -0.000000
    outer loop
      vertex 73.233666 107.394017 -5.000000
      vertex 73.233666 107.394017 -4.500000
      vertex 73.167904 107.427118 -4.500000
    endloop
  endfacet
  facet normal -0.405243 -0.914209 -0.000000
    outer loop
      vertex 73.233666 107.394017 -5.000000
      vertex 73.300972 107.364182 -5.000000
      vertex 73.233666 107.394017 -4.500000
    endloop
  endfacet
  facet normal -0.405243 -0.914209 -0.000000
    outer loop
      vertex 73.300972 107.364182 -5.000000
      vertex 73.300972 107.364182 -4.500000
      vertex 73.233666 107.394017 -4.500000
    endloop
  endfacet
  facet normal -0.359897 -0.932992 -0.000000
    outer loop
      vertex 73.300972 107.364182 -5.000000
      vertex 73.369662 107.337685 -5.000000
      vertex 73.300972 107.364182 -4.500000
    endloop
  endfacet
  facet normal -0.359897 -0.932992 -0.000000
    outer loop
      vertex 73.369662 107.337685 -5.000000
      vertex 73.369662 107.337685 -4.500000
      vertex 73.300972 107.364182 -4.500000
    endloop
  endfacet
  facet normal -0.313684 -0.949527 -0.000000
    outer loop
      vertex 73.369662 107.337685 -5.000000
      vertex 73.439569 107.314591 -5.000000
      vertex 73.369662 107.337685 -4.500000
    endloop
  endfacet
  facet normal -0.313684 -0.949527 -0.000000
    outer loop
      vertex 73.439569 107.314591 -5.000000
      vertex 73.439569 107.314591 -4.500000
      vertex 73.369662 107.337685 -4.500000
    endloop
  endfacet
  facet normal -0.266715 -0.963775 -0.000000
    outer loop
      vertex 73.439569 107.314591 -5.000000
      vertex 73.510526 107.294954 -5.000000
      vertex 73.439569 107.314591 -4.500000
    endloop
  endfacet
  facet normal -0.266715 -0.963775 -0.000000
    outer loop
      vertex 73.510526 107.294954 -5.000000
      vertex 73.510526 107.294954 -4.500000
      vertex 73.439569 107.314591 -4.500000
    endloop
  endfacet
  facet normal -0.219103 -0.975702 -0.000000
    outer loop
      vertex 73.510526 107.294954 -5.000000
      vertex 73.582363 107.278822 -5.000000
      vertex 73.510526 107.294954 -4.500000
    endloop
  endfacet
  facet normal -0.219103 -0.975702 -0.000000
    outer loop
      vertex 73.582363 107.278822 -5.000000
      vertex 73.582363 107.278822 -4.500000
      vertex 73.510526 107.294954 -4.500000
    endloop
  endfacet
  facet normal -0.170963 -0.985277 -0.000000
    outer loop
      vertex 73.582363 107.278822 -5.000000
      vertex 73.654904 107.266235 -5.000000
      vertex 73.582363 107.278822 -4.500000
    endloop
  endfacet
  facet normal -0.170963 -0.985277 -0.000000
    outer loop
      vertex 73.654904 107.266235 -5.000000
      vertex 73.654904 107.266235 -4.500000
      vertex 73.582363 107.278822 -4.500000
    endloop
  endfacet
  facet normal -0.122413 -0.992479 -0.000000
    outer loop
      vertex 73.654904 107.266235 -5.000000
      vertex 73.727969 107.257223 -5.000000
      vertex 73.654904 107.266235 -4.500000
    endloop
  endfacet
  facet normal -0.122413 -0.992479 -0.000000
    outer loop
      vertex 73.727969 107.257223 -5.000000
      vertex 73.727969 107.257223 -4.500000
      vertex 73.654904 107.266235 -4.500000
    endloop
  endfacet
  facet normal -0.073569 -0.997290 -0.000000
    outer loop
      vertex 73.727969 107.257223 -5.000000
      vertex 73.801391 107.251807 -5.000000
      vertex 73.727969 107.257223 -4.500000
    endloop
  endfacet
  facet normal -0.073569 -0.997290 -0.000000
    outer loop
      vertex 73.801391 107.251807 -5.000000
      vertex 73.801391 107.251807 -4.500000
      vertex 73.727969 107.257223 -4.500000
    endloop
  endfacet
  facet normal -0.024544 -0.999699 -0.000000
    outer loop
      vertex 73.801391 107.251807 -5.000000
      vertex 73.875000 107.250000 -5.000000
      vertex 73.801391 107.251807 -4.500000
    endloop
  endfacet
  facet normal -0.024544 -0.999699 -0.000000
    outer loop
      vertex 73.875000 107.250000 -5.000000
      vertex 73.875000 107.250000 -4.500000
      vertex 73.801391 107.251807 -4.500000
    endloop
  endfacet
  facet normal -1.000000 -0.000000 -0.000000
    outer loop
      vertex 72.375000 108.750000 -5.000000
      vertex 72.375000 108.750000 -4.500000
      vertex 72.375000 110.250000 -5.000000
    endloop
  endfacet
  facet normal -1.000000 -0.000000 -0.000000
    outer loop
      vertex 72.375000 108.750000 -4.500000
      vertex 72.375000 110.250000 -4.500000
      vertex 72.375000 110.250000 -5.000000
    endloop
  endfacet
  facet normal -0.024544 0.999699 0.000000
    outer loop
      vertex 73.801391 111.748193 -4.500000
      vertex 73.875000 111.750000 -4.500000
      vertex 73.801391 111.748193 -5.000000
    endloop
  endfacet
  facet normal -0.024544 0.999699 0.000000
    outer loop
      vertex 73.875000 111.750000 -4.500000
      vertex 73.875000 111.750000 -5.000000
      vertex 73.801391 111.748193 -5.000000
    endloop
  endfacet
  facet normal -0.073569 0.997290 0.000000
    outer loop
      vertex 73.801391 111.748193 -5.000000
      vertex 73.727969 111.742777 -5.000000
      vertex 73.727969 111.742777 -4.500000
    endloop
  endfacet
  facet normal -0.073569 0.997290 0.000000
    outer loop
      vertex 73.801391 111.748193 -5.000000
      vertex 73.727969 111.742777 -4.500000
      vertex 73.801391 111.748193 -4.500000
    endloop
  endfacet
  facet normal -0.122413 0.992479 0.000000
    outer loop
      vertex 73.727969 111.742777 -5.000000
      vertex 73.654904 111.733765 -5.000000
      vertex 73.654904 111.733765 -4.500000
    endloop
  endfacet
  facet normal -0.122413 0.992479 0.000000
    outer loop
      vertex 73.727969 111.742777 -5.000000
      vertex 73.654904 111.733765 -4.500000
      vertex 73.727969 111.742777 -4.500000
    endloop
  endfacet
  facet normal -0.170963 0.985277 0.000000
    outer loop
      vertex 73.654904 111.733765 -5.000000
      vertex 73.582363 111.721178 -5.000000
      vertex 73.582363 111.721178 -4.500000
    endloop
  endfacet
  facet normal -0.170963 0.985277 0.000000
    outer loop
      vertex 73.654904 111.733765 -5.000000
      vertex 73.582363 111.721178 -4.500000
      vertex 73.654904 111.733765 -4.500000
    endloop
  endfacet
  facet normal -0.219103 0.975702 0.000000
    outer loop
      vertex 73.582363 111.721178 -5.000000
      vertex 73.510526 111.705046 -5.000000
      vertex 73.510526 111.705046 -4.500000
    endloop
  endfacet
  facet normal -0.219103 0.975702 0.000000
    outer loop
      vertex 73.582363 111.721178 -5.000000
      vertex 73.510526 111.705046 -4.500000
      vertex 73.582363 111.721178 -4.500000
    endloop
  endfacet
  facet normal -0.266715 0.963775 0.000000
    outer loop
      vertex 73.510526 111.705046 -5.000000
      vertex 73.439569 111.685409 -5.000000
      vertex 73.439569 111.685409 -4.500000
    endloop
  endfacet
  facet normal -0.266715 0.963775 0.000000
    outer loop
      vertex 73.510526 111.705046 -5.000000
      vertex 73.439569 111.685409 -4.500000
      vertex 73.510526 111.705046 -4.500000
    endloop
  endfacet
  facet normal -0.313684 0.949527 0.000000
    outer loop
      vertex 73.439569 111.685409 -5.000000
      vertex 73.369662 111.662315 -5.000000
      vertex 73.369662 111.662315 -4.500000
    endloop
  endfacet
  facet normal -0.313684 0.949527 0.000000
    outer loop
      vertex 73.439569 111.685409 -5.000000
      vertex 73.369662 111.662315 -4.500000
      vertex 73.439569 111.685409 -4.500000
    endloop
  endfacet
  facet normal -0.359897 0.932992 0.000000
    outer loop
      vertex 73.369662 111.662315 -5.000000
      vertex 73.300972 111.635818 -5.000000
      vertex 73.300972 111.635818 -4.500000
    endloop
  endfacet
  facet normal -0.359897 0.932992 0.000000
    outer loop
      vertex 73.369662 111.662315 -5.000000
      vertex 73.300972 111.635818 -4.500000
      vertex 73.369662 111.662315 -4.500000
    endloop
  endfacet
  facet normal -0.405243 0.914209 0.000000
    outer loop
      vertex 73.300972 111.635818 -5.000000
      vertex 73.233666 111.605983 -5.000000
      vertex 73.233666 111.605983 -4.500000
    endloop
  endfacet
  facet normal -0.405243 0.914209 0.000000
    outer loop
      vertex 73.300972 111.635818 -5.000000
      vertex 73.233666 111.605983 -4.500000
      vertex 73.300972 111.635818 -4.500000
    endloop
  endfacet
  facet normal -0.449612 0.893224 0.000000
    outer loop
      vertex 73.233666 111.605983 -5.000000
      vertex 73.167904 111.572882 -5.000000
      vertex 73.167904 111.572882 -4.500000
    endloop
  endfacet
  facet normal -0.449612 0.893224 0.000000
    outer loop
      vertex 73.233666 111.605983 -5.000000
      vertex 73.167904 111.572882 -4.500000
      vertex 73.233666 111.605983 -4.500000
    endloop
  endfacet
  facet normal -0.492898 0.870087 0.000000
    outer loop
      vertex 73.167904 111.572882 -5.000000
      vertex 73.103846 111.536593 -5.000000
      vertex 73.103846 111.536593 -4.500000
    endloop
  endfacet
  facet normal -0.492898 0.870087 0.000000
    outer loop
      vertex 73.167904 111.572882 -5.000000
      vertex 73.103846 111.536593 -4.500000
      vertex 73.167904 111.572882 -4.500000
    endloop
  endfacet
  facet normal -0.534998 0.844853 0.000000
    outer loop
      vertex 73.103846 111.536593 -5.000000
      vertex 73.041644 111.497204 -5.000000
      vertex 73.041644 111.497204 -4.500000
    endloop
  endfacet
  facet normal -0.534998 0.844853 0.000000
    outer loop
      vertex 73.103846 111.536593 -5.000000
      vertex 73.041644 111.497204 -4.500000
      vertex 73.103846 111.536593 -4.500000
    endloop
  endfacet
  facet normal -0.575809 0.817584 0.000000
    outer loop
      vertex 73.041644 111.497204 -5.000000
      vertex 72.981450 111.454810 -5.000000
      vertex 72.981450 111.454810 -4.500000
    endloop
  endfacet
  facet normal -0.575809 0.817584 0.000000
    outer loop
      vertex 73.041644 111.497204 -5.000000
      vertex 72.981450 111.454810 -4.500000
      vertex 73.041644 111.497204 -4.500000
    endloop
  endfacet
  facet normal -0.615232 0.788346 0.000000
    outer loop
      vertex 72.981450 111.454810 -5.000000
      vertex 72.923409 111.409515 -5.000000
      vertex 72.923409 111.409515 -4.500000
    endloop
  endfacet
  facet normal -0.615232 0.788346 0.000000
    outer loop
      vertex 72.981450 111.454810 -5.000000
      vertex 72.923409 111.409515 -4.500000
      vertex 72.981450 111.454810 -4.500000
    endloop
  endfacet
  facet normal -0.653173 0.757209 0.000000
    outer loop
      vertex 72.923409 111.409515 -5.000000
      vertex 72.867661 111.361427 -5.000000
      vertex 72.867661 111.361427 -4.500000
    endloop
  endfacet
  facet normal -0.653173 0.757209 0.000000
    outer loop
      vertex 72.923409 111.409515 -5.000000
      vertex 72.867661 111.361427 -4.500000
      vertex 72.923409 111.409515 -4.500000
    endloop
  endfacet
  facet normal -0.689541 0.724247 0.000000
    outer loop
      vertex 72.867661 111.361427 -5.000000
      vertex 72.814340 111.310660 -5.000000
      vertex 72.814340 111.310660 -4.500000
    endloop
  endfacet
  facet normal -0.689541 0.724247 0.000000
    outer loop
      vertex 72.867661 111.361427 -5.000000
      vertex 72.814340 111.310660 -4.500000
      vertex 72.867661 111.361427 -4.500000
    endloop
  endfacet
  facet normal -0.724247 0.689541 0.000000
    outer loop
      vertex 72.814340 111.310660 -5.000000
      vertex 72.763573 111.257339 -5.000000
      vertex 72.763573 111.257339 -4.500000
    endloop
  endfacet
  facet normal -0.724247 0.689541 0.000000
    outer loop
      vertex 72.814340 111.310660 -5.000000
      vertex 72.763573 111.257339 -4.500000
      vertex 72.814340 111.310660 -4.500000
    endloop
  endfacet
  facet normal -0.757209 0.653173 0.000000
    outer loop
      vertex 72.763573 111.257339 -5.000000
      vertex 72.715485 111.201591 -5.000000
      vertex 72.715485 111.201591 -4.500000
    endloop
  endfacet
  facet normal -0.757209 0.653173 0.000000
    outer loop
      vertex 72.763573 111.257339 -5.000000
      vertex 72.715485 111.201591 -4.500000
      vertex 72.763573 111.257339 -4.500000
    endloop
  endfacet
  facet normal -0.788346 0.615232 0.000000
    outer loop
      vertex 72.715485 111.201591 -5.000000
      vertex 72.670190 111.143550 -5.000000
      vertex 72.670190 111.143550 -4.500000
    endloop
  endfacet
  facet normal -0.788346 0.615232 0.000000
    outer loop
      vertex 72.715485 111.201591 -5.000000
      vertex 72.670190 111.143550 -4.500000
      vertex 72.715485 111.201591 -4.500000
    endloop
  endfacet
  facet normal -0.817584 0.575809 0.000000
    outer loop
      vertex 72.670190 111.143550 -5.000000
      vertex 72.627796 111.083356 -5.000000
      vertex 72.627796 111.083356 -4.500000
    endloop
  endfacet
  facet normal -0.817584 0.575809 0.000000
    outer loop
      vertex 72.670190 111.143550 -5.000000
      vertex 72.627796 111.083356 -4.500000
      vertex 72.670190 111.143550 -4.500000
    endloop
  endfacet
  facet normal -0.844853 0.534998 0.000000
    outer loop
      vertex 72.627796 111.083356 -5.000000
      vertex 72.588407 111.021154 -5.000000
      vertex 72.588407 111.021154 -4.500000
    endloop
  endfacet
  facet normal -0.844853 0.534998 0.000000
    outer loop
      vertex 72.627796 111.083356 -5.000000
      vertex 72.588407 111.021154 -4.500000
      vertex 72.627796 111.083356 -4.500000
    endloop
  endfacet
  facet normal -0.870087 0.492898 0.000000
    outer loop
      vertex 72.588407 111.021154 -5.000000
      vertex 72.552118 110.957096 -5.000000
      vertex 72.552118 110.957096 -4.500000
    endloop
  endfacet
  facet normal -0.870087 0.492898 0.000000
    outer loop
      vertex 72.588407 111.021154 -5.000000
      vertex 72.552118 110.957096 -4.500000
      vertex 72.588407 111.021154 -4.500000
    endloop
  endfacet
  facet normal -0.893224 0.449612 0.000000
    outer loop
      vertex 72.552118 110.957096 -5.000000
      vertex 72.519017 110.891334 -5.000000
      vertex 72.519017 110.891334 -4.500000
    endloop
  endfacet
  facet normal -0.893224 0.449612 0.000000
    outer loop
      vertex 72.552118 110.957096 -5.000000
      vertex 72.519017 110.891334 -4.500000
      vertex 72.552118 110.957096 -4.500000
    endloop
  endfacet
  facet normal -0.914209 0.405243 0.000000
    outer loop
      vertex 72.519017 110.891334 -5.000000
      vertex 72.489182 110.824028 -5.000000
      vertex 72.489182 110.824028 -4.500000
    endloop
  endfacet
  facet normal -0.914209 0.405243 0.000000
    outer loop
      vertex 72.519017 110.891334 -5.000000
      vertex 72.489182 110.824028 -4.500000
      vertex 72.519017 110.891334 -4.500000
    endloop
  endfacet
  facet normal -0.932992 0.359897 0.000000
    outer loop
      vertex 72.489182 110.824028 -5.000000
      vertex 72.462685 110.755338 -5.000000
      vertex 72.462685 110.755338 -4.500000
    endloop
  endfacet
  facet normal -0.932992 0.359897 0.000000
    outer loop
      vertex 72.489182 110.824028 -5.000000
      vertex 72.462685 110.755338 -4.500000
      vertex 72.489182 110.824028 -4.500000
    endloop
  endfacet
  facet normal -0.949527 0.313684 0.000000
    outer loop
      vertex 72.462685 110.755338 -5.000000
      vertex 72.439591 110.685431 -5.000000
      vertex 72.439591 110.685431 -4.500000
    endloop
  endfacet
  facet normal -0.949527 0.313684 0.000000
    outer loop
      vertex 72.462685 110.755338 -5.000000
      vertex 72.439591 110.685431 -4.500000
      vertex 72.462685 110.755338 -4.500000
    endloop
  endfacet
  facet normal -0.963775 0.266715 0.000000
    outer loop
      vertex 72.439591 110.685431 -5.000000
      vertex 72.419954 110.614474 -5.000000
      vertex 72.419954 110.614474 -4.500000
    endloop
  endfacet
  facet normal -0.963775 0.266715 0.000000
    outer loop
      vertex 72.439591 110.685431 -5.000000
      vertex 72.419954 110.614474 -4.500000
      vertex 72.439591 110.685431 -4.500000
    endloop
  endfacet
  facet normal -0.975702 0.219103 0.000000
    outer loop
      vertex 72.419954 110.614474 -5.000000
      vertex 72.403822 110.542637 -5.000000
      vertex 72.403822 110.542637 -4.500000
    endloop
  endfacet
  facet normal -0.975702 0.219103 0.000000
    outer loop
      vertex 72.419954 110.614474 -5.000000
      vertex 72.403822 110.542637 -4.500000
      vertex 72.419954 110.614474 -4.500000
    endloop
  endfacet
  facet normal -0.985277 0.170963 0.000000
    outer loop
      vertex 72.403822 110.542637 -5.000000
      vertex 72.391235 110.470096 -5.000000
      vertex 72.391235 110.470096 -4.500000
    endloop
  endfacet
  facet normal -0.985277 0.170963 0.000000
    outer loop
      vertex 72.403822 110.542637 -5.000000
      vertex 72.391235 110.470096 -4.500000
      vertex 72.403822 110.542637 -4.500000
    endloop
  endfacet
  facet normal -0.992479 0.122413 0.000000
    outer loop
      vertex 72.391235 110.470096 -5.000000
      vertex 72.382223 110.397031 -5.000000
      vertex 72.382223 110.397031 -4.500000
    endloop
  endfacet
  facet normal -0.992479 0.122413 0.000000
    outer loop
      vertex 72.391235 110.470096 -5.000000
      vertex 72.382223 110.397031 -4.500000
      vertex 72.391235 110.470096 -4.500000
    endloop
  endfacet
  facet normal -0.997290 0.073569 0.000000
    outer loop
      vertex 72.382223 110.397031 -5.000000
      vertex 72.376807 110.323609 -5.000000
      vertex 72.376807 110.323609 -4.500000
    endloop
  endfacet
  facet normal -0.997290 0.073569 0.000000
    outer loop
      vertex 72.382223 110.397031 -5.000000
      vertex 72.376807 110.323609 -4.500000
      vertex 72.382223 110.397031 -4.500000
    endloop
  endfacet
  facet normal -0.999699 0.024544 0.000000
    outer loop
      vertex 72.376807 110.323609 -5.000000
      vertex 72.375000 110.250000 -5.000000
      vertex 72.375000 110.250000 -4.500000
    endloop
  endfacet
  facet normal -0.999699 0.024544 0.000000
    outer loop
      vertex 72.376807 110.323609 -5.000000
      vertex 72.375000 110.250000 -4.500000
      vertex 72.376807 110.323609 -4.500000
    endloop
  endfacet
  facet normal 0.000000 1.000000 0.000000
    outer loop
      vertex 73.875000 111.750000 -5.000000
      vertex 73.875000 111.750000 -4.500000
      vertex 76.250000 111.750000 -4.500000
    endloop
  endfacet
  facet normal 0.000000 1.000000 0.000000
    outer loop
      vertex 76.250000 111.750000 -5.000000
      vertex 73.875000 111.750000 -5.000000
      vertex 76.250000 111.750000 -4.500000
    endloop
  endfacet
  facet normal -0.000000 1.000000 0.000000
    outer loop
      vertex 76.250000 111.750000 -5.000000
      vertex 76.250000 111.750000 -4.500000
      vertex 78.625000 111.750000 -4.500000
    endloop
  endfacet
  facet normal -0.000000 1.000000 0.000000
    outer loop
      vertex 78.625000 111.750000 -4.500000
      vertex 78.625000 111.750000 -5.000000
      vertex 76.250000 111.750000 -5.000000
    endloop
  endfacet
  facet normal 0.999699 0.024544 0.000000
    outer loop
      vertex 80.123193 110.323609 -4.500000
      vertex 80.125000 110.250000 -4.500000
      vertex 80.125000 110.250000 -5.000000
    endloop
  endfacet
  facet normal 0.999699 0.024544 0.000000
    outer loop
      vertex 80.123193 110.323609 -4.500000
      vertex 80.125000 110.250000 -5.000000
      vertex 80.123193 110.323609 -5.000000
    endloop
  endfacet
  facet normal 0.997290 0.073569 0.000000
    outer loop
      vertex 80.123193 110.323609 -5.000000
      vertex 80.117777 110.397031 -5.000000
      vertex 80.123193 110.323609 -4.500000
    endloop
  endfacet
  facet normal 0.997290 0.073569 0.000000
    outer loop
      vertex 80.117777 110.397031 -5.000000
      vertex 80.117777 110.397031 -4.500000
      vertex 80.123193 110.323609 -4.500000
    endloop
  endfacet
  facet normal 0.992479 0.122413 0.000000
    outer loop
      vertex 80.117777 110.397031 -5.000000
      vertex 80.108765 110.470096 -5.000000
      vertex 80.117777 110.397031 -4.500000
    endloop
  endfacet
  facet normal 0.992479 0.122413 0.000000
    outer loop
      vertex 80.108765 110.470096 -5.000000
      vertex 80.108765 110.470096 -4.500000
      vertex 80.117777 110.397031 -4.500000
    endloop
  endfacet
  facet normal 0.985277 0.170963 0.000000
    outer loop
      vertex 80.108765 110.470096 -5.000000
      vertex 80.096178 110.542637 -5.000000
      vertex 80.108765 110.470096 -4.500000
    endloop
  endfacet
  facet normal 0.985277 0.170963 0.000000
    outer loop
      vertex 80.096178 110.542637 -5.000000
      vertex 80.096178 110.542637 -4.500000
      vertex 80.108765 110.470096 -4.500000
    endloop
  endfacet
  facet normal 0.975702 0.219103 0.000000
    outer loop
      vertex 80.096178 110.542637 -5.000000
      vertex 80.080046 110.614474 -5.000000
      vertex 80.096178 110.542637 -4.500000
    endloop
  endfacet
  facet normal 0.975702 0.219103 0.000000
    outer loop
      vertex 80.080046 110.614474 -5.000000
      vertex 80.080046 110.614474 -4.500000
      vertex 80.096178 110.542637 -4.500000
    endloop
  endfacet
  facet normal 0.963775 0.266715 0.000000
    outer loop
      vertex 80.080046 110.614474 -5.000000
      vertex 80.060409 110.685431 -5.000000
      vertex 80.080046 110.614474 -4.500000
    endloop
  endfacet
  facet normal 0.963775 0.266715 0.000000
    outer loop
      vertex 80.060409 110.685431 -5.000000
      vertex 80.060409 110.685431 -4.500000
      vertex 80.080046 110.614474 -4.500000
    endloop
  endfacet
  facet normal 0.949527 0.313684 0.000000
    outer loop
      vertex 80.060409 110.685431 -5.000000
      vertex 80.037315 110.755338 -5.000000
      vertex 80.060409 110.685431 -4.500000
    endloop
  endfacet
  facet normal 0.949527 0.313684 0.000000
    outer loop
      vertex 80.037315 110.755338 -5.000000
      vertex 80.037315 110.755338 -4.500000
      vertex 80.060409 110.685431 -4.500000
    endloop
  endfacet
  facet normal 0.932992 0.359897 0.000000
    outer loop
      vertex 80.037315 110.755338 -5.000000
      vertex 80.010818 110.824028 -5.000000
      vertex 80.037315 110.755338 -4.500000
    endloop
  endfacet
  facet normal 0.932992 0.359897 0.000000
    outer loop
      vertex 80.010818 110.824028 -5.000000
      vertex 80.010818 110.824028 -4.500000
      vertex 80.037315 110.755338 -4.500000
    endloop
  endfacet
  facet normal 0.914209 0.405243 0.000000
    outer loop
      vertex 80.010818 110.824028 -5.000000
      vertex 79.980983 110.891334 -5.000000
      vertex 80.010818 110.824028 -4.500000
    endloop
  endfacet
  facet normal 0.914209 0.405243 0.000000
    outer loop
      vertex 79.980983 110.891334 -5.000000
      vertex 79.980983 110.891334 -4.500000
      vertex 80.010818 110.824028 -4.500000
    endloop
  endfacet
  facet normal 0.893224 0.449612 0.000000
    outer loop
      vertex 79.980983 110.891334 -5.000000
      vertex 79.947882 110.957096 -5.000000
      vertex 79.980983 110.891334 -4.500000
    endloop
  endfacet
  facet normal 0.893224 0.449612 0.000000
    outer loop
      vertex 79.947882 110.957096 -5.000000
      vertex 79.947882 110.957096 -4.500000
      vertex 79.980983 110.891334 -4.500000
    endloop
  endfacet
  facet normal 0.870087 0.492898 0.000000
    outer loop
      vertex 79.947882 110.957096 -5.000000
      vertex 79.911593 111.021154 -5.000000
      vertex 79.947882 110.957096 -4.500000
    endloop
  endfacet
  facet normal 0.870087 0.492898 0.000000
    outer loop
      vertex 79.911593 111.021154 -5.000000
      vertex 79.911593 111.021154 -4.500000
      vertex 79.947882 110.957096 -4.500000
    endloop
  endfacet
  facet normal 0.844853 0.534998 0.000000
    outer loop
      vertex 79.911593 111.021154 -5.000000
      vertex 79.872204 111.083356 -5.000000
      vertex 79.911593 111.021154 -4.500000
    endloop
  endfacet
  facet normal 0.844853 0.534998 0.000000
    outer loop
      vertex 79.872204 111.083356 -5.000000
      vertex 79.872204 111.083356 -4.500000
      vertex 79.911593 111.021154 -4.500000
    endloop
  endfacet
  facet normal 0.817584 0.575809 0.000000
    outer loop
      vertex 79.872204 111.083356 -5.000000
      vertex 79.829810 111.143550 -5.000000
      vertex 79.872204 111.083356 -4.500000
    endloop
  endfacet
  facet normal 0.817584 0.575809 0.000000
    outer loop
      vertex 79.829810 111.143550 -5.000000
      vertex 79.829810 111.143550 -4.500000
      vertex 79.872204 111.083356 -4.500000
    endloop
  endfacet
  facet normal 0.788346 0.615232 0.000000
    outer loop
      vertex 79.829810 111.143550 -5.000000
      vertex 79.784515 111.201591 -5.000000
      vertex 79.829810 111.143550 -4.500000
    endloop
  endfacet
  facet normal 0.788346 0.615232 0.000000
    outer loop
      vertex 79.784515 111.201591 -5.000000
      vertex 79.784515 111.201591 -4.500000
      vertex 79.829810 111.143550 -4.500000
    endloop
  endfacet
  facet normal 0.757209 0.653173 0.000000
    outer loop
      vertex 79.784515 111.201591 -5.000000
      vertex 79.736427 111.257339 -5.000000
      vertex 79.784515 111.201591 -4.500000
    endloop
  endfacet
  facet normal 0.757209 0.653173 0.000000
    outer loop
      vertex 79.736427 111.257339 -5.000000
      vertex 79.736427 111.257339 -4.500000
      vertex 79.784515 111.201591 -4.500000
    endloop
  endfacet
  facet normal 0.724247 0.689541 0.000000
    outer loop
      vertex 79.736427 111.257339 -5.000000
      vertex 79.685660 111.310660 -5.000000
      vertex 79.736427 111.257339 -4.500000
    endloop
  endfacet
  facet normal 0.724247 0.689541 0.000000
    outer loop
      vertex 79.685660 111.310660 -5.000000
      vertex 79.685660 111.310660 -4.500000
      vertex 79.736427 111.257339 -4.500000
    endloop
  endfacet
  facet normal 0.689541 0.724247 0.000000
    outer loop
      vertex 79.685660 111.310660 -5.000000
      vertex 79.632339 111.361427 -5.000000
      vertex 79.685660 111.310660 -4.500000
    endloop
  endfacet
  facet normal 0.689541 0.724247 0.000000
    outer loop
      vertex 79.632339 111.361427 -5.000000
      vertex 79.632339 111.361427 -4.500000
      vertex 79.685660 111.310660 -4.500000
    endloop
  endfacet
  facet normal 0.653173 0.757209 0.000000
    outer loop
      vertex 79.632339 111.361427 -5.000000
      vertex 79.576591 111.409515 -5.000000
      vertex 79.632339 111.361427 -4.500000
    endloop
  endfacet
  facet normal 0.653173 0.757209 0.000000
    outer loop
      vertex 79.576591 111.409515 -5.000000
      vertex 79.576591 111.409515 -4.500000
      vertex 79.632339 111.361427 -4.500000
    endloop
  endfacet
  facet normal 0.615232 0.788346 0.000000
    outer loop
      vertex 79.576591 111.409515 -5.000000
      vertex 79.518550 111.454810 -5.000000
      vertex 79.576591 111.409515 -4.500000
    endloop
  endfacet
  facet normal 0.615232 0.788346 0.000000
    outer loop
      vertex 79.518550 111.454810 -5.000000
      vertex 79.518550 111.454810 -4.500000
      vertex 79.576591 111.409515 -4.500000
    endloop
  endfacet
  facet normal 0.575809 0.817584 0.000000
    outer loop
      vertex 79.518550 111.454810 -5.000000
      vertex 79.458356 111.497204 -5.000000
      vertex 79.518550 111.454810 -4.500000
    endloop
  endfacet
  facet normal 0.575809 0.817584 0.000000
    outer loop
      vertex 79.458356 111.497204 -5.000000
      vertex 79.458356 111.497204 -4.500000
      vertex 79.518550 111.454810 -4.500000
    endloop
  endfacet
  facet normal 0.534998 0.844853 0.000000
    outer loop
      vertex 79.458356 111.497204 -5.000000
      vertex 79.396154 111.536593 -5.000000
      vertex 79.458356 111.497204 -4.500000
    endloop
  endfacet
  facet normal 0.534998 0.844853 0.000000
    outer loop
      vertex 79.396154 111.536593 -5.000000
      vertex 79.396154 111.536593 -4.500000
      vertex 79.458356 111.497204 -4.500000
    endloop
  endfacet
  facet normal 0.492898 0.870087 0.000000
    outer loop
      vertex 79.396154 111.536593 -5.000000
      vertex 79.332096 111.572882 -5.000000
      vertex 79.396154 111.536593 -4.500000
    endloop
  endfacet
  facet normal 0.492898 0.870087 0.000000
    outer loop
      vertex 79.332096 111.572882 -5.000000
      vertex 79.332096 111.572882 -4.500000
      vertex 79.396154 111.536593 -4.500000
    endloop
  endfacet
  facet normal 0.449612 0.893224 0.000000
    outer loop
      vertex 79.332096 111.572882 -5.000000
      vertex 79.266334 111.605983 -5.000000
      vertex 79.332096 111.572882 -4.500000
    endloop
  endfacet
  facet normal 0.449612 0.893224 0.000000
    outer loop
      vertex 79.266334 111.605983 -5.000000
      vertex 79.266334 111.605983 -4.500000
      vertex 79.332096 111.572882 -4.500000
    endloop
  endfacet
  facet normal 0.405243 0.914209 0.000000
    outer loop
      vertex 79.266334 111.605983 -5.000000
      vertex 79.199028 111.635818 -5.000000
      vertex 79.266334 111.605983 -4.500000
    endloop
  endfacet
  facet normal 0.405243 0.914209 0.000000
    outer loop
      vertex 79.199028 111.635818 -5.000000
      vertex 79.199028 111.635818 -4.500000
      vertex 79.266334 111.605983 -4.500000
    endloop
  endfacet
  facet normal 0.359897 0.932992 0.000000
    outer loop
      vertex 79.199028 111.635818 -5.000000
      vertex 79.130338 111.662315 -5.000000
      vertex 79.199028 111.635818 -4.500000
    endloop
  endfacet
  facet normal 0.359897 0.932992 0.000000
    outer loop
      vertex 79.130338 111.662315 -5.000000
      vertex 79.130338 111.662315 -4.500000
      vertex 79.199028 111.635818 -4.500000
    endloop
  endfacet
  facet normal 0.313684 0.949527 0.000000
    outer loop
      vertex 79.130338 111.662315 -5.000000
      vertex 79.060431 111.685409 -5.000000
      vertex 79.130338 111.662315 -4.500000
    endloop
  endfacet
  facet normal 0.313684 0.949527 0.000000
    outer loop
      vertex 79.060431 111.685409 -5.000000
      vertex 79.060431 111.685409 -4.500000
      vertex 79.130338 111.662315 -4.500000
    endloop
  endfacet
  facet normal 0.266715 0.963775 0.000000
    outer loop
      vertex 79.060431 111.685409 -5.000000
      vertex 78.989474 111.705046 -5.000000
      vertex 79.060431 111.685409 -4.500000
    endloop
  endfacet
  facet normal 0.266715 0.963775 0.000000
    outer loop
      vertex 78.989474 111.705046 -5.000000
      vertex 78.989474 111.705046 -4.500000
      vertex 79.060431 111.685409 -4.500000
    endloop
  endfacet
  facet normal 0.219103 0.975702 0.000000
    outer loop
      vertex 78.989474 111.705046 -5.000000
      vertex 78.917637 111.721178 -5.000000
      vertex 78.989474 111.705046 -4.500000
    endloop
  endfacet
  facet normal 0.219103 0.975702 0.000000
    outer loop
      vertex 78.917637 111.721178 -5.000000
      vertex 78.917637 111.721178 -4.500000
      vertex 78.989474 111.705046 -4.500000
    endloop
  endfacet
  facet normal 0.170963 0.985277 0.000000
    outer loop
      vertex 78.917637 111.721178 -5.000000
      vertex 78.845096 111.733765 -5.000000
      vertex 78.917637 111.721178 -4.500000
    endloop
  endfacet
  facet normal 0.170963 0.985277 0.000000
    outer loop
      vertex 78.845096 111.733765 -5.000000
      vertex 78.845096 111.733765 -4.500000
      vertex 78.917637 111.721178 -4.500000
    endloop
  endfacet
  facet normal 0.122413 0.992479 0.000000
    outer loop
      vertex 78.845096 111.733765 -5.000000
      vertex 78.772031 111.742777 -5.000000
      vertex 78.845096 111.733765 -4.500000
    endloop
  endfacet
  facet normal 0.122413 0.992479 0.000000
    outer loop
      vertex 78.772031 111.742777 -5.000000
      vertex 78.772031 111.742777 -4.500000
      vertex 78.845096 111.733765 -4.500000
    endloop
  endfacet
  facet normal 0.073569 0.997290 0.000000
    outer loop
      vertex 78.772031 111.742777 -5.000000
      vertex 78.698609 111.748193 -5.000000
      vertex 78.772031 111.742777 -4.500000
    endloop
  endfacet
  facet normal 0.073569 0.997290 0.000000
    outer loop
      vertex 78.698609 111.748193 -5.000000
      vertex 78.698609 111.748193 -4.500000
      vertex 78.772031 111.742777 -4.500000
    endloop
  endfacet
  facet normal 0.024544 0.999699 0.000000
    outer loop
      vertex 78.698609 111.748193 -5.000000
      vertex 78.625000 111.750000 -5.000000
      vertex 78.698609 111.748193 -4.500000
    endloop
  endfacet
  facet normal 0.024544 0.999699 0.000000
    outer loop
      vertex 78.625000 111.750000 -5.000000
      vertex 78.625000 111.750000 -4.500000
      vertex 78.698609 111.748193 -4.500000
    endloop
  endfacet
  facet normal 1.000000 -0.000000 0.000000
    outer loop
      vertex 80.125000 110.250000 -5.000000
      vertex 80.125000 110.250000 -4.500000
      vertex 80.125000 108.750000 -5.000000
    endloop
  endfacet
  facet normal 1.000000 -0.000000 0.000000
    outer loop
      vertex 80.125000 110.250000 -4.500000
      vertex 80.125000 108.750000 -4.500000
      vertex 80.125000 108.750000 -5.000000
    endloop
  endfacet
  facet normal 0.024544 -0.999699 -0.000000
    outer loop
      vertex 78.698609 107.251807 -4.500000
      vertex 78.625000 107.250000 -4.500000
      vertex 78.698609 107.251807 -5.000000
    endloop
  endfacet
  facet normal 0.024544 -0.999699 -0.000000
    outer loop
      vertex 78.625000 107.250000 -4.500000
      vertex 78.625000 107.250000 -5.000000
      vertex 78.698609 107.251807 -5.000000
    endloop
  endfacet
  facet normal 0.073569 -0.997290 -0.000000
    outer loop
      vertex 78.698609 107.251807 -5.000000
      vertex 78.772031 107.257223 -5.000000
      vertex 78.772031 107.257223 -4.500000
    endloop
  endfacet
  facet normal 0.073569 -0.997290 -0.000000
    outer loop
      vertex 78.698609 107.251807 -5.000000
      vertex 78.772031 107.257223 -4.500000
      vertex 78.698609 107.251807 -4.500000
    endloop
  endfacet
  facet normal 0.122413 -0.992479 -0.000000
    outer loop
      vertex 78.772031 107.257223 -5.000000
      vertex 78.845096 107.266235 -5.000000
      vertex 78.845096 107.266235 -4.500000
    endloop
  endfacet
  facet normal 0.122413 -0.992479 -0.000000
    outer loop
      vertex 78.772031 107.257223 -5.000000
      vertex 78.845096 107.266235 -4.500000
      vertex 78.772031 107.257223 -4.500000
    endloop
  endfacet
  facet normal 0.170963 -0.985277 -0.000000
    outer loop
      vertex 78.845096 107.266235 -5.000000
      vertex 78.917637 107.278822 -5.000000
      vertex 78.917637 107.278822 -4.500000
    endloop
  endfacet
  facet normal 0.170963 -0.985277 -0.000000
    outer loop
      vertex 78.845096 107.266235 -5.000000
      vertex 78.917637 107.278822 -4.500000
      vertex 78.845096 107.266235 -4.500000
    endloop
  endfacet
  facet normal 0.219103 -0.975702 -0.000000
    outer loop
      vertex 78.917637 107.278822 -5.000000
      vertex 78.989474 107.294954 -5.000000
      vertex 78.989474 107.294954 -4.500000
    endloop
  endfacet
  facet normal 0.219103 -0.975702 -0.000000
    outer loop
      vertex 78.917637 107.278822 -5.000000
      vertex 78.989474 107.294954 -4.500000
      vertex 78.917637 107.278822 -4.500000
    endloop
  endfacet
  facet normal 0.266715 -0.963775 -0.000000
    outer loop
      vertex 78.989474 107.294954 -5.000000
      vertex 79.060431 107.314591 -5.000000
      vertex 79.060431 107.314591 -4.500000
    endloop
  endfacet
  facet normal 0.266715 -0.963775 -0.000000
    outer loop
      vertex 78.989474 107.294954 -5.000000
      vertex 79.060431 107.314591 -4.500000
      vertex 78.989474 107.294954 -4.500000
    endloop
  endfacet
  facet normal 0.313684 -0.949527 -0.000000
    outer loop
      vertex 79.060431 107.314591 -5.000000
      vertex 79.130338 107.337685 -5.000000
      vertex 79.130338 107.337685 -4.500000
    endloop
  endfacet
  facet normal 0.313684 -0.949527 -0.000000
    outer loop
      vertex 79.060431 107.314591 -5.000000
      vertex 79.130338 107.337685 -4.500000
      vertex 79.060431 107.314591 -4.500000
    endloop
  endfacet
  facet normal 0.359897 -0.932992 -0.000000
    outer loop
      vertex 79.130338 107.337685 -5.000000
      vertex 79.199028 107.364182 -5.000000
      vertex 79.199028 107.364182 -4.500000
    endloop
  endfacet
  facet normal 0.359897 -0.932992 -0.000000
    outer loop
      vertex 79.130338 107.337685 -5.000000
      vertex 79.199028 107.364182 -4.500000
      vertex 79.130338 107.337685 -4.500000
    endloop
  endfacet
  facet normal 0.405243 -0.914209 -0.000000
    outer loop
      vertex 79.199028 107.364182 -5.000000
      vertex 79.266334 107.394017 -5.000000
      vertex 79.266334 107.394017 -4.500000
    endloop
  endfacet
  facet normal 0.405243 -0.914209 -0.000000
    outer loop
      vertex 79.199028 107.364182 -5.000000
      vertex 79.266334 107.394017 -4.500000
      vertex 79.199028 107.364182 -4.500000
    endloop
  endfacet
  facet normal 0.449612 -0.893224 -0.000000
    outer loop
      vertex 79.266334 107.394017 -5.000000
      vertex 79.332096 107.427118 -5.000000
      vertex 79.332096 107.427118 -4.500000
    endloop
  endfacet
  facet normal 0.449612 -0.893224 -0.000000
    outer loop
      vertex 79.266334 107.394017 -5.000000
      vertex 79.332096 107.427118 -4.500000
      vertex 79.266334 107.394017 -4.500000
    endloop
  endfacet
  facet normal 0.492898 -0.870087 -0.000000
    outer loop
      vertex 79.332096 107.427118 -5.000000
      vertex 79.396154 107.463407 -5.000000
      vertex 79.396154 107.463407 -4.500000
    endloop
  endfacet
  facet normal 0.492898 -0.870087 -0.000000
    outer loop
      vertex 79.332096 107.427118 -5.000000
      vertex 79.396154 107.463407 -4.500000
      vertex 79.332096 107.427118 -4.500000
    endloop
  endfacet
  facet normal 0.534998 -0.844853 -0.000000
    outer loop
      vertex 79.396154 107.463407 -5.000000
      vertex 79.458356 107.502796 -5.000000
      vertex 79.458356 107.502796 -4.500000
    endloop
  endfacet
  facet normal 0.534998 -0.844853 -0.000000
    outer loop
      vertex 79.396154 107.463407 -5.000000
      vertex 79.458356 107.502796 -4.500000
      vertex 79.396154 107.463407 -4.500000
    endloop
  endfacet
  facet normal 0.575809 -0.817584 -0.000000
    outer loop
      vertex 79.458356 107.502796 -5.000000
      vertex 79.518550 107.545190 -5.000000
      vertex 79.518550 107.545190 -4.500000
    endloop
  endfacet
  facet normal 0.575809 -0.817584 -0.000000
    outer loop
      vertex 79.458356 107.502796 -5.000000
      vertex 79.518550 107.545190 -4.500000
      vertex 79.458356 107.502796 -4.500000
    endloop
  endfacet
  facet normal 0.615232 -0.788346 -0.000000
    outer loop
      vertex 79.518550 107.545190 -5.000000
      vertex 79.576591 107.590485 -5.000000
      vertex 79.576591 107.590485 -4.500000
    endloop
  endfacet
  facet normal 0.615232 -0.788346 -0.000000
    outer loop
      vertex 79.518550 107.545190 -5.000000
      vertex 79.576591 107.590485 -4.500000
      vertex 79.518550 107.545190 -4.500000
    endloop
  endfacet
  facet normal 0.653173 -0.757209 -0.000000
    outer loop
      vertex 79.576591 107.590485 -5.000000
      vertex 79.632339 107.638573 -5.000000
      vertex 79.632339 107.638573 -4.500000
    endloop
  endfacet
  facet normal 0.653173 -0.757209 -0.000000
    outer loop
      vertex 79.576591 107.590485 -5.000000
      vertex 79.632339 107.638573 -4.500000
      vertex 79.576591 107.590485 -4.500000
    endloop
  endfacet
  facet normal 0.689541 -0.724247 -0.000000
    outer loop
      vertex 79.632339 107.638573 -5.000000
      vertex 79.685660 107.689340 -5.000000
      vertex 79.685660 107.689340 -4.500000
    endloop
  endfacet
  facet normal 0.689541 -0.724247 -0.000000
    outer loop
      vertex 79.632339 107.638573 -5.000000
      vertex 79.685660 107.689340 -4.500000
      vertex 79.632339 107.638573 -4.500000
    endloop
  endfacet
  facet normal 0.724247 -0.689541 -0.000000
    outer loop
      vertex 79.685660 107.689340 -5.000000
      vertex 79.736427 107.742661 -5.000000
      vertex 79.736427 107.742661 -4.500000
    endloop
  endfacet
  facet normal 0.724247 -0.689541 -0.000000
    outer loop
      vertex 79.685660 107.689340 -5.000000
      vertex 79.736427 107.742661 -4.500000
      vertex 79.685660 107.689340 -4.500000
    endloop
  endfacet
  facet normal 0.757209 -0.653173 -0.000000
    outer loop
      vertex 79.736427 107.742661 -5.000000
      vertex 79.784515 107.798409 -5.000000
      vertex 79.784515 107.798409 -4.500000
    endloop
  endfacet
  facet normal 0.757209 -0.653173 -0.000000
    outer loop
      vertex 79.736427 107.742661 -5.000000
      vertex 79.784515 107.798409 -4.500000
      vertex 79.736427 107.742661 -4.500000
    endloop
  endfacet
  facet normal 0.788346 -0.615232 -0.000000
    outer loop
      vertex 79.784515 107.798409 -5.000000
      vertex 79.829810 107.856450 -5.000000
      vertex 79.829810 107.856450 -4.500000
    endloop
  endfacet
  facet normal 0.788346 -0.615232 -0.000000
    outer loop
      vertex 79.784515 107.798409 -5.000000
      vertex 79.829810 107.856450 -4.500000
      vertex 79.784515 107.798409 -4.500000
    endloop
  endfacet
  facet normal 0.817584 -0.575809 -0.000000
    outer loop
      vertex 79.829810 107.856450 -5.000000
      vertex 79.872204 107.916644 -5.000000
      vertex 79.872204 107.916644 -4.500000
    endloop
  endfacet
  facet normal 0.817584 -0.575809 -0.000000
    outer loop
      vertex 79.829810 107.856450 -5.000000
      vertex 79.872204 107.916644 -4.500000
      vertex 79.829810 107.856450 -4.500000
    endloop
  endfacet
  facet normal 0.844853 -0.534998 -0.000000
    outer loop
      vertex 79.872204 107.916644 -5.000000
      vertex 79.911593 107.978846 -5.000000
      vertex 79.911593 107.978846 -4.500000
    endloop
  endfacet
  facet normal 0.844853 -0.534998 -0.000000
    outer loop
      vertex 79.872204 107.916644 -5.000000
      vertex 79.911593 107.978846 -4.500000
      vertex 79.872204 107.916644 -4.500000
    endloop
  endfacet
  facet normal 0.870087 -0.492898 -0.000000
    outer loop
      vertex 79.911593 107.978846 -5.000000
      vertex 79.947882 108.042904 -5.000000
      vertex 79.947882 108.042904 -4.500000
    endloop
  endfacet
  facet normal 0.870087 -0.492898 -0.000000
    outer loop
      vertex 79.911593 107.978846 -5.000000
      vertex 79.947882 108.042904 -4.500000
      vertex 79.911593 107.978846 -4.500000
    endloop
  endfacet
  facet normal 0.893224 -0.449612 -0.000000
    outer loop
      vertex 79.947882 108.042904 -5.000000
      vertex 79.980983 108.108666 -5.000000
      vertex 79.980983 108.108666 -4.500000
    endloop
  endfacet
  facet normal 0.893224 -0.449612 -0.000000
    outer loop
      vertex 79.947882 108.042904 -5.000000
      vertex 79.980983 108.108666 -4.500000
      vertex 79.947882 108.042904 -4.500000
    endloop
  endfacet
  facet normal 0.914209 -0.405243 -0.000000
    outer loop
      vertex 79.980983 108.108666 -5.000000
      vertex 80.010818 108.175972 -5.000000
      vertex 80.010818 108.175972 -4.500000
    endloop
  endfacet
  facet normal 0.914209 -0.405243 -0.000000
    outer loop
      vertex 79.980983 108.108666 -5.000000
      vertex 80.010818 108.175972 -4.500000
      vertex 79.980983 108.108666 -4.500000
    endloop
  endfacet
  facet normal 0.932992 -0.359897 -0.000000
    outer loop
      vertex 80.010818 108.175972 -5.000000
      vertex 80.037315 108.244662 -5.000000
      vertex 80.037315 108.244662 -4.500000
    endloop
  endfacet
  facet normal 0.932992 -0.359897 -0.000000
    outer loop
      vertex 80.010818 108.175972 -5.000000
      vertex 80.037315 108.244662 -4.500000
      vertex 80.010818 108.175972 -4.500000
    endloop
  endfacet
  facet normal 0.949527 -0.313684 -0.000000
    outer loop
      vertex 80.037315 108.244662 -5.000000
      vertex 80.060409 108.314569 -5.000000
      vertex 80.060409 108.314569 -4.500000
    endloop
  endfacet
  facet normal 0.949527 -0.313684 -0.000000
    outer loop
      vertex 80.037315 108.244662 -5.000000
      vertex 80.060409 108.314569 -4.500000
      vertex 80.037315 108.244662 -4.500000
    endloop
  endfacet
  facet normal 0.963775 -0.266715 0.000000
    outer loop
      vertex 80.060409 108.314569 -5.000000
      vertex 80.080046 108.385526 -5.000000
      vertex 80.080046 108.385526 -4.500000
    endloop
  endfacet
  facet normal 0.963775 -0.266715 -0.000000
    outer loop
      vertex 80.060409 108.314569 -5.000000
      vertex 80.080046 108.385526 -4.500000
      vertex 80.060409 108.314569 -4.500000
    endloop
  endfacet
  facet normal 0.975702 -0.219103 -0.000000
    outer loop
      vertex 80.080046 108.385526 -5.000000
      vertex 80.096178 108.457363 -5.000000
      vertex 80.096178 108.457363 -4.500000
    endloop
  endfacet
  facet normal 0.975702 -0.219103 0.000000
    outer loop
      vertex 80.080046 108.385526 -5.000000
      vertex 80.096178 108.457363 -4.500000
      vertex 80.080046 108.385526 -4.500000
    endloop
  endfacet
  facet normal 0.985277 -0.170963 0.000000
    outer loop
      vertex 80.096178 108.457363 -5.000000
      vertex 80.108765 108.529904 -5.000000
      vertex 80.108765 108.529904 -4.500000
    endloop
  endfacet
  facet normal 0.985277 -0.170963 -0.000000
    outer loop
      vertex 80.096178 108.457363 -5.000000
      vertex 80.108765 108.529904 -4.500000
      vertex 80.096178 108.457363 -4.500000
    endloop
  endfacet
  facet normal 0.992479 -0.122413 0.000000
    outer loop
      vertex 80.108765 108.529904 -5.000000
      vertex 80.117777 108.602969 -5.000000
      vertex 80.108765 108.529904 -4.500000
    endloop
  endfacet
  facet normal 0.992479 -0.122413 -0.000000
    outer loop
      vertex 80.117777 108.602969 -5.000000
      vertex 80.117777 108.602969 -4.500000
      vertex 80.108765 108.529904 -4.500000
    endloop
  endfacet
  facet normal 0.997290 -0.073569 -0.000000
    outer loop
      vertex 80.117777 108.602969 -5.000000
      vertex 80.123193 108.676391 -5.000000
      vertex 80.117777 108.602969 -4.500000
    endloop
  endfacet
  facet normal 0.997290 -0.073569 0.000000
    outer loop
      vertex 80.123193 108.676391 -5.000000
      vertex 80.123193 108.676391 -4.500000
      vertex 80.117777 108.602969 -4.500000
    endloop
  endfacet
  facet normal 0.999699 -0.024544 0.000000
    outer loop
      vertex 80.123193 108.676391 -5.000000
      vertex 80.125000 108.750000 -5.000000
      vertex 80.123193 108.676391 -4.500000
    endloop
  endfacet
  facet normal 0.999699 -0.024544 0.000000
    outer loop
      vertex 80.125000 108.750000 -5.000000
      vertex 80.125000 108.750000 -4.500000
      vertex 80.123193 108.676391 -4.500000
    endloop
  endfacet
  facet normal -0.000000 0.000000 -1.000000
    outer loop
      vertex 75.500000 108.000000 -5.000000
      vertex 76.250000 108.000000 -5.000000
      vertex 76.250000 107.250000 -5.000000
    endloop
  endfacet
  facet normal -0.000000 0.000000 -1.000000
    outer loop
      vertex 76.250000 111.750000 -5.000000
      vertex 76.250000 111.000000 -5.000000
      vertex 75.500000 111.000000 -5.000000
    endloop
  endfacet
  facet normal 0.000000 0.000000 -1.000000
    outer loop
      vertex 75.500000 108.000000 -5.000000
      vertex 76.250000 107.250000 -5.000000
      vertex 73.875000 107.250000 -5.000000
    endloop
  endfacet
  facet normal 0.000000 0.000000 -1.000000
    outer loop
      vertex 75.500000 108.750000 -5.000000
      vertex 75.500000 108.000000 -5.000000
      vertex 73.875000 107.250000 -5.000000
    endloop
  endfacet
  facet normal -0.000000 0.000000 -1.000000
    outer loop
      vertex 73.875000 111.750000 -5.000000
      vertex 76.250000 111.750000 -5.000000
      vertex 75.500000 111.000000 -5.000000
    endloop
  endfacet
  facet normal -0.000000 -0.000000 -1.000000
    outer loop
      vertex 73.875000 111.750000 -5.000000
      vertex 75.500000 111.000000 -5.000000
      vertex 75.500000 110.250000 -5.000000
    endloop
  endfacet
  facet normal 0.000000 0.000000 -1.000000
    outer loop
      vertex 75.500000 110.250000 -5.000000
      vertex 75.500000 108.750000 -5.000000
      vertex 73.875000 107.250000 -5.000000
    endloop
  endfacet
  facet normal 0.000000 0.000000 -1.000000
    outer loop
      vertex 73.875000 111.750000 -5.000000
      vertex 75.500000 110.250000 -5.000000
      vertex 73.875000 107.250000 -5.000000
    endloop
  endfacet
  facet normal 0.000000 -0.000000 -1.000000
    outer loop
      vertex 72.376807 110.323609 -5.000000
      vertex 72.382223 110.397031 -5.000000
      vertex 72.391235 110.470096 -5.000000
    endloop
  endfacet
  facet normal -0.000000 0.000000 -1.000000
    outer loop
      vertex 72.391235 108.529904 -5.000000
      vertex 72.382223 108.602969 -5.000000
      vertex 72.376807 108.676391 -5.000000
    endloop
  endfacet
  facet normal 0.000000 -0.000000 -1.000000
    outer loop
      vertex 73.654904 111.733765 -5.000000
      vertex 73.727969 111.742777 -5.000000
      vertex 73.801391 111.748193 -5.000000
    endloop
  endfacet
  facet normal -0.000000 0.000000 -1.000000
    outer loop
      vertex 73.801391 107.251807 -5.000000
      vertex 73.727969 107.257223 -5.000000
      vertex 73.654904 107.266235 -5.000000
    endloop
  endfacet
  facet normal 0.000000 -0.000000 -1.000000
    outer loop
      vertex 73.167904 111.572882 -5.000000
      vertex 73.233666 111.605983 -5.000000
      vertex 73.300972 111.635818 -5.000000
    endloop
  endfacet
  facet normal -0.000000 0.000000 -1.000000
    outer loop
      vertex 72.552118 108.042904 -5.000000
      vertex 72.519017 108.108666 -5.000000
      vertex 72.489182 108.175972 -5.000000
    endloop
  endfacet
  facet normal -0.000000 -0.000000 -1.000000
    outer loop
      vertex 72.489182 110.824028 -5.000000
      vertex 72.519017 110.891334 -5.000000
      vertex 72.552118 110.957096 -5.000000
    endloop
  endfacet
  facet normal -0.000000 0.000000 -1.000000
    outer loop
      vertex 73.300972 107.364182 -5.000000
      vertex 73.233666 107.394017 -5.000000
      vertex 73.167904 107.427118 -5.000000
    endloop
  endfacet
  facet normal -0.000000 0.000000 -1.000000
    outer loop
      vertex 72.981450 107.545190 -5.000000
      vertex 72.923409 107.590485 -5.000000
      vertex 72.867661 107.638573 -5.000000
    endloop
  endfacet
  facet normal 0.000000 0.000000 -1.000000
    outer loop
      vertex 72.763573 107.742661 -5.000000
      vertex 72.715485 107.798409 -5.000000
      vertex 72.670190 107.856450 -5.000000
    endloop
  endfacet
  facet normal 0.000000 -0.000000 -1.000000
    outer loop
      vertex 72.867661 111.361427 -5.000000
      vertex 72.923409 111.409515 -5.000000
      vertex 72.981450 111.454810 -5.000000
    endloop
  endfacet
  facet normal 0.000000 -0.000000 -1.000000
    outer loop
      vertex 72.670190 111.143550 -5.000000
      vertex 72.715485 111.201591 -5.000000
      vertex 72.763573 111.257339 -5.000000
    endloop
  endfacet
  facet normal 0.000000 0.000000 -1.000000
    outer loop
      vertex 73.300972 111.635818 -5.000000
      vertex 73.369662 111.662315 -5.000000
      vertex 73.439569 111.685409 -5.000000
    endloop
  endfacet
  facet normal -0.000000 -0.000000 -1.000000
    outer loop
      vertex 73.439569 107.314591 -5.000000
      vertex 73.369662 107.337685 -5.000000
      vertex 73.300972 107.364182 -5.000000
    endloop
  endfacet
  facet normal -0.000000 0.000000 -1.000000
    outer loop
      vertex 72.489182 108.175972 -5.000000
      vertex 72.462685 108.244662 -5.000000
      vertex 72.439591 108.314569 -5.000000
    endloop
  endfacet
  facet normal -0.000000 -0.000000 -1.000000
    outer loop
      vertex 72.439591 110.685431 -5.000000
      vertex 72.462685 110.755338 -5.000000
      vertex 72.489182 110.824028 -5.000000
    endloop
  endfacet
  facet normal -0.000000 0.000000 -1.000000
    outer loop
      vertex 72.763573 111.257339 -5.000000
      vertex 72.814340 111.310660 -5.000000
      vertex 72.867661 111.361427 -5.000000
    endloop
  endfacet
  facet normal -0.000000 0.000000 -1.000000
    outer loop
      vertex 72.867661 107.638573 -5.000000
      vertex 72.814340 107.689340 -5.000000
      vertex 72.763573 107.742661 -5.000000
    endloop
  endfacet
  facet normal -0.000000 -0.000000 -1.000000
    outer loop
      vertex 73.167904 107.427118 -5.000000
      vertex 73.103846 107.463407 -5.000000
      vertex 73.041644 107.502796 -5.000000
    endloop
  endfacet
  facet normal -0.000000 -0.000000 -1.000000
    outer loop
      vertex 72.552118 110.957096 -5.000000
      vertex 72.588407 111.021154 -5.000000
      vertex 72.627796 111.083356 -5.000000
    endloop
  endfacet
  facet normal -0.000000 0.000000 -1.000000
    outer loop
      vertex 72.627796 107.916644 -5.000000
      vertex 72.588407 107.978846 -5.000000
      vertex 72.552118 108.042904 -5.000000
    endloop
  endfacet
  facet normal 0.000000 0.000000 -1.000000
    outer loop
      vertex 73.041644 111.497204 -5.000000
      vertex 73.103846 111.536593 -5.000000
      vertex 73.167904 111.572882 -5.000000
    endloop
  endfacet
  facet normal 0.000000 -0.000000 -1.000000
    outer loop
      vertex 72.403822 110.542637 -5.000000
      vertex 72.419954 110.614474 -5.000000
      vertex 72.439591 110.685431 -5.000000
    endloop
  endfacet
  facet normal -0.000000 0.000000 -1.000000
    outer loop
      vertex 72.439591 108.314569 -5.000000
      vertex 72.419954 108.385526 -5.000000
      vertex 72.403822 108.457363 -5.000000
    endloop
  endfacet
  facet normal 0.000000 0.000000 -1.000000
    outer loop
      vertex 73.439569 111.685409 -5.000000
      vertex 73.510526 111.705046 -5.000000
      vertex 73.582363 111.721178 -5.000000
    endloop
  endfacet
  facet normal -0.000000 -0.000000 -1.000000
    outer loop
      vertex 73.582363 107.278822 -5.000000
      vertex 73.510526 107.294954 -5.000000
      vertex 73.439569 107.314591 -5.000000
    endloop
  endfacet
  facet normal -0.000000 0.000000 -1.000000
    outer loop
      vertex 73.801391 107.251807 -5.000000
      vertex 73.654904 107.266235 -5.000000
      vertex 73.582363 107.278822 -5.000000
    endloop
  endfacet
  facet normal -0.000000 0.000000 -1.000000
    outer loop
      vertex 72.403822 108.457363 -5.000000
      vertex 72.391235 108.529904 -5.000000
      vertex 72.376807 108.676391 -5.000000
    endloop
  endfacet
  facet normal 0.000000 -0.000000 -1.000000
    outer loop
      vertex 73.582363 111.721178 -5.000000
      vertex 73.654904 111.733765 -5.000000
      vertex 73.801391 111.748193 -5.000000
    endloop
  endfacet
  facet normal -0.000000 -0.000000 -1.000000
    outer loop
      vertex 72.376807 110.323609 -5.000000
      vertex 72.391235 110.470096 -5.000000
      vertex 72.403822 110.542637 -5.000000
    endloop
  endfacet
  facet normal -0.000000 0.000000 -1.000000
    outer loop
      vertex 72.763573 107.742661 -5.000000
      vertex 72.670190 107.856450 -5.000000
      vertex 72.627796 107.916644 -5.000000
    endloop
  endfacet
  facet normal -0.000000 0.000000 -1.000000
    outer loop
      vertex 72.867661 111.361427 -5.000000
      vertex 72.981450 111.454810 -5.000000
      vertex 73.041644 111.497204 -5.000000
    endloop
  endfacet
  facet normal -0.000000 0.000000 -1.000000
    outer loop
      vertex 73.041644 107.502796 -5.000000
      vertex 72.981450 107.545190 -5.000000
      vertex 72.867661 107.638573 -5.000000
    endloop
  endfacet
  facet normal -0.000000 0.000000 -1.000000
    outer loop
      vertex 72.627796 111.083356 -5.000000
      vertex 72.670190 111.143550 -5.000000
      vertex 72.763573 111.257339 -5.000000
    endloop
  endfacet
  facet normal -0.000000 -0.000000 -1.000000
    outer loop
      vertex 72.375000 110.250000 -5.000000
      vertex 72.376807 110.323609 -5.000000
      vertex 72.403822 110.542637 -5.000000
    endloop
  endfacet
  facet normal -0.000000 0.000000 -1.000000
    outer loop
      vertex 73.875000 107.250000 -5.000000
      vertex 73.801391 107.251807 -5.000000
      vertex 73.582363 107.278822 -5.000000
    endloop
  endfacet
  facet normal 0.000000 0.000000 -1.000000
    outer loop
      vertex 73.582363 111.721178 -5.000000
      vertex 73.801391 111.748193 -5.000000
      vertex 73.875000 111.750000 -5.000000
    endloop
  endfacet
  facet normal -0.000000 0.000000 -1.000000
    outer loop
      vertex 72.403822 108.457363 -5.000000
      vertex 72.376807 108.676391 -5.000000
      vertex 72.375000 108.750000 -5.000000
    endloop
  endfacet
  facet normal 0.000000 -0.000000 -1.000000
    outer loop
      vertex 73.167904 111.572882 -5.000000
      vertex 73.300972 111.635818 -5.000000
      vertex 73.439569 111.685409 -5.000000
    endloop
  endfacet
  facet normal -0.000000 0.000000 -1.000000
    outer loop
      vertex 72.552118 108.042904 -5.000000
      vertex 72.489182 108.175972 -5.000000
      vertex 72.439591 108.314569 -5.000000
    endloop
  endfacet
  facet normal -0.000000 0.000000 -1.000000
    outer loop
      vertex 73.439569 107.314591 -5.000000
      vertex 73.300972 107.364182 -5.000000
      vertex 73.167904 107.427118 -5.000000
    endloop
  endfacet
  facet normal -0.000000 -0.000000 -1.000000
    outer loop
      vertex 72.439591 110.685431 -5.000000
      vertex 72.489182 110.824028 -5.000000
      vertex 72.552118 110.957096 -5.000000
    endloop
  endfacet
  facet normal -0.000000 -0.000000 -1.000000
    outer loop
      vertex 72.763573 111.257339 -5.000000
      vertex 72.867661 111.361427 -5.000000
      vertex 73.041644 111.497204 -5.000000
    endloop
  endfacet
  facet normal -0.000000 0.000000 -1.000000
    outer loop
      vertex 72.867661 107.638573 -5.000000
      vertex 72.763573 107.742661 -5.000000
      vertex 72.627796 107.916644 -5.000000
    endloop
  endfacet
  facet normal -0.000000 0.000000 -1.000000
    outer loop
      vertex 73.167904 107.427118 -5.000000
      vertex 73.041644 107.502796 -5.000000
      vertex 72.867661 107.638573 -5.000000
    endloop
  endfacet
  facet normal 0.000000 -0.000000 -1.000000
    outer loop
      vertex 72.552118 110.957096 -5.000000
      vertex 72.627796 111.083356 -5.000000
      vertex 72.763573 111.257339 -5.000000
    endloop
  endfacet
  facet normal -0.000000 0.000000 -1.000000
    outer loop
      vertex 73.041644 111.497204 -5.000000
      vertex 73.167904 111.572882 -5.000000
      vertex 73.439569 111.685409 -5.000000
    endloop
  endfacet
  facet normal -0.000000 0.000000 -1.000000
    outer loop
      vertex 72.627796 107.916644 -5.000000
      vertex 72.552118 108.042904 -5.000000
      vertex 72.439591 108.314569 -5.000000
    endloop
  endfacet
  facet normal 0.000000 -0.000000 -1.000000
    outer loop
      vertex 72.403822 110.542637 -5.000000
      vertex 72.439591 110.685431 -5.000000
      vertex 72.552118 110.957096 -5.000000
    endloop
  endfacet
  facet normal -0.000000 0.000000 -1.000000
    outer loop
      vertex 73.582363 107.278822 -5.000000
      vertex 73.439569 107.314591 -5.000000
      vertex 73.167904 107.427118 -5.000000
    endloop
  endfacet
  facet normal 0.000000 0.000000 -1.000000
    outer loop
      vertex 73.439569 111.685409 -5.000000
      vertex 73.582363 111.721178 -5.000000
      vertex 73.875000 111.750000 -5.000000
    endloop
  endfacet
  facet normal -0.000000 0.000000 -1.000000
    outer loop
      vertex 72.439591 108.314569 -5.000000
      vertex 72.403822 108.457363 -5.000000
      vertex 72.375000 108.750000 -5.000000
    endloop
  endfacet
  facet normal 0.000000 -0.000000 -1.000000
    outer loop
      vertex 72.375000 110.250000 -5.000000
      vertex 72.403822 110.542637 -5.000000
      vertex 72.552118 110.957096 -5.000000
    endloop
  endfacet
  facet normal -0.000000 0.000000 -1.000000
    outer loop
      vertex 73.875000 107.250000 -5.000000
      vertex 73.582363 107.278822 -5.000000
      vertex 73.167904 107.427118 -5.000000
    endloop
  endfacet
  facet normal -0.000000 0.000000 -1.000000
    outer loop
      vertex 73.167904 107.427118 -5.000000
      vertex 72.867661 107.638573 -5.000000
      vertex 72.627796 107.916644 -5.000000
    endloop
  endfacet
  facet normal -0.000000 0.000000 -1.000000
    outer loop
      vertex 73.875000 107.250000 -5.000000
      vertex 73.167904 107.427118 -5.000000
      vertex 72.627796 107.916644 -5.000000
    endloop
  endfacet
  facet normal -0.000000 0.000000 -1.000000
    outer loop
      vertex 73.875000 111.750000 -5.000000
      vertex 73.875000 107.250000 -5.000000
      vertex 72.627796 107.916644 -5.000000
    endloop
  endfacet
  facet normal 0.000000 -0.000000 -1.000000
    outer loop
      vertex 72.552118 110.957096 -5.000000
      vertex 72.763573 111.257339 -5.000000
      vertex 73.041644 111.497204 -5.000000
    endloop
  endfacet
  facet normal 0.000000 -0.000000 -1.000000
    outer loop
      vertex 72.375000 110.250000 -5.000000
      vertex 72.552118 110.957096 -5.000000
      vertex 73.041644 111.497204 -5.000000
    endloop
  endfacet
  facet normal -0.000000 0.000000 -1.000000
    outer loop
      vertex 72.375000 108.750000 -5.000000
      vertex 72.375000 110.250000 -5.000000
      vertex 73.041644 111.497204 -5.000000
    endloop
  endfacet
  facet normal 0.000000 -0.000000 -1.000000
    outer loop
      vertex 73.041644 111.497204 -5.000000
      vertex 73.439569 111.685409 -5.000000
      vertex 73.875000 111.750000 -5.000000
    endloop
  endfacet
  facet normal -0.000000 0.000000 -1.000000
    outer loop
      vertex 72.375000 108.750000 -5.000000
      vertex 73.041644 111.497204 -5.000000
      vertex 73.875000 111.750000 -5.000000
    endloop
  endfacet
  facet normal -0.000000 0.000000 -1.000000
    outer loop
      vertex 72.627796 107.916644 -5.000000
      vertex 72.439591 108.314569 -5.000000
      vertex 72.375000 108.750000 -5.000000
    endloop
  endfacet
  facet normal -0.000000 0.000000 -1.000000
    outer loop
      vertex 72.627796 107.916644 -5.000000
      vertex 72.375000 108.750000 -5.000000
      vertex 73.875000 111.750000 -5.000000
    endloop
  endfacet
  facet normal 0.000000 0.000000 -1.000000
    outer loop
      vertex 76.250000 107.250000 -5.000000
      vertex 76.250000 108.000000 -5.000000
      vertex 77.000000 108.000000 -5.000000
    endloop
  endfacet
  facet normal 0.000000 0.000000 -1.000000
    outer loop
      vertex 77.000000 111.000000 -5.000000
      vertex 76.250000 111.000000 -5.000000
      vertex 76.250000 111.750000 -5.000000
    endloop
  endfacet
  facet normal 0.000000 0.000000 -1.000000
    outer loop
      vertex 78.625000 107.250000 -5.000000
      vertex 76.250000 107.250000 -5.000000
      vertex 77.000000 108.000000 -5.000000
    endloop
  endfacet
  facet normal -0.000000 -0.000000 -1.000000
    outer loop
      vertex 77.000000 111.000000 -5.000000
      vertex 76.250000 111.750000 -5.000000
      vertex 78.625000 111.750000 -5.000000
    endloop
  endfacet
  facet normal -0.000000 0.000000 -1.000000
    outer loop
      vertex 78.625000 107.250000 -5.000000
      vertex 77.000000 108.000000 -5.000000
      vertex 77.000000 111.000000 -5.000000
    endloop
  endfacet
  facet normal -0.000000 0.000000 -1.000000
    outer loop
      vertex 78.625000 107.250000 -5.000000
      vertex 77.000000 111.000000 -5.000000
      vertex 78.625000 111.750000 -5.000000
    endloop
  endfacet
  facet normal -0.000000 0.000000 -1.000000
    outer loop
      vertex 78.845096 107.266235 -5.000000
      vertex 78.772031 107.257223 -5.000000
      vertex 78.698609 107.251807 -5.000000
    endloop
  endfacet
  facet normal 0.000000 0.000000 -1.000000
    outer loop
      vertex 80.123193 108.676391 -5.000000
      vertex 80.117777 108.602969 -5.000000
      vertex 80.108765 108.529904 -5.000000
    endloop
  endfacet
  facet normal 0.000000 0.000000 -1.000000
    outer loop
      vertex 78.698609 111.748193 -5.000000
      vertex 78.772031 111.742777 -5.000000
      vertex 78.845096 111.733765 -5.000000
    endloop
  endfacet
  facet normal 0.000000 0.000000 -1.000000
    outer loop
      vertex 80.108765 110.470096 -5.000000
      vertex 80.117777 110.397031 -5.000000
      vertex 80.123193 110.323609 -5.000000
    endloop
  endfacet
  facet normal 0.000000 0.000000 -1.000000
    outer loop
      vertex 79.332096 107.427118 -5.000000
      vertex 79.266334 107.394017 -5.000000
      vertex 79.199028 107.364182 -5.000000
    endloop
  endfacet
  facet normal 0.000000 0.000000 -1.000000
    outer loop
      vertex 79.947882 110.957096 -5.000000
      vertex 79.980983 110.891334 -5.000000
      vertex 80.010818 110.824028 -5.000000
    endloop
  endfacet
  facet normal 0.000000 0.000000 -1.000000
    outer loop
      vertex 79.199028 111.635818 -5.000000
      vertex 79.266334 111.605983 -5.000000
      vertex 79.332096 111.572882 -5.000000
    endloop
  endfacet
  facet normal 0.000000 0.000000 -1.000000
    outer loop
      vertex 80.010818 108.175972 -5.000000
      vertex 79.980983 108.108666 -5.000000
      vertex 79.947882 108.042904 -5.000000
    endloop
  endfacet
  facet normal 0.000000 -0.000000 -1.000000
    outer loop
      vertex 79.632339 107.638573 -5.000000
      vertex 79.576591 107.590485 -5.000000
      vertex 79.518550 107.545190 -5.000000
    endloop
  endfacet
  facet normal -0.000000 0.000000 -1.000000
    outer loop
      vertex 79.829810 107.856450 -5.000000
      vertex 79.784515 107.798409 -5.000000
      vertex 79.736427 107.742661 -5.000000
    endloop
  endfacet
  facet normal 0.000000 0.000000 -1.000000
    outer loop
      vertex 79.518550 111.454810 -5.000000
      vertex 79.576591 111.409515 -5.000000
      vertex 79.632339 111.361427 -5.000000
    endloop
  endfacet
  facet normal 0.000000 0.000000 -1.000000
    outer loop
      vertex 79.736427 111.257339 -5.000000
      vertex 79.784515 111.201591 -5.000000
      vertex 79.829810 111.143550 -5.000000
    endloop
  endfacet
  facet normal 0.000000 0.000000 -1.000000
    outer loop
      vertex 80.060409 108.314569 -5.000000
      vertex 80.037315 108.244662 -5.000000
      vertex 80.010818 108.175972 -5.000000
    endloop
  endfacet
  facet normal 0.000000 -0.000000 -1.000000
    outer loop
      vertex 79.060431 111.685409 -5.000000
      vertex 79.130338 111.662315 -5.000000
      vertex 79.199028 111.635818 -5.000000
    endloop
  endfacet
  facet normal 0.000000 0.000000 -1.000000
    outer loop
      vertex 80.010818 110.824028 -5.000000
      vertex 80.037315 110.755338 -5.000000
      vertex 80.060409 110.685431 -5.000000
    endloop
  endfacet
  facet normal 0.000000 -0.000000 -1.000000
    outer loop
      vertex 79.199028 107.364182 -5.000000
      vertex 79.130338 107.337685 -5.000000
      vertex 79.060431 107.314591 -5.000000
    endloop
  endfacet
  facet normal 0.000000 0.000000 -1.000000
    outer loop
      vertex 79.736427 107.742661 -5.000000
      vertex 79.685660 107.689340 -5.000000
      vertex 79.632339 107.638573 -5.000000
    endloop
  endfacet
  facet normal 0.000000 0.000000 -1.000000
    outer loop
      vertex 79.632339 111.361427 -5.000000
      vertex 79.685660 111.310660 -5.000000
      vertex 79.736427 111.257339 -5.000000
    endloop
  endfacet
  facet normal 0.000000 0.000000 -1.000000
    outer loop
      vertex 79.332096 111.572882 -5.000000
      vertex 79.396154 111.536593 -5.000000
      vertex 79.458356 111.497204 -5.000000
    endloop
  endfacet
  facet normal 0.000000 0.000000 -1.000000
    outer loop
      vertex 79.872204 111.083356 -5.000000
      vertex 79.911593 111.021154 -5.000000
      vertex 79.947882 110.957096 -5.000000
    endloop
  endfacet
  facet normal 0.000000 0.000000 -1.000000
    outer loop
      vertex 79.947882 108.042904 -5.000000
      vertex 79.911593 107.978846 -5.000000
      vertex 79.872204 107.916644 -5.000000
    endloop
  endfacet
  facet normal -0.000000 0.000000 -1.000000
    outer loop
      vertex 79.458356 107.502796 -5.000000
      vertex 79.396154 107.463407 -5.000000
      vertex 79.332096 107.427118 -5.000000
    endloop
  endfacet
  facet normal -0.000000 0.000000 -1.000000
    outer loop
      vertex 80.096178 108.457363 -5.000000
      vertex 80.080046 108.385526 -5.000000
      vertex 80.060409 108.314569 -5.000000
    endloop
  endfacet
  facet normal 0.000000 0.000000 -1.000000
    outer loop
      vertex 80.060409 110.685431 -5.000000
      vertex 80.080046 110.614474 -5.000000
      vertex 80.096178 110.542637 -5.000000
    endloop
  endfacet
  facet normal 0.000000 -0.000000 -1.000000
    outer loop
      vertex 79.060431 107.314591 -5.000000
      vertex 78.989474 107.294954 -5.000000
      vertex 78.917637 107.278822 -5.000000
    endloop
  endfacet
  facet normal 0.000000 -0.000000 -1.000000
    outer loop
      vertex 78.917637 111.721178 -5.000000
      vertex 78.989474 111.705046 -5.000000
      vertex 79.060431 111.685409 -5.000000
    endloop
  endfacet
  facet normal 0.000000 -0.000000 -1.000000
    outer loop
      vertex 78.917637 107.278822 -5.000000
      vertex 78.845096 107.266235 -5.000000
      vertex 78.698609 107.251807 -5.000000
    endloop
  endfacet
  facet normal 0.000000 0.000000 -1.000000
    outer loop
      vertex 80.123193 108.676391 -5.000000
      vertex 80.108765 108.529904 -5.000000
      vertex 80.096178 108.457363 -5.000000
    endloop
  endfacet
  facet normal 0.000000 0.000000 -1.000000
    outer loop
      vertex 78.698609 111.748193 -5.000000
      vertex 78.845096 111.733765 -5.000000
      vertex 78.917637 111.721178 -5.000000
    endloop
  endfacet
  facet normal 0.000000 0.000000 -1.000000
    outer loop
      vertex 80.096178 110.542637 -5.000000
      vertex 80.108765 110.470096 -5.000000
      vertex 80.123193 110.323609 -5.000000
    endloop
  endfacet
  facet normal -0.000000 0.000000 -1.000000
    outer loop
      vertex 79.632339 107.638573 -5.000000
      vertex 79.518550 107.545190 -5.000000
      vertex 79.458356 107.502796 -5.000000
    endloop
  endfacet
  facet normal 0.000000 0.000000 -1.000000
    outer loop
      vertex 79.458356 111.497204 -5.000000
      vertex 79.518550 111.454810 -5.000000
      vertex 79.632339 111.361427 -5.000000
    endloop
  endfacet
  facet normal -0.000000 0.000000 -1.000000
    outer loop
      vertex 79.872204 107.916644 -5.000000
      vertex 79.829810 107.856450 -5.000000
      vertex 79.736427 107.742661 -5.000000
    endloop
  endfacet
  facet normal 0.000000 0.000000 -1.000000
    outer loop
      vertex 79.736427 111.257339 -5.000000
      vertex 79.829810 111.143550 -5.000000
      vertex 79.872204 111.083356 -5.000000
    endloop
  endfacet
  facet normal 0.000000 0.000000 -1.000000
    outer loop
      vertex 80.096178 110.542637 -5.000000
      vertex 80.123193 110.323609 -5.000000
      vertex 80.125000 110.250000 -5.000000
    endloop
  endfacet
  facet normal -0.000000 0.000000 -1.000000
    outer loop
      vertex 78.917637 107.278822 -5.000000
      vertex 78.698609 107.251807 -5.000000
      vertex 78.625000 107.250000 -5.000000
    endloop
  endfacet
  facet normal 0.000000 0.000000 -1.000000
    outer loop
      vertex 78.625000 111.750000 -5.000000
      vertex 78.698609 111.748193 -5.000000
      vertex 78.917637 111.721178 -5.000000
    endloop
  endfacet
  facet normal -0.000000 0.000000 -1.000000
    outer loop
      vertex 80.125000 108.750000 -5.000000
      vertex 80.123193 108.676391 -5.000000
      vertex 80.096178 108.457363 -5.000000
    endloop
  endfacet
  facet normal 0.000000 0.000000 -1.000000
    outer loop
      vertex 79.332096 107.427118 -5.000000
      vertex 79.199028 107.364182 -5.000000
      vertex 79.060431 107.314591 -5.000000
    endloop
  endfacet
  facet normal 0.000000 0.000000 -1.000000
    outer loop
      vertex 79.947882 110.957096 -5.000000
      vertex 80.010818 110.824028 -5.000000
      vertex 80.060409 110.685431 -5.000000
    endloop
  endfacet
  facet normal 0.000000 0.000000 -1.000000
    outer loop
      vertex 80.060409 108.314569 -5.000000
      vertex 80.010818 108.175972 -5.000000
      vertex 79.947882 108.042904 -5.000000
    endloop
  endfacet
  facet normal 0.000000 0.000000 -1.000000
    outer loop
      vertex 79.060431 111.685409 -5.000000
      vertex 79.199028 111.635818 -5.000000
      vertex 79.332096 111.572882 -5.000000
    endloop
  endfacet
  facet normal -0.000000 0.000000 -1.000000
    outer loop
      vertex 79.736427 107.742661 -5.000000
      vertex 79.632339 107.638573 -5.000000
      vertex 79.458356 107.502796 -5.000000
    endloop
  endfacet
  facet normal 0.000000 0.000000 -1.000000
    outer loop
      vertex 79.458356 111.497204 -5.000000
      vertex 79.632339 111.361427 -5.000000
      vertex 79.736427 111.257339 -5.000000
    endloop
  endfacet
  facet normal 0.000000 0.000000 -1.000000
    outer loop
      vertex 79.947882 108.042904 -5.000000
      vertex 79.872204 107.916644 -5.000000
      vertex 79.736427 107.742661 -5.000000
    endloop
  endfacet
  facet normal 0.000000 0.000000 -1.000000
    outer loop
      vertex 79.736427 111.257339 -5.000000
      vertex 79.872204 111.083356 -5.000000
      vertex 79.947882 110.957096 -5.000000
    endloop
  endfacet
  facet normal 0.000000 0.000000 -1.000000
    outer loop
      vertex 79.060431 111.685409 -5.000000
      vertex 79.332096 111.572882 -5.000000
      vertex 79.458356 111.497204 -5.000000
    endloop
  endfacet
  facet normal 0.000000 0.000000 -1.000000
    outer loop
      vertex 79.458356 107.502796 -5.000000
      vertex 79.332096 107.427118 -5.000000
      vertex 79.060431 107.314591 -5.000000
    endloop
  endfacet
  facet normal 0.000000 0.000000 -1.000000
    outer loop
      vertex 79.947882 110.957096 -5.000000
      vertex 80.060409 110.685431 -5.000000
      vertex 80.096178 110.542637 -5.000000
    endloop
  endfacet
  facet normal -0.000000 0.000000 -1.000000
    outer loop
      vertex 80.096178 108.457363 -5.000000
      vertex 80.060409 108.314569 -5.000000
      vertex 79.947882 108.042904 -5.000000
    endloop
  endfacet
  facet normal -0.000000 0.000000 -1.000000
    outer loop
      vertex 79.060431 107.314591 -5.000000
      vertex 78.917637 107.278822 -5.000000
      vertex 78.625000 107.250000 -5.000000
    endloop
  endfacet
  facet normal 0.000000 0.000000 -1.000000
    outer loop
      vertex 78.625000 111.750000 -5.000000
      vertex 78.917637 111.721178 -5.000000
      vertex 79.060431 111.685409 -5.000000
    endloop
  endfacet
  facet normal 0.000000 0.000000 -1.000000
    outer loop
      vertex 79.947882 110.957096 -5.000000
      vertex 80.096178 110.542637 -5.000000
      vertex 80.125000 110.250000 -5.000000
    endloop
  endfacet
  facet normal -0.000000 0.000000 -1.000000
    outer loop
      vertex 80.125000 108.750000 -5.000000
      vertex 80.096178 108.457363 -5.000000
      vertex 79.947882 108.042904 -5.000000
    endloop
  endfacet
  facet normal 0.000000 0.000000 -1.000000
    outer loop
      vertex 79.947882 108.042904 -5.000000
      vertex 79.736427 107.742661 -5.000000
      vertex 79.458356 107.502796 -5.000000
    endloop
  endfacet
  facet normal -0.000000 0.000000 -1.000000
    outer loop
      vertex 80.125000 108.750000 -5.000000
      vertex 79.947882 108.042904 -5.000000
      vertex 79.458356 107.502796 -5.000000
    endloop
  endfacet
  facet normal -0.000000 0.000000 -1.000000
    outer loop
      vertex 80.125000 110.250000 -5.000000
      vertex 80.125000 108.750000 -5.000000
      vertex 79.458356 107.502796 -5.000000
    endloop
  endfacet
  facet normal 0.000000 0.000000 -1.000000
    outer loop
      vertex 79.458356 111.497204 -5.000000
      vertex 79.736427 111.257339 -5.000000
      vertex 79.947882 110.957096 -5.000000
    endloop
  endfacet
  facet normal 0.000000 0.000000 -1.000000
    outer loop
      vertex 79.458356 111.497204 -5.000000
      vertex 79.947882 110.957096 -5.000000
      vertex 80.125000 110.250000 -5.000000
    endloop
  endfacet
  facet normal 0.000000 0.000000 -1.000000
    outer loop
      vertex 79.458356 111.497204 -5.000000
      vertex 80.125000 110.250000 -5.000000
      vertex 79.458356 107.502796 -5.000000
    endloop
  endfacet
  facet normal -0.000000 0.000000 -1.000000
    outer loop
      vertex 79.458356 107.502796 -5.000000
      vertex 79.060431 107.314591 -5.000000
      vertex 78.625000 107.250000 -5.000000
    endloop
  endfacet
  facet normal -0.000000 0.000000 -1.000000
    outer loop
      vertex 79.458356 111.497204 -5.000000
      vertex 79.458356 107.502796 -5.000000
      vertex 78.625000 107.250000 -5.000000
    endloop
  endfacet
  facet normal 0.000000 0.000000 -1.000000
    outer loop
      vertex 79.458356 111.497204 -5.000000
      vertex 78.625000 107.250000 -5.000000
      vertex 78.625000 111.750000 -5.000000
    endloop
  endfacet
  facet normal 0.000000 0.000000 -1.000000
    outer loop
      vertex 78.625000 111.750000 -5.000000
      vertex 79.060431 111.685409 -5.000000
      vertex 79.458356 111.497204 -5.000000
    endloop
  endfacet
  facet normal 0.000000 -0.707107 0.707107
    outer loop
      vertex 77.000000 108.000000 -4.250000
      vertex 77.000000 107.750000 -4.500000
      vertex 77.125000 107.750000 -4.500000
    endloop
  endfacet
  facet normal 0.000000 -0.707107 0.707107
    outer loop
      vertex 77.000000 108.000000 -4.250000
      vertex 77.125000 107.750000 -4.500000
      vertex 77.125000 108.000000 -4.250000
    endloop
  endfacet
  facet normal 0.017357 -0.707000 0.707000
    outer loop
      vertex 77.161804 108.000904 -4.250000
      vertex 77.125000 108.000000 -4.250000
      vertex 77.174070 107.751205 -4.500000
    endloop
  endfacet
  facet normal 0.017357 -0.707000 0.707000
    outer loop
      vertex 77.125000 108.000000 -4.250000
      vertex 77.125000 107.750000 -4.500000
      vertex 77.174070 107.751205 -4.500000
    endloop
  endfacet
  facet normal 0.052028 -0.705297 0.707000
    outer loop
      vertex 77.174070 107.751205 -4.500000
      vertex 77.223020 107.754816 -4.500000
      vertex 77.161804 108.000904 -4.250000
    endloop
  endfacet
  facet normal 0.052028 -0.705297 0.707000
    outer loop
      vertex 77.223020 107.754816 -4.500000
      vertex 77.198515 108.003612 -4.250000
      vertex 77.161804 108.000904 -4.250000
    endloop
  endfacet
  facet normal 0.086571 -0.701895 0.707000
    outer loop
      vertex 77.223020 107.754816 -4.500000
      vertex 77.271728 107.760823 -4.500000
      vertex 77.198515 108.003612 -4.250000
    endloop
  endfacet
  facet normal 0.086571 -0.701895 0.707000
    outer loop
      vertex 77.271728 107.760823 -4.500000
      vertex 77.235047 108.008118 -4.250000
      vertex 77.198515 108.003612 -4.250000
    endloop
  endfacet
  facet normal 0.120905 -0.696802 0.707000
    outer loop
      vertex 77.271728 107.760823 -4.500000
      vertex 77.320090 107.769215 -4.500000
      vertex 77.235047 108.008118 -4.250000
    endloop
  endfacet
  facet normal 0.120906 -0.696801 0.707000
    outer loop
      vertex 77.320090 107.769215 -4.500000
      vertex 77.271318 108.014411 -4.250000
      vertex 77.235047 108.008118 -4.250000
    endloop
  endfacet
  facet normal 0.154952 -0.690029 0.707000
    outer loop
      vertex 77.320090 107.769215 -4.500000
      vertex 77.367982 107.779969 -4.500000
      vertex 77.271318 108.014411 -4.250000
    endloop
  endfacet
  facet normal 0.154952 -0.690029 0.707000
    outer loop
      vertex 77.367982 107.779969 -4.500000
      vertex 77.307237 108.022477 -4.250000
      vertex 77.271318 108.014411 -4.250000
    endloop
  endfacet
  facet normal 0.188624 -0.681595 0.707000
    outer loop
      vertex 77.367982 107.779969 -4.500000
      vertex 77.415287 107.793060 -4.500000
      vertex 77.307237 108.022477 -4.250000
    endloop
  endfacet
  facet normal 0.188624 -0.681595 0.707000
    outer loop
      vertex 77.415287 107.793060 -4.500000
      vertex 77.342715 108.032295 -4.250000
      vertex 77.307237 108.022477 -4.250000
    endloop
  endfacet
  facet normal 0.221842 -0.671518 0.707000
    outer loop
      vertex 77.415287 107.793060 -4.500000
      vertex 77.461892 107.808457 -4.500000
      vertex 77.377669 108.043843 -4.250000
    endloop
  endfacet
  facet normal 0.221842 -0.671518 0.707000
    outer loop
      vertex 77.415287 107.793060 -4.500000
      vertex 77.377669 108.043843 -4.250000
      vertex 77.342715 108.032295 -4.250000
    endloop
  endfacet
  facet normal 0.254524 -0.659824 0.707000
    outer loop
      vertex 77.461892 107.808457 -4.500000
      vertex 77.507685 107.826121 -4.500000
      vertex 77.377669 108.043843 -4.250000
    endloop
  endfacet
  facet normal 0.254524 -0.659824 0.707000
    outer loop
      vertex 77.507685 107.826121 -4.500000
      vertex 77.412014 108.057091 -4.250000
      vertex 77.377669 108.043843 -4.250000
    endloop
  endfacet
  facet normal 0.286593 -0.646541 0.707000
    outer loop
      vertex 77.507685 107.826121 -4.500000
      vertex 77.552555 107.846011 -4.500000
      vertex 77.412014 108.057091 -4.250000
    endloop
  endfacet
  facet normal 0.286593 -0.646541 0.707000
    outer loop
      vertex 77.552555 107.846011 -4.500000
      vertex 77.445667 108.072008 -4.250000
      vertex 77.412014 108.057091 -4.250000
    endloop
  endfacet
  facet normal 0.317971 -0.631700 0.707000
    outer loop
      vertex 77.552555 107.846011 -4.500000
      vertex 77.596396 107.868078 -4.500000
      vertex 77.445667 108.072008 -4.250000
    endloop
  endfacet
  facet normal 0.317971 -0.631700 0.707000
    outer loop
      vertex 77.596396 107.868078 -4.500000
      vertex 77.478547 108.088559 -4.250000
      vertex 77.445667 108.072008 -4.250000
    endloop
  endfacet
  facet normal 0.348584 -0.615337 0.707000
    outer loop
      vertex 77.596396 107.868078 -4.500000
      vertex 77.639102 107.892271 -4.500000
      vertex 77.478547 108.088559 -4.250000
    endloop
  endfacet
  facet normal 0.348584 -0.615337 0.707000
    outer loop
      vertex 77.639102 107.892271 -4.500000
      vertex 77.510577 108.106703 -4.250000
      vertex 77.478547 108.088559 -4.250000
    endloop
  endfacet
  facet normal 0.378357 -0.597492 0.707000
    outer loop
      vertex 77.639102 107.892271 -4.500000
      vertex 77.680571 107.918531 -4.500000
      vertex 77.510577 108.106703 -4.250000
    endloop
  endfacet
  facet normal 0.378358 -0.597492 0.707000
    outer loop
      vertex 77.680571 107.918531 -4.500000
      vertex 77.541678 108.126398 -4.250000
      vertex 77.510577 108.106703 -4.250000
    endloop
  endfacet
  facet normal 0.407220 -0.578207 0.707000
    outer loop
      vertex 77.680571 107.918531 -4.500000
      vertex 77.720700 107.946793 -4.500000
      vertex 77.541678 108.126398 -4.250000
    endloop
  endfacet
  facet normal 0.407220 -0.578206 0.707000
    outer loop
      vertex 77.720700 107.946793 -4.500000
      vertex 77.571775 108.147595 -4.250000
      vertex 77.541678 108.126398 -4.250000
    endloop
  endfacet
  facet normal 0.435100 -0.557529 0.707000
    outer loop
      vertex 77.720700 107.946793 -4.500000
      vertex 77.759394 107.976990 -4.500000
      vertex 77.571775 108.147595 -4.250000
    endloop
  endfacet
  facet normal 0.435100 -0.557529 0.707000
    outer loop
      vertex 77.759394 107.976990 -4.500000
      vertex 77.600795 108.170242 -4.250000
      vertex 77.571775 108.147595 -4.250000
    endloop
  endfacet
  facet normal 0.461933 -0.535508 0.707000
    outer loop
      vertex 77.759394 107.976990 -4.500000
      vertex 77.796559 108.009049 -4.500000
      vertex 77.600795 108.170242 -4.250000
    endloop
  endfacet
  facet normal 0.461933 -0.535508 0.707000
    outer loop
      vertex 77.796559 108.009049 -4.500000
      vertex 77.628669 108.194287 -4.250000
      vertex 77.600795 108.170242 -4.250000
    endloop
  endfacet
  facet normal 0.487652 -0.512197 0.707000
    outer loop
      vertex 77.796559 108.009049 -4.500000
      vertex 77.832107 108.042893 -4.500000
      vertex 77.628669 108.194287 -4.250000
    endloop
  endfacet
  facet normal 0.487652 -0.512197 0.707000
    outer loop
      vertex 77.832107 108.042893 -4.500000
      vertex 77.655330 108.219670 -4.250000
      vertex 77.628669 108.194287 -4.250000
    endloop
  endfacet
  facet normal 0.512197 -0.487652 0.707000
    outer loop
      vertex 77.832107 108.042893 -4.500000
      vertex 77.865951 108.078441 -4.500000
      vertex 77.680713 108.246331 -4.250000
    endloop
  endfacet
  facet normal 0.512197 -0.487652 0.707000
    outer loop
      vertex 77.832107 108.042893 -4.500000
      vertex 77.680713 108.246331 -4.250000
      vertex 77.655330 108.219670 -4.250000
    endloop
  endfacet
  facet normal 0.535508 -0.461933 0.707000
    outer loop
      vertex 77.865951 108.078441 -4.500000
      vertex 77.898010 108.115606 -4.500000
      vertex 77.704758 108.274205 -4.250000
    endloop
  endfacet
  facet normal 0.535508 -0.461933 0.707000
    outer loop
      vertex 77.865951 108.078441 -4.500000
      vertex 77.704758 108.274205 -4.250000
      vertex 77.680713 108.246331 -4.250000
    endloop
  endfacet
  facet normal 0.557529 -0.435100 0.707000
    outer loop
      vertex 77.898010 108.115606 -4.500000
      vertex 77.928207 108.154300 -4.500000
      vertex 77.727405 108.303225 -4.250000
    endloop
  endfacet
  facet normal 0.557529 -0.435100 0.707000
    outer loop
      vertex 77.898010 108.115606 -4.500000
      vertex 77.727405 108.303225 -4.250000
      vertex 77.704758 108.274205 -4.250000
    endloop
  endfacet
  facet normal 0.578207 -0.407220 0.707000
    outer loop
      vertex 77.928207 108.154300 -4.500000
      vertex 77.956469 108.194429 -4.500000
      vertex 77.748602 108.333322 -4.250000
    endloop
  endfacet
  facet normal 0.578206 -0.407220 0.707000
    outer loop
      vertex 77.928207 108.154300 -4.500000
      vertex 77.748602 108.333322 -4.250000
      vertex 77.727405 108.303225 -4.250000
    endloop
  endfacet
  facet normal 0.597492 -0.378357 0.707000
    outer loop
      vertex 77.956469 108.194429 -4.500000
      vertex 77.982729 108.235898 -4.500000
      vertex 77.768297 108.364423 -4.250000
    endloop
  endfacet
  facet normal 0.597492 -0.378358 0.707000
    outer loop
      vertex 77.956469 108.194429 -4.500000
      vertex 77.768297 108.364423 -4.250000
      vertex 77.748602 108.333322 -4.250000
    endloop
  endfacet
  facet normal 0.615337 -0.348584 0.707000
    outer loop
      vertex 77.982729 108.235898 -4.500000
      vertex 78.006922 108.278604 -4.500000
      vertex 77.786441 108.396453 -4.250000
    endloop
  endfacet
  facet normal 0.615337 -0.348584 0.707000
    outer loop
      vertex 77.982729 108.235898 -4.500000
      vertex 77.786441 108.396453 -4.250000
      vertex 77.768297 108.364423 -4.250000
    endloop
  endfacet
  facet normal 0.631700 -0.317971 0.707000
    outer loop
      vertex 78.006922 108.278604 -4.500000
      vertex 78.028989 108.322445 -4.500000
      vertex 77.802992 108.429333 -4.250000
    endloop
  endfacet
  facet normal 0.631700 -0.317971 0.707000
    outer loop
      vertex 78.006922 108.278604 -4.500000
      vertex 77.802992 108.429333 -4.250000
      vertex 77.786441 108.396453 -4.250000
    endloop
  endfacet
  facet normal 0.646541 -0.286593 0.707000
    outer loop
      vertex 78.028989 108.322445 -4.500000
      vertex 78.048879 108.367315 -4.500000
      vertex 77.817909 108.462986 -4.250000
    endloop
  endfacet
  facet normal 0.646541 -0.286593 0.707000
    outer loop
      vertex 78.028989 108.322445 -4.500000
      vertex 77.817909 108.462986 -4.250000
      vertex 77.802992 108.429333 -4.250000
    endloop
  endfacet
  facet normal 0.659824 -0.254524 0.707000
    outer loop
      vertex 78.048879 108.367315 -4.500000
      vertex 78.066543 108.413108 -4.500000
      vertex 77.831157 108.497331 -4.250000
    endloop
  endfacet
  facet normal 0.659824 -0.254524 0.707000
    outer loop
      vertex 78.048879 108.367315 -4.500000
      vertex 77.831157 108.497331 -4.250000
      vertex 77.817909 108.462986 -4.250000
    endloop
  endfacet
  facet normal 0.671518 -0.221842 0.707000
    outer loop
      vertex 78.066543 108.413108 -4.500000
      vertex 78.081940 108.459713 -4.500000
      vertex 77.831157 108.497331 -4.250000
    endloop
  endfacet
  facet normal 0.671518 -0.221842 0.707000
    outer loop
      vertex 78.081940 108.459713 -4.500000
      vertex 77.842705 108.532285 -4.250000
      vertex 77.831157 108.497331 -4.250000
    endloop
  endfacet
  facet normal 0.681595 -0.188624 0.707000
    outer loop
      vertex 78.081940 108.459713 -4.500000
      vertex 78.095031 108.507018 -4.500000
      vertex 77.852523 108.567763 -4.250000
    endloop
  endfacet
  facet normal 0.681595 -0.188624 0.707000
    outer loop
      vertex 78.081940 108.459713 -4.500000
      vertex 77.852523 108.567763 -4.250000
      vertex 77.842705 108.532285 -4.250000
    endloop
  endfacet
  facet normal 0.690029 -0.154952 0.707000
    outer loop
      vertex 78.095031 108.507018 -4.500000
      vertex 78.105785 108.554910 -4.500000
      vertex 77.860589 108.603682 -4.250000
    endloop
  endfacet
  facet normal 0.690029 -0.154952 0.707000
    outer loop
      vertex 78.095031 108.507018 -4.500000
      vertex 77.860589 108.603682 -4.250000
      vertex 77.852523 108.567763 -4.250000
    endloop
  endfacet
  facet normal 0.696802 -0.120905 0.707000
    outer loop
      vertex 78.105785 108.554910 -4.500000
      vertex 78.114177 108.603272 -4.500000
      vertex 77.866882 108.639953 -4.250000
    endloop
  endfacet
  facet normal 0.696801 -0.120906 0.707000
    outer loop
      vertex 78.105785 108.554910 -4.500000
      vertex 77.866882 108.639953 -4.250000
      vertex 77.860589 108.603682 -4.250000
    endloop
  endfacet
  facet normal 0.701895 -0.086571 0.707000
    outer loop
      vertex 78.114177 108.603272 -4.500000
      vertex 78.120184 108.651980 -4.500000
      vertex 77.871388 108.676485 -4.250000
    endloop
  endfacet
  facet normal 0.701895 -0.086571 0.707000
    outer loop
      vertex 78.114177 108.603272 -4.500000
      vertex 77.871388 108.676485 -4.250000
      vertex 77.866882 108.639953 -4.250000
    endloop
  endfacet
  facet normal 0.705297 -0.052028 0.707000
    outer loop
      vertex 78.120184 108.651980 -4.500000
      vertex 78.123795 108.700930 -4.500000
      vertex 77.874096 108.713196 -4.250000
    endloop
  endfacet
  facet normal 0.705297 -0.052028 0.707000
    outer loop
      vertex 78.120184 108.651980 -4.500000
      vertex 77.874096 108.713196 -4.250000
      vertex 77.871388 108.676485 -4.250000
    endloop
  endfacet
  facet normal 0.707000 -0.017357 0.707000
    outer loop
      vertex 78.123795 108.700930 -4.500000
      vertex 78.125000 108.750000 -4.500000
      vertex 77.875000 108.750000 -4.250000
    endloop
  endfacet
  facet normal 0.707000 -0.017357 0.707000
    outer loop
      vertex 78.123795 108.700930 -4.500000
      vertex 77.875000 108.750000 -4.250000
      vertex 77.874096 108.713196 -4.250000
    endloop
  endfacet
  facet normal 0.707107 -0.000000 0.707107
    outer loop
      vertex 77.875000 110.250000 -4.250000
      vertex 77.875000 108.750000 -4.250000
      vertex 78.125000 108.750000 -4.500000
    endloop
  endfacet
  facet normal 0.707107 0.000000 0.707107
    outer loop
      vertex 77.875000 110.250000 -4.250000
      vertex 78.125000 108.750000 -4.500000
      vertex 78.125000 110.250000 -4.500000
    endloop
  endfacet
  facet normal 0.707000 0.017357 0.707000
    outer loop
      vertex 77.874096 110.286804 -4.250000
      vertex 77.875000 110.250000 -4.250000
      vertex 78.123795 110.299070 -4.500000
    endloop
  endfacet
  facet normal 0.707000 0.017357 0.707000
    outer loop
      vertex 77.875000 110.250000 -4.250000
      vertex 78.125000 110.250000 -4.500000
      vertex 78.123795 110.299070 -4.500000
    endloop
  endfacet
  facet normal 0.705297 0.052028 0.707000
    outer loop
      vertex 78.123795 110.299070 -4.500000
      vertex 78.120184 110.348020 -4.500000
      vertex 77.874096 110.286804 -4.250000
    endloop
  endfacet
  facet normal 0.705297 0.052028 0.707000
    outer loop
      vertex 78.120184 110.348020 -4.500000
      vertex 77.871388 110.323515 -4.250000
      vertex 77.874096 110.286804 -4.250000
    endloop
  endfacet
  facet normal 0.701895 0.086571 0.707000
    outer loop
      vertex 78.120184 110.348020 -4.500000
      vertex 78.114177 110.396728 -4.500000
      vertex 77.871388 110.323515 -4.250000
    endloop
  endfacet
  facet normal 0.701895 0.086571 0.707000
    outer loop
      vertex 78.114177 110.396728 -4.500000
      vertex 77.866882 110.360047 -4.250000
      vertex 77.871388 110.323515 -4.250000
    endloop
  endfacet
  facet normal 0.696802 0.120905 0.707000
    outer loop
      vertex 78.114177 110.396728 -4.500000
      vertex 78.105785 110.445090 -4.500000
      vertex 77.866882 110.360047 -4.250000
    endloop
  endfacet
  facet normal 0.696801 0.120906 0.707000
    outer loop
      vertex 78.105785 110.445090 -4.500000
      vertex 77.860589 110.396318 -4.250000
      vertex 77.866882 110.360047 -4.250000
    endloop
  endfacet
  facet normal 0.690029 0.154952 0.707000
    outer loop
      vertex 78.105785 110.445090 -4.500000
      vertex 78.095031 110.492982 -4.500000
      vertex 77.860589 110.396318 -4.250000
    endloop
  endfacet
  facet normal 0.690029 0.154952 0.707000
    outer loop
      vertex 78.095031 110.492982 -4.500000
      vertex 77.852523 110.432237 -4.250000
      vertex 77.860589 110.396318 -4.250000
    endloop
  endfacet
  facet normal 0.681595 0.188624 0.707000
    outer loop
      vertex 78.095031 110.492982 -4.500000
      vertex 78.081940 110.540287 -4.500000
      vertex 77.852523 110.432237 -4.250000
    endloop
  endfacet
  facet normal 0.681595 0.188624 0.707000
    outer loop
      vertex 78.081940 110.540287 -4.500000
      vertex 77.842705 110.467715 -4.250000
      vertex 77.852523 110.432237 -4.250000
    endloop
  endfacet
  facet normal 0.671518 0.221842 0.707000
    outer loop
      vertex 78.081940 110.540287 -4.500000
      vertex 78.066543 110.586892 -4.500000
      vertex 77.831157 110.502669 -4.250000
    endloop
  endfacet
  facet normal 0.671518 0.221842 0.707000
    outer loop
      vertex 78.081940 110.540287 -4.500000
      vertex 77.831157 110.502669 -4.250000
      vertex 77.842705 110.467715 -4.250000
    endloop
  endfacet
  facet normal 0.659824 0.254524 0.707000
    outer loop
      vertex 78.066543 110.586892 -4.500000
      vertex 78.048879 110.632685 -4.500000
      vertex 77.831157 110.502669 -4.250000
    endloop
  endfacet
  facet normal 0.659824 0.254524 0.707000
    outer loop
      vertex 78.048879 110.632685 -4.500000
      vertex 77.817909 110.537014 -4.250000
      vertex 77.831157 110.502669 -4.250000
    endloop
  endfacet
  facet normal 0.646541 0.286593 0.707000
    outer loop
      vertex 78.048879 110.632685 -4.500000
      vertex 78.028989 110.677555 -4.500000
      vertex 77.817909 110.537014 -4.250000
    endloop
  endfacet
  facet normal 0.646541 0.286593 0.707000
    outer loop
      vertex 78.028989 110.677555 -4.500000
      vertex 77.802992 110.570667 -4.250000
      vertex 77.817909 110.537014 -4.250000
    endloop
  endfacet
  facet normal 0.631700 0.317971 0.707000
    outer loop
      vertex 78.028989 110.677555 -4.500000
      vertex 78.006922 110.721396 -4.500000
      vertex 77.802992 110.570667 -4.250000
    endloop
  endfacet
  facet normal 0.631700 0.317971 0.707000
    outer loop
      vertex 78.006922 110.721396 -4.500000
      vertex 77.786441 110.603547 -4.250000
      vertex 77.802992 110.570667 -4.250000
    endloop
  endfacet
  facet normal 0.615337 0.348584 0.707000
    outer loop
      vertex 78.006922 110.721396 -4.500000
      vertex 77.982729 110.764102 -4.500000
      vertex 77.786441 110.603547 -4.250000
    endloop
  endfacet
  facet normal 0.615337 0.348584 0.707000
    outer loop
      vertex 77.982729 110.764102 -4.500000
      vertex 77.768297 110.635577 -4.250000
      vertex 77.786441 110.603547 -4.250000
    endloop
  endfacet
  facet normal 0.597492 0.378357 0.707000
    outer loop
      vertex 77.982729 110.764102 -4.500000
      vertex 77.956469 110.805571 -4.500000
      vertex 77.768297 110.635577 -4.250000
    endloop
  endfacet
  facet normal 0.597492 0.378358 0.707000
    outer loop
      vertex 77.956469 110.805571 -4.500000
      vertex 77.748602 110.666678 -4.250000
      vertex 77.768297 110.635577 -4.250000
    endloop
  endfacet
  facet normal 0.578207 0.407220 0.707000
    outer loop
      vertex 77.956469 110.805571 -4.500000
      vertex 77.928207 110.845700 -4.500000
      vertex 77.748602 110.666678 -4.250000
    endloop
  endfacet
  facet normal 0.578206 0.407220 0.707000
    outer loop
      vertex 77.928207 110.845700 -4.500000
      vertex 77.727405 110.696775 -4.250000
      vertex 77.748602 110.666678 -4.250000
    endloop
  endfacet
  facet normal 0.557529 0.435100 0.707000
    outer loop
      vertex 77.928207 110.845700 -4.500000
      vertex 77.898010 110.884394 -4.500000
      vertex 77.727405 110.696775 -4.250000
    endloop
  endfacet
  facet normal 0.557529 0.435100 0.707000
    outer loop
      vertex 77.898010 110.884394 -4.500000
      vertex 77.704758 110.725795 -4.250000
      vertex 77.727405 110.696775 -4.250000
    endloop
  endfacet
  facet normal 0.535508 0.461933 0.707000
    outer loop
      vertex 77.898010 110.884394 -4.500000
      vertex 77.865951 110.921559 -4.500000
      vertex 77.704758 110.725795 -4.250000
    endloop
  endfacet
  facet normal 0.535508 0.461933 0.707000
    outer loop
      vertex 77.865951 110.921559 -4.500000
      vertex 77.680713 110.753669 -4.250000
      vertex 77.704758 110.725795 -4.250000
    endloop
  endfacet
  facet normal 0.512197 0.487652 0.707000
    outer loop
      vertex 77.865951 110.921559 -4.500000
      vertex 77.832107 110.957107 -4.500000
      vertex 77.680713 110.753669 -4.250000
    endloop
  endfacet
  facet normal 0.512197 0.487652 0.707000
    outer loop
      vertex 77.832107 110.957107 -4.500000
      vertex 77.655330 110.780330 -4.250000
      vertex 77.680713 110.753669 -4.250000
    endloop
  endfacet
  facet normal 0.487652 0.512197 0.707000
    outer loop
      vertex 77.832107 110.957107 -4.500000
      vertex 77.796559 110.990951 -4.500000
      vertex 77.628669 110.805713 -4.250000
    endloop
  endfacet
  facet normal 0.487652 0.512197 0.707000
    outer loop
      vertex 77.832107 110.957107 -4.500000
      vertex 77.628669 110.805713 -4.250000
      vertex 77.655330 110.780330 -4.250000
    endloop
  endfacet
  facet normal 0.461933 0.535508 0.707000
    outer loop
      vertex 77.796559 110.990951 -4.500000
      vertex 77.759394 111.023010 -4.500000
      vertex 77.600795 110.829758 -4.250000
    endloop
  endfacet
  facet normal 0.461933 0.535508 0.707000
    outer loop
      vertex 77.796559 110.990951 -4.500000
      vertex 77.600795 110.829758 -4.250000
      vertex 77.628669 110.805713 -4.250000
    endloop
  endfacet
  facet normal 0.435100 0.557529 0.707000
    outer loop
      vertex 77.759394 111.023010 -4.500000
      vertex 77.720700 111.053207 -4.500000
      vertex 77.571775 110.852405 -4.250000
    endloop
  endfacet
  facet normal 0.435100 0.557529 0.707000
    outer loop
      vertex 77.759394 111.023010 -4.500000
      vertex 77.571775 110.852405 -4.250000
      vertex 77.600795 110.829758 -4.250000
    endloop
  endfacet
  facet normal 0.407220 0.578207 0.707000
    outer loop
      vertex 77.720700 111.053207 -4.500000
      vertex 77.680571 111.081469 -4.500000
      vertex 77.541678 110.873602 -4.250000
    endloop
  endfacet
  facet normal 0.407220 0.578206 0.707000
    outer loop
      vertex 77.720700 111.053207 -4.500000
      vertex 77.541678 110.873602 -4.250000
      vertex 77.571775 110.852405 -4.250000
    endloop
  endfacet
  facet normal 0.378357 0.597492 0.707000
    outer loop
      vertex 77.680571 111.081469 -4.500000
      vertex 77.639102 111.107729 -4.500000
      vertex 77.510577 110.893297 -4.250000
    endloop
  endfacet
  facet normal 0.378358 0.597492 0.707000
    outer loop
      vertex 77.680571 111.081469 -4.500000
      vertex 77.510577 110.893297 -4.250000
      vertex 77.541678 110.873602 -4.250000
    endloop
  endfacet
  facet normal 0.348584 0.615337 0.707000
    outer loop
      vertex 77.639102 111.107729 -4.500000
      vertex 77.596396 111.131922 -4.500000
      vertex 77.478547 110.911441 -4.250000
    endloop
  endfacet
  facet normal 0.348584 0.615337 0.707000
    outer loop
      vertex 77.639102 111.107729 -4.500000
      vertex 77.478547 110.911441 -4.250000
      vertex 77.510577 110.893297 -4.250000
    endloop
  endfacet
  facet normal 0.317971 0.631700 0.707000
    outer loop
      vertex 77.596396 111.131922 -4.500000
      vertex 77.552555 111.153989 -4.500000
      vertex 77.445667 110.927992 -4.250000
    endloop
  endfacet
  facet normal 0.317971 0.631700 0.707000
    outer loop
      vertex 77.596396 111.131922 -4.500000
      vertex 77.445667 110.927992 -4.250000
      vertex 77.478547 110.911441 -4.250000
    endloop
  endfacet
  facet normal 0.286593 0.646541 0.707000
    outer loop
      vertex 77.552555 111.153989 -4.500000
      vertex 77.507685 111.173879 -4.500000
      vertex 77.412014 110.942909 -4.250000
    endloop
  endfacet
  facet normal 0.286593 0.646541 0.707000
    outer loop
      vertex 77.552555 111.153989 -4.500000
      vertex 77.412014 110.942909 -4.250000
      vertex 77.445667 110.927992 -4.250000
    endloop
  endfacet
  facet normal 0.254524 0.659824 0.707000
    outer loop
      vertex 77.507685 111.173879 -4.500000
      vertex 77.461892 111.191543 -4.500000
      vertex 77.377669 110.956157 -4.250000
    endloop
  endfacet
  facet normal 0.254524 0.659824 0.707000
    outer loop
      vertex 77.507685 111.173879 -4.500000
      vertex 77.377669 110.956157 -4.250000
      vertex 77.412014 110.942909 -4.250000
    endloop
  endfacet
  facet normal 0.221842 0.671518 0.707000
    outer loop
      vertex 77.461892 111.191543 -4.500000
      vertex 77.415287 111.206940 -4.500000
      vertex 77.377669 110.956157 -4.250000
    endloop
  endfacet
  facet normal 0.221842 0.671518 0.707000
    outer loop
      vertex 77.415287 111.206940 -4.500000
      vertex 77.342715 110.967705 -4.250000
      vertex 77.377669 110.956157 -4.250000
    endloop
  endfacet
  facet normal 0.188624 0.681595 0.707000
    outer loop
      vertex 77.415287 111.206940 -4.500000
      vertex 77.367982 111.220031 -4.500000
      vertex 77.307237 110.977523 -4.250000
    endloop
  endfacet
  facet normal 0.188624 0.681595 0.707000
    outer loop
      vertex 77.415287 111.206940 -4.500000
      vertex 77.307237 110.977523 -4.250000
      vertex 77.342715 110.967705 -4.250000
    endloop
  endfacet
  facet normal 0.154952 0.690029 0.707000
    outer loop
      vertex 77.367982 111.220031 -4.500000
      vertex 77.320090 111.230785 -4.500000
      vertex 77.271318 110.985589 -4.250000
    endloop
  endfacet
  facet normal 0.154952 0.690029 0.707000
    outer loop
      vertex 77.367982 111.220031 -4.500000
      vertex 77.271318 110.985589 -4.250000
      vertex 77.307237 110.977523 -4.250000
    endloop
  endfacet
  facet normal 0.120905 0.696802 0.707000
    outer loop
      vertex 77.320090 111.230785 -4.500000
      vertex 77.271728 111.239177 -4.500000
      vertex 77.235047 110.991882 -4.250000
    endloop
  endfacet
  facet normal 0.120906 0.696801 0.707000
    outer loop
      vertex 77.320090 111.230785 -4.500000
      vertex 77.235047 110.991882 -4.250000
      vertex 77.271318 110.985589 -4.250000
    endloop
  endfacet
  facet normal 0.086571 0.701895 0.707000
    outer loop
      vertex 77.271728 111.239177 -4.500000
      vertex 77.223020 111.245184 -4.500000
      vertex 77.198515 110.996388 -4.250000
    endloop
  endfacet
  facet normal 0.086571 0.701895 0.707000
    outer loop
      vertex 77.271728 111.239177 -4.500000
      vertex 77.198515 110.996388 -4.250000
      vertex 77.235047 110.991882 -4.250000
    endloop
  endfacet
  facet normal 0.052028 0.705297 0.707000
    outer loop
      vertex 77.223020 111.245184 -4.500000
      vertex 77.174070 111.248795 -4.500000
      vertex 77.161804 110.999096 -4.250000
    endloop
  endfacet
  facet normal 0.052028 0.705297 0.707000
    outer loop
      vertex 77.223020 111.245184 -4.500000
      vertex 77.161804 110.999096 -4.250000
      vertex 77.198515 110.996388 -4.250000
    endloop
  endfacet
  facet normal 0.017357 0.707000 0.707000
    outer loop
      vertex 77.174070 111.248795 -4.500000
      vertex 77.125000 111.250000 -4.500000
      vertex 77.125000 111.000000 -4.250000
    endloop
  endfacet
  facet normal 0.017357 0.707000 0.707000
    outer loop
      vertex 77.174070 111.248795 -4.500000
      vertex 77.125000 111.000000 -4.250000
      vertex 77.161804 110.999096 -4.250000
    endloop
  endfacet
  facet normal 0.999699 0.024544 0.000000
    outer loop
      vertex 77.874096 110.286804 -3.000000
      vertex 77.875000 110.250000 -3.000000
      vertex 77.874096 110.286804 -4.250000
    endloop
  endfacet
  facet normal 0.999699 0.024543 -0.000000
    outer loop
      vertex 77.875000 110.250000 -3.000000
      vertex 77.875000 110.250000 -4.250000
      vertex 77.874096 110.286804 -4.250000
    endloop
  endfacet
  facet normal 0.997290 0.073568 -0.000000
    outer loop
      vertex 77.874096 110.286804 -4.250000
      vertex 77.871388 110.323515 -4.250000
      vertex 77.874096 110.286804 -3.000000
    endloop
  endfacet
  facet normal 0.997290 0.073569 0.000000
    outer loop
      vertex 77.871388 110.323515 -4.250000
      vertex 77.871388 110.323515 -3.000000
      vertex 77.874096 110.286804 -3.000000
    endloop
  endfacet
  facet normal 0.992479 0.122412 -0.000000
    outer loop
      vertex 77.871388 110.323515 -4.250000
      vertex 77.866882 110.360047 -4.250000
      vertex 77.871388 110.323515 -3.000000
    endloop
  endfacet
  facet normal 0.992479 0.122413 0.000000
    outer loop
      vertex 77.866882 110.360047 -4.250000
      vertex 77.866882 110.360048 -3.000000
      vertex 77.871388 110.323515 -3.000000
    endloop
  endfacet
  facet normal 0.985278 0.170962 -0.000000
    outer loop
      vertex 77.866882 110.360047 -4.250000
      vertex 77.860589 110.396318 -4.250000
      vertex 77.866882 110.360048 -3.000000
    endloop
  endfacet
  facet normal 0.985277 0.170963 0.000000
    outer loop
      vertex 77.860589 110.396318 -4.250000
      vertex 77.860589 110.396319 -3.000000
      vertex 77.866882 110.360048 -3.000000
    endloop
  endfacet
  facet normal 0.975702 0.219102 -0.000000
    outer loop
      vertex 77.860589 110.396318 -4.250000
      vertex 77.852523 110.432237 -4.250000
      vertex 77.860589 110.396319 -3.000000
    endloop
  endfacet
  facet normal 0.975702 0.219103 0.000000
    outer loop
      vertex 77.852523 110.432237 -4.250000
      vertex 77.852523 110.432237 -3.000000
      vertex 77.860589 110.396319 -3.000000
    endloop
  endfacet
  facet normal 0.963775 0.266715 -0.000000
    outer loop
      vertex 77.852523 110.432237 -4.250000
      vertex 77.842705 110.467715 -4.250000
      vertex 77.852523 110.432237 -3.000000
    endloop
  endfacet
  facet normal 0.963775 0.266715 0.000000
    outer loop
      vertex 77.842705 110.467715 -4.250000
      vertex 77.842705 110.467715 -3.000000
      vertex 77.852523 110.432237 -3.000000
    endloop
  endfacet
  facet normal 0.949527 0.313684 -0.000000
    outer loop
      vertex 77.842705 110.467715 -4.250000
      vertex 77.831157 110.502669 -4.250000
      vertex 77.831157 110.502669 -3.000000
    endloop
  endfacet
  facet normal 0.949527 0.313684 -0.000000
    outer loop
      vertex 77.842705 110.467715 -4.250000
      vertex 77.831157 110.502669 -3.000000
      vertex 77.842705 110.467715 -3.000000
    endloop
  endfacet
  facet normal 0.932992 0.359897 0.000000
    outer loop
      vertex 77.831157 110.502669 -4.250000
      vertex 77.817909 110.537014 -4.250000
      vertex 77.831157 110.502669 -3.000000
    endloop
  endfacet
  facet normal 0.932992 0.359897 0.000000
    outer loop
      vertex 77.817909 110.537014 -4.250000
      vertex 77.817909 110.537014 -3.000000
      vertex 77.831157 110.502669 -3.000000
    endloop
  endfacet
  facet normal 0.914209 0.405243 -0.000000
    outer loop
      vertex 77.817909 110.537014 -4.250000
      vertex 77.802992 110.570667 -4.250000
      vertex 77.817909 110.537014 -3.000000
    endloop
  endfacet
  facet normal 0.914209 0.405243 0.000000
    outer loop
      vertex 77.802992 110.570667 -4.250000
      vertex 77.802992 110.570667 -3.000000
      vertex 77.817909 110.537014 -3.000000
    endloop
  endfacet
  facet normal 0.893224 0.449612 -0.000000
    outer loop
      vertex 77.802992 110.570667 -4.250000
      vertex 77.786441 110.603547 -4.250000
      vertex 77.802992 110.570667 -3.000000
    endloop
  endfacet
  facet normal 0.893224 0.449612 0.000000
    outer loop
      vertex 77.786441 110.603547 -4.250000
      vertex 77.786441 110.603548 -3.000000
      vertex 77.802992 110.570667 -3.000000
    endloop
  endfacet
  facet normal 0.870087 0.492898 -0.000000
    outer loop
      vertex 77.786441 110.603547 -4.250000
      vertex 77.768297 110.635577 -4.250000
      vertex 77.786441 110.603548 -3.000000
    endloop
  endfacet
  facet normal 0.870087 0.492898 0.000000
    outer loop
      vertex 77.768297 110.635577 -4.250000
      vertex 77.768296 110.635577 -3.000000
      vertex 77.786441 110.603548 -3.000000
    endloop
  endfacet
  facet normal 0.844853 0.534998 -0.000000
    outer loop
      vertex 77.768297 110.635577 -4.250000
      vertex 77.748602 110.666678 -4.250000
      vertex 77.768296 110.635577 -3.000000
    endloop
  endfacet
  facet normal 0.844853 0.534998 0.000000
    outer loop
      vertex 77.748602 110.666678 -4.250000
      vertex 77.748602 110.666678 -3.000000
      vertex 77.768296 110.635577 -3.000000
    endloop
  endfacet
  facet normal 0.817584 0.575809 -0.000000
    outer loop
      vertex 77.748602 110.666678 -4.250000
      vertex 77.727405 110.696775 -4.250000
      vertex 77.748602 110.666678 -3.000000
    endloop
  endfacet
  facet normal 0.817584 0.575809 0.000000
    outer loop
      vertex 77.727405 110.696775 -4.250000
      vertex 77.727405 110.696775 -3.000000
      vertex 77.748602 110.666678 -3.000000
    endloop
  endfacet
  facet normal 0.788346 0.615232 -0.000000
    outer loop
      vertex 77.727405 110.696775 -4.250000
      vertex 77.704758 110.725795 -4.250000
      vertex 77.727405 110.696775 -3.000000
    endloop
  endfacet
  facet normal 0.788346 0.615232 0.000000
    outer loop
      vertex 77.704758 110.725795 -4.250000
      vertex 77.704757 110.725795 -3.000000
      vertex 77.727405 110.696775 -3.000000
    endloop
  endfacet
  facet normal 0.757209 0.653173 -0.000000
    outer loop
      vertex 77.704758 110.725795 -4.250000
      vertex 77.680713 110.753669 -4.250000
      vertex 77.704757 110.725795 -3.000000
    endloop
  endfacet
  facet normal 0.757209 0.653173 0.000000
    outer loop
      vertex 77.680713 110.753669 -4.250000
      vertex 77.680713 110.753669 -3.000000
      vertex 77.704757 110.725795 -3.000000
    endloop
  endfacet
  facet normal 0.724247 0.689541 -0.000000
    outer loop
      vertex 77.680713 110.753669 -4.250000
      vertex 77.655330 110.780330 -4.250000
      vertex 77.680713 110.753669 -3.000000
    endloop
  endfacet
  facet normal 0.724247 0.689541 0.000000
    outer loop
      vertex 77.655330 110.780330 -4.250000
      vertex 77.655330 110.780330 -3.000000
      vertex 77.680713 110.753669 -3.000000
    endloop
  endfacet
  facet normal 0.689541 0.724247 -0.000000
    outer loop
      vertex 77.655330 110.780330 -4.250000
      vertex 77.628669 110.805713 -4.250000
      vertex 77.628669 110.805713 -3.000000
    endloop
  endfacet
  facet normal 0.689541 0.724247 0.000000
    outer loop
      vertex 77.655330 110.780330 -4.250000
      vertex 77.628669 110.805713 -3.000000
      vertex 77.655330 110.780330 -3.000000
    endloop
  endfacet
  facet normal 0.653173 0.757209 -0.000000
    outer loop
      vertex 77.628669 110.805713 -4.250000
      vertex 77.600795 110.829758 -4.250000
      vertex 77.600795 110.829757 -3.000000
    endloop
  endfacet
  facet normal 0.653173 0.757209 0.000000
    outer loop
      vertex 77.628669 110.805713 -4.250000
      vertex 77.600795 110.829757 -3.000000
      vertex 77.628669 110.805713 -3.000000
    endloop
  endfacet
  facet normal 0.615232 0.788346 -0.000000
    outer loop
      vertex 77.600795 110.829758 -4.250000
      vertex 77.571775 110.852405 -4.250000
      vertex 77.571775 110.852405 -3.000000
    endloop
  endfacet
  facet normal 0.615232 0.788346 0.000000
    outer loop
      vertex 77.600795 110.829758 -4.250000
      vertex 77.571775 110.852405 -3.000000
      vertex 77.600795 110.829757 -3.000000
    endloop
  endfacet
  facet normal 0.575809 0.817584 -0.000000
    outer loop
      vertex 77.571775 110.852405 -4.250000
      vertex 77.541678 110.873602 -4.250000
      vertex 77.541678 110.873602 -3.000000
    endloop
  endfacet
  facet normal 0.575809 0.817584 0.000000
    outer loop
      vertex 77.571775 110.852405 -4.250000
      vertex 77.541678 110.873602 -3.000000
      vertex 77.571775 110.852405 -3.000000
    endloop
  endfacet
  facet normal 0.534998 0.844853 -0.000000
    outer loop
      vertex 77.541678 110.873602 -4.250000
      vertex 77.510577 110.893297 -4.250000
      vertex 77.510577 110.893296 -3.000000
    endloop
  endfacet
  facet normal 0.534998 0.844853 0.000000
    outer loop
      vertex 77.541678 110.873602 -4.250000
      vertex 77.510577 110.893296 -3.000000
      vertex 77.541678 110.873602 -3.000000
    endloop
  endfacet
  facet normal 0.492898 0.870087 -0.000000
    outer loop
      vertex 77.510577 110.893297 -4.250000
      vertex 77.478547 110.911441 -4.250000
      vertex 77.478548 110.911441 -3.000000
    endloop
  endfacet
  facet normal 0.492898 0.870087 0.000000
    outer loop
      vertex 77.510577 110.893297 -4.250000
      vertex 77.478548 110.911441 -3.000000
      vertex 77.510577 110.893296 -3.000000
    endloop
  endfacet
  facet normal 0.449612 0.893224 -0.000000
    outer loop
      vertex 77.478547 110.911441 -4.250000
      vertex 77.445667 110.927992 -4.250000
      vertex 77.445667 110.927992 -3.000000
    endloop
  endfacet
  facet normal 0.449612 0.893224 0.000000
    outer loop
      vertex 77.478547 110.911441 -4.250000
      vertex 77.445667 110.927992 -3.000000
      vertex 77.478548 110.911441 -3.000000
    endloop
  endfacet
  facet normal 0.405243 0.914209 -0.000000
    outer loop
      vertex 77.445667 110.927992 -4.250000
      vertex 77.412014 110.942909 -4.250000
      vertex 77.412014 110.942909 -3.000000
    endloop
  endfacet
  facet normal 0.405243 0.914209 0.000000
    outer loop
      vertex 77.445667 110.927992 -4.250000
      vertex 77.412014 110.942909 -3.000000
      vertex 77.445667 110.927992 -3.000000
    endloop
  endfacet
  facet normal 0.359897 0.932992 0.000000
    outer loop
      vertex 77.412014 110.942909 -4.250000
      vertex 77.377669 110.956157 -4.250000
      vertex 77.377669 110.956157 -3.000000
    endloop
  endfacet
  facet normal 0.359897 0.932992 0.000000
    outer loop
      vertex 77.412014 110.942909 -4.250000
      vertex 77.377669 110.956157 -3.000000
      vertex 77.412014 110.942909 -3.000000
    endloop
  endfacet
  facet normal 0.313684 0.949527 -0.000000
    outer loop
      vertex 77.377669 110.956157 -4.250000
      vertex 77.342715 110.967705 -4.250000
      vertex 77.377669 110.956157 -3.000000
    endloop
  endfacet
  facet normal 0.313684 0.949527 -0.000000
    outer loop
      vertex 77.342715 110.967705 -4.250000
      vertex 77.342715 110.967705 -3.000000
      vertex 77.377669 110.956157 -3.000000
    endloop
  endfacet
  facet normal 0.266715 0.963775 -0.000000
    outer loop
      vertex 77.342715 110.967705 -4.250000
      vertex 77.307237 110.977523 -4.250000
      vertex 77.307237 110.977523 -3.000000
    endloop
  endfacet
  facet normal 0.266715 0.963775 0.000000
    outer loop
      vertex 77.342715 110.967705 -4.250000
      vertex 77.307237 110.977523 -3.000000
      vertex 77.342715 110.967705 -3.000000
    endloop
  endfacet
  facet normal 0.219102 0.975702 -0.000000
    outer loop
      vertex 77.307237 110.977523 -4.250000
      vertex 77.271318 110.985589 -4.250000
      vertex 77.271319 110.985589 -3.000000
    endloop
  endfacet
  facet normal 0.219103 0.975702 0.000000
    outer loop
      vertex 77.307237 110.977523 -4.250000
      vertex 77.271319 110.985589 -3.000000
      vertex 77.307237 110.977523 -3.000000
    endloop
  endfacet
  facet normal 0.170962 0.985278 -0.000000
    outer loop
      vertex 77.271318 110.985589 -4.250000
      vertex 77.235047 110.991882 -4.250000
      vertex 77.235048 110.991882 -3.000000
    endloop
  endfacet
  facet normal 0.170963 0.985277 0.000000
    outer loop
      vertex 77.271318 110.985589 -4.250000
      vertex 77.235048 110.991882 -3.000000
      vertex 77.271319 110.985589 -3.000000
    endloop
  endfacet
  facet normal 0.122412 0.992479 -0.000000
    outer loop
      vertex 77.235047 110.991882 -4.250000
      vertex 77.198515 110.996388 -4.250000
      vertex 77.198515 110.996388 -3.000000
    endloop
  endfacet
  facet normal 0.122413 0.992479 0.000000
    outer loop
      vertex 77.235047 110.991882 -4.250000
      vertex 77.198515 110.996388 -3.000000
      vertex 77.235048 110.991882 -3.000000
    endloop
  endfacet
  facet normal 0.073568 0.997290 -0.000000
    outer loop
      vertex 77.198515 110.996388 -4.250000
      vertex 77.161804 110.999096 -4.250000
      vertex 77.161804 110.999096 -3.000000
    endloop
  endfacet
  facet normal 0.073569 0.997290 0.000000
    outer loop
      vertex 77.198515 110.996388 -4.250000
      vertex 77.161804 110.999096 -3.000000
      vertex 77.198515 110.996388 -3.000000
    endloop
  endfacet
  facet normal 0.024543 0.999699 0.000000
    outer loop
      vertex 77.161804 110.999096 -4.250000
      vertex 77.125000 111.000000 -4.250000
      vertex 77.125000 111.000000 -3.000000
    endloop
  endfacet
  facet normal 0.024544 0.999699 0.000000
    outer loop
      vertex 77.161804 110.999096 -4.250000
      vertex 77.125000 111.000000 -3.000000
      vertex 77.161804 110.999096 -3.000000
    endloop
  endfacet
  facet normal 0.999699 0.024544 -0.000000
    outer loop
      vertex 77.874096 110.286804 -2.500000
      vertex 77.875000 110.250000 -2.500000
      vertex 77.874096 110.286804 -3.000000
    endloop
  endfacet
  facet normal 0.999699 0.024544 -0.000000
    outer loop
      vertex 77.875000 110.250000 -2.500000
      vertex 77.875000 110.250000 -3.000000
      vertex 77.874096 110.286804 -3.000000
    endloop
  endfacet
  facet normal 0.997290 0.073569 -0.000000
    outer loop
      vertex 77.874096 110.286804 -3.000000
      vertex 77.871388 110.323515 -3.000000
      vertex 77.871388 110.323515 -2.500000
    endloop
  endfacet
  facet normal 0.997290 0.073569 -0.000000
    outer loop
      vertex 77.874096 110.286804 -3.000000
      vertex 77.871388 110.323515 -2.500000
      vertex 77.874096 110.286804 -2.500000
    endloop
  endfacet
  facet normal 0.992479 0.122413 -0.000000
    outer loop
      vertex 77.871388 110.323515 -3.000000
      vertex 77.866882 110.360048 -3.000000
      vertex 77.866882 110.360048 -2.500000
    endloop
  endfacet
  facet normal 0.992479 0.122413 -0.000000
    outer loop
      vertex 77.871388 110.323515 -3.000000
      vertex 77.866882 110.360048 -2.500000
      vertex 77.871388 110.323515 -2.500000
    endloop
  endfacet
  facet normal 0.985277 0.170963 -0.000000
    outer loop
      vertex 77.866882 110.360048 -3.000000
      vertex 77.860589 110.396319 -3.000000
      vertex 77.860589 110.396319 -2.500000
    endloop
  endfacet
  facet normal 0.985277 0.170963 -0.000000
    outer loop
      vertex 77.866882 110.360048 -3.000000
      vertex 77.860589 110.396319 -2.500000
      vertex 77.866882 110.360048 -2.500000
    endloop
  endfacet
  facet normal 0.975702 0.219103 -0.000000
    outer loop
      vertex 77.860589 110.396319 -3.000000
      vertex 77.852523 110.432237 -3.000000
      vertex 77.852523 110.432237 -2.500000
    endloop
  endfacet
  facet normal 0.975702 0.219103 -0.000000
    outer loop
      vertex 77.860589 110.396319 -3.000000
      vertex 77.852523 110.432237 -2.500000
      vertex 77.860589 110.396319 -2.500000
    endloop
  endfacet
  facet normal 0.963775 0.266715 -0.000000
    outer loop
      vertex 77.852523 110.432237 -3.000000
      vertex 77.842705 110.467715 -3.000000
      vertex 77.842705 110.467715 -2.500000
    endloop
  endfacet
  facet normal 0.963775 0.266715 -0.000000
    outer loop
      vertex 77.852523 110.432237 -3.000000
      vertex 77.842705 110.467715 -2.500000
      vertex 77.852523 110.432237 -2.500000
    endloop
  endfacet
  facet normal 0.949527 0.313684 0.000000
    outer loop
      vertex 77.842705 110.467715 -3.000000
      vertex 77.831157 110.502669 -3.000000
      vertex 77.842705 110.467715 -2.500000
    endloop
  endfacet
  facet normal 0.949527 0.313684 0.000000
    outer loop
      vertex 77.831157 110.502669 -3.000000
      vertex 77.831157 110.502669 -2.500000
      vertex 77.842705 110.467715 -2.500000
    endloop
  endfacet
  facet normal 0.932992 0.359897 0.000000
    outer loop
      vertex 77.831157 110.502669 -3.000000
      vertex 77.817909 110.537014 -3.000000
      vertex 77.831157 110.502669 -2.500000
    endloop
  endfacet
  facet normal 0.932992 0.359897 0.000000
    outer loop
      vertex 77.817909 110.537014 -3.000000
      vertex 77.817909 110.537014 -2.500000
      vertex 77.831157 110.502669 -2.500000
    endloop
  endfacet
  facet normal 0.914209 0.405243 0.000000
    outer loop
      vertex 77.817909 110.537014 -3.000000
      vertex 77.802992 110.570667 -3.000000
      vertex 77.817909 110.537014 -2.500000
    endloop
  endfacet
  facet normal 0.914209 0.405243 -0.000000
    outer loop
      vertex 77.802992 110.570667 -3.000000
      vertex 77.802992 110.570667 -2.500000
      vertex 77.817909 110.537014 -2.500000
    endloop
  endfacet
  facet normal 0.893224 0.449612 0.000000
    outer loop
      vertex 77.802992 110.570667 -3.000000
      vertex 77.786441 110.603548 -3.000000
      vertex 77.802992 110.570667 -2.500000
    endloop
  endfacet
  facet normal 0.893224 0.449612 0.000000
    outer loop
      vertex 77.786441 110.603548 -3.000000
      vertex 77.786441 110.603548 -2.500000
      vertex 77.802992 110.570667 -2.500000
    endloop
  endfacet
  facet normal 0.870087 0.492898 0.000000
    outer loop
      vertex 77.786441 110.603548 -3.000000
      vertex 77.768296 110.635577 -3.000000
      vertex 77.786441 110.603548 -2.500000
    endloop
  endfacet
  facet normal 0.870087 0.492898 0.000000
    outer loop
      vertex 77.768296 110.635577 -3.000000
      vertex 77.768296 110.635577 -2.500000
      vertex 77.786441 110.603548 -2.500000
    endloop
  endfacet
  facet normal 0.844853 0.534998 0.000000
    outer loop
      vertex 77.768296 110.635577 -3.000000
      vertex 77.748602 110.666678 -3.000000
      vertex 77.768296 110.635577 -2.500000
    endloop
  endfacet
  facet normal 0.844853 0.534998 -0.000000
    outer loop
      vertex 77.748602 110.666678 -3.000000
      vertex 77.748602 110.666678 -2.500000
      vertex 77.768296 110.635577 -2.500000
    endloop
  endfacet
  facet normal 0.817584 0.575809 -0.000000
    outer loop
      vertex 77.748602 110.666678 -3.000000
      vertex 77.727405 110.696775 -3.000000
      vertex 77.748602 110.666678 -2.500000
    endloop
  endfacet
  facet normal 0.817584 0.575809 0.000000
    outer loop
      vertex 77.727405 110.696775 -3.000000
      vertex 77.727405 110.696775 -2.500000
      vertex 77.748602 110.666678 -2.500000
    endloop
  endfacet
  facet normal 0.788346 0.615232 0.000000
    outer loop
      vertex 77.727405 110.696775 -3.000000
      vertex 77.704757 110.725795 -3.000000
      vertex 77.727405 110.696775 -2.500000
    endloop
  endfacet
  facet normal 0.788346 0.615232 0.000000
    outer loop
      vertex 77.704757 110.725795 -3.000000
      vertex 77.704757 110.725795 -2.500000
      vertex 77.727405 110.696775 -2.500000
    endloop
  endfacet
  facet normal 0.757209 0.653173 0.000000
    outer loop
      vertex 77.704757 110.725795 -3.000000
      vertex 77.680713 110.753669 -3.000000
      vertex 77.704757 110.725795 -2.500000
    endloop
  endfacet
  facet normal 0.757209 0.653173 0.000000
    outer loop
      vertex 77.680713 110.753669 -3.000000
      vertex 77.680713 110.753669 -2.500000
      vertex 77.704757 110.725795 -2.500000
    endloop
  endfacet
  facet normal 0.724247 0.689541 0.000000
    outer loop
      vertex 77.680713 110.753669 -3.000000
      vertex 77.655330 110.780330 -3.000000
      vertex 77.680713 110.753669 -2.500000
    endloop
  endfacet
  facet normal 0.724247 0.689541 0.000000
    outer loop
      vertex 77.655330 110.780330 -3.000000
      vertex 77.655330 110.780330 -2.500000
      vertex 77.680713 110.753669 -2.500000
    endloop
  endfacet
  facet normal 0.689541 0.724247 0.000000
    outer loop
      vertex 77.655330 110.780330 -3.000000
      vertex 77.628669 110.805713 -3.000000
      vertex 77.655330 110.780330 -2.500000
    endloop
  endfacet
  facet normal 0.689541 0.724247 0.000000
    outer loop
      vertex 77.628669 110.805713 -3.000000
      vertex 77.628669 110.805713 -2.500000
      vertex 77.655330 110.780330 -2.500000
    endloop
  endfacet
  facet normal 0.653173 0.757209 0.000000
    outer loop
      vertex 77.628669 110.805713 -3.000000
      vertex 77.600795 110.829757 -3.000000
      vertex 77.628669 110.805713 -2.500000
    endloop
  endfacet
  facet normal 0.653173 0.757209 0.000000
    outer loop
      vertex 77.600795 110.829757 -3.000000
      vertex 77.600795 110.829757 -2.500000
      vertex 77.628669 110.805713 -2.500000
    endloop
  endfacet
  facet normal 0.615232 0.788346 0.000000
    outer loop
      vertex 77.600795 110.829757 -3.000000
      vertex 77.571775 110.852405 -3.000000
      vertex 77.600795 110.829757 -2.500000
    endloop
  endfacet
  facet normal 0.615232 0.788346 0.000000
    outer loop
      vertex 77.571775 110.852405 -3.000000
      vertex 77.571775 110.852405 -2.500000
      vertex 77.600795 110.829757 -2.500000
    endloop
  endfacet
  facet normal 0.575809 0.817584 0.000000
    outer loop
      vertex 77.571775 110.852405 -3.000000
      vertex 77.541678 110.873602 -3.000000
      vertex 77.571775 110.852405 -2.500000
    endloop
  endfacet
  facet normal 0.575809 0.817584 0.000000
    outer loop
      vertex 77.541678 110.873602 -3.000000
      vertex 77.541678 110.873602 -2.500000
      vertex 77.571775 110.852405 -2.500000
    endloop
  endfacet
  facet normal 0.534998 0.844853 0.000000
    outer loop
      vertex 77.541678 110.873602 -3.000000
      vertex 77.510577 110.893296 -3.000000
      vertex 77.541678 110.873602 -2.500000
    endloop
  endfacet
  facet normal 0.534998 0.844853 0.000000
    outer loop
      vertex 77.510577 110.893296 -3.000000
      vertex 77.510577 110.893296 -2.500000
      vertex 77.541678 110.873602 -2.500000
    endloop
  endfacet
  facet normal 0.492898 0.870087 0.000000
    outer loop
      vertex 77.510577 110.893296 -3.000000
      vertex 77.478548 110.911441 -3.000000
      vertex 77.510577 110.893296 -2.500000
    endloop
  endfacet
  facet normal 0.492898 0.870087 0.000000
    outer loop
      vertex 77.478548 110.911441 -3.000000
      vertex 77.478548 110.911441 -2.500000
      vertex 77.510577 110.893296 -2.500000
    endloop
  endfacet
  facet normal 0.449612 0.893224 0.000000
    outer loop
      vertex 77.478548 110.911441 -3.000000
      vertex 77.445667 110.927992 -3.000000
      vertex 77.478548 110.911441 -2.500000
    endloop
  endfacet
  facet normal 0.449612 0.893224 0.000000
    outer loop
      vertex 77.445667 110.927992 -3.000000
      vertex 77.445667 110.927992 -2.500000
      vertex 77.478548 110.911441 -2.500000
    endloop
  endfacet
  facet normal 0.405243 0.914209 0.000000
    outer loop
      vertex 77.445667 110.927992 -3.000000
      vertex 77.412014 110.942909 -3.000000
      vertex 77.445667 110.927992 -2.500000
    endloop
  endfacet
  facet normal 0.405243 0.914209 0.000000
    outer loop
      vertex 77.412014 110.942909 -3.000000
      vertex 77.412014 110.942909 -2.500000
      vertex 77.445667 110.927992 -2.500000
    endloop
  endfacet
  facet normal 0.359897 0.932992 0.000000
    outer loop
      vertex 77.412014 110.942909 -3.000000
      vertex 77.377669 110.956157 -3.000000
      vertex 77.412014 110.942909 -2.500000
    endloop
  endfacet
  facet normal 0.359897 0.932992 0.000000
    outer loop
      vertex 77.377669 110.956157 -3.000000
      vertex 77.377669 110.956157 -2.500000
      vertex 77.412014 110.942909 -2.500000
    endloop
  endfacet
  facet normal 0.313684 0.949527 0.000000
    outer loop
      vertex 77.377669 110.956157 -3.000000
      vertex 77.342715 110.967705 -3.000000
      vertex 77.377669 110.956157 -2.500000
    endloop
  endfacet
  facet normal 0.313684 0.949527 0.000000
    outer loop
      vertex 77.342715 110.967705 -3.000000
      vertex 77.342715 110.967705 -2.500000
      vertex 77.377669 110.956157 -2.500000
    endloop
  endfacet
  facet normal 0.266715 0.963775 0.000000
    outer loop
      vertex 77.342715 110.967705 -3.000000
      vertex 77.307237 110.977523 -3.000000
      vertex 77.342715 110.967705 -2.500000
    endloop
  endfacet
  facet normal 0.266715 0.963775 0.000000
    outer loop
      vertex 77.307237 110.977523 -3.000000
      vertex 77.307237 110.977523 -2.500000
      vertex 77.342715 110.967705 -2.500000
    endloop
  endfacet
  facet normal 0.219103 0.975702 0.000000
    outer loop
      vertex 77.307237 110.977523 -3.000000
      vertex 77.271319 110.985589 -3.000000
      vertex 77.307237 110.977523 -2.500000
    endloop
  endfacet
  facet normal 0.219103 0.975702 0.000000
    outer loop
      vertex 77.271319 110.985589 -3.000000
      vertex 77.271319 110.985589 -2.500000
      vertex 77.307237 110.977523 -2.500000
    endloop
  endfacet
  facet normal 0.170963 0.985277 0.000000
    outer loop
      vertex 77.271319 110.985589 -3.000000
      vertex 77.235048 110.991882 -3.000000
      vertex 77.271319 110.985589 -2.500000
    endloop
  endfacet
  facet normal 0.170963 0.985277 0.000000
    outer loop
      vertex 77.235048 110.991882 -3.000000
      vertex 77.235048 110.991882 -2.500000
      vertex 77.271319 110.985589 -2.500000
    endloop
  endfacet
  facet normal 0.122413 0.992479 0.000000
    outer loop
      vertex 77.235048 110.991882 -3.000000
      vertex 77.198515 110.996388 -3.000000
      vertex 77.235048 110.991882 -2.500000
    endloop
  endfacet
  facet normal 0.122413 0.992479 0.000000
    outer loop
      vertex 77.198515 110.996388 -3.000000
      vertex 77.198515 110.996388 -2.500000
      vertex 77.235048 110.991882 -2.500000
    endloop
  endfacet
  facet normal 0.073569 0.997290 0.000000
    outer loop
      vertex 77.198515 110.996388 -3.000000
      vertex 77.161804 110.999096 -3.000000
      vertex 77.198515 110.996388 -2.500000
    endloop
  endfacet
  facet normal 0.073569 0.997290 0.000000
    outer loop
      vertex 77.161804 110.999096 -3.000000
      vertex 77.161804 110.999096 -2.500000
      vertex 77.198515 110.996388 -2.500000
    endloop
  endfacet
  facet normal 0.024544 0.999699 0.000000
    outer loop
      vertex 77.161804 110.999096 -3.000000
      vertex 77.125000 111.000000 -3.000000
      vertex 77.161804 110.999096 -2.500000
    endloop
  endfacet
  facet normal 0.024544 0.999699 0.000000
    outer loop
      vertex 77.125000 111.000000 -3.000000
      vertex 77.125000 111.000000 -2.500000
      vertex 77.161804 110.999096 -2.500000
    endloop
  endfacet
  facet normal -0.000000 0.000000 1.000000
    outer loop
      vertex 74.633118 110.360048 -2.500000
      vertex 74.628612 110.323515 -2.500000
      vertex 74.625904 110.286804 -2.500000
    endloop
  endfacet
  facet normal -0.000000 -0.000000 1.000000
    outer loop
      vertex 77.874096 110.286804 -2.500000
      vertex 77.871388 110.323515 -2.500000
      vertex 77.866882 110.360048 -2.500000
    endloop
  endfacet
  facet normal 0.000000 -0.000000 1.000000
    outer loop
      vertex 74.625904 108.713196 -2.500000
      vertex 74.628612 108.676485 -2.500000
      vertex 74.633118 108.639952 -2.500000
    endloop
  endfacet
  facet normal -0.000000 -0.000000 1.000000
    outer loop
      vertex 77.161804 108.000904 -2.500000
      vertex 77.198515 108.003612 -2.500000
      vertex 77.235048 108.008118 -2.500000
    endloop
  endfacet
  facet normal 0.000000 -0.000000 1.000000
    outer loop
      vertex 75.264952 108.008118 -2.500000
      vertex 75.301485 108.003612 -2.500000
      vertex 75.338196 108.000904 -2.500000
    endloop
  endfacet
  facet normal 0.000000 0.000000 1.000000
    outer loop
      vertex 77.866882 108.639952 -2.500000
      vertex 77.871388 108.676485 -2.500000
      vertex 77.874096 108.713196 -2.500000
    endloop
  endfacet
  facet normal -0.000000 0.000000 1.000000
    outer loop
      vertex 75.338196 110.999096 -2.500000
      vertex 75.301485 110.996388 -2.500000
      vertex 75.264952 110.991882 -2.500000
    endloop
  endfacet
  facet normal -0.000000 -0.000000 1.000000
    outer loop
      vertex 77.235048 110.991882 -2.500000
      vertex 77.198515 110.996388 -2.500000
      vertex 77.161804 110.999096 -2.500000
    endloop
  endfacet
  facet normal 0.000000 -0.000000 1.000000
    outer loop
      vertex 77.412014 108.057091 -2.500000
      vertex 77.445667 108.072008 -2.500000
      vertex 77.478548 108.088559 -2.500000
    endloop
  endfacet
  facet normal 0.000000 0.000000 1.000000
    outer loop
      vertex 74.713559 110.603548 -2.500000
      vertex 74.697008 110.570667 -2.500000
      vertex 74.682091 110.537014 -2.500000
    endloop
  endfacet
  facet normal -0.000000 0.000000 1.000000
    outer loop
      vertex 77.786441 108.396452 -2.500000
      vertex 77.802992 108.429333 -2.500000
      vertex 77.817909 108.462986 -2.500000
    endloop
  endfacet
  facet normal -0.000000 -0.000000 1.000000
    outer loop
      vertex 77.478548 110.911441 -2.500000
      vertex 77.445667 110.927992 -2.500000
      vertex 77.412014 110.942909 -2.500000
    endloop
  endfacet
  facet normal -0.000000 -0.000000 1.000000
    outer loop
      vertex 77.817909 110.537014 -2.500000
      vertex 77.802992 110.570667 -2.500000
      vertex 77.786441 110.603548 -2.500000
    endloop
  endfacet
  facet normal 0.000000 -0.000000 1.000000
    outer loop
      vertex 75.087986 110.942909 -2.500000
      vertex 75.054333 110.927992 -2.500000
      vertex 75.021452 110.911441 -2.500000
    endloop
  endfacet
  facet normal 0.000000 -0.000000 1.000000
    outer loop
      vertex 74.682091 108.462986 -2.500000
      vertex 74.697008 108.429333 -2.500000
      vertex 74.713559 108.396452 -2.500000
    endloop
  endfacet
  facet normal 0.000000 0.000000 1.000000
    outer loop
      vertex 75.021452 108.088559 -2.500000
      vertex 75.054333 108.072008 -2.500000
      vertex 75.087986 108.057091 -2.500000
    endloop
  endfacet
  facet normal -0.000000 -0.000000 1.000000
    outer loop
      vertex 77.727405 110.696775 -2.500000
      vertex 77.704757 110.725795 -2.500000
      vertex 77.680713 110.753669 -2.500000
    endloop
  endfacet
  facet normal 0.000000 -0.000000 1.000000
    outer loop
      vertex 74.772595 108.303225 -2.500000
      vertex 74.795243 108.274205 -2.500000
      vertex 74.819287 108.246331 -2.500000
    endloop
  endfacet
  facet normal -0.000000 0.000000 1.000000
    outer loop
      vertex 77.571775 108.147595 -2.500000
      vertex 77.600795 108.170243 -2.500000
      vertex 77.628669 108.194287 -2.500000
    endloop
  endfacet
  facet normal -0.000000 -0.000000 1.000000
    outer loop
      vertex 77.628669 110.805713 -2.500000
      vertex 77.600795 110.829757 -2.500000
      vertex 77.571775 110.852405 -2.500000
    endloop
  endfacet
  facet normal 0.000000 -0.000000 1.000000
    outer loop
      vertex 74.871331 108.194287 -2.500000
      vertex 74.899205 108.170243 -2.500000
      vertex 74.928225 108.147595 -2.500000
    endloop
  endfacet
  facet normal -0.000000 0.000000 1.000000
    outer loop
      vertex 74.819287 110.753669 -2.500000
      vertex 74.795243 110.725795 -2.500000
      vertex 74.772595 110.696775 -2.500000
    endloop
  endfacet
  facet normal 0.000000 -0.000000 1.000000
    outer loop
      vertex 77.680713 108.246331 -2.500000
      vertex 77.704757 108.274205 -2.500000
      vertex 77.727405 108.303225 -2.500000
    endloop
  endfacet
  facet normal 0.000000 0.000000 1.000000
    outer loop
      vertex 74.928225 110.852405 -2.500000
      vertex 74.899205 110.829757 -2.500000
      vertex 74.871331 110.805713 -2.500000
    endloop
  endfacet
  facet normal 0.000000 0.000000 1.000000
    outer loop
      vertex 75.087986 108.057091 -2.500000
      vertex 75.122331 108.043843 -2.500000
      vertex 75.157285 108.032295 -2.500000
    endloop
  endfacet
  facet normal -0.000000 0.000000 1.000000
    outer loop
      vertex 77.817909 108.462986 -2.500000
      vertex 77.831157 108.497331 -2.500000
      vertex 77.842705 108.532285 -2.500000
    endloop
  endfacet
  facet normal -0.000000 -0.000000 1.000000
    outer loop
      vertex 77.412014 110.942909 -2.500000
      vertex 77.377669 110.956157 -2.500000
      vertex 77.342715 110.967705 -2.500000
    endloop
  endfacet
  facet normal 0.000000 -0.000000 1.000000
    outer loop
      vertex 75.157285 110.967705 -2.500000
      vertex 75.122331 110.956157 -2.500000
      vertex 75.087986 110.942909 -2.500000
    endloop
  endfacet
  facet normal 0.000000 -0.000000 1.000000
    outer loop
      vertex 74.657295 108.532285 -2.500000
      vertex 74.668843 108.497331 -2.500000
      vertex 74.682091 108.462986 -2.500000
    endloop
  endfacet
  facet normal -0.000000 -0.000000 1.000000
    outer loop
      vertex 77.342715 108.032295 -2.500000
      vertex 77.377669 108.043843 -2.500000
      vertex 77.412014 108.057091 -2.500000
    endloop
  endfacet
  facet normal -0.000000 0.000000 1.000000
    outer loop
      vertex 74.682091 110.537014 -2.500000
      vertex 74.668843 110.502669 -2.500000
      vertex 74.657295 110.467715 -2.500000
    endloop
  endfacet
  facet normal -0.000000 -0.000000 1.000000
    outer loop
      vertex 77.842705 110.467715 -2.500000
      vertex 77.831157 110.502669 -2.500000
      vertex 77.817909 110.537014 -2.500000
    endloop
  endfacet
  facet normal -0.000000 0.000000 1.000000
    outer loop
      vertex 77.628669 108.194287 -2.500000
      vertex 77.655330 108.219670 -2.500000
      vertex 77.680713 108.246331 -2.500000
    endloop
  endfacet
  facet normal -0.000000 0.000000 1.000000
    outer loop
      vertex 74.871331 110.805713 -2.500000
      vertex 74.844670 110.780330 -2.500000
      vertex 74.819287 110.753669 -2.500000
    endloop
  endfacet
  facet normal 0.000000 -0.000000 1.000000
    outer loop
      vertex 74.819287 108.246331 -2.500000
      vertex 74.844670 108.219670 -2.500000
      vertex 74.871331 108.194287 -2.500000
    endloop
  endfacet
  facet normal -0.000000 -0.000000 1.000000
    outer loop
      vertex 77.680713 110.753669 -2.500000
      vertex 77.655330 110.780330 -2.500000
      vertex 77.628669 110.805713 -2.500000
    endloop
  endfacet
  facet normal 0.000000 -0.000000 1.000000
    outer loop
      vertex 75.021452 110.911441 -2.500000
      vertex 74.989423 110.893296 -2.500000
      vertex 74.958322 110.873602 -2.500000
    endloop
  endfacet
  facet normal -0.000000 -0.000000 1.000000
    outer loop
      vertex 77.541678 110.873602 -2.500000
      vertex 77.510577 110.893296 -2.500000
      vertex 77.478548 110.911441 -2.500000
    endloop
  endfacet
  facet normal 0.000000 -0.000000 1.000000
    outer loop
      vertex 74.713559 108.396452 -2.500000
      vertex 74.731704 108.364423 -2.500000
      vertex 74.751398 108.333322 -2.500000
    endloop
  endfacet
  facet normal -0.000000 -0.000000 1.000000
    outer loop
      vertex 77.786441 110.603548 -2.500000
      vertex 77.768296 110.635577 -2.500000
      vertex 77.748602 110.666678 -2.500000
    endloop
  endfacet
  facet normal 0.000000 -0.000000 1.000000
    outer loop
      vertex 74.751398 110.666678 -2.500000
      vertex 74.731704 110.635577 -2.500000
      vertex 74.713559 110.603548 -2.500000
    endloop
  endfacet
  facet normal 0.000000 -0.000000 1.000000
    outer loop
      vertex 74.958322 108.126398 -2.500000
      vertex 74.989423 108.106704 -2.500000
      vertex 75.021452 108.088559 -2.500000
    endloop
  endfacet
  facet normal -0.000000 0.000000 1.000000
    outer loop
      vertex 77.748602 108.333322 -2.500000
      vertex 77.768296 108.364423 -2.500000
      vertex 77.786441 108.396452 -2.500000
    endloop
  endfacet
  facet normal 0.000000 -0.000000 1.000000
    outer loop
      vertex 77.478548 108.088559 -2.500000
      vertex 77.510577 108.106704 -2.500000
      vertex 77.541678 108.126398 -2.500000
    endloop
  endfacet
  facet normal 0.000000 -0.000000 1.000000
    outer loop
      vertex 74.639411 108.603681 -2.500000
      vertex 74.647477 108.567763 -2.500000
      vertex 74.657295 108.532285 -2.500000
    endloop
  endfacet
  facet normal 0.000000 -0.000000 1.000000
    outer loop
      vertex 75.157285 108.032295 -2.500000
      vertex 75.192763 108.022477 -2.500000
      vertex 75.228681 108.014411 -2.500000
    endloop
  endfacet
  facet normal -0.000000 -0.000000 1.000000
    outer loop
      vertex 77.860589 110.396319 -2.500000
      vertex 77.852523 110.432237 -2.500000
      vertex 77.842705 110.467715 -2.500000
    endloop
  endfacet
  facet normal 0.000000 0.000000 1.000000
    outer loop
      vertex 75.228681 110.985589 -2.500000
      vertex 75.192763 110.977523 -2.500000
      vertex 75.157285 110.967705 -2.500000
    endloop
  endfacet
  facet normal 0.000000 0.000000 1.000000
    outer loop
      vertex 77.842705 108.532285 -2.500000
      vertex 77.852523 108.567763 -2.500000
      vertex 77.860589 108.603681 -2.500000
    endloop
  endfacet
  facet normal -0.000000 0.000000 1.000000
    outer loop
      vertex 77.271319 108.014411 -2.500000
      vertex 77.307237 108.022477 -2.500000
      vertex 77.342715 108.032295 -2.500000
    endloop
  endfacet
  facet normal -0.000000 -0.000000 1.000000
    outer loop
      vertex 77.342715 110.967705 -2.500000
      vertex 77.307237 110.977523 -2.500000
      vertex 77.271319 110.985589 -2.500000
    endloop
  endfacet
  facet normal 0.000000 0.000000 1.000000
    outer loop
      vertex 74.657295 110.467715 -2.500000
      vertex 74.647477 110.432237 -2.500000
      vertex 74.639411 110.396319 -2.500000
    endloop
  endfacet
  facet normal 0.000000 0.000000 1.000000
    outer loop
      vertex 74.639411 110.396319 -2.500000
      vertex 74.633118 110.360048 -2.500000
      vertex 74.625904 110.286804 -2.500000
    endloop
  endfacet
  facet normal -0.000000 -0.000000 1.000000
    outer loop
      vertex 77.874096 110.286804 -2.500000
      vertex 77.866882 110.360048 -2.500000
      vertex 77.860589 110.396319 -2.500000
    endloop
  endfacet
  facet normal 0.000000 -0.000000 1.000000
    outer loop
      vertex 74.625904 108.713196 -2.500000
      vertex 74.633118 108.639952 -2.500000
      vertex 74.639411 108.603681 -2.500000
    endloop
  endfacet
  facet normal -0.000000 0.000000 1.000000
    outer loop
      vertex 75.338196 110.999096 -2.500000
      vertex 75.264952 110.991882 -2.500000
      vertex 75.228681 110.985589 -2.500000
    endloop
  endfacet
  facet normal -0.000000 0.000000 1.000000
    outer loop
      vertex 77.161804 108.000904 -2.500000
      vertex 77.235048 108.008118 -2.500000
      vertex 77.271319 108.014411 -2.500000
    endloop
  endfacet
  facet normal 0.000000 0.000000 1.000000
    outer loop
      vertex 77.860589 108.603681 -2.500000
      vertex 77.866882 108.639952 -2.500000
      vertex 77.874096 108.713196 -2.500000
    endloop
  endfacet
  facet normal 0.000000 -0.000000 1.000000
    outer loop
      vertex 75.228681 108.014411 -2.500000
      vertex 75.264952 108.008118 -2.500000
      vertex 75.338196 108.000904 -2.500000
    endloop
  endfacet
  facet normal -0.000000 -0.000000 1.000000
    outer loop
      vertex 77.271319 110.985589 -2.500000
      vertex 77.235048 110.991882 -2.500000
      vertex 77.161804 110.999096 -2.500000
    endloop
  endfacet
  facet normal 0.000000 -0.000000 1.000000
    outer loop
      vertex 77.541678 108.126398 -2.500000
      vertex 77.571775 108.147595 -2.500000
      vertex 77.628669 108.194287 -2.500000
    endloop
  endfacet
  facet normal -0.000000 -0.000000 1.000000
    outer loop
      vertex 77.628669 110.805713 -2.500000
      vertex 77.571775 110.852405 -2.500000
      vertex 77.541678 110.873602 -2.500000
    endloop
  endfacet
  facet normal 0.000000 -0.000000 1.000000
    outer loop
      vertex 74.751398 108.333322 -2.500000
      vertex 74.772595 108.303225 -2.500000
      vertex 74.819287 108.246331 -2.500000
    endloop
  endfacet
  facet normal -0.000000 -0.000000 1.000000
    outer loop
      vertex 77.748602 110.666678 -2.500000
      vertex 77.727405 110.696775 -2.500000
      vertex 77.680713 110.753669 -2.500000
    endloop
  endfacet
  facet normal 0.000000 -0.000000 1.000000
    outer loop
      vertex 74.871331 108.194287 -2.500000
      vertex 74.928225 108.147595 -2.500000
      vertex 74.958322 108.126398 -2.500000
    endloop
  endfacet
  facet normal -0.000000 0.000000 1.000000
    outer loop
      vertex 74.819287 110.753669 -2.500000
      vertex 74.772595 110.696775 -2.500000
      vertex 74.751398 110.666678 -2.500000
    endloop
  endfacet
  facet normal -0.000000 0.000000 1.000000
    outer loop
      vertex 77.680713 108.246331 -2.500000
      vertex 77.727405 108.303225 -2.500000
      vertex 77.748602 108.333322 -2.500000
    endloop
  endfacet
  facet normal 0.000000 -0.000000 1.000000
    outer loop
      vertex 74.958322 110.873602 -2.500000
      vertex 74.928225 110.852405 -2.500000
      vertex 74.871331 110.805713 -2.500000
    endloop
  endfacet
  facet normal 0.000000 0.000000 1.000000
    outer loop
      vertex 74.639411 110.396319 -2.500000
      vertex 74.625904 110.286804 -2.500000
      vertex 74.625000 110.250000 -2.500000
    endloop
  endfacet
  facet normal -0.000000 -0.000000 1.000000
    outer loop
      vertex 77.875000 110.250000 -2.500000
      vertex 77.874096 110.286804 -2.500000
      vertex 77.860589 110.396319 -2.500000
    endloop
  endfacet
  facet normal -0.000000 0.000000 1.000000
    outer loop
      vertex 75.375000 111.000000 -2.500000
      vertex 75.338196 110.999096 -2.500000
      vertex 75.228681 110.985589 -2.500000
    endloop
  endfacet
  facet normal -0.000000 0.000000 1.000000
    outer loop
      vertex 77.125000 108.000000 -2.500000
      vertex 77.161804 108.000904 -2.500000
      vertex 77.271319 108.014411 -2.500000
    endloop
  endfacet
  facet normal -0.000000 0.000000 1.000000
    outer loop
      vertex 77.860589 108.603681 -2.500000
      vertex 77.874096 108.713196 -2.500000
      vertex 77.875000 108.750000 -2.500000
    endloop
  endfacet
  facet normal 0.000000 -0.000000 1.000000
    outer loop
      vertex 74.625000 108.750000 -2.500000
      vertex 74.625904 108.713196 -2.500000
      vertex 74.639411 108.603681 -2.500000
    endloop
  endfacet
  facet normal -0.000000 -0.000000 1.000000
    outer loop
      vertex 77.271319 110.985589 -2.500000
      vertex 77.161804 110.999096 -2.500000
      vertex 77.125000 111.000000 -2.500000
    endloop
  endfacet
  facet normal 0.000000 -0.000000 1.000000
    outer loop
      vertex 75.228681 108.014411 -2.500000
      vertex 75.338196 108.000904 -2.500000
      vertex 75.375000 108.000000 -2.500000
    endloop
  endfacet
  facet normal 0.000000 0.000000 1.000000
    outer loop
      vertex 77.786441 108.396452 -2.500000
      vertex 77.817909 108.462986 -2.500000
      vertex 77.842705 108.532285 -2.500000
    endloop
  endfacet
  facet normal -0.000000 0.000000 1.000000
    outer loop
      vertex 77.342715 108.032295 -2.500000
      vertex 77.412014 108.057091 -2.500000
      vertex 77.478548 108.088559 -2.500000
    endloop
  endfacet
  facet normal -0.000000 -0.000000 1.000000
    outer loop
      vertex 77.478548 110.911441 -2.500000
      vertex 77.412014 110.942909 -2.500000
      vertex 77.342715 110.967705 -2.500000
    endloop
  endfacet
  facet normal 0.000000 -0.000000 1.000000
    outer loop
      vertex 75.021452 108.088559 -2.500000
      vertex 75.087986 108.057091 -2.500000
      vertex 75.157285 108.032295 -2.500000
    endloop
  endfacet
  facet normal 0.000000 0.000000 1.000000
    outer loop
      vertex 74.713559 110.603548 -2.500000
      vertex 74.682091 110.537014 -2.500000
      vertex 74.657295 110.467715 -2.500000
    endloop
  endfacet
  facet normal -0.000000 0.000000 1.000000
    outer loop
      vertex 75.157285 110.967705 -2.500000
      vertex 75.087986 110.942909 -2.500000
      vertex 75.021452 110.911441 -2.500000
    endloop
  endfacet
  facet normal 0.000000 -0.000000 1.000000
    outer loop
      vertex 74.657295 108.532285 -2.500000
      vertex 74.682091 108.462986 -2.500000
      vertex 74.713559 108.396452 -2.500000
    endloop
  endfacet
  facet normal -0.000000 -0.000000 1.000000
    outer loop
      vertex 77.842705 110.467715 -2.500000
      vertex 77.817909 110.537014 -2.500000
      vertex 77.786441 110.603548 -2.500000
    endloop
  endfacet
  facet normal -0.000000 0.000000 1.000000
    outer loop
      vertex 77.541678 108.126398 -2.500000
      vertex 77.628669 108.194287 -2.500000
      vertex 77.680713 108.246331 -2.500000
    endloop
  endfacet
  facet normal 0.000000 -0.000000 1.000000
    outer loop
      vertex 74.751398 108.333322 -2.500000
      vertex 74.819287 108.246331 -2.500000
      vertex 74.871331 108.194287 -2.500000
    endloop
  endfacet
  facet normal -0.000000 -0.000000 1.000000
    outer loop
      vertex 77.680713 110.753669 -2.500000
      vertex 77.628669 110.805713 -2.500000
      vertex 77.541678 110.873602 -2.500000
    endloop
  endfacet
  facet normal 0.000000 0.000000 1.000000
    outer loop
      vertex 74.871331 110.805713 -2.500000
      vertex 74.819287 110.753669 -2.500000
      vertex 74.751398 110.666678 -2.500000
    endloop
  endfacet
  facet normal -0.000000 -0.000000 1.000000
    outer loop
      vertex 77.786441 110.603548 -2.500000
      vertex 77.748602 110.666678 -2.500000
      vertex 77.680713 110.753669 -2.500000
    endloop
  endfacet
  facet normal -0.000000 0.000000 1.000000
    outer loop
      vertex 75.021452 110.911441 -2.500000
      vertex 74.958322 110.873602 -2.500000
      vertex 74.871331 110.805713 -2.500000
    endloop
  endfacet
  facet normal 0.000000 -0.000000 1.000000
    outer loop
      vertex 74.871331 108.194287 -2.500000
      vertex 74.958322 108.126398 -2.500000
      vertex 75.021452 108.088559 -2.500000
    endloop
  endfacet
  facet normal -0.000000 0.000000 1.000000
    outer loop
      vertex 77.680713 108.246331 -2.500000
      vertex 77.748602 108.333322 -2.500000
      vertex 77.786441 108.396452 -2.500000
    endloop
  endfacet
  facet normal -0.000000 -0.000000 1.000000
    outer loop
      vertex 77.541678 110.873602 -2.500000
      vertex 77.478548 110.911441 -2.500000
      vertex 77.342715 110.967705 -2.500000
    endloop
  endfacet
  facet normal -0.000000 0.000000 1.000000
    outer loop
      vertex 74.751398 110.666678 -2.500000
      vertex 74.713559 110.603548 -2.500000
      vertex 74.657295 110.467715 -2.500000
    endloop
  endfacet
  facet normal 0.000000 -0.000000 1.000000
    outer loop
      vertex 74.657295 108.532285 -2.500000
      vertex 74.713559 108.396452 -2.500000
      vertex 74.751398 108.333322 -2.500000
    endloop
  endfacet
  facet normal -0.000000 0.000000 1.000000
    outer loop
      vertex 77.342715 108.032295 -2.500000
      vertex 77.478548 108.088559 -2.500000
      vertex 77.541678 108.126398 -2.500000
    endloop
  endfacet
  facet normal 0.000000 -0.000000 1.000000
    outer loop
      vertex 75.021452 108.088559 -2.500000
      vertex 75.157285 108.032295 -2.500000
      vertex 75.228681 108.014411 -2.500000
    endloop
  endfacet
  facet normal -0.000000 0.000000 1.000000
    outer loop
      vertex 77.786441 108.396452 -2.500000
      vertex 77.842705 108.532285 -2.500000
      vertex 77.860589 108.603681 -2.500000
    endloop
  endfacet
  facet normal -0.000000 0.000000 1.000000
    outer loop
      vertex 75.228681 110.985589 -2.500000
      vertex 75.157285 110.967705 -2.500000
      vertex 75.021452 110.911441 -2.500000
    endloop
  endfacet
  facet normal -0.000000 -0.000000 1.000000
    outer loop
      vertex 77.860589 110.396319 -2.500000
      vertex 77.842705 110.467715 -2.500000
      vertex 77.786441 110.603548 -2.500000
    endloop
  endfacet
  facet normal 0.000000 -0.000000 1.000000
    outer loop
      vertex 74.625000 108.750000 -2.500000
      vertex 74.639411 108.603681 -2.500000
      vertex 74.657295 108.532285 -2.500000
    endloop
  endfacet
  facet normal -0.000000 0.000000 1.000000
    outer loop
      vertex 74.657295 110.467715 -2.500000
      vertex 74.639411 110.396319 -2.500000
      vertex 74.625000 110.250000 -2.500000
    endloop
  endfacet
  facet normal -0.000000 0.000000 1.000000
    outer loop
      vertex 77.125000 108.000000 -2.500000
      vertex 77.271319 108.014411 -2.500000
      vertex 77.342715 108.032295 -2.500000
    endloop
  endfacet
  facet normal -0.000000 -0.000000 1.000000
    outer loop
      vertex 77.342715 110.967705 -2.500000
      vertex 77.271319 110.985589 -2.500000
      vertex 77.125000 111.000000 -2.500000
    endloop
  endfacet
  facet normal -0.000000 0.000000 1.000000
    outer loop
      vertex 77.786441 108.396452 -2.500000
      vertex 77.860589 108.603681 -2.500000
      vertex 77.875000 108.750000 -2.500000
    endloop
  endfacet
  facet normal -0.000000 0.000000 1.000000
    outer loop
      vertex 75.375000 111.000000 -2.500000
      vertex 75.228681 110.985589 -2.500000
      vertex 75.021452 110.911441 -2.500000
    endloop
  endfacet
  facet normal 0.000000 -0.000000 1.000000
    outer loop
      vertex 75.021452 108.088559 -2.500000
      vertex 75.228681 108.014411 -2.500000
      vertex 75.375000 108.000000 -2.500000
    endloop
  endfacet
  facet normal -0.000000 -0.000000 1.000000
    outer loop
      vertex 77.875000 110.250000 -2.500000
      vertex 77.860589 110.396319 -2.500000
      vertex 77.786441 110.603548 -2.500000
    endloop
  endfacet
  facet normal -0.000000 -0.000000 1.000000
    outer loop
      vertex 77.786441 110.603548 -2.500000
      vertex 77.680713 110.753669 -2.500000
      vertex 77.541678 110.873602 -2.500000
    endloop
  endfacet
  facet normal -0.000000 -0.000000 1.000000
    outer loop
      vertex 77.875000 110.250000 -2.500000
      vertex 77.786441 110.603548 -2.500000
      vertex 77.541678 110.873602 -2.500000
    endloop
  endfacet
  facet normal -0.000000 0.000000 1.000000
    outer loop
      vertex 77.541678 108.126398 -2.500000
      vertex 77.680713 108.246331 -2.500000
      vertex 77.786441 108.396452 -2.500000
    endloop
  endfacet
  facet normal -0.000000 0.000000 1.000000
    outer loop
      vertex 77.541678 108.126398 -2.500000
      vertex 77.786441 108.396452 -2.500000
      vertex 77.875000 108.750000 -2.500000
    endloop
  endfacet
  facet normal 0.000000 -0.000000 1.000000
    outer loop
      vertex 74.751398 108.333322 -2.500000
      vertex 74.871331 108.194287 -2.500000
      vertex 75.021452 108.088559 -2.500000
    endloop
  endfacet
  facet normal 0.000000 -0.000000 1.000000
    outer loop
      vertex 74.751398 108.333322 -2.500000
      vertex 75.021452 108.088559 -2.500000
      vertex 75.375000 108.000000 -2.500000
    endloop
  endfacet
  facet normal -0.000000 0.000000 1.000000
    outer loop
      vertex 75.021452 110.911441 -2.500000
      vertex 74.871331 110.805713 -2.500000
      vertex 74.751398 110.666678 -2.500000
    endloop
  endfacet
  facet normal -0.000000 0.000000 1.000000
    outer loop
      vertex 75.375000 111.000000 -2.500000
      vertex 75.021452 110.911441 -2.500000
      vertex 74.751398 110.666678 -2.500000
    endloop
  endfacet
  facet normal 0.000000 -0.000000 1.000000
    outer loop
      vertex 74.625000 108.750000 -2.500000
      vertex 74.657295 108.532285 -2.500000
      vertex 74.751398 108.333322 -2.500000
    endloop
  endfacet
  facet normal 0.000000 -0.000000 1.000000
    outer loop
      vertex 74.625000 108.750000 -2.500000
      vertex 74.751398 108.333322 -2.500000
      vertex 75.375000 108.000000 -2.500000
    endloop
  endfacet
  facet normal -0.000000 -0.000000 1.000000
    outer loop
      vertex 74.625000 110.250000 -2.500000
      vertex 74.625000 108.750000 -2.500000
      vertex 75.375000 108.000000 -2.500000
    endloop
  endfacet
  facet normal -0.000000 -0.000000 1.000000
    outer loop
      vertex 74.625000 110.250000 -2.500000
      vertex 75.375000 108.000000 -2.500000
      vertex 77.125000 108.000000 -2.500000
    endloop
  endfacet
  facet normal -0.000000 0.000000 1.000000
    outer loop
      vertex 74.751398 110.666678 -2.500000
      vertex 74.657295 110.467715 -2.500000
      vertex 74.625000 110.250000 -2.500000
    endloop
  endfacet
  facet normal -0.000000 0.000000 1.000000
    outer loop
      vertex 75.375000 111.000000 -2.500000
      vertex 74.751398 110.666678 -2.500000
      vertex 74.625000 110.250000 -2.500000
    endloop
  endfacet
  facet normal 0.000000 -0.000000 1.000000
    outer loop
      vertex 77.125000 111.000000 -2.500000
      vertex 75.375000 111.000000 -2.500000
      vertex 74.625000 110.250000 -2.500000
    endloop
  endfacet
  facet normal 0.000000 -0.000000 1.000000
    outer loop
      vertex 77.125000 111.000000 -2.500000
      vertex 74.625000 110.250000 -2.500000
      vertex 77.125000 108.000000 -2.500000
    endloop
  endfacet
  facet normal -0.000000 -0.000000 1.000000
    outer loop
      vertex 77.541678 110.873602 -2.500000
      vertex 77.342715 110.967705 -2.500000
      vertex 77.125000 111.000000 -2.500000
    endloop
  endfacet
  facet normal -0.000000 -0.000000 1.000000
    outer loop
      vertex 77.875000 110.250000 -2.500000
      vertex 77.541678 110.873602 -2.500000
      vertex 77.125000 111.000000 -2.500000
    endloop
  endfacet
  facet normal -0.000000 -0.000000 1.000000
    outer loop
      vertex 77.875000 108.750000 -2.500000
      vertex 77.875000 110.250000 -2.500000
      vertex 77.125000 111.000000 -2.500000
    endloop
  endfacet
  facet normal 0.000000 -0.000000 1.000000
    outer loop
      vertex 77.541678 108.126398 -2.500000
      vertex 77.875000 108.750000 -2.500000
      vertex 77.125000 111.000000 -2.500000
    endloop
  endfacet
  facet normal -0.000000 0.000000 1.000000
    outer loop
      vertex 77.125000 108.000000 -2.500000
      vertex 77.342715 108.032295 -2.500000
      vertex 77.541678 108.126398 -2.500000
    endloop
  endfacet
  facet normal -0.000000 -0.000000 1.000000
    outer loop
      vertex 77.125000 111.000000 -2.500000
      vertex 77.125000 108.000000 -2.500000
      vertex 77.541678 108.126398 -2.500000
    endloop
  endfacet
  facet normal -1.000000 0.000000 0.000000
    outer loop
      vertex 74.625000 108.750000 -3.000000
      vertex 74.625000 108.750000 -2.500000
      vertex 74.625000 110.250000 -2.500000
    endloop
  endfacet
  facet normal -1.000000 0.000000 0.000000
    outer loop
      vertex 74.625000 108.750000 -3.000000
      vertex 74.625000 110.250000 -2.500000
      vertex 74.625000 110.250000 -3.000000
    endloop
  endfacet
  facet normal -1.000000 0.000000 0.000000
    outer loop
      vertex 74.625000 108.750000 -3.000000
      vertex 74.625000 110.250000 -3.000000
      vertex 74.625000 110.250000 -4.250000
    endloop
  endfacet
  facet normal -1.000000 0.000000 0.000000
    outer loop
      vertex 74.625000 110.250000 -4.250000
      vertex 74.625000 108.750000 -4.250000
      vertex 74.625000 108.750000 -3.000000
    endloop
  endfacet
  facet normal -0.024544 0.999699 0.000000
    outer loop
      vertex 75.338196 110.999096 -3.000000
      vertex 75.375000 111.000000 -3.000000
      vertex 75.338196 110.999096 -4.250000
    endloop
  endfacet
  facet normal -0.024543 0.999699 0.000000
    outer loop
      vertex 75.375000 111.000000 -3.000000
      vertex 75.375000 111.000000 -4.250000
      vertex 75.338196 110.999096 -4.250000
    endloop
  endfacet
  facet normal -0.073568 0.997290 -0.000000
    outer loop
      vertex 75.338196 110.999096 -4.250000
      vertex 75.301485 110.996388 -4.250000
      vertex 75.338196 110.999096 -3.000000
    endloop
  endfacet
  facet normal -0.073569 0.997290 0.000000
    outer loop
      vertex 75.301485 110.996388 -4.250000
      vertex 75.301485 110.996388 -3.000000
      vertex 75.338196 110.999096 -3.000000
    endloop
  endfacet
  facet normal -0.122412 0.992479 -0.000000
    outer loop
      vertex 75.301485 110.996388 -4.250000
      vertex 75.264953 110.991882 -4.250000
      vertex 75.301485 110.996388 -3.000000
    endloop
  endfacet
  facet normal -0.122413 0.992479 0.000000
    outer loop
      vertex 75.264953 110.991882 -4.250000
      vertex 75.264952 110.991882 -3.000000
      vertex 75.301485 110.996388 -3.000000
    endloop
  endfacet
  facet normal -0.170962 0.985278 -0.000000
    outer loop
      vertex 75.264953 110.991882 -4.250000
      vertex 75.228682 110.985589 -4.250000
      vertex 75.264952 110.991882 -3.000000
    endloop
  endfacet
  facet normal -0.170963 0.985277 0.000000
    outer loop
      vertex 75.228682 110.985589 -4.250000
      vertex 75.228681 110.985589 -3.000000
      vertex 75.264952 110.991882 -3.000000
    endloop
  endfacet
  facet normal -0.219102 0.975702 -0.000000
    outer loop
      vertex 75.228682 110.985589 -4.250000
      vertex 75.192763 110.977523 -4.250000
      vertex 75.228681 110.985589 -3.000000
    endloop
  endfacet
  facet normal -0.219103 0.975702 0.000000
    outer loop
      vertex 75.192763 110.977523 -4.250000
      vertex 75.192763 110.977523 -3.000000
      vertex 75.228681 110.985589 -3.000000
    endloop
  endfacet
  facet normal -0.266715 0.963775 -0.000000
    outer loop
      vertex 75.192763 110.977523 -4.250000
      vertex 75.157285 110.967705 -4.250000
      vertex 75.192763 110.977523 -3.000000
    endloop
  endfacet
  facet normal -0.266715 0.963775 0.000000
    outer loop
      vertex 75.157285 110.967705 -4.250000
      vertex 75.157285 110.967705 -3.000000
      vertex 75.192763 110.977523 -3.000000
    endloop
  endfacet
  facet normal -0.313684 0.949527 -0.000000
    outer loop
      vertex 75.157285 110.967705 -4.250000
      vertex 75.122331 110.956157 -4.250000
      vertex 75.122331 110.956157 -3.000000
    endloop
  endfacet
  facet normal -0.313684 0.949527 -0.000000
    outer loop
      vertex 75.157285 110.967705 -4.250000
      vertex 75.122331 110.956157 -3.000000
      vertex 75.157285 110.967705 -3.000000
    endloop
  endfacet
  facet normal -0.359897 0.932992 0.000000
    outer loop
      vertex 75.122331 110.956157 -4.250000
      vertex 75.087986 110.942909 -4.250000
      vertex 75.122331 110.956157 -3.000000
    endloop
  endfacet
  facet normal -0.359897 0.932992 0.000000
    outer loop
      vertex 75.087986 110.942909 -4.250000
      vertex 75.087986 110.942909 -3.000000
      vertex 75.122331 110.956157 -3.000000
    endloop
  endfacet
  facet normal -0.405243 0.914209 -0.000000
    outer loop
      vertex 75.087986 110.942909 -4.250000
      vertex 75.054333 110.927992 -4.250000
      vertex 75.087986 110.942909 -3.000000
    endloop
  endfacet
  facet normal -0.405243 0.914209 0.000000
    outer loop
      vertex 75.054333 110.927992 -4.250000
      vertex 75.054333 110.927992 -3.000000
      vertex 75.087986 110.942909 -3.000000
    endloop
  endfacet
  facet normal -0.449612 0.893224 -0.000000
    outer loop
      vertex 75.054333 110.927992 -4.250000
      vertex 75.021453 110.911441 -4.250000
      vertex 75.054333 110.927992 -3.000000
    endloop
  endfacet
  facet normal -0.449612 0.893224 0.000000
    outer loop
      vertex 75.021453 110.911441 -4.250000
      vertex 75.021452 110.911441 -3.000000
      vertex 75.054333 110.927992 -3.000000
    endloop
  endfacet
  facet normal -0.492898 0.870087 -0.000000
    outer loop
      vertex 75.021453 110.911441 -4.250000
      vertex 74.989423 110.893297 -4.250000
      vertex 75.021452 110.911441 -3.000000
    endloop
  endfacet
  facet normal -0.492898 0.870087 0.000000
    outer loop
      vertex 74.989423 110.893297 -4.250000
      vertex 74.989423 110.893296 -3.000000
      vertex 75.021452 110.911441 -3.000000
    endloop
  endfacet
  facet normal -0.534998 0.844853 -0.000000
    outer loop
      vertex 74.989423 110.893297 -4.250000
      vertex 74.958322 110.873602 -4.250000
      vertex 74.989423 110.893296 -3.000000
    endloop
  endfacet
  facet normal -0.534998 0.844853 0.000000
    outer loop
      vertex 74.958322 110.873602 -4.250000
      vertex 74.958322 110.873602 -3.000000
      vertex 74.989423 110.893296 -3.000000
    endloop
  endfacet
  facet normal -0.575809 0.817584 -0.000000
    outer loop
      vertex 74.958322 110.873602 -4.250000
      vertex 74.928225 110.852405 -4.250000
      vertex 74.958322 110.873602 -3.000000
    endloop
  endfacet
  facet normal -0.575809 0.817584 0.000000
    outer loop
      vertex 74.928225 110.852405 -4.250000
      vertex 74.928225 110.852405 -3.000000
      vertex 74.958322 110.873602 -3.000000
    endloop
  endfacet
  facet normal -0.615232 0.788346 -0.000000
    outer loop
      vertex 74.928225 110.852405 -4.250000
      vertex 74.899205 110.829758 -4.250000
      vertex 74.928225 110.852405 -3.000000
    endloop
  endfacet
  facet normal -0.615232 0.788346 0.000000
    outer loop
      vertex 74.899205 110.829758 -4.250000
      vertex 74.899205 110.829757 -3.000000
      vertex 74.928225 110.852405 -3.000000
    endloop
  endfacet
  facet normal -0.653173 0.757209 -0.000000
    outer loop
      vertex 74.899205 110.829758 -4.250000
      vertex 74.871331 110.805713 -4.250000
      vertex 74.899205 110.829757 -3.000000
    endloop
  endfacet
  facet normal -0.653173 0.757209 0.000000
    outer loop
      vertex 74.871331 110.805713 -4.250000
      vertex 74.871331 110.805713 -3.000000
      vertex 74.899205 110.829757 -3.000000
    endloop
  endfacet
  facet normal -0.689541 0.724247 -0.000000
    outer loop
      vertex 74.871331 110.805713 -4.250000
      vertex 74.844670 110.780330 -4.250000
      vertex 74.871331 110.805713 -3.000000
    endloop
  endfacet
  facet normal -0.689541 0.724247 0.000000
    outer loop
      vertex 74.844670 110.780330 -4.250000
      vertex 74.844670 110.780330 -3.000000
      vertex 74.871331 110.805713 -3.000000
    endloop
  endfacet
  facet normal -0.724247 0.689541 -0.000000
    outer loop
      vertex 74.844670 110.780330 -4.250000
      vertex 74.819287 110.753669 -4.250000
      vertex 74.819287 110.753669 -3.000000
    endloop
  endfacet
  facet normal -0.724247 0.689541 0.000000
    outer loop
      vertex 74.844670 110.780330 -4.250000
      vertex 74.819287 110.753669 -3.000000
      vertex 74.844670 110.780330 -3.000000
    endloop
  endfacet
  facet normal -0.757209 0.653173 -0.000000
    outer loop
      vertex 74.819287 110.753669 -4.250000
      vertex 74.795242 110.725795 -4.250000
      vertex 74.795243 110.725795 -3.000000
    endloop
  endfacet
  facet normal -0.757209 0.653173 0.000000
    outer loop
      vertex 74.819287 110.753669 -4.250000
      vertex 74.795243 110.725795 -3.000000
      vertex 74.819287 110.753669 -3.000000
    endloop
  endfacet
  facet normal -0.788346 0.615232 -0.000000
    outer loop
      vertex 74.795242 110.725795 -4.250000
      vertex 74.772595 110.696775 -4.250000
      vertex 74.772595 110.696775 -3.000000
    endloop
  endfacet
  facet normal -0.788346 0.615232 0.000000
    outer loop
      vertex 74.795242 110.725795 -4.250000
      vertex 74.772595 110.696775 -3.000000
      vertex 74.795243 110.725795 -3.000000
    endloop
  endfacet
  facet normal -0.817584 0.575809 -0.000000
    outer loop
      vertex 74.772595 110.696775 -4.250000
      vertex 74.751398 110.666678 -4.250000
      vertex 74.751398 110.666678 -3.000000
    endloop
  endfacet
  facet normal -0.817584 0.575809 0.000000
    outer loop
      vertex 74.772595 110.696775 -4.250000
      vertex 74.751398 110.666678 -3.000000
      vertex 74.772595 110.696775 -3.000000
    endloop
  endfacet
  facet normal -0.844853 0.534998 -0.000000
    outer loop
      vertex 74.751398 110.666678 -4.250000
      vertex 74.731703 110.635577 -4.250000
      vertex 74.731704 110.635577 -3.000000
    endloop
  endfacet
  facet normal -0.844853 0.534998 0.000000
    outer loop
      vertex 74.751398 110.666678 -4.250000
      vertex 74.731704 110.635577 -3.000000
      vertex 74.751398 110.666678 -3.000000
    endloop
  endfacet
  facet normal -0.870087 0.492898 -0.000000
    outer loop
      vertex 74.731703 110.635577 -4.250000
      vertex 74.713559 110.603547 -4.250000
      vertex 74.713559 110.603548 -3.000000
    endloop
  endfacet
  facet normal -0.870087 0.492898 0.000000
    outer loop
      vertex 74.731703 110.635577 -4.250000
      vertex 74.713559 110.603548 -3.000000
      vertex 74.731704 110.635577 -3.000000
    endloop
  endfacet
  facet normal -0.893224 0.449612 -0.000000
    outer loop
      vertex 74.713559 110.603547 -4.250000
      vertex 74.697008 110.570667 -4.250000
      vertex 74.697008 110.570667 -3.000000
    endloop
  endfacet
  facet normal -0.893224 0.449612 0.000000
    outer loop
      vertex 74.713559 110.603547 -4.250000
      vertex 74.697008 110.570667 -3.000000
      vertex 74.713559 110.603548 -3.000000
    endloop
  endfacet
  facet normal -0.914209 0.405243 -0.000000
    outer loop
      vertex 74.697008 110.570667 -4.250000
      vertex 74.682091 110.537014 -4.250000
      vertex 74.682091 110.537014 -3.000000
    endloop
  endfacet
  facet normal -0.914209 0.405243 0.000000
    outer loop
      vertex 74.697008 110.570667 -4.250000
      vertex 74.682091 110.537014 -3.000000
      vertex 74.697008 110.570667 -3.000000
    endloop
  endfacet
  facet normal -0.932992 0.359897 0.000000
    outer loop
      vertex 74.682091 110.537014 -4.250000
      vertex 74.668843 110.502669 -4.250000
      vertex 74.668843 110.502669 -3.000000
    endloop
  endfacet
  facet normal -0.932992 0.359897 0.000000
    outer loop
      vertex 74.682091 110.537014 -4.250000
      vertex 74.668843 110.502669 -3.000000
      vertex 74.682091 110.537014 -3.000000
    endloop
  endfacet
  facet normal -0.949527 0.313684 -0.000000
    outer loop
      vertex 74.668843 110.502669 -4.250000
      vertex 74.657295 110.467715 -4.250000
      vertex 74.668843 110.502669 -3.000000
    endloop
  endfacet
  facet normal -0.949527 0.313684 -0.000000
    outer loop
      vertex 74.657295 110.467715 -4.250000
      vertex 74.657295 110.467715 -3.000000
      vertex 74.668843 110.502669 -3.000000
    endloop
  endfacet
  facet normal -0.963775 0.266715 -0.000000
    outer loop
      vertex 74.657295 110.467715 -4.250000
      vertex 74.647477 110.432237 -4.250000
      vertex 74.647477 110.432237 -3.000000
    endloop
  endfacet
  facet normal -0.963775 0.266715 0.000000
    outer loop
      vertex 74.657295 110.467715 -4.250000
      vertex 74.647477 110.432237 -3.000000
      vertex 74.657295 110.467715 -3.000000
    endloop
  endfacet
  facet normal -0.975702 0.219102 -0.000000
    outer loop
      vertex 74.647477 110.432237 -4.250000
      vertex 74.639411 110.396318 -4.250000
      vertex 74.639411 110.396319 -3.000000
    endloop
  endfacet
  facet normal -0.975702 0.219103 0.000000
    outer loop
      vertex 74.647477 110.432237 -4.250000
      vertex 74.639411 110.396319 -3.000000
      vertex 74.647477 110.432237 -3.000000
    endloop
  endfacet
  facet normal -0.985278 0.170962 -0.000000
    outer loop
      vertex 74.639411 110.396318 -4.250000
      vertex 74.633118 110.360047 -4.250000
      vertex 74.633118 110.360048 -3.000000
    endloop
  endfacet
  facet normal -0.985277 0.170963 0.000000
    outer loop
      vertex 74.639411 110.396318 -4.250000
      vertex 74.633118 110.360048 -3.000000
      vertex 74.639411 110.396319 -3.000000
    endloop
  endfacet
  facet normal -0.992479 0.122412 -0.000000
    outer loop
      vertex 74.633118 110.360047 -4.250000
      vertex 74.628612 110.323515 -4.250000
      vertex 74.628612 110.323515 -3.000000
    endloop
  endfacet
  facet normal -0.992479 0.122413 0.000000
    outer loop
      vertex 74.633118 110.360047 -4.250000
      vertex 74.628612 110.323515 -3.000000
      vertex 74.633118 110.360048 -3.000000
    endloop
  endfacet
  facet normal -0.997290 0.073568 -0.000000
    outer loop
      vertex 74.628612 110.323515 -4.250000
      vertex 74.625904 110.286804 -4.250000
      vertex 74.625904 110.286804 -3.000000
    endloop
  endfacet
  facet normal -0.997290 0.073569 0.000000
    outer loop
      vertex 74.628612 110.323515 -4.250000
      vertex 74.625904 110.286804 -3.000000
      vertex 74.628612 110.323515 -3.000000
    endloop
  endfacet
  facet normal -0.999699 0.024543 0.000000
    outer loop
      vertex 74.625904 110.286804 -4.250000
      vertex 74.625000 110.250000 -4.250000
      vertex 74.625000 110.250000 -3.000000
    endloop
  endfacet
  facet normal -0.999699 0.024544 0.000000
    outer loop
      vertex 74.625904 110.286804 -4.250000
      vertex 74.625000 110.250000 -3.000000
      vertex 74.625904 110.286804 -3.000000
    endloop
  endfacet
  facet normal -0.017357 0.707000 0.707000
    outer loop
      vertex 75.338196 110.999096 -4.250000
      vertex 75.375000 111.000000 -4.250000
      vertex 75.325930 111.248795 -4.500000
    endloop
  endfacet
  facet normal -0.017357 0.707000 0.707000
    outer loop
      vertex 75.375000 111.000000 -4.250000
      vertex 75.375000 111.250000 -4.500000
      vertex 75.325930 111.248795 -4.500000
    endloop
  endfacet
  facet normal -0.052028 0.705297 0.707000
    outer loop
      vertex 75.325930 111.248795 -4.500000
      vertex 75.276980 111.245184 -4.500000
      vertex 75.338196 110.999096 -4.250000
    endloop
  endfacet
  facet normal -0.052028 0.705297 0.707000
    outer loop
      vertex 75.276980 111.245184 -4.500000
      vertex 75.301485 110.996388 -4.250000
      vertex 75.338196 110.999096 -4.250000
    endloop
  endfacet
  facet normal -0.086571 0.701895 0.707000
    outer loop
      vertex 75.276980 111.245184 -4.500000
      vertex 75.228272 111.239177 -4.500000
      vertex 75.301485 110.996388 -4.250000
    endloop
  endfacet
  facet normal -0.086571 0.701895 0.707000
    outer loop
      vertex 75.228272 111.239177 -4.500000
      vertex 75.264953 110.991882 -4.250000
      vertex 75.301485 110.996388 -4.250000
    endloop
  endfacet
  facet normal -0.120905 0.696802 0.707000
    outer loop
      vertex 75.228272 111.239177 -4.500000
      vertex 75.179910 111.230785 -4.500000
      vertex 75.264953 110.991882 -4.250000
    endloop
  endfacet
  facet normal -0.120906 0.696801 0.707000
    outer loop
      vertex 75.179910 111.230785 -4.500000
      vertex 75.228682 110.985589 -4.250000
      vertex 75.264953 110.991882 -4.250000
    endloop
  endfacet
  facet normal -0.154952 0.690029 0.707000
    outer loop
      vertex 75.179910 111.230785 -4.500000
      vertex 75.132018 111.220031 -4.500000
      vertex 75.228682 110.985589 -4.250000
    endloop
  endfacet
  facet normal -0.154952 0.690029 0.707000
    outer loop
      vertex 75.132018 111.220031 -4.500000
      vertex 75.192763 110.977523 -4.250000
      vertex 75.228682 110.985589 -4.250000
    endloop
  endfacet
  facet normal -0.188624 0.681595 0.707000
    outer loop
      vertex 75.132018 111.220031 -4.500000
      vertex 75.084713 111.206940 -4.500000
      vertex 75.192763 110.977523 -4.250000
    endloop
  endfacet
  facet normal -0.188624 0.681595 0.707000
    outer loop
      vertex 75.084713 111.206940 -4.500000
      vertex 75.157285 110.967705 -4.250000
      vertex 75.192763 110.977523 -4.250000
    endloop
  endfacet
  facet normal -0.221842 0.671518 0.707000
    outer loop
      vertex 75.084713 111.206940 -4.500000
      vertex 75.038108 111.191543 -4.500000
      vertex 75.122331 110.956157 -4.250000
    endloop
  endfacet
  facet normal -0.221842 0.671518 0.707000
    outer loop
      vertex 75.084713 111.206940 -4.500000
      vertex 75.122331 110.956157 -4.250000
      vertex 75.157285 110.967705 -4.250000
    endloop
  endfacet
  facet normal -0.254524 0.659824 0.707000
    outer loop
      vertex 75.038108 111.191543 -4.500000
      vertex 74.992315 111.173879 -4.500000
      vertex 75.122331 110.956157 -4.250000
    endloop
  endfacet
  facet normal -0.254524 0.659824 0.707000
    outer loop
      vertex 74.992315 111.173879 -4.500000
      vertex 75.087986 110.942909 -4.250000
      vertex 75.122331 110.956157 -4.250000
    endloop
  endfacet
  facet normal -0.286593 0.646541 0.707000
    outer loop
      vertex 74.992315 111.173879 -4.500000
      vertex 74.947445 111.153989 -4.500000
      vertex 75.087986 110.942909 -4.250000
    endloop
  endfacet
  facet normal -0.286593 0.646541 0.707000
    outer loop
      vertex 74.947445 111.153989 -4.500000
      vertex 75.054333 110.927992 -4.250000
      vertex 75.087986 110.942909 -4.250000
    endloop
  endfacet
  facet normal -0.317971 0.631700 0.707000
    outer loop
      vertex 74.947445 111.153989 -4.500000
      vertex 74.903604 111.131922 -4.500000
      vertex 75.054333 110.927992 -4.250000
    endloop
  endfacet
  facet normal -0.317971 0.631700 0.707000
    outer loop
      vertex 74.903604 111.131922 -4.500000
      vertex 75.021453 110.911441 -4.250000
      vertex 75.054333 110.927992 -4.250000
    endloop
  endfacet
  facet normal -0.348584 0.615337 0.707000
    outer loop
      vertex 74.903604 111.131922 -4.500000
      vertex 74.860898 111.107729 -4.500000
      vertex 75.021453 110.911441 -4.250000
    endloop
  endfacet
  facet normal -0.348584 0.615337 0.707000
    outer loop
      vertex 74.860898 111.107729 -4.500000
      vertex 74.989423 110.893297 -4.250000
      vertex 75.021453 110.911441 -4.250000
    endloop
  endfacet
  facet normal -0.378357 0.597492 0.707000
    outer loop
      vertex 74.860898 111.107729 -4.500000
      vertex 74.819429 111.081469 -4.500000
      vertex 74.989423 110.893297 -4.250000
    endloop
  endfacet
  facet normal -0.378358 0.597492 0.707000
    outer loop
      vertex 74.819429 111.081469 -4.500000
      vertex 74.958322 110.873602 -4.250000
      vertex 74.989423 110.893297 -4.250000
    endloop
  endfacet
  facet normal -0.407220 0.578207 0.707000
    outer loop
      vertex 74.819429 111.081469 -4.500000
      vertex 74.779300 111.053207 -4.500000
      vertex 74.958322 110.873602 -4.250000
    endloop
  endfacet
  facet normal -0.407220 0.578206 0.707000
    outer loop
      vertex 74.779300 111.053207 -4.500000
      vertex 74.928225 110.852405 -4.250000
      vertex 74.958322 110.873602 -4.250000
    endloop
  endfacet
  facet normal -0.435100 0.557529 0.707000
    outer loop
      vertex 74.779300 111.053207 -4.500000
      vertex 74.740606 111.023010 -4.500000
      vertex 74.928225 110.852405 -4.250000
    endloop
  endfacet
  facet normal -0.435100 0.557529 0.707000
    outer loop
      vertex 74.740606 111.023010 -4.500000
      vertex 74.899205 110.829758 -4.250000
      vertex 74.928225 110.852405 -4.250000
    endloop
  endfacet
  facet normal -0.461933 0.535508 0.707000
    outer loop
      vertex 74.740606 111.023010 -4.500000
      vertex 74.703441 110.990951 -4.500000
      vertex 74.899205 110.829758 -4.250000
    endloop
  endfacet
  facet normal -0.461933 0.535508 0.707000
    outer loop
      vertex 74.703441 110.990951 -4.500000
      vertex 74.871331 110.805713 -4.250000
      vertex 74.899205 110.829758 -4.250000
    endloop
  endfacet
  facet normal -0.487652 0.512197 0.707000
    outer loop
      vertex 74.703441 110.990951 -4.500000
      vertex 74.667893 110.957107 -4.500000
      vertex 74.871331 110.805713 -4.250000
    endloop
  endfacet
  facet normal -0.487652 0.512197 0.707000
    outer loop
      vertex 74.667893 110.957107 -4.500000
      vertex 74.844670 110.780330 -4.250000
      vertex 74.871331 110.805713 -4.250000
    endloop
  endfacet
  facet normal -0.512197 0.487652 0.707000
    outer loop
      vertex 74.667893 110.957107 -4.500000
      vertex 74.634049 110.921559 -4.500000
      vertex 74.819287 110.753669 -4.250000
    endloop
  endfacet
  facet normal -0.512197 0.487652 0.707000
    outer loop
      vertex 74.667893 110.957107 -4.500000
      vertex 74.819287 110.753669 -4.250000
      vertex 74.844670 110.780330 -4.250000
    endloop
  endfacet
  facet normal -0.535508 0.461933 0.707000
    outer loop
      vertex 74.634049 110.921559 -4.500000
      vertex 74.601990 110.884394 -4.500000
      vertex 74.795242 110.725795 -4.250000
    endloop
  endfacet
  facet normal -0.535508 0.461933 0.707000
    outer loop
      vertex 74.634049 110.921559 -4.500000
      vertex 74.795242 110.725795 -4.250000
      vertex 74.819287 110.753669 -4.250000
    endloop
  endfacet
  facet normal -0.557529 0.435100 0.707000
    outer loop
      vertex 74.601990 110.884394 -4.500000
      vertex 74.571793 110.845700 -4.500000
      vertex 74.772595 110.696775 -4.250000
    endloop
  endfacet
  facet normal -0.557529 0.435100 0.707000
    outer loop
      vertex 74.601990 110.884394 -4.500000
      vertex 74.772595 110.696775 -4.250000
      vertex 74.795242 110.725795 -4.250000
    endloop
  endfacet
  facet normal -0.578207 0.407220 0.707000
    outer loop
      vertex 74.571793 110.845700 -4.500000
      vertex 74.543531 110.805571 -4.500000
      vertex 74.751398 110.666678 -4.250000
    endloop
  endfacet
  facet normal -0.578206 0.407220 0.707000
    outer loop
      vertex 74.571793 110.845700 -4.500000
      vertex 74.751398 110.666678 -4.250000
      vertex 74.772595 110.696775 -4.250000
    endloop
  endfacet
  facet normal -0.597492 0.378357 0.707000
    outer loop
      vertex 74.543531 110.805571 -4.500000
      vertex 74.517271 110.764102 -4.500000
      vertex 74.731703 110.635577 -4.250000
    endloop
  endfacet
  facet normal -0.597492 0.378358 0.707000
    outer loop
      vertex 74.543531 110.805571 -4.500000
      vertex 74.731703 110.635577 -4.250000
      vertex 74.751398 110.666678 -4.250000
    endloop
  endfacet
  facet normal -0.615337 0.348584 0.707000
    outer loop
      vertex 74.517271 110.764102 -4.500000
      vertex 74.493078 110.721396 -4.500000
      vertex 74.713559 110.603547 -4.250000
    endloop
  endfacet
  facet normal -0.615337 0.348584 0.707000
    outer loop
      vertex 74.517271 110.764102 -4.500000
      vertex 74.713559 110.603547 -4.250000
      vertex 74.731703 110.635577 -4.250000
    endloop
  endfacet
  facet normal -0.631700 0.317971 0.707000
    outer loop
      vertex 74.493078 110.721396 -4.500000
      vertex 74.471011 110.677555 -4.500000
      vertex 74.697008 110.570667 -4.250000
    endloop
  endfacet
  facet normal -0.631700 0.317971 0.707000
    outer loop
      vertex 74.493078 110.721396 -4.500000
      vertex 74.697008 110.570667 -4.250000
      vertex 74.713559 110.603547 -4.250000
    endloop
  endfacet
  facet normal -0.646541 0.286593 0.707000
    outer loop
      vertex 74.471011 110.677555 -4.500000
      vertex 74.451121 110.632685 -4.500000
      vertex 74.682091 110.537014 -4.250000
    endloop
  endfacet
  facet normal -0.646541 0.286593 0.707000
    outer loop
      vertex 74.471011 110.677555 -4.500000
      vertex 74.682091 110.537014 -4.250000
      vertex 74.697008 110.570667 -4.250000
    endloop
  endfacet
  facet normal -0.659824 0.254524 0.707000
    outer loop
      vertex 74.451121 110.632685 -4.500000
      vertex 74.433457 110.586892 -4.500000
      vertex 74.668843 110.502669 -4.250000
    endloop
  endfacet
  facet normal -0.659824 0.254524 0.707000
    outer loop
      vertex 74.451121 110.632685 -4.500000
      vertex 74.668843 110.502669 -4.250000
      vertex 74.682091 110.537014 -4.250000
    endloop
  endfacet
  facet normal -0.671518 0.221842 0.707000
    outer loop
      vertex 74.433457 110.586892 -4.500000
      vertex 74.418060 110.540287 -4.500000
      vertex 74.668843 110.502669 -4.250000
    endloop
  endfacet
  facet normal -0.671518 0.221842 0.707000
    outer loop
      vertex 74.418060 110.540287 -4.500000
      vertex 74.657295 110.467715 -4.250000
      vertex 74.668843 110.502669 -4.250000
    endloop
  endfacet
  facet normal -0.681595 0.188624 0.707000
    outer loop
      vertex 74.418060 110.540287 -4.500000
      vertex 74.404969 110.492982 -4.500000
      vertex 74.647477 110.432237 -4.250000
    endloop
  endfacet
  facet normal -0.681595 0.188624 0.707000
    outer loop
      vertex 74.418060 110.540287 -4.500000
      vertex 74.647477 110.432237 -4.250000
      vertex 74.657295 110.467715 -4.250000
    endloop
  endfacet
  facet normal -0.690029 0.154952 0.707000
    outer loop
      vertex 74.404969 110.492982 -4.500000
      vertex 74.394215 110.445090 -4.500000
      vertex 74.639411 110.396318 -4.250000
    endloop
  endfacet
  facet normal -0.690029 0.154952 0.707000
    outer loop
      vertex 74.404969 110.492982 -4.500000
      vertex 74.639411 110.396318 -4.250000
      vertex 74.647477 110.432237 -4.250000
    endloop
  endfacet
  facet normal -0.696802 0.120905 0.707000
    outer loop
      vertex 74.394215 110.445090 -4.500000
      vertex 74.385823 110.396728 -4.500000
      vertex 74.633118 110.360047 -4.250000
    endloop
  endfacet
  facet normal -0.696801 0.120906 0.707000
    outer loop
      vertex 74.394215 110.445090 -4.500000
      vertex 74.633118 110.360047 -4.250000
      vertex 74.639411 110.396318 -4.250000
    endloop
  endfacet
  facet normal -0.701895 0.086571 0.707000
    outer loop
      vertex 74.385823 110.396728 -4.500000
      vertex 74.379816 110.348020 -4.500000
      vertex 74.628612 110.323515 -4.250000
    endloop
  endfacet
  facet normal -0.701895 0.086571 0.707000
    outer loop
      vertex 74.385823 110.396728 -4.500000
      vertex 74.628612 110.323515 -4.250000
      vertex 74.633118 110.360047 -4.250000
    endloop
  endfacet
  facet normal -0.705297 0.052028 0.707000
    outer loop
      vertex 74.379816 110.348020 -4.500000
      vertex 74.376205 110.299070 -4.500000
      vertex 74.625904 110.286804 -4.250000
    endloop
  endfacet
  facet normal -0.705297 0.052028 0.707000
    outer loop
      vertex 74.379816 110.348020 -4.500000
      vertex 74.625904 110.286804 -4.250000
      vertex 74.628612 110.323515 -4.250000
    endloop
  endfacet
  facet normal -0.707000 0.017357 0.707000
    outer loop
      vertex 74.376205 110.299070 -4.500000
      vertex 74.375000 110.250000 -4.500000
      vertex 74.625000 110.250000 -4.250000
    endloop
  endfacet
  facet normal -0.707000 0.017357 0.707000
    outer loop
      vertex 74.376205 110.299070 -4.500000
      vertex 74.625000 110.250000 -4.250000
      vertex 74.625904 110.286804 -4.250000
    endloop
  endfacet
  facet normal 0.000000 0.707107 0.707107
    outer loop
      vertex 75.500000 111.000000 -4.250000
      vertex 75.500000 111.250000 -4.500000
      vertex 75.375000 111.000000 -4.250000
    endloop
  endfacet
  facet normal 0.000000 0.707107 0.707107
    outer loop
      vertex 75.500000 111.250000 -4.500000
      vertex 75.375000 111.250000 -4.500000
      vertex 75.375000 111.000000 -4.250000
    endloop
  endfacet
  facet normal -0.707107 -0.000000 0.707107
    outer loop
      vertex 74.625000 108.750000 -4.250000
      vertex 74.625000 110.250000 -4.250000
      vertex 74.375000 108.750000 -4.500000
    endloop
  endfacet
  facet normal -0.707107 -0.000000 0.707107
    outer loop
      vertex 74.625000 110.250000 -4.250000
      vertex 74.375000 110.250000 -4.500000
      vertex 74.375000 108.750000 -4.500000
    endloop
  endfacet
  facet normal -0.707000 -0.017357 0.707000
    outer loop
      vertex 74.625904 108.713196 -4.250000
      vertex 74.625000 108.750000 -4.250000
      vertex 74.376205 108.700930 -4.500000
    endloop
  endfacet
  facet normal -0.707000 -0.017357 0.707000
    outer loop
      vertex 74.625000 108.750000 -4.250000
      vertex 74.375000 108.750000 -4.500000
      vertex 74.376205 108.700930 -4.500000
    endloop
  endfacet
  facet normal -0.705297 -0.052028 0.707000
    outer loop
      vertex 74.376205 108.700930 -4.500000
      vertex 74.379816 108.651980 -4.500000
      vertex 74.625904 108.713196 -4.250000
    endloop
  endfacet
  facet normal -0.705297 -0.052028 0.707000
    outer loop
      vertex 74.379816 108.651980 -4.500000
      vertex 74.628612 108.676485 -4.250000
      vertex 74.625904 108.713196 -4.250000
    endloop
  endfacet
  facet normal -0.701895 -0.086571 0.707000
    outer loop
      vertex 74.379816 108.651980 -4.500000
      vertex 74.385823 108.603272 -4.500000
      vertex 74.628612 108.676485 -4.250000
    endloop
  endfacet
  facet normal -0.701895 -0.086571 0.707000
    outer loop
      vertex 74.385823 108.603272 -4.500000
      vertex 74.633118 108.639953 -4.250000
      vertex 74.628612 108.676485 -4.250000
    endloop
  endfacet
  facet normal -0.696802 -0.120905 0.707000
    outer loop
      vertex 74.385823 108.603272 -4.500000
      vertex 74.394215 108.554910 -4.500000
      vertex 74.633118 108.639953 -4.250000
    endloop
  endfacet
  facet normal -0.696801 -0.120906 0.707000
    outer loop
      vertex 74.394215 108.554910 -4.500000
      vertex 74.639411 108.603682 -4.250000
      vertex 74.633118 108.639953 -4.250000
    endloop
  endfacet
  facet normal -0.690029 -0.154952 0.707000
    outer loop
      vertex 74.394215 108.554910 -4.500000
      vertex 74.404969 108.507018 -4.500000
      vertex 74.639411 108.603682 -4.250000
    endloop
  endfacet
  facet normal -0.690029 -0.154952 0.707000
    outer loop
      vertex 74.404969 108.507018 -4.500000
      vertex 74.647477 108.567763 -4.250000
      vertex 74.639411 108.603682 -4.250000
    endloop
  endfacet
  facet normal -0.681595 -0.188624 0.707000
    outer loop
      vertex 74.404969 108.507018 -4.500000
      vertex 74.418060 108.459713 -4.500000
      vertex 74.647477 108.567763 -4.250000
    endloop
  endfacet
  facet normal -0.681595 -0.188624 0.707000
    outer loop
      vertex 74.418060 108.459713 -4.500000
      vertex 74.657295 108.532285 -4.250000
      vertex 74.647477 108.567763 -4.250000
    endloop
  endfacet
  facet normal -0.671518 -0.221842 0.707000
    outer loop
      vertex 74.418060 108.459713 -4.500000
      vertex 74.433457 108.413108 -4.500000
      vertex 74.668843 108.497331 -4.250000
    endloop
  endfacet
  facet normal -0.671518 -0.221842 0.707000
    outer loop
      vertex 74.418060 108.459713 -4.500000
      vertex 74.668843 108.497331 -4.250000
      vertex 74.657295 108.532285 -4.250000
    endloop
  endfacet
  facet normal -0.659824 -0.254524 0.707000
    outer loop
      vertex 74.433457 108.413108 -4.500000
      vertex 74.451121 108.367315 -4.500000
      vertex 74.668843 108.497331 -4.250000
    endloop
  endfacet
  facet normal -0.659824 -0.254524 0.707000
    outer loop
      vertex 74.451121 108.367315 -4.500000
      vertex 74.682091 108.462986 -4.250000
      vertex 74.668843 108.497331 -4.250000
    endloop
  endfacet
  facet normal -0.646541 -0.286593 0.707000
    outer loop
      vertex 74.451121 108.367315 -4.500000
      vertex 74.471011 108.322445 -4.500000
      vertex 74.682091 108.462986 -4.250000
    endloop
  endfacet
  facet normal -0.646541 -0.286593 0.707000
    outer loop
      vertex 74.471011 108.322445 -4.500000
      vertex 74.697008 108.429333 -4.250000
      vertex 74.682091 108.462986 -4.250000
    endloop
  endfacet
  facet normal -0.631700 -0.317971 0.707000
    outer loop
      vertex 74.471011 108.322445 -4.500000
      vertex 74.493078 108.278604 -4.500000
      vertex 74.697008 108.429333 -4.250000
    endloop
  endfacet
  facet normal -0.631700 -0.317971 0.707000
    outer loop
      vertex 74.493078 108.278604 -4.500000
      vertex 74.713559 108.396453 -4.250000
      vertex 74.697008 108.429333 -4.250000
    endloop
  endfacet
  facet normal -0.615337 -0.348584 0.707000
    outer loop
      vertex 74.493078 108.278604 -4.500000
      vertex 74.517271 108.235898 -4.500000
      vertex 74.713559 108.396453 -4.250000
    endloop
  endfacet
  facet normal -0.615337 -0.348584 0.707000
    outer loop
      vertex 74.517271 108.235898 -4.500000
      vertex 74.731703 108.364423 -4.250000
      vertex 74.713559 108.396453 -4.250000
    endloop
  endfacet
  facet normal -0.597492 -0.378357 0.707000
    outer loop
      vertex 74.517271 108.235898 -4.500000
      vertex 74.543531 108.194429 -4.500000
      vertex 74.731703 108.364423 -4.250000
    endloop
  endfacet
  facet normal -0.597492 -0.378358 0.707000
    outer loop
      vertex 74.543531 108.194429 -4.500000
      vertex 74.751398 108.333322 -4.250000
      vertex 74.731703 108.364423 -4.250000
    endloop
  endfacet
  facet normal -0.578207 -0.407220 0.707000
    outer loop
      vertex 74.543531 108.194429 -4.500000
      vertex 74.571793 108.154300 -4.500000
      vertex 74.751398 108.333322 -4.250000
    endloop
  endfacet
  facet normal -0.578206 -0.407220 0.707000
    outer loop
      vertex 74.571793 108.154300 -4.500000
      vertex 74.772595 108.303225 -4.250000
      vertex 74.751398 108.333322 -4.250000
    endloop
  endfacet
  facet normal -0.557529 -0.435100 0.707000
    outer loop
      vertex 74.571793 108.154300 -4.500000
      vertex 74.601990 108.115606 -4.500000
      vertex 74.772595 108.303225 -4.250000
    endloop
  endfacet
  facet normal -0.557529 -0.435100 0.707000
    outer loop
      vertex 74.601990 108.115606 -4.500000
      vertex 74.795242 108.274205 -4.250000
      vertex 74.772595 108.303225 -4.250000
    endloop
  endfacet
  facet normal -0.535508 -0.461933 0.707000
    outer loop
      vertex 74.601990 108.115606 -4.500000
      vertex 74.634049 108.078441 -4.500000
      vertex 74.795242 108.274205 -4.250000
    endloop
  endfacet
  facet normal -0.535508 -0.461933 0.707000
    outer loop
      vertex 74.634049 108.078441 -4.500000
      vertex 74.819287 108.246331 -4.250000
      vertex 74.795242 108.274205 -4.250000
    endloop
  endfacet
  facet normal -0.512197 -0.487652 0.707000
    outer loop
      vertex 74.634049 108.078441 -4.500000
      vertex 74.667893 108.042893 -4.500000
      vertex 74.819287 108.246331 -4.250000
    endloop
  endfacet
  facet normal -0.512197 -0.487652 0.707000
    outer loop
      vertex 74.667893 108.042893 -4.500000
      vertex 74.844670 108.219670 -4.250000
      vertex 74.819287 108.246331 -4.250000
    endloop
  endfacet
  facet normal -0.487652 -0.512197 0.707000
    outer loop
      vertex 74.667893 108.042893 -4.500000
      vertex 74.703441 108.009049 -4.500000
      vertex 74.871331 108.194287 -4.250000
    endloop
  endfacet
  facet normal -0.487652 -0.512197 0.707000
    outer loop
      vertex 74.667893 108.042893 -4.500000
      vertex 74.871331 108.194287 -4.250000
      vertex 74.844670 108.219670 -4.250000
    endloop
  endfacet
  facet normal -0.461933 -0.535508 0.707000
    outer loop
      vertex 74.703441 108.009049 -4.500000
      vertex 74.740606 107.976990 -4.500000
      vertex 74.899205 108.170242 -4.250000
    endloop
  endfacet
  facet normal -0.461933 -0.535508 0.707000
    outer loop
      vertex 74.703441 108.009049 -4.500000
      vertex 74.899205 108.170242 -4.250000
      vertex 74.871331 108.194287 -4.250000
    endloop
  endfacet
  facet normal -0.435100 -0.557529 0.707000
    outer loop
      vertex 74.740606 107.976990 -4.500000
      vertex 74.779300 107.946793 -4.500000
      vertex 74.928225 108.147595 -4.250000
    endloop
  endfacet
  facet normal -0.435100 -0.557529 0.707000
    outer loop
      vertex 74.740606 107.976990 -4.500000
      vertex 74.928225 108.147595 -4.250000
      vertex 74.899205 108.170242 -4.250000
    endloop
  endfacet
  facet normal -0.407220 -0.578207 0.707000
    outer loop
      vertex 74.779300 107.946793 -4.500000
      vertex 74.819429 107.918531 -4.500000
      vertex 74.958322 108.126398 -4.250000
    endloop
  endfacet
  facet normal -0.407220 -0.578206 0.707000
    outer loop
      vertex 74.779300 107.946793 -4.500000
      vertex 74.958322 108.126398 -4.250000
      vertex 74.928225 108.147595 -4.250000
    endloop
  endfacet
  facet normal -0.378357 -0.597492 0.707000
    outer loop
      vertex 74.819429 107.918531 -4.500000
      vertex 74.860898 107.892271 -4.500000
      vertex 74.989423 108.106703 -4.250000
    endloop
  endfacet
  facet normal -0.378358 -0.597492 0.707000
    outer loop
      vertex 74.819429 107.918531 -4.500000
      vertex 74.989423 108.106703 -4.250000
      vertex 74.958322 108.126398 -4.250000
    endloop
  endfacet
  facet normal -0.348584 -0.615337 0.707000
    outer loop
      vertex 74.860898 107.892271 -4.500000
      vertex 74.903604 107.868078 -4.500000
      vertex 75.021453 108.088559 -4.250000
    endloop
  endfacet
  facet normal -0.348584 -0.615337 0.707000
    outer loop
      vertex 74.860898 107.892271 -4.500000
      vertex 75.021453 108.088559 -4.250000
      vertex 74.989423 108.106703 -4.250000
    endloop
  endfacet
  facet normal -0.317971 -0.631700 0.707000
    outer loop
      vertex 74.903604 107.868078 -4.500000
      vertex 74.947445 107.846011 -4.500000
      vertex 75.054333 108.072008 -4.250000
    endloop
  endfacet
  facet normal -0.317971 -0.631700 0.707000
    outer loop
      vertex 74.903604 107.868078 -4.500000
      vertex 75.054333 108.072008 -4.250000
      vertex 75.021453 108.088559 -4.250000
    endloop
  endfacet
  facet normal -0.286593 -0.646541 0.707000
    outer loop
      vertex 74.947445 107.846011 -4.500000
      vertex 74.992315 107.826121 -4.500000
      vertex 75.087986 108.057091 -4.250000
    endloop
  endfacet
  facet normal -0.286593 -0.646541 0.707000
    outer loop
      vertex 74.947445 107.846011 -4.500000
      vertex 75.087986 108.057091 -4.250000
      vertex 75.054333 108.072008 -4.250000
    endloop
  endfacet
  facet normal -0.254524 -0.659824 0.707000
    outer loop
      vertex 74.992315 107.826121 -4.500000
      vertex 75.038108 107.808457 -4.500000
      vertex 75.122331 108.043843 -4.250000
    endloop
  endfacet
  facet normal -0.254524 -0.659824 0.707000
    outer loop
      vertex 74.992315 107.826121 -4.500000
      vertex 75.122331 108.043843 -4.250000
      vertex 75.087986 108.057091 -4.250000
    endloop
  endfacet
  facet normal -0.221842 -0.671518 0.707000
    outer loop
      vertex 75.038108 107.808457 -4.500000
      vertex 75.084713 107.793060 -4.500000
      vertex 75.122331 108.043843 -4.250000
    endloop
  endfacet
  facet normal -0.221842 -0.671518 0.707000
    outer loop
      vertex 75.084713 107.793060 -4.500000
      vertex 75.157285 108.032295 -4.250000
      vertex 75.122331 108.043843 -4.250000
    endloop
  endfacet
  facet normal -0.188624 -0.681595 0.707000
    outer loop
      vertex 75.084713 107.793060 -4.500000
      vertex 75.132018 107.779969 -4.500000
      vertex 75.192763 108.022477 -4.250000
    endloop
  endfacet
  facet normal -0.188624 -0.681595 0.707000
    outer loop
      vertex 75.084713 107.793060 -4.500000
      vertex 75.192763 108.022477 -4.250000
      vertex 75.157285 108.032295 -4.250000
    endloop
  endfacet
  facet normal -0.154952 -0.690029 0.707000
    outer loop
      vertex 75.132018 107.779969 -4.500000
      vertex 75.179910 107.769215 -4.500000
      vertex 75.228682 108.014411 -4.250000
    endloop
  endfacet
  facet normal -0.154952 -0.690029 0.707000
    outer loop
      vertex 75.132018 107.779969 -4.500000
      vertex 75.228682 108.014411 -4.250000
      vertex 75.192763 108.022477 -4.250000
    endloop
  endfacet
  facet normal -0.120905 -0.696802 0.707000
    outer loop
      vertex 75.179910 107.769215 -4.500000
      vertex 75.228272 107.760823 -4.500000
      vertex 75.264953 108.008118 -4.250000
    endloop
  endfacet
  facet normal -0.120906 -0.696801 0.707000
    outer loop
      vertex 75.179910 107.769215 -4.500000
      vertex 75.264953 108.008118 -4.250000
      vertex 75.228682 108.014411 -4.250000
    endloop
  endfacet
  facet normal -0.086571 -0.701895 0.707000
    outer loop
      vertex 75.228272 107.760823 -4.500000
      vertex 75.276980 107.754816 -4.500000
      vertex 75.301485 108.003612 -4.250000
    endloop
  endfacet
  facet normal -0.086571 -0.701895 0.707000
    outer loop
      vertex 75.228272 107.760823 -4.500000
      vertex 75.301485 108.003612 -4.250000
      vertex 75.264953 108.008118 -4.250000
    endloop
  endfacet
  facet normal -0.052028 -0.705297 0.707000
    outer loop
      vertex 75.276980 107.754816 -4.500000
      vertex 75.325930 107.751205 -4.500000
      vertex 75.338196 108.000904 -4.250000
    endloop
  endfacet
  facet normal -0.052028 -0.705297 0.707000
    outer loop
      vertex 75.276980 107.754816 -4.500000
      vertex 75.338196 108.000904 -4.250000
      vertex 75.301485 108.003612 -4.250000
    endloop
  endfacet
  facet normal -0.017357 -0.707000 0.707000
    outer loop
      vertex 75.325930 107.751205 -4.500000
      vertex 75.375000 107.750000 -4.500000
      vertex 75.375000 108.000000 -4.250000
    endloop
  endfacet
  facet normal -0.017357 -0.707000 0.707000
    outer loop
      vertex 75.325930 107.751205 -4.500000
      vertex 75.375000 108.000000 -4.250000
      vertex 75.338196 108.000904 -4.250000
    endloop
  endfacet
  facet normal -0.000000 -0.707107 0.707107
    outer loop
      vertex 75.500000 107.750000 -4.500000
      vertex 75.500000 108.000000 -4.250000
      vertex 75.375000 107.750000 -4.500000
    endloop
  endfacet
  facet normal -0.000000 -0.707107 0.707107
    outer loop
      vertex 75.500000 108.000000 -4.250000
      vertex 75.375000 108.000000 -4.250000
      vertex 75.375000 107.750000 -4.500000
    endloop
  endfacet
  facet normal -0.999699 -0.024544 0.000000
    outer loop
      vertex 74.625904 108.713196 -3.000000
      vertex 74.625000 108.750000 -3.000000
      vertex 74.625904 108.713196 -4.250000
    endloop
  endfacet
  facet normal -0.999699 -0.024543 0.000000
    outer loop
      vertex 74.625000 108.750000 -3.000000
      vertex 74.625000 108.750000 -4.250000
      vertex 74.625904 108.713196 -4.250000
    endloop
  endfacet
  facet normal -0.997290 -0.073568 -0.000000
    outer loop
      vertex 74.625904 108.713196 -4.250000
      vertex 74.628612 108.676485 -4.250000
      vertex 74.625904 108.713196 -3.000000
    endloop
  endfacet
  facet normal -0.997290 -0.073569 0.000000
    outer loop
      vertex 74.628612 108.676485 -4.250000
      vertex 74.628612 108.676485 -3.000000
      vertex 74.625904 108.713196 -3.000000
    endloop
  endfacet
  facet normal -0.992479 -0.122412 -0.000000
    outer loop
      vertex 74.628612 108.676485 -4.250000
      vertex 74.633118 108.639953 -4.250000
      vertex 74.628612 108.676485 -3.000000
    endloop
  endfacet
  facet normal -0.992479 -0.122413 0.000000
    outer loop
      vertex 74.633118 108.639953 -4.250000
      vertex 74.633118 108.639952 -3.000000
      vertex 74.628612 108.676485 -3.000000
    endloop
  endfacet
  facet normal -0.985278 -0.170962 -0.000000
    outer loop
      vertex 74.633118 108.639953 -4.250000
      vertex 74.639411 108.603682 -4.250000
      vertex 74.633118 108.639952 -3.000000
    endloop
  endfacet
  facet normal -0.985277 -0.170963 0.000000
    outer loop
      vertex 74.639411 108.603682 -4.250000
      vertex 74.639411 108.603681 -3.000000
      vertex 74.633118 108.639952 -3.000000
    endloop
  endfacet
  facet normal -0.975702 -0.219102 -0.000000
    outer loop
      vertex 74.639411 108.603682 -4.250000
      vertex 74.647477 108.567763 -4.250000
      vertex 74.639411 108.603681 -3.000000
    endloop
  endfacet
  facet normal -0.975702 -0.219103 0.000000
    outer loop
      vertex 74.647477 108.567763 -4.250000
      vertex 74.647477 108.567763 -3.000000
      vertex 74.639411 108.603681 -3.000000
    endloop
  endfacet
  facet normal -0.963775 -0.266715 -0.000000
    outer loop
      vertex 74.647477 108.567763 -4.250000
      vertex 74.657295 108.532285 -4.250000
      vertex 74.647477 108.567763 -3.000000
    endloop
  endfacet
  facet normal -0.963775 -0.266715 0.000000
    outer loop
      vertex 74.657295 108.532285 -4.250000
      vertex 74.657295 108.532285 -3.000000
      vertex 74.647477 108.567763 -3.000000
    endloop
  endfacet
  facet normal -0.949527 -0.313684 -0.000000
    outer loop
      vertex 74.657295 108.532285 -4.250000
      vertex 74.668843 108.497331 -4.250000
      vertex 74.668843 108.497331 -3.000000
    endloop
  endfacet
  facet normal -0.949527 -0.313684 -0.000000
    outer loop
      vertex 74.657295 108.532285 -4.250000
      vertex 74.668843 108.497331 -3.000000
      vertex 74.657295 108.532285 -3.000000
    endloop
  endfacet
  facet normal -0.932992 -0.359897 0.000000
    outer loop
      vertex 74.668843 108.497331 -4.250000
      vertex 74.682091 108.462986 -4.250000
      vertex 74.668843 108.497331 -3.000000
    endloop
  endfacet
  facet normal -0.932992 -0.359897 0.000000
    outer loop
      vertex 74.682091 108.462986 -4.250000
      vertex 74.682091 108.462986 -3.000000
      vertex 74.668843 108.497331 -3.000000
    endloop
  endfacet
  facet normal -0.914209 -0.405243 -0.000000
    outer loop
      vertex 74.682091 108.462986 -4.250000
      vertex 74.697008 108.429333 -4.250000
      vertex 74.682091 108.462986 -3.000000
    endloop
  endfacet
  facet normal -0.914209 -0.405243 0.000000
    outer loop
      vertex 74.697008 108.429333 -4.250000
      vertex 74.697008 108.429333 -3.000000
      vertex 74.682091 108.462986 -3.000000
    endloop
  endfacet
  facet normal -0.893224 -0.449612 -0.000000
    outer loop
      vertex 74.697008 108.429333 -4.250000
      vertex 74.713559 108.396453 -4.250000
      vertex 74.697008 108.429333 -3.000000
    endloop
  endfacet
  facet normal -0.893224 -0.449612 0.000000
    outer loop
      vertex 74.713559 108.396453 -4.250000
      vertex 74.713559 108.396452 -3.000000
      vertex 74.697008 108.429333 -3.000000
    endloop
  endfacet
  facet normal -0.870087 -0.492898 -0.000000
    outer loop
      vertex 74.713559 108.396453 -4.250000
      vertex 74.731703 108.364423 -4.250000
      vertex 74.713559 108.396452 -3.000000
    endloop
  endfacet
  facet normal -0.870087 -0.492898 0.000000
    outer loop
      vertex 74.731703 108.364423 -4.250000
      vertex 74.731704 108.364423 -3.000000
      vertex 74.713559 108.396452 -3.000000
    endloop
  endfacet
  facet normal -0.844853 -0.534998 -0.000000
    outer loop
      vertex 74.731703 108.364423 -4.250000
      vertex 74.751398 108.333322 -4.250000
      vertex 74.731704 108.364423 -3.000000
    endloop
  endfacet
  facet normal -0.844853 -0.534998 0.000000
    outer loop
      vertex 74.751398 108.333322 -4.250000
      vertex 74.751398 108.333322 -3.000000
      vertex 74.731704 108.364423 -3.000000
    endloop
  endfacet
  facet normal -0.817584 -0.575809 -0.000000
    outer loop
      vertex 74.751398 108.333322 -4.250000
      vertex 74.772595 108.303225 -4.250000
      vertex 74.751398 108.333322 -3.000000
    endloop
  endfacet
  facet normal -0.817584 -0.575809 0.000000
    outer loop
      vertex 74.772595 108.303225 -4.250000
      vertex 74.772595 108.303225 -3.000000
      vertex 74.751398 108.333322 -3.000000
    endloop
  endfacet
  facet normal -0.788346 -0.615232 -0.000000
    outer loop
      vertex 74.772595 108.303225 -4.250000
      vertex 74.795242 108.274205 -4.250000
      vertex 74.772595 108.303225 -3.000000
    endloop
  endfacet
  facet normal -0.788346 -0.615232 0.000000
    outer loop
      vertex 74.795242 108.274205 -4.250000
      vertex 74.795243 108.274205 -3.000000
      vertex 74.772595 108.303225 -3.000000
    endloop
  endfacet
  facet normal -0.757209 -0.653173 -0.000000
    outer loop
      vertex 74.795242 108.274205 -4.250000
      vertex 74.819287 108.246331 -4.250000
      vertex 74.795243 108.274205 -3.000000
    endloop
  endfacet
  facet normal -0.757209 -0.653173 0.000000
    outer loop
      vertex 74.819287 108.246331 -4.250000
      vertex 74.819287 108.246331 -3.000000
      vertex 74.795243 108.274205 -3.000000
    endloop
  endfacet
  facet normal -0.724247 -0.689541 -0.000000
    outer loop
      vertex 74.819287 108.246331 -4.250000
      vertex 74.844670 108.219670 -4.250000
      vertex 74.819287 108.246331 -3.000000
    endloop
  endfacet
  facet normal -0.724247 -0.689541 -0.000000
    outer loop
      vertex 74.844670 108.219670 -4.250000
      vertex 74.844670 108.219670 -3.000000
      vertex 74.819287 108.246331 -3.000000
    endloop
  endfacet
  facet normal -0.689541 -0.724247 -0.000000
    outer loop
      vertex 74.844670 108.219670 -4.250000
      vertex 74.871331 108.194287 -4.250000
      vertex 74.871331 108.194287 -3.000000
    endloop
  endfacet
  facet normal -0.689541 -0.724247 -0.000000
    outer loop
      vertex 74.844670 108.219670 -4.250000
      vertex 74.871331 108.194287 -3.000000
      vertex 74.844670 108.219670 -3.000000
    endloop
  endfacet
  facet normal -0.653173 -0.757209 -0.000000
    outer loop
      vertex 74.871331 108.194287 -4.250000
      vertex 74.899205 108.170242 -4.250000
      vertex 74.899205 108.170243 -3.000000
    endloop
  endfacet
  facet normal -0.653173 -0.757209 0.000000
    outer loop
      vertex 74.871331 108.194287 -4.250000
      vertex 74.899205 108.170243 -3.000000
      vertex 74.871331 108.194287 -3.000000
    endloop
  endfacet
  facet normal -0.615232 -0.788346 -0.000000
    outer loop
      vertex 74.899205 108.170242 -4.250000
      vertex 74.928225 108.147595 -4.250000
      vertex 74.928225 108.147595 -3.000000
    endloop
  endfacet
  facet normal -0.615232 -0.788346 0.000000
    outer loop
      vertex 74.899205 108.170242 -4.250000
      vertex 74.928225 108.147595 -3.000000
      vertex 74.899205 108.170243 -3.000000
    endloop
  endfacet
  facet normal -0.575809 -0.817584 -0.000000
    outer loop
      vertex 74.928225 108.147595 -4.250000
      vertex 74.958322 108.126398 -4.250000
      vertex 74.958322 108.126398 -3.000000
    endloop
  endfacet
  facet normal -0.575809 -0.817584 0.000000
    outer loop
      vertex 74.928225 108.147595 -4.250000
      vertex 74.958322 108.126398 -3.000000
      vertex 74.928225 108.147595 -3.000000
    endloop
  endfacet
  facet normal -0.534998 -0.844853 -0.000000
    outer loop
      vertex 74.958322 108.126398 -4.250000
      vertex 74.989423 108.106703 -4.250000
      vertex 74.989423 108.106704 -3.000000
    endloop
  endfacet
  facet normal -0.534998 -0.844853 0.000000
    outer loop
      vertex 74.958322 108.126398 -4.250000
      vertex 74.989423 108.106704 -3.000000
      vertex 74.958322 108.126398 -3.000000
    endloop
  endfacet
  facet normal -0.492898 -0.870087 -0.000000
    outer loop
      vertex 74.989423 108.106703 -4.250000
      vertex 75.021453 108.088559 -4.250000
      vertex 75.021452 108.088559 -3.000000
    endloop
  endfacet
  facet normal -0.492898 -0.870087 0.000000
    outer loop
      vertex 74.989423 108.106703 -4.250000
      vertex 75.021452 108.088559 -3.000000
      vertex 74.989423 108.106704 -3.000000
    endloop
  endfacet
  facet normal -0.449612 -0.893224 -0.000000
    outer loop
      vertex 75.021453 108.088559 -4.250000
      vertex 75.054333 108.072008 -4.250000
      vertex 75.054333 108.072008 -3.000000
    endloop
  endfacet
  facet normal -0.449612 -0.893224 0.000000
    outer loop
      vertex 75.021453 108.088559 -4.250000
      vertex 75.054333 108.072008 -3.000000
      vertex 75.021452 108.088559 -3.000000
    endloop
  endfacet
  facet normal -0.405243 -0.914209 -0.000000
    outer loop
      vertex 75.054333 108.072008 -4.250000
      vertex 75.087986 108.057091 -4.250000
      vertex 75.087986 108.057091 -3.000000
    endloop
  endfacet
  facet normal -0.405243 -0.914209 0.000000
    outer loop
      vertex 75.054333 108.072008 -4.250000
      vertex 75.087986 108.057091 -3.000000
      vertex 75.054333 108.072008 -3.000000
    endloop
  endfacet
  facet normal -0.359897 -0.932992 0.000000
    outer loop
      vertex 75.087986 108.057091 -4.250000
      vertex 75.122331 108.043843 -4.250000
      vertex 75.122331 108.043843 -3.000000
    endloop
  endfacet
  facet normal -0.359897 -0.932992 0.000000
    outer loop
      vertex 75.087986 108.057091 -4.250000
      vertex 75.122331 108.043843 -3.000000
      vertex 75.087986 108.057091 -3.000000
    endloop
  endfacet
  facet normal -0.313684 -0.949527 -0.000000
    outer loop
      vertex 75.122331 108.043843 -4.250000
      vertex 75.157285 108.032295 -4.250000
      vertex 75.122331 108.043843 -3.000000
    endloop
  endfacet
  facet normal -0.313684 -0.949527 -0.000000
    outer loop
      vertex 75.157285 108.032295 -4.250000
      vertex 75.157285 108.032295 -3.000000
      vertex 75.122331 108.043843 -3.000000
    endloop
  endfacet
  facet normal -0.266715 -0.963775 -0.000000
    outer loop
      vertex 75.157285 108.032295 -4.250000
      vertex 75.192763 108.022477 -4.250000
      vertex 75.192763 108.022477 -3.000000
    endloop
  endfacet
  facet normal -0.266715 -0.963775 0.000000
    outer loop
      vertex 75.157285 108.032295 -4.250000
      vertex 75.192763 108.022477 -3.000000
      vertex 75.157285 108.032295 -3.000000
    endloop
  endfacet
  facet normal -0.219102 -0.975702 -0.000000
    outer loop
      vertex 75.192763 108.022477 -4.250000
      vertex 75.228682 108.014411 -4.250000
      vertex 75.228681 108.014411 -3.000000
    endloop
  endfacet
  facet normal -0.219103 -0.975702 0.000000
    outer loop
      vertex 75.192763 108.022477 -4.250000
      vertex 75.228681 108.014411 -3.000000
      vertex 75.192763 108.022477 -3.000000
    endloop
  endfacet
  facet normal -0.170962 -0.985278 -0.000000
    outer loop
      vertex 75.228682 108.014411 -4.250000
      vertex 75.264953 108.008118 -4.250000
      vertex 75.264952 108.008118 -3.000000
    endloop
  endfacet
  facet normal -0.170963 -0.985277 0.000000
    outer loop
      vertex 75.228682 108.014411 -4.250000
      vertex 75.264952 108.008118 -3.000000
      vertex 75.228681 108.014411 -3.000000
    endloop
  endfacet
  facet normal -0.122412 -0.992479 -0.000000
    outer loop
      vertex 75.264953 108.008118 -4.250000
      vertex 75.301485 108.003612 -4.250000
      vertex 75.301485 108.003612 -3.000000
    endloop
  endfacet
  facet normal -0.122413 -0.992479 0.000000
    outer loop
      vertex 75.264953 108.008118 -4.250000
      vertex 75.301485 108.003612 -3.000000
      vertex 75.264952 108.008118 -3.000000
    endloop
  endfacet
  facet normal -0.073568 -0.997290 -0.000000
    outer loop
      vertex 75.301485 108.003612 -4.250000
      vertex 75.338196 108.000904 -4.250000
      vertex 75.338196 108.000904 -3.000000
    endloop
  endfacet
  facet normal -0.073569 -0.997290 0.000000
    outer loop
      vertex 75.301485 108.003612 -4.250000
      vertex 75.338196 108.000904 -3.000000
      vertex 75.301485 108.003612 -3.000000
    endloop
  endfacet
  facet normal -0.024543 -0.999699 -0.000000
    outer loop
      vertex 75.338196 108.000904 -4.250000
      vertex 75.375000 108.000000 -4.250000
      vertex 75.375000 108.000000 -3.000000
    endloop
  endfacet
  facet normal -0.024544 -0.999699 0.000000
    outer loop
      vertex 75.338196 108.000904 -4.250000
      vertex 75.375000 108.000000 -3.000000
      vertex 75.338196 108.000904 -3.000000
    endloop
  endfacet
  facet normal -0.999699 -0.024544 0.000000
    outer loop
      vertex 74.625904 108.713196 -2.500000
      vertex 74.625000 108.750000 -2.500000
      vertex 74.625904 108.713196 -3.000000
    endloop
  endfacet
  facet normal -0.999699 -0.024544 0.000000
    outer loop
      vertex 74.625000 108.750000 -2.500000
      vertex 74.625000 108.750000 -3.000000
      vertex 74.625904 108.713196 -3.000000
    endloop
  endfacet
  facet normal -0.997290 -0.073569 0.000000
    outer loop
      vertex 74.625904 108.713196 -3.000000
      vertex 74.628612 108.676485 -3.000000
      vertex 74.628612 108.676485 -2.500000
    endloop
  endfacet
  facet normal -0.997290 -0.073569 0.000000
    outer loop
      vertex 74.625904 108.713196 -3.000000
      vertex 74.628612 108.676485 -2.500000
      vertex 74.625904 108.713196 -2.500000
    endloop
  endfacet
  facet normal -0.992479 -0.122413 0.000000
    outer loop
      vertex 74.628612 108.676485 -3.000000
      vertex 74.633118 108.639952 -3.000000
      vertex 74.633118 108.639952 -2.500000
    endloop
  endfacet
  facet normal -0.992479 -0.122413 0.000000
    outer loop
      vertex 74.628612 108.676485 -3.000000
      vertex 74.633118 108.639952 -2.500000
      vertex 74.628612 108.676485 -2.500000
    endloop
  endfacet
  facet normal -0.985277 -0.170963 0.000000
    outer loop
      vertex 74.633118 108.639952 -3.000000
      vertex 74.639411 108.603681 -3.000000
      vertex 74.639411 108.603681 -2.500000
    endloop
  endfacet
  facet normal -0.985277 -0.170963 0.000000
    outer loop
      vertex 74.633118 108.639952 -3.000000
      vertex 74.639411 108.603681 -2.500000
      vertex 74.633118 108.639952 -2.500000
    endloop
  endfacet
  facet normal -0.975702 -0.219103 0.000000
    outer loop
      vertex 74.639411 108.603681 -3.000000
      vertex 74.647477 108.567763 -3.000000
      vertex 74.647477 108.567763 -2.500000
    endloop
  endfacet
  facet normal -0.975702 -0.219103 0.000000
    outer loop
      vertex 74.639411 108.603681 -3.000000
      vertex 74.647477 108.567763 -2.500000
      vertex 74.639411 108.603681 -2.500000
    endloop
  endfacet
  facet normal -0.963775 -0.266715 0.000000
    outer loop
      vertex 74.647477 108.567763 -3.000000
      vertex 74.657295 108.532285 -3.000000
      vertex 74.657295 108.532285 -2.500000
    endloop
  endfacet
  facet normal -0.963775 -0.266715 0.000000
    outer loop
      vertex 74.647477 108.567763 -3.000000
      vertex 74.657295 108.532285 -2.500000
      vertex 74.647477 108.567763 -2.500000
    endloop
  endfacet
  facet normal -0.949527 -0.313684 0.000000
    outer loop
      vertex 74.657295 108.532285 -3.000000
      vertex 74.668843 108.497331 -3.000000
      vertex 74.668843 108.497331 -2.500000
    endloop
  endfacet
  facet normal -0.949527 -0.313684 0.000000
    outer loop
      vertex 74.657295 108.532285 -3.000000
      vertex 74.668843 108.497331 -2.500000
      vertex 74.657295 108.532285 -2.500000
    endloop
  endfacet
  facet normal -0.932992 -0.359897 0.000000
    outer loop
      vertex 74.668843 108.497331 -3.000000
      vertex 74.682091 108.462986 -3.000000
      vertex 74.682091 108.462986 -2.500000
    endloop
  endfacet
  facet normal -0.932992 -0.359897 0.000000
    outer loop
      vertex 74.668843 108.497331 -3.000000
      vertex 74.682091 108.462986 -2.500000
      vertex 74.668843 108.497331 -2.500000
    endloop
  endfacet
  facet normal -0.914209 -0.405243 -0.000000
    outer loop
      vertex 74.682091 108.462986 -3.000000
      vertex 74.697008 108.429333 -3.000000
      vertex 74.697008 108.429333 -2.500000
    endloop
  endfacet
  facet normal -0.914209 -0.405243 0.000000
    outer loop
      vertex 74.682091 108.462986 -3.000000
      vertex 74.697008 108.429333 -2.500000
      vertex 74.682091 108.462986 -2.500000
    endloop
  endfacet
  facet normal -0.893224 -0.449612 -0.000000
    outer loop
      vertex 74.697008 108.429333 -3.000000
      vertex 74.713559 108.396452 -3.000000
      vertex 74.697008 108.429333 -2.500000
    endloop
  endfacet
  facet normal -0.893224 -0.449612 -0.000000
    outer loop
      vertex 74.713559 108.396452 -3.000000
      vertex 74.713559 108.396452 -2.500000
      vertex 74.697008 108.429333 -2.500000
    endloop
  endfacet
  facet normal -0.870087 -0.492898 -0.000000
    outer loop
      vertex 74.713559 108.396452 -3.000000
      vertex 74.731704 108.364423 -3.000000
      vertex 74.713559 108.396452 -2.500000
    endloop
  endfacet
  facet normal -0.870087 -0.492898 -0.000000
    outer loop
      vertex 74.731704 108.364423 -3.000000
      vertex 74.731704 108.364423 -2.500000
      vertex 74.713559 108.396452 -2.500000
    endloop
  endfacet
  facet normal -0.844853 -0.534998 -0.000000
    outer loop
      vertex 74.731704 108.364423 -3.000000
      vertex 74.751398 108.333322 -3.000000
      vertex 74.731704 108.364423 -2.500000
    endloop
  endfacet
  facet normal -0.844853 -0.534998 -0.000000
    outer loop
      vertex 74.751398 108.333322 -3.000000
      vertex 74.751398 108.333322 -2.500000
      vertex 74.731704 108.364423 -2.500000
    endloop
  endfacet
  facet normal -0.817584 -0.575809 -0.000000
    outer loop
      vertex 74.751398 108.333322 -3.000000
      vertex 74.772595 108.303225 -3.000000
      vertex 74.751398 108.333322 -2.500000
    endloop
  endfacet
  facet normal -0.817584 -0.575809 -0.000000
    outer loop
      vertex 74.772595 108.303225 -3.000000
      vertex 74.772595 108.303225 -2.500000
      vertex 74.751398 108.333322 -2.500000
    endloop
  endfacet
  facet normal -0.788346 -0.615232 -0.000000
    outer loop
      vertex 74.772595 108.303225 -3.000000
      vertex 74.795243 108.274205 -3.000000
      vertex 74.772595 108.303225 -2.500000
    endloop
  endfacet
  facet normal -0.788346 -0.615232 -0.000000
    outer loop
      vertex 74.795243 108.274205 -3.000000
      vertex 74.795243 108.274205 -2.500000
      vertex 74.772595 108.303225 -2.500000
    endloop
  endfacet
  facet normal -0.757209 -0.653173 -0.000000
    outer loop
      vertex 74.795243 108.274205 -3.000000
      vertex 74.819287 108.246331 -3.000000
      vertex 74.795243 108.274205 -2.500000
    endloop
  endfacet
  facet normal -0.757209 -0.653173 -0.000000
    outer loop
      vertex 74.819287 108.246331 -3.000000
      vertex 74.819287 108.246331 -2.500000
      vertex 74.795243 108.274205 -2.500000
    endloop
  endfacet
  facet normal -0.724247 -0.689541 -0.000000
    outer loop
      vertex 74.819287 108.246331 -3.000000
      vertex 74.844670 108.219670 -3.000000
      vertex 74.819287 108.246331 -2.500000
    endloop
  endfacet
  facet normal -0.724247 -0.689541 -0.000000
    outer loop
      vertex 74.844670 108.219670 -3.000000
      vertex 74.844670 108.219670 -2.500000
      vertex 74.819287 108.246331 -2.500000
    endloop
  endfacet
  facet normal -0.689541 -0.724247 -0.000000
    outer loop
      vertex 74.844670 108.219670 -3.000000
      vertex 74.871331 108.194287 -3.000000
      vertex 74.844670 108.219670 -2.500000
    endloop
  endfacet
  facet normal -0.689541 -0.724247 -0.000000
    outer loop
      vertex 74.871331 108.194287 -3.000000
      vertex 74.871331 108.194287 -2.500000
      vertex 74.844670 108.219670 -2.500000
    endloop
  endfacet
  facet normal -0.653173 -0.757209 -0.000000
    outer loop
      vertex 74.871331 108.194287 -3.000000
      vertex 74.899205 108.170243 -3.000000
      vertex 74.871331 108.194287 -2.500000
    endloop
  endfacet
  facet normal -0.653173 -0.757209 -0.000000
    outer loop
      vertex 74.899205 108.170243 -3.000000
      vertex 74.899205 108.170243 -2.500000
      vertex 74.871331 108.194287 -2.500000
    endloop
  endfacet
  facet normal -0.615232 -0.788346 -0.000000
    outer loop
      vertex 74.899205 108.170243 -3.000000
      vertex 74.928225 108.147595 -3.000000
      vertex 74.899205 108.170243 -2.500000
    endloop
  endfacet
  facet normal -0.615232 -0.788346 -0.000000
    outer loop
      vertex 74.928225 108.147595 -3.000000
      vertex 74.928225 108.147595 -2.500000
      vertex 74.899205 108.170243 -2.500000
    endloop
  endfacet
  facet normal -0.575809 -0.817584 -0.000000
    outer loop
      vertex 74.928225 108.147595 -3.000000
      vertex 74.958322 108.126398 -3.000000
      vertex 74.928225 108.147595 -2.500000
    endloop
  endfacet
  facet normal -0.575809 -0.817584 -0.000000
    outer loop
      vertex 74.958322 108.126398 -3.000000
      vertex 74.958322 108.126398 -2.500000
      vertex 74.928225 108.147595 -2.500000
    endloop
  endfacet
  facet normal -0.534998 -0.844853 -0.000000
    outer loop
      vertex 74.958322 108.126398 -3.000000
      vertex 74.989423 108.106704 -3.000000
      vertex 74.958322 108.126398 -2.500000
    endloop
  endfacet
  facet normal -0.534998 -0.844853 -0.000000
    outer loop
      vertex 74.989423 108.106704 -3.000000
      vertex 74.989423 108.106704 -2.500000
      vertex 74.958322 108.126398 -2.500000
    endloop
  endfacet
  facet normal -0.492898 -0.870087 -0.000000
    outer loop
      vertex 74.989423 108.106704 -3.000000
      vertex 75.021452 108.088559 -3.000000
      vertex 74.989423 108.106704 -2.500000
    endloop
  endfacet
  facet normal -0.492898 -0.870087 -0.000000
    outer loop
      vertex 75.021452 108.088559 -3.000000
      vertex 75.021452 108.088559 -2.500000
      vertex 74.989423 108.106704 -2.500000
    endloop
  endfacet
  facet normal -0.449612 -0.893224 -0.000000
    outer loop
      vertex 75.021452 108.088559 -3.000000
      vertex 75.054333 108.072008 -3.000000
      vertex 75.021452 108.088559 -2.500000
    endloop
  endfacet
  facet normal -0.449612 -0.893224 -0.000000
    outer loop
      vertex 75.054333 108.072008 -3.000000
      vertex 75.054333 108.072008 -2.500000
      vertex 75.021452 108.088559 -2.500000
    endloop
  endfacet
  facet normal -0.405243 -0.914209 -0.000000
    outer loop
      vertex 75.054333 108.072008 -3.000000
      vertex 75.087986 108.057091 -3.000000
      vertex 75.054333 108.072008 -2.500000
    endloop
  endfacet
  facet normal -0.405243 -0.914209 -0.000000
    outer loop
      vertex 75.087986 108.057091 -3.000000
      vertex 75.087986 108.057091 -2.500000
      vertex 75.054333 108.072008 -2.500000
    endloop
  endfacet
  facet normal -0.359897 -0.932992 -0.000000
    outer loop
      vertex 75.087986 108.057091 -3.000000
      vertex 75.122331 108.043843 -3.000000
      vertex 75.087986 108.057091 -2.500000
    endloop
  endfacet
  facet normal -0.359897 -0.932992 -0.000000
    outer loop
      vertex 75.122331 108.043843 -3.000000
      vertex 75.122331 108.043843 -2.500000
      vertex 75.087986 108.057091 -2.500000
    endloop
  endfacet
  facet normal -0.313684 -0.949527 -0.000000
    outer loop
      vertex 75.122331 108.043843 -3.000000
      vertex 75.157285 108.032295 -3.000000
      vertex 75.122331 108.043843 -2.500000
    endloop
  endfacet
  facet normal -0.313684 -0.949527 -0.000000
    outer loop
      vertex 75.157285 108.032295 -3.000000
      vertex 75.157285 108.032295 -2.500000
      vertex 75.122331 108.043843 -2.500000
    endloop
  endfacet
  facet normal -0.266715 -0.963775 -0.000000
    outer loop
      vertex 75.157285 108.032295 -3.000000
      vertex 75.192763 108.022477 -3.000000
      vertex 75.157285 108.032295 -2.500000
    endloop
  endfacet
  facet normal -0.266715 -0.963775 -0.000000
    outer loop
      vertex 75.192763 108.022477 -3.000000
      vertex 75.192763 108.022477 -2.500000
      vertex 75.157285 108.032295 -2.500000
    endloop
  endfacet
  facet normal -0.219103 -0.975702 -0.000000
    outer loop
      vertex 75.192763 108.022477 -3.000000
      vertex 75.228681 108.014411 -3.000000
      vertex 75.192763 108.022477 -2.500000
    endloop
  endfacet
  facet normal -0.219103 -0.975702 -0.000000
    outer loop
      vertex 75.228681 108.014411 -3.000000
      vertex 75.228681 108.014411 -2.500000
      vertex 75.192763 108.022477 -2.500000
    endloop
  endfacet
  facet normal -0.170963 -0.985277 -0.000000
    outer loop
      vertex 75.228681 108.014411 -3.000000
      vertex 75.264952 108.008118 -3.000000
      vertex 75.228681 108.014411 -2.500000
    endloop
  endfacet
  facet normal -0.170963 -0.985277 -0.000000
    outer loop
      vertex 75.264952 108.008118 -3.000000
      vertex 75.264952 108.008118 -2.500000
      vertex 75.228681 108.014411 -2.500000
    endloop
  endfacet
  facet normal -0.122413 -0.992479 -0.000000
    outer loop
      vertex 75.264952 108.008118 -3.000000
      vertex 75.301485 108.003612 -3.000000
      vertex 75.264952 108.008118 -2.500000
    endloop
  endfacet
  facet normal -0.122413 -0.992479 -0.000000
    outer loop
      vertex 75.301485 108.003612 -3.000000
      vertex 75.301485 108.003612 -2.500000
      vertex 75.264952 108.008118 -2.500000
    endloop
  endfacet
  facet normal -0.073569 -0.997290 -0.000000
    outer loop
      vertex 75.301485 108.003612 -3.000000
      vertex 75.338196 108.000904 -3.000000
      vertex 75.301485 108.003612 -2.500000
    endloop
  endfacet
  facet normal -0.073569 -0.997290 -0.000000
    outer loop
      vertex 75.338196 108.000904 -3.000000
      vertex 75.338196 108.000904 -2.500000
      vertex 75.301485 108.003612 -2.500000
    endloop
  endfacet
  facet normal -0.024544 -0.999699 -0.000000
    outer loop
      vertex 75.338196 108.000904 -3.000000
      vertex 75.375000 108.000000 -3.000000
      vertex 75.338196 108.000904 -2.500000
    endloop
  endfacet
  facet normal -0.024544 -0.999699 -0.000000
    outer loop
      vertex 75.375000 108.000000 -3.000000
      vertex 75.375000 108.000000 -2.500000
      vertex 75.338196 108.000904 -2.500000
    endloop
  endfacet
  facet normal 0.024544 -0.999699 -0.000000
    outer loop
      vertex 77.161804 108.000904 -2.500000
      vertex 77.125000 108.000000 -2.500000
      vertex 77.161804 108.000904 -3.000000
    endloop
  endfacet
  facet normal 0.024544 -0.999699 -0.000000
    outer loop
      vertex 77.125000 108.000000 -2.500000
      vertex 77.125000 108.000000 -3.000000
      vertex 77.161804 108.000904 -3.000000
    endloop
  endfacet
  facet normal 0.073569 -0.997290 -0.000000
    outer loop
      vertex 77.161804 108.000904 -3.000000
      vertex 77.198515 108.003612 -3.000000
      vertex 77.198515 108.003612 -2.500000
    endloop
  endfacet
  facet normal 0.073569 -0.997290 -0.000000
    outer loop
      vertex 77.161804 108.000904 -3.000000
      vertex 77.198515 108.003612 -2.500000
      vertex 77.161804 108.000904 -2.500000
    endloop
  endfacet
  facet normal 0.122413 -0.992479 -0.000000
    outer loop
      vertex 77.198515 108.003612 -3.000000
      vertex 77.235048 108.008118 -3.000000
      vertex 77.235048 108.008118 -2.500000
    endloop
  endfacet
  facet normal 0.122413 -0.992479 -0.000000
    outer loop
      vertex 77.198515 108.003612 -3.000000
      vertex 77.235048 108.008118 -2.500000
      vertex 77.198515 108.003612 -2.500000
    endloop
  endfacet
  facet normal 0.170963 -0.985277 -0.000000
    outer loop
      vertex 77.235048 108.008118 -3.000000
      vertex 77.271319 108.014411 -3.000000
      vertex 77.271319 108.014411 -2.500000
    endloop
  endfacet
  facet normal 0.170963 -0.985277 -0.000000
    outer loop
      vertex 77.235048 108.008118 -3.000000
      vertex 77.271319 108.014411 -2.500000
      vertex 77.235048 108.008118 -2.500000
    endloop
  endfacet
  facet normal 0.219103 -0.975702 -0.000000
    outer loop
      vertex 77.271319 108.014411 -3.000000
      vertex 77.307237 108.022477 -3.000000
      vertex 77.307237 108.022477 -2.500000
    endloop
  endfacet
  facet normal 0.219103 -0.975702 -0.000000
    outer loop
      vertex 77.271319 108.014411 -3.000000
      vertex 77.307237 108.022477 -2.500000
      vertex 77.271319 108.014411 -2.500000
    endloop
  endfacet
  facet normal 0.266715 -0.963775 -0.000000
    outer loop
      vertex 77.307237 108.022477 -3.000000
      vertex 77.342715 108.032295 -3.000000
      vertex 77.342715 108.032295 -2.500000
    endloop
  endfacet
  facet normal 0.266715 -0.963775 -0.000000
    outer loop
      vertex 77.307237 108.022477 -3.000000
      vertex 77.342715 108.032295 -2.500000
      vertex 77.307237 108.022477 -2.500000
    endloop
  endfacet
  facet normal 0.313684 -0.949527 -0.000000
    outer loop
      vertex 77.342715 108.032295 -3.000000
      vertex 77.377669 108.043843 -3.000000
      vertex 77.377669 108.043843 -2.500000
    endloop
  endfacet
  facet normal 0.313684 -0.949527 -0.000000
    outer loop
      vertex 77.342715 108.032295 -3.000000
      vertex 77.377669 108.043843 -2.500000
      vertex 77.342715 108.032295 -2.500000
    endloop
  endfacet
  facet normal 0.359897 -0.932992 -0.000000
    outer loop
      vertex 77.377669 108.043843 -3.000000
      vertex 77.412014 108.057091 -3.000000
      vertex 77.412014 108.057091 -2.500000
    endloop
  endfacet
  facet normal 0.359897 -0.932992 -0.000000
    outer loop
      vertex 77.377669 108.043843 -3.000000
      vertex 77.412014 108.057091 -2.500000
      vertex 77.377669 108.043843 -2.500000
    endloop
  endfacet
  facet normal 0.405243 -0.914209 -0.000000
    outer loop
      vertex 77.412014 108.057091 -3.000000
      vertex 77.445667 108.072008 -3.000000
      vertex 77.445667 108.072008 -2.500000
    endloop
  endfacet
  facet normal 0.405243 -0.914209 -0.000000
    outer loop
      vertex 77.412014 108.057091 -3.000000
      vertex 77.445667 108.072008 -2.500000
      vertex 77.412014 108.057091 -2.500000
    endloop
  endfacet
  facet normal 0.449612 -0.893224 -0.000000
    outer loop
      vertex 77.445667 108.072008 -3.000000
      vertex 77.478548 108.088559 -3.000000
      vertex 77.478548 108.088559 -2.500000
    endloop
  endfacet
  facet normal 0.449612 -0.893224 -0.000000
    outer loop
      vertex 77.445667 108.072008 -3.000000
      vertex 77.478548 108.088559 -2.500000
      vertex 77.445667 108.072008 -2.500000
    endloop
  endfacet
  facet normal 0.492898 -0.870087 -0.000000
    outer loop
      vertex 77.478548 108.088559 -3.000000
      vertex 77.510577 108.106704 -3.000000
      vertex 77.510577 108.106704 -2.500000
    endloop
  endfacet
  facet normal 0.492898 -0.870087 -0.000000
    outer loop
      vertex 77.478548 108.088559 -3.000000
      vertex 77.510577 108.106704 -2.500000
      vertex 77.478548 108.088559 -2.500000
    endloop
  endfacet
  facet normal 0.534998 -0.844853 -0.000000
    outer loop
      vertex 77.510577 108.106704 -3.000000
      vertex 77.541678 108.126398 -3.000000
      vertex 77.541678 108.126398 -2.500000
    endloop
  endfacet
  facet normal 0.534998 -0.844853 -0.000000
    outer loop
      vertex 77.510577 108.106704 -3.000000
      vertex 77.541678 108.126398 -2.500000
      vertex 77.510577 108.106704 -2.500000
    endloop
  endfacet
  facet normal 0.575809 -0.817584 -0.000000
    outer loop
      vertex 77.541678 108.126398 -3.000000
      vertex 77.571775 108.147595 -3.000000
      vertex 77.571775 108.147595 -2.500000
    endloop
  endfacet
  facet normal 0.575809 -0.817584 -0.000000
    outer loop
      vertex 77.541678 108.126398 -3.000000
      vertex 77.571775 108.147595 -2.500000
      vertex 77.541678 108.126398 -2.500000
    endloop
  endfacet
  facet normal 0.615232 -0.788346 -0.000000
    outer loop
      vertex 77.571775 108.147595 -3.000000
      vertex 77.600795 108.170243 -3.000000
      vertex 77.600795 108.170243 -2.500000
    endloop
  endfacet
  facet normal 0.615232 -0.788346 -0.000000
    outer loop
      vertex 77.571775 108.147595 -3.000000
      vertex 77.600795 108.170243 -2.500000
      vertex 77.571775 108.147595 -2.500000
    endloop
  endfacet
  facet normal 0.653173 -0.757209 -0.000000
    outer loop
      vertex 77.600795 108.170243 -3.000000
      vertex 77.628669 108.194287 -3.000000
      vertex 77.628669 108.194287 -2.500000
    endloop
  endfacet
  facet normal 0.653173 -0.757209 -0.000000
    outer loop
      vertex 77.600795 108.170243 -3.000000
      vertex 77.628669 108.194287 -2.500000
      vertex 77.600795 108.170243 -2.500000
    endloop
  endfacet
  facet normal 0.689541 -0.724247 -0.000000
    outer loop
      vertex 77.628669 108.194287 -3.000000
      vertex 77.655330 108.219670 -3.000000
      vertex 77.655330 108.219670 -2.500000
    endloop
  endfacet
  facet normal 0.689541 -0.724247 -0.000000
    outer loop
      vertex 77.628669 108.194287 -3.000000
      vertex 77.655330 108.219670 -2.500000
      vertex 77.628669 108.194287 -2.500000
    endloop
  endfacet
  facet normal 0.724247 -0.689541 -0.000000
    outer loop
      vertex 77.655330 108.219670 -3.000000
      vertex 77.680713 108.246331 -3.000000
      vertex 77.680713 108.246331 -2.500000
    endloop
  endfacet
  facet normal 0.724247 -0.689541 -0.000000
    outer loop
      vertex 77.655330 108.219670 -3.000000
      vertex 77.680713 108.246331 -2.500000
      vertex 77.655330 108.219670 -2.500000
    endloop
  endfacet
  facet normal 0.757209 -0.653173 -0.000000
    outer loop
      vertex 77.680713 108.246331 -3.000000
      vertex 77.704757 108.274205 -3.000000
      vertex 77.704757 108.274205 -2.500000
    endloop
  endfacet
  facet normal 0.757209 -0.653173 -0.000000
    outer loop
      vertex 77.680713 108.246331 -3.000000
      vertex 77.704757 108.274205 -2.500000
      vertex 77.680713 108.246331 -2.500000
    endloop
  endfacet
  facet normal 0.788346 -0.615232 -0.000000
    outer loop
      vertex 77.704757 108.274205 -3.000000
      vertex 77.727405 108.303225 -3.000000
      vertex 77.727405 108.303225 -2.500000
    endloop
  endfacet
  facet normal 0.788346 -0.615232 -0.000000
    outer loop
      vertex 77.704757 108.274205 -3.000000
      vertex 77.727405 108.303225 -2.500000
      vertex 77.704757 108.274205 -2.500000
    endloop
  endfacet
  facet normal 0.817584 -0.575809 -0.000000
    outer loop
      vertex 77.727405 108.303225 -3.000000
      vertex 77.748602 108.333322 -3.000000
      vertex 77.748602 108.333322 -2.500000
    endloop
  endfacet
  facet normal 0.817584 -0.575809 -0.000000
    outer loop
      vertex 77.727405 108.303225 -3.000000
      vertex 77.748602 108.333322 -2.500000
      vertex 77.727405 108.303225 -2.500000
    endloop
  endfacet
  facet normal 0.844853 -0.534998 -0.000000
    outer loop
      vertex 77.748602 108.333322 -3.000000
      vertex 77.768296 108.364423 -3.000000
      vertex 77.768296 108.364423 -2.500000
    endloop
  endfacet
  facet normal 0.844853 -0.534998 -0.000000
    outer loop
      vertex 77.748602 108.333322 -3.000000
      vertex 77.768296 108.364423 -2.500000
      vertex 77.748602 108.333322 -2.500000
    endloop
  endfacet
  facet normal 0.870087 -0.492898 -0.000000
    outer loop
      vertex 77.768296 108.364423 -3.000000
      vertex 77.786441 108.396452 -3.000000
      vertex 77.786441 108.396452 -2.500000
    endloop
  endfacet
  facet normal 0.870087 -0.492898 -0.000000
    outer loop
      vertex 77.768296 108.364423 -3.000000
      vertex 77.786441 108.396452 -2.500000
      vertex 77.768296 108.364423 -2.500000
    endloop
  endfacet
  facet normal 0.893224 -0.449612 -0.000000
    outer loop
      vertex 77.786441 108.396452 -3.000000
      vertex 77.802992 108.429333 -3.000000
      vertex 77.802992 108.429333 -2.500000
    endloop
  endfacet
  facet normal 0.893224 -0.449612 -0.000000
    outer loop
      vertex 77.786441 108.396452 -3.000000
      vertex 77.802992 108.429333 -2.500000
      vertex 77.786441 108.396452 -2.500000
    endloop
  endfacet
  facet normal 0.914209 -0.405243 -0.000000
    outer loop
      vertex 77.802992 108.429333 -3.000000
      vertex 77.817909 108.462986 -3.000000
      vertex 77.817909 108.462986 -2.500000
    endloop
  endfacet
  facet normal 0.914209 -0.405243 -0.000000
    outer loop
      vertex 77.802992 108.429333 -3.000000
      vertex 77.817909 108.462986 -2.500000
      vertex 77.802992 108.429333 -2.500000
    endloop
  endfacet
  facet normal 0.932992 -0.359897 -0.000000
    outer loop
      vertex 77.817909 108.462986 -3.000000
      vertex 77.831157 108.497331 -3.000000
      vertex 77.831157 108.497331 -2.500000
    endloop
  endfacet
  facet normal 0.932992 -0.359897 -0.000000
    outer loop
      vertex 77.817909 108.462986 -3.000000
      vertex 77.831157 108.497331 -2.500000
      vertex 77.817909 108.462986 -2.500000
    endloop
  endfacet
  facet normal 0.949527 -0.313684 -0.000000
    outer loop
      vertex 77.831157 108.497331 -3.000000
      vertex 77.842705 108.532285 -3.000000
      vertex 77.842705 108.532285 -2.500000
    endloop
  endfacet
  facet normal 0.949527 -0.313684 -0.000000
    outer loop
      vertex 77.831157 108.497331 -3.000000
      vertex 77.842705 108.532285 -2.500000
      vertex 77.831157 108.497331 -2.500000
    endloop
  endfacet
  facet normal 0.963775 -0.266715 -0.000000
    outer loop
      vertex 77.842705 108.532285 -3.000000
      vertex 77.852523 108.567763 -3.000000
      vertex 77.852523 108.567763 -2.500000
    endloop
  endfacet
  facet normal 0.963775 -0.266715 -0.000000
    outer loop
      vertex 77.842705 108.532285 -3.000000
      vertex 77.852523 108.567763 -2.500000
      vertex 77.842705 108.532285 -2.500000
    endloop
  endfacet
  facet normal 0.975702 -0.219103 -0.000000
    outer loop
      vertex 77.852523 108.567763 -3.000000
      vertex 77.860589 108.603681 -3.000000
      vertex 77.860589 108.603681 -2.500000
    endloop
  endfacet
  facet normal 0.975702 -0.219103 -0.000000
    outer loop
      vertex 77.852523 108.567763 -3.000000
      vertex 77.860589 108.603681 -2.500000
      vertex 77.852523 108.567763 -2.500000
    endloop
  endfacet
  facet normal 0.985277 -0.170963 -0.000000
    outer loop
      vertex 77.860589 108.603681 -3.000000
      vertex 77.866882 108.639952 -3.000000
      vertex 77.866882 108.639952 -2.500000
    endloop
  endfacet
  facet normal 0.985277 -0.170963 -0.000000
    outer loop
      vertex 77.860589 108.603681 -3.000000
      vertex 77.866882 108.639952 -2.500000
      vertex 77.860589 108.603681 -2.500000
    endloop
  endfacet
  facet normal 0.992479 -0.122413 -0.000000
    outer loop
      vertex 77.866882 108.639952 -3.000000
      vertex 77.871388 108.676485 -3.000000
      vertex 77.871388 108.676485 -2.500000
    endloop
  endfacet
  facet normal 0.992479 -0.122413 -0.000000
    outer loop
      vertex 77.866882 108.639952 -3.000000
      vertex 77.871388 108.676485 -2.500000
      vertex 77.866882 108.639952 -2.500000
    endloop
  endfacet
  facet normal 0.997290 -0.073569 -0.000000
    outer loop
      vertex 77.871388 108.676485 -3.000000
      vertex 77.874096 108.713196 -3.000000
      vertex 77.874096 108.713196 -2.500000
    endloop
  endfacet
  facet normal 0.997290 -0.073569 -0.000000
    outer loop
      vertex 77.871388 108.676485 -3.000000
      vertex 77.874096 108.713196 -2.500000
      vertex 77.871388 108.676485 -2.500000
    endloop
  endfacet
  facet normal 0.999699 -0.024544 -0.000000
    outer loop
      vertex 77.874096 108.713196 -3.000000
      vertex 77.875000 108.750000 -3.000000
      vertex 77.875000 108.750000 -2.500000
    endloop
  endfacet
  facet normal 0.999699 -0.024544 -0.000000
    outer loop
      vertex 77.874096 108.713196 -3.000000
      vertex 77.875000 108.750000 -2.500000
      vertex 77.874096 108.713196 -2.500000
    endloop
  endfacet
  facet normal -0.024544 0.999699 0.000000
    outer loop
      vertex 75.338196 110.999096 -2.500000
      vertex 75.375000 111.000000 -2.500000
      vertex 75.338196 110.999096 -3.000000
    endloop
  endfacet
  facet normal -0.024544 0.999699 0.000000
    outer loop
      vertex 75.375000 111.000000 -2.500000
      vertex 75.375000 111.000000 -3.000000
      vertex 75.338196 110.999096 -3.000000
    endloop
  endfacet
  facet normal -0.073569 0.997290 0.000000
    outer loop
      vertex 75.338196 110.999096 -3.000000
      vertex 75.301485 110.996388 -3.000000
      vertex 75.301485 110.996388 -2.500000
    endloop
  endfacet
  facet normal -0.073569 0.997290 0.000000
    outer loop
      vertex 75.338196 110.999096 -3.000000
      vertex 75.301485 110.996388 -2.500000
      vertex 75.338196 110.999096 -2.500000
    endloop
  endfacet
  facet normal -0.122413 0.992479 0.000000
    outer loop
      vertex 75.301485 110.996388 -3.000000
      vertex 75.264952 110.991882 -3.000000
      vertex 75.264952 110.991882 -2.500000
    endloop
  endfacet
  facet normal -0.122413 0.992479 0.000000
    outer loop
      vertex 75.301485 110.996388 -3.000000
      vertex 75.264952 110.991882 -2.500000
      vertex 75.301485 110.996388 -2.500000
    endloop
  endfacet
  facet normal -0.170963 0.985277 0.000000
    outer loop
      vertex 75.264952 110.991882 -3.000000
      vertex 75.228681 110.985589 -3.000000
      vertex 75.228681 110.985589 -2.500000
    endloop
  endfacet
  facet normal -0.170963 0.985277 0.000000
    outer loop
      vertex 75.264952 110.991882 -3.000000
      vertex 75.228681 110.985589 -2.500000
      vertex 75.264952 110.991882 -2.500000
    endloop
  endfacet
  facet normal -0.219103 0.975702 0.000000
    outer loop
      vertex 75.228681 110.985589 -3.000000
      vertex 75.192763 110.977523 -3.000000
      vertex 75.192763 110.977523 -2.500000
    endloop
  endfacet
  facet normal -0.219103 0.975702 0.000000
    outer loop
      vertex 75.228681 110.985589 -3.000000
      vertex 75.192763 110.977523 -2.500000
      vertex 75.228681 110.985589 -2.500000
    endloop
  endfacet
  facet normal -0.266715 0.963775 0.000000
    outer loop
      vertex 75.192763 110.977523 -3.000000
      vertex 75.157285 110.967705 -3.000000
      vertex 75.157285 110.967705 -2.500000
    endloop
  endfacet
  facet normal -0.266715 0.963775 0.000000
    outer loop
      vertex 75.192763 110.977523 -3.000000
      vertex 75.157285 110.967705 -2.500000
      vertex 75.192763 110.977523 -2.500000
    endloop
  endfacet
  facet normal -0.313684 0.949527 0.000000
    outer loop
      vertex 75.157285 110.967705 -3.000000
      vertex 75.122331 110.956157 -3.000000
      vertex 75.122331 110.956157 -2.500000
    endloop
  endfacet
  facet normal -0.313684 0.949527 0.000000
    outer loop
      vertex 75.157285 110.967705 -3.000000
      vertex 75.122331 110.956157 -2.500000
      vertex 75.157285 110.967705 -2.500000
    endloop
  endfacet
  facet normal -0.359897 0.932992 0.000000
    outer loop
      vertex 75.122331 110.956157 -3.000000
      vertex 75.087986 110.942909 -3.000000
      vertex 75.087986 110.942909 -2.500000
    endloop
  endfacet
  facet normal -0.359897 0.932992 0.000000
    outer loop
      vertex 75.122331 110.956157 -3.000000
      vertex 75.087986 110.942909 -2.500000
      vertex 75.122331 110.956157 -2.500000
    endloop
  endfacet
  facet normal -0.405243 0.914209 0.000000
    outer loop
      vertex 75.087986 110.942909 -3.000000
      vertex 75.054333 110.927992 -3.000000
      vertex 75.054333 110.927992 -2.500000
    endloop
  endfacet
  facet normal -0.405243 0.914209 0.000000
    outer loop
      vertex 75.087986 110.942909 -3.000000
      vertex 75.054333 110.927992 -2.500000
      vertex 75.087986 110.942909 -2.500000
    endloop
  endfacet
  facet normal -0.449612 0.893224 0.000000
    outer loop
      vertex 75.054333 110.927992 -3.000000
      vertex 75.021452 110.911441 -3.000000
      vertex 75.021452 110.911441 -2.500000
    endloop
  endfacet
  facet normal -0.449612 0.893224 0.000000
    outer loop
      vertex 75.054333 110.927992 -3.000000
      vertex 75.021452 110.911441 -2.500000
      vertex 75.054333 110.927992 -2.500000
    endloop
  endfacet
  facet normal -0.492898 0.870087 0.000000
    outer loop
      vertex 75.021452 110.911441 -3.000000
      vertex 74.989423 110.893296 -3.000000
      vertex 74.989423 110.893296 -2.500000
    endloop
  endfacet
  facet normal -0.492898 0.870087 0.000000
    outer loop
      vertex 75.021452 110.911441 -3.000000
      vertex 74.989423 110.893296 -2.500000
      vertex 75.021452 110.911441 -2.500000
    endloop
  endfacet
  facet normal -0.534998 0.844853 0.000000
    outer loop
      vertex 74.989423 110.893296 -3.000000
      vertex 74.958322 110.873602 -3.000000
      vertex 74.958322 110.873602 -2.500000
    endloop
  endfacet
  facet normal -0.534998 0.844853 0.000000
    outer loop
      vertex 74.989423 110.893296 -3.000000
      vertex 74.958322 110.873602 -2.500000
      vertex 74.989423 110.893296 -2.500000
    endloop
  endfacet
  facet normal -0.575809 0.817584 0.000000
    outer loop
      vertex 74.958322 110.873602 -3.000000
      vertex 74.928225 110.852405 -3.000000
      vertex 74.928225 110.852405 -2.500000
    endloop
  endfacet
  facet normal -0.575809 0.817584 0.000000
    outer loop
      vertex 74.958322 110.873602 -3.000000
      vertex 74.928225 110.852405 -2.500000
      vertex 74.958322 110.873602 -2.500000
    endloop
  endfacet
  facet normal -0.615232 0.788346 0.000000
    outer loop
      vertex 74.928225 110.852405 -3.000000
      vertex 74.899205 110.829757 -3.000000
      vertex 74.899205 110.829757 -2.500000
    endloop
  endfacet
  facet normal -0.615232 0.788346 0.000000
    outer loop
      vertex 74.928225 110.852405 -3.000000
      vertex 74.899205 110.829757 -2.500000
      vertex 74.928225 110.852405 -2.500000
    endloop
  endfacet
  facet normal -0.653173 0.757209 0.000000
    outer loop
      vertex 74.899205 110.829757 -3.000000
      vertex 74.871331 110.805713 -3.000000
      vertex 74.871331 110.805713 -2.500000
    endloop
  endfacet
  facet normal -0.653173 0.757209 0.000000
    outer loop
      vertex 74.899205 110.829757 -3.000000
      vertex 74.871331 110.805713 -2.500000
      vertex 74.899205 110.829757 -2.500000
    endloop
  endfacet
  facet normal -0.689541 0.724247 0.000000
    outer loop
      vertex 74.871331 110.805713 -3.000000
      vertex 74.844670 110.780330 -3.000000
      vertex 74.844670 110.780330 -2.500000
    endloop
  endfacet
  facet normal -0.689541 0.724247 0.000000
    outer loop
      vertex 74.871331 110.805713 -3.000000
      vertex 74.844670 110.780330 -2.500000
      vertex 74.871331 110.805713 -2.500000
    endloop
  endfacet
  facet normal -0.724247 0.689541 0.000000
    outer loop
      vertex 74.844670 110.780330 -3.000000
      vertex 74.819287 110.753669 -3.000000
      vertex 74.819287 110.753669 -2.500000
    endloop
  endfacet
  facet normal -0.724247 0.689541 0.000000
    outer loop
      vertex 74.844670 110.780330 -3.000000
      vertex 74.819287 110.753669 -2.500000
      vertex 74.844670 110.780330 -2.500000
    endloop
  endfacet
  facet normal -0.757209 0.653173 0.000000
    outer loop
      vertex 74.819287 110.753669 -3.000000
      vertex 74.795243 110.725795 -3.000000
      vertex 74.795243 110.725795 -2.500000
    endloop
  endfacet
  facet normal -0.757209 0.653173 0.000000
    outer loop
      vertex 74.819287 110.753669 -3.000000
      vertex 74.795243 110.725795 -2.500000
      vertex 74.819287 110.753669 -2.500000
    endloop
  endfacet
  facet normal -0.788346 0.615232 0.000000
    outer loop
      vertex 74.795243 110.725795 -3.000000
      vertex 74.772595 110.696775 -3.000000
      vertex 74.772595 110.696775 -2.500000
    endloop
  endfacet
  facet normal -0.788346 0.615232 0.000000
    outer loop
      vertex 74.795243 110.725795 -3.000000
      vertex 74.772595 110.696775 -2.500000
      vertex 74.795243 110.725795 -2.500000
    endloop
  endfacet
  facet normal -0.817584 0.575809 0.000000
    outer loop
      vertex 74.772595 110.696775 -3.000000
      vertex 74.751398 110.666678 -3.000000
      vertex 74.751398 110.666678 -2.500000
    endloop
  endfacet
  facet normal -0.817584 0.575809 0.000000
    outer loop
      vertex 74.772595 110.696775 -3.000000
      vertex 74.751398 110.666678 -2.500000
      vertex 74.772595 110.696775 -2.500000
    endloop
  endfacet
  facet normal -0.844853 0.534998 0.000000
    outer loop
      vertex 74.751398 110.666678 -3.000000
      vertex 74.731704 110.635577 -3.000000
      vertex 74.731704 110.635577 -2.500000
    endloop
  endfacet
  facet normal -0.844853 0.534998 0.000000
    outer loop
      vertex 74.751398 110.666678 -3.000000
      vertex 74.731704 110.635577 -2.500000
      vertex 74.751398 110.666678 -2.500000
    endloop
  endfacet
  facet normal -0.870087 0.492898 0.000000
    outer loop
      vertex 74.731704 110.635577 -3.000000
      vertex 74.713559 110.603548 -3.000000
      vertex 74.713559 110.603548 -2.500000
    endloop
  endfacet
  facet normal -0.870087 0.492898 0.000000
    outer loop
      vertex 74.731704 110.635577 -3.000000
      vertex 74.713559 110.603548 -2.500000
      vertex 74.731704 110.635577 -2.500000
    endloop
  endfacet
  facet normal -0.893224 0.449612 0.000000
    outer loop
      vertex 74.713559 110.603548 -3.000000
      vertex 74.697008 110.570667 -3.000000
      vertex 74.697008 110.570667 -2.500000
    endloop
  endfacet
  facet normal -0.893224 0.449612 0.000000
    outer loop
      vertex 74.713559 110.603548 -3.000000
      vertex 74.697008 110.570667 -2.500000
      vertex 74.713559 110.603548 -2.500000
    endloop
  endfacet
  facet normal -0.914209 0.405243 0.000000
    outer loop
      vertex 74.697008 110.570667 -3.000000
      vertex 74.682091 110.537014 -3.000000
      vertex 74.682091 110.537014 -2.500000
    endloop
  endfacet
  facet normal -0.914209 0.405243 0.000000
    outer loop
      vertex 74.697008 110.570667 -3.000000
      vertex 74.682091 110.537014 -2.500000
      vertex 74.697008 110.570667 -2.500000
    endloop
  endfacet
  facet normal -0.932992 0.359897 0.000000
    outer loop
      vertex 74.682091 110.537014 -3.000000
      vertex 74.668843 110.502669 -3.000000
      vertex 74.668843 110.502669 -2.500000
    endloop
  endfacet
  facet normal -0.932992 0.359897 0.000000
    outer loop
      vertex 74.682091 110.537014 -3.000000
      vertex 74.668843 110.502669 -2.500000
      vertex 74.682091 110.537014 -2.500000
    endloop
  endfacet
  facet normal -0.949527 0.313684 0.000000
    outer loop
      vertex 74.668843 110.502669 -3.000000
      vertex 74.657295 110.467715 -3.000000
      vertex 74.657295 110.467715 -2.500000
    endloop
  endfacet
  facet normal -0.949527 0.313684 0.000000
    outer loop
      vertex 74.668843 110.502669 -3.000000
      vertex 74.657295 110.467715 -2.500000
      vertex 74.668843 110.502669 -2.500000
    endloop
  endfacet
  facet normal -0.963775 0.266715 0.000000
    outer loop
      vertex 74.657295 110.467715 -3.000000
      vertex 74.647477 110.432237 -3.000000
      vertex 74.647477 110.432237 -2.500000
    endloop
  endfacet
  facet normal -0.963775 0.266715 0.000000
    outer loop
      vertex 74.657295 110.467715 -3.000000
      vertex 74.647477 110.432237 -2.500000
      vertex 74.657295 110.467715 -2.500000
    endloop
  endfacet
  facet normal -0.975702 0.219103 0.000000
    outer loop
      vertex 74.647477 110.432237 -3.000000
      vertex 74.639411 110.396319 -3.000000
      vertex 74.639411 110.396319 -2.500000
    endloop
  endfacet
  facet normal -0.975702 0.219103 0.000000
    outer loop
      vertex 74.647477 110.432237 -3.000000
      vertex 74.639411 110.396319 -2.500000
      vertex 74.647477 110.432237 -2.500000
    endloop
  endfacet
  facet normal -0.985277 0.170963 0.000000
    outer loop
      vertex 74.639411 110.396319 -3.000000
      vertex 74.633118 110.360048 -3.000000
      vertex 74.633118 110.360048 -2.500000
    endloop
  endfacet
  facet normal -0.985277 0.170963 0.000000
    outer loop
      vertex 74.639411 110.396319 -3.000000
      vertex 74.633118 110.360048 -2.500000
      vertex 74.639411 110.396319 -2.500000
    endloop
  endfacet
  facet normal -0.992479 0.122413 0.000000
    outer loop
      vertex 74.633118 110.360048 -3.000000
      vertex 74.628612 110.323515 -3.000000
      vertex 74.628612 110.323515 -2.500000
    endloop
  endfacet
  facet normal -0.992479 0.122413 0.000000
    outer loop
      vertex 74.633118 110.360048 -3.000000
      vertex 74.628612 110.323515 -2.500000
      vertex 74.633118 110.360048 -2.500000
    endloop
  endfacet
  facet normal -0.997290 0.073569 0.000000
    outer loop
      vertex 74.628612 110.323515 -3.000000
      vertex 74.625904 110.286804 -3.000000
      vertex 74.625904 110.286804 -2.500000
    endloop
  endfacet
  facet normal -0.997290 0.073569 0.000000
    outer loop
      vertex 74.628612 110.323515 -3.000000
      vertex 74.625904 110.286804 -2.500000
      vertex 74.628612 110.323515 -2.500000
    endloop
  endfacet
  facet normal -0.999699 0.024544 0.000000
    outer loop
      vertex 74.625904 110.286804 -3.000000
      vertex 74.625000 110.250000 -3.000000
      vertex 74.625000 110.250000 -2.500000
    endloop
  endfacet
  facet normal -0.999699 0.024544 0.000000
    outer loop
      vertex 74.625904 110.286804 -3.000000
      vertex 74.625000 110.250000 -2.500000
      vertex 74.625904 110.286804 -2.500000
    endloop
  endfacet
  facet normal 1.000000 -0.000000 -0.000000
    outer loop
      vertex 77.875000 110.250000 -2.500000
      vertex 77.875000 108.750000 -2.500000
      vertex 77.875000 108.750000 -3.000000
    endloop
  endfacet
  facet normal 1.000000 -0.000000 -0.000000
    outer loop
      vertex 77.875000 110.250000 -3.000000
      vertex 77.875000 110.250000 -2.500000
      vertex 77.875000 108.750000 -3.000000
    endloop
  endfacet
  facet normal 1.000000 -0.000000 -0.000000
    outer loop
      vertex 77.875000 108.750000 -3.000000
      vertex 77.875000 108.750000 -4.250000
      vertex 77.875000 110.250000 -4.250000
    endloop
  endfacet
  facet normal 1.000000 -0.000000 -0.000000
    outer loop
      vertex 77.875000 110.250000 -3.000000
      vertex 77.875000 108.750000 -3.000000
      vertex 77.875000 110.250000 -4.250000
    endloop
  endfacet
  facet normal 0.024544 -0.999699 0.000000
    outer loop
      vertex 77.161804 108.000904 -3.000000
      vertex 77.125000 108.000000 -3.000000
      vertex 77.161804 108.000904 -4.250000
    endloop
  endfacet
  facet normal 0.024543 -0.999699 -0.000000
    outer loop
      vertex 77.125000 108.000000 -3.000000
      vertex 77.125000 108.000000 -4.250000
      vertex 77.161804 108.000904 -4.250000
    endloop
  endfacet
  facet normal 0.073568 -0.997290 -0.000000
    outer loop
      vertex 77.161804 108.000904 -4.250000
      vertex 77.198515 108.003612 -4.250000
      vertex 77.161804 108.000904 -3.000000
    endloop
  endfacet
  facet normal 0.073569 -0.997290 0.000000
    outer loop
      vertex 77.198515 108.003612 -4.250000
      vertex 77.198515 108.003612 -3.000000
      vertex 77.161804 108.000904 -3.000000
    endloop
  endfacet
  facet normal 0.122412 -0.992479 -0.000000
    outer loop
      vertex 77.198515 108.003612 -4.250000
      vertex 77.235047 108.008118 -4.250000
      vertex 77.198515 108.003612 -3.000000
    endloop
  endfacet
  facet normal 0.122413 -0.992479 0.000000
    outer loop
      vertex 77.235047 108.008118 -4.250000
      vertex 77.235048 108.008118 -3.000000
      vertex 77.198515 108.003612 -3.000000
    endloop
  endfacet
  facet normal 0.170962 -0.985278 -0.000000
    outer loop
      vertex 77.235047 108.008118 -4.250000
      vertex 77.271318 108.014411 -4.250000
      vertex 77.235048 108.008118 -3.000000
    endloop
  endfacet
  facet normal 0.170963 -0.985277 0.000000
    outer loop
      vertex 77.271318 108.014411 -4.250000
      vertex 77.271319 108.014411 -3.000000
      vertex 77.235048 108.008118 -3.000000
    endloop
  endfacet
  facet normal 0.219102 -0.975702 -0.000000
    outer loop
      vertex 77.271318 108.014411 -4.250000
      vertex 77.307237 108.022477 -4.250000
      vertex 77.271319 108.014411 -3.000000
    endloop
  endfacet
  facet normal 0.219103 -0.975702 0.000000
    outer loop
      vertex 77.307237 108.022477 -4.250000
      vertex 77.307237 108.022477 -3.000000
      vertex 77.271319 108.014411 -3.000000
    endloop
  endfacet
  facet normal 0.266715 -0.963775 -0.000000
    outer loop
      vertex 77.307237 108.022477 -4.250000
      vertex 77.342715 108.032295 -4.250000
      vertex 77.307237 108.022477 -3.000000
    endloop
  endfacet
  facet normal 0.266715 -0.963775 0.000000
    outer loop
      vertex 77.342715 108.032295 -4.250000
      vertex 77.342715 108.032295 -3.000000
      vertex 77.307237 108.022477 -3.000000
    endloop
  endfacet
  facet normal 0.313684 -0.949527 -0.000000
    outer loop
      vertex 77.342715 108.032295 -4.250000
      vertex 77.377669 108.043843 -4.250000
      vertex 77.377669 108.043843 -3.000000
    endloop
  endfacet
  facet normal 0.313684 -0.949527 -0.000000
    outer loop
      vertex 77.342715 108.032295 -4.250000
      vertex 77.377669 108.043843 -3.000000
      vertex 77.342715 108.032295 -3.000000
    endloop
  endfacet
  facet normal 0.359897 -0.932992 0.000000
    outer loop
      vertex 77.377669 108.043843 -4.250000
      vertex 77.412014 108.057091 -4.250000
      vertex 77.377669 108.043843 -3.000000
    endloop
  endfacet
  facet normal 0.359897 -0.932992 0.000000
    outer loop
      vertex 77.412014 108.057091 -4.250000
      vertex 77.412014 108.057091 -3.000000
      vertex 77.377669 108.043843 -3.000000
    endloop
  endfacet
  facet normal 0.405243 -0.914209 -0.000000
    outer loop
      vertex 77.412014 108.057091 -4.250000
      vertex 77.445667 108.072008 -4.250000
      vertex 77.412014 108.057091 -3.000000
    endloop
  endfacet
  facet normal 0.405243 -0.914209 0.000000
    outer loop
      vertex 77.445667 108.072008 -4.250000
      vertex 77.445667 108.072008 -3.000000
      vertex 77.412014 108.057091 -3.000000
    endloop
  endfacet
  facet normal 0.449612 -0.893224 -0.000000
    outer loop
      vertex 77.445667 108.072008 -4.250000
      vertex 77.478547 108.088559 -4.250000
      vertex 77.445667 108.072008 -3.000000
    endloop
  endfacet
  facet normal 0.449612 -0.893224 0.000000
    outer loop
      vertex 77.478547 108.088559 -4.250000
      vertex 77.478548 108.088559 -3.000000
      vertex 77.445667 108.072008 -3.000000
    endloop
  endfacet
  facet normal 0.492898 -0.870087 -0.000000
    outer loop
      vertex 77.478547 108.088559 -4.250000
      vertex 77.510577 108.106703 -4.250000
      vertex 77.478548 108.088559 -3.000000
    endloop
  endfacet
  facet normal 0.492898 -0.870087 0.000000
    outer loop
      vertex 77.510577 108.106703 -4.250000
      vertex 77.510577 108.106704 -3.000000
      vertex 77.478548 108.088559 -3.000000
    endloop
  endfacet
  facet normal 0.534998 -0.844853 -0.000000
    outer loop
      vertex 77.510577 108.106703 -4.250000
      vertex 77.541678 108.126398 -4.250000
      vertex 77.510577 108.106704 -3.000000
    endloop
  endfacet
  facet normal 0.534998 -0.844853 0.000000
    outer loop
      vertex 77.541678 108.126398 -4.250000
      vertex 77.541678 108.126398 -3.000000
      vertex 77.510577 108.106704 -3.000000
    endloop
  endfacet
  facet normal 0.575809 -0.817584 -0.000000
    outer loop
      vertex 77.541678 108.126398 -4.250000
      vertex 77.571775 108.147595 -4.250000
      vertex 77.541678 108.126398 -3.000000
    endloop
  endfacet
  facet normal 0.575809 -0.817584 0.000000
    outer loop
      vertex 77.571775 108.147595 -4.250000
      vertex 77.571775 108.147595 -3.000000
      vertex 77.541678 108.126398 -3.000000
    endloop
  endfacet
  facet normal 0.615232 -0.788346 -0.000000
    outer loop
      vertex 77.571775 108.147595 -4.250000
      vertex 77.600795 108.170242 -4.250000
      vertex 77.571775 108.147595 -3.000000
    endloop
  endfacet
  facet normal 0.615232 -0.788346 0.000000
    outer loop
      vertex 77.600795 108.170242 -4.250000
      vertex 77.600795 108.170243 -3.000000
      vertex 77.571775 108.147595 -3.000000
    endloop
  endfacet
  facet normal 0.653173 -0.757209 -0.000000
    outer loop
      vertex 77.600795 108.170242 -4.250000
      vertex 77.628669 108.194287 -4.250000
      vertex 77.600795 108.170243 -3.000000
    endloop
  endfacet
  facet normal 0.653173 -0.757209 0.000000
    outer loop
      vertex 77.628669 108.194287 -4.250000
      vertex 77.628669 108.194287 -3.000000
      vertex 77.600795 108.170243 -3.000000
    endloop
  endfacet
  facet normal 0.689541 -0.724247 -0.000000
    outer loop
      vertex 77.628669 108.194287 -4.250000
      vertex 77.655330 108.219670 -4.250000
      vertex 77.628669 108.194287 -3.000000
    endloop
  endfacet
  facet normal 0.689541 -0.724247 -0.000000
    outer loop
      vertex 77.655330 108.219670 -4.250000
      vertex 77.655330 108.219670 -3.000000
      vertex 77.628669 108.194287 -3.000000
    endloop
  endfacet
  facet normal 0.724247 -0.689541 -0.000000
    outer loop
      vertex 77.655330 108.219670 -4.250000
      vertex 77.680713 108.246331 -4.250000
      vertex 77.680713 108.246331 -3.000000
    endloop
  endfacet
  facet normal 0.724247 -0.689541 -0.000000
    outer loop
      vertex 77.655330 108.219670 -4.250000
      vertex 77.680713 108.246331 -3.000000
      vertex 77.655330 108.219670 -3.000000
    endloop
  endfacet
  facet normal 0.757209 -0.653173 -0.000000
    outer loop
      vertex 77.680713 108.246331 -4.250000
      vertex 77.704758 108.274205 -4.250000
      vertex 77.704757 108.274205 -3.000000
    endloop
  endfacet
  facet normal 0.757209 -0.653173 0.000000
    outer loop
      vertex 77.680713 108.246331 -4.250000
      vertex 77.704757 108.274205 -3.000000
      vertex 77.680713 108.246331 -3.000000
    endloop
  endfacet
  facet normal 0.788346 -0.615232 -0.000000
    outer loop
      vertex 77.704758 108.274205 -4.250000
      vertex 77.727405 108.303225 -4.250000
      vertex 77.727405 108.303225 -3.000000
    endloop
  endfacet
  facet normal 0.788346 -0.615232 0.000000
    outer loop
      vertex 77.704758 108.274205 -4.250000
      vertex 77.727405 108.303225 -3.000000
      vertex 77.704757 108.274205 -3.000000
    endloop
  endfacet
  facet normal 0.817584 -0.575809 -0.000000
    outer loop
      vertex 77.727405 108.303225 -4.250000
      vertex 77.748602 108.333322 -4.250000
      vertex 77.748602 108.333322 -3.000000
    endloop
  endfacet
  facet normal 0.817584 -0.575809 0.000000
    outer loop
      vertex 77.727405 108.303225 -4.250000
      vertex 77.748602 108.333322 -3.000000
      vertex 77.727405 108.303225 -3.000000
    endloop
  endfacet
  facet normal 0.844853 -0.534998 -0.000000
    outer loop
      vertex 77.748602 108.333322 -4.250000
      vertex 77.768297 108.364423 -4.250000
      vertex 77.768296 108.364423 -3.000000
    endloop
  endfacet
  facet normal 0.844853 -0.534998 0.000000
    outer loop
      vertex 77.748602 108.333322 -4.250000
      vertex 77.768296 108.364423 -3.000000
      vertex 77.748602 108.333322 -3.000000
    endloop
  endfacet
  facet normal 0.870087 -0.492898 -0.000000
    outer loop
      vertex 77.768297 108.364423 -4.250000
      vertex 77.786441 108.396453 -4.250000
      vertex 77.786441 108.396452 -3.000000
    endloop
  endfacet
  facet normal 0.870087 -0.492898 0.000000
    outer loop
      vertex 77.768297 108.364423 -4.250000
      vertex 77.786441 108.396452 -3.000000
      vertex 77.768296 108.364423 -3.000000
    endloop
  endfacet
  facet normal 0.893224 -0.449612 -0.000000
    outer loop
      vertex 77.786441 108.396453 -4.250000
      vertex 77.802992 108.429333 -4.250000
      vertex 77.802992 108.429333 -3.000000
    endloop
  endfacet
  facet normal 0.893224 -0.449612 0.000000
    outer loop
      vertex 77.786441 108.396453 -4.250000
      vertex 77.802992 108.429333 -3.000000
      vertex 77.786441 108.396452 -3.000000
    endloop
  endfacet
  facet normal 0.914209 -0.405243 -0.000000
    outer loop
      vertex 77.802992 108.429333 -4.250000
      vertex 77.817909 108.462986 -4.250000
      vertex 77.817909 108.462986 -3.000000
    endloop
  endfacet
  facet normal 0.914209 -0.405243 0.000000
    outer loop
      vertex 77.802992 108.429333 -4.250000
      vertex 77.817909 108.462986 -3.000000
      vertex 77.802992 108.429333 -3.000000
    endloop
  endfacet
  facet normal 0.932992 -0.359897 0.000000
    outer loop
      vertex 77.817909 108.462986 -4.250000
      vertex 77.831157 108.497331 -4.250000
      vertex 77.831157 108.497331 -3.000000
    endloop
  endfacet
  facet normal 0.932992 -0.359897 0.000000
    outer loop
      vertex 77.817909 108.462986 -4.250000
      vertex 77.831157 108.497331 -3.000000
      vertex 77.817909 108.462986 -3.000000
    endloop
  endfacet
  facet normal 0.949527 -0.313684 -0.000000
    outer loop
      vertex 77.831157 108.497331 -4.250000
      vertex 77.842705 108.532285 -4.250000
      vertex 77.831157 108.497331 -3.000000
    endloop
  endfacet
  facet normal 0.949527 -0.313684 -0.000000
    outer loop
      vertex 77.842705 108.532285 -4.250000
      vertex 77.842705 108.532285 -3.000000
      vertex 77.831157 108.497331 -3.000000
    endloop
  endfacet
  facet normal 0.963775 -0.266715 -0.000000
    outer loop
      vertex 77.842705 108.532285 -4.250000
      vertex 77.852523 108.567763 -4.250000
      vertex 77.852523 108.567763 -3.000000
    endloop
  endfacet
  facet normal 0.963775 -0.266715 0.000000
    outer loop
      vertex 77.842705 108.532285 -4.250000
      vertex 77.852523 108.567763 -3.000000
      vertex 77.842705 108.532285 -3.000000
    endloop
  endfacet
  facet normal 0.975702 -0.219102 -0.000000
    outer loop
      vertex 77.852523 108.567763 -4.250000
      vertex 77.860589 108.603682 -4.250000
      vertex 77.860589 108.603681 -3.000000
    endloop
  endfacet
  facet normal 0.975702 -0.219103 0.000000
    outer loop
      vertex 77.852523 108.567763 -4.250000
      vertex 77.860589 108.603681 -3.000000
      vertex 77.852523 108.567763 -3.000000
    endloop
  endfacet
  facet normal 0.985278 -0.170962 -0.000000
    outer loop
      vertex 77.860589 108.603682 -4.250000
      vertex 77.866882 108.639953 -4.250000
      vertex 77.866882 108.639952 -3.000000
    endloop
  endfacet
  facet normal 0.985277 -0.170963 0.000000
    outer loop
      vertex 77.860589 108.603682 -4.250000
      vertex 77.866882 108.639952 -3.000000
      vertex 77.860589 108.603681 -3.000000
    endloop
  endfacet
  facet normal 0.992479 -0.122412 -0.000000
    outer loop
      vertex 77.866882 108.639953 -4.250000
      vertex 77.871388 108.676485 -4.250000
      vertex 77.871388 108.676485 -3.000000
    endloop
  endfacet
  facet normal 0.992479 -0.122413 0.000000
    outer loop
      vertex 77.866882 108.639953 -4.250000
      vertex 77.871388 108.676485 -3.000000
      vertex 77.866882 108.639952 -3.000000
    endloop
  endfacet
  facet normal 0.997290 -0.073568 -0.000000
    outer loop
      vertex 77.871388 108.676485 -4.250000
      vertex 77.874096 108.713196 -4.250000
      vertex 77.874096 108.713196 -3.000000
    endloop
  endfacet
  facet normal 0.997290 -0.073569 0.000000
    outer loop
      vertex 77.871388 108.676485 -4.250000
      vertex 77.874096 108.713196 -3.000000
      vertex 77.871388 108.676485 -3.000000
    endloop
  endfacet
  facet normal 0.999699 -0.024543 -0.000000
    outer loop
      vertex 77.874096 108.713196 -4.250000
      vertex 77.875000 108.750000 -4.250000
      vertex 77.875000 108.750000 -3.000000
    endloop
  endfacet
  facet normal 0.999699 -0.024544 0.000000
    outer loop
      vertex 77.874096 108.713196 -4.250000
      vertex 77.875000 108.750000 -3.000000
      vertex 77.874096 108.713196 -3.000000
    endloop
  endfacet
  facet normal -0.000000 -1.000000 -0.000000
    outer loop
      vertex 77.125000 108.000000 -3.000000
      vertex 77.125000 108.000000 -2.500000
      vertex 75.375000 108.000000 -2.500000
    endloop
  endfacet
  facet normal -0.000000 -1.000000 -0.000000
    outer loop
      vertex 77.125000 108.000000 -3.000000
      vertex 75.375000 108.000000 -2.500000
      vertex 75.375000 108.000000 -3.000000
    endloop
  endfacet
  facet normal 0.000000 -1.000000 -0.000000
    outer loop
      vertex 77.000000 108.000000 -3.500000
      vertex 77.000000 108.000000 -4.250000
      vertex 77.125000 108.000000 -4.250000
    endloop
  endfacet
  facet normal -0.000000 -1.000000 -0.000000
    outer loop
      vertex 75.375000 108.000000 -4.250000
      vertex 75.500000 108.000000 -4.250000
      vertex 75.500000 108.000000 -3.500000
    endloop
  endfacet
  facet normal 0.000000 -1.000000 -0.000000
    outer loop
      vertex 77.000000 108.000000 -3.500000
      vertex 77.125000 108.000000 -4.250000
      vertex 77.125000 108.000000 -3.000000
    endloop
  endfacet
  facet normal -0.000000 -1.000000 0.000000
    outer loop
      vertex 75.500000 108.000000 -3.500000
      vertex 77.000000 108.000000 -3.500000
      vertex 77.125000 108.000000 -3.000000
    endloop
  endfacet
  facet normal -0.000000 -1.000000 0.000000
    outer loop
      vertex 75.500000 108.000000 -3.500000
      vertex 77.125000 108.000000 -3.000000
      vertex 75.375000 108.000000 -3.000000
    endloop
  endfacet
  facet normal -0.000000 -1.000000 -0.000000
    outer loop
      vertex 75.500000 108.000000 -3.500000
      vertex 75.375000 108.000000 -3.000000
      vertex 75.375000 108.000000 -4.250000
    endloop
  endfacet
  facet normal 0.000000 -0.000000 -1.000000
    outer loop
      vertex 77.000000 108.750000 -3.500000
      vertex 77.000000 108.000000 -3.500000
      vertex 75.500000 108.000000 -3.500000
    endloop
  endfacet
  facet normal 0.000000 0.000000 -1.000000
    outer loop
      vertex 75.500000 111.000000 -3.500000
      vertex 77.000000 111.000000 -3.500000
      vertex 77.000000 110.250000 -3.500000
    endloop
  endfacet
  facet normal 0.000000 -0.000000 -1.000000
    outer loop
      vertex 77.000000 110.250000 -3.500000
      vertex 77.000000 108.750000 -3.500000
      vertex 75.500000 108.000000 -3.500000
    endloop
  endfacet
  facet normal 0.000000 0.000000 -1.000000
    outer loop
      vertex 75.500000 108.000000 -3.500000
      vertex 75.500000 111.000000 -3.500000
      vertex 77.000000 110.250000 -3.500000
    endloop
  endfacet
  facet normal 0.000000 1.000000 0.000000
    outer loop
      vertex 75.375000 111.000000 -3.000000
      vertex 75.375000 111.000000 -2.500000
      vertex 77.125000 111.000000 -2.500000
    endloop
  endfacet
  facet normal 0.000000 1.000000 0.000000
    outer loop
      vertex 75.375000 111.000000 -3.000000
      vertex 77.125000 111.000000 -2.500000
      vertex 77.125000 111.000000 -3.000000
    endloop
  endfacet
  facet normal 0.000000 1.000000 0.000000
    outer loop
      vertex 75.500000 111.000000 -3.500000
      vertex 75.500000 111.000000 -4.250000
      vertex 75.375000 111.000000 -4.250000
    endloop
  endfacet
  facet normal -0.000000 1.000000 0.000000
    outer loop
      vertex 77.125000 111.000000 -4.250000
      vertex 77.000000 111.000000 -4.250000
      vertex 77.000000 111.000000 -3.500000
    endloop
  endfacet
  facet normal -0.000000 1.000000 0.000000
    outer loop
      vertex 77.125000 111.000000 -3.000000
      vertex 77.125000 111.000000 -4.250000
      vertex 77.000000 111.000000 -3.500000
    endloop
  endfacet
  facet normal 0.000000 1.000000 -0.000000
    outer loop
      vertex 77.125000 111.000000 -3.000000
      vertex 77.000000 111.000000 -3.500000
      vertex 75.500000 111.000000 -3.500000
    endloop
  endfacet
  facet normal 0.000000 1.000000 -0.000000
    outer loop
      vertex 75.375000 111.000000 -3.000000
      vertex 77.125000 111.000000 -3.000000
      vertex 75.500000 111.000000 -3.500000
    endloop
  endfacet
  facet normal 0.000000 1.000000 0.000000
    outer loop
      vertex 75.500000 111.000000 -3.500000
      vertex 75.375000 111.000000 -4.250000
      vertex 75.375000 111.000000 -3.000000
    endloop
  endfacet
  facet normal -0.000000 0.707107 0.707107
    outer loop
      vertex 77.000000 111.250000 -4.500000
      vertex 77.000000 111.000000 -4.250000
      vertex 77.125000 111.000000 -4.250000
    endloop
  endfacet
  facet normal -0.000000 0.707107 0.707107
    outer loop
      vertex 77.000000 111.250000 -4.500000
      vertex 77.125000 111.000000 -4.250000
      vertex 77.125000 111.250000 -4.500000
    endloop
  endfacet
  facet normal 0.000000 -1.000000 -0.000000
    outer loop
      vertex 78.625000 107.250000 -5.000000
      vertex 78.625000 107.250000 -4.500000
      vertex 76.250000 107.250000 -4.500000
    endloop
  endfacet
  facet normal 0.000000 -1.000000 -0.000000
    outer loop
      vertex 76.250000 107.250000 -5.000000
      vertex 78.625000 107.250000 -5.000000
      vertex 76.250000 107.250000 -4.500000
    endloop
  endfacet
  facet normal -0.000000 -1.000000 -0.000000
    outer loop
      vertex 76.250000 107.250000 -5.000000
      vertex 76.250000 107.250000 -4.500000
      vertex 73.875000 107.250000 -4.500000
    endloop
  endfacet
  facet normal -0.000000 -1.000000 -0.000000
    outer loop
      vertex 73.875000 107.250000 -5.000000
      vertex 76.250000 107.250000 -5.000000
      vertex 73.875000 107.250000 -4.500000
    endloop
  endfacet
  facet normal 0.000000 0.000000 1.000000
    outer loop
      vertex 76.250000 108.000000 -4.500000
      vertex 75.500000 108.000000 -4.500000
      vertex 75.500000 107.750000 -4.500000
    endloop
  endfacet
  facet normal 0.000000 -0.000000 1.000000
    outer loop
      vertex 75.500000 111.250000 -4.500000
      vertex 75.500000 111.000000 -4.500000
      vertex 76.250000 111.000000 -4.500000
    endloop
  endfacet
  facet normal 0.000000 -0.000000 1.000000
    outer loop
      vertex 76.250000 107.250000 -4.500000
      vertex 76.250000 108.000000 -4.500000
      vertex 75.500000 107.750000 -4.500000
    endloop
  endfacet
  facet normal 0.000000 -0.000000 1.000000
    outer loop
      vertex 75.500000 111.250000 -4.500000
      vertex 76.250000 111.000000 -4.500000
      vertex 76.250000 111.750000 -4.500000
    endloop
  endfacet
  facet normal 0.000000 0.000000 1.000000
    outer loop
      vertex 75.500000 111.250000 -4.500000
      vertex 76.250000 111.750000 -4.500000
      vertex 73.875000 111.750000 -4.500000
    endloop
  endfacet
  facet normal -0.000000 -0.000000 1.000000
    outer loop
      vertex 73.875000 107.250000 -4.500000
      vertex 76.250000 107.250000 -4.500000
      vertex 75.500000 107.750000 -4.500000
    endloop
  endfacet
  facet normal 0.000000 -0.000000 1.000000
    outer loop
      vertex 73.654904 107.266235 -4.500000
      vertex 73.727969 107.257223 -4.500000
      vertex 73.801391 107.251807 -4.500000
    endloop
  endfacet
  facet normal -0.000000 -0.000000 1.000000
    outer loop
      vertex 73.801391 111.748193 -4.500000
      vertex 73.727969 111.742777 -4.500000
      vertex 73.654904 111.733765 -4.500000
    endloop
  endfacet
  facet normal 0.000000 0.000000 1.000000
    outer loop
      vertex 72.391235 110.470096 -4.500000
      vertex 72.382223 110.397031 -4.500000
      vertex 72.376807 110.323609 -4.500000
    endloop
  endfacet
  facet normal 0.000000 -0.000000 1.000000
    outer loop
      vertex 72.376807 108.676391 -4.500000
      vertex 72.382223 108.602969 -4.500000
      vertex 72.391235 108.529904 -4.500000
    endloop
  endfacet
  facet normal -0.000000 0.000000 1.000000
    outer loop
      vertex 73.300972 111.635818 -4.500000
      vertex 73.233666 111.605983 -4.500000
      vertex 73.167904 111.572882 -4.500000
    endloop
  endfacet
  facet normal 0.000000 0.000000 1.000000
    outer loop
      vertex 73.167904 107.427118 -4.500000
      vertex 73.233666 107.394017 -4.500000
      vertex 73.300972 107.364182 -4.500000
    endloop
  endfacet
  facet normal 0.000000 0.000000 1.000000
    outer loop
      vertex 72.489182 108.175972 -4.500000
      vertex 72.519017 108.108666 -4.500000
      vertex 72.552118 108.042904 -4.500000
    endloop
  endfacet
  facet normal 0.000000 0.000000 1.000000
    outer loop
      vertex 72.552118 110.957096 -4.500000
      vertex 72.519017 110.891334 -4.500000
      vertex 72.489182 110.824028 -4.500000
    endloop
  endfacet
  facet normal 0.000000 -0.000000 1.000000
    outer loop
      vertex 72.867661 107.638573 -4.500000
      vertex 72.923409 107.590485 -4.500000
      vertex 72.981450 107.545190 -4.500000
    endloop
  endfacet
  facet normal 0.000000 0.000000 1.000000
    outer loop
      vertex 72.981450 111.454810 -4.500000
      vertex 72.923409 111.409515 -4.500000
      vertex 72.867661 111.361427 -4.500000
    endloop
  endfacet
  facet normal -0.000000 0.000000 1.000000
    outer loop
      vertex 72.763573 111.257339 -4.500000
      vertex 72.715485 111.201591 -4.500000
      vertex 72.670190 111.143550 -4.500000
    endloop
  endfacet
  facet normal 0.000000 0.000000 1.000000
    outer loop
      vertex 72.670190 107.856450 -4.500000
      vertex 72.715485 107.798409 -4.500000
      vertex 72.763573 107.742661 -4.500000
    endloop
  endfacet
  facet normal 0.000000 0.000000 1.000000
    outer loop
      vertex 73.300972 107.364182 -4.500000
      vertex 73.369662 107.337685 -4.500000
      vertex 73.439569 107.314591 -4.500000
    endloop
  endfacet
  facet normal 0.000000 -0.000000 1.000000
    outer loop
      vertex 72.489182 110.824028 -4.500000
      vertex 72.462685 110.755338 -4.500000
      vertex 72.439591 110.685431 -4.500000
    endloop
  endfacet
  facet normal -0.000000 0.000000 1.000000
    outer loop
      vertex 73.439569 111.685409 -4.500000
      vertex 73.369662 111.662315 -4.500000
      vertex 73.300972 111.635818 -4.500000
    endloop
  endfacet
  facet normal 0.000000 -0.000000 1.000000
    outer loop
      vertex 72.439591 108.314569 -4.500000
      vertex 72.462685 108.244662 -4.500000
      vertex 72.489182 108.175972 -4.500000
    endloop
  endfacet
  facet normal 0.000000 -0.000000 1.000000
    outer loop
      vertex 72.867661 111.361427 -4.500000
      vertex 72.814340 111.310660 -4.500000
      vertex 72.763573 111.257339 -4.500000
    endloop
  endfacet
  facet normal 0.000000 0.000000 1.000000
    outer loop
      vertex 72.763573 107.742661 -4.500000
      vertex 72.814340 107.689340 -4.500000
      vertex 72.867661 107.638573 -4.500000
    endloop
  endfacet
  facet normal 0.000000 -0.000000 1.000000
    outer loop
      vertex 72.552118 108.042904 -4.500000
      vertex 72.588407 107.978846 -4.500000
      vertex 72.627796 107.916644 -4.500000
    endloop
  endfacet
  facet normal -0.000000 0.000000 1.000000
    outer loop
      vertex 72.627796 111.083356 -4.500000
      vertex 72.588407 111.021154 -4.500000
      vertex 72.552118 110.957096 -4.500000
    endloop
  endfacet
  facet normal 0.000000 -0.000000 1.000000
    outer loop
      vertex 73.041644 107.502796 -4.500000
      vertex 73.103846 107.463407 -4.500000
      vertex 73.167904 107.427118 -4.500000
    endloop
  endfacet
  facet normal 0.000000 -0.000000 1.000000
    outer loop
      vertex 73.167904 111.572882 -4.500000
      vertex 73.103846 111.536593 -4.500000
      vertex 73.041644 111.497204 -4.500000
    endloop
  endfacet
  facet normal 0.000000 0.000000 1.000000
    outer loop
      vertex 72.439591 110.685431 -4.500000
      vertex 72.419954 110.614474 -4.500000
      vertex 72.403822 110.542637 -4.500000
    endloop
  endfacet
  facet normal 0.000000 0.000000 1.000000
    outer loop
      vertex 73.439569 107.314591 -4.500000
      vertex 73.510526 107.294954 -4.500000
      vertex 73.582363 107.278822 -4.500000
    endloop
  endfacet
  facet normal 0.000000 -0.000000 1.000000
    outer loop
      vertex 72.403822 108.457363 -4.500000
      vertex 72.419954 108.385526 -4.500000
      vertex 72.439591 108.314569 -4.500000
    endloop
  endfacet
  facet normal -0.000000 0.000000 1.000000
    outer loop
      vertex 73.582363 111.721178 -4.500000
      vertex 73.510526 111.705046 -4.500000
      vertex 73.439569 111.685409 -4.500000
    endloop
  endfacet
  facet normal -0.000000 0.000000 1.000000
    outer loop
      vertex 73.801391 111.748193 -4.500000
      vertex 73.654904 111.733765 -4.500000
      vertex 73.582363 111.721178 -4.500000
    endloop
  endfacet
  facet normal 0.000000 -0.000000 1.000000
    outer loop
      vertex 73.582363 107.278822 -4.500000
      vertex 73.654904 107.266235 -4.500000
      vertex 73.801391 107.251807 -4.500000
    endloop
  endfacet
  facet normal 0.000000 -0.000000 1.000000
    outer loop
      vertex 72.376807 108.676391 -4.500000
      vertex 72.391235 108.529904 -4.500000
      vertex 72.403822 108.457363 -4.500000
    endloop
  endfacet
  facet normal 0.000000 0.000000 1.000000
    outer loop
      vertex 72.403822 110.542637 -4.500000
      vertex 72.391235 110.470096 -4.500000
      vertex 72.376807 110.323609 -4.500000
    endloop
  endfacet
  facet normal -0.000000 0.000000 1.000000
    outer loop
      vertex 73.041644 111.497204 -4.500000
      vertex 72.981450 111.454810 -4.500000
      vertex 72.867661 111.361427 -4.500000
    endloop
  endfacet
  facet normal 0.000000 -0.000000 1.000000
    outer loop
      vertex 72.627796 107.916644 -4.500000
      vertex 72.670190 107.856450 -4.500000
      vertex 72.763573 107.742661 -4.500000
    endloop
  endfacet
  facet normal 0.000000 -0.000000 1.000000
    outer loop
      vertex 72.867661 107.638573 -4.500000
      vertex 72.981450 107.545190 -4.500000
      vertex 73.041644 107.502796 -4.500000
    endloop
  endfacet
  facet normal 0.000000 -0.000000 1.000000
    outer loop
      vertex 72.763573 111.257339 -4.500000
      vertex 72.670190 111.143550 -4.500000
      vertex 72.627796 111.083356 -4.500000
    endloop
  endfacet
  facet normal -0.000000 0.000000 1.000000
    outer loop
      vertex 72.403822 110.542637 -4.500000
      vertex 72.376807 110.323609 -4.500000
      vertex 72.375000 110.250000 -4.500000
    endloop
  endfacet
  facet normal 0.000000 -0.000000 1.000000
    outer loop
      vertex 73.582363 107.278822 -4.500000
      vertex 73.801391 107.251807 -4.500000
      vertex 73.875000 107.250000 -4.500000
    endloop
  endfacet
  facet normal -0.000000 0.000000 1.000000
    outer loop
      vertex 73.875000 111.750000 -4.500000
      vertex 73.801391 111.748193 -4.500000
      vertex 73.582363 111.721178 -4.500000
    endloop
  endfacet
  facet normal 0.000000 -0.000000 1.000000
    outer loop
      vertex 72.375000 108.750000 -4.500000
      vertex 72.376807 108.676391 -4.500000
      vertex 72.403822 108.457363 -4.500000
    endloop
  endfacet
  facet normal -0.000000 0.000000 1.000000
    outer loop
      vertex 73.439569 111.685409 -4.500000
      vertex 73.300972 111.635818 -4.500000
      vertex 73.167904 111.572882 -4.500000
    endloop
  endfacet
  facet normal 0.000000 -0.000000 1.000000
    outer loop
      vertex 73.167904 107.427118 -4.500000
      vertex 73.300972 107.364182 -4.500000
      vertex 73.439569 107.314591 -4.500000
    endloop
  endfacet
  facet normal -0.000000 0.000000 1.000000
    outer loop
      vertex 72.552118 110.957096 -4.500000
      vertex 72.489182 110.824028 -4.500000
      vertex 72.439591 110.685431 -4.500000
    endloop
  endfacet
  facet normal 0.000000 -0.000000 1.000000
    outer loop
      vertex 72.439591 108.314569 -4.500000
      vertex 72.489182 108.175972 -4.500000
      vertex 72.552118 108.042904 -4.500000
    endloop
  endfacet
  facet normal -0.000000 0.000000 1.000000
    outer loop
      vertex 73.041644 111.497204 -4.500000
      vertex 72.867661 111.361427 -4.500000
      vertex 72.763573 111.257339 -4.500000
    endloop
  endfacet
  facet normal 0.000000 -0.000000 1.000000
    outer loop
      vertex 72.627796 107.916644 -4.500000
      vertex 72.763573 107.742661 -4.500000
      vertex 72.867661 107.638573 -4.500000
    endloop
  endfacet
  facet normal 0.000000 -0.000000 1.000000
    outer loop
      vertex 72.867661 107.638573 -4.500000
      vertex 73.041644 107.502796 -4.500000
      vertex 73.167904 107.427118 -4.500000
    endloop
  endfacet
  facet normal -0.000000 0.000000 1.000000
    outer loop
      vertex 72.763573 111.257339 -4.500000
      vertex 72.627796 111.083356 -4.500000
      vertex 72.552118 110.957096 -4.500000
    endloop
  endfacet
  facet normal -0.000000 0.000000 1.000000
    outer loop
      vertex 73.439569 111.685409 -4.500000
      vertex 73.167904 111.572882 -4.500000
      vertex 73.041644 111.497204 -4.500000
    endloop
  endfacet
  facet normal 0.000000 -0.000000 1.000000
    outer loop
      vertex 72.439591 108.314569 -4.500000
      vertex 72.552118 108.042904 -4.500000
      vertex 72.627796 107.916644 -4.500000
    endloop
  endfacet
  facet normal 0.000000 -0.000000 1.000000
    outer loop
      vertex 73.167904 107.427118 -4.500000
      vertex 73.439569 107.314591 -4.500000
      vertex 73.582363 107.278822 -4.500000
    endloop
  endfacet
  facet normal -0.000000 0.000000 1.000000
    outer loop
      vertex 72.552118 110.957096 -4.500000
      vertex 72.439591 110.685431 -4.500000
      vertex 72.403822 110.542637 -4.500000
    endloop
  endfacet
  facet normal -0.000000 0.000000 1.000000
    outer loop
      vertex 73.875000 111.750000 -4.500000
      vertex 73.582363 111.721178 -4.500000
      vertex 73.439569 111.685409 -4.500000
    endloop
  endfacet
  facet normal 0.000000 -0.000000 1.000000
    outer loop
      vertex 72.375000 108.750000 -4.500000
      vertex 72.403822 108.457363 -4.500000
      vertex 72.439591 108.314569 -4.500000
    endloop
  endfacet
  facet normal -0.000000 0.000000 1.000000
    outer loop
      vertex 72.552118 110.957096 -4.500000
      vertex 72.403822 110.542637 -4.500000
      vertex 72.375000 110.250000 -4.500000
    endloop
  endfacet
  facet normal 0.000000 -0.000000 1.000000
    outer loop
      vertex 73.167904 107.427118 -4.500000
      vertex 73.582363 107.278822 -4.500000
      vertex 73.875000 107.250000 -4.500000
    endloop
  endfacet
  facet normal -0.000000 0.000000 1.000000
    outer loop
      vertex 73.041644 111.497204 -4.500000
      vertex 72.763573 111.257339 -4.500000
      vertex 72.552118 110.957096 -4.500000
    endloop
  endfacet
  facet normal -0.000000 0.000000 1.000000
    outer loop
      vertex 73.041644 111.497204 -4.500000
      vertex 72.552118 110.957096 -4.500000
      vertex 72.375000 110.250000 -4.500000
    endloop
  endfacet
  facet normal 0.000000 -0.000000 1.000000
    outer loop
      vertex 73.041644 111.497204 -4.500000
      vertex 72.375000 110.250000 -4.500000
      vertex 72.375000 108.750000 -4.500000
    endloop
  endfacet
  facet normal 0.000000 -0.000000 1.000000
    outer loop
      vertex 72.627796 107.916644 -4.500000
      vertex 72.867661 107.638573 -4.500000
      vertex 73.167904 107.427118 -4.500000
    endloop
  endfacet
  facet normal 0.000000 -0.000000 1.000000
    outer loop
      vertex 72.627796 107.916644 -4.500000
      vertex 73.167904 107.427118 -4.500000
      vertex 73.875000 107.250000 -4.500000
    endloop
  endfacet
  facet normal -0.000000 0.000000 1.000000
    outer loop
      vertex 73.875000 111.750000 -4.500000
      vertex 73.439569 111.685409 -4.500000
      vertex 73.041644 111.497204 -4.500000
    endloop
  endfacet
  facet normal -0.000000 0.000000 1.000000
    outer loop
      vertex 75.500000 111.250000 -4.500000
      vertex 73.875000 111.750000 -4.500000
      vertex 73.041644 111.497204 -4.500000
    endloop
  endfacet
  facet normal 0.000000 -0.000000 1.000000
    outer loop
      vertex 72.375000 108.750000 -4.500000
      vertex 72.439591 108.314569 -4.500000
      vertex 72.627796 107.916644 -4.500000
    endloop
  endfacet
  facet normal 0.000000 -0.000000 1.000000
    outer loop
      vertex 72.375000 108.750000 -4.500000
      vertex 72.627796 107.916644 -4.500000
      vertex 73.875000 107.250000 -4.500000
    endloop
  endfacet
  facet normal 0.000000 -0.000000 1.000000
    outer loop
      vertex 73.041644 111.497204 -4.500000
      vertex 72.375000 108.750000 -4.500000
      vertex 73.875000 107.250000 -4.500000
    endloop
  endfacet
  facet normal -0.000000 -0.000000 1.000000
    outer loop
      vertex 73.875000 107.250000 -4.500000
      vertex 75.500000 107.750000 -4.500000
      vertex 75.375000 107.750000 -4.500000
    endloop
  endfacet
  facet normal -0.000000 0.000000 1.000000
    outer loop
      vertex 73.875000 107.250000 -4.500000
      vertex 75.375000 107.750000 -4.500000
      vertex 75.325930 107.751205 -4.500000
    endloop
  endfacet
  facet normal 0.000000 -0.000000 1.000000
    outer loop
      vertex 73.875000 107.250000 -4.500000
      vertex 75.325930 107.751205 -4.500000
      vertex 75.276980 107.754816 -4.500000
    endloop
  endfacet
  facet normal 0.000000 -0.000000 1.000000
    outer loop
      vertex 73.875000 107.250000 -4.500000
      vertex 75.276980 107.754816 -4.500000
      vertex 75.228272 107.760823 -4.500000
    endloop
  endfacet
  facet normal 0.000000 -0.000000 1.000000
    outer loop
      vertex 73.875000 107.250000 -4.500000
      vertex 75.228272 107.760823 -4.500000
      vertex 75.179910 107.769215 -4.500000
    endloop
  endfacet
  facet normal 0.000000 -0.000000 1.000000
    outer loop
      vertex 73.875000 107.250000 -4.500000
      vertex 75.179910 107.769215 -4.500000
      vertex 75.132018 107.779969 -4.500000
    endloop
  endfacet
  facet normal 0.000000 -0.000000 1.000000
    outer loop
      vertex 73.875000 107.250000 -4.500000
      vertex 75.132018 107.779969 -4.500000
      vertex 75.084713 107.793060 -4.500000
    endloop
  endfacet
  facet normal 0.000000 -0.000000 1.000000
    outer loop
      vertex 73.875000 107.250000 -4.500000
      vertex 75.084713 107.793060 -4.500000
      vertex 75.038108 107.808457 -4.500000
    endloop
  endfacet
  facet normal 0.000000 -0.000000 1.000000
    outer loop
      vertex 73.875000 107.250000 -4.500000
      vertex 75.038108 107.808457 -4.500000
      vertex 74.992315 107.826121 -4.500000
    endloop
  endfacet
  facet normal 0.000000 -0.000000 1.000000
    outer loop
      vertex 73.875000 107.250000 -4.500000
      vertex 74.992315 107.826121 -4.500000
      vertex 74.947445 107.846011 -4.500000
    endloop
  endfacet
  facet normal 0.000000 -0.000000 1.000000
    outer loop
      vertex 73.875000 107.250000 -4.500000
      vertex 74.947445 107.846011 -4.500000
      vertex 74.903604 107.868078 -4.500000
    endloop
  endfacet
  facet normal 0.000000 -0.000000 1.000000
    outer loop
      vertex 73.875000 107.250000 -4.500000
      vertex 74.903604 107.868078 -4.500000
      vertex 74.860898 107.892271 -4.500000
    endloop
  endfacet
  facet normal 0.000000 -0.000000 1.000000
    outer loop
      vertex 73.875000 107.250000 -4.500000
      vertex 74.860898 107.892271 -4.500000
      vertex 74.819429 107.918531 -4.500000
    endloop
  endfacet
  facet normal 0.000000 -0.000000 1.000000
    outer loop
      vertex 73.875000 107.250000 -4.500000
      vertex 74.819429 107.918531 -4.500000
      vertex 74.779300 107.946793 -4.500000
    endloop
  endfacet
  facet normal 0.000000 -0.000000 1.000000
    outer loop
      vertex 73.875000 107.250000 -4.500000
      vertex 74.779300 107.946793 -4.500000
      vertex 74.740606 107.976990 -4.500000
    endloop
  endfacet
  facet normal 0.000000 -0.000000 1.000000
    outer loop
      vertex 73.875000 107.250000 -4.500000
      vertex 74.740606 107.976990 -4.500000
      vertex 74.703441 108.009049 -4.500000
    endloop
  endfacet
  facet normal 0.000000 -0.000000 1.000000
    outer loop
      vertex 73.875000 107.250000 -4.500000
      vertex 74.703441 108.009049 -4.500000
      vertex 74.667893 108.042893 -4.500000
    endloop
  endfacet
  facet normal 0.000000 -0.000000 1.000000
    outer loop
      vertex 73.875000 107.250000 -4.500000
      vertex 74.667893 108.042893 -4.500000
      vertex 74.634049 108.078441 -4.500000
    endloop
  endfacet
  facet normal 0.000000 -0.000000 1.000000
    outer loop
      vertex 73.875000 107.250000 -4.500000
      vertex 74.634049 108.078441 -4.500000
      vertex 74.601990 108.115606 -4.500000
    endloop
  endfacet
  facet normal 0.000000 -0.000000 1.000000
    outer loop
      vertex 73.875000 107.250000 -4.500000
      vertex 74.601990 108.115606 -4.500000
      vertex 74.571793 108.154300 -4.500000
    endloop
  endfacet
  facet normal 0.000000 -0.000000 1.000000
    outer loop
      vertex 73.875000 107.250000 -4.500000
      vertex 74.571793 108.154300 -4.500000
      vertex 74.543531 108.194429 -4.500000
    endloop
  endfacet
  facet normal 0.000000 -0.000000 1.000000
    outer loop
      vertex 73.875000 107.250000 -4.500000
      vertex 74.543531 108.194429 -4.500000
      vertex 74.517271 108.235898 -4.500000
    endloop
  endfacet
  facet normal -0.000000 -0.000000 1.000000
    outer loop
      vertex 73.875000 107.250000 -4.500000
      vertex 74.517271 108.235898 -4.500000
      vertex 74.493078 108.278604 -4.500000
    endloop
  endfacet
  facet normal -0.000000 -0.000000 1.000000
    outer loop
      vertex 73.875000 107.250000 -4.500000
      vertex 74.493078 108.278604 -4.500000
      vertex 74.471011 108.322445 -4.500000
    endloop
  endfacet
  facet normal -0.000000 -0.000000 1.000000
    outer loop
      vertex 73.041644 111.497204 -4.500000
      vertex 73.875000 107.250000 -4.500000
      vertex 74.471011 108.322445 -4.500000
    endloop
  endfacet
  facet normal -0.000000 0.000000 1.000000
    outer loop
      vertex 75.375000 111.250000 -4.500000
      vertex 75.500000 111.250000 -4.500000
      vertex 73.041644 111.497204 -4.500000
    endloop
  endfacet
  facet normal 0.000000 0.000000 1.000000
    outer loop
      vertex 75.325930 111.248795 -4.500000
      vertex 75.375000 111.250000 -4.500000
      vertex 73.041644 111.497204 -4.500000
    endloop
  endfacet
  facet normal -0.000000 0.000000 1.000000
    outer loop
      vertex 75.276980 111.245184 -4.500000
      vertex 75.325930 111.248795 -4.500000
      vertex 73.041644 111.497204 -4.500000
    endloop
  endfacet
  facet normal -0.000000 0.000000 1.000000
    outer loop
      vertex 75.228272 111.239177 -4.500000
      vertex 75.276980 111.245184 -4.500000
      vertex 73.041644 111.497204 -4.500000
    endloop
  endfacet
  facet normal -0.000000 0.000000 1.000000
    outer loop
      vertex 75.179910 111.230785 -4.500000
      vertex 75.228272 111.239177 -4.500000
      vertex 73.041644 111.497204 -4.500000
    endloop
  endfacet
  facet normal -0.000000 0.000000 1.000000
    outer loop
      vertex 75.132018 111.220031 -4.500000
      vertex 75.179910 111.230785 -4.500000
      vertex 73.041644 111.497204 -4.500000
    endloop
  endfacet
  facet normal -0.000000 0.000000 1.000000
    outer loop
      vertex 75.084713 111.206940 -4.500000
      vertex 75.132018 111.220031 -4.500000
      vertex 73.041644 111.497204 -4.500000
    endloop
  endfacet
  facet normal -0.000000 0.000000 1.000000
    outer loop
      vertex 75.038108 111.191543 -4.500000
      vertex 75.084713 111.206940 -4.500000
      vertex 73.041644 111.497204 -4.500000
    endloop
  endfacet
  facet normal -0.000000 0.000000 1.000000
    outer loop
      vertex 74.992315 111.173879 -4.500000
      vertex 75.038108 111.191543 -4.500000
      vertex 73.041644 111.497204 -4.500000
    endloop
  endfacet
  facet normal -0.000000 0.000000 1.000000
    outer loop
      vertex 74.947445 111.153989 -4.500000
      vertex 74.992315 111.173879 -4.500000
      vertex 73.041644 111.497204 -4.500000
    endloop
  endfacet
  facet normal -0.000000 0.000000 1.000000
    outer loop
      vertex 74.903604 111.131922 -4.500000
      vertex 74.947445 111.153989 -4.500000
      vertex 73.041644 111.497204 -4.500000
    endloop
  endfacet
  facet normal -0.000000 0.000000 1.000000
    outer loop
      vertex 74.860898 111.107729 -4.500000
      vertex 74.903604 111.131922 -4.500000
      vertex 73.041644 111.497204 -4.500000
    endloop
  endfacet
  facet normal -0.000000 0.000000 1.000000
    outer loop
      vertex 74.819429 111.081469 -4.500000
      vertex 74.860898 111.107729 -4.500000
      vertex 73.041644 111.497204 -4.500000
    endloop
  endfacet
  facet normal -0.000000 0.000000 1.000000
    outer loop
      vertex 74.779300 111.053207 -4.500000
      vertex 74.819429 111.081469 -4.500000
      vertex 73.041644 111.497204 -4.500000
    endloop
  endfacet
  facet normal -0.000000 0.000000 1.000000
    outer loop
      vertex 74.740606 111.023010 -4.500000
      vertex 74.779300 111.053207 -4.500000
      vertex 73.041644 111.497204 -4.500000
    endloop
  endfacet
  facet normal -0.000000 0.000000 1.000000
    outer loop
      vertex 74.703441 110.990951 -4.500000
      vertex 74.740606 111.023010 -4.500000
      vertex 73.041644 111.497204 -4.500000
    endloop
  endfacet
  facet normal -0.000000 0.000000 1.000000
    outer loop
      vertex 74.667893 110.957107 -4.500000
      vertex 74.703441 110.990951 -4.500000
      vertex 73.041644 111.497204 -4.500000
    endloop
  endfacet
  facet normal -0.000000 0.000000 1.000000
    outer loop
      vertex 74.634049 110.921559 -4.500000
      vertex 74.667893 110.957107 -4.500000
      vertex 73.041644 111.497204 -4.500000
    endloop
  endfacet
  facet normal -0.000000 0.000000 1.000000
    outer loop
      vertex 74.601990 110.884394 -4.500000
      vertex 74.634049 110.921559 -4.500000
      vertex 73.041644 111.497204 -4.500000
    endloop
  endfacet
  facet normal -0.000000 -0.000000 1.000000
    outer loop
      vertex 74.571793 110.845700 -4.500000
      vertex 74.601990 110.884394 -4.500000
      vertex 73.041644 111.497204 -4.500000
    endloop
  endfacet
  facet normal -0.000000 -0.000000 1.000000
    outer loop
      vertex 74.543531 110.805571 -4.500000
      vertex 74.571793 110.845700 -4.500000
      vertex 73.041644 111.497204 -4.500000
    endloop
  endfacet
  facet normal -0.000000 -0.000000 1.000000
    outer loop
      vertex 74.517271 110.764102 -4.500000
      vertex 74.543531 110.805571 -4.500000
      vertex 73.041644 111.497204 -4.500000
    endloop
  endfacet
  facet normal -0.000000 -0.000000 1.000000
    outer loop
      vertex 74.493078 110.721396 -4.500000
      vertex 74.517271 110.764102 -4.500000
      vertex 73.041644 111.497204 -4.500000
    endloop
  endfacet
  facet normal -0.000000 -0.000000 1.000000
    outer loop
      vertex 74.471011 110.677555 -4.500000
      vertex 74.493078 110.721396 -4.500000
      vertex 73.041644 111.497204 -4.500000
    endloop
  endfacet
  facet normal -0.000000 -0.000000 1.000000
    outer loop
      vertex 74.451121 110.632685 -4.500000
      vertex 74.471011 110.677555 -4.500000
      vertex 73.041644 111.497204 -4.500000
    endloop
  endfacet
  facet normal -0.000000 -0.000000 1.000000
    outer loop
      vertex 74.433457 110.586892 -4.500000
      vertex 74.451121 110.632685 -4.500000
      vertex 73.041644 111.497204 -4.500000
    endloop
  endfacet
  facet normal -0.000000 -0.000000 1.000000
    outer loop
      vertex 74.418060 110.540287 -4.500000
      vertex 74.433457 110.586892 -4.500000
      vertex 73.041644 111.497204 -4.500000
    endloop
  endfacet
  facet normal -0.000000 -0.000000 1.000000
    outer loop
      vertex 74.404969 110.492982 -4.500000
      vertex 74.418060 110.540287 -4.500000
      vertex 73.041644 111.497204 -4.500000
    endloop
  endfacet
  facet normal -0.000000 -0.000000 1.000000
    outer loop
      vertex 74.394215 110.445090 -4.500000
      vertex 74.404969 110.492982 -4.500000
      vertex 73.041644 111.497204 -4.500000
    endloop
  endfacet
  facet normal -0.000000 -0.000000 1.000000
    outer loop
      vertex 74.385823 110.396728 -4.500000
      vertex 74.394215 110.445090 -4.500000
      vertex 73.041644 111.497204 -4.500000
    endloop
  endfacet
  facet normal -0.000000 -0.000000 1.000000
    outer loop
      vertex 74.379816 110.348020 -4.500000
      vertex 74.385823 110.396728 -4.500000
      vertex 73.041644 111.497204 -4.500000
    endloop
  endfacet
  facet normal -0.000000 -0.000000 1.000000
    outer loop
      vertex 74.376205 110.299070 -4.500000
      vertex 74.379816 110.348020 -4.500000
      vertex 73.041644 111.497204 -4.500000
    endloop
  endfacet
  facet normal -0.000000 -0.000000 1.000000
    outer loop
      vertex 74.375000 110.250000 -4.500000
      vertex 74.376205 110.299070 -4.500000
      vertex 73.041644 111.497204 -4.500000
    endloop
  endfacet
  facet normal -0.000000 -0.000000 1.000000
    outer loop
      vertex 74.375000 108.750000 -4.500000
      vertex 74.375000 110.250000 -4.500000
      vertex 73.041644 111.497204 -4.500000
    endloop
  endfacet
  facet normal -0.000000 -0.000000 1.000000
    outer loop
      vertex 74.376205 108.700930 -4.500000
      vertex 74.375000 108.750000 -4.500000
      vertex 73.041644 111.497204 -4.500000
    endloop
  endfacet
  facet normal 0.000000 0.000000 1.000000
    outer loop
      vertex 74.379816 108.651980 -4.500000
      vertex 74.376205 108.700930 -4.500000
      vertex 73.041644 111.497204 -4.500000
    endloop
  endfacet
  facet normal -0.000000 -0.000000 1.000000
    outer loop
      vertex 74.385823 108.603272 -4.500000
      vertex 74.379816 108.651980 -4.500000
      vertex 73.041644 111.497204 -4.500000
    endloop
  endfacet
  facet normal -0.000000 -0.000000 1.000000
    outer loop
      vertex 74.394215 108.554910 -4.500000
      vertex 74.385823 108.603272 -4.500000
      vertex 73.041644 111.497204 -4.500000
    endloop
  endfacet
  facet normal -0.000000 -0.000000 1.000000
    outer loop
      vertex 74.404969 108.507018 -4.500000
      vertex 74.394215 108.554910 -4.500000
      vertex 73.041644 111.497204 -4.500000
    endloop
  endfacet
  facet normal -0.000000 -0.000000 1.000000
    outer loop
      vertex 74.418060 108.459713 -4.500000
      vertex 74.404969 108.507018 -4.500000
      vertex 73.041644 111.497204 -4.500000
    endloop
  endfacet
  facet normal -0.000000 -0.000000 1.000000
    outer loop
      vertex 74.433457 108.413108 -4.500000
      vertex 74.418060 108.459713 -4.500000
      vertex 73.041644 111.497204 -4.500000
    endloop
  endfacet
  facet normal -0.000000 -0.000000 1.000000
    outer loop
      vertex 74.451121 108.367315 -4.500000
      vertex 74.433457 108.413108 -4.500000
      vertex 73.041644 111.497204 -4.500000
    endloop
  endfacet
  facet normal -0.000000 -0.000000 1.000000
    outer loop
      vertex 74.471011 108.322445 -4.500000
      vertex 74.451121 108.367315 -4.500000
      vertex 73.041644 111.497204 -4.500000
    endloop
  endfacet
  facet normal -0.000000 0.000000 1.000000
    outer loop
      vertex 77.000000 107.750000 -4.500000
      vertex 77.000000 108.000000 -4.500000
      vertex 76.250000 108.000000 -4.500000
    endloop
  endfacet
  facet normal 0.000000 -0.000000 1.000000
    outer loop
      vertex 76.250000 111.000000 -4.500000
      vertex 77.000000 111.000000 -4.500000
      vertex 77.000000 111.250000 -4.500000
    endloop
  endfacet
  facet normal -0.000000 -0.000000 1.000000
    outer loop
      vertex 77.000000 107.750000 -4.500000
      vertex 76.250000 108.000000 -4.500000
      vertex 76.250000 107.250000 -4.500000
    endloop
  endfacet
  facet normal -0.000000 -0.000000 1.000000
    outer loop
      vertex 76.250000 111.750000 -4.500000
      vertex 76.250000 111.000000 -4.500000
      vertex 77.000000 111.250000 -4.500000
    endloop
  endfacet
  facet normal -0.000000 -0.000000 1.000000
    outer loop
      vertex 77.000000 107.750000 -4.500000
      vertex 76.250000 107.250000 -4.500000
      vertex 78.625000 107.250000 -4.500000
    endloop
  endfacet
  facet normal 0.000000 0.000000 1.000000
    outer loop
      vertex 78.625000 111.750000 -4.500000
      vertex 76.250000 111.750000 -4.500000
      vertex 77.000000 111.250000 -4.500000
    endloop
  endfacet
  facet normal -0.000000 0.000000 1.000000
    outer loop
      vertex 78.698609 107.251807 -4.500000
      vertex 78.772031 107.257223 -4.500000
      vertex 78.845096 107.266235 -4.500000
    endloop
  endfacet
  facet normal -0.000000 -0.000000 1.000000
    outer loop
      vertex 80.108765 108.529904 -4.500000
      vertex 80.117777 108.602969 -4.500000
      vertex 80.123193 108.676391 -4.500000
    endloop
  endfacet
  facet normal -0.000000 -0.000000 1.000000
    outer loop
      vertex 80.123193 110.323609 -4.500000
      vertex 80.117777 110.397031 -4.500000
      vertex 80.108765 110.470096 -4.500000
    endloop
  endfacet
  facet normal -0.000000 -0.000000 1.000000
    outer loop
      vertex 78.845096 111.733765 -4.500000
      vertex 78.772031 111.742777 -4.500000
      vertex 78.698609 111.748193 -4.500000
    endloop
  endfacet
  facet normal -0.000000 -0.000000 1.000000
    outer loop
      vertex 80.010818 110.824028 -4.500000
      vertex 79.980983 110.891334 -4.500000
      vertex 79.947882 110.957096 -4.500000
    endloop
  endfacet
  facet normal -0.000000 -0.000000 1.000000
    outer loop
      vertex 79.332096 111.572882 -4.500000
      vertex 79.266334 111.605983 -4.500000
      vertex 79.199028 111.635818 -4.500000
    endloop
  endfacet
  facet normal 0.000000 -0.000000 1.000000
    outer loop
      vertex 79.199028 107.364182 -4.500000
      vertex 79.266334 107.394017 -4.500000
      vertex 79.332096 107.427118 -4.500000
    endloop
  endfacet
  facet normal -0.000000 -0.000000 1.000000
    outer loop
      vertex 79.947882 108.042904 -4.500000
      vertex 79.980983 108.108666 -4.500000
      vertex 80.010818 108.175972 -4.500000
    endloop
  endfacet
  facet normal -0.000000 -0.000000 1.000000
    outer loop
      vertex 79.632339 111.361427 -4.500000
      vertex 79.576591 111.409515 -4.500000
      vertex 79.518550 111.454810 -4.500000
    endloop
  endfacet
  facet normal -0.000000 -0.000000 1.000000
    outer loop
      vertex 79.518550 107.545190 -4.500000
      vertex 79.576591 107.590485 -4.500000
      vertex 79.632339 107.638573 -4.500000
    endloop
  endfacet
  facet normal 0.000000 -0.000000 1.000000
    outer loop
      vertex 79.736427 107.742661 -4.500000
      vertex 79.784515 107.798409 -4.500000
      vertex 79.829810 107.856450 -4.500000
    endloop
  endfacet
  facet normal -0.000000 -0.000000 1.000000
    outer loop
      vertex 79.829810 111.143550 -4.500000
      vertex 79.784515 111.201591 -4.500000
      vertex 79.736427 111.257339 -4.500000
    endloop
  endfacet
  facet normal -0.000000 -0.000000 1.000000
    outer loop
      vertex 80.010818 108.175972 -4.500000
      vertex 80.037315 108.244662 -4.500000
      vertex 80.060409 108.314569 -4.500000
    endloop
  endfacet
  facet normal 0.000000 -0.000000 1.000000
    outer loop
      vertex 79.060431 107.314591 -4.500000
      vertex 79.130338 107.337685 -4.500000
      vertex 79.199028 107.364182 -4.500000
    endloop
  endfacet
  facet normal -0.000000 -0.000000 1.000000
    outer loop
      vertex 79.199028 111.635818 -4.500000
      vertex 79.130338 111.662315 -4.500000
      vertex 79.060431 111.685409 -4.500000
    endloop
  endfacet
  facet normal -0.000000 -0.000000 1.000000
    outer loop
      vertex 80.060409 110.685431 -4.500000
      vertex 80.037315 110.755338 -4.500000
      vertex 80.010818 110.824028 -4.500000
    endloop
  endfacet
  facet normal -0.000000 -0.000000 1.000000
    outer loop
      vertex 79.632339 107.638573 -4.500000
      vertex 79.685660 107.689340 -4.500000
      vertex 79.736427 107.742661 -4.500000
    endloop
  endfacet
  facet normal -0.000000 -0.000000 1.000000
    outer loop
      vertex 79.736427 111.257339 -4.500000
      vertex 79.685660 111.310660 -4.500000
      vertex 79.632339 111.361427 -4.500000
    endloop
  endfacet
  facet normal 0.000000 -0.000000 1.000000
    outer loop
      vertex 79.872204 107.916644 -4.500000
      vertex 79.911593 107.978846 -4.500000
      vertex 79.947882 108.042904 -4.500000
    endloop
  endfacet
  facet normal -0.000000 -0.000000 1.000000
    outer loop
      vertex 79.947882 110.957096 -4.500000
      vertex 79.911593 111.021154 -4.500000
      vertex 79.872204 111.083356 -4.500000
    endloop
  endfacet
  facet normal -0.000000 -0.000000 1.000000
    outer loop
      vertex 79.458356 111.497204 -4.500000
      vertex 79.396154 111.536593 -4.500000
      vertex 79.332096 111.572882 -4.500000
    endloop
  endfacet
  facet normal 0.000000 -0.000000 1.000000
    outer loop
      vertex 79.332096 107.427118 -4.500000
      vertex 79.396154 107.463407 -4.500000
      vertex 79.458356 107.502796 -4.500000
    endloop
  endfacet
  facet normal -0.000000 -0.000000 1.000000
    outer loop
      vertex 80.096178 110.542637 -4.500000
      vertex 80.080046 110.614474 -4.500000
      vertex 80.060409 110.685431 -4.500000
    endloop
  endfacet
  facet normal -0.000000 -0.000000 1.000000
    outer loop
      vertex 80.060409 108.314569 -4.500000
      vertex 80.080046 108.385526 -4.500000
      vertex 80.096178 108.457363 -4.500000
    endloop
  endfacet
  facet normal -0.000000 -0.000000 1.000000
    outer loop
      vertex 79.060431 111.685409 -4.500000
      vertex 78.989474 111.705046 -4.500000
      vertex 78.917637 111.721178 -4.500000
    endloop
  endfacet
  facet normal 0.000000 -0.000000 1.000000
    outer loop
      vertex 78.917637 107.278822 -4.500000
      vertex 78.989474 107.294954 -4.500000
      vertex 79.060431 107.314591 -4.500000
    endloop
  endfacet
  facet normal -0.000000 -0.000000 1.000000
    outer loop
      vertex 78.698609 107.251807 -4.500000
      vertex 78.845096 107.266235 -4.500000
      vertex 78.917637 107.278822 -4.500000
    endloop
  endfacet
  facet normal -0.000000 -0.000000 1.000000
    outer loop
      vertex 80.096178 108.457363 -4.500000
      vertex 80.108765 108.529904 -4.500000
      vertex 80.123193 108.676391 -4.500000
    endloop
  endfacet
  facet normal -0.000000 -0.000000 1.000000
    outer loop
      vertex 78.917637 111.721178 -4.500000
      vertex 78.845096 111.733765 -4.500000
      vertex 78.698609 111.748193 -4.500000
    endloop
  endfacet
  facet normal -0.000000 -0.000000 1.000000
    outer loop
      vertex 80.123193 110.323609 -4.500000
      vertex 80.108765 110.470096 -4.500000
      vertex 80.096178 110.542637 -4.500000
    endloop
  endfacet
  facet normal -0.000000 -0.000000 1.000000
    outer loop
      vertex 79.458356 107.502796 -4.500000
      vertex 79.518550 107.545190 -4.500000
      vertex 79.632339 107.638573 -4.500000
    endloop
  endfacet
  facet normal -0.000000 -0.000000 1.000000
    outer loop
      vertex 79.632339 111.361427 -4.500000
      vertex 79.518550 111.454810 -4.500000
      vertex 79.458356 111.497204 -4.500000
    endloop
  endfacet
  facet normal -0.000000 -0.000000 1.000000
    outer loop
      vertex 79.736427 107.742661 -4.500000
      vertex 79.829810 107.856450 -4.500000
      vertex 79.872204 107.916644 -4.500000
    endloop
  endfacet
  facet normal -0.000000 -0.000000 1.000000
    outer loop
      vertex 79.872204 111.083356 -4.500000
      vertex 79.829810 111.143550 -4.500000
      vertex 79.736427 111.257339 -4.500000
    endloop
  endfacet
  facet normal -0.000000 -0.000000 1.000000
    outer loop
      vertex 80.125000 110.250000 -4.500000
      vertex 80.123193 110.323609 -4.500000
      vertex 80.096178 110.542637 -4.500000
    endloop
  endfacet
  facet normal 0.000000 -0.000000 1.000000
    outer loop
      vertex 78.625000 107.250000 -4.500000
      vertex 78.698609 107.251807 -4.500000
      vertex 78.917637 107.278822 -4.500000
    endloop
  endfacet
  facet normal -0.000000 -0.000000 1.000000
    outer loop
      vertex 78.917637 111.721178 -4.500000
      vertex 78.698609 111.748193 -4.500000
      vertex 78.625000 111.750000 -4.500000
    endloop
  endfacet
  facet normal 0.000000 -0.000000 1.000000
    outer loop
      vertex 80.096178 108.457363 -4.500000
      vertex 80.123193 108.676391 -4.500000
      vertex 80.125000 108.750000 -4.500000
    endloop
  endfacet
  facet normal -0.000000 -0.000000 1.000000
    outer loop
      vertex 80.060409 110.685431 -4.500000
      vertex 80.010818 110.824028 -4.500000
      vertex 79.947882 110.957096 -4.500000
    endloop
  endfacet
  facet normal -0.000000 -0.000000 1.000000
    outer loop
      vertex 79.332096 111.572882 -4.500000
      vertex 79.199028 111.635818 -4.500000
      vertex 79.060431 111.685409 -4.500000
    endloop
  endfacet
  facet normal -0.000000 -0.000000 1.000000
    outer loop
      vertex 79.060431 107.314591 -4.500000
      vertex 79.199028 107.364182 -4.500000
      vertex 79.332096 107.427118 -4.500000
    endloop
  endfacet
  facet normal -0.000000 -0.000000 1.000000
    outer loop
      vertex 79.947882 108.042904 -4.500000
      vertex 80.010818 108.175972 -4.500000
      vertex 80.060409 108.314569 -4.500000
    endloop
  endfacet
  facet normal -0.000000 -0.000000 1.000000
    outer loop
      vertex 79.458356 107.502796 -4.500000
      vertex 79.632339 107.638573 -4.500000
      vertex 79.736427 107.742661 -4.500000
    endloop
  endfacet
  facet normal -0.000000 -0.000000 1.000000
    outer loop
      vertex 79.736427 111.257339 -4.500000
      vertex 79.632339 111.361427 -4.500000
      vertex 79.458356 111.497204 -4.500000
    endloop
  endfacet
  facet normal -0.000000 -0.000000 1.000000
    outer loop
      vertex 79.736427 107.742661 -4.500000
      vertex 79.872204 107.916644 -4.500000
      vertex 79.947882 108.042904 -4.500000
    endloop
  endfacet
  facet normal -0.000000 -0.000000 1.000000
    outer loop
      vertex 79.947882 110.957096 -4.500000
      vertex 79.872204 111.083356 -4.500000
      vertex 79.736427 111.257339 -4.500000
    endloop
  endfacet
  facet normal -0.000000 -0.000000 1.000000
    outer loop
      vertex 79.458356 111.497204 -4.500000
      vertex 79.332096 111.572882 -4.500000
      vertex 79.060431 111.685409 -4.500000
    endloop
  endfacet
  facet normal -0.000000 -0.000000 1.000000
    outer loop
      vertex 79.060431 107.314591 -4.500000
      vertex 79.332096 107.427118 -4.500000
      vertex 79.458356 107.502796 -4.500000
    endloop
  endfacet
  facet normal -0.000000 -0.000000 1.000000
    outer loop
      vertex 80.096178 110.542637 -4.500000
      vertex 80.060409 110.685431 -4.500000
      vertex 79.947882 110.957096 -4.500000
    endloop
  endfacet
  facet normal 0.000000 -0.000000 1.000000
    outer loop
      vertex 79.947882 108.042904 -4.500000
      vertex 80.060409 108.314569 -4.500000
      vertex 80.096178 108.457363 -4.500000
    endloop
  endfacet
  facet normal 0.000000 -0.000000 1.000000
    outer loop
      vertex 78.625000 107.250000 -4.500000
      vertex 78.917637 107.278822 -4.500000
      vertex 79.060431 107.314591 -4.500000
    endloop
  endfacet
  facet normal -0.000000 -0.000000 1.000000
    outer loop
      vertex 79.060431 111.685409 -4.500000
      vertex 78.917637 111.721178 -4.500000
      vertex 78.625000 111.750000 -4.500000
    endloop
  endfacet
  facet normal -0.000000 -0.000000 1.000000
    outer loop
      vertex 80.125000 110.250000 -4.500000
      vertex 80.096178 110.542637 -4.500000
      vertex 79.947882 110.957096 -4.500000
    endloop
  endfacet
  facet normal 0.000000 -0.000000 1.000000
    outer loop
      vertex 79.947882 108.042904 -4.500000
      vertex 80.096178 108.457363 -4.500000
      vertex 80.125000 108.750000 -4.500000
    endloop
  endfacet
  facet normal -0.000000 -0.000000 1.000000
    outer loop
      vertex 79.458356 107.502796 -4.500000
      vertex 79.736427 107.742661 -4.500000
      vertex 79.947882 108.042904 -4.500000
    endloop
  endfacet
  facet normal 0.000000 -0.000000 1.000000
    outer loop
      vertex 79.458356 107.502796 -4.500000
      vertex 79.947882 108.042904 -4.500000
      vertex 80.125000 108.750000 -4.500000
    endloop
  endfacet
  facet normal 0.000000 -0.000000 1.000000
    outer loop
      vertex 79.458356 107.502796 -4.500000
      vertex 80.125000 108.750000 -4.500000
      vertex 80.125000 110.250000 -4.500000
    endloop
  endfacet
  facet normal -0.000000 -0.000000 1.000000
    outer loop
      vertex 79.947882 110.957096 -4.500000
      vertex 79.736427 111.257339 -4.500000
      vertex 79.458356 111.497204 -4.500000
    endloop
  endfacet
  facet normal -0.000000 -0.000000 1.000000
    outer loop
      vertex 80.125000 110.250000 -4.500000
      vertex 79.947882 110.957096 -4.500000
      vertex 79.458356 111.497204 -4.500000
    endloop
  endfacet
  facet normal -0.000000 -0.000000 1.000000
    outer loop
      vertex 79.458356 107.502796 -4.500000
      vertex 80.125000 110.250000 -4.500000
      vertex 79.458356 111.497204 -4.500000
    endloop
  endfacet
  facet normal 0.000000 -0.000000 1.000000
    outer loop
      vertex 78.625000 107.250000 -4.500000
      vertex 79.060431 107.314591 -4.500000
      vertex 79.458356 107.502796 -4.500000
    endloop
  endfacet
  facet normal 0.000000 -0.000000 1.000000
    outer loop
      vertex 77.000000 107.750000 -4.500000
      vertex 78.625000 107.250000 -4.500000
      vertex 79.458356 107.502796 -4.500000
    endloop
  endfacet
  facet normal -0.000000 -0.000000 1.000000
    outer loop
      vertex 79.458356 111.497204 -4.500000
      vertex 79.060431 111.685409 -4.500000
      vertex 78.625000 111.750000 -4.500000
    endloop
  endfacet
  facet normal -0.000000 0.000000 1.000000
    outer loop
      vertex 79.458356 111.497204 -4.500000
      vertex 78.625000 111.750000 -4.500000
      vertex 77.000000 111.250000 -4.500000
    endloop
  endfacet
  facet normal -0.000000 -0.000000 1.000000
    outer loop
      vertex 79.458356 111.497204 -4.500000
      vertex 77.000000 111.250000 -4.500000
      vertex 77.125000 111.250000 -4.500000
    endloop
  endfacet
  facet normal 0.000000 -0.000000 1.000000
    outer loop
      vertex 79.458356 111.497204 -4.500000
      vertex 77.125000 111.250000 -4.500000
      vertex 77.174070 111.248795 -4.500000
    endloop
  endfacet
  facet normal -0.000000 0.000000 1.000000
    outer loop
      vertex 79.458356 111.497204 -4.500000
      vertex 77.174070 111.248795 -4.500000
      vertex 77.223020 111.245184 -4.500000
    endloop
  endfacet
  facet normal -0.000000 0.000000 1.000000
    outer loop
      vertex 79.458356 111.497204 -4.500000
      vertex 77.223020 111.245184 -4.500000
      vertex 77.271728 111.239177 -4.500000
    endloop
  endfacet
  facet normal -0.000000 0.000000 1.000000
    outer loop
      vertex 79.458356 111.497204 -4.500000
      vertex 77.271728 111.239177 -4.500000
      vertex 77.320090 111.230785 -4.500000
    endloop
  endfacet
  facet normal -0.000000 0.000000 1.000000
    outer loop
      vertex 79.458356 111.497204 -4.500000
      vertex 77.320090 111.230785 -4.500000
      vertex 77.367982 111.220031 -4.500000
    endloop
  endfacet
  facet normal -0.000000 0.000000 1.000000
    outer loop
      vertex 79.458356 111.497204 -4.500000
      vertex 77.367982 111.220031 -4.500000
      vertex 77.415287 111.206940 -4.500000
    endloop
  endfacet
  facet normal -0.000000 0.000000 1.000000
    outer loop
      vertex 79.458356 111.497204 -4.500000
      vertex 77.415287 111.206940 -4.500000
      vertex 77.461892 111.191543 -4.500000
    endloop
  endfacet
  facet normal -0.000000 0.000000 1.000000
    outer loop
      vertex 79.458356 111.497204 -4.500000
      vertex 77.461892 111.191543 -4.500000
      vertex 77.507685 111.173879 -4.500000
    endloop
  endfacet
  facet normal -0.000000 0.000000 1.000000
    outer loop
      vertex 79.458356 111.497204 -4.500000
      vertex 77.507685 111.173879 -4.500000
      vertex 77.552555 111.153989 -4.500000
    endloop
  endfacet
  facet normal -0.000000 0.000000 1.000000
    outer loop
      vertex 79.458356 111.497204 -4.500000
      vertex 77.552555 111.153989 -4.500000
      vertex 77.596396 111.131922 -4.500000
    endloop
  endfacet
  facet normal -0.000000 0.000000 1.000000
    outer loop
      vertex 79.458356 111.497204 -4.500000
      vertex 77.596396 111.131922 -4.500000
      vertex 77.639102 111.107729 -4.500000
    endloop
  endfacet
  facet normal -0.000000 0.000000 1.000000
    outer loop
      vertex 79.458356 111.497204 -4.500000
      vertex 77.639102 111.107729 -4.500000
      vertex 77.680571 111.081469 -4.500000
    endloop
  endfacet
  facet normal -0.000000 0.000000 1.000000
    outer loop
      vertex 79.458356 111.497204 -4.500000
      vertex 77.680571 111.081469 -4.500000
      vertex 77.720700 111.053207 -4.500000
    endloop
  endfacet
  facet normal -0.000000 0.000000 1.000000
    outer loop
      vertex 79.458356 111.497204 -4.500000
      vertex 77.720700 111.053207 -4.500000
      vertex 77.759394 111.023010 -4.500000
    endloop
  endfacet
  facet normal -0.000000 0.000000 1.000000
    outer loop
      vertex 79.458356 111.497204 -4.500000
      vertex 77.759394 111.023010 -4.500000
      vertex 77.796559 110.990951 -4.500000
    endloop
  endfacet
  facet normal -0.000000 0.000000 1.000000
    outer loop
      vertex 79.458356 111.497204 -4.500000
      vertex 77.796559 110.990951 -4.500000
      vertex 77.832107 110.957107 -4.500000
    endloop
  endfacet
  facet normal -0.000000 0.000000 1.000000
    outer loop
      vertex 79.458356 111.497204 -4.500000
      vertex 77.832107 110.957107 -4.500000
      vertex 77.865951 110.921559 -4.500000
    endloop
  endfacet
  facet normal -0.000000 0.000000 1.000000
    outer loop
      vertex 79.458356 111.497204 -4.500000
      vertex 77.865951 110.921559 -4.500000
      vertex 77.898010 110.884394 -4.500000
    endloop
  endfacet
  facet normal -0.000000 0.000000 1.000000
    outer loop
      vertex 79.458356 111.497204 -4.500000
      vertex 77.898010 110.884394 -4.500000
      vertex 77.928207 110.845700 -4.500000
    endloop
  endfacet
  facet normal -0.000000 0.000000 1.000000
    outer loop
      vertex 79.458356 111.497204 -4.500000
      vertex 77.928207 110.845700 -4.500000
      vertex 77.956469 110.805571 -4.500000
    endloop
  endfacet
  facet normal -0.000000 0.000000 1.000000
    outer loop
      vertex 79.458356 111.497204 -4.500000
      vertex 77.956469 110.805571 -4.500000
      vertex 77.982729 110.764102 -4.500000
    endloop
  endfacet
  facet normal -0.000000 0.000000 1.000000
    outer loop
      vertex 79.458356 111.497204 -4.500000
      vertex 77.982729 110.764102 -4.500000
      vertex 78.006922 110.721396 -4.500000
    endloop
  endfacet
  facet normal -0.000000 -0.000000 1.000000
    outer loop
      vertex 79.458356 111.497204 -4.500000
      vertex 78.006922 110.721396 -4.500000
      vertex 78.028989 110.677555 -4.500000
    endloop
  endfacet
  facet normal 0.000000 -0.000000 1.000000
    outer loop
      vertex 79.458356 107.502796 -4.500000
      vertex 79.458356 111.497204 -4.500000
      vertex 78.028989 110.677555 -4.500000
    endloop
  endfacet
  facet normal -0.000000 -0.000000 1.000000
    outer loop
      vertex 77.125000 107.750000 -4.500000
      vertex 77.000000 107.750000 -4.500000
      vertex 79.458356 107.502796 -4.500000
    endloop
  endfacet
  facet normal 0.000000 0.000000 1.000000
    outer loop
      vertex 77.174070 107.751205 -4.500000
      vertex 77.125000 107.750000 -4.500000
      vertex 79.458356 107.502796 -4.500000
    endloop
  endfacet
  facet normal -0.000000 0.000000 1.000000
    outer loop
      vertex 77.223020 107.754816 -4.500000
      vertex 77.174070 107.751205 -4.500000
      vertex 79.458356 107.502796 -4.500000
    endloop
  endfacet
  facet normal -0.000000 -0.000000 1.000000
    outer loop
      vertex 77.271728 107.760823 -4.500000
      vertex 77.223020 107.754816 -4.500000
      vertex 79.458356 107.502796 -4.500000
    endloop
  endfacet
  facet normal -0.000000 -0.000000 1.000000
    outer loop
      vertex 77.320090 107.769215 -4.500000
      vertex 77.271728 107.760823 -4.500000
      vertex 79.458356 107.502796 -4.500000
    endloop
  endfacet
  facet normal -0.000000 -0.000000 1.000000
    outer loop
      vertex 77.367982 107.779969 -4.500000
      vertex 77.320090 107.769215 -4.500000
      vertex 79.458356 107.502796 -4.500000
    endloop
  endfacet
  facet normal -0.000000 -0.000000 1.000000
    outer loop
      vertex 77.415287 107.793060 -4.500000
      vertex 77.367982 107.779969 -4.500000
      vertex 79.458356 107.502796 -4.500000
    endloop
  endfacet
  facet normal -0.000000 -0.000000 1.000000
    outer loop
      vertex 77.461892 107.808457 -4.500000
      vertex 77.415287 107.793060 -4.500000
      vertex 79.458356 107.502796 -4.500000
    endloop
  endfacet
  facet normal -0.000000 -0.000000 1.000000
    outer loop
      vertex 77.507685 107.826121 -4.500000
      vertex 77.461892 107.808457 -4.500000
      vertex 79.458356 107.502796 -4.500000
    endloop
  endfacet
  facet normal -0.000000 -0.000000 1.000000
    outer loop
      vertex 77.552555 107.846011 -4.500000
      vertex 77.507685 107.826121 -4.500000
      vertex 79.458356 107.502796 -4.500000
    endloop
  endfacet
  facet normal -0.000000 -0.000000 1.000000
    outer loop
      vertex 77.596396 107.868078 -4.500000
      vertex 77.552555 107.846011 -4.500000
      vertex 79.458356 107.502796 -4.500000
    endloop
  endfacet
  facet normal -0.000000 -0.000000 1.000000
    outer loop
      vertex 77.639102 107.892271 -4.500000
      vertex 77.596396 107.868078 -4.500000
      vertex 79.458356 107.502796 -4.500000
    endloop
  endfacet
  facet normal -0.000000 -0.000000 1.000000
    outer loop
      vertex 77.680571 107.918531 -4.500000
      vertex 77.639102 107.892271 -4.500000
      vertex 79.458356 107.502796 -4.500000
    endloop
  endfacet
  facet normal -0.000000 -0.000000 1.000000
    outer loop
      vertex 77.720700 107.946793 -4.500000
      vertex 77.680571 107.918531 -4.500000
      vertex 79.458356 107.502796 -4.500000
    endloop
  endfacet
  facet normal -0.000000 -0.000000 1.000000
    outer loop
      vertex 77.759394 107.976990 -4.500000
      vertex 77.720700 107.946793 -4.500000
      vertex 79.458356 107.502796 -4.500000
    endloop
  endfacet
  facet normal -0.000000 -0.000000 1.000000
    outer loop
      vertex 77.796559 108.009049 -4.500000
      vertex 77.759394 107.976990 -4.500000
      vertex 79.458356 107.502796 -4.500000
    endloop
  endfacet
  facet normal -0.000000 -0.000000 1.000000
    outer loop
      vertex 77.832107 108.042893 -4.500000
      vertex 77.796559 108.009049 -4.500000
      vertex 79.458356 107.502796 -4.500000
    endloop
  endfacet
  facet normal -0.000000 -0.000000 1.000000
    outer loop
      vertex 77.865951 108.078441 -4.500000
      vertex 77.832107 108.042893 -4.500000
      vertex 79.458356 107.502796 -4.500000
    endloop
  endfacet
  facet normal -0.000000 -0.000000 1.000000
    outer loop
      vertex 77.898010 108.115606 -4.500000
      vertex 77.865951 108.078441 -4.500000
      vertex 79.458356 107.502796 -4.500000
    endloop
  endfacet
  facet normal -0.000000 -0.000000 1.000000
    outer loop
      vertex 77.928207 108.154300 -4.500000
      vertex 77.898010 108.115606 -4.500000
      vertex 79.458356 107.502796 -4.500000
    endloop
  endfacet
  facet normal -0.000000 -0.000000 1.000000
    outer loop
      vertex 77.956469 108.194429 -4.500000
      vertex 77.928207 108.154300 -4.500000
      vertex 79.458356 107.502796 -4.500000
    endloop
  endfacet
  facet normal -0.000000 -0.000000 1.000000
    outer loop
      vertex 77.982729 108.235898 -4.500000
      vertex 77.956469 108.194429 -4.500000
      vertex 79.458356 107.502796 -4.500000
    endloop
  endfacet
  facet normal -0.000000 -0.000000 1.000000
    outer loop
      vertex 78.006922 108.278604 -4.500000
      vertex 77.982729 108.235898 -4.500000
      vertex 79.458356 107.502796 -4.500000
    endloop
  endfacet
  facet normal -0.000000 -0.000000 1.000000
    outer loop
      vertex 78.028989 108.322445 -4.500000
      vertex 78.006922 108.278604 -4.500000
      vertex 79.458356 107.502796 -4.500000
    endloop
  endfacet
  facet normal -0.000000 -0.000000 1.000000
    outer loop
      vertex 78.048879 108.367315 -4.500000
      vertex 78.028989 108.322445 -4.500000
      vertex 79.458356 107.502796 -4.500000
    endloop
  endfacet
  facet normal -0.000000 -0.000000 1.000000
    outer loop
      vertex 78.066543 108.413108 -4.500000
      vertex 78.048879 108.367315 -4.500000
      vertex 79.458356 107.502796 -4.500000
    endloop
  endfacet
  facet normal -0.000000 -0.000000 1.000000
    outer loop
      vertex 78.081940 108.459713 -4.500000
      vertex 78.066543 108.413108 -4.500000
      vertex 79.458356 107.502796 -4.500000
    endloop
  endfacet
  facet normal -0.000000 -0.000000 1.000000
    outer loop
      vertex 78.095031 108.507018 -4.500000
      vertex 78.081940 108.459713 -4.500000
      vertex 79.458356 107.502796 -4.500000
    endloop
  endfacet
  facet normal -0.000000 -0.000000 1.000000
    outer loop
      vertex 78.105785 108.554910 -4.500000
      vertex 78.095031 108.507018 -4.500000
      vertex 79.458356 107.502796 -4.500000
    endloop
  endfacet
  facet normal -0.000000 -0.000000 1.000000
    outer loop
      vertex 78.114177 108.603272 -4.500000
      vertex 78.105785 108.554910 -4.500000
      vertex 79.458356 107.502796 -4.500000
    endloop
  endfacet
  facet normal -0.000000 -0.000000 1.000000
    outer loop
      vertex 78.120184 108.651980 -4.500000
      vertex 78.114177 108.603272 -4.500000
      vertex 79.458356 107.502796 -4.500000
    endloop
  endfacet
  facet normal -0.000000 -0.000000 1.000000
    outer loop
      vertex 78.123795 108.700930 -4.500000
      vertex 78.120184 108.651980 -4.500000
      vertex 79.458356 107.502796 -4.500000
    endloop
  endfacet
  facet normal -0.000000 -0.000000 1.000000
    outer loop
      vertex 78.125000 108.750000 -4.500000
      vertex 78.123795 108.700930 -4.500000
      vertex 79.458356 107.502796 -4.500000
    endloop
  endfacet
  facet normal 0.000000 0.000000 1.000000
    outer loop
      vertex 78.125000 110.250000 -4.500000
      vertex 78.125000 108.750000 -4.500000
      vertex 79.458356 107.502796 -4.500000
    endloop
  endfacet
  facet normal -0.000000 -0.000000 1.000000
    outer loop
      vertex 78.123795 110.299070 -4.500000
      vertex 78.125000 110.250000 -4.500000
      vertex 79.458356 107.502796 -4.500000
    endloop
  endfacet
  facet normal -0.000000 -0.000000 1.000000
    outer loop
      vertex 78.120184 110.348020 -4.500000
      vertex 78.123795 110.299070 -4.500000
      vertex 79.458356 107.502796 -4.500000
    endloop
  endfacet
  facet normal -0.000000 -0.000000 1.000000
    outer loop
      vertex 78.114177 110.396728 -4.500000
      vertex 78.120184 110.348020 -4.500000
      vertex 79.458356 107.502796 -4.500000
    endloop
  endfacet
  facet normal -0.000000 -0.000000 1.000000
    outer loop
      vertex 78.105785 110.445090 -4.500000
      vertex 78.114177 110.396728 -4.500000
      vertex 79.458356 107.502796 -4.500000
    endloop
  endfacet
  facet normal 0.000000 -0.000000 1.000000
    outer loop
      vertex 78.095031 110.492982 -4.500000
      vertex 78.105785 110.445090 -4.500000
      vertex 79.458356 107.502796 -4.500000
    endloop
  endfacet
  facet normal 0.000000 -0.000000 1.000000
    outer loop
      vertex 78.081940 110.540287 -4.500000
      vertex 78.095031 110.492982 -4.500000
      vertex 79.458356 107.502796 -4.500000
    endloop
  endfacet
  facet normal 0.000000 0.000000 1.000000
    outer loop
      vertex 78.066543 110.586892 -4.500000
      vertex 78.081940 110.540287 -4.500000
      vertex 79.458356 107.502796 -4.500000
    endloop
  endfacet
  facet normal 0.000000 0.000000 1.000000
    outer loop
      vertex 78.048879 110.632685 -4.500000
      vertex 78.066543 110.586892 -4.500000
      vertex 79.458356 107.502796 -4.500000
    endloop
  endfacet
  facet normal 0.000000 0.000000 1.000000
    outer loop
      vertex 78.028989 110.677555 -4.500000
      vertex 78.048879 110.632685 -4.500000
      vertex 79.458356 107.502796 -4.500000
    endloop
  endfacet
  facet normal 0.000000 1.000000 -0.000000
    outer loop
      vertex 75.500000 108.000000 -5.000000
      vertex 75.500000 108.000000 -4.500000
      vertex 76.250000 108.000000 -4.500000
    endloop
  endfacet
  facet normal -0.000000 1.000000 0.000000
    outer loop
      vertex 76.250000 108.000000 -5.000000
      vertex 75.500000 108.000000 -5.000000
      vertex 76.250000 108.000000 -4.500000
    endloop
  endfacet
  facet normal -0.000000 1.000000 0.000000
    outer loop
      vertex 76.250000 108.000000 -4.500000
      vertex 77.000000 108.000000 -4.500000
      vertex 77.000000 108.000000 -5.000000
    endloop
  endfacet
  facet normal 0.000000 1.000000 0.000000
    outer loop
      vertex 77.000000 108.000000 -5.000000
      vertex 76.250000 108.000000 -5.000000
      vertex 76.250000 108.000000 -4.500000
    endloop
  endfacet
  facet normal -1.000000 -0.000000 0.000000
    outer loop
      vertex 77.000000 108.000000 -4.500000
      vertex 77.000000 107.750000 -4.500000
      vertex 77.000000 108.000000 -4.250000
    endloop
  endfacet
  facet normal -1.000000 0.000000 -0.000000
    outer loop
      vertex 77.000000 111.000000 -4.250000
      vertex 77.000000 111.250000 -4.500000
      vertex 77.000000 111.000000 -4.500000
    endloop
  endfacet
  facet normal -1.000000 0.000000 0.000000
    outer loop
      vertex 77.000000 110.250000 -3.500000
      vertex 77.000000 111.000000 -3.500000
      vertex 77.000000 111.000000 -4.250000
    endloop
  endfacet
  facet normal -1.000000 0.000000 -0.000000
    outer loop
      vertex 77.000000 108.000000 -4.250000
      vertex 77.000000 108.000000 -3.500000
      vertex 77.000000 108.750000 -3.500000
    endloop
  endfacet
  facet normal -1.000000 -0.000000 -0.000000
    outer loop
      vertex 77.000000 108.000000 -4.250000
      vertex 77.000000 108.750000 -3.500000
      vertex 77.000000 110.250000 -3.500000
    endloop
  endfacet
  facet normal -1.000000 -0.000000 0.000000
    outer loop
      vertex 77.000000 108.000000 -4.250000
      vertex 77.000000 110.250000 -3.500000
      vertex 77.000000 111.000000 -4.250000
    endloop
  endfacet
  facet normal -1.000000 -0.000000 -0.000000
    outer loop
      vertex 77.000000 108.000000 -4.250000
      vertex 77.000000 111.000000 -4.250000
      vertex 77.000000 111.000000 -4.500000
    endloop
  endfacet
  facet normal -1.000000 0.000000 0.000000
    outer loop
      vertex 77.000000 108.000000 -4.500000
      vertex 77.000000 108.000000 -4.250000
      vertex 77.000000 111.000000 -4.500000
    endloop
  endfacet
  facet normal -1.000000 0.000000 0.000000
    outer loop
      vertex 77.000000 108.000000 -4.500000
      vertex 77.000000 111.000000 -4.500000
      vertex 77.000000 111.000000 -5.000000
    endloop
  endfacet
  facet normal -1.000000 -0.000000 0.000000
    outer loop
      vertex 77.000000 111.000000 -5.000000
      vertex 77.000000 108.000000 -5.000000
      vertex 77.000000 108.000000 -4.500000
    endloop
  endfacet
  facet normal 1.000000 -0.000000 0.000000
    outer loop
      vertex 75.500000 108.000000 -4.250000
      vertex 75.500000 107.750000 -4.500000
      vertex 75.500000 108.000000 -4.500000
    endloop
  endfacet
  facet normal 1.000000 0.000000 0.000000
    outer loop
      vertex 75.500000 111.000000 -4.500000
      vertex 75.500000 111.250000 -4.500000
      vertex 75.500000 111.000000 -4.250000
    endloop
  endfacet
  facet normal 1.000000 -0.000000 0.000000
    outer loop
      vertex 75.500000 110.250000 -5.000000
      vertex 75.500000 111.000000 -5.000000
      vertex 75.500000 111.000000 -4.500000
    endloop
  endfacet
  facet normal 1.000000 0.000000 0.000000
    outer loop
      vertex 75.500000 108.000000 -4.500000
      vertex 75.500000 108.000000 -5.000000
      vertex 75.500000 108.750000 -5.000000
    endloop
  endfacet
  facet normal 1.000000 0.000000 0.000000
    outer loop
      vertex 75.500000 108.000000 -4.250000
      vertex 75.500000 108.000000 -4.500000
      vertex 75.500000 108.750000 -5.000000
    endloop
  endfacet
  facet normal 1.000000 -0.000000 0.000000
    outer loop
      vertex 75.500000 110.250000 -5.000000
      vertex 75.500000 111.000000 -4.500000
      vertex 75.500000 111.000000 -4.250000
    endloop
  endfacet
  facet normal 1.000000 0.000000 -0.000000
    outer loop
      vertex 75.500000 110.250000 -5.000000
      vertex 75.500000 111.000000 -4.250000
      vertex 75.500000 111.000000 -3.500000
    endloop
  endfacet
  facet normal 1.000000 0.000000 0.000000
    outer loop
      vertex 75.500000 108.000000 -3.500000
      vertex 75.500000 108.000000 -4.250000
      vertex 75.500000 108.750000 -5.000000
    endloop
  endfacet
  facet normal 1.000000 0.000000 0.000000
    outer loop
      vertex 75.500000 108.000000 -3.500000
      vertex 75.500000 108.750000 -5.000000
      vertex 75.500000 110.250000 -5.000000
    endloop
  endfacet
  facet normal 1.000000 0.000000 0.000000
    outer loop
      vertex 75.500000 111.000000 -3.500000
      vertex 75.500000 108.000000 -3.500000
      vertex 75.500000 110.250000 -5.000000
    endloop
  endfacet
  facet normal 0.000000 -1.000000 0.000000
    outer loop
      vertex 77.000000 111.000000 -5.000000
      vertex 77.000000 111.000000 -4.500000
      vertex 76.250000 111.000000 -4.500000
    endloop
  endfacet
  facet normal 0.000000 -1.000000 0.000000
    outer loop
      vertex 76.250000 111.000000 -5.000000
      vertex 77.000000 111.000000 -5.000000
      vertex 76.250000 111.000000 -4.500000
    endloop
  endfacet
  facet normal -0.000000 -1.000000 0.000000
    outer loop
      vertex 76.250000 111.000000 -4.500000
      vertex 75.500000 111.000000 -4.500000
      vertex 75.500000 111.000000 -5.000000
    endloop
  endfacet
  facet normal 0.000000 -1.000000 -0.000000
    outer loop
      vertex 76.250000 111.000000 -4.500000
      vertex 75.500000 111.000000 -5.000000
      vertex 76.250000 111.000000 -5.000000
    endloop
  endfacet
endsolid OBJECT
