ISO-10303-21;
HEADER;
FILE_DESCRIPTION (('STEP'), '1');
FILE_NAME ('C:\\projects\\3dmodel\\ansicCase2mmWirelessSwitch.stp', '2026-02-18T16:15:53', ('Unknown'), ('Unknown'), 'HarmonyWare STEP v2.1.9', 'HarmonyWare Translators', '');
FILE_SCHEMA (('CONFIG_CONTROL_DESIGN'));
ENDSEC;

DATA;
#1 = (
   LENGTH_UNIT ()
   NAMED_UNIT (*)
   SI_UNIT ($, .METRE.)
);
#2 = (
   NAMED_UNIT (*)
   SI_UNIT ($, .STERADIAN.)
   SOLID_ANGLE_UNIT ()
);
#3 = (
   NAMED_UNIT (*)
   PLANE_ANGLE_UNIT ()
   SI_UNIT ($, .RADIAN.)
);
#4 = UNCERTAINTY_MEASURE_WITH_UNIT (LENGTH_MEASURE(0.001), #1, 'DISTANCE_ACCURACY_VALUE', '');
#5 = (
   GEOMETRIC_REPRESENTATION_CONTEXT (3)
   GLOBAL_UNCERTAINTY_ASSIGNED_CONTEXT ((#4))
   GLOBAL_UNIT_ASSIGNED_CONTEXT ((#1, #2, #3))
   REPRESENTATION_CONTEXT ('', '3D')
);
#6 = SHAPE_REPRESENTATION ('', (#2750, #5411), #5);
#7 = APPLICATION_CONTEXT ('configuration controlled 3D designs of mechanical parts and assemblies');
#8 = APPLICATION_PROTOCOL_DEFINITION ('International Standard', 'config_control_design', 1997, #7);
#9 = MECHANICAL_CONTEXT ('', #7, 'mechanical');
#10 = PRODUCT ('', '', '', (#9));
#11 = PERSON_AND_ORGANIZATION_ROLE ('design_owner');
#12 = PERSON ('#12', '', $, $, $, $);
#13 = ORGANIZATION ($, '', '');
#14 = PERSON_AND_ORGANIZATION (#12, #13);
#15 = CC_DESIGN_PERSON_AND_ORGANIZATION_ASSIGNMENT (#14, #11, (#10));
#16 = PRODUCT_RELATED_PRODUCT_CATEGORY ('detail', $, (#10));
#17 = PRODUCT_DEFINITION_FORMATION_WITH_SPECIFIED_SOURCE ('', '', #10, .NOT_KNOWN.);
#18 = APPROVAL_STATUS ('approved');
#19 = APPROVAL (#18, '');
#20 = CALENDAR_DATE (2026, 18, 2);
#21 = COORDINATED_UNIVERSAL_TIME_OFFSET (0, $, .AHEAD.);
#22 = LOCAL_TIME (16, 15, 53., #21);
#23 = DATE_AND_TIME (#20, #22);
#24 = APPROVAL_DATE_TIME (#23, #19);
#25 = APPROVAL_ROLE ('');
#26 = PERSON ('#26', '', $, $, $, $);
#27 = ORGANIZATION ($, '', '');
#28 = PERSON_AND_ORGANIZATION (#26, #27);
#29 = APPROVAL_PERSON_ORGANIZATION (#28, #19, #25);
#30 = CC_DESIGN_APPROVAL (#19, (#17));
#31 = PERSON_AND_ORGANIZATION_ROLE ('creator');
#32 = PERSON ('#32', '', $, $, $, $);
#33 = ORGANIZATION ($, '', '');
#34 = PERSON_AND_ORGANIZATION (#32, #33);
#35 = CC_DESIGN_PERSON_AND_ORGANIZATION_ASSIGNMENT (#34, #31, (#17));
#36 = PERSON_AND_ORGANIZATION_ROLE ('part_supplier');
#37 = PERSON ('#37', '', $, $, $, $);
#38 = ORGANIZATION ($, '', '');
#39 = PERSON_AND_ORGANIZATION (#37, #38);
#40 = CC_DESIGN_PERSON_AND_ORGANIZATION_ASSIGNMENT (#39, #36, (#17));
#41 = SECURITY_CLASSIFICATION_LEVEL ('unclassified');
#42 = SECURITY_CLASSIFICATION ('', '', #41);
#43 = APPROVAL_STATUS ('approved');
#44 = APPROVAL (#43, '');
#45 = CALENDAR_DATE (2026, 18, 2);
#46 = COORDINATED_UNIVERSAL_TIME_OFFSET (0, $, .AHEAD.);
#47 = LOCAL_TIME (16, 15, 53., #46);
#48 = DATE_AND_TIME (#45, #47);
#49 = APPROVAL_DATE_TIME (#48, #44);
#50 = APPROVAL_ROLE ('');
#51 = PERSON ('#51', '', $, $, $, $);
#52 = ORGANIZATION ($, '', '');
#53 = PERSON_AND_ORGANIZATION (#51, #52);
#54 = APPROVAL_PERSON_ORGANIZATION (#53, #44, #50);
#55 = CC_DESIGN_APPROVAL (#44, (#42));
#56 = DATE_TIME_ROLE ('classification_date');
#57 = CALENDAR_DATE (2026, 18, 2);
#58 = COORDINATED_UNIVERSAL_TIME_OFFSET (0, $, .AHEAD.);
#59 = LOCAL_TIME (16, 15, 53., #58);
#60 = DATE_AND_TIME (#57, #59);
#61 = CC_DESIGN_DATE_AND_TIME_ASSIGNMENT (#60, #56, (#42));
#62 = PERSON_AND_ORGANIZATION_ROLE ('classification_officer');
#63 = PERSON ('#63', '', $, $, $, $);
#64 = ORGANIZATION ($, '', '');
#65 = PERSON_AND_ORGANIZATION (#63, #64);
#66 = CC_DESIGN_PERSON_AND_ORGANIZATION_ASSIGNMENT (#65, #62, (#42));
#67 = CC_DESIGN_SECURITY_CLASSIFICATION (#42, (#17));
#68 = DESIGN_CONTEXT ('', #7, 'design');
#69 = APPROVAL_STATUS ('approved');
#70 = APPROVAL (#69, '');
#71 = CALENDAR_DATE (2026, 18, 2);
#72 = COORDINATED_UNIVERSAL_TIME_OFFSET (0, $, .AHEAD.);
#73 = LOCAL_TIME (16, 15, 53., #72);
#74 = DATE_AND_TIME (#71, #73);
#75 = APPROVAL_DATE_TIME (#74, #70);
#76 = APPROVAL_ROLE ('');
#77 = PERSON ('#77', '', $, $, $, $);
#78 = ORGANIZATION ($, '', '');
#79 = PERSON_AND_ORGANIZATION (#77, #78);
#80 = APPROVAL_PERSON_ORGANIZATION (#79, #70, #76);
#81 = CC_DESIGN_APPROVAL (#70, (*));
#82 = DATE_TIME_ROLE ('creation_date');
#83 = CALENDAR_DATE (2026, 18, 2);
#84 = COORDINATED_UNIVERSAL_TIME_OFFSET (0, $, .AHEAD.);
#85 = LOCAL_TIME (16, 15, 53., #84);
#86 = DATE_AND_TIME (#83, #85);
#87 = CC_DESIGN_DATE_AND_TIME_ASSIGNMENT (#86, #82, (*));
#88 = PERSON_AND_ORGANIZATION_ROLE ('creator');
#89 = PERSON ('#89', '', $, $, $, $);
#90 = ORGANIZATION ($, '', '');
#91 = PERSON_AND_ORGANIZATION (#89, #90);
#92 = CC_DESIGN_PERSON_AND_ORGANIZATION_ASSIGNMENT (#91, #88, (*));
#93 = PRODUCT_DEFINITION ('', '', #17, #68);
#94 = PRODUCT_DEFINITION_SHAPE ('', '', #93);
#95 = SHAPE_DEFINITION_REPRESENTATION (#94, #6);
#96 = CARTESIAN_POINT ('', (74.8446699141098, 114.315863991823, -2.24999999999768));
#97 = VERTEX_POINT ('', #96);
#98 = CARTESIAN_POINT ('', (75.0214466094066, 114.49264068712, -1.99999999999996));
#99 = VERTEX_POINT ('', #98);
#100 = CARTESIAN_POINT ('', (74.8446699141081, 114.315863991821, -2.25000000000012));
#101 = CARTESIAN_POINT ('', (75.0214466094067, 114.49264068712, -1.99999999999984));
#102 = B_SPLINE_CURVE_WITH_KNOTS ('', 1, (#100, #101), .UNSPECIFIED., .F., .U., (2, 2), (-0.282842712479007, 0.282842712473737), .UNSPECIFIED.);
#103 = EDGE_CURVE ('', #97, #99, #102, .T.);
#104 = ORIENTED_EDGE ('', *, *, #103, .T.);
#105 = CARTESIAN_POINT ('', (74.875, 114.846194077713, -2.00000000000003));
#106 = VERTEX_POINT ('', #105);
#107 = CARTESIAN_POINT ('', (75.0214466094066, 114.49264068712, -1.99999999999996));
#108 = CARTESIAN_POINT ('', (74.8749999999999, 114.639087296527, -1.99999999999998));
#109 = CARTESIAN_POINT ('', (74.875, 114.846194077713, -2.00000000000003));
#110 = (
   BOUNDED_CURVE ()
   B_SPLINE_CURVE (2, (#107, #108, #109), .UNSPECIFIED., .F., .U.)
   B_SPLINE_CURVE_WITH_KNOTS ((3, 3), (-6.62803145701218E-14, 0.785398163397583), .UNSPECIFIED.)
   CURVE ()
   GEOMETRIC_REPRESENTATION_ITEM ()
   RATIONAL_B_SPLINE_CURVE ((0.853553390593216, 0.853553390593209, 1.))
   REPRESENTATION_ITEM ('')
);
#111 = EDGE_CURVE ('', #99, #106, #110, .T.);
#112 = ORIENTED_EDGE ('', *, *, #111, .T.);
#113 = CARTESIAN_POINT ('', (74.6249999999999, 114.846194077713, -2.24999999999778));
#114 = VERTEX_POINT ('', #113);
#115 = CARTESIAN_POINT ('', (74.875, 114.846194077713, -2.00000000000003));
#116 = CARTESIAN_POINT ('', (74.6249999999999, 114.846194077713, -2.24999999999778));
#117 = B_SPLINE_CURVE_WITH_KNOTS ('', 1, (#115, #116), .UNSPECIFIED., .F., .U., (2, 2), (0., 0.0353553390591775), .UNSPECIFIED.);
#118 = EDGE_CURVE ('', #106, #114, #117, .T.);
#119 = ORIENTED_EDGE ('', *, *, #118, .T.);
#120 = CARTESIAN_POINT ('', (74.6249999999999, 114.846194077713, -2.24999999999778));
#121 = CARTESIAN_POINT ('', (74.6249999999998, 114.535533905933, -2.24999999999771));
#122 = CARTESIAN_POINT ('', (74.8446699141098, 114.315863991823, -2.24999999999768));
#123 = (
   BOUNDED_CURVE ()
   B_SPLINE_CURVE (2, (#120, #121, #122), .UNSPECIFIED., .F., .U.)
   B_SPLINE_CURVE_WITH_KNOTS ((3, 3), (-0.785398163397583, 4.13002965160558E-14), .UNSPECIFIED.)
   CURVE ()
   GEOMETRIC_REPRESENTATION_ITEM ()
   RATIONAL_B_SPLINE_CURVE ((1., 0.853553390593212, 0.853553390593211))
   REPRESENTATION_ITEM ('')
);
#124 = EDGE_CURVE ('', #114, #97, #123, .T.);
#125 = ORIENTED_EDGE ('', *, *, #124, .T.);
#126 = EDGE_LOOP ('', (#104, #112, #119, #125));
#127 = FACE_OUTER_BOUND ('', #126, .T.);
#128 = CARTESIAN_POINT ('', (74.8446699141081, 114.315863991821, -2.25000000000012));
#129 = CARTESIAN_POINT ('', (74.6249999999973, 114.535533905932, -2.25000000000016));
#130 = CARTESIAN_POINT ('', (74.6249999999974, 114.846194077713, -2.25000000000023));
#131 = CARTESIAN_POINT ('', (75.0214466094067, 114.49264068712, -1.99999999999984));
#132 = CARTESIAN_POINT ('', (74.875, 114.639087296527, -1.99999999999986));
#133 = CARTESIAN_POINT ('', (74.8750000000001, 114.846194077713, -1.99999999999991));
#134 = (
   BOUNDED_SURFACE ()
   B_SPLINE_SURFACE (1, 2, ((#128, #129, #130), (#131, #132, #133)), .UNSPECIFIED., .F., .F., .U.)
   B_SPLINE_SURFACE_WITH_KNOTS ((2, 2), (3, 3), (-0.282842712479007, 0.282842712473737), (0.196349540849319, 0.245436926061657), .UNSPECIFIED.)
   GEOMETRIC_REPRESENTATION_ITEM ()
   RATIONAL_B_SPLINE_SURFACE (((1., 0.85355339059325, 0.853553390593274), (1., 0.85355339059325, 0.853553390593274)))
   REPRESENTATION_ITEM ('')
   SURFACE ()
);
#135 = ADVANCED_FACE ('', (#127), #134, .T.);
#136 = CARTESIAN_POINT ('', (75.3749999999998, 114.346194077713, -1.99999999999995));
#137 = VERTEX_POINT ('', #136);
#138 = CARTESIAN_POINT ('', (75.3749999999998, 114.096194077713, -2.25000000000005));
#139 = VERTEX_POINT ('', #138);
#140 = CARTESIAN_POINT ('', (75.3749999999998, 114.346194077713, -1.99999999999995));
#141 = CARTESIAN_POINT ('', (75.3749999999998, 114.096194077713, -2.25000000000005));
#142 = B_SPLINE_CURVE_WITH_KNOTS ('', 1, (#140, #141), .UNSPECIFIED., .F., .U., (2, 2), (0., 0.0353553390593391), .UNSPECIFIED.);
#143 = EDGE_CURVE ('', #137, #139, #142, .T.);
#144 = ORIENTED_EDGE ('', *, *, #143, .T.);
#145 = CARTESIAN_POINT ('', (77.1249999999997, 114.096194077713, -2.25000000000019));
#146 = VERTEX_POINT ('', #145);
#147 = CARTESIAN_POINT ('', (75.3749999999998, 114.096194077713, -2.25000000000005));
#148 = CARTESIAN_POINT ('', (77.1249999999997, 114.096194077713, -2.25000000000019));
#149 = B_SPLINE_CURVE_WITH_KNOTS ('', 1, (#147, #148), .UNSPECIFIED., .F., .U., (2, 2), (-0.774045046079941, -0.599045046079945), .UNSPECIFIED.);
#150 = EDGE_CURVE ('', #139, #146, #149, .T.);
#151 = ORIENTED_EDGE ('', *, *, #150, .T.);
#152 = CARTESIAN_POINT ('', (77.1249999999997, 114.346194077713, -2.00000000000008));
#153 = VERTEX_POINT ('', #152);
#154 = CARTESIAN_POINT ('', (77.1249999999997, 114.096194077713, -2.25000000000019));
#155 = CARTESIAN_POINT ('', (77.1249999999997, 114.346194077713, -2.00000000000008));
#156 = B_SPLINE_CURVE_WITH_KNOTS ('', 1, (#154, #155), .UNSPECIFIED., .F., .U., (2, 2), (0., 0.0353553390593382), .UNSPECIFIED.);
#157 = EDGE_CURVE ('', #146, #153, #156, .T.);
#158 = ORIENTED_EDGE ('', *, *, #157, .T.);
#159 = CARTESIAN_POINT ('', (77.1249999999997, 114.346194077713, -2.00000000000008));
#160 = CARTESIAN_POINT ('', (75.3749999999998, 114.346194077713, -1.99999999999995));
#161 = B_SPLINE_CURVE_WITH_KNOTS ('', 1, (#159, #160), .UNSPECIFIED., .F., .U., (2, 2), (0.599045046079945, 0.774045046079941), .UNSPECIFIED.);
#162 = EDGE_CURVE ('', #153, #137, #161, .T.);
#163 = ORIENTED_EDGE ('', *, *, #162, .T.);
#164 = EDGE_LOOP ('', (#144, #151, #158, #163));
#165 = FACE_OUTER_BOUND ('', #164, .T.);
#166 = CARTESIAN_POINT ('', (75.3749999999997, 114.096194077713, -2.25000000000013));
#167 = CARTESIAN_POINT ('', (75.3749999999998, 114.346194077713, -1.99999999999978));
#168 = CARTESIAN_POINT ('', (77.1249999999997, 114.096194077713, -2.25000000000037));
#169 = CARTESIAN_POINT ('', (77.1249999999998, 114.346194077713, -2.00000000000002));
#170 = B_SPLINE_SURFACE_WITH_KNOTS ('', 1, 1, ((#166, #167), (#168, #169)), .UNSPECIFIED., .F., .F., .U., (2, 2), (2, 2), (-0.774045046079943, -0.599045046079944), (-0.0176776695297465, 0.0176776695296266), .UNSPECIFIED.);
#171 = ADVANCED_FACE ('', (#165), #170, .T.);
#172 = CARTESIAN_POINT ('', (77.6553300858896, 114.315863991823, -2.24999999999517));
#173 = VERTEX_POINT ('', #172);
#174 = CARTESIAN_POINT ('', (77.478553390593, 114.49264068712, -2.00000000000014));
#175 = VERTEX_POINT ('', #174);
#176 = CARTESIAN_POINT ('', (77.6553300858932, 114.31586399182, -2.25000000000028));
#177 = CARTESIAN_POINT ('', (77.4785533905929, 114.49264068712, -1.99999999999997));
#178 = B_SPLINE_CURVE_WITH_KNOTS ('', 1, (#176, #177), .UNSPECIFIED., .F., .U., (2, 2), (-0.282842712483314, 0.282842712472139), .UNSPECIFIED.);
#179 = EDGE_CURVE ('', #173, #175, #178, .T.);
#180 = ORIENTED_EDGE ('', *, *, #179, .T.);
#181 = CARTESIAN_POINT ('', (77.478553390593, 114.49264068712, -2.00000000000014));
#182 = CARTESIAN_POINT ('', (77.3321067811863, 114.346194077713, -2.0000000000001));
#183 = CARTESIAN_POINT ('', (77.1249999999997, 114.346194077713, -2.00000000000008));
#184 = (
   BOUNDED_CURVE ()
   B_SPLINE_CURVE (2, (#181, #182, #183), .UNSPECIFIED., .F., .U.)
   B_SPLINE_CURVE_WITH_KNOTS ((3, 3), (-1.06026298851702E-13, 0.785398163397412), .UNSPECIFIED.)
   CURVE ()
   GEOMETRIC_REPRESENTATION_ITEM ()
   RATIONAL_B_SPLINE_CURVE ((0.853553390593302, 0.853553390593274, 1.))
   REPRESENTATION_ITEM ('')
);
#185 = EDGE_CURVE ('', #175, #153, #184, .T.);
#186 = ORIENTED_EDGE ('', *, *, #185, .T.);
#187 = ORIENTED_EDGE ('', *, *, #157, .F.);
#188 = CARTESIAN_POINT ('', (77.1249999999997, 114.096194077713, -2.24999999999508));
#189 = CARTESIAN_POINT ('', (77.4356601717796, 114.096194077713, -2.2499999999951));
#190 = CARTESIAN_POINT ('', (77.6553300858896, 114.315863991823, -2.24999999999517));
#191 = (
   BOUNDED_CURVE ()
   B_SPLINE_CURVE (2, (#188, #189, #190), .UNSPECIFIED., .F., .U.)
   B_SPLINE_CURVE_WITH_KNOTS ((3, 3), (-0.785398163397453, 7.70494779089859E-14), .UNSPECIFIED.)
   CURVE ()
   GEOMETRIC_REPRESENTATION_ITEM ()
   RATIONAL_B_SPLINE_CURVE ((1., 0.853553390593268, 0.853553390593294))
   REPRESENTATION_ITEM ('')
);
#192 = EDGE_CURVE ('', #146, #173, #191, .T.);
#193 = ORIENTED_EDGE ('', *, *, #192, .T.);
#194 = EDGE_LOOP ('', (#180, #186, #187, #193));
#195 = FACE_OUTER_BOUND ('', #194, .T.);
#196 = CARTESIAN_POINT ('', (77.6553300858932, 114.31586399182, -2.25000000000028));
#197 = CARTESIAN_POINT ('', (77.4356601717816, 114.096194077708, -2.25000000000021));
#198 = CARTESIAN_POINT ('', (77.1249999999997, 114.096194077708, -2.25000000000019));
#199 = CARTESIAN_POINT ('', (77.4785533905929, 114.49264068712, -1.99999999999997));
#200 = CARTESIAN_POINT ('', (77.3321067811862, 114.346194077713, -1.99999999999993));
#201 = CARTESIAN_POINT ('', (77.1249999999997, 114.346194077713, -1.99999999999991));
#202 = (
   BOUNDED_SURFACE ()
   B_SPLINE_SURFACE (1, 2, ((#196, #197, #198), (#199, #200, #201)), .UNSPECIFIED., .F., .F., .U.)
   B_SPLINE_SURFACE_WITH_KNOTS ((2, 2), (3, 3), (-0.282842712483314, 0.282842712472139), (0.196349540849352, 0.24543692606169), .UNSPECIFIED.)
   GEOMETRIC_REPRESENTATION_ITEM ()
   RATIONAL_B_SPLINE_SURFACE (((1., 0.853553390593274, 0.853553390593274), (1., 0.853553390593274, 0.853553390593274)))
   REPRESENTATION_ITEM ('')
   SURFACE ()
);
#203 = ADVANCED_FACE ('', (#195), #202, .T.);
#204 = CARTESIAN_POINT ('', (77.6249999999998, 116.346194077713, -2.00000000000058));
#205 = VERTEX_POINT ('', #204);
#206 = CARTESIAN_POINT ('', (77.8749999999997, 116.346194077713, -2.24999999999897));
#207 = VERTEX_POINT ('', #206);
#208 = CARTESIAN_POINT ('', (77.6249999999998, 116.346194077713, -2.00000000000058));
#209 = CARTESIAN_POINT ('', (77.8749999999997, 116.346194077713, -2.24999999999897));
#210 = B_SPLINE_CURVE_WITH_KNOTS ('', 1, (#208, #209), .UNSPECIFIED., .F., .U., (2, 2), (0., 0.0353553390592087), .UNSPECIFIED.);
#211 = EDGE_CURVE ('', #205, #207, #210, .T.);
#212 = ORIENTED_EDGE ('', *, *, #211, .F.);
#213 = CARTESIAN_POINT ('', (77.6249999999997, 114.846194077713, -2.00000000000024));
#214 = VERTEX_POINT ('', #213);
#215 = CARTESIAN_POINT ('', (77.6249999999997, 116.346194077713, -2.00000000000058));
#216 = CARTESIAN_POINT ('', (77.6249999999997, 114.846194077713, -2.00000000000024));
#217 = B_SPLINE_CURVE_WITH_KNOTS ('', 1, (#215, #216), .UNSPECIFIED., .F., .U., (2, 2), (0.330295046079993, 0.480295046079995), .UNSPECIFIED.);
#218 = EDGE_CURVE ('', #205, #214, #217, .T.);
#219 = ORIENTED_EDGE ('', *, *, #218, .T.);
#220 = CARTESIAN_POINT ('', (77.8749999999997, 114.846194077713, -2.24999999999531));
#221 = VERTEX_POINT ('', #220);
#222 = CARTESIAN_POINT ('', (77.8749999999997, 114.846194077713, -2.24999999999531));
#223 = CARTESIAN_POINT ('', (77.6249999999997, 114.846194077713, -2.00000000000024));
#224 = B_SPLINE_CURVE_WITH_KNOTS ('', 1, (#222, #223), .UNSPECIFIED., .F., .U., (2, 2), (0., 0.0353553390589821), .UNSPECIFIED.);
#225 = EDGE_CURVE ('', #221, #214, #224, .T.);
#226 = ORIENTED_EDGE ('', *, *, #225, .F.);
#227 = CARTESIAN_POINT ('', (77.8749999999997, 114.846194077713, -2.25000000000017));
#228 = CARTESIAN_POINT ('', (77.8749999999997, 116.346194077713, -2.25000000000052));
#229 = B_SPLINE_CURVE_WITH_KNOTS ('', 1, (#227, #228), .UNSPECIFIED., .F., .U., (2, 2), (-0.480295046079995, -0.330295046079993), .UNSPECIFIED.);
#230 = EDGE_CURVE ('', #221, #207, #229, .T.);
#231 = ORIENTED_EDGE ('', *, *, #230, .T.);
#232 = EDGE_LOOP ('', (#212, #219, #226, #231));
#233 = FACE_OUTER_BOUND ('', #232, .T.);
#234 = CARTESIAN_POINT ('', (77.6249999999997, 114.846194077713, -2.00000000000021));
#235 = CARTESIAN_POINT ('', (77.6249999999995, 116.346194077713, -2.00000000000039));
#236 = CARTESIAN_POINT ('', (77.8749999999999, 114.846194077713, -2.25000000000036));
#237 = CARTESIAN_POINT ('', (77.8749999999997, 116.346194077713, -2.25000000000055));
#238 = B_SPLINE_SURFACE_WITH_KNOTS ('', 1, 1, ((#234, #235), (#236, #237)), .UNSPECIFIED., .F., .F., .U., (2, 2), (2, 2), (-0.0176776695297368, 0.0176776695296141), (-0.480295046080001, -0.330295046079987), .UNSPECIFIED.);
#239 = ADVANCED_FACE ('', (#233), #238, .T.);
#240 = CARTESIAN_POINT ('', (77.6553300858895, 116.876524163603, -2.24999999999908));
#241 = VERTEX_POINT ('', #240);
#242 = CARTESIAN_POINT ('', (77.4785533905931, 116.699747468306, -2.00000000000065));
#243 = VERTEX_POINT ('', #242);
#244 = CARTESIAN_POINT ('', (77.6553300858897, 116.876524163603, -2.24999999999925));
#245 = CARTESIAN_POINT ('', (77.4785533905929, 116.699747468306, -2.00000000000046));
#246 = B_SPLINE_CURVE_WITH_KNOTS ('', 1, (#244, #245), .UNSPECIFIED., .F., .U., (2, 2), (-0.282842712474066, 0.282842712474109), .UNSPECIFIED.);
#247 = EDGE_CURVE ('', #241, #243, #246, .T.);
#248 = ORIENTED_EDGE ('', *, *, #247, .T.);
#249 = CARTESIAN_POINT ('', (77.4785533905931, 116.699747468306, -2.00000000000065));
#250 = CARTESIAN_POINT ('', (77.6249999999997, 116.5533008589, -2.00000000000063));
#251 = CARTESIAN_POINT ('', (77.6249999999998, 116.346194077713, -2.00000000000058));
#252 = (
   BOUNDED_CURVE ()
   B_SPLINE_CURVE (2, (#249, #250, #251), .UNSPECIFIED., .F., .U.)
   B_SPLINE_CURVE_WITH_KNOTS ((3, 3), (1.67754699020861E-13, 0.785398163397431), .UNSPECIFIED.)
   CURVE ()
   GEOMETRIC_REPRESENTATION_ITEM ()
   RATIONAL_B_SPLINE_CURVE ((0.853553390593287, 0.853553390593314, 1.))
   REPRESENTATION_ITEM ('')
);
#253 = EDGE_CURVE ('', #243, #205, #252, .T.);
#254 = ORIENTED_EDGE ('', *, *, #253, .T.);
#255 = ORIENTED_EDGE ('', *, *, #211, .T.);
#256 = CARTESIAN_POINT ('', (77.8749999999997, 116.346194077713, -2.24999999999897));
#257 = CARTESIAN_POINT ('', (77.8749999999997, 116.656854249493, -2.24999999999904));
#258 = CARTESIAN_POINT ('', (77.6553300858895, 116.876524163603, -2.24999999999908));
#259 = (
   BOUNDED_CURVE ()
   B_SPLINE_CURVE (2, (#256, #257, #258), .UNSPECIFIED., .F., .U.)
   B_SPLINE_CURVE_WITH_KNOTS ((3, 3), (-0.785398163397431, 1.27786670134356E-13), .UNSPECIFIED.)
   CURVE ()
   GEOMETRIC_REPRESENTATION_ITEM ()
   RATIONAL_B_SPLINE_CURVE ((1., 0.853553390593259, 0.853553390593286))
   REPRESENTATION_ITEM ('')
);
#260 = EDGE_CURVE ('', #207, #241, #259, .T.);
#261 = ORIENTED_EDGE ('', *, *, #260, .T.);
#262 = EDGE_LOOP ('', (#248, #254, #255, #261));
#263 = FACE_OUTER_BOUND ('', #262, .T.);
#264 = CARTESIAN_POINT ('', (77.6553300858897, 116.876524163603, -2.24999999999925));
#265 = CARTESIAN_POINT ('', (77.8749999999998, 116.656854249493, -2.24999999999922));
#266 = CARTESIAN_POINT ('', (77.8749999999999, 116.346194077713, -2.24999999999914));
#267 = CARTESIAN_POINT ('', (77.4785533905929, 116.699747468306, -2.00000000000046));
#268 = CARTESIAN_POINT ('', (77.6249999999996, 116.5533008589, -2.00000000000044));
#269 = CARTESIAN_POINT ('', (77.6249999999996, 116.346194077713, -2.00000000000039));
#270 = (
   BOUNDED_SURFACE ()
   B_SPLINE_SURFACE (1, 2, ((#264, #265, #266), (#267, #268, #269)), .UNSPECIFIED., .F., .F., .U.)
   B_SPLINE_SURFACE_WITH_KNOTS ((2, 2), (3, 3), (-0.282842712474066, 0.282842712474109), (0.196349540849359, 0.245436926061698), .UNSPECIFIED.)
   GEOMETRIC_REPRESENTATION_ITEM ()
   RATIONAL_B_SPLINE_SURFACE (((1., 0.853553390593277, 0.853553390593274), (1., 0.853553390593277, 0.853553390593274)))
   REPRESENTATION_ITEM ('')
   SURFACE ()
);
#271 = ADVANCED_FACE ('', (#263), #270, .T.);
#272 = CARTESIAN_POINT ('', (77.1249999999997, 117.096194077713, -2.24999999999909));
#273 = VERTEX_POINT ('', #272);
#274 = CARTESIAN_POINT ('', (77.1249999999997, 116.846194077713, -2.00000000000066));
#275 = VERTEX_POINT ('', #274);
#276 = CARTESIAN_POINT ('', (77.1249999999997, 117.096194077713, -2.24999999999909));
#277 = CARTESIAN_POINT ('', (77.1249999999997, 116.846194077713, -2.00000000000066));
#278 = B_SPLINE_CURVE_WITH_KNOTS ('', 1, (#276, #277), .UNSPECIFIED., .F., .U., (2, 2), (0., 0.0353553390592135), .UNSPECIFIED.);
#279 = EDGE_CURVE ('', #273, #275, #278, .T.);
#280 = ORIENTED_EDGE ('', *, *, #279, .F.);
#281 = CARTESIAN_POINT ('', (75.3749999999997, 117.096194077713, -2.25000000000069));
#282 = VERTEX_POINT ('', #281);
#283 = CARTESIAN_POINT ('', (77.1249999999997, 117.096194077713, -2.25000000000083));
#284 = CARTESIAN_POINT ('', (75.3749999999997, 117.096194077713, -2.25000000000069));
#285 = B_SPLINE_CURVE_WITH_KNOTS ('', 1, (#283, #284), .UNSPECIFIED., .F., .U., (2, 2), (-1.58845495392002, -1.41345495392002), .UNSPECIFIED.);
#286 = EDGE_CURVE ('', #273, #282, #285, .T.);
#287 = ORIENTED_EDGE ('', *, *, #286, .T.);
#288 = CARTESIAN_POINT ('', (75.3749999999998, 116.846194077713, -2.00000000000053));
#289 = VERTEX_POINT ('', #288);
#290 = CARTESIAN_POINT ('', (75.3749999999997, 117.096194077713, -2.25000000000069));
#291 = CARTESIAN_POINT ('', (75.3749999999998, 116.846194077713, -2.00000000000053));
#292 = B_SPLINE_CURVE_WITH_KNOTS ('', 1, (#290, #291), .UNSPECIFIED., .F., .U., (2, 2), (0., 0.0353553390593356), .UNSPECIFIED.);
#293 = EDGE_CURVE ('', #282, #289, #292, .T.);
#294 = ORIENTED_EDGE ('', *, *, #293, .T.);
#295 = CARTESIAN_POINT ('', (75.3749999999998, 116.846194077713, -2.00000000000053));
#296 = CARTESIAN_POINT ('', (77.1249999999997, 116.846194077713, -2.00000000000066));
#297 = B_SPLINE_CURVE_WITH_KNOTS ('', 1, (#295, #296), .UNSPECIFIED., .F., .U., (2, 2), (1.41345495392002, 1.58845495392002), .UNSPECIFIED.);
#298 = EDGE_CURVE ('', #289, #275, #297, .T.);
#299 = ORIENTED_EDGE ('', *, *, #298, .T.);
#300 = EDGE_LOOP ('', (#280, #287, #294, #299));
#301 = FACE_OUTER_BOUND ('', #300, .T.);
#302 = CARTESIAN_POINT ('', (75.3749999999998, 116.846194077713, -2.0000000000005));
#303 = CARTESIAN_POINT ('', (75.3749999999997, 117.096194077713, -2.2500000000008));
#304 = CARTESIAN_POINT ('', (77.1249999999997, 116.846194077713, -2.00000000000056));
#305 = CARTESIAN_POINT ('', (77.1249999999997, 117.096194077713, -2.25000000000087));
#306 = B_SPLINE_SURFACE_WITH_KNOTS ('', 1, 1, ((#302, #303), (#304, #305)), .UNSPECIFIED., .F., .F., .U., (2, 2), (2, 2), (1.41345495392002, 1.58845495392002), (-0.0176776695295903, 0.0176776695297639), .UNSPECIFIED.);
#307 = ADVANCED_FACE ('', (#301), #306, .T.);
#308 = CARTESIAN_POINT ('', (74.8446699141098, 116.876524163603, -2.25000000000256));
#309 = VERTEX_POINT ('', #308);
#310 = CARTESIAN_POINT ('', (75.0214466094064, 116.699747468306, -2.00000000000047));
#311 = VERTEX_POINT ('', #310);
#312 = CARTESIAN_POINT ('', (74.8446699141097, 116.876524163603, -2.25000000000279));
#313 = CARTESIAN_POINT ('', (75.0214466094066, 116.699747468306, -2.00000000000025));
#314 = B_SPLINE_CURVE_WITH_KNOTS ('', 1, (#312, #313), .UNSPECIFIED., .F., .U., (2, 2), (-0.282842712476288, 0.282842712476245), .UNSPECIFIED.);
#315 = EDGE_CURVE ('', #309, #311, #314, .T.);
#316 = ORIENTED_EDGE ('', *, *, #315, .T.);
#317 = CARTESIAN_POINT ('', (75.0214466094064, 116.699747468306, -2.00000000000047));
#318 = CARTESIAN_POINT ('', (75.1678932188131, 116.846194077713, -2.00000000000051));
#319 = CARTESIAN_POINT ('', (75.3749999999998, 116.846194077713, -2.00000000000053));
#320 = (
   BOUNDED_CURVE ()
   B_SPLINE_CURVE (2, (#317, #318, #319), .UNSPECIFIED., .F., .U.)
   B_SPLINE_CURVE_WITH_KNOTS ((3, 3), (-2.1627144519698E-13, 0.785398163397473), .UNSPECIFIED.)
   CURVE ()
   GEOMETRIC_REPRESENTATION_ITEM ()
   RATIONAL_B_SPLINE_CURVE ((0.853553390593282, 0.853553390593233, 1.))
   REPRESENTATION_ITEM ('')
);
#321 = EDGE_CURVE ('', #311, #289, #320, .T.);
#322 = ORIENTED_EDGE ('', *, *, #321, .T.);
#323 = ORIENTED_EDGE ('', *, *, #293, .F.);
#324 = CARTESIAN_POINT ('', (75.3749999999997, 117.096194077713, -2.25000000000265));
#325 = CARTESIAN_POINT ('', (75.0643398282199, 117.096194077713, -2.25000000000263));
#326 = CARTESIAN_POINT ('', (74.8446699141098, 116.876524163603, -2.25000000000256));
#327 = (
   BOUNDED_CURVE ()
   B_SPLINE_CURVE (2, (#324, #325, #326), .UNSPECIFIED., .F., .U.)
   B_SPLINE_CURVE_WITH_KNOTS ((3, 3), (-0.78539816339747, 7.09432512735475E-14), .UNSPECIFIED.)
   CURVE ()
   GEOMETRIC_REPRESENTATION_ITEM ()
   RATIONAL_B_SPLINE_CURVE ((1., 0.853553390593261, 0.853553390593283))
   REPRESENTATION_ITEM ('')
);
#328 = EDGE_CURVE ('', #282, #309, #327, .T.);
#329 = ORIENTED_EDGE ('', *, *, #328, .T.);
#330 = EDGE_LOOP ('', (#316, #322, #323, #329));
#331 = FACE_OUTER_BOUND ('', #330, .T.);
#332 = CARTESIAN_POINT ('', (74.8446699141097, 116.876524163603, -2.25000000000279));
#333 = CARTESIAN_POINT ('', (75.0643398282198, 117.096194077713, -2.25000000000286));
#334 = CARTESIAN_POINT ('', (75.3749999999997, 117.096194077713, -2.25000000000288));
#335 = CARTESIAN_POINT ('', (75.0214466094066, 116.699747468306, -2.00000000000025));
#336 = CARTESIAN_POINT ('', (75.1678932188133, 116.846194077713, -2.0000000000003));
#337 = CARTESIAN_POINT ('', (75.3749999999998, 116.846194077713, -2.00000000000032));
#338 = (
   BOUNDED_SURFACE ()
   B_SPLINE_SURFACE (1, 2, ((#332, #333, #334), (#335, #336, #337)), .UNSPECIFIED., .F., .F., .U.)
   B_SPLINE_SURFACE_WITH_KNOTS ((2, 2), (3, 3), (-0.282842712476288, 0.282842712476245), (0.196349540849351, 0.24543692606169), .UNSPECIFIED.)
   GEOMETRIC_REPRESENTATION_ITEM ()
   RATIONAL_B_SPLINE_SURFACE (((1., 0.85355339059327, 0.853553390593274), (1., 0.85355339059327, 0.853553390593274)))
   REPRESENTATION_ITEM ('')
   SURFACE ()
);
#339 = ADVANCED_FACE ('', (#331), #338, .T.);
#340 = CARTESIAN_POINT ('', (74.625, 116.346194077714, -2.50000000000053));
#341 = VERTEX_POINT ('', #340);
#342 = CARTESIAN_POINT ('', (75.375, 117.096194077713, -2.50000000000099));
#343 = VERTEX_POINT ('', #342);
#344 = CARTESIAN_POINT ('', (74.6249999999997, 116.346194077713, -2.50000000000052));
#345 = CARTESIAN_POINT ('', (74.6249999999997, 116.357242621169, -2.50000000000052));
#346 = CARTESIAN_POINT ('', (74.625488405251, 116.379542240299, -2.50000000000053));
#347 = CARTESIAN_POINT ('', (74.6277644514448, 116.413513792149, -2.50000000000053));
#348 = CARTESIAN_POINT ('', (74.6316567002101, 116.447912027923, -2.50000000000054));
#349 = CARTESIAN_POINT ('', (74.6372310267059, 116.482631825433, -2.50000000000054));
#350 = CARTESIAN_POINT ('', (74.6445450350901, 116.517558872477, -2.50000000000055));
#351 = CARTESIAN_POINT ('', (74.6536466782395, 116.552570381765, -2.50000000000056));
#352 = CARTESIAN_POINT ('', (74.6645729401085, 116.587536033544, -2.50000000000057));
#353 = CARTESIAN_POINT ('', (74.6773486165374, 116.622319144056, -2.50000000000058));
#354 = CARTESIAN_POINT ('', (74.6919852389593, 116.65677804954, -2.50000000000059));
#355 = CARTESIAN_POINT ('', (74.7084801827183, 116.69076768647, -2.5000000000006));
#356 = CARTESIAN_POINT ('', (74.7268159994318, 116.724141339611, -2.50000000000061));
#357 = CARTESIAN_POINT ('', (74.7469600076893, 116.756752520802, -2.50000000000062));
#358 = CARTESIAN_POINT ('', (74.7688641693252, 116.788456933694, -2.50000000000064));
#359 = CARTESIAN_POINT ('', (74.7924652695175, 116.819114473553, -2.50000000000065));
#360 = CARTESIAN_POINT ('', (74.8176854085163, 116.848591207169, -2.50000000000067));
#361 = CARTESIAN_POINT ('', (74.8444328013998, 116.876761276313, -2.50000000000069));
#362 = CARTESIAN_POINT ('', (74.8726028705434, 116.903508669197, -2.5000000000007));
#363 = CARTESIAN_POINT ('', (74.9020796041599, 116.928728808195, -2.50000000000072));
#364 = CARTESIAN_POINT ('', (74.9327371440187, 116.952329908388, -2.50000000000074));
#365 = CARTESIAN_POINT ('', (74.9644415569111, 116.974234070023, -2.50000000000076));
#366 = CARTESIAN_POINT ('', (74.9970527381021, 116.994378078281, -2.50000000000078));
#367 = CARTESIAN_POINT ('', (75.0304263912428, 117.012713894994, -2.50000000000079));
#368 = CARTESIAN_POINT ('', (75.0644160281729, 117.029208838754, -2.50000000000081));
#369 = CARTESIAN_POINT ('', (75.0988749336571, 117.043845461175, -2.50000000000083));
#370 = CARTESIAN_POINT ('', (75.1336580441688, 117.056621137604, -2.50000000000085));
#371 = CARTESIAN_POINT ('', (75.1686236959475, 117.067547399473, -2.50000000000087));
#372 = CARTESIAN_POINT ('', (75.2036352052356, 117.076649042623, -2.50000000000089));
#373 = CARTESIAN_POINT ('', (75.2385622522796, 117.083963051007, -2.50000000000091));
#374 = CARTESIAN_POINT ('', (75.2732820497897, 117.089537377503, -2.50000000000093));
#375 = CARTESIAN_POINT ('', (75.3076802855637, 117.093429626268, -2.50000000000094));
#376 = CARTESIAN_POINT ('', (75.3416518374143, 117.095705672462, -2.50000000000096));
#377 = CARTESIAN_POINT ('', (75.3639514565437, 117.096194077713, -2.50000000000097));
#378 = CARTESIAN_POINT ('', (75.3749999999997, 117.096194077713, -2.50000000000098));
#379 = B_SPLINE_CURVE_WITH_KNOTS ('', 3, (#344, #345, #346, #347, #348, #349, #350, #351, #352, #353, #354, #355, #356, #357, #358, #359, #360, #361, #362, #363, #364, #365, #366, #367, #368, #369, #370, #371, #372, #373, #374, #375, #376, #377, #378), .UNSPECIFIED., .F., .U., (4, 1, 1, 1, 1, 1, 1, 1, 1, 1, 1, 1, 1, 1, 1, 1, 1, 1, 1, 1, 1, 1, 1, 1, 1, 1, 1, 1, 1, 1, 1, 1, 4), (13., 13.03125, 13.0625, 13.09375, 13.125, 13.15625, 13.1875, 13.21875, 13.25, 13.28125, 13.3125, 13.34375, 13.375, 13.40625, 13.4375, 13.46875, 13.5, 13.53125, 13.5625, 13.59375, 13.625, 13.65625, 13.6875, 13.71875, 13.75, 13.78125, 13.8125, 13.84375, 13.875, 13.90625, 13.9375, 13.96875, 14.), .UNSPECIFIED.);
#380 = EDGE_CURVE ('', #341, #343, #379, .T.);
#381 = ORIENTED_EDGE ('', *, *, #380, .F.);
#382 = CARTESIAN_POINT ('', (74.6249999999997, 116.346194077713, -2.25000000000023));
#383 = VERTEX_POINT ('', #382);
#384 = CARTESIAN_POINT ('', (74.6249999999997, 116.346194077713, -2.50000000000052));
#385 = CARTESIAN_POINT ('', (74.6249999999997, 116.346194077713, -2.25000000000242));
#386 = B_SPLINE_CURVE_WITH_KNOTS ('', 1, (#384, #385), .UNSPECIFIED., .F., .U., (2, 2), (0., 0.499999999996202), .UNSPECIFIED.);
#387 = EDGE_CURVE ('', #341, #383, #386, .T.);
#388 = ORIENTED_EDGE ('', *, *, #387, .T.);
#389 = CARTESIAN_POINT ('', (74.8446699141098, 116.876524163603, -2.25000000000256));
#390 = CARTESIAN_POINT ('', (74.6249999999998, 116.656854249493, -2.2500000000025));
#391 = CARTESIAN_POINT ('', (74.6249999999998, 116.346194077713, -2.25000000000242));
#392 = (
   BOUNDED_CURVE ()
   B_SPLINE_CURVE (2, (#389, #390, #391), .UNSPECIFIED., .F., .U.)
   B_SPLINE_CURVE_WITH_KNOTS ((3, 3), (7.09432512735475E-14, 0.785398163397379), .UNSPECIFIED.)
   CURVE ()
   GEOMETRIC_REPRESENTATION_ITEM ()
   RATIONAL_B_SPLINE_CURVE ((0.853553390593283, 0.853553390593304, 1.))
   REPRESENTATION_ITEM ('')
);
#393 = EDGE_CURVE ('', #309, #383, #392, .T.);
#394 = ORIENTED_EDGE ('', *, *, #393, .F.);
#395 = ORIENTED_EDGE ('', *, *, #328, .F.);
#396 = CARTESIAN_POINT ('', (75.3749999999997, 117.096194077713, -2.50000000000098));
#397 = CARTESIAN_POINT ('', (75.3749999999997, 117.096194077713, -2.25000000000265));
#398 = B_SPLINE_CURVE_WITH_KNOTS ('', 1, (#396, #397), .UNSPECIFIED., .F., .U., (2, 2), (0., 0.49999999999665), .UNSPECIFIED.);
#399 = EDGE_CURVE ('', #343, #282, #398, .T.);
#400 = ORIENTED_EDGE ('', *, *, #399, .F.);
#401 = EDGE_LOOP ('', (#381, #388, #394, #395, #400));
#402 = FACE_OUTER_BOUND ('', #401, .T.);
#403 = CARTESIAN_POINT ('', (75.3749999999998, 117.096194077713, -2.25000000000023));
#404 = CARTESIAN_POINT ('', (74.6249999999998, 117.096194077713, -2.24999999999985));
#405 = CARTESIAN_POINT ('', (74.6249999999998, 116.346194077713, -2.24999999999965));
#406 = CARTESIAN_POINT ('', (75.3749999999996, 117.096194077713, -2.50000000000111));
#407 = CARTESIAN_POINT ('', (74.6249999999997, 117.096194077713, -2.50000000000073));
#408 = CARTESIAN_POINT ('', (74.6249999999997, 116.346194077713, -2.50000000000053));
#409 = (
   BOUNDED_SURFACE ()
   B_SPLINE_SURFACE (1, 2, ((#403, #404, #405), (#406, #407, #408)), .UNSPECIFIED., .F., .F., .U.)
   B_SPLINE_SURFACE_WITH_KNOTS ((2, 2), (3, 3), (-0.0250000000000883, 0.), (0., 0.117809724509606), .UNSPECIFIED.)
   GEOMETRIC_REPRESENTATION_ITEM ()
   RATIONAL_B_SPLINE_SURFACE (((1., 0.707106781186547, 1.), (1., 0.707106781186547, 1.)))
   REPRESENTATION_ITEM ('')
   SURFACE ()
);
#410 = ADVANCED_FACE ('', (#402), #409, .T.);
#411 = CARTESIAN_POINT ('', (74.6249999999999, 116.346194077713, -3.00000000000052));
#412 = VERTEX_POINT ('', #411);
#413 = CARTESIAN_POINT ('', (75.3749999999999, 117.096194077713, -3.00000000000097));
#414 = VERTEX_POINT ('', #413);
#415 = CARTESIAN_POINT ('', (74.6249999999997, 116.346194077713, -3.00000000000052));
#416 = CARTESIAN_POINT ('', (74.6249999999997, 116.357242621169, -3.00000000000052));
#417 = CARTESIAN_POINT ('', (74.6254884052509, 116.379542240298, -3.00000000000052));
#418 = CARTESIAN_POINT ('', (74.6277644514448, 116.413513792149, -3.00000000000053));
#419 = CARTESIAN_POINT ('', (74.6316567002101, 116.447912027923, -3.00000000000054));
#420 = CARTESIAN_POINT ('', (74.6372310267058, 116.482631825433, -3.00000000000054));
#421 = CARTESIAN_POINT ('', (74.6445450350901, 116.517558872477, -3.00000000000055));
#422 = CARTESIAN_POINT ('', (74.6536466782395, 116.552570381765, -3.00000000000056));
#423 = CARTESIAN_POINT ('', (74.6645729401084, 116.587536033544, -3.00000000000056));
#424 = CARTESIAN_POINT ('', (74.6773486165374, 116.622319144056, -3.00000000000057));
#425 = CARTESIAN_POINT ('', (74.6919852389592, 116.65677804954, -3.00000000000059));
#426 = CARTESIAN_POINT ('', (74.7084801827183, 116.69076768647, -3.0000000000006));
#427 = CARTESIAN_POINT ('', (74.7268159994318, 116.724141339611, -3.00000000000061));
#428 = CARTESIAN_POINT ('', (74.7469600076893, 116.756752520802, -3.00000000000062));
#429 = CARTESIAN_POINT ('', (74.7688641693252, 116.788456933694, -3.00000000000064));
#430 = CARTESIAN_POINT ('', (74.7924652695175, 116.819114473553, -3.00000000000065));
#431 = CARTESIAN_POINT ('', (74.8176854085162, 116.848591207169, -3.00000000000067));
#432 = CARTESIAN_POINT ('', (74.8444328013997, 116.876761276313, -3.00000000000068));
#433 = CARTESIAN_POINT ('', (74.8726028705434, 116.903508669196, -3.0000000000007));
#434 = CARTESIAN_POINT ('', (74.9020796041599, 116.928728808195, -3.00000000000072));
#435 = CARTESIAN_POINT ('', (74.9327371440186, 116.952329908387, -3.00000000000074));
#436 = CARTESIAN_POINT ('', (74.9644415569111, 116.974234070023, -3.00000000000075));
#437 = CARTESIAN_POINT ('', (74.997052738102, 116.994378078281, -3.00000000000077));
#438 = CARTESIAN_POINT ('', (75.0304263912428, 117.012713894994, -3.00000000000079));
#439 = CARTESIAN_POINT ('', (75.0644160281729, 117.029208838753, -3.00000000000081));
#440 = CARTESIAN_POINT ('', (75.098874933657, 117.043845461175, -3.00000000000083));
#441 = CARTESIAN_POINT ('', (75.1336580441687, 117.056621137604, -3.00000000000085));
#442 = CARTESIAN_POINT ('', (75.1686236959474, 117.067547399473, -3.00000000000087));
#443 = CARTESIAN_POINT ('', (75.2036352052355, 117.076649042623, -3.00000000000089));
#444 = CARTESIAN_POINT ('', (75.2385622522796, 117.083963051007, -3.00000000000091));
#445 = CARTESIAN_POINT ('', (75.2732820497896, 117.089537377503, -3.00000000000092));
#446 = CARTESIAN_POINT ('', (75.3076802855636, 117.093429626268, -3.00000000000094));
#447 = CARTESIAN_POINT ('', (75.3416518374143, 117.095705672462, -3.00000000000096));
#448 = CARTESIAN_POINT ('', (75.3639514565436, 117.096194077713, -3.00000000000097));
#449 = CARTESIAN_POINT ('', (75.3749999999997, 117.096194077713, -3.00000000000098));
#450 = B_SPLINE_CURVE_WITH_KNOTS ('', 3, (#415, #416, #417, #418, #419, #420, #421, #422, #423, #424, #425, #426, #427, #428, #429, #430, #431, #432, #433, #434, #435, #436, #437, #438, #439, #440, #441, #442, #443, #444, #445, #446, #447, #448, #449), .UNSPECIFIED., .F., .U., (4, 1, 1, 1, 1, 1, 1, 1, 1, 1, 1, 1, 1, 1, 1, 1, 1, 1, 1, 1, 1, 1, 1, 1, 1, 1, 1, 1, 1, 1, 1, 1, 4), (13., 13.03125, 13.0625, 13.09375, 13.125, 13.15625, 13.1875, 13.21875, 13.25, 13.28125, 13.3125, 13.34375, 13.375, 13.40625, 13.4375, 13.46875, 13.5, 13.53125, 13.5625, 13.59375, 13.625, 13.65625, 13.6875, 13.71875, 13.75, 13.78125, 13.8125, 13.84375, 13.875, 13.90625, 13.9375, 13.96875, 14.), .UNSPECIFIED.);
#451 = EDGE_CURVE ('', #412, #414, #450, .T.);
#452 = ORIENTED_EDGE ('', *, *, #451, .F.);
#453 = CARTESIAN_POINT ('', (74.6249999999997, 116.346194077713, -3.00000000000052));
#454 = CARTESIAN_POINT ('', (74.6249999999997, 116.346194077713, -2.50000000000052));
#455 = B_SPLINE_CURVE_WITH_KNOTS ('', 1, (#453, #454), .UNSPECIFIED., .F., .U., (2, 2), (0., 1.), .UNSPECIFIED.);
#456 = EDGE_CURVE ('', #412, #341, #455, .T.);
#457 = ORIENTED_EDGE ('', *, *, #456, .T.);
#458 = ORIENTED_EDGE ('', *, *, #380, .T.);
#459 = CARTESIAN_POINT ('', (75.3749999999997, 117.096194077713, -3.00000000000098));
#460 = CARTESIAN_POINT ('', (75.3749999999997, 117.096194077713, -2.50000000000098));
#461 = B_SPLINE_CURVE_WITH_KNOTS ('', 1, (#459, #460), .UNSPECIFIED., .F., .U., (2, 2), (0., 1.), .UNSPECIFIED.);
#462 = EDGE_CURVE ('', #414, #343, #461, .T.);
#463 = ORIENTED_EDGE ('', *, *, #462, .F.);
#464 = EDGE_LOOP ('', (#452, #457, #458, #463));
#465 = FACE_OUTER_BOUND ('', #464, .T.);
#466 = CARTESIAN_POINT ('', (75.3749999999998, 117.096194077713, -2.50000000000098));
#467 = CARTESIAN_POINT ('', (74.6249999999999, 117.096194077713, -2.50000000000059));
#468 = CARTESIAN_POINT ('', (74.6249999999999, 116.346194077713, -2.50000000000043));
#469 = CARTESIAN_POINT ('', (75.3749999999996, 117.096194077713, -3.00000000000107));
#470 = CARTESIAN_POINT ('', (74.6249999999997, 117.096194077713, -3.00000000000068));
#471 = CARTESIAN_POINT ('', (74.6249999999997, 116.346194077713, -3.00000000000052));
#472 = (
   BOUNDED_SURFACE ()
   B_SPLINE_SURFACE (1, 2, ((#466, #467, #468), (#469, #470, #471)), .UNSPECIFIED., .F., .F., .U.)
   B_SPLINE_SURFACE_WITH_KNOTS ((2, 2), (3, 3), (-0.0500000000000087, 0.), (0., 0.117809724509601), .UNSPECIFIED.)
   GEOMETRIC_REPRESENTATION_ITEM ()
   RATIONAL_B_SPLINE_SURFACE (((1., 0.707106781186547, 1.), (1., 0.707106781186547, 1.)))
   REPRESENTATION_ITEM ('')
   SURFACE ()
);
#473 = ADVANCED_FACE ('', (#465), #472, .T.);
#474 = CARTESIAN_POINT ('', (74.6249999999999, 116.346194077713, -4.25000000000052));
#475 = VERTEX_POINT ('', #474);
#476 = CARTESIAN_POINT ('', (75.3749999999999, 117.096194077713, -4.25000000000097));
#477 = VERTEX_POINT ('', #476);
#478 = CARTESIAN_POINT ('', (74.6249999999996, 116.346194077713, -4.25000000000052));
#479 = CARTESIAN_POINT ('', (74.6249999999996, 116.357242621169, -4.25000000000052));
#480 = CARTESIAN_POINT ('', (74.6254884052508, 116.379542240298, -4.25000000000052));
#481 = CARTESIAN_POINT ('', (74.6277644514447, 116.413513792149, -4.25000000000052));
#482 = CARTESIAN_POINT ('', (74.63165670021, 116.447912027923, -4.25000000000053));
#483 = CARTESIAN_POINT ('', (74.6372310267057, 116.482631825433, -4.25000000000054));
#484 = CARTESIAN_POINT ('', (74.64454503509, 116.517558872477, -4.25000000000054));
#485 = CARTESIAN_POINT ('', (74.6536466782394, 116.552570381765, -4.25000000000055));
#486 = CARTESIAN_POINT ('', (74.6645729401083, 116.587536033544, -4.25000000000056));
#487 = CARTESIAN_POINT ('', (74.6773486165373, 116.622319144055, -4.25000000000057));
#488 = CARTESIAN_POINT ('', (74.6919852389592, 116.65677804954, -4.25000000000058));
#489 = CARTESIAN_POINT ('', (74.7084801827182, 116.69076768647, -4.25000000000059));
#490 = CARTESIAN_POINT ('', (74.7268159994317, 116.72414133961, -4.2500000000006));
#491 = CARTESIAN_POINT ('', (74.7469600076892, 116.756752520801, -4.25000000000062));
#492 = CARTESIAN_POINT ('', (74.7688641693251, 116.788456933694, -4.25000000000063));
#493 = CARTESIAN_POINT ('', (74.7924652695174, 116.819114473553, -4.25000000000065));
#494 = CARTESIAN_POINT ('', (74.8176854085162, 116.848591207169, -4.25000000000066));
#495 = CARTESIAN_POINT ('', (74.8444328013996, 116.876761276313, -4.25000000000068));
#496 = CARTESIAN_POINT ('', (74.8726028705433, 116.903508669196, -4.2500000000007));
#497 = CARTESIAN_POINT ('', (74.9020796041598, 116.928728808195, -4.25000000000071));
#498 = CARTESIAN_POINT ('', (74.9327371440185, 116.952329908387, -4.25000000000073));
#499 = CARTESIAN_POINT ('', (74.964441556911, 116.974234070023, -4.25000000000075));
#500 = CARTESIAN_POINT ('', (74.9970527381019, 116.994378078281, -4.25000000000077));
#501 = CARTESIAN_POINT ('', (75.0304263912427, 117.012713894994, -4.25000000000079));
#502 = CARTESIAN_POINT ('', (75.0644160281728, 117.029208838753, -4.25000000000081));
#503 = CARTESIAN_POINT ('', (75.0988749336569, 117.043845461175, -4.25000000000083));
#504 = CARTESIAN_POINT ('', (75.1336580441686, 117.056621137604, -4.25000000000084));
#505 = CARTESIAN_POINT ('', (75.1686236959473, 117.067547399473, -4.25000000000086));
#506 = CARTESIAN_POINT ('', (75.2036352052354, 117.076649042622, -4.25000000000088));
#507 = CARTESIAN_POINT ('', (75.2385622522795, 117.083963051007, -4.2500000000009));
#508 = CARTESIAN_POINT ('', (75.2732820497895, 117.089537377502, -4.25000000000092));
#509 = CARTESIAN_POINT ('', (75.3076802855635, 117.093429626268, -4.25000000000094));
#510 = CARTESIAN_POINT ('', (75.3416518374142, 117.095705672461, -4.25000000000095));
#511 = CARTESIAN_POINT ('', (75.3639514565435, 117.096194077713, -4.25000000000097));
#512 = CARTESIAN_POINT ('', (75.3749999999996, 117.096194077713, -4.25000000000097));
#513 = B_SPLINE_CURVE_WITH_KNOTS ('', 3, (#478, #479, #480, #481, #482, #483, #484, #485, #486, #487, #488, #489, #490, #491, #492, #493, #494, #495, #496, #497, #498, #499, #500, #501, #502, #503, #504, #505, #506, #507, #508, #509, #510, #511, #512), .UNSPECIFIED., .F., .U., (4, 1, 1, 1, 1, 1, 1, 1, 1, 1, 1, 1, 1, 1, 1, 1, 1, 1, 1, 1, 1, 1, 1, 1, 1, 1, 1, 1, 1, 1, 1, 1, 4), (13., 13.03125, 13.0625, 13.09375, 13.125, 13.15625, 13.1875, 13.21875, 13.25, 13.28125, 13.3125, 13.34375, 13.375, 13.40625, 13.4375, 13.46875, 13.5, 13.53125, 13.5625, 13.59375, 13.625, 13.65625, 13.6875, 13.71875, 13.75, 13.78125, 13.8125, 13.84375, 13.875, 13.90625, 13.9375, 13.96875, 14.), .UNSPECIFIED.);
#514 = EDGE_CURVE ('', #475, #477, #513, .T.);
#515 = ORIENTED_EDGE ('', *, *, #514, .F.);
#516 = CARTESIAN_POINT ('', (74.6249999999996, 116.346194077713, -4.25000000000052));
#517 = CARTESIAN_POINT ('', (74.6249999999997, 116.346194077713, -3.00000000000052));
#518 = B_SPLINE_CURVE_WITH_KNOTS ('', 1, (#516, #517), .UNSPECIFIED., .F., .U., (2, 2), (0., 1.), .UNSPECIFIED.);
#519 = EDGE_CURVE ('', #475, #412, #518, .T.);
#520 = ORIENTED_EDGE ('', *, *, #519, .T.);
#521 = ORIENTED_EDGE ('', *, *, #451, .T.);
#522 = CARTESIAN_POINT ('', (75.3749999999996, 117.096194077713, -4.25000000000097));
#523 = CARTESIAN_POINT ('', (75.3749999999997, 117.096194077713, -3.00000000000098));
#524 = B_SPLINE_CURVE_WITH_KNOTS ('', 1, (#522, #523), .UNSPECIFIED., .F., .U., (2, 2), (0., 1.), .UNSPECIFIED.);
#525 = EDGE_CURVE ('', #477, #414, #524, .T.);
#526 = ORIENTED_EDGE ('', *, *, #525, .F.);
#527 = EDGE_LOOP ('', (#515, #520, #521, #526));
#528 = FACE_OUTER_BOUND ('', #527, .T.);
#529 = CARTESIAN_POINT ('', (75.3750000000001, 117.096194077713, -3.00000000000098));
#530 = CARTESIAN_POINT ('', (74.6250000000002, 117.096194077713, -3.00000000000059));
#531 = CARTESIAN_POINT ('', (74.6250000000002, 116.346194077713, -3.00000000000044));
#532 = CARTESIAN_POINT ('', (75.3749999999995, 117.096194077713, -4.25000000000105));
#533 = CARTESIAN_POINT ('', (74.6249999999996, 117.096194077713, -4.25000000000067));
#534 = CARTESIAN_POINT ('', (74.6249999999996, 116.346194077713, -4.25000000000051));
#535 = (
   BOUNDED_SURFACE ()
   B_SPLINE_SURFACE (1, 2, ((#529, #530, #531), (#532, #533, #534)), .UNSPECIFIED., .F., .F., .U.)
   B_SPLINE_SURFACE_WITH_KNOTS ((2, 2), (3, 3), (-0.125000000000008, 0.), (0., 0.117809724509603), .UNSPECIFIED.)
   GEOMETRIC_REPRESENTATION_ITEM ()
   RATIONAL_B_SPLINE_SURFACE (((1., 0.707106781186547, 1.), (1., 0.707106781186547, 1.)))
   REPRESENTATION_ITEM ('')
   SURFACE ()
);
#536 = ADVANCED_FACE ('', (#528), #535, .T.);
#537 = CARTESIAN_POINT ('', (74.375, 116.346194077713, -4.50000000000016));
#538 = VERTEX_POINT ('', #537);
#539 = CARTESIAN_POINT ('', (74.6249999999996, 116.346194077713, -4.25000000000052));
#540 = CARTESIAN_POINT ('', (74.3749999999997, 116.346194077713, -4.50000000000016));
#541 = B_SPLINE_CURVE_WITH_KNOTS ('', 1, (#539, #540), .UNSPECIFIED., .F., .U., (2, 2), (0., 1.), .UNSPECIFIED.);
#542 = EDGE_CURVE ('', #475, #538, #541, .T.);
#543 = ORIENTED_EDGE ('', *, *, #542, .F.);
#544 = ORIENTED_EDGE ('', *, *, #514, .T.);
#545 = CARTESIAN_POINT ('', (75.3749999999998, 117.346194077712, -4.50000000000056));
#546 = VERTEX_POINT ('', #545);
#547 = CARTESIAN_POINT ('', (75.3749999999996, 117.096194077713, -4.25000000000097));
#548 = CARTESIAN_POINT ('', (75.3749999999994, 117.346194077713, -4.50000000000147));
#549 = B_SPLINE_CURVE_WITH_KNOTS ('', 1, (#547, #548), .UNSPECIFIED., .F., .U., (2, 2), (0., 1.), .UNSPECIFIED.);
#550 = EDGE_CURVE ('', #477, #546, #549, .T.);
#551 = ORIENTED_EDGE ('', *, *, #550, .T.);
#552 = CARTESIAN_POINT ('', (74.3749999999997, 116.346194077713, -4.50000000000016));
#553 = CARTESIAN_POINT ('', (74.3749999999997, 116.360925468987, -4.50000000000016));
#554 = CARTESIAN_POINT ('', (74.3756512070014, 116.390658294493, -4.50000000000016));
#555 = CARTESIAN_POINT ('', (74.3786859352598, 116.435953696961, -4.50000000000016));
#556 = CARTESIAN_POINT ('', (74.3838756002803, 116.481818011326, -4.50000000000016));
#557 = CARTESIAN_POINT ('', (74.3913080356079, 116.528111074673, -4.50000000000016));
#558 = CARTESIAN_POINT ('', (74.401060046787, 116.574680470732, -4.50000000000017));
#559 = CARTESIAN_POINT ('', (74.4131955709861, 116.621362483116, -4.50000000000018));
#560 = CARTESIAN_POINT ('', (74.4277639201447, 116.667983352154, -4.5000000000002));
#561 = CARTESIAN_POINT ('', (74.4447981553833, 116.714360832836, -4.50000000000022));
#562 = CARTESIAN_POINT ('', (74.4643136519458, 116.760306040148, -4.50000000000024));
#563 = CARTESIAN_POINT ('', (74.4863069102912, 116.805625556055, -4.50000000000027));
#564 = CARTESIAN_POINT ('', (74.5107546659091, 116.850123760243, -4.5000000000003));
#565 = CARTESIAN_POINT ('', (74.5376133435859, 116.893605335164, -4.50000000000033));
#566 = CARTESIAN_POINT ('', (74.5668188924337, 116.935877885687, -4.50000000000037));
#567 = CARTESIAN_POINT ('', (74.5982870260234, 116.976754605499, -4.50000000000041));
#568 = CARTESIAN_POINT ('', (74.6319138780217, 117.016056916988, -4.50000000000045));
#569 = CARTESIAN_POINT ('', (74.6675770685331, 117.053617009179, -4.5000000000005));
#570 = CARTESIAN_POINT ('', (74.7051371607246, 117.089280199691, -4.50000000000055));
#571 = CARTESIAN_POINT ('', (74.7444394722132, 117.122907051689, -4.5000000000006));
#572 = CARTESIAN_POINT ('', (74.7853161920249, 117.154375185279, -4.50000000000065));
#573 = CARTESIAN_POINT ('', (74.8275887425481, 117.183580734127, -4.50000000000071));
#574 = CARTESIAN_POINT ('', (74.8710703174693, 117.210439411803, -4.50000000000077));
#575 = CARTESIAN_POINT ('', (74.915568521657, 117.234887167421, -4.50000000000083));
#576 = CARTESIAN_POINT ('', (74.9608880375638, 117.256880425767, -4.50000000000089));
#577 = CARTESIAN_POINT ('', (75.0068332448759, 117.276395922329, -4.50000000000095));
#578 = CARTESIAN_POINT ('', (75.0532107255582, 117.293430157568, -4.50000000000102));
#579 = CARTESIAN_POINT ('', (75.0998315945965, 117.307998506726, -4.50000000000108));
#580 = CARTESIAN_POINT ('', (75.1465136069806, 117.320134030926, -4.50000000000115));
#581 = CARTESIAN_POINT ('', (75.1930830030393, 117.329886042105, -4.50000000000121));
#582 = CARTESIAN_POINT ('', (75.239376066386, 117.337318477432, -4.50000000000128));
#583 = CARTESIAN_POINT ('', (75.2852403807513, 117.342508142453, -4.50000000000134));
#584 = CARTESIAN_POINT ('', (75.3305357832189, 117.345542870711, -4.50000000000141));
#585 = CARTESIAN_POINT ('', (75.3602686087247, 117.346194077713, -4.50000000000145));
#586 = CARTESIAN_POINT ('', (75.3749999999994, 117.346194077713, -4.50000000000147));
#587 = B_SPLINE_CURVE_WITH_KNOTS ('', 3, (#552, #553, #554, #555, #556, #557, #558, #559, #560, #561, #562, #563, #564, #565, #566, #567, #568, #569, #570, #571, #572, #573, #574, #575, #576, #577, #578, #579, #580, #581, #582, #583, #584, #585, #586), .UNSPECIFIED., .F., .U., (4, 1, 1, 1, 1, 1, 1, 1, 1, 1, 1, 1, 1, 1, 1, 1, 1, 1, 1, 1, 1, 1, 1, 1, 1, 1, 1, 1, 1, 1, 1, 1, 4), (0., 0.03125, 0.0625, 0.09375, 0.125, 0.15625, 0.1875, 0.21875, 0.25, 0.28125, 0.3125, 0.34375, 0.375, 0.40625, 0.4375, 0.46875, 0.5, 0.53125, 0.5625, 0.59375, 0.625, 0.65625, 0.6875, 0.71875, 0.75, 0.78125, 0.8125, 0.84375, 0.875, 0.90625, 0.9375, 0.96875, 1.), .UNSPECIFIED.);
#588 = EDGE_CURVE ('', #538, #546, #587, .T.);
#589 = ORIENTED_EDGE ('', *, *, #588, .F.);
#590 = EDGE_LOOP ('', (#543, #544, #551, #589));
#591 = FACE_OUTER_BOUND ('', #590, .T.);
#592 = CARTESIAN_POINT ('', (74.6249999999996, 116.346194077713, -4.25000000000052));
#593 = CARTESIAN_POINT ('', (74.3749999999997, 116.346194077713, -4.50000000000016));
#594 = CARTESIAN_POINT ('', (74.6249533873915, 116.405062884212, -4.25000000000049));
#595 = CARTESIAN_POINT ('', (74.3749378498556, 116.424685819711, -4.50000000000012));
#596 = CARTESIAN_POINT ('', (74.6355632527719, 116.498018340052, -4.25000000000059));
#597 = CARTESIAN_POINT ('', (74.3890843370295, 116.548626427498, -4.50000000000022));
#598 = CARTESIAN_POINT ('', (74.6754454156466, 116.622648220026, -4.25000000000055));
#599 = CARTESIAN_POINT ('', (74.4422605541957, 116.714799600796, -4.5000000000002));
#600 = CARTESIAN_POINT ('', (74.7186371891396, 116.713821969158, -4.25000000000057));
#601 = CARTESIAN_POINT ('', (74.4998495855198, 116.836364599639, -4.50000000000032));
#602 = CARTESIAN_POINT ('', (74.7748339418301, 116.79991591347, -4.25000000000064));
#603 = CARTESIAN_POINT ('', (74.5747785891071, 116.951156525389, -4.50000000000037));
#604 = CARTESIAN_POINT ('', (74.8429768446464, 116.878217233066, -4.25000000000069));
#605 = CARTESIAN_POINT ('', (74.665635792862, 117.05555828485, -4.50000000000047));
#606 = CARTESIAN_POINT ('', (74.9212781642425, 116.946360135882, -4.25000000000066));
#607 = CARTESIAN_POINT ('', (74.7700375523235, 117.146415488605, -4.50000000000059));
#608 = CARTESIAN_POINT ('', (75.0073721085548, 117.002556888573, -4.2500000000008));
#609 = CARTESIAN_POINT ('', (74.8848294780733, 117.221344492193, -4.50000000000083));
#610 = CARTESIAN_POINT ('', (75.0985458576867, 117.045748662066, -4.25000000000082));
#611 = CARTESIAN_POINT ('', (75.0063944769156, 117.278933523517, -4.50000000000094));
#612 = CARTESIAN_POINT ('', (75.2231757376608, 117.08563082494, -4.2500000000009));
#613 = CARTESIAN_POINT ('', (75.1725676502144, 117.332109740683, -4.50000000000113));
#614 = CARTESIAN_POINT ('', (75.3161311935008, 117.096240690321, -4.25000000000094));
#615 = CARTESIAN_POINT ('', (75.2965082580009, 117.346256227857, -4.5000000000014));
#616 = CARTESIAN_POINT ('', (75.3749999999996, 117.096194077713, -4.25000000000097));
#617 = CARTESIAN_POINT ('', (75.3749999999994, 117.346194077713, -4.50000000000147));
#618 = B_SPLINE_SURFACE_WITH_KNOTS ('', 3, 1, ((#592, #593), (#594, #595), (#596, #597), (#598, #599), (#600, #601), (#602, #603), (#604, #605), (#606, #607), (#608, #609), (#610, #611), (#612, #613), (#614, #615), (#616, #617)), .UNSPECIFIED., .F., .F., .U., (4, 1, 1, 1, 1, 1, 1, 1, 1, 1, 4), (2, 2), (0., 0.166666666666646, 0.249999999999972, 0.333333333333298, 0.416666666666629, 0.499999999999958, 0.583333333333297, 0.666666666666621, 0.74999999999998, 0.833333333333309, 1.), (0., 1.), .UNSPECIFIED.);
#619 = ADVANCED_FACE ('', (#591), #618, .T.);
#620 = CARTESIAN_POINT ('', (74.625, 114.846194077713, -4.24999999999959));
#621 = VERTEX_POINT ('', #620);
#622 = CARTESIAN_POINT ('', (74.3749999999999, 114.846194077713, -4.49999999999986));
#623 = VERTEX_POINT ('', #622);
#624 = CARTESIAN_POINT ('', (74.6249999999997, 114.846194077713, -4.24999999999958));
#625 = CARTESIAN_POINT ('', (74.3749999999997, 114.846194077713, -4.49999999999956));
#626 = B_SPLINE_CURVE_WITH_KNOTS ('', 1, (#624, #625), .UNSPECIFIED., .F., .U., (2, 2), (0., 1.), .UNSPECIFIED.);
#627 = EDGE_CURVE ('', #621, #623, #626, .T.);
#628 = ORIENTED_EDGE ('', *, *, #627, .F.);
#629 = CARTESIAN_POINT ('', (74.6249999999997, 114.846194077713, -4.24999999999958));
#630 = CARTESIAN_POINT ('', (74.6249999999996, 116.346194077713, -4.25000000000052));
#631 = B_SPLINE_CURVE_WITH_KNOTS ('', 1, (#629, #630), .UNSPECIFIED., .F., .U., (2, 2), (12., 13.), .UNSPECIFIED.);
#632 = EDGE_CURVE ('', #621, #475, #631, .T.);
#633 = ORIENTED_EDGE ('', *, *, #632, .T.);
#634 = ORIENTED_EDGE ('', *, *, #542, .T.);
#635 = CARTESIAN_POINT ('', (74.3749999999997, 114.846194077713, -4.49999999999956));
#636 = CARTESIAN_POINT ('', (74.3749999999996, 116.346194077713, -4.50000000000049));
#637 = B_SPLINE_CURVE_WITH_KNOTS ('', 1, (#635, #636), .UNSPECIFIED., .F., .U., (2, 2), (0., 1.), .UNSPECIFIED.);
#638 = EDGE_CURVE ('', #623, #538, #637, .T.);
#639 = ORIENTED_EDGE ('', *, *, #638, .F.);
#640 = EDGE_LOOP ('', (#628, #633, #634, #639));
#641 = FACE_OUTER_BOUND ('', #640, .T.);
#642 = CARTESIAN_POINT ('', (74.6249999999997, 114.846194077713, -4.24999999999958));
#643 = CARTESIAN_POINT ('', (74.3749999999997, 114.846194077713, -4.49999999999956));
#644 = CARTESIAN_POINT ('', (74.6249999999997, 115.346194077713, -4.24999999999991));
#645 = CARTESIAN_POINT ('', (74.3749999999996, 115.346194077713, -4.49999999999988));
#646 = CARTESIAN_POINT ('', (74.6249999999996, 115.846194077713, -4.25000000000019));
#647 = CARTESIAN_POINT ('', (74.3749999999997, 115.846194077713, -4.50000000000019));
#648 = CARTESIAN_POINT ('', (74.6249999999996, 116.346194077713, -4.25000000000052));
#649 = CARTESIAN_POINT ('', (74.3749999999996, 116.346194077713, -4.50000000000049));
#650 = B_SPLINE_SURFACE_WITH_KNOTS ('', 3, 1, ((#642, #643), (#644, #645), (#646, #647), (#648, #649)), .UNSPECIFIED., .F., .F., .U., (4, 4), (2, 2), (0., 1.), (0., 1.), .UNSPECIFIED.);
#651 = ADVANCED_FACE ('', (#641), #650, .T.);
#652 = CARTESIAN_POINT ('', (75.3749999999999, 114.096194077713, -4.24999999999979));
#653 = VERTEX_POINT ('', #652);
#654 = CARTESIAN_POINT ('', (75.3749999999999, 113.846194077713, -4.49999999999984));
#655 = VERTEX_POINT ('', #654);
#656 = CARTESIAN_POINT ('', (75.3749999999996, 114.096194077713, -4.24999999999978));
#657 = CARTESIAN_POINT ('', (75.3749999999996, 113.846194077713, -4.49999999999972));
#658 = B_SPLINE_CURVE_WITH_KNOTS ('', 1, (#656, #657), .UNSPECIFIED., .F., .U., (2, 2), (0., 1.), .UNSPECIFIED.);
#659 = EDGE_CURVE ('', #653, #655, #658, .T.);
#660 = ORIENTED_EDGE ('', *, *, #659, .F.);
#661 = CARTESIAN_POINT ('', (75.3749999999996, 114.096194077713, -4.24999999999978));
#662 = CARTESIAN_POINT ('', (75.3639514565436, 114.096194077713, -4.24999999999978));
#663 = CARTESIAN_POINT ('', (75.3416518374142, 114.096682482964, -4.24999999999978));
#664 = CARTESIAN_POINT ('', (75.3076802855636, 114.098958529158, -4.24999999999978));
#665 = CARTESIAN_POINT ('', (75.2732820497896, 114.102850777923, -4.24999999999978));
#666 = CARTESIAN_POINT ('', (75.2385622522795, 114.108425104419, -4.24999999999978));
#667 = CARTESIAN_POINT ('', (75.2036352052355, 114.115739112803, -4.24999999999978));
#668 = CARTESIAN_POINT ('', (75.1686236959474, 114.124840755953, -4.24999999999978));
#669 = CARTESIAN_POINT ('', (75.1336580441687, 114.135767017821, -4.24999999999978));
#670 = CARTESIAN_POINT ('', (75.098874933657, 114.14854269425, -4.24999999999977));
#671 = CARTESIAN_POINT ('', (75.0644160281728, 114.163179316672, -4.24999999999977));
#672 = CARTESIAN_POINT ('', (75.0304263912428, 114.179674260431, -4.24999999999977));
#673 = CARTESIAN_POINT ('', (74.997052738102, 114.198010077145, -4.24999999999976));
#674 = CARTESIAN_POINT ('', (74.964441556911, 114.218154085402, -4.24999999999976));
#675 = CARTESIAN_POINT ('', (74.9327371440186, 114.240058247038, -4.24999999999975));
#676 = CARTESIAN_POINT ('', (74.9020796041598, 114.263659347231, -4.24999999999975));
#677 = CARTESIAN_POINT ('', (74.8726028705434, 114.288879486229, -4.24999999999974));
#678 = CARTESIAN_POINT ('', (74.8444328013997, 114.315626879113, -4.24999999999973));
#679 = CARTESIAN_POINT ('', (74.8176854085162, 114.343796948256, -4.24999999999972));
#680 = CARTESIAN_POINT ('', (74.7924652695174, 114.373273681873, -4.24999999999972));
#681 = CARTESIAN_POINT ('', (74.7688641693252, 114.403931221732, -4.24999999999971));
#682 = CARTESIAN_POINT ('', (74.7469600076893, 114.435635634624, -4.2499999999997));
#683 = CARTESIAN_POINT ('', (74.7268159994317, 114.468246815815, -4.24999999999969));
#684 = CARTESIAN_POINT ('', (74.7084801827183, 114.501620468956, -4.24999999999968));
#685 = CARTESIAN_POINT ('', (74.6919852389592, 114.535610105886, -4.24999999999967));
#686 = CARTESIAN_POINT ('', (74.6773486165373, 114.57006901137, -4.24999999999966));
#687 = CARTESIAN_POINT ('', (74.6645729401084, 114.604852121882, -4.24999999999965));
#688 = CARTESIAN_POINT ('', (74.6536466782395, 114.63981777366, -4.24999999999964));
#689 = CARTESIAN_POINT ('', (74.6445450350901, 114.674829282949, -4.24999999999963));
#690 = CARTESIAN_POINT ('', (74.6372310267058, 114.709756329993, -4.24999999999962));
#691 = CARTESIAN_POINT ('', (74.6316567002101, 114.744476127503, -4.24999999999961));
#692 = CARTESIAN_POINT ('', (74.6277644514448, 114.778874363277, -4.2499999999996));
#693 = CARTESIAN_POINT ('', (74.625488405251, 114.812845915127, -4.24999999999959));
#694 = CARTESIAN_POINT ('', (74.6249999999997, 114.835145534257, -4.24999999999958));
#695 = CARTESIAN_POINT ('', (74.6249999999997, 114.846194077713, -4.24999999999958));
#696 = B_SPLINE_CURVE_WITH_KNOTS ('', 3, (#661, #662, #663, #664, #665, #666, #667, #668, #669, #670, #671, #672, #673, #674, #675, #676, #677, #678, #679, #680, #681, #682, #683, #684, #685, #686, #687, #688, #689, #690, #691, #692, #693, #694, #695), .UNSPECIFIED., .F., .U., (4, 1, 1, 1, 1, 1, 1, 1, 1, 1, 1, 1, 1, 1, 1, 1, 1, 1, 1, 1, 1, 1, 1, 1, 1, 1, 1, 1, 1, 1, 1, 1, 4), (11., 11.03125, 11.0625, 11.09375, 11.125, 11.15625, 11.1875, 11.21875, 11.25, 11.28125, 11.3125, 11.34375, 11.375, 11.40625, 11.4375, 11.46875, 11.5, 11.53125, 11.5625, 11.59375, 11.625, 11.65625, 11.6875, 11.71875, 11.75, 11.78125, 11.8125, 11.84375, 11.875, 11.90625, 11.9375, 11.96875, 12.), .UNSPECIFIED.);
#697 = EDGE_CURVE ('', #653, #621, #696, .T.);
#698 = ORIENTED_EDGE ('', *, *, #697, .T.);
#699 = ORIENTED_EDGE ('', *, *, #627, .T.);
#700 = CARTESIAN_POINT ('', (75.3749999999996, 113.846194077713, -4.49999999999972));
#701 = CARTESIAN_POINT ('', (75.3602686087249, 113.846194077713, -4.49999999999972));
#702 = CARTESIAN_POINT ('', (75.3305357832191, 113.846845284714, -4.49999999999972));
#703 = CARTESIAN_POINT ('', (75.2852403807515, 113.849880012973, -4.49999999999971));
#704 = CARTESIAN_POINT ('', (75.2393760663862, 113.855069677993, -4.49999999999971));
#705 = CARTESIAN_POINT ('', (75.1930830030395, 113.862502113321, -4.49999999999971));
#706 = CARTESIAN_POINT ('', (75.1465136069807, 113.8722541245, -4.49999999999971));
#707 = CARTESIAN_POINT ('', (75.0998315945966, 113.884389648699, -4.49999999999971));
#708 = CARTESIAN_POINT ('', (75.0532107255583, 113.898957997858, -4.49999999999971));
#709 = CARTESIAN_POINT ('', (75.0068332448761, 113.915992233096, -4.49999999999971));
#710 = CARTESIAN_POINT ('', (74.9608880375639, 113.935507729659, -4.49999999999971));
#711 = CARTESIAN_POINT ('', (74.9155685216571, 113.957500988004, -4.49999999999971));
#712 = CARTESIAN_POINT ('', (74.8710703174694, 113.981948743622, -4.49999999999971));
#713 = CARTESIAN_POINT ('', (74.8275887425481, 114.008807421299, -4.49999999999971));
#714 = CARTESIAN_POINT ('', (74.7853161920249, 114.038012970147, -4.49999999999972));
#715 = CARTESIAN_POINT ('', (74.7444394722132, 114.069481103736, -4.49999999999972));
#716 = CARTESIAN_POINT ('', (74.7051371607246, 114.103107955735, -4.49999999999972));
#717 = CARTESIAN_POINT ('', (74.667577068533, 114.138771146246, -4.49999999999973));
#718 = CARTESIAN_POINT ('', (74.6319138780217, 114.176331238438, -4.49999999999973));
#719 = CARTESIAN_POINT ('', (74.5982870260233, 114.215633549926, -4.49999999999974));
#720 = CARTESIAN_POINT ('', (74.5668188924336, 114.256510269738, -4.49999999999975));
#721 = CARTESIAN_POINT ('', (74.5376133435858, 114.298782820261, -4.49999999999975));
#722 = CARTESIAN_POINT ('', (74.5107546659091, 114.342264395182, -4.49999999999976));
#723 = CARTESIAN_POINT ('', (74.4863069102911, 114.38676259937, -4.49999999999976));
#724 = CARTESIAN_POINT ('', (74.4643136519457, 114.432082115277, -4.49999999999977));
#725 = CARTESIAN_POINT ('', (74.4447981553832, 114.478027322589, -4.49999999999978));
#726 = CARTESIAN_POINT ('', (74.4277639201446, 114.524404803271, -4.49999999999979));
#727 = CARTESIAN_POINT ('', (74.413195570986, 114.57102567231, -4.4999999999998));
#728 = CARTESIAN_POINT ('', (74.4010600467869, 114.617707684694, -4.4999999999998));
#729 = CARTESIAN_POINT ('', (74.3913080356078, 114.664277080753, -4.49999999999981));
#730 = CARTESIAN_POINT ('', (74.3838756002802, 114.710570144099, -4.49999999999982));
#731 = CARTESIAN_POINT ('', (74.3786859352598, 114.756434458465, -4.49999999999983));
#732 = CARTESIAN_POINT ('', (74.3756512070013, 114.801729860932, -4.49999999999984));
#733 = CARTESIAN_POINT ('', (74.3749999999996, 114.831462686438, -4.49999999999985));
#734 = CARTESIAN_POINT ('', (74.3749999999996, 114.846194077713, -4.49999999999985));
#735 = B_SPLINE_CURVE_WITH_KNOTS ('', 3, (#700, #701, #702, #703, #704, #705, #706, #707, #708, #709, #710, #711, #712, #713, #714, #715, #716, #717, #718, #719, #720, #721, #722, #723, #724, #725, #726, #727, #728, #729, #730, #731, #732, #733, #734), .UNSPECIFIED., .F., .U., (4, 1, 1, 1, 1, 1, 1, 1, 1, 1, 1, 1, 1, 1, 1, 1, 1, 1, 1, 1, 1, 1, 1, 1, 1, 1, 1, 1, 1, 1, 1, 1, 4), (0., 0.03125, 0.0625, 0.09375, 0.125, 0.15625, 0.1875, 0.21875, 0.25, 0.28125, 0.3125, 0.34375, 0.375, 0.40625, 0.4375, 0.46875, 0.5, 0.53125, 0.5625, 0.59375, 0.625, 0.65625, 0.6875, 0.71875, 0.75, 0.78125, 0.8125, 0.84375, 0.875, 0.90625, 0.9375, 0.96875, 1.), .UNSPECIFIED.);
#736 = EDGE_CURVE ('', #655, #623, #735, .T.);
#737 = ORIENTED_EDGE ('', *, *, #736, .F.);
#738 = EDGE_LOOP ('', (#660, #698, #699, #737));
#739 = FACE_OUTER_BOUND ('', #738, .T.);
#740 = CARTESIAN_POINT ('', (75.3749999999996, 114.096194077713, -4.24999999999978));
#741 = CARTESIAN_POINT ('', (75.3749999999996, 113.846194077713, -4.49999999999972));
#742 = CARTESIAN_POINT ('', (75.3161311935008, 114.096147465105, -4.24999999999982));
#743 = CARTESIAN_POINT ('', (75.2965082580013, 113.846131927569, -4.49999999999971));
#744 = CARTESIAN_POINT ('', (75.2231757376608, 114.106757330485, -4.24999999999972));
#745 = CARTESIAN_POINT ('', (75.1725676502144, 113.860278414743, -4.49999999999971));
#746 = CARTESIAN_POINT ('', (75.0985458576868, 114.14663949336, -4.24999999999981));
#747 = CARTESIAN_POINT ('', (75.0063944769159, 113.913454631909, -4.49999999999972));
#748 = CARTESIAN_POINT ('', (75.0073721085549, 114.189831266853, -4.24999999999975));
#749 = CARTESIAN_POINT ('', (74.8848294780732, 113.971043663233, -4.49999999999972));
#750 = CARTESIAN_POINT ('', (74.9212781642426, 114.246028019543, -4.24999999999976));
#751 = CARTESIAN_POINT ('', (74.7700375523236, 114.04597266682, -4.49999999999971));
#752 = CARTESIAN_POINT ('', (74.8429768446464, 114.31417092236, -4.24999999999971));
#753 = CARTESIAN_POINT ('', (74.665635792862, 114.136829870575, -4.49999999999975));
#754 = CARTESIAN_POINT ('', (74.7748339418302, 114.392472241956, -4.24999999999972));
#755 = CARTESIAN_POINT ('', (74.574778589107, 114.241231630037, -4.49999999999972));
#756 = CARTESIAN_POINT ('', (74.7186371891397, 114.478566186268, -4.24999999999968));
#757 = CARTESIAN_POINT ('', (74.4998495855197, 114.356023555786, -4.49999999999974));
#758 = CARTESIAN_POINT ('', (74.6754454156466, 114.5697399354, -4.24999999999966));
#759 = CARTESIAN_POINT ('', (74.4422605541956, 114.477588554629, -4.49999999999982));
#760 = CARTESIAN_POINT ('', (74.6355632527721, 114.694369815374, -4.24999999999961));
#761 = CARTESIAN_POINT ('', (74.3890843370295, 114.643761727928, -4.49999999999974));
#762 = CARTESIAN_POINT ('', (74.6249533873915, 114.787325271214, -4.24999999999962));
#763 = CARTESIAN_POINT ('', (74.3749378498555, 114.767702335714, -4.49999999999986));
#764 = CARTESIAN_POINT ('', (74.6249999999997, 114.846194077713, -4.24999999999958));
#765 = CARTESIAN_POINT ('', (74.3749999999996, 114.846194077713, -4.49999999999985));
#766 = B_SPLINE_SURFACE_WITH_KNOTS ('', 3, 1, ((#740, #741), (#742, #743), (#744, #745), (#746, #747), (#748, #749), (#750, #751), (#752, #753), (#754, #755), (#756, #757), (#758, #759), (#760, #761), (#762, #763), (#764, #765)), .UNSPECIFIED., .F., .F., .U., (4, 1, 1, 1, 1, 1, 1, 1, 1, 1, 4), (2, 2), (0., 0.166666666666646, 0.249999999999999, 0.333333333333319, 0.41666666666666, 0.499999999999983, 0.583333333333317, 0.666666666666657, 0.749999999999988, 0.833333333333324, 1.), (0., 1.), .UNSPECIFIED.);
#767 = ADVANCED_FACE ('', (#739), #766, .T.);
#768 = CARTESIAN_POINT ('', (75.5000000000001, 113.846194077713, -4.49999999999983));
#769 = VERTEX_POINT ('', #768);
#770 = CARTESIAN_POINT ('', (75.3749999999996, 113.846194077713, -4.49999999999982));
#771 = CARTESIAN_POINT ('', (75.4166666666664, 113.846194077713, -4.49999999999982));
#772 = CARTESIAN_POINT ('', (75.4583333333331, 113.846194077713, -4.49999999999982));
#773 = CARTESIAN_POINT ('', (75.4999999999998, 113.846194077713, -4.49999999999982));
#774 = B_SPLINE_CURVE_WITH_KNOTS ('', 3, (#770, #771, #772, #773), .UNSPECIFIED., .F., .U., (4, 4), (0., 0.125000000000188), .UNSPECIFIED.);
#775 = EDGE_CURVE ('', #655, #769, #774, .T.);
#776 = ORIENTED_EDGE ('', *, *, #775, .T.);
#777 = CARTESIAN_POINT ('', (75.5000000000001, 114.096194077713, -4.24999999999984));
#778 = VERTEX_POINT ('', #777);
#779 = CARTESIAN_POINT ('', (75.4999999999998, 113.846194077713, -4.49999999999976));
#780 = CARTESIAN_POINT ('', (75.4999999999998, 113.929527411046, -4.41666666666644));
#781 = CARTESIAN_POINT ('', (75.4999999999998, 114.012860744379, -4.33333333333313));
#782 = CARTESIAN_POINT ('', (75.4999999999998, 114.096194077713, -4.24999999999982));
#783 = B_SPLINE_CURVE_WITH_KNOTS ('', 3, (#779, #780, #781, #782), .UNSPECIFIED., .F., .U., (4, 4), (0., 0.353553390593265), .UNSPECIFIED.);
#784 = EDGE_CURVE ('', #769, #778, #783, .T.);
#785 = ORIENTED_EDGE ('', *, *, #784, .T.);
#786 = CARTESIAN_POINT ('', (75.4999999999998, 114.096194077713, -4.24999999999983));
#787 = CARTESIAN_POINT ('', (75.3749999999996, 114.096194077713, -4.24999999999978));
#788 = B_SPLINE_CURVE_WITH_KNOTS ('', 1, (#786, #787), .UNSPECIFIED., .F., .U., (2, 2), (10.9285714285713, 11.), .UNSPECIFIED.);
#789 = EDGE_CURVE ('', #778, #653, #788, .T.);
#790 = ORIENTED_EDGE ('', *, *, #789, .T.);
#791 = ORIENTED_EDGE ('', *, *, #659, .T.);
#792 = EDGE_LOOP ('', (#776, #785, #790, #791));
#793 = FACE_OUTER_BOUND ('', #792, .T.);
#794 = CARTESIAN_POINT ('', (75.4999999999998, 114.096194077713, -4.24999999999982));
#795 = CARTESIAN_POINT ('', (75.4999999999998, 113.846194077713, -4.49999999999976));
#796 = CARTESIAN_POINT ('', (75.4583333333331, 114.096194077713, -4.24999999999981));
#797 = CARTESIAN_POINT ('', (75.4583333333331, 113.846194077713, -4.49999999999975));
#798 = CARTESIAN_POINT ('', (75.4166666666664, 114.096194077713, -4.24999999999979));
#799 = CARTESIAN_POINT ('', (75.4166666666664, 113.846194077713, -4.49999999999974));
#800 = CARTESIAN_POINT ('', (75.3749999999996, 114.096194077713, -4.24999999999978));
#801 = CARTESIAN_POINT ('', (75.3749999999996, 113.846194077713, -4.49999999999972));
#802 = B_SPLINE_SURFACE_WITH_KNOTS ('', 3, 1, ((#794, #795), (#796, #797), (#798, #799), (#800, #801)), .UNSPECIFIED., .F., .F., .U., (4, 4), (2, 2), (0.928571428571319, 1.), (0., 1.), .UNSPECIFIED.);
#803 = ADVANCED_FACE ('', (#793), #802, .T.);
#804 = CARTESIAN_POINT ('', (75.5000000000001, 114.096194077713, -3.50000000000011));
#805 = VERTEX_POINT ('', #804);
#806 = CARTESIAN_POINT ('', (75.5000000000001, 117.096194077713, -3.50000000000011));
#807 = VERTEX_POINT ('', #806);
#808 = CARTESIAN_POINT ('', (75.4999999999998, 114.096194077713, -3.50000000000009));
#809 = CARTESIAN_POINT ('', (75.4999999999998, 117.096194077713, -3.50000000000009));
#810 = B_SPLINE_CURVE_WITH_KNOTS ('', 1, (#808, #809), .UNSPECIFIED., .F., .U., (2, 2), (0., 1.), .UNSPECIFIED.);
#811 = EDGE_CURVE ('', #805, #807, #810, .T.);
#812 = ORIENTED_EDGE ('', *, *, #811, .F.);
#813 = CARTESIAN_POINT ('', (75.4999999999998, 114.096194077713, -3.50000000000009));
#814 = CARTESIAN_POINT ('', (75.4999999999998, 114.096194077713, -4.24999999999434));
#815 = B_SPLINE_CURVE_WITH_KNOTS ('', 1, (#813, #814), .UNSPECIFIED., .F., .U., (2, 2), (0., 1.), .UNSPECIFIED.);
#816 = EDGE_CURVE ('', #805, #778, #815, .T.);
#817 = ORIENTED_EDGE ('', *, *, #816, .T.);
#818 = ORIENTED_EDGE ('', *, *, #784, .F.);
#819 = CARTESIAN_POINT ('', (75.5000000000001, 114.096194077714, -4.50000000000056));
#820 = VERTEX_POINT ('', #819);
#821 = CARTESIAN_POINT ('', (75.4999999999998, 114.096194077713, -4.50000000000054));
#822 = CARTESIAN_POINT ('', (75.4999999999998, 113.846194077713, -4.50000000000054));
#823 = B_SPLINE_CURVE_WITH_KNOTS ('', 1, (#821, #822), .UNSPECIFIED., .F., .U., (2, 2), (0., 1.), .UNSPECIFIED.);
#824 = EDGE_CURVE ('', #820, #769, #823, .T.);
#825 = ORIENTED_EDGE ('', *, *, #824, .F.);
#826 = CARTESIAN_POINT ('', (75.5000000000001, 114.096194077714, -5.0000000000004));
#827 = VERTEX_POINT ('', #826);
#828 = CARTESIAN_POINT ('', (75.4999999999998, 114.096194077713, -5.00000000000038));
#829 = CARTESIAN_POINT ('', (75.4999999999998, 114.096194077713, -4.50000000000054));
#830 = B_SPLINE_CURVE_WITH_KNOTS ('', 1, (#828, #829), .UNSPECIFIED., .F., .U., (2, 2), (0., 1.), .UNSPECIFIED.);
#831 = EDGE_CURVE ('', #827, #820, #830, .T.);
#832 = ORIENTED_EDGE ('', *, *, #831, .F.);
#833 = CARTESIAN_POINT ('', (75.5000000000001, 114.846194077713, -5.00000000000012));
#834 = VERTEX_POINT ('', #833);
#835 = CARTESIAN_POINT ('', (75.4999999999998, 114.096194077713, -5.00000000000038));
#836 = CARTESIAN_POINT ('', (75.4999999999998, 114.846194077713, -5.00000000000038));
#837 = B_SPLINE_CURVE_WITH_KNOTS ('', 1, (#835, #836), .UNSPECIFIED., .F., .U., (2, 2), (0.0714285714285036, 0.285714285714221), .UNSPECIFIED.);
#838 = EDGE_CURVE ('', #827, #834, #837, .T.);
#839 = ORIENTED_EDGE ('', *, *, #838, .T.);
#840 = CARTESIAN_POINT ('', (75.5000000000001, 116.346194077713, -5.0000000000004));
#841 = VERTEX_POINT ('', #840);
#842 = CARTESIAN_POINT ('', (75.4999999999998, 116.346194077713, -5.00000000000038));
#843 = CARTESIAN_POINT ('', (75.4999999999998, 114.846194077713, -5.0000000000001));
#844 = B_SPLINE_CURVE_WITH_KNOTS ('', 1, (#842, #843), .UNSPECIFIED., .F., .U., (2, 2), (0., 1.), .UNSPECIFIED.);
#845 = EDGE_CURVE ('', #841, #834, #844, .T.);
#846 = ORIENTED_EDGE ('', *, *, #845, .F.);
#847 = CARTESIAN_POINT ('', (75.5000000000001, 117.096194077714, -5.0000000000004));
#848 = VERTEX_POINT ('', #847);
#849 = CARTESIAN_POINT ('', (75.4999999999998, 116.346194077713, -5.00000000000038));
#850 = CARTESIAN_POINT ('', (75.4999999999998, 117.096194077713, -5.00000000000038));
#851 = B_SPLINE_CURVE_WITH_KNOTS ('', 1, (#849, #850), .UNSPECIFIED., .F., .U., (2, 2), (0.714285714285779, 0.928571428571618), .UNSPECIFIED.);
#852 = EDGE_CURVE ('', #841, #848, #851, .T.);
#853 = ORIENTED_EDGE ('', *, *, #852, .T.);
#854 = CARTESIAN_POINT ('', (75.5000000000001, 117.096194077714, -4.50000000000056));
#855 = VERTEX_POINT ('', #854);
#856 = CARTESIAN_POINT ('', (75.4999999999998, 117.096194077713, -4.50000000000054));
#857 = CARTESIAN_POINT ('', (75.4999999999998, 117.096194077713, -5.00000000000038));
#858 = B_SPLINE_CURVE_WITH_KNOTS ('', 1, (#856, #857), .UNSPECIFIED., .F., .U., (2, 2), (0., 1.), .UNSPECIFIED.);
#859 = EDGE_CURVE ('', #855, #848, #858, .T.);
#860 = ORIENTED_EDGE ('', *, *, #859, .F.);
#861 = CARTESIAN_POINT ('', (75.5000000000001, 117.346194077713, -4.50000000000056));
#862 = VERTEX_POINT ('', #861);
#863 = CARTESIAN_POINT ('', (75.4999999999998, 117.346194077712, -4.50000000000054));
#864 = CARTESIAN_POINT ('', (75.4999999999998, 117.096194077713, -4.50000000000054));
#865 = B_SPLINE_CURVE_WITH_KNOTS ('', 1, (#863, #864), .UNSPECIFIED., .F., .U., (2, 2), (0., 1.), .UNSPECIFIED.);
#866 = EDGE_CURVE ('', #862, #855, #865, .T.);
#867 = ORIENTED_EDGE ('', *, *, #866, .F.);
#868 = CARTESIAN_POINT ('', (75.5000000000001, 117.096194077713, -4.25000000000096));
#869 = VERTEX_POINT ('', #868);
#870 = CARTESIAN_POINT ('', (75.4999999999998, 117.346194077712, -4.50000000000098));
#871 = CARTESIAN_POINT ('', (75.4999999999998, 117.262860744379, -4.41666666666763));
#872 = CARTESIAN_POINT ('', (75.4999999999998, 117.179527411046, -4.33333333333428));
#873 = CARTESIAN_POINT ('', (75.4999999999998, 117.096194077713, -4.25000000000093));
#874 = B_SPLINE_CURVE_WITH_KNOTS ('', 3, (#870, #871, #872, #873), .UNSPECIFIED., .F., .U., (4, 4), (0., 0.35355339059329), .UNSPECIFIED.);
#875 = EDGE_CURVE ('', #862, #869, #874, .T.);
#876 = ORIENTED_EDGE ('', *, *, #875, .T.);
#877 = CARTESIAN_POINT ('', (75.4999999999998, 117.096194077713, -4.2499999999931));
#878 = CARTESIAN_POINT ('', (75.4999999999998, 117.096194077713, -3.50000000000009));
#879 = B_SPLINE_CURVE_WITH_KNOTS ('', 1, (#877, #878), .UNSPECIFIED., .F., .U., (2, 2), (0., 1.), .UNSPECIFIED.);
#880 = EDGE_CURVE ('', #869, #807, #879, .T.);
#881 = ORIENTED_EDGE ('', *, *, #880, .T.);
#882 = EDGE_LOOP ('', (#812, #817, #818, #825, #832, #839, #846, #853, #860, #867, #876, #881));
#883 = FACE_OUTER_BOUND ('', #882, .T.);
#884 = CARTESIAN_POINT ('', (75.4999999999998, 113.846194077713, -3.50000000000009));
#885 = CARTESIAN_POINT ('', (75.4999999999998, 117.346194077712, -3.50000000000009));
#886 = CARTESIAN_POINT ('', (75.4999999999998, 113.846194077713, -5.00000000000038));
#887 = CARTESIAN_POINT ('', (75.4999999999998, 117.346194077712, -5.00000000000038));
#888 = B_SPLINE_SURFACE_WITH_KNOTS ('', 1, 1, ((#884, #885), (#886, #887)), .UNSPECIFIED., .F., .F., .U., (2, 2), (2, 2), (0., 0.150000000000028), (0.350000000000053, 0.699999999999947), .UNSPECIFIED.);
#889 = ADVANCED_FACE ('', (#883), #888, .T.);
#890 = CARTESIAN_POINT ('', (77.0000000000001, 117.096194077713, -3.50000000000011));
#891 = VERTEX_POINT ('', #890);
#892 = CARTESIAN_POINT ('', (76.9999999999998, 117.096194077713, -3.50000000000009));
#893 = CARTESIAN_POINT ('', (75.4999999999998, 117.096194077713, -3.50000000000009));
#894 = B_SPLINE_CURVE_WITH_KNOTS ('', 1, (#892, #893), .UNSPECIFIED., .F., .U., (2, 2), (0., 1.), .UNSPECIFIED.);
#895 = EDGE_CURVE ('', #891, #807, #894, .T.);
#896 = ORIENTED_EDGE ('', *, *, #895, .F.);
#897 = CARTESIAN_POINT ('', (77.0000000000001, 116.346194077713, -3.50000000000011));
#898 = VERTEX_POINT ('', #897);
#899 = CARTESIAN_POINT ('', (76.9999999999998, 116.346194077713, -3.50000000000009));
#900 = CARTESIAN_POINT ('', (76.9999999999998, 117.096194077713, -3.50000000000009));
#901 = B_SPLINE_CURVE_WITH_KNOTS ('', 1, (#899, #900), .UNSPECIFIED., .F., .U., (2, 2), (0.714285714285779, 0.928571428571553), .UNSPECIFIED.);
#902 = EDGE_CURVE ('', #898, #891, #901, .T.);
#903 = ORIENTED_EDGE ('', *, *, #902, .F.);
#904 = CARTESIAN_POINT ('', (77.0000000000001, 114.846194077713, -3.50000000000011));
#905 = VERTEX_POINT ('', #904);
#906 = CARTESIAN_POINT ('', (76.9999999999998, 116.346194077713, -3.50000000000009));
#907 = CARTESIAN_POINT ('', (76.9999999999998, 114.846194077713, -3.50000000000009));
#908 = B_SPLINE_CURVE_WITH_KNOTS ('', 1, (#906, #907), .UNSPECIFIED., .F., .U., (2, 2), (1.5, 3.), .UNSPECIFIED.);
#909 = EDGE_CURVE ('', #898, #905, #908, .T.);
#910 = ORIENTED_EDGE ('', *, *, #909, .T.);
#911 = CARTESIAN_POINT ('', (77.0000000000001, 114.096194077713, -3.50000000000011));
#912 = VERTEX_POINT ('', #911);
#913 = CARTESIAN_POINT ('', (76.9999999999998, 114.096194077713, -3.50000000000009));
#914 = CARTESIAN_POINT ('', (76.9999999999998, 114.846194077713, -3.50000000000009));
#915 = B_SPLINE_CURVE_WITH_KNOTS ('', 1, (#913, #914), .UNSPECIFIED., .F., .U., (2, 2), (0.0714285714284508, 0.285714285714221), .UNSPECIFIED.);
#916 = EDGE_CURVE ('', #912, #905, #915, .T.);
#917 = ORIENTED_EDGE ('', *, *, #916, .F.);
#918 = CARTESIAN_POINT ('', (75.4999999999998, 114.096194077713, -3.50000000000009));
#919 = CARTESIAN_POINT ('', (76.9999999999998, 114.096194077713, -3.50000000000009));
#920 = B_SPLINE_CURVE_WITH_KNOTS ('', 1, (#918, #919), .UNSPECIFIED., .F., .U., (2, 2), (0., 1.), .UNSPECIFIED.);
#921 = EDGE_CURVE ('', #805, #912, #920, .T.);
#922 = ORIENTED_EDGE ('', *, *, #921, .F.);
#923 = ORIENTED_EDGE ('', *, *, #811, .T.);
#924 = EDGE_LOOP ('', (#896, #903, #910, #917, #922, #923));
#925 = FACE_OUTER_BOUND ('', #924, .T.);
#926 = CARTESIAN_POINT ('', (75.4999999999998, 114.096194077713, -3.50000000000009));
#927 = CARTESIAN_POINT ('', (76.9999999999998, 114.096194077713, -3.50000000000009));
#928 = CARTESIAN_POINT ('', (75.4999999999998, 117.096194077713, -3.50000000000009));
#929 = CARTESIAN_POINT ('', (76.9999999999998, 117.096194077713, -3.50000000000009));
#930 = B_SPLINE_SURFACE_WITH_KNOTS ('', 1, 1, ((#926, #927), (#928, #929)), .UNSPECIFIED., .F., .F., .U., (2, 2), (2, 2), (0.163282485149247, 0.83671751485073), (0.331641242574635, 0.668358757425372), .UNSPECIFIED.);
#931 = ADVANCED_FACE ('', (#925), #930, .T.);
#932 = CARTESIAN_POINT ('', (77.0000000000001, 117.096194077714, -4.50000000000056));
#933 = VERTEX_POINT ('', #932);
#934 = CARTESIAN_POINT ('', (77.0000000000001, 117.096194077714, -5.0000000000005));
#935 = VERTEX_POINT ('', #934);
#936 = CARTESIAN_POINT ('', (76.9999999999998, 117.096194077713, -4.50000000000054));
#937 = CARTESIAN_POINT ('', (76.9999999999998, 117.096194077713, -5.00000000000054));
#938 = B_SPLINE_CURVE_WITH_KNOTS ('', 1, (#936, #937), .UNSPECIFIED., .F., .U., (2, 2), (0., 1.), .UNSPECIFIED.);
#939 = EDGE_CURVE ('', #933, #935, #938, .T.);
#940 = ORIENTED_EDGE ('', *, *, #939, .T.);
#941 = CARTESIAN_POINT ('', (77.0000000000001, 114.096194077714, -4.99999999999995));
#942 = VERTEX_POINT ('', #941);
#943 = CARTESIAN_POINT ('', (76.9999999999998, 114.096194077713, -4.99999999999994));
#944 = CARTESIAN_POINT ('', (76.9999999999998, 117.096194077713, -5.00000000000048));
#945 = B_SPLINE_CURVE_WITH_KNOTS ('', 1, (#943, #944), .UNSPECIFIED., .F., .U., (2, 2), (0.0714285714285036, 0.928571428571618), .UNSPECIFIED.);
#946 = EDGE_CURVE ('', #942, #935, #945, .T.);
#947 = ORIENTED_EDGE ('', *, *, #946, .F.);
#948 = CARTESIAN_POINT ('', (77.0000000000001, 114.096194077714, -4.50000000000056));
#949 = VERTEX_POINT ('', #948);
#950 = CARTESIAN_POINT ('', (76.9999999999998, 114.096194077713, -4.50000000000054));
#951 = CARTESIAN_POINT ('', (76.9999999999998, 114.096194077713, -5.00000000000039));
#952 = B_SPLINE_CURVE_WITH_KNOTS ('', 1, (#950, #951), .UNSPECIFIED., .F., .U., (2, 2), (0., 1.), .UNSPECIFIED.);
#953 = EDGE_CURVE ('', #949, #942, #952, .T.);
#954 = ORIENTED_EDGE ('', *, *, #953, .F.);
#955 = CARTESIAN_POINT ('', (77.0000000000001, 113.846194077714, -4.49999999999991));
#956 = VERTEX_POINT ('', #955);
#957 = CARTESIAN_POINT ('', (76.9999999999998, 113.846194077713, -4.50000000000054));
#958 = CARTESIAN_POINT ('', (76.9999999999998, 114.096194077713, -4.50000000000054));
#959 = B_SPLINE_CURVE_WITH_KNOTS ('', 1, (#957, #958), .UNSPECIFIED., .F., .U., (2, 2), (0., 1.), .UNSPECIFIED.);
#960 = EDGE_CURVE ('', #956, #949, #959, .T.);
#961 = ORIENTED_EDGE ('', *, *, #960, .F.);
#962 = CARTESIAN_POINT ('', (77.0000000000001, 114.096194077713, -4.25000000000041));
#963 = VERTEX_POINT ('', #962);
#964 = CARTESIAN_POINT ('', (76.9999999999998, 113.846194077713, -4.50000000000035));
#965 = CARTESIAN_POINT ('', (76.9999999999998, 113.929527411046, -4.41666666666704));
#966 = CARTESIAN_POINT ('', (76.9999999999998, 114.012860744379, -4.33333333333372));
#967 = CARTESIAN_POINT ('', (76.9999999999998, 114.096194077713, -4.25000000000041));
#968 = B_SPLINE_CURVE_WITH_KNOTS ('', 3, (#964, #965, #966, #967), .UNSPECIFIED., .F., .U., (4, 4), (0., 0.353553390593271), .UNSPECIFIED.);
#969 = EDGE_CURVE ('', #956, #963, #968, .T.);
#970 = ORIENTED_EDGE ('', *, *, #969, .T.);
#971 = CARTESIAN_POINT ('', (76.9999999999998, 114.096194077713, -3.50000000000009));
#972 = CARTESIAN_POINT ('', (76.9999999999998, 114.096194077713, -4.24999999999491));
#973 = B_SPLINE_CURVE_WITH_KNOTS ('', 1, (#971, #972), .UNSPECIFIED., .F., .U., (2, 2), (0., 1.), .UNSPECIFIED.);
#974 = EDGE_CURVE ('', #912, #963, #973, .T.);
#975 = ORIENTED_EDGE ('', *, *, #974, .F.);
#976 = ORIENTED_EDGE ('', *, *, #916, .T.);
#977 = ORIENTED_EDGE ('', *, *, #909, .F.);
#978 = ORIENTED_EDGE ('', *, *, #902, .T.);
#979 = CARTESIAN_POINT ('', (77.0000000000001, 117.096194077713, -4.25000000000058));
#980 = VERTEX_POINT ('', #979);
#981 = CARTESIAN_POINT ('', (76.9999999999998, 117.096194077713, -4.24999999999272));
#982 = CARTESIAN_POINT ('', (76.9999999999998, 117.096194077713, -3.50000000000009));
#983 = B_SPLINE_CURVE_WITH_KNOTS ('', 1, (#981, #982), .UNSPECIFIED., .F., .U., (2, 2), (0., 1.), .UNSPECIFIED.);
#984 = EDGE_CURVE ('', #980, #891, #983, .T.);
#985 = ORIENTED_EDGE ('', *, *, #984, .F.);
#986 = CARTESIAN_POINT ('', (77.0000000000001, 117.346194077713, -4.50000000000054));
#987 = VERTEX_POINT ('', #986);
#988 = CARTESIAN_POINT ('', (76.9999999999998, 117.346194077713, -4.5000000000006));
#989 = CARTESIAN_POINT ('', (76.9999999999998, 117.262860744379, -4.41666666666726));
#990 = CARTESIAN_POINT ('', (76.9999999999998, 117.179527411046, -4.33333333333392));
#991 = CARTESIAN_POINT ('', (76.9999999999998, 117.096194077713, -4.25000000000057));
#992 = B_SPLINE_CURVE_WITH_KNOTS ('', 3, (#988, #989, #990, #991), .UNSPECIFIED., .F., .U., (4, 4), (0., 0.353553390593267), .UNSPECIFIED.);
#993 = EDGE_CURVE ('', #987, #980, #992, .T.);
#994 = ORIENTED_EDGE ('', *, *, #993, .F.);
#995 = CARTESIAN_POINT ('', (76.9999999999998, 117.096194077713, -4.50000000000054));
#996 = CARTESIAN_POINT ('', (76.9999999999998, 117.346194077712, -4.50000000000054));
#997 = B_SPLINE_CURVE_WITH_KNOTS ('', 1, (#995, #996), .UNSPECIFIED., .F., .U., (2, 2), (1.56250000000013, 1.81249999999916), .UNSPECIFIED.);
#998 = EDGE_CURVE ('', #933, #987, #997, .T.);
#999 = ORIENTED_EDGE ('', *, *, #998, .F.);
#1000 = EDGE_LOOP ('', (#940, #947, #954, #961, #970, #975, #976, #977, #978, #985, #994, #999));
#1001 = FACE_OUTER_BOUND ('', #1000, .T.);
#1002 = CARTESIAN_POINT ('', (76.9999999999998, 117.346194077712, -3.50000000000009));
#1003 = CARTESIAN_POINT ('', (76.9999999999998, 113.846194077713, -3.50000000000009));
#1004 = CARTESIAN_POINT ('', (76.9999999999998, 117.346194077712, -5.00000000000051));
#1005 = CARTESIAN_POINT ('', (76.9999999999998, 113.846194077713, -5.00000000000051));
#1006 = B_SPLINE_SURFACE_WITH_KNOTS ('', 1, 1, ((#1002, #1003), (#1004, #1005)), .UNSPECIFIED., .F., .F., .U., (2, 2), (2, 2), (0., 0.150000000000042), (0.0500000000000526, 0.399999999999947), .UNSPECIFIED.);
#1007 = ADVANCED_FACE ('', (#1001), #1006, .T.);
#1008 = CARTESIAN_POINT ('', (77.1249999999998, 117.346194077713, -4.50000000000053));
#1009 = VERTEX_POINT ('', #1008);
#1010 = CARTESIAN_POINT ('', (77.1249999999995, 117.346194077713, -4.50000000000052));
#1011 = CARTESIAN_POINT ('', (77.083333333333, 117.346194077713, -4.50000000000052));
#1012 = CARTESIAN_POINT ('', (77.0416666666664, 117.346194077713, -4.50000000000052));
#1013 = CARTESIAN_POINT ('', (76.9999999999998, 117.346194077713, -4.50000000000052));
#1014 = B_SPLINE_CURVE_WITH_KNOTS ('', 3, (#1010, #1011, #1012, #1013), .UNSPECIFIED., .F., .U., (4, 4), (0., 0.124999999999689), .UNSPECIFIED.);
#1015 = EDGE_CURVE ('', #1009, #987, #1014, .T.);
#1016 = ORIENTED_EDGE ('', *, *, #1015, .T.);
#1017 = ORIENTED_EDGE ('', *, *, #993, .T.);
#1018 = CARTESIAN_POINT ('', (77.1249999999998, 117.096194077713, -4.25000000000053));
#1019 = VERTEX_POINT ('', #1018);
#1020 = CARTESIAN_POINT ('', (76.9999999999998, 117.096194077713, -4.25000000000056));
#1021 = CARTESIAN_POINT ('', (77.1249999999996, 117.096194077713, -4.25000000000053));
#1022 = B_SPLINE_CURVE_WITH_KNOTS ('', 1, (#1020, #1021), .UNSPECIFIED., .F., .U., (2, 2), (14.9285714285716, 15.), .UNSPECIFIED.);
#1023 = EDGE_CURVE ('', #980, #1019, #1022, .T.);
#1024 = ORIENTED_EDGE ('', *, *, #1023, .T.);
#1025 = CARTESIAN_POINT ('', (77.1249999999996, 117.096194077713, -4.25000000000053));
#1026 = CARTESIAN_POINT ('', (77.1249999999995, 117.346194077713, -4.50000000000057));
#1027 = B_SPLINE_CURVE_WITH_KNOTS ('', 1, (#1025, #1026), .UNSPECIFIED., .F., .U., (2, 2), (0., 1.), .UNSPECIFIED.);
#1028 = EDGE_CURVE ('', #1019, #1009, #1027, .T.);
#1029 = ORIENTED_EDGE ('', *, *, #1028, .T.);
#1030 = EDGE_LOOP ('', (#1016, #1017, #1024, #1029));
#1031 = FACE_OUTER_BOUND ('', #1030, .T.);
#1032 = CARTESIAN_POINT ('', (76.9999999999998, 117.096194077713, -4.25000000000057));
#1033 = CARTESIAN_POINT ('', (76.9999999999998, 117.346194077713, -4.5000000000006));
#1034 = CARTESIAN_POINT ('', (77.0416666666664, 117.096194077713, -4.25000000000056));
#1035 = CARTESIAN_POINT ('', (77.0416666666664, 117.346194077713, -4.50000000000059));
#1036 = CARTESIAN_POINT ('', (77.083333333333, 117.096194077713, -4.25000000000055));
#1037 = CARTESIAN_POINT ('', (77.083333333333, 117.346194077713, -4.50000000000058));
#1038 = CARTESIAN_POINT ('', (77.1249999999996, 117.096194077713, -4.25000000000053));
#1039 = CARTESIAN_POINT ('', (77.1249999999995, 117.346194077713, -4.50000000000057));
#1040 = B_SPLINE_SURFACE_WITH_KNOTS ('', 3, 1, ((#1032, #1033), (#1034, #1035), (#1036, #1037), (#1038, #1039)), .UNSPECIFIED., .F., .F., .U., (4, 4), (2, 2), (0.92857142857157, 1.), (0., 1.), .UNSPECIFIED.);
#1041 = ADVANCED_FACE ('', (#1031), #1040, .T.);
#1042 = ORIENTED_EDGE ('', *, *, #1028, .F.);
#1043 = CARTESIAN_POINT ('', (77.8749999999998, 116.346194077713, -4.2500000000005));
#1044 = VERTEX_POINT ('', #1043);
#1045 = CARTESIAN_POINT ('', (77.1249999999996, 117.096194077713, -4.25000000000053));
#1046 = CARTESIAN_POINT ('', (77.1360485434556, 117.096194077713, -4.25000000000053));
#1047 = CARTESIAN_POINT ('', (77.158348162585, 117.095705672462, -4.25000000000053));
#1048 = CARTESIAN_POINT ('', (77.1923197144356, 117.093429626268, -4.25000000000052));
#1049 = CARTESIAN_POINT ('', (77.2267179502096, 117.089537377502, -4.25000000000052));
#1050 = CARTESIAN_POINT ('', (77.2614377477197, 117.083963051007, -4.25000000000052));
#1051 = CARTESIAN_POINT ('', (77.2963647947637, 117.076649042622, -4.25000000000051));
#1052 = CARTESIAN_POINT ('', (77.3313763040518, 117.067547399473, -4.25000000000051));
#1053 = CARTESIAN_POINT ('', (77.3663419558305, 117.056621137604, -4.25000000000051));
#1054 = CARTESIAN_POINT ('', (77.4011250663422, 117.043845461175, -4.2500000000005));
#1055 = CARTESIAN_POINT ('', (77.4355839718264, 117.029208838753, -4.2500000000005));
#1056 = CARTESIAN_POINT ('', (77.4695736087564, 117.012713894994, -4.2500000000005));
#1057 = CARTESIAN_POINT ('', (77.5029472618972, 116.994378078281, -4.2500000000005));
#1058 = CARTESIAN_POINT ('', (77.5355584430881, 116.974234070023, -4.25000000000049));
#1059 = CARTESIAN_POINT ('', (77.5672628559806, 116.952329908387, -4.25000000000049));
#1060 = CARTESIAN_POINT ('', (77.5979203958394, 116.928728808195, -4.25000000000049));
#1061 = CARTESIAN_POINT ('', (77.6273971294558, 116.903508669196, -4.25000000000049));
#1062 = CARTESIAN_POINT ('', (77.6555671985995, 116.876761276313, -4.25000000000049));
#1063 = CARTESIAN_POINT ('', (77.682314591483, 116.848591207169, -4.25000000000049));
#1064 = CARTESIAN_POINT ('', (77.7075347304818, 116.819114473553, -4.25000000000049));
#1065 = CARTESIAN_POINT ('', (77.731135830674, 116.788456933694, -4.25000000000049));
#1066 = CARTESIAN_POINT ('', (77.7530399923099, 116.756752520801, -4.25000000000048));
#1067 = CARTESIAN_POINT ('', (77.7731840005675, 116.72414133961, -4.25000000000049));
#1068 = CARTESIAN_POINT ('', (77.7915198172809, 116.69076768647, -4.25000000000049));
#1069 = CARTESIAN_POINT ('', (77.80801476104, 116.65677804954, -4.25000000000049));
#1070 = CARTESIAN_POINT ('', (77.8226513834619, 116.622319144055, -4.25000000000049));
#1071 = CARTESIAN_POINT ('', (77.8354270598908, 116.587536033544, -4.25000000000049));
#1072 = CARTESIAN_POINT ('', (77.8463533217598, 116.552570381765, -4.25000000000049));
#1073 = CARTESIAN_POINT ('', (77.8554549649091, 116.517558872477, -4.25000000000049));
#1074 = CARTESIAN_POINT ('', (77.8627689732934, 116.482631825433, -4.25000000000049));
#1075 = CARTESIAN_POINT ('', (77.8683432997891, 116.447912027923, -4.2500000000005));
#1076 = CARTESIAN_POINT ('', (77.8722355485545, 116.413513792149, -4.2500000000005));
#1077 = CARTESIAN_POINT ('', (77.8745115947483, 116.379542240298, -4.2500000000005));
#1078 = CARTESIAN_POINT ('', (77.8749999999995, 116.357242621169, -4.2500000000005));
#1079 = CARTESIAN_POINT ('', (77.8749999999995, 116.346194077713, -4.2500000000005));
#1080 = B_SPLINE_CURVE_WITH_KNOTS ('', 3, (#1045, #1046, #1047, #1048, #1049, #1050, #1051, #1052, #1053, #1054, #1055, #1056, #1057, #1058, #1059, #1060, #1061, #1062, #1063, #1064, #1065, #1066, #1067, #1068, #1069, #1070, #1071, #1072, #1073, #1074, #1075, #1076, #1077, #1078, #1079), .UNSPECIFIED., .F., .U., (4, 1, 1, 1, 1, 1, 1, 1, 1, 1, 1, 1, 1, 1, 1, 1, 1, 1, 1, 1, 1, 1, 1, 1, 1, 1, 1, 1, 1, 1, 1, 1, 4), (15., 15.03125, 15.0625, 15.09375, 15.125, 15.15625, 15.1875, 15.21875, 15.25, 15.28125, 15.3125, 15.34375, 15.375, 15.40625, 15.4375, 15.46875, 15.5, 15.53125, 15.5625, 15.59375, 15.625, 15.65625, 15.6875, 15.71875, 15.75, 15.78125, 15.8125, 15.84375, 15.875, 15.90625, 15.9375, 15.96875, 16.), .UNSPECIFIED.);
#1081 = EDGE_CURVE ('', #1019, #1044, #1080, .T.);
#1082 = ORIENTED_EDGE ('', *, *, #1081, .T.);
#1083 = CARTESIAN_POINT ('', (78.1249999999998, 116.346194077713, -4.49999999999992));
#1084 = VERTEX_POINT ('', #1083);
#1085 = CARTESIAN_POINT ('', (77.8749999999995, 116.346194077713, -4.2500000000005));
#1086 = CARTESIAN_POINT ('', (78.1249999999995, 116.346194077713, -4.50000000000052));
#1087 = B_SPLINE_CURVE_WITH_KNOTS ('', 1, (#1085, #1086), .UNSPECIFIED., .F., .U., (2, 2), (0., 1.), .UNSPECIFIED.);
#1088 = EDGE_CURVE ('', #1044, #1084, #1087, .T.);
#1089 = ORIENTED_EDGE ('', *, *, #1088, .T.);
#1090 = CARTESIAN_POINT ('', (77.1249999999996, 117.346194077713, -4.50000000000074));
#1091 = CARTESIAN_POINT ('', (77.1397313912743, 117.346194077713, -4.50000000000075));
#1092 = CARTESIAN_POINT ('', (77.1694642167801, 117.345542870711, -4.50000000000075));
#1093 = CARTESIAN_POINT ('', (77.2147596192476, 117.342508142453, -4.50000000000075));
#1094 = CARTESIAN_POINT ('', (77.260623933613, 117.337318477432, -4.50000000000074));
#1095 = CARTESIAN_POINT ('', (77.3069169969597, 117.329886042105, -4.50000000000074));
#1096 = CARTESIAN_POINT ('', (77.3534863930184, 117.320134030925, -4.50000000000073));
#1097 = CARTESIAN_POINT ('', (77.4001684054026, 117.307998506726, -4.50000000000073));
#1098 = CARTESIAN_POINT ('', (77.4467892744408, 117.293430157568, -4.50000000000072));
#1099 = CARTESIAN_POINT ('', (77.4931667551231, 117.276395922329, -4.5000000000007));
#1100 = CARTESIAN_POINT ('', (77.5391119624353, 117.256880425767, -4.50000000000069));
#1101 = CARTESIAN_POINT ('', (77.5844314783421, 117.234887167421, -4.50000000000067));
#1102 = CARTESIAN_POINT ('', (77.6289296825298, 117.210439411803, -4.50000000000065));
#1103 = CARTESIAN_POINT ('', (77.672411257451, 117.183580734127, -4.50000000000063));
#1104 = CARTESIAN_POINT ('', (77.7146838079743, 117.154375185279, -4.50000000000061));
#1105 = CARTESIAN_POINT ('', (77.7555605277859, 117.122907051689, -4.50000000000058));
#1106 = CARTESIAN_POINT ('', (77.7948628392746, 117.089280199691, -4.50000000000056));
#1107 = CARTESIAN_POINT ('', (77.8324229314661, 117.053617009179, -4.50000000000053));
#1108 = CARTESIAN_POINT ('', (77.8680861219775, 117.016056916988, -4.5000000000005));
#1109 = CARTESIAN_POINT ('', (77.9017129739758, 116.976754605499, -4.50000000000046));
#1110 = CARTESIAN_POINT ('', (77.9331811075655, 116.935877885687, -4.50000000000043));
#1111 = CARTESIAN_POINT ('', (77.9623866564134, 116.893605335164, -4.50000000000039));
#1112 = CARTESIAN_POINT ('', (77.9892453340901, 116.850123760243, -4.50000000000036));
#1113 = CARTESIAN_POINT ('', (78.0136930897081, 116.805625556055, -4.50000000000032));
#1114 = CARTESIAN_POINT ('', (78.0356863480534, 116.760306040148, -4.50000000000028));
#1115 = CARTESIAN_POINT ('', (78.055201844616, 116.714360832836, -4.50000000000024));
#1116 = CARTESIAN_POINT ('', (78.0722360798545, 116.667983352154, -4.5000000000002));
#1117 = CARTESIAN_POINT ('', (78.0868044290131, 116.621362483116, -4.50000000000016));
#1118 = CARTESIAN_POINT ('', (78.0989399532123, 116.574680470732, -4.50000000000012));
#1119 = CARTESIAN_POINT ('', (78.1086919643914, 116.528111074673, -4.50000000000008));
#1120 = CARTESIAN_POINT ('', (78.116124399719, 116.481818011326, -4.50000000000004));
#1121 = CARTESIAN_POINT ('', (78.1213140647394, 116.435953696961, -4.5));
#1122 = CARTESIAN_POINT ('', (78.1243487929979, 116.390658294493, -4.49999999999996));
#1123 = CARTESIAN_POINT ('', (78.1249999999996, 116.360925468987, -4.49999999999993));
#1124 = CARTESIAN_POINT ('', (78.1249999999996, 116.346194077713, -4.49999999999992));
#1125 = B_SPLINE_CURVE_WITH_KNOTS ('', 3, (#1090, #1091, #1092, #1093, #1094, #1095, #1096, #1097, #1098, #1099, #1100, #1101, #1102, #1103, #1104, #1105, #1106, #1107, #1108, #1109, #1110, #1111, #1112, #1113, #1114, #1115, #1116, #1117, #1118, #1119, #1120, #1121, #1122, #1123, #1124), .UNSPECIFIED., .F., .U., (4, 1, 1, 1, 1, 1, 1, 1, 1, 1, 1, 1, 1, 1, 1, 1, 1, 1, 1, 1, 1, 1, 1, 1, 1, 1, 1, 1, 1, 1, 1, 1, 4), (0., 0.03125, 0.0625, 0.09375, 0.125, 0.15625, 0.1875, 0.21875, 0.25, 0.28125, 0.3125, 0.34375, 0.375, 0.40625, 0.4375, 0.46875, 0.5, 0.53125, 0.5625, 0.59375, 0.625, 0.65625, 0.6875, 0.71875, 0.75, 0.78125, 0.8125, 0.84375, 0.875, 0.90625, 0.9375, 0.96875, 1.), .UNSPECIFIED.);
#1126 = EDGE_CURVE ('', #1009, #1084, #1125, .T.);
#1127 = ORIENTED_EDGE ('', *, *, #1126, .F.);
#1128 = EDGE_LOOP ('', (#1042, #1082, #1089, #1127));
#1129 = FACE_OUTER_BOUND ('', #1128, .T.);
#1130 = CARTESIAN_POINT ('', (77.1249999999996, 117.096194077713, -4.25000000000053));
#1131 = CARTESIAN_POINT ('', (77.1249999999996, 117.346194077713, -4.50000000000074));
#1132 = CARTESIAN_POINT ('', (77.1838688064984, 117.096240690321, -4.25000000000052));
#1133 = CARTESIAN_POINT ('', (77.203491741998, 117.346256227857, -4.50000000000071));
#1134 = CARTESIAN_POINT ('', (77.2768242623384, 117.08563082494, -4.25000000000055));
#1135 = CARTESIAN_POINT ('', (77.3274323497846, 117.332109740683, -4.5000000000008));
#1136 = CARTESIAN_POINT ('', (77.4014541423124, 117.045748662066, -4.25000000000053));
#1137 = CARTESIAN_POINT ('', (77.4936055230833, 117.278933523517, -4.5000000000007));
#1138 = CARTESIAN_POINT ('', (77.4926278914443, 117.002556888573, -4.25000000000045));
#1139 = CARTESIAN_POINT ('', (77.6151705219259, 117.221344492193, -4.50000000000066));
#1140 = CARTESIAN_POINT ('', (77.5787218357566, 116.946360135882, -4.25000000000052));
#1141 = CARTESIAN_POINT ('', (77.7299624476757, 117.146415488605, -4.50000000000062));
#1142 = CARTESIAN_POINT ('', (77.6570231553528, 116.878217233066, -4.25000000000047));
#1143 = CARTESIAN_POINT ('', (77.8343642071372, 117.05555828485, -4.50000000000053));
#1144 = CARTESIAN_POINT ('', (77.725166058169, 116.79991591347, -4.25000000000052));
#1145 = CARTESIAN_POINT ('', (77.9252214108921, 116.951156525389, -4.50000000000043));
#1146 = CARTESIAN_POINT ('', (77.7813628108595, 116.713821969158, -4.25000000000046));
#1147 = CARTESIAN_POINT ('', (78.0001504144795, 116.836364599639, -4.50000000000036));
#1148 = CARTESIAN_POINT ('', (77.8245545843525, 116.622648220026, -4.25000000000052));
#1149 = CARTESIAN_POINT ('', (78.0577394458035, 116.714799600797, -4.50000000000026));
#1150 = CARTESIAN_POINT ('', (77.8644367472271, 116.498018340052, -4.25000000000045));
#1151 = CARTESIAN_POINT ('', (78.1109156629697, 116.548626427498, -4.50000000000009));
#1152 = CARTESIAN_POINT ('', (77.8750466126077, 116.405062884212, -4.25000000000055));
#1153 = CARTESIAN_POINT ('', (78.1250621501437, 116.424685819711, -4.5));
#1154 = CARTESIAN_POINT ('', (77.8749999999995, 116.346194077713, -4.2500000000005));
#1155 = CARTESIAN_POINT ('', (78.1249999999996, 116.346194077713, -4.49999999999992));
#1156 = B_SPLINE_SURFACE_WITH_KNOTS ('', 3, 1, ((#1130, #1131), (#1132, #1133), (#1134, #1135), (#1136, #1137), (#1138, #1139), (#1140, #1141), (#1142, #1143), (#1144, #1145), (#1146, #1147), (#1148, #1149), (#1150, #1151), (#1152, #1153), (#1154, #1155)), .UNSPECIFIED., .F., .F., .U., (4, 1, 1, 1, 1, 1, 1, 1, 1, 1, 4), (2, 2), (0., 0.166666666666666, 0.249999999999998, 0.333333333333332, 0.416666666666664, 0.499999999999987, 0.58333333333332, 0.666666666666663, 0.749999999999995, 0.833333333333326, 1.), (0., 1.), .UNSPECIFIED.);
#1157 = ADVANCED_FACE ('', (#1129), #1156, .T.);
#1158 = ORIENTED_EDGE ('', *, *, #1088, .F.);
#1159 = CARTESIAN_POINT ('', (77.8749999999999, 114.846194077713, -4.25000000000019));
#1160 = VERTEX_POINT ('', #1159);
#1161 = CARTESIAN_POINT ('', (77.8749999999995, 116.346194077713, -4.2500000000005));
#1162 = CARTESIAN_POINT ('', (77.8749999999996, 114.846194077713, -4.25000000000018));
#1163 = B_SPLINE_CURVE_WITH_KNOTS ('', 1, (#1161, #1162), .UNSPECIFIED., .F., .U., (2, 2), (8., 9.), .UNSPECIFIED.);
#1164 = EDGE_CURVE ('', #1044, #1160, #1163, .T.);
#1165 = ORIENTED_EDGE ('', *, *, #1164, .T.);
#1166 = CARTESIAN_POINT ('', (78.1249999999998, 114.846194077713, -4.50000000000021));
#1167 = VERTEX_POINT ('', #1166);
#1168 = CARTESIAN_POINT ('', (77.8749999999996, 114.846194077713, -4.25000000000018));
#1169 = CARTESIAN_POINT ('', (78.1249999999996, 114.846194077713, -4.4999999999999));
#1170 = B_SPLINE_CURVE_WITH_KNOTS ('', 1, (#1168, #1169), .UNSPECIFIED., .F., .U., (2, 2), (0., 1.), .UNSPECIFIED.);
#1171 = EDGE_CURVE ('', #1160, #1167, #1170, .T.);
#1172 = ORIENTED_EDGE ('', *, *, #1171, .T.);
#1173 = CARTESIAN_POINT ('', (78.1249999999995, 116.346194077713, -4.50000000000052));
#1174 = CARTESIAN_POINT ('', (78.1249999999996, 115.846194077713, -4.50000000000029));
#1175 = CARTESIAN_POINT ('', (78.1249999999995, 115.346194077713, -4.50000000000036));
#1176 = CARTESIAN_POINT ('', (78.1249999999996, 114.846194077713, -4.50000000000019));
#1177 = B_SPLINE_CURVE_WITH_KNOTS ('', 3, (#1173, #1174, #1175, #1176), .UNSPECIFIED., .F., .U., (4, 4), (0., 1.), .UNSPECIFIED.);
#1178 = EDGE_CURVE ('', #1084, #1167, #1177, .T.);
#1179 = ORIENTED_EDGE ('', *, *, #1178, .F.);
#1180 = EDGE_LOOP ('', (#1158, #1165, #1172, #1179));
#1181 = FACE_OUTER_BOUND ('', #1180, .T.);
#1182 = CARTESIAN_POINT ('', (77.8749999999995, 116.346194077713, -4.2500000000005));
#1183 = CARTESIAN_POINT ('', (78.1249999999995, 116.346194077713, -4.50000000000052));
#1184 = CARTESIAN_POINT ('', (77.8749999999996, 115.846194077713, -4.25000000000033));
#1185 = CARTESIAN_POINT ('', (78.1249999999996, 115.846194077713, -4.50000000000029));
#1186 = CARTESIAN_POINT ('', (77.8749999999995, 115.346194077713, -4.25000000000032));
#1187 = CARTESIAN_POINT ('', (78.1249999999995, 115.346194077713, -4.50000000000036));
#1188 = CARTESIAN_POINT ('', (77.8749999999996, 114.846194077713, -4.25000000000018));
#1189 = CARTESIAN_POINT ('', (78.1249999999996, 114.846194077713, -4.50000000000019));
#1190 = B_SPLINE_SURFACE_WITH_KNOTS ('', 3, 1, ((#1182, #1183), (#1184, #1185), (#1186, #1187), (#1188, #1189)), .UNSPECIFIED., .F., .F., .U., (4, 4), (2, 2), (0., 1.), (0., 1.), .UNSPECIFIED.);
#1191 = ADVANCED_FACE ('', (#1181), #1190, .T.);
#1192 = ORIENTED_EDGE ('', *, *, #1171, .F.);
#1193 = CARTESIAN_POINT ('', (77.1249999999999, 114.096194077713, -4.25000000000046));
#1194 = VERTEX_POINT ('', #1193);
#1195 = CARTESIAN_POINT ('', (77.8749999999996, 114.846194077713, -4.25000000000018));
#1196 = CARTESIAN_POINT ('', (77.8749999999996, 114.835145534257, -4.25000000000017));
#1197 = CARTESIAN_POINT ('', (77.8745115947483, 114.812845915127, -4.25000000000016));
#1198 = CARTESIAN_POINT ('', (77.8722355485545, 114.778874363277, -4.25000000000015));
#1199 = CARTESIAN_POINT ('', (77.8683432997892, 114.744476127503, -4.25000000000014));
#1200 = CARTESIAN_POINT ('', (77.8627689732934, 114.709756329993, -4.25000000000013));
#1201 = CARTESIAN_POINT ('', (77.8554549649092, 114.674829282949, -4.25000000000012));
#1202 = CARTESIAN_POINT ('', (77.8463533217598, 114.639817773661, -4.25000000000011));
#1203 = CARTESIAN_POINT ('', (77.8354270598908, 114.604852121882, -4.25000000000011));
#1204 = CARTESIAN_POINT ('', (77.8226513834619, 114.57006901137, -4.2500000000001));
#1205 = CARTESIAN_POINT ('', (77.80801476104, 114.535610105886, -4.2500000000001));
#1206 = CARTESIAN_POINT ('', (77.791519817281, 114.501620468956, -4.2500000000001));
#1207 = CARTESIAN_POINT ('', (77.7731840005675, 114.468246815815, -4.2500000000001));
#1208 = CARTESIAN_POINT ('', (77.75303999231, 114.435635634624, -4.2500000000001));
#1209 = CARTESIAN_POINT ('', (77.7311358306741, 114.403931221732, -4.2500000000001));
#1210 = CARTESIAN_POINT ('', (77.7075347304818, 114.373273681873, -4.25000000000011));
#1211 = CARTESIAN_POINT ('', (77.682314591483, 114.343796948256, -4.25000000000012));
#1212 = CARTESIAN_POINT ('', (77.6555671985995, 114.315626879113, -4.25000000000013));
#1213 = CARTESIAN_POINT ('', (77.6273971294559, 114.288879486229, -4.25000000000014));
#1214 = CARTESIAN_POINT ('', (77.5979203958394, 114.263659347231, -4.25000000000015));
#1215 = CARTESIAN_POINT ('', (77.5672628559806, 114.240058247038, -4.25000000000016));
#1216 = CARTESIAN_POINT ('', (77.5355584430882, 114.218154085402, -4.25000000000018));
#1217 = CARTESIAN_POINT ('', (77.5029472618972, 114.198010077145, -4.2500000000002));
#1218 = CARTESIAN_POINT ('', (77.4695736087565, 114.179674260431, -4.25000000000021));
#1219 = CARTESIAN_POINT ('', (77.4355839718264, 114.163179316672, -4.25000000000023));
#1220 = CARTESIAN_POINT ('', (77.4011250663422, 114.14854269425, -4.25000000000025));
#1221 = CARTESIAN_POINT ('', (77.3663419558305, 114.135767017822, -4.25000000000028));
#1222 = CARTESIAN_POINT ('', (77.3313763040518, 114.124840755953, -4.2500000000003));
#1223 = CARTESIAN_POINT ('', (77.2963647947637, 114.115739112803, -4.25000000000032));
#1224 = CARTESIAN_POINT ('', (77.2614377477197, 114.108425104419, -4.25000000000034));
#1225 = CARTESIAN_POINT ('', (77.2267179502096, 114.102850777923, -4.25000000000037));
#1226 = CARTESIAN_POINT ('', (77.1923197144356, 114.098958529158, -4.25000000000039));
#1227 = CARTESIAN_POINT ('', (77.158348162585, 114.096682482964, -4.25000000000042));
#1228 = CARTESIAN_POINT ('', (77.1360485434556, 114.096194077713, -4.25000000000044));
#1229 = CARTESIAN_POINT ('', (77.1249999999996, 114.096194077713, -4.25000000000045));
#1230 = B_SPLINE_CURVE_WITH_KNOTS ('', 3, (#1195, #1196, #1197, #1198, #1199, #1200, #1201, #1202, #1203, #1204, #1205, #1206, #1207, #1208, #1209, #1210, #1211, #1212, #1213, #1214, #1215, #1216, #1217, #1218, #1219, #1220, #1221, #1222, #1223, #1224, #1225, #1226, #1227, #1228, #1229), .UNSPECIFIED., .F., .U., (4, 1, 1, 1, 1, 1, 1, 1, 1, 1, 1, 1, 1, 1, 1, 1, 1, 1, 1, 1, 1, 1, 1, 1, 1, 1, 1, 1, 1, 1, 1, 1, 4), (9., 9.03125, 9.0625, 9.09375, 9.125, 9.15625, 9.1875, 9.21875, 9.25, 9.28125, 9.3125, 9.34375, 9.375, 9.40625, 9.4375, 9.46875, 9.5, 9.53125, 9.5625, 9.59375, 9.625, 9.65625, 9.6875, 9.71875, 9.75, 9.78125, 9.8125, 9.84375, 9.875, 9.90625, 9.9375, 9.96875, 10.), .UNSPECIFIED.);
#1231 = EDGE_CURVE ('', #1160, #1194, #1230, .T.);
#1232 = ORIENTED_EDGE ('', *, *, #1231, .T.);
#1233 = CARTESIAN_POINT ('', (77.1249999999999, 113.846194077713, -4.49999999999991));
#1234 = VERTEX_POINT ('', #1233);
#1235 = CARTESIAN_POINT ('', (77.1249999999996, 114.096194077713, -4.25000000000045));
#1236 = CARTESIAN_POINT ('', (77.1249999999996, 113.846194077713, -4.50000000000039));
#1237 = B_SPLINE_CURVE_WITH_KNOTS ('', 1, (#1235, #1236), .UNSPECIFIED., .F., .U., (2, 2), (0., 1.), .UNSPECIFIED.);
#1238 = EDGE_CURVE ('', #1194, #1234, #1237, .T.);
#1239 = ORIENTED_EDGE ('', *, *, #1238, .T.);
#1240 = CARTESIAN_POINT ('', (78.1249999999996, 114.846194077713, -4.4999999999999));
#1241 = CARTESIAN_POINT ('', (78.1249999999996, 114.831462686438, -4.4999999999999));
#1242 = CARTESIAN_POINT ('', (78.1243487929979, 114.801729860932, -4.49999999999988));
#1243 = CARTESIAN_POINT ('', (78.1213140647394, 114.756434458465, -4.49999999999987));
#1244 = CARTESIAN_POINT ('', (78.116124399719, 114.710570144099, -4.49999999999985));
#1245 = CARTESIAN_POINT ('', (78.1086919643914, 114.664277080753, -4.49999999999984));
#1246 = CARTESIAN_POINT ('', (78.0989399532123, 114.617707684694, -4.49999999999983));
#1247 = CARTESIAN_POINT ('', (78.0868044290132, 114.57102567231, -4.49999999999982));
#1248 = CARTESIAN_POINT ('', (78.0722360798546, 114.524404803271, -4.49999999999981));
#1249 = CARTESIAN_POINT ('', (78.055201844616, 114.478027322589, -4.49999999999981));
#1250 = CARTESIAN_POINT ('', (78.0356863480535, 114.432082115277, -4.4999999999998));
#1251 = CARTESIAN_POINT ('', (78.0136930897081, 114.38676259937, -4.49999999999981));
#1252 = CARTESIAN_POINT ('', (77.9892453340901, 114.342264395182, -4.49999999999981));
#1253 = CARTESIAN_POINT ('', (77.9623866564134, 114.298782820261, -4.49999999999982));
#1254 = CARTESIAN_POINT ('', (77.9331811075655, 114.256510269738, -4.49999999999983));
#1255 = CARTESIAN_POINT ('', (77.9017129739758, 114.215633549926, -4.49999999999984));
#1256 = CARTESIAN_POINT ('', (77.8680861219775, 114.176331238438, -4.49999999999986));
#1257 = CARTESIAN_POINT ('', (77.8324229314661, 114.138771146246, -4.49999999999988));
#1258 = CARTESIAN_POINT ('', (77.7948628392746, 114.103107955735, -4.4999999999999));
#1259 = CARTESIAN_POINT ('', (77.755560527786, 114.069481103736, -4.49999999999992));
#1260 = CARTESIAN_POINT ('', (77.7146838079743, 114.038012970147, -4.49999999999995));
#1261 = CARTESIAN_POINT ('', (77.672411257451, 114.008807421299, -4.49999999999998));
#1262 = CARTESIAN_POINT ('', (77.6289296825298, 113.981948743622, -4.50000000000001));
#1263 = CARTESIAN_POINT ('', (77.5844314783421, 113.957500988004, -4.50000000000005));
#1264 = CARTESIAN_POINT ('', (77.5391119624353, 113.935507729659, -4.50000000000009));
#1265 = CARTESIAN_POINT ('', (77.4931667551231, 113.915992233096, -4.50000000000013));
#1266 = CARTESIAN_POINT ('', (77.4467892744408, 113.898957997858, -4.50000000000016));
#1267 = CARTESIAN_POINT ('', (77.4001684054026, 113.884389648699, -4.50000000000021));
#1268 = CARTESIAN_POINT ('', (77.3534863930184, 113.8722541245, -4.50000000000025));
#1269 = CARTESIAN_POINT ('', (77.3069169969597, 113.862502113321, -4.50000000000029));
#1270 = CARTESIAN_POINT ('', (77.260623933613, 113.855069677993, -4.50000000000034));
#1271 = CARTESIAN_POINT ('', (77.2147596192476, 113.849880012973, -4.50000000000038));
#1272 = CARTESIAN_POINT ('', (77.1694642167801, 113.846845284714, -4.50000000000043));
#1273 = CARTESIAN_POINT ('', (77.1397313912743, 113.846194077713, -4.50000000000046));
#1274 = CARTESIAN_POINT ('', (77.1249999999996, 113.846194077713, -4.50000000000047));
#1275 = B_SPLINE_CURVE_WITH_KNOTS ('', 3, (#1240, #1241, #1242, #1243, #1244, #1245, #1246, #1247, #1248, #1249, #1250, #1251, #1252, #1253, #1254, #1255, #1256, #1257, #1258, #1259, #1260, #1261, #1262, #1263, #1264, #1265, #1266, #1267, #1268, #1269, #1270, #1271, #1272, #1273, #1274), .UNSPECIFIED., .F., .U., (4, 1, 1, 1, 1, 1, 1, 1, 1, 1, 1, 1, 1, 1, 1, 1, 1, 1, 1, 1, 1, 1, 1, 1, 1, 1, 1, 1, 1, 1, 1, 1, 4), (0., 0.03125, 0.0625, 0.09375, 0.125, 0.15625, 0.1875, 0.21875, 0.25, 0.28125, 0.3125, 0.34375, 0.375, 0.40625, 0.4375, 0.46875, 0.5, 0.53125, 0.5625, 0.59375, 0.625, 0.65625, 0.6875, 0.71875, 0.75, 0.78125, 0.8125, 0.84375, 0.875, 0.90625, 0.9375, 0.96875, 1.), .UNSPECIFIED.);
#1276 = EDGE_CURVE ('', #1167, #1234, #1275, .T.);
#1277 = ORIENTED_EDGE ('', *, *, #1276, .F.);
#1278 = EDGE_LOOP ('', (#1192, #1232, #1239, #1277));
#1279 = FACE_OUTER_BOUND ('', #1278, .T.);
#1280 = CARTESIAN_POINT ('', (77.8749999999996, 114.846194077713, -4.25000000000018));
#1281 = CARTESIAN_POINT ('', (78.1249999999996, 114.846194077713, -4.4999999999999));
#1282 = CARTESIAN_POINT ('', (77.8750466126077, 114.787325271214, -4.25000000000015));
#1283 = CARTESIAN_POINT ('', (78.1250621501437, 114.767702335714, -4.49999999999988));
#1284 = CARTESIAN_POINT ('', (77.8644367472272, 114.694369815374, -4.25000000000012));
#1285 = CARTESIAN_POINT ('', (78.1109156629697, 114.643761727928, -4.49999999999979));
#1286 = CARTESIAN_POINT ('', (77.8245545843526, 114.5697399354, -4.25000000000009));
#1287 = CARTESIAN_POINT ('', (78.0577394458036, 114.477588554629, -4.49999999999979));
#1288 = CARTESIAN_POINT ('', (77.7813628108595, 114.478566186268, -4.25000000000008));
#1289 = CARTESIAN_POINT ('', (78.0001504144795, 114.356023555786, -4.49999999999978));
#1290 = CARTESIAN_POINT ('', (77.725166058169, 114.392472241956, -4.25000000000006));
#1291 = CARTESIAN_POINT ('', (77.9252214108922, 114.241231630037, -4.49999999999981));
#1292 = CARTESIAN_POINT ('', (77.6570231553528, 114.31417092236, -4.25000000000015));
#1293 = CARTESIAN_POINT ('', (77.8343642071372, 114.136829870575, -4.49999999999988));
#1294 = CARTESIAN_POINT ('', (77.5787218357567, 114.246028019543, -4.25000000000015));
#1295 = CARTESIAN_POINT ('', (77.7299624476756, 114.04597266682, -4.49999999999995));
#1296 = CARTESIAN_POINT ('', (77.4926278914443, 114.189831266853, -4.25000000000021));
#1297 = CARTESIAN_POINT ('', (77.6151705219259, 113.971043663233, -4.50000000000002));
#1298 = CARTESIAN_POINT ('', (77.4014541423124, 114.14663949336, -4.25000000000029));
#1299 = CARTESIAN_POINT ('', (77.4936055230833, 113.913454631909, -4.50000000000012));
#1300 = CARTESIAN_POINT ('', (77.2768242623384, 114.106757330485, -4.25000000000026));
#1301 = CARTESIAN_POINT ('', (77.3274323497847, 113.860278414743, -4.50000000000028));
#1302 = CARTESIAN_POINT ('', (77.1838688064984, 114.096147465105, -4.2500000000004));
#1303 = CARTESIAN_POINT ('', (77.203491741998, 113.846131927569, -4.50000000000036));
#1304 = CARTESIAN_POINT ('', (77.1249999999996, 114.096194077713, -4.25000000000045));
#1305 = CARTESIAN_POINT ('', (77.1249999999996, 113.846194077713, -4.50000000000047));
#1306 = B_SPLINE_SURFACE_WITH_KNOTS ('', 3, 1, ((#1280, #1281), (#1282, #1283), (#1284, #1285), (#1286, #1287), (#1288, #1289), (#1290, #1291), (#1292, #1293), (#1294, #1295), (#1296, #1297), (#1298, #1299), (#1300, #1301), (#1302, #1303), (#1304, #1305)), .UNSPECIFIED., .F., .F., .U., (4, 1, 1, 1, 1, 1, 1, 1, 1, 1, 4), (2, 2), (0., 0.166666666666665, 0.250000000000001, 0.333333333333332, 0.416666666666667, 0.499999999999997, 0.583333333333334, 0.666666666666666, 0.749999999999987, 0.83333333333333, 1.), (0., 1.), .UNSPECIFIED.);
#1307 = ADVANCED_FACE ('', (#1279), #1306, .T.);
#1308 = ORIENTED_EDGE ('', *, *, #1231, .F.);
#1309 = CARTESIAN_POINT ('', (77.8749999999999, 114.846194077713, -3.00000000000019));
#1310 = VERTEX_POINT ('', #1309);
#1311 = CARTESIAN_POINT ('', (77.8749999999996, 114.846194077713, -4.25000000000018));
#1312 = CARTESIAN_POINT ('', (77.8749999999997, 114.846194077713, -3.00000000000018));
#1313 = B_SPLINE_CURVE_WITH_KNOTS ('', 1, (#1311, #1312), .UNSPECIFIED., .F., .U., (2, 2), (0., 1.), .UNSPECIFIED.);
#1314 = EDGE_CURVE ('', #1160, #1310, #1313, .T.);
#1315 = ORIENTED_EDGE ('', *, *, #1314, .T.);
#1316 = CARTESIAN_POINT ('', (77.1249999999999, 114.096194077713, -3.00000000000046));
#1317 = VERTEX_POINT ('', #1316);
#1318 = CARTESIAN_POINT ('', (77.8749999999997, 114.846194077713, -3.00000000000018));
#1319 = CARTESIAN_POINT ('', (77.8749999999997, 114.835145534257, -3.00000000000018));
#1320 = CARTESIAN_POINT ('', (77.8745115947484, 114.812845915128, -3.00000000000017));
#1321 = CARTESIAN_POINT ('', (77.8722355485546, 114.778874363277, -3.00000000000015));
#1322 = CARTESIAN_POINT ('', (77.8683432997892, 114.744476127503, -3.00000000000014));
#1323 = CARTESIAN_POINT ('', (77.8627689732935, 114.709756329993, -3.00000000000013));
#1324 = CARTESIAN_POINT ('', (77.8554549649092, 114.674829282949, -3.00000000000012));
#1325 = CARTESIAN_POINT ('', (77.8463533217599, 114.639817773661, -3.00000000000011));
#1326 = CARTESIAN_POINT ('', (77.8354270598909, 114.604852121882, -3.0000000000001));
#1327 = CARTESIAN_POINT ('', (77.822651383462, 114.57006901137, -3.0000000000001));
#1328 = CARTESIAN_POINT ('', (77.8080147610401, 114.535610105886, -3.00000000000009));
#1329 = CARTESIAN_POINT ('', (77.7915198172811, 114.501620468956, -3.00000000000009));
#1330 = CARTESIAN_POINT ('', (77.7731840005676, 114.468246815815, -3.00000000000009));
#1331 = CARTESIAN_POINT ('', (77.7530399923101, 114.435635634624, -3.00000000000009));
#1332 = CARTESIAN_POINT ('', (77.7311358306741, 114.403931221732, -3.0000000000001));
#1333 = CARTESIAN_POINT ('', (77.7075347304819, 114.373273681873, -3.0000000000001));
#1334 = CARTESIAN_POINT ('', (77.6823145914831, 114.343796948257, -3.00000000000011));
#1335 = CARTESIAN_POINT ('', (77.6555671985996, 114.315626879113, -3.00000000000012));
#1336 = CARTESIAN_POINT ('', (77.6273971294559, 114.28887948623, -3.00000000000013));
#1337 = CARTESIAN_POINT ('', (77.5979203958395, 114.263659347231, -3.00000000000014));
#1338 = CARTESIAN_POINT ('', (77.5672628559807, 114.240058247039, -3.00000000000016));
#1339 = CARTESIAN_POINT ('', (77.5355584430883, 114.218154085403, -3.00000000000017));
#1340 = CARTESIAN_POINT ('', (77.5029472618973, 114.198010077145, -3.00000000000019));
#1341 = CARTESIAN_POINT ('', (77.4695736087565, 114.179674260432, -3.00000000000021));
#1342 = CARTESIAN_POINT ('', (77.4355839718265, 114.163179316673, -3.00000000000023));
#1343 = CARTESIAN_POINT ('', (77.4011250663423, 114.148542694251, -3.00000000000025));
#1344 = CARTESIAN_POINT ('', (77.3663419558306, 114.135767017822, -3.00000000000027));
#1345 = CARTESIAN_POINT ('', (77.3313763040519, 114.124840755953, -3.0000000000003));
#1346 = CARTESIAN_POINT ('', (77.2963647947638, 114.115739112803, -3.00000000000032));
#1347 = CARTESIAN_POINT ('', (77.2614377477198, 114.108425104419, -3.00000000000035));
#1348 = CARTESIAN_POINT ('', (77.2267179502097, 114.102850777923, -3.00000000000037));
#1349 = CARTESIAN_POINT ('', (77.1923197144357, 114.098958529158, -3.0000000000004));
#1350 = CARTESIAN_POINT ('', (77.158348162585, 114.096682482964, -3.00000000000042));
#1351 = CARTESIAN_POINT ('', (77.1360485434557, 114.096194077713, -3.00000000000044));
#1352 = CARTESIAN_POINT ('', (77.1249999999997, 114.096194077713, -3.00000000000045));
#1353 = B_SPLINE_CURVE_WITH_KNOTS ('', 3, (#1318, #1319, #1320, #1321, #1322, #1323, #1324, #1325, #1326, #1327, #1328, #1329, #1330, #1331, #1332, #1333, #1334, #1335, #1336, #1337, #1338, #1339, #1340, #1341, #1342, #1343, #1344, #1345, #1346, #1347, #1348, #1349, #1350, #1351, #1352), .UNSPECIFIED., .F., .U., (4, 1, 1, 1, 1, 1, 1, 1, 1, 1, 1, 1, 1, 1, 1, 1, 1, 1, 1, 1, 1, 1, 1, 1, 1, 1, 1, 1, 1, 1, 1, 1, 4), (9., 9.03125, 9.0625, 9.09375, 9.125, 9.15625, 9.1875, 9.21875, 9.25, 9.28125, 9.3125, 9.34375, 9.375, 9.40625, 9.4375, 9.46875, 9.5, 9.53125, 9.5625, 9.59375, 9.625, 9.65625, 9.6875, 9.71875, 9.75, 9.78125, 9.8125, 9.84375, 9.875, 9.90625, 9.9375, 9.96875, 10.), .UNSPECIFIED.);
#1354 = EDGE_CURVE ('', #1310, #1317, #1353, .T.);
#1355 = ORIENTED_EDGE ('', *, *, #1354, .T.);
#1356 = CARTESIAN_POINT ('', (77.1249999999996, 114.096194077713, -4.25000000000045));
#1357 = CARTESIAN_POINT ('', (77.1249999999997, 114.096194077713, -3.00000000000045));
#1358 = B_SPLINE_CURVE_WITH_KNOTS ('', 1, (#1356, #1357), .UNSPECIFIED., .F., .U., (2, 2), (0., 1.), .UNSPECIFIED.);
#1359 = EDGE_CURVE ('', #1194, #1317, #1358, .T.);
#1360 = ORIENTED_EDGE ('', *, *, #1359, .F.);
#1361 = EDGE_LOOP ('', (#1308, #1315, #1355, #1360));
#1362 = FACE_OUTER_BOUND ('', #1361, .T.);
#1363 = CARTESIAN_POINT ('', (77.1249999999986, 114.096194077713, -3.00000000000045));
#1364 = CARTESIAN_POINT ('', (77.8749999999986, 114.096194077713, -2.99999999999984));
#1365 = CARTESIAN_POINT ('', (77.8749999999986, 114.846194077713, -3.00000000000001));
#1366 = CARTESIAN_POINT ('', (77.1249999999997, 114.096194077713, -4.25000000000059));
#1367 = CARTESIAN_POINT ('', (77.8749999999996, 114.096194077713, -4.24999999999998));
#1368 = CARTESIAN_POINT ('', (77.8749999999996, 114.846194077713, -4.25000000000015));
#1369 = (
   BOUNDED_SURFACE ()
   B_SPLINE_SURFACE (1, 2, ((#1363, #1364, #1365), (#1366, #1367, #1368)), .UNSPECIFIED., .F., .F., .U.)
   B_SPLINE_SURFACE_WITH_KNOTS ((2, 2), (3, 3), (-0.125000000000014, 0.), (0., 0.117809724509605), .UNSPECIFIED.)
   GEOMETRIC_REPRESENTATION_ITEM ()
   RATIONAL_B_SPLINE_SURFACE (((1., 0.707106781186547, 1.), (1., 0.707106781186547, 1.)))
   REPRESENTATION_ITEM ('')
   SURFACE ()
);
#1370 = ADVANCED_FACE ('', (#1362), #1369, .T.);
#1371 = ORIENTED_EDGE ('', *, *, #1354, .F.);
#1372 = CARTESIAN_POINT ('', (77.875, 114.846194077714, -2.50000000000019));
#1373 = VERTEX_POINT ('', #1372);
#1374 = CARTESIAN_POINT ('', (77.8749999999997, 114.846194077713, -3.00000000000018));
#1375 = CARTESIAN_POINT ('', (77.8749999999997, 114.846194077713, -2.50000000000018));
#1376 = B_SPLINE_CURVE_WITH_KNOTS ('', 1, (#1374, #1375), .UNSPECIFIED., .F., .U., (2, 2), (0., 1.), .UNSPECIFIED.);
#1377 = EDGE_CURVE ('', #1310, #1373, #1376, .T.);
#1378 = ORIENTED_EDGE ('', *, *, #1377, .T.);
#1379 = CARTESIAN_POINT ('', (77.125, 114.096194077714, -2.50000000000046));
#1380 = VERTEX_POINT ('', #1379);
#1381 = CARTESIAN_POINT ('', (77.8749999999997, 114.846194077713, -2.50000000000018));
#1382 = CARTESIAN_POINT ('', (77.8749999999997, 114.835145534257, -2.50000000000018));
#1383 = CARTESIAN_POINT ('', (77.8745115947485, 114.812845915128, -2.50000000000017));
#1384 = CARTESIAN_POINT ('', (77.8722355485546, 114.778874363277, -2.50000000000015));
#1385 = CARTESIAN_POINT ('', (77.8683432997893, 114.744476127503, -2.50000000000014));
#1386 = CARTESIAN_POINT ('', (77.8627689732936, 114.709756329993, -2.50000000000013));
#1387 = CARTESIAN_POINT ('', (77.8554549649093, 114.674829282949, -2.50000000000012));
#1388 = CARTESIAN_POINT ('', (77.8463533217599, 114.639817773661, -2.50000000000011));
#1389 = CARTESIAN_POINT ('', (77.835427059891, 114.604852121882, -2.50000000000011));
#1390 = CARTESIAN_POINT ('', (77.822651383462, 114.57006901137, -2.5000000000001));
#1391 = CARTESIAN_POINT ('', (77.8080147610401, 114.535610105886, -2.5000000000001));
#1392 = CARTESIAN_POINT ('', (77.7915198172811, 114.501620468956, -2.50000000000009));
#1393 = CARTESIAN_POINT ('', (77.7731840005676, 114.468246815815, -2.50000000000009));
#1394 = CARTESIAN_POINT ('', (77.7530399923101, 114.435635634625, -2.5000000000001));
#1395 = CARTESIAN_POINT ('', (77.7311358306742, 114.403931221732, -2.5000000000001));
#1396 = CARTESIAN_POINT ('', (77.7075347304819, 114.373273681873, -2.5000000000001));
#1397 = CARTESIAN_POINT ('', (77.6823145914831, 114.343796948257, -2.50000000000011));
#1398 = CARTESIAN_POINT ('', (77.6555671985996, 114.315626879113, -2.50000000000012));
#1399 = CARTESIAN_POINT ('', (77.627397129456, 114.28887948623, -2.50000000000013));
#1400 = CARTESIAN_POINT ('', (77.5979203958395, 114.263659347231, -2.50000000000014));
#1401 = CARTESIAN_POINT ('', (77.5672628559808, 114.240058247039, -2.50000000000016));
#1402 = CARTESIAN_POINT ('', (77.5355584430883, 114.218154085403, -2.50000000000017));
#1403 = CARTESIAN_POINT ('', (77.5029472618974, 114.198010077145, -2.50000000000019));
#1404 = CARTESIAN_POINT ('', (77.4695736087566, 114.179674260432, -2.50000000000021));
#1405 = CARTESIAN_POINT ('', (77.4355839718265, 114.163179316673, -2.50000000000023));
#1406 = CARTESIAN_POINT ('', (77.4011250663424, 114.148542694251, -2.50000000000025));
#1407 = CARTESIAN_POINT ('', (77.3663419558307, 114.135767017822, -2.50000000000027));
#1408 = CARTESIAN_POINT ('', (77.331376304052, 114.124840755953, -2.5000000000003));
#1409 = CARTESIAN_POINT ('', (77.2963647947639, 114.115739112804, -2.50000000000032));
#1410 = CARTESIAN_POINT ('', (77.2614377477198, 114.108425104419, -2.50000000000035));
#1411 = CARTESIAN_POINT ('', (77.2267179502098, 114.102850777924, -2.50000000000037));
#1412 = CARTESIAN_POINT ('', (77.1923197144358, 114.098958529158, -2.5000000000004));
#1413 = CARTESIAN_POINT ('', (77.1583481625851, 114.096682482964, -2.50000000000043));
#1414 = CARTESIAN_POINT ('', (77.1360485434557, 114.096194077713, -2.50000000000044));
#1415 = CARTESIAN_POINT ('', (77.1249999999997, 114.096194077713, -2.50000000000045));
#1416 = B_SPLINE_CURVE_WITH_KNOTS ('', 3, (#1381, #1382, #1383, #1384, #1385, #1386, #1387, #1388, #1389, #1390, #1391, #1392, #1393, #1394, #1395, #1396, #1397, #1398, #1399, #1400, #1401, #1402, #1403, #1404, #1405, #1406, #1407, #1408, #1409, #1410, #1411, #1412, #1413, #1414, #1415), .UNSPECIFIED., .F., .U., (4, 1, 1, 1, 1, 1, 1, 1, 1, 1, 1, 1, 1, 1, 1, 1, 1, 1, 1, 1, 1, 1, 1, 1, 1, 1, 1, 1, 1, 1, 1, 1, 4), (9., 9.03125, 9.0625, 9.09375, 9.125, 9.15625, 9.1875, 9.21875, 9.25, 9.28125, 9.3125, 9.34375, 9.375, 9.40625, 9.4375, 9.46875, 9.5, 9.53125, 9.5625, 9.59375, 9.625, 9.65625, 9.6875, 9.71875, 9.75, 9.78125, 9.8125, 9.84375, 9.875, 9.90625, 9.9375, 9.96875, 10.), .UNSPECIFIED.);
#1417 = EDGE_CURVE ('', #1373, #1380, #1416, .T.);
#1418 = ORIENTED_EDGE ('', *, *, #1417, .T.);
#1419 = CARTESIAN_POINT ('', (77.1249999999997, 114.096194077713, -3.00000000000045));
#1420 = CARTESIAN_POINT ('', (77.1249999999997, 114.096194077713, -2.50000000000045));
#1421 = B_SPLINE_CURVE_WITH_KNOTS ('', 1, (#1419, #1420), .UNSPECIFIED., .F., .U., (2, 2), (0., 1.), .UNSPECIFIED.);
#1422 = EDGE_CURVE ('', #1317, #1380, #1421, .T.);
#1423 = ORIENTED_EDGE ('', *, *, #1422, .F.);
#1424 = EDGE_LOOP ('', (#1371, #1378, #1418, #1423));
#1425 = FACE_OUTER_BOUND ('', #1424, .T.);
#1426 = CARTESIAN_POINT ('', (77.1249999999993, 114.096194077713, -2.50000000000045));
#1427 = CARTESIAN_POINT ('', (77.8749999999993, 114.096194077713, -2.49999999999984));
#1428 = CARTESIAN_POINT ('', (77.8749999999993, 114.846194077713, -2.5));
#1429 = CARTESIAN_POINT ('', (77.1249999999997, 114.096194077713, -3.00000000000064));
#1430 = CARTESIAN_POINT ('', (77.8749999999997, 114.096194077713, -3.00000000000003));
#1431 = CARTESIAN_POINT ('', (77.8749999999997, 114.846194077713, -3.00000000000018));
#1432 = (
   BOUNDED_SURFACE ()
   B_SPLINE_SURFACE (1, 2, ((#1426, #1427, #1428), (#1429, #1430, #1431)), .UNSPECIFIED., .F., .F., .U.)
   B_SPLINE_SURFACE_WITH_KNOTS ((2, 2), (3, 3), (-0.0500000000000184, 0.), (0., 0.117809724509607), .UNSPECIFIED.)
   GEOMETRIC_REPRESENTATION_ITEM ()
   RATIONAL_B_SPLINE_SURFACE (((1., 0.707106781186547, 1.), (1., 0.707106781186547, 1.)))
   REPRESENTATION_ITEM ('')
   SURFACE ()
);
#1433 = ADVANCED_FACE ('', (#1425), #1432, .T.);
#1434 = ORIENTED_EDGE ('', *, *, #1081, .F.);
#1435 = CARTESIAN_POINT ('', (77.1249999999999, 117.096194077713, -3.00000000000053));
#1436 = VERTEX_POINT ('', #1435);
#1437 = CARTESIAN_POINT ('', (77.1249999999996, 117.096194077713, -4.25000000000053));
#1438 = CARTESIAN_POINT ('', (77.1249999999997, 117.096194077713, -3.00000000000054));
#1439 = B_SPLINE_CURVE_WITH_KNOTS ('', 1, (#1437, #1438), .UNSPECIFIED., .F., .U., (2, 2), (0., 1.), .UNSPECIFIED.);
#1440 = EDGE_CURVE ('', #1019, #1436, #1439, .T.);
#1441 = ORIENTED_EDGE ('', *, *, #1440, .T.);
#1442 = CARTESIAN_POINT ('', (77.8749999999999, 116.346194077713, -3.0000000000005));
#1443 = VERTEX_POINT ('', #1442);
#1444 = CARTESIAN_POINT ('', (77.1249999999997, 117.096194077713, -3.00000000000054));
#1445 = CARTESIAN_POINT ('', (77.1360485434557, 117.096194077713, -3.00000000000054));
#1446 = CARTESIAN_POINT ('', (77.158348162585, 117.095705672462, -3.00000000000053));
#1447 = CARTESIAN_POINT ('', (77.1923197144357, 117.093429626268, -3.00000000000053));
#1448 = CARTESIAN_POINT ('', (77.2267179502097, 117.089537377503, -3.00000000000053));
#1449 = CARTESIAN_POINT ('', (77.2614377477198, 117.083963051007, -3.00000000000052));
#1450 = CARTESIAN_POINT ('', (77.2963647947638, 117.076649042623, -3.00000000000052));
#1451 = CARTESIAN_POINT ('', (77.3313763040519, 117.067547399473, -3.00000000000052));
#1452 = CARTESIAN_POINT ('', (77.3663419558306, 117.056621137604, -3.00000000000051));
#1453 = CARTESIAN_POINT ('', (77.4011250663423, 117.043845461175, -3.00000000000051));
#1454 = CARTESIAN_POINT ('', (77.4355839718265, 117.029208838753, -3.00000000000051));
#1455 = CARTESIAN_POINT ('', (77.4695736087565, 117.012713894994, -3.0000000000005));
#1456 = CARTESIAN_POINT ('', (77.5029472618973, 116.994378078281, -3.0000000000005));
#1457 = CARTESIAN_POINT ('', (77.5355584430882, 116.974234070023, -3.0000000000005));
#1458 = CARTESIAN_POINT ('', (77.5672628559807, 116.952329908388, -3.0000000000005));
#1459 = CARTESIAN_POINT ('', (77.5979203958394, 116.928728808195, -3.0000000000005));
#1460 = CARTESIAN_POINT ('', (77.6273971294559, 116.903508669196, -3.00000000000049));
#1461 = CARTESIAN_POINT ('', (77.6555671985996, 116.876761276313, -3.00000000000049));
#1462 = CARTESIAN_POINT ('', (77.6823145914831, 116.848591207169, -3.00000000000049));
#1463 = CARTESIAN_POINT ('', (77.7075347304819, 116.819114473553, -3.00000000000049));
#1464 = CARTESIAN_POINT ('', (77.7311358306741, 116.788456933694, -3.00000000000049));
#1465 = CARTESIAN_POINT ('', (77.75303999231, 116.756752520802, -3.00000000000049));
#1466 = CARTESIAN_POINT ('', (77.7731840005676, 116.724141339611, -3.00000000000049));
#1467 = CARTESIAN_POINT ('', (77.791519817281, 116.69076768647, -3.00000000000049));
#1468 = CARTESIAN_POINT ('', (77.8080147610401, 116.65677804954, -3.00000000000049));
#1469 = CARTESIAN_POINT ('', (77.8226513834619, 116.622319144056, -3.00000000000049));
#1470 = CARTESIAN_POINT ('', (77.8354270598909, 116.587536033544, -3.00000000000049));
#1471 = CARTESIAN_POINT ('', (77.8463533217598, 116.552570381765, -3.0000000000005));
#1472 = CARTESIAN_POINT ('', (77.8554549649092, 116.517558872477, -3.0000000000005));
#1473 = CARTESIAN_POINT ('', (77.8627689732935, 116.482631825433, -3.0000000000005));
#1474 = CARTESIAN_POINT ('', (77.8683432997892, 116.447912027923, -3.0000000000005));
#1475 = CARTESIAN_POINT ('', (77.8722355485545, 116.413513792149, -3.0000000000005));
#1476 = CARTESIAN_POINT ('', (77.8745115947484, 116.379542240298, -3.0000000000005));
#1477 = CARTESIAN_POINT ('', (77.8749999999996, 116.357242621169, -3.00000000000051));
#1478 = CARTESIAN_POINT ('', (77.8749999999996, 116.346194077713, -3.00000000000051));
#1479 = B_SPLINE_CURVE_WITH_KNOTS ('', 3, (#1444, #1445, #1446, #1447, #1448, #1449, #1450, #1451, #1452, #1453, #1454, #1455, #1456, #1457, #1458, #1459, #1460, #1461, #1462, #1463, #1464, #1465, #1466, #1467, #1468, #1469, #1470, #1471, #1472, #1473, #1474, #1475, #1476, #1477, #1478), .UNSPECIFIED., .F., .U., (4, 1, 1, 1, 1, 1, 1, 1, 1, 1, 1, 1, 1, 1, 1, 1, 1, 1, 1, 1, 1, 1, 1, 1, 1, 1, 1, 1, 1, 1, 1, 1, 4), (15., 15.03125, 15.0625, 15.09375, 15.125, 15.15625, 15.1875, 15.21875, 15.25, 15.28125, 15.3125, 15.34375, 15.375, 15.40625, 15.4375, 15.46875, 15.5, 15.53125, 15.5625, 15.59375, 15.625, 15.65625, 15.6875, 15.71875, 15.75, 15.78125, 15.8125, 15.84375, 15.875, 15.90625, 15.9375, 15.96875, 16.), .UNSPECIFIED.);
#1480 = EDGE_CURVE ('', #1436, #1443, #1479, .T.);
#1481 = ORIENTED_EDGE ('', *, *, #1480, .T.);
#1482 = CARTESIAN_POINT ('', (77.8749999999995, 116.346194077713, -4.2500000000005));
#1483 = CARTESIAN_POINT ('', (77.8749999999996, 116.346194077713, -3.00000000000051));
#1484 = B_SPLINE_CURVE_WITH_KNOTS ('', 1, (#1482, #1483), .UNSPECIFIED., .F., .U., (2, 2), (0., 1.), .UNSPECIFIED.);
#1485 = EDGE_CURVE ('', #1044, #1443, #1484, .T.);
#1486 = ORIENTED_EDGE ('', *, *, #1485, .F.);
#1487 = EDGE_LOOP ('', (#1434, #1441, #1481, #1486));
#1488 = FACE_OUTER_BOUND ('', #1487, .T.);
#1489 = CARTESIAN_POINT ('', (77.8749999999996, 116.346194077713, -3.00000000000051));
#1490 = CARTESIAN_POINT ('', (77.8749999999996, 117.096194077713, -3.00000000000045));
#1491 = CARTESIAN_POINT ('', (77.1249999999997, 117.096194077713, -3.00000000000039));
#1492 = CARTESIAN_POINT ('', (77.8749999999995, 116.346194077713, -4.25000000000064));
#1493 = CARTESIAN_POINT ('', (77.8749999999995, 117.096194077713, -4.25000000000058));
#1494 = CARTESIAN_POINT ('', (77.1249999999996, 117.096194077713, -4.25000000000053));
#1495 = (
   BOUNDED_SURFACE ()
   B_SPLINE_SURFACE (1, 2, ((#1489, #1490, #1491), (#1492, #1493, #1494)), .UNSPECIFIED., .F., .F., .U.)
   B_SPLINE_SURFACE_WITH_KNOTS ((2, 2), (3, 3), (-0.125000000000013, 0.), (0., 0.117809724509613), .UNSPECIFIED.)
   GEOMETRIC_REPRESENTATION_ITEM ()
   RATIONAL_B_SPLINE_SURFACE (((1., 0.707106781186547, 1.), (1., 0.707106781186547, 1.)))
   REPRESENTATION_ITEM ('')
   SURFACE ()
);
#1496 = ADVANCED_FACE ('', (#1488), #1495, .T.);
#1497 = ORIENTED_EDGE ('', *, *, #1480, .F.);
#1498 = CARTESIAN_POINT ('', (77.125, 117.096194077714, -2.50000000000055));
#1499 = VERTEX_POINT ('', #1498);
#1500 = CARTESIAN_POINT ('', (77.1249999999997, 117.096194077713, -3.00000000000054));
#1501 = CARTESIAN_POINT ('', (77.1249999999997, 117.096194077713, -2.50000000000054));
#1502 = B_SPLINE_CURVE_WITH_KNOTS ('', 1, (#1500, #1501), .UNSPECIFIED., .F., .U., (2, 2), (0., 1.), .UNSPECIFIED.);
#1503 = EDGE_CURVE ('', #1436, #1499, #1502, .T.);
#1504 = ORIENTED_EDGE ('', *, *, #1503, .T.);
#1505 = CARTESIAN_POINT ('', (77.875, 116.346194077714, -2.50000000000052));
#1506 = VERTEX_POINT ('', #1505);
#1507 = CARTESIAN_POINT ('', (77.1249999999997, 117.096194077713, -2.50000000000054));
#1508 = CARTESIAN_POINT ('', (77.1360485434557, 117.096194077713, -2.50000000000054));
#1509 = CARTESIAN_POINT ('', (77.1583481625851, 117.095705672462, -2.50000000000053));
#1510 = CARTESIAN_POINT ('', (77.1923197144358, 117.093429626268, -2.50000000000053));
#1511 = CARTESIAN_POINT ('', (77.2267179502098, 117.089537377503, -2.50000000000053));
#1512 = CARTESIAN_POINT ('', (77.2614377477198, 117.083963051007, -2.50000000000052));
#1513 = CARTESIAN_POINT ('', (77.2963647947639, 117.076649042623, -2.50000000000052));
#1514 = CARTESIAN_POINT ('', (77.331376304052, 117.067547399473, -2.50000000000052));
#1515 = CARTESIAN_POINT ('', (77.3663419558306, 117.056621137604, -2.50000000000051));
#1516 = CARTESIAN_POINT ('', (77.4011250663423, 117.043845461175, -2.50000000000051));
#1517 = CARTESIAN_POINT ('', (77.4355839718265, 117.029208838754, -2.50000000000051));
#1518 = CARTESIAN_POINT ('', (77.4695736087566, 117.012713894995, -2.50000000000051));
#1519 = CARTESIAN_POINT ('', (77.5029472618974, 116.994378078281, -2.5000000000005));
#1520 = CARTESIAN_POINT ('', (77.5355584430883, 116.974234070024, -2.5000000000005));
#1521 = CARTESIAN_POINT ('', (77.5672628559807, 116.952329908388, -2.5000000000005));
#1522 = CARTESIAN_POINT ('', (77.5979203958395, 116.928728808195, -2.5000000000005));
#1523 = CARTESIAN_POINT ('', (77.627397129456, 116.903508669197, -2.5000000000005));
#1524 = CARTESIAN_POINT ('', (77.6555671985996, 116.876761276313, -2.50000000000049));
#1525 = CARTESIAN_POINT ('', (77.6823145914831, 116.848591207169, -2.50000000000049));
#1526 = CARTESIAN_POINT ('', (77.7075347304819, 116.819114473553, -2.50000000000049));
#1527 = CARTESIAN_POINT ('', (77.7311358306742, 116.788456933694, -2.50000000000049));
#1528 = CARTESIAN_POINT ('', (77.7530399923101, 116.756752520802, -2.50000000000049));
#1529 = CARTESIAN_POINT ('', (77.7731840005676, 116.724141339611, -2.50000000000049));
#1530 = CARTESIAN_POINT ('', (77.7915198172811, 116.69076768647, -2.50000000000049));
#1531 = CARTESIAN_POINT ('', (77.8080147610401, 116.65677804954, -2.50000000000049));
#1532 = CARTESIAN_POINT ('', (77.822651383462, 116.622319144056, -2.50000000000049));
#1533 = CARTESIAN_POINT ('', (77.8354270598909, 116.587536033544, -2.5000000000005));
#1534 = CARTESIAN_POINT ('', (77.8463533217599, 116.552570381765, -2.5000000000005));
#1535 = CARTESIAN_POINT ('', (77.8554549649092, 116.517558872477, -2.5000000000005));
#1536 = CARTESIAN_POINT ('', (77.8627689732935, 116.482631825433, -2.5000000000005));
#1537 = CARTESIAN_POINT ('', (77.8683432997893, 116.447912027923, -2.5000000000005));
#1538 = CARTESIAN_POINT ('', (77.8722355485546, 116.413513792149, -2.5000000000005));
#1539 = CARTESIAN_POINT ('', (77.8745115947484, 116.379542240299, -2.50000000000051));
#1540 = CARTESIAN_POINT ('', (77.8749999999997, 116.357242621169, -2.50000000000051));
#1541 = CARTESIAN_POINT ('', (77.8749999999997, 116.346194077713, -2.50000000000051));
#1542 = B_SPLINE_CURVE_WITH_KNOTS ('', 3, (#1507, #1508, #1509, #1510, #1511, #1512, #1513, #1514, #1515, #1516, #1517, #1518, #1519, #1520, #1521, #1522, #1523, #1524, #1525, #1526, #1527, #1528, #1529, #1530, #1531, #1532, #1533, #1534, #1535, #1536, #1537, #1538, #1539, #1540, #1541), .UNSPECIFIED., .F., .U., (4, 1, 1, 1, 1, 1, 1, 1, 1, 1, 1, 1, 1, 1, 1, 1, 1, 1, 1, 1, 1, 1, 1, 1, 1, 1, 1, 1, 1, 1, 1, 1, 4), (15., 15.03125, 15.0625, 15.09375, 15.125, 15.15625, 15.1875, 15.21875, 15.25, 15.28125, 15.3125, 15.34375, 15.375, 15.40625, 15.4375, 15.46875, 15.5, 15.53125, 15.5625, 15.59375, 15.625, 15.65625, 15.6875, 15.71875, 15.75, 15.78125, 15.8125, 15.84375, 15.875, 15.90625, 15.9375, 15.96875, 16.), .UNSPECIFIED.);
#1543 = EDGE_CURVE ('', #1499, #1506, #1542, .T.);
#1544 = ORIENTED_EDGE ('', *, *, #1543, .T.);
#1545 = CARTESIAN_POINT ('', (77.8749999999996, 116.346194077713, -3.00000000000051));
#1546 = CARTESIAN_POINT ('', (77.8749999999997, 116.346194077713, -2.50000000000051));
#1547 = B_SPLINE_CURVE_WITH_KNOTS ('', 1, (#1545, #1546), .UNSPECIFIED., .F., .U., (2, 2), (0., 1.), .UNSPECIFIED.);
#1548 = EDGE_CURVE ('', #1443, #1506, #1547, .T.);
#1549 = ORIENTED_EDGE ('', *, *, #1548, .F.);
#1550 = EDGE_LOOP ('', (#1497, #1504, #1544, #1549));
#1551 = FACE_OUTER_BOUND ('', #1550, .T.);
#1552 = CARTESIAN_POINT ('', (77.8749999999997, 116.346194077713, -2.50000000000051));
#1553 = CARTESIAN_POINT ('', (77.8749999999997, 117.096194077713, -2.50000000000046));
#1554 = CARTESIAN_POINT ('', (77.1249999999997, 117.096194077713, -2.50000000000039));
#1555 = CARTESIAN_POINT ('', (77.8749999999996, 116.346194077713, -3.00000000000066));
#1556 = CARTESIAN_POINT ('', (77.8749999999996, 117.096194077713, -3.0000000000006));
#1557 = CARTESIAN_POINT ('', (77.1249999999997, 117.096194077713, -3.00000000000054));
#1558 = (
   BOUNDED_SURFACE ()
   B_SPLINE_SURFACE (1, 2, ((#1552, #1553, #1554), (#1555, #1556, #1557)), .UNSPECIFIED., .F., .F., .U.)
   B_SPLINE_SURFACE_WITH_KNOTS ((2, 2), (3, 3), (-0.0500000000000153, -6.45317133063372E-16), (0., 0.117809724509614), .UNSPECIFIED.)
   GEOMETRIC_REPRESENTATION_ITEM ()
   RATIONAL_B_SPLINE_SURFACE (((1., 0.707106781186547, 1.), (1., 0.707106781186547, 1.)))
   REPRESENTATION_ITEM ('')
   SURFACE ()
);
#1559 = ADVANCED_FACE ('', (#1551), #1558, .T.);
#1560 = CARTESIAN_POINT ('', (77.1249999999996, 114.096194077713, -4.25000000000045));
#1561 = CARTESIAN_POINT ('', (76.9999999999998, 114.096194077713, -4.2500000000004));
#1562 = B_SPLINE_CURVE_WITH_KNOTS ('', 1, (#1560, #1561), .UNSPECIFIED., .F., .U., (2, 2), (10., 10.0714285714284), .UNSPECIFIED.);
#1563 = EDGE_CURVE ('', #1194, #963, #1562, .T.);
#1564 = ORIENTED_EDGE ('', *, *, #1563, .T.);
#1565 = ORIENTED_EDGE ('', *, *, #969, .F.);
#1566 = CARTESIAN_POINT ('', (76.9999999999998, 113.846194077713, -4.49999999999989));
#1567 = CARTESIAN_POINT ('', (77.0416666666664, 113.846194077713, -4.49999999999989));
#1568 = CARTESIAN_POINT ('', (77.083333333333, 113.846194077713, -4.49999999999989));
#1569 = CARTESIAN_POINT ('', (77.1249999999996, 113.846194077713, -4.49999999999989));
#1570 = B_SPLINE_CURVE_WITH_KNOTS ('', 3, (#1566, #1567, #1568, #1569), .UNSPECIFIED., .F., .U., (4, 4), (1.6250000000002, 1.74999999999996), .UNSPECIFIED.);
#1571 = EDGE_CURVE ('', #956, #1234, #1570, .T.);
#1572 = ORIENTED_EDGE ('', *, *, #1571, .T.);
#1573 = ORIENTED_EDGE ('', *, *, #1238, .F.);
#1574 = EDGE_LOOP ('', (#1564, #1565, #1572, #1573));
#1575 = FACE_OUTER_BOUND ('', #1574, .T.);
#1576 = CARTESIAN_POINT ('', (77.1249999999996, 114.096194077713, -4.25000000000045));
#1577 = CARTESIAN_POINT ('', (77.1249999999996, 113.846194077713, -4.50000000000039));
#1578 = CARTESIAN_POINT ('', (77.083333333333, 114.096194077713, -4.25000000000044));
#1579 = CARTESIAN_POINT ('', (77.083333333333, 113.846194077713, -4.50000000000038));
#1580 = CARTESIAN_POINT ('', (77.0416666666664, 114.096194077713, -4.25000000000042));
#1581 = CARTESIAN_POINT ('', (77.0416666666664, 113.846194077713, -4.50000000000036));
#1582 = CARTESIAN_POINT ('', (76.9999999999998, 114.096194077713, -4.25000000000041));
#1583 = CARTESIAN_POINT ('', (76.9999999999998, 113.846194077713, -4.50000000000035));
#1584 = B_SPLINE_SURFACE_WITH_KNOTS ('', 3, 1, ((#1576, #1577), (#1578, #1579), (#1580, #1581), (#1582, #1583)), .UNSPECIFIED., .F., .F., .U., (4, 4), (2, 2), (0., 0.0714285714284427), (0., 1.), .UNSPECIFIED.);
#1585 = ADVANCED_FACE ('', (#1575), #1584, .T.);
#1586 = CARTESIAN_POINT ('', (75.4999999999998, 117.096194077713, -5.00000000000054));
#1587 = CARTESIAN_POINT ('', (76.9999999999998, 117.096194077713, -5.00000000000054));
#1588 = B_SPLINE_CURVE_WITH_KNOTS ('', 1, (#1586, #1587), .UNSPECIFIED., .F., .U., (2, 2), (0.0625000000001279, 1.56250000000013), .UNSPECIFIED.);
#1589 = EDGE_CURVE ('', #848, #935, #1588, .T.);
#1590 = ORIENTED_EDGE ('', *, *, #1589, .T.);
#1591 = ORIENTED_EDGE ('', *, *, #939, .F.);
#1592 = CARTESIAN_POINT ('', (75.4999999999998, 117.096194077713, -4.50000000000054));
#1593 = CARTESIAN_POINT ('', (76.9999999999998, 117.096194077713, -4.50000000000054));
#1594 = B_SPLINE_CURVE_WITH_KNOTS ('', 1, (#1592, #1593), .UNSPECIFIED., .F., .U., (2, 2), (0.0625000000001279, 1.56250000000013), .UNSPECIFIED.);
#1595 = EDGE_CURVE ('', #855, #933, #1594, .T.);
#1596 = ORIENTED_EDGE ('', *, *, #1595, .F.);
#1597 = ORIENTED_EDGE ('', *, *, #859, .T.);
#1598 = EDGE_LOOP ('', (#1590, #1591, #1596, #1597));
#1599 = FACE_OUTER_BOUND ('', #1598, .T.);
#1600 = CARTESIAN_POINT ('', (75.4999999999998, 117.096194077713, -4.50000000000054));
#1601 = CARTESIAN_POINT ('', (76.9999999999998, 117.096194077713, -4.50000000000054));
#1602 = CARTESIAN_POINT ('', (75.4999999999998, 117.096194077713, -5.00000000000054));
#1603 = CARTESIAN_POINT ('', (76.9999999999998, 117.096194077713, -5.00000000000054));
#1604 = B_SPLINE_SURFACE_WITH_KNOTS ('', 1, 1, ((#1600, #1601), (#1602, #1603)), .UNSPECIFIED., .F., .F., .U., (2, 2), (2, 2), (0., 0.0499999999999998), (0.00625000000001297, 0.156250000000012), .UNSPECIFIED.);
#1605 = ADVANCED_FACE ('', (#1599), #1604, .T.);
#1606 = CARTESIAN_POINT ('', (80.1249999999999, 114.846194077713, -4.99999999999964));
#1607 = VERTEX_POINT ('', #1606);
#1608 = CARTESIAN_POINT ('', (78.6249999999998, 113.346194077713, -5.00000000000019));
#1609 = VERTEX_POINT ('', #1608);
#1610 = CARTESIAN_POINT ('', (80.1249999999996, 114.846194077713, -4.99999999999962));
#1611 = CARTESIAN_POINT ('', (80.1249999999996, 114.824096990801, -4.99999999999961));
#1612 = CARTESIAN_POINT ('', (80.1240231894971, 114.779497752542, -4.99999999999959));
#1613 = CARTESIAN_POINT ('', (80.1194710971094, 114.711554648841, -4.99999999999956));
#1614 = CARTESIAN_POINT ('', (80.1116865995787, 114.642758177292, -4.99999999999954));
#1615 = CARTESIAN_POINT ('', (80.1005379465873, 114.573318582272, -4.99999999999952));
#1616 = CARTESIAN_POINT ('', (80.0859099298187, 114.503464488184, -4.9999999999995));
#1617 = CARTESIAN_POINT ('', (80.06770664352, 114.433441469608, -4.99999999999948));
#1618 = CARTESIAN_POINT ('', (80.0458541197821, 114.363510166051, -4.99999999999947));
#1619 = CARTESIAN_POINT ('', (80.0203027669242, 114.293943945027, -4.99999999999946));
#1620 = CARTESIAN_POINT ('', (79.9910295220804, 114.225026134059, -4.99999999999945));
#1621 = CARTESIAN_POINT ('', (79.9580396345624, 114.157046860199, -4.99999999999945));
#1622 = CARTESIAN_POINT ('', (79.9213680011354, 114.090299553917, -4.99999999999945));
#1623 = CARTESIAN_POINT ('', (79.8810799846203, 114.025077191535, -4.99999999999945));
#1624 = CARTESIAN_POINT ('', (79.8372716613486, 113.961668365751, -4.99999999999946));
#1625 = CARTESIAN_POINT ('', (79.790069460964, 113.900353286033, -4.99999999999947));
#1626 = CARTESIAN_POINT ('', (79.7396291829664, 113.8413998188, -4.99999999999949));
#1627 = CARTESIAN_POINT ('', (79.6861343971994, 113.785059680513, -4.9999999999995));
#1628 = CARTESIAN_POINT ('', (79.6297942589121, 113.731564894746, -4.99999999999953));
#1629 = CARTESIAN_POINT ('', (79.5708407916791, 113.681124616748, -4.99999999999955));
#1630 = CARTESIAN_POINT ('', (79.5095257119616, 113.633922416364, -4.99999999999958));
#1631 = CARTESIAN_POINT ('', (79.4461168861768, 113.590114093092, -4.99999999999961));
#1632 = CARTESIAN_POINT ('', (79.3808945237949, 113.549826076577, -4.99999999999965));
#1633 = CARTESIAN_POINT ('', (79.3141472175133, 113.51315444315, -4.99999999999969));
#1634 = CARTESIAN_POINT ('', (79.2461679436532, 113.480164555632, -4.99999999999973));
#1635 = CARTESIAN_POINT ('', (79.1772501326848, 113.450891310788, -4.99999999999977));
#1636 = CARTESIAN_POINT ('', (79.1076839116614, 113.42533995793, -4.99999999999982));
#1637 = CARTESIAN_POINT ('', (79.037752608104, 113.403487434192, -4.99999999999986));
#1638 = CARTESIAN_POINT ('', (78.9677295895278, 113.385284147894, -4.99999999999991));
#1639 = CARTESIAN_POINT ('', (78.8978754954397, 113.370656131125, -4.99999999999996));
#1640 = CARTESIAN_POINT ('', (78.8284359004196, 113.359507478134, -5.00000000000001));
#1641 = CARTESIAN_POINT ('', (78.7596394288716, 113.351722980603, -5.00000000000007));
#1642 = CARTESIAN_POINT ('', (78.6916963251703, 113.347170888215, -5.00000000000012));
#1643 = CARTESIAN_POINT ('', (78.6470970869116, 113.346194077713, -5.00000000000016));
#1644 = CARTESIAN_POINT ('', (78.6249999999995, 113.346194077713, -5.00000000000017));
#1645 = B_SPLINE_CURVE_WITH_KNOTS ('', 3, (#1610, #1611, #1612, #1613, #1614, #1615, #1616, #1617, #1618, #1619, #1620, #1621, #1622, #1623, #1624, #1625, #1626, #1627, #1628, #1629, #1630, #1631, #1632, #1633, #1634, #1635, #1636, #1637, #1638, #1639, #1640, #1641, #1642, #1643, #1644), .UNSPECIFIED., .F., .U., (4, 1, 1, 1, 1, 1, 1, 1, 1, 1, 1, 1, 1, 1, 1, 1, 1, 1, 1, 1, 1, 1, 1, 1, 1, 1, 1, 1, 1, 1, 1, 1, 4), (9., 9.03125, 9.0625, 9.09375, 9.125, 9.15625, 9.1875, 9.21875, 9.25, 9.28125, 9.3125, 9.34375, 9.375, 9.40625, 9.4375, 9.46875, 9.5, 9.53125, 9.5625, 9.59375, 9.625, 9.65625, 9.6875, 9.71875, 9.75, 9.78125, 9.8125, 9.84375, 9.875, 9.90625, 9.9375, 9.96875, 10.), .UNSPECIFIED.);
#1646 = EDGE_CURVE ('', #1607, #1609, #1645, .T.);
#1647 = ORIENTED_EDGE ('', *, *, #1646, .T.);
#1648 = CARTESIAN_POINT ('', (73.875, 113.346194077713, -5.00000000000001));
#1649 = VERTEX_POINT ('', #1648);
#1650 = CARTESIAN_POINT ('', (78.6249999999995, 113.346194077713, -5.00000000000017));
#1651 = CARTESIAN_POINT ('', (73.8749999999997, 113.346194077713, -4.99999999999999));
#1652 = B_SPLINE_CURVE_WITH_KNOTS ('', 1, (#1650, #1651), .UNSPECIFIED., .F., .U., (2, 2), (0., 1.), .UNSPECIFIED.);
#1653 = EDGE_CURVE ('', #1609, #1649, #1652, .T.);
#1654 = ORIENTED_EDGE ('', *, *, #1653, .T.);
#1655 = CARTESIAN_POINT ('', (72.3749999999999, 114.846194077713, -4.99999999999996));
#1656 = VERTEX_POINT ('', #1655);
#1657 = CARTESIAN_POINT ('', (73.8749999999997, 113.346194077713, -4.99999999999999));
#1658 = CARTESIAN_POINT ('', (73.8529029130876, 113.346194077713, -4.99999999999999));
#1659 = CARTESIAN_POINT ('', (73.8083036748289, 113.347170888215, -4.99999999999999));
#1660 = CARTESIAN_POINT ('', (73.7403605711276, 113.351722980603, -4.99999999999999));
#1661 = CARTESIAN_POINT ('', (73.6715640995796, 113.359507478133, -4.99999999999999));
#1662 = CARTESIAN_POINT ('', (73.6021245045595, 113.370656131125, -4.99999999999999));
#1663 = CARTESIAN_POINT ('', (73.5322704104714, 113.385284147893, -4.99999999999999));
#1664 = CARTESIAN_POINT ('', (73.4622473918952, 113.403487434192, -4.99999999999999));
#1665 = CARTESIAN_POINT ('', (73.3923160883378, 113.42533995793, -4.99999999999999));
#1666 = CARTESIAN_POINT ('', (73.3227498673144, 113.450891310788, -4.99999999999999));
#1667 = CARTESIAN_POINT ('', (73.2538320563461, 113.480164555632, -4.99999999999999));
#1668 = CARTESIAN_POINT ('', (73.1858527824859, 113.51315444315, -4.99999999999999));
#1669 = CARTESIAN_POINT ('', (73.1191054762043, 113.549826076577, -4.99999999999999));
#1670 = CARTESIAN_POINT ('', (73.0538831138225, 113.590114093092, -4.99999999999999));
#1671 = CARTESIAN_POINT ('', (72.9904742880376, 113.633922416364, -4.99999999999999));
#1672 = CARTESIAN_POINT ('', (72.9291592083201, 113.681124616748, -4.99999999999999));
#1673 = CARTESIAN_POINT ('', (72.8702057410871, 113.731564894746, -4.99999999999999));
#1674 = CARTESIAN_POINT ('', (72.8138656027998, 113.785059680513, -4.99999999999999));
#1675 = CARTESIAN_POINT ('', (72.7603708170328, 113.8413998188, -4.99999999999999));
#1676 = CARTESIAN_POINT ('', (72.7099305390353, 113.900353286033, -4.99999999999998));
#1677 = CARTESIAN_POINT ('', (72.6627283386507, 113.961668365751, -4.99999999999998));
#1678 = CARTESIAN_POINT ('', (72.6189200153789, 114.025077191535, -4.99999999999998));
#1679 = CARTESIAN_POINT ('', (72.5786319988639, 114.090299553917, -4.99999999999998));
#1680 = CARTESIAN_POINT ('', (72.5419603654369, 114.157046860199, -4.99999999999998));
#1681 = CARTESIAN_POINT ('', (72.5089704779188, 114.225026134059, -4.99999999999997));
#1682 = CARTESIAN_POINT ('', (72.4796972330751, 114.293943945027, -4.99999999999997));
#1683 = CARTESIAN_POINT ('', (72.4541458802172, 114.363510166051, -4.99999999999997));
#1684 = CARTESIAN_POINT ('', (72.4322933564793, 114.433441469608, -4.99999999999996));
#1685 = CARTESIAN_POINT ('', (72.4140900701805, 114.503464488184, -4.99999999999996));
#1686 = CARTESIAN_POINT ('', (72.399462053412, 114.573318582272, -4.99999999999996));
#1687 = CARTESIAN_POINT ('', (72.3883134004205, 114.642758177292, -4.99999999999996));
#1688 = CARTESIAN_POINT ('', (72.3805289028898, 114.71155464884, -4.99999999999995));
#1689 = CARTESIAN_POINT ('', (72.3759768105022, 114.779497752542, -4.99999999999995));
#1690 = CARTESIAN_POINT ('', (72.3749999999997, 114.824096990801, -4.99999999999995));
#1691 = CARTESIAN_POINT ('', (72.3749999999997, 114.846194077713, -4.99999999999995));
#1692 = B_SPLINE_CURVE_WITH_KNOTS ('', 3, (#1657, #1658, #1659, #1660, #1661, #1662, #1663, #1664, #1665, #1666, #1667, #1668, #1669, #1670, #1671, #1672, #1673, #1674, #1675, #1676, #1677, #1678, #1679, #1680, #1681, #1682, #1683, #1684, #1685, #1686, #1687, #1688, #1689, #1690, #1691), .UNSPECIFIED., .F., .U., (4, 1, 1, 1, 1, 1, 1, 1, 1, 1, 1, 1, 1, 1, 1, 1, 1, 1, 1, 1, 1, 1, 1, 1, 1, 1, 1, 1, 1, 1, 1, 1, 4), (11., 11.03125, 11.0625, 11.09375, 11.125, 11.15625, 11.1875, 11.21875, 11.25, 11.28125, 11.3125, 11.34375, 11.375, 11.40625, 11.4375, 11.46875, 11.5, 11.53125, 11.5625, 11.59375, 11.625, 11.65625, 11.6875, 11.71875, 11.75, 11.78125, 11.8125, 11.84375, 11.875, 11.90625, 11.9375, 11.96875, 12.), .UNSPECIFIED.);
#1693 = EDGE_CURVE ('', #1649, #1656, #1692, .T.);
#1694 = ORIENTED_EDGE ('', *, *, #1693, .T.);
#1695 = CARTESIAN_POINT ('', (72.3749999999999, 116.346194077713, -5.00000000000036));
#1696 = VERTEX_POINT ('', #1695);
#1697 = CARTESIAN_POINT ('', (72.3749999999997, 114.846194077713, -4.99999999999995));
#1698 = CARTESIAN_POINT ('', (72.3749999999997, 116.346194077713, -5.00000000000034));
#1699 = B_SPLINE_CURVE_WITH_KNOTS ('', 1, (#1697, #1698), .UNSPECIFIED., .F., .U., (2, 2), (12., 13.), .UNSPECIFIED.);
#1700 = EDGE_CURVE ('', #1656, #1696, #1699, .T.);
#1701 = ORIENTED_EDGE ('', *, *, #1700, .T.);
#1702 = CARTESIAN_POINT ('', (73.875, 117.846194077713, -5.00000000000104));
#1703 = VERTEX_POINT ('', #1702);
#1704 = CARTESIAN_POINT ('', (72.3749999999997, 116.346194077713, -5.00000000000034));
#1705 = CARTESIAN_POINT ('', (72.3749999999997, 116.368291164625, -5.00000000000035));
#1706 = CARTESIAN_POINT ('', (72.3759768105022, 116.412890402883, -5.00000000000036));
#1707 = CARTESIAN_POINT ('', (72.3805289028898, 116.480833506585, -5.00000000000037));
#1708 = CARTESIAN_POINT ('', (72.3883134004205, 116.549629978133, -5.00000000000039));
#1709 = CARTESIAN_POINT ('', (72.399462053412, 116.619069573153, -5.0000000000004));
#1710 = CARTESIAN_POINT ('', (72.4140900701805, 116.688923667241, -5.00000000000042));
#1711 = CARTESIAN_POINT ('', (72.4322933564793, 116.758946685817, -5.00000000000044));
#1712 = CARTESIAN_POINT ('', (72.4541458802172, 116.828877989374, -5.00000000000046));
#1713 = CARTESIAN_POINT ('', (72.479697233075, 116.898444210398, -5.00000000000048));
#1714 = CARTESIAN_POINT ('', (72.5089704779188, 116.967362021366, -5.0000000000005));
#1715 = CARTESIAN_POINT ('', (72.5419603654369, 117.035341295226, -5.00000000000052));
#1716 = CARTESIAN_POINT ('', (72.5786319988638, 117.102088601508, -5.00000000000054));
#1717 = CARTESIAN_POINT ('', (72.6189200153789, 117.16731096389, -5.00000000000057));
#1718 = CARTESIAN_POINT ('', (72.6627283386507, 117.230719789675, -5.00000000000059));
#1719 = CARTESIAN_POINT ('', (72.7099305390353, 117.292034869392, -5.00000000000061));
#1720 = CARTESIAN_POINT ('', (72.7603708170328, 117.350988336625, -5.00000000000064));
#1721 = CARTESIAN_POINT ('', (72.8138656027998, 117.407328474912, -5.00000000000066));
#1722 = CARTESIAN_POINT ('', (72.8702057410871, 117.460823260679, -5.00000000000069));
#1723 = CARTESIAN_POINT ('', (72.9291592083201, 117.511263538677, -5.00000000000072));
#1724 = CARTESIAN_POINT ('', (72.9904742880376, 117.558465739062, -5.00000000000074));
#1725 = CARTESIAN_POINT ('', (73.0538831138225, 117.602274062333, -5.00000000000077));
#1726 = CARTESIAN_POINT ('', (73.1191054762044, 117.642562078848, -5.00000000000079));
#1727 = CARTESIAN_POINT ('', (73.185852782486, 117.679233712275, -5.00000000000082));
#1728 = CARTESIAN_POINT ('', (73.2538320563461, 117.712223599793, -5.00000000000085));
#1729 = CARTESIAN_POINT ('', (73.3227498673144, 117.741496844637, -5.00000000000087));
#1730 = CARTESIAN_POINT ('', (73.3923160883378, 117.767048197495, -5.00000000000089));
#1731 = CARTESIAN_POINT ('', (73.4622473918952, 117.788900721233, -5.00000000000092));
#1732 = CARTESIAN_POINT ('', (73.5322704104714, 117.807104007532, -5.00000000000094));
#1733 = CARTESIAN_POINT ('', (73.6021245045595, 117.8217320243, -5.00000000000096));
#1734 = CARTESIAN_POINT ('', (73.6715640995796, 117.832880677292, -5.00000000000098));
#1735 = CARTESIAN_POINT ('', (73.7403605711276, 117.840665174822, -5.000000000001));
#1736 = CARTESIAN_POINT ('', (73.808303674829, 117.84521726721, -5.00000000000102));
#1737 = CARTESIAN_POINT ('', (73.8529029130877, 117.846194077713, -5.00000000000103));
#1738 = CARTESIAN_POINT ('', (73.8749999999997, 117.846194077713, -5.00000000000104));
#1739 = B_SPLINE_CURVE_WITH_KNOTS ('', 3, (#1704, #1705, #1706, #1707, #1708, #1709, #1710, #1711, #1712, #1713, #1714, #1715, #1716, #1717, #1718, #1719, #1720, #1721, #1722, #1723, #1724, #1725, #1726, #1727, #1728, #1729, #1730, #1731, #1732, #1733, #1734, #1735, #1736, #1737, #1738), .UNSPECIFIED., .F., .U., (4, 1, 1, 1, 1, 1, 1, 1, 1, 1, 1, 1, 1, 1, 1, 1, 1, 1, 1, 1, 1, 1, 1, 1, 1, 1, 1, 1, 1, 1, 1, 1, 4), (13., 13.03125, 13.0625, 13.09375, 13.125, 13.15625, 13.1875, 13.21875, 13.25, 13.28125, 13.3125, 13.34375, 13.375, 13.40625, 13.4375, 13.46875, 13.5, 13.53125, 13.5625, 13.59375, 13.625, 13.65625, 13.6875, 13.71875, 13.75, 13.78125, 13.8125, 13.84375, 13.875, 13.90625, 13.9375, 13.96875, 14.), .UNSPECIFIED.);
#1740 = EDGE_CURVE ('', #1696, #1703, #1739, .T.);
#1741 = ORIENTED_EDGE ('', *, *, #1740, .T.);
#1742 = CARTESIAN_POINT ('', (78.6249999999999, 117.846194077713, -5.00000000000066));
#1743 = VERTEX_POINT ('', #1742);
#1744 = CARTESIAN_POINT ('', (73.8749999999997, 117.846194077713, -5.00000000000104));
#1745 = CARTESIAN_POINT ('', (78.6249999999996, 117.846194077713, -5.00000000000066));
#1746 = B_SPLINE_CURVE_WITH_KNOTS ('', 1, (#1744, #1745), .UNSPECIFIED., .F., .U., (2, 2), (0., 1.), .UNSPECIFIED.);
#1747 = EDGE_CURVE ('', #1703, #1743, #1746, .T.);
#1748 = ORIENTED_EDGE ('', *, *, #1747, .T.);
#1749 = CARTESIAN_POINT ('', (80.1249999999998, 116.346194077713, -5.00000000000035));
#1750 = VERTEX_POINT ('', #1749);
#1751 = CARTESIAN_POINT ('', (78.6249999999996, 117.846194077713, -5.00000000000066));
#1752 = CARTESIAN_POINT ('', (78.6470970869117, 117.846194077713, -5.00000000000066));
#1753 = CARTESIAN_POINT ('', (78.6916963251703, 117.84521726721, -5.00000000000066));
#1754 = CARTESIAN_POINT ('', (78.7596394288717, 117.840665174822, -5.00000000000065));
#1755 = CARTESIAN_POINT ('', (78.8284359004197, 117.832880677292, -5.00000000000065));
#1756 = CARTESIAN_POINT ('', (78.8978754954398, 117.8217320243, -5.00000000000065));
#1757 = CARTESIAN_POINT ('', (78.9677295895279, 117.807104007532, -5.00000000000065));
#1758 = CARTESIAN_POINT ('', (79.0377526081041, 117.788900721233, -5.00000000000064));
#1759 = CARTESIAN_POINT ('', (79.1076839116615, 117.767048197495, -5.00000000000064));
#1760 = CARTESIAN_POINT ('', (79.1772501326849, 117.741496844637, -5.00000000000063));
#1761 = CARTESIAN_POINT ('', (79.2461679436532, 117.712223599793, -5.00000000000062));
#1762 = CARTESIAN_POINT ('', (79.3141472175133, 117.679233712275, -5.00000000000062));
#1763 = CARTESIAN_POINT ('', (79.3808945237949, 117.642562078848, -5.00000000000061));
#1764 = CARTESIAN_POINT ('', (79.4461168861768, 117.602274062333, -5.0000000000006));
#1765 = CARTESIAN_POINT ('', (79.5095257119617, 117.558465739062, -5.00000000000059));
#1766 = CARTESIAN_POINT ('', (79.5708407916792, 117.511263538677, -5.00000000000058));
#1767 = CARTESIAN_POINT ('', (79.6297942589121, 117.46082326068, -5.00000000000057));
#1768 = CARTESIAN_POINT ('', (79.6861343971994, 117.407328474913, -5.00000000000056));
#1769 = CARTESIAN_POINT ('', (79.7396291829664, 117.350988336625, -5.00000000000055));
#1770 = CARTESIAN_POINT ('', (79.790069460964, 117.292034869392, -5.00000000000054));
#1771 = CARTESIAN_POINT ('', (79.8372716613485, 117.230719789675, -5.00000000000052));
#1772 = CARTESIAN_POINT ('', (79.8810799846203, 117.16731096389, -5.00000000000051));
#1773 = CARTESIAN_POINT ('', (79.9213680011354, 117.102088601508, -5.0000000000005));
#1774 = CARTESIAN_POINT ('', (79.9580396345623, 117.035341295226, -5.00000000000048));
#1775 = CARTESIAN_POINT ('', (79.9910295220804, 116.967362021366, -5.00000000000047));
#1776 = CARTESIAN_POINT ('', (80.0203027669242, 116.898444210398, -5.00000000000045));
#1777 = CARTESIAN_POINT ('', (80.0458541197821, 116.828877989375, -5.00000000000044));
#1778 = CARTESIAN_POINT ('', (80.06770664352, 116.758946685817, -5.00000000000043));
#1779 = CARTESIAN_POINT ('', (80.0859099298187, 116.688923667241, -5.00000000000041));
#1780 = CARTESIAN_POINT ('', (80.1005379465873, 116.619069573153, -5.0000000000004));
#1781 = CARTESIAN_POINT ('', (80.1116865995787, 116.549629978133, -5.00000000000038));
#1782 = CARTESIAN_POINT ('', (80.1194710971094, 116.480833506585, -5.00000000000037));
#1783 = CARTESIAN_POINT ('', (80.1240231894971, 116.412890402883, -5.00000000000036));
#1784 = CARTESIAN_POINT ('', (80.1249999999996, 116.368291164625, -5.00000000000035));
#1785 = CARTESIAN_POINT ('', (80.1249999999996, 116.346194077713, -5.00000000000034));
#1786 = B_SPLINE_CURVE_WITH_KNOTS ('', 3, (#1751, #1752, #1753, #1754, #1755, #1756, #1757, #1758, #1759, #1760, #1761, #1762, #1763, #1764, #1765, #1766, #1767, #1768, #1769, #1770, #1771, #1772, #1773, #1774, #1775, #1776, #1777, #1778, #1779, #1780, #1781, #1782, #1783, #1784, #1785), .UNSPECIFIED., .F., .U., (4, 1, 1, 1, 1, 1, 1, 1, 1, 1, 1, 1, 1, 1, 1, 1, 1, 1, 1, 1, 1, 1, 1, 1, 1, 1, 1, 1, 1, 1, 1, 1, 4), (7., 7.03125, 7.0625, 7.09375, 7.125, 7.15625, 7.1875, 7.21875, 7.25, 7.28125, 7.3125, 7.34375, 7.375, 7.40625, 7.4375, 7.46875, 7.5, 7.53125, 7.5625, 7.59375, 7.625, 7.65625, 7.6875, 7.71875, 7.75, 7.78125, 7.8125, 7.84375, 7.875, 7.90625, 7.9375, 7.96875, 8.), .UNSPECIFIED.);
#1787 = EDGE_CURVE ('', #1743, #1750, #1786, .T.);
#1788 = ORIENTED_EDGE ('', *, *, #1787, .T.);
#1789 = CARTESIAN_POINT ('', (80.1249999999996, 116.346194077713, -5.00000000000034));
#1790 = CARTESIAN_POINT ('', (80.1249999999996, 114.846194077713, -4.99999999999962));
#1791 = B_SPLINE_CURVE_WITH_KNOTS ('', 1, (#1789, #1790), .UNSPECIFIED., .F., .U., (2, 2), (8., 9.), .UNSPECIFIED.);
#1792 = EDGE_CURVE ('', #1750, #1607, #1791, .T.);
#1793 = ORIENTED_EDGE ('', *, *, #1792, .T.);
#1794 = EDGE_LOOP ('', (#1647, #1654, #1694, #1701, #1741, #1748, #1788, #1793));
#1795 = FACE_OUTER_BOUND ('', #1794, .T.);
#1796 = ORIENTED_EDGE ('', *, *, #852, .F.);
#1797 = ORIENTED_EDGE ('', *, *, #845, .T.);
#1798 = ORIENTED_EDGE ('', *, *, #838, .F.);
#1799 = CARTESIAN_POINT ('', (76.9999999999998, 114.096194077713, -5.00000000000054));
#1800 = CARTESIAN_POINT ('', (75.4999999999998, 114.096194077713, -5.00000000000054));
#1801 = B_SPLINE_CURVE_WITH_KNOTS ('', 1, (#1799, #1800), .UNSPECIFIED., .F., .U., (2, 2), (1.84374999999913, 3.34374999999913), .UNSPECIFIED.);
#1802 = EDGE_CURVE ('', #942, #827, #1801, .T.);
#1803 = ORIENTED_EDGE ('', *, *, #1802, .F.);
#1804 = ORIENTED_EDGE ('', *, *, #946, .T.);
#1805 = ORIENTED_EDGE ('', *, *, #1589, .F.);
#1806 = EDGE_LOOP ('', (#1796, #1797, #1798, #1803, #1804, #1805));
#1807 = FACE_BOUND ('', #1806, .T.);
#1808 = CARTESIAN_POINT ('', (72.3749999999997, 113.346194077713, -4.9999999999999));
#1809 = CARTESIAN_POINT ('', (80.1249999999996, 113.346194077713, -4.99999999999973));
#1810 = CARTESIAN_POINT ('', (72.3749999999997, 117.846194077713, -5.00000000000072));
#1811 = CARTESIAN_POINT ('', (80.1249999999996, 117.846194077713, -5.00000000000055));
#1812 = B_SPLINE_SURFACE_WITH_KNOTS ('', 1, 1, ((#1808, #1809), (#1810, #1811)), .UNSPECIFIED., .F., .F., .U., (2, 2), (2, 2), (0.360879827179744, 0.639120172820255), (0.214030755869477, 0.693222462250353), .UNSPECIFIED.);
#1813 = ADVANCED_FACE ('', (#1795, #1807), #1812, .T.);
#1814 = CARTESIAN_POINT ('', (80.1249999999999, 114.846194077713, -4.49999999999964));
#1815 = VERTEX_POINT ('', #1814);
#1816 = CARTESIAN_POINT ('', (78.6249999999998, 113.346194077713, -4.50000000000019));
#1817 = VERTEX_POINT ('', #1816);
#1818 = CARTESIAN_POINT ('', (80.1249999999996, 114.846194077713, -4.49999999999962));
#1819 = CARTESIAN_POINT ('', (80.1249999999996, 114.824096990801, -4.49999999999961));
#1820 = CARTESIAN_POINT ('', (80.1240231894971, 114.779497752542, -4.49999999999959));
#1821 = CARTESIAN_POINT ('', (80.1194710971094, 114.711554648841, -4.49999999999957));
#1822 = CARTESIAN_POINT ('', (80.1116865995787, 114.642758177293, -4.49999999999954));
#1823 = CARTESIAN_POINT ('', (80.1005379465873, 114.573318582273, -4.49999999999952));
#1824 = CARTESIAN_POINT ('', (80.0859099298187, 114.503464488184, -4.4999999999995));
#1825 = CARTESIAN_POINT ('', (80.06770664352, 114.433441469608, -4.49999999999948));
#1826 = CARTESIAN_POINT ('', (80.0458541197821, 114.363510166051, -4.49999999999947));
#1827 = CARTESIAN_POINT ('', (80.0203027669242, 114.293943945027, -4.49999999999946));
#1828 = CARTESIAN_POINT ('', (79.9910295220804, 114.225026134059, -4.49999999999945));
#1829 = CARTESIAN_POINT ('', (79.9580396345623, 114.157046860199, -4.49999999999945));
#1830 = CARTESIAN_POINT ('', (79.9213680011354, 114.090299553917, -4.49999999999945));
#1831 = CARTESIAN_POINT ('', (79.8810799846203, 114.025077191536, -4.49999999999945));
#1832 = CARTESIAN_POINT ('', (79.8372716613485, 113.961668365751, -4.49999999999946));
#1833 = CARTESIAN_POINT ('', (79.790069460964, 113.900353286033, -4.49999999999947));
#1834 = CARTESIAN_POINT ('', (79.7396291829664, 113.8413998188, -4.49999999999949));
#1835 = CARTESIAN_POINT ('', (79.6861343971994, 113.785059680513, -4.49999999999951));
#1836 = CARTESIAN_POINT ('', (79.6297942589121, 113.731564894746, -4.49999999999953));
#1837 = CARTESIAN_POINT ('', (79.5708407916791, 113.681124616748, -4.49999999999955));
#1838 = CARTESIAN_POINT ('', (79.5095257119616, 113.633922416364, -4.49999999999958));
#1839 = CARTESIAN_POINT ('', (79.4461168861767, 113.590114093092, -4.49999999999961));
#1840 = CARTESIAN_POINT ('', (79.3808945237949, 113.549826076577, -4.49999999999965));
#1841 = CARTESIAN_POINT ('', (79.3141472175133, 113.51315444315, -4.49999999999969));
#1842 = CARTESIAN_POINT ('', (79.2461679436531, 113.480164555632, -4.49999999999973));
#1843 = CARTESIAN_POINT ('', (79.1772501326848, 113.450891310788, -4.49999999999977));
#1844 = CARTESIAN_POINT ('', (79.1076839116614, 113.42533995793, -4.49999999999982));
#1845 = CARTESIAN_POINT ('', (79.037752608104, 113.403487434192, -4.49999999999986));
#1846 = CARTESIAN_POINT ('', (78.9677295895278, 113.385284147894, -4.49999999999991));
#1847 = CARTESIAN_POINT ('', (78.8978754954397, 113.370656131125, -4.49999999999996));
#1848 = CARTESIAN_POINT ('', (78.8284359004196, 113.359507478134, -4.50000000000002));
#1849 = CARTESIAN_POINT ('', (78.7596394288716, 113.351722980603, -4.50000000000007));
#1850 = CARTESIAN_POINT ('', (78.6916963251703, 113.347170888215, -4.50000000000012));
#1851 = CARTESIAN_POINT ('', (78.6470970869116, 113.346194077713, -4.50000000000016));
#1852 = CARTESIAN_POINT ('', (78.6249999999995, 113.346194077713, -4.50000000000018));
#1853 = B_SPLINE_CURVE_WITH_KNOTS ('', 3, (#1818, #1819, #1820, #1821, #1822, #1823, #1824, #1825, #1826, #1827, #1828, #1829, #1830, #1831, #1832, #1833, #1834, #1835, #1836, #1837, #1838, #1839, #1840, #1841, #1842, #1843, #1844, #1845, #1846, #1847, #1848, #1849, #1850, #1851, #1852), .UNSPECIFIED., .F., .U., (4, 1, 1, 1, 1, 1, 1, 1, 1, 1, 1, 1, 1, 1, 1, 1, 1, 1, 1, 1, 1, 1, 1, 1, 1, 1, 1, 1, 1, 1, 1, 1, 4), (9., 9.03125, 9.0625, 9.09375, 9.125, 9.15625, 9.1875, 9.21875, 9.25, 9.28125, 9.3125, 9.34375, 9.375, 9.40625, 9.4375, 9.46875, 9.5, 9.53125, 9.5625, 9.59375, 9.625, 9.65625, 9.6875, 9.71875, 9.75, 9.78125, 9.8125, 9.84375, 9.875, 9.90625, 9.9375, 9.96875, 10.), .UNSPECIFIED.);
#1854 = EDGE_CURVE ('', #1815, #1817, #1853, .T.);
#1855 = ORIENTED_EDGE ('', *, *, #1854, .T.);
#1856 = CARTESIAN_POINT ('', (78.6249999999995, 113.346194077713, -4.50000000000018));
#1857 = CARTESIAN_POINT ('', (78.6249999999995, 113.346194077713, -5.00000000000017));
#1858 = B_SPLINE_CURVE_WITH_KNOTS ('', 1, (#1856, #1857), .UNSPECIFIED., .F., .U., (2, 2), (0., 1.), .UNSPECIFIED.);
#1859 = EDGE_CURVE ('', #1817, #1609, #1858, .T.);
#1860 = ORIENTED_EDGE ('', *, *, #1859, .T.);
#1861 = ORIENTED_EDGE ('', *, *, #1646, .F.);
#1862 = CARTESIAN_POINT ('', (80.1249999999996, 114.846194077713, -4.49999999999962));
#1863 = CARTESIAN_POINT ('', (80.1249999999996, 114.846194077713, -4.99999999999962));
#1864 = B_SPLINE_CURVE_WITH_KNOTS ('', 1, (#1862, #1863), .UNSPECIFIED., .F., .U., (2, 2), (0., 1.), .UNSPECIFIED.);
#1865 = EDGE_CURVE ('', #1815, #1607, #1864, .T.);
#1866 = ORIENTED_EDGE ('', *, *, #1865, .F.);
#1867 = EDGE_LOOP ('', (#1855, #1860, #1861, #1866));
#1868 = FACE_OUTER_BOUND ('', #1867, .T.);
#1869 = CARTESIAN_POINT ('', (80.1249999999996, 114.846194077713, -4.49999999999963));
#1870 = CARTESIAN_POINT ('', (80.125, 114.846194077713, -4.99999999999928));
#1871 = CARTESIAN_POINT ('', (80.1249999999996, 113.346194077713, -4.49999999999931));
#1872 = CARTESIAN_POINT ('', (80.125, 113.346194077713, -4.99999999999896));
#1873 = CARTESIAN_POINT ('', (78.6249999999997, 113.346194077713, -4.50000000000052));
#1874 = CARTESIAN_POINT ('', (78.6250000000001, 113.346194077713, -5.00000000000017));
#1875 = (
   BOUNDED_SURFACE ()
   B_SPLINE_SURFACE (2, 1, ((#1869, #1870), (#1871, #1872), (#1873, #1874)), .UNSPECIFIED., .F., .F., .U.)
   B_SPLINE_SURFACE_WITH_KNOTS ((3, 3), (2, 2), (0., 0.235619449019223), (0., 0.0499999999999649), .UNSPECIFIED.)
   GEOMETRIC_REPRESENTATION_ITEM ()
   RATIONAL_B_SPLINE_SURFACE (((1., 1.), (0.707106781186547, 0.707106781186547), (1., 1.)))
   REPRESENTATION_ITEM ('')
   SURFACE ()
);
#1876 = ADVANCED_FACE ('', (#1868), #1875, .T.);
#1877 = CARTESIAN_POINT ('', (80.1249999999998, 116.346194077713, -4.50000000000035));
#1878 = VERTEX_POINT ('', #1877);
#1879 = CARTESIAN_POINT ('', (80.1249999999995, 116.346194077713, -4.50000000000035));
#1880 = CARTESIAN_POINT ('', (80.1249999999996, 114.846194077713, -4.49999999999962));
#1881 = B_SPLINE_CURVE_WITH_KNOTS ('', 1, (#1879, #1880), .UNSPECIFIED., .F., .U., (2, 2), (8., 9.), .UNSPECIFIED.);
#1882 = EDGE_CURVE ('', #1878, #1815, #1881, .T.);
#1883 = ORIENTED_EDGE ('', *, *, #1882, .T.);
#1884 = ORIENTED_EDGE ('', *, *, #1865, .T.);
#1885 = ORIENTED_EDGE ('', *, *, #1792, .F.);
#1886 = CARTESIAN_POINT ('', (80.1249999999995, 116.346194077713, -4.50000000000035));
#1887 = CARTESIAN_POINT ('', (80.1249999999996, 116.346194077713, -5.00000000000034));
#1888 = B_SPLINE_CURVE_WITH_KNOTS ('', 1, (#1886, #1887), .UNSPECIFIED., .F., .U., (2, 2), (0., 1.), .UNSPECIFIED.);
#1889 = EDGE_CURVE ('', #1878, #1750, #1888, .T.);
#1890 = ORIENTED_EDGE ('', *, *, #1889, .F.);
#1891 = EDGE_LOOP ('', (#1883, #1884, #1885, #1890));
#1892 = FACE_OUTER_BOUND ('', #1891, .T.);
#1893 = CARTESIAN_POINT ('', (80.1249999999995, 116.346194077713, -4.50000000000035));
#1894 = CARTESIAN_POINT ('', (80.1249999999996, 116.346194077713, -4.99999999999989));
#1895 = CARTESIAN_POINT ('', (80.1249999999996, 114.846194077713, -4.50000000000008));
#1896 = CARTESIAN_POINT ('', (80.1249999999996, 114.846194077713, -4.99999999999962));
#1897 = B_SPLINE_SURFACE_WITH_KNOTS ('', 1, 1, ((#1893, #1894), (#1895, #1896)), .UNSPECIFIED., .F., .F., .U., (2, 2), (2, 2), (1.20000000000002, 1.35), (-3.66817687336152E-13, 0.0499999999995871), .UNSPECIFIED.);
#1898 = ADVANCED_FACE ('', (#1892), #1897, .T.);
#1899 = CARTESIAN_POINT ('', (78.6249999999998, 117.846194077713, -4.50000000000066));
#1900 = VERTEX_POINT ('', #1899);
#1901 = CARTESIAN_POINT ('', (78.6249999999996, 117.846194077713, -4.50000000000066));
#1902 = CARTESIAN_POINT ('', (78.6470970869116, 117.846194077713, -4.50000000000066));
#1903 = CARTESIAN_POINT ('', (78.6916963251703, 117.84521726721, -4.50000000000066));
#1904 = CARTESIAN_POINT ('', (78.7596394288717, 117.840665174823, -4.50000000000066));
#1905 = CARTESIAN_POINT ('', (78.8284359004197, 117.832880677292, -4.50000000000065));
#1906 = CARTESIAN_POINT ('', (78.8978754954398, 117.8217320243, -4.50000000000065));
#1907 = CARTESIAN_POINT ('', (78.9677295895279, 117.807104007532, -4.50000000000065));
#1908 = CARTESIAN_POINT ('', (79.0377526081041, 117.788900721233, -4.50000000000064));
#1909 = CARTESIAN_POINT ('', (79.1076839116615, 117.767048197495, -4.50000000000064));
#1910 = CARTESIAN_POINT ('', (79.1772501326849, 117.741496844637, -4.50000000000063));
#1911 = CARTESIAN_POINT ('', (79.2461679436532, 117.712223599794, -4.50000000000063));
#1912 = CARTESIAN_POINT ('', (79.3141472175133, 117.679233712275, -4.50000000000062));
#1913 = CARTESIAN_POINT ('', (79.3808945237949, 117.642562078849, -4.50000000000061));
#1914 = CARTESIAN_POINT ('', (79.4461168861768, 117.602274062333, -4.5000000000006));
#1915 = CARTESIAN_POINT ('', (79.5095257119616, 117.558465739062, -4.50000000000059));
#1916 = CARTESIAN_POINT ('', (79.5708407916791, 117.511263538677, -4.50000000000058));
#1917 = CARTESIAN_POINT ('', (79.6297942589121, 117.46082326068, -4.50000000000057));
#1918 = CARTESIAN_POINT ('', (79.6861343971994, 117.407328474913, -4.50000000000056));
#1919 = CARTESIAN_POINT ('', (79.7396291829664, 117.350988336625, -4.50000000000055));
#1920 = CARTESIAN_POINT ('', (79.790069460964, 117.292034869392, -4.50000000000054));
#1921 = CARTESIAN_POINT ('', (79.8372716613485, 117.230719789675, -4.50000000000052));
#1922 = CARTESIAN_POINT ('', (79.8810799846203, 117.16731096389, -4.50000000000051));
#1923 = CARTESIAN_POINT ('', (79.9213680011354, 117.102088601508, -4.5000000000005));
#1924 = CARTESIAN_POINT ('', (79.9580396345623, 117.035341295226, -4.50000000000048));
#1925 = CARTESIAN_POINT ('', (79.9910295220804, 116.967362021366, -4.50000000000047));
#1926 = CARTESIAN_POINT ('', (80.0203027669242, 116.898444210398, -4.50000000000046));
#1927 = CARTESIAN_POINT ('', (80.0458541197821, 116.828877989375, -4.50000000000044));
#1928 = CARTESIAN_POINT ('', (80.06770664352, 116.758946685817, -4.50000000000043));
#1929 = CARTESIAN_POINT ('', (80.0859099298187, 116.688923667241, -4.50000000000041));
#1930 = CARTESIAN_POINT ('', (80.1005379465873, 116.619069573153, -4.5000000000004));
#1931 = CARTESIAN_POINT ('', (80.1116865995787, 116.549629978133, -4.50000000000039));
#1932 = CARTESIAN_POINT ('', (80.1194710971094, 116.480833506585, -4.50000000000037));
#1933 = CARTESIAN_POINT ('', (80.124023189497, 116.412890402884, -4.50000000000036));
#1934 = CARTESIAN_POINT ('', (80.1249999999995, 116.368291164625, -4.50000000000035));
#1935 = CARTESIAN_POINT ('', (80.1249999999995, 116.346194077713, -4.50000000000035));
#1936 = B_SPLINE_CURVE_WITH_KNOTS ('', 3, (#1901, #1902, #1903, #1904, #1905, #1906, #1907, #1908, #1909, #1910, #1911, #1912, #1913, #1914, #1915, #1916, #1917, #1918, #1919, #1920, #1921, #1922, #1923, #1924, #1925, #1926, #1927, #1928, #1929, #1930, #1931, #1932, #1933, #1934, #1935), .UNSPECIFIED., .F., .U., (4, 1, 1, 1, 1, 1, 1, 1, 1, 1, 1, 1, 1, 1, 1, 1, 1, 1, 1, 1, 1, 1, 1, 1, 1, 1, 1, 1, 1, 1, 1, 1, 4), (7., 7.03125, 7.0625, 7.09375, 7.125, 7.15625, 7.1875, 7.21875, 7.25, 7.28125, 7.3125, 7.34375, 7.375, 7.40625, 7.4375, 7.46875, 7.5, 7.53125, 7.5625, 7.59375, 7.625, 7.65625, 7.6875, 7.71875, 7.75, 7.78125, 7.8125, 7.84375, 7.875, 7.90625, 7.9375, 7.96875, 8.), .UNSPECIFIED.);
#1937 = EDGE_CURVE ('', #1900, #1878, #1936, .T.);
#1938 = ORIENTED_EDGE ('', *, *, #1937, .T.);
#1939 = ORIENTED_EDGE ('', *, *, #1889, .T.);
#1940 = ORIENTED_EDGE ('', *, *, #1787, .F.);
#1941 = CARTESIAN_POINT ('', (78.6249999999996, 117.846194077713, -4.50000000000066));
#1942 = CARTESIAN_POINT ('', (78.6249999999996, 117.846194077713, -5.00000000000066));
#1943 = B_SPLINE_CURVE_WITH_KNOTS ('', 1, (#1941, #1942), .UNSPECIFIED., .F., .U., (2, 2), (0., 1.), .UNSPECIFIED.);
#1944 = EDGE_CURVE ('', #1900, #1743, #1943, .T.);
#1945 = ORIENTED_EDGE ('', *, *, #1944, .F.);
#1946 = EDGE_LOOP ('', (#1938, #1939, #1940, #1945));
#1947 = FACE_OUTER_BOUND ('', #1946, .T.);
#1948 = CARTESIAN_POINT ('', (78.6249999999995, 117.846194077713, -4.50000000000066));
#1949 = CARTESIAN_POINT ('', (78.6249999999996, 117.846194077713, -5.0000000000008));
#1950 = CARTESIAN_POINT ('', (80.1249999999996, 117.846194077713, -4.5000000000005));
#1951 = CARTESIAN_POINT ('', (80.1249999999996, 117.846194077713, -5.00000000000064));
#1952 = CARTESIAN_POINT ('', (80.1249999999996, 116.346194077713, -4.5000000000002));
#1953 = CARTESIAN_POINT ('', (80.1249999999996, 116.346194077713, -5.00000000000034));
#1954 = (
   BOUNDED_SURFACE ()
   B_SPLINE_SURFACE (2, 1, ((#1948, #1949), (#1950, #1951), (#1952, #1953)), .UNSPECIFIED., .F., .F., .U.)
   B_SPLINE_SURFACE_WITH_KNOTS ((3, 3), (2, 2), (0., 0.23561944901924), (0., 0.0500000000000145), .UNSPECIFIED.)
   GEOMETRIC_REPRESENTATION_ITEM ()
   RATIONAL_B_SPLINE_SURFACE (((1., 1.), (0.707106781186547, 0.707106781186547), (1., 1.)))
   REPRESENTATION_ITEM ('')
   SURFACE ()
);
#1955 = ADVANCED_FACE ('', (#1947), #1954, .T.);
#1956 = ORIENTED_EDGE ('', *, *, #1944, .T.);
#1957 = ORIENTED_EDGE ('', *, *, #1747, .F.);
#1958 = CARTESIAN_POINT ('', (73.875, 117.846194077713, -4.50000000000104));
#1959 = VERTEX_POINT ('', #1958);
#1960 = CARTESIAN_POINT ('', (73.8749999999997, 117.846194077713, -4.50000000000104));
#1961 = CARTESIAN_POINT ('', (73.8749999999997, 117.846194077713, -5.00000000000104));
#1962 = B_SPLINE_CURVE_WITH_KNOTS ('', 1, (#1960, #1961), .UNSPECIFIED., .F., .U., (2, 2), (0., 1.), .UNSPECIFIED.);
#1963 = EDGE_CURVE ('', #1959, #1703, #1962, .T.);
#1964 = ORIENTED_EDGE ('', *, *, #1963, .F.);
#1965 = CARTESIAN_POINT ('', (73.8749999999997, 117.846194077713, -4.50000000000104));
#1966 = CARTESIAN_POINT ('', (78.6249999999996, 117.846194077713, -4.50000000000066));
#1967 = B_SPLINE_CURVE_WITH_KNOTS ('', 1, (#1965, #1966), .UNSPECIFIED., .F., .U., (2, 2), (0., 1.), .UNSPECIFIED.);
#1968 = EDGE_CURVE ('', #1959, #1900, #1967, .T.);
#1969 = ORIENTED_EDGE ('', *, *, #1968, .T.);
#1970 = EDGE_LOOP ('', (#1956, #1957, #1964, #1969));
#1971 = FACE_OUTER_BOUND ('', #1970, .T.);
#1972 = CARTESIAN_POINT ('', (73.8749999999997, 117.846194077713, -4.49999999999949));
#1973 = CARTESIAN_POINT ('', (73.8749999999997, 117.846194077713, -5.00000000000085));
#1974 = CARTESIAN_POINT ('', (78.6249999999995, 117.846194077713, -4.49999999999932));
#1975 = CARTESIAN_POINT ('', (78.6249999999996, 117.846194077713, -5.00000000000069));
#1976 = B_SPLINE_SURFACE_WITH_KNOTS ('', 1, 1, ((#1972, #1973), (#1974, #1975)), .UNSPECIFIED., .F., .F., .U., (2, 2), (2, 2), (4.39999999999985, 4.87499999999983), (-2.38378761174829E-13, 0.0499999999998977), .UNSPECIFIED.);
#1977 = ADVANCED_FACE ('', (#1971), #1976, .T.);
#1978 = CARTESIAN_POINT ('', (72.3749999999999, 116.346194077713, -4.50000000000036));
#1979 = VERTEX_POINT ('', #1978);
#1980 = CARTESIAN_POINT ('', (72.3749999999997, 116.346194077713, -4.50000000000035));
#1981 = CARTESIAN_POINT ('', (72.3749999999997, 116.368291164625, -4.50000000000035));
#1982 = CARTESIAN_POINT ('', (72.3759768105022, 116.412890402883, -4.50000000000036));
#1983 = CARTESIAN_POINT ('', (72.3805289028898, 116.480833506585, -4.50000000000037));
#1984 = CARTESIAN_POINT ('', (72.3883134004205, 116.549629978133, -4.50000000000039));
#1985 = CARTESIAN_POINT ('', (72.399462053412, 116.619069573153, -4.50000000000041));
#1986 = CARTESIAN_POINT ('', (72.4140900701805, 116.688923667241, -4.50000000000042));
#1987 = CARTESIAN_POINT ('', (72.4322933564793, 116.758946685817, -4.50000000000044));
#1988 = CARTESIAN_POINT ('', (72.4541458802172, 116.828877989375, -4.50000000000046));
#1989 = CARTESIAN_POINT ('', (72.479697233075, 116.898444210398, -4.50000000000048));
#1990 = CARTESIAN_POINT ('', (72.5089704779188, 116.967362021366, -4.5000000000005));
#1991 = CARTESIAN_POINT ('', (72.5419603654369, 117.035341295226, -4.50000000000052));
#1992 = CARTESIAN_POINT ('', (72.5786319988638, 117.102088601508, -4.50000000000055));
#1993 = CARTESIAN_POINT ('', (72.6189200153789, 117.16731096389, -4.50000000000057));
#1994 = CARTESIAN_POINT ('', (72.6627283386507, 117.230719789675, -4.50000000000059));
#1995 = CARTESIAN_POINT ('', (72.7099305390353, 117.292034869392, -4.50000000000062));
#1996 = CARTESIAN_POINT ('', (72.7603708170328, 117.350988336625, -4.50000000000064));
#1997 = CARTESIAN_POINT ('', (72.8138656027998, 117.407328474913, -4.50000000000067));
#1998 = CARTESIAN_POINT ('', (72.8702057410871, 117.46082326068, -4.50000000000069));
#1999 = CARTESIAN_POINT ('', (72.9291592083201, 117.511263538677, -4.50000000000072));
#2000 = CARTESIAN_POINT ('', (72.9904742880376, 117.558465739062, -4.50000000000075));
#2001 = CARTESIAN_POINT ('', (73.0538831138225, 117.602274062333, -4.50000000000077));
#2002 = CARTESIAN_POINT ('', (73.1191054762044, 117.642562078849, -4.5000000000008));
#2003 = CARTESIAN_POINT ('', (73.185852782486, 117.679233712275, -4.50000000000082));
#2004 = CARTESIAN_POINT ('', (73.2538320563461, 117.712223599794, -4.50000000000085));
#2005 = CARTESIAN_POINT ('', (73.3227498673144, 117.741496844637, -4.50000000000087));
#2006 = CARTESIAN_POINT ('', (73.3923160883378, 117.767048197495, -4.5000000000009));
#2007 = CARTESIAN_POINT ('', (73.4622473918952, 117.788900721233, -4.50000000000092));
#2008 = CARTESIAN_POINT ('', (73.5322704104714, 117.807104007532, -4.50000000000094));
#2009 = CARTESIAN_POINT ('', (73.6021245045595, 117.8217320243, -4.50000000000096));
#2010 = CARTESIAN_POINT ('', (73.6715640995796, 117.832880677292, -4.50000000000098));
#2011 = CARTESIAN_POINT ('', (73.7403605711276, 117.840665174822, -4.500000000001));
#2012 = CARTESIAN_POINT ('', (73.808303674829, 117.84521726721, -4.50000000000102));
#2013 = CARTESIAN_POINT ('', (73.8529029130877, 117.846194077713, -4.50000000000104));
#2014 = CARTESIAN_POINT ('', (73.8749999999997, 117.846194077713, -4.50000000000104));
#2015 = B_SPLINE_CURVE_WITH_KNOTS ('', 3, (#1980, #1981, #1982, #1983, #1984, #1985, #1986, #1987, #1988, #1989, #1990, #1991, #1992, #1993, #1994, #1995, #1996, #1997, #1998, #1999, #2000, #2001, #2002, #2003, #2004, #2005, #2006, #2007, #2008, #2009, #2010, #2011, #2012, #2013, #2014), .UNSPECIFIED., .F., .U., (4, 1, 1, 1, 1, 1, 1, 1, 1, 1, 1, 1, 1, 1, 1, 1, 1, 1, 1, 1, 1, 1, 1, 1, 1, 1, 1, 1, 1, 1, 1, 1, 4), (13., 13.03125, 13.0625, 13.09375, 13.125, 13.15625, 13.1875, 13.21875, 13.25, 13.28125, 13.3125, 13.34375, 13.375, 13.40625, 13.4375, 13.46875, 13.5, 13.53125, 13.5625, 13.59375, 13.625, 13.65625, 13.6875, 13.71875, 13.75, 13.78125, 13.8125, 13.84375, 13.875, 13.90625, 13.9375, 13.96875, 14.), .UNSPECIFIED.);
#2016 = EDGE_CURVE ('', #1979, #1959, #2015, .T.);
#2017 = ORIENTED_EDGE ('', *, *, #2016, .T.);
#2018 = ORIENTED_EDGE ('', *, *, #1963, .T.);
#2019 = ORIENTED_EDGE ('', *, *, #1740, .F.);
#2020 = CARTESIAN_POINT ('', (72.3749999999997, 116.346194077713, -4.50000000000035));
#2021 = CARTESIAN_POINT ('', (72.3749999999997, 116.346194077713, -5.00000000000034));
#2022 = B_SPLINE_CURVE_WITH_KNOTS ('', 1, (#2020, #2021), .UNSPECIFIED., .F., .U., (2, 2), (0., 1.), .UNSPECIFIED.);
#2023 = EDGE_CURVE ('', #1979, #1696, #2022, .T.);
#2024 = ORIENTED_EDGE ('', *, *, #2023, .F.);
#2025 = EDGE_LOOP ('', (#2017, #2018, #2019, #2024));
#2026 = FACE_OUTER_BOUND ('', #2025, .T.);
#2027 = CARTESIAN_POINT ('', (72.3749999999996, 116.346194077713, -4.50000000000034));
#2028 = CARTESIAN_POINT ('', (72.3749999999995, 116.346194077713, -5.0000000000002));
#2029 = CARTESIAN_POINT ('', (72.3749999999996, 117.846194077713, -4.50000000000076));
#2030 = CARTESIAN_POINT ('', (72.3749999999995, 117.846194077712, -5.00000000000062));
#2031 = CARTESIAN_POINT ('', (73.8749999999995, 117.846194077713, -4.50000000000118));
#2032 = CARTESIAN_POINT ('', (73.8749999999994, 117.846194077712, -5.00000000000104));
#2033 = (
   BOUNDED_SURFACE ()
   B_SPLINE_SURFACE (2, 1, ((#2027, #2028), (#2029, #2030), (#2031, #2032)), .UNSPECIFIED., .F., .F., .U.)
   B_SPLINE_SURFACE_WITH_KNOTS ((3, 3), (2, 2), (0., 0.235619449019215), (0., 0.0499999999999862), .UNSPECIFIED.)
   GEOMETRIC_REPRESENTATION_ITEM ()
   RATIONAL_B_SPLINE_SURFACE (((1., 1.), (0.707106781186547, 0.707106781186547), (1., 1.)))
   REPRESENTATION_ITEM ('')
   SURFACE ()
);
#2034 = ADVANCED_FACE ('', (#2026), #2033, .T.);
#2035 = CARTESIAN_POINT ('', (72.3749999999999, 114.846194077713, -4.49999999999996));
#2036 = VERTEX_POINT ('', #2035);
#2037 = CARTESIAN_POINT ('', (72.3749999999997, 114.846194077713, -4.49999999999995));
#2038 = CARTESIAN_POINT ('', (72.3749999999997, 116.346194077713, -4.50000000000035));
#2039 = B_SPLINE_CURVE_WITH_KNOTS ('', 1, (#2037, #2038), .UNSPECIFIED., .F., .U., (2, 2), (12., 13.), .UNSPECIFIED.);
#2040 = EDGE_CURVE ('', #2036, #1979, #2039, .T.);
#2041 = ORIENTED_EDGE ('', *, *, #2040, .T.);
#2042 = ORIENTED_EDGE ('', *, *, #2023, .T.);
#2043 = ORIENTED_EDGE ('', *, *, #1700, .F.);
#2044 = CARTESIAN_POINT ('', (72.3749999999997, 114.846194077713, -4.49999999999995));
#2045 = CARTESIAN_POINT ('', (72.3749999999997, 114.846194077713, -4.99999999999995));
#2046 = B_SPLINE_CURVE_WITH_KNOTS ('', 1, (#2044, #2045), .UNSPECIFIED., .F., .U., (2, 2), (0., 1.), .UNSPECIFIED.);
#2047 = EDGE_CURVE ('', #2036, #1656, #2046, .T.);
#2048 = ORIENTED_EDGE ('', *, *, #2047, .F.);
#2049 = EDGE_LOOP ('', (#2041, #2042, #2043, #2048));
#2050 = FACE_OUTER_BOUND ('', #2049, .T.);
#2051 = CARTESIAN_POINT ('', (72.3749999999997, 114.846194077713, -4.49999999999995));
#2052 = CARTESIAN_POINT ('', (72.3749999999997, 114.846194077713, -4.99999999999997));
#2053 = CARTESIAN_POINT ('', (72.3749999999997, 116.346194077713, -4.50000000000032));
#2054 = CARTESIAN_POINT ('', (72.3749999999997, 116.346194077713, -5.00000000000034));
#2055 = B_SPLINE_SURFACE_WITH_KNOTS ('', 1, 1, ((#2051, #2052), (#2053, #2054)), .UNSPECIFIED., .F., .F., .U., (2, 2), (2, 2), (1.79999999999996, 1.94999999999996), (2.99760216648792E-14, 0.0500000000000323), .UNSPECIFIED.);
#2056 = ADVANCED_FACE ('', (#2050), #2055, .T.);
#2057 = CARTESIAN_POINT ('', (73.875, 113.346194077713, -4.50000000000001));
#2058 = VERTEX_POINT ('', #2057);
#2059 = CARTESIAN_POINT ('', (73.8749999999997, 113.346194077713, -4.49999999999999));
#2060 = CARTESIAN_POINT ('', (73.8529029130876, 113.346194077713, -4.49999999999999));
#2061 = CARTESIAN_POINT ('', (73.8083036748289, 113.347170888215, -4.49999999999999));
#2062 = CARTESIAN_POINT ('', (73.7403605711276, 113.351722980603, -4.5));
#2063 = CARTESIAN_POINT ('', (73.6715640995796, 113.359507478134, -4.5));
#2064 = CARTESIAN_POINT ('', (73.6021245045595, 113.370656131125, -4.5));
#2065 = CARTESIAN_POINT ('', (73.5322704104714, 113.385284147894, -4.5));
#2066 = CARTESIAN_POINT ('', (73.4622473918952, 113.403487434192, -4.5));
#2067 = CARTESIAN_POINT ('', (73.3923160883378, 113.42533995793, -4.5));
#2068 = CARTESIAN_POINT ('', (73.3227498673144, 113.450891310788, -4.5));
#2069 = CARTESIAN_POINT ('', (73.2538320563461, 113.480164555632, -4.50000000000001));
#2070 = CARTESIAN_POINT ('', (73.1858527824859, 113.51315444315, -4.50000000000001));
#2071 = CARTESIAN_POINT ('', (73.1191054762043, 113.549826076577, -4.50000000000001));
#2072 = CARTESIAN_POINT ('', (73.0538831138225, 113.590114093092, -4.50000000000001));
#2073 = CARTESIAN_POINT ('', (72.9904742880376, 113.633922416364, -4.50000000000001));
#2074 = CARTESIAN_POINT ('', (72.9291592083201, 113.681124616748, -4.5));
#2075 = CARTESIAN_POINT ('', (72.8702057410871, 113.731564894746, -4.5));
#2076 = CARTESIAN_POINT ('', (72.8138656027998, 113.785059680513, -4.5));
#2077 = CARTESIAN_POINT ('', (72.7603708170328, 113.8413998188, -4.5));
#2078 = CARTESIAN_POINT ('', (72.7099305390353, 113.900353286033, -4.5));
#2079 = CARTESIAN_POINT ('', (72.6627283386507, 113.961668365751, -4.5));
#2080 = CARTESIAN_POINT ('', (72.6189200153789, 114.025077191536, -4.49999999999999));
#2081 = CARTESIAN_POINT ('', (72.5786319988639, 114.090299553917, -4.49999999999999));
#2082 = CARTESIAN_POINT ('', (72.5419603654369, 114.157046860199, -4.49999999999999));
#2083 = CARTESIAN_POINT ('', (72.5089704779188, 114.225026134059, -4.49999999999998));
#2084 = CARTESIAN_POINT ('', (72.4796972330751, 114.293943945027, -4.49999999999998));
#2085 = CARTESIAN_POINT ('', (72.4541458802172, 114.363510166051, -4.49999999999998));
#2086 = CARTESIAN_POINT ('', (72.4322933564793, 114.433441469608, -4.49999999999997));
#2087 = CARTESIAN_POINT ('', (72.4140900701805, 114.503464488184, -4.49999999999997));
#2088 = CARTESIAN_POINT ('', (72.399462053412, 114.573318582273, -4.49999999999997));
#2089 = CARTESIAN_POINT ('', (72.3883134004205, 114.642758177293, -4.49999999999996));
#2090 = CARTESIAN_POINT ('', (72.3805289028898, 114.711554648841, -4.49999999999996));
#2091 = CARTESIAN_POINT ('', (72.3759768105022, 114.779497752542, -4.49999999999995));
#2092 = CARTESIAN_POINT ('', (72.3749999999997, 114.824096990801, -4.49999999999995));
#2093 = CARTESIAN_POINT ('', (72.3749999999997, 114.846194077713, -4.49999999999995));
#2094 = B_SPLINE_CURVE_WITH_KNOTS ('', 3, (#2059, #2060, #2061, #2062, #2063, #2064, #2065, #2066, #2067, #2068, #2069, #2070, #2071, #2072, #2073, #2074, #2075, #2076, #2077, #2078, #2079, #2080, #2081, #2082, #2083, #2084, #2085, #2086, #2087, #2088, #2089, #2090, #2091, #2092, #2093), .UNSPECIFIED., .F., .U., (4, 1, 1, 1, 1, 1, 1, 1, 1, 1, 1, 1, 1, 1, 1, 1, 1, 1, 1, 1, 1, 1, 1, 1, 1, 1, 1, 1, 1, 1, 1, 1, 4), (11., 11.03125, 11.0625, 11.09375, 11.125, 11.15625, 11.1875, 11.21875, 11.25, 11.28125, 11.3125, 11.34375, 11.375, 11.40625, 11.4375, 11.46875, 11.5, 11.53125, 11.5625, 11.59375, 11.625, 11.65625, 11.6875, 11.71875, 11.75, 11.78125, 11.8125, 11.84375, 11.875, 11.90625, 11.9375, 11.96875, 12.), .UNSPECIFIED.);
#2095 = EDGE_CURVE ('', #2058, #2036, #2094, .T.);
#2096 = ORIENTED_EDGE ('', *, *, #2095, .T.);
#2097 = ORIENTED_EDGE ('', *, *, #2047, .T.);
#2098 = ORIENTED_EDGE ('', *, *, #1693, .F.);
#2099 = CARTESIAN_POINT ('', (73.8749999999997, 113.346194077713, -4.49999999999999));
#2100 = CARTESIAN_POINT ('', (73.8749999999997, 113.346194077713, -4.99999999999999));
#2101 = B_SPLINE_CURVE_WITH_KNOTS ('', 1, (#2099, #2100), .UNSPECIFIED., .F., .U., (2, 2), (0., 1.), .UNSPECIFIED.);
#2102 = EDGE_CURVE ('', #2058, #1649, #2101, .T.);
#2103 = ORIENTED_EDGE ('', *, *, #2102, .F.);
#2104 = EDGE_LOOP ('', (#2096, #2097, #2098, #2103));
#2105 = FACE_OUTER_BOUND ('', #2104, .T.);
#2106 = CARTESIAN_POINT ('', (73.8749999999997, 113.346194077713, -4.49999999999996));
#2107 = CARTESIAN_POINT ('', (73.8749999999997, 113.346194077713, -5.00000000000001));
#2108 = CARTESIAN_POINT ('', (72.3749999999996, 113.346194077713, -4.49999999999996));
#2109 = CARTESIAN_POINT ('', (72.3749999999996, 113.346194077713, -5.00000000000001));
#2110 = CARTESIAN_POINT ('', (72.3749999999997, 114.846194077713, -4.49999999999989));
#2111 = CARTESIAN_POINT ('', (72.3749999999997, 114.846194077713, -4.99999999999995));
#2112 = (
   BOUNDED_SURFACE ()
   B_SPLINE_SURFACE (2, 1, ((#2106, #2107), (#2108, #2109), (#2110, #2111)), .UNSPECIFIED., .F., .F., .U.)
   B_SPLINE_SURFACE_WITH_KNOTS ((3, 3), (2, 2), (0., 0.235619449019247), (0., 0.0500000000000053), .UNSPECIFIED.)
   GEOMETRIC_REPRESENTATION_ITEM ()
   RATIONAL_B_SPLINE_SURFACE (((1., 1.), (0.707106781186547, 0.707106781186547), (1., 1.)))
   REPRESENTATION_ITEM ('')
   SURFACE ()
);
#2113 = ADVANCED_FACE ('', (#2105), #2112, .T.);
#2114 = CARTESIAN_POINT ('', (78.6249999999995, 113.346194077713, -4.50000000000018));
#2115 = CARTESIAN_POINT ('', (73.8749999999997, 113.346194077713, -4.49999999999999));
#2116 = B_SPLINE_CURVE_WITH_KNOTS ('', 1, (#2114, #2115), .UNSPECIFIED., .F., .U., (2, 2), (0., 1.), .UNSPECIFIED.);
#2117 = EDGE_CURVE ('', #1817, #2058, #2116, .T.);
#2118 = ORIENTED_EDGE ('', *, *, #2117, .T.);
#2119 = ORIENTED_EDGE ('', *, *, #2102, .T.);
#2120 = ORIENTED_EDGE ('', *, *, #1653, .F.);
#2121 = ORIENTED_EDGE ('', *, *, #1859, .F.);
#2122 = EDGE_LOOP ('', (#2118, #2119, #2120, #2121));
#2123 = FACE_OUTER_BOUND ('', #2122, .T.);
#2124 = CARTESIAN_POINT ('', (78.6249999999995, 113.346194077713, -4.49999999999631));
#2125 = CARTESIAN_POINT ('', (78.6249999999995, 113.346194077713, -4.99999999999964));
#2126 = CARTESIAN_POINT ('', (73.8749999999997, 113.346194077713, -4.49999999999648));
#2127 = CARTESIAN_POINT ('', (73.8749999999998, 113.346194077712, -4.9999999999998));
#2128 = B_SPLINE_SURFACE_WITH_KNOTS ('', 1, 1, ((#2124, #2125), (#2126, #2127)), .UNSPECIFIED., .F., .F., .U., (2, 2), (2, 2), (3.24999999999985, 3.72499999999982), (-7.54576956474295E-13, 0.049999999999578), .UNSPECIFIED.);
#2129 = ADVANCED_FACE ('', (#2123), #2128, .T.);
#2130 = CARTESIAN_POINT ('', (76.9999999999998, 114.096194077713, -4.50000000000054));
#2131 = CARTESIAN_POINT ('', (75.4999999999998, 114.096194077713, -4.50000000000054));
#2132 = B_SPLINE_CURVE_WITH_KNOTS ('', 1, (#2130, #2131), .UNSPECIFIED., .F., .U., (2, 2), (1.84374999999913, 3.34374999999913), .UNSPECIFIED.);
#2133 = EDGE_CURVE ('', #949, #820, #2132, .T.);
#2134 = ORIENTED_EDGE ('', *, *, #2133, .F.);
#2135 = ORIENTED_EDGE ('', *, *, #953, .T.);
#2136 = ORIENTED_EDGE ('', *, *, #1802, .T.);
#2137 = ORIENTED_EDGE ('', *, *, #831, .T.);
#2138 = EDGE_LOOP ('', (#2134, #2135, #2136, #2137));
#2139 = FACE_OUTER_BOUND ('', #2138, .T.);
#2140 = CARTESIAN_POINT ('', (76.9999999999998, 114.096194077713, -4.50000000000054));
#2141 = CARTESIAN_POINT ('', (75.4999999999998, 114.096194077713, -4.50000000000054));
#2142 = CARTESIAN_POINT ('', (76.9999999999998, 114.096194077713, -5.00000000000054));
#2143 = CARTESIAN_POINT ('', (75.4999999999998, 114.096194077713, -5.00000000000054));
#2144 = B_SPLINE_SURFACE_WITH_KNOTS ('', 1, 1, ((#2140, #2141), (#2142, #2143)), .UNSPECIFIED., .F., .F., .U., (2, 2), (2, 2), (0., 0.0499999999999998), (0.184374999999913, 0.334374999999912), .UNSPECIFIED.);
#2145 = ADVANCED_FACE ('', (#2139), #2144, .T.);
#2146 = ORIENTED_EDGE ('', *, *, #697, .F.);
#2147 = CARTESIAN_POINT ('', (75.375, 114.096194077713, -2.99999999999979));
#2148 = VERTEX_POINT ('', #2147);
#2149 = CARTESIAN_POINT ('', (75.3749999999996, 114.096194077713, -4.24999999999978));
#2150 = CARTESIAN_POINT ('', (75.3749999999997, 114.096194077713, -2.99999999999978));
#2151 = B_SPLINE_CURVE_WITH_KNOTS ('', 1, (#2149, #2150), .UNSPECIFIED., .F., .U., (2, 2), (0., 1.), .UNSPECIFIED.);
#2152 = EDGE_CURVE ('', #653, #2148, #2151, .T.);
#2153 = ORIENTED_EDGE ('', *, *, #2152, .T.);
#2154 = CARTESIAN_POINT ('', (74.6250000000001, 114.846194077713, -2.99999999999959));
#2155 = VERTEX_POINT ('', #2154);
#2156 = CARTESIAN_POINT ('', (75.3749999999997, 114.096194077713, -2.99999999999978));
#2157 = CARTESIAN_POINT ('', (75.3639514565437, 114.096194077713, -2.99999999999978));
#2158 = CARTESIAN_POINT ('', (75.3416518374143, 114.096682482964, -2.99999999999978));
#2159 = CARTESIAN_POINT ('', (75.3076802855637, 114.098958529158, -2.99999999999978));
#2160 = CARTESIAN_POINT ('', (75.2732820497897, 114.102850777923, -2.99999999999978));
#2161 = CARTESIAN_POINT ('', (75.2385622522796, 114.108425104419, -2.99999999999978));
#2162 = CARTESIAN_POINT ('', (75.2036352052356, 114.115739112803, -2.99999999999978));
#2163 = CARTESIAN_POINT ('', (75.1686236959475, 114.124840755953, -2.99999999999978));
#2164 = CARTESIAN_POINT ('', (75.1336580441688, 114.135767017822, -2.99999999999978));
#2165 = CARTESIAN_POINT ('', (75.0988749336571, 114.148542694251, -2.99999999999977));
#2166 = CARTESIAN_POINT ('', (75.0644160281729, 114.163179316673, -2.99999999999977));
#2167 = CARTESIAN_POINT ('', (75.0304263912428, 114.179674260432, -2.99999999999977));
#2168 = CARTESIAN_POINT ('', (74.997052738102, 114.198010077145, -2.99999999999976));
#2169 = CARTESIAN_POINT ('', (74.9644415569111, 114.218154085403, -2.99999999999976));
#2170 = CARTESIAN_POINT ('', (74.9327371440187, 114.240058247039, -2.99999999999975));
#2171 = CARTESIAN_POINT ('', (74.9020796041599, 114.263659347231, -2.99999999999974));
#2172 = CARTESIAN_POINT ('', (74.8726028705434, 114.28887948623, -2.99999999999974));
#2173 = CARTESIAN_POINT ('', (74.8444328013998, 114.315626879113, -2.99999999999973));
#2174 = CARTESIAN_POINT ('', (74.8176854085163, 114.343796948257, -2.99999999999972));
#2175 = CARTESIAN_POINT ('', (74.7924652695175, 114.373273681873, -2.99999999999972));
#2176 = CARTESIAN_POINT ('', (74.7688641693252, 114.403931221732, -2.99999999999971));
#2177 = CARTESIAN_POINT ('', (74.7469600076894, 114.435635634624, -2.9999999999997));
#2178 = CARTESIAN_POINT ('', (74.7268159994318, 114.468246815815, -2.99999999999969));
#2179 = CARTESIAN_POINT ('', (74.7084801827183, 114.501620468956, -2.99999999999968));
#2180 = CARTESIAN_POINT ('', (74.6919852389593, 114.535610105886, -2.99999999999967));
#2181 = CARTESIAN_POINT ('', (74.6773486165374, 114.57006901137, -2.99999999999966));
#2182 = CARTESIAN_POINT ('', (74.6645729401085, 114.604852121882, -2.99999999999965));
#2183 = CARTESIAN_POINT ('', (74.6536466782396, 114.639817773661, -2.99999999999964));
#2184 = CARTESIAN_POINT ('', (74.6445450350902, 114.674829282949, -2.99999999999963));
#2185 = CARTESIAN_POINT ('', (74.6372310267059, 114.709756329993, -2.99999999999962));
#2186 = CARTESIAN_POINT ('', (74.6316567002102, 114.744476127503, -2.99999999999961));
#2187 = CARTESIAN_POINT ('', (74.6277644514449, 114.778874363277, -2.9999999999996));
#2188 = CARTESIAN_POINT ('', (74.625488405251, 114.812845915128, -2.99999999999959));
#2189 = CARTESIAN_POINT ('', (74.6249999999998, 114.835145534257, -2.99999999999959));
#2190 = CARTESIAN_POINT ('', (74.6249999999998, 114.846194077713, -2.99999999999958));
#2191 = B_SPLINE_CURVE_WITH_KNOTS ('', 3, (#2156, #2157, #2158, #2159, #2160, #2161, #2162, #2163, #2164, #2165, #2166, #2167, #2168, #2169, #2170, #2171, #2172, #2173, #2174, #2175, #2176, #2177, #2178, #2179, #2180, #2181, #2182, #2183, #2184, #2185, #2186, #2187, #2188, #2189, #2190), .UNSPECIFIED., .F., .U., (4, 1, 1, 1, 1, 1, 1, 1, 1, 1, 1, 1, 1, 1, 1, 1, 1, 1, 1, 1, 1, 1, 1, 1, 1, 1, 1, 1, 1, 1, 1, 1, 4), (11., 11.03125, 11.0625, 11.09375, 11.125, 11.15625, 11.1875, 11.21875, 11.25, 11.28125, 11.3125, 11.34375, 11.375, 11.40625, 11.4375, 11.46875, 11.5, 11.53125, 11.5625, 11.59375, 11.625, 11.65625, 11.6875, 11.71875, 11.75, 11.78125, 11.8125, 11.84375, 11.875, 11.90625, 11.9375, 11.96875, 12.), .UNSPECIFIED.);
#2192 = EDGE_CURVE ('', #2148, #2155, #2191, .T.);
#2193 = ORIENTED_EDGE ('', *, *, #2192, .T.);
#2194 = CARTESIAN_POINT ('', (74.6249999999997, 114.846194077713, -4.24999999999958));
#2195 = CARTESIAN_POINT ('', (74.6249999999998, 114.846194077713, -2.99999999999958));
#2196 = B_SPLINE_CURVE_WITH_KNOTS ('', 1, (#2194, #2195), .UNSPECIFIED., .F., .U., (2, 2), (0., 1.), .UNSPECIFIED.);
#2197 = EDGE_CURVE ('', #621, #2155, #2196, .T.);
#2198 = ORIENTED_EDGE ('', *, *, #2197, .F.);
#2199 = EDGE_LOOP ('', (#2146, #2153, #2193, #2198));
#2200 = FACE_OUTER_BOUND ('', #2199, .T.);
#2201 = CARTESIAN_POINT ('', (74.6249999999998, 114.846194077712, -2.99999999999958));
#2202 = CARTESIAN_POINT ('', (74.6249999999998, 114.096194077712, -2.9999999999998));
#2203 = CARTESIAN_POINT ('', (75.3749999999997, 114.096194077712, -2.99999999999984));
#2204 = CARTESIAN_POINT ('', (74.6249999999997, 114.846194077713, -4.24999999999951));
#2205 = CARTESIAN_POINT ('', (74.6249999999997, 114.096194077713, -4.24999999999972));
#2206 = CARTESIAN_POINT ('', (75.3749999999996, 114.096194077713, -4.24999999999976));
#2207 = (
   BOUNDED_SURFACE ()
   B_SPLINE_SURFACE (1, 2, ((#2201, #2202, #2203), (#2204, #2205, #2206)), .UNSPECIFIED., .F., .F., .U.)
   B_SPLINE_SURFACE_WITH_KNOTS ((2, 2), (3, 3), (-0.124999999999992, 0.), (0., 0.117809724509607), .UNSPECIFIED.)
   GEOMETRIC_REPRESENTATION_ITEM ()
   RATIONAL_B_SPLINE_SURFACE (((1., 0.707106781186547, 1.), (1., 0.707106781186547, 1.)))
   REPRESENTATION_ITEM ('')
   SURFACE ()
);
#2208 = ADVANCED_FACE ('', (#2200), #2207, .T.);
#2209 = ORIENTED_EDGE ('', *, *, #2192, .F.);
#2210 = CARTESIAN_POINT ('', (75.375, 114.096194077714, -2.49999999999979));
#2211 = VERTEX_POINT ('', #2210);
#2212 = CARTESIAN_POINT ('', (75.3749999999997, 114.096194077713, -2.99999999999978));
#2213 = CARTESIAN_POINT ('', (75.3749999999998, 114.096194077713, -2.49999999999978));
#2214 = B_SPLINE_CURVE_WITH_KNOTS ('', 1, (#2212, #2213), .UNSPECIFIED., .F., .U., (2, 2), (0., 1.), .UNSPECIFIED.);
#2215 = EDGE_CURVE ('', #2148, #2211, #2214, .T.);
#2216 = ORIENTED_EDGE ('', *, *, #2215, .T.);
#2217 = CARTESIAN_POINT ('', (74.6250000000001, 114.846194077714, -2.49999999999959));
#2218 = VERTEX_POINT ('', #2217);
#2219 = CARTESIAN_POINT ('', (75.3749999999998, 114.096194077713, -2.49999999999978));
#2220 = CARTESIAN_POINT ('', (75.3639514565437, 114.096194077713, -2.49999999999979));
#2221 = CARTESIAN_POINT ('', (75.3416518374144, 114.096682482964, -2.49999999999979));
#2222 = CARTESIAN_POINT ('', (75.3076802855637, 114.098958529158, -2.49999999999979));
#2223 = CARTESIAN_POINT ('', (75.2732820497897, 114.102850777924, -2.49999999999979));
#2224 = CARTESIAN_POINT ('', (75.2385622522796, 114.108425104419, -2.49999999999978));
#2225 = CARTESIAN_POINT ('', (75.2036352052356, 114.115739112804, -2.49999999999978));
#2226 = CARTESIAN_POINT ('', (75.1686236959475, 114.124840755953, -2.49999999999978));
#2227 = CARTESIAN_POINT ('', (75.1336580441688, 114.135767017822, -2.49999999999978));
#2228 = CARTESIAN_POINT ('', (75.0988749336571, 114.148542694251, -2.49999999999978));
#2229 = CARTESIAN_POINT ('', (75.0644160281729, 114.163179316673, -2.49999999999977));
#2230 = CARTESIAN_POINT ('', (75.0304263912429, 114.179674260432, -2.49999999999977));
#2231 = CARTESIAN_POINT ('', (74.9970527381021, 114.198010077145, -2.49999999999976));
#2232 = CARTESIAN_POINT ('', (74.9644415569112, 114.218154085403, -2.49999999999976));
#2233 = CARTESIAN_POINT ('', (74.9327371440187, 114.240058247039, -2.49999999999975));
#2234 = CARTESIAN_POINT ('', (74.90207960416, 114.263659347231, -2.49999999999975));
#2235 = CARTESIAN_POINT ('', (74.8726028705435, 114.28887948623, -2.49999999999974));
#2236 = CARTESIAN_POINT ('', (74.8444328013998, 114.315626879113, -2.49999999999973));
#2237 = CARTESIAN_POINT ('', (74.8176854085163, 114.343796948257, -2.49999999999973));
#2238 = CARTESIAN_POINT ('', (74.7924652695175, 114.373273681873, -2.49999999999972));
#2239 = CARTESIAN_POINT ('', (74.7688641693253, 114.403931221732, -2.49999999999971));
#2240 = CARTESIAN_POINT ('', (74.7469600076894, 114.435635634625, -2.4999999999997));
#2241 = CARTESIAN_POINT ('', (74.7268159994319, 114.468246815815, -2.49999999999969));
#2242 = CARTESIAN_POINT ('', (74.7084801827184, 114.501620468956, -2.49999999999968));
#2243 = CARTESIAN_POINT ('', (74.6919852389594, 114.535610105886, -2.49999999999967));
#2244 = CARTESIAN_POINT ('', (74.6773486165375, 114.57006901137, -2.49999999999966));
#2245 = CARTESIAN_POINT ('', (74.6645729401085, 114.604852121882, -2.49999999999965));
#2246 = CARTESIAN_POINT ('', (74.6536466782396, 114.639817773661, -2.49999999999964));
#2247 = CARTESIAN_POINT ('', (74.6445450350902, 114.674829282949, -2.49999999999963));
#2248 = CARTESIAN_POINT ('', (74.6372310267059, 114.709756329993, -2.49999999999962));
#2249 = CARTESIAN_POINT ('', (74.6316567002102, 114.744476127503, -2.49999999999961));
#2250 = CARTESIAN_POINT ('', (74.6277644514449, 114.778874363277, -2.4999999999996));
#2251 = CARTESIAN_POINT ('', (74.6254884052511, 114.812845915128, -2.49999999999959));
#2252 = CARTESIAN_POINT ('', (74.6249999999998, 114.835145534257, -2.49999999999959));
#2253 = CARTESIAN_POINT ('', (74.6249999999998, 114.846194077713, -2.49999999999959));
#2254 = B_SPLINE_CURVE_WITH_KNOTS ('', 3, (#2219, #2220, #2221, #2222, #2223, #2224, #2225, #2226, #2227, #2228, #2229, #2230, #2231, #2232, #2233, #2234, #2235, #2236, #2237, #2238, #2239, #2240, #2241, #2242, #2243, #2244, #2245, #2246, #2247, #2248, #2249, #2250, #2251, #2252, #2253), .UNSPECIFIED., .F., .U., (4, 1, 1, 1, 1, 1, 1, 1, 1, 1, 1, 1, 1, 1, 1, 1, 1, 1, 1, 1, 1, 1, 1, 1, 1, 1, 1, 1, 1, 1, 1, 1, 4), (11., 11.03125, 11.0625, 11.09375, 11.125, 11.15625, 11.1875, 11.21875, 11.25, 11.28125, 11.3125, 11.34375, 11.375, 11.40625, 11.4375, 11.46875, 11.5, 11.53125, 11.5625, 11.59375, 11.625, 11.65625, 11.6875, 11.71875, 11.75, 11.78125, 11.8125, 11.84375, 11.875, 11.90625, 11.9375, 11.96875, 12.), .UNSPECIFIED.);
#2255 = EDGE_CURVE ('', #2211, #2218, #2254, .T.);
#2256 = ORIENTED_EDGE ('', *, *, #2255, .T.);
#2257 = CARTESIAN_POINT ('', (74.6249999999998, 114.846194077713, -2.99999999999958));
#2258 = CARTESIAN_POINT ('', (74.6249999999998, 114.846194077713, -2.49999999999959));
#2259 = B_SPLINE_CURVE_WITH_KNOTS ('', 1, (#2257, #2258), .UNSPECIFIED., .F., .U., (2, 2), (0., 1.), .UNSPECIFIED.);
#2260 = EDGE_CURVE ('', #2155, #2218, #2259, .T.);
#2261 = ORIENTED_EDGE ('', *, *, #2260, .F.);
#2262 = EDGE_LOOP ('', (#2209, #2216, #2256, #2261));
#2263 = FACE_OUTER_BOUND ('', #2262, .T.);
#2264 = CARTESIAN_POINT ('', (74.6249999999998, 114.846194077713, -2.49999999999959));
#2265 = CARTESIAN_POINT ('', (74.6249999999998, 114.096194077713, -2.4999999999998));
#2266 = CARTESIAN_POINT ('', (75.3749999999998, 114.096194077713, -2.49999999999988));
#2267 = CARTESIAN_POINT ('', (74.6249999999998, 114.846194077713, -2.99999999999949));
#2268 = CARTESIAN_POINT ('', (74.6249999999998, 114.096194077713, -2.9999999999997));
#2269 = CARTESIAN_POINT ('', (75.3749999999997, 114.096194077713, -2.99999999999978));
#2270 = (
   BOUNDED_SURFACE ()
   B_SPLINE_SURFACE (1, 2, ((#2264, #2265, #2266), (#2267, #2268, #2269)), .UNSPECIFIED., .F., .F., .U.)
   B_SPLINE_SURFACE_WITH_KNOTS ((2, 2), (3, 3), (-0.0499999999999906, 0.), (0., 0.117809724509603), .UNSPECIFIED.)
   GEOMETRIC_REPRESENTATION_ITEM ()
   RATIONAL_B_SPLINE_SURFACE (((1., 0.707106781186547, 1.), (1., 0.707106781186547, 1.)))
   REPRESENTATION_ITEM ('')
   SURFACE ()
);
#2271 = ADVANCED_FACE ('', (#2263), #2270, .T.);
#2272 = ORIENTED_EDGE ('', *, *, #1854, .F.);
#2273 = ORIENTED_EDGE ('', *, *, #1882, .F.);
#2274 = ORIENTED_EDGE ('', *, *, #1937, .F.);
#2275 = ORIENTED_EDGE ('', *, *, #1968, .F.);
#2276 = ORIENTED_EDGE ('', *, *, #2016, .F.);
#2277 = ORIENTED_EDGE ('', *, *, #2040, .F.);
#2278 = ORIENTED_EDGE ('', *, *, #2095, .F.);
#2279 = ORIENTED_EDGE ('', *, *, #2117, .F.);
#2280 = EDGE_LOOP ('', (#2272, #2273, #2274, #2275, #2276, #2277, #2278, #2279));
#2281 = FACE_OUTER_BOUND ('', #2280, .T.);
#2282 = ORIENTED_EDGE ('', *, *, #588, .T.);
#2283 = CARTESIAN_POINT ('', (75.4999999999998, 117.346194077712, -4.50000000000054));
#2284 = CARTESIAN_POINT ('', (75.4583333333331, 117.346194077712, -4.50000000000054));
#2285 = CARTESIAN_POINT ('', (75.4166666666663, 117.346194077712, -4.50000000000054));
#2286 = CARTESIAN_POINT ('', (75.3749999999996, 117.346194077712, -4.50000000000055));
#2287 = B_SPLINE_CURVE_WITH_KNOTS ('', 3, (#2283, #2284, #2285, #2286), .UNSPECIFIED., .F., .U., (4, 4), (1.62499999999973, 1.74999999999999), .UNSPECIFIED.);
#2288 = EDGE_CURVE ('', #862, #546, #2287, .T.);
#2289 = ORIENTED_EDGE ('', *, *, #2288, .F.);
#2290 = ORIENTED_EDGE ('', *, *, #866, .T.);
#2291 = ORIENTED_EDGE ('', *, *, #1595, .T.);
#2292 = ORIENTED_EDGE ('', *, *, #998, .T.);
#2293 = ORIENTED_EDGE ('', *, *, #1015, .F.);
#2294 = ORIENTED_EDGE ('', *, *, #1126, .T.);
#2295 = ORIENTED_EDGE ('', *, *, #1178, .T.);
#2296 = ORIENTED_EDGE ('', *, *, #1276, .T.);
#2297 = ORIENTED_EDGE ('', *, *, #1571, .F.);
#2298 = ORIENTED_EDGE ('', *, *, #960, .T.);
#2299 = ORIENTED_EDGE ('', *, *, #2133, .T.);
#2300 = ORIENTED_EDGE ('', *, *, #824, .T.);
#2301 = ORIENTED_EDGE ('', *, *, #775, .F.);
#2302 = ORIENTED_EDGE ('', *, *, #736, .T.);
#2303 = ORIENTED_EDGE ('', *, *, #638, .T.);
#2304 = EDGE_LOOP ('', (#2282, #2289, #2290, #2291, #2292, #2293, #2294, #2295, #2296, #2297, #2298, #2299, #2300, #2301, #2302, #2303));
#2305 = FACE_BOUND ('', #2304, .T.);
#2306 = CARTESIAN_POINT ('', (72.3749999999996, 113.346194077713, -4.4999999999999));
#2307 = CARTESIAN_POINT ('', (72.3749999999996, 117.846194077713, -4.50000000000072));
#2308 = CARTESIAN_POINT ('', (80.1249999999996, 113.346194077713, -4.49999999999974));
#2309 = CARTESIAN_POINT ('', (80.1249999999996, 117.846194077713, -4.50000000000055));
#2310 = B_SPLINE_SURFACE_WITH_KNOTS ('', 1, 1, ((#2306, #2307), (#2308, #2309)), .UNSPECIFIED., .F., .F., .U., (2, 2), (2, 2), (0.214030755869478, 0.693222462250353), (0.360879827179744, 0.639120172820254), .UNSPECIFIED.);
#2311 = ADVANCED_FACE ('', (#2281, #2305), #2310, .T.);
#2312 = CARTESIAN_POINT ('', (75.3749999999996, 117.096194077713, -4.25000000000097));
#2313 = CARTESIAN_POINT ('', (75.4999999999998, 117.096194077713, -4.25000000000094));
#2314 = B_SPLINE_CURVE_WITH_KNOTS ('', 1, (#2312, #2313), .UNSPECIFIED., .F., .U., (2, 2), (14., 14.0714285714287), .UNSPECIFIED.);
#2315 = EDGE_CURVE ('', #477, #869, #2314, .T.);
#2316 = ORIENTED_EDGE ('', *, *, #2315, .T.);
#2317 = ORIENTED_EDGE ('', *, *, #875, .F.);
#2318 = ORIENTED_EDGE ('', *, *, #2288, .T.);
#2319 = ORIENTED_EDGE ('', *, *, #550, .F.);
#2320 = EDGE_LOOP ('', (#2316, #2317, #2318, #2319));
#2321 = FACE_OUTER_BOUND ('', #2320, .T.);
#2322 = CARTESIAN_POINT ('', (75.3749999999996, 117.096194077713, -4.25000000000097));
#2323 = CARTESIAN_POINT ('', (75.3749999999996, 117.346194077713, -4.50000000000101));
#2324 = CARTESIAN_POINT ('', (75.4166666666663, 117.096194077713, -4.25000000000096));
#2325 = CARTESIAN_POINT ('', (75.4166666666663, 117.346194077713, -4.500000000001));
#2326 = CARTESIAN_POINT ('', (75.4583333333331, 117.096194077713, -4.25000000000095));
#2327 = CARTESIAN_POINT ('', (75.4583333333331, 117.346194077713, -4.50000000000099));
#2328 = CARTESIAN_POINT ('', (75.4999999999998, 117.096194077713, -4.25000000000093));
#2329 = CARTESIAN_POINT ('', (75.4999999999998, 117.346194077713, -4.50000000000098));
#2330 = B_SPLINE_SURFACE_WITH_KNOTS ('', 3, 1, ((#2322, #2323), (#2324, #2325), (#2326, #2327), (#2328, #2329)), .UNSPECIFIED., .F., .F., .U., (4, 4), (2, 2), (0., 0.0714285714287188), (0., 1.), .UNSPECIFIED.);
#2331 = ADVANCED_FACE ('', (#2321), #2330, .T.);
#2332 = ORIENTED_EDGE ('', *, *, #2260, .T.);
#2333 = CARTESIAN_POINT ('', (74.6249999999998, 114.846194077713, -2.49999999999959));
#2334 = CARTESIAN_POINT ('', (74.6249999999998, 114.846194077713, -2.24999999999988));
#2335 = B_SPLINE_CURVE_WITH_KNOTS ('', 1, (#2333, #2334), .UNSPECIFIED., .F., .U., (2, 2), (0., 0.499999999999408), .UNSPECIFIED.);
#2336 = EDGE_CURVE ('', #2218, #114, #2335, .T.);
#2337 = ORIENTED_EDGE ('', *, *, #2336, .T.);
#2338 = CARTESIAN_POINT ('', (74.6249999999998, 116.346194077713, -2.25000000000023));
#2339 = CARTESIAN_POINT ('', (74.6249999999999, 114.846194077713, -2.24999999999988));
#2340 = B_SPLINE_CURVE_WITH_KNOTS ('', 1, (#2338, #2339), .UNSPECIFIED., .F., .U., (2, 2), (-1.24470495392004, -1.09470495392004), .UNSPECIFIED.);
#2341 = EDGE_CURVE ('', #383, #114, #2340, .T.);
#2342 = ORIENTED_EDGE ('', *, *, #2341, .F.);
#2343 = ORIENTED_EDGE ('', *, *, #387, .F.);
#2344 = ORIENTED_EDGE ('', *, *, #456, .F.);
#2345 = ORIENTED_EDGE ('', *, *, #519, .F.);
#2346 = ORIENTED_EDGE ('', *, *, #632, .F.);
#2347 = ORIENTED_EDGE ('', *, *, #2197, .T.);
#2348 = EDGE_LOOP ('', (#2332, #2337, #2342, #2343, #2344, #2345, #2346, #2347));
#2349 = FACE_OUTER_BOUND ('', #2348, .T.);
#2350 = CARTESIAN_POINT ('', (74.6249999999997, 114.846194077713, -4.25000000000734));
#2351 = CARTESIAN_POINT ('', (74.6249999999996, 116.346194077713, -4.25000000000768));
#2352 = CARTESIAN_POINT ('', (74.6249999999998, 114.846194077713, -2.24999999999988));
#2353 = CARTESIAN_POINT ('', (74.6249999999997, 116.346194077713, -2.25000000000023));
#2354 = B_SPLINE_SURFACE_WITH_KNOTS ('', 1, 1, ((#2350, #2351), (#2352, #2353)), .UNSPECIFIED., .F., .F., .U., (2, 2), (2, 2), (-0.125000000001489, 0.0749999999992565), (1.80000000000005, 1.95000000000006), .UNSPECIFIED.);
#2355 = ADVANCED_FACE ('', (#2349), #2354, .T.);
#2356 = ORIENTED_EDGE ('', *, *, #462, .T.);
#2357 = ORIENTED_EDGE ('', *, *, #399, .T.);
#2358 = ORIENTED_EDGE ('', *, *, #286, .F.);
#2359 = CARTESIAN_POINT ('', (77.1249999999997, 117.096194077713, -2.50000000000054));
#2360 = CARTESIAN_POINT ('', (77.1249999999997, 117.096194077713, -2.25000000000083));
#2361 = B_SPLINE_CURVE_WITH_KNOTS ('', 1, (#2359, #2360), .UNSPECIFIED., .F., .U., (2, 2), (0., 0.499999999999425), .UNSPECIFIED.);
#2362 = EDGE_CURVE ('', #1499, #273, #2361, .T.);
#2363 = ORIENTED_EDGE ('', *, *, #2362, .F.);
#2364 = ORIENTED_EDGE ('', *, *, #1503, .F.);
#2365 = ORIENTED_EDGE ('', *, *, #1440, .F.);
#2366 = ORIENTED_EDGE ('', *, *, #1023, .F.);
#2367 = ORIENTED_EDGE ('', *, *, #984, .T.);
#2368 = ORIENTED_EDGE ('', *, *, #895, .T.);
#2369 = ORIENTED_EDGE ('', *, *, #880, .F.);
#2370 = ORIENTED_EDGE ('', *, *, #2315, .F.);
#2371 = ORIENTED_EDGE ('', *, *, #525, .T.);
#2372 = EDGE_LOOP ('', (#2356, #2357, #2358, #2363, #2364, #2365, #2366, #2367, #2368, #2369, #2370, #2371));
#2373 = FACE_OUTER_BOUND ('', #2372, .T.);
#2374 = CARTESIAN_POINT ('', (75.3749999999996, 117.096194077713, -4.25000000000097));
#2375 = CARTESIAN_POINT ('', (77.125000000001, 117.096194077713, -4.25000000000108));
#2376 = CARTESIAN_POINT ('', (75.3749999999997, 117.096194077713, -2.25000000000072));
#2377 = CARTESIAN_POINT ('', (77.1250000000012, 117.096194077713, -2.25000000000083));
#2378 = B_SPLINE_SURFACE_WITH_KNOTS ('', 1, 1, ((#2374, #2375), (#2376, #2377)), .UNSPECIFIED., .F., .F., .U., (2, 2), (2, 2), (7.70924990511901E-13, 0.200000000000797), (2.44999999999997, 2.62500000000012), .UNSPECIFIED.);
#2379 = ADVANCED_FACE ('', (#2373), #2378, .T.);
#2380 = ORIENTED_EDGE ('', *, *, #1543, .F.);
#2381 = ORIENTED_EDGE ('', *, *, #2362, .T.);
#2382 = CARTESIAN_POINT ('', (77.6553300858895, 116.876524163603, -2.24999999999908));
#2383 = CARTESIAN_POINT ('', (77.4356601717794, 117.096194077713, -2.24999999999911));
#2384 = CARTESIAN_POINT ('', (77.1249999999997, 117.096194077713, -2.24999999999909));
#2385 = (
   BOUNDED_CURVE ()
   B_SPLINE_CURVE (2, (#2382, #2383, #2384), .UNSPECIFIED., .F., .U.)
   B_SPLINE_CURVE_WITH_KNOTS ((3, 3), (1.27786670134356E-13, 0.785398163397393), .UNSPECIFIED.)
   CURVE ()
   GEOMETRIC_REPRESENTATION_ITEM ()
   RATIONAL_B_SPLINE_CURVE ((0.853553390593286, 0.853553390593314, 1.))
   REPRESENTATION_ITEM ('')
);
#2386 = EDGE_CURVE ('', #241, #273, #2385, .T.);
#2387 = ORIENTED_EDGE ('', *, *, #2386, .F.);
#2388 = ORIENTED_EDGE ('', *, *, #260, .F.);
#2389 = CARTESIAN_POINT ('', (77.8749999999997, 116.346194077713, -2.50000000000051));
#2390 = CARTESIAN_POINT ('', (77.8749999999997, 116.346194077713, -2.25000000000052));
#2391 = B_SPLINE_CURVE_WITH_KNOTS ('', 1, (#2389, #2390), .UNSPECIFIED., .F., .U., (2, 2), (0., 0.499999999999978), .UNSPECIFIED.);
#2392 = EDGE_CURVE ('', #1506, #207, #2391, .T.);
#2393 = ORIENTED_EDGE ('', *, *, #2392, .F.);
#2394 = EDGE_LOOP ('', (#2380, #2381, #2387, #2388, #2393));
#2395 = FACE_OUTER_BOUND ('', #2394, .T.);
#2396 = CARTESIAN_POINT ('', (77.8749999999997, 116.346194077713, -2.24999999999897));
#2397 = CARTESIAN_POINT ('', (77.8749999999997, 117.096194077713, -2.24999999999891));
#2398 = CARTESIAN_POINT ('', (77.1249999999997, 117.096194077713, -2.24999999999883));
#2399 = CARTESIAN_POINT ('', (77.8749999999997, 116.346194077713, -2.50000000000067));
#2400 = CARTESIAN_POINT ('', (77.8749999999996, 117.096194077713, -2.50000000000062));
#2401 = CARTESIAN_POINT ('', (77.1249999999997, 117.096194077713, -2.50000000000054));
#2402 = (
   BOUNDED_SURFACE ()
   B_SPLINE_SURFACE (1, 2, ((#2396, #2397, #2398), (#2399, #2400, #2401)), .UNSPECIFIED., .F., .F., .U.)
   B_SPLINE_SURFACE_WITH_KNOTS ((2, 2), (3, 3), (-0.0250000000001702, 0.), (0., 0.117809724509612), .UNSPECIFIED.)
   GEOMETRIC_REPRESENTATION_ITEM ()
   RATIONAL_B_SPLINE_SURFACE (((1., 0.707106781186547, 1.), (1., 0.707106781186547, 1.)))
   REPRESENTATION_ITEM ('')
   SURFACE ()
);
#2403 = ADVANCED_FACE ('', (#2395), #2402, .T.);
#2404 = ORIENTED_EDGE ('', *, *, #1548, .T.);
#2405 = ORIENTED_EDGE ('', *, *, #2392, .T.);
#2406 = ORIENTED_EDGE ('', *, *, #230, .F.);
#2407 = CARTESIAN_POINT ('', (77.8749999999997, 114.846194077713, -2.50000000000018));
#2408 = CARTESIAN_POINT ('', (77.8749999999997, 114.846194077713, -2.25000000000017));
#2409 = B_SPLINE_CURVE_WITH_KNOTS ('', 1, (#2407, #2408), .UNSPECIFIED., .F., .U., (2, 2), (0., 0.500000000000018), .UNSPECIFIED.);
#2410 = EDGE_CURVE ('', #1373, #221, #2409, .T.);
#2411 = ORIENTED_EDGE ('', *, *, #2410, .F.);
#2412 = ORIENTED_EDGE ('', *, *, #1377, .F.);
#2413 = ORIENTED_EDGE ('', *, *, #1314, .F.);
#2414 = ORIENTED_EDGE ('', *, *, #1164, .F.);
#2415 = ORIENTED_EDGE ('', *, *, #1485, .T.);
#2416 = EDGE_LOOP ('', (#2404, #2405, #2406, #2411, #2412, #2413, #2414, #2415));
#2417 = FACE_OUTER_BOUND ('', #2416, .T.);
#2418 = CARTESIAN_POINT ('', (77.8749999999995, 116.346194077713, -4.2500000000005));
#2419 = CARTESIAN_POINT ('', (77.8749999999996, 114.846194077713, -4.25000000000016));
#2420 = CARTESIAN_POINT ('', (77.8749999999997, 116.346194077713, -2.25000000000052));
#2421 = CARTESIAN_POINT ('', (77.8749999999997, 114.846194077713, -2.25000000000017));
#2422 = B_SPLINE_SURFACE_WITH_KNOTS ('', 1, 1, ((#2418, #2419), (#2420, #2421)), .UNSPECIFIED., .F., .F., .U., (2, 2), (2, 2), (-1.36557432028894E-14, 0.199999999999985), (1.20000000000002, 1.35000000000002), .UNSPECIFIED.);
#2423 = ADVANCED_FACE ('', (#2417), #2422, .T.);
#2424 = ORIENTED_EDGE ('', *, *, #1417, .F.);
#2425 = ORIENTED_EDGE ('', *, *, #2410, .T.);
#2426 = CARTESIAN_POINT ('', (77.6553300858896, 114.315863991823, -2.24999999999517));
#2427 = CARTESIAN_POINT ('', (77.8749999999995, 114.535533905934, -2.24999999999523));
#2428 = CARTESIAN_POINT ('', (77.8749999999995, 114.846194077713, -2.24999999999531));
#2429 = (
   BOUNDED_CURVE ()
   B_SPLINE_CURVE (2, (#2426, #2427, #2428), .UNSPECIFIED., .F., .U.)
   B_SPLINE_CURVE_WITH_KNOTS ((3, 3), (7.70494779089859E-14, 0.785398163397323), .UNSPECIFIED.)
   CURVE ()
   GEOMETRIC_REPRESENTATION_ITEM ()
   RATIONAL_B_SPLINE_CURVE ((0.853553390593294, 0.853553390593321, 1.))
   REPRESENTATION_ITEM ('')
);
#2430 = EDGE_CURVE ('', #173, #221, #2429, .T.);
#2431 = ORIENTED_EDGE ('', *, *, #2430, .F.);
#2432 = ORIENTED_EDGE ('', *, *, #192, .F.);
#2433 = CARTESIAN_POINT ('', (77.1249999999997, 114.096194077713, -2.50000000000045));
#2434 = CARTESIAN_POINT ('', (77.1249999999997, 114.096194077713, -2.24999999999508));
#2435 = B_SPLINE_CURVE_WITH_KNOTS ('', 1, (#2433, #2434), .UNSPECIFIED., .F., .U., (2, 2), (0., 0.500000000010756), .UNSPECIFIED.);
#2436 = EDGE_CURVE ('', #1380, #146, #2435, .T.);
#2437 = ORIENTED_EDGE ('', *, *, #2436, .F.);
#2438 = EDGE_LOOP ('', (#2424, #2425, #2431, #2432, #2437));
#2439 = FACE_OUTER_BOUND ('', #2438, .T.);
#2440 = CARTESIAN_POINT ('', (77.1249999999996, 114.096194077713, -2.24999999999493));
#2441 = CARTESIAN_POINT ('', (77.8749999999995, 114.096194077713, -2.24999999999431));
#2442 = CARTESIAN_POINT ('', (77.8749999999995, 114.846194077713, -2.24999999999446));
#2443 = CARTESIAN_POINT ('', (77.1249999999998, 114.096194077713, -2.50000000000064));
#2444 = CARTESIAN_POINT ('', (77.8749999999997, 114.096194077713, -2.50000000000002));
#2445 = CARTESIAN_POINT ('', (77.8749999999997, 114.846194077713, -2.50000000000017));
#2446 = (
   BOUNDED_SURFACE ()
   B_SPLINE_SURFACE (1, 2, ((#2440, #2441, #2442), (#2443, #2444, #2445)), .UNSPECIFIED., .F., .F., .U.)
   B_SPLINE_SURFACE_WITH_KNOTS ((2, 2), (3, 3), (-0.0250000000005717, 0.), (0., 0.1178097245096), .UNSPECIFIED.)
   GEOMETRIC_REPRESENTATION_ITEM ()
   RATIONAL_B_SPLINE_SURFACE (((1., 0.707106781186547, 1.), (1., 0.707106781186547, 1.)))
   REPRESENTATION_ITEM ('')
   SURFACE ()
);
#2447 = ADVANCED_FACE ('', (#2439), #2446, .T.);
#2448 = ORIENTED_EDGE ('', *, *, #1422, .T.);
#2449 = ORIENTED_EDGE ('', *, *, #2436, .T.);
#2450 = ORIENTED_EDGE ('', *, *, #150, .F.);
#2451 = CARTESIAN_POINT ('', (75.3749999999998, 114.096194077713, -2.49999999999978));
#2452 = CARTESIAN_POINT ('', (75.3749999999998, 114.096194077713, -2.24999999999767));
#2453 = B_SPLINE_CURVE_WITH_KNOTS ('', 1, (#2451, #2452), .UNSPECIFIED., .F., .U., (2, 2), (0., 0.500000000004238), .UNSPECIFIED.);
#2454 = EDGE_CURVE ('', #2211, #139, #2453, .T.);
#2455 = ORIENTED_EDGE ('', *, *, #2454, .F.);
#2456 = ORIENTED_EDGE ('', *, *, #2215, .F.);
#2457 = ORIENTED_EDGE ('', *, *, #2152, .F.);
#2458 = ORIENTED_EDGE ('', *, *, #789, .F.);
#2459 = ORIENTED_EDGE ('', *, *, #816, .F.);
#2460 = ORIENTED_EDGE ('', *, *, #921, .T.);
#2461 = ORIENTED_EDGE ('', *, *, #974, .T.);
#2462 = ORIENTED_EDGE ('', *, *, #1563, .F.);
#2463 = ORIENTED_EDGE ('', *, *, #1359, .T.);
#2464 = EDGE_LOOP ('', (#2448, #2449, #2450, #2455, #2456, #2457, #2458, #2459, #2460, #2461, #2462, #2463));
#2465 = FACE_OUTER_BOUND ('', #2464, .T.);
#2466 = CARTESIAN_POINT ('', (77.1249999999996, 114.096194077713, -4.25000000000044));
#2467 = CARTESIAN_POINT ('', (75.3749999999982, 114.096194077713, -4.25000000000033));
#2468 = CARTESIAN_POINT ('', (77.1249999999997, 114.096194077713, -2.24999999999898));
#2469 = CARTESIAN_POINT ('', (75.3749999999984, 114.096194077713, -2.24999999999886));
#2470 = B_SPLINE_SURFACE_WITH_KNOTS ('', 1, 1, ((#2466, #2467), (#2468, #2469)), .UNSPECIFIED., .F., .F., .U., (2, 2), (2, 2), (5.50351431094498E-13, 0.200000000000697), (1.74999999999996, 1.92500000000009), .UNSPECIFIED.);
#2471 = ADVANCED_FACE ('', (#2465), #2470, .T.);
#2472 = ORIENTED_EDGE ('', *, *, #2255, .F.);
#2473 = ORIENTED_EDGE ('', *, *, #2454, .T.);
#2474 = CARTESIAN_POINT ('', (74.8446699141098, 114.315863991823, -2.24999999999768));
#2475 = CARTESIAN_POINT ('', (75.0643398282199, 114.096194077713, -2.24999999999764));
#2476 = CARTESIAN_POINT ('', (75.3749999999998, 114.096194077713, -2.24999999999767));
#2477 = (
   BOUNDED_CURVE ()
   B_SPLINE_CURVE (2, (#2474, #2475, #2476), .UNSPECIFIED., .F., .U.)
   B_SPLINE_CURVE_WITH_KNOTS ((3, 3), (4.13002965160558E-14, 0.785398163397671), .UNSPECIFIED.)
   CURVE ()
   GEOMETRIC_REPRESENTATION_ITEM ()
   RATIONAL_B_SPLINE_CURVE ((0.853553390593211, 0.853553390593211, 1.))
   REPRESENTATION_ITEM ('')
);
#2478 = EDGE_CURVE ('', #97, #139, #2477, .T.);
#2479 = ORIENTED_EDGE ('', *, *, #2478, .F.);
#2480 = ORIENTED_EDGE ('', *, *, #124, .F.);
#2481 = ORIENTED_EDGE ('', *, *, #2336, .F.);
#2482 = EDGE_LOOP ('', (#2472, #2473, #2479, #2480, #2481));
#2483 = FACE_OUTER_BOUND ('', #2482, .T.);
#2484 = CARTESIAN_POINT ('', (74.6249999999999, 114.846194077713, -2.24999999999738));
#2485 = CARTESIAN_POINT ('', (74.6249999999999, 114.096194077713, -2.2499999999976));
#2486 = CARTESIAN_POINT ('', (75.3749999999998, 114.096194077713, -2.24999999999767));
#2487 = CARTESIAN_POINT ('', (74.6249999999998, 114.846194077713, -2.4999999999995));
#2488 = CARTESIAN_POINT ('', (74.6249999999998, 114.096194077713, -2.49999999999972));
#2489 = CARTESIAN_POINT ('', (75.3749999999998, 114.096194077713, -2.49999999999979));
#2490 = (
   BOUNDED_SURFACE ()
   B_SPLINE_SURFACE (1, 2, ((#2484, #2485, #2486), (#2487, #2488, #2489)), .UNSPECIFIED., .F., .F., .U.)
   B_SPLINE_SURFACE_WITH_KNOTS ((2, 2), (3, 3), (-0.0250000000002123, 0.), (0., 0.117809724509603), .UNSPECIFIED.)
   GEOMETRIC_REPRESENTATION_ITEM ()
   RATIONAL_B_SPLINE_SURFACE (((1., 0.707106781186547, 1.), (1., 0.707106781186547, 1.)))
   REPRESENTATION_ITEM ('')
   SURFACE ()
);
#2491 = ADVANCED_FACE ('', (#2483), #2490, .T.);
#2492 = ORIENTED_EDGE ('', *, *, #118, .F.);
#2493 = CARTESIAN_POINT ('', (74.8749999999998, 116.346194077713, -2.00000000000037));
#2494 = VERTEX_POINT ('', #2493);
#2495 = CARTESIAN_POINT ('', (74.8749999999999, 114.846194077713, -2.00000000000003));
#2496 = CARTESIAN_POINT ('', (74.8749999999998, 116.346194077713, -2.00000000000037));
#2497 = B_SPLINE_CURVE_WITH_KNOTS ('', 1, (#2495, #2496), .UNSPECIFIED., .F., .U., (2, 2), (1.09470495392002, 1.24470495392004), .UNSPECIFIED.);
#2498 = EDGE_CURVE ('', #106, #2494, #2497, .T.);
#2499 = ORIENTED_EDGE ('', *, *, #2498, .T.);
#2500 = CARTESIAN_POINT ('', (74.8749999999998, 116.346194077713, -2.00000000000037));
#2501 = CARTESIAN_POINT ('', (74.6249999999997, 116.346194077713, -2.25000000000023));
#2502 = B_SPLINE_CURVE_WITH_KNOTS ('', 1, (#2500, #2501), .UNSPECIFIED., .F., .U., (2, 2), (0., 0.0353553390593191), .UNSPECIFIED.);
#2503 = EDGE_CURVE ('', #2494, #383, #2502, .T.);
#2504 = ORIENTED_EDGE ('', *, *, #2503, .T.);
#2505 = ORIENTED_EDGE ('', *, *, #2341, .T.);
#2506 = EDGE_LOOP ('', (#2492, #2499, #2504, #2505));
#2507 = FACE_OUTER_BOUND ('', #2506, .T.);
#2508 = CARTESIAN_POINT ('', (74.6249999999996, 114.846194077713, -2.25000000000011));
#2509 = CARTESIAN_POINT ('', (74.6249999999997, 116.346194077713, -2.25000000000023));
#2510 = CARTESIAN_POINT ('', (74.8749999999999, 114.846194077713, -1.99999999999997));
#2511 = CARTESIAN_POINT ('', (74.8750000000001, 116.346194077713, -2.00000000000009));
#2512 = B_SPLINE_SURFACE_WITH_KNOTS ('', 1, 1, ((#2508, #2509), (#2510, #2511)), .UNSPECIFIED., .F., .F., .U., (2, 2), (2, 2), (-0.0176776695299257, 0.0176776695294329), (1.09470495392003, 1.24470495392004), .UNSPECIFIED.);
#2513 = ADVANCED_FACE ('', (#2507), #2512, .T.);
#2514 = ORIENTED_EDGE ('', *, *, #218, .F.);
#2515 = ORIENTED_EDGE ('', *, *, #253, .F.);
#2516 = CARTESIAN_POINT ('', (77.1249999999997, 116.846194077713, -2.00000000000066));
#2517 = CARTESIAN_POINT ('', (77.3321067811863, 116.846194077713, -2.00000000000068));
#2518 = CARTESIAN_POINT ('', (77.4785533905931, 116.699747468306, -2.00000000000065));
#2519 = (
   BOUNDED_CURVE ()
   B_SPLINE_CURVE (2, (#2516, #2517, #2518), .UNSPECIFIED., .F., .U.)
   B_SPLINE_CURVE_WITH_KNOTS ((3, 3), (-0.785398163397393, 1.67754699020861E-13), .UNSPECIFIED.)
   CURVE ()
   GEOMETRIC_REPRESENTATION_ITEM ()
   RATIONAL_B_SPLINE_CURVE ((1., 0.853553390593259, 0.853553390593287))
   REPRESENTATION_ITEM ('')
);
#2520 = EDGE_CURVE ('', #275, #243, #2519, .T.);
#2521 = ORIENTED_EDGE ('', *, *, #2520, .F.);
#2522 = ORIENTED_EDGE ('', *, *, #298, .F.);
#2523 = ORIENTED_EDGE ('', *, *, #321, .F.);
#2524 = CARTESIAN_POINT ('', (74.8749999999998, 116.346194077713, -2.00000000000037));
#2525 = CARTESIAN_POINT ('', (74.8749999999998, 116.5533008589, -2.00000000000042));
#2526 = CARTESIAN_POINT ('', (75.0214466094064, 116.699747468306, -2.00000000000047));
#2527 = (
   BOUNDED_CURVE ()
   B_SPLINE_CURVE (2, (#2524, #2525, #2526), .UNSPECIFIED., .F., .U.)
   B_SPLINE_CURVE_WITH_KNOTS ((3, 3), (-0.785398163397379, -2.1627144519698E-13), .UNSPECIFIED.)
   CURVE ()
   GEOMETRIC_REPRESENTATION_ITEM ()
   RATIONAL_B_SPLINE_CURVE ((1., 0.853553390593331, 0.853553390593282))
   REPRESENTATION_ITEM ('')
);
#2528 = EDGE_CURVE ('', #2494, #311, #2527, .T.);
#2529 = ORIENTED_EDGE ('', *, *, #2528, .F.);
#2530 = ORIENTED_EDGE ('', *, *, #2498, .F.);
#2531 = ORIENTED_EDGE ('', *, *, #111, .F.);
#2532 = CARTESIAN_POINT ('', (75.3749999999998, 114.346194077713, -1.99999999999995));
#2533 = CARTESIAN_POINT ('', (75.1678932188133, 114.346194077713, -1.99999999999993));
#2534 = CARTESIAN_POINT ('', (75.0214466094066, 114.49264068712, -1.99999999999996));
#2535 = (
   BOUNDED_CURVE ()
   B_SPLINE_CURVE (2, (#2532, #2533, #2534), .UNSPECIFIED., .F., .U.)
   B_SPLINE_CURVE_WITH_KNOTS ((3, 3), (-0.785398163397639, -6.62803145701218E-14), .UNSPECIFIED.)
   CURVE ()
   GEOMETRIC_REPRESENTATION_ITEM ()
   RATIONAL_B_SPLINE_CURVE ((1., 0.853553390593223, 0.853553390593216))
   REPRESENTATION_ITEM ('')
);
#2536 = EDGE_CURVE ('', #137, #99, #2535, .T.);
#2537 = ORIENTED_EDGE ('', *, *, #2536, .F.);
#2538 = ORIENTED_EDGE ('', *, *, #162, .F.);
#2539 = ORIENTED_EDGE ('', *, *, #185, .F.);
#2540 = CARTESIAN_POINT ('', (77.6249999999997, 114.846194077713, -2.00000000000024));
#2541 = CARTESIAN_POINT ('', (77.6249999999997, 114.639087296527, -2.00000000000019));
#2542 = CARTESIAN_POINT ('', (77.478553390593, 114.49264068712, -2.00000000000014));
#2543 = (
   BOUNDED_CURVE ()
   B_SPLINE_CURVE (2, (#2540, #2541, #2542), .UNSPECIFIED., .F., .U.)
   B_SPLINE_CURVE_WITH_KNOTS ((3, 3), (-0.785398163397323, -1.06026298851702E-13), .UNSPECIFIED.)
   CURVE ()
   GEOMETRIC_REPRESENTATION_ITEM ()
   RATIONAL_B_SPLINE_CURVE ((1., 0.85355339059333, 0.853553390593302))
   REPRESENTATION_ITEM ('')
);
#2544 = EDGE_CURVE ('', #214, #175, #2543, .T.);
#2545 = ORIENTED_EDGE ('', *, *, #2544, .F.);
#2546 = EDGE_LOOP ('', (#2514, #2515, #2521, #2522, #2523, #2529, #2530, #2531, #2537, #2538, #2539, #2545));
#2547 = FACE_OUTER_BOUND ('', #2546, .T.);
#2548 = CARTESIAN_POINT ('', (74.8749999999998, 114.346194077713, -1.99999999999991));
#2549 = CARTESIAN_POINT ('', (74.8749999999998, 116.846194077713, -2.00000000000049));
#2550 = CARTESIAN_POINT ('', (77.6249999999997, 114.346194077713, -2.00000000000012));
#2551 = CARTESIAN_POINT ('', (77.6249999999997, 116.846194077713, -2.0000000000007));
#2552 = B_SPLINE_SURFACE_WITH_KNOTS ('', 1, 1, ((#2548, #2549), (#2550, #2551)), .UNSPECIFIED., .F., .F., .U., (2, 2), (2, 2), (0.351962675990801, 0.648037324009196), (0.365420614537084, 0.634579385462908), .UNSPECIFIED.);
#2553 = ADVANCED_FACE ('', (#2547), #2552, .T.);
#2554 = ORIENTED_EDGE ('', *, *, #103, .F.);
#2555 = ORIENTED_EDGE ('', *, *, #2478, .T.);
#2556 = ORIENTED_EDGE ('', *, *, #143, .F.);
#2557 = ORIENTED_EDGE ('', *, *, #2536, .T.);
#2558 = EDGE_LOOP ('', (#2554, #2555, #2556, #2557));
#2559 = FACE_OUTER_BOUND ('', #2558, .T.);
#2560 = CARTESIAN_POINT ('', (75.3749999999998, 114.096194077711, -2.25000000000011));
#2561 = CARTESIAN_POINT ('', (75.0643398282189, 114.096194077711, -2.25000000000009));
#2562 = CARTESIAN_POINT ('', (74.8446699141081, 114.315863991821, -2.25000000000012));
#2563 = CARTESIAN_POINT ('', (75.3749999999998, 114.346194077713, -1.99999999999983));
#2564 = CARTESIAN_POINT ('', (75.1678932188133, 114.346194077713, -1.99999999999982));
#2565 = CARTESIAN_POINT ('', (75.0214466094067, 114.49264068712, -1.99999999999984));
#2566 = (
   BOUNDED_SURFACE ()
   B_SPLINE_SURFACE (1, 2, ((#2560, #2561, #2562), (#2563, #2564, #2565)), .UNSPECIFIED., .F., .F., .U.)
   B_SPLINE_SURFACE_WITH_KNOTS ((2, 2), (3, 3), (-0.282842712479007, 0.282842712473737), (0.147262155636976, 0.196349540849319), .UNSPECIFIED.)
   GEOMETRIC_REPRESENTATION_ITEM ()
   RATIONAL_B_SPLINE_SURFACE (((0.853553390593274, 0.853553390593233, 1.), (0.853553390593274, 0.853553390593233, 1.)))
   REPRESENTATION_ITEM ('')
   SURFACE ()
);
#2567 = ADVANCED_FACE ('', (#2559), #2566, .T.);
#2568 = ORIENTED_EDGE ('', *, *, #179, .F.);
#2569 = ORIENTED_EDGE ('', *, *, #2430, .T.);
#2570 = ORIENTED_EDGE ('', *, *, #225, .T.);
#2571 = ORIENTED_EDGE ('', *, *, #2544, .T.);
#2572 = EDGE_LOOP ('', (#2568, #2569, #2570, #2571));
#2573 = FACE_OUTER_BOUND ('', #2572, .T.);
#2574 = CARTESIAN_POINT ('', (77.8750000000046, 114.846194077713, -2.25000000000042));
#2575 = CARTESIAN_POINT ('', (77.8750000000046, 114.535533905931, -2.25000000000035));
#2576 = CARTESIAN_POINT ('', (77.6553300858932, 114.31586399182, -2.25000000000028));
#2577 = CARTESIAN_POINT ('', (77.6249999999995, 114.846194077713, -2.00000000000006));
#2578 = CARTESIAN_POINT ('', (77.6249999999995, 114.639087296527, -2.00000000000002));
#2579 = CARTESIAN_POINT ('', (77.4785533905929, 114.49264068712, -1.99999999999997));
#2580 = (
   BOUNDED_SURFACE ()
   B_SPLINE_SURFACE (1, 2, ((#2574, #2575, #2576), (#2577, #2578, #2579)), .UNSPECIFIED., .F., .F., .U.)
   B_SPLINE_SURFACE_WITH_KNOTS ((2, 2), (3, 3), (-0.282842712483314, 0.282842712472139), (0.14726215563702, 0.196349540849352), .UNSPECIFIED.)
   GEOMETRIC_REPRESENTATION_ITEM ()
   RATIONAL_B_SPLINE_SURFACE (((0.853553390593274, 0.853553390593293, 1.), (0.853553390593274, 0.853553390593293, 1.)))
   REPRESENTATION_ITEM ('')
   SURFACE ()
);
#2581 = ADVANCED_FACE ('', (#2573), #2580, .T.);
#2582 = ORIENTED_EDGE ('', *, *, #247, .F.);
#2583 = ORIENTED_EDGE ('', *, *, #2386, .T.);
#2584 = ORIENTED_EDGE ('', *, *, #279, .T.);
#2585 = ORIENTED_EDGE ('', *, *, #2520, .T.);
#2586 = EDGE_LOOP ('', (#2582, #2583, #2584, #2585));
#2587 = FACE_OUTER_BOUND ('', #2586, .T.);
#2588 = CARTESIAN_POINT ('', (77.1249999999997, 117.096194077713, -2.24999999999926));
#2589 = CARTESIAN_POINT ('', (77.4356601717796, 117.096194077713, -2.24999999999928));
#2590 = CARTESIAN_POINT ('', (77.6553300858897, 116.876524163603, -2.24999999999925));
#2591 = CARTESIAN_POINT ('', (77.1249999999997, 116.846194077713, -2.00000000000047));
#2592 = CARTESIAN_POINT ('', (77.3321067811862, 116.846194077713, -2.00000000000048));
#2593 = CARTESIAN_POINT ('', (77.4785533905929, 116.699747468306, -2.00000000000046));
#2594 = (
   BOUNDED_SURFACE ()
   B_SPLINE_SURFACE (1, 2, ((#2588, #2589, #2590), (#2591, #2592, #2593)), .UNSPECIFIED., .F., .F., .U.)
   B_SPLINE_SURFACE_WITH_KNOTS ((2, 2), (3, 3), (-0.282842712474066, 0.282842712474109), (0.147262155637021, 0.196349540849359), .UNSPECIFIED.)
   GEOMETRIC_REPRESENTATION_ITEM ()
   RATIONAL_B_SPLINE_SURFACE (((0.853553390593274, 0.853553390593278, 1.), (0.853553390593274, 0.853553390593278, 1.)))
   REPRESENTATION_ITEM ('')
   SURFACE ()
);
#2595 = ADVANCED_FACE ('', (#2587), #2594, .T.);
#2596 = ORIENTED_EDGE ('', *, *, #315, .F.);
#2597 = ORIENTED_EDGE ('', *, *, #393, .T.);
#2598 = ORIENTED_EDGE ('', *, *, #2503, .F.);
#2599 = ORIENTED_EDGE ('', *, *, #2528, .T.);
#2600 = EDGE_LOOP ('', (#2596, #2597, #2598, #2599));
#2601 = FACE_OUTER_BOUND ('', #2600, .T.);
#2602 = CARTESIAN_POINT ('', (74.6249999999996, 116.346194077713, -2.25000000000265));
#2603 = CARTESIAN_POINT ('', (74.6249999999996, 116.656854249493, -2.25000000000273));
#2604 = CARTESIAN_POINT ('', (74.8446699141097, 116.876524163603, -2.25000000000279));
#2605 = CARTESIAN_POINT ('', (74.875, 116.346194077713, -2.00000000000016));
#2606 = CARTESIAN_POINT ('', (74.875, 116.5533008589, -2.00000000000021));
#2607 = CARTESIAN_POINT ('', (75.0214466094066, 116.699747468306, -2.00000000000025));
#2608 = (
   BOUNDED_SURFACE ()
   B_SPLINE_SURFACE (1, 2, ((#2602, #2603, #2604), (#2605, #2606, #2607)), .UNSPECIFIED., .F., .F., .U.)
   B_SPLINE_SURFACE_WITH_KNOTS ((2, 2), (3, 3), (-0.282842712476288, 0.282842712476245), (0.147262155637016, 0.196349540849351), .UNSPECIFIED.)
   GEOMETRIC_REPRESENTATION_ITEM ()
   RATIONAL_B_SPLINE_SURFACE (((0.853553390593274, 0.853553390593281, 1.), (0.853553390593274, 0.853553390593281, 1.)))
   REPRESENTATION_ITEM ('')
   SURFACE ()
);
#2609 = ADVANCED_FACE ('', (#2601), #2608, .T.);
#2610 = CLOSED_SHELL ('', (#135, #171, #203, #239, #271, #307, #339, #410, #473, #536, #619, #651, #767, #803, #889, #931, #1007, #1041, #1157, #1191, #1307, #1370, #1433, #1496, #1559, #1585, #1605, #1813, #1876, #1898, #1955, #1977, #2034, #2056, #2113, #2129, #2145, #2208, #2271, #2311, #2331, #2355, #2379, #2403, #2423, #2447, #2471, #2491, #2513, #2553, #2567, #2581, #2595, #2609));
#2611 = MANIFOLD_SOLID_BREP ('', #2610);
#2612 = PRESENTATION_LAYER_ASSIGNMENT ('Level 5', 'Level 5', (#2611, #5273));
#2613 = COLOUR_RGB ('', 0., 0.333333333333333, 1.);
#2614 = FILL_AREA_STYLE_COLOUR ('', #2613);
#2615 = FILL_AREA_STYLE ('', (#2614));
#2616 = SURFACE_STYLE_FILL_AREA (#2615);
#2617 = SURFACE_SIDE_STYLE ('', (#2616));
#2618 = SURFACE_STYLE_USAGE (.POSITIVE., #2617);
#2619 = PRESENTATION_STYLE_ASSIGNMENT ((#2618));
#2620 = STYLED_ITEM ('', (#2619), #2611);
#2621 = (
   LENGTH_UNIT ()
   NAMED_UNIT (*)
   SI_UNIT ($, .METRE.)
);
#2622 = (
   NAMED_UNIT (*)
   SI_UNIT ($, .STERADIAN.)
   SOLID_ANGLE_UNIT ()
);
#2623 = (
   NAMED_UNIT (*)
   PLANE_ANGLE_UNIT ()
   SI_UNIT ($, .RADIAN.)
);
#2624 = UNCERTAINTY_MEASURE_WITH_UNIT (LENGTH_MEASURE(0.001), #2621, 'DISTANCE_ACCURACY_VALUE', '');
#2625 = (
   GEOMETRIC_REPRESENTATION_CONTEXT (3)
   GLOBAL_UNCERTAINTY_ASSIGNED_CONTEXT ((#2624))
   GLOBAL_UNIT_ASSIGNED_CONTEXT ((#2621, #2622, #2623))
   REPRESENTATION_CONTEXT ('', '3D')
);
#2626 = SHAPE_REPRESENTATION ('', (#2754), #2625);
#2627 = APPLICATION_CONTEXT ('configuration controlled 3D designs of mechanical parts and assemblies');
#2628 = APPLICATION_PROTOCOL_DEFINITION ('International Standard', 'config_control_design', 1997, #2627);
#2629 = MECHANICAL_CONTEXT ('', #2627, 'mechanical');
#2630 = PRODUCT ('', '', '', (#2629));
#2631 = PERSON_AND_ORGANIZATION_ROLE ('design_owner');
#2632 = PERSON ('#2632', '', $, $, $, $);
#2633 = ORGANIZATION ($, '', '');
#2634 = PERSON_AND_ORGANIZATION (#2632, #2633);
#2635 = CC_DESIGN_PERSON_AND_ORGANIZATION_ASSIGNMENT (#2634, #2631, (#2630));
#2636 = PRODUCT_RELATED_PRODUCT_CATEGORY ('detail', $, (#2630));
#2637 = PRODUCT_DEFINITION_FORMATION_WITH_SPECIFIED_SOURCE ('', '', #2630, .NOT_KNOWN.);
#2638 = APPROVAL_STATUS ('approved');
#2639 = APPROVAL (#2638, '');
#2640 = CALENDAR_DATE (2026, 18, 2);
#2641 = COORDINATED_UNIVERSAL_TIME_OFFSET (0, $, .AHEAD.);
#2642 = LOCAL_TIME (16, 15, 53., #2641);
#2643 = DATE_AND_TIME (#2640, #2642);
#2644 = APPROVAL_DATE_TIME (#2643, #2639);
#2645 = APPROVAL_ROLE ('');
#2646 = PERSON ('#2646', '', $, $, $, $);
#2647 = ORGANIZATION ($, '', '');
#2648 = PERSON_AND_ORGANIZATION (#2646, #2647);
#2649 = APPROVAL_PERSON_ORGANIZATION (#2648, #2639, #2645);
#2650 = CC_DESIGN_APPROVAL (#2639, (#2637));
#2651 = PERSON_AND_ORGANIZATION_ROLE ('creator');
#2652 = PERSON ('#2652', '', $, $, $, $);
#2653 = ORGANIZATION ($, '', '');
#2654 = PERSON_AND_ORGANIZATION (#2652, #2653);
#2655 = CC_DESIGN_PERSON_AND_ORGANIZATION_ASSIGNMENT (#2654, #2651, (#2637));
#2656 = PERSON_AND_ORGANIZATION_ROLE ('part_supplier');
#2657 = PERSON ('#2657', '', $, $, $, $);
#2658 = ORGANIZATION ($, '', '');
#2659 = PERSON_AND_ORGANIZATION (#2657, #2658);
#2660 = CC_DESIGN_PERSON_AND_ORGANIZATION_ASSIGNMENT (#2659, #2656, (#2637));
#2661 = SECURITY_CLASSIFICATION_LEVEL ('unclassified');
#2662 = SECURITY_CLASSIFICATION ('', '', #2661);
#2663 = APPROVAL_STATUS ('approved');
#2664 = APPROVAL (#2663, '');
#2665 = CALENDAR_DATE (2026, 18, 2);
#2666 = COORDINATED_UNIVERSAL_TIME_OFFSET (0, $, .AHEAD.);
#2667 = LOCAL_TIME (16, 15, 53., #2666);
#2668 = DATE_AND_TIME (#2665, #2667);
#2669 = APPROVAL_DATE_TIME (#2668, #2664);
#2670 = APPROVAL_ROLE ('');
#2671 = PERSON ('#2671', '', $, $, $, $);
#2672 = ORGANIZATION ($, '', '');
#2673 = PERSON_AND_ORGANIZATION (#2671, #2672);
#2674 = APPROVAL_PERSON_ORGANIZATION (#2673, #2664, #2670);
#2675 = CC_DESIGN_APPROVAL (#2664, (#2662));
#2676 = DATE_TIME_ROLE ('classification_date');
#2677 = CALENDAR_DATE (2026, 18, 2);
#2678 = COORDINATED_UNIVERSAL_TIME_OFFSET (0, $, .AHEAD.);
#2679 = LOCAL_TIME (16, 15, 53., #2678);
#2680 = DATE_AND_TIME (#2677, #2679);
#2681 = CC_DESIGN_DATE_AND_TIME_ASSIGNMENT (#2680, #2676, (#2662));
#2682 = PERSON_AND_ORGANIZATION_ROLE ('classification_officer');
#2683 = PERSON ('#2683', '', $, $, $, $);
#2684 = ORGANIZATION ($, '', '');
#2685 = PERSON_AND_ORGANIZATION (#2683, #2684);
#2686 = CC_DESIGN_PERSON_AND_ORGANIZATION_ASSIGNMENT (#2685, #2682, (#2662));
#2687 = CC_DESIGN_SECURITY_CLASSIFICATION (#2662, (#2637));
#2688 = DESIGN_CONTEXT ('', #2627, 'design');
#2689 = APPROVAL_STATUS ('approved');
#2690 = APPROVAL (#2689, '');
#2691 = CALENDAR_DATE (2026, 18, 2);
#2692 = COORDINATED_UNIVERSAL_TIME_OFFSET (0, $, .AHEAD.);
#2693 = LOCAL_TIME (16, 15, 53., #2692);
#2694 = DATE_AND_TIME (#2691, #2693);
#2695 = APPROVAL_DATE_TIME (#2694, #2690);
#2696 = APPROVAL_ROLE ('');
#2697 = PERSON ('#2697', '', $, $, $, $);
#2698 = ORGANIZATION ($, '', '');
#2699 = PERSON_AND_ORGANIZATION (#2697, #2698);
#2700 = APPROVAL_PERSON_ORGANIZATION (#2699, #2690, #2696);
#2701 = CC_DESIGN_APPROVAL (#2690, (*));
#2702 = DATE_TIME_ROLE ('creation_date');
#2703 = CALENDAR_DATE (2026, 18, 2);
#2704 = COORDINATED_UNIVERSAL_TIME_OFFSET (0, $, .AHEAD.);
#2705 = LOCAL_TIME (16, 15, 53., #2704);
#2706 = DATE_AND_TIME (#2703, #2705);
#2707 = CC_DESIGN_DATE_AND_TIME_ASSIGNMENT (#2706, #2702, (*));
#2708 = PERSON_AND_ORGANIZATION_ROLE ('creator');
#2709 = PERSON ('#2709', '', $, $, $, $);
#2710 = ORGANIZATION ($, '', '');
#2711 = PERSON_AND_ORGANIZATION (#2709, #2710);
#2712 = CC_DESIGN_PERSON_AND_ORGANIZATION_ASSIGNMENT (#2711, #2708, (*));
#2713 = PRODUCT_DEFINITION ('', '', #2637, #2688);
#2714 = PRODUCT_DEFINITION_SHAPE ('', '', #2713);
#2715 = SHAPE_DEFINITION_REPRESENTATION (#2714, #2626);
#2716 = SHAPE_REPRESENTATION_RELATIONSHIP ('', '', #2626, #2717);
#2717 = ADVANCED_BREP_SHAPE_REPRESENTATION ('', (#2611), #2625);
#2718 = NEXT_ASSEMBLY_USAGE_OCCURRENCE ('#2718', '', '', #93, #2713, $);
#2719 = SECURITY_CLASSIFICATION_LEVEL ('unclassified');
#2720 = SECURITY_CLASSIFICATION ('', '', #2719);
#2721 = APPROVAL_STATUS ('approved');
#2722 = APPROVAL (#2721, '');
#2723 = CALENDAR_DATE (2026, 18, 2);
#2724 = COORDINATED_UNIVERSAL_TIME_OFFSET (0, $, .AHEAD.);
#2725 = LOCAL_TIME (16, 15, 53., #2724);
#2726 = DATE_AND_TIME (#2723, #2725);
#2727 = APPROVAL_DATE_TIME (#2726, #2722);
#2728 = APPROVAL_ROLE ('');
#2729 = PERSON ('#2729', '', $, $, $, $);
#2730 = ORGANIZATION ($, '', '');
#2731 = PERSON_AND_ORGANIZATION (#2729, #2730);
#2732 = APPROVAL_PERSON_ORGANIZATION (#2731, #2722, #2728);
#2733 = CC_DESIGN_APPROVAL (#2722, (#2720));
#2734 = DATE_TIME_ROLE ('classification_date');
#2735 = CALENDAR_DATE (2026, 18, 2);
#2736 = COORDINATED_UNIVERSAL_TIME_OFFSET (0, $, .AHEAD.);
#2737 = LOCAL_TIME (16, 15, 53., #2736);
#2738 = DATE_AND_TIME (#2735, #2737);
#2739 = CC_DESIGN_DATE_AND_TIME_ASSIGNMENT (#2738, #2734, (#2720));
#2740 = PERSON_AND_ORGANIZATION_ROLE ('classification_officer');
#2741 = PERSON ('#2741', '', $, $, $, $);
#2742 = ORGANIZATION ($, '', '');
#2743 = PERSON_AND_ORGANIZATION (#2741, #2742);
#2744 = CC_DESIGN_PERSON_AND_ORGANIZATION_ASSIGNMENT (#2743, #2740, (#2720));
#2745 = CC_DESIGN_SECURITY_CLASSIFICATION (#2720, (#2718));
#2746 = PRODUCT_DEFINITION_SHAPE ('', '', #2718);
#2747 = CARTESIAN_POINT ('', (0., 0., 0.));
#2748 = DIRECTION ('', (0., 0., 1.));
#2749 = DIRECTION ('', (1., 0., 0.));
#2750 = AXIS2_PLACEMENT_3D ('', #2747, #2748, #2749);
#2751 = CARTESIAN_POINT ('', (0., 0., 0.));
#2752 = DIRECTION ('', (0., 0., 1.));
#2753 = DIRECTION ('', (1., 0., 0.));
#2754 = AXIS2_PLACEMENT_3D ('', #2751, #2752, #2753);
#2755 = ITEM_DEFINED_TRANSFORMATION ('', '', #2750, #2754);
#2756 = (
   REPRESENTATION_RELATIONSHIP ('', '', #6, #2626)
   REPRESENTATION_RELATIONSHIP_WITH_TRANSFORMATION (#2755)
   SHAPE_REPRESENTATION_RELATIONSHIP ()
);
#2757 = CONTEXT_DEPENDENT_SHAPE_REPRESENTATION (#2756, #2746);
#2758 = CARTESIAN_POINT ('', (72.3749999999999, 108.75, -4.50000000000036));
#2759 = VERTEX_POINT ('', #2758);
#2760 = CARTESIAN_POINT ('', (73.875, 107.25, -4.50000000000104));
#2761 = VERTEX_POINT ('', #2760);
#2762 = CARTESIAN_POINT ('', (72.3749999999997, 108.749999999999, -4.50000000000035));
#2763 = CARTESIAN_POINT ('', (72.3749999999997, 108.727902913087, -4.50000000000035));
#2764 = CARTESIAN_POINT ('', (72.3759768105022, 108.683303674828, -4.50000000000036));
#2765 = CARTESIAN_POINT ('', (72.3805289028898, 108.615360571127, -4.50000000000037));
#2766 = CARTESIAN_POINT ('', (72.3883134004205, 108.546564099579, -4.50000000000039));
#2767 = CARTESIAN_POINT ('', (72.399462053412, 108.477124504559, -4.50000000000041));
#2768 = CARTESIAN_POINT ('', (72.4140900701805, 108.407270410471, -4.50000000000042));
#2769 = CARTESIAN_POINT ('', (72.4322933564793, 108.337247391895, -4.50000000000044));
#2770 = CARTESIAN_POINT ('', (72.4541458802172, 108.267316088337, -4.50000000000046));
#2771 = CARTESIAN_POINT ('', (72.479697233075, 108.197749867314, -4.50000000000048));
#2772 = CARTESIAN_POINT ('', (72.5089704779188, 108.128832056346, -4.5000000000005));
#2773 = CARTESIAN_POINT ('', (72.5419603654369, 108.060852782485, -4.50000000000052));
#2774 = CARTESIAN_POINT ('', (72.5786319988638, 107.994105476204, -4.50000000000055));
#2775 = CARTESIAN_POINT ('', (72.6189200153789, 107.928883113822, -4.50000000000057));
#2776 = CARTESIAN_POINT ('', (72.6627283386507, 107.865474288037, -4.50000000000059));
#2777 = CARTESIAN_POINT ('', (72.7099305390353, 107.80415920832, -4.50000000000062));
#2778 = CARTESIAN_POINT ('', (72.7603708170328, 107.745205741087, -4.50000000000064));
#2779 = CARTESIAN_POINT ('', (72.8138656027998, 107.688865602799, -4.50000000000067));
#2780 = CARTESIAN_POINT ('', (72.8702057410871, 107.635370817032, -4.50000000000069));
#2781 = CARTESIAN_POINT ('', (72.9291592083201, 107.584930539035, -4.50000000000072));
#2782 = CARTESIAN_POINT ('', (72.9904742880376, 107.53772833865, -4.50000000000075));
#2783 = CARTESIAN_POINT ('', (73.0538831138225, 107.493920015379, -4.50000000000077));
#2784 = CARTESIAN_POINT ('', (73.1191054762044, 107.453631998863, -4.5000000000008));
#2785 = CARTESIAN_POINT ('', (73.185852782486, 107.416960365436, -4.50000000000082));
#2786 = CARTESIAN_POINT ('', (73.2538320563461, 107.383970477918, -4.50000000000085));
#2787 = CARTESIAN_POINT ('', (73.3227498673144, 107.354697233075, -4.50000000000087));
#2788 = CARTESIAN_POINT ('', (73.3923160883378, 107.329145880217, -4.5000000000009));
#2789 = CARTESIAN_POINT ('', (73.4622473918952, 107.307293356479, -4.50000000000092));
#2790 = CARTESIAN_POINT ('', (73.5322704104714, 107.28909007018, -4.50000000000094));
#2791 = CARTESIAN_POINT ('', (73.6021245045595, 107.274462053412, -4.50000000000096));
#2792 = CARTESIAN_POINT ('', (73.6715640995796, 107.26331340042, -4.50000000000098));
#2793 = CARTESIAN_POINT ('', (73.7403605711276, 107.255528902889, -4.500000000001));
#2794 = CARTESIAN_POINT ('', (73.808303674829, 107.250976810502, -4.50000000000102));
#2795 = CARTESIAN_POINT ('', (73.8529029130877, 107.249999999999, -4.50000000000104));
#2796 = CARTESIAN_POINT ('', (73.8749999999997, 107.249999999999, -4.50000000000104));
#2797 = B_SPLINE_CURVE_WITH_KNOTS ('', 3, (#2762, #2763, #2764, #2765, #2766, #2767, #2768, #2769, #2770, #2771, #2772, #2773, #2774, #2775, #2776, #2777, #2778, #2779, #2780, #2781, #2782, #2783, #2784, #2785, #2786, #2787, #2788, #2789, #2790, #2791, #2792, #2793, #2794, #2795, #2796), .UNSPECIFIED., .F., .U., (4, 1, 1, 1, 1, 1, 1, 1, 1, 1, 1, 1, 1, 1, 1, 1, 1, 1, 1, 1, 1, 1, 1, 1, 1, 1, 1, 1, 1, 1, 1, 1, 4), (13., 13.03125, 13.0625, 13.09375, 13.125, 13.15625, 13.1875, 13.21875, 13.25, 13.28125, 13.3125, 13.34375, 13.375, 13.40625, 13.4375, 13.46875, 13.5, 13.53125, 13.5625, 13.59375, 13.625, 13.65625, 13.6875, 13.71875, 13.75, 13.78125, 13.8125, 13.84375, 13.875, 13.90625, 13.9375, 13.96875, 14.), .UNSPECIFIED.);
#2798 = EDGE_CURVE ('', #2759, #2761, #2797, .T.);
#2799 = ORIENTED_EDGE ('', *, *, #2798, .F.);
#2800 = CARTESIAN_POINT ('', (72.3749999999999, 108.75, -5.00000000000036));
#2801 = VERTEX_POINT ('', #2800);
#2802 = CARTESIAN_POINT ('', (72.3749999999997, 108.749999999999, -4.50000000000035));
#2803 = CARTESIAN_POINT ('', (72.3749999999997, 108.749999999999, -5.00000000000034));
#2804 = B_SPLINE_CURVE_WITH_KNOTS ('', 1, (#2802, #2803), .UNSPECIFIED., .F., .U., (2, 2), (0., 1.), .UNSPECIFIED.);
#2805 = EDGE_CURVE ('', #2759, #2801, #2804, .T.);
#2806 = ORIENTED_EDGE ('', *, *, #2805, .T.);
#2807 = CARTESIAN_POINT ('', (73.875, 107.25, -5.00000000000104));
#2808 = VERTEX_POINT ('', #2807);
#2809 = CARTESIAN_POINT ('', (72.3749999999997, 108.749999999999, -5.00000000000034));
#2810 = CARTESIAN_POINT ('', (72.3749999999997, 108.727902913087, -5.00000000000035));
#2811 = CARTESIAN_POINT ('', (72.3759768105022, 108.683303674829, -5.00000000000036));
#2812 = CARTESIAN_POINT ('', (72.3805289028898, 108.615360571127, -5.00000000000037));
#2813 = CARTESIAN_POINT ('', (72.3883134004205, 108.546564099579, -5.00000000000039));
#2814 = CARTESIAN_POINT ('', (72.399462053412, 108.477124504559, -5.0000000000004));
#2815 = CARTESIAN_POINT ('', (72.4140900701805, 108.407270410471, -5.00000000000042));
#2816 = CARTESIAN_POINT ('', (72.4322933564793, 108.337247391895, -5.00000000000044));
#2817 = CARTESIAN_POINT ('', (72.4541458802172, 108.267316088337, -5.00000000000046));
#2818 = CARTESIAN_POINT ('', (72.479697233075, 108.197749867314, -5.00000000000048));
#2819 = CARTESIAN_POINT ('', (72.5089704779188, 108.128832056346, -5.0000000000005));
#2820 = CARTESIAN_POINT ('', (72.5419603654369, 108.060852782486, -5.00000000000052));
#2821 = CARTESIAN_POINT ('', (72.5786319988638, 107.994105476204, -5.00000000000054));
#2822 = CARTESIAN_POINT ('', (72.6189200153789, 107.928883113822, -5.00000000000057));
#2823 = CARTESIAN_POINT ('', (72.6627283386507, 107.865474288037, -5.00000000000059));
#2824 = CARTESIAN_POINT ('', (72.7099305390353, 107.80415920832, -5.00000000000061));
#2825 = CARTESIAN_POINT ('', (72.7603708170328, 107.745205741087, -5.00000000000064));
#2826 = CARTESIAN_POINT ('', (72.8138656027998, 107.688865602799, -5.00000000000066));
#2827 = CARTESIAN_POINT ('', (72.8702057410871, 107.635370817032, -5.00000000000069));
#2828 = CARTESIAN_POINT ('', (72.9291592083201, 107.584930539035, -5.00000000000072));
#2829 = CARTESIAN_POINT ('', (72.9904742880376, 107.53772833865, -5.00000000000074));
#2830 = CARTESIAN_POINT ('', (73.0538831138225, 107.493920015379, -5.00000000000077));
#2831 = CARTESIAN_POINT ('', (73.1191054762044, 107.453631998864, -5.00000000000079));
#2832 = CARTESIAN_POINT ('', (73.185852782486, 107.416960365437, -5.00000000000082));
#2833 = CARTESIAN_POINT ('', (73.2538320563461, 107.383970477919, -5.00000000000085));
#2834 = CARTESIAN_POINT ('', (73.3227498673144, 107.354697233075, -5.00000000000087));
#2835 = CARTESIAN_POINT ('', (73.3923160883378, 107.329145880217, -5.00000000000089));
#2836 = CARTESIAN_POINT ('', (73.4622473918952, 107.307293356479, -5.00000000000092));
#2837 = CARTESIAN_POINT ('', (73.5322704104714, 107.28909007018, -5.00000000000094));
#2838 = CARTESIAN_POINT ('', (73.6021245045595, 107.274462053412, -5.00000000000096));
#2839 = CARTESIAN_POINT ('', (73.6715640995796, 107.26331340042, -5.00000000000098));
#2840 = CARTESIAN_POINT ('', (73.7403605711276, 107.25552890289, -5.000000000001));
#2841 = CARTESIAN_POINT ('', (73.808303674829, 107.250976810502, -5.00000000000102));
#2842 = CARTESIAN_POINT ('', (73.8529029130877, 107.249999999999, -5.00000000000103));
#2843 = CARTESIAN_POINT ('', (73.8749999999997, 107.249999999999, -5.00000000000104));
#2844 = B_SPLINE_CURVE_WITH_KNOTS ('', 3, (#2809, #2810, #2811, #2812, #2813, #2814, #2815, #2816, #2817, #2818, #2819, #2820, #2821, #2822, #2823, #2824, #2825, #2826, #2827, #2828, #2829, #2830, #2831, #2832, #2833, #2834, #2835, #2836, #2837, #2838, #2839, #2840, #2841, #2842, #2843), .UNSPECIFIED., .F., .U., (4, 1, 1, 1, 1, 1, 1, 1, 1, 1, 1, 1, 1, 1, 1, 1, 1, 1, 1, 1, 1, 1, 1, 1, 1, 1, 1, 1, 1, 1, 1, 1, 4), (13., 13.03125, 13.0625, 13.09375, 13.125, 13.15625, 13.1875, 13.21875, 13.25, 13.28125, 13.3125, 13.34375, 13.375, 13.40625, 13.4375, 13.46875, 13.5, 13.53125, 13.5625, 13.59375, 13.625, 13.65625, 13.6875, 13.71875, 13.75, 13.78125, 13.8125, 13.84375, 13.875, 13.90625, 13.9375, 13.96875, 14.), .UNSPECIFIED.);
#2845 = EDGE_CURVE ('', #2801, #2808, #2844, .T.);
#2846 = ORIENTED_EDGE ('', *, *, #2845, .T.);
#2847 = CARTESIAN_POINT ('', (73.8749999999997, 107.249999999999, -4.50000000000104));
#2848 = CARTESIAN_POINT ('', (73.8749999999997, 107.249999999999, -5.00000000000104));
#2849 = B_SPLINE_CURVE_WITH_KNOTS ('', 1, (#2847, #2848), .UNSPECIFIED., .F., .U., (2, 2), (0., 1.), .UNSPECIFIED.);
#2850 = EDGE_CURVE ('', #2761, #2808, #2849, .T.);
#2851 = ORIENTED_EDGE ('', *, *, #2850, .F.);
#2852 = EDGE_LOOP ('', (#2799, #2806, #2846, #2851));
#2853 = FACE_OUTER_BOUND ('', #2852, .T.);
#2854 = CARTESIAN_POINT ('', (73.8749999999994, 107.249999999999, -5.00000000000104));
#2855 = CARTESIAN_POINT ('', (72.3749999999995, 107.25, -5.00000000000062));
#2856 = CARTESIAN_POINT ('', (72.3749999999995, 108.749999999999, -5.00000000000026));
#2857 = CARTESIAN_POINT ('', (73.8749999999995, 107.249999999999, -4.50000000000112));
#2858 = CARTESIAN_POINT ('', (72.3749999999996, 107.249999999999, -4.50000000000071));
#2859 = CARTESIAN_POINT ('', (72.3749999999996, 108.749999999999, -4.50000000000034));
#2860 = (
   BOUNDED_SURFACE ()
   B_SPLINE_SURFACE (1, 2, ((#2854, #2855, #2856), (#2857, #2858, #2859)), .UNSPECIFIED., .F., .F., .U.)
   B_SPLINE_SURFACE_WITH_KNOTS ((2, 2), (3, 3), (-0.0499999999999916, 0.), (0., 0.235619449019215), .UNSPECIFIED.)
   GEOMETRIC_REPRESENTATION_ITEM ()
   RATIONAL_B_SPLINE_SURFACE (((1., 0.707106781186547, 1.), (1., 0.707106781186547, 1.)))
   REPRESENTATION_ITEM ('')
   SURFACE ()
);
#2861 = ADVANCED_FACE ('', (#2853), #2860, .T.);
#2862 = CARTESIAN_POINT ('', (80.1249999999999, 110.25, -4.49999999999964));
#2863 = VERTEX_POINT ('', #2862);
#2864 = CARTESIAN_POINT ('', (78.6249999999998, 111.75, -4.50000000000019));
#2865 = VERTEX_POINT ('', #2864);
#2866 = CARTESIAN_POINT ('', (80.1249999999996, 110.249999999999, -4.49999999999962));
#2867 = CARTESIAN_POINT ('', (80.1249999999996, 110.272097086911, -4.49999999999961));
#2868 = CARTESIAN_POINT ('', (80.1240231894971, 110.31669632517, -4.49999999999959));
#2869 = CARTESIAN_POINT ('', (80.1194710971094, 110.384639428871, -4.49999999999957));
#2870 = CARTESIAN_POINT ('', (80.1116865995787, 110.453435900419, -4.49999999999954));
#2871 = CARTESIAN_POINT ('', (80.1005379465873, 110.522875495439, -4.49999999999952));
#2872 = CARTESIAN_POINT ('', (80.0859099298187, 110.592729589528, -4.4999999999995));
#2873 = CARTESIAN_POINT ('', (80.06770664352, 110.662752608104, -4.49999999999948));
#2874 = CARTESIAN_POINT ('', (80.0458541197821, 110.732683911661, -4.49999999999947));
#2875 = CARTESIAN_POINT ('', (80.0203027669242, 110.802250132685, -4.49999999999946));
#2876 = CARTESIAN_POINT ('', (79.9910295220804, 110.871167943653, -4.49999999999945));
#2877 = CARTESIAN_POINT ('', (79.9580396345623, 110.939147217513, -4.49999999999945));
#2878 = CARTESIAN_POINT ('', (79.9213680011354, 111.005894523795, -4.49999999999945));
#2879 = CARTESIAN_POINT ('', (79.8810799846203, 111.071116886176, -4.49999999999945));
#2880 = CARTESIAN_POINT ('', (79.8372716613485, 111.134525711961, -4.49999999999946));
#2881 = CARTESIAN_POINT ('', (79.790069460964, 111.195840791679, -4.49999999999947));
#2882 = CARTESIAN_POINT ('', (79.7396291829664, 111.254794258912, -4.49999999999949));
#2883 = CARTESIAN_POINT ('', (79.6861343971994, 111.311134397199, -4.49999999999951));
#2884 = CARTESIAN_POINT ('', (79.6297942589121, 111.364629182966, -4.49999999999953));
#2885 = CARTESIAN_POINT ('', (79.5708407916791, 111.415069460964, -4.49999999999955));
#2886 = CARTESIAN_POINT ('', (79.5095257119616, 111.462271661348, -4.49999999999958));
#2887 = CARTESIAN_POINT ('', (79.4461168861767, 111.50607998462, -4.49999999999961));
#2888 = CARTESIAN_POINT ('', (79.3808945237949, 111.546368001135, -4.49999999999965));
#2889 = CARTESIAN_POINT ('', (79.3141472175133, 111.583039634562, -4.49999999999969));
#2890 = CARTESIAN_POINT ('', (79.2461679436531, 111.61602952208, -4.49999999999973));
#2891 = CARTESIAN_POINT ('', (79.1772501326848, 111.645302766924, -4.49999999999977));
#2892 = CARTESIAN_POINT ('', (79.1076839116614, 111.670854119782, -4.49999999999982));
#2893 = CARTESIAN_POINT ('', (79.037752608104, 111.69270664352, -4.49999999999986));
#2894 = CARTESIAN_POINT ('', (78.9677295895278, 111.710909929818, -4.49999999999991));
#2895 = CARTESIAN_POINT ('', (78.8978754954397, 111.725537946587, -4.49999999999996));
#2896 = CARTESIAN_POINT ('', (78.8284359004196, 111.736686599578, -4.50000000000002));
#2897 = CARTESIAN_POINT ('', (78.7596394288716, 111.744471097109, -4.50000000000007));
#2898 = CARTESIAN_POINT ('', (78.6916963251703, 111.749023189497, -4.50000000000012));
#2899 = CARTESIAN_POINT ('', (78.6470970869116, 111.749999999999, -4.50000000000016));
#2900 = CARTESIAN_POINT ('', (78.6249999999995, 111.749999999999, -4.50000000000018));
#2901 = B_SPLINE_CURVE_WITH_KNOTS ('', 3, (#2866, #2867, #2868, #2869, #2870, #2871, #2872, #2873, #2874, #2875, #2876, #2877, #2878, #2879, #2880, #2881, #2882, #2883, #2884, #2885, #2886, #2887, #2888, #2889, #2890, #2891, #2892, #2893, #2894, #2895, #2896, #2897, #2898, #2899, #2900), .UNSPECIFIED., .F., .U., (4, 1, 1, 1, 1, 1, 1, 1, 1, 1, 1, 1, 1, 1, 1, 1, 1, 1, 1, 1, 1, 1, 1, 1, 1, 1, 1, 1, 1, 1, 1, 1, 4), (9., 9.03125, 9.0625, 9.09375, 9.125, 9.15625, 9.1875, 9.21875, 9.25, 9.28125, 9.3125, 9.34375, 9.375, 9.40625, 9.4375, 9.46875, 9.5, 9.53125, 9.5625, 9.59375, 9.625, 9.65625, 9.6875, 9.71875, 9.75, 9.78125, 9.8125, 9.84375, 9.875, 9.90625, 9.9375, 9.96875, 10.), .UNSPECIFIED.);
#2902 = EDGE_CURVE ('', #2863, #2865, #2901, .T.);
#2903 = ORIENTED_EDGE ('', *, *, #2902, .T.);
#2904 = CARTESIAN_POINT ('', (73.875, 111.75, -4.50000000000001));
#2905 = VERTEX_POINT ('', #2904);
#2906 = CARTESIAN_POINT ('', (78.6249999999995, 111.749999999999, -4.50000000000018));
#2907 = CARTESIAN_POINT ('', (73.8749999999997, 111.749999999999, -4.49999999999999));
#2908 = B_SPLINE_CURVE_WITH_KNOTS ('', 1, (#2906, #2907), .UNSPECIFIED., .F., .U., (2, 2), (0., 1.), .UNSPECIFIED.);
#2909 = EDGE_CURVE ('', #2865, #2905, #2908, .T.);
#2910 = ORIENTED_EDGE ('', *, *, #2909, .T.);
#2911 = CARTESIAN_POINT ('', (72.3749999999999, 110.25, -4.49999999999996));
#2912 = VERTEX_POINT ('', #2911);
#2913 = CARTESIAN_POINT ('', (73.8749999999997, 111.749999999999, -4.49999999999999));
#2914 = CARTESIAN_POINT ('', (73.8529029130876, 111.749999999999, -4.49999999999999));
#2915 = CARTESIAN_POINT ('', (73.8083036748289, 111.749023189497, -4.49999999999999));
#2916 = CARTESIAN_POINT ('', (73.7403605711276, 111.744471097109, -4.5));
#2917 = CARTESIAN_POINT ('', (73.6715640995796, 111.736686599578, -4.5));
#2918 = CARTESIAN_POINT ('', (73.6021245045595, 111.725537946587, -4.5));
#2919 = CARTESIAN_POINT ('', (73.5322704104714, 111.710909929818, -4.5));
#2920 = CARTESIAN_POINT ('', (73.4622473918952, 111.69270664352, -4.5));
#2921 = CARTESIAN_POINT ('', (73.3923160883378, 111.670854119782, -4.5));
#2922 = CARTESIAN_POINT ('', (73.3227498673144, 111.645302766924, -4.5));
#2923 = CARTESIAN_POINT ('', (73.2538320563461, 111.61602952208, -4.50000000000001));
#2924 = CARTESIAN_POINT ('', (73.1858527824859, 111.583039634562, -4.50000000000001));
#2925 = CARTESIAN_POINT ('', (73.1191054762043, 111.546368001135, -4.50000000000001));
#2926 = CARTESIAN_POINT ('', (73.0538831138225, 111.50607998462, -4.50000000000001));
#2927 = CARTESIAN_POINT ('', (72.9904742880376, 111.462271661348, -4.50000000000001));
#2928 = CARTESIAN_POINT ('', (72.9291592083201, 111.415069460964, -4.5));
#2929 = CARTESIAN_POINT ('', (72.8702057410871, 111.364629182966, -4.5));
#2930 = CARTESIAN_POINT ('', (72.8138656027998, 111.311134397199, -4.5));
#2931 = CARTESIAN_POINT ('', (72.7603708170328, 111.254794258912, -4.5));
#2932 = CARTESIAN_POINT ('', (72.7099305390353, 111.195840791679, -4.5));
#2933 = CARTESIAN_POINT ('', (72.6627283386507, 111.134525711961, -4.5));
#2934 = CARTESIAN_POINT ('', (72.6189200153789, 111.071116886176, -4.49999999999999));
#2935 = CARTESIAN_POINT ('', (72.5786319988639, 111.005894523795, -4.49999999999999));
#2936 = CARTESIAN_POINT ('', (72.5419603654369, 110.939147217513, -4.49999999999999));
#2937 = CARTESIAN_POINT ('', (72.5089704779188, 110.871167943653, -4.49999999999998));
#2938 = CARTESIAN_POINT ('', (72.4796972330751, 110.802250132685, -4.49999999999998));
#2939 = CARTESIAN_POINT ('', (72.4541458802172, 110.732683911661, -4.49999999999998));
#2940 = CARTESIAN_POINT ('', (72.4322933564793, 110.662752608104, -4.49999999999997));
#2941 = CARTESIAN_POINT ('', (72.4140900701805, 110.592729589528, -4.49999999999997));
#2942 = CARTESIAN_POINT ('', (72.399462053412, 110.522875495439, -4.49999999999997));
#2943 = CARTESIAN_POINT ('', (72.3883134004205, 110.453435900419, -4.49999999999996));
#2944 = CARTESIAN_POINT ('', (72.3805289028898, 110.384639428871, -4.49999999999996));
#2945 = CARTESIAN_POINT ('', (72.3759768105022, 110.31669632517, -4.49999999999995));
#2946 = CARTESIAN_POINT ('', (72.3749999999997, 110.272097086911, -4.49999999999995));
#2947 = CARTESIAN_POINT ('', (72.3749999999997, 110.249999999999, -4.49999999999995));
#2948 = B_SPLINE_CURVE_WITH_KNOTS ('', 3, (#2913, #2914, #2915, #2916, #2917, #2918, #2919, #2920, #2921, #2922, #2923, #2924, #2925, #2926, #2927, #2928, #2929, #2930, #2931, #2932, #2933, #2934, #2935, #2936, #2937, #2938, #2939, #2940, #2941, #2942, #2943, #2944, #2945, #2946, #2947), .UNSPECIFIED., .F., .U., (4, 1, 1, 1, 1, 1, 1, 1, 1, 1, 1, 1, 1, 1, 1, 1, 1, 1, 1, 1, 1, 1, 1, 1, 1, 1, 1, 1, 1, 1, 1, 1, 4), (11., 11.03125, 11.0625, 11.09375, 11.125, 11.15625, 11.1875, 11.21875, 11.25, 11.28125, 11.3125, 11.34375, 11.375, 11.40625, 11.4375, 11.46875, 11.5, 11.53125, 11.5625, 11.59375, 11.625, 11.65625, 11.6875, 11.71875, 11.75, 11.78125, 11.8125, 11.84375, 11.875, 11.90625, 11.9375, 11.96875, 12.), .UNSPECIFIED.);
#2949 = EDGE_CURVE ('', #2905, #2912, #2948, .T.);
#2950 = ORIENTED_EDGE ('', *, *, #2949, .T.);
#2951 = CARTESIAN_POINT ('', (72.3749999999997, 110.249999999999, -4.49999999999995));
#2952 = CARTESIAN_POINT ('', (72.3749999999997, 108.749999999999, -4.50000000000035));
#2953 = B_SPLINE_CURVE_WITH_KNOTS ('', 1, (#2951, #2952), .UNSPECIFIED., .F., .U., (2, 2), (12., 13.), .UNSPECIFIED.);
#2954 = EDGE_CURVE ('', #2912, #2759, #2953, .T.);
#2955 = ORIENTED_EDGE ('', *, *, #2954, .T.);
#2956 = ORIENTED_EDGE ('', *, *, #2798, .T.);
#2957 = CARTESIAN_POINT ('', (78.6249999999998, 107.25, -4.50000000000066));
#2958 = VERTEX_POINT ('', #2957);
#2959 = CARTESIAN_POINT ('', (73.8749999999997, 107.249999999999, -4.50000000000104));
#2960 = CARTESIAN_POINT ('', (78.6249999999996, 107.249999999999, -4.50000000000066));
#2961 = B_SPLINE_CURVE_WITH_KNOTS ('', 1, (#2959, #2960), .UNSPECIFIED., .F., .U., (2, 2), (0., 1.), .UNSPECIFIED.);
#2962 = EDGE_CURVE ('', #2761, #2958, #2961, .T.);
#2963 = ORIENTED_EDGE ('', *, *, #2962, .T.);
#2964 = CARTESIAN_POINT ('', (80.1249999999998, 108.75, -4.50000000000035));
#2965 = VERTEX_POINT ('', #2964);
#2966 = CARTESIAN_POINT ('', (78.6249999999996, 107.249999999999, -4.50000000000066));
#2967 = CARTESIAN_POINT ('', (78.6470970869116, 107.249999999999, -4.50000000000066));
#2968 = CARTESIAN_POINT ('', (78.6916963251703, 107.250976810502, -4.50000000000066));
#2969 = CARTESIAN_POINT ('', (78.7596394288717, 107.255528902889, -4.50000000000066));
#2970 = CARTESIAN_POINT ('', (78.8284359004197, 107.26331340042, -4.50000000000065));
#2971 = CARTESIAN_POINT ('', (78.8978754954398, 107.274462053412, -4.50000000000065));
#2972 = CARTESIAN_POINT ('', (78.9677295895279, 107.28909007018, -4.50000000000065));
#2973 = CARTESIAN_POINT ('', (79.0377526081041, 107.307293356479, -4.50000000000064));
#2974 = CARTESIAN_POINT ('', (79.1076839116615, 107.329145880217, -4.50000000000064));
#2975 = CARTESIAN_POINT ('', (79.1772501326849, 107.354697233075, -4.50000000000063));
#2976 = CARTESIAN_POINT ('', (79.2461679436532, 107.383970477918, -4.50000000000063));
#2977 = CARTESIAN_POINT ('', (79.3141472175133, 107.416960365436, -4.50000000000062));
#2978 = CARTESIAN_POINT ('', (79.3808945237949, 107.453631998863, -4.50000000000061));
#2979 = CARTESIAN_POINT ('', (79.4461168861768, 107.493920015379, -4.5000000000006));
#2980 = CARTESIAN_POINT ('', (79.5095257119616, 107.53772833865, -4.50000000000059));
#2981 = CARTESIAN_POINT ('', (79.5708407916791, 107.584930539035, -4.50000000000058));
#2982 = CARTESIAN_POINT ('', (79.6297942589121, 107.635370817032, -4.50000000000057));
#2983 = CARTESIAN_POINT ('', (79.6861343971994, 107.688865602799, -4.50000000000056));
#2984 = CARTESIAN_POINT ('', (79.7396291829664, 107.745205741087, -4.50000000000055));
#2985 = CARTESIAN_POINT ('', (79.790069460964, 107.80415920832, -4.50000000000054));
#2986 = CARTESIAN_POINT ('', (79.8372716613485, 107.865474288037, -4.50000000000052));
#2987 = CARTESIAN_POINT ('', (79.8810799846203, 107.928883113822, -4.50000000000051));
#2988 = CARTESIAN_POINT ('', (79.9213680011354, 107.994105476204, -4.5000000000005));
#2989 = CARTESIAN_POINT ('', (79.9580396345623, 108.060852782485, -4.50000000000048));
#2990 = CARTESIAN_POINT ('', (79.9910295220804, 108.128832056346, -4.50000000000047));
#2991 = CARTESIAN_POINT ('', (80.0203027669242, 108.197749867314, -4.50000000000046));
#2992 = CARTESIAN_POINT ('', (80.0458541197821, 108.267316088337, -4.50000000000044));
#2993 = CARTESIAN_POINT ('', (80.06770664352, 108.337247391895, -4.50000000000043));
#2994 = CARTESIAN_POINT ('', (80.0859099298187, 108.407270410471, -4.50000000000041));
#2995 = CARTESIAN_POINT ('', (80.1005379465873, 108.477124504559, -4.5000000000004));
#2996 = CARTESIAN_POINT ('', (80.1116865995787, 108.546564099579, -4.50000000000039));
#2997 = CARTESIAN_POINT ('', (80.1194710971094, 108.615360571127, -4.50000000000037));
#2998 = CARTESIAN_POINT ('', (80.124023189497, 108.683303674828, -4.50000000000036));
#2999 = CARTESIAN_POINT ('', (80.1249999999995, 108.727902913087, -4.50000000000035));
#3000 = CARTESIAN_POINT ('', (80.1249999999995, 108.749999999999, -4.50000000000035));
#3001 = B_SPLINE_CURVE_WITH_KNOTS ('', 3, (#2966, #2967, #2968, #2969, #2970, #2971, #2972, #2973, #2974, #2975, #2976, #2977, #2978, #2979, #2980, #2981, #2982, #2983, #2984, #2985, #2986, #2987, #2988, #2989, #2990, #2991, #2992, #2993, #2994, #2995, #2996, #2997, #2998, #2999, #3000), .UNSPECIFIED., .F., .U., (4, 1, 1, 1, 1, 1, 1, 1, 1, 1, 1, 1, 1, 1, 1, 1, 1, 1, 1, 1, 1, 1, 1, 1, 1, 1, 1, 1, 1, 1, 1, 1, 4), (7., 7.03125, 7.0625, 7.09375, 7.125, 7.15625, 7.1875, 7.21875, 7.25, 7.28125, 7.3125, 7.34375, 7.375, 7.40625, 7.4375, 7.46875, 7.5, 7.53125, 7.5625, 7.59375, 7.625, 7.65625, 7.6875, 7.71875, 7.75, 7.78125, 7.8125, 7.84375, 7.875, 7.90625, 7.9375, 7.96875, 8.), .UNSPECIFIED.);
#3002 = EDGE_CURVE ('', #2958, #2965, #3001, .T.);
#3003 = ORIENTED_EDGE ('', *, *, #3002, .T.);
#3004 = CARTESIAN_POINT ('', (80.1249999999995, 108.749999999999, -4.50000000000035));
#3005 = CARTESIAN_POINT ('', (80.1249999999996, 110.249999999999, -4.49999999999962));
#3006 = B_SPLINE_CURVE_WITH_KNOTS ('', 1, (#3004, #3005), .UNSPECIFIED., .F., .U., (2, 2), (8., 9.), .UNSPECIFIED.);
#3007 = EDGE_CURVE ('', #2965, #2863, #3006, .T.);
#3008 = ORIENTED_EDGE ('', *, *, #3007, .T.);
#3009 = EDGE_LOOP ('', (#2903, #2910, #2950, #2955, #2956, #2963, #3003, #3008));
#3010 = FACE_OUTER_BOUND ('', #3009, .T.);
#3011 = CARTESIAN_POINT ('', (74.375, 108.75, -4.50000000000016));
#3012 = VERTEX_POINT ('', #3011);
#3013 = CARTESIAN_POINT ('', (75.3749999999998, 107.750000000001, -4.50000000000056));
#3014 = VERTEX_POINT ('', #3013);
#3015 = CARTESIAN_POINT ('', (74.3749999999997, 108.749999999999, -4.50000000000016));
#3016 = CARTESIAN_POINT ('', (74.3749999999997, 108.735268608724, -4.50000000000016));
#3017 = CARTESIAN_POINT ('', (74.3756512070014, 108.705535783219, -4.50000000000016));
#3018 = CARTESIAN_POINT ('', (74.3786859352598, 108.660240380751, -4.50000000000016));
#3019 = CARTESIAN_POINT ('', (74.3838756002803, 108.614376066386, -4.50000000000016));
#3020 = CARTESIAN_POINT ('', (74.3913080356079, 108.568083003039, -4.50000000000016));
#3021 = CARTESIAN_POINT ('', (74.401060046787, 108.52151360698, -4.50000000000017));
#3022 = CARTESIAN_POINT ('', (74.4131955709861, 108.474831594596, -4.50000000000018));
#3023 = CARTESIAN_POINT ('', (74.4277639201447, 108.428210725558, -4.5000000000002));
#3024 = CARTESIAN_POINT ('', (74.4447981553833, 108.381833244876, -4.50000000000022));
#3025 = CARTESIAN_POINT ('', (74.4643136519458, 108.335888037564, -4.50000000000024));
#3026 = CARTESIAN_POINT ('', (74.4863069102912, 108.290568521657, -4.50000000000027));
#3027 = CARTESIAN_POINT ('', (74.5107546659091, 108.246070317469, -4.5000000000003));
#3028 = CARTESIAN_POINT ('', (74.5376133435859, 108.202588742548, -4.50000000000033));
#3029 = CARTESIAN_POINT ('', (74.5668188924337, 108.160316192025, -4.50000000000037));
#3030 = CARTESIAN_POINT ('', (74.5982870260234, 108.119439472213, -4.50000000000041));
#3031 = CARTESIAN_POINT ('', (74.6319138780217, 108.080137160724, -4.50000000000045));
#3032 = CARTESIAN_POINT ('', (74.6675770685331, 108.042577068533, -4.5000000000005));
#3033 = CARTESIAN_POINT ('', (74.7051371607246, 108.006913878021, -4.50000000000055));
#3034 = CARTESIAN_POINT ('', (74.7444394722132, 107.973287026023, -4.5000000000006));
#3035 = CARTESIAN_POINT ('', (74.7853161920249, 107.941818892433, -4.50000000000065));
#3036 = CARTESIAN_POINT ('', (74.8275887425481, 107.912613343585, -4.50000000000071));
#3037 = CARTESIAN_POINT ('', (74.8710703174693, 107.885754665909, -4.50000000000077));
#3038 = CARTESIAN_POINT ('', (74.915568521657, 107.861306910291, -4.50000000000083));
#3039 = CARTESIAN_POINT ('', (74.9608880375638, 107.839313651945, -4.50000000000089));
#3040 = CARTESIAN_POINT ('', (75.0068332448759, 107.819798155383, -4.50000000000095));
#3041 = CARTESIAN_POINT ('', (75.0532107255582, 107.802763920144, -4.50000000000102));
#3042 = CARTESIAN_POINT ('', (75.0998315945965, 107.788195570986, -4.50000000000108));
#3043 = CARTESIAN_POINT ('', (75.1465136069806, 107.776060046786, -4.50000000000115));
#3044 = CARTESIAN_POINT ('', (75.1930830030393, 107.766308035607, -4.50000000000121));
#3045 = CARTESIAN_POINT ('', (75.239376066386, 107.75887560028, -4.50000000000128));
#3046 = CARTESIAN_POINT ('', (75.2852403807513, 107.753685935259, -4.50000000000134));
#3047 = CARTESIAN_POINT ('', (75.3305357832189, 107.750651207001, -4.50000000000141));
#3048 = CARTESIAN_POINT ('', (75.3602686087247, 107.749999999999, -4.50000000000145));
#3049 = CARTESIAN_POINT ('', (75.3749999999994, 107.749999999999, -4.50000000000147));
#3050 = B_SPLINE_CURVE_WITH_KNOTS ('', 3, (#3015, #3016, #3017, #3018, #3019, #3020, #3021, #3022, #3023, #3024, #3025, #3026, #3027, #3028, #3029, #3030, #3031, #3032, #3033, #3034, #3035, #3036, #3037, #3038, #3039, #3040, #3041, #3042, #3043, #3044, #3045, #3046, #3047, #3048, #3049), .UNSPECIFIED., .F., .U., (4, 1, 1, 1, 1, 1, 1, 1, 1, 1, 1, 1, 1, 1, 1, 1, 1, 1, 1, 1, 1, 1, 1, 1, 1, 1, 1, 1, 1, 1, 1, 1, 4), (0., 0.03125, 0.0625, 0.09375, 0.125, 0.15625, 0.1875, 0.21875, 0.25, 0.28125, 0.3125, 0.34375, 0.375, 0.40625, 0.4375, 0.46875, 0.5, 0.53125, 0.5625, 0.59375, 0.625, 0.65625, 0.6875, 0.71875, 0.75, 0.78125, 0.8125, 0.84375, 0.875, 0.90625, 0.9375, 0.96875, 1.), .UNSPECIFIED.);
#3051 = EDGE_CURVE ('', #3012, #3014, #3050, .T.);
#3052 = ORIENTED_EDGE ('', *, *, #3051, .F.);
#3053 = CARTESIAN_POINT ('', (74.3749999999999, 110.25, -4.49999999999986));
#3054 = VERTEX_POINT ('', #3053);
#3055 = CARTESIAN_POINT ('', (74.3749999999997, 110.249999999999, -4.49999999999956));
#3056 = CARTESIAN_POINT ('', (74.3749999999996, 108.749999999999, -4.50000000000049));
#3057 = B_SPLINE_CURVE_WITH_KNOTS ('', 1, (#3055, #3056), .UNSPECIFIED., .F., .U., (2, 2), (0., 1.), .UNSPECIFIED.);
#3058 = EDGE_CURVE ('', #3054, #3012, #3057, .T.);
#3059 = ORIENTED_EDGE ('', *, *, #3058, .F.);
#3060 = CARTESIAN_POINT ('', (75.3749999999999, 111.25, -4.49999999999984));
#3061 = VERTEX_POINT ('', #3060);
#3062 = CARTESIAN_POINT ('', (75.3749999999996, 111.249999999999, -4.49999999999972));
#3063 = CARTESIAN_POINT ('', (75.3602686087249, 111.249999999999, -4.49999999999972));
#3064 = CARTESIAN_POINT ('', (75.3305357832191, 111.249348792998, -4.49999999999972));
#3065 = CARTESIAN_POINT ('', (75.2852403807515, 111.246314064739, -4.49999999999971));
#3066 = CARTESIAN_POINT ('', (75.2393760663862, 111.241124399719, -4.49999999999971));
#3067 = CARTESIAN_POINT ('', (75.1930830030395, 111.233691964391, -4.49999999999971));
#3068 = CARTESIAN_POINT ('', (75.1465136069807, 111.223939953212, -4.49999999999971));
#3069 = CARTESIAN_POINT ('', (75.0998315945966, 111.211804429013, -4.49999999999971));
#3070 = CARTESIAN_POINT ('', (75.0532107255583, 111.197236079854, -4.49999999999971));
#3071 = CARTESIAN_POINT ('', (75.0068332448761, 111.180201844616, -4.49999999999971));
#3072 = CARTESIAN_POINT ('', (74.9608880375639, 111.160686348053, -4.49999999999971));
#3073 = CARTESIAN_POINT ('', (74.9155685216571, 111.138693089708, -4.49999999999971));
#3074 = CARTESIAN_POINT ('', (74.8710703174694, 111.11424533409, -4.49999999999971));
#3075 = CARTESIAN_POINT ('', (74.8275887425481, 111.087386656413, -4.49999999999971));
#3076 = CARTESIAN_POINT ('', (74.7853161920249, 111.058181107565, -4.49999999999972));
#3077 = CARTESIAN_POINT ('', (74.7444394722132, 111.026712973976, -4.49999999999972));
#3078 = CARTESIAN_POINT ('', (74.7051371607246, 110.993086121977, -4.49999999999972));
#3079 = CARTESIAN_POINT ('', (74.667577068533, 110.957422931466, -4.49999999999973));
#3080 = CARTESIAN_POINT ('', (74.6319138780217, 110.919862839274, -4.49999999999973));
#3081 = CARTESIAN_POINT ('', (74.5982870260233, 110.880560527786, -4.49999999999974));
#3082 = CARTESIAN_POINT ('', (74.5668188924336, 110.839683807974, -4.49999999999975));
#3083 = CARTESIAN_POINT ('', (74.5376133435858, 110.797411257451, -4.49999999999975));
#3084 = CARTESIAN_POINT ('', (74.5107546659091, 110.75392968253, -4.49999999999976));
#3085 = CARTESIAN_POINT ('', (74.4863069102911, 110.709431478342, -4.49999999999976));
#3086 = CARTESIAN_POINT ('', (74.4643136519457, 110.664111962435, -4.49999999999977));
#3087 = CARTESIAN_POINT ('', (74.4447981553832, 110.618166755123, -4.49999999999978));
#3088 = CARTESIAN_POINT ('', (74.4277639201446, 110.571789274441, -4.49999999999979));
#3089 = CARTESIAN_POINT ('', (74.413195570986, 110.525168405402, -4.4999999999998));
#3090 = CARTESIAN_POINT ('', (74.4010600467869, 110.478486393018, -4.4999999999998));
#3091 = CARTESIAN_POINT ('', (74.3913080356078, 110.431916996959, -4.49999999999981));
#3092 = CARTESIAN_POINT ('', (74.3838756002802, 110.385623933613, -4.49999999999982));
#3093 = CARTESIAN_POINT ('', (74.3786859352598, 110.339759619247, -4.49999999999983));
#3094 = CARTESIAN_POINT ('', (74.3756512070013, 110.29446421678, -4.49999999999984));
#3095 = CARTESIAN_POINT ('', (74.3749999999996, 110.264731391274, -4.49999999999985));
#3096 = CARTESIAN_POINT ('', (74.3749999999996, 110.249999999999, -4.49999999999985));
#3097 = B_SPLINE_CURVE_WITH_KNOTS ('', 3, (#3062, #3063, #3064, #3065, #3066, #3067, #3068, #3069, #3070, #3071, #3072, #3073, #3074, #3075, #3076, #3077, #3078, #3079, #3080, #3081, #3082, #3083, #3084, #3085, #3086, #3087, #3088, #3089, #3090, #3091, #3092, #3093, #3094, #3095, #3096), .UNSPECIFIED., .F., .U., (4, 1, 1, 1, 1, 1, 1, 1, 1, 1, 1, 1, 1, 1, 1, 1, 1, 1, 1, 1, 1, 1, 1, 1, 1, 1, 1, 1, 1, 1, 1, 1, 4), (0., 0.03125, 0.0625, 0.09375, 0.125, 0.15625, 0.1875, 0.21875, 0.25, 0.28125, 0.3125, 0.34375, 0.375, 0.40625, 0.4375, 0.46875, 0.5, 0.53125, 0.5625, 0.59375, 0.625, 0.65625, 0.6875, 0.71875, 0.75, 0.78125, 0.8125, 0.84375, 0.875, 0.90625, 0.9375, 0.96875, 1.), .UNSPECIFIED.);
#3098 = EDGE_CURVE ('', #3061, #3054, #3097, .T.);
#3099 = ORIENTED_EDGE ('', *, *, #3098, .F.);
#3100 = CARTESIAN_POINT ('', (75.5000000000001, 111.25, -4.49999999999983));
#3101 = VERTEX_POINT ('', #3100);
#3102 = CARTESIAN_POINT ('', (75.3749999999996, 111.249999999999, -4.49999999999982));
#3103 = CARTESIAN_POINT ('', (75.4166666666664, 111.249999999999, -4.49999999999982));
#3104 = CARTESIAN_POINT ('', (75.4583333333331, 111.249999999999, -4.49999999999982));
#3105 = CARTESIAN_POINT ('', (75.4999999999998, 111.249999999999, -4.49999999999982));
#3106 = B_SPLINE_CURVE_WITH_KNOTS ('', 3, (#3102, #3103, #3104, #3105), .UNSPECIFIED., .F., .U., (4, 4), (0., 0.125000000000188), .UNSPECIFIED.);
#3107 = EDGE_CURVE ('', #3061, #3101, #3106, .T.);
#3108 = ORIENTED_EDGE ('', *, *, #3107, .T.);
#3109 = CARTESIAN_POINT ('', (75.5000000000001, 110.999999999999, -4.50000000000056));
#3110 = VERTEX_POINT ('', #3109);
#3111 = CARTESIAN_POINT ('', (75.4999999999998, 110.999999999999, -4.50000000000054));
#3112 = CARTESIAN_POINT ('', (75.4999999999998, 111.249999999998, -4.50000000000054));
#3113 = B_SPLINE_CURVE_WITH_KNOTS ('', 1, (#3111, #3112), .UNSPECIFIED., .F., .U., (2, 2), (0., 1.), .UNSPECIFIED.);
#3114 = EDGE_CURVE ('', #3110, #3101, #3113, .T.);
#3115 = ORIENTED_EDGE ('', *, *, #3114, .F.);
#3116 = CARTESIAN_POINT ('', (77.0000000000001, 110.999999999999, -4.50000000000056));
#3117 = VERTEX_POINT ('', #3116);
#3118 = CARTESIAN_POINT ('', (76.9999999999998, 110.999999999999, -4.50000000000054));
#3119 = CARTESIAN_POINT ('', (75.4999999999998, 110.999999999999, -4.50000000000054));
#3120 = B_SPLINE_CURVE_WITH_KNOTS ('', 1, (#3118, #3119), .UNSPECIFIED., .F., .U., (2, 2), (1.84374999999913, 3.34374999999913), .UNSPECIFIED.);
#3121 = EDGE_CURVE ('', #3117, #3110, #3120, .T.);
#3122 = ORIENTED_EDGE ('', *, *, #3121, .F.);
#3123 = CARTESIAN_POINT ('', (77.0000000000001, 111.249999999999, -4.49999999999991));
#3124 = VERTEX_POINT ('', #3123);
#3125 = CARTESIAN_POINT ('', (76.9999999999998, 111.249999999998, -4.50000000000054));
#3126 = CARTESIAN_POINT ('', (76.9999999999998, 110.999999999999, -4.50000000000054));
#3127 = B_SPLINE_CURVE_WITH_KNOTS ('', 1, (#3125, #3126), .UNSPECIFIED., .F., .U., (2, 2), (0., 1.), .UNSPECIFIED.);
#3128 = EDGE_CURVE ('', #3124, #3117, #3127, .T.);
#3129 = ORIENTED_EDGE ('', *, *, #3128, .F.);
#3130 = CARTESIAN_POINT ('', (77.1249999999999, 111.25, -4.49999999999991));
#3131 = VERTEX_POINT ('', #3130);
#3132 = CARTESIAN_POINT ('', (76.9999999999998, 111.249999999999, -4.49999999999989));
#3133 = CARTESIAN_POINT ('', (77.0416666666664, 111.249999999999, -4.49999999999989));
#3134 = CARTESIAN_POINT ('', (77.083333333333, 111.249999999999, -4.49999999999989));
#3135 = CARTESIAN_POINT ('', (77.1249999999996, 111.249999999999, -4.49999999999989));
#3136 = B_SPLINE_CURVE_WITH_KNOTS ('', 3, (#3132, #3133, #3134, #3135), .UNSPECIFIED., .F., .U., (4, 4), (1.6250000000002, 1.74999999999996), .UNSPECIFIED.);
#3137 = EDGE_CURVE ('', #3124, #3131, #3136, .T.);
#3138 = ORIENTED_EDGE ('', *, *, #3137, .T.);
#3139 = CARTESIAN_POINT ('', (78.1249999999998, 110.25, -4.50000000000021));
#3140 = VERTEX_POINT ('', #3139);
#3141 = CARTESIAN_POINT ('', (78.1249999999996, 110.249999999999, -4.4999999999999));
#3142 = CARTESIAN_POINT ('', (78.1249999999996, 110.264731391274, -4.4999999999999));
#3143 = CARTESIAN_POINT ('', (78.1243487929979, 110.29446421678, -4.49999999999988));
#3144 = CARTESIAN_POINT ('', (78.1213140647394, 110.339759619247, -4.49999999999987));
#3145 = CARTESIAN_POINT ('', (78.116124399719, 110.385623933613, -4.49999999999985));
#3146 = CARTESIAN_POINT ('', (78.1086919643914, 110.431916996959, -4.49999999999984));
#3147 = CARTESIAN_POINT ('', (78.0989399532123, 110.478486393018, -4.49999999999983));
#3148 = CARTESIAN_POINT ('', (78.0868044290132, 110.525168405402, -4.49999999999982));
#3149 = CARTESIAN_POINT ('', (78.0722360798546, 110.571789274441, -4.49999999999981));
#3150 = CARTESIAN_POINT ('', (78.055201844616, 110.618166755123, -4.49999999999981));
#3151 = CARTESIAN_POINT ('', (78.0356863480535, 110.664111962435, -4.4999999999998));
#3152 = CARTESIAN_POINT ('', (78.0136930897081, 110.709431478342, -4.49999999999981));
#3153 = CARTESIAN_POINT ('', (77.9892453340901, 110.753929682529, -4.49999999999981));
#3154 = CARTESIAN_POINT ('', (77.9623866564134, 110.797411257451, -4.49999999999982));
#3155 = CARTESIAN_POINT ('', (77.9331811075655, 110.839683807974, -4.49999999999983));
#3156 = CARTESIAN_POINT ('', (77.9017129739758, 110.880560527786, -4.49999999999984));
#3157 = CARTESIAN_POINT ('', (77.8680861219775, 110.919862839274, -4.49999999999986));
#3158 = CARTESIAN_POINT ('', (77.8324229314661, 110.957422931466, -4.49999999999988));
#3159 = CARTESIAN_POINT ('', (77.7948628392746, 110.993086121977, -4.4999999999999));
#3160 = CARTESIAN_POINT ('', (77.755560527786, 111.026712973976, -4.49999999999992));
#3161 = CARTESIAN_POINT ('', (77.7146838079743, 111.058181107565, -4.49999999999995));
#3162 = CARTESIAN_POINT ('', (77.672411257451, 111.087386656413, -4.49999999999998));
#3163 = CARTESIAN_POINT ('', (77.6289296825298, 111.11424533409, -4.50000000000001));
#3164 = CARTESIAN_POINT ('', (77.5844314783421, 111.138693089708, -4.50000000000005));
#3165 = CARTESIAN_POINT ('', (77.5391119624353, 111.160686348053, -4.50000000000009));
#3166 = CARTESIAN_POINT ('', (77.4931667551231, 111.180201844616, -4.50000000000013));
#3167 = CARTESIAN_POINT ('', (77.4467892744408, 111.197236079854, -4.50000000000016));
#3168 = CARTESIAN_POINT ('', (77.4001684054026, 111.211804429013, -4.50000000000021));
#3169 = CARTESIAN_POINT ('', (77.3534863930184, 111.223939953212, -4.50000000000025));
#3170 = CARTESIAN_POINT ('', (77.3069169969597, 111.233691964391, -4.50000000000029));
#3171 = CARTESIAN_POINT ('', (77.260623933613, 111.241124399719, -4.50000000000034));
#3172 = CARTESIAN_POINT ('', (77.2147596192476, 111.246314064739, -4.50000000000038));
#3173 = CARTESIAN_POINT ('', (77.1694642167801, 111.249348792998, -4.50000000000043));
#3174 = CARTESIAN_POINT ('', (77.1397313912743, 111.249999999999, -4.50000000000046));
#3175 = CARTESIAN_POINT ('', (77.1249999999996, 111.249999999999, -4.50000000000047));
#3176 = B_SPLINE_CURVE_WITH_KNOTS ('', 3, (#3141, #3142, #3143, #3144, #3145, #3146, #3147, #3148, #3149, #3150, #3151, #3152, #3153, #3154, #3155, #3156, #3157, #3158, #3159, #3160, #3161, #3162, #3163, #3164, #3165, #3166, #3167, #3168, #3169, #3170, #3171, #3172, #3173, #3174, #3175), .UNSPECIFIED., .F., .U., (4, 1, 1, 1, 1, 1, 1, 1, 1, 1, 1, 1, 1, 1, 1, 1, 1, 1, 1, 1, 1, 1, 1, 1, 1, 1, 1, 1, 1, 1, 1, 1, 4), (0., 0.03125, 0.0625, 0.09375, 0.125, 0.15625, 0.1875, 0.21875, 0.25, 0.28125, 0.3125, 0.34375, 0.375, 0.40625, 0.4375, 0.46875, 0.5, 0.53125, 0.5625, 0.59375, 0.625, 0.65625, 0.6875, 0.71875, 0.75, 0.78125, 0.8125, 0.84375, 0.875, 0.90625, 0.9375, 0.96875, 1.), .UNSPECIFIED.);
#3177 = EDGE_CURVE ('', #3140, #3131, #3176, .T.);
#3178 = ORIENTED_EDGE ('', *, *, #3177, .F.);
#3179 = CARTESIAN_POINT ('', (78.1249999999998, 108.75, -4.49999999999992));
#3180 = VERTEX_POINT ('', #3179);
#3181 = CARTESIAN_POINT ('', (78.1249999999995, 108.749999999999, -4.50000000000052));
#3182 = CARTESIAN_POINT ('', (78.1249999999996, 109.249999999999, -4.50000000000029));
#3183 = CARTESIAN_POINT ('', (78.1249999999995, 109.749999999999, -4.50000000000036));
#3184 = CARTESIAN_POINT ('', (78.1249999999996, 110.249999999999, -4.50000000000019));
#3185 = B_SPLINE_CURVE_WITH_KNOTS ('', 3, (#3181, #3182, #3183, #3184), .UNSPECIFIED., .F., .U., (4, 4), (0., 1.), .UNSPECIFIED.);
#3186 = EDGE_CURVE ('', #3180, #3140, #3185, .T.);
#3187 = ORIENTED_EDGE ('', *, *, #3186, .F.);
#3188 = CARTESIAN_POINT ('', (77.1249999999998, 107.75, -4.50000000000053));
#3189 = VERTEX_POINT ('', #3188);
#3190 = CARTESIAN_POINT ('', (77.1249999999996, 107.749999999999, -4.50000000000074));
#3191 = CARTESIAN_POINT ('', (77.1397313912743, 107.749999999999, -4.50000000000075));
#3192 = CARTESIAN_POINT ('', (77.1694642167801, 107.750651207001, -4.50000000000075));
#3193 = CARTESIAN_POINT ('', (77.2147596192476, 107.753685935259, -4.50000000000075));
#3194 = CARTESIAN_POINT ('', (77.260623933613, 107.75887560028, -4.50000000000074));
#3195 = CARTESIAN_POINT ('', (77.3069169969597, 107.766308035607, -4.50000000000074));
#3196 = CARTESIAN_POINT ('', (77.3534863930184, 107.776060046787, -4.50000000000073));
#3197 = CARTESIAN_POINT ('', (77.4001684054026, 107.788195570986, -4.50000000000073));
#3198 = CARTESIAN_POINT ('', (77.4467892744408, 107.802763920144, -4.50000000000072));
#3199 = CARTESIAN_POINT ('', (77.4931667551231, 107.819798155383, -4.5000000000007));
#3200 = CARTESIAN_POINT ('', (77.5391119624353, 107.839313651945, -4.50000000000069));
#3201 = CARTESIAN_POINT ('', (77.5844314783421, 107.861306910291, -4.50000000000067));
#3202 = CARTESIAN_POINT ('', (77.6289296825298, 107.885754665909, -4.50000000000065));
#3203 = CARTESIAN_POINT ('', (77.672411257451, 107.912613343585, -4.50000000000063));
#3204 = CARTESIAN_POINT ('', (77.7146838079743, 107.941818892433, -4.50000000000061));
#3205 = CARTESIAN_POINT ('', (77.7555605277859, 107.973287026023, -4.50000000000058));
#3206 = CARTESIAN_POINT ('', (77.7948628392746, 108.006913878021, -4.50000000000056));
#3207 = CARTESIAN_POINT ('', (77.8324229314661, 108.042577068533, -4.50000000000053));
#3208 = CARTESIAN_POINT ('', (77.8680861219775, 108.080137160724, -4.5000000000005));
#3209 = CARTESIAN_POINT ('', (77.9017129739758, 108.119439472213, -4.50000000000046));
#3210 = CARTESIAN_POINT ('', (77.9331811075655, 108.160316192025, -4.50000000000043));
#3211 = CARTESIAN_POINT ('', (77.9623866564134, 108.202588742548, -4.50000000000039));
#3212 = CARTESIAN_POINT ('', (77.9892453340901, 108.246070317469, -4.50000000000036));
#3213 = CARTESIAN_POINT ('', (78.0136930897081, 108.290568521657, -4.50000000000032));
#3214 = CARTESIAN_POINT ('', (78.0356863480534, 108.335888037563, -4.50000000000028));
#3215 = CARTESIAN_POINT ('', (78.055201844616, 108.381833244876, -4.50000000000024));
#3216 = CARTESIAN_POINT ('', (78.0722360798545, 108.428210725558, -4.5000000000002));
#3217 = CARTESIAN_POINT ('', (78.0868044290131, 108.474831594596, -4.50000000000016));
#3218 = CARTESIAN_POINT ('', (78.0989399532123, 108.52151360698, -4.50000000000012));
#3219 = CARTESIAN_POINT ('', (78.1086919643914, 108.568083003039, -4.50000000000008));
#3220 = CARTESIAN_POINT ('', (78.116124399719, 108.614376066386, -4.50000000000004));
#3221 = CARTESIAN_POINT ('', (78.1213140647394, 108.660240380751, -4.5));
#3222 = CARTESIAN_POINT ('', (78.1243487929979, 108.705535783219, -4.49999999999996));
#3223 = CARTESIAN_POINT ('', (78.1249999999996, 108.735268608724, -4.49999999999993));
#3224 = CARTESIAN_POINT ('', (78.1249999999996, 108.749999999999, -4.49999999999992));
#3225 = B_SPLINE_CURVE_WITH_KNOTS ('', 3, (#3190, #3191, #3192, #3193, #3194, #3195, #3196, #3197, #3198, #3199, #3200, #3201, #3202, #3203, #3204, #3205, #3206, #3207, #3208, #3209, #3210, #3211, #3212, #3213, #3214, #3215, #3216, #3217, #3218, #3219, #3220, #3221, #3222, #3223, #3224), .UNSPECIFIED., .F., .U., (4, 1, 1, 1, 1, 1, 1, 1, 1, 1, 1, 1, 1, 1, 1, 1, 1, 1, 1, 1, 1, 1, 1, 1, 1, 1, 1, 1, 1, 1, 1, 1, 4), (0., 0.03125, 0.0625, 0.09375, 0.125, 0.15625, 0.1875, 0.21875, 0.25, 0.28125, 0.3125, 0.34375, 0.375, 0.40625, 0.4375, 0.46875, 0.5, 0.53125, 0.5625, 0.59375, 0.625, 0.65625, 0.6875, 0.71875, 0.75, 0.78125, 0.8125, 0.84375, 0.875, 0.90625, 0.9375, 0.96875, 1.), .UNSPECIFIED.);
#3226 = EDGE_CURVE ('', #3189, #3180, #3225, .T.);
#3227 = ORIENTED_EDGE ('', *, *, #3226, .F.);
#3228 = CARTESIAN_POINT ('', (77.0000000000001, 107.75, -4.50000000000054));
#3229 = VERTEX_POINT ('', #3228);
#3230 = CARTESIAN_POINT ('', (77.1249999999995, 107.749999999999, -4.50000000000052));
#3231 = CARTESIAN_POINT ('', (77.083333333333, 107.749999999999, -4.50000000000052));
#3232 = CARTESIAN_POINT ('', (77.0416666666664, 107.749999999999, -4.50000000000052));
#3233 = CARTESIAN_POINT ('', (76.9999999999998, 107.749999999999, -4.50000000000052));
#3234 = B_SPLINE_CURVE_WITH_KNOTS ('', 3, (#3230, #3231, #3232, #3233), .UNSPECIFIED., .F., .U., (4, 4), (0., 0.124999999999689), .UNSPECIFIED.);
#3235 = EDGE_CURVE ('', #3189, #3229, #3234, .T.);
#3236 = ORIENTED_EDGE ('', *, *, #3235, .T.);
#3237 = CARTESIAN_POINT ('', (77.0000000000001, 107.999999999999, -4.50000000000056));
#3238 = VERTEX_POINT ('', #3237);
#3239 = CARTESIAN_POINT ('', (76.9999999999998, 107.999999999999, -4.50000000000054));
#3240 = CARTESIAN_POINT ('', (76.9999999999998, 107.75, -4.50000000000054));
#3241 = B_SPLINE_CURVE_WITH_KNOTS ('', 1, (#3239, #3240), .UNSPECIFIED., .F., .U., (2, 2), (1.56250000000013, 1.81249999999916), .UNSPECIFIED.);
#3242 = EDGE_CURVE ('', #3238, #3229, #3241, .T.);
#3243 = ORIENTED_EDGE ('', *, *, #3242, .F.);
#3244 = CARTESIAN_POINT ('', (75.5000000000001, 107.999999999999, -4.50000000000056));
#3245 = VERTEX_POINT ('', #3244);
#3246 = CARTESIAN_POINT ('', (75.4999999999998, 107.999999999999, -4.50000000000054));
#3247 = CARTESIAN_POINT ('', (76.9999999999998, 107.999999999999, -4.50000000000054));
#3248 = B_SPLINE_CURVE_WITH_KNOTS ('', 1, (#3246, #3247), .UNSPECIFIED., .F., .U., (2, 2), (0.0625000000001279, 1.56250000000013), .UNSPECIFIED.);
#3249 = EDGE_CURVE ('', #3245, #3238, #3248, .T.);
#3250 = ORIENTED_EDGE ('', *, *, #3249, .F.);
#3251 = CARTESIAN_POINT ('', (75.5000000000001, 107.75, -4.50000000000056));
#3252 = VERTEX_POINT ('', #3251);
#3253 = CARTESIAN_POINT ('', (75.4999999999998, 107.75, -4.50000000000054));
#3254 = CARTESIAN_POINT ('', (75.4999999999998, 107.999999999999, -4.50000000000054));
#3255 = B_SPLINE_CURVE_WITH_KNOTS ('', 1, (#3253, #3254), .UNSPECIFIED., .F., .U., (2, 2), (0., 1.), .UNSPECIFIED.);
#3256 = EDGE_CURVE ('', #3252, #3245, #3255, .T.);
#3257 = ORIENTED_EDGE ('', *, *, #3256, .F.);
#3258 = CARTESIAN_POINT ('', (75.4999999999998, 107.75, -4.50000000000054));
#3259 = CARTESIAN_POINT ('', (75.4583333333331, 107.75, -4.50000000000054));
#3260 = CARTESIAN_POINT ('', (75.4166666666663, 107.75, -4.50000000000054));
#3261 = CARTESIAN_POINT ('', (75.3749999999996, 107.75, -4.50000000000055));
#3262 = B_SPLINE_CURVE_WITH_KNOTS ('', 3, (#3258, #3259, #3260, #3261), .UNSPECIFIED., .F., .U., (4, 4), (1.62499999999973, 1.74999999999999), .UNSPECIFIED.);
#3263 = EDGE_CURVE ('', #3252, #3014, #3262, .T.);
#3264 = ORIENTED_EDGE ('', *, *, #3263, .T.);
#3265 = EDGE_LOOP ('', (#3052, #3059, #3099, #3108, #3115, #3122, #3129, #3138, #3178, #3187, #3227, #3236, #3243, #3250, #3257, #3264));
#3266 = FACE_BOUND ('', #3265, .T.);
#3267 = CARTESIAN_POINT ('', (72.3749999999996, 111.749999999999, -4.4999999999999));
#3268 = CARTESIAN_POINT ('', (80.1249999999996, 111.749999999999, -4.49999999999974));
#3269 = CARTESIAN_POINT ('', (72.3749999999996, 107.249999999999, -4.50000000000072));
#3270 = CARTESIAN_POINT ('', (80.1249999999996, 107.249999999999, -4.50000000000055));
#3271 = B_SPLINE_SURFACE_WITH_KNOTS ('', 1, 1, ((#3267, #3268), (#3269, #3270)), .UNSPECIFIED., .F., .F., .U., (2, 2), (2, 2), (0.360879827179744, 0.639120172820254), (0.214030755869478, 0.693222462250353), .UNSPECIFIED.);
#3272 = ADVANCED_FACE ('', (#3010, #3266), #3271, .T.);
#3273 = CARTESIAN_POINT ('', (74.6249999999999, 108.75, -4.25000000000052));
#3274 = VERTEX_POINT ('', #3273);
#3275 = CARTESIAN_POINT ('', (74.6249999999996, 108.749999999999, -4.25000000000052));
#3276 = CARTESIAN_POINT ('', (74.3749999999997, 108.749999999999, -4.50000000000016));
#3277 = B_SPLINE_CURVE_WITH_KNOTS ('', 1, (#3275, #3276), .UNSPECIFIED., .F., .U., (2, 2), (0., 1.), .UNSPECIFIED.);
#3278 = EDGE_CURVE ('', #3274, #3012, #3277, .T.);
#3279 = ORIENTED_EDGE ('', *, *, #3278, .T.);
#3280 = ORIENTED_EDGE ('', *, *, #3051, .T.);
#3281 = CARTESIAN_POINT ('', (75.3749999999999, 108., -4.25000000000097));
#3282 = VERTEX_POINT ('', #3281);
#3283 = CARTESIAN_POINT ('', (75.3749999999996, 107.999999999999, -4.25000000000097));
#3284 = CARTESIAN_POINT ('', (75.3749999999994, 107.749999999999, -4.50000000000147));
#3285 = B_SPLINE_CURVE_WITH_KNOTS ('', 1, (#3283, #3284), .UNSPECIFIED., .F., .U., (2, 2), (0., 1.), .UNSPECIFIED.);
#3286 = EDGE_CURVE ('', #3282, #3014, #3285, .T.);
#3287 = ORIENTED_EDGE ('', *, *, #3286, .F.);
#3288 = CARTESIAN_POINT ('', (74.6249999999996, 108.749999999999, -4.25000000000052));
#3289 = CARTESIAN_POINT ('', (74.6249999999996, 108.738951456543, -4.25000000000052));
#3290 = CARTESIAN_POINT ('', (74.6254884052508, 108.716651837414, -4.25000000000052));
#3291 = CARTESIAN_POINT ('', (74.6277644514447, 108.682680285563, -4.25000000000052));
#3292 = CARTESIAN_POINT ('', (74.63165670021, 108.648282049789, -4.25000000000053));
#3293 = CARTESIAN_POINT ('', (74.6372310267057, 108.613562252279, -4.25000000000054));
#3294 = CARTESIAN_POINT ('', (74.64454503509, 108.578635205235, -4.25000000000054));
#3295 = CARTESIAN_POINT ('', (74.6536466782394, 108.543623695947, -4.25000000000055));
#3296 = CARTESIAN_POINT ('', (74.6645729401083, 108.508658044168, -4.25000000000056));
#3297 = CARTESIAN_POINT ('', (74.6773486165373, 108.473874933657, -4.25000000000057));
#3298 = CARTESIAN_POINT ('', (74.6919852389592, 108.439416028172, -4.25000000000058));
#3299 = CARTESIAN_POINT ('', (74.7084801827182, 108.405426391242, -4.25000000000059));
#3300 = CARTESIAN_POINT ('', (74.7268159994317, 108.372052738102, -4.2500000000006));
#3301 = CARTESIAN_POINT ('', (74.7469600076892, 108.339441556911, -4.25000000000062));
#3302 = CARTESIAN_POINT ('', (74.7688641693251, 108.307737144018, -4.25000000000063));
#3303 = CARTESIAN_POINT ('', (74.7924652695174, 108.277079604159, -4.25000000000065));
#3304 = CARTESIAN_POINT ('', (74.8176854085162, 108.247602870543, -4.25000000000066));
#3305 = CARTESIAN_POINT ('', (74.8444328013996, 108.219432801399, -4.25000000000068));
#3306 = CARTESIAN_POINT ('', (74.8726028705433, 108.192685408516, -4.2500000000007));
#3307 = CARTESIAN_POINT ('', (74.9020796041598, 108.167465269517, -4.25000000000071));
#3308 = CARTESIAN_POINT ('', (74.9327371440185, 108.143864169325, -4.25000000000073));
#3309 = CARTESIAN_POINT ('', (74.964441556911, 108.121960007689, -4.25000000000075));
#3310 = CARTESIAN_POINT ('', (74.9970527381019, 108.101815999431, -4.25000000000077));
#3311 = CARTESIAN_POINT ('', (75.0304263912427, 108.083480182718, -4.25000000000079));
#3312 = CARTESIAN_POINT ('', (75.0644160281728, 108.066985238959, -4.25000000000081));
#3313 = CARTESIAN_POINT ('', (75.0988749336569, 108.052348616537, -4.25000000000083));
#3314 = CARTESIAN_POINT ('', (75.1336580441686, 108.039572940108, -4.25000000000084));
#3315 = CARTESIAN_POINT ('', (75.1686236959473, 108.028646678239, -4.25000000000086));
#3316 = CARTESIAN_POINT ('', (75.2036352052354, 108.01954503509, -4.25000000000088));
#3317 = CARTESIAN_POINT ('', (75.2385622522795, 108.012231026705, -4.2500000000009));
#3318 = CARTESIAN_POINT ('', (75.2732820497895, 108.00665670021, -4.25000000000092));
#3319 = CARTESIAN_POINT ('', (75.3076802855635, 108.002764451444, -4.25000000000094));
#3320 = CARTESIAN_POINT ('', (75.3416518374142, 108.000488405251, -4.25000000000095));
#3321 = CARTESIAN_POINT ('', (75.3639514565435, 107.999999999999, -4.25000000000097));
#3322 = CARTESIAN_POINT ('', (75.3749999999996, 107.999999999999, -4.25000000000097));
#3323 = B_SPLINE_CURVE_WITH_KNOTS ('', 3, (#3288, #3289, #3290, #3291, #3292, #3293, #3294, #3295, #3296, #3297, #3298, #3299, #3300, #3301, #3302, #3303, #3304, #3305, #3306, #3307, #3308, #3309, #3310, #3311, #3312, #3313, #3314, #3315, #3316, #3317, #3318, #3319, #3320, #3321, #3322), .UNSPECIFIED., .F., .U., (4, 1, 1, 1, 1, 1, 1, 1, 1, 1, 1, 1, 1, 1, 1, 1, 1, 1, 1, 1, 1, 1, 1, 1, 1, 1, 1, 1, 1, 1, 1, 1, 4), (13., 13.03125, 13.0625, 13.09375, 13.125, 13.15625, 13.1875, 13.21875, 13.25, 13.28125, 13.3125, 13.34375, 13.375, 13.40625, 13.4375, 13.46875, 13.5, 13.53125, 13.5625, 13.59375, 13.625, 13.65625, 13.6875, 13.71875, 13.75, 13.78125, 13.8125, 13.84375, 13.875, 13.90625, 13.9375, 13.96875, 14.), .UNSPECIFIED.);
#3324 = EDGE_CURVE ('', #3274, #3282, #3323, .T.);
#3325 = ORIENTED_EDGE ('', *, *, #3324, .F.);
#3326 = EDGE_LOOP ('', (#3279, #3280, #3287, #3325));
#3327 = FACE_OUTER_BOUND ('', #3326, .T.);
#3328 = CARTESIAN_POINT ('', (74.6249999999996, 108.749999999999, -4.25000000000052));
#3329 = CARTESIAN_POINT ('', (74.6249533873915, 108.6911311935, -4.25000000000049));
#3330 = CARTESIAN_POINT ('', (74.6355632527719, 108.59817573766, -4.25000000000059));
#3331 = CARTESIAN_POINT ('', (74.6754454156466, 108.473545857686, -4.25000000000055));
#3332 = CARTESIAN_POINT ('', (74.7186371891396, 108.382372108554, -4.25000000000057));
#3333 = CARTESIAN_POINT ('', (74.7748339418301, 108.296278164242, -4.25000000000064));
#3334 = CARTESIAN_POINT ('', (74.8429768446464, 108.217976844646, -4.25000000000069));
#3335 = CARTESIAN_POINT ('', (74.9212781642425, 108.14983394183, -4.25000000000066));
#3336 = CARTESIAN_POINT ('', (75.0073721085548, 108.093637189139, -4.2500000000008));
#3337 = CARTESIAN_POINT ('', (75.0985458576867, 108.050445415646, -4.25000000000082));
#3338 = CARTESIAN_POINT ('', (75.2231757376608, 108.010563252772, -4.2500000000009));
#3339 = CARTESIAN_POINT ('', (75.3161311935008, 107.999953387391, -4.25000000000094));
#3340 = CARTESIAN_POINT ('', (75.3749999999996, 107.999999999999, -4.25000000000097));
#3341 = CARTESIAN_POINT ('', (74.3749999999997, 108.749999999999, -4.50000000000016));
#3342 = CARTESIAN_POINT ('', (74.3749378498556, 108.671508258001, -4.50000000000012));
#3343 = CARTESIAN_POINT ('', (74.3890843370295, 108.547567650214, -4.50000000000022));
#3344 = CARTESIAN_POINT ('', (74.4422605541957, 108.381394476915, -4.5000000000002));
#3345 = CARTESIAN_POINT ('', (74.4998495855198, 108.259829478073, -4.50000000000032));
#3346 = CARTESIAN_POINT ('', (74.5747785891071, 108.145037552323, -4.50000000000037));
#3347 = CARTESIAN_POINT ('', (74.665635792862, 108.040635792862, -4.50000000000047));
#3348 = CARTESIAN_POINT ('', (74.7700375523235, 107.949778589107, -4.50000000000059));
#3349 = CARTESIAN_POINT ('', (74.8848294780733, 107.874849585519, -4.50000000000083));
#3350 = CARTESIAN_POINT ('', (75.0063944769156, 107.817260554195, -4.50000000000094));
#3351 = CARTESIAN_POINT ('', (75.1725676502144, 107.764084337029, -4.50000000000113));
#3352 = CARTESIAN_POINT ('', (75.2965082580009, 107.749937849855, -4.5000000000014));
#3353 = CARTESIAN_POINT ('', (75.3749999999994, 107.749999999999, -4.50000000000147));
#3354 = B_SPLINE_SURFACE_WITH_KNOTS ('', 1, 3, ((#3328, #3329, #3330, #3331, #3332, #3333, #3334, #3335, #3336, #3337, #3338, #3339, #3340), (#3341, #3342, #3343, #3344, #3345, #3346, #3347, #3348, #3349, #3350, #3351, #3352, #3353)), .UNSPECIFIED., .F., .F., .U., (2, 2), (4, 1, 1, 1, 1, 1, 1, 1, 1, 1, 4), (0., 1.), (0., 0.166666666666646, 0.249999999999972, 0.333333333333298, 0.416666666666629, 0.499999999999958, 0.583333333333297, 0.666666666666621, 0.74999999999998, 0.833333333333309, 1.), .UNSPECIFIED.);
#3355 = ADVANCED_FACE ('', (#3327), #3354, .T.);
#3356 = ORIENTED_EDGE ('', *, *, #3324, .T.);
#3357 = CARTESIAN_POINT ('', (75.3749999999999, 108., -3.00000000000097));
#3358 = VERTEX_POINT ('', #3357);
#3359 = CARTESIAN_POINT ('', (75.3749999999996, 107.999999999999, -4.25000000000097));
#3360 = CARTESIAN_POINT ('', (75.3749999999997, 107.999999999999, -3.00000000000098));
#3361 = B_SPLINE_CURVE_WITH_KNOTS ('', 1, (#3359, #3360), .UNSPECIFIED., .F., .U., (2, 2), (0., 1.), .UNSPECIFIED.);
#3362 = EDGE_CURVE ('', #3282, #3358, #3361, .T.);
#3363 = ORIENTED_EDGE ('', *, *, #3362, .T.);
#3364 = CARTESIAN_POINT ('', (74.6249999999999, 108.75, -3.00000000000052));
#3365 = VERTEX_POINT ('', #3364);
#3366 = CARTESIAN_POINT ('', (74.6249999999997, 108.749999999999, -3.00000000000052));
#3367 = CARTESIAN_POINT ('', (74.6249999999997, 108.738951456543, -3.00000000000052));
#3368 = CARTESIAN_POINT ('', (74.6254884052509, 108.716651837414, -3.00000000000052));
#3369 = CARTESIAN_POINT ('', (74.6277644514448, 108.682680285563, -3.00000000000053));
#3370 = CARTESIAN_POINT ('', (74.6316567002101, 108.648282049789, -3.00000000000054));
#3371 = CARTESIAN_POINT ('', (74.6372310267058, 108.613562252279, -3.00000000000054));
#3372 = CARTESIAN_POINT ('', (74.6445450350901, 108.578635205235, -3.00000000000055));
#3373 = CARTESIAN_POINT ('', (74.6536466782395, 108.543623695947, -3.00000000000056));
#3374 = CARTESIAN_POINT ('', (74.6645729401084, 108.508658044168, -3.00000000000056));
#3375 = CARTESIAN_POINT ('', (74.6773486165374, 108.473874933656, -3.00000000000057));
#3376 = CARTESIAN_POINT ('', (74.6919852389592, 108.439416028172, -3.00000000000059));
#3377 = CARTESIAN_POINT ('', (74.7084801827183, 108.405426391242, -3.0000000000006));
#3378 = CARTESIAN_POINT ('', (74.7268159994318, 108.372052738101, -3.00000000000061));
#3379 = CARTESIAN_POINT ('', (74.7469600076893, 108.33944155691, -3.00000000000062));
#3380 = CARTESIAN_POINT ('', (74.7688641693252, 108.307737144018, -3.00000000000064));
#3381 = CARTESIAN_POINT ('', (74.7924652695175, 108.277079604159, -3.00000000000065));
#3382 = CARTESIAN_POINT ('', (74.8176854085162, 108.247602870543, -3.00000000000067));
#3383 = CARTESIAN_POINT ('', (74.8444328013997, 108.219432801399, -3.00000000000068));
#3384 = CARTESIAN_POINT ('', (74.8726028705434, 108.192685408516, -3.0000000000007));
#3385 = CARTESIAN_POINT ('', (74.9020796041599, 108.167465269517, -3.00000000000072));
#3386 = CARTESIAN_POINT ('', (74.9327371440186, 108.143864169324, -3.00000000000074));
#3387 = CARTESIAN_POINT ('', (74.9644415569111, 108.121960007689, -3.00000000000075));
#3388 = CARTESIAN_POINT ('', (74.997052738102, 108.101815999431, -3.00000000000077));
#3389 = CARTESIAN_POINT ('', (75.0304263912428, 108.083480182718, -3.00000000000079));
#3390 = CARTESIAN_POINT ('', (75.0644160281729, 108.066985238959, -3.00000000000081));
#3391 = CARTESIAN_POINT ('', (75.098874933657, 108.052348616537, -3.00000000000083));
#3392 = CARTESIAN_POINT ('', (75.1336580441687, 108.039572940108, -3.00000000000085));
#3393 = CARTESIAN_POINT ('', (75.1686236959474, 108.028646678239, -3.00000000000087));
#3394 = CARTESIAN_POINT ('', (75.2036352052355, 108.019545035089, -3.00000000000089));
#3395 = CARTESIAN_POINT ('', (75.2385622522796, 108.012231026705, -3.00000000000091));
#3396 = CARTESIAN_POINT ('', (75.2732820497896, 108.006656700209, -3.00000000000092));
#3397 = CARTESIAN_POINT ('', (75.3076802855636, 108.002764451444, -3.00000000000094));
#3398 = CARTESIAN_POINT ('', (75.3416518374143, 108.00048840525, -3.00000000000096));
#3399 = CARTESIAN_POINT ('', (75.3639514565436, 107.999999999999, -3.00000000000097));
#3400 = CARTESIAN_POINT ('', (75.3749999999997, 107.999999999999, -3.00000000000098));
#3401 = B_SPLINE_CURVE_WITH_KNOTS ('', 3, (#3366, #3367, #3368, #3369, #3370, #3371, #3372, #3373, #3374, #3375, #3376, #3377, #3378, #3379, #3380, #3381, #3382, #3383, #3384, #3385, #3386, #3387, #3388, #3389, #3390, #3391, #3392, #3393, #3394, #3395, #3396, #3397, #3398, #3399, #3400), .UNSPECIFIED., .F., .U., (4, 1, 1, 1, 1, 1, 1, 1, 1, 1, 1, 1, 1, 1, 1, 1, 1, 1, 1, 1, 1, 1, 1, 1, 1, 1, 1, 1, 1, 1, 1, 1, 4), (13., 13.03125, 13.0625, 13.09375, 13.125, 13.15625, 13.1875, 13.21875, 13.25, 13.28125, 13.3125, 13.34375, 13.375, 13.40625, 13.4375, 13.46875, 13.5, 13.53125, 13.5625, 13.59375, 13.625, 13.65625, 13.6875, 13.71875, 13.75, 13.78125, 13.8125, 13.84375, 13.875, 13.90625, 13.9375, 13.96875, 14.), .UNSPECIFIED.);
#3402 = EDGE_CURVE ('', #3365, #3358, #3401, .T.);
#3403 = ORIENTED_EDGE ('', *, *, #3402, .F.);
#3404 = CARTESIAN_POINT ('', (74.6249999999996, 108.749999999999, -4.25000000000052));
#3405 = CARTESIAN_POINT ('', (74.6249999999997, 108.749999999999, -3.00000000000052));
#3406 = B_SPLINE_CURVE_WITH_KNOTS ('', 1, (#3404, #3405), .UNSPECIFIED., .F., .U., (2, 2), (0., 1.), .UNSPECIFIED.);
#3407 = EDGE_CURVE ('', #3274, #3365, #3406, .T.);
#3408 = ORIENTED_EDGE ('', *, *, #3407, .F.);
#3409 = EDGE_LOOP ('', (#3356, #3363, #3403, #3408));
#3410 = FACE_OUTER_BOUND ('', #3409, .T.);
#3411 = CARTESIAN_POINT ('', (74.6249999999996, 108.749999999999, -4.25000000000051));
#3412 = CARTESIAN_POINT ('', (74.6250000000002, 108.749999999999, -3.00000000000044));
#3413 = CARTESIAN_POINT ('', (74.6249999999996, 107.999999999999, -4.25000000000067));
#3414 = CARTESIAN_POINT ('', (74.6250000000002, 107.999999999999, -3.00000000000059));
#3415 = CARTESIAN_POINT ('', (75.3749999999995, 107.999999999999, -4.25000000000105));
#3416 = CARTESIAN_POINT ('', (75.3750000000001, 107.999999999999, -3.00000000000098));
#3417 = (
   BOUNDED_SURFACE ()
   B_SPLINE_SURFACE (2, 1, ((#3411, #3412), (#3413, #3414), (#3415, #3416)), .UNSPECIFIED., .F., .F., .U.)
   B_SPLINE_SURFACE_WITH_KNOTS ((3, 3), (2, 2), (0., 0.117809724509603), (0., 0.125000000000008), .UNSPECIFIED.)
   GEOMETRIC_REPRESENTATION_ITEM ()
   RATIONAL_B_SPLINE_SURFACE (((1., 1.), (0.707106781186547, 0.707106781186547), (1., 1.)))
   REPRESENTATION_ITEM ('')
   SURFACE ()
);
#3418 = ADVANCED_FACE ('', (#3410), #3417, .T.);
#3419 = ORIENTED_EDGE ('', *, *, #3402, .T.);
#3420 = CARTESIAN_POINT ('', (75.375, 107.999999999999, -2.50000000000099));
#3421 = VERTEX_POINT ('', #3420);
#3422 = CARTESIAN_POINT ('', (75.3749999999997, 107.999999999999, -3.00000000000098));
#3423 = CARTESIAN_POINT ('', (75.3749999999997, 107.999999999999, -2.50000000000098));
#3424 = B_SPLINE_CURVE_WITH_KNOTS ('', 1, (#3422, #3423), .UNSPECIFIED., .F., .U., (2, 2), (0., 1.), .UNSPECIFIED.);
#3425 = EDGE_CURVE ('', #3358, #3421, #3424, .T.);
#3426 = ORIENTED_EDGE ('', *, *, #3425, .T.);
#3427 = CARTESIAN_POINT ('', (74.625, 108.749999999999, -2.50000000000053));
#3428 = VERTEX_POINT ('', #3427);
#3429 = CARTESIAN_POINT ('', (74.6249999999997, 108.749999999999, -2.50000000000052));
#3430 = CARTESIAN_POINT ('', (74.6249999999997, 108.738951456543, -2.50000000000052));
#3431 = CARTESIAN_POINT ('', (74.625488405251, 108.716651837413, -2.50000000000053));
#3432 = CARTESIAN_POINT ('', (74.6277644514448, 108.682680285563, -2.50000000000053));
#3433 = CARTESIAN_POINT ('', (74.6316567002101, 108.648282049789, -2.50000000000054));
#3434 = CARTESIAN_POINT ('', (74.6372310267059, 108.613562252279, -2.50000000000054));
#3435 = CARTESIAN_POINT ('', (74.6445450350901, 108.578635205235, -2.50000000000055));
#3436 = CARTESIAN_POINT ('', (74.6536466782395, 108.543623695947, -2.50000000000056));
#3437 = CARTESIAN_POINT ('', (74.6645729401085, 108.508658044168, -2.50000000000057));
#3438 = CARTESIAN_POINT ('', (74.6773486165374, 108.473874933656, -2.50000000000058));
#3439 = CARTESIAN_POINT ('', (74.6919852389593, 108.439416028172, -2.50000000000059));
#3440 = CARTESIAN_POINT ('', (74.7084801827183, 108.405426391242, -2.5000000000006));
#3441 = CARTESIAN_POINT ('', (74.7268159994318, 108.372052738101, -2.50000000000061));
#3442 = CARTESIAN_POINT ('', (74.7469600076893, 108.33944155691, -2.50000000000062));
#3443 = CARTESIAN_POINT ('', (74.7688641693252, 108.307737144018, -2.50000000000064));
#3444 = CARTESIAN_POINT ('', (74.7924652695175, 108.277079604159, -2.50000000000065));
#3445 = CARTESIAN_POINT ('', (74.8176854085163, 108.247602870543, -2.50000000000067));
#3446 = CARTESIAN_POINT ('', (74.8444328013998, 108.219432801399, -2.50000000000069));
#3447 = CARTESIAN_POINT ('', (74.8726028705434, 108.192685408515, -2.5000000000007));
#3448 = CARTESIAN_POINT ('', (74.9020796041599, 108.167465269517, -2.50000000000072));
#3449 = CARTESIAN_POINT ('', (74.9327371440187, 108.143864169324, -2.50000000000074));
#3450 = CARTESIAN_POINT ('', (74.9644415569111, 108.121960007688, -2.50000000000076));
#3451 = CARTESIAN_POINT ('', (74.9970527381021, 108.101815999431, -2.50000000000078));
#3452 = CARTESIAN_POINT ('', (75.0304263912428, 108.083480182717, -2.50000000000079));
#3453 = CARTESIAN_POINT ('', (75.0644160281729, 108.066985238958, -2.50000000000081));
#3454 = CARTESIAN_POINT ('', (75.0988749336571, 108.052348616537, -2.50000000000083));
#3455 = CARTESIAN_POINT ('', (75.1336580441688, 108.039572940108, -2.50000000000085));
#3456 = CARTESIAN_POINT ('', (75.1686236959475, 108.028646678239, -2.50000000000087));
#3457 = CARTESIAN_POINT ('', (75.2036352052356, 108.019545035089, -2.50000000000089));
#3458 = CARTESIAN_POINT ('', (75.2385622522796, 108.012231026705, -2.50000000000091));
#3459 = CARTESIAN_POINT ('', (75.2732820497897, 108.006656700209, -2.50000000000093));
#3460 = CARTESIAN_POINT ('', (75.3076802855637, 108.002764451444, -2.50000000000094));
#3461 = CARTESIAN_POINT ('', (75.3416518374143, 108.00048840525, -2.50000000000096));
#3462 = CARTESIAN_POINT ('', (75.3639514565437, 107.999999999999, -2.50000000000097));
#3463 = CARTESIAN_POINT ('', (75.3749999999997, 107.999999999999, -2.50000000000098));
#3464 = B_SPLINE_CURVE_WITH_KNOTS ('', 3, (#3429, #3430, #3431, #3432, #3433, #3434, #3435, #3436, #3437, #3438, #3439, #3440, #3441, #3442, #3443, #3444, #3445, #3446, #3447, #3448, #3449, #3450, #3451, #3452, #3453, #3454, #3455, #3456, #3457, #3458, #3459, #3460, #3461, #3462, #3463), .UNSPECIFIED., .F., .U., (4, 1, 1, 1, 1, 1, 1, 1, 1, 1, 1, 1, 1, 1, 1, 1, 1, 1, 1, 1, 1, 1, 1, 1, 1, 1, 1, 1, 1, 1, 1, 1, 4), (13., 13.03125, 13.0625, 13.09375, 13.125, 13.15625, 13.1875, 13.21875, 13.25, 13.28125, 13.3125, 13.34375, 13.375, 13.40625, 13.4375, 13.46875, 13.5, 13.53125, 13.5625, 13.59375, 13.625, 13.65625, 13.6875, 13.71875, 13.75, 13.78125, 13.8125, 13.84375, 13.875, 13.90625, 13.9375, 13.96875, 14.), .UNSPECIFIED.);
#3465 = EDGE_CURVE ('', #3428, #3421, #3464, .T.);
#3466 = ORIENTED_EDGE ('', *, *, #3465, .F.);
#3467 = CARTESIAN_POINT ('', (74.6249999999997, 108.749999999999, -3.00000000000052));
#3468 = CARTESIAN_POINT ('', (74.6249999999997, 108.749999999999, -2.50000000000052));
#3469 = B_SPLINE_CURVE_WITH_KNOTS ('', 1, (#3467, #3468), .UNSPECIFIED., .F., .U., (2, 2), (0., 1.), .UNSPECIFIED.);
#3470 = EDGE_CURVE ('', #3365, #3428, #3469, .T.);
#3471 = ORIENTED_EDGE ('', *, *, #3470, .F.);
#3472 = EDGE_LOOP ('', (#3419, #3426, #3466, #3471));
#3473 = FACE_OUTER_BOUND ('', #3472, .T.);
#3474 = CARTESIAN_POINT ('', (74.6249999999997, 108.749999999999, -3.00000000000052));
#3475 = CARTESIAN_POINT ('', (74.6249999999999, 108.749999999999, -2.50000000000041));
#3476 = CARTESIAN_POINT ('', (74.6249999999997, 107.999999999999, -3.0000000000007));
#3477 = CARTESIAN_POINT ('', (74.6249999999999, 107.999999999999, -2.50000000000059));
#3478 = CARTESIAN_POINT ('', (75.3749999999996, 107.999999999999, -3.00000000000109));
#3479 = CARTESIAN_POINT ('', (75.3749999999998, 107.999999999999, -2.50000000000098));
#3480 = (
   BOUNDED_SURFACE ()
   B_SPLINE_SURFACE (2, 1, ((#3474, #3475), (#3476, #3477), (#3478, #3479)), .UNSPECIFIED., .F., .F., .U.)
   B_SPLINE_SURFACE_WITH_KNOTS ((3, 3), (2, 2), (0., 0.117809724509601), (0., 0.0500000000000113), .UNSPECIFIED.)
   GEOMETRIC_REPRESENTATION_ITEM ()
   RATIONAL_B_SPLINE_SURFACE (((1., 1.), (0.707106781186547, 0.707106781186547), (1., 1.)))
   REPRESENTATION_ITEM ('')
   SURFACE ()
);
#3481 = ADVANCED_FACE ('', (#3473), #3480, .T.);
#3482 = ORIENTED_EDGE ('', *, *, #3465, .T.);
#3483 = CARTESIAN_POINT ('', (75.3749999999997, 107.999999999999, -2.25000000000247));
#3484 = VERTEX_POINT ('', #3483);
#3485 = CARTESIAN_POINT ('', (75.3749999999997, 107.999999999999, -2.50000000000098));
#3486 = CARTESIAN_POINT ('', (75.3749999999997, 107.999999999999, -2.25000000000069));
#3487 = B_SPLINE_CURVE_WITH_KNOTS ('', 1, (#3485, #3486), .UNSPECIFIED., .F., .U., (2, 2), (0., 0.500000000000573), .UNSPECIFIED.);
#3488 = EDGE_CURVE ('', #3421, #3484, #3487, .T.);
#3489 = ORIENTED_EDGE ('', *, *, #3488, .T.);
#3490 = CARTESIAN_POINT ('', (74.8446699141099, 108.219669914109, -2.25000000000237));
#3491 = VERTEX_POINT ('', #3490);
#3492 = CARTESIAN_POINT ('', (74.8446699141099, 108.219669914109, -2.25000000000237));
#3493 = CARTESIAN_POINT ('', (75.06433982822, 107.999999999999, -2.25000000000244));
#3494 = CARTESIAN_POINT ('', (75.3749999999997, 107.999999999999, -2.25000000000247));
#3495 = (
   BOUNDED_CURVE ()
   B_SPLINE_CURVE (2, (#3492, #3493, #3494), .UNSPECIFIED., .F., .U.)
   B_SPLINE_CURVE_WITH_KNOTS ((3, 3), (4.51860771022439E-14, 0.785398163397497), .UNSPECIFIED.)
   CURVE ()
   GEOMETRIC_REPRESENTATION_ITEM ()
   RATIONAL_B_SPLINE_CURVE ((0.853553390593271, 0.853553390593272, 1.))
   REPRESENTATION_ITEM ('')
);
#3496 = EDGE_CURVE ('', #3491, #3484, #3495, .T.);
#3497 = ORIENTED_EDGE ('', *, *, #3496, .F.);
#3498 = CARTESIAN_POINT ('', (74.6249999999997, 108.749999999999, -2.25000000000023));
#3499 = VERTEX_POINT ('', #3498);
#3500 = CARTESIAN_POINT ('', (74.6249999999998, 108.749999999999, -2.25000000000224));
#3501 = CARTESIAN_POINT ('', (74.6249999999998, 108.439339828219, -2.25000000000231));
#3502 = CARTESIAN_POINT ('', (74.8446699141099, 108.219669914109, -2.25000000000237));
#3503 = (
   BOUNDED_CURVE ()
   B_SPLINE_CURVE (2, (#3500, #3501, #3502), .UNSPECIFIED., .F., .U.)
   B_SPLINE_CURVE_WITH_KNOTS ((3, 3), (-0.785398163397419, 4.51860771022439E-14), .UNSPECIFIED.)
   CURVE ()
   GEOMETRIC_REPRESENTATION_ITEM ()
   RATIONAL_B_SPLINE_CURVE ((1., 0.85355339059327, 0.853553390593271))
   REPRESENTATION_ITEM ('')
);
#3504 = EDGE_CURVE ('', #3499, #3491, #3503, .T.);
#3505 = ORIENTED_EDGE ('', *, *, #3504, .F.);
#3506 = CARTESIAN_POINT ('', (74.6249999999997, 108.749999999999, -2.50000000000052));
#3507 = CARTESIAN_POINT ('', (74.6249999999997, 108.749999999999, -2.25000000000224));
#3508 = B_SPLINE_CURVE_WITH_KNOTS ('', 1, (#3506, #3507), .UNSPECIFIED., .F., .U., (2, 2), (0., 0.499999999996578), .UNSPECIFIED.);
#3509 = EDGE_CURVE ('', #3428, #3499, #3508, .T.);
#3510 = ORIENTED_EDGE ('', *, *, #3509, .F.);
#3511 = EDGE_LOOP ('', (#3482, #3489, #3497, #3505, #3510));
#3512 = FACE_OUTER_BOUND ('', #3511, .T.);
#3513 = CARTESIAN_POINT ('', (74.6249999999997, 108.749999999999, -2.50000000000053));
#3514 = CARTESIAN_POINT ('', (74.6249999999998, 108.749999999999, -2.24999999999968));
#3515 = CARTESIAN_POINT ('', (74.6249999999997, 107.999999999999, -2.50000000000071));
#3516 = CARTESIAN_POINT ('', (74.6249999999998, 107.999999999999, -2.24999999999985));
#3517 = CARTESIAN_POINT ('', (75.3749999999996, 107.999999999999, -2.50000000000108));
#3518 = CARTESIAN_POINT ('', (75.3749999999997, 107.999999999999, -2.25000000000023));
#3519 = (
   BOUNDED_SURFACE ()
   B_SPLINE_SURFACE (2, 1, ((#3513, #3514), (#3515, #3516), (#3517, #3518)), .UNSPECIFIED., .F., .F., .U.)
   B_SPLINE_SURFACE_WITH_KNOTS ((3, 3), (2, 2), (0., 0.117809724509602), (0., 0.0250000000000855), .UNSPECIFIED.)
   GEOMETRIC_REPRESENTATION_ITEM ()
   RATIONAL_B_SPLINE_SURFACE (((1., 1.), (0.707106781186547, 0.707106781186547), (1., 1.)))
   REPRESENTATION_ITEM ('')
   SURFACE ()
);
#3520 = ADVANCED_FACE ('', (#3512), #3519, .T.);
#3521 = CARTESIAN_POINT ('', (75.0214466094066, 108.396446609405, -2.00000000000047));
#3522 = VERTEX_POINT ('', #3521);
#3523 = CARTESIAN_POINT ('', (75.0214466094066, 108.396446609406, -2.00000000000025));
#3524 = CARTESIAN_POINT ('', (74.8446699141097, 108.219669914109, -2.25000000000261));
#3525 = B_SPLINE_CURVE_WITH_KNOTS ('', 1, (#3523, #3524), .UNSPECIFIED., .F., .U., (2, 2), (-0.282842712476155, 0.282842712476199), .UNSPECIFIED.);
#3526 = EDGE_CURVE ('', #3522, #3491, #3525, .T.);
#3527 = ORIENTED_EDGE ('', *, *, #3526, .T.);
#3528 = ORIENTED_EDGE ('', *, *, #3496, .T.);
#3529 = CARTESIAN_POINT ('', (75.3749999999998, 108.249999999999, -2.00000000000053));
#3530 = VERTEX_POINT ('', #3529);
#3531 = CARTESIAN_POINT ('', (75.3749999999997, 107.999999999999, -2.25000000000247));
#3532 = CARTESIAN_POINT ('', (75.3749999999998, 108.249999999999, -2.00000000000053));
#3533 = B_SPLINE_CURVE_WITH_KNOTS ('', 1, (#3531, #3532), .UNSPECIFIED., .F., .U., (2, 2), (0., 0.0353553390594566), .UNSPECIFIED.);
#3534 = EDGE_CURVE ('', #3484, #3530, #3533, .T.);
#3535 = ORIENTED_EDGE ('', *, *, #3534, .T.);
#3536 = CARTESIAN_POINT ('', (75.3749999999998, 108.249999999999, -2.00000000000053));
#3537 = CARTESIAN_POINT ('', (75.1678932188133, 108.249999999999, -2.00000000000051));
#3538 = CARTESIAN_POINT ('', (75.0214466094066, 108.396446609405, -2.00000000000047));
#3539 = (
   BOUNDED_CURVE ()
   B_SPLINE_CURVE (2, (#3536, #3537, #3538), .UNSPECIFIED., .F., .U.)
   B_SPLINE_CURVE_WITH_KNOTS ((3, 3), (-0.785398163397497, -2.96096480667529E-13), .UNSPECIFIED.)
   CURVE ()
   GEOMETRIC_REPRESENTATION_ITEM ()
   RATIONAL_B_SPLINE_CURVE ((1., 0.85355339059332, 0.853553390593275))
   REPRESENTATION_ITEM ('')
);
#3540 = EDGE_CURVE ('', #3530, #3522, #3539, .T.);
#3541 = ORIENTED_EDGE ('', *, *, #3540, .T.);
#3542 = EDGE_LOOP ('', (#3527, #3528, #3535, #3541));
#3543 = FACE_OUTER_BOUND ('', #3542, .T.);
#3544 = CARTESIAN_POINT ('', (75.0214466094066, 108.396446609406, -2.00000000000025));
#3545 = CARTESIAN_POINT ('', (75.1678932188133, 108.249999999999, -2.0000000000003));
#3546 = CARTESIAN_POINT ('', (75.3749999999997, 108.249999999999, -2.00000000000032));
#3547 = CARTESIAN_POINT ('', (74.8446699141097, 108.219669914109, -2.25000000000261));
#3548 = CARTESIAN_POINT ('', (75.0643398282198, 107.999999999999, -2.25000000000267));
#3549 = CARTESIAN_POINT ('', (75.3749999999997, 107.999999999999, -2.2500000000027));
#3550 = (
   BOUNDED_SURFACE ()
   B_SPLINE_SURFACE (1, 2, ((#3544, #3545, #3546), (#3547, #3548, #3549)), .UNSPECIFIED., .F., .F., .U.)
   B_SPLINE_SURFACE_WITH_KNOTS ((2, 2), (3, 3), (-0.282842712476155, 0.282842712476199), (0.196349540849341, 0.245436926061679), .UNSPECIFIED.)
   GEOMETRIC_REPRESENTATION_ITEM ()
   RATIONAL_B_SPLINE_SURFACE (((1., 0.853553390593267, 0.853553390593274), (1., 0.853553390593267, 0.853553390593274)))
   REPRESENTATION_ITEM ('')
   SURFACE ()
);
#3551 = ADVANCED_FACE ('', (#3543), #3550, .T.);
#3552 = CARTESIAN_POINT ('', (74.8749999999998, 108.749999999999, -2.00000000000037));
#3553 = VERTEX_POINT ('', #3552);
#3554 = CARTESIAN_POINT ('', (74.6249999999997, 108.749999999999, -2.25000000000023));
#3555 = CARTESIAN_POINT ('', (74.8749999999998, 108.749999999999, -2.00000000000037));
#3556 = B_SPLINE_CURVE_WITH_KNOTS ('', 1, (#3554, #3555), .UNSPECIFIED., .F., .U., (2, 2), (0., 0.0353553390593191), .UNSPECIFIED.);
#3557 = EDGE_CURVE ('', #3499, #3553, #3556, .T.);
#3558 = ORIENTED_EDGE ('', *, *, #3557, .T.);
#3559 = CARTESIAN_POINT ('', (74.8749999999999, 110.249999999999, -2.00000000000003));
#3560 = VERTEX_POINT ('', #3559);
#3561 = CARTESIAN_POINT ('', (74.8749999999998, 108.749999999999, -2.00000000000037));
#3562 = CARTESIAN_POINT ('', (74.8749999999999, 110.249999999999, -2.00000000000003));
#3563 = B_SPLINE_CURVE_WITH_KNOTS ('', 1, (#3561, #3562), .UNSPECIFIED., .F., .U., (2, 2), (-1.24470495392003, -1.09470495392003), .UNSPECIFIED.);
#3564 = EDGE_CURVE ('', #3553, #3560, #3563, .T.);
#3565 = ORIENTED_EDGE ('', *, *, #3564, .T.);
#3566 = CARTESIAN_POINT ('', (74.6249999999999, 110.249999999999, -2.24999999999988));
#3567 = VERTEX_POINT ('', #3566);
#3568 = CARTESIAN_POINT ('', (74.8749999999999, 110.249999999999, -2.00000000000003));
#3569 = CARTESIAN_POINT ('', (74.6249999999999, 110.249999999999, -2.24999999999988));
#3570 = B_SPLINE_CURVE_WITH_KNOTS ('', 1, (#3568, #3569), .UNSPECIFIED., .F., .U., (2, 2), (0., 0.0353553390593185), .UNSPECIFIED.);
#3571 = EDGE_CURVE ('', #3560, #3567, #3570, .T.);
#3572 = ORIENTED_EDGE ('', *, *, #3571, .T.);
#3573 = CARTESIAN_POINT ('', (74.6249999999999, 110.249999999999, -2.24999999999988));
#3574 = CARTESIAN_POINT ('', (74.6249999999998, 108.749999999999, -2.25000000000023));
#3575 = B_SPLINE_CURVE_WITH_KNOTS ('', 1, (#3573, #3574), .UNSPECIFIED., .F., .U., (2, 2), (1.09470495392003, 1.24470495392003), .UNSPECIFIED.);
#3576 = EDGE_CURVE ('', #3567, #3499, #3575, .T.);
#3577 = ORIENTED_EDGE ('', *, *, #3576, .T.);
#3578 = EDGE_LOOP ('', (#3558, #3565, #3572, #3577));
#3579 = FACE_OUTER_BOUND ('', #3578, .T.);
#3580 = CARTESIAN_POINT ('', (74.6249999999997, 108.749999999999, -2.25000000000023));
#3581 = CARTESIAN_POINT ('', (74.6249999999996, 110.249999999999, -2.25000000000011));
#3582 = CARTESIAN_POINT ('', (74.875, 108.749999999999, -2.00000000000015));
#3583 = CARTESIAN_POINT ('', (74.8749999999999, 110.249999999999, -2.00000000000003));
#3584 = B_SPLINE_SURFACE_WITH_KNOTS ('', 1, 1, ((#3580, #3581), (#3582, #3583)), .UNSPECIFIED., .F., .F., .U., (2, 2), (2, 2), (-0.0176776695299257, 0.0176776695294254), (-1.24470495392004, -1.09470495392003), .UNSPECIFIED.);
#3585 = ADVANCED_FACE ('', (#3579), #3584, .T.);
#3586 = CARTESIAN_POINT ('', (75.0214466094066, 110.603553390592, -1.99999999999996));
#3587 = VERTEX_POINT ('', #3586);
#3588 = CARTESIAN_POINT ('', (74.8446699141098, 110.780330085889, -2.24999999999752));
#3589 = VERTEX_POINT ('', #3588);
#3590 = CARTESIAN_POINT ('', (75.0214466094067, 110.603553390592, -1.99999999999984));
#3591 = CARTESIAN_POINT ('', (74.844669914108, 110.780330085891, -2.25000000000012));
#3592 = B_SPLINE_CURVE_WITH_KNOTS ('', 1, (#3590, #3591), .UNSPECIFIED., .F., .U., (2, 2), (-0.282842712473632, 0.28284271247926), .UNSPECIFIED.);
#3593 = EDGE_CURVE ('', #3587, #3589, #3592, .T.);
#3594 = ORIENTED_EDGE ('', *, *, #3593, .T.);
#3595 = CARTESIAN_POINT ('', (74.8446699141098, 110.780330085889, -2.24999999999752));
#3596 = CARTESIAN_POINT ('', (74.6249999999997, 110.560660171779, -2.24999999999755));
#3597 = CARTESIAN_POINT ('', (74.6249999999998, 110.249999999999, -2.24999999999762));
#3598 = (
   BOUNDED_CURVE ()
   B_SPLINE_CURVE (2, (#3595, #3596, #3597), .UNSPECIFIED., .F., .U.)
   B_SPLINE_CURVE_WITH_KNOTS ((3, 3), (7.68274333040608E-14, 0.785398163397599), .UNSPECIFIED.)
   CURVE ()
   GEOMETRIC_REPRESENTATION_ITEM ()
   RATIONAL_B_SPLINE_CURVE ((0.853553390593219, 0.853553390593234, 1.))
   REPRESENTATION_ITEM ('')
);
#3599 = EDGE_CURVE ('', #3589, #3567, #3598, .T.);
#3600 = ORIENTED_EDGE ('', *, *, #3599, .T.);
#3601 = ORIENTED_EDGE ('', *, *, #3571, .F.);
#3602 = CARTESIAN_POINT ('', (74.8749999999999, 110.249999999999, -2.00000000000003));
#3603 = CARTESIAN_POINT ('', (74.8749999999998, 110.457106781185, -1.99999999999998));
#3604 = CARTESIAN_POINT ('', (75.0214466094066, 110.603553390592, -1.99999999999996));
#3605 = (
   BOUNDED_CURVE ()
   B_SPLINE_CURVE (2, (#3602, #3603, #3604), .UNSPECIFIED., .F., .U.)
   B_SPLINE_CURVE_WITH_KNOTS ((3, 3), (-0.785398163397797, 1.11133324764978E-13), .UNSPECIFIED.)
   CURVE ()
   GEOMETRIC_REPRESENTATION_ITEM ()
   RATIONAL_B_SPLINE_CURVE ((1., 0.853553390593146, 0.853553390593185))
   REPRESENTATION_ITEM ('')
);
#3606 = EDGE_CURVE ('', #3560, #3587, #3605, .T.);
#3607 = ORIENTED_EDGE ('', *, *, #3606, .T.);
#3608 = EDGE_LOOP ('', (#3594, #3600, #3601, #3607));
#3609 = FACE_OUTER_BOUND ('', #3608, .T.);
#3610 = CARTESIAN_POINT ('', (75.0214466094067, 110.603553390592, -1.99999999999984));
#3611 = CARTESIAN_POINT ('', (74.8749999999999, 110.457106781185, -1.99999999999986));
#3612 = CARTESIAN_POINT ('', (74.8750000000001, 110.249999999999, -1.99999999999991));
#3613 = CARTESIAN_POINT ('', (74.844669914108, 110.780330085891, -2.25000000000012));
#3614 = CARTESIAN_POINT ('', (74.6249999999971, 110.56066017178, -2.25000000000015));
#3615 = CARTESIAN_POINT ('', (74.6249999999972, 110.249999999999, -2.25000000000023));
#3616 = (
   BOUNDED_SURFACE ()
   B_SPLINE_SURFACE (1, 2, ((#3610, #3611, #3612), (#3613, #3614, #3615)), .UNSPECIFIED., .F., .F., .U.)
   B_SPLINE_SURFACE_WITH_KNOTS ((2, 2), (3, 3), (-0.282842712473632, 0.28284271247926), (0.196349540849327, 0.245436926061682), .UNSPECIFIED.)
   GEOMETRIC_REPRESENTATION_ITEM ()
   RATIONAL_B_SPLINE_SURFACE (((1., 0.853553390593203, 0.853553390593274), (1., 0.853553390593203, 0.853553390593274)))
   REPRESENTATION_ITEM ('')
   SURFACE ()
);
#3617 = ADVANCED_FACE ('', (#3609), #3616, .T.);
#3618 = CARTESIAN_POINT ('', (75.3749999999998, 110.999999999999, -2.25000000000005));
#3619 = VERTEX_POINT ('', #3618);
#3620 = CARTESIAN_POINT ('', (75.3749999999998, 110.749999999999, -1.99999999999995));
#3621 = VERTEX_POINT ('', #3620);
#3622 = CARTESIAN_POINT ('', (75.3749999999998, 110.999999999999, -2.25000000000005));
#3623 = CARTESIAN_POINT ('', (75.3749999999998, 110.749999999999, -1.99999999999995));
#3624 = B_SPLINE_CURVE_WITH_KNOTS ('', 1, (#3622, #3623), .UNSPECIFIED., .F., .U., (2, 2), (0., 0.0353553390593385), .UNSPECIFIED.);
#3625 = EDGE_CURVE ('', #3619, #3621, #3624, .T.);
#3626 = ORIENTED_EDGE ('', *, *, #3625, .T.);
#3627 = CARTESIAN_POINT ('', (77.1249999999997, 110.749999999999, -2.00000000000008));
#3628 = VERTEX_POINT ('', #3627);
#3629 = CARTESIAN_POINT ('', (75.3749999999998, 110.749999999999, -1.99999999999995));
#3630 = CARTESIAN_POINT ('', (77.1249999999997, 110.749999999999, -2.00000000000008));
#3631 = B_SPLINE_CURVE_WITH_KNOTS ('', 1, (#3629, #3630), .UNSPECIFIED., .F., .U., (2, 2), (-0.774045046079941, -0.599045046079945), .UNSPECIFIED.);
#3632 = EDGE_CURVE ('', #3621, #3628, #3631, .T.);
#3633 = ORIENTED_EDGE ('', *, *, #3632, .T.);
#3634 = CARTESIAN_POINT ('', (77.1249999999997, 110.999999999999, -2.25000000000019));
#3635 = VERTEX_POINT ('', #3634);
#3636 = CARTESIAN_POINT ('', (77.1249999999997, 110.749999999999, -2.00000000000008));
#3637 = CARTESIAN_POINT ('', (77.1249999999997, 110.999999999999, -2.25000000000019));
#3638 = B_SPLINE_CURVE_WITH_KNOTS ('', 1, (#3636, #3637), .UNSPECIFIED., .F., .U., (2, 2), (0., 0.0353553390593382), .UNSPECIFIED.);
#3639 = EDGE_CURVE ('', #3628, #3635, #3638, .T.);
#3640 = ORIENTED_EDGE ('', *, *, #3639, .T.);
#3641 = CARTESIAN_POINT ('', (77.1249999999997, 110.999999999999, -2.25000000000019));
#3642 = CARTESIAN_POINT ('', (75.3749999999998, 110.999999999999, -2.25000000000005));
#3643 = B_SPLINE_CURVE_WITH_KNOTS ('', 1, (#3641, #3642), .UNSPECIFIED., .F., .U., (2, 2), (0.599045046079945, 0.774045046079941), .UNSPECIFIED.);
#3644 = EDGE_CURVE ('', #3635, #3619, #3643, .T.);
#3645 = ORIENTED_EDGE ('', *, *, #3644, .T.);
#3646 = EDGE_LOOP ('', (#3626, #3633, #3640, #3645));
#3647 = FACE_OUTER_BOUND ('', #3646, .T.);
#3648 = CARTESIAN_POINT ('', (75.3749999999998, 110.749999999999, -1.99999999999978));
#3649 = CARTESIAN_POINT ('', (75.3749999999997, 110.999999999999, -2.25000000000013));
#3650 = CARTESIAN_POINT ('', (77.1249999999998, 110.749999999999, -2.00000000000002));
#3651 = CARTESIAN_POINT ('', (77.1249999999997, 110.999999999999, -2.25000000000037));
#3652 = B_SPLINE_SURFACE_WITH_KNOTS ('', 1, 1, ((#3648, #3649), (#3650, #3651)), .UNSPECIFIED., .F., .F., .U., (2, 2), (2, 2), (-0.774045046079943, -0.599045046079944), (-0.0176776695296266, 0.0176776695297459), .UNSPECIFIED.);
#3653 = ADVANCED_FACE ('', (#3647), #3652, .T.);
#3654 = CARTESIAN_POINT ('', (77.1249999999999, 111., -3.00000000000046));
#3655 = VERTEX_POINT ('', #3654);
#3656 = CARTESIAN_POINT ('', (77.125, 110.999999999999, -2.50000000000046));
#3657 = VERTEX_POINT ('', #3656);
#3658 = CARTESIAN_POINT ('', (77.1249999999997, 110.999999999999, -3.00000000000045));
#3659 = CARTESIAN_POINT ('', (77.1249999999997, 110.999999999999, -2.50000000000045));
#3660 = B_SPLINE_CURVE_WITH_KNOTS ('', 1, (#3658, #3659), .UNSPECIFIED., .F., .U., (2, 2), (0., 1.), .UNSPECIFIED.);
#3661 = EDGE_CURVE ('', #3655, #3657, #3660, .T.);
#3662 = ORIENTED_EDGE ('', *, *, #3661, .F.);
#3663 = CARTESIAN_POINT ('', (77.1249999999999, 111., -4.25000000000046));
#3664 = VERTEX_POINT ('', #3663);
#3665 = CARTESIAN_POINT ('', (77.1249999999996, 110.999999999999, -4.25000000000045));
#3666 = CARTESIAN_POINT ('', (77.1249999999997, 110.999999999999, -3.00000000000045));
#3667 = B_SPLINE_CURVE_WITH_KNOTS ('', 1, (#3665, #3666), .UNSPECIFIED., .F., .U., (2, 2), (0., 1.), .UNSPECIFIED.);
#3668 = EDGE_CURVE ('', #3664, #3655, #3667, .T.);
#3669 = ORIENTED_EDGE ('', *, *, #3668, .F.);
#3670 = CARTESIAN_POINT ('', (77.0000000000001, 111., -4.25000000000041));
#3671 = VERTEX_POINT ('', #3670);
#3672 = CARTESIAN_POINT ('', (77.1249999999996, 110.999999999999, -4.25000000000045));
#3673 = CARTESIAN_POINT ('', (76.9999999999998, 110.999999999999, -4.2500000000004));
#3674 = B_SPLINE_CURVE_WITH_KNOTS ('', 1, (#3672, #3673), .UNSPECIFIED., .F., .U., (2, 2), (10., 10.0714285714284), .UNSPECIFIED.);
#3675 = EDGE_CURVE ('', #3664, #3671, #3674, .T.);
#3676 = ORIENTED_EDGE ('', *, *, #3675, .T.);
#3677 = CARTESIAN_POINT ('', (77.0000000000001, 110.999999999999, -3.50000000000011));
#3678 = VERTEX_POINT ('', #3677);
#3679 = CARTESIAN_POINT ('', (76.9999999999998, 110.999999999999, -3.50000000000009));
#3680 = CARTESIAN_POINT ('', (76.9999999999998, 110.999999999999, -4.24999999999491));
#3681 = B_SPLINE_CURVE_WITH_KNOTS ('', 1, (#3679, #3680), .UNSPECIFIED., .F., .U., (2, 2), (0., 1.), .UNSPECIFIED.);
#3682 = EDGE_CURVE ('', #3678, #3671, #3681, .T.);
#3683 = ORIENTED_EDGE ('', *, *, #3682, .F.);
#3684 = CARTESIAN_POINT ('', (75.5000000000001, 110.999999999999, -3.50000000000011));
#3685 = VERTEX_POINT ('', #3684);
#3686 = CARTESIAN_POINT ('', (75.4999999999998, 110.999999999999, -3.50000000000009));
#3687 = CARTESIAN_POINT ('', (76.9999999999998, 110.999999999999, -3.50000000000009));
#3688 = B_SPLINE_CURVE_WITH_KNOTS ('', 1, (#3686, #3687), .UNSPECIFIED., .F., .U., (2, 2), (0., 1.), .UNSPECIFIED.);
#3689 = EDGE_CURVE ('', #3685, #3678, #3688, .T.);
#3690 = ORIENTED_EDGE ('', *, *, #3689, .F.);
#3691 = CARTESIAN_POINT ('', (75.5000000000001, 111., -4.24999999999984));
#3692 = VERTEX_POINT ('', #3691);
#3693 = CARTESIAN_POINT ('', (75.4999999999998, 110.999999999999, -3.50000000000009));
#3694 = CARTESIAN_POINT ('', (75.4999999999998, 110.999999999999, -4.24999999999434));
#3695 = B_SPLINE_CURVE_WITH_KNOTS ('', 1, (#3693, #3694), .UNSPECIFIED., .F., .U., (2, 2), (0., 1.), .UNSPECIFIED.);
#3696 = EDGE_CURVE ('', #3685, #3692, #3695, .T.);
#3697 = ORIENTED_EDGE ('', *, *, #3696, .T.);
#3698 = CARTESIAN_POINT ('', (75.3749999999999, 111., -4.24999999999979));
#3699 = VERTEX_POINT ('', #3698);
#3700 = CARTESIAN_POINT ('', (75.4999999999998, 110.999999999999, -4.24999999999983));
#3701 = CARTESIAN_POINT ('', (75.3749999999996, 110.999999999999, -4.24999999999978));
#3702 = B_SPLINE_CURVE_WITH_KNOTS ('', 1, (#3700, #3701), .UNSPECIFIED., .F., .U., (2, 2), (10.9285714285713, 11.), .UNSPECIFIED.);
#3703 = EDGE_CURVE ('', #3692, #3699, #3702, .T.);
#3704 = ORIENTED_EDGE ('', *, *, #3703, .T.);
#3705 = CARTESIAN_POINT ('', (75.375, 111., -2.99999999999979));
#3706 = VERTEX_POINT ('', #3705);
#3707 = CARTESIAN_POINT ('', (75.3749999999996, 110.999999999999, -4.24999999999978));
#3708 = CARTESIAN_POINT ('', (75.3749999999997, 110.999999999999, -2.99999999999978));
#3709 = B_SPLINE_CURVE_WITH_KNOTS ('', 1, (#3707, #3708), .UNSPECIFIED., .F., .U., (2, 2), (0., 1.), .UNSPECIFIED.);
#3710 = EDGE_CURVE ('', #3699, #3706, #3709, .T.);
#3711 = ORIENTED_EDGE ('', *, *, #3710, .T.);
#3712 = CARTESIAN_POINT ('', (75.375, 110.999999999999, -2.49999999999979));
#3713 = VERTEX_POINT ('', #3712);
#3714 = CARTESIAN_POINT ('', (75.3749999999997, 110.999999999999, -2.99999999999978));
#3715 = CARTESIAN_POINT ('', (75.3749999999998, 110.999999999999, -2.49999999999978));
#3716 = B_SPLINE_CURVE_WITH_KNOTS ('', 1, (#3714, #3715), .UNSPECIFIED., .F., .U., (2, 2), (0., 1.), .UNSPECIFIED.);
#3717 = EDGE_CURVE ('', #3706, #3713, #3716, .T.);
#3718 = ORIENTED_EDGE ('', *, *, #3717, .T.);
#3719 = CARTESIAN_POINT ('', (75.3749999999998, 110.999999999999, -2.49999999999978));
#3720 = CARTESIAN_POINT ('', (75.3749999999998, 110.999999999999, -2.24999999999751));
#3721 = B_SPLINE_CURVE_WITH_KNOTS ('', 1, (#3719, #3720), .UNSPECIFIED., .F., .U., (2, 2), (0., 0.500000000004555), .UNSPECIFIED.);
#3722 = EDGE_CURVE ('', #3713, #3619, #3721, .T.);
#3723 = ORIENTED_EDGE ('', *, *, #3722, .T.);
#3724 = ORIENTED_EDGE ('', *, *, #3644, .F.);
#3725 = CARTESIAN_POINT ('', (77.1249999999997, 110.999999999999, -2.50000000000045));
#3726 = CARTESIAN_POINT ('', (77.1249999999997, 110.999999999999, -2.2499999999952));
#3727 = B_SPLINE_CURVE_WITH_KNOTS ('', 1, (#3725, #3726), .UNSPECIFIED., .F., .U., (2, 2), (0., 0.5000000000105), .UNSPECIFIED.);
#3728 = EDGE_CURVE ('', #3657, #3635, #3727, .T.);
#3729 = ORIENTED_EDGE ('', *, *, #3728, .F.);
#3730 = EDGE_LOOP ('', (#3662, #3669, #3676, #3683, #3690, #3697, #3704, #3711, #3718, #3723, #3724, #3729));
#3731 = FACE_OUTER_BOUND ('', #3730, .T.);
#3732 = CARTESIAN_POINT ('', (77.1249999999996, 110.999999999999, -4.25000000000044));
#3733 = CARTESIAN_POINT ('', (77.1249999999997, 110.999999999999, -2.2499999999989));
#3734 = CARTESIAN_POINT ('', (75.3749999999982, 110.999999999999, -4.25000000000033));
#3735 = CARTESIAN_POINT ('', (75.3749999999984, 110.999999999999, -2.24999999999878));
#3736 = B_SPLINE_SURFACE_WITH_KNOTS ('', 1, 1, ((#3732, #3733), (#3734, #3735)), .UNSPECIFIED., .F., .F., .U., (2, 2), (2, 2), (1.74999999999996, 1.92500000000009), (5.50351431094498E-13, 0.200000000000705), .UNSPECIFIED.);
#3737 = ADVANCED_FACE ('', (#3731), #3736, .T.);
#3738 = CARTESIAN_POINT ('', (74.6250000000001, 110.25, -2.99999999999959));
#3739 = VERTEX_POINT ('', #3738);
#3740 = CARTESIAN_POINT ('', (75.3749999999997, 110.999999999999, -2.99999999999978));
#3741 = CARTESIAN_POINT ('', (75.3639514565437, 110.999999999999, -2.99999999999978));
#3742 = CARTESIAN_POINT ('', (75.3416518374143, 110.999511594748, -2.99999999999978));
#3743 = CARTESIAN_POINT ('', (75.3076802855637, 110.997235548554, -2.99999999999978));
#3744 = CARTESIAN_POINT ('', (75.2732820497897, 110.993343299789, -2.99999999999978));
#3745 = CARTESIAN_POINT ('', (75.2385622522796, 110.987768973293, -2.99999999999978));
#3746 = CARTESIAN_POINT ('', (75.2036352052356, 110.980454964909, -2.99999999999978));
#3747 = CARTESIAN_POINT ('', (75.1686236959475, 110.971353321759, -2.99999999999978));
#3748 = CARTESIAN_POINT ('', (75.1336580441688, 110.96042705989, -2.99999999999978));
#3749 = CARTESIAN_POINT ('', (75.0988749336571, 110.947651383461, -2.99999999999977));
#3750 = CARTESIAN_POINT ('', (75.0644160281729, 110.933014761039, -2.99999999999977));
#3751 = CARTESIAN_POINT ('', (75.0304263912428, 110.91651981728, -2.99999999999977));
#3752 = CARTESIAN_POINT ('', (74.997052738102, 110.898184000567, -2.99999999999976));
#3753 = CARTESIAN_POINT ('', (74.9644415569111, 110.878039992309, -2.99999999999976));
#3754 = CARTESIAN_POINT ('', (74.9327371440187, 110.856135830673, -2.99999999999975));
#3755 = CARTESIAN_POINT ('', (74.9020796041599, 110.832534730481, -2.99999999999974));
#3756 = CARTESIAN_POINT ('', (74.8726028705434, 110.807314591482, -2.99999999999974));
#3757 = CARTESIAN_POINT ('', (74.8444328013998, 110.780567198599, -2.99999999999973));
#3758 = CARTESIAN_POINT ('', (74.8176854085163, 110.752397129455, -2.99999999999972));
#3759 = CARTESIAN_POINT ('', (74.7924652695175, 110.722920395839, -2.99999999999972));
#3760 = CARTESIAN_POINT ('', (74.7688641693252, 110.69226285598, -2.99999999999971));
#3761 = CARTESIAN_POINT ('', (74.7469600076894, 110.660558443088, -2.9999999999997));
#3762 = CARTESIAN_POINT ('', (74.7268159994318, 110.627947261897, -2.99999999999969));
#3763 = CARTESIAN_POINT ('', (74.7084801827183, 110.594573608756, -2.99999999999968));
#3764 = CARTESIAN_POINT ('', (74.6919852389593, 110.560583971826, -2.99999999999967));
#3765 = CARTESIAN_POINT ('', (74.6773486165374, 110.526125066342, -2.99999999999966));
#3766 = CARTESIAN_POINT ('', (74.6645729401085, 110.49134195583, -2.99999999999965));
#3767 = CARTESIAN_POINT ('', (74.6536466782396, 110.456376304051, -2.99999999999964));
#3768 = CARTESIAN_POINT ('', (74.6445450350902, 110.421364794763, -2.99999999999963));
#3769 = CARTESIAN_POINT ('', (74.6372310267059, 110.386437747719, -2.99999999999962));
#3770 = CARTESIAN_POINT ('', (74.6316567002102, 110.351717950209, -2.99999999999961));
#3771 = CARTESIAN_POINT ('', (74.6277644514449, 110.317319714435, -2.9999999999996));
#3772 = CARTESIAN_POINT ('', (74.625488405251, 110.283348162584, -2.99999999999959));
#3773 = CARTESIAN_POINT ('', (74.6249999999998, 110.261048543455, -2.99999999999959));
#3774 = CARTESIAN_POINT ('', (74.6249999999998, 110.249999999999, -2.99999999999958));
#3775 = B_SPLINE_CURVE_WITH_KNOTS ('', 3, (#3740, #3741, #3742, #3743, #3744, #3745, #3746, #3747, #3748, #3749, #3750, #3751, #3752, #3753, #3754, #3755, #3756, #3757, #3758, #3759, #3760, #3761, #3762, #3763, #3764, #3765, #3766, #3767, #3768, #3769, #3770, #3771, #3772, #3773, #3774), .UNSPECIFIED., .F., .U., (4, 1, 1, 1, 1, 1, 1, 1, 1, 1, 1, 1, 1, 1, 1, 1, 1, 1, 1, 1, 1, 1, 1, 1, 1, 1, 1, 1, 1, 1, 1, 1, 4), (11., 11.03125, 11.0625, 11.09375, 11.125, 11.15625, 11.1875, 11.21875, 11.25, 11.28125, 11.3125, 11.34375, 11.375, 11.40625, 11.4375, 11.46875, 11.5, 11.53125, 11.5625, 11.59375, 11.625, 11.65625, 11.6875, 11.71875, 11.75, 11.78125, 11.8125, 11.84375, 11.875, 11.90625, 11.9375, 11.96875, 12.), .UNSPECIFIED.);
#3776 = EDGE_CURVE ('', #3706, #3739, #3775, .T.);
#3777 = ORIENTED_EDGE ('', *, *, #3776, .T.);
#3778 = CARTESIAN_POINT ('', (74.6250000000001, 110.249999999999, -2.49999999999959));
#3779 = VERTEX_POINT ('', #3778);
#3780 = CARTESIAN_POINT ('', (74.6249999999998, 110.249999999999, -2.99999999999958));
#3781 = CARTESIAN_POINT ('', (74.6249999999998, 110.249999999999, -2.49999999999959));
#3782 = B_SPLINE_CURVE_WITH_KNOTS ('', 1, (#3780, #3781), .UNSPECIFIED., .F., .U., (2, 2), (0., 1.), .UNSPECIFIED.);
#3783 = EDGE_CURVE ('', #3739, #3779, #3782, .T.);
#3784 = ORIENTED_EDGE ('', *, *, #3783, .T.);
#3785 = CARTESIAN_POINT ('', (75.3749999999998, 110.999999999999, -2.49999999999978));
#3786 = CARTESIAN_POINT ('', (75.3639514565437, 110.999999999999, -2.49999999999979));
#3787 = CARTESIAN_POINT ('', (75.3416518374144, 110.999511594748, -2.49999999999979));
#3788 = CARTESIAN_POINT ('', (75.3076802855637, 110.997235548554, -2.49999999999979));
#3789 = CARTESIAN_POINT ('', (75.2732820497897, 110.993343299788, -2.49999999999979));
#3790 = CARTESIAN_POINT ('', (75.2385622522796, 110.987768973293, -2.49999999999978));
#3791 = CARTESIAN_POINT ('', (75.2036352052356, 110.980454964908, -2.49999999999978));
#3792 = CARTESIAN_POINT ('', (75.1686236959475, 110.971353321759, -2.49999999999978));
#3793 = CARTESIAN_POINT ('', (75.1336580441688, 110.96042705989, -2.49999999999978));
#3794 = CARTESIAN_POINT ('', (75.0988749336571, 110.947651383461, -2.49999999999978));
#3795 = CARTESIAN_POINT ('', (75.0644160281729, 110.933014761039, -2.49999999999977));
#3796 = CARTESIAN_POINT ('', (75.0304263912429, 110.91651981728, -2.49999999999977));
#3797 = CARTESIAN_POINT ('', (74.9970527381021, 110.898184000567, -2.49999999999976));
#3798 = CARTESIAN_POINT ('', (74.9644415569112, 110.878039992309, -2.49999999999976));
#3799 = CARTESIAN_POINT ('', (74.9327371440187, 110.856135830673, -2.49999999999975));
#3800 = CARTESIAN_POINT ('', (74.90207960416, 110.832534730481, -2.49999999999975));
#3801 = CARTESIAN_POINT ('', (74.8726028705435, 110.807314591482, -2.49999999999974));
#3802 = CARTESIAN_POINT ('', (74.8444328013998, 110.780567198599, -2.49999999999973));
#3803 = CARTESIAN_POINT ('', (74.8176854085163, 110.752397129455, -2.49999999999973));
#3804 = CARTESIAN_POINT ('', (74.7924652695175, 110.722920395839, -2.49999999999972));
#3805 = CARTESIAN_POINT ('', (74.7688641693253, 110.69226285598, -2.49999999999971));
#3806 = CARTESIAN_POINT ('', (74.7469600076894, 110.660558443087, -2.4999999999997));
#3807 = CARTESIAN_POINT ('', (74.7268159994319, 110.627947261897, -2.49999999999969));
#3808 = CARTESIAN_POINT ('', (74.7084801827184, 110.594573608756, -2.49999999999968));
#3809 = CARTESIAN_POINT ('', (74.6919852389594, 110.560583971826, -2.49999999999967));
#3810 = CARTESIAN_POINT ('', (74.6773486165375, 110.526125066341, -2.49999999999966));
#3811 = CARTESIAN_POINT ('', (74.6645729401085, 110.49134195583, -2.49999999999965));
#3812 = CARTESIAN_POINT ('', (74.6536466782396, 110.456376304051, -2.49999999999964));
#3813 = CARTESIAN_POINT ('', (74.6445450350902, 110.421364794763, -2.49999999999963));
#3814 = CARTESIAN_POINT ('', (74.6372310267059, 110.386437747719, -2.49999999999962));
#3815 = CARTESIAN_POINT ('', (74.6316567002102, 110.351717950209, -2.49999999999961));
#3816 = CARTESIAN_POINT ('', (74.6277644514449, 110.317319714435, -2.4999999999996));
#3817 = CARTESIAN_POINT ('', (74.6254884052511, 110.283348162584, -2.49999999999959));
#3818 = CARTESIAN_POINT ('', (74.6249999999998, 110.261048543455, -2.49999999999959));
#3819 = CARTESIAN_POINT ('', (74.6249999999998, 110.249999999999, -2.49999999999959));
#3820 = B_SPLINE_CURVE_WITH_KNOTS ('', 3, (#3785, #3786, #3787, #3788, #3789, #3790, #3791, #3792, #3793, #3794, #3795, #3796, #3797, #3798, #3799, #3800, #3801, #3802, #3803, #3804, #3805, #3806, #3807, #3808, #3809, #3810, #3811, #3812, #3813, #3814, #3815, #3816, #3817, #3818, #3819), .UNSPECIFIED., .F., .U., (4, 1, 1, 1, 1, 1, 1, 1, 1, 1, 1, 1, 1, 1, 1, 1, 1, 1, 1, 1, 1, 1, 1, 1, 1, 1, 1, 1, 1, 1, 1, 1, 4), (11., 11.03125, 11.0625, 11.09375, 11.125, 11.15625, 11.1875, 11.21875, 11.25, 11.28125, 11.3125, 11.34375, 11.375, 11.40625, 11.4375, 11.46875, 11.5, 11.53125, 11.5625, 11.59375, 11.625, 11.65625, 11.6875, 11.71875, 11.75, 11.78125, 11.8125, 11.84375, 11.875, 11.90625, 11.9375, 11.96875, 12.), .UNSPECIFIED.);
#3821 = EDGE_CURVE ('', #3713, #3779, #3820, .T.);
#3822 = ORIENTED_EDGE ('', *, *, #3821, .F.);
#3823 = ORIENTED_EDGE ('', *, *, #3717, .F.);
#3824 = EDGE_LOOP ('', (#3777, #3784, #3822, #3823));
#3825 = FACE_OUTER_BOUND ('', #3824, .T.);
#3826 = CARTESIAN_POINT ('', (75.3749999999997, 110.999999999999, -2.99999999999978));
#3827 = CARTESIAN_POINT ('', (75.3749999999998, 110.999999999999, -2.49999999999988));
#3828 = CARTESIAN_POINT ('', (74.6249999999998, 110.999999999999, -2.9999999999997));
#3829 = CARTESIAN_POINT ('', (74.6249999999998, 110.999999999999, -2.4999999999998));
#3830 = CARTESIAN_POINT ('', (74.6249999999998, 110.249999999999, -2.99999999999949));
#3831 = CARTESIAN_POINT ('', (74.6249999999998, 110.249999999999, -2.49999999999959));
#3832 = (
   BOUNDED_SURFACE ()
   B_SPLINE_SURFACE (2, 1, ((#3826, #3827), (#3828, #3829), (#3830, #3831)), .UNSPECIFIED., .F., .F., .U.)
   B_SPLINE_SURFACE_WITH_KNOTS ((3, 3), (2, 2), (0., 0.117809724509603), (0., 0.0499999999999903), .UNSPECIFIED.)
   GEOMETRIC_REPRESENTATION_ITEM ()
   RATIONAL_B_SPLINE_SURFACE (((1., 1.), (0.707106781186547, 0.707106781186547), (1., 1.)))
   REPRESENTATION_ITEM ('')
   SURFACE ()
);
#3833 = ADVANCED_FACE ('', (#3825), #3832, .T.);
#3834 = CARTESIAN_POINT ('', (74.625, 110.25, -4.24999999999959));
#3835 = VERTEX_POINT ('', #3834);
#3836 = CARTESIAN_POINT ('', (75.3749999999996, 110.999999999999, -4.24999999999978));
#3837 = CARTESIAN_POINT ('', (75.3639514565436, 110.999999999999, -4.24999999999978));
#3838 = CARTESIAN_POINT ('', (75.3416518374142, 110.999511594748, -4.24999999999978));
#3839 = CARTESIAN_POINT ('', (75.3076802855636, 110.997235548554, -4.24999999999978));
#3840 = CARTESIAN_POINT ('', (75.2732820497896, 110.993343299789, -4.24999999999978));
#3841 = CARTESIAN_POINT ('', (75.2385622522795, 110.987768973293, -4.24999999999978));
#3842 = CARTESIAN_POINT ('', (75.2036352052355, 110.980454964909, -4.24999999999978));
#3843 = CARTESIAN_POINT ('', (75.1686236959474, 110.971353321759, -4.24999999999978));
#3844 = CARTESIAN_POINT ('', (75.1336580441687, 110.960427059891, -4.24999999999978));
#3845 = CARTESIAN_POINT ('', (75.098874933657, 110.947651383462, -4.24999999999977));
#3846 = CARTESIAN_POINT ('', (75.0644160281728, 110.93301476104, -4.24999999999977));
#3847 = CARTESIAN_POINT ('', (75.0304263912428, 110.916519817281, -4.24999999999977));
#3848 = CARTESIAN_POINT ('', (74.997052738102, 110.898184000567, -4.24999999999976));
#3849 = CARTESIAN_POINT ('', (74.964441556911, 110.87803999231, -4.24999999999976));
#3850 = CARTESIAN_POINT ('', (74.9327371440186, 110.856135830674, -4.24999999999975));
#3851 = CARTESIAN_POINT ('', (74.9020796041598, 110.832534730481, -4.24999999999975));
#3852 = CARTESIAN_POINT ('', (74.8726028705434, 110.807314591483, -4.24999999999974));
#3853 = CARTESIAN_POINT ('', (74.8444328013997, 110.780567198599, -4.24999999999973));
#3854 = CARTESIAN_POINT ('', (74.8176854085162, 110.752397129456, -4.24999999999972));
#3855 = CARTESIAN_POINT ('', (74.7924652695174, 110.722920395839, -4.24999999999972));
#3856 = CARTESIAN_POINT ('', (74.7688641693252, 110.69226285598, -4.24999999999971));
#3857 = CARTESIAN_POINT ('', (74.7469600076893, 110.660558443088, -4.2499999999997));
#3858 = CARTESIAN_POINT ('', (74.7268159994317, 110.627947261897, -4.24999999999969));
#3859 = CARTESIAN_POINT ('', (74.7084801827183, 110.594573608756, -4.24999999999968));
#3860 = CARTESIAN_POINT ('', (74.6919852389592, 110.560583971826, -4.24999999999967));
#3861 = CARTESIAN_POINT ('', (74.6773486165373, 110.526125066342, -4.24999999999966));
#3862 = CARTESIAN_POINT ('', (74.6645729401084, 110.49134195583, -4.24999999999965));
#3863 = CARTESIAN_POINT ('', (74.6536466782395, 110.456376304051, -4.24999999999964));
#3864 = CARTESIAN_POINT ('', (74.6445450350901, 110.421364794763, -4.24999999999963));
#3865 = CARTESIAN_POINT ('', (74.6372310267058, 110.386437747719, -4.24999999999962));
#3866 = CARTESIAN_POINT ('', (74.6316567002101, 110.351717950209, -4.24999999999961));
#3867 = CARTESIAN_POINT ('', (74.6277644514448, 110.317319714435, -4.2499999999996));
#3868 = CARTESIAN_POINT ('', (74.625488405251, 110.283348162585, -4.24999999999959));
#3869 = CARTESIAN_POINT ('', (74.6249999999997, 110.261048543455, -4.24999999999958));
#3870 = CARTESIAN_POINT ('', (74.6249999999997, 110.249999999999, -4.24999999999958));
#3871 = B_SPLINE_CURVE_WITH_KNOTS ('', 3, (#3836, #3837, #3838, #3839, #3840, #3841, #3842, #3843, #3844, #3845, #3846, #3847, #3848, #3849, #3850, #3851, #3852, #3853, #3854, #3855, #3856, #3857, #3858, #3859, #3860, #3861, #3862, #3863, #3864, #3865, #3866, #3867, #3868, #3869, #3870), .UNSPECIFIED., .F., .U., (4, 1, 1, 1, 1, 1, 1, 1, 1, 1, 1, 1, 1, 1, 1, 1, 1, 1, 1, 1, 1, 1, 1, 1, 1, 1, 1, 1, 1, 1, 1, 1, 4), (11., 11.03125, 11.0625, 11.09375, 11.125, 11.15625, 11.1875, 11.21875, 11.25, 11.28125, 11.3125, 11.34375, 11.375, 11.40625, 11.4375, 11.46875, 11.5, 11.53125, 11.5625, 11.59375, 11.625, 11.65625, 11.6875, 11.71875, 11.75, 11.78125, 11.8125, 11.84375, 11.875, 11.90625, 11.9375, 11.96875, 12.), .UNSPECIFIED.);
#3872 = EDGE_CURVE ('', #3699, #3835, #3871, .T.);
#3873 = ORIENTED_EDGE ('', *, *, #3872, .T.);
#3874 = CARTESIAN_POINT ('', (74.6249999999997, 110.249999999999, -4.24999999999958));
#3875 = CARTESIAN_POINT ('', (74.6249999999998, 110.249999999999, -2.99999999999958));
#3876 = B_SPLINE_CURVE_WITH_KNOTS ('', 1, (#3874, #3875), .UNSPECIFIED., .F., .U., (2, 2), (0., 1.), .UNSPECIFIED.);
#3877 = EDGE_CURVE ('', #3835, #3739, #3876, .T.);
#3878 = ORIENTED_EDGE ('', *, *, #3877, .T.);
#3879 = ORIENTED_EDGE ('', *, *, #3776, .F.);
#3880 = ORIENTED_EDGE ('', *, *, #3710, .F.);
#3881 = EDGE_LOOP ('', (#3873, #3878, #3879, #3880));
#3882 = FACE_OUTER_BOUND ('', #3881, .T.);
#3883 = CARTESIAN_POINT ('', (75.3749999999997, 110.999999999999, -4.24999999999976));
#3884 = CARTESIAN_POINT ('', (75.3749999999997, 111., -2.99999999999983));
#3885 = CARTESIAN_POINT ('', (74.6249999999997, 110.999999999999, -4.24999999999973));
#3886 = CARTESIAN_POINT ('', (74.6249999999998, 111., -2.9999999999998));
#3887 = CARTESIAN_POINT ('', (74.6249999999997, 110.249999999999, -4.24999999999952));
#3888 = CARTESIAN_POINT ('', (74.6249999999997, 110.25, -2.99999999999958));
#3889 = (
   BOUNDED_SURFACE ()
   B_SPLINE_SURFACE (2, 1, ((#3883, #3884), (#3885, #3886), (#3887, #3888)), .UNSPECIFIED., .F., .F., .U.)
   B_SPLINE_SURFACE_WITH_KNOTS ((3, 3), (2, 2), (0., 0.11780972450961), (0., 0.124999999999994), .UNSPECIFIED.)
   GEOMETRIC_REPRESENTATION_ITEM ()
   RATIONAL_B_SPLINE_SURFACE (((1., 1.), (0.707106781186547, 0.707106781186547), (1., 1.)))
   REPRESENTATION_ITEM ('')
   SURFACE ()
);
#3890 = ADVANCED_FACE ('', (#3882), #3889, .T.);
#3891 = CARTESIAN_POINT ('', (77.0000000000001, 107.999999999999, -3.50000000000011));
#3892 = VERTEX_POINT ('', #3891);
#3893 = CARTESIAN_POINT ('', (75.5000000000001, 108., -3.50000000000011));
#3894 = VERTEX_POINT ('', #3893);
#3895 = CARTESIAN_POINT ('', (76.9999999999998, 107.999999999999, -3.50000000000009));
#3896 = CARTESIAN_POINT ('', (75.4999999999998, 107.999999999999, -3.50000000000009));
#3897 = B_SPLINE_CURVE_WITH_KNOTS ('', 1, (#3895, #3896), .UNSPECIFIED., .F., .U., (2, 2), (0., 1.), .UNSPECIFIED.);
#3898 = EDGE_CURVE ('', #3892, #3894, #3897, .T.);
#3899 = ORIENTED_EDGE ('', *, *, #3898, .T.);
#3900 = CARTESIAN_POINT ('', (75.4999999999998, 110.999999999999, -3.50000000000009));
#3901 = CARTESIAN_POINT ('', (75.4999999999998, 107.999999999999, -3.50000000000009));
#3902 = B_SPLINE_CURVE_WITH_KNOTS ('', 1, (#3900, #3901), .UNSPECIFIED., .F., .U., (2, 2), (0., 1.), .UNSPECIFIED.);
#3903 = EDGE_CURVE ('', #3685, #3894, #3902, .T.);
#3904 = ORIENTED_EDGE ('', *, *, #3903, .F.);
#3905 = ORIENTED_EDGE ('', *, *, #3689, .T.);
#3906 = CARTESIAN_POINT ('', (77.0000000000001, 110.249999999999, -3.50000000000011));
#3907 = VERTEX_POINT ('', #3906);
#3908 = CARTESIAN_POINT ('', (76.9999999999998, 110.999999999999, -3.50000000000009));
#3909 = CARTESIAN_POINT ('', (76.9999999999998, 110.249999999999, -3.50000000000009));
#3910 = B_SPLINE_CURVE_WITH_KNOTS ('', 1, (#3908, #3909), .UNSPECIFIED., .F., .U., (2, 2), (0.0714285714284508, 0.285714285714221), .UNSPECIFIED.);
#3911 = EDGE_CURVE ('', #3678, #3907, #3910, .T.);
#3912 = ORIENTED_EDGE ('', *, *, #3911, .T.);
#3913 = CARTESIAN_POINT ('', (77.0000000000001, 108.749999999999, -3.50000000000011));
#3914 = VERTEX_POINT ('', #3913);
#3915 = CARTESIAN_POINT ('', (76.9999999999998, 108.749999999999, -3.50000000000009));
#3916 = CARTESIAN_POINT ('', (76.9999999999998, 110.249999999999, -3.50000000000009));
#3917 = B_SPLINE_CURVE_WITH_KNOTS ('', 1, (#3915, #3916), .UNSPECIFIED., .F., .U., (2, 2), (1.5, 3.), .UNSPECIFIED.);
#3918 = EDGE_CURVE ('', #3914, #3907, #3917, .T.);
#3919 = ORIENTED_EDGE ('', *, *, #3918, .F.);
#3920 = CARTESIAN_POINT ('', (76.9999999999998, 108.749999999999, -3.50000000000009));
#3921 = CARTESIAN_POINT ('', (76.9999999999998, 107.999999999999, -3.50000000000009));
#3922 = B_SPLINE_CURVE_WITH_KNOTS ('', 1, (#3920, #3921), .UNSPECIFIED., .F., .U., (2, 2), (0.714285714285779, 0.928571428571553), .UNSPECIFIED.);
#3923 = EDGE_CURVE ('', #3914, #3892, #3922, .T.);
#3924 = ORIENTED_EDGE ('', *, *, #3923, .T.);
#3925 = EDGE_LOOP ('', (#3899, #3904, #3905, #3912, #3919, #3924));
#3926 = FACE_OUTER_BOUND ('', #3925, .T.);
#3927 = CARTESIAN_POINT ('', (75.4999999999998, 110.999999999999, -3.50000000000009));
#3928 = CARTESIAN_POINT ('', (75.4999999999998, 107.999999999999, -3.50000000000009));
#3929 = CARTESIAN_POINT ('', (76.9999999999998, 110.999999999999, -3.50000000000009));
#3930 = CARTESIAN_POINT ('', (76.9999999999998, 107.999999999999, -3.50000000000009));
#3931 = B_SPLINE_SURFACE_WITH_KNOTS ('', 1, 1, ((#3927, #3928), (#3929, #3930)), .UNSPECIFIED., .F., .F., .U., (2, 2), (2, 2), (0.331641242574635, 0.668358757425372), (0.163282485149247, 0.83671751485073), .UNSPECIFIED.);
#3932 = ADVANCED_FACE ('', (#3926), #3931, .T.);
#3933 = CARTESIAN_POINT ('', (77.8749999999999, 110.25, -4.25000000000019));
#3934 = VERTEX_POINT ('', #3933);
#3935 = CARTESIAN_POINT ('', (77.8749999999996, 110.249999999999, -4.25000000000018));
#3936 = CARTESIAN_POINT ('', (77.8749999999996, 110.261048543455, -4.25000000000017));
#3937 = CARTESIAN_POINT ('', (77.8745115947483, 110.283348162585, -4.25000000000016));
#3938 = CARTESIAN_POINT ('', (77.8722355485545, 110.317319714435, -4.25000000000015));
#3939 = CARTESIAN_POINT ('', (77.8683432997892, 110.351717950209, -4.25000000000014));
#3940 = CARTESIAN_POINT ('', (77.8627689732934, 110.386437747719, -4.25000000000013));
#3941 = CARTESIAN_POINT ('', (77.8554549649092, 110.421364794763, -4.25000000000012));
#3942 = CARTESIAN_POINT ('', (77.8463533217598, 110.456376304051, -4.25000000000011));
#3943 = CARTESIAN_POINT ('', (77.8354270598908, 110.49134195583, -4.25000000000011));
#3944 = CARTESIAN_POINT ('', (77.8226513834619, 110.526125066342, -4.2500000000001));
#3945 = CARTESIAN_POINT ('', (77.80801476104, 110.560583971826, -4.2500000000001));
#3946 = CARTESIAN_POINT ('', (77.791519817281, 110.594573608756, -4.2500000000001));
#3947 = CARTESIAN_POINT ('', (77.7731840005675, 110.627947261897, -4.2500000000001));
#3948 = CARTESIAN_POINT ('', (77.75303999231, 110.660558443088, -4.2500000000001));
#3949 = CARTESIAN_POINT ('', (77.7311358306741, 110.69226285598, -4.2500000000001));
#3950 = CARTESIAN_POINT ('', (77.7075347304818, 110.722920395839, -4.25000000000011));
#3951 = CARTESIAN_POINT ('', (77.682314591483, 110.752397129455, -4.25000000000012));
#3952 = CARTESIAN_POINT ('', (77.6555671985995, 110.780567198599, -4.25000000000013));
#3953 = CARTESIAN_POINT ('', (77.6273971294559, 110.807314591483, -4.25000000000014));
#3954 = CARTESIAN_POINT ('', (77.5979203958394, 110.832534730481, -4.25000000000015));
#3955 = CARTESIAN_POINT ('', (77.5672628559806, 110.856135830674, -4.25000000000016));
#3956 = CARTESIAN_POINT ('', (77.5355584430882, 110.87803999231, -4.25000000000018));
#3957 = CARTESIAN_POINT ('', (77.5029472618972, 110.898184000567, -4.2500000000002));
#3958 = CARTESIAN_POINT ('', (77.4695736087565, 110.916519817281, -4.25000000000021));
#3959 = CARTESIAN_POINT ('', (77.4355839718264, 110.93301476104, -4.25000000000023));
#3960 = CARTESIAN_POINT ('', (77.4011250663422, 110.947651383461, -4.25000000000025));
#3961 = CARTESIAN_POINT ('', (77.3663419558305, 110.96042705989, -4.25000000000028));
#3962 = CARTESIAN_POINT ('', (77.3313763040518, 110.971353321759, -4.2500000000003));
#3963 = CARTESIAN_POINT ('', (77.2963647947637, 110.980454964909, -4.25000000000032));
#3964 = CARTESIAN_POINT ('', (77.2614377477197, 110.987768973293, -4.25000000000034));
#3965 = CARTESIAN_POINT ('', (77.2267179502096, 110.993343299789, -4.25000000000037));
#3966 = CARTESIAN_POINT ('', (77.1923197144356, 110.997235548554, -4.25000000000039));
#3967 = CARTESIAN_POINT ('', (77.158348162585, 110.999511594748, -4.25000000000042));
#3968 = CARTESIAN_POINT ('', (77.1360485434556, 110.999999999999, -4.25000000000044));
#3969 = CARTESIAN_POINT ('', (77.1249999999996, 110.999999999999, -4.25000000000045));
#3970 = B_SPLINE_CURVE_WITH_KNOTS ('', 3, (#3935, #3936, #3937, #3938, #3939, #3940, #3941, #3942, #3943, #3944, #3945, #3946, #3947, #3948, #3949, #3950, #3951, #3952, #3953, #3954, #3955, #3956, #3957, #3958, #3959, #3960, #3961, #3962, #3963, #3964, #3965, #3966, #3967, #3968, #3969), .UNSPECIFIED., .F., .U., (4, 1, 1, 1, 1, 1, 1, 1, 1, 1, 1, 1, 1, 1, 1, 1, 1, 1, 1, 1, 1, 1, 1, 1, 1, 1, 1, 1, 1, 1, 1, 1, 4), (9., 9.03125, 9.0625, 9.09375, 9.125, 9.15625, 9.1875, 9.21875, 9.25, 9.28125, 9.3125, 9.34375, 9.375, 9.40625, 9.4375, 9.46875, 9.5, 9.53125, 9.5625, 9.59375, 9.625, 9.65625, 9.6875, 9.71875, 9.75, 9.78125, 9.8125, 9.84375, 9.875, 9.90625, 9.9375, 9.96875, 10.), .UNSPECIFIED.);
#3971 = EDGE_CURVE ('', #3934, #3664, #3970, .T.);
#3972 = ORIENTED_EDGE ('', *, *, #3971, .T.);
#3973 = ORIENTED_EDGE ('', *, *, #3668, .T.);
#3974 = CARTESIAN_POINT ('', (77.8749999999999, 110.25, -3.00000000000019));
#3975 = VERTEX_POINT ('', #3974);
#3976 = CARTESIAN_POINT ('', (77.8749999999997, 110.249999999999, -3.00000000000018));
#3977 = CARTESIAN_POINT ('', (77.8749999999997, 110.261048543455, -3.00000000000018));
#3978 = CARTESIAN_POINT ('', (77.8745115947484, 110.283348162584, -3.00000000000017));
#3979 = CARTESIAN_POINT ('', (77.8722355485546, 110.317319714435, -3.00000000000015));
#3980 = CARTESIAN_POINT ('', (77.8683432997892, 110.351717950209, -3.00000000000014));
#3981 = CARTESIAN_POINT ('', (77.8627689732935, 110.386437747719, -3.00000000000013));
#3982 = CARTESIAN_POINT ('', (77.8554549649092, 110.421364794763, -3.00000000000012));
#3983 = CARTESIAN_POINT ('', (77.8463533217599, 110.456376304051, -3.00000000000011));
#3984 = CARTESIAN_POINT ('', (77.8354270598909, 110.49134195583, -3.0000000000001));
#3985 = CARTESIAN_POINT ('', (77.822651383462, 110.526125066342, -3.0000000000001));
#3986 = CARTESIAN_POINT ('', (77.8080147610401, 110.560583971826, -3.00000000000009));
#3987 = CARTESIAN_POINT ('', (77.7915198172811, 110.594573608756, -3.00000000000009));
#3988 = CARTESIAN_POINT ('', (77.7731840005676, 110.627947261897, -3.00000000000009));
#3989 = CARTESIAN_POINT ('', (77.7530399923101, 110.660558443088, -3.00000000000009));
#3990 = CARTESIAN_POINT ('', (77.7311358306741, 110.69226285598, -3.0000000000001));
#3991 = CARTESIAN_POINT ('', (77.7075347304819, 110.722920395839, -3.0000000000001));
#3992 = CARTESIAN_POINT ('', (77.6823145914831, 110.752397129455, -3.00000000000011));
#3993 = CARTESIAN_POINT ('', (77.6555671985996, 110.780567198599, -3.00000000000012));
#3994 = CARTESIAN_POINT ('', (77.6273971294559, 110.807314591482, -3.00000000000013));
#3995 = CARTESIAN_POINT ('', (77.5979203958395, 110.832534730481, -3.00000000000014));
#3996 = CARTESIAN_POINT ('', (77.5672628559807, 110.856135830673, -3.00000000000016));
#3997 = CARTESIAN_POINT ('', (77.5355584430883, 110.878039992309, -3.00000000000017));
#3998 = CARTESIAN_POINT ('', (77.5029472618973, 110.898184000567, -3.00000000000019));
#3999 = CARTESIAN_POINT ('', (77.4695736087565, 110.91651981728, -3.00000000000021));
#4000 = CARTESIAN_POINT ('', (77.4355839718265, 110.933014761039, -3.00000000000023));
#4001 = CARTESIAN_POINT ('', (77.4011250663423, 110.947651383461, -3.00000000000025));
#4002 = CARTESIAN_POINT ('', (77.3663419558306, 110.96042705989, -3.00000000000027));
#4003 = CARTESIAN_POINT ('', (77.3313763040519, 110.971353321759, -3.0000000000003));
#4004 = CARTESIAN_POINT ('', (77.2963647947638, 110.980454964908, -3.00000000000032));
#4005 = CARTESIAN_POINT ('', (77.2614377477198, 110.987768973293, -3.00000000000035));
#4006 = CARTESIAN_POINT ('', (77.2267179502097, 110.993343299788, -3.00000000000037));
#4007 = CARTESIAN_POINT ('', (77.1923197144357, 110.997235548554, -3.0000000000004));
#4008 = CARTESIAN_POINT ('', (77.158348162585, 110.999511594748, -3.00000000000042));
#4009 = CARTESIAN_POINT ('', (77.1360485434557, 110.999999999999, -3.00000000000044));
#4010 = CARTESIAN_POINT ('', (77.1249999999997, 110.999999999999, -3.00000000000045));
#4011 = B_SPLINE_CURVE_WITH_KNOTS ('', 3, (#3976, #3977, #3978, #3979, #3980, #3981, #3982, #3983, #3984, #3985, #3986, #3987, #3988, #3989, #3990, #3991, #3992, #3993, #3994, #3995, #3996, #3997, #3998, #3999, #4000, #4001, #4002, #4003, #4004, #4005, #4006, #4007, #4008, #4009, #4010), .UNSPECIFIED., .F., .U., (4, 1, 1, 1, 1, 1, 1, 1, 1, 1, 1, 1, 1, 1, 1, 1, 1, 1, 1, 1, 1, 1, 1, 1, 1, 1, 1, 1, 1, 1, 1, 1, 4), (9., 9.03125, 9.0625, 9.09375, 9.125, 9.15625, 9.1875, 9.21875, 9.25, 9.28125, 9.3125, 9.34375, 9.375, 9.40625, 9.4375, 9.46875, 9.5, 9.53125, 9.5625, 9.59375, 9.625, 9.65625, 9.6875, 9.71875, 9.75, 9.78125, 9.8125, 9.84375, 9.875, 9.90625, 9.9375, 9.96875, 10.), .UNSPECIFIED.);
#4012 = EDGE_CURVE ('', #3975, #3655, #4011, .T.);
#4013 = ORIENTED_EDGE ('', *, *, #4012, .F.);
#4014 = CARTESIAN_POINT ('', (77.8749999999996, 110.249999999999, -4.25000000000018));
#4015 = CARTESIAN_POINT ('', (77.8749999999997, 110.249999999999, -3.00000000000018));
#4016 = B_SPLINE_CURVE_WITH_KNOTS ('', 1, (#4014, #4015), .UNSPECIFIED., .F., .U., (2, 2), (0., 1.), .UNSPECIFIED.);
#4017 = EDGE_CURVE ('', #3934, #3975, #4016, .T.);
#4018 = ORIENTED_EDGE ('', *, *, #4017, .F.);
#4019 = EDGE_LOOP ('', (#3972, #3973, #4013, #4018));
#4020 = FACE_OUTER_BOUND ('', #4019, .T.);
#4021 = CARTESIAN_POINT ('', (77.8749999999996, 110.249999999999, -4.25000000000015));
#4022 = CARTESIAN_POINT ('', (77.8749999999986, 110.249999999999, -3.00000000000001));
#4023 = CARTESIAN_POINT ('', (77.8749999999996, 110.999999999999, -4.24999999999998));
#4024 = CARTESIAN_POINT ('', (77.8749999999986, 110.999999999999, -2.99999999999984));
#4025 = CARTESIAN_POINT ('', (77.1249999999997, 110.999999999999, -4.25000000000059));
#4026 = CARTESIAN_POINT ('', (77.1249999999986, 110.999999999999, -3.00000000000045));
#4027 = (
   BOUNDED_SURFACE ()
   B_SPLINE_SURFACE (2, 1, ((#4021, #4022), (#4023, #4024), (#4025, #4026)), .UNSPECIFIED., .F., .F., .U.)
   B_SPLINE_SURFACE_WITH_KNOTS ((3, 3), (2, 2), (0., 0.117809724509605), (0., 0.125000000000014), .UNSPECIFIED.)
   GEOMETRIC_REPRESENTATION_ITEM ()
   RATIONAL_B_SPLINE_SURFACE (((1., 1.), (0.707106781186547, 0.707106781186547), (1., 1.)))
   REPRESENTATION_ITEM ('')
   SURFACE ()
);
#4028 = ADVANCED_FACE ('', (#4020), #4027, .T.);
#4029 = CARTESIAN_POINT ('', (77.8749999999999, 108.75, -3.0000000000005));
#4030 = VERTEX_POINT ('', #4029);
#4031 = CARTESIAN_POINT ('', (77.875, 108.749999999999, -2.50000000000052));
#4032 = VERTEX_POINT ('', #4031);
#4033 = CARTESIAN_POINT ('', (77.8749999999996, 108.749999999999, -3.00000000000051));
#4034 = CARTESIAN_POINT ('', (77.8749999999997, 108.749999999999, -2.50000000000051));
#4035 = B_SPLINE_CURVE_WITH_KNOTS ('', 1, (#4033, #4034), .UNSPECIFIED., .F., .U., (2, 2), (0., 1.), .UNSPECIFIED.);
#4036 = EDGE_CURVE ('', #4030, #4032, #4035, .T.);
#4037 = ORIENTED_EDGE ('', *, *, #4036, .F.);
#4038 = CARTESIAN_POINT ('', (77.8749999999998, 108.75, -4.2500000000005));
#4039 = VERTEX_POINT ('', #4038);
#4040 = CARTESIAN_POINT ('', (77.8749999999995, 108.749999999999, -4.2500000000005));
#4041 = CARTESIAN_POINT ('', (77.8749999999996, 108.749999999999, -3.00000000000051));
#4042 = B_SPLINE_CURVE_WITH_KNOTS ('', 1, (#4040, #4041), .UNSPECIFIED., .F., .U., (2, 2), (0., 1.), .UNSPECIFIED.);
#4043 = EDGE_CURVE ('', #4039, #4030, #4042, .T.);
#4044 = ORIENTED_EDGE ('', *, *, #4043, .F.);
#4045 = CARTESIAN_POINT ('', (77.8749999999995, 108.749999999999, -4.2500000000005));
#4046 = CARTESIAN_POINT ('', (77.8749999999996, 110.249999999999, -4.25000000000018));
#4047 = B_SPLINE_CURVE_WITH_KNOTS ('', 1, (#4045, #4046), .UNSPECIFIED., .F., .U., (2, 2), (8., 9.), .UNSPECIFIED.);
#4048 = EDGE_CURVE ('', #4039, #3934, #4047, .T.);
#4049 = ORIENTED_EDGE ('', *, *, #4048, .T.);
#4050 = ORIENTED_EDGE ('', *, *, #4017, .T.);
#4051 = CARTESIAN_POINT ('', (77.875, 110.249999999999, -2.50000000000019));
#4052 = VERTEX_POINT ('', #4051);
#4053 = CARTESIAN_POINT ('', (77.8749999999997, 110.249999999999, -3.00000000000018));
#4054 = CARTESIAN_POINT ('', (77.8749999999997, 110.249999999999, -2.50000000000018));
#4055 = B_SPLINE_CURVE_WITH_KNOTS ('', 1, (#4053, #4054), .UNSPECIFIED., .F., .U., (2, 2), (0., 1.), .UNSPECIFIED.);
#4056 = EDGE_CURVE ('', #3975, #4052, #4055, .T.);
#4057 = ORIENTED_EDGE ('', *, *, #4056, .T.);
#4058 = CARTESIAN_POINT ('', (77.8749999999997, 110.249999999999, -2.24999999999543));
#4059 = VERTEX_POINT ('', #4058);
#4060 = CARTESIAN_POINT ('', (77.8749999999997, 110.249999999999, -2.50000000000018));
#4061 = CARTESIAN_POINT ('', (77.8749999999997, 110.249999999999, -2.25000000000017));
#4062 = B_SPLINE_CURVE_WITH_KNOTS ('', 1, (#4060, #4061), .UNSPECIFIED., .F., .U., (2, 2), (0., 0.500000000000018), .UNSPECIFIED.);
#4063 = EDGE_CURVE ('', #4052, #4059, #4062, .T.);
#4064 = ORIENTED_EDGE ('', *, *, #4063, .T.);
#4065 = CARTESIAN_POINT ('', (77.8749999999997, 108.749999999999, -2.24999999999878));
#4066 = VERTEX_POINT ('', #4065);
#4067 = CARTESIAN_POINT ('', (77.8749999999997, 108.749999999999, -2.25000000000052));
#4068 = CARTESIAN_POINT ('', (77.8749999999997, 110.249999999999, -2.25000000000017));
#4069 = B_SPLINE_CURVE_WITH_KNOTS ('', 1, (#4067, #4068), .UNSPECIFIED., .F., .U., (2, 2), (0.330295046079985, 0.480295046079988), .UNSPECIFIED.);
#4070 = EDGE_CURVE ('', #4066, #4059, #4069, .T.);
#4071 = ORIENTED_EDGE ('', *, *, #4070, .F.);
#4072 = CARTESIAN_POINT ('', (77.8749999999997, 108.749999999999, -2.50000000000051));
#4073 = CARTESIAN_POINT ('', (77.8749999999997, 108.749999999999, -2.25000000000052));
#4074 = B_SPLINE_CURVE_WITH_KNOTS ('', 1, (#4072, #4073), .UNSPECIFIED., .F., .U., (2, 2), (0., 0.499999999999978), .UNSPECIFIED.);
#4075 = EDGE_CURVE ('', #4032, #4066, #4074, .T.);
#4076 = ORIENTED_EDGE ('', *, *, #4075, .F.);
#4077 = EDGE_LOOP ('', (#4037, #4044, #4049, #4050, #4057, #4064, #4071, #4076));
#4078 = FACE_OUTER_BOUND ('', #4077, .T.);
#4079 = CARTESIAN_POINT ('', (77.8749999999995, 108.749999999999, -4.2500000000005));
#4080 = CARTESIAN_POINT ('', (77.8749999999997, 108.749999999999, -2.25000000000052));
#4081 = CARTESIAN_POINT ('', (77.8749999999996, 110.249999999999, -4.25000000000016));
#4082 = CARTESIAN_POINT ('', (77.8749999999997, 110.249999999999, -2.25000000000018));
#4083 = B_SPLINE_SURFACE_WITH_KNOTS ('', 1, 1, ((#4079, #4080), (#4081, #4082)), .UNSPECIFIED., .F., .F., .U., (2, 2), (2, 2), (1.20000000000001, 1.35000000000001), (-1.36557432028894E-14, 0.199999999999985), .UNSPECIFIED.);
#4084 = ADVANCED_FACE ('', (#4078), #4083, .T.);
#4085 = CARTESIAN_POINT ('', (77.6249999999998, 108.749999999999, -2.00000000000058));
#4086 = VERTEX_POINT ('', #4085);
#4087 = CARTESIAN_POINT ('', (77.8749999999997, 108.749999999999, -2.24999999999878));
#4088 = CARTESIAN_POINT ('', (77.6249999999998, 108.749999999999, -2.00000000000058));
#4089 = B_SPLINE_CURVE_WITH_KNOTS ('', 1, (#4087, #4088), .UNSPECIFIED., .F., .U., (2, 2), (0., 0.0353553390591958), .UNSPECIFIED.);
#4090 = EDGE_CURVE ('', #4066, #4086, #4089, .T.);
#4091 = ORIENTED_EDGE ('', *, *, #4090, .F.);
#4092 = ORIENTED_EDGE ('', *, *, #4070, .T.);
#4093 = CARTESIAN_POINT ('', (77.6249999999997, 110.249999999999, -2.00000000000024));
#4094 = VERTEX_POINT ('', #4093);
#4095 = CARTESIAN_POINT ('', (77.6249999999997, 110.249999999999, -2.00000000000024));
#4096 = CARTESIAN_POINT ('', (77.8749999999997, 110.249999999999, -2.24999999999543));
#4097 = B_SPLINE_CURVE_WITH_KNOTS ('', 1, (#4095, #4096), .UNSPECIFIED., .F., .U., (2, 2), (0., 0.0353553390589907), .UNSPECIFIED.);
#4098 = EDGE_CURVE ('', #4094, #4059, #4097, .T.);
#4099 = ORIENTED_EDGE ('', *, *, #4098, .F.);
#4100 = CARTESIAN_POINT ('', (77.6249999999997, 110.249999999999, -2.00000000000024));
#4101 = CARTESIAN_POINT ('', (77.6249999999997, 108.749999999999, -2.00000000000058));
#4102 = B_SPLINE_CURVE_WITH_KNOTS ('', 1, (#4100, #4101), .UNSPECIFIED., .F., .U., (2, 2), (-0.480295046079988, -0.330295046079985), .UNSPECIFIED.);
#4103 = EDGE_CURVE ('', #4094, #4086, #4102, .T.);
#4104 = ORIENTED_EDGE ('', *, *, #4103, .T.);
#4105 = EDGE_LOOP ('', (#4091, #4092, #4099, #4104));
#4106 = FACE_OUTER_BOUND ('', #4105, .T.);
#4107 = CARTESIAN_POINT ('', (77.6249999999995, 108.749999999999, -2.0000000000004));
#4108 = CARTESIAN_POINT ('', (77.6249999999997, 110.249999999999, -2.00000000000021));
#4109 = CARTESIAN_POINT ('', (77.8749999999997, 108.749999999999, -2.25000000000055));
#4110 = CARTESIAN_POINT ('', (77.8749999999999, 110.249999999999, -2.25000000000036));
#4111 = B_SPLINE_SURFACE_WITH_KNOTS ('', 1, 1, ((#4107, #4108), (#4109, #4110)), .UNSPECIFIED., .F., .F., .U., (2, 2), (2, 2), (-0.0176776695297364, 0.017677669529614), (0.330295046079979, 0.480295046079994), .UNSPECIFIED.);
#4112 = ADVANCED_FACE ('', (#4106), #4111, .T.);
#4113 = CARTESIAN_POINT ('', (77.478553390593, 108.396446609405, -2.00000000000065));
#4114 = VERTEX_POINT ('', #4113);
#4115 = CARTESIAN_POINT ('', (77.6553300858895, 108.219669914109, -2.24999999999889));
#4116 = VERTEX_POINT ('', #4115);
#4117 = CARTESIAN_POINT ('', (77.4785533905929, 108.396446609406, -2.00000000000046));
#4118 = CARTESIAN_POINT ('', (77.6553300858897, 108.219669914109, -2.24999999999906));
#4119 = B_SPLINE_CURVE_WITH_KNOTS ('', 1, (#4117, #4118), .UNSPECIFIED., .F., .U., (2, 2), (-0.282842712474006, 0.282842712473963), .UNSPECIFIED.);
#4120 = EDGE_CURVE ('', #4114, #4116, #4119, .T.);
#4121 = ORIENTED_EDGE ('', *, *, #4120, .T.);
#4122 = CARTESIAN_POINT ('', (77.6553300858895, 108.219669914109, -2.24999999999889));
#4123 = CARTESIAN_POINT ('', (77.8749999999997, 108.439339828219, -2.24999999999885));
#4124 = CARTESIAN_POINT ('', (77.8749999999997, 108.749999999999, -2.24999999999878));
#4125 = (
   BOUNDED_CURVE ()
   B_SPLINE_CURVE (2, (#4122, #4123, #4124), .UNSPECIFIED., .F., .U.)
   B_SPLINE_CURVE_WITH_KNOTS ((3, 3), (-1.09801057135428E-13, 0.785398163397451), .UNSPECIFIED.)
   CURVE ()
   GEOMETRIC_REPRESENTATION_ITEM ()
   RATIONAL_B_SPLINE_CURVE ((0.85355339059328, 0.853553390593256, 1.))
   REPRESENTATION_ITEM ('')
);
#4126 = EDGE_CURVE ('', #4116, #4066, #4125, .T.);
#4127 = ORIENTED_EDGE ('', *, *, #4126, .T.);
#4128 = ORIENTED_EDGE ('', *, *, #4090, .T.);
#4129 = CARTESIAN_POINT ('', (77.6249999999998, 108.749999999999, -2.00000000000058));
#4130 = CARTESIAN_POINT ('', (77.6249999999997, 108.542893218812, -2.00000000000063));
#4131 = CARTESIAN_POINT ('', (77.478553390593, 108.396446609405, -2.00000000000065));
#4132 = (
   BOUNDED_CURVE ()
   B_SPLINE_CURVE (2, (#4129, #4130, #4131), .UNSPECIFIED., .F., .U.)
   B_SPLINE_CURVE_WITH_KNOTS ((3, 3), (-0.785398163397451, -7.32747196252603E-15), .UNSPECIFIED.)
   CURVE ()
   GEOMETRIC_REPRESENTATION_ITEM ()
   RATIONAL_B_SPLINE_CURVE ((1., 0.853553390593278, 0.853553390593281))
   REPRESENTATION_ITEM ('')
);
#4133 = EDGE_CURVE ('', #4086, #4114, #4132, .T.);
#4134 = ORIENTED_EDGE ('', *, *, #4133, .T.);
#4135 = EDGE_LOOP ('', (#4121, #4127, #4128, #4134));
#4136 = FACE_OUTER_BOUND ('', #4135, .T.);
#4137 = CARTESIAN_POINT ('', (77.4785533905929, 108.396446609406, -2.00000000000046));
#4138 = CARTESIAN_POINT ('', (77.6249999999995, 108.542893218812, -2.00000000000044));
#4139 = CARTESIAN_POINT ('', (77.6249999999996, 108.749999999999, -2.00000000000039));
#4140 = CARTESIAN_POINT ('', (77.6553300858897, 108.219669914109, -2.24999999999906));
#4141 = CARTESIAN_POINT ('', (77.8749999999998, 108.439339828219, -2.24999999999902));
#4142 = CARTESIAN_POINT ('', (77.8749999999999, 108.749999999999, -2.24999999999895));
#4143 = (
   BOUNDED_SURFACE ()
   B_SPLINE_SURFACE (1, 2, ((#4137, #4138, #4139), (#4140, #4141, #4142)), .UNSPECIFIED., .F., .F., .U.)
   B_SPLINE_SURFACE_WITH_KNOTS ((2, 2), (3, 3), (-0.282842712474006, 0.282842712473963), (0.196349540849354, 0.245436926061692), .UNSPECIFIED.)
   GEOMETRIC_REPRESENTATION_ITEM ()
   RATIONAL_B_SPLINE_SURFACE (((1., 0.853553390593274, 0.853553390593274), (1., 0.853553390593274, 0.853553390593274)))
   REPRESENTATION_ITEM ('')
   SURFACE ()
);
#4144 = ADVANCED_FACE ('', (#4136), #4143, .T.);
#4145 = CARTESIAN_POINT ('', (77.1249999999998, 108., -4.25000000000053));
#4146 = VERTEX_POINT ('', #4145);
#4147 = CARTESIAN_POINT ('', (77.1249999999996, 107.999999999999, -4.25000000000053));
#4148 = CARTESIAN_POINT ('', (77.1360485434556, 107.999999999999, -4.25000000000053));
#4149 = CARTESIAN_POINT ('', (77.158348162585, 108.00048840525, -4.25000000000053));
#4150 = CARTESIAN_POINT ('', (77.1923197144356, 108.002764451444, -4.25000000000052));
#4151 = CARTESIAN_POINT ('', (77.2267179502096, 108.00665670021, -4.25000000000052));
#4152 = CARTESIAN_POINT ('', (77.2614377477197, 108.012231026705, -4.25000000000052));
#4153 = CARTESIAN_POINT ('', (77.2963647947637, 108.01954503509, -4.25000000000051));
#4154 = CARTESIAN_POINT ('', (77.3313763040518, 108.028646678239, -4.25000000000051));
#4155 = CARTESIAN_POINT ('', (77.3663419558305, 108.039572940108, -4.25000000000051));
#4156 = CARTESIAN_POINT ('', (77.4011250663422, 108.052348616537, -4.2500000000005));
#4157 = CARTESIAN_POINT ('', (77.4355839718264, 108.066985238959, -4.2500000000005));
#4158 = CARTESIAN_POINT ('', (77.4695736087564, 108.083480182718, -4.2500000000005));
#4159 = CARTESIAN_POINT ('', (77.5029472618972, 108.101815999431, -4.2500000000005));
#4160 = CARTESIAN_POINT ('', (77.5355584430881, 108.121960007689, -4.25000000000049));
#4161 = CARTESIAN_POINT ('', (77.5672628559806, 108.143864169325, -4.25000000000049));
#4162 = CARTESIAN_POINT ('', (77.5979203958394, 108.167465269517, -4.25000000000049));
#4163 = CARTESIAN_POINT ('', (77.6273971294558, 108.192685408516, -4.25000000000049));
#4164 = CARTESIAN_POINT ('', (77.6555671985995, 108.219432801399, -4.25000000000049));
#4165 = CARTESIAN_POINT ('', (77.682314591483, 108.247602870543, -4.25000000000049));
#4166 = CARTESIAN_POINT ('', (77.7075347304818, 108.277079604159, -4.25000000000049));
#4167 = CARTESIAN_POINT ('', (77.731135830674, 108.307737144018, -4.25000000000049));
#4168 = CARTESIAN_POINT ('', (77.7530399923099, 108.339441556911, -4.25000000000048));
#4169 = CARTESIAN_POINT ('', (77.7731840005675, 108.372052738102, -4.25000000000049));
#4170 = CARTESIAN_POINT ('', (77.7915198172809, 108.405426391242, -4.25000000000049));
#4171 = CARTESIAN_POINT ('', (77.80801476104, 108.439416028172, -4.25000000000049));
#4172 = CARTESIAN_POINT ('', (77.8226513834619, 108.473874933657, -4.25000000000049));
#4173 = CARTESIAN_POINT ('', (77.8354270598908, 108.508658044168, -4.25000000000049));
#4174 = CARTESIAN_POINT ('', (77.8463533217598, 108.543623695947, -4.25000000000049));
#4175 = CARTESIAN_POINT ('', (77.8554549649091, 108.578635205235, -4.25000000000049));
#4176 = CARTESIAN_POINT ('', (77.8627689732934, 108.613562252279, -4.25000000000049));
#4177 = CARTESIAN_POINT ('', (77.8683432997891, 108.648282049789, -4.2500000000005));
#4178 = CARTESIAN_POINT ('', (77.8722355485545, 108.682680285563, -4.2500000000005));
#4179 = CARTESIAN_POINT ('', (77.8745115947483, 108.716651837414, -4.2500000000005));
#4180 = CARTESIAN_POINT ('', (77.8749999999995, 108.738951456543, -4.2500000000005));
#4181 = CARTESIAN_POINT ('', (77.8749999999995, 108.749999999999, -4.2500000000005));
#4182 = B_SPLINE_CURVE_WITH_KNOTS ('', 3, (#4147, #4148, #4149, #4150, #4151, #4152, #4153, #4154, #4155, #4156, #4157, #4158, #4159, #4160, #4161, #4162, #4163, #4164, #4165, #4166, #4167, #4168, #4169, #4170, #4171, #4172, #4173, #4174, #4175, #4176, #4177, #4178, #4179, #4180, #4181), .UNSPECIFIED., .F., .U., (4, 1, 1, 1, 1, 1, 1, 1, 1, 1, 1, 1, 1, 1, 1, 1, 1, 1, 1, 1, 1, 1, 1, 1, 1, 1, 1, 1, 1, 1, 1, 1, 4), (15., 15.03125, 15.0625, 15.09375, 15.125, 15.15625, 15.1875, 15.21875, 15.25, 15.28125, 15.3125, 15.34375, 15.375, 15.40625, 15.4375, 15.46875, 15.5, 15.53125, 15.5625, 15.59375, 15.625, 15.65625, 15.6875, 15.71875, 15.75, 15.78125, 15.8125, 15.84375, 15.875, 15.90625, 15.9375, 15.96875, 16.), .UNSPECIFIED.);
#4183 = EDGE_CURVE ('', #4146, #4039, #4182, .T.);
#4184 = ORIENTED_EDGE ('', *, *, #4183, .T.);
#4185 = ORIENTED_EDGE ('', *, *, #4043, .T.);
#4186 = CARTESIAN_POINT ('', (77.1249999999999, 108., -3.00000000000053));
#4187 = VERTEX_POINT ('', #4186);
#4188 = CARTESIAN_POINT ('', (77.1249999999997, 107.999999999999, -3.00000000000054));
#4189 = CARTESIAN_POINT ('', (77.1360485434557, 107.999999999999, -3.00000000000054));
#4190 = CARTESIAN_POINT ('', (77.158348162585, 108.00048840525, -3.00000000000053));
#4191 = CARTESIAN_POINT ('', (77.1923197144357, 108.002764451444, -3.00000000000053));
#4192 = CARTESIAN_POINT ('', (77.2267179502097, 108.006656700209, -3.00000000000053));
#4193 = CARTESIAN_POINT ('', (77.2614377477198, 108.012231026705, -3.00000000000052));
#4194 = CARTESIAN_POINT ('', (77.2963647947638, 108.019545035089, -3.00000000000052));
#4195 = CARTESIAN_POINT ('', (77.3313763040519, 108.028646678239, -3.00000000000052));
#4196 = CARTESIAN_POINT ('', (77.3663419558306, 108.039572940108, -3.00000000000051));
#4197 = CARTESIAN_POINT ('', (77.4011250663423, 108.052348616537, -3.00000000000051));
#4198 = CARTESIAN_POINT ('', (77.4355839718265, 108.066985238959, -3.00000000000051));
#4199 = CARTESIAN_POINT ('', (77.4695736087565, 108.083480182718, -3.0000000000005));
#4200 = CARTESIAN_POINT ('', (77.5029472618973, 108.101815999431, -3.0000000000005));
#4201 = CARTESIAN_POINT ('', (77.5355584430882, 108.121960007689, -3.0000000000005));
#4202 = CARTESIAN_POINT ('', (77.5672628559807, 108.143864169324, -3.0000000000005));
#4203 = CARTESIAN_POINT ('', (77.5979203958394, 108.167465269517, -3.0000000000005));
#4204 = CARTESIAN_POINT ('', (77.6273971294559, 108.192685408515, -3.00000000000049));
#4205 = CARTESIAN_POINT ('', (77.6555671985996, 108.219432801399, -3.00000000000049));
#4206 = CARTESIAN_POINT ('', (77.6823145914831, 108.247602870543, -3.00000000000049));
#4207 = CARTESIAN_POINT ('', (77.7075347304819, 108.277079604159, -3.00000000000049));
#4208 = CARTESIAN_POINT ('', (77.7311358306741, 108.307737144018, -3.00000000000049));
#4209 = CARTESIAN_POINT ('', (77.75303999231, 108.33944155691, -3.00000000000049));
#4210 = CARTESIAN_POINT ('', (77.7731840005676, 108.372052738101, -3.00000000000049));
#4211 = CARTESIAN_POINT ('', (77.791519817281, 108.405426391242, -3.00000000000049));
#4212 = CARTESIAN_POINT ('', (77.8080147610401, 108.439416028172, -3.00000000000049));
#4213 = CARTESIAN_POINT ('', (77.8226513834619, 108.473874933656, -3.00000000000049));
#4214 = CARTESIAN_POINT ('', (77.8354270598909, 108.508658044168, -3.00000000000049));
#4215 = CARTESIAN_POINT ('', (77.8463533217598, 108.543623695947, -3.0000000000005));
#4216 = CARTESIAN_POINT ('', (77.8554549649092, 108.578635205235, -3.0000000000005));
#4217 = CARTESIAN_POINT ('', (77.8627689732935, 108.613562252279, -3.0000000000005));
#4218 = CARTESIAN_POINT ('', (77.8683432997892, 108.648282049789, -3.0000000000005));
#4219 = CARTESIAN_POINT ('', (77.8722355485545, 108.682680285563, -3.0000000000005));
#4220 = CARTESIAN_POINT ('', (77.8745115947484, 108.716651837414, -3.0000000000005));
#4221 = CARTESIAN_POINT ('', (77.8749999999996, 108.738951456543, -3.00000000000051));
#4222 = CARTESIAN_POINT ('', (77.8749999999996, 108.749999999999, -3.00000000000051));
#4223 = B_SPLINE_CURVE_WITH_KNOTS ('', 3, (#4188, #4189, #4190, #4191, #4192, #4193, #4194, #4195, #4196, #4197, #4198, #4199, #4200, #4201, #4202, #4203, #4204, #4205, #4206, #4207, #4208, #4209, #4210, #4211, #4212, #4213, #4214, #4215, #4216, #4217, #4218, #4219, #4220, #4221, #4222), .UNSPECIFIED., .F., .U., (4, 1, 1, 1, 1, 1, 1, 1, 1, 1, 1, 1, 1, 1, 1, 1, 1, 1, 1, 1, 1, 1, 1, 1, 1, 1, 1, 1, 1, 1, 1, 1, 4), (15., 15.03125, 15.0625, 15.09375, 15.125, 15.15625, 15.1875, 15.21875, 15.25, 15.28125, 15.3125, 15.34375, 15.375, 15.40625, 15.4375, 15.46875, 15.5, 15.53125, 15.5625, 15.59375, 15.625, 15.65625, 15.6875, 15.71875, 15.75, 15.78125, 15.8125, 15.84375, 15.875, 15.90625, 15.9375, 15.96875, 16.), .UNSPECIFIED.);
#4224 = EDGE_CURVE ('', #4187, #4030, #4223, .T.);
#4225 = ORIENTED_EDGE ('', *, *, #4224, .F.);
#4226 = CARTESIAN_POINT ('', (77.1249999999996, 107.999999999999, -4.25000000000053));
#4227 = CARTESIAN_POINT ('', (77.1249999999997, 107.999999999999, -3.00000000000054));
#4228 = B_SPLINE_CURVE_WITH_KNOTS ('', 1, (#4226, #4227), .UNSPECIFIED., .F., .U., (2, 2), (0., 1.), .UNSPECIFIED.);
#4229 = EDGE_CURVE ('', #4146, #4187, #4228, .T.);
#4230 = ORIENTED_EDGE ('', *, *, #4229, .F.);
#4231 = EDGE_LOOP ('', (#4184, #4185, #4225, #4230));
#4232 = FACE_OUTER_BOUND ('', #4231, .T.);
#4233 = CARTESIAN_POINT ('', (77.1249999999995, 107.999999999999, -4.25000000000052));
#4234 = CARTESIAN_POINT ('', (77.1249999999997, 107.999999999999, -3.00000000000038));
#4235 = CARTESIAN_POINT ('', (77.8749999999996, 107.999999999999, -4.25000000000059));
#4236 = CARTESIAN_POINT ('', (77.8749999999997, 107.999999999999, -3.00000000000045));
#4237 = CARTESIAN_POINT ('', (77.8749999999996, 108.749999999999, -4.25000000000065));
#4238 = CARTESIAN_POINT ('', (77.8749999999997, 108.749999999999, -3.00000000000051));
#4239 = (
   BOUNDED_SURFACE ()
   B_SPLINE_SURFACE (2, 1, ((#4233, #4234), (#4235, #4236), (#4237, #4238)), .UNSPECIFIED., .F., .F., .U.)
   B_SPLINE_SURFACE_WITH_KNOTS ((3, 3), (2, 2), (0., 0.11780972450962), (0., 0.125000000000014), .UNSPECIFIED.)
   GEOMETRIC_REPRESENTATION_ITEM ()
   RATIONAL_B_SPLINE_SURFACE (((1., 1.), (0.707106781186547, 0.707106781186547), (1., 1.)))
   REPRESENTATION_ITEM ('')
   SURFACE ()
);
#4240 = ADVANCED_FACE ('', (#4232), #4239, .T.);
#4241 = ORIENTED_EDGE ('', *, *, #4224, .T.);
#4242 = ORIENTED_EDGE ('', *, *, #4036, .T.);
#4243 = CARTESIAN_POINT ('', (77.125, 107.999999999999, -2.50000000000055));
#4244 = VERTEX_POINT ('', #4243);
#4245 = CARTESIAN_POINT ('', (77.1249999999997, 107.999999999999, -2.50000000000054));
#4246 = CARTESIAN_POINT ('', (77.1360485434557, 107.999999999999, -2.50000000000054));
#4247 = CARTESIAN_POINT ('', (77.1583481625851, 108.00048840525, -2.50000000000053));
#4248 = CARTESIAN_POINT ('', (77.1923197144358, 108.002764451444, -2.50000000000053));
#4249 = CARTESIAN_POINT ('', (77.2267179502098, 108.006656700209, -2.50000000000053));
#4250 = CARTESIAN_POINT ('', (77.2614377477198, 108.012231026705, -2.50000000000052));
#4251 = CARTESIAN_POINT ('', (77.2963647947639, 108.019545035089, -2.50000000000052));
#4252 = CARTESIAN_POINT ('', (77.331376304052, 108.028646678239, -2.50000000000052));
#4253 = CARTESIAN_POINT ('', (77.3663419558306, 108.039572940108, -2.50000000000051));
#4254 = CARTESIAN_POINT ('', (77.4011250663423, 108.052348616536, -2.50000000000051));
#4255 = CARTESIAN_POINT ('', (77.4355839718265, 108.066985238958, -2.50000000000051));
#4256 = CARTESIAN_POINT ('', (77.4695736087566, 108.083480182717, -2.50000000000051));
#4257 = CARTESIAN_POINT ('', (77.5029472618974, 108.101815999431, -2.5000000000005));
#4258 = CARTESIAN_POINT ('', (77.5355584430883, 108.121960007688, -2.5000000000005));
#4259 = CARTESIAN_POINT ('', (77.5672628559807, 108.143864169324, -2.5000000000005));
#4260 = CARTESIAN_POINT ('', (77.5979203958395, 108.167465269517, -2.5000000000005));
#4261 = CARTESIAN_POINT ('', (77.627397129456, 108.192685408515, -2.5000000000005));
#4262 = CARTESIAN_POINT ('', (77.6555671985996, 108.219432801399, -2.50000000000049));
#4263 = CARTESIAN_POINT ('', (77.6823145914831, 108.247602870543, -2.50000000000049));
#4264 = CARTESIAN_POINT ('', (77.7075347304819, 108.277079604159, -2.50000000000049));
#4265 = CARTESIAN_POINT ('', (77.7311358306742, 108.307737144018, -2.50000000000049));
#4266 = CARTESIAN_POINT ('', (77.7530399923101, 108.33944155691, -2.50000000000049));
#4267 = CARTESIAN_POINT ('', (77.7731840005676, 108.372052738101, -2.50000000000049));
#4268 = CARTESIAN_POINT ('', (77.7915198172811, 108.405426391242, -2.50000000000049));
#4269 = CARTESIAN_POINT ('', (77.8080147610401, 108.439416028172, -2.50000000000049));
#4270 = CARTESIAN_POINT ('', (77.822651383462, 108.473874933656, -2.50000000000049));
#4271 = CARTESIAN_POINT ('', (77.8354270598909, 108.508658044168, -2.5000000000005));
#4272 = CARTESIAN_POINT ('', (77.8463533217599, 108.543623695947, -2.5000000000005));
#4273 = CARTESIAN_POINT ('', (77.8554549649092, 108.578635205235, -2.5000000000005));
#4274 = CARTESIAN_POINT ('', (77.8627689732935, 108.613562252279, -2.5000000000005));
#4275 = CARTESIAN_POINT ('', (77.8683432997893, 108.648282049789, -2.5000000000005));
#4276 = CARTESIAN_POINT ('', (77.8722355485546, 108.682680285563, -2.5000000000005));
#4277 = CARTESIAN_POINT ('', (77.8745115947484, 108.716651837413, -2.50000000000051));
#4278 = CARTESIAN_POINT ('', (77.8749999999997, 108.738951456543, -2.50000000000051));
#4279 = CARTESIAN_POINT ('', (77.8749999999997, 108.749999999999, -2.50000000000051));
#4280 = B_SPLINE_CURVE_WITH_KNOTS ('', 3, (#4245, #4246, #4247, #4248, #4249, #4250, #4251, #4252, #4253, #4254, #4255, #4256, #4257, #4258, #4259, #4260, #4261, #4262, #4263, #4264, #4265, #4266, #4267, #4268, #4269, #4270, #4271, #4272, #4273, #4274, #4275, #4276, #4277, #4278, #4279), .UNSPECIFIED., .F., .U., (4, 1, 1, 1, 1, 1, 1, 1, 1, 1, 1, 1, 1, 1, 1, 1, 1, 1, 1, 1, 1, 1, 1, 1, 1, 1, 1, 1, 1, 1, 1, 1, 4), (15., 15.03125, 15.0625, 15.09375, 15.125, 15.15625, 15.1875, 15.21875, 15.25, 15.28125, 15.3125, 15.34375, 15.375, 15.40625, 15.4375, 15.46875, 15.5, 15.53125, 15.5625, 15.59375, 15.625, 15.65625, 15.6875, 15.71875, 15.75, 15.78125, 15.8125, 15.84375, 15.875, 15.90625, 15.9375, 15.96875, 16.), .UNSPECIFIED.);
#4281 = EDGE_CURVE ('', #4244, #4032, #4280, .T.);
#4282 = ORIENTED_EDGE ('', *, *, #4281, .F.);
#4283 = CARTESIAN_POINT ('', (77.1249999999997, 107.999999999999, -3.00000000000054));
#4284 = CARTESIAN_POINT ('', (77.1249999999997, 107.999999999999, -2.50000000000054));
#4285 = B_SPLINE_CURVE_WITH_KNOTS ('', 1, (#4283, #4284), .UNSPECIFIED., .F., .U., (2, 2), (0., 1.), .UNSPECIFIED.);
#4286 = EDGE_CURVE ('', #4187, #4244, #4285, .T.);
#4287 = ORIENTED_EDGE ('', *, *, #4286, .F.);
#4288 = EDGE_LOOP ('', (#4241, #4242, #4282, #4287));
#4289 = FACE_OUTER_BOUND ('', #4288, .T.);
#4290 = CARTESIAN_POINT ('', (77.1249999999996, 107.999999999999, -3.00000000000054));
#4291 = CARTESIAN_POINT ('', (77.1249999999997, 107.999999999999, -2.50000000000036));
#4292 = CARTESIAN_POINT ('', (77.8749999999996, 107.999999999999, -3.00000000000063));
#4293 = CARTESIAN_POINT ('', (77.8749999999997, 107.999999999999, -2.50000000000046));
#4294 = CARTESIAN_POINT ('', (77.8749999999996, 108.749999999999, -3.00000000000068));
#4295 = CARTESIAN_POINT ('', (77.8749999999997, 108.749999999999, -2.50000000000051));
#4296 = (
   BOUNDED_SURFACE ()
   B_SPLINE_SURFACE (2, 1, ((#4290, #4291), (#4292, #4293), (#4294, #4295)), .UNSPECIFIED., .F., .F., .U.)
   B_SPLINE_SURFACE_WITH_KNOTS ((3, 3), (2, 2), (0., 0.117809724509616), (6.45317133063372E-16, 0.0500000000000182), .UNSPECIFIED.)
   GEOMETRIC_REPRESENTATION_ITEM ()
   RATIONAL_B_SPLINE_SURFACE (((1., 1.), (0.707106781186547, 0.707106781186547), (1., 1.)))
   REPRESENTATION_ITEM ('')
   SURFACE ()
);
#4297 = ADVANCED_FACE ('', (#4289), #4296, .T.);
#4298 = ORIENTED_EDGE ('', *, *, #4281, .T.);
#4299 = ORIENTED_EDGE ('', *, *, #4075, .T.);
#4300 = ORIENTED_EDGE ('', *, *, #4126, .F.);
#4301 = CARTESIAN_POINT ('', (77.1249999999997, 107.999999999999, -2.2499999999989));
#4302 = VERTEX_POINT ('', #4301);
#4303 = CARTESIAN_POINT ('', (77.1249999999997, 107.999999999999, -2.2499999999989));
#4304 = CARTESIAN_POINT ('', (77.4356601717794, 107.999999999999, -2.24999999999892));
#4305 = CARTESIAN_POINT ('', (77.6553300858895, 108.219669914109, -2.24999999999889));
#4306 = (
   BOUNDED_CURVE ()
   B_SPLINE_CURVE (2, (#4303, #4304, #4305), .UNSPECIFIED., .F., .U.)
   B_SPLINE_CURVE_WITH_KNOTS ((3, 3), (-0.78539816339741, -1.09801057135428E-13), .UNSPECIFIED.)
   CURVE ()
   GEOMETRIC_REPRESENTATION_ITEM ()
   RATIONAL_B_SPLINE_CURVE ((1., 0.853553390593304, 0.85355339059328))
   REPRESENTATION_ITEM ('')
);
#4307 = EDGE_CURVE ('', #4302, #4116, #4306, .T.);
#4308 = ORIENTED_EDGE ('', *, *, #4307, .F.);
#4309 = CARTESIAN_POINT ('', (77.1249999999997, 107.999999999999, -2.50000000000054));
#4310 = CARTESIAN_POINT ('', (77.1249999999997, 107.999999999999, -2.25000000000083));
#4311 = B_SPLINE_CURVE_WITH_KNOTS ('', 1, (#4309, #4310), .UNSPECIFIED., .F., .U., (2, 2), (0., 0.499999999999425), .UNSPECIFIED.);
#4312 = EDGE_CURVE ('', #4244, #4302, #4311, .T.);
#4313 = ORIENTED_EDGE ('', *, *, #4312, .F.);
#4314 = EDGE_LOOP ('', (#4298, #4299, #4300, #4308, #4313));
#4315 = FACE_OUTER_BOUND ('', #4314, .T.);
#4316 = CARTESIAN_POINT ('', (77.1249999999997, 107.999999999999, -2.50000000000054));
#4317 = CARTESIAN_POINT ('', (77.1249999999997, 107.999999999999, -2.24999999999867));
#4318 = CARTESIAN_POINT ('', (77.8749999999996, 107.999999999999, -2.50000000000059));
#4319 = CARTESIAN_POINT ('', (77.8749999999997, 107.999999999999, -2.24999999999872));
#4320 = CARTESIAN_POINT ('', (77.8749999999997, 108.749999999999, -2.50000000000065));
#4321 = CARTESIAN_POINT ('', (77.8749999999997, 108.749999999999, -2.24999999999878));
#4322 = (
   BOUNDED_SURFACE ()
   B_SPLINE_SURFACE (2, 1, ((#4316, #4317), (#4318, #4319), (#4320, #4321)), .UNSPECIFIED., .F., .F., .U.)
   B_SPLINE_SURFACE_WITH_KNOTS ((3, 3), (2, 2), (0., 0.117809724509609), (0., 0.0250000000001867), .UNSPECIFIED.)
   GEOMETRIC_REPRESENTATION_ITEM ()
   RATIONAL_B_SPLINE_SURFACE (((1., 1.), (0.707106781186547, 0.707106781186547), (1., 1.)))
   REPRESENTATION_ITEM ('')
   SURFACE ()
);
#4323 = ADVANCED_FACE ('', (#4315), #4322, .T.);
#4324 = ORIENTED_EDGE ('', *, *, #4012, .T.);
#4325 = ORIENTED_EDGE ('', *, *, #3661, .T.);
#4326 = CARTESIAN_POINT ('', (77.8749999999997, 110.249999999999, -2.50000000000018));
#4327 = CARTESIAN_POINT ('', (77.8749999999997, 110.261048543455, -2.50000000000018));
#4328 = CARTESIAN_POINT ('', (77.8745115947485, 110.283348162584, -2.50000000000017));
#4329 = CARTESIAN_POINT ('', (77.8722355485546, 110.317319714435, -2.50000000000015));
#4330 = CARTESIAN_POINT ('', (77.8683432997893, 110.351717950209, -2.50000000000014));
#4331 = CARTESIAN_POINT ('', (77.8627689732936, 110.386437747719, -2.50000000000013));
#4332 = CARTESIAN_POINT ('', (77.8554549649093, 110.421364794763, -2.50000000000012));
#4333 = CARTESIAN_POINT ('', (77.8463533217599, 110.456376304051, -2.50000000000011));
#4334 = CARTESIAN_POINT ('', (77.835427059891, 110.49134195583, -2.50000000000011));
#4335 = CARTESIAN_POINT ('', (77.822651383462, 110.526125066341, -2.5000000000001));
#4336 = CARTESIAN_POINT ('', (77.8080147610401, 110.560583971826, -2.5000000000001));
#4337 = CARTESIAN_POINT ('', (77.7915198172811, 110.594573608756, -2.50000000000009));
#4338 = CARTESIAN_POINT ('', (77.7731840005676, 110.627947261896, -2.50000000000009));
#4339 = CARTESIAN_POINT ('', (77.7530399923101, 110.660558443087, -2.5000000000001));
#4340 = CARTESIAN_POINT ('', (77.7311358306742, 110.69226285598, -2.5000000000001));
#4341 = CARTESIAN_POINT ('', (77.7075347304819, 110.722920395839, -2.5000000000001));
#4342 = CARTESIAN_POINT ('', (77.6823145914831, 110.752397129455, -2.50000000000011));
#4343 = CARTESIAN_POINT ('', (77.6555671985996, 110.780567198599, -2.50000000000012));
#4344 = CARTESIAN_POINT ('', (77.627397129456, 110.807314591482, -2.50000000000013));
#4345 = CARTESIAN_POINT ('', (77.5979203958395, 110.832534730481, -2.50000000000014));
#4346 = CARTESIAN_POINT ('', (77.5672628559808, 110.856135830673, -2.50000000000016));
#4347 = CARTESIAN_POINT ('', (77.5355584430883, 110.878039992309, -2.50000000000017));
#4348 = CARTESIAN_POINT ('', (77.5029472618974, 110.898184000567, -2.50000000000019));
#4349 = CARTESIAN_POINT ('', (77.4695736087566, 110.91651981728, -2.50000000000021));
#4350 = CARTESIAN_POINT ('', (77.4355839718265, 110.933014761039, -2.50000000000023));
#4351 = CARTESIAN_POINT ('', (77.4011250663424, 110.947651383461, -2.50000000000025));
#4352 = CARTESIAN_POINT ('', (77.3663419558307, 110.96042705989, -2.50000000000027));
#4353 = CARTESIAN_POINT ('', (77.331376304052, 110.971353321759, -2.5000000000003));
#4354 = CARTESIAN_POINT ('', (77.2963647947639, 110.980454964908, -2.50000000000032));
#4355 = CARTESIAN_POINT ('', (77.2614377477198, 110.987768973293, -2.50000000000035));
#4356 = CARTESIAN_POINT ('', (77.2267179502098, 110.993343299788, -2.50000000000037));
#4357 = CARTESIAN_POINT ('', (77.1923197144358, 110.997235548554, -2.5000000000004));
#4358 = CARTESIAN_POINT ('', (77.1583481625851, 110.999511594748, -2.50000000000043));
#4359 = CARTESIAN_POINT ('', (77.1360485434557, 110.999999999999, -2.50000000000044));
#4360 = CARTESIAN_POINT ('', (77.1249999999997, 110.999999999999, -2.50000000000045));
#4361 = B_SPLINE_CURVE_WITH_KNOTS ('', 3, (#4326, #4327, #4328, #4329, #4330, #4331, #4332, #4333, #4334, #4335, #4336, #4337, #4338, #4339, #4340, #4341, #4342, #4343, #4344, #4345, #4346, #4347, #4348, #4349, #4350, #4351, #4352, #4353, #4354, #4355, #4356, #4357, #4358, #4359, #4360), .UNSPECIFIED., .F., .U., (4, 1, 1, 1, 1, 1, 1, 1, 1, 1, 1, 1, 1, 1, 1, 1, 1, 1, 1, 1, 1, 1, 1, 1, 1, 1, 1, 1, 1, 1, 1, 1, 4), (9., 9.03125, 9.0625, 9.09375, 9.125, 9.15625, 9.1875, 9.21875, 9.25, 9.28125, 9.3125, 9.34375, 9.375, 9.40625, 9.4375, 9.46875, 9.5, 9.53125, 9.5625, 9.59375, 9.625, 9.65625, 9.6875, 9.71875, 9.75, 9.78125, 9.8125, 9.84375, 9.875, 9.90625, 9.9375, 9.96875, 10.), .UNSPECIFIED.);
#4362 = EDGE_CURVE ('', #4052, #3657, #4361, .T.);
#4363 = ORIENTED_EDGE ('', *, *, #4362, .F.);
#4364 = ORIENTED_EDGE ('', *, *, #4056, .F.);
#4365 = EDGE_LOOP ('', (#4324, #4325, #4363, #4364));
#4366 = FACE_OUTER_BOUND ('', #4365, .T.);
#4367 = CARTESIAN_POINT ('', (77.8749999999997, 110.249999999999, -3.00000000000018));
#4368 = CARTESIAN_POINT ('', (77.8749999999993, 110.249999999999, -2.5));
#4369 = CARTESIAN_POINT ('', (77.8749999999997, 110.999999999999, -3.00000000000003));
#4370 = CARTESIAN_POINT ('', (77.8749999999993, 110.999999999999, -2.49999999999984));
#4371 = CARTESIAN_POINT ('', (77.1249999999998, 110.999999999999, -3.00000000000064));
#4372 = CARTESIAN_POINT ('', (77.1249999999994, 110.999999999999, -2.50000000000045));
#4373 = (
   BOUNDED_SURFACE ()
   B_SPLINE_SURFACE (2, 1, ((#4367, #4368), (#4369, #4370), (#4371, #4372)), .UNSPECIFIED., .F., .F., .U.)
   B_SPLINE_SURFACE_WITH_KNOTS ((3, 3), (2, 2), (0., 0.117809724509602), (0., 0.0500000000000184), .UNSPECIFIED.)
   GEOMETRIC_REPRESENTATION_ITEM ()
   RATIONAL_B_SPLINE_SURFACE (((1., 1.), (0.707106781186547, 0.707106781186547), (1., 1.)))
   REPRESENTATION_ITEM ('')
   SURFACE ()
);
#4374 = ADVANCED_FACE ('', (#4366), #4373, .T.);
#4375 = ORIENTED_EDGE ('', *, *, #4362, .T.);
#4376 = ORIENTED_EDGE ('', *, *, #3728, .T.);
#4377 = CARTESIAN_POINT ('', (77.6553300858896, 110.780330085888, -2.24999999999529));
#4378 = VERTEX_POINT ('', #4377);
#4379 = CARTESIAN_POINT ('', (77.6553300858896, 110.780330085888, -2.24999999999529));
#4380 = CARTESIAN_POINT ('', (77.4356601717795, 110.999999999999, -2.24999999999523));
#4381 = CARTESIAN_POINT ('', (77.1249999999997, 110.999999999999, -2.2499999999952));
#4382 = (
   BOUNDED_CURVE ()
   B_SPLINE_CURVE (2, (#4379, #4380, #4381), .UNSPECIFIED., .F., .U.)
   B_SPLINE_CURVE_WITH_KNOTS ((3, 3), (-9.05941988094128E-14, 0.785398163397442), .UNSPECIFIED.)
   CURVE ()
   GEOMETRIC_REPRESENTATION_ITEM ()
   RATIONAL_B_SPLINE_CURVE ((0.853553390593298, 0.85355339059327, 1.))
   REPRESENTATION_ITEM ('')
);
#4383 = EDGE_CURVE ('', #4378, #3635, #4382, .T.);
#4384 = ORIENTED_EDGE ('', *, *, #4383, .F.);
#4385 = CARTESIAN_POINT ('', (77.8749999999995, 110.249999999999, -2.24999999999543));
#4386 = CARTESIAN_POINT ('', (77.8749999999995, 110.560660171778, -2.24999999999536));
#4387 = CARTESIAN_POINT ('', (77.6553300858896, 110.780330085888, -2.24999999999529));
#4388 = (
   BOUNDED_CURVE ()
   B_SPLINE_CURVE (2, (#4385, #4386, #4387), .UNSPECIFIED., .F., .U.)
   B_SPLINE_CURVE_WITH_KNOTS ((3, 3), (-0.785398163397319, -9.05941988094128E-14), .UNSPECIFIED.)
   CURVE ()
   GEOMETRIC_REPRESENTATION_ITEM ()
   RATIONAL_B_SPLINE_CURVE ((1., 0.853553390593326, 0.853553390593298))
   REPRESENTATION_ITEM ('')
);
#4389 = EDGE_CURVE ('', #4059, #4378, #4388, .T.);
#4390 = ORIENTED_EDGE ('', *, *, #4389, .F.);
#4391 = ORIENTED_EDGE ('', *, *, #4063, .F.);
#4392 = EDGE_LOOP ('', (#4375, #4376, #4384, #4390, #4391));
#4393 = FACE_OUTER_BOUND ('', #4392, .T.);
#4394 = CARTESIAN_POINT ('', (77.8749999999997, 110.249999999999, -2.50000000000017));
#4395 = CARTESIAN_POINT ('', (77.8749999999995, 110.249999999999, -2.24999999999458));
#4396 = CARTESIAN_POINT ('', (77.8749999999997, 110.999999999999, -2.5));
#4397 = CARTESIAN_POINT ('', (77.8749999999995, 110.999999999999, -2.24999999999441));
#4398 = CARTESIAN_POINT ('', (77.1249999999998, 110.999999999999, -2.50000000000062));
#4399 = CARTESIAN_POINT ('', (77.1249999999996, 110.999999999999, -2.24999999999503));
#4400 = (
   BOUNDED_SURFACE ()
   B_SPLINE_SURFACE (2, 1, ((#4394, #4395), (#4396, #4397), (#4398, #4399)), .UNSPECIFIED., .F., .F., .U.)
   B_SPLINE_SURFACE_WITH_KNOTS ((3, 3), (2, 2), (0., 0.1178097245096), (0., 0.0250000000005589), .UNSPECIFIED.)
   GEOMETRIC_REPRESENTATION_ITEM ()
   RATIONAL_B_SPLINE_SURFACE (((1., 1.), (0.707106781186547, 0.707106781186547), (1., 1.)))
   REPRESENTATION_ITEM ('')
   SURFACE ()
);
#4401 = ADVANCED_FACE ('', (#4393), #4400, .T.);
#4402 = CARTESIAN_POINT ('', (77.478553390593, 110.603553390592, -2.00000000000014));
#4403 = VERTEX_POINT ('', #4402);
#4404 = CARTESIAN_POINT ('', (77.4785533905929, 110.603553390592, -1.99999999999997));
#4405 = CARTESIAN_POINT ('', (77.6553300858931, 110.780330085892, -2.25000000000028));
#4406 = B_SPLINE_CURVE_WITH_KNOTS ('', 1, (#4404, #4405), .UNSPECIFIED., .F., .U., (2, 2), (-0.282842712472205, 0.28284271248309), .UNSPECIFIED.);
#4407 = EDGE_CURVE ('', #4403, #4378, #4406, .T.);
#4408 = ORIENTED_EDGE ('', *, *, #4407, .T.);
#4409 = ORIENTED_EDGE ('', *, *, #4383, .T.);
#4410 = ORIENTED_EDGE ('', *, *, #3639, .F.);
#4411 = CARTESIAN_POINT ('', (77.1249999999997, 110.749999999999, -2.00000000000008));
#4412 = CARTESIAN_POINT ('', (77.3321067811863, 110.749999999999, -2.0000000000001));
#4413 = CARTESIAN_POINT ('', (77.478553390593, 110.603553390592, -2.00000000000014));
#4414 = (
   BOUNDED_CURVE ()
   B_SPLINE_CURVE (2, (#4411, #4412, #4413), .UNSPECIFIED., .F., .U.)
   B_SPLINE_CURVE_WITH_KNOTS ((3, 3), (-0.7853981633974, -2.35367281220533E-14), .UNSPECIFIED.)
   CURVE ()
   GEOMETRIC_REPRESENTATION_ITEM ()
   RATIONAL_B_SPLINE_CURVE ((1., 0.853553390593302, 0.853553390593305))
   REPRESENTATION_ITEM ('')
);
#4415 = EDGE_CURVE ('', #3628, #4403, #4414, .T.);
#4416 = ORIENTED_EDGE ('', *, *, #4415, .T.);
#4417 = EDGE_LOOP ('', (#4408, #4409, #4410, #4416));
#4418 = FACE_OUTER_BOUND ('', #4417, .T.);
#4419 = CARTESIAN_POINT ('', (77.4785533905929, 110.603553390592, -1.99999999999997));
#4420 = CARTESIAN_POINT ('', (77.3321067811862, 110.749999999999, -1.99999999999993));
#4421 = CARTESIAN_POINT ('', (77.1249999999997, 110.749999999999, -1.99999999999991));
#4422 = CARTESIAN_POINT ('', (77.6553300858931, 110.780330085892, -2.25000000000028));
#4423 = CARTESIAN_POINT ('', (77.4356601717816, 111.000000000004, -2.25000000000021));
#4424 = CARTESIAN_POINT ('', (77.1249999999997, 111.000000000004, -2.25000000000019));
#4425 = (
   BOUNDED_SURFACE ()
   B_SPLINE_SURFACE (1, 2, ((#4419, #4420, #4421), (#4422, #4423, #4424)), .UNSPECIFIED., .F., .F., .U.)
   B_SPLINE_SURFACE_WITH_KNOTS ((2, 2), (3, 3), (-0.282842712472205, 0.28284271248309), (0.196349540849354, 0.245436926061692), .UNSPECIFIED.)
   GEOMETRIC_REPRESENTATION_ITEM ()
   RATIONAL_B_SPLINE_SURFACE (((1., 0.853553390593274, 0.853553390593274), (1., 0.853553390593274, 0.853553390593274)))
   REPRESENTATION_ITEM ('')
   SURFACE ()
);
#4426 = ADVANCED_FACE ('', (#4418), #4425, .T.);
#4427 = ORIENTED_EDGE ('', *, *, #3821, .T.);
#4428 = CARTESIAN_POINT ('', (74.6249999999998, 110.249999999999, -2.49999999999959));
#4429 = CARTESIAN_POINT ('', (74.6249999999999, 110.249999999999, -2.24999999999762));
#4430 = B_SPLINE_CURVE_WITH_KNOTS ('', 1, (#4428, #4429), .UNSPECIFIED., .F., .U., (2, 2), (0., 0.500000000003925), .UNSPECIFIED.);
#4431 = EDGE_CURVE ('', #3779, #3567, #4430, .T.);
#4432 = ORIENTED_EDGE ('', *, *, #4431, .T.);
#4433 = ORIENTED_EDGE ('', *, *, #3599, .F.);
#4434 = CARTESIAN_POINT ('', (75.3749999999998, 110.999999999999, -2.24999999999751));
#4435 = CARTESIAN_POINT ('', (75.0643398282199, 110.999999999999, -2.24999999999748));
#4436 = CARTESIAN_POINT ('', (74.8446699141098, 110.780330085889, -2.24999999999752));
#4437 = (
   BOUNDED_CURVE ()
   B_SPLINE_CURVE (2, (#4434, #4435, #4436), .UNSPECIFIED., .F., .U.)
   B_SPLINE_CURVE_WITH_KNOTS ((3, 3), (-0.785398163397605, 7.68274333040608E-14), .UNSPECIFIED.)
   CURVE ()
   GEOMETRIC_REPRESENTATION_ITEM ()
   RATIONAL_B_SPLINE_CURVE ((1., 0.853553390593205, 0.853553390593219))
   REPRESENTATION_ITEM ('')
);
#4438 = EDGE_CURVE ('', #3619, #3589, #4437, .T.);
#4439 = ORIENTED_EDGE ('', *, *, #4438, .F.);
#4440 = ORIENTED_EDGE ('', *, *, #3722, .F.);
#4441 = EDGE_LOOP ('', (#4427, #4432, #4433, #4439, #4440));
#4442 = FACE_OUTER_BOUND ('', #4441, .T.);
#4443 = CARTESIAN_POINT ('', (75.3749999999998, 110.999999999999, -2.49999999999979));
#4444 = CARTESIAN_POINT ('', (75.3749999999998, 110.999999999999, -2.24999999999751));
#4445 = CARTESIAN_POINT ('', (74.6249999999998, 110.999999999999, -2.49999999999975));
#4446 = CARTESIAN_POINT ('', (74.6249999999999, 110.999999999999, -2.24999999999747));
#4447 = CARTESIAN_POINT ('', (74.6249999999998, 110.249999999999, -2.49999999999953));
#4448 = CARTESIAN_POINT ('', (74.6249999999998, 110.249999999999, -2.24999999999725));
#4449 = (
   BOUNDED_SURFACE ()
   B_SPLINE_SURFACE (2, 1, ((#4443, #4444), (#4445, #4446), (#4447, #4448)), .UNSPECIFIED., .F., .F., .U.)
   B_SPLINE_SURFACE_WITH_KNOTS ((3, 3), (2, 2), (0., 0.117809724509606), (0., 0.0250000000002282), .UNSPECIFIED.)
   GEOMETRIC_REPRESENTATION_ITEM ()
   RATIONAL_B_SPLINE_SURFACE (((1., 1.), (0.707106781186547, 0.707106781186547), (1., 1.)))
   REPRESENTATION_ITEM ('')
   SURFACE ()
);
#4450 = ADVANCED_FACE ('', (#4442), #4449, .T.);
#4451 = ORIENTED_EDGE ('', *, *, #3632, .F.);
#4452 = CARTESIAN_POINT ('', (75.0214466094066, 110.603553390592, -1.99999999999996));
#4453 = CARTESIAN_POINT ('', (75.1678932188133, 110.749999999999, -1.99999999999993));
#4454 = CARTESIAN_POINT ('', (75.3749999999998, 110.749999999999, -1.99999999999995));
#4455 = (
   BOUNDED_CURVE ()
   B_SPLINE_CURVE (2, (#4452, #4453, #4454), .UNSPECIFIED., .F., .U.)
   B_SPLINE_CURVE_WITH_KNOTS ((3, 3), (1.11133324764978E-13, 0.785398163397605), .UNSPECIFIED.)
   CURVE ()
   GEOMETRIC_REPRESENTATION_ITEM ()
   RATIONAL_B_SPLINE_CURVE ((0.853553390593185, 0.853553390593223, 1.))
   REPRESENTATION_ITEM ('')
);
#4456 = EDGE_CURVE ('', #3587, #3621, #4455, .T.);
#4457 = ORIENTED_EDGE ('', *, *, #4456, .F.);
#4458 = ORIENTED_EDGE ('', *, *, #3606, .F.);
#4459 = ORIENTED_EDGE ('', *, *, #3564, .F.);
#4460 = CARTESIAN_POINT ('', (75.0214466094066, 108.396446609405, -2.00000000000047));
#4461 = CARTESIAN_POINT ('', (74.8749999999998, 108.542893218812, -2.00000000000042));
#4462 = CARTESIAN_POINT ('', (74.8749999999998, 108.749999999999, -2.00000000000037));
#4463 = (
   BOUNDED_CURVE ()
   B_SPLINE_CURVE (2, (#4460, #4461, #4462), .UNSPECIFIED., .F., .U.)
   B_SPLINE_CURVE_WITH_KNOTS ((3, 3), (-2.96096480667529E-13, 0.785398163397393), .UNSPECIFIED.)
   CURVE ()
   GEOMETRIC_REPRESENTATION_ITEM ()
   RATIONAL_B_SPLINE_CURVE ((0.853553390593275, 0.853553390593229, 1.))
   REPRESENTATION_ITEM ('')
);
#4464 = EDGE_CURVE ('', #3522, #3553, #4463, .T.);
#4465 = ORIENTED_EDGE ('', *, *, #4464, .F.);
#4466 = ORIENTED_EDGE ('', *, *, #3540, .F.);
#4467 = CARTESIAN_POINT ('', (77.1249999999997, 108.249999999999, -2.00000000000066));
#4468 = VERTEX_POINT ('', #4467);
#4469 = CARTESIAN_POINT ('', (77.1249999999997, 108.249999999999, -2.00000000000066));
#4470 = CARTESIAN_POINT ('', (75.3749999999998, 108.249999999999, -2.00000000000053));
#4471 = B_SPLINE_CURVE_WITH_KNOTS ('', 1, (#4469, #4470), .UNSPECIFIED., .F., .U., (2, 2), (-1.58845495392002, -1.41345495392002), .UNSPECIFIED.);
#4472 = EDGE_CURVE ('', #4468, #3530, #4471, .T.);
#4473 = ORIENTED_EDGE ('', *, *, #4472, .F.);
#4474 = CARTESIAN_POINT ('', (77.478553390593, 108.396446609405, -2.00000000000065));
#4475 = CARTESIAN_POINT ('', (77.3321067811863, 108.249999999999, -2.00000000000068));
#4476 = CARTESIAN_POINT ('', (77.1249999999997, 108.249999999999, -2.00000000000066));
#4477 = (
   BOUNDED_CURVE ()
   B_SPLINE_CURVE (2, (#4474, #4475, #4476), .UNSPECIFIED., .F., .U.)
   B_SPLINE_CURVE_WITH_KNOTS ((3, 3), (-7.32747196252603E-15, 0.78539816339741), .UNSPECIFIED.)
   CURVE ()
   GEOMETRIC_REPRESENTATION_ITEM ()
   RATIONAL_B_SPLINE_CURVE ((0.853553390593281, 0.853553390593283, 1.))
   REPRESENTATION_ITEM ('')
);
#4478 = EDGE_CURVE ('', #4114, #4468, #4477, .T.);
#4479 = ORIENTED_EDGE ('', *, *, #4478, .F.);
#4480 = ORIENTED_EDGE ('', *, *, #4133, .F.);
#4481 = ORIENTED_EDGE ('', *, *, #4103, .F.);
#4482 = CARTESIAN_POINT ('', (77.478553390593, 110.603553390592, -2.00000000000014));
#4483 = CARTESIAN_POINT ('', (77.6249999999997, 110.457106781185, -2.00000000000019));
#4484 = CARTESIAN_POINT ('', (77.6249999999997, 110.249999999999, -2.00000000000024));
#4485 = (
   BOUNDED_CURVE ()
   B_SPLINE_CURVE (2, (#4482, #4483, #4484), .UNSPECIFIED., .F., .U.)
   B_SPLINE_CURVE_WITH_KNOTS ((3, 3), (-2.35367281220533E-14, 0.785398163397319), .UNSPECIFIED.)
   CURVE ()
   GEOMETRIC_REPRESENTATION_ITEM ()
   RATIONAL_B_SPLINE_CURVE ((0.853553390593305, 0.853553390593308, 1.))
   REPRESENTATION_ITEM ('')
);
#4486 = EDGE_CURVE ('', #4403, #4094, #4485, .T.);
#4487 = ORIENTED_EDGE ('', *, *, #4486, .F.);
#4488 = ORIENTED_EDGE ('', *, *, #4415, .F.);
#4489 = EDGE_LOOP ('', (#4451, #4457, #4458, #4459, #4465, #4466, #4473, #4479, #4480, #4481, #4487, #4488));
#4490 = FACE_OUTER_BOUND ('', #4489, .T.);
#4491 = CARTESIAN_POINT ('', (74.8749999999998, 110.749999999999, -1.99999999999991));
#4492 = CARTESIAN_POINT ('', (77.6249999999997, 110.749999999999, -2.00000000000012));
#4493 = CARTESIAN_POINT ('', (74.8749999999998, 108.249999999999, -2.00000000000049));
#4494 = CARTESIAN_POINT ('', (77.6249999999997, 108.249999999999, -2.0000000000007));
#4495 = B_SPLINE_SURFACE_WITH_KNOTS ('', 1, 1, ((#4491, #4492), (#4493, #4494)), .UNSPECIFIED., .F., .F., .U., (2, 2), (2, 2), (0.365420614537084, 0.634579385462907), (0.3519626759908, 0.648037324009194), .UNSPECIFIED.);
#4496 = ADVANCED_FACE ('', (#4490), #4495, .T.);
#4497 = ORIENTED_EDGE ('', *, *, #3534, .F.);
#4498 = CARTESIAN_POINT ('', (75.3749999999997, 107.999999999999, -2.25000000000069));
#4499 = CARTESIAN_POINT ('', (77.1249999999997, 107.999999999999, -2.25000000000083));
#4500 = B_SPLINE_CURVE_WITH_KNOTS ('', 1, (#4498, #4499), .UNSPECIFIED., .F., .U., (2, 2), (1.41345495392002, 1.58845495392002), .UNSPECIFIED.);
#4501 = EDGE_CURVE ('', #3484, #4302, #4500, .T.);
#4502 = ORIENTED_EDGE ('', *, *, #4501, .T.);
#4503 = CARTESIAN_POINT ('', (77.1249999999997, 108.249999999999, -2.00000000000066));
#4504 = CARTESIAN_POINT ('', (77.1249999999997, 107.999999999999, -2.2499999999989));
#4505 = B_SPLINE_CURVE_WITH_KNOTS ('', 1, (#4503, #4504), .UNSPECIFIED., .F., .U., (2, 2), (0., 0.0353553390591997), .UNSPECIFIED.);
#4506 = EDGE_CURVE ('', #4468, #4302, #4505, .T.);
#4507 = ORIENTED_EDGE ('', *, *, #4506, .F.);
#4508 = ORIENTED_EDGE ('', *, *, #4472, .T.);
#4509 = EDGE_LOOP ('', (#4497, #4502, #4507, #4508));
#4510 = FACE_OUTER_BOUND ('', #4509, .T.);
#4511 = CARTESIAN_POINT ('', (75.3749999999997, 107.999999999998, -2.25000000000162));
#4512 = CARTESIAN_POINT ('', (75.3749999999997, 108.249999999999, -2.0000000000005));
#4513 = CARTESIAN_POINT ('', (77.1249999999997, 107.999999999998, -2.25000000000169));
#4514 = CARTESIAN_POINT ('', (77.1249999999997, 108.249999999999, -2.00000000000056));
#4515 = B_SPLINE_SURFACE_WITH_KNOTS ('', 1, 1, ((#4511, #4512), (#4513, #4514)), .UNSPECIFIED., .F., .F., .U., (2, 2), (2, 2), (1.41345495392002, 1.58845495392002), (-0.0176776695298799, 0.0176776695295903), .UNSPECIFIED.);
#4516 = ADVANCED_FACE ('', (#4510), #4515, .T.);
#4517 = ORIENTED_EDGE ('', *, *, #3425, .F.);
#4518 = ORIENTED_EDGE ('', *, *, #3362, .F.);
#4519 = CARTESIAN_POINT ('', (75.5000000000001, 108., -4.25000000000096));
#4520 = VERTEX_POINT ('', #4519);
#4521 = CARTESIAN_POINT ('', (75.3749999999996, 107.999999999999, -4.25000000000097));
#4522 = CARTESIAN_POINT ('', (75.4999999999998, 107.999999999999, -4.25000000000094));
#4523 = B_SPLINE_CURVE_WITH_KNOTS ('', 1, (#4521, #4522), .UNSPECIFIED., .F., .U., (2, 2), (14., 14.0714285714287), .UNSPECIFIED.);
#4524 = EDGE_CURVE ('', #3282, #4520, #4523, .T.);
#4525 = ORIENTED_EDGE ('', *, *, #4524, .T.);
#4526 = CARTESIAN_POINT ('', (75.4999999999998, 107.999999999999, -4.2499999999931));
#4527 = CARTESIAN_POINT ('', (75.4999999999998, 107.999999999999, -3.50000000000009));
#4528 = B_SPLINE_CURVE_WITH_KNOTS ('', 1, (#4526, #4527), .UNSPECIFIED., .F., .U., (2, 2), (0., 1.), .UNSPECIFIED.);
#4529 = EDGE_CURVE ('', #4520, #3894, #4528, .T.);
#4530 = ORIENTED_EDGE ('', *, *, #4529, .T.);
#4531 = ORIENTED_EDGE ('', *, *, #3898, .F.);
#4532 = CARTESIAN_POINT ('', (77.0000000000001, 108., -4.25000000000058));
#4533 = VERTEX_POINT ('', #4532);
#4534 = CARTESIAN_POINT ('', (76.9999999999998, 107.999999999999, -4.24999999999272));
#4535 = CARTESIAN_POINT ('', (76.9999999999998, 107.999999999999, -3.50000000000009));
#4536 = B_SPLINE_CURVE_WITH_KNOTS ('', 1, (#4534, #4535), .UNSPECIFIED., .F., .U., (2, 2), (0., 1.), .UNSPECIFIED.);
#4537 = EDGE_CURVE ('', #4533, #3892, #4536, .T.);
#4538 = ORIENTED_EDGE ('', *, *, #4537, .F.);
#4539 = CARTESIAN_POINT ('', (76.9999999999998, 107.999999999999, -4.25000000000056));
#4540 = CARTESIAN_POINT ('', (77.1249999999996, 107.999999999999, -4.25000000000053));
#4541 = B_SPLINE_CURVE_WITH_KNOTS ('', 1, (#4539, #4540), .UNSPECIFIED., .F., .U., (2, 2), (14.9285714285716, 15.), .UNSPECIFIED.);
#4542 = EDGE_CURVE ('', #4533, #4146, #4541, .T.);
#4543 = ORIENTED_EDGE ('', *, *, #4542, .T.);
#4544 = ORIENTED_EDGE ('', *, *, #4229, .T.);
#4545 = ORIENTED_EDGE ('', *, *, #4286, .T.);
#4546 = ORIENTED_EDGE ('', *, *, #4312, .T.);
#4547 = ORIENTED_EDGE ('', *, *, #4501, .F.);
#4548 = ORIENTED_EDGE ('', *, *, #3488, .F.);
#4549 = EDGE_LOOP ('', (#4517, #4518, #4525, #4530, #4531, #4538, #4543, #4544, #4545, #4546, #4547, #4548));
#4550 = FACE_OUTER_BOUND ('', #4549, .T.);
#4551 = CARTESIAN_POINT ('', (75.3749999999996, 107.999999999999, -4.25000000000097));
#4552 = CARTESIAN_POINT ('', (75.3749999999997, 107.999999999999, -2.2500000000007));
#4553 = CARTESIAN_POINT ('', (77.125000000001, 107.999999999999, -4.25000000000108));
#4554 = CARTESIAN_POINT ('', (77.1250000000012, 107.999999999999, -2.25000000000081));
#4555 = B_SPLINE_SURFACE_WITH_KNOTS ('', 1, 1, ((#4551, #4552), (#4553, #4554)), .UNSPECIFIED., .F., .F., .U., (2, 2), (2, 2), (2.44999999999997, 2.62500000000012), (7.70924990511901E-13, 0.200000000000798), .UNSPECIFIED.);
#4556 = ADVANCED_FACE ('', (#4550), #4555, .T.);
#4557 = ORIENTED_EDGE ('', *, *, #3783, .F.);
#4558 = ORIENTED_EDGE ('', *, *, #3877, .F.);
#4559 = CARTESIAN_POINT ('', (74.6249999999997, 110.249999999999, -4.24999999999958));
#4560 = CARTESIAN_POINT ('', (74.6249999999996, 108.749999999999, -4.25000000000052));
#4561 = B_SPLINE_CURVE_WITH_KNOTS ('', 1, (#4559, #4560), .UNSPECIFIED., .F., .U., (2, 2), (12., 13.), .UNSPECIFIED.);
#4562 = EDGE_CURVE ('', #3835, #3274, #4561, .T.);
#4563 = ORIENTED_EDGE ('', *, *, #4562, .T.);
#4564 = ORIENTED_EDGE ('', *, *, #3407, .T.);
#4565 = ORIENTED_EDGE ('', *, *, #3470, .T.);
#4566 = ORIENTED_EDGE ('', *, *, #3509, .T.);
#4567 = ORIENTED_EDGE ('', *, *, #3576, .F.);
#4568 = ORIENTED_EDGE ('', *, *, #4431, .F.);
#4569 = EDGE_LOOP ('', (#4557, #4558, #4563, #4564, #4565, #4566, #4567, #4568));
#4570 = FACE_OUTER_BOUND ('', #4569, .T.);
#4571 = CARTESIAN_POINT ('', (74.6249999999997, 110.249999999999, -4.25000000000734));
#4572 = CARTESIAN_POINT ('', (74.6249999999998, 110.249999999999, -2.24999999999989));
#4573 = CARTESIAN_POINT ('', (74.6249999999996, 108.749999999999, -4.25000000000768));
#4574 = CARTESIAN_POINT ('', (74.6249999999997, 108.749999999999, -2.25000000000023));
#4575 = B_SPLINE_SURFACE_WITH_KNOTS ('', 1, 1, ((#4571, #4572), (#4573, #4574)), .UNSPECIFIED., .F., .F., .U., (2, 2), (2, 2), (1.80000000000005, 1.95000000000005), (-0.125000000001489, 0.0749999999992561), .UNSPECIFIED.);
#4576 = ADVANCED_FACE ('', (#4570), #4575, .T.);
#4577 = ORIENTED_EDGE ('', *, *, #4524, .F.);
#4578 = ORIENTED_EDGE ('', *, *, #3286, .T.);
#4579 = ORIENTED_EDGE ('', *, *, #3263, .F.);
#4580 = CARTESIAN_POINT ('', (75.4999999999998, 107.749999999999, -4.50000000000098));
#4581 = CARTESIAN_POINT ('', (75.4999999999998, 107.833333333333, -4.41666666666763));
#4582 = CARTESIAN_POINT ('', (75.4999999999998, 107.916666666666, -4.33333333333428));
#4583 = CARTESIAN_POINT ('', (75.4999999999998, 107.999999999999, -4.25000000000093));
#4584 = B_SPLINE_CURVE_WITH_KNOTS ('', 3, (#4580, #4581, #4582, #4583), .UNSPECIFIED., .F., .U., (4, 4), (0., 0.35355339059329), .UNSPECIFIED.);
#4585 = EDGE_CURVE ('', #3252, #4520, #4584, .T.);
#4586 = ORIENTED_EDGE ('', *, *, #4585, .T.);
#4587 = EDGE_LOOP ('', (#4577, #4578, #4579, #4586));
#4588 = FACE_OUTER_BOUND ('', #4587, .T.);
#4589 = CARTESIAN_POINT ('', (75.3749999999996, 107.999999999999, -4.25000000000097));
#4590 = CARTESIAN_POINT ('', (75.4166666666663, 107.999999999999, -4.25000000000096));
#4591 = CARTESIAN_POINT ('', (75.4583333333331, 107.999999999999, -4.25000000000095));
#4592 = CARTESIAN_POINT ('', (75.4999999999998, 107.999999999999, -4.25000000000093));
#4593 = CARTESIAN_POINT ('', (75.3749999999996, 107.749999999999, -4.50000000000101));
#4594 = CARTESIAN_POINT ('', (75.4166666666663, 107.749999999999, -4.500000000001));
#4595 = CARTESIAN_POINT ('', (75.4583333333331, 107.749999999999, -4.50000000000099));
#4596 = CARTESIAN_POINT ('', (75.4999999999998, 107.749999999999, -4.50000000000098));
#4597 = B_SPLINE_SURFACE_WITH_KNOTS ('', 1, 3, ((#4589, #4590, #4591, #4592), (#4593, #4594, #4595, #4596)), .UNSPECIFIED., .F., .F., .U., (2, 2), (4, 4), (0., 1.), (0., 0.0714285714287186), .UNSPECIFIED.);
#4598 = ADVANCED_FACE ('', (#4588), #4597, .T.);
#4599 = CARTESIAN_POINT ('', (75.5000000000001, 107.999999999999, -5.0000000000004));
#4600 = VERTEX_POINT ('', #4599);
#4601 = CARTESIAN_POINT ('', (77.0000000000001, 107.999999999999, -5.0000000000005));
#4602 = VERTEX_POINT ('', #4601);
#4603 = CARTESIAN_POINT ('', (75.4999999999998, 107.999999999999, -5.00000000000054));
#4604 = CARTESIAN_POINT ('', (76.9999999999998, 107.999999999999, -5.00000000000054));
#4605 = B_SPLINE_CURVE_WITH_KNOTS ('', 1, (#4603, #4604), .UNSPECIFIED., .F., .U., (2, 2), (0.0625000000001279, 1.56250000000013), .UNSPECIFIED.);
#4606 = EDGE_CURVE ('', #4600, #4602, #4605, .T.);
#4607 = ORIENTED_EDGE ('', *, *, #4606, .F.);
#4608 = CARTESIAN_POINT ('', (75.4999999999998, 107.999999999999, -4.50000000000054));
#4609 = CARTESIAN_POINT ('', (75.4999999999998, 107.999999999999, -5.00000000000038));
#4610 = B_SPLINE_CURVE_WITH_KNOTS ('', 1, (#4608, #4609), .UNSPECIFIED., .F., .U., (2, 2), (0., 1.), .UNSPECIFIED.);
#4611 = EDGE_CURVE ('', #3245, #4600, #4610, .T.);
#4612 = ORIENTED_EDGE ('', *, *, #4611, .F.);
#4613 = ORIENTED_EDGE ('', *, *, #3249, .T.);
#4614 = CARTESIAN_POINT ('', (76.9999999999998, 107.999999999999, -4.50000000000054));
#4615 = CARTESIAN_POINT ('', (76.9999999999998, 107.999999999999, -5.00000000000054));
#4616 = B_SPLINE_CURVE_WITH_KNOTS ('', 1, (#4614, #4615), .UNSPECIFIED., .F., .U., (2, 2), (0., 1.), .UNSPECIFIED.);
#4617 = EDGE_CURVE ('', #3238, #4602, #4616, .T.);
#4618 = ORIENTED_EDGE ('', *, *, #4617, .T.);
#4619 = EDGE_LOOP ('', (#4607, #4612, #4613, #4618));
#4620 = FACE_OUTER_BOUND ('', #4619, .T.);
#4621 = CARTESIAN_POINT ('', (75.4999999999998, 107.999999999999, -4.50000000000054));
#4622 = CARTESIAN_POINT ('', (75.4999999999998, 107.999999999999, -5.00000000000054));
#4623 = CARTESIAN_POINT ('', (76.9999999999998, 107.999999999999, -4.50000000000054));
#4624 = CARTESIAN_POINT ('', (76.9999999999998, 107.999999999999, -5.00000000000054));
#4625 = B_SPLINE_SURFACE_WITH_KNOTS ('', 1, 1, ((#4621, #4622), (#4623, #4624)), .UNSPECIFIED., .F., .F., .U., (2, 2), (2, 2), (0.00625000000001297, 0.156250000000012), (0., 0.0499999999999998), .UNSPECIFIED.);
#4626 = ADVANCED_FACE ('', (#4620), #4625, .T.);
#4627 = ORIENTED_EDGE ('', *, *, #3235, .F.);
#4628 = CARTESIAN_POINT ('', (77.1249999999996, 107.999999999999, -4.25000000000053));
#4629 = CARTESIAN_POINT ('', (77.1249999999995, 107.749999999999, -4.50000000000057));
#4630 = B_SPLINE_CURVE_WITH_KNOTS ('', 1, (#4628, #4629), .UNSPECIFIED., .F., .U., (2, 2), (0., 1.), .UNSPECIFIED.);
#4631 = EDGE_CURVE ('', #4146, #3189, #4630, .T.);
#4632 = ORIENTED_EDGE ('', *, *, #4631, .F.);
#4633 = ORIENTED_EDGE ('', *, *, #4542, .F.);
#4634 = CARTESIAN_POINT ('', (76.9999999999998, 107.749999999999, -4.5000000000006));
#4635 = CARTESIAN_POINT ('', (76.9999999999998, 107.833333333333, -4.41666666666726));
#4636 = CARTESIAN_POINT ('', (76.9999999999998, 107.916666666666, -4.33333333333392));
#4637 = CARTESIAN_POINT ('', (76.9999999999998, 107.999999999999, -4.25000000000057));
#4638 = B_SPLINE_CURVE_WITH_KNOTS ('', 3, (#4634, #4635, #4636, #4637), .UNSPECIFIED., .F., .U., (4, 4), (0., 0.353553390593267), .UNSPECIFIED.);
#4639 = EDGE_CURVE ('', #3229, #4533, #4638, .T.);
#4640 = ORIENTED_EDGE ('', *, *, #4639, .F.);
#4641 = EDGE_LOOP ('', (#4627, #4632, #4633, #4640));
#4642 = FACE_OUTER_BOUND ('', #4641, .T.);
#4643 = CARTESIAN_POINT ('', (76.9999999999998, 107.999999999999, -4.25000000000057));
#4644 = CARTESIAN_POINT ('', (77.0416666666664, 107.999999999999, -4.25000000000056));
#4645 = CARTESIAN_POINT ('', (77.083333333333, 107.999999999999, -4.25000000000055));
#4646 = CARTESIAN_POINT ('', (77.1249999999996, 107.999999999999, -4.25000000000053));
#4647 = CARTESIAN_POINT ('', (76.9999999999998, 107.749999999999, -4.5000000000006));
#4648 = CARTESIAN_POINT ('', (77.0416666666664, 107.749999999999, -4.50000000000059));
#4649 = CARTESIAN_POINT ('', (77.083333333333, 107.749999999999, -4.50000000000058));
#4650 = CARTESIAN_POINT ('', (77.1249999999995, 107.749999999999, -4.50000000000057));
#4651 = B_SPLINE_SURFACE_WITH_KNOTS ('', 1, 3, ((#4643, #4644, #4645, #4646), (#4647, #4648, #4649, #4650)), .UNSPECIFIED., .F., .F., .U., (2, 2), (4, 4), (0., 1.), (0.92857142857157, 1.), .UNSPECIFIED.);
#4652 = ADVANCED_FACE ('', (#4642), #4651, .T.);
#4653 = ORIENTED_EDGE ('', *, *, #4631, .T.);
#4654 = ORIENTED_EDGE ('', *, *, #3226, .T.);
#4655 = CARTESIAN_POINT ('', (77.8749999999995, 108.749999999999, -4.2500000000005));
#4656 = CARTESIAN_POINT ('', (78.1249999999995, 108.749999999999, -4.50000000000052));
#4657 = B_SPLINE_CURVE_WITH_KNOTS ('', 1, (#4655, #4656), .UNSPECIFIED., .F., .U., (2, 2), (0., 1.), .UNSPECIFIED.);
#4658 = EDGE_CURVE ('', #4039, #3180, #4657, .T.);
#4659 = ORIENTED_EDGE ('', *, *, #4658, .F.);
#4660 = ORIENTED_EDGE ('', *, *, #4183, .F.);
#4661 = EDGE_LOOP ('', (#4653, #4654, #4659, #4660));
#4662 = FACE_OUTER_BOUND ('', #4661, .T.);
#4663 = CARTESIAN_POINT ('', (77.1249999999996, 107.999999999999, -4.25000000000053));
#4664 = CARTESIAN_POINT ('', (77.1838688064984, 107.999953387391, -4.25000000000052));
#4665 = CARTESIAN_POINT ('', (77.2768242623384, 108.010563252772, -4.25000000000055));
#4666 = CARTESIAN_POINT ('', (77.4014541423124, 108.050445415646, -4.25000000000053));
#4667 = CARTESIAN_POINT ('', (77.4926278914443, 108.093637189139, -4.25000000000045));
#4668 = CARTESIAN_POINT ('', (77.5787218357566, 108.14983394183, -4.25000000000052));
#4669 = CARTESIAN_POINT ('', (77.6570231553528, 108.217976844646, -4.25000000000047));
#4670 = CARTESIAN_POINT ('', (77.725166058169, 108.296278164242, -4.25000000000052));
#4671 = CARTESIAN_POINT ('', (77.7813628108595, 108.382372108554, -4.25000000000046));
#4672 = CARTESIAN_POINT ('', (77.8245545843525, 108.473545857686, -4.25000000000052));
#4673 = CARTESIAN_POINT ('', (77.8644367472271, 108.59817573766, -4.25000000000045));
#4674 = CARTESIAN_POINT ('', (77.8750466126077, 108.6911311935, -4.25000000000055));
#4675 = CARTESIAN_POINT ('', (77.8749999999995, 108.749999999999, -4.2500000000005));
#4676 = CARTESIAN_POINT ('', (77.1249999999996, 107.749999999999, -4.50000000000074));
#4677 = CARTESIAN_POINT ('', (77.203491741998, 107.749937849855, -4.50000000000071));
#4678 = CARTESIAN_POINT ('', (77.3274323497846, 107.764084337029, -4.5000000000008));
#4679 = CARTESIAN_POINT ('', (77.4936055230833, 107.817260554195, -4.5000000000007));
#4680 = CARTESIAN_POINT ('', (77.6151705219259, 107.874849585519, -4.50000000000066));
#4681 = CARTESIAN_POINT ('', (77.7299624476757, 107.949778589107, -4.50000000000062));
#4682 = CARTESIAN_POINT ('', (77.8343642071372, 108.040635792862, -4.50000000000053));
#4683 = CARTESIAN_POINT ('', (77.9252214108921, 108.145037552323, -4.50000000000043));
#4684 = CARTESIAN_POINT ('', (78.0001504144795, 108.259829478073, -4.50000000000036));
#4685 = CARTESIAN_POINT ('', (78.0577394458035, 108.381394476915, -4.50000000000026));
#4686 = CARTESIAN_POINT ('', (78.1109156629697, 108.547567650214, -4.50000000000009));
#4687 = CARTESIAN_POINT ('', (78.1250621501437, 108.671508258001, -4.5));
#4688 = CARTESIAN_POINT ('', (78.1249999999996, 108.749999999999, -4.49999999999992));
#4689 = B_SPLINE_SURFACE_WITH_KNOTS ('', 1, 3, ((#4663, #4664, #4665, #4666, #4667, #4668, #4669, #4670, #4671, #4672, #4673, #4674, #4675), (#4676, #4677, #4678, #4679, #4680, #4681, #4682, #4683, #4684, #4685, #4686, #4687, #4688)), .UNSPECIFIED., .F., .F., .U., (2, 2), (4, 1, 1, 1, 1, 1, 1, 1, 1, 1, 4), (0., 1.), (0., 0.166666666666666, 0.249999999999998, 0.333333333333332, 0.416666666666664, 0.499999999999987, 0.58333333333332, 0.666666666666663, 0.749999999999995, 0.833333333333326, 1.), .UNSPECIFIED.);
#4690 = ADVANCED_FACE ('', (#4662), #4689, .T.);
#4691 = ORIENTED_EDGE ('', *, *, #4658, .T.);
#4692 = ORIENTED_EDGE ('', *, *, #3186, .T.);
#4693 = CARTESIAN_POINT ('', (77.8749999999996, 110.249999999999, -4.25000000000018));
#4694 = CARTESIAN_POINT ('', (78.1249999999996, 110.249999999999, -4.4999999999999));
#4695 = B_SPLINE_CURVE_WITH_KNOTS ('', 1, (#4693, #4694), .UNSPECIFIED., .F., .U., (2, 2), (0., 1.), .UNSPECIFIED.);
#4696 = EDGE_CURVE ('', #3934, #3140, #4695, .T.);
#4697 = ORIENTED_EDGE ('', *, *, #4696, .F.);
#4698 = ORIENTED_EDGE ('', *, *, #4048, .F.);
#4699 = EDGE_LOOP ('', (#4691, #4692, #4697, #4698));
#4700 = FACE_OUTER_BOUND ('', #4699, .T.);
#4701 = CARTESIAN_POINT ('', (77.8749999999995, 108.749999999999, -4.2500000000005));
#4702 = CARTESIAN_POINT ('', (77.8749999999996, 109.249999999999, -4.25000000000033));
#4703 = CARTESIAN_POINT ('', (77.8749999999995, 109.749999999999, -4.25000000000032));
#4704 = CARTESIAN_POINT ('', (77.8749999999996, 110.249999999999, -4.25000000000018));
#4705 = CARTESIAN_POINT ('', (78.1249999999995, 108.749999999999, -4.50000000000052));
#4706 = CARTESIAN_POINT ('', (78.1249999999996, 109.249999999999, -4.50000000000029));
#4707 = CARTESIAN_POINT ('', (78.1249999999995, 109.749999999999, -4.50000000000036));
#4708 = CARTESIAN_POINT ('', (78.1249999999996, 110.249999999999, -4.50000000000019));
#4709 = B_SPLINE_SURFACE_WITH_KNOTS ('', 1, 3, ((#4701, #4702, #4703, #4704), (#4705, #4706, #4707, #4708)), .UNSPECIFIED., .F., .F., .U., (2, 2), (4, 4), (0., 1.), (0., 1.), .UNSPECIFIED.);
#4710 = ADVANCED_FACE ('', (#4700), #4709, .T.);
#4711 = ORIENTED_EDGE ('', *, *, #4696, .T.);
#4712 = ORIENTED_EDGE ('', *, *, #3177, .T.);
#4713 = CARTESIAN_POINT ('', (77.1249999999996, 110.999999999999, -4.25000000000045));
#4714 = CARTESIAN_POINT ('', (77.1249999999996, 111.249999999999, -4.50000000000039));
#4715 = B_SPLINE_CURVE_WITH_KNOTS ('', 1, (#4713, #4714), .UNSPECIFIED., .F., .U., (2, 2), (0., 1.), .UNSPECIFIED.);
#4716 = EDGE_CURVE ('', #3664, #3131, #4715, .T.);
#4717 = ORIENTED_EDGE ('', *, *, #4716, .F.);
#4718 = ORIENTED_EDGE ('', *, *, #3971, .F.);
#4719 = EDGE_LOOP ('', (#4711, #4712, #4717, #4718));
#4720 = FACE_OUTER_BOUND ('', #4719, .T.);
#4721 = CARTESIAN_POINT ('', (77.8749999999996, 110.249999999999, -4.25000000000018));
#4722 = CARTESIAN_POINT ('', (77.8750466126077, 110.308868806498, -4.25000000000015));
#4723 = CARTESIAN_POINT ('', (77.8644367472272, 110.401824262338, -4.25000000000012));
#4724 = CARTESIAN_POINT ('', (77.8245545843526, 110.526454142312, -4.25000000000009));
#4725 = CARTESIAN_POINT ('', (77.7813628108595, 110.617627891444, -4.25000000000008));
#4726 = CARTESIAN_POINT ('', (77.725166058169, 110.703721835756, -4.25000000000006));
#4727 = CARTESIAN_POINT ('', (77.6570231553528, 110.782023155352, -4.25000000000015));
#4728 = CARTESIAN_POINT ('', (77.5787218357567, 110.850166058169, -4.25000000000015));
#4729 = CARTESIAN_POINT ('', (77.4926278914443, 110.906362810859, -4.25000000000021));
#4730 = CARTESIAN_POINT ('', (77.4014541423124, 110.949554584352, -4.25000000000029));
#4731 = CARTESIAN_POINT ('', (77.2768242623384, 110.989436747227, -4.25000000000026));
#4732 = CARTESIAN_POINT ('', (77.1838688064984, 111.000046612607, -4.2500000000004));
#4733 = CARTESIAN_POINT ('', (77.1249999999996, 110.999999999999, -4.25000000000045));
#4734 = CARTESIAN_POINT ('', (78.1249999999996, 110.249999999999, -4.4999999999999));
#4735 = CARTESIAN_POINT ('', (78.1250621501437, 110.328491741998, -4.49999999999988));
#4736 = CARTESIAN_POINT ('', (78.1109156629697, 110.452432349784, -4.49999999999979));
#4737 = CARTESIAN_POINT ('', (78.0577394458036, 110.618605523083, -4.49999999999979));
#4738 = CARTESIAN_POINT ('', (78.0001504144795, 110.740170521926, -4.49999999999978));
#4739 = CARTESIAN_POINT ('', (77.9252214108922, 110.854962447675, -4.49999999999981));
#4740 = CARTESIAN_POINT ('', (77.8343642071372, 110.959364207137, -4.49999999999988));
#4741 = CARTESIAN_POINT ('', (77.7299624476756, 111.050221410892, -4.49999999999995));
#4742 = CARTESIAN_POINT ('', (77.6151705219259, 111.125150414479, -4.50000000000002));
#4743 = CARTESIAN_POINT ('', (77.4936055230833, 111.182739445803, -4.50000000000012));
#4744 = CARTESIAN_POINT ('', (77.3274323497847, 111.235915662969, -4.50000000000028));
#4745 = CARTESIAN_POINT ('', (77.203491741998, 111.250062150143, -4.50000000000036));
#4746 = CARTESIAN_POINT ('', (77.1249999999996, 111.249999999999, -4.50000000000047));
#4747 = B_SPLINE_SURFACE_WITH_KNOTS ('', 1, 3, ((#4721, #4722, #4723, #4724, #4725, #4726, #4727, #4728, #4729, #4730, #4731, #4732, #4733), (#4734, #4735, #4736, #4737, #4738, #4739, #4740, #4741, #4742, #4743, #4744, #4745, #4746)), .UNSPECIFIED., .F., .F., .U., (2, 2), (4, 1, 1, 1, 1, 1, 1, 1, 1, 1, 4), (0., 1.), (0., 0.166666666666665, 0.250000000000001, 0.333333333333332, 0.416666666666667, 0.499999999999997, 0.583333333333334, 0.666666666666666, 0.749999999999987, 0.83333333333333, 1.), .UNSPECIFIED.);
#4748 = ADVANCED_FACE ('', (#4720), #4747, .T.);
#4749 = ORIENTED_EDGE ('', *, *, #3675, .F.);
#4750 = ORIENTED_EDGE ('', *, *, #4716, .T.);
#4751 = ORIENTED_EDGE ('', *, *, #3137, .F.);
#4752 = CARTESIAN_POINT ('', (76.9999999999998, 111.249999999999, -4.50000000000035));
#4753 = CARTESIAN_POINT ('', (76.9999999999998, 111.166666666665, -4.41666666666704));
#4754 = CARTESIAN_POINT ('', (76.9999999999998, 111.083333333333, -4.33333333333372));
#4755 = CARTESIAN_POINT ('', (76.9999999999998, 110.999999999999, -4.25000000000041));
#4756 = B_SPLINE_CURVE_WITH_KNOTS ('', 3, (#4752, #4753, #4754, #4755), .UNSPECIFIED., .F., .U., (4, 4), (0., 0.353553390593271), .UNSPECIFIED.);
#4757 = EDGE_CURVE ('', #3124, #3671, #4756, .T.);
#4758 = ORIENTED_EDGE ('', *, *, #4757, .T.);
#4759 = EDGE_LOOP ('', (#4749, #4750, #4751, #4758));
#4760 = FACE_OUTER_BOUND ('', #4759, .T.);
#4761 = CARTESIAN_POINT ('', (77.1249999999996, 110.999999999999, -4.25000000000045));
#4762 = CARTESIAN_POINT ('', (77.083333333333, 110.999999999999, -4.25000000000044));
#4763 = CARTESIAN_POINT ('', (77.0416666666664, 110.999999999999, -4.25000000000042));
#4764 = CARTESIAN_POINT ('', (76.9999999999998, 110.999999999999, -4.25000000000041));
#4765 = CARTESIAN_POINT ('', (77.1249999999996, 111.249999999999, -4.50000000000039));
#4766 = CARTESIAN_POINT ('', (77.083333333333, 111.249999999999, -4.50000000000038));
#4767 = CARTESIAN_POINT ('', (77.0416666666664, 111.249999999999, -4.50000000000036));
#4768 = CARTESIAN_POINT ('', (76.9999999999998, 111.249999999999, -4.50000000000035));
#4769 = B_SPLINE_SURFACE_WITH_KNOTS ('', 1, 3, ((#4761, #4762, #4763, #4764), (#4765, #4766, #4767, #4768)), .UNSPECIFIED., .F., .F., .U., (2, 2), (4, 4), (0., 1.), (0., 0.0714285714284427), .UNSPECIFIED.);
#4770 = ADVANCED_FACE ('', (#4760), #4769, .T.);
#4771 = ORIENTED_EDGE ('', *, *, #4617, .F.);
#4772 = ORIENTED_EDGE ('', *, *, #3242, .T.);
#4773 = ORIENTED_EDGE ('', *, *, #4639, .T.);
#4774 = ORIENTED_EDGE ('', *, *, #4537, .T.);
#4775 = ORIENTED_EDGE ('', *, *, #3923, .F.);
#4776 = ORIENTED_EDGE ('', *, *, #3918, .T.);
#4777 = ORIENTED_EDGE ('', *, *, #3911, .F.);
#4778 = ORIENTED_EDGE ('', *, *, #3682, .T.);
#4779 = ORIENTED_EDGE ('', *, *, #4757, .F.);
#4780 = ORIENTED_EDGE ('', *, *, #3128, .T.);
#4781 = CARTESIAN_POINT ('', (77.0000000000001, 110.999999999999, -4.99999999999995));
#4782 = VERTEX_POINT ('', #4781);
#4783 = CARTESIAN_POINT ('', (76.9999999999998, 110.999999999999, -4.50000000000054));
#4784 = CARTESIAN_POINT ('', (76.9999999999998, 110.999999999999, -5.00000000000039));
#4785 = B_SPLINE_CURVE_WITH_KNOTS ('', 1, (#4783, #4784), .UNSPECIFIED., .F., .U., (2, 2), (0., 1.), .UNSPECIFIED.);
#4786 = EDGE_CURVE ('', #3117, #4782, #4785, .T.);
#4787 = ORIENTED_EDGE ('', *, *, #4786, .T.);
#4788 = CARTESIAN_POINT ('', (76.9999999999998, 110.999999999999, -4.99999999999994));
#4789 = CARTESIAN_POINT ('', (76.9999999999998, 107.999999999999, -5.00000000000048));
#4790 = B_SPLINE_CURVE_WITH_KNOTS ('', 1, (#4788, #4789), .UNSPECIFIED., .F., .U., (2, 2), (0.0714285714285036, 0.928571428571618), .UNSPECIFIED.);
#4791 = EDGE_CURVE ('', #4782, #4602, #4790, .T.);
#4792 = ORIENTED_EDGE ('', *, *, #4791, .T.);
#4793 = EDGE_LOOP ('', (#4771, #4772, #4773, #4774, #4775, #4776, #4777, #4778, #4779, #4780, #4787, #4792));
#4794 = FACE_OUTER_BOUND ('', #4793, .T.);
#4795 = CARTESIAN_POINT ('', (76.9999999999998, 107.75, -3.50000000000009));
#4796 = CARTESIAN_POINT ('', (76.9999999999998, 107.75, -5.00000000000051));
#4797 = CARTESIAN_POINT ('', (76.9999999999998, 111.249999999998, -3.50000000000009));
#4798 = CARTESIAN_POINT ('', (76.9999999999998, 111.249999999998, -5.00000000000051));
#4799 = B_SPLINE_SURFACE_WITH_KNOTS ('', 1, 1, ((#4795, #4796), (#4797, #4798)), .UNSPECIFIED., .F., .F., .U., (2, 2), (2, 2), (0.0500000000000523, 0.399999999999945), (0., 0.150000000000042), .UNSPECIFIED.);
#4800 = ADVANCED_FACE ('', (#4794), #4799, .T.);
#4801 = ORIENTED_EDGE ('', *, *, #3121, .T.);
#4802 = CARTESIAN_POINT ('', (75.5000000000001, 110.999999999999, -5.0000000000004));
#4803 = VERTEX_POINT ('', #4802);
#4804 = CARTESIAN_POINT ('', (75.4999999999998, 110.999999999999, -5.00000000000038));
#4805 = CARTESIAN_POINT ('', (75.4999999999998, 110.999999999999, -4.50000000000054));
#4806 = B_SPLINE_CURVE_WITH_KNOTS ('', 1, (#4804, #4805), .UNSPECIFIED., .F., .U., (2, 2), (0., 1.), .UNSPECIFIED.);
#4807 = EDGE_CURVE ('', #4803, #3110, #4806, .T.);
#4808 = ORIENTED_EDGE ('', *, *, #4807, .F.);
#4809 = CARTESIAN_POINT ('', (76.9999999999998, 110.999999999999, -5.00000000000054));
#4810 = CARTESIAN_POINT ('', (75.4999999999998, 110.999999999999, -5.00000000000054));
#4811 = B_SPLINE_CURVE_WITH_KNOTS ('', 1, (#4809, #4810), .UNSPECIFIED., .F., .U., (2, 2), (1.84374999999913, 3.34374999999913), .UNSPECIFIED.);
#4812 = EDGE_CURVE ('', #4782, #4803, #4811, .T.);
#4813 = ORIENTED_EDGE ('', *, *, #4812, .F.);
#4814 = ORIENTED_EDGE ('', *, *, #4786, .F.);
#4815 = EDGE_LOOP ('', (#4801, #4808, #4813, #4814));
#4816 = FACE_OUTER_BOUND ('', #4815, .T.);
#4817 = CARTESIAN_POINT ('', (76.9999999999998, 110.999999999999, -4.50000000000054));
#4818 = CARTESIAN_POINT ('', (76.9999999999998, 110.999999999999, -5.00000000000054));
#4819 = CARTESIAN_POINT ('', (75.4999999999998, 110.999999999999, -4.50000000000054));
#4820 = CARTESIAN_POINT ('', (75.4999999999998, 110.999999999999, -5.00000000000054));
#4821 = B_SPLINE_SURFACE_WITH_KNOTS ('', 1, 1, ((#4817, #4818), (#4819, #4820)), .UNSPECIFIED., .F., .F., .U., (2, 2), (2, 2), (0.184374999999913, 0.334374999999912), (0., 0.0499999999999998), .UNSPECIFIED.);
#4822 = ADVANCED_FACE ('', (#4816), #4821, .T.);
#4823 = ORIENTED_EDGE ('', *, *, #3903, .T.);
#4824 = ORIENTED_EDGE ('', *, *, #4529, .F.);
#4825 = ORIENTED_EDGE ('', *, *, #4585, .F.);
#4826 = ORIENTED_EDGE ('', *, *, #3256, .T.);
#4827 = ORIENTED_EDGE ('', *, *, #4611, .T.);
#4828 = CARTESIAN_POINT ('', (75.5000000000001, 108.749999999999, -5.0000000000004));
#4829 = VERTEX_POINT ('', #4828);
#4830 = CARTESIAN_POINT ('', (75.4999999999998, 108.749999999999, -5.00000000000038));
#4831 = CARTESIAN_POINT ('', (75.4999999999998, 107.999999999999, -5.00000000000038));
#4832 = B_SPLINE_CURVE_WITH_KNOTS ('', 1, (#4830, #4831), .UNSPECIFIED., .F., .U., (2, 2), (0.714285714285779, 0.928571428571618), .UNSPECIFIED.);
#4833 = EDGE_CURVE ('', #4829, #4600, #4832, .T.);
#4834 = ORIENTED_EDGE ('', *, *, #4833, .F.);
#4835 = CARTESIAN_POINT ('', (75.5000000000001, 110.249999999999, -5.00000000000012));
#4836 = VERTEX_POINT ('', #4835);
#4837 = CARTESIAN_POINT ('', (75.4999999999998, 108.749999999999, -5.00000000000038));
#4838 = CARTESIAN_POINT ('', (75.4999999999998, 110.249999999999, -5.0000000000001));
#4839 = B_SPLINE_CURVE_WITH_KNOTS ('', 1, (#4837, #4838), .UNSPECIFIED., .F., .U., (2, 2), (0., 1.), .UNSPECIFIED.);
#4840 = EDGE_CURVE ('', #4829, #4836, #4839, .T.);
#4841 = ORIENTED_EDGE ('', *, *, #4840, .T.);
#4842 = CARTESIAN_POINT ('', (75.4999999999998, 110.999999999999, -5.00000000000038));
#4843 = CARTESIAN_POINT ('', (75.4999999999998, 110.249999999999, -5.00000000000038));
#4844 = B_SPLINE_CURVE_WITH_KNOTS ('', 1, (#4842, #4843), .UNSPECIFIED., .F., .U., (2, 2), (0.0714285714285036, 0.285714285714221), .UNSPECIFIED.);
#4845 = EDGE_CURVE ('', #4803, #4836, #4844, .T.);
#4846 = ORIENTED_EDGE ('', *, *, #4845, .F.);
#4847 = ORIENTED_EDGE ('', *, *, #4807, .T.);
#4848 = ORIENTED_EDGE ('', *, *, #3114, .T.);
#4849 = CARTESIAN_POINT ('', (75.4999999999998, 111.249999999999, -4.49999999999976));
#4850 = CARTESIAN_POINT ('', (75.4999999999998, 111.166666666666, -4.41666666666644));
#4851 = CARTESIAN_POINT ('', (75.4999999999998, 111.083333333333, -4.33333333333313));
#4852 = CARTESIAN_POINT ('', (75.4999999999998, 110.999999999999, -4.24999999999982));
#4853 = B_SPLINE_CURVE_WITH_KNOTS ('', 3, (#4849, #4850, #4851, #4852), .UNSPECIFIED., .F., .U., (4, 4), (0., 0.353553390593265), .UNSPECIFIED.);
#4854 = EDGE_CURVE ('', #3101, #3692, #4853, .T.);
#4855 = ORIENTED_EDGE ('', *, *, #4854, .T.);
#4856 = ORIENTED_EDGE ('', *, *, #3696, .F.);
#4857 = EDGE_LOOP ('', (#4823, #4824, #4825, #4826, #4827, #4834, #4841, #4846, #4847, #4848, #4855, #4856));
#4858 = FACE_OUTER_BOUND ('', #4857, .T.);
#4859 = CARTESIAN_POINT ('', (75.4999999999998, 111.249999999998, -3.50000000000009));
#4860 = CARTESIAN_POINT ('', (75.4999999999998, 111.249999999998, -5.00000000000038));
#4861 = CARTESIAN_POINT ('', (75.4999999999998, 107.75, -3.50000000000009));
#4862 = CARTESIAN_POINT ('', (75.4999999999998, 107.75, -5.00000000000038));
#4863 = B_SPLINE_SURFACE_WITH_KNOTS ('', 1, 1, ((#4859, #4860), (#4861, #4862)), .UNSPECIFIED., .F., .F., .U., (2, 2), (2, 2), (0.350000000000051, 0.699999999999944), (0., 0.150000000000028), .UNSPECIFIED.);
#4864 = ADVANCED_FACE ('', (#4858), #4863, .T.);
#4865 = ORIENTED_EDGE ('', *, *, #3107, .F.);
#4866 = CARTESIAN_POINT ('', (75.3749999999996, 110.999999999999, -4.24999999999978));
#4867 = CARTESIAN_POINT ('', (75.3749999999996, 111.249999999999, -4.49999999999972));
#4868 = B_SPLINE_CURVE_WITH_KNOTS ('', 1, (#4866, #4867), .UNSPECIFIED., .F., .U., (2, 2), (0., 1.), .UNSPECIFIED.);
#4869 = EDGE_CURVE ('', #3699, #3061, #4868, .T.);
#4870 = ORIENTED_EDGE ('', *, *, #4869, .F.);
#4871 = ORIENTED_EDGE ('', *, *, #3703, .F.);
#4872 = ORIENTED_EDGE ('', *, *, #4854, .F.);
#4873 = EDGE_LOOP ('', (#4865, #4870, #4871, #4872));
#4874 = FACE_OUTER_BOUND ('', #4873, .T.);
#4875 = CARTESIAN_POINT ('', (75.4999999999998, 110.999999999999, -4.24999999999982));
#4876 = CARTESIAN_POINT ('', (75.4583333333331, 110.999999999999, -4.24999999999981));
#4877 = CARTESIAN_POINT ('', (75.4166666666664, 110.999999999999, -4.24999999999979));
#4878 = CARTESIAN_POINT ('', (75.3749999999996, 110.999999999999, -4.24999999999978));
#4879 = CARTESIAN_POINT ('', (75.4999999999998, 111.249999999999, -4.49999999999976));
#4880 = CARTESIAN_POINT ('', (75.4583333333331, 111.249999999999, -4.49999999999975));
#4881 = CARTESIAN_POINT ('', (75.4166666666664, 111.249999999999, -4.49999999999974));
#4882 = CARTESIAN_POINT ('', (75.3749999999996, 111.249999999999, -4.49999999999972));
#4883 = B_SPLINE_SURFACE_WITH_KNOTS ('', 1, 3, ((#4875, #4876, #4877, #4878), (#4879, #4880, #4881, #4882)), .UNSPECIFIED., .F., .F., .U., (2, 2), (4, 4), (0., 1.), (0.928571428571319, 1.), .UNSPECIFIED.);
#4884 = ADVANCED_FACE ('', (#4874), #4883, .T.);
#4885 = ORIENTED_EDGE ('', *, *, #4869, .T.);
#4886 = ORIENTED_EDGE ('', *, *, #3098, .T.);
#4887 = CARTESIAN_POINT ('', (74.6249999999997, 110.249999999999, -4.24999999999958));
#4888 = CARTESIAN_POINT ('', (74.3749999999997, 110.249999999999, -4.49999999999956));
#4889 = B_SPLINE_CURVE_WITH_KNOTS ('', 1, (#4887, #4888), .UNSPECIFIED., .F., .U., (2, 2), (0., 1.), .UNSPECIFIED.);
#4890 = EDGE_CURVE ('', #3835, #3054, #4889, .T.);
#4891 = ORIENTED_EDGE ('', *, *, #4890, .F.);
#4892 = ORIENTED_EDGE ('', *, *, #3872, .F.);
#4893 = EDGE_LOOP ('', (#4885, #4886, #4891, #4892));
#4894 = FACE_OUTER_BOUND ('', #4893, .T.);
#4895 = CARTESIAN_POINT ('', (75.3749999999996, 110.999999999999, -4.24999999999978));
#4896 = CARTESIAN_POINT ('', (75.3161311935008, 111.000046612607, -4.24999999999982));
#4897 = CARTESIAN_POINT ('', (75.2231757376608, 110.989436747227, -4.24999999999972));
#4898 = CARTESIAN_POINT ('', (75.0985458576868, 110.949554584352, -4.24999999999981));
#4899 = CARTESIAN_POINT ('', (75.0073721085549, 110.906362810859, -4.24999999999975));
#4900 = CARTESIAN_POINT ('', (74.9212781642426, 110.850166058169, -4.24999999999976));
#4901 = CARTESIAN_POINT ('', (74.8429768446464, 110.782023155352, -4.24999999999971));
#4902 = CARTESIAN_POINT ('', (74.7748339418302, 110.703721835756, -4.24999999999972));
#4903 = CARTESIAN_POINT ('', (74.7186371891397, 110.617627891444, -4.24999999999968));
#4904 = CARTESIAN_POINT ('', (74.6754454156466, 110.526454142312, -4.24999999999966));
#4905 = CARTESIAN_POINT ('', (74.6355632527721, 110.401824262338, -4.24999999999961));
#4906 = CARTESIAN_POINT ('', (74.6249533873915, 110.308868806498, -4.24999999999962));
#4907 = CARTESIAN_POINT ('', (74.6249999999997, 110.249999999999, -4.24999999999958));
#4908 = CARTESIAN_POINT ('', (75.3749999999996, 111.249999999999, -4.49999999999972));
#4909 = CARTESIAN_POINT ('', (75.2965082580013, 111.250062150143, -4.49999999999971));
#4910 = CARTESIAN_POINT ('', (75.1725676502144, 111.235915662969, -4.49999999999971));
#4911 = CARTESIAN_POINT ('', (75.0063944769159, 111.182739445803, -4.49999999999972));
#4912 = CARTESIAN_POINT ('', (74.8848294780732, 111.125150414479, -4.49999999999972));
#4913 = CARTESIAN_POINT ('', (74.7700375523236, 111.050221410892, -4.49999999999971));
#4914 = CARTESIAN_POINT ('', (74.665635792862, 110.959364207137, -4.49999999999975));
#4915 = CARTESIAN_POINT ('', (74.574778589107, 110.854962447675, -4.49999999999972));
#4916 = CARTESIAN_POINT ('', (74.4998495855197, 110.740170521926, -4.49999999999974));
#4917 = CARTESIAN_POINT ('', (74.4422605541956, 110.618605523083, -4.49999999999982));
#4918 = CARTESIAN_POINT ('', (74.3890843370295, 110.452432349784, -4.49999999999974));
#4919 = CARTESIAN_POINT ('', (74.3749378498555, 110.328491741998, -4.49999999999986));
#4920 = CARTESIAN_POINT ('', (74.3749999999996, 110.249999999999, -4.49999999999985));
#4921 = B_SPLINE_SURFACE_WITH_KNOTS ('', 1, 3, ((#4895, #4896, #4897, #4898, #4899, #4900, #4901, #4902, #4903, #4904, #4905, #4906, #4907), (#4908, #4909, #4910, #4911, #4912, #4913, #4914, #4915, #4916, #4917, #4918, #4919, #4920)), .UNSPECIFIED., .F., .F., .U., (2, 2), (4, 1, 1, 1, 1, 1, 1, 1, 1, 1, 4), (0., 1.), (0., 0.166666666666646, 0.249999999999999, 0.333333333333319, 0.41666666666666, 0.499999999999983, 0.583333333333317, 0.666666666666657, 0.749999999999988, 0.833333333333324, 1.), .UNSPECIFIED.);
#4922 = ADVANCED_FACE ('', (#4894), #4921, .T.);
#4923 = ORIENTED_EDGE ('', *, *, #4890, .T.);
#4924 = ORIENTED_EDGE ('', *, *, #3058, .T.);
#4925 = ORIENTED_EDGE ('', *, *, #3278, .F.);
#4926 = ORIENTED_EDGE ('', *, *, #4562, .F.);
#4927 = EDGE_LOOP ('', (#4923, #4924, #4925, #4926));
#4928 = FACE_OUTER_BOUND ('', #4927, .T.);
#4929 = CARTESIAN_POINT ('', (74.6249999999997, 110.249999999999, -4.24999999999958));
#4930 = CARTESIAN_POINT ('', (74.6249999999997, 109.749999999999, -4.24999999999991));
#4931 = CARTESIAN_POINT ('', (74.6249999999996, 109.249999999999, -4.25000000000019));
#4932 = CARTESIAN_POINT ('', (74.6249999999996, 108.749999999999, -4.25000000000052));
#4933 = CARTESIAN_POINT ('', (74.3749999999997, 110.249999999999, -4.49999999999956));
#4934 = CARTESIAN_POINT ('', (74.3749999999996, 109.749999999999, -4.49999999999988));
#4935 = CARTESIAN_POINT ('', (74.3749999999997, 109.249999999999, -4.50000000000019));
#4936 = CARTESIAN_POINT ('', (74.3749999999996, 108.749999999999, -4.50000000000049));
#4937 = B_SPLINE_SURFACE_WITH_KNOTS ('', 1, 3, ((#4929, #4930, #4931, #4932), (#4933, #4934, #4935, #4936)), .UNSPECIFIED., .F., .F., .U., (2, 2), (4, 4), (0., 1.), (0., 1.), .UNSPECIFIED.);
#4938 = ADVANCED_FACE ('', (#4928), #4937, .T.);
#4939 = ORIENTED_EDGE ('', *, *, #2902, .F.);
#4940 = CARTESIAN_POINT ('', (80.1249999999999, 110.25, -4.99999999999964));
#4941 = VERTEX_POINT ('', #4940);
#4942 = CARTESIAN_POINT ('', (80.1249999999996, 110.249999999999, -4.49999999999962));
#4943 = CARTESIAN_POINT ('', (80.1249999999996, 110.249999999999, -4.99999999999962));
#4944 = B_SPLINE_CURVE_WITH_KNOTS ('', 1, (#4942, #4943), .UNSPECIFIED., .F., .U., (2, 2), (0., 1.), .UNSPECIFIED.);
#4945 = EDGE_CURVE ('', #2863, #4941, #4944, .T.);
#4946 = ORIENTED_EDGE ('', *, *, #4945, .T.);
#4947 = CARTESIAN_POINT ('', (78.6249999999998, 111.75, -5.00000000000019));
#4948 = VERTEX_POINT ('', #4947);
#4949 = CARTESIAN_POINT ('', (80.1249999999996, 110.249999999999, -4.99999999999962));
#4950 = CARTESIAN_POINT ('', (80.1249999999996, 110.272097086911, -4.99999999999961));
#4951 = CARTESIAN_POINT ('', (80.1240231894971, 110.31669632517, -4.99999999999959));
#4952 = CARTESIAN_POINT ('', (80.1194710971094, 110.384639428871, -4.99999999999956));
#4953 = CARTESIAN_POINT ('', (80.1116865995787, 110.453435900419, -4.99999999999954));
#4954 = CARTESIAN_POINT ('', (80.1005379465873, 110.52287549544, -4.99999999999952));
#4955 = CARTESIAN_POINT ('', (80.0859099298187, 110.592729589528, -4.9999999999995));
#4956 = CARTESIAN_POINT ('', (80.06770664352, 110.662752608104, -4.99999999999948));
#4957 = CARTESIAN_POINT ('', (80.0458541197821, 110.732683911661, -4.99999999999947));
#4958 = CARTESIAN_POINT ('', (80.0203027669242, 110.802250132685, -4.99999999999946));
#4959 = CARTESIAN_POINT ('', (79.9910295220804, 110.871167943653, -4.99999999999945));
#4960 = CARTESIAN_POINT ('', (79.9580396345624, 110.939147217513, -4.99999999999945));
#4961 = CARTESIAN_POINT ('', (79.9213680011354, 111.005894523795, -4.99999999999945));
#4962 = CARTESIAN_POINT ('', (79.8810799846203, 111.071116886177, -4.99999999999945));
#4963 = CARTESIAN_POINT ('', (79.8372716613486, 111.134525711961, -4.99999999999946));
#4964 = CARTESIAN_POINT ('', (79.790069460964, 111.195840791679, -4.99999999999947));
#4965 = CARTESIAN_POINT ('', (79.7396291829664, 111.254794258912, -4.99999999999949));
#4966 = CARTESIAN_POINT ('', (79.6861343971994, 111.311134397199, -4.9999999999995));
#4967 = CARTESIAN_POINT ('', (79.6297942589121, 111.364629182966, -4.99999999999953));
#4968 = CARTESIAN_POINT ('', (79.5708407916791, 111.415069460964, -4.99999999999955));
#4969 = CARTESIAN_POINT ('', (79.5095257119616, 111.462271661348, -4.99999999999958));
#4970 = CARTESIAN_POINT ('', (79.4461168861768, 111.50607998462, -4.99999999999961));
#4971 = CARTESIAN_POINT ('', (79.3808945237949, 111.546368001135, -4.99999999999965));
#4972 = CARTESIAN_POINT ('', (79.3141472175133, 111.583039634562, -4.99999999999969));
#4973 = CARTESIAN_POINT ('', (79.2461679436532, 111.61602952208, -4.99999999999973));
#4974 = CARTESIAN_POINT ('', (79.1772501326848, 111.645302766924, -4.99999999999977));
#4975 = CARTESIAN_POINT ('', (79.1076839116614, 111.670854119782, -4.99999999999982));
#4976 = CARTESIAN_POINT ('', (79.037752608104, 111.69270664352, -4.99999999999986));
#4977 = CARTESIAN_POINT ('', (78.9677295895278, 111.710909929818, -4.99999999999991));
#4978 = CARTESIAN_POINT ('', (78.8978754954397, 111.725537946587, -4.99999999999996));
#4979 = CARTESIAN_POINT ('', (78.8284359004196, 111.736686599578, -5.00000000000001));
#4980 = CARTESIAN_POINT ('', (78.7596394288716, 111.744471097109, -5.00000000000007));
#4981 = CARTESIAN_POINT ('', (78.6916963251703, 111.749023189497, -5.00000000000012));
#4982 = CARTESIAN_POINT ('', (78.6470970869116, 111.749999999999, -5.00000000000016));
#4983 = CARTESIAN_POINT ('', (78.6249999999995, 111.749999999999, -5.00000000000017));
#4984 = B_SPLINE_CURVE_WITH_KNOTS ('', 3, (#4949, #4950, #4951, #4952, #4953, #4954, #4955, #4956, #4957, #4958, #4959, #4960, #4961, #4962, #4963, #4964, #4965, #4966, #4967, #4968, #4969, #4970, #4971, #4972, #4973, #4974, #4975, #4976, #4977, #4978, #4979, #4980, #4981, #4982, #4983), .UNSPECIFIED., .F., .U., (4, 1, 1, 1, 1, 1, 1, 1, 1, 1, 1, 1, 1, 1, 1, 1, 1, 1, 1, 1, 1, 1, 1, 1, 1, 1, 1, 1, 1, 1, 1, 1, 4), (9., 9.03125, 9.0625, 9.09375, 9.125, 9.15625, 9.1875, 9.21875, 9.25, 9.28125, 9.3125, 9.34375, 9.375, 9.40625, 9.4375, 9.46875, 9.5, 9.53125, 9.5625, 9.59375, 9.625, 9.65625, 9.6875, 9.71875, 9.75, 9.78125, 9.8125, 9.84375, 9.875, 9.90625, 9.9375, 9.96875, 10.), .UNSPECIFIED.);
#4985 = EDGE_CURVE ('', #4941, #4948, #4984, .T.);
#4986 = ORIENTED_EDGE ('', *, *, #4985, .T.);
#4987 = CARTESIAN_POINT ('', (78.6249999999995, 111.749999999999, -4.50000000000018));
#4988 = CARTESIAN_POINT ('', (78.6249999999995, 111.749999999999, -5.00000000000017));
#4989 = B_SPLINE_CURVE_WITH_KNOTS ('', 1, (#4987, #4988), .UNSPECIFIED., .F., .U., (2, 2), (0., 1.), .UNSPECIFIED.);
#4990 = EDGE_CURVE ('', #2865, #4948, #4989, .T.);
#4991 = ORIENTED_EDGE ('', *, *, #4990, .F.);
#4992 = EDGE_LOOP ('', (#4939, #4946, #4986, #4991));
#4993 = FACE_OUTER_BOUND ('', #4992, .T.);
#4994 = CARTESIAN_POINT ('', (78.6250000000001, 111.749999999999, -5.00000000000017));
#4995 = CARTESIAN_POINT ('', (80.125, 111.749999999999, -4.99999999999896));
#4996 = CARTESIAN_POINT ('', (80.125, 110.249999999999, -4.99999999999927));
#4997 = CARTESIAN_POINT ('', (78.6249999999997, 111.749999999999, -4.50000000000053));
#4998 = CARTESIAN_POINT ('', (80.1249999999996, 111.749999999999, -4.49999999999931));
#4999 = CARTESIAN_POINT ('', (80.1249999999996, 110.249999999999, -4.49999999999963));
#5000 = (
   BOUNDED_SURFACE ()
   B_SPLINE_SURFACE (1, 2, ((#4994, #4995, #4996), (#4997, #4998, #4999)), .UNSPECIFIED., .F., .F., .U.)
   B_SPLINE_SURFACE_WITH_KNOTS ((2, 2), (3, 3), (-0.0499999999999646, 0.), (0., 0.235619449019223), .UNSPECIFIED.)
   GEOMETRIC_REPRESENTATION_ITEM ()
   RATIONAL_B_SPLINE_SURFACE (((1., 0.707106781186547, 1.), (1., 0.707106781186547, 1.)))
   REPRESENTATION_ITEM ('')
   SURFACE ()
);
#5001 = ADVANCED_FACE ('', (#4993), #5000, .T.);
#5002 = ORIENTED_EDGE ('', *, *, #3007, .F.);
#5003 = CARTESIAN_POINT ('', (80.1249999999998, 108.75, -5.00000000000035));
#5004 = VERTEX_POINT ('', #5003);
#5005 = CARTESIAN_POINT ('', (80.1249999999995, 108.749999999999, -4.50000000000035));
#5006 = CARTESIAN_POINT ('', (80.1249999999996, 108.749999999999, -5.00000000000034));
#5007 = B_SPLINE_CURVE_WITH_KNOTS ('', 1, (#5005, #5006), .UNSPECIFIED., .F., .U., (2, 2), (0., 1.), .UNSPECIFIED.);
#5008 = EDGE_CURVE ('', #2965, #5004, #5007, .T.);
#5009 = ORIENTED_EDGE ('', *, *, #5008, .T.);
#5010 = CARTESIAN_POINT ('', (80.1249999999996, 108.749999999999, -5.00000000000034));
#5011 = CARTESIAN_POINT ('', (80.1249999999996, 110.249999999999, -4.99999999999962));
#5012 = B_SPLINE_CURVE_WITH_KNOTS ('', 1, (#5010, #5011), .UNSPECIFIED., .F., .U., (2, 2), (8., 9.), .UNSPECIFIED.);
#5013 = EDGE_CURVE ('', #5004, #4941, #5012, .T.);
#5014 = ORIENTED_EDGE ('', *, *, #5013, .T.);
#5015 = ORIENTED_EDGE ('', *, *, #4945, .F.);
#5016 = EDGE_LOOP ('', (#5002, #5009, #5014, #5015));
#5017 = FACE_OUTER_BOUND ('', #5016, .T.);
#5018 = CARTESIAN_POINT ('', (80.1249999999995, 108.749999999999, -4.50000000000035));
#5019 = CARTESIAN_POINT ('', (80.1249999999996, 110.249999999999, -4.50000000000008));
#5020 = CARTESIAN_POINT ('', (80.1249999999996, 108.749999999999, -4.99999999999989));
#5021 = CARTESIAN_POINT ('', (80.1249999999996, 110.249999999999, -4.99999999999962));
#5022 = B_SPLINE_SURFACE_WITH_KNOTS ('', 1, 1, ((#5018, #5019), (#5020, #5021)), .UNSPECIFIED., .F., .F., .U., (2, 2), (2, 2), (-3.66817687336152E-13, 0.0499999999995871), (1.20000000000002, 1.35), .UNSPECIFIED.);
#5023 = ADVANCED_FACE ('', (#5017), #5022, .T.);
#5024 = ORIENTED_EDGE ('', *, *, #3002, .F.);
#5025 = CARTESIAN_POINT ('', (78.6249999999999, 107.25, -5.00000000000066));
#5026 = VERTEX_POINT ('', #5025);
#5027 = CARTESIAN_POINT ('', (78.6249999999996, 107.249999999999, -4.50000000000066));
#5028 = CARTESIAN_POINT ('', (78.6249999999996, 107.249999999999, -5.00000000000066));
#5029 = B_SPLINE_CURVE_WITH_KNOTS ('', 1, (#5027, #5028), .UNSPECIFIED., .F., .U., (2, 2), (0., 1.), .UNSPECIFIED.);
#5030 = EDGE_CURVE ('', #2958, #5026, #5029, .T.);
#5031 = ORIENTED_EDGE ('', *, *, #5030, .T.);
#5032 = CARTESIAN_POINT ('', (78.6249999999996, 107.249999999999, -5.00000000000066));
#5033 = CARTESIAN_POINT ('', (78.6470970869117, 107.249999999999, -5.00000000000066));
#5034 = CARTESIAN_POINT ('', (78.6916963251703, 107.250976810502, -5.00000000000066));
#5035 = CARTESIAN_POINT ('', (78.7596394288717, 107.25552890289, -5.00000000000065));
#5036 = CARTESIAN_POINT ('', (78.8284359004197, 107.26331340042, -5.00000000000065));
#5037 = CARTESIAN_POINT ('', (78.8978754954398, 107.274462053412, -5.00000000000065));
#5038 = CARTESIAN_POINT ('', (78.9677295895279, 107.28909007018, -5.00000000000065));
#5039 = CARTESIAN_POINT ('', (79.0377526081041, 107.307293356479, -5.00000000000064));
#5040 = CARTESIAN_POINT ('', (79.1076839116615, 107.329145880217, -5.00000000000064));
#5041 = CARTESIAN_POINT ('', (79.1772501326849, 107.354697233075, -5.00000000000063));
#5042 = CARTESIAN_POINT ('', (79.2461679436532, 107.383970477918, -5.00000000000062));
#5043 = CARTESIAN_POINT ('', (79.3141472175133, 107.416960365437, -5.00000000000062));
#5044 = CARTESIAN_POINT ('', (79.3808945237949, 107.453631998864, -5.00000000000061));
#5045 = CARTESIAN_POINT ('', (79.4461168861768, 107.493920015379, -5.0000000000006));
#5046 = CARTESIAN_POINT ('', (79.5095257119617, 107.53772833865, -5.00000000000059));
#5047 = CARTESIAN_POINT ('', (79.5708407916792, 107.584930539035, -5.00000000000058));
#5048 = CARTESIAN_POINT ('', (79.6297942589121, 107.635370817032, -5.00000000000057));
#5049 = CARTESIAN_POINT ('', (79.6861343971994, 107.688865602799, -5.00000000000056));
#5050 = CARTESIAN_POINT ('', (79.7396291829664, 107.745205741087, -5.00000000000055));
#5051 = CARTESIAN_POINT ('', (79.790069460964, 107.80415920832, -5.00000000000054));
#5052 = CARTESIAN_POINT ('', (79.8372716613485, 107.865474288037, -5.00000000000052));
#5053 = CARTESIAN_POINT ('', (79.8810799846203, 107.928883113822, -5.00000000000051));
#5054 = CARTESIAN_POINT ('', (79.9213680011354, 107.994105476204, -5.0000000000005));
#5055 = CARTESIAN_POINT ('', (79.9580396345623, 108.060852782486, -5.00000000000048));
#5056 = CARTESIAN_POINT ('', (79.9910295220804, 108.128832056346, -5.00000000000047));
#5057 = CARTESIAN_POINT ('', (80.0203027669242, 108.197749867314, -5.00000000000045));
#5058 = CARTESIAN_POINT ('', (80.0458541197821, 108.267316088337, -5.00000000000044));
#5059 = CARTESIAN_POINT ('', (80.06770664352, 108.337247391895, -5.00000000000043));
#5060 = CARTESIAN_POINT ('', (80.0859099298187, 108.407270410471, -5.00000000000041));
#5061 = CARTESIAN_POINT ('', (80.1005379465873, 108.477124504559, -5.0000000000004));
#5062 = CARTESIAN_POINT ('', (80.1116865995787, 108.546564099579, -5.00000000000038));
#5063 = CARTESIAN_POINT ('', (80.1194710971094, 108.615360571127, -5.00000000000037));
#5064 = CARTESIAN_POINT ('', (80.1240231894971, 108.683303674829, -5.00000000000036));
#5065 = CARTESIAN_POINT ('', (80.1249999999996, 108.727902913087, -5.00000000000035));
#5066 = CARTESIAN_POINT ('', (80.1249999999996, 108.749999999999, -5.00000000000034));
#5067 = B_SPLINE_CURVE_WITH_KNOTS ('', 3, (#5032, #5033, #5034, #5035, #5036, #5037, #5038, #5039, #5040, #5041, #5042, #5043, #5044, #5045, #5046, #5047, #5048, #5049, #5050, #5051, #5052, #5053, #5054, #5055, #5056, #5057, #5058, #5059, #5060, #5061, #5062, #5063, #5064, #5065, #5066), .UNSPECIFIED., .F., .U., (4, 1, 1, 1, 1, 1, 1, 1, 1, 1, 1, 1, 1, 1, 1, 1, 1, 1, 1, 1, 1, 1, 1, 1, 1, 1, 1, 1, 1, 1, 1, 1, 4), (7., 7.03125, 7.0625, 7.09375, 7.125, 7.15625, 7.1875, 7.21875, 7.25, 7.28125, 7.3125, 7.34375, 7.375, 7.40625, 7.4375, 7.46875, 7.5, 7.53125, 7.5625, 7.59375, 7.625, 7.65625, 7.6875, 7.71875, 7.75, 7.78125, 7.8125, 7.84375, 7.875, 7.90625, 7.9375, 7.96875, 8.), .UNSPECIFIED.);
#5068 = EDGE_CURVE ('', #5026, #5004, #5067, .T.);
#5069 = ORIENTED_EDGE ('', *, *, #5068, .T.);
#5070 = ORIENTED_EDGE ('', *, *, #5008, .F.);
#5071 = EDGE_LOOP ('', (#5024, #5031, #5069, #5070));
#5072 = FACE_OUTER_BOUND ('', #5071, .T.);
#5073 = CARTESIAN_POINT ('', (80.1249999999996, 108.749999999999, -5.00000000000034));
#5074 = CARTESIAN_POINT ('', (80.1249999999996, 107.249999999999, -5.00000000000064));
#5075 = CARTESIAN_POINT ('', (78.6249999999996, 107.249999999999, -5.0000000000008));
#5076 = CARTESIAN_POINT ('', (80.1249999999996, 108.749999999999, -4.5000000000002));
#5077 = CARTESIAN_POINT ('', (80.1249999999995, 107.249999999999, -4.5000000000005));
#5078 = CARTESIAN_POINT ('', (78.6249999999995, 107.249999999999, -4.50000000000066));
#5079 = (
   BOUNDED_SURFACE ()
   B_SPLINE_SURFACE (1, 2, ((#5073, #5074, #5075), (#5076, #5077, #5078)), .UNSPECIFIED., .F., .F., .U.)
   B_SPLINE_SURFACE_WITH_KNOTS ((2, 2), (3, 3), (-0.0500000000000144, 0.), (0., 0.235619449019237), .UNSPECIFIED.)
   GEOMETRIC_REPRESENTATION_ITEM ()
   RATIONAL_B_SPLINE_SURFACE (((1., 0.707106781186547, 1.), (1., 0.707106781186547, 1.)))
   REPRESENTATION_ITEM ('')
   SURFACE ()
);
#5080 = ADVANCED_FACE ('', (#5072), #5079, .T.);
#5081 = ORIENTED_EDGE ('', *, *, #2949, .F.);
#5082 = CARTESIAN_POINT ('', (73.875, 111.75, -5.00000000000001));
#5083 = VERTEX_POINT ('', #5082);
#5084 = CARTESIAN_POINT ('', (73.8749999999997, 111.749999999999, -4.49999999999999));
#5085 = CARTESIAN_POINT ('', (73.8749999999997, 111.749999999999, -4.99999999999999));
#5086 = B_SPLINE_CURVE_WITH_KNOTS ('', 1, (#5084, #5085), .UNSPECIFIED., .F., .U., (2, 2), (0., 1.), .UNSPECIFIED.);
#5087 = EDGE_CURVE ('', #2905, #5083, #5086, .T.);
#5088 = ORIENTED_EDGE ('', *, *, #5087, .T.);
#5089 = CARTESIAN_POINT ('', (72.3749999999999, 110.25, -4.99999999999996));
#5090 = VERTEX_POINT ('', #5089);
#5091 = CARTESIAN_POINT ('', (73.8749999999997, 111.749999999999, -4.99999999999999));
#5092 = CARTESIAN_POINT ('', (73.8529029130876, 111.749999999999, -4.99999999999999));
#5093 = CARTESIAN_POINT ('', (73.8083036748289, 111.749023189497, -4.99999999999999));
#5094 = CARTESIAN_POINT ('', (73.7403605711276, 111.744471097109, -4.99999999999999));
#5095 = CARTESIAN_POINT ('', (73.6715640995796, 111.736686599579, -4.99999999999999));
#5096 = CARTESIAN_POINT ('', (73.6021245045595, 111.725537946587, -4.99999999999999));
#5097 = CARTESIAN_POINT ('', (73.5322704104714, 111.710909929818, -4.99999999999999));
#5098 = CARTESIAN_POINT ('', (73.4622473918952, 111.69270664352, -4.99999999999999));
#5099 = CARTESIAN_POINT ('', (73.3923160883378, 111.670854119782, -4.99999999999999));
#5100 = CARTESIAN_POINT ('', (73.3227498673144, 111.645302766924, -4.99999999999999));
#5101 = CARTESIAN_POINT ('', (73.2538320563461, 111.61602952208, -4.99999999999999));
#5102 = CARTESIAN_POINT ('', (73.1858527824859, 111.583039634562, -4.99999999999999));
#5103 = CARTESIAN_POINT ('', (73.1191054762043, 111.546368001135, -4.99999999999999));
#5104 = CARTESIAN_POINT ('', (73.0538831138225, 111.50607998462, -4.99999999999999));
#5105 = CARTESIAN_POINT ('', (72.9904742880376, 111.462271661348, -4.99999999999999));
#5106 = CARTESIAN_POINT ('', (72.9291592083201, 111.415069460964, -4.99999999999999));
#5107 = CARTESIAN_POINT ('', (72.8702057410871, 111.364629182966, -4.99999999999999));
#5108 = CARTESIAN_POINT ('', (72.8138656027998, 111.311134397199, -4.99999999999999));
#5109 = CARTESIAN_POINT ('', (72.7603708170328, 111.254794258912, -4.99999999999999));
#5110 = CARTESIAN_POINT ('', (72.7099305390353, 111.195840791679, -4.99999999999998));
#5111 = CARTESIAN_POINT ('', (72.6627283386507, 111.134525711961, -4.99999999999998));
#5112 = CARTESIAN_POINT ('', (72.6189200153789, 111.071116886177, -4.99999999999998));
#5113 = CARTESIAN_POINT ('', (72.5786319988639, 111.005894523795, -4.99999999999998));
#5114 = CARTESIAN_POINT ('', (72.5419603654369, 110.939147217513, -4.99999999999998));
#5115 = CARTESIAN_POINT ('', (72.5089704779188, 110.871167943653, -4.99999999999997));
#5116 = CARTESIAN_POINT ('', (72.4796972330751, 110.802250132685, -4.99999999999997));
#5117 = CARTESIAN_POINT ('', (72.4541458802172, 110.732683911661, -4.99999999999997));
#5118 = CARTESIAN_POINT ('', (72.4322933564793, 110.662752608104, -4.99999999999996));
#5119 = CARTESIAN_POINT ('', (72.4140900701805, 110.592729589528, -4.99999999999996));
#5120 = CARTESIAN_POINT ('', (72.399462053412, 110.52287549544, -4.99999999999996));
#5121 = CARTESIAN_POINT ('', (72.3883134004205, 110.45343590042, -4.99999999999996));
#5122 = CARTESIAN_POINT ('', (72.3805289028898, 110.384639428871, -4.99999999999995));
#5123 = CARTESIAN_POINT ('', (72.3759768105022, 110.31669632517, -4.99999999999995));
#5124 = CARTESIAN_POINT ('', (72.3749999999997, 110.272097086911, -4.99999999999995));
#5125 = CARTESIAN_POINT ('', (72.3749999999997, 110.249999999999, -4.99999999999995));
#5126 = B_SPLINE_CURVE_WITH_KNOTS ('', 3, (#5091, #5092, #5093, #5094, #5095, #5096, #5097, #5098, #5099, #5100, #5101, #5102, #5103, #5104, #5105, #5106, #5107, #5108, #5109, #5110, #5111, #5112, #5113, #5114, #5115, #5116, #5117, #5118, #5119, #5120, #5121, #5122, #5123, #5124, #5125), .UNSPECIFIED., .F., .U., (4, 1, 1, 1, 1, 1, 1, 1, 1, 1, 1, 1, 1, 1, 1, 1, 1, 1, 1, 1, 1, 1, 1, 1, 1, 1, 1, 1, 1, 1, 1, 1, 4), (11., 11.03125, 11.0625, 11.09375, 11.125, 11.15625, 11.1875, 11.21875, 11.25, 11.28125, 11.3125, 11.34375, 11.375, 11.40625, 11.4375, 11.46875, 11.5, 11.53125, 11.5625, 11.59375, 11.625, 11.65625, 11.6875, 11.71875, 11.75, 11.78125, 11.8125, 11.84375, 11.875, 11.90625, 11.9375, 11.96875, 12.), .UNSPECIFIED.);
#5127 = EDGE_CURVE ('', #5083, #5090, #5126, .T.);
#5128 = ORIENTED_EDGE ('', *, *, #5127, .T.);
#5129 = CARTESIAN_POINT ('', (72.3749999999997, 110.249999999999, -4.49999999999995));
#5130 = CARTESIAN_POINT ('', (72.3749999999997, 110.249999999999, -4.99999999999995));
#5131 = B_SPLINE_CURVE_WITH_KNOTS ('', 1, (#5129, #5130), .UNSPECIFIED., .F., .U., (2, 2), (0., 1.), .UNSPECIFIED.);
#5132 = EDGE_CURVE ('', #2912, #5090, #5131, .T.);
#5133 = ORIENTED_EDGE ('', *, *, #5132, .F.);
#5134 = EDGE_LOOP ('', (#5081, #5088, #5128, #5133));
#5135 = FACE_OUTER_BOUND ('', #5134, .T.);
#5136 = CARTESIAN_POINT ('', (72.3749999999997, 110.249999999999, -4.99999999999995));
#5137 = CARTESIAN_POINT ('', (72.3749999999996, 111.749999999999, -5.00000000000001));
#5138 = CARTESIAN_POINT ('', (73.8749999999997, 111.749999999999, -4.99999999999995));
#5139 = CARTESIAN_POINT ('', (72.3749999999997, 110.249999999999, -4.49999999999995));
#5140 = CARTESIAN_POINT ('', (72.3749999999996, 111.749999999999, -4.50000000000002));
#5141 = CARTESIAN_POINT ('', (73.8749999999997, 111.749999999999, -4.49999999999996));
#5142 = (
   BOUNDED_SURFACE ()
   B_SPLINE_SURFACE (1, 2, ((#5136, #5137, #5138), (#5139, #5140, #5141)), .UNSPECIFIED., .F., .F., .U.)
   B_SPLINE_SURFACE_WITH_KNOTS ((2, 2), (3, 3), (-0.0499999999999991, 0.), (0., 0.235619449019244), .UNSPECIFIED.)
   GEOMETRIC_REPRESENTATION_ITEM ()
   RATIONAL_B_SPLINE_SURFACE (((1., 0.707106781186547, 1.), (1., 0.707106781186547, 1.)))
   REPRESENTATION_ITEM ('')
   SURFACE ()
);
#5143 = ADVANCED_FACE ('', (#5135), #5142, .T.);
#5144 = ORIENTED_EDGE ('', *, *, #2909, .F.);
#5145 = ORIENTED_EDGE ('', *, *, #4990, .T.);
#5146 = CARTESIAN_POINT ('', (78.6249999999995, 111.749999999999, -5.00000000000017));
#5147 = CARTESIAN_POINT ('', (73.8749999999997, 111.749999999999, -4.99999999999999));
#5148 = B_SPLINE_CURVE_WITH_KNOTS ('', 1, (#5146, #5147), .UNSPECIFIED., .F., .U., (2, 2), (0., 1.), .UNSPECIFIED.);
#5149 = EDGE_CURVE ('', #4948, #5083, #5148, .T.);
#5150 = ORIENTED_EDGE ('', *, *, #5149, .T.);
#5151 = ORIENTED_EDGE ('', *, *, #5087, .F.);
#5152 = EDGE_LOOP ('', (#5144, #5145, #5150, #5151));
#5153 = FACE_OUTER_BOUND ('', #5152, .T.);
#5154 = CARTESIAN_POINT ('', (78.6249999999995, 111.749999999999, -4.49999999999631));
#5155 = CARTESIAN_POINT ('', (73.8749999999997, 111.749999999999, -4.49999999999648));
#5156 = CARTESIAN_POINT ('', (78.6249999999995, 111.749999999999, -4.99999999999964));
#5157 = CARTESIAN_POINT ('', (73.8749999999998, 111.749999999999, -4.9999999999998));
#5158 = B_SPLINE_SURFACE_WITH_KNOTS ('', 1, 1, ((#5154, #5155), (#5156, #5157)), .UNSPECIFIED., .F., .F., .U., (2, 2), (2, 2), (-7.54576956474295E-13, 0.049999999999578), (3.24999999999985, 3.72499999999982), .UNSPECIFIED.);
#5159 = ADVANCED_FACE ('', (#5153), #5158, .T.);
#5160 = ORIENTED_EDGE ('', *, *, #5030, .F.);
#5161 = ORIENTED_EDGE ('', *, *, #2962, .F.);
#5162 = ORIENTED_EDGE ('', *, *, #2850, .T.);
#5163 = CARTESIAN_POINT ('', (73.8749999999997, 107.249999999999, -5.00000000000104));
#5164 = CARTESIAN_POINT ('', (78.6249999999996, 107.249999999999, -5.00000000000066));
#5165 = B_SPLINE_CURVE_WITH_KNOTS ('', 1, (#5163, #5164), .UNSPECIFIED., .F., .U., (2, 2), (0., 1.), .UNSPECIFIED.);
#5166 = EDGE_CURVE ('', #2808, #5026, #5165, .T.);
#5167 = ORIENTED_EDGE ('', *, *, #5166, .T.);
#5168 = EDGE_LOOP ('', (#5160, #5161, #5162, #5167));
#5169 = FACE_OUTER_BOUND ('', #5168, .T.);
#5170 = CARTESIAN_POINT ('', (73.8749999999997, 107.249999999999, -4.49999999999949));
#5171 = CARTESIAN_POINT ('', (78.6249999999995, 107.249999999999, -4.49999999999932));
#5172 = CARTESIAN_POINT ('', (73.8749999999997, 107.249999999999, -5.00000000000085));
#5173 = CARTESIAN_POINT ('', (78.6249999999996, 107.249999999999, -5.00000000000069));
#5174 = B_SPLINE_SURFACE_WITH_KNOTS ('', 1, 1, ((#5170, #5171), (#5172, #5173)), .UNSPECIFIED., .F., .F., .U., (2, 2), (2, 2), (-2.38378761174829E-13, 0.0499999999998977), (4.39999999999985, 4.87499999999983), .UNSPECIFIED.);
#5175 = ADVANCED_FACE ('', (#5169), #5174, .T.);
#5176 = ORIENTED_EDGE ('', *, *, #4985, .F.);
#5177 = ORIENTED_EDGE ('', *, *, #5013, .F.);
#5178 = ORIENTED_EDGE ('', *, *, #5068, .F.);
#5179 = ORIENTED_EDGE ('', *, *, #5166, .F.);
#5180 = ORIENTED_EDGE ('', *, *, #2845, .F.);
#5181 = CARTESIAN_POINT ('', (72.3749999999997, 110.249999999999, -4.99999999999995));
#5182 = CARTESIAN_POINT ('', (72.3749999999997, 108.749999999999, -5.00000000000034));
#5183 = B_SPLINE_CURVE_WITH_KNOTS ('', 1, (#5181, #5182), .UNSPECIFIED., .F., .U., (2, 2), (12., 13.), .UNSPECIFIED.);
#5184 = EDGE_CURVE ('', #5090, #2801, #5183, .T.);
#5185 = ORIENTED_EDGE ('', *, *, #5184, .F.);
#5186 = ORIENTED_EDGE ('', *, *, #5127, .F.);
#5187 = ORIENTED_EDGE ('', *, *, #5149, .F.);
#5188 = EDGE_LOOP ('', (#5176, #5177, #5178, #5179, #5180, #5185, #5186, #5187));
#5189 = FACE_OUTER_BOUND ('', #5188, .T.);
#5190 = ORIENTED_EDGE ('', *, *, #4833, .T.);
#5191 = ORIENTED_EDGE ('', *, *, #4606, .T.);
#5192 = ORIENTED_EDGE ('', *, *, #4791, .F.);
#5193 = ORIENTED_EDGE ('', *, *, #4812, .T.);
#5194 = ORIENTED_EDGE ('', *, *, #4845, .T.);
#5195 = ORIENTED_EDGE ('', *, *, #4840, .F.);
#5196 = EDGE_LOOP ('', (#5190, #5191, #5192, #5193, #5194, #5195));
#5197 = FACE_BOUND ('', #5196, .T.);
#5198 = CARTESIAN_POINT ('', (72.3749999999997, 111.749999999999, -4.9999999999999));
#5199 = CARTESIAN_POINT ('', (72.3749999999997, 107.249999999999, -5.00000000000072));
#5200 = CARTESIAN_POINT ('', (80.1249999999996, 111.749999999999, -4.99999999999973));
#5201 = CARTESIAN_POINT ('', (80.1249999999996, 107.249999999999, -5.00000000000055));
#5202 = B_SPLINE_SURFACE_WITH_KNOTS ('', 1, 1, ((#5198, #5199), (#5200, #5201)), .UNSPECIFIED., .F., .F., .U., (2, 2), (2, 2), (0.214030755869477, 0.693222462250353), (0.360879827179744, 0.639120172820255), .UNSPECIFIED.);
#5203 = ADVANCED_FACE ('', (#5189, #5197), #5202, .T.);
#5204 = ORIENTED_EDGE ('', *, *, #2954, .F.);
#5205 = ORIENTED_EDGE ('', *, *, #5132, .T.);
#5206 = ORIENTED_EDGE ('', *, *, #5184, .T.);
#5207 = ORIENTED_EDGE ('', *, *, #2805, .F.);
#5208 = EDGE_LOOP ('', (#5204, #5205, #5206, #5207));
#5209 = FACE_OUTER_BOUND ('', #5208, .T.);
#5210 = CARTESIAN_POINT ('', (72.3749999999997, 110.249999999999, -4.49999999999995));
#5211 = CARTESIAN_POINT ('', (72.3749999999997, 108.749999999999, -4.50000000000037));
#5212 = CARTESIAN_POINT ('', (72.3749999999997, 110.249999999999, -4.99999999999992));
#5213 = CARTESIAN_POINT ('', (72.3749999999997, 108.749999999999, -5.00000000000034));
#5214 = B_SPLINE_SURFACE_WITH_KNOTS ('', 1, 1, ((#5210, #5211), (#5212, #5213)), .UNSPECIFIED., .F., .F., .U., (2, 2), (2, 2), (-3.39728245535298E-14, 0.049999999999963), (1.79999999999996, 1.94999999999996), .UNSPECIFIED.);
#5215 = ADVANCED_FACE ('', (#5209), #5214, .T.);
#5216 = ORIENTED_EDGE ('', *, *, #3526, .F.);
#5217 = ORIENTED_EDGE ('', *, *, #4464, .T.);
#5218 = ORIENTED_EDGE ('', *, *, #3557, .F.);
#5219 = ORIENTED_EDGE ('', *, *, #3504, .T.);
#5220 = EDGE_LOOP ('', (#5216, #5217, #5218, #5219));
#5221 = FACE_OUTER_BOUND ('', #5220, .T.);
#5222 = CARTESIAN_POINT ('', (74.875, 108.749999999999, -2.00000000000016));
#5223 = CARTESIAN_POINT ('', (74.875, 108.542893218812, -2.00000000000021));
#5224 = CARTESIAN_POINT ('', (75.0214466094066, 108.396446609406, -2.00000000000025));
#5225 = CARTESIAN_POINT ('', (74.6249999999996, 108.749999999999, -2.25000000000247));
#5226 = CARTESIAN_POINT ('', (74.6249999999996, 108.439339828219, -2.25000000000254));
#5227 = CARTESIAN_POINT ('', (74.8446699141097, 108.219669914109, -2.25000000000261));
#5228 = (
   BOUNDED_SURFACE ()
   B_SPLINE_SURFACE (1, 2, ((#5222, #5223, #5224), (#5225, #5226, #5227)), .UNSPECIFIED., .F., .F., .U.)
   B_SPLINE_SURFACE_WITH_KNOTS ((2, 2), (3, 3), (-0.282842712476155, 0.282842712476199), (0.147262155637008, 0.196349540849341), .UNSPECIFIED.)
   GEOMETRIC_REPRESENTATION_ITEM ()
   RATIONAL_B_SPLINE_SURFACE (((0.853553390593274, 0.853553390593281, 1.), (0.853553390593274, 0.853553390593281, 1.)))
   REPRESENTATION_ITEM ('')
   SURFACE ()
);
#5229 = ADVANCED_FACE ('', (#5221), #5228, .T.);
#5230 = ORIENTED_EDGE ('', *, *, #3593, .F.);
#5231 = ORIENTED_EDGE ('', *, *, #4456, .T.);
#5232 = ORIENTED_EDGE ('', *, *, #3625, .F.);
#5233 = ORIENTED_EDGE ('', *, *, #4438, .T.);
#5234 = EDGE_LOOP ('', (#5230, #5231, #5232, #5233));
#5235 = FACE_OUTER_BOUND ('', #5234, .T.);
#5236 = CARTESIAN_POINT ('', (75.3749999999998, 110.749999999999, -1.99999999999983));
#5237 = CARTESIAN_POINT ('', (75.1678932188133, 110.749999999999, -1.99999999999982));
#5238 = CARTESIAN_POINT ('', (75.0214466094067, 110.603553390592, -1.99999999999984));
#5239 = CARTESIAN_POINT ('', (75.3749999999998, 111.000000000002, -2.25000000000011));
#5240 = CARTESIAN_POINT ('', (75.0643398282188, 111.000000000002, -2.25000000000009));
#5241 = CARTESIAN_POINT ('', (74.844669914108, 110.780330085891, -2.25000000000012));
#5242 = (
   BOUNDED_SURFACE ()
   B_SPLINE_SURFACE (1, 2, ((#5236, #5237, #5238), (#5239, #5240, #5241)), .UNSPECIFIED., .F., .F., .U.)
   B_SPLINE_SURFACE_WITH_KNOTS ((2, 2), (3, 3), (-0.282842712473632, 0.28284271247926), (0.147262155636986, 0.196349540849327), .UNSPECIFIED.)
   GEOMETRIC_REPRESENTATION_ITEM ()
   RATIONAL_B_SPLINE_SURFACE (((0.853553390593274, 0.853553390593246, 1.), (0.853553390593274, 0.853553390593246, 1.)))
   REPRESENTATION_ITEM ('')
   SURFACE ()
);
#5243 = ADVANCED_FACE ('', (#5235), #5242, .T.);
#5244 = ORIENTED_EDGE ('', *, *, #4120, .F.);
#5245 = ORIENTED_EDGE ('', *, *, #4478, .T.);
#5246 = ORIENTED_EDGE ('', *, *, #4506, .T.);
#5247 = ORIENTED_EDGE ('', *, *, #4307, .T.);
#5248 = EDGE_LOOP ('', (#5244, #5245, #5246, #5247));
#5249 = FACE_OUTER_BOUND ('', #5248, .T.);
#5250 = CARTESIAN_POINT ('', (77.1249999999997, 108.249999999999, -2.00000000000047));
#5251 = CARTESIAN_POINT ('', (77.3321067811862, 108.249999999999, -2.00000000000048));
#5252 = CARTESIAN_POINT ('', (77.4785533905929, 108.396446609406, -2.00000000000046));
#5253 = CARTESIAN_POINT ('', (77.1249999999997, 107.999999999999, -2.24999999999907));
#5254 = CARTESIAN_POINT ('', (77.4356601717796, 107.999999999999, -2.24999999999909));
#5255 = CARTESIAN_POINT ('', (77.6553300858897, 108.219669914109, -2.24999999999906));
#5256 = (
   BOUNDED_SURFACE ()
   B_SPLINE_SURFACE (1, 2, ((#5250, #5251, #5252), (#5253, #5254, #5255)), .UNSPECIFIED., .F., .F., .U.)
   B_SPLINE_SURFACE_WITH_KNOTS ((2, 2), (3, 3), (-0.282842712474006, 0.282842712473963), (0.147262155637018, 0.196349540849354), .UNSPECIFIED.)
   GEOMETRIC_REPRESENTATION_ITEM ()
   RATIONAL_B_SPLINE_SURFACE (((0.853553390593274, 0.853553390593281, 1.), (0.853553390593274, 0.853553390593281, 1.)))
   REPRESENTATION_ITEM ('')
   SURFACE ()
);
#5257 = ADVANCED_FACE ('', (#5249), #5256, .T.);
#5258 = ORIENTED_EDGE ('', *, *, #4407, .F.);
#5259 = ORIENTED_EDGE ('', *, *, #4486, .T.);
#5260 = ORIENTED_EDGE ('', *, *, #4098, .T.);
#5261 = ORIENTED_EDGE ('', *, *, #4389, .T.);
#5262 = EDGE_LOOP ('', (#5258, #5259, #5260, #5261));
#5263 = FACE_OUTER_BOUND ('', #5262, .T.);
#5264 = CARTESIAN_POINT ('', (77.6249999999995, 110.249999999999, -2.00000000000006));
#5265 = CARTESIAN_POINT ('', (77.6249999999995, 110.457106781185, -2.00000000000002));
#5266 = CARTESIAN_POINT ('', (77.4785533905929, 110.603553390592, -1.99999999999997));
#5267 = CARTESIAN_POINT ('', (77.8750000000045, 110.249999999999, -2.25000000000042));
#5268 = CARTESIAN_POINT ('', (77.8750000000045, 110.560660171781, -2.25000000000035));
#5269 = CARTESIAN_POINT ('', (77.6553300858931, 110.780330085892, -2.25000000000028));
#5270 = (
   BOUNDED_SURFACE ()
   B_SPLINE_SURFACE (1, 2, ((#5264, #5265, #5266), (#5267, #5268, #5269)), .UNSPECIFIED., .F., .F., .U.)
   B_SPLINE_SURFACE_WITH_KNOTS ((2, 2), (3, 3), (-0.282842712472205, 0.28284271248309), (0.147262155637024, 0.196349540849354), .UNSPECIFIED.)
   GEOMETRIC_REPRESENTATION_ITEM ()
   RATIONAL_B_SPLINE_SURFACE (((0.853553390593274, 0.8535533905933, 1.), (0.853553390593274, 0.8535533905933, 1.)))
   REPRESENTATION_ITEM ('')
   SURFACE ()
);
#5271 = ADVANCED_FACE ('', (#5263), #5270, .T.);
#5272 = CLOSED_SHELL ('', (#2861, #3272, #3355, #3418, #3481, #3520, #3551, #3585, #3617, #3653, #3737, #3833, #3890, #3932, #4028, #4084, #4112, #4144, #4240, #4297, #4323, #4374, #4401, #4426, #4450, #4496, #4516, #4556, #4576, #4598, #4626, #4652, #4690, #4710, #4748, #4770, #4800, #4822, #4864, #4884, #4922, #4938, #5001, #5023, #5080, #5143, #5159, #5175, #5203, #5215, #5229, #5243, #5257, #5271));
#5273 = MANIFOLD_SOLID_BREP ('', #5272);
#5274 = COLOUR_RGB ('', 0., 0.333333333333333, 1.);
#5275 = FILL_AREA_STYLE_COLOUR ('', #5274);
#5276 = FILL_AREA_STYLE ('', (#5275));
#5277 = SURFACE_STYLE_FILL_AREA (#5276);
#5278 = SURFACE_SIDE_STYLE ('', (#5277));
#5279 = SURFACE_STYLE_USAGE (.POSITIVE., #5278);
#5280 = PRESENTATION_STYLE_ASSIGNMENT ((#5279));
#5281 = STYLED_ITEM ('', (#5280), #5273);
#5282 = (
   LENGTH_UNIT ()
   NAMED_UNIT (*)
   SI_UNIT ($, .METRE.)
);
#5283 = (
   NAMED_UNIT (*)
   SI_UNIT ($, .STERADIAN.)
   SOLID_ANGLE_UNIT ()
);
#5284 = (
   NAMED_UNIT (*)
   PLANE_ANGLE_UNIT ()
   SI_UNIT ($, .RADIAN.)
);
#5285 = UNCERTAINTY_MEASURE_WITH_UNIT (LENGTH_MEASURE(0.001), #5282, 'DISTANCE_ACCURACY_VALUE', '');
#5286 = (
   GEOMETRIC_REPRESENTATION_CONTEXT (3)
   GLOBAL_UNCERTAINTY_ASSIGNED_CONTEXT ((#5285))
   GLOBAL_UNIT_ASSIGNED_CONTEXT ((#5282, #5283, #5284))
   REPRESENTATION_CONTEXT ('', '3D')
);
#5287 = SHAPE_REPRESENTATION ('', (#5415), #5286);
#5288 = APPLICATION_CONTEXT ('configuration controlled 3D designs of mechanical parts and assemblies');
#5289 = APPLICATION_PROTOCOL_DEFINITION ('International Standard', 'config_control_design', 1997, #5288);
#5290 = MECHANICAL_CONTEXT ('', #5288, 'mechanical');
#5291 = PRODUCT ('', '', '', (#5290));
#5292 = PERSON_AND_ORGANIZATION_ROLE ('design_owner');
#5293 = PERSON ('#5293', '', $, $, $, $);
#5294 = ORGANIZATION ($, '', '');
#5295 = PERSON_AND_ORGANIZATION (#5293, #5294);
#5296 = CC_DESIGN_PERSON_AND_ORGANIZATION_ASSIGNMENT (#5295, #5292, (#5291));
#5297 = PRODUCT_RELATED_PRODUCT_CATEGORY ('detail', $, (#5291));
#5298 = PRODUCT_DEFINITION_FORMATION_WITH_SPECIFIED_SOURCE ('', '', #5291, .NOT_KNOWN.);
#5299 = APPROVAL_STATUS ('approved');
#5300 = APPROVAL (#5299, '');
#5301 = CALENDAR_DATE (2026, 18, 2);
#5302 = COORDINATED_UNIVERSAL_TIME_OFFSET (0, $, .AHEAD.);
#5303 = LOCAL_TIME (16, 15, 53., #5302);
#5304 = DATE_AND_TIME (#5301, #5303);
#5305 = APPROVAL_DATE_TIME (#5304, #5300);
#5306 = APPROVAL_ROLE ('');
#5307 = PERSON ('#5307', '', $, $, $, $);
#5308 = ORGANIZATION ($, '', '');
#5309 = PERSON_AND_ORGANIZATION (#5307, #5308);
#5310 = APPROVAL_PERSON_ORGANIZATION (#5309, #5300, #5306);
#5311 = CC_DESIGN_APPROVAL (#5300, (#5298));
#5312 = PERSON_AND_ORGANIZATION_ROLE ('creator');
#5313 = PERSON ('#5313', '', $, $, $, $);
#5314 = ORGANIZATION ($, '', '');
#5315 = PERSON_AND_ORGANIZATION (#5313, #5314);
#5316 = CC_DESIGN_PERSON_AND_ORGANIZATION_ASSIGNMENT (#5315, #5312, (#5298));
#5317 = PERSON_AND_ORGANIZATION_ROLE ('part_supplier');
#5318 = PERSON ('#5318', '', $, $, $, $);
#5319 = ORGANIZATION ($, '', '');
#5320 = PERSON_AND_ORGANIZATION (#5318, #5319);
#5321 = CC_DESIGN_PERSON_AND_ORGANIZATION_ASSIGNMENT (#5320, #5317, (#5298));
#5322 = SECURITY_CLASSIFICATION_LEVEL ('unclassified');
#5323 = SECURITY_CLASSIFICATION ('', '', #5322);
#5324 = APPROVAL_STATUS ('approved');
#5325 = APPROVAL (#5324, '');
#5326 = CALENDAR_DATE (2026, 18, 2);
#5327 = COORDINATED_UNIVERSAL_TIME_OFFSET (0, $, .AHEAD.);
#5328 = LOCAL_TIME (16, 15, 53., #5327);
#5329 = DATE_AND_TIME (#5326, #5328);
#5330 = APPROVAL_DATE_TIME (#5329, #5325);
#5331 = APPROVAL_ROLE ('');
#5332 = PERSON ('#5332', '', $, $, $, $);
#5333 = ORGANIZATION ($, '', '');
#5334 = PERSON_AND_ORGANIZATION (#5332, #5333);
#5335 = APPROVAL_PERSON_ORGANIZATION (#5334, #5325, #5331);
#5336 = CC_DESIGN_APPROVAL (#5325, (#5323));
#5337 = DATE_TIME_ROLE ('classification_date');
#5338 = CALENDAR_DATE (2026, 18, 2);
#5339 = COORDINATED_UNIVERSAL_TIME_OFFSET (0, $, .AHEAD.);
#5340 = LOCAL_TIME (16, 15, 53., #5339);
#5341 = DATE_AND_TIME (#5338, #5340);
#5342 = CC_DESIGN_DATE_AND_TIME_ASSIGNMENT (#5341, #5337, (#5323));
#5343 = PERSON_AND_ORGANIZATION_ROLE ('classification_officer');
#5344 = PERSON ('#5344', '', $, $, $, $);
#5345 = ORGANIZATION ($, '', '');
#5346 = PERSON_AND_ORGANIZATION (#5344, #5345);
#5347 = CC_DESIGN_PERSON_AND_ORGANIZATION_ASSIGNMENT (#5346, #5343, (#5323));
#5348 = CC_DESIGN_SECURITY_CLASSIFICATION (#5323, (#5298));
#5349 = DESIGN_CONTEXT ('', #5288, 'design');
#5350 = APPROVAL_STATUS ('approved');
#5351 = APPROVAL (#5350, '');
#5352 = CALENDAR_DATE (2026, 18, 2);
#5353 = COORDINATED_UNIVERSAL_TIME_OFFSET (0, $, .AHEAD.);
#5354 = LOCAL_TIME (16, 15, 53., #5353);
#5355 = DATE_AND_TIME (#5352, #5354);
#5356 = APPROVAL_DATE_TIME (#5355, #5351);
#5357 = APPROVAL_ROLE ('');
#5358 = PERSON ('#5358', '', $, $, $, $);
#5359 = ORGANIZATION ($, '', '');
#5360 = PERSON_AND_ORGANIZATION (#5358, #5359);
#5361 = APPROVAL_PERSON_ORGANIZATION (#5360, #5351, #5357);
#5362 = CC_DESIGN_APPROVAL (#5351, (*));
#5363 = DATE_TIME_ROLE ('creation_date');
#5364 = CALENDAR_DATE (2026, 18, 2);
#5365 = COORDINATED_UNIVERSAL_TIME_OFFSET (0, $, .AHEAD.);
#5366 = LOCAL_TIME (16, 15, 53., #5365);
#5367 = DATE_AND_TIME (#5364, #5366);
#5368 = CC_DESIGN_DATE_AND_TIME_ASSIGNMENT (#5367, #5363, (*));
#5369 = PERSON_AND_ORGANIZATION_ROLE ('creator');
#5370 = PERSON ('#5370', '', $, $, $, $);
#5371 = ORGANIZATION ($, '', '');
#5372 = PERSON_AND_ORGANIZATION (#5370, #5371);
#5373 = CC_DESIGN_PERSON_AND_ORGANIZATION_ASSIGNMENT (#5372, #5369, (*));
#5374 = PRODUCT_DEFINITION ('', '', #5298, #5349);
#5375 = PRODUCT_DEFINITION_SHAPE ('', '', #5374);
#5376 = SHAPE_DEFINITION_REPRESENTATION (#5375, #5287);
#5377 = SHAPE_REPRESENTATION_RELATIONSHIP ('', '', #5287, #5378);
#5378 = ADVANCED_BREP_SHAPE_REPRESENTATION ('', (#5273), #5286);
#5379 = NEXT_ASSEMBLY_USAGE_OCCURRENCE ('#5379', '', '', #93, #5374, $);
#5380 = SECURITY_CLASSIFICATION_LEVEL ('unclassified');
#5381 = SECURITY_CLASSIFICATION ('', '', #5380);
#5382 = APPROVAL_STATUS ('approved');
#5383 = APPROVAL (#5382, '');
#5384 = CALENDAR_DATE (2026, 18, 2);
#5385 = COORDINATED_UNIVERSAL_TIME_OFFSET (0, $, .AHEAD.);
#5386 = LOCAL_TIME (16, 15, 53., #5385);
#5387 = DATE_AND_TIME (#5384, #5386);
#5388 = APPROVAL_DATE_TIME (#5387, #5383);
#5389 = APPROVAL_ROLE ('');
#5390 = PERSON ('#5390', '', $, $, $, $);
#5391 = ORGANIZATION ($, '', '');
#5392 = PERSON_AND_ORGANIZATION (#5390, #5391);
#5393 = APPROVAL_PERSON_ORGANIZATION (#5392, #5383, #5389);
#5394 = CC_DESIGN_APPROVAL (#5383, (#5381));
#5395 = DATE_TIME_ROLE ('classification_date');
#5396 = CALENDAR_DATE (2026, 18, 2);
#5397 = COORDINATED_UNIVERSAL_TIME_OFFSET (0, $, .AHEAD.);
#5398 = LOCAL_TIME (16, 15, 53., #5397);
#5399 = DATE_AND_TIME (#5396, #5398);
#5400 = CC_DESIGN_DATE_AND_TIME_ASSIGNMENT (#5399, #5395, (#5381));
#5401 = PERSON_AND_ORGANIZATION_ROLE ('classification_officer');
#5402 = PERSON ('#5402', '', $, $, $, $);
#5403 = ORGANIZATION ($, '', '');
#5404 = PERSON_AND_ORGANIZATION (#5402, #5403);
#5405 = CC_DESIGN_PERSON_AND_ORGANIZATION_ASSIGNMENT (#5404, #5401, (#5381));
#5406 = CC_DESIGN_SECURITY_CLASSIFICATION (#5381, (#5379));
#5407 = PRODUCT_DEFINITION_SHAPE ('', '', #5379);
#5408 = CARTESIAN_POINT ('', (0., 0., 0.));
#5409 = DIRECTION ('', (0., 0., 1.));
#5410 = DIRECTION ('', (1., 0., 0.));
#5411 = AXIS2_PLACEMENT_3D ('', #5408, #5409, #5410);
#5412 = CARTESIAN_POINT ('', (0., 0., 0.));
#5413 = DIRECTION ('', (0., 0., 1.));
#5414 = DIRECTION ('', (1., 0., 0.));
#5415 = AXIS2_PLACEMENT_3D ('', #5412, #5413, #5414);
#5416 = ITEM_DEFINED_TRANSFORMATION ('', '', #5411, #5415);
#5417 = (
   REPRESENTATION_RELATIONSHIP ('', '', #6, #5287)
   REPRESENTATION_RELATIONSHIP_WITH_TRANSFORMATION (#5416)
   SHAPE_REPRESENTATION_RELATIONSHIP ()
);
#5418 = CONTEXT_DEPENDENT_SHAPE_REPRESENTATION (#5417, #5407);
ENDSEC;
END-ISO-10303-21;
